Year,District,Taluka,Establishment,Number of Officers/Employees
2018,Ahilyanagar,Akole,Police Stations,641
2018,Ahilyanagar,Sangamner,Police Stations,163
2018,Ahilyanagar,Kopargaon,Police Stations,70
2018,Ahilyanagar,Rahata,Police Stations,147
2018,Ahilyanagar,Srirampur,Police Stations,112
2018,Ahilyanagar,Nevasa,Police Stations,129
2018,Ahilyanagar,Shevgaon,Police Stations,161
2018,Ahilyanagar,Pathardi,Police Stations,59
2018,Ahilyanagar,Nagar,Police Stations,385
2018,Ahilyanagar,Rahuri,Police Stations,84
2018,Ahilyanagar,Parner,Police Stations,45
2018,Ahilyanagar,Srigonda,Police Stations,107
2018,Ahilyanagar,Karjat,Police Stations,41
2018,Ahilyanagar,Jamkhed,Police Stations,51
2019,Ahilyanagar,Akole,Police Stations,121
2019,Ahilyanagar,Sangamner,Police Stations,163
2019,Ahilyanagar,Kopargaon,Police Stations,152
2019,Ahilyanagar,Rahata,Police Stations,147
2019,Ahilyanagar,Srirampur,Police Stations,112
2019,Ahilyanagar,Nevasa,Police Stations,129
2019,Ahilyanagar,Shevgaon,Police Stations,161
2019,Ahilyanagar,Pathardi,Police Stations,76
2019,Ahilyanagar,Nagar,Police Stations,385
2019,Ahilyanagar,Rahuri,Police Stations,84
2019,Ahilyanagar,Parner,Police Stations,45
2019,Ahilyanagar,Srigonda,Police Stations,107
2019,Ahilyanagar,Karjat,Police Stations,41
2019,Ahilyanagar,Jamkhed,Police Stations,51
2020,Ahilyanagar,Akole,Police Stations,58
2020,Ahilyanagar,Sangamner,Police Stations,173
2020,Ahilyanagar,Kopargaon,Police Stations,65
2020,Ahilyanagar,Rahata,Police Stations,136
2020,Ahilyanagar,Srirampur,Police Stations,95
2020,Ahilyanagar,Nevasa,Police Stations,123
2020,Ahilyanagar,Shevgaon,Police Stations,78
2020,Ahilyanagar,Pathardi,Police Stations,75
2020,Ahilyanagar,Nagar,Police Stations,404
2020,Ahilyanagar,Rahuri,Police Stations,79
2020,Ahilyanagar,Parner,Police Stations,87
2020,Ahilyanagar,Srigonda,Police Stations,114
2020,Ahilyanagar,Karjat,Police Stations,60
2020,Ahilyanagar,Jamkhed,Police Stations,62
2021,Ahilyanagar,Akole,Police Stations,96
2021,Ahilyanagar,Sangamner,Police Stations,146
2021,Ahilyanagar,Kopargaon,Police Stations,174
2021,Ahilyanagar,Rahata,Police Stations,37
2021,Ahilyanagar,Srirampur,Police Stations,126
2021,Ahilyanagar,Nevasa,Police Stations,108
2021,Ahilyanagar,Shevgaon,Police Stations,72
2021,Ahilyanagar,Pathardi,Police Stations,71
2021,Ahilyanagar,Nagar,Police Stations,291
2021,Ahilyanagar,Rahuri,Police Stations,81
2021,Ahilyanagar,Parner,Police Stations,226
2021,Ahilyanagar,Srigonda,Police Stations,116
2021,Ahilyanagar,Karjat,Police Stations,58
2021,Ahilyanagar,Jamkhed,Police Stations,64
2018,Akola,Telhara,Police Stations,86
2018,Akola,Akot,Police Stations,185
2018,Akola,Balapur,Police Stations,124
2018,Akola,Akola,Police Stations,655
2018,Akola,Murtijapur,Police Stations,270
2018,Akola,Patur,Police Stations,103
2018,Akola,Barshitakali,Police Stations,56
2019,Akola,Telhara,Police Stations,53
2019,Akola,Akot,Police Stations,222
2019,Akola,Balapur,Police Stations,134
2019,Akola,Akola,Police Stations,1281
2019,Akola,Murtijapur,Police Stations,226
2019,Akola,Patur,Police Stations,53
2019,Akola,Barshitakali,Police Stations,62
2020,Akola,Telhara,Police Stations,87
2020,Akola,Akot,Police Stations,140
2020,Akola,Balapur,Police Stations,119
2020,Akola,Akola,Police Stations,812
2020,Akola,Murtijapur,Police Stations,260
2020,Akola,Patur,Police Stations,109
2020,Akola,Barshitakali,Police Stations,106
2021,Akola,Telhara,Police Stations,91
2021,Akola,Akot,Police Stations,134
2021,Akola,Balapur,Police Stations,122
2021,Akola,Akola,Police Stations,740
2021,Akola,Murtijapur,Police Stations,148
2021,Akola,Patur,Police Stations,102
2021,Akola,Barshitakali,Police Stations,102
2018,Amravati,Dharani,Police Stations,63
2018,Amravati,Chikhraldara,Police Stations,58
2018,Amravati,Anjangaon Su,Police Stations,98
2018,Amravati,Achalpur,Police Stations,231
2018,Amravati,Chandurbazar,Police Stations,192
2018,Amravati,Morshi,Police Stations,124
2018,Amravati,Warud,Police Stations,162
2018,Amravati,Tivas,Police Stations,60
2018,Amravati,Amravati,Police Stations,1949
2018,Amravati,Bhatkuli,Police Stations,93
2018,Amravati,Daryapur,Police Stations,142
2018,Amravati,Nandgaon Kh,Police Stations,174
2018,Amravati,Chandur Railway,Police Stations,99
2018,Amravati,Dhamangaon Re,Police Stations,94
2019,Amravati,Dharani,Police Stations,61
2019,Amravati,Chikhraldara,Police Stations,62
2019,Amravati,Anjangaon Su,Police Stations,133
2019,Amravati,Achalpur,Police Stations,261
2019,Amravati,Chandurbazar,Police Stations,232
2019,Amravati,Morshi,Police Stations,133
2019,Amravati,Warud,Police Stations,177
2019,Amravati,Tivas,Police Stations,96
2019,Amravati,Amravati,Police Stations,1221
2019,Amravati,Bhatkuli,Police Stations,77
2019,Amravati,Daryapur,Police Stations,150
2019,Amravati,Nandgaon Kh,Police Stations,171
2019,Amravati,Chandur Railway,Police Stations,96
2019,Amravati,Dhamangaon Re,Police Stations,85
2020,Amravati,Dharani,Police Stations,61
2020,Amravati,Chikhraldara,Police Stations,62
2020,Amravati,Anjangaon Su,Police Stations,133
2020,Amravati,Achalpur,Police Stations,261
2020,Amravati,Chandurbazar,Police Stations,232
2020,Amravati,Morshi,Police Stations,133
2020,Amravati,Warud,Police Stations,177
2020,Amravati,Tivas,Police Stations,96
2020,Amravati,Amravati,Police Stations,2271
2020,Amravati,Bhatkuli,Police Stations,74
2020,Amravati,Daryapur,Police Stations,150
2020,Amravati,Nandgaon Kh,Police Stations,124
2020,Amravati,Chandur Railway,Police Stations,59
2020,Amravati,Dhamangaon Re,Police Stations,122
2021,Amravati,Dharani,Police Stations,61
2021,Amravati,Chikhraldara,Police Stations,62
2021,Amravati,Anjangaon Su,Police Stations,133
2021,Amravati,Achalpur,Police Stations,261
2021,Amravati,Chandurbazar,Police Stations,232
2021,Amravati,Morshi,Police Stations,133
2021,Amravati,Warud,Police Stations,177
2021,Amravati,Tivas,Police Stations,96
2021,Amravati,Amravati,Police Stations,2019
2021,Amravati,Bhatkuli,Police Stations,86
2021,Amravati,Daryapur,Police Stations,150
2021,Amravati,Nandgaon Kh,Police Stations,124
2021,Amravati,Chandur Railway,Police Stations,59
2021,Amravati,Dhamangaon Re,Police Stations,122
2018,Beed,Ashti,Police Stations,92
2018,Beed,Patoda,Police Stations,61
2018,Beed,Shirur Kasar,Police Stations,35
2018,Beed,Gevrai,Police Stations,156
2018,Beed,Majalgaon,Police Stations,127
2018,Beed,Wadwani,Police Stations,37
2018,Beed,Beed,Police Stations,1276
2018,Beed,Cage,Police Stations,102
2018,Beed,Dharur,Police Stations,46
2018,Beed,Parli,Police Stations,194
2018,Beed,Ambajogai,Police Stations,168
2019,Beed,Ashti,Police Stations,83
2019,Beed,Patoda,Police Stations,83
2019,Beed,Shirur Kasar,Police Stations,36
2019,Beed,Gevrai,Police Stations,134
2019,Beed,Majalgaon,Police Stations,122
2019,Beed,Wadwani,Police Stations,36
2019,Beed,Beed,Police Stations,1274
2019,Beed,Cage,Police Stations,89
2019,Beed,Dharur,Police Stations,40
2019,Beed,Parli,Police Stations,192
2019,Beed,Ambajogai,Police Stations,162
2020,Beed,Ashti,Police Stations,116
2020,Beed,Patoda,Police Stations,52
2020,Beed,Shirur Kasar,Police Stations,36
2020,Beed,Gevrai,Police Stations,149
2020,Beed,Majalgaon,Police Stations,117
2020,Beed,Wadwani,Police Stations,40
2020,Beed,Beed,Police Stations,1381
2020,Beed,Cage,Police Stations,101
2020,Beed,Dharur,Police Stations,42
2020,Beed,Parli,Police Stations,187
2020,Beed,Ambajogai,Police Stations,176
2021,Beed,Ashti,Police Stations,137
2021,Beed,Patoda,Police Stations,41
2021,Beed,Shirur Kasar,Police Stations,47
2021,Beed,Gevrai,Police Stations,172
2021,Beed,Majalgaon,Police Stations,136
2021,Beed,Wadwani,Police Stations,41
2021,Beed,Beed,Police Stations,1072
2021,Beed,Cage,Police Stations,148
2021,Beed,Dharur,Police Stations,38
2021,Beed,Parli,Police Stations,193
2021,Beed,Ambajogai,Police Stations,161
2018,Bhandara,Tumsar,Police Stations,165
2018,Bhandara,Mohadi,Police Stations,127
2018,Bhandara,Bhandara,Police Stations,202
2018,Bhandara,Sakoli,Police Stations,100
2018,Bhandara,Lakhani,Police Stations,63
2018,Bhandara,Pavani,Police Stations,101
2018,Bhandara,Lakhandur,Police Stations,42
2019,Bhandara,Tumsar,Police Stations,123
2019,Bhandara,Mohadi,Police Stations,98
2019,Bhandara,Bhandara,Police Stations,248
2019,Bhandara,Sakoli,Police Stations,73
2019,Bhandara,Lakhani,Police Stations,80
2019,Bhandara,Pavani,Police Stations,76
2019,Bhandara,Lakhandur,Police Stations,69
2020,Bhandara,Tumsar,Police Stations,133
2020,Bhandara,Mohadi,Police Stations,149
2020,Bhandara,Bhandara,Police Stations,210
2020,Bhandara,Sakoli,Police Stations,81
2020,Bhandara,Lakhani,Police Stations,81
2020,Bhandara,Pavani,Police Stations,83
2020,Bhandara,Lakhandur,Police Stations,79
2021,Bhandara,Tumsar,Police Stations,144
2021,Bhandara,Mohadi,Police Stations,142
2021,Bhandara,Bhandara,Police Stations,199
2021,Bhandara,Sakoli,Police Stations,84
2021,Bhandara,Lakhani,Police Stations,73
2021,Bhandara,Pavani,Police Stations,90
2021,Bhandara,Lakhandur,Police Stations,74
2018,Buldhana,Jalgaon Jamod,Police Stations,70
2018,Buldhana,Sangrampur,Police Stations,95
2018,Buldhana,Shegaon,Police Stations,173
2018,Buldhana,Nandura,Police Stations,80
2018,Buldhana,Malkapur,Police Stations,149
2018,Buldhana,Motala,Police Stations,75
2018,Buldhana,Khamgaon,Police Stations,304
2018,Buldhana,Mehkar,Police Stations,183
2018,Buldhana,Chikhali,Police Stations,177
2018,Buldhana,Buldhana,Police Stations,200
2018,Buldhana,Deulgaon Raja,Police Stations,106
2018,Buldhana,Sindkhed Raja,Police Stations,82
2018,Buldhana,Lonar,Police Stations,81
2019,Buldhana,Jalgaon Jamod,Police Stations,73
2019,Buldhana,Sangrampur,Police Stations,134
2019,Buldhana,Shegaon,Police Stations,181
2019,Buldhana,Nandura,Police Stations,98
2019,Buldhana,Malkapur,Police Stations,200
2019,Buldhana,Motala,Police Stations,74
2019,Buldhana,Khamgaon,Police Stations,361
2019,Buldhana,Mehkar,Police Stations,146
2019,Buldhana,Chikhali,Police Stations,140
2019,Buldhana,Buldhana,Police Stations,233
2019,Buldhana,Deulgaon Raja,Police Stations,98
2019,Buldhana,Sindkhed Raja,Police Stations,60
2019,Buldhana,Lonar,Police Stations,111
2020,Buldhana,Jalgaon Jamod,Police Stations,65
2020,Buldhana,Sangrampur,Police Stations,72
2020,Buldhana,Shegaon,Police Stations,137
2020,Buldhana,Nandura,Police Stations,103
2020,Buldhana,Malkapur,Police Stations,205
2020,Buldhana,Motala,Police Stations,74
2020,Buldhana,Khamgaon,Police Stations,361
2020,Buldhana,Mehkar,Police Stations,146
2020,Buldhana,Chikhali,Police Stations,140
2020,Buldhana,Buldhana,Police Stations,233
2020,Buldhana,Deulgaon Raja,Police Stations,98
2020,Buldhana,Sindkhed Raja,Police Stations,60
2020,Buldhana,Lonar,Police Stations,111
2021,Buldhana,Jalgaon Jamod,Police Stations,68
2021,Buldhana,Sangrampur,Police Stations,72
2021,Buldhana,Shegaon,Police Stations,173
2021,Buldhana,Nandura,Police Stations,77
2021,Buldhana,Malkapur,Police Stations,153
2021,Buldhana,Motala,Police Stations,26
2021,Buldhana,Khamgaon,Police Stations,244
2021,Buldhana,Mehkar,Police Stations,180
2021,Buldhana,Chikhali,Police Stations,174
2021,Buldhana,Buldhana,Police Stations,256
2021,Buldhana,Deulgaon Raja,Police Stations,147
2021,Buldhana,Sindkhed Raja,Police Stations,46
2021,Buldhana,Lonar,Police Stations,84
2018,Chandrapur,Varora,Police Stations,111
2018,Chandrapur,Chimur,Police Stations,78
2018,Chandrapur,Nagbhid,Police Stations,125
2018,Chandrapur,Bramhapuri,Police Stations,58
2018,Chandrapur,Savali,Police Stations,92
2018,Chandrapur,Sindevahi,Police Stations,33
2018,Chandrapur,Bhadravati,Police Stations,95
2018,Chandrapur,Chandrapur,Police Stations,1436
2018,Chandrapur,Mul,Police Stations,99
2018,Chandrapur,Ponbhurna,Police Stations,38
2018,Chandrapur,Ballarpur,Police Stations,180
2018,Chandrapur,Korpana,Police Stations,345
2018,Chandrapur,Rajura,Police Stations,264
2018,Chandrapur,Gondpipari,Police Stations,169
2018,Chandrapur,Jivati,Police Stations,17
2019,Chandrapur,Varora,Police Stations,147
2019,Chandrapur,Chimur,Police Stations,110
2019,Chandrapur,Nagbhid,Police Stations,112
2019,Chandrapur,Bramhapuri,Police Stations,84
2019,Chandrapur,Savali,Police Stations,73
2019,Chandrapur,Sindevahi,Police Stations,46
2019,Chandrapur,Bhadravati,Police Stations,118
2019,Chandrapur,Chandrapur,Police Stations,1501
2019,Chandrapur,Mul,Police Stations,76
2019,Chandrapur,Ponbhurna,Police Stations,38
2019,Chandrapur,Ballarpur,Police Stations,138
2019,Chandrapur,Korpana,Police Stations,100
2019,Chandrapur,Rajura,Police Stations,153
2019,Chandrapur,Gondpipari,Police Stations,92
2019,Chandrapur,Jivati,Police Stations,167
2020,Chandrapur,Varora,Police Stations,150
2020,Chandrapur,Chimur,Police Stations,106
2020,Chandrapur,Nagbhid,Police Stations,104
2020,Chandrapur,Bramhapuri,Police Stations,80
2020,Chandrapur,Savali,Police Stations,40
2020,Chandrapur,Sindevahi,Police Stations,74
2020,Chandrapur,Bhadravati,Police Stations,110
2020,Chandrapur,Chandrapur,Police Stations,1231
2020,Chandrapur,Mul,Police Stations,77
2020,Chandrapur,Ponbhurna,Police Stations,33
2020,Chandrapur,Ballarpur,Police Stations,130
2020,Chandrapur,Korpana,Police Stations,100
2020,Chandrapur,Rajura,Police Stations,135
2020,Chandrapur,Gondpipari,Police Stations,101
2020,Chandrapur,Jivati,Police Stations,140
2021,Chandrapur,Varora,Police Stations,150
2021,Chandrapur,Chimur,Police Stations,106
2021,Chandrapur,Nagbhid,Police Stations,104
2021,Chandrapur,Bramhapuri,Police Stations,80
2021,Chandrapur,Savali,Police Stations,40
2021,Chandrapur,Sindevahi,Police Stations,74
2021,Chandrapur,Bhadravati,Police Stations,110
2021,Chandrapur,Chandrapur,Police Stations,1231
2021,Chandrapur,Mul,Police Stations,77
2021,Chandrapur,Ponbhurna,Police Stations,33
2021,Chandrapur,Ballarpur,Police Stations,130
2021,Chandrapur,Korpana,Police Stations,100
2021,Chandrapur,Rajura,Police Stations,135
2021,Chandrapur,Gondpipari,Police Stations,101
2021,Chandrapur,Jivati,Police Stations,140
2018,Dhule,Shirpur,Police Stations,209
2018,Dhule,Shindkheda,Police Stations,176
2018,Dhule,Sakri,Police Stations,170
2018,Dhule,Dhule,Police Stations,1275
2019,Dhule,Shirpur,Police Stations,208
2019,Dhule,Shindkheda,Police Stations,182
2019,Dhule,Sakri,Police Stations,165
2019,Dhule,Dhule,Police Stations,548
2020,Dhule,Shirpur,Police Stations,208
2020,Dhule,Shindkheda,Police Stations,182
2020,Dhule,Sakri,Police Stations,165
2020,Dhule,Dhule,Police Stations,548
2021,Dhule,Shirpur,Police Stations,183
2021,Dhule,Shindkheda,Police Stations,145
2021,Dhule,Sakri,Police Stations,153
2021,Dhule,Dhule,Police Stations,523
2018,Gadchiroli,Desaiganj,Police Stations,49
2018,Gadchiroli,Aarmori,Police Stations,51
2018,Gadchiroli,Kurkheda,Police Stations,94
2018,Gadchiroli,Korachi,Police Stations,59
2018,Gadchiroli,Dhanora,Police Stations,29
2018,Gadchiroli,Gadchiroli,Police Stations,68
2018,Gadchiroli,Chomoshi,Police Stations,99
2018,Gadchiroli,Mulchera,Police Stations,47
2018,Gadchiroli,Etapalli,Police Stations,85
2018,Gadchiroli,Bhamragad,Police Stations,42
2018,Gadchiroli,Aheri,Police Stations,45
2018,Gadchiroli,Sironcha,Police Stations,81
2019,Gadchiroli,Desaiganj,Police Stations,52
2019,Gadchiroli,Aarmori,Police Stations,54
2019,Gadchiroli,Kurkheda,Police Stations,105
2019,Gadchiroli,Korachi,Police Stations,67
2019,Gadchiroli,Dhanora,Police Stations,36
2019,Gadchiroli,Gadchiroli,Police Stations,91
2019,Gadchiroli,Chomoshi,Police Stations,103
2019,Gadchiroli,Mulchera,Police Stations,53
2019,Gadchiroli,Etapalli,Police Stations,101
2019,Gadchiroli,Bhamragad,Police Stations,46
2019,Gadchiroli,Aheri,Police Stations,57
2019,Gadchiroli,Sironcha,Police Stations,96
2020,Gadchiroli,Desaiganj,Police Stations,55
2020,Gadchiroli,Aarmori,Police Stations,55
2020,Gadchiroli,Kurkheda,Police Stations,107
2020,Gadchiroli,Korachi,Police Stations,61
2020,Gadchiroli,Dhanora,Police Stations,35
2020,Gadchiroli,Gadchiroli,Police Stations,86
2020,Gadchiroli,Chomoshi,Police Stations,110
2020,Gadchiroli,Mulchera,Police Stations,55
2020,Gadchiroli,Etapalli,Police Stations,106
2020,Gadchiroli,Bhamragad,Police Stations,44
2020,Gadchiroli,Aheri,Police Stations,60
2020,Gadchiroli,Sironcha,Police Stations,87
2021,Gadchiroli,Desaiganj,Police Stations,55
2021,Gadchiroli,Aarmori,Police Stations,54
2021,Gadchiroli,Kurkheda,Police Stations,114
2021,Gadchiroli,Korachi,Police Stations,63
2021,Gadchiroli,Dhanora,Police Stations,96
2021,Gadchiroli,Gadchiroli,Police Stations,90
2021,Gadchiroli,Chomoshi,Police Stations,51
2021,Gadchiroli,Mulchera,Police Stations,54
2021,Gadchiroli,Etapalli,Police Stations,61
2021,Gadchiroli,Bhamragad,Police Stations,45
2021,Gadchiroli,Aheri,Police Stations,104
2021,Gadchiroli,Sironcha,Police Stations,89
2018,Gondia,Tiroda,Police Stations,137
2018,Gondia,Goregaon,Police Stations,51
2018,Gondia,Gondia,Police Stations,351
2018,Gondia,Aamgaon,Police Stations,63
2018,Gondia,Salekasa,Police Stations,68
2018,Gondia,Sadak Arjuni,Police Stations,67
2018,Gondia,Arjuni Morgaon,Police Stations,117
2018,Gondia,Devari,Police Stations,90
2019,Gondia,Tiroda,Police Stations,139
2019,Gondia,Goregaon,Police Stations,55
2019,Gondia,Gondia,Police Stations,344
2019,Gondia,Aamgaon,Police Stations,63
2019,Gondia,Salekasa,Police Stations,78
2019,Gondia,Sa/Arguni,Police Stations,62
2019,Gondia,Arguni/Mor,Police Stations,134
2019,Gondia,Devari,Police Stations,151
2020,Gondia,Tiroda,Police Stations,124
2020,Gondia,Goregaon,Police Stations,59
2020,Gondia,Gondia,Police Stations,389
2020,Gondia,Aamgaon,Police Stations,65
2020,Gondia,Salekasa,Police Stations,66
2020,Gondia,Sa/Arguni,Police Stations,54
2020,Gondia,Arguni/Mor,Police Stations,122
2020,Gondia,Devari,Police Stations,113
2021,Gondia,Tiroda,Police Stations,117
2021,Gondia,Goregaon,Police Stations,57
2021,Gondia,Gondia,Police Stations,354
2021,Gondia,Aamgaon,Police Stations,50
2021,Gondia,Salekasa,Police Stations,67
2021,Gondia,Sa/Arguni,Police Stations,58
2021,Gondia,Arguni/Mor,Police Stations,151
2021,Gondia,Devari,Police Stations,131
2018,Hingoli,Sengaon,Police Stations,89
2018,Hingoli,Hingoli,Police Stations,658
2018,Hingoli,Aundha Na,Police Stations,53
2018,Hingoli,Kalamanuri,Police Stations,120
2018,Hingoli,Vasamat,Police Stations,177
2019,Hingoli,Sengaon,Police Stations,97
2019,Hingoli,Hingoli,Police Stations,665
2019,Hingoli,Aundha Na,Police Stations,54
2019,Hingoli,Kalamanuri,Police Stations,126
2019,Hingoli,Vasamat,Police Stations,193
2020,Hingoli,Sengaon,Police Stations,97
2020,Hingoli,Hingoli,Police Stations,665
2020,Hingoli,Aundha Na,Police Stations,54
2020,Hingoli,Kalamanuri,Police Stations,126
2020,Hingoli,Vasamat,Police Stations,193
2021,Hingoli,Sengaon,Police Stations,112
2021,Hingoli,Hingoli,Police Stations,672
2021,Hingoli,Aundha Na,Police Stations,59
2021,Hingoli,Kalamanuri,Police Stations,129
2021,Hingoli,Vasamat,Police Stations,220
2018,Jalna,Bhokardan,Police Stations,
2018,Jalna,Jaffrabad,Police Stations,
2018,Jalna,Jalna,Police Stations,
2018,Jalna,Badnapur,Police Stations,
2018,Jalna,Ambad,Police Stations,
2018,Jalna,Ghansawangi,Police Stations,
2018,Jalna,Partur,Police Stations,
2018,Jalna,Mantha,Police Stations,
2019,Jalna,Bhokardan,Police Stations,91
2019,Jalna,Jaffrabad,Police Stations,73
2019,Jalna,Jalna,Police Stations,1245
2019,Jalna,Badnapur,Police Stations,49
2019,Jalna,Ambad,Police Stations,91
2019,Jalna,Ghansawangi,Police Stations,55
2019,Jalna,Partur,Police Stations,86
2019,Jalna,Mantha,Police Stations,32
2020,Jalna,Bhokardan,Police Stations,85
2020,Jalna,Jaffrabad,Police Stations,73
2020,Jalna,Jalna,Police Stations,1100
2020,Jalna,Badnapur,Police Stations,43
2020,Jalna,Ambad,Police Stations,90
2020,Jalna,Ghansawangi,Police Stations,42
2020,Jalna,Partur,Police Stations,65
2020,Jalna,Mantha,Police Stations,36
2021,Jalna,Bhokardan,Police Stations,85
2021,Jalna,Jaffrabad,Police Stations,73
2021,Jalna,Jalna,Police Stations,1111
2021,Jalna,Badnapur,Police Stations,44
2021,Jalna,Ambad,Police Stations,88
2021,Jalna,Ghansawangi,Police Stations,43
2021,Jalna,Partur,Police Stations,67
2021,Jalna,Mantha,Police Stations,37
2018,Kolhapur,Shahuwadi,Police Stations,32
2018,Kolhapur,Panhala,Police Stations,89
2018,Kolhapur,Hatkanangale,Police Stations,329
2018,Kolhapur,Shirol,Police Stations,156
2018,Kolhapur,Karveer,Police Stations,1795
2018,Kolhapur,Gaganbavada,Police Stations,32
2018,Kolhapur,Radhanagari,Police Stations,33
2018,Kolhapur,Kagal,Police Stations,77
2018,Kolhapur,Bhudargad,Police Stations,33
2018,Kolhapur,Ajara,Police Stations,33
2018,Kolhapur,Gadhinglaj,Police Stations,89
2018,Kolhapur,Chandgad,Police Stations,52
2019,Kolhapur,Shahuwadi,Police Stations,40
2019,Kolhapur,Panhala,Police Stations,118
2019,Kolhapur,Hatkanangale,Police Stations,362
2019,Kolhapur,Shirol,Police Stations,134
2019,Kolhapur,Karveer,Police Stations,1887
2019,Kolhapur,Gaganbavada,Police Stations,29
2019,Kolhapur,Radhanagari,Police Stations,37
2019,Kolhapur,Kagal,Police Stations,86
2019,Kolhapur,Bhudargad,Police Stations,37
2019,Kolhapur,Ajara,Police Stations,37
2019,Kolhapur,Gadhinglaj,Police Stations,93
2019,Kolhapur,Chandgad,Police Stations,52
2020,Kolhapur,Shahuwadi,Police Stations,59
2020,Kolhapur,Panhala,Police Stations,116
2020,Kolhapur,Hatkanangale,Police Stations,342
2020,Kolhapur,Shirol,Police Stations,145
2020,Kolhapur,Karveer,Police Stations,1889
2020,Kolhapur,Gaganbavada,Police Stations,35
2020,Kolhapur,Radhanagari,Police Stations,38
2020,Kolhapur,Kagal,Police Stations,86
2020,Kolhapur,Bhudargad,Police Stations,49
2020,Kolhapur,Ajara,Police Stations,34
2020,Kolhapur,Gadhinglaj,Police Stations,90
2020,Kolhapur,Chandgad,Police Stations,40
2021,Kolhapur,Shahuwadi,Police Stations,66
2021,Kolhapur,Panhala,Police Stations,115
2021,Kolhapur,Hatkanangale,Police Stations,361
2021,Kolhapur,Shirol,Police Stations,145
2021,Kolhapur,Karveer,Police Stations,1946
2021,Kolhapur,Gaganbavada,Police Stations,31
2021,Kolhapur,Radhanagari,Police Stations,42
2021,Kolhapur,Kagal,Police Stations,85
2021,Kolhapur,Bhudargad,Police Stations,41
2021,Kolhapur,Ajara,Police Stations,35
2021,Kolhapur,Gadhinglaj,Police Stations,84
2021,Kolhapur,Chandgad,Police Stations,37
2018,Latur,Latur,Police Stations,1199
2018,Latur,Renapur,Police Stations,40
2018,Latur,Ahamadpur,Police Stations,124
2018,Latur,Jalkot,Police Stations,55
2018,Latur,Chakur,Police Stations,38
2018,Latur,Shirur-Anantpal,Police Stations,62
2018,Latur,Aosa,Police Stations,128
2018,Latur,Nilanga,Police Stations,145
2018,Latur,Devani,Police Stations,41
2018,Latur,Udgir,Police Stations,200
2019,Latur,Latur,Police Stations,1253
2019,Latur,Renapur,Police Stations,48
2019,Latur,Ahamadpur,Police Stations,73
2019,Latur,Jalkot,Police Stations,28
2019,Latur,Chakur,Police Stations,66
2019,Latur,Shirur-Anantpal,Police Stations,42
2019,Latur,Aosa,Police Stations,141
2019,Latur,Nilanga,Police Stations,130
2019,Latur,Devani,Police Stations,43
2019,Latur,Udgir,Police Stations,140
2020,Latur,Latur,Police Stations,1213
2020,Latur,Renapur,Police Stations,44
2020,Latur,Ahamadpur,Police Stations,89
2020,Latur,Jalkot,Police Stations,30
2020,Latur,Chakur,Police Stations,64
2020,Latur,Shirur-Anantpal,Police Stations,37
2020,Latur,Aosa,Police Stations,128
2020,Latur,Nilanga,Police Stations,118
2020,Latur,Devani,Police Stations,37
2020,Latur,Udgir,Police Stations,162
2021,Latur,Latur,Police Stations,1169
2021,Latur,Renapur,Police Stations,44
2021,Latur,Ahamadpur,Police Stations,128
2021,Latur,Jalkot,Police Stations,53
2021,Latur,Chakur,Police Stations,32
2021,Latur,Shirur-Anantpal,Police Stations,58
2021,Latur,Aosa,Police Stations,128
2021,Latur,Nilanga,Police Stations,141
2021,Latur,Devani,Police Stations,39
2021,Latur,Udgir,Police Stations,254
2018,Mumbai City,Mumbai City,Police Stations,40337
2019,Mumbai City,Mumbai City,Police Stations,41382
2020,Mumbai City,Mumbai City,Police Stations,40037
2021,Mumbai City,Mumbai City,Police Stations,37430
2018,Mumbai Suburban,Adheri,Police Stations,
2018,Mumbai Suburban,Borivali,Police Stations,
2018,Mumbai Suburban,Kurla,Police Stations,
2019,Mumbai Suburban,Adheri,Police Stations,
2019,Mumbai Suburban,Borivali,Police Stations,
2019,Mumbai Suburban,Kurla,Police Stations,
2020,Mumbai Suburban,Adheri,Police Stations,
2020,Mumbai Suburban,Borivali,Police Stations,
2020,Mumbai Suburban,Kurla,Police Stations,
2021,Mumbai Suburban,Adheri,Police Stations,
2021,Mumbai Suburban,Borivali,Police Stations,
2021,Mumbai Suburban,Kurla,Police Stations,
2018,Nagpur,Narkhed,Police Stations,106
2018,Nagpur,Katol,Police Stations,128
2018,Nagpur,Kalameshwar,Police Stations,83
2018,Nagpur,Sawner,Police Stations,228
2018,Nagpur,Parashivani,Police Stations,122
2018,Nagpur,Ramtech,Police Stations,126
2018,Nagpur,Mauda,Police Stations,95
2018,Nagpur,Kamathi,Police Stations,270
2018,Nagpur,Nagpur (Gra),Police Stations,62
2018,Nagpur,Nagpur (Sh),Police Stations,3640
2018,Nagpur,Hingana,Police Stations,109
2018,Nagpur,Umred,Police Stations,115
2018,Nagpur,Kuhi,Police Stations,82
2018,Nagpur,Bhiwapur,Police Stations,43
2019,Nagpur,Narkhed,Police Stations,104
2019,Nagpur,Katol,Police Stations,125
2019,Nagpur,Kalameshwar,Police Stations,86
2019,Nagpur,Sawner,Police Stations,226
2019,Nagpur,Parashivani,Police Stations,119
2019,Nagpur,Ramtech,Police Stations,124
2019,Nagpur,Mauda,Police Stations,93
2019,Nagpur,Kamathi,Police Stations,270
2019,Nagpur,Nagpur (Gra),Police Stations,61
2019,Nagpur,Nagpur (Sh),Police Stations,3973
2019,Nagpur,Hingana,Police Stations,109
2019,Nagpur,Umred,Police Stations,114
2019,Nagpur,Kuhi,Police Stations,77
2019,Nagpur,Bhiwapur,Police Stations,43
2020,Nagpur,Narkhed,Police Stations,134
2020,Nagpur,Katol,Police Stations,132
2020,Nagpur,Kalameshwar,Police Stations,77
2020,Nagpur,Sawner,Police Stations,229
2020,Nagpur,Parashivani,Police Stations,111
2020,Nagpur,Ramtech,Police Stations,142
2020,Nagpur,Mauda,Police Stations,98
2020,Nagpur,Kamathi,Police Stations,270
2020,Nagpur,Nagpur (Gra),Police Stations,51
2020,Nagpur,Nagpur (Sh),Police Stations,3973
2020,Nagpur,Hingana,Police Stations,139
2020,Nagpur,Umred,Police Stations,136
2020,Nagpur,Kuhi,Police Stations,88
2020,Nagpur,Bhiwapur,Police Stations,58
2021,Nagpur,Narkhed,Police Stations,106
2021,Nagpur,Katol,Police Stations,113
2021,Nagpur,Kalameshwar,Police Stations,71
2021,Nagpur,Sawner,Police Stations,228
2021,Nagpur,Parashivani,Police Stations,122
2021,Nagpur,Ramtech,Police Stations,121
2021,Nagpur,Mauda,Police Stations,91
2021,Nagpur,Kamathi,Police Stations,270
2021,Nagpur,Nagpur (Gra),Police Stations,47
2021,Nagpur,Nagpur (Sh),Police Stations,3973
2021,Nagpur,Hingana,Police Stations,103
2021,Nagpur,Umred,Police Stations,104
2021,Nagpur,Kuhi,Police Stations,75
2021,Nagpur,Bhiwapur,Police Stations,51
2018,Nanded,Mahur,Police Stations,71
2018,Nanded,Kinvat,Police Stations,152
2018,Nanded,Himalay Nagar,Police Stations,42
2018,Nanded,Hadgaon,Police Stations,127
2018,Nanded,Andhrapur,Police Stations,65
2018,Nanded,Nanded,Police Stations,2591
2018,Nanded,Mudkhed,Police Stations,84
2018,Nanded,Bhokar,Police Stations,84
2018,Nanded,Umari,Police Stations,46
2018,Nanded,Dharmabad,Police Stations,79
2018,Nanded,Biloli,Police Stations,105
2018,Nanded,Naygaon,Police Stations,76
2018,Nanded,Loha,Police Stations,135
2018,Nanded,Kandhar,Police Stations,125
2018,Nanded,Mukhed,Police Stations,113
2018,Nanded,Deglur,Police Stations,126
2019,Nanded,Mahur,Police Stations,71
2019,Nanded,Kinvat,Police Stations,167
2019,Nanded,Himalay Nagar,Police Stations,34
2019,Nanded,Hadgaon,Police Stations,104
2019,Nanded,Andhrapur,Police Stations,84
2019,Nanded,Nanded,Police Stations,2181
2019,Nanded,Mudkhed,Police Stations,94
2019,Nanded,Bhokar,Police Stations,71
2019,Nanded,Umari,Police Stations,41
2019,Nanded,Dharmabad,Police Stations,68
2019,Nanded,Biloli,Police Stations,104
2019,Nanded,Naygaon,Police Stations,73
2019,Nanded,Loha,Police Stations,129
2019,Nanded,Kandhar,Police Stations,108
2019,Nanded,Mukhed,Police Stations,87
2019,Nanded,Deglur,Police Stations,106
2020,Nanded,Mahur,Police Stations,70
2020,Nanded,Kinvat,Police Stations,171
2020,Nanded,Himalay Nagar,Police Stations,39
2020,Nanded,Hadgaon,Police Stations,111
2020,Nanded,Andhrapur,Police Stations,66
2020,Nanded,Nanded,Police Stations,2206
2020,Nanded,Mudkhed,Police Stations,83
2020,Nanded,Bhokar,Police Stations,71
2020,Nanded,Umari,Police Stations,50
2020,Nanded,Dharmabad,Police Stations,71
2020,Nanded,Biloli,Police Stations,105
2020,Nanded,Naygaon,Police Stations,69
2020,Nanded,Loha,Police Stations,119
2020,Nanded,Kandhar,Police Stations,119
2020,Nanded,Mukhed,Police Stations,98
2020,Nanded,Deglur,Police Stations,116
2021,Nanded,Mahur,Police Stations,66
2021,Nanded,Kinvat,Police Stations,134
2021,Nanded,Himalay Nagar,Police Stations,38
2021,Nanded,Hadgaon,Police Stations,108
2021,Nanded,Andhrapur,Police Stations,64
2021,Nanded,Nanded,Police Stations,2154
2021,Nanded,Mudkhed,Police Stations,80
2021,Nanded,Bhokar,Police Stations,71
2021,Nanded,Umari,Police Stations,50
2021,Nanded,Dharmabad,Police Stations,72
2021,Nanded,Biloli,Police Stations,102
2021,Nanded,Naygaon,Police Stations,68
2021,Nanded,Loha,Police Stations,116
2021,Nanded,Kandhar,Police Stations,115
2021,Nanded,Mukhed,Police Stations,100
2021,Nanded,Deglur,Police Stations,114
2018,Nandurbar,Akkalkuva,Police Stations,124
2018,Nandurbar,Akrani,Police Stations,43
2018,Nandurbar,Taloda,Police Stations,48
2018,Nandurbar,Shahada,Police Stations,161
2018,Nandurbar,Nandurbar,Police Stations,309
2018,Nandurbar,Navapur,Police Stations,100
2019,Nandurbar,Akkalkuva,Police Stations,122
2019,Nandurbar,Akrani,Police Stations,42
2019,Nandurbar,Taloda,Police Stations,61
2019,Nandurbar,Shahada,Police Stations,163
2019,Nandurbar,Nandurbar,Police Stations,281
2019,Nandurbar,Navapur,Police Stations,86
2020,Nandurbar,Akkalkuva,Police Stations,80
2020,Nandurbar,Akrani,Police Stations,50
2020,Nandurbar,Taloda,Police Stations,77
2020,Nandurbar,Shahada,Police Stations,156
2020,Nandurbar,Nandurbar,Police Stations,297
2020,Nandurbar,Navapur,Police Stations,111
2021,Nandurbar,Akkalkuva,Police Stations,
2021,Nandurbar,Akrani,Police Stations,
2021,Nandurbar,Taloda,Police Stations,
2021,Nandurbar,Shahada,Police Stations,
2021,Nandurbar,Nandurbar,Police Stations,
2021,Nandurbar,Navapur,Police Stations,
2018,Nashik,Surgana,Police Stations,56
2018,Nashik,Kalwan,Police Stations,68
2018,Nashik,Devala,Police Stations,45
2018,Nashik,Baglan,Police Stations,80
2018,Nashik,Malegaon,Police Stations,569
2018,Nashik,Nandgaon,Police Stations,175
2018,Nashik,Chandwad,Police Stations,67
2018,Nashik,Dindori,Police Stations,94
2018,Nashik,Peth,Police Stations,28
2018,Nashik,Trimbak,Police Stations,86
2018,Nashik,Nashik,Police Stations,1419
2018,Nashik,Igatpuri,Police Stations,118
2018,Nashik,Sinner,Police Stations,144
2018,Nashik,Nifad,Police Stations,294
2018,Nashik,Yewala,Police Stations,80
2019,Nashik,Surgana,Police Stations,56
2019,Nashik,Kalwan,Police Stations,68
2019,Nashik,Devala,Police Stations,45
2019,Nashik,Baglan,Police Stations,80
2019,Nashik,Malegaon,Police Stations,731
2019,Nashik,Nandgaon,Police Stations,114
2019,Nashik,Chandwad,Police Stations,67
2019,Nashik,Dindori,Police Stations,94
2019,Nashik,Peth,Police Stations,61
2019,Nashik,Trimbak,Police Stations,53
2019,Nashik,Nashik,Police Stations,4378
2019,Nashik,Igatpuri,Police Stations,118
2019,Nashik,Sinner,Police Stations,57
2019,Nashik,Nifad,Police Stations,223
2019,Nashik,Yewala,Police Stations,80
2020,Nashik,Surgana,Police Stations,57
2020,Nashik,Kalwan,Police Stations,70
2020,Nashik,Devala,Police Stations,37
2020,Nashik,Baglan,Police Stations,98
2020,Nashik,Malegaon,Police Stations,473
2020,Nashik,Nandgaon,Police Stations,115
2020,Nashik,Chandwad,Police Stations,70
2020,Nashik,Dindori,Police Stations,86
2020,Nashik,Peth,Police Stations,39
2020,Nashik,Trimbak,Police Stations,71
2020,Nashik,Nashik,Police Stations,4592
2020,Nashik,Igatpuri,Police Stations,112
2020,Nashik,Sinner,Police Stations,143
2020,Nashik,Nifad,Police Stations,216
2020,Nashik,Yewala,Police Stations,102
2021,Nashik,Surgana,Police Stations,48
2021,Nashik,Kalwan,Police Stations,76
2021,Nashik,Devala,Police Stations,33
2021,Nashik,Baglan,Police Stations,88
2021,Nashik,Malegaon,Police Stations,418
2021,Nashik,Nandgaon,Police Stations,113
2021,Nashik,Chandwad,Police Stations,77
2021,Nashik,Dindori,Police Stations,98
2021,Nashik,Peth,Police Stations,38
2021,Nashik,Trimbak,Police Stations,80
2021,Nashik,Nashik,Police Stations,4617
2021,Nashik,Igatpuri,Police Stations,123
2021,Nashik,Sinner,Police Stations,150
2021,Nashik,Nifad,Police Stations,220
2021,Nashik,Yewala,Police Stations,108
2018,Dharashiv,Paranda,Police Stations,68
2018,Dharashiv,Bhum,Police Stations,57
2018,Dharashiv,Washi,Police Stations,62
2018,Dharashiv,Kalamb,Police Stations,83
2018,Dharashiv,Dharashiv,Police Stations,1167
2018,Dharashiv,Tuljapur,Police Stations,117
2018,Dharashiv,Lohara,Police Stations,62
2018,Dharashiv,Umaraga,Police Stations,80
2019,Dharashiv,Paranda,Police Stations,72
2019,Dharashiv,Bhum,Police Stations,92
2019,Dharashiv,Washi,Police Stations,65
2019,Dharashiv,Kalamb,Police Stations,226
2019,Dharashiv,Dharashiv,Police Stations,863
2019,Dharashiv,Tuljapur,Police Stations,230
2019,Dharashiv,Lohara,Police Stations,65
2019,Dharashiv,Umaraga,Police Stations,144
2020,Dharashiv,Paranda,Police Stations,120
2020,Dharashiv,Bhum,Police Stations,220
2020,Dharashiv,Washi,Police Stations,60
2020,Dharashiv,Kalamb,Police Stations,158
2020,Dharashiv,Dharashiv,Police Stations,503
2020,Dharashiv,Tuljapur,Police Stations,380
2020,Dharashiv,Lohara,Police Stations,56
2020,Dharashiv,Umaraga,Police Stations,360
2021,Dharashiv,Paranda,Police Stations,94
2021,Dharashiv,Bhum,Police Stations,48
2021,Dharashiv,Washi,Police Stations,43
2021,Dharashiv,Kalamb,Police Stations,156
2021,Dharashiv,Dharashiv,Police Stations,1074
2021,Dharashiv,Tuljapur,Police Stations,198
2021,Dharashiv,Lohara,Police Stations,44
2021,Dharashiv,Umaraga,Police Stations,125
2018,Palghar,Talasari,Police Stations,77
2018,Palghar,Dahanu,Police Stations,225
2018,Palghar,Vikramgad,Police Stations,55
2018,Palghar,Javhar,Police Stations,56
2018,Palghar,Mokhada,Police Stations,36
2018,Palghar,Wada,Police Stations,68
2018,Palghar,Palghar,Police Stations,354
2018,Palghar,Vasai,Police Stations,979
2019,Palghar,Talasari,Police Stations,74
2019,Palghar,Dahanu,Police Stations,231
2019,Palghar,Vikramgad,Police Stations,54
2019,Palghar,Javhar,Police Stations,57
2019,Palghar,Mokhada,Police Stations,39
2019,Palghar,Wada,Police Stations,63
2019,Palghar,Palghar,Police Stations,348
2019,Palghar,Vasai,Police Stations,992
2020,Palghar,Talasari,Police Stations,78
2020,Palghar,Dahanu,Police Stations,251
2020,Palghar,Vikramgad,Police Stations,56
2020,Palghar,Javhar,Police Stations,56
2020,Palghar,Mokhada,Police Stations,38
2020,Palghar,Wada,Police Stations,70
2020,Palghar,Palghar,Police Stations,325
2020,Palghar,Vasai,Police Stations,681
2021,Palghar,Talasari,Police Stations,36
2021,Palghar,Dahanu,Police Stations,166
2021,Palghar,Vikramgad,Police Stations,37
2021,Palghar,Javhar,Police Stations,51
2021,Palghar,Mokhada,Police Stations,31
2021,Palghar,Wada,Police Stations,46
2021,Palghar,Palghar,Police Stations,266
2021,Palghar,Vasai,Police Stations,687
2018,Parbhani,Selu,Police Stations,63
2018,Parbhani,Jintur,Police Stations,203
2018,Parbhani,Parbhani,Police Stations,1079
2018,Parbhani,Manvat,Police Stations,60
2018,Parbhani,Pathari,Police Stations,64
2018,Parbhani,Sonpeth,Police Stations,43
2018,Parbhani,Gangakhed,Police Stations,230
2018,Parbhani,Palam,Police Stations,45
2018,Parbhani,Purna,Police Stations,138
2019,Parbhani,Selu,Police Stations,64
2019,Parbhani,Jintur,Police Stations,214
2019,Parbhani,Parbhani,Police Stations,960
2019,Parbhani,Manvat,Police Stations,59
2019,Parbhani,Pathari,Police Stations,58
2019,Parbhani,Sonpeth,Police Stations,41
2019,Parbhani,Gangakhed,Police Stations,133
2019,Parbhani,Palam,Police Stations,45
2019,Parbhani,Purna,Police Stations,115
2020,Parbhani,Selu,Police Stations,57
2020,Parbhani,Jintur,Police Stations,197
2020,Parbhani,Parbhani,Police Stations,1074
2020,Parbhani,Manvat,Police Stations,60
2020,Parbhani,Pathari,Police Stations,55
2020,Parbhani,Sonpeth,Police Stations,40
2020,Parbhani,Gangakhed,Police Stations,124
2020,Parbhani,Palam,Police Stations,40
2020,Parbhani,Purna,Police Stations,146
2021,Parbhani,Selu,Police Stations,55
2021,Parbhani,Jintur,Police Stations,160
2021,Parbhani,Parbhani,Police Stations,1094
2021,Parbhani,Manvat,Police Stations,52
2021,Parbhani,Pathari,Police Stations,63
2021,Parbhani,Sonpeth,Police Stations,30
2021,Parbhani,Gangakhed,Police Stations,91
2021,Parbhani,Palam,Police Stations,34
2021,Parbhani,Purna,Police Stations,105
2018,Pune,Junnar,Police Stations,7
2018,Pune,Aambegaon,Police Stations,3
2018,Pune,Shirur,Police Stations,11
2018,Pune,Khed,Police Stations,2
2018,Pune,Maval,Police Stations,10
2018,Pune,Mulashi,Police Stations,4
2018,Pune,Haveli,Police Stations,18
2018,Pune,Pune City,Police Stations,9291
2018,Pune,Daund,Police Stations,8
2018,Pune,Purandar,Police Stations,6
2018,Pune,Welhe,Police Stations,2
2018,Pune,Bhor,Police Stations,4
2018,Pune,Baramati,Police Stations,16
2018,Pune,Indapur,Police Stations,11
2019,Pune,Junnar,Police Stations,10
2019,Pune,Aambegaon,Police Stations,5
2019,Pune,Shirur,Police Stations,14
2019,Pune,Khed,Police Stations,4
2019,Pune,Maval,Police Stations,15
2019,Pune,Mulashi,Police Stations,5
2019,Pune,Haveli,Police Stations,289
2019,Pune,Pune City,Police Stations,337
2019,Pune,Daund,Police Stations,11
2019,Pune,Purandar,Police Stations,6
2019,Pune,Welhe,Police Stations,2
2019,Pune,Bhor,Police Stations,6
2019,Pune,Baramati,Police Stations,11
2019,Pune,Indapur,Police Stations,7
2020,Pune,Junnar,Police Stations,4
2020,Pune,Aambegaon,Police Stations,1
2020,Pune,Shirur,Police Stations,4
2020,Pune,Khed,Police Stations,1
2020,Pune,Maval,Police Stations,3
2020,Pune,Mulashi,Police Stations,3
2020,Pune,Haveli,Police Stations,6
2020,Pune,Pune City,Police Stations,337
2020,Pune,Daund,Police Stations,3
2020,Pune,Purandar,Police Stations,4
2020,Pune,Welhe,Police Stations,2
2020,Pune,Bhor,Police Stations,3
2020,Pune,Baramati,Police Stations,3
2020,Pune,Indapur,Police Stations,4
2021,Pune,Junnar,Police Stations,4
2021,Pune,Aambegaon,Police Stations,1
2021,Pune,Shirur,Police Stations,4
2021,Pune,Khed,Police Stations,1
2021,Pune,Maval,Police Stations,3
2021,Pune,Mulashi,Police Stations,3
2021,Pune,Haveli,Police Stations,280
2021,Pune,Pune City,Police Stations,380
2021,Pune,Daund,Police Stations,3
2021,Pune,Purandar,Police Stations,4
2021,Pune,Welhe,Police Stations,2
2021,Pune,Bhor,Police Stations,3
2021,Pune,Baramati,Police Stations,3
2021,Pune,Indapur,Police Stations,4
2018,Raigad,Uran,Police Stations,197
2018,Raigad,Panwel,Police Stations,807
2018,Raigad,Karjat,Police Stations,131
2018,Raigad,Khalapur,Police Stations,259
2018,Raigad,Pen,Police Stations,185
2018,Raigad,Alibag,Police Stations,1124
2018,Raigad,Murud,Police Stations,31
2018,Raigad,Roha,Police Stations,146
2018,Raigad,Sudhagad,Police Stations,53
2018,Raigad,Mangaon,Police Stations,101
2018,Raigad,Tala,Police Stations,37
2018,Raigad,Shreevardhan,Police Stations,61
2018,Raigad,Mhasala,Police Stations,35
2018,Raigad,Mahad,Police Stations,126
2018,Raigad,Poladpur,Police Stations,34
2019,Raigad,Uran,Police Stations,197
2019,Raigad,Panwel,Police Stations,807
2019,Raigad,Karjat,Police Stations,149
2019,Raigad,Khalapur,Police Stations,303
2019,Raigad,Pen,Police Stations,158
2019,Raigad,Alibag,Police Stations,1087
2019,Raigad,Murud,Police Stations,42
2019,Raigad,Roha,Police Stations,137
2019,Raigad,Sudhagad,Police Stations,48
2019,Raigad,Mangaon,Police Stations,106
2019,Raigad,Tala,Police Stations,37
2019,Raigad,Shreevardhan,Police Stations,53
2019,Raigad,Mhasala,Police Stations,42
2019,Raigad,Mahad,Police Stations,129
2019,Raigad,Poladpur,Police Stations,29
2020,Raigad,Uran,Police Stations,198
2020,Raigad,Panwel,Police Stations,776
2020,Raigad,Karjat,Police Stations,137
2020,Raigad,Khalapur,Police Stations,207
2020,Raigad,Pen,Police Stations,161
2020,Raigad,Alibag,Police Stations,946
2020,Raigad,Murud,Police Stations,29
2020,Raigad,Roha,Police Stations,131
2020,Raigad,Sudhagad,Police Stations,50
2020,Raigad,Mangaon,Police Stations,111
2020,Raigad,Tala,Police Stations,36
2020,Raigad,Shreevardhan,Police Stations,69
2020,Raigad,Mhasala,Police Stations,47
2020,Raigad,Mahad,Police Stations,128
2020,Raigad,Poladpur,Police Stations,36
2021,Raigad,Uran,Police Stations,192
2021,Raigad,Panwel,Police Stations,799
2021,Raigad,Karjat,Police Stations,122
2021,Raigad,Khalapur,Police Stations,175
2021,Raigad,Pen,Police Stations,108
2021,Raigad,Alibag,Police Stations,860
2021,Raigad,Murud,Police Stations,30
2021,Raigad,Roha,Police Stations,110
2021,Raigad,Sudhagad,Police Stations,41
2021,Raigad,Mangaon,Police Stations,71
2021,Raigad,Tala,Police Stations,27
2021,Raigad,Shreevardhan,Police Stations,69
2021,Raigad,Mhasala,Police Stations,36
2021,Raigad,Mahad,Police Stations,107
2021,Raigad,Poladpur,Police Stations,35
2018,Ratnagiri,Mandangad,Police Stations,70
2018,Ratnagiri,Dapoli,Police Stations,116
2018,Ratnagiri,Khed,Police Stations,41
2018,Ratnagiri,Chiplun,Police Stations,160
2018,Ratnagiri,Guhagar,Police Stations,34
2018,Ratnagiri,Ratnagiri,Police Stations,192
2018,Ratnagiri,Sangameshwar,Police Stations,102
2018,Ratnagiri,Lanja,Police Stations,29
2018,Ratnagiri,Rajapur,Police Stations,77
2019,Ratnagiri,Mandangad,Police Stations,56
2019,Ratnagiri,Dapoli,Police Stations,80
2019,Ratnagiri,Khed,Police Stations,77
2019,Ratnagiri,Chiplun,Police Stations,176
2019,Ratnagiri,Guhagar,Police Stations,42
2019,Ratnagiri,Ratnagiri,Police Stations,231
2019,Ratnagiri,Sangameshwar,Police Stations,88
2019,Ratnagiri,Lanja,Police Stations,38
2019,Ratnagiri,Rajapur,Police Stations,68
2020,Ratnagiri,Mandangad,Police Stations,
2020,Ratnagiri,Dapoli,Police Stations,
2020,Ratnagiri,Khed,Police Stations,
2020,Ratnagiri,Chiplun,Police Stations,
2020,Ratnagiri,Guhagar,Police Stations,
2020,Ratnagiri,Ratnagiri,Police Stations,
2020,Ratnagiri,Sangameshwar,Police Stations,
2020,Ratnagiri,Lanja,Police Stations,
2020,Ratnagiri,Rajapur,Police Stations,
2021,Ratnagiri,Mandangad,Police Stations,103
2021,Ratnagiri,Dapoli,Police Stations,160
2021,Ratnagiri,Khed,Police Stations,71
2021,Ratnagiri,Chiplun,Police Stations,149
2021,Ratnagiri,Guhagar,Police Stations,37
2021,Ratnagiri,Ratnagiri,Police Stations,197
2021,Ratnagiri,Sangameshwar,Police Stations,66
2021,Ratnagiri,Lanja,Police Stations,41
2021,Ratnagiri,Rajapur,Police Stations,63
2018,Sangli,Shirala,Police Stations,94
2018,Sangli,Valava,Police Stations,209
2018,Sangli,Palus,Police Stations,126
2018,Sangli,Kadegaon,Police Stations,74
2018,Sangli,Khanapur,Police Stations,86
2018,Sangli,Aatpadi,Police Stations,53
2018,Sangli,Tasgaon,Police Stations,96
2018,Sangli,Miraj,Police Stations,683
2018,Sangli,Ku. Mahakal,Police Stations,65
2018,Sangli,Jat,Police Stations,105
2019,Sangli,Shirala,Police Stations,88
2019,Sangli,Valava,Police Stations,185
2019,Sangli,Palus,Police Stations,131
2019,Sangli,Kadegaon,Police Stations,60
2019,Sangli,Khanapur,Police Stations,82
2019,Sangli,Aatpadi,Police Stations,41
2019,Sangli,Tasgaon,Police Stations,58
2019,Sangli,Miraj,Police Stations,511
2019,Sangli,Ku. Mahakal,Police Stations,57
2019,Sangli,Jat,Police Stations,106
2020,Sangli,Shirala,Police Stations,87
2020,Sangli,Valava,Police Stations,182
2020,Sangli,Palus,Police Stations,131
2020,Sangli,Kadegaon,Police Stations,59
2020,Sangli,Khanapur,Police Stations,85
2020,Sangli,Aatpadi,Police Stations,43
2020,Sangli,Tasgaon,Police Stations,59
2020,Sangli,Miraj,Police Stations,498
2020,Sangli,Ku. Mahakal,Police Stations,57
2020,Sangli,Jat,Police Stations,105
2021,Sangli,Shirala,Police Stations,67
2021,Sangli,Valava,Police Stations,177
2021,Sangli,Palus,Police Stations,125
2021,Sangli,Kadegaon,Police Stations,57
2021,Sangli,Khanapur,Police Stations,56
2021,Sangli,Aatpadi,Police Stations,42
2021,Sangli,Tasgaon,Police Stations,76
2021,Sangli,Miraj,Police Stations,509
2021,Sangli,Ku. Mahakal,Police Stations,58
2021,Sangli,Jat,Police Stations,82
2018,Satara,Mahableshwar,Police Stations,70
2018,Satara,Vai,Police Stations,109
2018,Satara,Khandala,Police Stations,118
2018,Satara,Faltan,Police Stations,103
2018,Satara,Man,Police Stations,90
2018,Satara,Khatav,Police Stations,126
2018,Satara,Koregaon,Police Stations,118
2018,Satara,Satara,Police Stations,1301
2018,Satara,Javali,Police Stations,26
2018,Satara,Patan,Police Stations,86
2018,Satara,Karad,Police Stations,311
2019,Satara,Mahableshwar,Police Stations,63
2019,Satara,Vai,Police Stations,103
2019,Satara,Khandala,Police Stations,115
2019,Satara,Faltan,Police Stations,99
2019,Satara,Man,Police Stations,81
2019,Satara,Khatav,Police Stations,121
2019,Satara,Koregaon,Police Stations,113
2019,Satara,Satara,Police Stations,1234
2019,Satara,Javali,Police Stations,22
2019,Satara,Patan,Police Stations,80
2019,Satara,Karad,Police Stations,296
2020,Satara,Mahableshwar,Police Stations,83
2020,Satara,Vai,Police Stations,112
2020,Satara,Khandala,Police Stations,137
2020,Satara,Faltan,Police Stations,131
2020,Satara,Man,Police Stations,100
2020,Satara,Khatav,Police Stations,142
2020,Satara,Koregaon,Police Stations,111
2020,Satara,Satara,Police Stations,1246
2020,Satara,Javali,Police Stations,37
2020,Satara,Patan,Police Stations,92
2020,Satara,Karad,Police Stations,350
2021,Satara,Mahableshwar,Police Stations,84
2021,Satara,Vai,Police Stations,111
2021,Satara,Khandala,Police Stations,134
2021,Satara,Faltan,Police Stations,135
2021,Satara,Man,Police Stations,102
2021,Satara,Khatav,Police Stations,140
2021,Satara,Koregaon,Police Stations,130
2021,Satara,Satara,Police Stations,4
2021,Satara,Javali,Police Stations,43
2021,Satara,Patan,Police Stations,115
2021,Satara,Karad,Police Stations,369
2018,Sindhudurg,Devgad,Police Stations,79
2018,Sindhudurg,Vaibhavwadi,Police Stations,39
2018,Sindhudurg,Kankavali,Police Stations,68
2018,Sindhudurg,Malvan,Police Stations,77
2018,Sindhudurg,Vengurla,Police Stations,107
2018,Sindhudurg,Kudal,Police Stations,75
2018,Sindhudurg,Sawantwadi,Police Stations,120
2018,Sindhudurg,Dodamarg,Police Stations,42
2019,Sindhudurg,Devgad,Police Stations,66
2019,Sindhudurg,Vaibhavwadi,Police Stations,33
2019,Sindhudurg,Kankawali,Police Stations,67
2019,Sindhudurg,Malwan,Police Stations,74
2019,Sindhudurg,Vengurli,Police Stations,105
2019,Sindhudurg,Kulad,Police Stations,79
2019,Sindhudurg,Savantwadi,Police Stations,106
2019,Sindhudurg,Dodamarg,Police Stations,34
2020,Sindhudurg,Devgad,Police Stations,70
2020,Sindhudurg,Vaibhavwadi,Police Stations,33
2020,Sindhudurg,Kankawali,Police Stations,72
2020,Sindhudurg,Malwan,Police Stations,76
2020,Sindhudurg,Vengurli,Police Stations,80
2020,Sindhudurg,Kulad,Police Stations,103
2020,Sindhudurg,Savantwadi,Police Stations,114
2020,Sindhudurg,Dodamarg,Police Stations,39
2021,Sindhudurg,Devgad,Police Stations,53
2021,Sindhudurg,Vaibhavwadi,Police Stations,45
2021,Sindhudurg,Kankawali,Police Stations,62
2021,Sindhudurg,Malwan,Police Stations,66
2021,Sindhudurg,Vengurli,Police Stations,85
2021,Sindhudurg,Kulad,Police Stations,97
2021,Sindhudurg,Savantwadi,Police Stations,112
2021,Sindhudurg,Dodamarg,Police Stations,33
2018,Thane,Thane,Police Stations,6386
2018,Thane,Bhivandi,Police Stations,184
2018,Thane,Shahapur,Police Stations,234
2018,Thane,Kalyan,Police Stations,37
2018,Thane,Ulhasnagar,Police Stations,30
2018,Thane,Ambarnath,Police Stations,
2018,Thane,Murbad,Police Stations,108
2019,Thane,Thane,Police Stations,2782
2019,Thane,Bhivandi,Police Stations,682
2019,Thane,Shahapur,Police Stations,79
2019,Thane,Kalyan,Police Stations,37
2019,Thane,Ulhasnagar,Police Stations,408
2019,Thane,Ambarnath,Police Stations,488
2019,Thane,Murbad,Police Stations,87
2020,Thane,Thane,Police Stations,2468
2020,Thane,Bhivandi,Police Stations,785
2020,Thane,Shahapur,Police Stations,200
2020,Thane,Kalyan,Police Stations,1043
2020,Thane,Ulhasnagar,Police Stations,408
2020,Thane,Ambarnath,Police Stations,488
2020,Thane,Murbad,Police Stations,160
2021,Thane,Thane,Police Stations,2489
2021,Thane,Bhivandi,Police Stations,733
2021,Thane,Shahapur,Police Stations,193
2021,Thane,Kalyan,Police Stations,1037
2021,Thane,Ulhasnagar,Police Stations,881
2021,Thane,Ambarnath,Police Stations,148
2021,Thane,Murbad,Police Stations,186
2018,Wardha,Ashti,Police Stations,47
2018,Wardha,Karanja,Police Stations,48
2018,Wardha,Aarvi,Police Stations,252
2018,Wardha,Selu,Police Stations,86
2018,Wardha,Wardha,Police Stations,435
2018,Wardha,Devali,Police Stations,165
2018,Wardha,Hinganghat,Police Stations,232
2018,Wardha,Samudrapur,Police Stations,70
2019,Wardha,Ashti,Police Stations,151
2019,Wardha,Karanja,Police Stations,48
2019,Wardha,Aarvi,Police Stations,172
2019,Wardha,Selu,Police Stations,71
2019,Wardha,Wardha,Police Stations,445
2019,Wardha,Devali,Police Stations,182
2019,Wardha,Hinganghat,Police Stations,201
2019,Wardha,Samudrapur,Police Stations,52
2020,Wardha,Ashti,Police Stations,151
2020,Wardha,Karanja,Police Stations,48
2020,Wardha,Aarvi,Police Stations,172
2020,Wardha,Selu,Police Stations,71
2020,Wardha,Wardha,Police Stations,445
2020,Wardha,Devali,Police Stations,182
2020,Wardha,Hinganghat,Police Stations,201
2020,Wardha,Samudrapur,Police Stations,52
2021,Wardha,Ashti,Police Stations,151
2021,Wardha,Karanja,Police Stations,48
2021,Wardha,Aarvi,Police Stations,172
2021,Wardha,Selu,Police Stations,71
2021,Wardha,Wardha,Police Stations,445
2021,Wardha,Devali,Police Stations,182
2021,Wardha,Hinganghat,Police Stations,201
2021,Wardha,Samudrapur,Police Stations,52
2018,Washim,Malegaon,Police Stations,
2018,Washim,Mangrulpir,Police Stations,
2018,Washim,Karanja,Police Stations,
2018,Washim,Manora,Police Stations,
2018,Washim,Washim,Police Stations,
2018,Washim,Resod,Police Stations,
2019,Washim,Malegaon,Police Stations,175
2019,Washim,Mangrulpir,Police Stations,123
2019,Washim,Karanja,Police Stations,216
2019,Washim,Manora,Police Stations,75
2019,Washim,Washim,Police Stations,794
2019,Washim,Resod,Police Stations,88
2020,Washim,Malegaon,Police Stations,162
2020,Washim,Mangrulpir,Police Stations,130
2020,Washim,Karanja,Police Stations,233
2020,Washim,Manora,Police Stations,72
2020,Washim,Washim,Police Stations,757
2020,Washim,Resod,Police Stations,80
2021,Washim,Malegaon,Police Stations,164
2021,Washim,Mangrulpir,Police Stations,121
2021,Washim,Karanja,Police Stations,220
2021,Washim,Manora,Police Stations,68
2021,Washim,Washim,Police Stations,811
2021,Washim,Resod,Police Stations,81
2018,Yavatmal,Ner,Police Stations,50
2018,Yavatmal,Babhulgaon,Police Stations,41
2018,Yavatmal,Kalamb,Police Stations,49
2018,Yavatmal,Yavatmal,Police Stations,367
2018,Yavatmal,Darvha,Police Stations,99
2018,Yavatmal,Digras,Police Stations,74
2018,Yavatmal,Pusad,Police Stations,144
2018,Yavatmal,Umarkhed,Police Stations,181
2018,Yavatmal,Mahagaon,Police Stations,51
2018,Yavatmal,Aarni,Police Stations,58
2018,Yavatmal,Ghantaji,Police Stations,71
2018,Yavatmal,Kelapur,Police Stations,78
2018,Yavatmal,Ralegaon,Police Stations,71
2018,Yavatmal,Maregaon,Police Stations,44
2018,Yavatmal,Zari Jamani,Police Stations,62
2018,Yavatmal,Vani,Police Stations,112
2019,Yavatmal,Ner,Police Stations,50
2019,Yavatmal,Babhulgaon,Police Stations,43
2019,Yavatmal,Kalamb,Police Stations,42
2019,Yavatmal,Yavatmal,Police Stations,360
2019,Yavatmal,Darvha,Police Stations,100
2019,Yavatmal,Digras,Police Stations,66
2019,Yavatmal,Pusad,Police Stations,269
2019,Yavatmal,Umarkhed,Police Stations,178
2019,Yavatmal,Mahagaon,Police Stations,55
2019,Yavatmal,Aarni,Police Stations,58
2019,Yavatmal,Ghantaji,Police Stations,70
2019,Yavatmal,Kelapur,Police Stations,68
2019,Yavatmal,Ralegaon,Police Stations,66
2019,Yavatmal,Maregaon,Police Stations,39
2019,Yavatmal,Zari Jamani,Police Stations,56
2019,Yavatmal,Vani,Police Stations,81
2020,Yavatmal,Ner,Police Stations,54
2020,Yavatmal,Babhulgaon,Police Stations,38
2020,Yavatmal,Kalamb,Police Stations,46
2020,Yavatmal,Yavatmal,Police Stations,352
2020,Yavatmal,Darvha,Police Stations,86
2020,Yavatmal,Digras,Police Stations,67
2020,Yavatmal,Pusad,Police Stations,272
2020,Yavatmal,Umarkhed,Police Stations,173
2020,Yavatmal,Mahagaon,Police Stations,50
2020,Yavatmal,Aarni,Police Stations,64
2020,Yavatmal,Ghantaji,Police Stations,57
2020,Yavatmal,Kelapur,Police Stations,63
2020,Yavatmal,Ralegaon,Police Stations,71
2020,Yavatmal,Maregaon,Police Stations,43
2020,Yavatmal,Zari Jamani,Police Stations,56
2020,Yavatmal,Vani,Police Stations,108
2021,Yavatmal,Ner,Police Stations,55
2021,Yavatmal,Babhulgaon,Police Stations,41
2021,Yavatmal,Kalamb,Police Stations,45
2021,Yavatmal,Yavatmal,Police Stations,438
2021,Yavatmal,Darvha,Police Stations,129
2021,Yavatmal,Digras,Police Stations,102
2021,Yavatmal,Pusad,Police Stations,369
2021,Yavatmal,Umarkhed,Police Stations,234
2021,Yavatmal,Mahagaon,Police Stations,44
2021,Yavatmal,Aarni,Police Stations,40
2021,Yavatmal,Ghantaji,Police Stations,37
2021,Yavatmal,Kelapur,Police Stations,105
2021,Yavatmal,Ralegaon,Police Stations,64
2021,Yavatmal,Maregaon,Police Stations,47
2021,Yavatmal,Zari Jamani,Police Stations,61
2021,Yavatmal,Vani,Police Stations,128
2018,Ahilyanagar,Akole,Outposts,9
2018,Ahilyanagar,Sangamner,Outposts,4
2018,Ahilyanagar,Kopargaon,Outposts,6
2018,Ahilyanagar,Rahata,Outposts,14
2018,Ahilyanagar,Srirampur,Outposts,7
2018,Ahilyanagar,Nevasa,Outposts,4
2018,Ahilyanagar,Shevgaon,Outposts,10
2018,Ahilyanagar,Pathardi,Outposts,14
2018,Ahilyanagar,Nagar,Outposts,11
2018,Ahilyanagar,Rahuri,Outposts,4
2018,Ahilyanagar,Parner,Outposts,13
2018,Ahilyanagar,Srigonda,Outposts,2
2018,Ahilyanagar,Karjat,Outposts,21
2018,Ahilyanagar,Jamkhed,Outposts,4
2019,Ahilyanagar,Akole,Outposts,10
2019,Ahilyanagar,Sangamner,Outposts,5
2019,Ahilyanagar,Kopargaon,Outposts,7
2019,Ahilyanagar,Rahata,Outposts,15
2019,Ahilyanagar,Srirampur,Outposts,6
2019,Ahilyanagar,Nevasa,Outposts,4
2019,Ahilyanagar,Shevgaon,Outposts,11
2019,Ahilyanagar,Pathardi,Outposts,12
2019,Ahilyanagar,Nagar,Outposts,14
2019,Ahilyanagar,Rahuri,Outposts,4
2019,Ahilyanagar,Parner,Outposts,14
2019,Ahilyanagar,Srigonda,Outposts,3
2019,Ahilyanagar,Karjat,Outposts,20
2019,Ahilyanagar,Jamkhed,Outposts,4
2020,Ahilyanagar,Akole,Outposts,3
2020,Ahilyanagar,Sangamner,Outposts,6
2020,Ahilyanagar,Kopargaon,Outposts,9
2020,Ahilyanagar,Rahata,Outposts,19
2020,Ahilyanagar,Srirampur,Outposts,17
2020,Ahilyanagar,Nevasa,Outposts,10
2020,Ahilyanagar,Shevgaon,Outposts,12
2020,Ahilyanagar,Pathardi,Outposts,20
2020,Ahilyanagar,Nagar,Outposts,19
2020,Ahilyanagar,Rahuri,Outposts,6
2020,Ahilyanagar,Parner,Outposts,11
2020,Ahilyanagar,Srigonda,Outposts,11
2020,Ahilyanagar,Karjat,Outposts,19
2020,Ahilyanagar,Jamkhed,Outposts,12
2021,Ahilyanagar,Akole,Outposts,21
2021,Ahilyanagar,Sangamner,Outposts,12
2021,Ahilyanagar,Kopargaon,Outposts,41
2021,Ahilyanagar,Rahata,Outposts,3
2021,Ahilyanagar,Srirampur,Outposts,22
2021,Ahilyanagar,Nevasa,Outposts,14
2021,Ahilyanagar,Shevgaon,Outposts,9
2021,Ahilyanagar,Pathardi,Outposts,20
2021,Ahilyanagar,Nagar,Outposts,
2021,Ahilyanagar,Rahuri,Outposts,14
2021,Ahilyanagar,Parner,Outposts,44
2021,Ahilyanagar,Srigonda,Outposts,10
2021,Ahilyanagar,Karjat,Outposts,22
2021,Ahilyanagar,Jamkhed,Outposts,12
2018,Akola,Telhara,Outposts,8
2018,Akola,Akot,Outposts,9
2018,Akola,Balapur,Outposts,11
2018,Akola,Akola,Outposts,
2018,Akola,Murtijapur,Outposts,8
2018,Akola,Patur,Outposts,7
2018,Akola,Barshitakali,Outposts,4
2019,Akola,Telhara,Outposts,8
2019,Akola,Akot,Outposts,16
2019,Akola,Balapur,Outposts,19
2019,Akola,Akola,Outposts,
2019,Akola,Murtijapur,Outposts,4
2019,Akola,Patur,Outposts,7
2019,Akola,Barshitakali,Outposts,10
2020,Akola,Telhara,Outposts,8
2020,Akola,Akot,Outposts,15
2020,Akola,Balapur,Outposts,14
2020,Akola,Akola,Outposts,
2020,Akola,Murtijapur,Outposts,9
2020,Akola,Patur,Outposts,7
2020,Akola,Barshitakali,Outposts,8
2021,Akola,Telhara,Outposts,6
2021,Akola,Akot,Outposts,3
2021,Akola,Balapur,Outposts,7
2021,Akola,Akola,Outposts,4
2021,Akola,Murtijapur,Outposts,3
2021,Akola,Patur,Outposts,6
2021,Akola,Barshitakali,Outposts,6
2018,Amravati,Dharani,Outposts,
2018,Amravati,Chikhraldara,Outposts,4
2018,Amravati,Anjangaon Su,Outposts,2
2018,Amravati,Achalpur,Outposts,
2018,Amravati,Chandurbazar,Outposts,4
2018,Amravati,Morshi,Outposts,2
2018,Amravati,Warud,Outposts,2
2018,Amravati,Tivas,Outposts,2
2018,Amravati,Amravati,Outposts,
2018,Amravati,Bhatkuli,Outposts,
2018,Amravati,Daryapur,Outposts,2
2018,Amravati,Nandgaon Kh,Outposts,2
2018,Amravati,Chandur Railway,Outposts,
2018,Amravati,Dhamangaon Re,Outposts,
2019,Amravati,Dharani,Outposts,2
2019,Amravati,Chikhraldara,Outposts,10
2019,Amravati,Anjangaon Su,Outposts,2
2019,Amravati,Achalpur,Outposts,
2019,Amravati,Chandurbazar,Outposts,3
2019,Amravati,Morshi,Outposts,4
2019,Amravati,Warud,Outposts,
2019,Amravati,Tivas,Outposts,4
2019,Amravati,Amravati,Outposts,
2019,Amravati,Bhatkuli,Outposts,
2019,Amravati,Daryapur,Outposts,4
2019,Amravati,Nandgaon Kh,Outposts,
2019,Amravati,Chandur Railway,Outposts,2
2019,Amravati,Dhamangaon Re,Outposts,
2020,Amravati,Dharani,Outposts,2
2020,Amravati,Chikhraldara,Outposts,10
2020,Amravati,Anjangaon Su,Outposts,2
2020,Amravati,Achalpur,Outposts,3
2020,Amravati,Chandurbazar,Outposts,
2020,Amravati,Morshi,Outposts,4
2020,Amravati,Warud,Outposts,
2020,Amravati,Tivas,Outposts,4
2020,Amravati,Amravati,Outposts,
2020,Amravati,Bhatkuli,Outposts,
2020,Amravati,Daryapur,Outposts,4
2020,Amravati,Nandgaon Kh,Outposts,
2020,Amravati,Chandur Railway,Outposts,2
2020,Amravati,Dhamangaon Re,Outposts,
2021,Amravati,Dharani,Outposts,2
2021,Amravati,Chikhraldara,Outposts,10
2021,Amravati,Anjangaon Su,Outposts,2
2021,Amravati,Achalpur,Outposts,3
2021,Amravati,Chandurbazar,Outposts,
2021,Amravati,Morshi,Outposts,4
2021,Amravati,Warud,Outposts,
2021,Amravati,Tivas,Outposts,4
2021,Amravati,Amravati,Outposts,
2021,Amravati,Bhatkuli,Outposts,
2021,Amravati,Daryapur,Outposts,4
2021,Amravati,Nandgaon Kh,Outposts,
2021,Amravati,Chandur Railway,Outposts,2
2021,Amravati,Dhamangaon Re,Outposts,
2018,Beed,Ashti,Outposts,7
2018,Beed,Patoda,Outposts,3
2018,Beed,Shirur Kasar,Outposts,
2018,Beed,Gevrai,Outposts,10
2018,Beed,Majalgaon,Outposts,
2018,Beed,Wadwani,Outposts,
2018,Beed,Beed,Outposts,13
2018,Beed,Cage,Outposts,9
2018,Beed,Dharur,Outposts,3
2018,Beed,Parli,Outposts,
2018,Beed,Ambajogai,Outposts,3
2019,Beed,Ashti,Outposts,6
2019,Beed,Patoda,Outposts,4
2019,Beed,Shirur Kasar,Outposts,
2019,Beed,Gevrai,Outposts,12
2019,Beed,Majalgaon,Outposts,
2019,Beed,Wadwani,Outposts,
2019,Beed,Beed,Outposts,14
2019,Beed,Cage,Outposts,12
2019,Beed,Dharur,Outposts,6
2019,Beed,Parli,Outposts,
2019,Beed,Ambajogai,Outposts,4
2020,Beed,Ashti,Outposts,1
2020,Beed,Patoda,Outposts,
2020,Beed,Shirur Kasar,Outposts,
2020,Beed,Gevrai,Outposts,11
2020,Beed,Majalgaon,Outposts,
2020,Beed,Wadwani,Outposts,
2020,Beed,Beed,Outposts,13
2020,Beed,Cage,Outposts,9
2020,Beed,Dharur,Outposts,3
2020,Beed,Parli,Outposts,
2020,Beed,Ambajogai,Outposts,4
2021,Beed,Ashti,Outposts,
2021,Beed,Patoda,Outposts,
2021,Beed,Shirur Kasar,Outposts,
2021,Beed,Gevrai,Outposts,11
2021,Beed,Majalgaon,Outposts,
2021,Beed,Wadwani,Outposts,
2021,Beed,Beed,Outposts,
2021,Beed,Cage,Outposts,15
2021,Beed,Dharur,Outposts,2
2021,Beed,Parli,Outposts,
2021,Beed,Ambajogai,Outposts,4
2018,Bhandara,Tumsar,Outposts,6
2018,Bhandara,Mohadi,Outposts,
2018,Bhandara,Bhandara,Outposts,
2018,Bhandara,Sakoli,Outposts,10
2018,Bhandara,Lakhani,Outposts,
2018,Bhandara,Pavani,Outposts,
2018,Bhandara,Lakhandur,Outposts,
2019,Bhandara,Tumsar,Outposts,5
2019,Bhandara,Mohadi,Outposts,
2019,Bhandara,Bhandara,Outposts,2
2019,Bhandara,Sakoli,Outposts,9
2019,Bhandara,Lakhani,Outposts,
2019,Bhandara,Pavani,Outposts,
2019,Bhandara,Lakhandur,Outposts,
2020,Bhandara,Tumsar,Outposts,9
2020,Bhandara,Mohadi,Outposts,2
2020,Bhandara,Bhandara,Outposts,4
2020,Bhandara,Sakoli,Outposts,9
2020,Bhandara,Lakhani,Outposts,
2020,Bhandara,Pavani,Outposts,
2020,Bhandara,Lakhandur,Outposts,
2021,Bhandara,Tumsar,Outposts,7
2021,Bhandara,Mohadi,Outposts,
2021,Bhandara,Bhandara,Outposts,10
2021,Bhandara,Sakoli,Outposts,
2021,Bhandara,Lakhani,Outposts,
2021,Bhandara,Pavani,Outposts,
2021,Bhandara,Lakhandur,Outposts,
2018,Buldhana,Jalgaon Jamod,Outposts,4
2018,Buldhana,Sangrampur,Outposts,4
2018,Buldhana,Shegaon,Outposts,
2018,Buldhana,Nandura,Outposts,10
2018,Buldhana,Malkapur,Outposts,3
2018,Buldhana,Motala,Outposts,3
2018,Buldhana,Khamgaon,Outposts,
2018,Buldhana,Mehkar,Outposts,
2018,Buldhana,Chikhali,Outposts,5
2018,Buldhana,Buldhana,Outposts,2
2018,Buldhana,Deulgaon Raja,Outposts,2
2018,Buldhana,Sindkhed Raja,Outposts,
2018,Buldhana,Lonar,Outposts,
2019,Buldhana,Jalgaon Jamod,Outposts,5
2019,Buldhana,Sangrampur,Outposts,4
2019,Buldhana,Shegaon,Outposts,
2019,Buldhana,Nandura,Outposts,8
2019,Buldhana,Malkapur,Outposts,4
2019,Buldhana,Motala,Outposts,3
2019,Buldhana,Khamgaon,Outposts,
2019,Buldhana,Mehkar,Outposts,
2019,Buldhana,Chikhali,Outposts,7
2019,Buldhana,Buldhana,Outposts,
2019,Buldhana,Deulgaon Raja,Outposts,4
2019,Buldhana,Sindkhed Raja,Outposts,
2019,Buldhana,Lonar,Outposts,
2020,Buldhana,Jalgaon Jamod,Outposts,5
2020,Buldhana,Sangrampur,Outposts,4
2020,Buldhana,Shegaon,Outposts,
2020,Buldhana,Nandura,Outposts,8
2020,Buldhana,Malkapur,Outposts,4
2020,Buldhana,Motala,Outposts,3
2020,Buldhana,Khamgaon,Outposts,
2020,Buldhana,Mehkar,Outposts,
2020,Buldhana,Chikhali,Outposts,7
2020,Buldhana,Buldhana,Outposts,
2020,Buldhana,Deulgaon Raja,Outposts,4
2020,Buldhana,Sindkhed Raja,Outposts,
2020,Buldhana,Lonar,Outposts,
2021,Buldhana,Jalgaon Jamod,Outposts,1
2021,Buldhana,Sangrampur,Outposts,1
2021,Buldhana,Shegaon,Outposts,
2021,Buldhana,Nandura,Outposts,3
2021,Buldhana,Malkapur,Outposts,1
2021,Buldhana,Motala,Outposts,
2021,Buldhana,Khamgaon,Outposts,
2021,Buldhana,Mehkar,Outposts,
2021,Buldhana,Chikhali,Outposts,
2021,Buldhana,Buldhana,Outposts,
2021,Buldhana,Deulgaon Raja,Outposts,1
2021,Buldhana,Sindkhed Raja,Outposts,
2021,Buldhana,Lonar,Outposts,
2018,Chandrapur,Varora,Outposts,10
2018,Chandrapur,Chimur,Outposts,10
2018,Chandrapur,Nagbhid,Outposts,
2018,Chandrapur,Bramhapuri,Outposts,6
2018,Chandrapur,Savali,Outposts,11
2018,Chandrapur,Sindevahi,Outposts,5
2018,Chandrapur,Bhadravati,Outposts,7
2018,Chandrapur,Chandrapur,Outposts,6
2018,Chandrapur,Mul,Outposts,6
2018,Chandrapur,Ponbhurna,Outposts,
2018,Chandrapur,Ballarpur,Outposts,5
2018,Chandrapur,Korpana,Outposts,7
2018,Chandrapur,Rajura,Outposts,5
2018,Chandrapur,Gondpipari,Outposts,5
2018,Chandrapur,Jivati,Outposts,
2019,Chandrapur,Varora,Outposts,6
2019,Chandrapur,Chimur,Outposts,11
2019,Chandrapur,Nagbhid,Outposts,
2019,Chandrapur,Bramhapuri,Outposts,5
2019,Chandrapur,Savali,Outposts,12
2019,Chandrapur,Sindevahi,Outposts,4
2019,Chandrapur,Bhadravati,Outposts,10
2019,Chandrapur,Chandrapur,Outposts,8
2019,Chandrapur,Mul,Outposts,9
2019,Chandrapur,Ponbhurna,Outposts,
2019,Chandrapur,Ballarpur,Outposts,9
2019,Chandrapur,Korpana,Outposts,
2019,Chandrapur,Rajura,Outposts,
2019,Chandrapur,Gondpipari,Outposts,4
2019,Chandrapur,Jivati,Outposts,
2020,Chandrapur,Varora,Outposts,6
2020,Chandrapur,Chimur,Outposts,10
2020,Chandrapur,Nagbhid,Outposts,
2020,Chandrapur,Bramhapuri,Outposts,5
2020,Chandrapur,Savali,Outposts,7
2020,Chandrapur,Sindevahi,Outposts,6
2020,Chandrapur,Bhadravati,Outposts,10
2020,Chandrapur,Chandrapur,Outposts,9
2020,Chandrapur,Mul,Outposts,5
2020,Chandrapur,Ponbhurna,Outposts,
2020,Chandrapur,Ballarpur,Outposts,12
2020,Chandrapur,Korpana,Outposts,
2020,Chandrapur,Rajura,Outposts,
2020,Chandrapur,Gondpipari,Outposts,7
2020,Chandrapur,Jivati,Outposts,
2021,Chandrapur,Varora,Outposts,6
2021,Chandrapur,Chimur,Outposts,10
2021,Chandrapur,Nagbhid,Outposts,
2021,Chandrapur,Bramhapuri,Outposts,5
2021,Chandrapur,Savali,Outposts,7
2021,Chandrapur,Sindevahi,Outposts,6
2021,Chandrapur,Bhadravati,Outposts,10
2021,Chandrapur,Chandrapur,Outposts,9
2021,Chandrapur,Mul,Outposts,5
2021,Chandrapur,Ponbhurna,Outposts,
2021,Chandrapur,Ballarpur,Outposts,12
2021,Chandrapur,Korpana,Outposts,
2021,Chandrapur,Rajura,Outposts,
2021,Chandrapur,Gondpipari,Outposts,7
2021,Chandrapur,Jivati,Outposts,
2018,Dhule,Shirpur,Outposts,
2018,Dhule,Shindkheda,Outposts,8
2018,Dhule,Sakri,Outposts,7
2018,Dhule,Dhule,Outposts,25
2019,Dhule,Shirpur,Outposts,3
2019,Dhule,Shindkheda,Outposts,11
2019,Dhule,Sakri,Outposts,8
2019,Dhule,Dhule,Outposts,30
2020,Dhule,Shirpur,Outposts,3
2020,Dhule,Shindkheda,Outposts,11
2020,Dhule,Sakri,Outposts,8
2020,Dhule,Dhule,Outposts,30
2021,Dhule,Shirpur,Outposts,6
2021,Dhule,Shindkheda,Outposts,5
2021,Dhule,Sakri,Outposts,10
2021,Dhule,Dhule,Outposts,25
2018,Gadchiroli,Desaiganj,Outposts,
2018,Gadchiroli,Aarmori,Outposts,
2018,Gadchiroli,Kurkheda,Outposts,105
2018,Gadchiroli,Korachi,Outposts,98
2018,Gadchiroli,Dhanora,Outposts,313
2018,Gadchiroli,Gadchiroli,Outposts,46
2018,Gadchiroli,Chomoshi,Outposts,80
2018,Gadchiroli,Mulchera,Outposts,
2018,Gadchiroli,Etapalli,Outposts,308
2018,Gadchiroli,Bhamragad,Outposts,159
2018,Gadchiroli,Aheri,Outposts,75
2018,Gadchiroli,Sironcha,Outposts,54
2019,Gadchiroli,Desaiganj,Outposts,
2019,Gadchiroli,Aarmori,Outposts,
2019,Gadchiroli,Kurkheda,Outposts,59
2019,Gadchiroli,Korachi,Outposts,179
2019,Gadchiroli,Dhanora,Outposts,358
2019,Gadchiroli,Gadchiroli,Outposts,51
2019,Gadchiroli,Chomoshi,Outposts,98
2019,Gadchiroli,Mulchera,Outposts,
2019,Gadchiroli,Etapalli,Outposts,335
2019,Gadchiroli,Bhamragad,Outposts,185
2019,Gadchiroli,Aheri,Outposts,81
2019,Gadchiroli,Sironcha,Outposts,56
2020,Gadchiroli,Desaiganj,Outposts,
2020,Gadchiroli,Aarmori,Outposts,
2020,Gadchiroli,Kurkheda,Outposts,54
2020,Gadchiroli,Korachi,Outposts,182
2020,Gadchiroli,Dhanora,Outposts,333
2020,Gadchiroli,Gadchiroli,Outposts,46
2020,Gadchiroli,Chomoshi,Outposts,92
2020,Gadchiroli,Mulchera,Outposts,
2020,Gadchiroli,Etapalli,Outposts,332
2020,Gadchiroli,Bhamragad,Outposts,178
2020,Gadchiroli,Aheri,Outposts,77
2020,Gadchiroli,Sironcha,Outposts,45
2021,Gadchiroli,Desaiganj,Outposts,
2021,Gadchiroli,Aarmori,Outposts,
2021,Gadchiroli,Kurkheda,Outposts,59
2021,Gadchiroli,Korachi,Outposts,193
2021,Gadchiroli,Dhanora,Outposts,328
2021,Gadchiroli,Gadchiroli,Outposts,46
2021,Gadchiroli,Chomoshi,Outposts,102
2021,Gadchiroli,Mulchera,Outposts,
2021,Gadchiroli,Etapalli,Outposts,358
2021,Gadchiroli,Bhamragad,Outposts,167
2021,Gadchiroli,Aheri,Outposts,86
2021,Gadchiroli,Sironcha,Outposts,45
2018,Gondia,Tiroda,Outposts,
2018,Gondia,Goregaon,Outposts,
2018,Gondia,Gondia,Outposts,
2018,Gondia,Aamgaon,Outposts,
2018,Gondia,Salekasa,Outposts,92
2018,Gondia,Sadak Arjuni,Outposts,
2018,Gondia,Arjuni Morgaon,Outposts,66
2018,Gondia,Devari,Outposts,78
2019,Gondia,Tiroda,Outposts,5
2019,Gondia,Goregaon,Outposts,
2019,Gondia,Gondia,Outposts,
2019,Gondia,Aamgaon,Outposts,
2019,Gondia,Salekasa,Outposts,199
2019,Gondia,Sa/Arguni,Outposts,
2019,Gondia,Arguni/Mor,Outposts,68
2019,Gondia,Devari,Outposts,69
2020,Gondia,Tiroda,Outposts,
2020,Gondia,Goregaon,Outposts,
2020,Gondia,Gondia,Outposts,
2020,Gondia,Aamgaon,Outposts,
2020,Gondia,Salekasa,Outposts,113
2020,Gondia,Sa/Arguni,Outposts,
2020,Gondia,Arguni/Mor,Outposts,76
2020,Gondia,Devari,Outposts,79
2021,Gondia,Tiroda,Outposts,
2021,Gondia,Goregaon,Outposts,
2021,Gondia,Gondia,Outposts,
2021,Gondia,Aamgaon,Outposts,
2021,Gondia,Salekasa,Outposts,105
2021,Gondia,Sa/Arguni,Outposts,
2021,Gondia,Arguni/Mor,Outposts,75
2021,Gondia,Devari,Outposts,76
2018,Hingoli,Sengaon,Outposts,3
2018,Hingoli,Hingoli,Outposts,3
2018,Hingoli,Aundha Na,Outposts,6
2018,Hingoli,Kalamanuri,Outposts,9
2018,Hingoli,Vasamat,Outposts,3
2019,Hingoli,Sengaon,Outposts,3
2019,Hingoli,Hingoli,Outposts,3
2019,Hingoli,Aundha Na,Outposts,6
2019,Hingoli,Kalamanuri,Outposts,9
2019,Hingoli,Vasamat,Outposts,3
2020,Hingoli,Sengaon,Outposts,3
2020,Hingoli,Hingoli,Outposts,3
2020,Hingoli,Aundha Na,Outposts,6
2020,Hingoli,Kalamanuri,Outposts,9
2020,Hingoli,Vasamat,Outposts,3
2021,Hingoli,Sengaon,Outposts,3
2021,Hingoli,Hingoli,Outposts,3
2021,Hingoli,Aundha Na,Outposts,6
2021,Hingoli,Kalamanuri,Outposts,9
2021,Hingoli,Vasamat,Outposts,3
2018,Jalna,Bhokardan,Outposts,
2018,Jalna,Jaffrabad,Outposts,
2018,Jalna,Jalna,Outposts,
2018,Jalna,Badnapur,Outposts,
2018,Jalna,Ambad,Outposts,
2018,Jalna,Ghansawangi,Outposts,
2018,Jalna,Partur,Outposts,
2018,Jalna,Mantha,Outposts,
2019,Jalna,Bhokardan,Outposts,
2019,Jalna,Jaffrabad,Outposts,
2019,Jalna,Jalna,Outposts,
2019,Jalna,Badnapur,Outposts,
2019,Jalna,Ambad,Outposts,11
2019,Jalna,Ghansawangi,Outposts,
2019,Jalna,Partur,Outposts,2
2019,Jalna,Mantha,Outposts,4
2020,Jalna,Bhokardan,Outposts,
2020,Jalna,Jaffrabad,Outposts,
2020,Jalna,Jalna,Outposts,
2020,Jalna,Badnapur,Outposts,
2020,Jalna,Ambad,Outposts,10
2020,Jalna,Ghansawangi,Outposts,
2020,Jalna,Partur,Outposts,3
2020,Jalna,Mantha,Outposts,4
2021,Jalna,Bhokardan,Outposts,
2021,Jalna,Jaffrabad,Outposts,
2021,Jalna,Jalna,Outposts,
2021,Jalna,Badnapur,Outposts,
2021,Jalna,Ambad,Outposts,10
2021,Jalna,Ghansawangi,Outposts,
2021,Jalna,Partur,Outposts,3
2021,Jalna,Mantha,Outposts,4
2018,Kolhapur,Shahuwadi,Outposts,15
2018,Kolhapur,Panhala,Outposts,
2018,Kolhapur,Hatkanangale,Outposts,
2018,Kolhapur,Shirol,Outposts,4
2018,Kolhapur,Karveer,Outposts,8
2018,Kolhapur,Gaganbavada,Outposts,4
2018,Kolhapur,Radhanagari,Outposts,8
2018,Kolhapur,Kagal,Outposts,8
2018,Kolhapur,Bhudargad,Outposts,4
2018,Kolhapur,Ajara,Outposts,8
2018,Kolhapur,Gadhinglaj,Outposts,4
2018,Kolhapur,Chandgad,Outposts,4
2019,Kolhapur,Shahuwadi,Outposts,15
2019,Kolhapur,Panhala,Outposts,
2019,Kolhapur,Hatkanangale,Outposts,
2019,Kolhapur,Shirol,Outposts,4
2019,Kolhapur,Karveer,Outposts,8
2019,Kolhapur,Gaganbavada,Outposts,4
2019,Kolhapur,Radhanagari,Outposts,8
2019,Kolhapur,Kagal,Outposts,8
2019,Kolhapur,Bhudargad,Outposts,4
2019,Kolhapur,Ajara,Outposts,8
2019,Kolhapur,Gadhinglaj,Outposts,4
2019,Kolhapur,Chandgad,Outposts,4
2020,Kolhapur,Shahuwadi,Outposts,21
2020,Kolhapur,Panhala,Outposts,
2020,Kolhapur,Hatkanangale,Outposts,
2020,Kolhapur,Shirol,Outposts,5
2020,Kolhapur,Karveer,Outposts,11
2020,Kolhapur,Gaganbavada,Outposts,4
2020,Kolhapur,Radhanagari,Outposts,8
2020,Kolhapur,Kagal,Outposts,10
2020,Kolhapur,Bhudargad,Outposts,4
2020,Kolhapur,Ajara,Outposts,9
2020,Kolhapur,Gadhinglaj,Outposts,7
2020,Kolhapur,Chandgad,Outposts,6
2021,Kolhapur,Shahuwadi,Outposts,9
2021,Kolhapur,Panhala,Outposts,
2021,Kolhapur,Hatkanangale,Outposts,
2021,Kolhapur,Shirol,Outposts,5
2021,Kolhapur,Karveer,Outposts,11
2021,Kolhapur,Gaganbavada,Outposts,4
2021,Kolhapur,Radhanagari,Outposts,8
2021,Kolhapur,Kagal,Outposts,10
2021,Kolhapur,Bhudargad,Outposts,4
2021,Kolhapur,Ajara,Outposts,9
2021,Kolhapur,Gadhinglaj,Outposts,7
2021,Kolhapur,Chandgad,Outposts,6
2018,Latur,Latur,Outposts,4
2018,Latur,Renapur,Outposts,2
2018,Latur,Ahamadpur,Outposts,8
2018,Latur,Jalkot,Outposts,
2018,Latur,Chakur,Outposts,2
2018,Latur,Shirur-Anantpal,Outposts,2
2018,Latur,Aosa,Outposts,4
2018,Latur,Nilanga,Outposts,4
2018,Latur,Devani,Outposts,
2018,Latur,Udgir,Outposts,2
2019,Latur,Latur,Outposts,13
2019,Latur,Renapur,Outposts,6
2019,Latur,Ahamadpur,Outposts,9
2019,Latur,Jalkot,Outposts,
2019,Latur,Chakur,Outposts,7
2019,Latur,Shirur-Anantpal,Outposts,4
2019,Latur,Aosa,Outposts,6
2019,Latur,Nilanga,Outposts,3
2019,Latur,Devani,Outposts,6
2019,Latur,Udgir,Outposts,11
2020,Latur,Latur,Outposts,8
2020,Latur,Renapur,Outposts,4
2020,Latur,Ahamadpur,Outposts,11
2020,Latur,Jalkot,Outposts,
2020,Latur,Chakur,Outposts,4
2020,Latur,Shirur-Anantpal,Outposts,4
2020,Latur,Aosa,Outposts,9
2020,Latur,Nilanga,Outposts,9
2020,Latur,Devani,Outposts,3
2020,Latur,Udgir,Outposts,5
2021,Latur,Latur,Outposts,5
2021,Latur,Renapur,Outposts,
2021,Latur,Ahamadpur,Outposts,
2021,Latur,Jalkot,Outposts,
2021,Latur,Chakur,Outposts,8
2021,Latur,Shirur-Anantpal,Outposts,4
2021,Latur,Aosa,Outposts,2
2021,Latur,Nilanga,Outposts,4
2021,Latur,Devani,Outposts,2
2021,Latur,Udgir,Outposts,5
2018,Mumbai City,Mumbai City,Outposts,
2019,Mumbai City,Mumbai City,Outposts,
2020,Mumbai City,Mumbai City,Outposts,
2021,Mumbai City,Mumbai City,Outposts,
2018,Mumbai Suburban,Adheri,Outposts,
2018,Mumbai Suburban,Borivali,Outposts,
2018,Mumbai Suburban,Kurla,Outposts,
2019,Mumbai Suburban,Adheri,Outposts,
2019,Mumbai Suburban,Borivali,Outposts,
2019,Mumbai Suburban,Kurla,Outposts,
2020,Mumbai Suburban,Adheri,Outposts,
2020,Mumbai Suburban,Borivali,Outposts,
2020,Mumbai Suburban,Kurla,Outposts,
2021,Mumbai Suburban,Adheri,Outposts,
2021,Mumbai Suburban,Borivali,Outposts,
2021,Mumbai Suburban,Kurla,Outposts,
2018,Nagpur,Narkhed,Outposts,11
2018,Nagpur,Katol,Outposts,
2018,Nagpur,Kalameshwar,Outposts,4
2018,Nagpur,Sawner,Outposts,11
2018,Nagpur,Parashivani,Outposts,3
2018,Nagpur,Ramtech,Outposts,6
2018,Nagpur,Mauda,Outposts,2
2018,Nagpur,Kamathi,Outposts,
2018,Nagpur,Nagpur (Gra),Outposts,
2018,Nagpur,Nagpur (Sh),Outposts,2
2018,Nagpur,Hingana,Outposts,3
2018,Nagpur,Umred,Outposts,7
2018,Nagpur,Kuhi,Outposts,4
2018,Nagpur,Bhiwapur,Outposts,4
2019,Nagpur,Narkhed,Outposts,11
2019,Nagpur,Katol,Outposts,
2019,Nagpur,Kalameshwar,Outposts,4
2019,Nagpur,Sawner,Outposts,11
2019,Nagpur,Parashivani,Outposts,3
2019,Nagpur,Ramtech,Outposts,6
2019,Nagpur,Mauda,Outposts,2
2019,Nagpur,Kamathi,Outposts,
2019,Nagpur,Nagpur (Gra),Outposts,
2019,Nagpur,Nagpur (Sh),Outposts,
2019,Nagpur,Hingana,Outposts,5
2019,Nagpur,Umred,Outposts,7
2019,Nagpur,Kuhi,Outposts,4
2019,Nagpur,Bhiwapur,Outposts,4
2020,Nagpur,Narkhed,Outposts,14
2020,Nagpur,Katol,Outposts,
2020,Nagpur,Kalameshwar,Outposts,5
2020,Nagpur,Sawner,Outposts,14
2020,Nagpur,Parashivani,Outposts,4
2020,Nagpur,Ramtech,Outposts,8
2020,Nagpur,Mauda,Outposts,3
2020,Nagpur,Kamathi,Outposts,
2020,Nagpur,Nagpur (Gra),Outposts,
2020,Nagpur,Nagpur (Sh),Outposts,
2020,Nagpur,Hingana,Outposts,6
2020,Nagpur,Umred,Outposts,9
2020,Nagpur,Kuhi,Outposts,5
2020,Nagpur,Bhiwapur,Outposts,5
2021,Nagpur,Narkhed,Outposts,12
2021,Nagpur,Katol,Outposts,
2021,Nagpur,Kalameshwar,Outposts,13
2021,Nagpur,Sawner,Outposts,8
2021,Nagpur,Parashivani,Outposts,4
2021,Nagpur,Ramtech,Outposts,5
2021,Nagpur,Mauda,Outposts,
2021,Nagpur,Kamathi,Outposts,
2021,Nagpur,Nagpur (Gra),Outposts,
2021,Nagpur,Nagpur (Sh),Outposts,
2021,Nagpur,Hingana,Outposts,3
2021,Nagpur,Umred,Outposts,8
2021,Nagpur,Kuhi,Outposts,16
2021,Nagpur,Bhiwapur,Outposts,4
2018,Nanded,Mahur,Outposts,
2018,Nanded,Kinvat,Outposts,4
2018,Nanded,Himalay Nagar,Outposts,
2018,Nanded,Hadgaon,Outposts,7
2018,Nanded,Andhrapur,Outposts,6
2018,Nanded,Nanded,Outposts,
2018,Nanded,Mudkhed,Outposts,4
2018,Nanded,Bhokar,Outposts,3
2018,Nanded,Umari,Outposts,2
2018,Nanded,Dharmabad,Outposts,4
2018,Nanded,Biloli,Outposts,4
2018,Nanded,Naygaon,Outposts,7
2018,Nanded,Loha,Outposts,
2018,Nanded,Kandhar,Outposts,17
2018,Nanded,Mukhed,Outposts,12
2018,Nanded,Deglur,Outposts,10
2019,Nanded,Mahur,Outposts,
2019,Nanded,Kinvat,Outposts,4
2019,Nanded,Himalay Nagar,Outposts,
2019,Nanded,Hadgaon,Outposts,7
2019,Nanded,Andhrapur,Outposts,6
2019,Nanded,Nanded,Outposts,
2019,Nanded,Mudkhed,Outposts,4
2019,Nanded,Bhokar,Outposts,3
2019,Nanded,Umari,Outposts,2
2019,Nanded,Dharmabad,Outposts,4
2019,Nanded,Biloli,Outposts,4
2019,Nanded,Naygaon,Outposts,7
2019,Nanded,Loha,Outposts,
2019,Nanded,Kandhar,Outposts,17
2019,Nanded,Mukhed,Outposts,12
2019,Nanded,Deglur,Outposts,10
2020,Nanded,Mahur,Outposts,
2020,Nanded,Kinvat,Outposts,4
2020,Nanded,Himalay Nagar,Outposts,
2020,Nanded,Hadgaon,Outposts,7
2020,Nanded,Andhrapur,Outposts,6
2020,Nanded,Nanded,Outposts,
2020,Nanded,Mudkhed,Outposts,4
2020,Nanded,Bhokar,Outposts,3
2020,Nanded,Umari,Outposts,2
2020,Nanded,Dharmabad,Outposts,4
2020,Nanded,Biloli,Outposts,4
2020,Nanded,Naygaon,Outposts,7
2020,Nanded,Loha,Outposts,
2020,Nanded,Kandhar,Outposts,17
2020,Nanded,Mukhed,Outposts,12
2020,Nanded,Deglur,Outposts,10
2021,Nanded,Mahur,Outposts,
2021,Nanded,Kinvat,Outposts,
2021,Nanded,Himalay Nagar,Outposts,
2021,Nanded,Hadgaon,Outposts,8
2021,Nanded,Andhrapur,Outposts,5
2021,Nanded,Nanded,Outposts,
2021,Nanded,Mudkhed,Outposts,4
2021,Nanded,Bhokar,Outposts,3
2021,Nanded,Umari,Outposts,3
2021,Nanded,Dharmabad,Outposts,5
2021,Nanded,Biloli,Outposts,7
2021,Nanded,Naygaon,Outposts,9
2021,Nanded,Loha,Outposts,
2021,Nanded,Kandhar,Outposts,12
2021,Nanded,Mukhed,Outposts,6
2021,Nanded,Deglur,Outposts,9
2018,Nandurbar,Akkalkuva,Outposts,23
2018,Nandurbar,Akrani,Outposts,3
2018,Nandurbar,Taloda,Outposts,14
2018,Nandurbar,Shahada,Outposts,21
2018,Nandurbar,Nandurbar,Outposts,19
2018,Nandurbar,Navapur,Outposts,15
2019,Nandurbar,Akkalkuva,Outposts,16
2019,Nandurbar,Akrani,Outposts,13
2019,Nandurbar,Taloda,Outposts,11
2019,Nandurbar,Shahada,Outposts,19
2019,Nandurbar,Nandurbar,Outposts,25
2019,Nandurbar,Navapur,Outposts,12
2020,Nandurbar,Akkalkuva,Outposts,8
2020,Nandurbar,Akrani,Outposts,6
2020,Nandurbar,Taloda,Outposts,
2020,Nandurbar,Shahada,Outposts,
2020,Nandurbar,Nandurbar,Outposts,
2020,Nandurbar,Navapur,Outposts,
2021,Nandurbar,Akkalkuva,Outposts,
2021,Nandurbar,Akrani,Outposts,
2021,Nandurbar,Taloda,Outposts,
2021,Nandurbar,Shahada,Outposts,
2021,Nandurbar,Nandurbar,Outposts,
2021,Nandurbar,Navapur,Outposts,
2018,Nashik,Surgana,Outposts,6
2018,Nashik,Kalwan,Outposts,5
2018,Nashik,Devala,Outposts,
2018,Nashik,Baglan,Outposts,13
2018,Nashik,Malegaon,Outposts,14
2018,Nashik,Nandgaon,Outposts,5
2018,Nashik,Chandwad,Outposts,6
2018,Nashik,Dindori,Outposts,12
2018,Nashik,Peth,Outposts,3
2018,Nashik,Trimbak,Outposts,
2018,Nashik,Nashik,Outposts,3
2018,Nashik,Igatpuri,Outposts,8
2018,Nashik,Sinner,Outposts,
2018,Nashik,Nifad,Outposts,6
2018,Nashik,Yewala,Outposts,8
2019,Nashik,Surgana,Outposts,6
2019,Nashik,Kalwan,Outposts,
2019,Nashik,Devala,Outposts,
2019,Nashik,Baglan,Outposts,10
2019,Nashik,Malegaon,Outposts,17
2019,Nashik,Nandgaon,Outposts,5
2019,Nashik,Chandwad,Outposts,6
2019,Nashik,Dindori,Outposts,12
2019,Nashik,Peth,Outposts,3
2019,Nashik,Trimbak,Outposts,
2019,Nashik,Nashik,Outposts,14
2019,Nashik,Igatpuri,Outposts,8
2019,Nashik,Sinner,Outposts,
2019,Nashik,Nifad,Outposts,3
2019,Nashik,Yewala,Outposts,8
2020,Nashik,Surgana,Outposts,4
2020,Nashik,Kalwan,Outposts,6
2020,Nashik,Devala,Outposts,
2020,Nashik,Baglan,Outposts,32
2020,Nashik,Malegaon,Outposts,27
2020,Nashik,Nandgaon,Outposts,17
2020,Nashik,Chandwad,Outposts,13
2020,Nashik,Dindori,Outposts,18
2020,Nashik,Peth,Outposts,6
2020,Nashik,Trimbak,Outposts,
2020,Nashik,Nashik,Outposts,5
2020,Nashik,Igatpuri,Outposts,13
2020,Nashik,Sinner,Outposts,9
2020,Nashik,Nifad,Outposts,10
2020,Nashik,Yewala,Outposts,22
2021,Nashik,Surgana,Outposts,7
2021,Nashik,Kalwan,Outposts,7
2021,Nashik,Devala,Outposts,
2021,Nashik,Baglan,Outposts,29
2021,Nashik,Malegaon,Outposts,30
2021,Nashik,Nandgaon,Outposts,16
2021,Nashik,Chandwad,Outposts,15
2021,Nashik,Dindori,Outposts,28
2021,Nashik,Peth,Outposts,6
2021,Nashik,Trimbak,Outposts,
2021,Nashik,Nashik,Outposts,6
2021,Nashik,Igatpuri,Outposts,26
2021,Nashik,Sinner,Outposts,10
2021,Nashik,Nifad,Outposts,10
2021,Nashik,Yewala,Outposts,19
2018,Dharashiv,Paranda,Outposts,7
2018,Dharashiv,Bhum,Outposts,3
2018,Dharashiv,Washi,Outposts,7
2018,Dharashiv,Kalamb,Outposts,
2018,Dharashiv,Dharashiv,Outposts,12
2018,Dharashiv,Tuljapur,Outposts,8
2018,Dharashiv,Lohara,Outposts,4
2018,Dharashiv,Umaraga,Outposts,12
2019,Dharashiv,Paranda,Outposts,7
2019,Dharashiv,Bhum,Outposts,3
2019,Dharashiv,Washi,Outposts,7
2019,Dharashiv,Kalamb,Outposts,
2019,Dharashiv,Dharashiv,Outposts,12
2019,Dharashiv,Tuljapur,Outposts,8
2019,Dharashiv,Lohara,Outposts,4
2019,Dharashiv,Umaraga,Outposts,12
2020,Dharashiv,Paranda,Outposts,4
2020,Dharashiv,Bhum,Outposts,6
2020,Dharashiv,Washi,Outposts,6
2020,Dharashiv,Kalamb,Outposts,
2020,Dharashiv,Dharashiv,Outposts,9
2020,Dharashiv,Tuljapur,Outposts,6
2020,Dharashiv,Lohara,Outposts,3
2020,Dharashiv,Umaraga,Outposts,9
2021,Dharashiv,Paranda,Outposts,4
2021,Dharashiv,Bhum,Outposts,6
2021,Dharashiv,Washi,Outposts,6
2021,Dharashiv,Kalamb,Outposts,
2021,Dharashiv,Dharashiv,Outposts,9
2021,Dharashiv,Tuljapur,Outposts,6
2021,Dharashiv,Lohara,Outposts,3
2021,Dharashiv,Umaraga,Outposts,9
2018,Palghar,Talasari,Outposts,21
2018,Palghar,Dahanu,Outposts,23
2018,Palghar,Vikramgad,Outposts,6
2018,Palghar,Javhar,Outposts,7
2018,Palghar,Mokhada,Outposts,5
2018,Palghar,Wada,Outposts,23
2018,Palghar,Palghar,Outposts,
2018,Palghar,Vasai,Outposts,20
2019,Palghar,Talasari,Outposts,24
2019,Palghar,Dahanu,Outposts,28
2019,Palghar,Vikramgad,Outposts,7
2019,Palghar,Javhar,Outposts,7
2019,Palghar,Mokhada,Outposts,6
2019,Palghar,Wada,Outposts,19
2019,Palghar,Palghar,Outposts,
2019,Palghar,Vasai,Outposts,23
2020,Palghar,Talasari,Outposts,22
2020,Palghar,Dahanu,Outposts,21
2020,Palghar,Vikramgad,Outposts,6
2020,Palghar,Javhar,Outposts,7
2020,Palghar,Mokhada,Outposts,6
2020,Palghar,Wada,Outposts,24
2020,Palghar,Palghar,Outposts,3
2020,Palghar,Vasai,Outposts,22
2021,Palghar,Talasari,Outposts,24
2021,Palghar,Dahanu,Outposts,25
2021,Palghar,Vikramgad,Outposts,7
2021,Palghar,Javhar,Outposts,4
2021,Palghar,Mokhada,Outposts,5
2021,Palghar,Wada,Outposts,21
2021,Palghar,Palghar,Outposts,4
2021,Palghar,Vasai,Outposts,
2018,Parbhani,Selu,Outposts,4
2018,Parbhani,Jintur,Outposts,4
2018,Parbhani,Parbhani,Outposts,3
2018,Parbhani,Manvat,Outposts, 
2018,Parbhani,Pathari,Outposts,4
2018,Parbhani,Sonpeth,Outposts, 
2018,Parbhani,Gangakhed,Outposts,6
2018,Parbhani,Palam,Outposts,4
2018,Parbhani,Purna,Outposts,5
2019,Parbhani,Selu,Outposts,6
2019,Parbhani,Jintur,Outposts,3
2019,Parbhani,Parbhani,Outposts,3
2019,Parbhani,Manvat,Outposts, 
2019,Parbhani,Pathari,Outposts,4
2019,Parbhani,Sonpeth,Outposts, 
2019,Parbhani,Gangakhed,Outposts,9
2019,Parbhani,Palam,Outposts,2
2019,Parbhani,Purna,Outposts,  
2020,Parbhani,Selu,Outposts,
2020,Parbhani,Jintur,Outposts,
2020,Parbhani,Parbhani,Outposts,
2020,Parbhani,Manvat,Outposts,
2020,Parbhani,Pathari,Outposts,
2020,Parbhani,Sonpeth,Outposts,
2020,Parbhani,Gangakhed,Outposts,
2020,Parbhani,Palam,Outposts,
2020,Parbhani,Purna,Outposts,
2021,Parbhani,Selu,Outposts,
2021,Parbhani,Jintur,Outposts,
2021,Parbhani,Parbhani,Outposts,
2021,Parbhani,Manvat,Outposts,
2021,Parbhani,Pathari,Outposts,
2021,Parbhani,Sonpeth,Outposts,
2021,Parbhani,Gangakhed,Outposts,
2021,Parbhani,Palam,Outposts,
2021,Parbhani,Purna,Outposts,
2018,Pune,Junnar,Outposts,2
2018,Pune,Aambegaon,Outposts,
2018,Pune,Shirur,Outposts,
2018,Pune,Khed,Outposts,1
2018,Pune,Maval,Outposts,1
2018,Pune,Mulashi,Outposts,2
2018,Pune,Haveli,Outposts,3
2018,Pune,Pune City,Outposts,
2018,Pune,Daund,Outposts,
2018,Pune,Purandar,Outposts,3
2018,Pune,Welhe,Outposts,1
2018,Pune,Bhor,Outposts,1
2018,Pune,Baramati,Outposts,4
2018,Pune,Indapur,Outposts,2
2019,Pune,Junnar,Outposts,2
2019,Pune,Aambegaon,Outposts,
2019,Pune,Shirur,Outposts,1
2019,Pune,Khed,Outposts,
2019,Pune,Maval,Outposts,1
2019,Pune,Mulashi,Outposts,
2019,Pune,Haveli,Outposts,2
2019,Pune,Pune City,Outposts,
2019,Pune,Daund,Outposts,1
2019,Pune,Purandar,Outposts,3
2019,Pune,Welhe,Outposts,
2019,Pune,Bhor,Outposts,1
2019,Pune,Baramati,Outposts,2
2019,Pune,Indapur,Outposts,2
2020,Pune,Junnar,Outposts,1
2020,Pune,Aambegaon,Outposts,1
2020,Pune,Shirur,Outposts,3
2020,Pune,Khed,Outposts,1
2020,Pune,Maval,Outposts,1
2020,Pune,Mulashi,Outposts,1
2020,Pune,Haveli,Outposts,
2020,Pune,Pune City,Outposts,
2020,Pune,Daund,Outposts,2
2020,Pune,Purandar,Outposts,1
2020,Pune,Welhe,Outposts,
2020,Pune,Bhor,Outposts,1
2020,Pune,Baramati,Outposts,
2020,Pune,Indapur,Outposts,
2021,Pune,Junnar,Outposts,1
2021,Pune,Aambegaon,Outposts,1
2021,Pune,Shirur,Outposts,3
2021,Pune,Khed,Outposts,1
2021,Pune,Maval,Outposts,1
2021,Pune,Mulashi,Outposts,1
2021,Pune,Haveli,Outposts,
2021,Pune,Pune City,Outposts,
2021,Pune,Daund,Outposts,8
2021,Pune,Purandar,Outposts,3
2021,Pune,Welhe,Outposts,
2021,Pune,Bhor,Outposts,6
2021,Pune,Baramati,Outposts,
2021,Pune,Indapur,Outposts,
2018,Raigad,Uran,Outposts,17
2018,Raigad,Panwel,Outposts,
2018,Raigad,Karjat,Outposts,
2018,Raigad,Khalapur,Outposts,
2018,Raigad,Pen,Outposts,
2018,Raigad,Alibag,Outposts,
2018,Raigad,Murud,Outposts,
2018,Raigad,Roha,Outposts,
2018,Raigad,Sudhagad,Outposts,
2018,Raigad,Mangaon,Outposts,
2018,Raigad,Tala,Outposts,
2018,Raigad,Shreevardhan,Outposts,
2018,Raigad,Mhasala,Outposts,
2018,Raigad,Mahad,Outposts,
2018,Raigad,Poladpur,Outposts,
2019,Raigad,Uran,Outposts,18
2019,Raigad,Panwel,Outposts,
2019,Raigad,Karjat,Outposts,
2019,Raigad,Khalapur,Outposts,
2019,Raigad,Pen,Outposts,
2019,Raigad,Alibag,Outposts,
2019,Raigad,Murud,Outposts,
2019,Raigad,Roha,Outposts,
2019,Raigad,Sudhagad,Outposts,
2019,Raigad,Mangaon,Outposts,
2019,Raigad,Tala,Outposts,
2019,Raigad,Shreevardhan,Outposts,
2019,Raigad,Mhasala,Outposts,
2019,Raigad,Mahad,Outposts,
2019,Raigad,Poladpur,Outposts,
2020,Raigad,Uran,Outposts,26
2020,Raigad,Panwel,Outposts,
2020,Raigad,Karjat,Outposts,
2020,Raigad,Khalapur,Outposts,
2020,Raigad,Pen,Outposts,
2020,Raigad,Alibag,Outposts,
2020,Raigad,Murud,Outposts,
2020,Raigad,Roha,Outposts,
2020,Raigad,Sudhagad,Outposts,
2020,Raigad,Mangaon,Outposts,
2020,Raigad,Tala,Outposts,
2020,Raigad,Shreevardhan,Outposts,
2020,Raigad,Mhasala,Outposts,
2020,Raigad,Mahad,Outposts,
2020,Raigad,Poladpur,Outposts,
2021,Raigad,Uran,Outposts,14
2021,Raigad,Panwel,Outposts,
2021,Raigad,Karjat,Outposts,7
2021,Raigad,Khalapur,Outposts,15
2021,Raigad,Pen,Outposts,6
2021,Raigad,Alibag,Outposts,10
2021,Raigad,Murud,Outposts,
2021,Raigad,Roha,Outposts,6
2021,Raigad,Sudhagad,Outposts,6
2021,Raigad,Mangaon,Outposts,9
2021,Raigad,Tala,Outposts,
2021,Raigad,Shreevardhan,Outposts,
2021,Raigad,Mhasala,Outposts,
2021,Raigad,Mahad,Outposts,3
2021,Raigad,Poladpur,Outposts,
2018,Ratnagiri,Mandangad,Outposts,4
2018,Ratnagiri,Dapoli,Outposts,12
2018,Ratnagiri,Khed,Outposts,6
2018,Ratnagiri,Chiplun,Outposts,8
2018,Ratnagiri,Guhagar,Outposts,2
2018,Ratnagiri,Ratnagiri,Outposts,8
2018,Ratnagiri,Sangameshwar,Outposts,6
2018,Ratnagiri,Lanja,Outposts,2
2018,Ratnagiri,Rajapur,Outposts,6
2019,Ratnagiri,Mandangad,Outposts,9
2019,Ratnagiri,Dapoli,Outposts,15
2019,Ratnagiri,Khed,Outposts,9
2019,Ratnagiri,Chiplun,Outposts,13
2019,Ratnagiri,Guhagar,Outposts,
2019,Ratnagiri,Ratnagiri,Outposts,22
2019,Ratnagiri,Sangameshwar,Outposts,12
2019,Ratnagiri,Lanja,Outposts,2
2019,Ratnagiri,Rajapur,Outposts,8
2020,Ratnagiri,Mandangad,Outposts,
2020,Ratnagiri,Dapoli,Outposts,
2020,Ratnagiri,Khed,Outposts,
2020,Ratnagiri,Chiplun,Outposts,
2020,Ratnagiri,Guhagar,Outposts,
2020,Ratnagiri,Ratnagiri,Outposts,
2020,Ratnagiri,Sangameshwar,Outposts,
2020,Ratnagiri,Lanja,Outposts,
2020,Ratnagiri,Rajapur,Outposts,
2021,Ratnagiri,Mandangad,Outposts,4
2021,Ratnagiri,Dapoli,Outposts,13
2021,Ratnagiri,Khed,Outposts,11
2021,Ratnagiri,Chiplun,Outposts,11
2021,Ratnagiri,Guhagar,Outposts,
2021,Ratnagiri,Ratnagiri,Outposts,15
2021,Ratnagiri,Sangameshwar,Outposts,13
2021,Ratnagiri,Lanja,Outposts,
2021,Ratnagiri,Rajapur,Outposts,5
2018,Sangli,Shirala,Outposts,
2018,Sangli,Valava,Outposts,14
2018,Sangli,Palus,Outposts,
2018,Sangli,Kadegaon,Outposts,20
2018,Sangli,Khanapur,Outposts,8
2018,Sangli,Aatpadi,Outposts,5
2018,Sangli,Tasgaon,Outposts,3
2018,Sangli,Miraj,Outposts,12
2018,Sangli,Ku. Mahakal,Outposts,5
2018,Sangli,Jat,Outposts,1
2019,Sangli,Shirala,Outposts,
2019,Sangli,Valava,Outposts,27
2019,Sangli,Palus,Outposts,
2019,Sangli,Kadegaon,Outposts,11
2019,Sangli,Khanapur,Outposts,10
2019,Sangli,Aatpadi,Outposts,9
2019,Sangli,Tasgaon,Outposts,6
2019,Sangli,Miraj,Outposts,32
2019,Sangli,Ku. Mahakal,Outposts,14
2019,Sangli,Jat,Outposts,8
2020,Sangli,Shirala,Outposts,
2020,Sangli,Valava,Outposts,29
2020,Sangli,Palus,Outposts,
2020,Sangli,Kadegaon,Outposts,13
2020,Sangli,Khanapur,Outposts,9
2020,Sangli,Aatpadi,Outposts,8
2020,Sangli,Tasgaon,Outposts,7
2020,Sangli,Miraj,Outposts,39
2020,Sangli,Ku. Mahakal,Outposts,13
2020,Sangli,Jat,Outposts,10
2021,Sangli,Shirala,Outposts,24
2021,Sangli,Valava,Outposts,50
2021,Sangli,Palus,Outposts,
2021,Sangli,Kadegaon,Outposts,21
2021,Sangli,Khanapur,Outposts,39
2021,Sangli,Aatpadi,Outposts,17
2021,Sangli,Tasgaon,Outposts,15
2021,Sangli,Miraj,Outposts,35
2021,Sangli,Ku. Mahakal,Outposts,19
2021,Sangli,Jat,Outposts,38
2018,Satara,Mahableshwar,Outposts,4
2018,Satara,Vai,Outposts,
2018,Satara,Khandala,Outposts,4
2018,Satara,Faltan,Outposts,16
2018,Satara,Man,Outposts,8
2018,Satara,Khatav,Outposts,8
2018,Satara,Koregaon,Outposts,4
2018,Satara,Satara,Outposts,20
2018,Satara,Javali,Outposts,12
2018,Satara,Patan,Outposts,8
2018,Satara,Karad,Outposts,40
2019,Satara,Mahableshwar,Outposts,4
2019,Satara,Vai,Outposts,
2019,Satara,Khandala,Outposts,4
2019,Satara,Faltan,Outposts,16
2019,Satara,Man,Outposts,7
2019,Satara,Khatav,Outposts,8
2019,Satara,Koregaon,Outposts,4
2019,Satara,Satara,Outposts,19
2019,Satara,Javali,Outposts,12
2019,Satara,Patan,Outposts,8
2019,Satara,Karad,Outposts,37
2020,Satara,Mahableshwar,Outposts,4
2020,Satara,Vai,Outposts,
2020,Satara,Khandala,Outposts,4
2020,Satara,Faltan,Outposts,15
2020,Satara,Man,Outposts,8
2020,Satara,Khatav,Outposts,7
2020,Satara,Koregaon,Outposts,4
2020,Satara,Satara,Outposts,17
2020,Satara,Javali,Outposts,12
2020,Satara,Patan,Outposts,7
2020,Satara,Karad,Outposts,43
2021,Satara,Mahableshwar,Outposts,3
2021,Satara,Vai,Outposts,
2021,Satara,Khandala,Outposts,5
2021,Satara,Faltan,Outposts,17
2021,Satara,Man,Outposts,5
2021,Satara,Khatav,Outposts,16
2021,Satara,Koregaon,Outposts,6
2021,Satara,Satara,Outposts,3
2021,Satara,Javali,Outposts,8
2021,Satara,Patan,Outposts,7
2021,Satara,Karad,Outposts,44
2018,Sindhudurg,Devgad,Outposts,5
2018,Sindhudurg,Vaibhavwadi,Outposts,4
2018,Sindhudurg,Kankavali,Outposts,11
2018,Sindhudurg,Malvan,Outposts,8
2018,Sindhudurg,Vengurla,Outposts,6
2018,Sindhudurg,Kudal,Outposts,4
2018,Sindhudurg,Sawantwadi,Outposts,15
2018,Sindhudurg,Dodamarg,Outposts,4
2019,Sindhudurg,Devgad,Outposts,7
2019,Sindhudurg,Vaibhavwadi,Outposts,3
2019,Sindhudurg,Kankawali,Outposts,4
2019,Sindhudurg,Malwan,Outposts,8
2019,Sindhudurg,Vengurli,Outposts,7
2019,Sindhudurg,Kulad,Outposts,5
2019,Sindhudurg,Savantwadi,Outposts,16
2019,Sindhudurg,Dodamarg,Outposts,3
2020,Sindhudurg,Devgad,Outposts,7
2020,Sindhudurg,Vaibhavwadi,Outposts,3
2020,Sindhudurg,Kankawali,Outposts,11
2020,Sindhudurg,Malwan,Outposts,7
2020,Sindhudurg,Vengurli,Outposts,4
2020,Sindhudurg,Kulad,Outposts,6
2020,Sindhudurg,Savantwadi,Outposts,17
2020,Sindhudurg,Dodamarg,Outposts,8
2021,Sindhudurg,Devgad,Outposts,2
2021,Sindhudurg,Vaibhavwadi,Outposts,2
2021,Sindhudurg,Kankawali,Outposts,8
2021,Sindhudurg,Malwan,Outposts,6
2021,Sindhudurg,Vengurli,Outposts,5
2021,Sindhudurg,Kulad,Outposts,7
2021,Sindhudurg,Savantwadi,Outposts,14
2021,Sindhudurg,Dodamarg,Outposts,4
2018,Thane,Thane,Outposts,29
2018,Thane,Bhivandi,Outposts,5
2018,Thane,Shahapur,Outposts,13
2018,Thane,Kalyan,Outposts,10
2018,Thane,Ulhasnagar,Outposts,10
2018,Thane,Ambarnath,Outposts,
2018,Thane,Murbad,Outposts,48
2019,Thane,Thane,Outposts,29
2019,Thane,Bhivandi,Outposts,5
2019,Thane,Shahapur,Outposts,13
2019,Thane,Kalyan,Outposts,10
2019,Thane,Ulhasnagar,Outposts,
2019,Thane,Ambarnath,Outposts,
2019,Thane,Murbad,Outposts,1
2020,Thane,Thane,Outposts,12
2020,Thane,Bhivandi,Outposts,14
2020,Thane,Shahapur,Outposts,9
2020,Thane,Kalyan,Outposts,5
2020,Thane,Ulhasnagar,Outposts,
2020,Thane,Ambarnath,Outposts,
2020,Thane,Murbad,Outposts,7
2021,Thane,Thane,Outposts,20
2021,Thane,Bhivandi,Outposts,14
2021,Thane,Shahapur,Outposts,12
2021,Thane,Kalyan,Outposts,
2021,Thane,Ulhasnagar,Outposts,4
2021,Thane,Ambarnath,Outposts,
2021,Thane,Murbad,Outposts,14
2018,Wardha,Ashti,Outposts,
2018,Wardha,Karanja,Outposts,
2018,Wardha,Aarvi,Outposts,
2018,Wardha,Selu,Outposts,
2018,Wardha,Wardha,Outposts,
2018,Wardha,Devali,Outposts,
2018,Wardha,Hinganghat,Outposts,
2018,Wardha,Samudrapur,Outposts,
2019,Wardha,Ashti,Outposts,
2019,Wardha,Karanja,Outposts,
2019,Wardha,Aarvi,Outposts,5
2019,Wardha,Selu,Outposts,
2019,Wardha,Wardha,Outposts,
2019,Wardha,Devali,Outposts,20
2019,Wardha,Hinganghat,Outposts,
2019,Wardha,Samudrapur,Outposts,
2020,Wardha,Ashti,Outposts,
2020,Wardha,Karanja,Outposts,
2020,Wardha,Aarvi,Outposts,5
2020,Wardha,Selu,Outposts,
2020,Wardha,Wardha,Outposts,
2020,Wardha,Devali,Outposts,20
2020,Wardha,Hinganghat,Outposts,
2020,Wardha,Samudrapur,Outposts,
2021,Wardha,Ashti,Outposts,
2021,Wardha,Karanja,Outposts,
2021,Wardha,Aarvi,Outposts,5
2021,Wardha,Selu,Outposts,
2021,Wardha,Wardha,Outposts,
2021,Wardha,Devali,Outposts,20
2021,Wardha,Hinganghat,Outposts,
2021,Wardha,Samudrapur,Outposts,
2018,Washim,Malegaon,Outposts,
2018,Washim,Mangrulpir,Outposts,
2018,Washim,Karanja,Outposts,
2018,Washim,Manora,Outposts,
2018,Washim,Washim,Outposts,
2018,Washim,Resod,Outposts,
2019,Washim,Malegaon,Outposts,
2019,Washim,Mangrulpir,Outposts,
2019,Washim,Karanja,Outposts,
2019,Washim,Manora,Outposts,
2019,Washim,Washim,Outposts,
2019,Washim,Resod,Outposts,
2020,Washim,Malegaon,Outposts,
2020,Washim,Mangrulpir,Outposts,
2020,Washim,Karanja,Outposts,
2020,Washim,Manora,Outposts,
2020,Washim,Washim,Outposts,
2020,Washim,Resod,Outposts,
2021,Washim,Malegaon,Outposts,
2021,Washim,Mangrulpir,Outposts,
2021,Washim,Karanja,Outposts,
2021,Washim,Manora,Outposts,
2021,Washim,Washim,Outposts,
2021,Washim,Resod,Outposts,
2018,Yavatmal,Ner,Outposts,
2018,Yavatmal,Babhulgaon,Outposts,
2018,Yavatmal,Kalamb,Outposts,2
2018,Yavatmal,Yavatmal,Outposts,
2018,Yavatmal,Darvha,Outposts,10
2018,Yavatmal,Digras,Outposts,5
2018,Yavatmal,Pusad,Outposts,
2018,Yavatmal,Umarkhed,Outposts,
2018,Yavatmal,Mahagaon,Outposts,
2018,Yavatmal,Aarni,Outposts,11
2018,Yavatmal,Ghantaji,Outposts,5
2018,Yavatmal,Kelapur,Outposts,6
2018,Yavatmal,Ralegaon,Outposts,
2018,Yavatmal,Maregaon,Outposts,
2018,Yavatmal,Zari Jamani,Outposts,
2018,Yavatmal,Vani,Outposts,7
2019,Yavatmal,Ner,Outposts,
2019,Yavatmal,Babhulgaon,Outposts,
2019,Yavatmal,Kalamb,Outposts,2
2019,Yavatmal,Yavatmal,Outposts,
2019,Yavatmal,Darvha,Outposts,10
2019,Yavatmal,Digras,Outposts,3
2019,Yavatmal,Pusad,Outposts,4
2019,Yavatmal,Umarkhed,Outposts,3
2019,Yavatmal,Mahagaon,Outposts,
2019,Yavatmal,Aarni,Outposts,11
2019,Yavatmal,Ghantaji,Outposts,7
2019,Yavatmal,Kelapur,Outposts,13
2019,Yavatmal,Ralegaon,Outposts,
2019,Yavatmal,Maregaon,Outposts,
2019,Yavatmal,Zari Jamani,Outposts,
2019,Yavatmal,Vani,Outposts,5
2020,Yavatmal,Ner,Outposts,
2020,Yavatmal,Babhulgaon,Outposts,
2020,Yavatmal,Kalamb,Outposts,2
2020,Yavatmal,Yavatmal,Outposts,
2020,Yavatmal,Darvha,Outposts,8
2020,Yavatmal,Digras,Outposts,3
2020,Yavatmal,Pusad,Outposts,6
2020,Yavatmal,Umarkhed,Outposts,3
2020,Yavatmal,Mahagaon,Outposts,
2020,Yavatmal,Aarni,Outposts,9
2020,Yavatmal,Ghantaji,Outposts,8
2020,Yavatmal,Kelapur,Outposts,10
2020,Yavatmal,Ralegaon,Outposts,
2020,Yavatmal,Maregaon,Outposts,
2020,Yavatmal,Zari Jamani,Outposts,
2020,Yavatmal,Vani,Outposts,4
2021,Yavatmal,Ner,Outposts,
2021,Yavatmal,Babhulgaon,Outposts,
2021,Yavatmal,Kalamb,Outposts,2
2021,Yavatmal,Yavatmal,Outposts,
2021,Yavatmal,Darvha,Outposts,8
2021,Yavatmal,Digras,Outposts,3
2021,Yavatmal,Pusad,Outposts,9
2021,Yavatmal,Umarkhed,Outposts,3
2021,Yavatmal,Mahagaon,Outposts,
2021,Yavatmal,Aarni,Outposts,6
2021,Yavatmal,Ghantaji,Outposts,7
2021,Yavatmal,Kelapur,Outposts,8
2021,Yavatmal,Ralegaon,Outposts,
2021,Yavatmal,Maregaon,Outposts,
2021,Yavatmal,Zari Jamani,Outposts,
2021,Yavatmal,Vani,Outposts,6
2018,Ahilyanagar,Akole,Police Chowkis,
2018,Ahilyanagar,Sangamner,Police Chowkis,10
2018,Ahilyanagar,Kopargaon,Police Chowkis,
2018,Ahilyanagar,Rahata,Police Chowkis,
2018,Ahilyanagar,Srirampur,Police Chowkis,6
2018,Ahilyanagar,Nevasa,Police Chowkis,
2018,Ahilyanagar,Shevgaon,Police Chowkis,
2018,Ahilyanagar,Pathardi,Police Chowkis,
2018,Ahilyanagar,Nagar,Police Chowkis,33
2018,Ahilyanagar,Rahuri,Police Chowkis,
2018,Ahilyanagar,Parner,Police Chowkis,
2018,Ahilyanagar,Srigonda,Police Chowkis,
2018,Ahilyanagar,Karjat,Police Chowkis,2
2018,Ahilyanagar,Jamkhed,Police Chowkis,
2019,Ahilyanagar,Akole,Police Chowkis,1
2019,Ahilyanagar,Sangamner,Police Chowkis,12
2019,Ahilyanagar,Kopargaon,Police Chowkis,
2019,Ahilyanagar,Rahata,Police Chowkis,
2019,Ahilyanagar,Srirampur,Police Chowkis,6
2019,Ahilyanagar,Nevasa,Police Chowkis,
2019,Ahilyanagar,Shevgaon,Police Chowkis,
2019,Ahilyanagar,Pathardi,Police Chowkis,
2019,Ahilyanagar,Nagar,Police Chowkis,35
2019,Ahilyanagar,Rahuri,Police Chowkis,
2019,Ahilyanagar,Parner,Police Chowkis,
2019,Ahilyanagar,Srigonda,Police Chowkis,
2019,Ahilyanagar,Karjat,Police Chowkis,3
2019,Ahilyanagar,Jamkhed,Police Chowkis,
2020,Ahilyanagar,Akole,Police Chowkis,15
2020,Ahilyanagar,Sangamner,Police Chowkis,
2020,Ahilyanagar,Kopargaon,Police Chowkis,
2020,Ahilyanagar,Rahata,Police Chowkis,26
2020,Ahilyanagar,Srirampur,Police Chowkis,19
2020,Ahilyanagar,Nevasa,Police Chowkis,
2020,Ahilyanagar,Shevgaon,Police Chowkis,12
2020,Ahilyanagar,Pathardi,Police Chowkis,
2020,Ahilyanagar,Nagar,Police Chowkis,66
2020,Ahilyanagar,Rahuri,Police Chowkis,
2020,Ahilyanagar,Parner,Police Chowkis,
2020,Ahilyanagar,Srigonda,Police Chowkis,
2020,Ahilyanagar,Karjat,Police Chowkis,
2020,Ahilyanagar,Jamkhed,Police Chowkis,
2021,Ahilyanagar,Akole,Police Chowkis,19
2021,Ahilyanagar,Sangamner,Police Chowkis,5
2021,Ahilyanagar,Kopargaon,Police Chowkis,12
2021,Ahilyanagar,Rahata,Police Chowkis,
2021,Ahilyanagar,Srirampur,Police Chowkis,18
2021,Ahilyanagar,Nevasa,Police Chowkis,
2021,Ahilyanagar,Shevgaon,Police Chowkis,
2021,Ahilyanagar,Pathardi,Police Chowkis,
2021,Ahilyanagar,Nagar,Police Chowkis,41
2021,Ahilyanagar,Rahuri,Police Chowkis,32
2021,Ahilyanagar,Parner,Police Chowkis,
2021,Ahilyanagar,Srigonda,Police Chowkis,20
2021,Ahilyanagar,Karjat,Police Chowkis,4
2021,Ahilyanagar,Jamkhed,Police Chowkis,16
2018,Akola,Telhara,Police Chowkis,
2018,Akola,Akot,Police Chowkis,23
2018,Akola,Balapur,Police Chowkis,
2018,Akola,Akola,Police Chowkis,35
2018,Akola,Murtijapur,Police Chowkis,10
2018,Akola,Patur,Police Chowkis,
2018,Akola,Barshitakali,Police Chowkis,
2019,Akola,Telhara,Police Chowkis,
2019,Akola,Akot,Police Chowkis,15
2019,Akola,Balapur,Police Chowkis,
2019,Akola,Akola,Police Chowkis,132
2019,Akola,Murtijapur,Police Chowkis,6
2019,Akola,Patur,Police Chowkis,
2019,Akola,Barshitakali,Police Chowkis,
2020,Akola,Telhara,Police Chowkis,
2020,Akola,Akot,Police Chowkis,21
2020,Akola,Balapur,Police Chowkis,
2020,Akola,Akola,Police Chowkis,75
2020,Akola,Murtijapur,Police Chowkis,10
2020,Akola,Patur,Police Chowkis,
2020,Akola,Barshitakali,Police Chowkis,
2021,Akola,Telhara,Police Chowkis,
2021,Akola,Akot,Police Chowkis,21
2021,Akola,Balapur,Police Chowkis,
2021,Akola,Akola,Police Chowkis,79
2021,Akola,Murtijapur,Police Chowkis,10
2021,Akola,Patur,Police Chowkis,
2021,Akola,Barshitakali,Police Chowkis,
2018,Amravati,Dharani,Police Chowkis,
2018,Amravati,Chikhraldara,Police Chowkis,
2018,Amravati,Anjangaon Su,Police Chowkis,
2018,Amravati,Achalpur,Police Chowkis,
2018,Amravati,Chandurbazar,Police Chowkis,
2018,Amravati,Morshi,Police Chowkis,
2018,Amravati,Warud,Police Chowkis,
2018,Amravati,Tivas,Police Chowkis,
2018,Amravati,Amravati,Police Chowkis,
2018,Amravati,Bhatkuli,Police Chowkis,
2018,Amravati,Daryapur,Police Chowkis,
2018,Amravati,Nandgaon Kh,Police Chowkis,
2018,Amravati,Chandur Railway,Police Chowkis,
2018,Amravati,Dhamangaon Re,Police Chowkis,
2019,Amravati,Dharani,Police Chowkis,
2019,Amravati,Chikhraldara,Police Chowkis,
2019,Amravati,Anjangaon Su,Police Chowkis,
2019,Amravati,Achalpur,Police Chowkis,
2019,Amravati,Chandurbazar,Police Chowkis,
2019,Amravati,Morshi,Police Chowkis,4
2019,Amravati,Warud,Police Chowkis,5
2019,Amravati,Tivas,Police Chowkis,
2019,Amravati,Amravati,Police Chowkis,13
2019,Amravati,Bhatkuli,Police Chowkis,
2019,Amravati,Daryapur,Police Chowkis,
2019,Amravati,Nandgaon Kh,Police Chowkis,10
2019,Amravati,Chandur Railway,Police Chowkis,5
2019,Amravati,Dhamangaon Re,Police Chowkis,
2020,Amravati,Dharani,Police Chowkis,
2020,Amravati,Chikhraldara,Police Chowkis,
2020,Amravati,Anjangaon Su,Police Chowkis,
2020,Amravati,Achalpur,Police Chowkis,
2020,Amravati,Chandurbazar,Police Chowkis,
2020,Amravati,Morshi,Police Chowkis,4
2020,Amravati,Warud,Police Chowkis,5
2020,Amravati,Tivas,Police Chowkis,
2020,Amravati,Amravati,Police Chowkis,17
2020,Amravati,Bhatkuli,Police Chowkis,
2020,Amravati,Daryapur,Police Chowkis,
2020,Amravati,Nandgaon Kh,Police Chowkis,10
2020,Amravati,Chandur Railway,Police Chowkis,5
2020,Amravati,Dhamangaon Re,Police Chowkis,
2021,Amravati,Dharani,Police Chowkis,
2021,Amravati,Chikhraldara,Police Chowkis,
2021,Amravati,Anjangaon Su,Police Chowkis,
2021,Amravati,Achalpur,Police Chowkis,
2021,Amravati,Chandurbazar,Police Chowkis,
2021,Amravati,Morshi,Police Chowkis,
2021,Amravati,Warud,Police Chowkis,5
2021,Amravati,Tivas,Police Chowkis,
2021,Amravati,Amravati,Police Chowkis,36
2021,Amravati,Bhatkuli,Police Chowkis,
2021,Amravati,Daryapur,Police Chowkis,
2021,Amravati,Nandgaon Kh,Police Chowkis,10
2021,Amravati,Chandur Railway,Police Chowkis,5
2021,Amravati,Dhamangaon Re,Police Chowkis,
2018,Beed,Ashti,Police Chowkis,
2018,Beed,Patoda,Police Chowkis,
2018,Beed,Shirur Kasar,Police Chowkis,
2018,Beed,Gevrai,Police Chowkis,
2018,Beed,Majalgaon,Police Chowkis,
2018,Beed,Wadwani,Police Chowkis,
2018,Beed,Beed,Police Chowkis,18
2018,Beed,Cage,Police Chowkis,
2018,Beed,Dharur,Police Chowkis,3
2018,Beed,Parli,Police Chowkis,1
2018,Beed,Ambajogai,Police Chowkis,7
2019,Beed,Ashti,Police Chowkis,
2019,Beed,Patoda,Police Chowkis,
2019,Beed,Shirur Kasar,Police Chowkis,
2019,Beed,Gevrai,Police Chowkis,
2019,Beed,Majalgaon,Police Chowkis,
2019,Beed,Wadwani,Police Chowkis,
2019,Beed,Beed,Police Chowkis,16
2019,Beed,Cage,Police Chowkis,
2019,Beed,Dharur,Police Chowkis,2
2019,Beed,Parli,Police Chowkis,2
2019,Beed,Ambajogai,Police Chowkis,8
2020,Beed,Ashti,Police Chowkis,6
2020,Beed,Patoda,Police Chowkis,6
2020,Beed,Shirur Kasar,Police Chowkis,
2020,Beed,Gevrai,Police Chowkis,
2020,Beed,Majalgaon,Police Chowkis,2
2020,Beed,Wadwani,Police Chowkis,
2020,Beed,Beed,Police Chowkis,21
2020,Beed,Cage,Police Chowkis,
2020,Beed,Dharur,Police Chowkis,
2020,Beed,Parli,Police Chowkis,
2020,Beed,Ambajogai,Police Chowkis,8
2021,Beed,Ashti,Police Chowkis,7
2021,Beed,Patoda,Police Chowkis,3
2021,Beed,Shirur Kasar,Police Chowkis,
2021,Beed,Gevrai,Police Chowkis,
2021,Beed,Majalgaon,Police Chowkis,3
2021,Beed,Wadwani,Police Chowkis,
2021,Beed,Beed,Police Chowkis,7
2021,Beed,Cage,Police Chowkis,
2021,Beed,Dharur,Police Chowkis,
2021,Beed,Parli,Police Chowkis,
2021,Beed,Ambajogai,Police Chowkis,12
2018,Bhandara,Tumsar,Police Chowkis,
2018,Bhandara,Mohadi,Police Chowkis,
2018,Bhandara,Bhandara,Police Chowkis,6
2018,Bhandara,Sakoli,Police Chowkis,
2018,Bhandara,Lakhani,Police Chowkis,
2018,Bhandara,Pavani,Police Chowkis,4
2018,Bhandara,Lakhandur,Police Chowkis,
2019,Bhandara,Tumsar,Police Chowkis,
2019,Bhandara,Mohadi,Police Chowkis,
2019,Bhandara,Bhandara,Police Chowkis,6
2019,Bhandara,Sakoli,Police Chowkis,
2019,Bhandara,Lakhani,Police Chowkis,
2019,Bhandara,Pavani,Police Chowkis,4
2019,Bhandara,Lakhandur,Police Chowkis,
2020,Bhandara,Tumsar,Police Chowkis,
2020,Bhandara,Mohadi,Police Chowkis,
2020,Bhandara,Bhandara,Police Chowkis,2
2020,Bhandara,Sakoli,Police Chowkis,
2020,Bhandara,Lakhani,Police Chowkis,
2020,Bhandara,Pavani,Police Chowkis,
2020,Bhandara,Lakhandur,Police Chowkis,
2021,Bhandara,Tumsar,Police Chowkis,
2021,Bhandara,Mohadi,Police Chowkis,
2021,Bhandara,Bhandara,Police Chowkis,
2021,Bhandara,Sakoli,Police Chowkis,
2021,Bhandara,Lakhani,Police Chowkis,
2021,Bhandara,Pavani,Police Chowkis,3
2021,Bhandara,Lakhandur,Police Chowkis,
2018,Buldhana,Jalgaon Jamod,Police Chowkis,
2018,Buldhana,Sangrampur,Police Chowkis,
2018,Buldhana,Shegaon,Police Chowkis,6
2018,Buldhana,Nandura,Police Chowkis,
2018,Buldhana,Malkapur,Police Chowkis,15
2018,Buldhana,Motala,Police Chowkis,
2018,Buldhana,Khamgaon,Police Chowkis,48
2018,Buldhana,Mehkar,Police Chowkis,5
2018,Buldhana,Chikhali,Police Chowkis,
2018,Buldhana,Buldhana,Police Chowkis,3
2018,Buldhana,Deulgaon Raja,Police Chowkis,2
2018,Buldhana,Sindkhed Raja,Police Chowkis,1
2018,Buldhana,Lonar,Police Chowkis,2
2019,Buldhana,Jalgaon Jamod,Police Chowkis,5
2019,Buldhana,Sangrampur,Police Chowkis,
2019,Buldhana,Shegaon,Police Chowkis,10
2019,Buldhana,Nandura,Police Chowkis,3
2019,Buldhana,Malkapur,Police Chowkis,32
2019,Buldhana,Motala,Police Chowkis,
2019,Buldhana,Khamgaon,Police Chowkis,41
2019,Buldhana,Mehkar,Police Chowkis,2
2019,Buldhana,Chikhali,Police Chowkis,
2019,Buldhana,Buldhana,Police Chowkis,5
2019,Buldhana,Deulgaon Raja,Police Chowkis,2
2019,Buldhana,Sindkhed Raja,Police Chowkis,
2019,Buldhana,Lonar,Police Chowkis,4
2020,Buldhana,Jalgaon Jamod,Police Chowkis,5
2020,Buldhana,Sangrampur,Police Chowkis,
2020,Buldhana,Shegaon,Police Chowkis,10
2020,Buldhana,Nandura,Police Chowkis,3
2020,Buldhana,Malkapur,Police Chowkis,32
2020,Buldhana,Motala,Police Chowkis,
2020,Buldhana,Khamgaon,Police Chowkis,41
2020,Buldhana,Mehkar,Police Chowkis,2
2020,Buldhana,Chikhali,Police Chowkis,
2020,Buldhana,Buldhana,Police Chowkis,5
2020,Buldhana,Deulgaon Raja,Police Chowkis,2
2020,Buldhana,Sindkhed Raja,Police Chowkis,
2020,Buldhana,Lonar,Police Chowkis,4
2021,Buldhana,Jalgaon Jamod,Police Chowkis,5
2021,Buldhana,Sangrampur,Police Chowkis,
2021,Buldhana,Shegaon,Police Chowkis,10
2021,Buldhana,Nandura,Police Chowkis,3
2021,Buldhana,Malkapur,Police Chowkis,32
2021,Buldhana,Motala,Police Chowkis,
2021,Buldhana,Khamgaon,Police Chowkis,41
2021,Buldhana,Mehkar,Police Chowkis,2
2021,Buldhana,Chikhali,Police Chowkis,
2021,Buldhana,Buldhana,Police Chowkis,5
2021,Buldhana,Deulgaon Raja,Police Chowkis,2
2021,Buldhana,Sindkhed Raja,Police Chowkis,
2021,Buldhana,Lonar,Police Chowkis,4
2018,Chandrapur,Varora,Police Chowkis,
2018,Chandrapur,Chimur,Police Chowkis,
2018,Chandrapur,Nagbhid,Police Chowkis,
2018,Chandrapur,Bramhapuri,Police Chowkis,
2018,Chandrapur,Savali,Police Chowkis,
2018,Chandrapur,Sindevahi,Police Chowkis,
2018,Chandrapur,Bhadravati,Police Chowkis,
2018,Chandrapur,Chandrapur,Police Chowkis,54
2018,Chandrapur,Mul,Police Chowkis,5
2018,Chandrapur,Ponbhurna,Police Chowkis,
2018,Chandrapur,Ballarpur,Police Chowkis,14
2018,Chandrapur,Korpana,Police Chowkis,
2018,Chandrapur,Rajura,Police Chowkis,
2018,Chandrapur,Gondpipari,Police Chowkis,
2018,Chandrapur,Jivati,Police Chowkis,
2019,Chandrapur,Varora,Police Chowkis,
2019,Chandrapur,Chimur,Police Chowkis,
2019,Chandrapur,Nagbhid,Police Chowkis,
2019,Chandrapur,Bramhapuri,Police Chowkis,
2019,Chandrapur,Savali,Police Chowkis,
2019,Chandrapur,Sindevahi,Police Chowkis,
2019,Chandrapur,Bhadravati,Police Chowkis,
2019,Chandrapur,Chandrapur,Police Chowkis,121
2019,Chandrapur,Mul,Police Chowkis,6
2019,Chandrapur,Ponbhurna,Police Chowkis,
2019,Chandrapur,Ballarpur,Police Chowkis,2
2019,Chandrapur,Korpana,Police Chowkis,7
2019,Chandrapur,Rajura,Police Chowkis,4
2019,Chandrapur,Gondpipari,Police Chowkis,
2019,Chandrapur,Jivati,Police Chowkis,
2020,Chandrapur,Varora,Police Chowkis,
2020,Chandrapur,Chimur,Police Chowkis,
2020,Chandrapur,Nagbhid,Police Chowkis,
2020,Chandrapur,Bramhapuri,Police Chowkis,
2020,Chandrapur,Savali,Police Chowkis,
2020,Chandrapur,Sindevahi,Police Chowkis,
2020,Chandrapur,Bhadravati,Police Chowkis,
2020,Chandrapur,Chandrapur,Police Chowkis,191
2020,Chandrapur,Mul,Police Chowkis,3
2020,Chandrapur,Ponbhurna,Police Chowkis,
2020,Chandrapur,Ballarpur,Police Chowkis,3
2020,Chandrapur,Korpana,Police Chowkis,10
2020,Chandrapur,Rajura,Police Chowkis,5
2020,Chandrapur,Gondpipari,Police Chowkis,
2020,Chandrapur,Jivati,Police Chowkis,
2021,Chandrapur,Varora,Police Chowkis,
2021,Chandrapur,Chimur,Police Chowkis,
2021,Chandrapur,Nagbhid,Police Chowkis,
2021,Chandrapur,Bramhapuri,Police Chowkis,
2021,Chandrapur,Savali,Police Chowkis,
2021,Chandrapur,Sindevahi,Police Chowkis,
2021,Chandrapur,Bhadravati,Police Chowkis,
2021,Chandrapur,Chandrapur,Police Chowkis,191
2021,Chandrapur,Mul,Police Chowkis,3
2021,Chandrapur,Ponbhurna,Police Chowkis,
2021,Chandrapur,Ballarpur,Police Chowkis,3
2021,Chandrapur,Korpana,Police Chowkis,10
2021,Chandrapur,Rajura,Police Chowkis,5
2021,Chandrapur,Gondpipari,Police Chowkis,
2021,Chandrapur,Jivati,Police Chowkis,
2018,Dhule,Shirpur,Police Chowkis,
2018,Dhule,Shindkheda,Police Chowkis,
2018,Dhule,Sakri,Police Chowkis,
2018,Dhule,Dhule,Police Chowkis,37
2019,Dhule,Shirpur,Police Chowkis,20
2019,Dhule,Shindkheda,Police Chowkis,
2019,Dhule,Sakri,Police Chowkis,
2019,Dhule,Dhule,Police Chowkis,37
2020,Dhule,Shirpur,Police Chowkis,20
2020,Dhule,Shindkheda,Police Chowkis,
2020,Dhule,Sakri,Police Chowkis,
2020,Dhule,Dhule,Police Chowkis,37
2021,Dhule,Shirpur,Police Chowkis,15
2021,Dhule,Shindkheda,Police Chowkis,
2021,Dhule,Sakri,Police Chowkis,
2021,Dhule,Dhule,Police Chowkis,33
2018,Gadchiroli,Desaiganj,Police Chowkis,
2018,Gadchiroli,Aarmori,Police Chowkis,
2018,Gadchiroli,Kurkheda,Police Chowkis,
2018,Gadchiroli,Korachi,Police Chowkis,
2018,Gadchiroli,Dhanora,Police Chowkis,
2018,Gadchiroli,Gadchiroli,Police Chowkis,
2018,Gadchiroli,Chomoshi,Police Chowkis,
2018,Gadchiroli,Mulchera,Police Chowkis,
2018,Gadchiroli,Etapalli,Police Chowkis,
2018,Gadchiroli,Bhamragad,Police Chowkis,
2018,Gadchiroli,Aheri,Police Chowkis,
2018,Gadchiroli,Sironcha,Police Chowkis,
2019,Gadchiroli,Desaiganj,Police Chowkis,
2019,Gadchiroli,Aarmori,Police Chowkis,
2019,Gadchiroli,Kurkheda,Police Chowkis,
2019,Gadchiroli,Korachi,Police Chowkis,
2019,Gadchiroli,Dhanora,Police Chowkis,
2019,Gadchiroli,Gadchiroli,Police Chowkis,
2019,Gadchiroli,Chomoshi,Police Chowkis,
2019,Gadchiroli,Mulchera,Police Chowkis,
2019,Gadchiroli,Etapalli,Police Chowkis,
2019,Gadchiroli,Bhamragad,Police Chowkis,
2019,Gadchiroli,Aheri,Police Chowkis,
2019,Gadchiroli,Sironcha,Police Chowkis,
2020,Gadchiroli,Desaiganj,Police Chowkis,
2020,Gadchiroli,Aarmori,Police Chowkis,
2020,Gadchiroli,Kurkheda,Police Chowkis,
2020,Gadchiroli,Korachi,Police Chowkis,
2020,Gadchiroli,Dhanora,Police Chowkis,
2020,Gadchiroli,Gadchiroli,Police Chowkis,4
2020,Gadchiroli,Chomoshi,Police Chowkis,
2020,Gadchiroli,Mulchera,Police Chowkis,
2020,Gadchiroli,Etapalli,Police Chowkis,
2020,Gadchiroli,Bhamragad,Police Chowkis,
2020,Gadchiroli,Aheri,Police Chowkis,5
2020,Gadchiroli,Sironcha,Police Chowkis,
2021,Gadchiroli,Desaiganj,Police Chowkis,
2021,Gadchiroli,Aarmori,Police Chowkis,
2021,Gadchiroli,Kurkheda,Police Chowkis,
2021,Gadchiroli,Korachi,Police Chowkis,
2021,Gadchiroli,Dhanora,Police Chowkis,
2021,Gadchiroli,Gadchiroli,Police Chowkis,4
2021,Gadchiroli,Chomoshi,Police Chowkis,
2021,Gadchiroli,Mulchera,Police Chowkis,
2021,Gadchiroli,Etapalli,Police Chowkis,
2021,Gadchiroli,Bhamragad,Police Chowkis,
2021,Gadchiroli,Aheri,Police Chowkis,5
2021,Gadchiroli,Sironcha,Police Chowkis,
2018,Gondia,Tiroda,Police Chowkis,5
2018,Gondia,Goregaon,Police Chowkis,
2018,Gondia,Gondia,Police Chowkis,6
2018,Gondia,Aamgaon,Police Chowkis,
2018,Gondia,Salekasa,Police Chowkis,4
2018,Gondia,Sadak Arjuni,Police Chowkis,
2018,Gondia,Arjuni Morgaon,Police Chowkis,
2018,Gondia,Devari,Police Chowkis,
2019,Gondia,Tiroda,Police Chowkis,5
2019,Gondia,Goregaon,Police Chowkis,
2019,Gondia,Gondia,Police Chowkis,5
2019,Gondia,Aamgaon,Police Chowkis,
2019,Gondia,Salekasa,Police Chowkis,6
2019,Gondia,Sa/Arguni,Police Chowkis,
2019,Gondia,Arguni/Mor,Police Chowkis,
2019,Gondia,Devari,Police Chowkis,
2020,Gondia,Tiroda,Police Chowkis,4
2020,Gondia,Goregaon,Police Chowkis,
2020,Gondia,Gondia,Police Chowkis,3
2020,Gondia,Aamgaon,Police Chowkis,
2020,Gondia,Salekasa,Police Chowkis,7
2020,Gondia,Sa/Arguni,Police Chowkis,
2020,Gondia,Arguni/Mor,Police Chowkis,
2020,Gondia,Devari,Police Chowkis,
2021,Gondia,Tiroda,Police Chowkis,7
2021,Gondia,Goregaon,Police Chowkis,
2021,Gondia,Gondia,Police Chowkis,3
2021,Gondia,Aamgaon,Police Chowkis,
2021,Gondia,Salekasa,Police Chowkis,4
2021,Gondia,Sa/Arguni,Police Chowkis,
2021,Gondia,Arguni/Mor,Police Chowkis,
2021,Gondia,Devari,Police Chowkis,
2018,Hingoli,Sengaon,Police Chowkis,
2018,Hingoli,Hingoli,Police Chowkis,
2018,Hingoli,Aundha Na,Police Chowkis,
2018,Hingoli,Kalamanuri,Police Chowkis,2
2018,Hingoli,Vasamat,Police Chowkis,
2019,Hingoli,Sengaon,Police Chowkis,
2019,Hingoli,Hingoli,Police Chowkis,
2019,Hingoli,Aundha Na,Police Chowkis,
2019,Hingoli,Kalamanuri,Police Chowkis,2
2019,Hingoli,Vasamat,Police Chowkis,
2020,Hingoli,Sengaon,Police Chowkis,
2020,Hingoli,Hingoli,Police Chowkis,
2020,Hingoli,Aundha Na,Police Chowkis,
2020,Hingoli,Kalamanuri,Police Chowkis,2
2020,Hingoli,Vasamat,Police Chowkis,
2021,Hingoli,Sengaon,Police Chowkis,
2021,Hingoli,Hingoli,Police Chowkis,
2021,Hingoli,Aundha Na,Police Chowkis,
2021,Hingoli,Kalamanuri,Police Chowkis,2
2021,Hingoli,Vasamat,Police Chowkis,
2018,Jalna,Bhokardan,Police Chowkis,
2018,Jalna,Jaffrabad,Police Chowkis,
2018,Jalna,Jalna,Police Chowkis,
2018,Jalna,Badnapur,Police Chowkis,
2018,Jalna,Ambad,Police Chowkis,
2018,Jalna,Ghansawangi,Police Chowkis,
2018,Jalna,Partur,Police Chowkis,
2018,Jalna,Mantha,Police Chowkis,
2019,Jalna,Bhokardan,Police Chowkis,5
2019,Jalna,Jaffrabad,Police Chowkis,
2019,Jalna,Jalna,Police Chowkis,44
2019,Jalna,Badnapur,Police Chowkis,2
2019,Jalna,Ambad,Police Chowkis,13
2019,Jalna,Ghansawangi,Police Chowkis,15
2019,Jalna,Partur,Police Chowkis,4
2019,Jalna,Mantha,Police Chowkis,
2020,Jalna,Bhokardan,Police Chowkis,11
2020,Jalna,Jaffrabad,Police Chowkis,
2020,Jalna,Jalna,Police Chowkis,49
2020,Jalna,Badnapur,Police Chowkis,4
2020,Jalna,Ambad,Police Chowkis,16
2020,Jalna,Ghansawangi,Police Chowkis,15
2020,Jalna,Partur,Police Chowkis,19
2020,Jalna,Mantha,Police Chowkis,
2021,Jalna,Bhokardan,Police Chowkis,11
2021,Jalna,Jaffrabad,Police Chowkis,
2021,Jalna,Jalna,Police Chowkis,50
2021,Jalna,Badnapur,Police Chowkis,4
2021,Jalna,Ambad,Police Chowkis,16
2021,Jalna,Ghansawangi,Police Chowkis,15
2021,Jalna,Partur,Police Chowkis,19
2021,Jalna,Mantha,Police Chowkis,
2018,Kolhapur,Shahuwadi,Police Chowkis,2
2018,Kolhapur,Panhala,Police Chowkis,
2018,Kolhapur,Hatkanangale,Police Chowkis,18
2018,Kolhapur,Shirol,Police Chowkis,
2018,Kolhapur,Karveer,Police Chowkis,46
2018,Kolhapur,Gaganbavada,Police Chowkis,
2018,Kolhapur,Radhanagari,Police Chowkis,
2018,Kolhapur,Kagal,Police Chowkis,
2018,Kolhapur,Bhudargad,Police Chowkis,
2018,Kolhapur,Ajara,Police Chowkis,
2018,Kolhapur,Gadhinglaj,Police Chowkis,
2018,Kolhapur,Chandgad,Police Chowkis,
2019,Kolhapur,Shahuwadi,Police Chowkis,2
2019,Kolhapur,Panhala,Police Chowkis,
2019,Kolhapur,Hatkanangale,Police Chowkis,18
2019,Kolhapur,Shirol,Police Chowkis,
2019,Kolhapur,Karveer,Police Chowkis,46
2019,Kolhapur,Gaganbavada,Police Chowkis,
2019,Kolhapur,Radhanagari,Police Chowkis,
2019,Kolhapur,Kagal,Police Chowkis,
2019,Kolhapur,Bhudargad,Police Chowkis,
2019,Kolhapur,Ajara,Police Chowkis,
2019,Kolhapur,Gadhinglaj,Police Chowkis,
2019,Kolhapur,Chandgad,Police Chowkis,
2020,Kolhapur,Shahuwadi,Police Chowkis,2
2020,Kolhapur,Panhala,Police Chowkis,
2020,Kolhapur,Hatkanangale,Police Chowkis,18
2020,Kolhapur,Shirol,Police Chowkis,
2020,Kolhapur,Karveer,Police Chowkis,35
2020,Kolhapur,Gaganbavada,Police Chowkis,
2020,Kolhapur,Radhanagari,Police Chowkis,
2020,Kolhapur,Kagal,Police Chowkis,
2020,Kolhapur,Bhudargad,Police Chowkis,
2020,Kolhapur,Ajara,Police Chowkis,
2020,Kolhapur,Gadhinglaj,Police Chowkis,
2020,Kolhapur,Chandgad,Police Chowkis,
2021,Kolhapur,Shahuwadi,Police Chowkis,2
2021,Kolhapur,Panhala,Police Chowkis,
2021,Kolhapur,Hatkanangale,Police Chowkis,18
2021,Kolhapur,Shirol,Police Chowkis,
2021,Kolhapur,Karveer,Police Chowkis,35
2021,Kolhapur,Gaganbavada,Police Chowkis,
2021,Kolhapur,Radhanagari,Police Chowkis,
2021,Kolhapur,Kagal,Police Chowkis,
2021,Kolhapur,Bhudargad,Police Chowkis,
2021,Kolhapur,Ajara,Police Chowkis,
2021,Kolhapur,Gadhinglaj,Police Chowkis,
2021,Kolhapur,Chandgad,Police Chowkis,
2018,Latur,Latur,Police Chowkis,
2018,Latur,Renapur,Police Chowkis,
2018,Latur,Ahamadpur,Police Chowkis,
2018,Latur,Jalkot,Police Chowkis,
2018,Latur,Chakur,Police Chowkis,
2018,Latur,Shirur-Anantpal,Police Chowkis,
2018,Latur,Aosa,Police Chowkis,
2018,Latur,Nilanga,Police Chowkis,
2018,Latur,Devani,Police Chowkis,
2018,Latur,Udgir,Police Chowkis,
2019,Latur,Latur,Police Chowkis,
2019,Latur,Renapur,Police Chowkis,
2019,Latur,Ahamadpur,Police Chowkis,
2019,Latur,Jalkot,Police Chowkis,
2019,Latur,Chakur,Police Chowkis,
2019,Latur,Shirur-Anantpal,Police Chowkis,
2019,Latur,Aosa,Police Chowkis,
2019,Latur,Nilanga,Police Chowkis,
2019,Latur,Devani,Police Chowkis,
2019,Latur,Udgir,Police Chowkis,
2020,Latur,Latur,Police Chowkis,
2020,Latur,Renapur,Police Chowkis,
2020,Latur,Ahamadpur,Police Chowkis,
2020,Latur,Jalkot,Police Chowkis,
2020,Latur,Chakur,Police Chowkis,
2020,Latur,Shirur-Anantpal,Police Chowkis,
2020,Latur,Aosa,Police Chowkis,
2020,Latur,Nilanga,Police Chowkis,
2020,Latur,Devani,Police Chowkis,
2020,Latur,Udgir,Police Chowkis,
2021,Latur,Latur,Police Chowkis,6
2021,Latur,Renapur,Police Chowkis,
2021,Latur,Ahamadpur,Police Chowkis,
2021,Latur,Jalkot,Police Chowkis,
2021,Latur,Chakur,Police Chowkis,
2021,Latur,Shirur-Anantpal,Police Chowkis,
2021,Latur,Aosa,Police Chowkis,
2021,Latur,Nilanga,Police Chowkis,
2021,Latur,Devani,Police Chowkis,
2021,Latur,Udgir,Police Chowkis,
2018,Mumbai City,Mumbai City,Police Chowkis,4741
2019,Mumbai City,Mumbai City,Police Chowkis,4493
2020,Mumbai City,Mumbai City,Police Chowkis,4855
2021,Mumbai City,Mumbai City,Police Chowkis,4424
2018,Mumbai Suburban,Adheri,Police Chowkis,
2018,Mumbai Suburban,Borivali,Police Chowkis,
2018,Mumbai Suburban,Kurla,Police Chowkis,
2019,Mumbai Suburban,Adheri,Police Chowkis,
2019,Mumbai Suburban,Borivali,Police Chowkis,
2019,Mumbai Suburban,Kurla,Police Chowkis,
2020,Mumbai Suburban,Adheri,Police Chowkis,
2020,Mumbai Suburban,Borivali,Police Chowkis,
2020,Mumbai Suburban,Kurla,Police Chowkis,
2021,Mumbai Suburban,Adheri,Police Chowkis,
2021,Mumbai Suburban,Borivali,Police Chowkis,
2021,Mumbai Suburban,Kurla,Police Chowkis,
2018,Nagpur,Narkhed,Police Chowkis,
2018,Nagpur,Katol,Police Chowkis,
2018,Nagpur,Kalameshwar,Police Chowkis,
2018,Nagpur,Sawner,Police Chowkis,
2018,Nagpur,Parashivani,Police Chowkis,
2018,Nagpur,Ramtech,Police Chowkis,2
2018,Nagpur,Mauda,Police Chowkis,
2018,Nagpur,Kamathi,Police Chowkis,12
2018,Nagpur,Nagpur (Gra),Police Chowkis,
2018,Nagpur,Nagpur (Sh),Police Chowkis,376
2018,Nagpur,Hingana,Police Chowkis,
2018,Nagpur,Umred,Police Chowkis,
2018,Nagpur,Kuhi,Police Chowkis,
2018,Nagpur,Bhiwapur,Police Chowkis,
2019,Nagpur,Narkhed,Police Chowkis,
2019,Nagpur,Katol,Police Chowkis,
2019,Nagpur,Kalameshwar,Police Chowkis,
2019,Nagpur,Sawner,Police Chowkis,
2019,Nagpur,Parashivani,Police Chowkis,
2019,Nagpur,Ramtech,Police Chowkis,2
2019,Nagpur,Mauda,Police Chowkis,
2019,Nagpur,Kamathi,Police Chowkis,
2019,Nagpur,Nagpur (Gra),Police Chowkis,
2019,Nagpur,Nagpur (Sh),Police Chowkis,414
2019,Nagpur,Hingana,Police Chowkis,
2019,Nagpur,Umred,Police Chowkis,
2019,Nagpur,Kuhi,Police Chowkis,2
2019,Nagpur,Bhiwapur,Police Chowkis,
2020,Nagpur,Narkhed,Police Chowkis,
2020,Nagpur,Katol,Police Chowkis,
2020,Nagpur,Kalameshwar,Police Chowkis,
2020,Nagpur,Sawner,Police Chowkis,
2020,Nagpur,Parashivani,Police Chowkis,
2020,Nagpur,Ramtech,Police Chowkis,3
2020,Nagpur,Mauda,Police Chowkis,
2020,Nagpur,Kamathi,Police Chowkis,
2020,Nagpur,Nagpur (Gra),Police Chowkis,
2020,Nagpur,Nagpur (Sh),Police Chowkis,414
2020,Nagpur,Hingana,Police Chowkis,
2020,Nagpur,Umred,Police Chowkis,
2020,Nagpur,Kuhi,Police Chowkis,2
2020,Nagpur,Bhiwapur,Police Chowkis,
2021,Nagpur,Narkhed,Police Chowkis,
2021,Nagpur,Katol,Police Chowkis,
2021,Nagpur,Kalameshwar,Police Chowkis,
2021,Nagpur,Sawner,Police Chowkis,
2021,Nagpur,Parashivani,Police Chowkis,
2021,Nagpur,Ramtech,Police Chowkis,
2021,Nagpur,Mauda,Police Chowkis,
2021,Nagpur,Kamathi,Police Chowkis,
2021,Nagpur,Nagpur (Gra),Police Chowkis,
2021,Nagpur,Nagpur (Sh),Police Chowkis,414
2021,Nagpur,Hingana,Police Chowkis,
2021,Nagpur,Umred,Police Chowkis,
2021,Nagpur,Kuhi,Police Chowkis,2
2021,Nagpur,Bhiwapur,Police Chowkis,
2018,Nanded,Mahur,Police Chowkis,
2018,Nanded,Kinvat,Police Chowkis,
2018,Nanded,Himalay Nagar,Police Chowkis,
2018,Nanded,Hadgaon,Police Chowkis,
2018,Nanded,Andhrapur,Police Chowkis,
2018,Nanded,Nanded,Police Chowkis,4
2018,Nanded,Mudkhed,Police Chowkis,
2018,Nanded,Bhokar,Police Chowkis,
2018,Nanded,Umari,Police Chowkis,
2018,Nanded,Dharmabad,Police Chowkis,
2018,Nanded,Biloli,Police Chowkis,
2018,Nanded,Naygaon,Police Chowkis,
2018,Nanded,Loha,Police Chowkis,
2018,Nanded,Kandhar,Police Chowkis,
2018,Nanded,Mukhed,Police Chowkis,
2018,Nanded,Deglur,Police Chowkis,
2019,Nanded,Mahur,Police Chowkis,
2019,Nanded,Kinvat,Police Chowkis,
2019,Nanded,Himalay Nagar,Police Chowkis,
2019,Nanded,Hadgaon,Police Chowkis,
2019,Nanded,Andhrapur,Police Chowkis,
2019,Nanded,Nanded,Police Chowkis,4
2019,Nanded,Mudkhed,Police Chowkis,
2019,Nanded,Bhokar,Police Chowkis,
2019,Nanded,Umari,Police Chowkis,
2019,Nanded,Dharmabad,Police Chowkis,
2019,Nanded,Biloli,Police Chowkis,
2019,Nanded,Naygaon,Police Chowkis,
2019,Nanded,Loha,Police Chowkis,
2019,Nanded,Kandhar,Police Chowkis,
2019,Nanded,Mukhed,Police Chowkis,
2019,Nanded,Deglur,Police Chowkis,
2020,Nanded,Mahur,Police Chowkis,
2020,Nanded,Kinvat,Police Chowkis,
2020,Nanded,Himalay Nagar,Police Chowkis,
2020,Nanded,Hadgaon,Police Chowkis,
2020,Nanded,Andhrapur,Police Chowkis,
2020,Nanded,Nanded,Police Chowkis,4
2020,Nanded,Mudkhed,Police Chowkis,
2020,Nanded,Bhokar,Police Chowkis,
2020,Nanded,Umari,Police Chowkis,
2020,Nanded,Dharmabad,Police Chowkis,
2020,Nanded,Biloli,Police Chowkis,
2020,Nanded,Naygaon,Police Chowkis,
2020,Nanded,Loha,Police Chowkis,
2020,Nanded,Kandhar,Police Chowkis,
2020,Nanded,Mukhed,Police Chowkis,
2020,Nanded,Deglur,Police Chowkis,
2021,Nanded,Mahur,Police Chowkis,
2021,Nanded,Kinvat,Police Chowkis,
2021,Nanded,Himalay Nagar,Police Chowkis,
2021,Nanded,Hadgaon,Police Chowkis,
2021,Nanded,Andhrapur,Police Chowkis,95
2021,Nanded,Nanded,Police Chowkis,
2021,Nanded,Mudkhed,Police Chowkis,
2021,Nanded,Bhokar,Police Chowkis,
2021,Nanded,Umari,Police Chowkis,
2021,Nanded,Dharmabad,Police Chowkis,
2021,Nanded,Biloli,Police Chowkis,
2021,Nanded,Naygaon,Police Chowkis,
2021,Nanded,Loha,Police Chowkis,
2021,Nanded,Kandhar,Police Chowkis,
2021,Nanded,Mukhed,Police Chowkis,
2021,Nanded,Deglur,Police Chowkis,
2018,Nandurbar,Akkalkuva,Police Chowkis,
2018,Nandurbar,Akrani,Police Chowkis,
2018,Nandurbar,Taloda,Police Chowkis,
2018,Nandurbar,Shahada,Police Chowkis,
2018,Nandurbar,Nandurbar,Police Chowkis,37
2018,Nandurbar,Navapur,Police Chowkis,4
2019,Nandurbar,Akkalkuva,Police Chowkis,
2019,Nandurbar,Akrani,Police Chowkis,
2019,Nandurbar,Taloda,Police Chowkis,
2019,Nandurbar,Shahada,Police Chowkis,
2019,Nandurbar,Nandurbar,Police Chowkis,58
2019,Nandurbar,Navapur,Police Chowkis,
2020,Nandurbar,Akkalkuva,Police Chowkis,
2020,Nandurbar,Akrani,Police Chowkis,
2020,Nandurbar,Taloda,Police Chowkis,
2020,Nandurbar,Shahada,Police Chowkis,
2020,Nandurbar,Nandurbar,Police Chowkis,8
2020,Nandurbar,Navapur,Police Chowkis,
2021,Nandurbar,Akkalkuva,Police Chowkis,
2021,Nandurbar,Akrani,Police Chowkis,
2021,Nandurbar,Taloda,Police Chowkis,
2021,Nandurbar,Shahada,Police Chowkis,
2021,Nandurbar,Nandurbar,Police Chowkis,
2021,Nandurbar,Navapur,Police Chowkis,
2018,Nashik,Surgana,Police Chowkis,
2018,Nashik,Kalwan,Police Chowkis,2
2018,Nashik,Devala,Police Chowkis,
2018,Nashik,Baglan,Police Chowkis,
2018,Nashik,Malegaon,Police Chowkis,
2018,Nashik,Nandgaon,Police Chowkis,
2018,Nashik,Chandwad,Police Chowkis,
2018,Nashik,Dindori,Police Chowkis,
2018,Nashik,Peth,Police Chowkis,
2018,Nashik,Trimbak,Police Chowkis,
2018,Nashik,Nashik,Police Chowkis,
2018,Nashik,Igatpuri,Police Chowkis,2
2018,Nashik,Sinner,Police Chowkis,
2018,Nashik,Nifad,Police Chowkis,
2018,Nashik,Yewala,Police Chowkis,
2019,Nashik,Surgana,Police Chowkis,
2019,Nashik,Kalwan,Police Chowkis,2
2019,Nashik,Devala,Police Chowkis,
2019,Nashik,Baglan,Police Chowkis,
2019,Nashik,Malegaon,Police Chowkis,10
2019,Nashik,Nandgaon,Police Chowkis,
2019,Nashik,Chandwad,Police Chowkis,
2019,Nashik,Dindori,Police Chowkis,
2019,Nashik,Peth,Police Chowkis,
2019,Nashik,Trimbak,Police Chowkis,
2019,Nashik,Nashik,Police Chowkis,
2019,Nashik,Igatpuri,Police Chowkis,2
2019,Nashik,Sinner,Police Chowkis,
2019,Nashik,Nifad,Police Chowkis,
2019,Nashik,Yewala,Police Chowkis,
2020,Nashik,Surgana,Police Chowkis,
2020,Nashik,Kalwan,Police Chowkis,
2020,Nashik,Devala,Police Chowkis,
2020,Nashik,Baglan,Police Chowkis,
2020,Nashik,Malegaon,Police Chowkis,34
2020,Nashik,Nandgaon,Police Chowkis,3
2020,Nashik,Chandwad,Police Chowkis,
2020,Nashik,Dindori,Police Chowkis,
2020,Nashik,Peth,Police Chowkis,5
2020,Nashik,Trimbak,Police Chowkis,5
2020,Nashik,Nashik,Police Chowkis,498
2020,Nashik,Igatpuri,Police Chowkis,9
2020,Nashik,Sinner,Police Chowkis,5
2020,Nashik,Nifad,Police Chowkis,8
2020,Nashik,Yewala,Police Chowkis,
2021,Nashik,Surgana,Police Chowkis,
2021,Nashik,Kalwan,Police Chowkis,
2021,Nashik,Devala,Police Chowkis,
2021,Nashik,Baglan,Police Chowkis,7
2021,Nashik,Malegaon,Police Chowkis,4
2021,Nashik,Nandgaon,Police Chowkis,5
2021,Nashik,Chandwad,Police Chowkis,27
2021,Nashik,Dindori,Police Chowkis,
2021,Nashik,Peth,Police Chowkis,5
2021,Nashik,Trimbak,Police Chowkis,23
2021,Nashik,Nashik,Police Chowkis,498
2021,Nashik,Igatpuri,Police Chowkis,
2021,Nashik,Sinner,Police Chowkis,8
2021,Nashik,Nifad,Police Chowkis,7
2021,Nashik,Yewala,Police Chowkis,13
2018,Dharashiv,Paranda,Police Chowkis,
2018,Dharashiv,Bhum,Police Chowkis,
2018,Dharashiv,Washi,Police Chowkis,
2018,Dharashiv,Kalamb,Police Chowkis,
2018,Dharashiv,Dharashiv,Police Chowkis,16
2018,Dharashiv,Tuljapur,Police Chowkis,70
2018,Dharashiv,Lohara,Police Chowkis,
2018,Dharashiv,Umaraga,Police Chowkis,
2019,Dharashiv,Paranda,Police Chowkis,
2019,Dharashiv,Bhum,Police Chowkis,
2019,Dharashiv,Washi,Police Chowkis,
2019,Dharashiv,Kalamb,Police Chowkis,
2019,Dharashiv,Dharashiv,Police Chowkis,16
2019,Dharashiv,Tuljapur,Police Chowkis,70
2019,Dharashiv,Lohara,Police Chowkis,
2019,Dharashiv,Umaraga,Police Chowkis,
2020,Dharashiv,Paranda,Police Chowkis,
2020,Dharashiv,Bhum,Police Chowkis,
2020,Dharashiv,Washi,Police Chowkis,
2020,Dharashiv,Kalamb,Police Chowkis,
2020,Dharashiv,Dharashiv,Police Chowkis,4
2020,Dharashiv,Tuljapur,Police Chowkis,85
2020,Dharashiv,Lohara,Police Chowkis,2
2020,Dharashiv,Umaraga,Police Chowkis,
2021,Dharashiv,Paranda,Police Chowkis,
2021,Dharashiv,Bhum,Police Chowkis,
2021,Dharashiv,Washi,Police Chowkis,
2021,Dharashiv,Kalamb,Police Chowkis,
2021,Dharashiv,Dharashiv,Police Chowkis,4
2021,Dharashiv,Tuljapur,Police Chowkis,85
2021,Dharashiv,Lohara,Police Chowkis,2
2021,Dharashiv,Umaraga,Police Chowkis,
2018,Palghar,Talasari,Police Chowkis,44
2018,Palghar,Dahanu,Police Chowkis,26
2018,Palghar,Vikramgad,Police Chowkis,
2018,Palghar,Javhar,Police Chowkis,5
2018,Palghar,Mokhada,Police Chowkis,5
2018,Palghar,Wada,Police Chowkis,8
2018,Palghar,Palghar,Police Chowkis,38
2018,Palghar,Vasai,Police Chowkis,403
2019,Palghar,Talasari,Police Chowkis,45
2019,Palghar,Dahanu,Police Chowkis,38
2019,Palghar,Vikramgad,Police Chowkis,
2019,Palghar,Javhar,Police Chowkis,5
2019,Palghar,Mokhada,Police Chowkis,6
2019,Palghar,Wada,Police Chowkis,8
2019,Palghar,Palghar,Police Chowkis,84
2019,Palghar,Vasai,Police Chowkis,407
2020,Palghar,Talasari,Police Chowkis,43
2020,Palghar,Dahanu,Police Chowkis,37
2020,Palghar,Vikramgad,Police Chowkis,
2020,Palghar,Javhar,Police Chowkis,6
2020,Palghar,Mokhada,Police Chowkis,6
2020,Palghar,Wada,Police Chowkis,8
2020,Palghar,Palghar,Police Chowkis,70
2020,Palghar,Vasai,Police Chowkis,421
2021,Palghar,Talasari,Police Chowkis,12
2021,Palghar,Dahanu,Police Chowkis,30
2021,Palghar,Vikramgad,Police Chowkis,
2021,Palghar,Javhar,Police Chowkis,
2021,Palghar,Mokhada,Police Chowkis,2
2021,Palghar,Wada,Police Chowkis,8
2021,Palghar,Palghar,Police Chowkis,90
2021,Palghar,Vasai,Police Chowkis,260
2018,Parbhani,Selu,Police Chowkis, 
2018,Parbhani,Jintur,Police Chowkis, 
2018,Parbhani,Parbhani,Police Chowkis,6
2018,Parbhani,Manvat,Police Chowkis, 
2018,Parbhani,Pathari,Police Chowkis, 
2018,Parbhani,Sonpeth,Police Chowkis, 
2018,Parbhani,Gangakhed,Police Chowkis,2
2018,Parbhani,Palam,Police Chowkis,  
2018,Parbhani,Purna,Police Chowkis,  
2019,Parbhani,Selu,Police Chowkis, 
2019,Parbhani,Jintur,Police Chowkis, 
2019,Parbhani,Parbhani,Police Chowkis,7
2019,Parbhani,Manvat,Police Chowkis, 
2019,Parbhani,Pathari,Police Chowkis, 
2019,Parbhani,Sonpeth,Police Chowkis, 
2019,Parbhani,Gangakhed,Police Chowkis,2
2019,Parbhani,Palam,Police Chowkis,  
2019,Parbhani,Purna,Police Chowkis,  
2020,Parbhani,Selu,Police Chowkis,
2020,Parbhani,Jintur,Police Chowkis,
2020,Parbhani,Parbhani,Police Chowkis,
2020,Parbhani,Manvat,Police Chowkis,
2020,Parbhani,Pathari,Police Chowkis,
2020,Parbhani,Sonpeth,Police Chowkis,
2020,Parbhani,Gangakhed,Police Chowkis,
2020,Parbhani,Palam,Police Chowkis,
2020,Parbhani,Purna,Police Chowkis,
2021,Parbhani,Selu,Police Chowkis,
2021,Parbhani,Jintur,Police Chowkis,
2021,Parbhani,Parbhani,Police Chowkis,
2021,Parbhani,Manvat,Police Chowkis,
2021,Parbhani,Pathari,Police Chowkis,
2021,Parbhani,Sonpeth,Police Chowkis,
2021,Parbhani,Gangakhed,Police Chowkis,
2021,Parbhani,Palam,Police Chowkis,
2021,Parbhani,Purna,Police Chowkis,
2018,Pune,Junnar,Police Chowkis,
2018,Pune,Aambegaon,Police Chowkis,
2018,Pune,Shirur,Police Chowkis,4
2018,Pune,Khed,Police Chowkis,
2018,Pune,Maval,Police Chowkis,
2018,Pune,Mulashi,Police Chowkis,1
2018,Pune,Haveli,Police Chowkis,1
2018,Pune,Pune City,Police Chowkis,632
2018,Pune,Daund,Police Chowkis,3
2018,Pune,Purandar,Police Chowkis,
2018,Pune,Welhe,Police Chowkis,
2018,Pune,Bhor,Police Chowkis,
2018,Pune,Baramati,Police Chowkis,
2018,Pune,Indapur,Police Chowkis,
2019,Pune,Junnar,Police Chowkis,
2019,Pune,Aambegaon,Police Chowkis,1
2019,Pune,Shirur,Police Chowkis,4
2019,Pune,Khed,Police Chowkis,
2019,Pune,Maval,Police Chowkis,
2019,Pune,Mulashi,Police Chowkis,
2019,Pune,Haveli,Police Chowkis,18
2019,Pune,Pune City,Police Chowkis,
2019,Pune,Daund,Police Chowkis,3
2019,Pune,Purandar,Police Chowkis,
2019,Pune,Welhe,Police Chowkis,
2019,Pune,Bhor,Police Chowkis,
2019,Pune,Baramati,Police Chowkis,
2019,Pune,Indapur,Police Chowkis,2
2020,Pune,Junnar,Police Chowkis,
2020,Pune,Aambegaon,Police Chowkis,
2020,Pune,Shirur,Police Chowkis,
2020,Pune,Khed,Police Chowkis,
2020,Pune,Maval,Police Chowkis,1
2020,Pune,Mulashi,Police Chowkis,1
2020,Pune,Haveli,Police Chowkis,
2020,Pune,Pune City,Police Chowkis,
2020,Pune,Daund,Police Chowkis,1
2020,Pune,Purandar,Police Chowkis,
2020,Pune,Welhe,Police Chowkis,
2020,Pune,Bhor,Police Chowkis,
2020,Pune,Baramati,Police Chowkis,1
2020,Pune,Indapur,Police Chowkis,
2021,Pune,Junnar,Police Chowkis,
2021,Pune,Aambegaon,Police Chowkis,
2021,Pune,Shirur,Police Chowkis,
2021,Pune,Khed,Police Chowkis,
2021,Pune,Maval,Police Chowkis,1
2021,Pune,Mulashi,Police Chowkis,1
2021,Pune,Haveli,Police Chowkis,23
2021,Pune,Pune City,Police Chowkis,
2021,Pune,Daund,Police Chowkis,1
2021,Pune,Purandar,Police Chowkis,
2021,Pune,Welhe,Police Chowkis,
2021,Pune,Bhor,Police Chowkis,
2021,Pune,Baramati,Police Chowkis,2
2021,Pune,Indapur,Police Chowkis,
2018,Raigad,Uran,Police Chowkis,19
2018,Raigad,Panwel,Police Chowkis,189
2018,Raigad,Karjat,Police Chowkis,
2018,Raigad,Khalapur,Police Chowkis,
2018,Raigad,Pen,Police Chowkis,
2018,Raigad,Alibag,Police Chowkis,
2018,Raigad,Murud,Police Chowkis,
2018,Raigad,Roha,Police Chowkis,
2018,Raigad,Sudhagad,Police Chowkis,
2018,Raigad,Mangaon,Police Chowkis,
2018,Raigad,Tala,Police Chowkis,
2018,Raigad,Shreevardhan,Police Chowkis,
2018,Raigad,Mhasala,Police Chowkis,
2018,Raigad,Mahad,Police Chowkis,
2018,Raigad,Poladpur,Police Chowkis,
2019,Raigad,Uran,Police Chowkis,19
2019,Raigad,Panwel,Police Chowkis,190
2019,Raigad,Karjat,Police Chowkis,
2019,Raigad,Khalapur,Police Chowkis,
2019,Raigad,Pen,Police Chowkis,
2019,Raigad,Alibag,Police Chowkis,
2019,Raigad,Murud,Police Chowkis,
2019,Raigad,Roha,Police Chowkis,
2019,Raigad,Sudhagad,Police Chowkis,
2019,Raigad,Mangaon,Police Chowkis,
2019,Raigad,Tala,Police Chowkis,
2019,Raigad,Shreevardhan,Police Chowkis,
2019,Raigad,Mhasala,Police Chowkis,
2019,Raigad,Mahad,Police Chowkis,
2019,Raigad,Poladpur,Police Chowkis,
2020,Raigad,Uran,Police Chowkis,26
2020,Raigad,Panwel,Police Chowkis,202
2020,Raigad,Karjat,Police Chowkis,
2020,Raigad,Khalapur,Police Chowkis,
2020,Raigad,Pen,Police Chowkis,
2020,Raigad,Alibag,Police Chowkis,
2020,Raigad,Murud,Police Chowkis,
2020,Raigad,Roha,Police Chowkis,
2020,Raigad,Sudhagad,Police Chowkis,
2020,Raigad,Mangaon,Police Chowkis,
2020,Raigad,Tala,Police Chowkis,
2020,Raigad,Shreevardhan,Police Chowkis,
2020,Raigad,Mhasala,Police Chowkis,
2020,Raigad,Mahad,Police Chowkis,
2020,Raigad,Poladpur,Police Chowkis,
2021,Raigad,Uran,Police Chowkis,50
2021,Raigad,Panwel,Police Chowkis,116
2021,Raigad,Karjat,Police Chowkis,
2021,Raigad,Khalapur,Police Chowkis,7
2021,Raigad,Pen,Police Chowkis,
2021,Raigad,Alibag,Police Chowkis,
2021,Raigad,Murud,Police Chowkis,2
2021,Raigad,Roha,Police Chowkis,2
2021,Raigad,Sudhagad,Police Chowkis,2
2021,Raigad,Mangaon,Police Chowkis,
2021,Raigad,Tala,Police Chowkis,
2021,Raigad,Shreevardhan,Police Chowkis,
2021,Raigad,Mhasala,Police Chowkis,
2021,Raigad,Mahad,Police Chowkis,2
2021,Raigad,Poladpur,Police Chowkis,
2018,Ratnagiri,Mandangad,Police Chowkis,
2018,Ratnagiri,Dapoli,Police Chowkis,
2018,Ratnagiri,Khed,Police Chowkis,2
2018,Ratnagiri,Chiplun,Police Chowkis,4
2018,Ratnagiri,Guhagar,Police Chowkis,
2018,Ratnagiri,Ratnagiri,Police Chowkis,12
2018,Ratnagiri,Sangameshwar,Police Chowkis,
2018,Ratnagiri,Lanja,Police Chowkis,
2018,Ratnagiri,Rajapur,Police Chowkis,
2019,Ratnagiri,Mandangad,Police Chowkis,9
2019,Ratnagiri,Dapoli,Police Chowkis,5
2019,Ratnagiri,Khed,Police Chowkis,
2019,Ratnagiri,Chiplun,Police Chowkis,7
2019,Ratnagiri,Guhagar,Police Chowkis,1
2019,Ratnagiri,Ratnagiri,Police Chowkis,28
2019,Ratnagiri,Sangameshwar,Police Chowkis,
2019,Ratnagiri,Lanja,Police Chowkis,
2019,Ratnagiri,Rajapur,Police Chowkis,2
2020,Ratnagiri,Mandangad,Police Chowkis,
2020,Ratnagiri,Dapoli,Police Chowkis,
2020,Ratnagiri,Khed,Police Chowkis,
2020,Ratnagiri,Chiplun,Police Chowkis,
2020,Ratnagiri,Guhagar,Police Chowkis,
2020,Ratnagiri,Ratnagiri,Police Chowkis,
2020,Ratnagiri,Sangameshwar,Police Chowkis,
2020,Ratnagiri,Lanja,Police Chowkis,
2020,Ratnagiri,Rajapur,Police Chowkis,
2021,Ratnagiri,Mandangad,Police Chowkis,5
2021,Ratnagiri,Dapoli,Police Chowkis,
2021,Ratnagiri,Khed,Police Chowkis,
2021,Ratnagiri,Chiplun,Police Chowkis,2
2021,Ratnagiri,Guhagar,Police Chowkis,
2021,Ratnagiri,Ratnagiri,Police Chowkis,17
2021,Ratnagiri,Sangameshwar,Police Chowkis,1
2021,Ratnagiri,Lanja,Police Chowkis,
2021,Ratnagiri,Rajapur,Police Chowkis,
2018,Sangli,Shirala,Police Chowkis,
2018,Sangli,Valava,Police Chowkis,7
2018,Sangli,Palus,Police Chowkis,
2018,Sangli,Kadegaon,Police Chowkis,
2018,Sangli,Khanapur,Police Chowkis,
2018,Sangli,Aatpadi,Police Chowkis,
2018,Sangli,Tasgaon,Police Chowkis,
2018,Sangli,Miraj,Police Chowkis,36
2018,Sangli,Ku. Mahakal,Police Chowkis,
2018,Sangli,Jat,Police Chowkis,2
2019,Sangli,Shirala,Police Chowkis,
2019,Sangli,Valava,Police Chowkis,
2019,Sangli,Palus,Police Chowkis,
2019,Sangli,Kadegaon,Police Chowkis,
2019,Sangli,Khanapur,Police Chowkis,
2019,Sangli,Aatpadi,Police Chowkis,
2019,Sangli,Tasgaon,Police Chowkis,21
2019,Sangli,Miraj,Police Chowkis,156
2019,Sangli,Ku. Mahakal,Police Chowkis,
2019,Sangli,Jat,Police Chowkis,
2020,Sangli,Shirala,Police Chowkis,
2020,Sangli,Valava,Police Chowkis,
2020,Sangli,Palus,Police Chowkis,
2020,Sangli,Kadegaon,Police Chowkis,
2020,Sangli,Khanapur,Police Chowkis,
2020,Sangli,Aatpadi,Police Chowkis,
2020,Sangli,Tasgaon,Police Chowkis,18
2020,Sangli,Miraj,Police Chowkis,161
2020,Sangli,Ku. Mahakal,Police Chowkis,
2020,Sangli,Jat,Police Chowkis,
2021,Sangli,Shirala,Police Chowkis,
2021,Sangli,Valava,Police Chowkis,
2021,Sangli,Palus,Police Chowkis,
2021,Sangli,Kadegaon,Police Chowkis,
2021,Sangli,Khanapur,Police Chowkis,
2021,Sangli,Aatpadi,Police Chowkis,
2021,Sangli,Tasgaon,Police Chowkis,5
2021,Sangli,Miraj,Police Chowkis,165
2021,Sangli,Ku. Mahakal,Police Chowkis,
2021,Sangli,Jat,Police Chowkis,
2018,Satara,Mahableshwar,Police Chowkis,
2018,Satara,Vai,Police Chowkis,2
2018,Satara,Khandala,Police Chowkis,
2018,Satara,Faltan,Police Chowkis,2
2018,Satara,Man,Police Chowkis,
2018,Satara,Khatav,Police Chowkis,
2018,Satara,Koregaon,Police Chowkis,
2018,Satara,Satara,Police Chowkis,4
2018,Satara,Javali,Police Chowkis,
2018,Satara,Patan,Police Chowkis,
2018,Satara,Karad,Police Chowkis,4
2019,Satara,Mahableshwar,Police Chowkis,
2019,Satara,Vai,Police Chowkis,2
2019,Satara,Khandala,Police Chowkis,
2019,Satara,Faltan,Police Chowkis,2
2019,Satara,Man,Police Chowkis,
2019,Satara,Khatav,Police Chowkis,
2019,Satara,Koregaon,Police Chowkis,
2019,Satara,Satara,Police Chowkis,4
2019,Satara,Javali,Police Chowkis,
2019,Satara,Patan,Police Chowkis,
2019,Satara,Karad,Police Chowkis,4
2020,Satara,Mahableshwar,Police Chowkis,
2020,Satara,Vai,Police Chowkis,1
2020,Satara,Khandala,Police Chowkis,
2020,Satara,Faltan,Police Chowkis,2
2020,Satara,Man,Police Chowkis,
2020,Satara,Khatav,Police Chowkis,
2020,Satara,Koregaon,Police Chowkis,
2020,Satara,Satara,Police Chowkis,27
2020,Satara,Javali,Police Chowkis,
2020,Satara,Patan,Police Chowkis,
2020,Satara,Karad,Police Chowkis,4
2021,Satara,Mahableshwar,Police Chowkis,
2021,Satara,Vai,Police Chowkis,4
2021,Satara,Khandala,Police Chowkis,
2021,Satara,Faltan,Police Chowkis,10
2021,Satara,Man,Police Chowkis,
2021,Satara,Khatav,Police Chowkis,
2021,Satara,Koregaon,Police Chowkis,2
2021,Satara,Satara,Police Chowkis,56
2021,Satara,Javali,Police Chowkis,
2021,Satara,Patan,Police Chowkis,
2021,Satara,Karad,Police Chowkis,36
2018,Sindhudurg,Devgad,Police Chowkis,
2018,Sindhudurg,Vaibhavwadi,Police Chowkis,
2018,Sindhudurg,Kankavali,Police Chowkis,
2018,Sindhudurg,Malvan,Police Chowkis,
2018,Sindhudurg,Vengurla,Police Chowkis,
2018,Sindhudurg,Kudal,Police Chowkis,
2018,Sindhudurg,Sawantwadi,Police Chowkis,
2018,Sindhudurg,Dodamarg,Police Chowkis,
2019,Sindhudurg,Devgad,Police Chowkis,
2019,Sindhudurg,Vaibhavwadi,Police Chowkis,
2019,Sindhudurg,Kankawali,Police Chowkis,
2019,Sindhudurg,Malwan,Police Chowkis,
2019,Sindhudurg,Vengurli,Police Chowkis,1
2019,Sindhudurg,Kulad,Police Chowkis,3
2019,Sindhudurg,Savantwadi,Police Chowkis,
2019,Sindhudurg,Dodamarg,Police Chowkis,
2020,Sindhudurg,Devgad,Police Chowkis,
2020,Sindhudurg,Vaibhavwadi,Police Chowkis,
2020,Sindhudurg,Kankawali,Police Chowkis,
2020,Sindhudurg,Malwan,Police Chowkis,
2020,Sindhudurg,Vengurli,Police Chowkis,3
2020,Sindhudurg,Kulad,Police Chowkis,1
2020,Sindhudurg,Savantwadi,Police Chowkis,
2020,Sindhudurg,Dodamarg,Police Chowkis,
2021,Sindhudurg,Devgad,Police Chowkis,
2021,Sindhudurg,Vaibhavwadi,Police Chowkis,
2021,Sindhudurg,Kankawali,Police Chowkis,
2021,Sindhudurg,Malwan,Police Chowkis,
2021,Sindhudurg,Vengurli,Police Chowkis,
2021,Sindhudurg,Kulad,Police Chowkis,
2021,Sindhudurg,Savantwadi,Police Chowkis,
2021,Sindhudurg,Dodamarg,Police Chowkis,
2018,Thane,Thane,Police Chowkis,2219
2018,Thane,Bhivandi,Police Chowkis,17
2018,Thane,Shahapur,Police Chowkis,13
2018,Thane,Kalyan,Police Chowkis,15
2018,Thane,Ulhasnagar,Police Chowkis,15
2018,Thane,Ambarnath,Police Chowkis,
2018,Thane,Murbad,Police Chowkis,3
2019,Thane,Thane,Police Chowkis,394
2019,Thane,Bhivandi,Police Chowkis,96
2019,Thane,Shahapur,Police Chowkis,13
2019,Thane,Kalyan,Police Chowkis,15
2019,Thane,Ulhasnagar,Police Chowkis,54
2019,Thane,Ambarnath,Police Chowkis,88
2019,Thane,Murbad,Police Chowkis,2
2020,Thane,Thane,Police Chowkis,257
2020,Thane,Bhivandi,Police Chowkis,76
2020,Thane,Shahapur,Police Chowkis,8
2020,Thane,Kalyan,Police Chowkis,164
2020,Thane,Ulhasnagar,Police Chowkis,54
2020,Thane,Ambarnath,Police Chowkis,88
2020,Thane,Murbad,Police Chowkis,10
2021,Thane,Thane,Police Chowkis,550
2021,Thane,Bhivandi,Police Chowkis,163
2021,Thane,Shahapur,Police Chowkis,
2021,Thane,Kalyan,Police Chowkis,218
2021,Thane,Ulhasnagar,Police Chowkis,43
2021,Thane,Ambarnath,Police Chowkis,
2021,Thane,Murbad,Police Chowkis,55
2018,Wardha,Ashti,Police Chowkis,
2018,Wardha,Karanja,Police Chowkis,
2018,Wardha,Aarvi,Police Chowkis,
2018,Wardha,Selu,Police Chowkis,
2018,Wardha,Wardha,Police Chowkis,4
2018,Wardha,Devali,Police Chowkis,12
2018,Wardha,Hinganghat,Police Chowkis,
2018,Wardha,Samudrapur,Police Chowkis,
2019,Wardha,Ashti,Police Chowkis,
2019,Wardha,Karanja,Police Chowkis,
2019,Wardha,Aarvi,Police Chowkis,
2019,Wardha,Selu,Police Chowkis,
2019,Wardha,Wardha,Police Chowkis,
2019,Wardha,Devali,Police Chowkis,
2019,Wardha,Hinganghat,Police Chowkis,
2019,Wardha,Samudrapur,Police Chowkis,
2020,Wardha,Ashti,Police Chowkis,
2020,Wardha,Karanja,Police Chowkis,
2020,Wardha,Aarvi,Police Chowkis,
2020,Wardha,Selu,Police Chowkis,
2020,Wardha,Wardha,Police Chowkis,
2020,Wardha,Devali,Police Chowkis,
2020,Wardha,Hinganghat,Police Chowkis,
2020,Wardha,Samudrapur,Police Chowkis,
2021,Wardha,Ashti,Police Chowkis,
2021,Wardha,Karanja,Police Chowkis,
2021,Wardha,Aarvi,Police Chowkis,
2021,Wardha,Selu,Police Chowkis,
2021,Wardha,Wardha,Police Chowkis,
2021,Wardha,Devali,Police Chowkis,
2021,Wardha,Hinganghat,Police Chowkis,
2021,Wardha,Samudrapur,Police Chowkis,
2018,Washim,Malegaon,Police Chowkis,
2018,Washim,Mangrulpir,Police Chowkis,
2018,Washim,Karanja,Police Chowkis,
2018,Washim,Manora,Police Chowkis,
2018,Washim,Washim,Police Chowkis,
2018,Washim,Resod,Police Chowkis,
2019,Washim,Malegaon,Police Chowkis,
2019,Washim,Mangrulpir,Police Chowkis,
2019,Washim,Karanja,Police Chowkis,
2019,Washim,Manora,Police Chowkis,
2019,Washim,Washim,Police Chowkis,
2019,Washim,Resod,Police Chowkis,
2020,Washim,Malegaon,Police Chowkis,
2020,Washim,Mangrulpir,Police Chowkis,
2020,Washim,Karanja,Police Chowkis,
2020,Washim,Manora,Police Chowkis,
2020,Washim,Washim,Police Chowkis,
2020,Washim,Resod,Police Chowkis,
2021,Washim,Malegaon,Police Chowkis,
2021,Washim,Mangrulpir,Police Chowkis,
2021,Washim,Karanja,Police Chowkis,
2021,Washim,Manora,Police Chowkis,
2021,Washim,Washim,Police Chowkis,
2021,Washim,Resod,Police Chowkis,
2018,Yavatmal,Ner,Police Chowkis,
2018,Yavatmal,Babhulgaon,Police Chowkis,
2018,Yavatmal,Kalamb,Police Chowkis,
2018,Yavatmal,Yavatmal,Police Chowkis,
2018,Yavatmal,Darvha,Police Chowkis,
2018,Yavatmal,Digras,Police Chowkis,
2018,Yavatmal,Pusad,Police Chowkis,
2018,Yavatmal,Umarkhed,Police Chowkis,
2018,Yavatmal,Mahagaon,Police Chowkis,
2018,Yavatmal,Aarni,Police Chowkis,
2018,Yavatmal,Ghantaji,Police Chowkis,
2018,Yavatmal,Kelapur,Police Chowkis,
2018,Yavatmal,Ralegaon,Police Chowkis,
2018,Yavatmal,Maregaon,Police Chowkis,
2018,Yavatmal,Zari Jamani,Police Chowkis,
2018,Yavatmal,Vani,Police Chowkis,
2019,Yavatmal,Ner,Police Chowkis,6
2019,Yavatmal,Babhulgaon,Police Chowkis,
2019,Yavatmal,Kalamb,Police Chowkis,
2019,Yavatmal,Yavatmal,Police Chowkis,9
2019,Yavatmal,Darvha,Police Chowkis,
2019,Yavatmal,Digras,Police Chowkis,
2019,Yavatmal,Pusad,Police Chowkis,
2019,Yavatmal,Umarkhed,Police Chowkis,3
2019,Yavatmal,Mahagaon,Police Chowkis,4
2019,Yavatmal,Aarni,Police Chowkis,
2019,Yavatmal,Ghantaji,Police Chowkis,
2019,Yavatmal,Kelapur,Police Chowkis,
2019,Yavatmal,Ralegaon,Police Chowkis,
2019,Yavatmal,Maregaon,Police Chowkis,
2019,Yavatmal,Zari Jamani,Police Chowkis,
2019,Yavatmal,Vani,Police Chowkis,
2020,Yavatmal,Ner,Police Chowkis,
2020,Yavatmal,Babhulgaon,Police Chowkis,
2020,Yavatmal,Kalamb,Police Chowkis,
2020,Yavatmal,Yavatmal,Police Chowkis,7
2020,Yavatmal,Darvha,Police Chowkis,
2020,Yavatmal,Digras,Police Chowkis,
2020,Yavatmal,Pusad,Police Chowkis,
2020,Yavatmal,Umarkhed,Police Chowkis,
2020,Yavatmal,Mahagaon,Police Chowkis,
2020,Yavatmal,Aarni,Police Chowkis,
2020,Yavatmal,Ghantaji,Police Chowkis,
2020,Yavatmal,Kelapur,Police Chowkis,
2020,Yavatmal,Ralegaon,Police Chowkis,
2020,Yavatmal,Maregaon,Police Chowkis,
2020,Yavatmal,Zari Jamani,Police Chowkis,
2020,Yavatmal,Vani,Police Chowkis,
2021,Yavatmal,Ner,Police Chowkis,
2021,Yavatmal,Babhulgaon,Police Chowkis,
2021,Yavatmal,Kalamb,Police Chowkis,
2021,Yavatmal,Yavatmal,Police Chowkis,7
2021,Yavatmal,Darvha,Police Chowkis,
2021,Yavatmal,Digras,Police Chowkis,
2021,Yavatmal,Pusad,Police Chowkis,5
2021,Yavatmal,Umarkhed,Police Chowkis,
2021,Yavatmal,Mahagaon,Police Chowkis,
2021,Yavatmal,Aarni,Police Chowkis,
2021,Yavatmal,Ghantaji,Police Chowkis,
2021,Yavatmal,Kelapur,Police Chowkis,
2021,Yavatmal,Ralegaon,Police Chowkis,
2021,Yavatmal,Maregaon,Police Chowkis,
2021,Yavatmal,Zari Jamani,Police Chowkis,
2021,Yavatmal,Vani,Police Chowkis,
