Year,District,Taluka,Select Banks/ Bank Branches,Number
2006,Nandurbar,Akkalkuva,Branch Offices of Classified Banks,6
2006,Nandurbar,Akkalkuva,Classified Banks,3
2006,Nandurbar,Akrani,Branch Offices of Classified Banks,3
2006,Nandurbar,Akrani,Classified Banks,2
2006,Nandurbar,Nandurbar,Branch Offices of Classified Banks,12
2006,Nandurbar,Nandurbar,Classified Banks,7
2006,Nandurbar,Navapur,Branch Offices of Classified Banks,7
2006,Nandurbar,Navapur,Classified Banks,4
2006,Nandurbar,Shahada,Branch Offices of Classified Banks,12
2006,Nandurbar,Shahada,Classified Banks,5
2006,Nandurbar,Taloda,Branch Offices of Classified Banks,5
2006,Nandurbar,Taloda,Classified Banks,2
2006,Ratnagiri,Chiplun,Branch Offices of Classified Banks,16
2006,Ratnagiri,Chiplun,Classified Banks,8
2006,Ratnagiri,Dapoli,Branch Offices of Classified Banks,12
2006,Ratnagiri,Dapoli,Classified Banks,6
2006,Ratnagiri,Guhagar,Branch Offices of Classified Banks,6
2006,Ratnagiri,Guhagar,Classified Banks,4
2006,Ratnagiri,Khed,Branch Offices of Classified Banks,11
2006,Ratnagiri,Khed,Classified Banks,4
2006,Ratnagiri,Lanja,Branch Offices of Classified Banks,4
2006,Ratnagiri,Lanja,Classified Banks,1
2006,Ratnagiri,Mandangad,Branch Offices of Classified Banks,4
2006,Ratnagiri,Mandangad,Classified Banks,1
2006,Ratnagiri,Rajapur,Branch Offices of Classified Banks,9
2006,Ratnagiri,Rajapur,Classified Banks,4
2006,Ratnagiri,Ratnagiri,Branch Offices of Classified Banks,30
2006,Ratnagiri,Ratnagiri,Classified Banks,13
2006,Ratnagiri,Sangameshwar,Branch Offices of Classified Banks,10
2006,Ratnagiri,Sangameshwar,Classified Banks,3
2008,Nandurbar,Akkalkuva,Branch Offices of Classified Banks,6
2008,Nandurbar,Akkalkuva,Classified Banks,3
2008,Nandurbar,Akrani,Branch Offices of Classified Banks,3
2008,Nandurbar,Akrani,Classified Banks,2
2008,Nandurbar,Nandurbar,Branch Offices of Classified Banks,15
2008,Nandurbar,Nandurbar,Classified Banks,8
2008,Nandurbar,Navapur,Branch Offices of Classified Banks,7
2008,Nandurbar,Navapur,Classified Banks,4
2008,Nandurbar,Shahada,Branch Offices of Classified Banks,12
2008,Nandurbar,Shahada,Classified Banks,5
2008,Nandurbar,Taloda,Branch Offices of Classified Banks,7
2008,Nandurbar,Taloda,Classified Banks,3
2008,Ratnagiri,Chiplun,Branch Offices of Classified Banks,19
2008,Ratnagiri,Chiplun,Classified Banks,10
2008,Ratnagiri,Dapoli,Branch Offices of Classified Banks,12
2008,Ratnagiri,Dapoli,Classified Banks,6
2008,Ratnagiri,Guhagar,Branch Offices of Classified Banks,7
2008,Ratnagiri,Guhagar,Classified Banks,5
2008,Ratnagiri,Khed,Branch Offices of Classified Banks,14
2008,Ratnagiri,Khed,Classified Banks,7
2008,Ratnagiri,Lanja,Branch Offices of Classified Banks,6
2008,Ratnagiri,Lanja,Classified Banks,3
2008,Ratnagiri,Mandangad,Branch Offices of Classified Banks,4
2008,Ratnagiri,Mandangad,Classified Banks,1
2008,Ratnagiri,Rajapur,Branch Offices of Classified Banks,10
2008,Ratnagiri,Rajapur,Classified Banks,5
2008,Ratnagiri,Ratnagiri,Branch Offices of Classified Banks,38
2008,Ratnagiri,Ratnagiri,Classified Banks,18
2008,Ratnagiri,Sangameshwar,Branch Offices of Classified Banks,10
2008,Ratnagiri,Sangameshwar,Classified Banks,3
2009,Jalgaon,Amalner,Branch Offices of Classified Banks,13
2009,Jalgaon,Amalner,Classified Banks,7
2009,Jalgaon,Bhadgaon,Branch Offices of Classified Banks,8
2009,Jalgaon,Bhadgaon,Classified Banks,4
2009,Jalgaon,Bhusawal,Branch Offices of Classified Banks,19
2009,Jalgaon,Bhusawal,Classified Banks,1
2009,Jalgaon,Bodvad,Branch Offices of Classified Banks,5
2009,Jalgaon,Bodvad,Classified Banks,4
2009,Jalgaon,Chalisgaon,Branch Offices of Classified Banks,18
2009,Jalgaon,Chalisgaon,Classified Banks,7
2009,Jalgaon,Chopda,Branch Offices of Classified Banks,10
2009,Jalgaon,Chopda,Classified Banks,6
2009,Jalgaon,Dharangaon,Branch Offices of Classified Banks,8
2009,Jalgaon,Dharangaon,Classified Banks,4
2009,Jalgaon,Erandol,Branch Offices of Classified Banks,7
2009,Jalgaon,Erandol,Classified Banks,5
2009,Jalgaon,Jalgaon,Branch Offices of Classified Banks,64
2009,Jalgaon,Jalgaon,Classified Banks,25
2009,Jalgaon,Jamner,Branch Offices of Classified Banks,16
2009,Jalgaon,Jamner,Classified Banks,6
2009,Jalgaon,Muktainagar (Edlabad),Branch Offices of Classified Banks,7
2009,Jalgaon,Muktainagar (Edlabad),Classified Banks,4
2009,Jalgaon,Pachora,Branch Offices of Classified Banks,12
2009,Jalgaon,Pachora,Classified Banks,6
2009,Jalgaon,Parola,Branch Offices of Classified Banks,5
2009,Jalgaon,Parola,Classified Banks,2
2009,Jalgaon,Raver,Branch Offices of Classified Banks,12
2009,Jalgaon,Raver,Classified Banks,5
2009,Jalgaon,Yawal,Branch Offices of Classified Banks,14
2009,Jalgaon,Yawal,Classified Banks,6
2009,Nandurbar,Akkalkuva,Branch Offices of Classified Banks,6
2009,Nandurbar,Akkalkuva,Classified Banks,3
2009,Nandurbar,Akrani,Branch Offices of Classified Banks,4
2009,Nandurbar,Akrani,Classified Banks,2
2009,Nandurbar,Nandurbar,Branch Offices of Classified Banks,15
2009,Nandurbar,Nandurbar,Classified Banks,10
2009,Nandurbar,Navapur,Branch Offices of Classified Banks,7
2009,Nandurbar,Navapur,Classified Banks,4
2009,Nandurbar,Shahada,Branch Offices of Classified Banks,14
2009,Nandurbar,Shahada,Classified Banks,11
2009,Nandurbar,Taloda,Branch Offices of Classified Banks,5
2009,Nandurbar,Taloda,Classified Banks,2
2009,Ratnagiri,Chiplun,Branch Offices of Classified Banks,20
2009,Ratnagiri,Chiplun,Classified Banks,11
2009,Ratnagiri,Dapoli,Branch Offices of Classified Banks,13
2009,Ratnagiri,Dapoli,Classified Banks,7
2009,Ratnagiri,Guhagar,Branch Offices of Classified Banks,7
2009,Ratnagiri,Guhagar,Classified Banks,5
2009,Ratnagiri,Khed,Branch Offices of Classified Banks,15
2009,Ratnagiri,Khed,Classified Banks,8
2009,Ratnagiri,Lanja,Branch Offices of Classified Banks,6
2009,Ratnagiri,Lanja,Classified Banks,3
2009,Ratnagiri,Mandangad,Branch Offices of Classified Banks,5
2009,Ratnagiri,Mandangad,Classified Banks,2
2009,Ratnagiri,Rajapur,Branch Offices of Classified Banks,10
2009,Ratnagiri,Rajapur,Classified Banks,5
2009,Ratnagiri,Ratnagiri,Branch Offices of Classified Banks,41
2009,Ratnagiri,Ratnagiri,Classified Banks,21
2009,Ratnagiri,Sangameshwar,Branch Offices of Classified Banks,10
2009,Ratnagiri,Sangameshwar,Classified Banks,3
2009,Washim,Karanja,Branch Offices of Classified Banks,7
2009,Washim,Karanja,Classified Banks,5
2009,Washim,Malegaon,Branch Offices of Classified Banks,5
2009,Washim,Malegaon,Classified Banks,3
2009,Washim,Mangrulpir,Branch Offices of Classified Banks,5
2009,Washim,Mangrulpir,Classified Banks,3
2009,Washim,Manora,Branch Offices of Classified Banks,3
2009,Washim,Manora,Classified Banks,2
2009,Washim,Resod,Branch Offices of Classified Banks,5
2009,Washim,Resod,Classified Banks,2
2009,Washim,Washim,Branch Offices of Classified Banks,9
2009,Washim,Washim,Classified Banks,4
2010,Jalgaon,Amalner,Branch Offices of Classified Banks,13
2010,Jalgaon,Amalner,Classified Banks,7
2010,Jalgaon,Bhadgaon,Branch Offices of Classified Banks,8
2010,Jalgaon,Bhadgaon,Classified Banks,4
2010,Jalgaon,Bhusawal,Branch Offices of Classified Banks,19
2010,Jalgaon,Bhusawal,Classified Banks,11
2010,Jalgaon,Bodvad,Branch Offices of Classified Banks,5
2010,Jalgaon,Bodvad,Classified Banks,4
2010,Jalgaon,Chalisgaon,Branch Offices of Classified Banks,18
2010,Jalgaon,Chalisgaon,Classified Banks,7
2010,Jalgaon,Chopda,Branch Offices of Classified Banks,12
2010,Jalgaon,Chopda,Classified Banks,6
2010,Jalgaon,Dharangaon,Branch Offices of Classified Banks,7
2010,Jalgaon,Dharangaon,Classified Banks,4
2010,Jalgaon,Erandol,Branch Offices of Classified Banks,6
2010,Jalgaon,Erandol,Classified Banks,5
2010,Jalgaon,Jalgaon,Branch Offices of Classified Banks,65
2010,Jalgaon,Jalgaon,Classified Banks,25
2010,Jalgaon,Jamner,Branch Offices of Classified Banks,17
2010,Jalgaon,Jamner,Classified Banks,6
2010,Jalgaon,Muktainagar (Edlabad),Branch Offices of Classified Banks,7
2010,Jalgaon,Muktainagar (Edlabad),Classified Banks,4
2010,Jalgaon,Pachora,Branch Offices of Classified Banks,13
2010,Jalgaon,Pachora,Classified Banks,6
2010,Jalgaon,Parola,Branch Offices of Classified Banks,6
2010,Jalgaon,Parola,Classified Banks,2
2010,Jalgaon,Raver,Branch Offices of Classified Banks,14
2010,Jalgaon,Raver,Classified Banks,5
2010,Jalgaon,Yawal,Branch Offices of Classified Banks,14
2010,Jalgaon,Yawal,Classified Banks,6
2010,Nandurbar,Akkalkuva,Branch Offices of Classified Banks,6
2010,Nandurbar,Akkalkuva,Classified Banks,3
2010,Nandurbar,Akrani,Branch Offices of Classified Banks,3
2010,Nandurbar,Akrani,Classified Banks,2
2010,Nandurbar,Nandurbar,Branch Offices of Classified Banks,16
2010,Nandurbar,Nandurbar,Classified Banks,7
2010,Nandurbar,Navapur,Branch Offices of Classified Banks,7
2010,Nandurbar,Navapur,Classified Banks,4
2010,Nandurbar,Shahada,Branch Offices of Classified Banks,16
2010,Nandurbar,Shahada,Classified Banks,6
2010,Nandurbar,Taloda,Branch Offices of Classified Banks,6
2010,Nandurbar,Taloda,Classified Banks,3
2010,Ratnagiri,Chiplun,Branch Offices of Classified Banks,21
2010,Ratnagiri,Chiplun,Classified Banks,11
2010,Ratnagiri,Dapoli,Branch Offices of Classified Banks,14
2010,Ratnagiri,Dapoli,Classified Banks,6
2010,Ratnagiri,Guhagar,Branch Offices of Classified Banks,8
2010,Ratnagiri,Guhagar,Classified Banks,5
2010,Ratnagiri,Khed,Branch Offices of Classified Banks,15
2010,Ratnagiri,Khed,Classified Banks,8
2010,Ratnagiri,Lanja,Branch Offices of Classified Banks,8
2010,Ratnagiri,Lanja,Classified Banks,3
2010,Ratnagiri,Mandangad,Branch Offices of Classified Banks,5
2010,Ratnagiri,Mandangad,Classified Banks,2
2010,Ratnagiri,Rajapur,Branch Offices of Classified Banks,10
2010,Ratnagiri,Rajapur,Classified Banks,5
2010,Ratnagiri,Ratnagiri,Branch Offices of Classified Banks,43
2010,Ratnagiri,Ratnagiri,Classified Banks,21
2010,Ratnagiri,Sangameshwar,Branch Offices of Classified Banks,11
2010,Ratnagiri,Sangameshwar,Classified Banks,3
2010,Washim,Karanja,Branch Offices of Classified Banks,17
2010,Washim,Karanja,Classified Banks,3
2010,Washim,Malegaon,Branch Offices of Classified Banks,15
2010,Washim,Malegaon,Classified Banks,3
2010,Washim,Mangrulpir,Branch Offices of Classified Banks,13
2010,Washim,Mangrulpir,Classified Banks,3
2010,Washim,Manora,Branch Offices of Classified Banks,9
2010,Washim,Manora,Classified Banks,2
2010,Washim,Resod,Branch Offices of Classified Banks,16
2010,Washim,Resod,Classified Banks,3
2010,Washim,Washim,Branch Offices of Classified Banks,18
2010,Washim,Washim,Classified Banks,5
2011,Jalgaon,Amalner,Branch Offices of Classified Banks,14
2011,Jalgaon,Amalner,Classified Banks,8
2011,Jalgaon,Bhadgaon,Branch Offices of Classified Banks,8
2011,Jalgaon,Bhadgaon,Classified Banks,4
2011,Jalgaon,Bhusawal,Branch Offices of Classified Banks,20
2011,Jalgaon,Bhusawal,Classified Banks,11
2011,Jalgaon,Bodvad,Branch Offices of Classified Banks,3
2011,Jalgaon,Bodvad,Classified Banks,3
2011,Jalgaon,Chalisgaon,Branch Offices of Classified Banks,20
2011,Jalgaon,Chalisgaon,Classified Banks,8
2011,Jalgaon,Chopda,Branch Offices of Classified Banks,13
2011,Jalgaon,Chopda,Classified Banks,8
2011,Jalgaon,Dharangaon,Branch Offices of Classified Banks,6
2011,Jalgaon,Dharangaon,Classified Banks,2
2011,Jalgaon,Erandol,Branch Offices of Classified Banks,6
2011,Jalgaon,Erandol,Classified Banks,4
2011,Jalgaon,Jalgaon,Branch Offices of Classified Banks,48
2011,Jalgaon,Jalgaon,Classified Banks,23
2011,Jalgaon,Jamner,Branch Offices of Classified Banks,11
2011,Jalgaon,Jamner,Classified Banks,6
2011,Jalgaon,Muktainagar (Edlabad),Branch Offices of Classified Banks,7
2011,Jalgaon,Muktainagar (Edlabad),Classified Banks,5
2011,Jalgaon,Pachora,Branch Offices of Classified Banks,15
2011,Jalgaon,Pachora,Classified Banks,8
2011,Jalgaon,Parola,Branch Offices of Classified Banks,4
2011,Jalgaon,Parola,Classified Banks,2
2011,Jalgaon,Raver,Branch Offices of Classified Banks,16
2011,Jalgaon,Raver,Classified Banks,8
2011,Jalgaon,Yawal,Branch Offices of Classified Banks,13
2011,Jalgaon,Yawal,Classified Banks,7
2011,Nandurbar,Akkalkuva,Branch Offices of Classified Banks,6
2011,Nandurbar,Akkalkuva,Classified Banks,3
2011,Nandurbar,Akrani,Branch Offices of Classified Banks,3
2011,Nandurbar,Akrani,Classified Banks,2
2011,Nandurbar,Nandurbar,Branch Offices of Classified Banks,15
2011,Nandurbar,Nandurbar,Classified Banks,7
2011,Nandurbar,Navapur,Branch Offices of Classified Banks,7
2011,Nandurbar,Navapur,Classified Banks,4
2011,Nandurbar,Shahada,Branch Offices of Classified Banks,15
2011,Nandurbar,Shahada,Classified Banks,6
2011,Nandurbar,Taloda,Branch Offices of Classified Banks,6
2011,Nandurbar,Taloda,Classified Banks,3
2011,Pune,Aambegaon,Branch Offices of Classified Banks,15
2011,Pune,Aambegaon,Classified Banks,8
2011,Pune,Baramati,Branch Offices of Classified Banks,34
2011,Pune,Baramati,Classified Banks,18
2011,Pune,Bhor,Branch Offices of Classified Banks,13
2011,Pune,Bhor,Classified Banks,8
2011,Pune,Daund,Branch Offices of Classified Banks,19
2011,Pune,Daund,Classified Banks,9
2011,Pune,Haveli,Branch Offices of Classified Banks,550
2011,Pune,Haveli,Classified Banks,49
2011,Pune,Indapur,Branch Offices of Classified Banks,23
2011,Pune,Indapur,Classified Banks,10
2011,Pune,Junnar,Branch Offices of Classified Banks,23
2011,Pune,Junnar,Classified Banks,11
2011,Pune,Khed,Branch Offices of Classified Banks,36
2011,Pune,Khed,Classified Banks,12
2011,Pune,Maval,Branch Offices of Classified Banks,34
2011,Pune,Maval,Classified Banks,14
2011,Pune,Mulashi,Branch Offices of Classified Banks,20
2011,Pune,Mulashi,Classified Banks,10
2011,Pune,Purandar,Branch Offices of Classified Banks,13
2011,Pune,Purandar,Classified Banks,6
2011,Pune,Shirur,Branch Offices of Classified Banks,24
2011,Pune,Shirur,Classified Banks,12
2011,Pune,Welhe,Branch Offices of Classified Banks,5
2011,Pune,Welhe,Classified Banks,4
2011,Ratnagiri,Chiplun,Branch Offices of Classified Banks,27
2011,Ratnagiri,Chiplun,Classified Banks,11
2011,Ratnagiri,Dapoli,Branch Offices of Classified Banks,15
2011,Ratnagiri,Dapoli,Classified Banks,6
2011,Ratnagiri,Guhagar,Branch Offices of Classified Banks,9
2011,Ratnagiri,Guhagar,Classified Banks,5
2011,Ratnagiri,Khed,Branch Offices of Classified Banks,15
2011,Ratnagiri,Khed,Classified Banks,8
2011,Ratnagiri,Lanja,Branch Offices of Classified Banks,6
2011,Ratnagiri,Lanja,Classified Banks,3
2011,Ratnagiri,Mandangad,Branch Offices of Classified Banks,5
2011,Ratnagiri,Mandangad,Classified Banks,2
2011,Ratnagiri,Rajapur,Branch Offices of Classified Banks,10
2011,Ratnagiri,Rajapur,Classified Banks,4
2011,Ratnagiri,Ratnagiri,Branch Offices of Classified Banks,47
2011,Ratnagiri,Ratnagiri,Classified Banks,22
2011,Ratnagiri,Sangameshwar,Branch Offices of Classified Banks,11
2011,Ratnagiri,Sangameshwar,Classified Banks,3
2011,Sangli,Atpadi,Branch Offices of Classified Banks,7
2011,Sangli,Atpadi,Classified Banks,3
2011,Sangli,Jat,Branch Offices of Classified Banks,17
2011,Sangli,Jat,Classified Banks,6
2011,Sangli,Kadegaon,Branch Offices of Classified Banks,6
2011,Sangli,Kadegaon,Classified Banks,5
2011,Sangli,Kavathe Mahakal,Branch Offices of Classified Banks,7
2011,Sangli,Kavathe Mahakal,Classified Banks,5
2011,Sangli,Khanapur,Branch Offices of Classified Banks,10
2011,Sangli,Khanapur,Classified Banks,6
2011,Sangli,Miraj,Branch Offices of Classified Banks,93
2011,Sangli,Miraj,Classified Banks,32
2011,Sangli,Palus,Branch Offices of Classified Banks,15
2011,Sangli,Palus,Classified Banks,7
2011,Sangli,Shirala,Branch Offices of Classified Banks,8
2011,Sangli,Shirala,Classified Banks,4
2011,Sangli,Tasgaon,Branch Offices of Classified Banks,19
2011,Sangli,Tasgaon,Classified Banks,6
2011,Sangli,Walwa,Branch Offices of Classified Banks,28
2011,Sangli,Walwa,Classified Banks,11
2011,Solapur,Akalkot,Branch Offices of Classified Banks,30
2011,Solapur,Akalkot,Classified Banks,7
2011,Solapur,Barsi,Branch Offices of Classified Banks,51
2011,Solapur,Barsi,Classified Banks,13
2011,Solapur,Karmala,Branch Offices of Classified Banks,26
2011,Solapur,Karmala,Classified Banks,6
2011,Solapur,Madha,Branch Offices of Classified Banks,42
2011,Solapur,Madha,Classified Banks,7
2011,Solapur,Malsiras,Branch Offices of Classified Banks,61
2011,Solapur,Malsiras,Classified Banks,11
2011,Solapur,Mangal Vedha,Branch Offices of Classified Banks,21
2011,Solapur,Mangal Vedha,Classified Banks,5
2011,Solapur,Mohol,Branch Offices of Classified Banks,35
2011,Solapur,Mohol,Classified Banks,6
2011,Solapur,North Solapur,Branch Offices of Classified Banks,96
2011,Solapur,North Solapur,Classified Banks,32
2011,Solapur,Pandharpur,Branch Offices of Classified Banks,41
2011,Solapur,Pandharpur,Classified Banks,12
2011,Solapur,Sangola,Branch Offices of Classified Banks,37
2011,Solapur,Sangola,Classified Banks,8
2011,Solapur,South Solapur,Branch Offices of Classified Banks,22
2011,Solapur,South Solapur,Classified Banks,4
2011,Washim,Karanja,Branch Offices of Classified Banks,17
2011,Washim,Karanja,Classified Banks,5
2011,Washim,Malegaon,Branch Offices of Classified Banks,15
2011,Washim,Malegaon,Classified Banks,5
2011,Washim,Mangrulpir,Branch Offices of Classified Banks,14
2011,Washim,Mangrulpir,Classified Banks,5
2011,Washim,Manora,Branch Offices of Classified Banks,9
2011,Washim,Manora,Classified Banks,4
2011,Washim,Resod,Branch Offices of Classified Banks,18
2011,Washim,Resod,Classified Banks,5
2011,Washim,Washim,Branch Offices of Classified Banks,22
2011,Washim,Washim,Classified Banks,8
2012,Ahilyanagar,Akole,Branch Offices of Classified Banks,33
2012,Ahilyanagar,Akole,Classified Banks,5
2012,Ahilyanagar,Jamkhed,Branch Offices of Classified Banks,16
2012,Ahilyanagar,Jamkhed,Classified Banks,6
2012,Ahilyanagar,Karjat,Branch Offices of Classified Banks,27
2012,Ahilyanagar,Karjat,Classified Banks,7
2012,Ahilyanagar,Kopargaon,Branch Offices of Classified Banks,40
2012,Ahilyanagar,Kopargaon,Classified Banks,13
2012,Ahilyanagar,Nagar,Branch Offices of Classified Banks,97
2012,Ahilyanagar,Nagar,Classified Banks,28
2012,Ahilyanagar,Nevasa,Branch Offices of Classified Banks,43
2012,Ahilyanagar,Nevasa,Classified Banks,7
2012,Ahilyanagar,Parner,Branch Offices of Classified Banks,39
2012,Ahilyanagar,Parner,Classified Banks,4
2012,Ahilyanagar,Pathardi,Branch Offices of Classified Banks,28
2012,Ahilyanagar,Pathardi,Classified Banks,9
2012,Ahilyanagar,Rahata,Branch Offices of Classified Banks,47
2012,Ahilyanagar,Rahata,Classified Banks,19
2012,Ahilyanagar,Rahuri,Branch Offices of Classified Banks,41
2012,Ahilyanagar,Rahuri,Classified Banks,9
2012,Ahilyanagar,Sangamner,Branch Offices of Classified Banks,72
2012,Ahilyanagar,Sangamner,Classified Banks,21
2012,Ahilyanagar,Shevgaon,Branch Offices of Classified Banks,29
2012,Ahilyanagar,Shevgaon,Classified Banks,4
2012,Ahilyanagar,Srigonda,Branch Offices of Classified Banks,37
2012,Ahilyanagar,Srigonda,Classified Banks,9
2012,Ahilyanagar,Srirampur,Branch Offices of Classified Banks,35
2012,Ahilyanagar,Srirampur,Classified Banks,14
2012,Akola,Akola,Branch Offices of Classified Banks,84
2012,Akola,Akola,Classified Banks,20
2012,Akola,Akot,Branch Offices of Classified Banks,24
2012,Akola,Akot,Classified Banks,11
2012,Akola,Balapur,Branch Offices of Classified Banks,19
2012,Akola,Balapur,Classified Banks,6
2012,Akola,Barshitakali,Branch Offices of Classified Banks,12
2012,Akola,Barshitakali,Classified Banks,4
2012,Akola,Murtijapur,Branch Offices of Classified Banks,16
2012,Akola,Murtijapur,Classified Banks,9
2012,Akola,Patur,Branch Offices of Classified Banks,11
2012,Akola,Patur,Classified Banks,2
2012,Akola,Telhara,Branch Offices of Classified Banks,20
2012,Akola,Telhara,Classified Banks,8
2012,Amravati,Achalpur,Branch Offices of Classified Banks,22
2012,Amravati,Achalpur,Classified Banks,15
2012,Amravati,Amravati,Branch Offices of Classified Banks,86
2012,Amravati,Amravati,Classified Banks,67
2012,Amravati,Anjangaon Su,Branch Offices of Classified Banks,17
2012,Amravati,Anjangaon Su,Classified Banks,10
2012,Amravati,Bhatkuli,Branch Offices of Classified Banks,13
2012,Amravati,Bhatkuli,Classified Banks,7
2012,Amravati,Chandur Railway,Branch Offices of Classified Banks,11
2012,Amravati,Chandur Railway,Classified Banks,7
2012,Amravati,Chandurbazar,Branch Offices of Classified Banks,19
2012,Amravati,Chandurbazar,Classified Banks,11
2012,Amravati,Chikhraldara,Branch Offices of Classified Banks,8
2012,Amravati,Chikhraldara,Classified Banks,5
2012,Amravati,Daryapur,Branch Offices of Classified Banks,18
2012,Amravati,Daryapur,Classified Banks,10
2012,Amravati,Dhamangaon Re,Branch Offices of Classified Banks,15
2012,Amravati,Dhamangaon Re,Classified Banks,9
2012,Amravati,Dharani,Branch Offices of Classified Banks,8
2012,Amravati,Dharani,Classified Banks,6
2012,Amravati,Morshi,Branch Offices of Classified Banks,21
2012,Amravati,Morshi,Classified Banks,11
2012,Amravati,Nandgaon Kh,Branch Offices of Classified Banks,15
2012,Amravati,Nandgaon Kh,Classified Banks,10
2012,Amravati,Tivas,Branch Offices of Classified Banks,12
2012,Amravati,Tivas,Classified Banks,7
2012,Amravati,Warud,Branch Offices of Classified Banks,25
2012,Amravati,Warud,Classified Banks,16
2012,Bhandara,Bhandara,Branch Offices of Classified Banks,32
2012,Bhandara,Bhandara,Classified Banks,18
2012,Bhandara,Lakhandur,Branch Offices of Classified Banks,7
2012,Bhandara,Lakhandur,Classified Banks,3
2012,Bhandara,Lakhani,Branch Offices of Classified Banks,6
2012,Bhandara,Lakhani,Classified Banks,3
2012,Bhandara,Mohadi,Branch Offices of Classified Banks,7
2012,Bhandara,Mohadi,Classified Banks,4
2012,Bhandara,Pavani,Branch Offices of Classified Banks,10
2012,Bhandara,Pavani,Classified Banks,5
2012,Bhandara,Sakoli,Branch Offices of Classified Banks,13
2012,Bhandara,Sakoli,Classified Banks,7
2012,Bhandara,Tumsar,Branch Offices of Classified Banks,18
2012,Bhandara,Tumsar,Classified Banks,10
2012,Chandrapur,Ballarpur,Branch Offices of Classified Banks,12
2012,Chandrapur,Ballarpur,Classified Banks,8
2012,Chandrapur,Bhadravati,Branch Offices of Classified Banks,21
2012,Chandrapur,Bhadravati,Classified Banks,6
2012,Chandrapur,Bramhapuri,Branch Offices of Classified Banks,20
2012,Chandrapur,Bramhapuri,Classified Banks,5
2012,Chandrapur,Chandrapur,Branch Offices of Classified Banks,66
2012,Chandrapur,Chandrapur,Classified Banks,23
2012,Chandrapur,Chimur,Branch Offices of Classified Banks,16
2012,Chandrapur,Chimur,Classified Banks,5
2012,Chandrapur,Gondpipari,Branch Offices of Classified Banks,11
2012,Chandrapur,Gondpipari,Classified Banks,3
2012,Chandrapur,Jivati,Branch Offices of Classified Banks,4
2012,Chandrapur,Jivati,Classified Banks,3
2012,Chandrapur,Korpana,Branch Offices of Classified Banks,11
2012,Chandrapur,Korpana,Classified Banks,4
2012,Chandrapur,Mul,Branch Offices of Classified Banks,14
2012,Chandrapur,Mul,Classified Banks,6
2012,Chandrapur,Nagbhid,Branch Offices of Classified Banks,15
2012,Chandrapur,Nagbhid,Classified Banks,5
2012,Chandrapur,Ponbhurna,Branch Offices of Classified Banks,6
2012,Chandrapur,Ponbhurna,Classified Banks,4
2012,Chandrapur,Rajura,Branch Offices of Classified Banks,13
2012,Chandrapur,Rajura,Classified Banks,4
2012,Chandrapur,Savali,Branch Offices of Classified Banks,10
2012,Chandrapur,Savali,Classified Banks,4
2012,Chandrapur,Sindevahi,Branch Offices of Classified Banks,11
2012,Chandrapur,Sindevahi,Classified Banks,5
2012,Chandrapur,Varora,Branch Offices of Classified Banks,27
2012,Chandrapur,Varora,Classified Banks,8
2012,Chhatrapati Sambhajinagar,Chhatrapati Sambhaji Nagar,Branch Offices of Classified Banks,163
2012,Chhatrapati Sambhajinagar,Chhatrapati Sambhaji Nagar,Classified Banks,39
2012,Chhatrapati Sambhajinagar,Gangapur,Branch Offices of Classified Banks,39
2012,Chhatrapati Sambhajinagar,Gangapur,Classified Banks,10
2012,Chhatrapati Sambhajinagar,Kannad,Branch Offices of Classified Banks,33
2012,Chhatrapati Sambhajinagar,Kannad,Classified Banks,8
2012,Chhatrapati Sambhajinagar,Khultabad,Branch Offices of Classified Banks,11
2012,Chhatrapati Sambhajinagar,Khultabad,Classified Banks,6
2012,Chhatrapati Sambhajinagar,Paithan,Branch Offices of Classified Banks,33
2012,Chhatrapati Sambhajinagar,Paithan,Classified Banks,7
2012,Chhatrapati Sambhajinagar,Phulambri,Branch Offices of Classified Banks,11
2012,Chhatrapati Sambhajinagar,Phulambri,Classified Banks,7
2012,Chhatrapati Sambhajinagar,Sillod,Branch Offices of Classified Banks,42
2012,Chhatrapati Sambhajinagar,Sillod,Classified Banks,10
2012,Chhatrapati Sambhajinagar,Soyegaon,Branch Offices of Classified Banks,14
2012,Chhatrapati Sambhajinagar,Soyegaon,Classified Banks,3
2012,Chhatrapati Sambhajinagar,Vaijapur,Branch Offices of Classified Banks,33
2012,Chhatrapati Sambhajinagar,Vaijapur,Classified Banks,7
2012,Dharashiv,Bhum,Branch Offices of Classified Banks,16
2012,Dharashiv,Bhum,Classified Banks,3
2012,Dharashiv,Dharashiv,Branch Offices of Classified Banks,48
2012,Dharashiv,Dharashiv,Classified Banks,11
2012,Dharashiv,Kalamb,Branch Offices of Classified Banks,22
2012,Dharashiv,Kalamb,Classified Banks,3
2012,Dharashiv,Lohara,Branch Offices of Classified Banks,17
2012,Dharashiv,Lohara,Classified Banks,3
2012,Dharashiv,Paranda,Branch Offices of Classified Banks,14
2012,Dharashiv,Paranda,Classified Banks,2
2012,Dharashiv,Tuljapur,Branch Offices of Classified Banks,28
2012,Dharashiv,Tuljapur,Classified Banks,3
2012,Dharashiv,Umaraga,Branch Offices of Classified Banks,30
2012,Dharashiv,Umaraga,Classified Banks,4
2012,Dharashiv,Washi,Branch Offices of Classified Banks,11
2012,Dharashiv,Washi,Classified Banks,3
2012,Dhule,Dhule,Branch Offices of Classified Banks,81
2012,Dhule,Dhule,Classified Banks,20
2012,Dhule,Sakri,Branch Offices of Classified Banks,32
2012,Dhule,Sakri,Classified Banks,6
2012,Dhule,Shindkheda,Branch Offices of Classified Banks,30
2012,Dhule,Shindkheda,Classified Banks,9
2012,Dhule,Shirpur,Branch Offices of Classified Banks,31
2012,Dhule,Shirpur,Classified Banks,11
2012,Gadchiroli,Aheri,Branch Offices of Classified Banks,12
2012,Gadchiroli,Aheri,Classified Banks,5
2012,Gadchiroli,Bhamragad,Branch Offices of Classified Banks,2
2012,Gadchiroli,Bhamragad,Classified Banks,2
2012,Gadchiroli,Chomoshi,Branch Offices of Classified Banks,16
2012,Gadchiroli,Chomoshi,Classified Banks,5
2012,Gadchiroli,Desaiganj,Branch Offices of Classified Banks,9
2012,Gadchiroli,Desaiganj,Classified Banks,6
2012,Gadchiroli,Dhanora,Branch Offices of Classified Banks,8
2012,Gadchiroli,Dhanora,Classified Banks,3
2012,Gadchiroli,Etapalli,Branch Offices of Classified Banks,4
2012,Gadchiroli,Etapalli,Classified Banks,3
2012,Gadchiroli,Gadchiroli,Branch Offices of Classified Banks,18
2012,Gadchiroli,Gadchiroli,Classified Banks,7
2012,Gadchiroli,Korachi,Branch Offices of Classified Banks,5
2012,Gadchiroli,Korachi,Classified Banks,3
2012,Gadchiroli,Kurkheda,Branch Offices of Classified Banks,10
2012,Gadchiroli,Kurkheda,Classified Banks,5
2012,Gadchiroli,Mulchera,Branch Offices of Classified Banks,4
2012,Gadchiroli,Mulchera,Classified Banks,3
2012,Gadchiroli,Sironcha,Branch Offices of Classified Banks,6
2012,Gadchiroli,Sironcha,Classified Banks,3
2012,Gadchiroli,rmori,Branch Offices of Classified Banks,11
2012,Gadchiroli,rmori,Classified Banks,4
2012,Gondia,Aamgaon,Branch Offices of Classified Banks,9
2012,Gondia,Aamgaon,Classified Banks,5
2012,Gondia,Arjuni Morgaon,Branch Offices of Classified Banks,13
2012,Gondia,Arjuni Morgaon,Classified Banks,6
2012,Gondia,Devari,Branch Offices of Classified Banks,8
2012,Gondia,Devari,Classified Banks,6
2012,Gondia,Gondia,Branch Offices of Classified Banks,40
2012,Gondia,Gondia,Classified Banks,20
2012,Gondia,Goregaon,Branch Offices of Classified Banks,6
2012,Gondia,Goregaon,Classified Banks,3
2012,Gondia,Sadak Arjuni,Branch Offices of Classified Banks,12
2012,Gondia,Sadak Arjuni,Classified Banks,5
2012,Gondia,Salekasa,Branch Offices of Classified Banks,5
2012,Gondia,Salekasa,Classified Banks,3
2012,Gondia,Tiroda,Branch Offices of Classified Banks,14
2012,Gondia,Tiroda,Classified Banks,9
2012,Hingoli,Aundha na,Branch Offices of Classified Banks,11
2012,Hingoli,Aundha na,Classified Banks,5
2012,Hingoli,Hingoli,Branch Offices of Classified Banks,27
2012,Hingoli,Hingoli,Classified Banks,14
2012,Hingoli,Kalamanuri,Branch Offices of Classified Banks,17
2012,Hingoli,Kalamanuri,Classified Banks,5
2012,Hingoli,Sengaon,Branch Offices of Classified Banks,14
2012,Hingoli,Sengaon,Classified Banks,3
2012,Hingoli,vasamat,Branch Offices of Classified Banks,19
2012,Hingoli,vasamat,Classified Banks,6
2012,Jalgaon,Amalner,Branch Offices of Classified Banks,15
2012,Jalgaon,Amalner,Classified Banks,8
2012,Jalgaon,Bhadgaon,Branch Offices of Classified Banks,8
2012,Jalgaon,Bhadgaon,Classified Banks,4
2012,Jalgaon,Bhusawal,Branch Offices of Classified Banks,20
2012,Jalgaon,Bhusawal,Classified Banks,11
2012,Jalgaon,Bodvad,Branch Offices of Classified Banks,3
2012,Jalgaon,Bodvad,Classified Banks,3
2012,Jalgaon,Chalisgaon,Branch Offices of Classified Banks,20
2012,Jalgaon,Chalisgaon,Classified Banks,8
2012,Jalgaon,Chopda,Branch Offices of Classified Banks,13
2012,Jalgaon,Chopda,Classified Banks,8
2012,Jalgaon,Dharangaon,Branch Offices of Classified Banks,7
2012,Jalgaon,Dharangaon,Classified Banks,2
2012,Jalgaon,Erandol,Branch Offices of Classified Banks,6
2012,Jalgaon,Erandol,Classified Banks,4
2012,Jalgaon,Jalgaon,Branch Offices of Classified Banks,50
2012,Jalgaon,Jalgaon,Classified Banks,23
2012,Jalgaon,Jamner,Branch Offices of Classified Banks,12
2012,Jalgaon,Jamner,Classified Banks,6
2012,Jalgaon,Muktainagar (Edlabad),Branch Offices of Classified Banks,8
2012,Jalgaon,Muktainagar (Edlabad),Classified Banks,5
2012,Jalgaon,Pachora,Branch Offices of Classified Banks,16
2012,Jalgaon,Pachora,Classified Banks,8
2012,Jalgaon,Parola,Branch Offices of Classified Banks,5
2012,Jalgaon,Parola,Classified Banks,2
2012,Jalgaon,Raver,Branch Offices of Classified Banks,17
2012,Jalgaon,Raver,Classified Banks,8
2012,Jalgaon,Yawal,Branch Offices of Classified Banks,15
2012,Jalgaon,Yawal,Classified Banks,7
2012,Kolhapur,Ajara,Branch Offices of Classified Banks,20
2012,Kolhapur,Ajara,Classified Banks,6
2012,Kolhapur,Bhudargad,Branch Offices of Classified Banks,25
2012,Kolhapur,Bhudargad,Classified Banks,7
2012,Kolhapur,Chandgad,Branch Offices of Classified Banks,22
2012,Kolhapur,Chandgad,Classified Banks,5
2012,Kolhapur,Gadhinglaj,Branch Offices of Classified Banks,31
2012,Kolhapur,Gadhinglaj,Classified Banks,12
2012,Kolhapur,Gaganbavada,Branch Offices of Classified Banks,9
2012,Kolhapur,Gaganbavada,Classified Banks,4
2012,Kolhapur,Hatkanangale,Branch Offices of Classified Banks,70
2012,Kolhapur,Hatkanangale,Classified Banks,20
2012,Kolhapur,Kagal,Branch Offices of Classified Banks,39
2012,Kolhapur,Kagal,Classified Banks,12
2012,Kolhapur,Karveer,Branch Offices of Classified Banks,153
2012,Kolhapur,Karveer,Classified Banks,34
2012,Kolhapur,Panhala,Branch Offices of Classified Banks,35
2012,Kolhapur,Panhala,Classified Banks,9
2012,Kolhapur,Radhanagari,Branch Offices of Classified Banks,26
2012,Kolhapur,Radhanagari,Classified Banks,7
2012,Kolhapur,Shahuwadi,Branch Offices of Classified Banks,23
2012,Kolhapur,Shahuwadi,Classified Banks,7
2012,Kolhapur,Shirol,Branch Offices of Classified Banks,49
2012,Kolhapur,Shirol,Classified Banks,12
2012,Latur,Ahamadpur,Branch Offices of Classified Banks,19
2012,Latur,Ahamadpur,Classified Banks,5
2012,Latur,Aosa,Branch Offices of Classified Banks,27
2012,Latur,Aosa,Classified Banks,7
2012,Latur,Chakur,Branch Offices of Classified Banks,19
2012,Latur,Chakur,Classified Banks,5
2012,Latur,Devani,Branch Offices of Classified Banks,12
2012,Latur,Devani,Classified Banks,4
2012,Latur,Jalkot,Branch Offices of Classified Banks,7
2012,Latur,Jalkot,Classified Banks,3
2012,Latur,Latur,Branch Offices of Classified Banks,71
2012,Latur,Latur,Classified Banks,21
2012,Latur,Nilanga,Branch Offices of Classified Banks,27
2012,Latur,Nilanga,Classified Banks,6
2012,Latur,Renapur,Branch Offices of Classified Banks,15
2012,Latur,Renapur,Classified Banks,6
2012,Latur,Shirur-Anantpal,Branch Offices of Classified Banks,12
2012,Latur,Shirur-Anantpal,Classified Banks,5
2012,Latur,Udgir,Branch Offices of Classified Banks,30
2012,Latur,Udgir,Classified Banks,10
2012,Nagpur,Bhiwapur,Branch Offices of Classified Banks,5
2012,Nagpur,Bhiwapur,Classified Banks,5
2012,Nagpur,Hingana,Branch Offices of Classified Banks,12
2012,Nagpur,Hingana,Classified Banks,8
2012,Nagpur,Kalameshwar,Branch Offices of Classified Banks,7
2012,Nagpur,Kalameshwar,Classified Banks,5
2012,Nagpur,Kamathi,Branch Offices of Classified Banks,8
2012,Nagpur,Kamathi,Classified Banks,6
2012,Nagpur,Katol,Branch Offices of Classified Banks,12
2012,Nagpur,Katol,Classified Banks,7
2012,Nagpur,Kuhi,Branch Offices of Classified Banks,9
2012,Nagpur,Kuhi,Classified Banks,5
2012,Nagpur,Mauda,Branch Offices of Classified Banks,9
2012,Nagpur,Mauda,Classified Banks,7
2012,Nagpur,Nagpur (Gra),Branch Offices of Classified Banks,22
2012,Nagpur,Nagpur (Gra),Classified Banks,12
2012,Nagpur,Nagpur (Sh),Branch Offices of Classified Banks,184
2012,Nagpur,Nagpur (Sh),Classified Banks,19
2012,Nagpur,Narkhed,Branch Offices of Classified Banks,9
2012,Nagpur,Narkhed,Classified Banks,6
2012,Nagpur,Parashivani,Branch Offices of Classified Banks,8
2012,Nagpur,Parashivani,Classified Banks,6
2012,Nagpur,Ramtech,Branch Offices of Classified Banks,12
2012,Nagpur,Ramtech,Classified Banks,5
2012,Nagpur,Sawner,Branch Offices of Classified Banks,14
2012,Nagpur,Sawner,Classified Banks,7
2012,Nagpur,Umred,Branch Offices of Classified Banks,14
2012,Nagpur,Umred,Classified Banks,8
2012,Nandurbar,Akkalkuva,Branch Offices of Classified Banks,6
2012,Nandurbar,Akkalkuva,Classified Banks,3
2012,Nandurbar,Akrani,Branch Offices of Classified Banks,3
2012,Nandurbar,Akrani,Classified Banks,2
2012,Nandurbar,Nandurbar,Branch Offices of Classified Banks,15
2012,Nandurbar,Nandurbar,Classified Banks,7
2012,Nandurbar,Navapur,Branch Offices of Classified Banks,7
2012,Nandurbar,Navapur,Classified Banks,4
2012,Nandurbar,Shahada,Branch Offices of Classified Banks,15
2012,Nandurbar,Shahada,Classified Banks,6
2012,Nandurbar,Taloda,Branch Offices of Classified Banks,6
2012,Nandurbar,Taloda,Classified Banks,3
2012,Nashik,Baglan,Branch Offices of Classified Banks,17
2012,Nashik,Baglan,Classified Banks,6
2012,Nashik,Chandwad,Branch Offices of Classified Banks,8
2012,Nashik,Chandwad,Classified Banks,2
2012,Nashik,Devala,Branch Offices of Classified Banks,4
2012,Nashik,Devala,Classified Banks,3
2012,Nashik,Dindori,Branch Offices of Classified Banks,19
2012,Nashik,Dindori,Classified Banks,11
2012,Nashik,Igatpuri,Branch Offices of Classified Banks,13
2012,Nashik,Igatpuri,Classified Banks,9
2012,Nashik,Kalwan,Branch Offices of Classified Banks,10
2012,Nashik,Kalwan,Classified Banks,3
2012,Nashik,Malegaon,Branch Offices of Classified Banks,30
2012,Nashik,Malegaon,Classified Banks,11
2012,Nashik,Nandgaon,Branch Offices of Classified Banks,14
2012,Nashik,Nandgaon,Classified Banks,8
2012,Nashik,Nashik,Branch Offices of Classified Banks,146
2012,Nashik,Nashik,Classified Banks,38
2012,Nashik,Nifad,Branch Offices of Classified Banks,37
2012,Nashik,Nifad,Classified Banks,14
2012,Nashik,Peth,Branch Offices of Classified Banks,4
2012,Nashik,Peth,Classified Banks,3
2012,Nashik,Sinner,Branch Offices of Classified Banks,23
2012,Nashik,Sinner,Classified Banks,13
2012,Nashik,Surgana,Branch Offices of Classified Banks,3
2012,Nashik,Surgana,Classified Banks,3
2012,Nashik,Trimbak,Branch Offices of Classified Banks,6
2012,Nashik,Trimbak,Classified Banks,5
2012,Nashik,Yewala,Branch Offices of Classified Banks,13
2012,Nashik,Yewala,Classified Banks,8
2012,Pune,Aambegaon,Branch Offices of Classified Banks,15
2012,Pune,Aambegaon,Classified Banks,9
2012,Pune,Baramati,Branch Offices of Classified Banks,36
2012,Pune,Baramati,Classified Banks,18
2012,Pune,Bhor,Branch Offices of Classified Banks,13
2012,Pune,Bhor,Classified Banks,9
2012,Pune,Daund,Branch Offices of Classified Banks,19
2012,Pune,Daund,Classified Banks,10
2012,Pune,Haveli,Branch Offices of Classified Banks,648
2012,Pune,Haveli,Classified Banks,14
2012,Pune,Indapur,Branch Offices of Classified Banks,23
2012,Pune,Indapur,Classified Banks,10
2012,Pune,Junnar,Branch Offices of Classified Banks,24
2012,Pune,Junnar,Classified Banks,11
2012,Pune,Khed,Branch Offices of Classified Banks,41
2012,Pune,Khed,Classified Banks,18
2012,Pune,Maval,Branch Offices of Classified Banks,39
2012,Pune,Maval,Classified Banks,15
2012,Pune,Mulashi,Branch Offices of Classified Banks,24
2012,Pune,Mulashi,Classified Banks,11
2012,Pune,Pune City,Classified Banks,37
2012,Pune,Purandar,Branch Offices of Classified Banks,13
2012,Pune,Purandar,Classified Banks,6
2012,Pune,Shirur,Branch Offices of Classified Banks,26
2012,Pune,Shirur,Classified Banks,13
2012,Pune,Welhe,Branch Offices of Classified Banks,5
2012,Pune,Welhe,Classified Banks,2
2012,Raigad,Panwel,Branch Offices of Classified Banks,101
2012,Raigad,Panwel,Classified Banks,25
2012,Raigad,Uran,Branch Offices of Classified Banks,23
2012,Raigad,Uran,Classified Banks,8
2012,Raigad,alibag,Branch Offices of Classified Banks,34
2012,Raigad,alibag,Classified Banks,15
2012,Raigad,karjat,Branch Offices of Classified Banks,22
2012,Raigad,karjat,Classified Banks,9
2012,Raigad,khalapur,Branch Offices of Classified Banks,25
2012,Raigad,khalapur,Classified Banks,12
2012,Raigad,mahad,Branch Offices of Classified Banks,13
2012,Raigad,mahad,Classified Banks,6
2012,Raigad,mangaon,Branch Offices of Classified Banks,24
2012,Raigad,mangaon,Classified Banks,7
2012,Raigad,mhasala,Branch Offices of Classified Banks,7
2012,Raigad,mhasala,Classified Banks,3
2012,Raigad,murud,Branch Offices of Classified Banks,10
2012,Raigad,murud,Classified Banks,4
2012,Raigad,pen,Branch Offices of Classified Banks,25
2012,Raigad,pen,Classified Banks,10
2012,Raigad,poladpur,Branch Offices of Classified Banks,7
2012,Raigad,poladpur,Classified Banks,4
2012,Raigad,roha,Branch Offices of Classified Banks,17
2012,Raigad,roha,Classified Banks,6
2012,Raigad,shreevardhan,Branch Offices of Classified Banks,12
2012,Raigad,shreevardhan,Classified Banks,6
2012,Raigad,sudhagad,Branch Offices of Classified Banks,5
2012,Raigad,sudhagad,Classified Banks,4
2012,Raigad,tala,Branch Offices of Classified Banks,3
2012,Raigad,tala,Classified Banks,3
2012,Ratnagiri,Chiplun,Branch Offices of Classified Banks,38
2012,Ratnagiri,Chiplun,Classified Banks,18
2012,Ratnagiri,Dapoli,Branch Offices of Classified Banks,26
2012,Ratnagiri,Dapoli,Classified Banks,9
2012,Ratnagiri,Guhagar,Branch Offices of Classified Banks,16
2012,Ratnagiri,Guhagar,Classified Banks,7
2012,Ratnagiri,Khed,Branch Offices of Classified Banks,25
2012,Ratnagiri,Khed,Classified Banks,10
2012,Ratnagiri,Lanja,Branch Offices of Classified Banks,15
2012,Ratnagiri,Lanja,Classified Banks,5
2012,Ratnagiri,Mandangad,Branch Offices of Classified Banks,12
2012,Ratnagiri,Mandangad,Classified Banks,4
2012,Ratnagiri,Rajapur,Branch Offices of Classified Banks,20
2012,Ratnagiri,Rajapur,Classified Banks,7
2012,Ratnagiri,Ratnagiri,Branch Offices of Classified Banks,58
2012,Ratnagiri,Ratnagiri,Classified Banks,23
2012,Ratnagiri,Sangameshwar,Branch Offices of Classified Banks,20
2012,Ratnagiri,Sangameshwar,Classified Banks,5
2012,Sangli,Atpadi,Branch Offices of Classified Banks,8
2012,Sangli,Atpadi,Classified Banks,4
2012,Sangli,Jat,Branch Offices of Classified Banks,18
2012,Sangli,Jat,Classified Banks,7
2012,Sangli,Kadegaon,Branch Offices of Classified Banks,6
2012,Sangli,Kadegaon,Classified Banks,4
2012,Sangli,Kavathe Mahakal,Branch Offices of Classified Banks,7
2012,Sangli,Kavathe Mahakal,Classified Banks,5
2012,Sangli,Khanapur,Branch Offices of Classified Banks,11
2012,Sangli,Khanapur,Classified Banks,9
2012,Sangli,Miraj,Branch Offices of Classified Banks,99
2012,Sangli,Miraj,Classified Banks,38
2012,Sangli,Palus,Branch Offices of Classified Banks,18
2012,Sangli,Palus,Classified Banks,9
2012,Sangli,Shirala,Branch Offices of Classified Banks,9
2012,Sangli,Shirala,Classified Banks,5
2012,Sangli,Tasgaon,Branch Offices of Classified Banks,19
2012,Sangli,Tasgaon,Classified Banks,6
2012,Sangli,Walwa,Branch Offices of Classified Banks,31
2012,Sangli,Walwa,Classified Banks,13
2012,Sindhudurg,Devgad,Branch Offices of Classified Banks,12
2012,Sindhudurg,Devgad,Classified Banks,5
2012,Sindhudurg,Dodamarg,Branch Offices of Classified Banks,5
2012,Sindhudurg,Dodamarg,Classified Banks,2
2012,Sindhudurg,Kankavali,Branch Offices of Classified Banks,19
2012,Sindhudurg,Kankavali,Classified Banks,9
2012,Sindhudurg,Kudal,Branch Offices of Classified Banks,20
2012,Sindhudurg,Kudal,Classified Banks,10
2012,Sindhudurg,Malvan,Branch Offices of Classified Banks,16
2012,Sindhudurg,Malvan,Classified Banks,6
2012,Sindhudurg,Sawantwadi,Branch Offices of Classified Banks,21
2012,Sindhudurg,Sawantwadi,Classified Banks,12
2012,Sindhudurg,Vaibhavwadi,Branch Offices of Classified Banks,4
2012,Sindhudurg,Vaibhavwadi,Classified Banks,3
2012,Sindhudurg,Vengurla,Branch Offices of Classified Banks,11
2012,Sindhudurg,Vengurla,Classified Banks,5
2012,Solapur,Akalkot,Branch Offices of Classified Banks,31
2012,Solapur,Akalkot,Classified Banks,8
2012,Solapur,Barsi,Branch Offices of Classified Banks,53
2012,Solapur,Barsi,Classified Banks,14
2012,Solapur,Karmala,Branch Offices of Classified Banks,27
2012,Solapur,Karmala,Classified Banks,7
2012,Solapur,Madha,Branch Offices of Classified Banks,43
2012,Solapur,Madha,Classified Banks,8
2012,Solapur,Malsiras,Branch Offices of Classified Banks,61
2012,Solapur,Malsiras,Classified Banks,12
2012,Solapur,Mangal Vedha,Branch Offices of Classified Banks,24
2012,Solapur,Mangal Vedha,Classified Banks,6
2012,Solapur,Mohol,Branch Offices of Classified Banks,36
2012,Solapur,Mohol,Classified Banks,7
2012,Solapur,North Solapur,Branch Offices of Classified Banks,97
2012,Solapur,North Solapur,Classified Banks,32
2012,Solapur,Pandharpur,Branch Offices of Classified Banks,43
2012,Solapur,Pandharpur,Classified Banks,13
2012,Solapur,Sangola,Branch Offices of Classified Banks,37
2012,Solapur,Sangola,Classified Banks,9
2012,Solapur,South Solapur,Branch Offices of Classified Banks,37
2012,Solapur,South Solapur,Classified Banks,4
2012,Thane,Ambarnath,Branch Offices of Classified Banks,34
2012,Thane,Ambarnath,Classified Banks,20
2012,Thane,Bhivandi,Branch Offices of Classified Banks,40
2012,Thane,Bhivandi,Classified Banks,18
2012,Thane,Kalyan,Branch Offices of Classified Banks,99
2012,Thane,Kalyan,Classified Banks,26
2012,Thane,Murbad,Branch Offices of Classified Banks,16
2012,Thane,Murbad,Classified Banks,9
2012,Thane,Shahapur,Branch Offices of Classified Banks,25
2012,Thane,Shahapur,Classified Banks,9
2012,Thane,Thane,Branch Offices of Classified Banks,493
2012,Thane,Thane,Classified Banks,34
2012,Thane,Ulhasnagar,Branch Offices of Classified Banks,32
2012,Thane,Ulhasnagar,Classified Banks,20
2012,Wardha,Aarvi,Branch Offices of Classified Banks,15
2012,Wardha,Aarvi,Classified Banks,8
2012,Wardha,Ashti,Branch Offices of Classified Banks,6
2012,Wardha,Ashti,Classified Banks,4
2012,Wardha,Devali,Branch Offices of Classified Banks,13
2012,Wardha,Devali,Classified Banks,8
2012,Wardha,Hinganghat,Branch Offices of Classified Banks,17
2012,Wardha,Hinganghat,Classified Banks,11
2012,Wardha,Karanja,Branch Offices of Classified Banks,8
2012,Wardha,Karanja,Classified Banks,5
2012,Wardha,Samudrapur,Branch Offices of Classified Banks,9
2012,Wardha,Samudrapur,Classified Banks,4
2012,Wardha,Selu,Branch Offices of Classified Banks,12
2012,Wardha,Selu,Classified Banks,6
2012,Wardha,Wardha,Branch Offices of Classified Banks,43
2012,Wardha,Wardha,Classified Banks,22
2012,Washim,Karanja,Branch Offices of Classified Banks,19
2012,Washim,Karanja,Classified Banks,7
2012,Washim,Malegaon,Branch Offices of Classified Banks,14
2012,Washim,Malegaon,Classified Banks,5
2012,Washim,Mangrulpir,Branch Offices of Classified Banks,14
2012,Washim,Mangrulpir,Classified Banks,5
2012,Washim,Manora,Branch Offices of Classified Banks,18
2012,Washim,Manora,Classified Banks,6
2012,Washim,Resod,Branch Offices of Classified Banks,10
2012,Washim,Resod,Classified Banks,4
2012,Washim,Washim,Branch Offices of Classified Banks,27
2012,Washim,Washim,Classified Banks,14
2012,Yavatmal,Aarni,Branch Offices of Classified Banks,13
2012,Yavatmal,Aarni,Classified Banks,5
2012,Yavatmal,Babhulgaon,Branch Offices of Classified Banks,9
2012,Yavatmal,Babhulgaon,Classified Banks,2
2012,Yavatmal,Darvha,Branch Offices of Classified Banks,15
2012,Yavatmal,Darvha,Classified Banks,9
2012,Yavatmal,Digras,Branch Offices of Classified Banks,11
2012,Yavatmal,Digras,Classified Banks,5
2012,Yavatmal,Ghantaji,Branch Offices of Classified Banks,11
2012,Yavatmal,Ghantaji,Classified Banks,3
2012,Yavatmal,Kalamb,Branch Offices of Classified Banks,10
2012,Yavatmal,Kalamb,Classified Banks,7
2012,Yavatmal,Kelapur,Branch Offices of Classified Banks,15
2012,Yavatmal,Kelapur,Classified Banks,6
2012,Yavatmal,Mahagaon,Branch Offices of Classified Banks,11
2012,Yavatmal,Mahagaon,Classified Banks,5
2012,Yavatmal,Maregaon,Branch Offices of Classified Banks,6
2012,Yavatmal,Maregaon,Classified Banks,2
2012,Yavatmal,Ner,Branch Offices of Classified Banks,10
2012,Yavatmal,Ner,Classified Banks,5
2012,Yavatmal,Pusad,Branch Offices of Classified Banks,17
2012,Yavatmal,Pusad,Classified Banks,8
2012,Yavatmal,Ralegaon,Branch Offices of Classified Banks,11
2012,Yavatmal,Ralegaon,Classified Banks,5
2012,Yavatmal,Umarkhed,Branch Offices of Classified Banks,17
2012,Yavatmal,Umarkhed,Classified Banks,10
2012,Yavatmal,Vani,Branch Offices of Classified Banks,30
2012,Yavatmal,Vani,Classified Banks,15
2012,Yavatmal,Yavatmal,Branch Offices of Classified Banks,42
2012,Yavatmal,Yavatmal,Classified Banks,27
2012,Yavatmal,Zari Jamani,Branch Offices of Classified Banks,8
2012,Yavatmal,Zari Jamani,Classified Banks,3
2013,Ahilyanagar,Akole,Branch Offices of Classified Banks,34
2013,Ahilyanagar,Akole,Classified Banks,5
2013,Ahilyanagar,Jamkhed,Branch Offices of Classified Banks,17
2013,Ahilyanagar,Jamkhed,Classified Banks,7
2013,Ahilyanagar,Karjat,Branch Offices of Classified Banks,27
2013,Ahilyanagar,Karjat,Classified Banks,7
2013,Ahilyanagar,Kopargaon,Branch Offices of Classified Banks,40
2013,Ahilyanagar,Kopargaon,Classified Banks,13
2013,Ahilyanagar,Nagar,Branch Offices of Classified Banks,98
2013,Ahilyanagar,Nagar,Classified Banks,29
2013,Ahilyanagar,Nevasa,Branch Offices of Classified Banks,44
2013,Ahilyanagar,Nevasa,Classified Banks,7
2013,Ahilyanagar,Parner,Branch Offices of Classified Banks,39
2013,Ahilyanagar,Parner,Classified Banks,4
2013,Ahilyanagar,Pathardi,Branch Offices of Classified Banks,30
2013,Ahilyanagar,Pathardi,Classified Banks,9
2013,Ahilyanagar,Rahata,Branch Offices of Classified Banks,48
2013,Ahilyanagar,Rahata,Classified Banks,19
2013,Ahilyanagar,Rahuri,Branch Offices of Classified Banks,42
2013,Ahilyanagar,Rahuri,Classified Banks,9
2013,Ahilyanagar,Sangamner,Branch Offices of Classified Banks,74
2013,Ahilyanagar,Sangamner,Classified Banks,22
2013,Ahilyanagar,Shevgaon,Branch Offices of Classified Banks,29
2013,Ahilyanagar,Shevgaon,Classified Banks,4
2013,Ahilyanagar,Srigonda,Branch Offices of Classified Banks,38
2013,Ahilyanagar,Srigonda,Classified Banks,10
2013,Ahilyanagar,Srirampur,Branch Offices of Classified Banks,36
2013,Ahilyanagar,Srirampur,Classified Banks,16
2013,Akola,Akola,Branch Offices of Classified Banks,65
2013,Akola,Akola,Classified Banks,26
2013,Akola,Akot,Branch Offices of Classified Banks,20
2013,Akola,Akot,Classified Banks,9
2013,Akola,Balapur,Branch Offices of Classified Banks,12
2013,Akola,Balapur,Classified Banks,7
2013,Akola,Barshitakali,Branch Offices of Classified Banks,7
2013,Akola,Barshitakali,Classified Banks,5
2013,Akola,Murtijapur,Branch Offices of Classified Banks,15
2013,Akola,Murtijapur,Classified Banks,5
2013,Akola,Patur,Branch Offices of Classified Banks,6
2013,Akola,Patur,Classified Banks,5
2013,Akola,Telhara,Branch Offices of Classified Banks,13
2013,Akola,Telhara,Classified Banks,8
2013,Amravati,Achalpur,Branch Offices of Classified Banks,21
2013,Amravati,Achalpur,Classified Banks,10
2013,Amravati,Amravati,Branch Offices of Classified Banks,99
2013,Amravati,Amravati,Classified Banks,29
2013,Amravati,Anjangaon Su,Branch Offices of Classified Banks,16
2013,Amravati,Anjangaon Su,Classified Banks,6
2013,Amravati,Bhatkuli,Branch Offices of Classified Banks,13
2013,Amravati,Bhatkuli,Classified Banks,5
2013,Amravati,Chandur Railway,Branch Offices of Classified Banks,16
2013,Amravati,Chandur Railway,Classified Banks,6
2013,Amravati,Chandurbazar,Branch Offices of Classified Banks,20
2013,Amravati,Chandurbazar,Classified Banks,8
2013,Amravati,Chikhraldara,Branch Offices of Classified Banks,8
2013,Amravati,Chikhraldara,Classified Banks,5
2013,Amravati,Daryapur,Branch Offices of Classified Banks,19
2013,Amravati,Daryapur,Classified Banks,4
2013,Amravati,Dhamangaon Re,Branch Offices of Classified Banks,16
2013,Amravati,Dhamangaon Re,Classified Banks,6
2013,Amravati,Dharani,Branch Offices of Classified Banks,10
2013,Amravati,Dharani,Classified Banks,4
2013,Amravati,Morshi,Branch Offices of Classified Banks,22
2013,Amravati,Morshi,Classified Banks,6
2013,Amravati,Nandgaon Kh,Branch Offices of Classified Banks,15
2013,Amravati,Nandgaon Kh,Classified Banks,7
2013,Amravati,Tivas,Branch Offices of Classified Banks,12
2013,Amravati,Tivas,Classified Banks,6
2013,Amravati,Warud,Branch Offices of Classified Banks,28
2013,Amravati,Warud,Classified Banks,10
2013,Bhandara,Bhandara,Branch Offices of Classified Banks,35
2013,Bhandara,Bhandara,Classified Banks,21
2013,Bhandara,Lakhandur,Branch Offices of Classified Banks,8
2013,Bhandara,Lakhandur,Classified Banks,4
2013,Bhandara,Lakhani,Branch Offices of Classified Banks,8
2013,Bhandara,Lakhani,Classified Banks,5
2013,Bhandara,Mohadi,Branch Offices of Classified Banks,8
2013,Bhandara,Mohadi,Classified Banks,5
2013,Bhandara,Pavani,Branch Offices of Classified Banks,12
2013,Bhandara,Pavani,Classified Banks,7
2013,Bhandara,Sakoli,Branch Offices of Classified Banks,14
2013,Bhandara,Sakoli,Classified Banks,8
2013,Bhandara,Tumsar,Branch Offices of Classified Banks,23
2013,Bhandara,Tumsar,Classified Banks,15
2013,Buldhana,Buldana,Branch Offices of Classified Banks,23
2013,Buldhana,Chikhali,Branch Offices of Classified Banks,18
2013,Buldhana,Deulgaon Raja,Branch Offices of Classified Banks,8
2013,Buldhana,Jalgaon Jamod,Branch Offices of Classified Banks,7
2013,Buldhana,Khamgaon,Branch Offices of Classified Banks,24
2013,Buldhana,Lonar,Branch Offices of Classified Banks,7
2013,Buldhana,Malkapur,Branch Offices of Classified Banks,12
2013,Buldhana,Mehkar,Branch Offices of Classified Banks,11
2013,Buldhana,Motala,Branch Offices of Classified Banks,11
2013,Buldhana,Nandura,Branch Offices of Classified Banks,9
2013,Buldhana,Sangrampur,Branch Offices of Classified Banks,6
2013,Buldhana,Shegaon,Branch Offices of Classified Banks,12
2013,Buldhana,Sindkhed Raja,Branch Offices of Classified Banks,7
2013,Chandrapur,Ballarpur,Branch Offices of Classified Banks,12
2013,Chandrapur,Ballarpur,Classified Banks,8
2013,Chandrapur,Bhadravati,Branch Offices of Classified Banks,21
2013,Chandrapur,Bhadravati,Classified Banks,6
2013,Chandrapur,Bramhapuri,Branch Offices of Classified Banks,20
2013,Chandrapur,Bramhapuri,Classified Banks,5
2013,Chandrapur,Chandrapur,Branch Offices of Classified Banks,66
2013,Chandrapur,Chandrapur,Classified Banks,23
2013,Chandrapur,Chimur,Branch Offices of Classified Banks,16
2013,Chandrapur,Chimur,Classified Banks,5
2013,Chandrapur,Gondpipari,Branch Offices of Classified Banks,11
2013,Chandrapur,Gondpipari,Classified Banks,3
2013,Chandrapur,Jivati,Branch Offices of Classified Banks,4
2013,Chandrapur,Jivati,Classified Banks,3
2013,Chandrapur,Korpana,Branch Offices of Classified Banks,11
2013,Chandrapur,Korpana,Classified Banks,4
2013,Chandrapur,Mul,Branch Offices of Classified Banks,14
2013,Chandrapur,Mul,Classified Banks,6
2013,Chandrapur,Nagbhid,Branch Offices of Classified Banks,15
2013,Chandrapur,Nagbhid,Classified Banks,5
2013,Chandrapur,Ponbhurna,Branch Offices of Classified Banks,6
2013,Chandrapur,Ponbhurna,Classified Banks,4
2013,Chandrapur,Rajura,Branch Offices of Classified Banks,13
2013,Chandrapur,Rajura,Classified Banks,4
2013,Chandrapur,Savali,Branch Offices of Classified Banks,10
2013,Chandrapur,Savali,Classified Banks,4
2013,Chandrapur,Sindevahi,Branch Offices of Classified Banks,11
2013,Chandrapur,Sindevahi,Classified Banks,5
2013,Chandrapur,Varora,Branch Offices of Classified Banks,27
2013,Chandrapur,Varora,Classified Banks,8
2013,Chhatrapati Sambhajinagar,Chhatrapati Sambhaji Nagar,Branch Offices of Classified Banks,170
2013,Chhatrapati Sambhajinagar,Chhatrapati Sambhaji Nagar,Classified Banks,41
2013,Chhatrapati Sambhajinagar,Gangapur,Branch Offices of Classified Banks,39
2013,Chhatrapati Sambhajinagar,Gangapur,Classified Banks,11
2013,Chhatrapati Sambhajinagar,Kannad,Branch Offices of Classified Banks,33
2013,Chhatrapati Sambhajinagar,Kannad,Classified Banks,8
2013,Chhatrapati Sambhajinagar,Khultabad,Branch Offices of Classified Banks,12
2013,Chhatrapati Sambhajinagar,Khultabad,Classified Banks,6
2013,Chhatrapati Sambhajinagar,Paithan,Branch Offices of Classified Banks,35
2013,Chhatrapati Sambhajinagar,Paithan,Classified Banks,7
2013,Chhatrapati Sambhajinagar,Phulambri,Branch Offices of Classified Banks,11
2013,Chhatrapati Sambhajinagar,Phulambri,Classified Banks,7
2013,Chhatrapati Sambhajinagar,Sillod,Branch Offices of Classified Banks,42
2013,Chhatrapati Sambhajinagar,Sillod,Classified Banks,11
2013,Chhatrapati Sambhajinagar,Soyegaon,Branch Offices of Classified Banks,14
2013,Chhatrapati Sambhajinagar,Soyegaon,Classified Banks,3
2013,Chhatrapati Sambhajinagar,Vaijapur,Branch Offices of Classified Banks,34
2013,Chhatrapati Sambhajinagar,Vaijapur,Classified Banks,7
2013,Dharashiv,Bhum,Branch Offices of Classified Banks,16
2013,Dharashiv,Bhum,Classified Banks,3
2013,Dharashiv,Dharashiv,Branch Offices of Classified Banks,48
2013,Dharashiv,Dharashiv,Classified Banks,11
2013,Dharashiv,Kalamb,Branch Offices of Classified Banks,22
2013,Dharashiv,Kalamb,Classified Banks,3
2013,Dharashiv,Lohara,Branch Offices of Classified Banks,17
2013,Dharashiv,Lohara,Classified Banks,3
2013,Dharashiv,Paranda,Branch Offices of Classified Banks,14
2013,Dharashiv,Paranda,Classified Banks,2
2013,Dharashiv,Tuljapur,Branch Offices of Classified Banks,28
2013,Dharashiv,Tuljapur,Classified Banks,3
2013,Dharashiv,Umaraga,Branch Offices of Classified Banks,30
2013,Dharashiv,Umaraga,Classified Banks,4
2013,Dharashiv,Washi,Branch Offices of Classified Banks,11
2013,Dharashiv,Washi,Classified Banks,3
2013,Dhule,Dhule,Branch Offices of Classified Banks,81
2013,Dhule,Dhule,Classified Banks,20
2013,Dhule,Sakri,Branch Offices of Classified Banks,29
2013,Dhule,Sakri,Classified Banks,6
2013,Dhule,Shindkheda,Branch Offices of Classified Banks,25
2013,Dhule,Shindkheda,Classified Banks,9
2013,Dhule,Shirpur,Branch Offices of Classified Banks,31
2013,Dhule,Shirpur,Classified Banks,11
2013,Gadchiroli,Aheri,Branch Offices of Classified Banks,12
2013,Gadchiroli,Aheri,Classified Banks,5
2013,Gadchiroli,Bhamragad,Branch Offices of Classified Banks,2
2013,Gadchiroli,Bhamragad,Classified Banks,2
2013,Gadchiroli,Chomoshi,Branch Offices of Classified Banks,16
2013,Gadchiroli,Chomoshi,Classified Banks,5
2013,Gadchiroli,Desaiganj,Branch Offices of Classified Banks,12
2013,Gadchiroli,Desaiganj,Classified Banks,6
2013,Gadchiroli,Dhanora,Branch Offices of Classified Banks,8
2013,Gadchiroli,Dhanora,Classified Banks,3
2013,Gadchiroli,Etapalli,Branch Offices of Classified Banks,4
2013,Gadchiroli,Etapalli,Classified Banks,3
2013,Gadchiroli,Gadchiroli,Branch Offices of Classified Banks,19
2013,Gadchiroli,Gadchiroli,Classified Banks,8
2013,Gadchiroli,Korachi,Branch Offices of Classified Banks,5
2013,Gadchiroli,Korachi,Classified Banks,3
2013,Gadchiroli,Kurkheda,Branch Offices of Classified Banks,10
2013,Gadchiroli,Kurkheda,Classified Banks,5
2013,Gadchiroli,Mulchera,Branch Offices of Classified Banks,4
2013,Gadchiroli,Mulchera,Classified Banks,3
2013,Gadchiroli,Sironcha,Branch Offices of Classified Banks,6
2013,Gadchiroli,Sironcha,Classified Banks,3
2013,Gadchiroli,rmori,Branch Offices of Classified Banks,13
2013,Gadchiroli,rmori,Classified Banks,5
2013,Gondia,Aamgaon,Branch Offices of Classified Banks,12
2013,Gondia,Aamgaon,Classified Banks,8
2013,Gondia,Arjuni Morgaon,Branch Offices of Classified Banks,17
2013,Gondia,Arjuni Morgaon,Classified Banks,9
2013,Gondia,Devari,Branch Offices of Classified Banks,10
2013,Gondia,Devari,Classified Banks,8
2013,Gondia,Gondia,Branch Offices of Classified Banks,45
2013,Gondia,Gondia,Classified Banks,25
2013,Gondia,Goregaon,Branch Offices of Classified Banks,8
2013,Gondia,Goregaon,Classified Banks,4
2013,Gondia,Sadak Arjuni,Branch Offices of Classified Banks,12
2013,Gondia,Sadak Arjuni,Classified Banks,5
2013,Gondia,Salekasa,Branch Offices of Classified Banks,5
2013,Gondia,Salekasa,Classified Banks,3
2013,Gondia,Tiroda,Branch Offices of Classified Banks,19
2013,Gondia,Tiroda,Classified Banks,11
2013,Hingoli,Aundha na,Branch Offices of Classified Banks,11
2013,Hingoli,Aundha na,Classified Banks,5
2013,Hingoli,Hingoli,Branch Offices of Classified Banks,29
2013,Hingoli,Hingoli,Classified Banks,16
2013,Hingoli,Kalamanuri,Branch Offices of Classified Banks,19
2013,Hingoli,Kalamanuri,Classified Banks,5
2013,Hingoli,Sengaon,Branch Offices of Classified Banks,14
2013,Hingoli,Sengaon,Classified Banks,3
2013,Hingoli,vasamat,Branch Offices of Classified Banks,22
2013,Hingoli,vasamat,Classified Banks,6
2013,Jalgaon,Amalner,Branch Offices of Classified Banks,15
2013,Jalgaon,Amalner,Classified Banks,9
2013,Jalgaon,Bhadgaon,Branch Offices of Classified Banks,8
2013,Jalgaon,Bhadgaon,Classified Banks,4
2013,Jalgaon,Bhusawal,Branch Offices of Classified Banks,20
2013,Jalgaon,Bhusawal,Classified Banks,12
2013,Jalgaon,Bodvad,Branch Offices of Classified Banks,5
2013,Jalgaon,Bodvad,Classified Banks,4
2013,Jalgaon,Chalisgaon,Branch Offices of Classified Banks,19
2013,Jalgaon,Chalisgaon,Classified Banks,7
2013,Jalgaon,Chopda,Branch Offices of Classified Banks,15
2013,Jalgaon,Chopda,Classified Banks,8
2013,Jalgaon,Dharangaon,Branch Offices of Classified Banks,7
2013,Jalgaon,Dharangaon,Classified Banks,3
2013,Jalgaon,Erandol,Branch Offices of Classified Banks,7
2013,Jalgaon,Erandol,Classified Banks,4
2013,Jalgaon,Jalgaon,Branch Offices of Classified Banks,44
2013,Jalgaon,Jalgaon,Classified Banks,20
2013,Jalgaon,Jamner,Branch Offices of Classified Banks,16
2013,Jalgaon,Jamner,Classified Banks,6
2013,Jalgaon,Muktainagar (Edlabad),Branch Offices of Classified Banks,17
2013,Jalgaon,Muktainagar (Edlabad),Classified Banks,4
2013,Jalgaon,Pachora,Branch Offices of Classified Banks,13
2013,Jalgaon,Pachora,Classified Banks,6
2013,Jalgaon,Parola,Branch Offices of Classified Banks,7
2013,Jalgaon,Parola,Classified Banks,4
2013,Jalgaon,Raver,Branch Offices of Classified Banks,17
2013,Jalgaon,Raver,Classified Banks,8
2013,Jalgaon,Yawal,Branch Offices of Classified Banks,16
2013,Jalgaon,Yawal,Classified Banks,8
2013,Jalna,Ambad,Branch Offices of Classified Banks,11
2013,Jalna,Ambad,Classified Banks,6
2013,Jalna,Badnapur,Branch Offices of Classified Banks,8
2013,Jalna,Badnapur,Classified Banks,5
2013,Jalna,Bhokardan,Branch Offices of Classified Banks,14
2013,Jalna,Bhokardan,Classified Banks,6
2013,Jalna,Ghansawangi,Branch Offices of Classified Banks,8
2013,Jalna,Ghansawangi,Classified Banks,4
2013,Jalna,Jaffrabad,Branch Offices of Classified Banks,8
2013,Jalna,Jaffrabad,Classified Banks,5
2013,Jalna,Jalna,Branch Offices of Classified Banks,38
2013,Jalna,Jalna,Classified Banks,23
2013,Jalna,Mantha,Branch Offices of Classified Banks,4
2013,Jalna,Mantha,Classified Banks,3
2013,Jalna,Partur,Branch Offices of Classified Banks,10
2013,Jalna,Partur,Classified Banks,4
2013,Kolhapur,Ajara,Branch Offices of Classified Banks,20
2013,Kolhapur,Ajara,Classified Banks,6
2013,Kolhapur,Bhudargad,Branch Offices of Classified Banks,25
2013,Kolhapur,Bhudargad,Classified Banks,7
2013,Kolhapur,Chandgad,Branch Offices of Classified Banks,22
2013,Kolhapur,Chandgad,Classified Banks,5
2013,Kolhapur,Gadhinglaj,Branch Offices of Classified Banks,31
2013,Kolhapur,Gadhinglaj,Classified Banks,12
2013,Kolhapur,Gaganbavada,Branch Offices of Classified Banks,9
2013,Kolhapur,Gaganbavada,Classified Banks,4
2013,Kolhapur,Hatkanangale,Branch Offices of Classified Banks,70
2013,Kolhapur,Hatkanangale,Classified Banks,20
2013,Kolhapur,Kagal,Branch Offices of Classified Banks,39
2013,Kolhapur,Kagal,Classified Banks,12
2013,Kolhapur,Karveer,Branch Offices of Classified Banks,153
2013,Kolhapur,Karveer,Classified Banks,34
2013,Kolhapur,Panhala,Branch Offices of Classified Banks,35
2013,Kolhapur,Panhala,Classified Banks,9
2013,Kolhapur,Radhanagari,Branch Offices of Classified Banks,26
2013,Kolhapur,Radhanagari,Classified Banks,7
2013,Kolhapur,Shahuwadi,Branch Offices of Classified Banks,23
2013,Kolhapur,Shahuwadi,Classified Banks,7
2013,Kolhapur,Shirol,Branch Offices of Classified Banks,49
2013,Kolhapur,Shirol,Classified Banks,12
2013,Latur,Ahamadpur,Branch Offices of Classified Banks,21
2013,Latur,Ahamadpur,Classified Banks,5
2013,Latur,Aosa,Branch Offices of Classified Banks,27
2013,Latur,Aosa,Classified Banks,7
2013,Latur,Chakur,Branch Offices of Classified Banks,19
2013,Latur,Chakur,Classified Banks,5
2013,Latur,Devani,Branch Offices of Classified Banks,12
2013,Latur,Devani,Classified Banks,4
2013,Latur,Jalkot,Branch Offices of Classified Banks,7
2013,Latur,Jalkot,Classified Banks,3
2013,Latur,Latur,Branch Offices of Classified Banks,73
2013,Latur,Latur,Classified Banks,21
2013,Latur,Nilanga,Branch Offices of Classified Banks,27
2013,Latur,Nilanga,Classified Banks,6
2013,Latur,Renapur,Branch Offices of Classified Banks,15
2013,Latur,Renapur,Classified Banks,6
2013,Latur,Shirur-Anantpal,Branch Offices of Classified Banks,12
2013,Latur,Shirur-Anantpal,Classified Banks,5
2013,Latur,Udgir,Branch Offices of Classified Banks,30
2013,Latur,Udgir,Classified Banks,10
2013,Mumbai City,Mumbai City,Branch Offices of Classified Banks,822
2013,Mumbai City,Mumbai City,Classified Banks,39
2013,Nagpur,Bhiwapur,Branch Offices of Classified Banks,9
2013,Nagpur,Bhiwapur,Classified Banks,5
2013,Nagpur,Hingana,Branch Offices of Classified Banks,20
2013,Nagpur,Hingana,Classified Banks,8
2013,Nagpur,Kalameshwar,Branch Offices of Classified Banks,16
2013,Nagpur,Kalameshwar,Classified Banks,6
2013,Nagpur,Kamathi,Branch Offices of Classified Banks,16
2013,Nagpur,Kamathi,Classified Banks,8
2013,Nagpur,Katol,Branch Offices of Classified Banks,20
2013,Nagpur,Katol,Classified Banks,12
2013,Nagpur,Kuhi,Branch Offices of Classified Banks,14
2013,Nagpur,Kuhi,Classified Banks,5
2013,Nagpur,Mauda,Branch Offices of Classified Banks,19
2013,Nagpur,Mauda,Classified Banks,9
2013,Nagpur,Nagpur (Gra),Branch Offices of Classified Banks,37
2013,Nagpur,Nagpur (Gra),Classified Banks,15
2013,Nagpur,Nagpur (Sh),Branch Offices of Classified Banks,258
2013,Nagpur,Nagpur (Sh),Classified Banks,19
2013,Nagpur,Narkhed,Branch Offices of Classified Banks,19
2013,Nagpur,Narkhed,Classified Banks,8
2013,Nagpur,Parashivani,Branch Offices of Classified Banks,13
2013,Nagpur,Parashivani,Classified Banks,7
2013,Nagpur,Ramtech,Branch Offices of Classified Banks,21
2013,Nagpur,Ramtech,Classified Banks,6
2013,Nagpur,Sawner,Branch Offices of Classified Banks,25
2013,Nagpur,Sawner,Classified Banks,8
2013,Nagpur,Umred,Branch Offices of Classified Banks,24
2013,Nagpur,Umred,Classified Banks,10
2013,Nandurbar,Akkalkuva,Branch Offices of Classified Banks,6
2013,Nandurbar,Akkalkuva,Classified Banks,3
2013,Nandurbar,Akrani,Branch Offices of Classified Banks,3
2013,Nandurbar,Akrani,Classified Banks,2
2013,Nandurbar,Nandurbar,Branch Offices of Classified Banks,18
2013,Nandurbar,Nandurbar,Classified Banks,12
2013,Nandurbar,Navapur,Branch Offices of Classified Banks,10
2013,Nandurbar,Navapur,Classified Banks,4
2013,Nandurbar,Shahada,Branch Offices of Classified Banks,17
2013,Nandurbar,Shahada,Classified Banks,8
2013,Nandurbar,Taloda,Branch Offices of Classified Banks,6
2013,Nandurbar,Taloda,Classified Banks,3
2013,Nashik,Baglan,Branch Offices of Classified Banks,24
2013,Nashik,Baglan,Classified Banks,9
2013,Nashik,Chandwad,Branch Offices of Classified Banks,8
2013,Nashik,Chandwad,Classified Banks,2
2013,Nashik,Devala,Branch Offices of Classified Banks,6
2013,Nashik,Devala,Classified Banks,3
2013,Nashik,Dindori,Branch Offices of Classified Banks,24
2013,Nashik,Dindori,Classified Banks,13
2013,Nashik,Igatpuri,Branch Offices of Classified Banks,15
2013,Nashik,Igatpuri,Classified Banks,9
2013,Nashik,Kalwan,Branch Offices of Classified Banks,9
2013,Nashik,Kalwan,Classified Banks,3
2013,Nashik,Malegaon,Branch Offices of Classified Banks,32
2013,Nashik,Malegaon,Classified Banks,13
2013,Nashik,Nandgaon,Branch Offices of Classified Banks,14
2013,Nashik,Nandgaon,Classified Banks,9
2013,Nashik,Nashik,Branch Offices of Classified Banks,179
2013,Nashik,Nashik,Classified Banks,37
2013,Nashik,Nifad,Branch Offices of Classified Banks,47
2013,Nashik,Nifad,Classified Banks,15
2013,Nashik,Peth,Branch Offices of Classified Banks,5
2013,Nashik,Peth,Classified Banks,3
2013,Nashik,Sinner,Branch Offices of Classified Banks,26
2013,Nashik,Sinner,Classified Banks,13
2013,Nashik,Surgana,Branch Offices of Classified Banks,3
2013,Nashik,Surgana,Classified Banks,3
2013,Nashik,Trimbak,Branch Offices of Classified Banks,9
2013,Nashik,Trimbak,Classified Banks,6
2013,Nashik,Yewala,Branch Offices of Classified Banks,16
2013,Nashik,Yewala,Classified Banks,9
2013,Parbhani,Gangakhed,Branch Offices of Classified Banks,9
2013,Parbhani,Gangakhed,Classified Banks,6
2013,Parbhani,Jintur,Branch Offices of Classified Banks,11
2013,Parbhani,Jintur,Classified Banks,3
2013,Parbhani,Manvat,Branch Offices of Classified Banks,5
2013,Parbhani,Manvat,Classified Banks,5
2013,Parbhani,Palam,Branch Offices of Classified Banks,4
2013,Parbhani,Palam,Classified Banks,2
2013,Parbhani,Parbhani,Branch Offices of Classified Banks,36
2013,Parbhani,Parbhani,Classified Banks,18
2013,Parbhani,Pathari,Branch Offices of Classified Banks,4
2013,Parbhani,Pathari,Classified Banks,4
2013,Parbhani,Purna,Branch Offices of Classified Banks,10
2013,Parbhani,Purna,Classified Banks,4
2013,Parbhani,Selu,Branch Offices of Classified Banks,8
2013,Parbhani,Selu,Classified Banks,6
2013,Parbhani,Sonpeth,Branch Offices of Classified Banks,6
2013,Parbhani,Sonpeth,Classified Banks,3
2013,Pune,Aambegaon,Branch Offices of Classified Banks,32
2013,Pune,Aambegaon,Classified Banks,12
2013,Pune,Baramati,Branch Offices of Classified Banks,63
2013,Pune,Baramati,Classified Banks,18
2013,Pune,Bhor,Branch Offices of Classified Banks,25
2013,Pune,Bhor,Classified Banks,9
2013,Pune,Daund,Branch Offices of Classified Banks,45
2013,Pune,Daund,Classified Banks,10
2013,Pune,Haveli,Branch Offices of Classified Banks,143
2013,Pune,Haveli,Classified Banks,14
2013,Pune,Indapur,Branch Offices of Classified Banks,43
2013,Pune,Indapur,Classified Banks,10
2013,Pune,Junnar,Branch Offices of Classified Banks,45
2013,Pune,Junnar,Classified Banks,11
2013,Pune,Khed,Branch Offices of Classified Banks,59
2013,Pune,Khed,Classified Banks,18
2013,Pune,Maval,Branch Offices of Classified Banks,50
2013,Pune,Maval,Classified Banks,15
2013,Pune,Mulashi,Branch Offices of Classified Banks,36
2013,Pune,Mulashi,Classified Banks,11
2013,Pune,Pune City,Branch Offices of Classified Banks,755
2013,Pune,Pune City,Classified Banks,37
2013,Pune,Purandar,Branch Offices of Classified Banks,24
2013,Pune,Purandar,Classified Banks,9
2013,Pune,Shirur,Branch Offices of Classified Banks,56
2013,Pune,Shirur,Classified Banks,13
2013,Pune,Welhe,Branch Offices of Classified Banks,9
2013,Pune,Welhe,Classified Banks,2
2013,Raigad,Panwel,Branch Offices of Classified Banks,106
2013,Raigad,Panwel,Classified Banks,25
2013,Raigad,Uran,Branch Offices of Classified Banks,27
2013,Raigad,Uran,Classified Banks,11
2013,Raigad,alibag,Branch Offices of Classified Banks,37
2013,Raigad,alibag,Classified Banks,15
2013,Raigad,karjat,Branch Offices of Classified Banks,22
2013,Raigad,karjat,Classified Banks,12
2013,Raigad,khalapur,Branch Offices of Classified Banks,22
2013,Raigad,khalapur,Classified Banks,12
2013,Raigad,mahad,Branch Offices of Classified Banks,18
2013,Raigad,mahad,Classified Banks,7
2013,Raigad,mangaon,Branch Offices of Classified Banks,24
2013,Raigad,mangaon,Classified Banks,9
2013,Raigad,mhasala,Branch Offices of Classified Banks,10
2013,Raigad,mhasala,Classified Banks,3
2013,Raigad,murud,Branch Offices of Classified Banks,12
2013,Raigad,murud,Classified Banks,4
2013,Raigad,pen,Branch Offices of Classified Banks,25
2013,Raigad,pen,Classified Banks,13
2013,Raigad,poladpur,Branch Offices of Classified Banks,7
2013,Raigad,poladpur,Classified Banks,4
2013,Raigad,roha,Branch Offices of Classified Banks,17
2013,Raigad,roha,Classified Banks,7
2013,Raigad,shreevardhan,Branch Offices of Classified Banks,15
2013,Raigad,shreevardhan,Classified Banks,6
2013,Raigad,sudhagad,Branch Offices of Classified Banks,6
2013,Raigad,sudhagad,Classified Banks,4
2013,Raigad,tala,Branch Offices of Classified Banks,3
2013,Raigad,tala,Classified Banks,3
2013,Ratnagiri,Chiplun,Branch Offices of Classified Banks,38
2013,Ratnagiri,Chiplun,Classified Banks,20
2013,Ratnagiri,Dapoli,Branch Offices of Classified Banks,27
2013,Ratnagiri,Dapoli,Classified Banks,12
2013,Ratnagiri,Guhagar,Branch Offices of Classified Banks,19
2013,Ratnagiri,Guhagar,Classified Banks,8
2013,Ratnagiri,Khed,Branch Offices of Classified Banks,30
2013,Ratnagiri,Khed,Classified Banks,12
2013,Ratnagiri,Lanja,Branch Offices of Classified Banks,17
2013,Ratnagiri,Lanja,Classified Banks,6
2013,Ratnagiri,Mandangad,Branch Offices of Classified Banks,16
2013,Ratnagiri,Mandangad,Classified Banks,6
2013,Ratnagiri,Rajapur,Branch Offices of Classified Banks,26
2013,Ratnagiri,Rajapur,Classified Banks,9
2013,Ratnagiri,Ratnagiri,Branch Offices of Classified Banks,70
2013,Ratnagiri,Ratnagiri,Classified Banks,29
2013,Ratnagiri,Sangameshwar,Branch Offices of Classified Banks,23
2013,Ratnagiri,Sangameshwar,Classified Banks,6
2013,Sangli,Atpadi,Branch Offices of Classified Banks,9
2013,Sangli,Atpadi,Classified Banks,5
2013,Sangli,Jat,Branch Offices of Classified Banks,15
2013,Sangli,Jat,Classified Banks,4
2013,Sangli,Kadegaon,Branch Offices of Classified Banks,7
2013,Sangli,Kadegaon,Classified Banks,4
2013,Sangli,Kavathe Mahakal,Branch Offices of Classified Banks,9
2013,Sangli,Kavathe Mahakal,Classified Banks,5
2013,Sangli,Khanapur,Branch Offices of Classified Banks,10
2013,Sangli,Khanapur,Classified Banks,7
2013,Sangli,Miraj,Branch Offices of Classified Banks,98
2013,Sangli,Miraj,Classified Banks,27
2013,Sangli,Palus,Branch Offices of Classified Banks,17
2013,Sangli,Palus,Classified Banks,8
2013,Sangli,Shirala,Branch Offices of Classified Banks,10
2013,Sangli,Shirala,Classified Banks,6
2013,Sangli,Tasgaon,Branch Offices of Classified Banks,21
2013,Sangli,Tasgaon,Classified Banks,9
2013,Sangli,Walwa,Branch Offices of Classified Banks,32
2013,Sangli,Walwa,Classified Banks,12
2013,Sindhudurg,Devgad,Branch Offices of Classified Banks,15
2013,Sindhudurg,Devgad,Classified Banks,6
2013,Sindhudurg,Dodamarg,Branch Offices of Classified Banks,5
2013,Sindhudurg,Dodamarg,Classified Banks,4
2013,Sindhudurg,Kankavali,Branch Offices of Classified Banks,21
2013,Sindhudurg,Kankavali,Classified Banks,10
2013,Sindhudurg,Kudal,Branch Offices of Classified Banks,27
2013,Sindhudurg,Kudal,Classified Banks,13
2013,Sindhudurg,Malvan,Branch Offices of Classified Banks,13
2013,Sindhudurg,Malvan,Classified Banks,7
2013,Sindhudurg,Sawantwadi,Branch Offices of Classified Banks,22
2013,Sindhudurg,Sawantwadi,Classified Banks,11
2013,Sindhudurg,Vaibhavwadi,Branch Offices of Classified Banks,4
2013,Sindhudurg,Vaibhavwadi,Classified Banks,5
2013,Sindhudurg,Vengurla,Branch Offices of Classified Banks,15
2013,Sindhudurg,Vengurla,Classified Banks,6
2013,Solapur,Akalkot,Branch Offices of Classified Banks,31
2013,Solapur,Akalkot,Classified Banks,8
2013,Solapur,Barsi,Branch Offices of Classified Banks,54
2013,Solapur,Barsi,Classified Banks,14
2013,Solapur,Karmala,Branch Offices of Classified Banks,27
2013,Solapur,Karmala,Classified Banks,7
2013,Solapur,Madha,Branch Offices of Classified Banks,46
2013,Solapur,Madha,Classified Banks,10
2013,Solapur,Malsiras,Branch Offices of Classified Banks,65
2013,Solapur,Malsiras,Classified Banks,12
2013,Solapur,Mangal Vedha,Branch Offices of Classified Banks,27
2013,Solapur,Mangal Vedha,Classified Banks,6
2013,Solapur,Mohol,Branch Offices of Classified Banks,37
2013,Solapur,Mohol,Classified Banks,7
2013,Solapur,North Solapur,Branch Offices of Classified Banks,99
2013,Solapur,North Solapur,Classified Banks,32
2013,Solapur,Pandharpur,Branch Offices of Classified Banks,52
2013,Solapur,Pandharpur,Classified Banks,16
2013,Solapur,Sangola,Branch Offices of Classified Banks,39
2013,Solapur,Sangola,Classified Banks,9
2013,Solapur,South Solapur,Branch Offices of Classified Banks,25
2013,Solapur,South Solapur,Classified Banks,4
2013,Thane,Ambarnath,Branch Offices of Classified Banks,49
2013,Thane,Ambarnath,Classified Banks,22
2013,Thane,Bhivandi,Branch Offices of Classified Banks,42
2013,Thane,Bhivandi,Classified Banks,19
2013,Thane,Kalyan,Branch Offices of Classified Banks,126
2013,Thane,Kalyan,Classified Banks,26
2013,Thane,Murbad,Branch Offices of Classified Banks,18
2013,Thane,Murbad,Classified Banks,9
2013,Thane,Shahapur,Branch Offices of Classified Banks,28
2013,Thane,Shahapur,Classified Banks,17
2013,Thane,Thane,Branch Offices of Classified Banks,493
2013,Thane,Thane,Classified Banks,34
2013,Thane,Ulhasnagar,Branch Offices of Classified Banks,47
2013,Thane,Ulhasnagar,Classified Banks,24
2013,Wardha,Aarvi,Branch Offices of Classified Banks,12
2013,Wardha,Aarvi,Classified Banks,8
2013,Wardha,Ashti,Branch Offices of Classified Banks,6
2013,Wardha,Ashti,Classified Banks,4
2013,Wardha,Devali,Branch Offices of Classified Banks,14
2013,Wardha,Devali,Classified Banks,9
2013,Wardha,Hinganghat,Branch Offices of Classified Banks,16
2013,Wardha,Hinganghat,Classified Banks,12
2013,Wardha,Karanja,Branch Offices of Classified Banks,7
2013,Wardha,Karanja,Classified Banks,5
2013,Wardha,Samudrapur,Branch Offices of Classified Banks,9
2013,Wardha,Samudrapur,Classified Banks,4
2013,Wardha,Selu,Branch Offices of Classified Banks,11
2013,Wardha,Selu,Classified Banks,6
2013,Wardha,Wardha,Branch Offices of Classified Banks,40
2013,Wardha,Wardha,Classified Banks,22
2013,Washim,Karanja,Branch Offices of Classified Banks,19
2013,Washim,Karanja,Classified Banks,7
2013,Washim,Malegaon,Branch Offices of Classified Banks,14
2013,Washim,Malegaon,Classified Banks,5
2013,Washim,Mangrulpir,Branch Offices of Classified Banks,15
2013,Washim,Mangrulpir,Classified Banks,6
2013,Washim,Manora,Branch Offices of Classified Banks,10
2013,Washim,Manora,Classified Banks,4
2013,Washim,Resod,Branch Offices of Classified Banks,18
2013,Washim,Resod,Classified Banks,6
2013,Washim,Washim,Branch Offices of Classified Banks,26
2013,Washim,Washim,Classified Banks,13
2013,Yavatmal,Aarni,Branch Offices of Classified Banks,14
2013,Yavatmal,Aarni,Classified Banks,5
2013,Yavatmal,Babhulgaon,Branch Offices of Classified Banks,9
2013,Yavatmal,Babhulgaon,Classified Banks,5
2013,Yavatmal,Darvha,Branch Offices of Classified Banks,15
2013,Yavatmal,Darvha,Classified Banks,5
2013,Yavatmal,Digras,Branch Offices of Classified Banks,11
2013,Yavatmal,Digras,Classified Banks,6
2013,Yavatmal,Ghantaji,Branch Offices of Classified Banks,11
2013,Yavatmal,Ghantaji,Classified Banks,5
2013,Yavatmal,Kalamb,Branch Offices of Classified Banks,10
2013,Yavatmal,Kalamb,Classified Banks,5
2013,Yavatmal,Kelapur,Branch Offices of Classified Banks,15
2013,Yavatmal,Kelapur,Classified Banks,5
2013,Yavatmal,Mahagaon,Branch Offices of Classified Banks,11
2013,Yavatmal,Mahagaon,Classified Banks,5
2013,Yavatmal,Maregaon,Branch Offices of Classified Banks,6
2013,Yavatmal,Maregaon,Classified Banks,4
2013,Yavatmal,Ner,Branch Offices of Classified Banks,10
2013,Yavatmal,Ner,Classified Banks,6
2013,Yavatmal,Pusad,Branch Offices of Classified Banks,17
2013,Yavatmal,Pusad,Classified Banks,7
2013,Yavatmal,Ralegaon,Branch Offices of Classified Banks,11
2013,Yavatmal,Ralegaon,Classified Banks,5
2013,Yavatmal,Umarkhed,Branch Offices of Classified Banks,17
2013,Yavatmal,Umarkhed,Classified Banks,7
2013,Yavatmal,Vani,Branch Offices of Classified Banks,31
2013,Yavatmal,Vani,Classified Banks,8
2013,Yavatmal,Yavatmal,Branch Offices of Classified Banks,42
2013,Yavatmal,Yavatmal,Classified Banks,22
2013,Yavatmal,Zari Jamani,Branch Offices of Classified Banks,8
2013,Yavatmal,Zari Jamani,Classified Banks,4
2014,Ahilyanagar,Akole,Branch Offices of Classified Banks,34
2014,Ahilyanagar,Akole,Classified Banks,6
2014,Ahilyanagar,Jamkhed,Branch Offices of Classified Banks,21
2014,Ahilyanagar,Jamkhed,Classified Banks,7
2014,Ahilyanagar,Karjat,Branch Offices of Classified Banks,27
2014,Ahilyanagar,Karjat,Classified Banks,7
2014,Ahilyanagar,Kopargaon,Branch Offices of Classified Banks,41
2014,Ahilyanagar,Kopargaon,Classified Banks,15
2014,Ahilyanagar,Nagar,Branch Offices of Classified Banks,116
2014,Ahilyanagar,Nagar,Classified Banks,29
2014,Ahilyanagar,Nevasa,Branch Offices of Classified Banks,46
2014,Ahilyanagar,Nevasa,Classified Banks,8
2014,Ahilyanagar,Parner,Branch Offices of Classified Banks,45
2014,Ahilyanagar,Parner,Classified Banks,8
2014,Ahilyanagar,Pathardi,Branch Offices of Classified Banks,27
2014,Ahilyanagar,Pathardi,Classified Banks,9
2014,Ahilyanagar,Rahata,Branch Offices of Classified Banks,55
2014,Ahilyanagar,Rahata,Classified Banks,22
2014,Ahilyanagar,Rahuri,Branch Offices of Classified Banks,45
2014,Ahilyanagar,Rahuri,Classified Banks,11
2014,Ahilyanagar,Sangamner,Branch Offices of Classified Banks,77
2014,Ahilyanagar,Sangamner,Classified Banks,22
2014,Ahilyanagar,Shevgaon,Branch Offices of Classified Banks,28
2014,Ahilyanagar,Shevgaon,Classified Banks,6
2014,Ahilyanagar,Srigonda,Branch Offices of Classified Banks,45
2014,Ahilyanagar,Srigonda,Classified Banks,13
2014,Ahilyanagar,Srirampur,Branch Offices of Classified Banks,39
2014,Ahilyanagar,Srirampur,Classified Banks,16
2014,Akola,Akola,Branch Offices of Classified Banks,95
2014,Akola,Akola,Classified Banks,34
2014,Akola,Akot,Branch Offices of Classified Banks,28
2014,Akola,Akot,Classified Banks,13
2014,Akola,Balapur,Branch Offices of Classified Banks,20
2014,Akola,Balapur,Classified Banks,7
2014,Akola,Barshitakali,Branch Offices of Classified Banks,12
2014,Akola,Barshitakali,Classified Banks,5
2014,Akola,Murtijapur,Branch Offices of Classified Banks,20
2014,Akola,Murtijapur,Classified Banks,6
2014,Akola,Patur,Branch Offices of Classified Banks,12
2014,Akola,Patur,Classified Banks,5
2014,Akola,Telhara,Branch Offices of Classified Banks,21
2014,Akola,Telhara,Classified Banks,8
2014,Amravati,Achalpur,Branch Offices of Classified Banks,29
2014,Amravati,Achalpur,Classified Banks,13
2014,Amravati,Amravati,Branch Offices of Classified Banks,102
2014,Amravati,Amravati,Classified Banks,29
2014,Amravati,Anjangaon Su,Branch Offices of Classified Banks,17
2014,Amravati,Anjangaon Su,Classified Banks,7
2014,Amravati,Bhatkuli,Branch Offices of Classified Banks,13
2014,Amravati,Bhatkuli,Classified Banks,5
2014,Amravati,Chandur Railway,Branch Offices of Classified Banks,12
2014,Amravati,Chandur Railway,Classified Banks,5
2014,Amravati,Chandurbazar,Branch Offices of Classified Banks,20
2014,Amravati,Chandurbazar,Classified Banks,8
2014,Amravati,Chikhraldara,Branch Offices of Classified Banks,7
2014,Amravati,Chikhraldara,Classified Banks,5
2014,Amravati,Daryapur,Branch Offices of Classified Banks,19
2014,Amravati,Daryapur,Classified Banks,5
2014,Amravati,Dhamangaon Re,Branch Offices of Classified Banks,16
2014,Amravati,Dhamangaon Re,Classified Banks,6
2014,Amravati,Dharani,Branch Offices of Classified Banks,9
2014,Amravati,Dharani,Classified Banks,4
2014,Amravati,Morshi,Branch Offices of Classified Banks,23
2014,Amravati,Morshi,Classified Banks,7
2014,Amravati,Nandgaon Kh,Branch Offices of Classified Banks,15
2014,Amravati,Nandgaon Kh,Classified Banks,7
2014,Amravati,Tivas,Branch Offices of Classified Banks,15
2014,Amravati,Tivas,Classified Banks,7
2014,Amravati,Warud,Branch Offices of Classified Banks,29
2014,Amravati,Warud,Classified Banks,12
2014,Beed,Ambajogai,Branch Offices of Classified Banks,30
2014,Beed,Ambajogai,Classified Banks,15
2014,Beed,Ashti,Branch Offices of Classified Banks,28
2014,Beed,Ashti,Classified Banks,9
2014,Beed,Beed,Branch Offices of Classified Banks,62
2014,Beed,Beed,Classified Banks,25
2014,Beed,Cage,Branch Offices of Classified Banks,24
2014,Beed,Cage,Classified Banks,10
2014,Beed,Dharur,Branch Offices of Classified Banks,9
2014,Beed,Dharur,Classified Banks,8
2014,Beed,Gevrai,Branch Offices of Classified Banks,32
2014,Beed,Gevrai,Classified Banks,12
2014,Beed,Majalgaon,Branch Offices of Classified Banks,24
2014,Beed,Majalgaon,Classified Banks,13
2014,Beed,Parli,Branch Offices of Classified Banks,24
2014,Beed,Parli,Classified Banks,15
2014,Beed,Patoda,Branch Offices of Classified Banks,11
2014,Beed,Patoda,Classified Banks,6
2014,Beed,Shirur Kasar,Branch Offices of Classified Banks,10
2014,Beed,Shirur Kasar,Classified Banks,6
2014,Beed,Wadwani,Branch Offices of Classified Banks,7
2014,Beed,Wadwani,Classified Banks,4
2014,Bhandara,Bhandara,Branch Offices of Classified Banks,39
2014,Bhandara,Bhandara,Classified Banks,22
2014,Bhandara,Lakhandur,Branch Offices of Classified Banks,8
2014,Bhandara,Lakhandur,Classified Banks,4
2014,Bhandara,Lakhani,Branch Offices of Classified Banks,9
2014,Bhandara,Lakhani,Classified Banks,5
2014,Bhandara,Mohadi,Branch Offices of Classified Banks,9
2014,Bhandara,Mohadi,Classified Banks,6
2014,Bhandara,Pavani,Branch Offices of Classified Banks,13
2014,Bhandara,Pavani,Classified Banks,7
2014,Bhandara,Sakoli,Branch Offices of Classified Banks,15
2014,Bhandara,Sakoli,Classified Banks,9
2014,Bhandara,Tumsar,Branch Offices of Classified Banks,24
2014,Bhandara,Tumsar,Classified Banks,15
2014,Buldhana,Buldana,Branch Offices of Classified Banks,25
2014,Buldhana,Buldana,Classified Banks,18
2014,Buldhana,Chikhali,Branch Offices of Classified Banks,18
2014,Buldhana,Chikhali,Classified Banks,9
2014,Buldhana,Deulgaon Raja,Branch Offices of Classified Banks,8
2014,Buldhana,Deulgaon Raja,Classified Banks,8
2014,Buldhana,Jalgaon Jamod,Branch Offices of Classified Banks,7
2014,Buldhana,Jalgaon Jamod,Classified Banks,4
2014,Buldhana,Khamgaon,Branch Offices of Classified Banks,26
2014,Buldhana,Khamgaon,Classified Banks,18
2014,Buldhana,Lonar,Branch Offices of Classified Banks,7
2014,Buldhana,Lonar,Classified Banks,4
2014,Buldhana,Malkapur,Branch Offices of Classified Banks,12
2014,Buldhana,Malkapur,Classified Banks,10
2014,Buldhana,Mehkar,Branch Offices of Classified Banks,11
2014,Buldhana,Mehkar,Classified Banks,5
2014,Buldhana,Motala,Branch Offices of Classified Banks,11
2014,Buldhana,Motala,Classified Banks,6
2014,Buldhana,Nandura,Branch Offices of Classified Banks,9
2014,Buldhana,Nandura,Classified Banks,6
2014,Buldhana,Sangrampur,Branch Offices of Classified Banks,6
2014,Buldhana,Sangrampur,Classified Banks,4
2014,Buldhana,Shegaon,Branch Offices of Classified Banks,12
2014,Buldhana,Shegaon,Classified Banks,9
2014,Buldhana,Sindkhed Raja,Branch Offices of Classified Banks,7
2014,Buldhana,Sindkhed Raja,Classified Banks,4
2014,Chandrapur,Ballarpur,Branch Offices of Classified Banks,16
2014,Chandrapur,Ballarpur,Classified Banks,11
2014,Chandrapur,Bhadravati,Branch Offices of Classified Banks,27
2014,Chandrapur,Bhadravati,Classified Banks,10
2014,Chandrapur,Bramhapuri,Branch Offices of Classified Banks,24
2014,Chandrapur,Bramhapuri,Classified Banks,11
2014,Chandrapur,Chandrapur,Branch Offices of Classified Banks,66
2014,Chandrapur,Chandrapur,Classified Banks,24
2014,Chandrapur,Chimur,Branch Offices of Classified Banks,16
2014,Chandrapur,Chimur,Classified Banks,5
2014,Chandrapur,Gondpipari,Branch Offices of Classified Banks,11
2014,Chandrapur,Gondpipari,Classified Banks,3
2014,Chandrapur,Jivati,Branch Offices of Classified Banks,3
2014,Chandrapur,Jivati,Classified Banks,3
2014,Chandrapur,Korpana,Branch Offices of Classified Banks,12
2014,Chandrapur,Korpana,Classified Banks,4
2014,Chandrapur,Mul,Branch Offices of Classified Banks,15
2014,Chandrapur,Mul,Classified Banks,7
2014,Chandrapur,Nagbhid,Branch Offices of Classified Banks,15
2014,Chandrapur,Nagbhid,Classified Banks,5
2014,Chandrapur,Ponbhurna,Branch Offices of Classified Banks,5
2014,Chandrapur,Ponbhurna,Classified Banks,4
2014,Chandrapur,Rajura,Branch Offices of Classified Banks,14
2014,Chandrapur,Rajura,Classified Banks,7
2014,Chandrapur,Savali,Branch Offices of Classified Banks,10
2014,Chandrapur,Savali,Classified Banks,4
2014,Chandrapur,Sindevahi,Branch Offices of Classified Banks,12
2014,Chandrapur,Sindevahi,Classified Banks,5
2014,Chandrapur,Varora,Branch Offices of Classified Banks,25
2014,Chandrapur,Varora,Classified Banks,10
2014,Chhatrapati Sambhajinagar,Chhatrapati Sambhaji Nagar,Branch Offices of Classified Banks,176
2014,Chhatrapati Sambhajinagar,Chhatrapati Sambhaji Nagar,Classified Banks,41
2014,Chhatrapati Sambhajinagar,Gangapur,Branch Offices of Classified Banks,39
2014,Chhatrapati Sambhajinagar,Gangapur,Classified Banks,11
2014,Chhatrapati Sambhajinagar,Kannad,Branch Offices of Classified Banks,33
2014,Chhatrapati Sambhajinagar,Kannad,Classified Banks,8
2014,Chhatrapati Sambhajinagar,Khultabad,Branch Offices of Classified Banks,12
2014,Chhatrapati Sambhajinagar,Khultabad,Classified Banks,6
2014,Chhatrapati Sambhajinagar,Paithan,Branch Offices of Classified Banks,39
2014,Chhatrapati Sambhajinagar,Paithan,Classified Banks,7
2014,Chhatrapati Sambhajinagar,Phulambri,Branch Offices of Classified Banks,12
2014,Chhatrapati Sambhajinagar,Phulambri,Classified Banks,7
2014,Chhatrapati Sambhajinagar,Sillod,Branch Offices of Classified Banks,42
2014,Chhatrapati Sambhajinagar,Sillod,Classified Banks,11
2014,Chhatrapati Sambhajinagar,Soyegaon,Branch Offices of Classified Banks,13
2014,Chhatrapati Sambhajinagar,Soyegaon,Classified Banks,3
2014,Chhatrapati Sambhajinagar,Vaijapur,Branch Offices of Classified Banks,35
2014,Chhatrapati Sambhajinagar,Vaijapur,Classified Banks,7
2014,Dharashiv,Bhum,Branch Offices of Classified Banks,16
2014,Dharashiv,Bhum,Classified Banks,7
2014,Dharashiv,Dharashiv,Branch Offices of Classified Banks,48
2014,Dharashiv,Dharashiv,Classified Banks,34
2014,Dharashiv,Kalamb,Branch Offices of Classified Banks,22
2014,Dharashiv,Kalamb,Classified Banks,13
2014,Dharashiv,Lohara,Branch Offices of Classified Banks,17
2014,Dharashiv,Lohara,Classified Banks,9
2014,Dharashiv,Paranda,Branch Offices of Classified Banks,14
2014,Dharashiv,Paranda,Classified Banks,8
2014,Dharashiv,Tuljapur,Branch Offices of Classified Banks,28
2014,Dharashiv,Tuljapur,Classified Banks,13
2014,Dharashiv,Umaraga,Branch Offices of Classified Banks,30
2014,Dharashiv,Umaraga,Classified Banks,13
2014,Dharashiv,Washi,Branch Offices of Classified Banks,11
2014,Dharashiv,Washi,Classified Banks,6
2014,Dhule,Dhule,Branch Offices of Classified Banks,81
2014,Dhule,Dhule,Classified Banks,81
2014,Dhule,Sakri,Branch Offices of Classified Banks,29
2014,Dhule,Sakri,Classified Banks,29
2014,Dhule,Shindkheda,Branch Offices of Classified Banks,25
2014,Dhule,Shindkheda,Classified Banks,25
2014,Dhule,Shirpur,Branch Offices of Classified Banks,32
2014,Dhule,Shirpur,Classified Banks,32
2014,Gadchiroli,Aheri,Branch Offices of Classified Banks,12
2014,Gadchiroli,Aheri,Classified Banks,5
2014,Gadchiroli,Bhamragad,Branch Offices of Classified Banks,2
2014,Gadchiroli,Bhamragad,Classified Banks,2
2014,Gadchiroli,Chomoshi,Branch Offices of Classified Banks,16
2014,Gadchiroli,Chomoshi,Classified Banks,5
2014,Gadchiroli,Desaiganj,Branch Offices of Classified Banks,12
2014,Gadchiroli,Desaiganj,Classified Banks,6
2014,Gadchiroli,Dhanora,Branch Offices of Classified Banks,8
2014,Gadchiroli,Dhanora,Classified Banks,3
2014,Gadchiroli,Etapalli,Branch Offices of Classified Banks,4
2014,Gadchiroli,Etapalli,Classified Banks,3
2014,Gadchiroli,Gadchiroli,Branch Offices of Classified Banks,19
2014,Gadchiroli,Gadchiroli,Classified Banks,8
2014,Gadchiroli,Korachi,Branch Offices of Classified Banks,5
2014,Gadchiroli,Korachi,Classified Banks,3
2014,Gadchiroli,Kurkheda,Branch Offices of Classified Banks,10
2014,Gadchiroli,Kurkheda,Classified Banks,5
2014,Gadchiroli,Mulchera,Branch Offices of Classified Banks,4
2014,Gadchiroli,Mulchera,Classified Banks,3
2014,Gadchiroli,Sironcha,Branch Offices of Classified Banks,8
2014,Gadchiroli,Sironcha,Classified Banks,5
2014,Gadchiroli,rmori,Branch Offices of Classified Banks,13
2014,Gadchiroli,rmori,Classified Banks,5
2014,Gondia,Aamgaon,Branch Offices of Classified Banks,12
2014,Gondia,Aamgaon,Classified Banks,8
2014,Gondia,Arjuni Morgaon,Branch Offices of Classified Banks,17
2014,Gondia,Arjuni Morgaon,Classified Banks,9
2014,Gondia,Devari,Branch Offices of Classified Banks,10
2014,Gondia,Devari,Classified Banks,8
2014,Gondia,Gondia,Branch Offices of Classified Banks,45
2014,Gondia,Gondia,Classified Banks,25
2014,Gondia,Goregaon,Branch Offices of Classified Banks,8
2014,Gondia,Goregaon,Classified Banks,4
2014,Gondia,Sadak Arjuni,Branch Offices of Classified Banks,12
2014,Gondia,Sadak Arjuni,Classified Banks,5
2014,Gondia,Salekasa,Branch Offices of Classified Banks,5
2014,Gondia,Salekasa,Classified Banks,3
2014,Gondia,Tiroda,Branch Offices of Classified Banks,19
2014,Gondia,Tiroda,Classified Banks,11
2014,Hingoli,Aundha na,Branch Offices of Classified Banks,12
2014,Hingoli,Aundha na,Classified Banks,5
2014,Hingoli,Hingoli,Branch Offices of Classified Banks,32
2014,Hingoli,Hingoli,Classified Banks,18
2014,Hingoli,Kalamanuri,Branch Offices of Classified Banks,21
2014,Hingoli,Kalamanuri,Classified Banks,5
2014,Hingoli,Sengaon,Branch Offices of Classified Banks,15
2014,Hingoli,Sengaon,Classified Banks,4
2014,Hingoli,vasamat,Branch Offices of Classified Banks,23
2014,Hingoli,vasamat,Classified Banks,7
2014,Jalgaon,Amalner,Branch Offices of Classified Banks,15
2014,Jalgaon,Amalner,Classified Banks,9
2014,Jalgaon,Bhadgaon,Branch Offices of Classified Banks,8
2014,Jalgaon,Bhadgaon,Classified Banks,4
2014,Jalgaon,Bhusawal,Branch Offices of Classified Banks,21
2014,Jalgaon,Bhusawal,Classified Banks,12
2014,Jalgaon,Bodvad,Branch Offices of Classified Banks,4
2014,Jalgaon,Bodvad,Classified Banks,4
2014,Jalgaon,Chalisgaon,Branch Offices of Classified Banks,19
2014,Jalgaon,Chalisgaon,Classified Banks,7
2014,Jalgaon,Chopda,Branch Offices of Classified Banks,15
2014,Jalgaon,Chopda,Classified Banks,8
2014,Jalgaon,Dharangaon,Branch Offices of Classified Banks,6
2014,Jalgaon,Dharangaon,Classified Banks,3
2014,Jalgaon,Erandol,Branch Offices of Classified Banks,7
2014,Jalgaon,Erandol,Classified Banks,4
2014,Jalgaon,Jalgaon,Branch Offices of Classified Banks,34
2014,Jalgaon,Jalgaon,Classified Banks,20
2014,Jalgaon,Jamner,Branch Offices of Classified Banks,14
2014,Jalgaon,Jamner,Classified Banks,6
2014,Jalgaon,Muktainagar (Edlabad),Branch Offices of Classified Banks,5
2014,Jalgaon,Muktainagar (Edlabad),Classified Banks,4
2014,Jalgaon,Pachora,Branch Offices of Classified Banks,12
2014,Jalgaon,Pachora,Classified Banks,6
2014,Jalgaon,Parola,Branch Offices of Classified Banks,6
2014,Jalgaon,Parola,Classified Banks,4
2014,Jalgaon,Raver,Branch Offices of Classified Banks,13
2014,Jalgaon,Raver,Classified Banks,8
2014,Jalgaon,Yawal,Branch Offices of Classified Banks,14
2014,Jalgaon,Yawal,Classified Banks,8
2014,Jalna,Ambad,Branch Offices of Classified Banks,13
2014,Jalna,Ambad,Classified Banks,6
2014,Jalna,Badnapur,Branch Offices of Classified Banks,9
2014,Jalna,Badnapur,Classified Banks,5
2014,Jalna,Bhokardan,Branch Offices of Classified Banks,14
2014,Jalna,Bhokardan,Classified Banks,6
2014,Jalna,Ghansawangi,Branch Offices of Classified Banks,8
2014,Jalna,Ghansawangi,Classified Banks,4
2014,Jalna,Jaffrabad,Branch Offices of Classified Banks,8
2014,Jalna,Jaffrabad,Classified Banks,5
2014,Jalna,Jalna,Branch Offices of Classified Banks,38
2014,Jalna,Jalna,Classified Banks,23
2014,Jalna,Mantha,Branch Offices of Classified Banks,4
2014,Jalna,Mantha,Classified Banks,3
2014,Jalna,Partur,Branch Offices of Classified Banks,11
2014,Jalna,Partur,Classified Banks,4
2014,Kolhapur,Ajara,Branch Offices of Classified Banks,24
2014,Kolhapur,Ajara,Classified Banks,6
2014,Kolhapur,Bhudargad,Branch Offices of Classified Banks,28
2014,Kolhapur,Bhudargad,Classified Banks,7
2014,Kolhapur,Chandgad,Branch Offices of Classified Banks,24
2014,Kolhapur,Chandgad,Classified Banks,5
2014,Kolhapur,Gadhinglaj,Branch Offices of Classified Banks,36
2014,Kolhapur,Gadhinglaj,Classified Banks,12
2014,Kolhapur,Gaganbavada,Branch Offices of Classified Banks,9
2014,Kolhapur,Gaganbavada,Classified Banks,4
2014,Kolhapur,Hatkanangale,Branch Offices of Classified Banks,78
2014,Kolhapur,Hatkanangale,Classified Banks,20
2014,Kolhapur,Kagal,Branch Offices of Classified Banks,46
2014,Kolhapur,Kagal,Classified Banks,12
2014,Kolhapur,Karveer,Branch Offices of Classified Banks,162
2014,Kolhapur,Karveer,Classified Banks,34
2014,Kolhapur,Panhala,Branch Offices of Classified Banks,37
2014,Kolhapur,Panhala,Classified Banks,9
2014,Kolhapur,Radhanagari,Branch Offices of Classified Banks,26
2014,Kolhapur,Radhanagari,Classified Banks,7
2014,Kolhapur,Shahuwadi,Branch Offices of Classified Banks,24
2014,Kolhapur,Shahuwadi,Classified Banks,7
2014,Kolhapur,Shirol,Branch Offices of Classified Banks,54
2014,Kolhapur,Shirol,Classified Banks,12
2014,Latur,Ahamadpur,Branch Offices of Classified Banks,22
2014,Latur,Ahamadpur,Classified Banks,7
2014,Latur,Aosa,Branch Offices of Classified Banks,27
2014,Latur,Aosa,Classified Banks,7
2014,Latur,Chakur,Branch Offices of Classified Banks,19
2014,Latur,Chakur,Classified Banks,5
2014,Latur,Devani,Branch Offices of Classified Banks,13
2014,Latur,Devani,Classified Banks,4
2014,Latur,Jalkot,Branch Offices of Classified Banks,7
2014,Latur,Jalkot,Classified Banks,3
2014,Latur,Latur,Branch Offices of Classified Banks,81
2014,Latur,Latur,Classified Banks,23
2014,Latur,Nilanga,Branch Offices of Classified Banks,27
2014,Latur,Nilanga,Classified Banks,6
2014,Latur,Renapur,Branch Offices of Classified Banks,16
2014,Latur,Renapur,Classified Banks,7
2014,Latur,Shirur-Anantpal,Branch Offices of Classified Banks,13
2014,Latur,Shirur-Anantpal,Classified Banks,5
2014,Latur,Udgir,Branch Offices of Classified Banks,34
2014,Latur,Udgir,Classified Banks,15
2014,Mumbai City,Mumbai City,Branch Offices of Classified Banks,844
2014,Mumbai City,Mumbai City,Classified Banks,36
2014,Nagpur,Bhiwapur,Branch Offices of Classified Banks,9
2014,Nagpur,Bhiwapur,Classified Banks,5
2014,Nagpur,Hingana,Branch Offices of Classified Banks,20
2014,Nagpur,Hingana,Classified Banks,8
2014,Nagpur,Kalameshwar,Branch Offices of Classified Banks,16
2014,Nagpur,Kalameshwar,Classified Banks,6
2014,Nagpur,Kamathi,Branch Offices of Classified Banks,16
2014,Nagpur,Kamathi,Classified Banks,8
2014,Nagpur,Katol,Branch Offices of Classified Banks,20
2014,Nagpur,Katol,Classified Banks,12
2014,Nagpur,Kuhi,Branch Offices of Classified Banks,14
2014,Nagpur,Kuhi,Classified Banks,5
2014,Nagpur,Mauda,Branch Offices of Classified Banks,19
2014,Nagpur,Mauda,Classified Banks,9
2014,Nagpur,Nagpur (Gra),Branch Offices of Classified Banks,37
2014,Nagpur,Nagpur (Gra),Classified Banks,15
2014,Nagpur,Nagpur (Sh),Branch Offices of Classified Banks,258
2014,Nagpur,Nagpur (Sh),Classified Banks,19
2014,Nagpur,Narkhed,Branch Offices of Classified Banks,19
2014,Nagpur,Narkhed,Classified Banks,8
2014,Nagpur,Parashivani,Branch Offices of Classified Banks,13
2014,Nagpur,Parashivani,Classified Banks,7
2014,Nagpur,Ramtech,Branch Offices of Classified Banks,21
2014,Nagpur,Ramtech,Classified Banks,6
2014,Nagpur,Sawner,Branch Offices of Classified Banks,25
2014,Nagpur,Sawner,Classified Banks,8
2014,Nagpur,Umred,Branch Offices of Classified Banks,24
2014,Nagpur,Umred,Classified Banks,10
2014,Nanded,Himalay nagar,Branch Offices of Classified Banks,5
2014,Nanded,Himalay nagar,Classified Banks,5
2014,Nanded,Kinvat,Branch Offices of Classified Banks,16
2014,Nanded,Kinvat,Classified Banks,16
2014,Nanded,Mahur,Branch Offices of Classified Banks,5
2014,Nanded,Mahur,Classified Banks,5
2014,Nanded,Mudkhed,Branch Offices of Classified Banks,10
2014,Nanded,Mudkhed,Classified Banks,10
2014,Nanded,Mukhed,Branch Offices of Classified Banks,20
2014,Nanded,Mukhed,Classified Banks,20
2014,Nanded,Nanded,Branch Offices of Classified Banks,76
2014,Nanded,Nanded,Classified Banks,76
2014,Nanded,andhrapur,Branch Offices of Classified Banks,9
2014,Nanded,andhrapur,Classified Banks,9
2014,Nanded,bhokar,Branch Offices of Classified Banks,8
2014,Nanded,bhokar,Classified Banks,8
2014,Nanded,biloli,Branch Offices of Classified Banks,15
2014,Nanded,biloli,Classified Banks,15
2014,Nanded,deglur,Branch Offices of Classified Banks,13
2014,Nanded,deglur,Classified Banks,13
2014,Nanded,dharmabad,Branch Offices of Classified Banks,7
2014,Nanded,dharmabad,Classified Banks,7
2014,Nanded,hadgaon,Branch Offices of Classified Banks,14
2014,Nanded,hadgaon,Classified Banks,14
2014,Nanded,kandhar,Branch Offices of Classified Banks,16
2014,Nanded,kandhar,Classified Banks,16
2014,Nanded,loha,Branch Offices of Classified Banks,15
2014,Nanded,loha,Classified Banks,15
2014,Nanded,naygaon,Branch Offices of Classified Banks,19
2014,Nanded,naygaon,Classified Banks,19
2014,Nanded,umari,Branch Offices of Classified Banks,6
2014,Nanded,umari,Classified Banks,6
2014,Nandurbar,Akkalkuva,Branch Offices of Classified Banks,6
2014,Nandurbar,Akkalkuva,Classified Banks,3
2014,Nandurbar,Akrani,Branch Offices of Classified Banks,3
2014,Nandurbar,Akrani,Classified Banks,2
2014,Nandurbar,Nandurbar,Branch Offices of Classified Banks,20
2014,Nandurbar,Nandurbar,Classified Banks,12
2014,Nandurbar,Navapur,Branch Offices of Classified Banks,9
2014,Nandurbar,Navapur,Classified Banks,4
2014,Nandurbar,Shahada,Branch Offices of Classified Banks,17
2014,Nandurbar,Shahada,Classified Banks,8
2014,Nandurbar,Taloda,Branch Offices of Classified Banks,6
2014,Nandurbar,Taloda,Classified Banks,3
2014,Nashik,Baglan,Branch Offices of Classified Banks,25
2014,Nashik,Baglan,Classified Banks,10
2014,Nashik,Chandwad,Branch Offices of Classified Banks,9
2014,Nashik,Chandwad,Classified Banks,3
2014,Nashik,Devala,Branch Offices of Classified Banks,6
2014,Nashik,Devala,Classified Banks,3
2014,Nashik,Dindori,Branch Offices of Classified Banks,29
2014,Nashik,Dindori,Classified Banks,15
2014,Nashik,Igatpuri,Branch Offices of Classified Banks,18
2014,Nashik,Igatpuri,Classified Banks,11
2014,Nashik,Kalwan,Branch Offices of Classified Banks,9
2014,Nashik,Kalwan,Classified Banks,3
2014,Nashik,Malegaon,Branch Offices of Classified Banks,35
2014,Nashik,Malegaon,Classified Banks,15
2014,Nashik,Nandgaon,Branch Offices of Classified Banks,14
2014,Nashik,Nandgaon,Classified Banks,9
2014,Nashik,Nashik,Branch Offices of Classified Banks,199
2014,Nashik,Nashik,Classified Banks,38
2014,Nashik,Nifad,Branch Offices of Classified Banks,50
2014,Nashik,Nifad,Classified Banks,18
2014,Nashik,Peth,Branch Offices of Classified Banks,6
2014,Nashik,Peth,Classified Banks,4
2014,Nashik,Sinner,Branch Offices of Classified Banks,27
2014,Nashik,Sinner,Classified Banks,17
2014,Nashik,Surgana,Branch Offices of Classified Banks,4
2014,Nashik,Surgana,Classified Banks,3
2014,Nashik,Trimbak,Branch Offices of Classified Banks,8
2014,Nashik,Trimbak,Classified Banks,5
2014,Nashik,Yewala,Branch Offices of Classified Banks,16
2014,Nashik,Yewala,Classified Banks,9
2014,Palghar,Dahanu,Branch Offices of Classified Banks,138
2014,Palghar,Dahanu,Classified Banks,27
2014,Palghar,Javhar,Branch Offices of Classified Banks,6
2014,Palghar,Javhar,Classified Banks,6
2014,Palghar,Mokhada,Branch Offices of Classified Banks,7
2014,Palghar,Mokhada,Classified Banks,7
2014,Palghar,Palghar,Branch Offices of Classified Banks,5
2014,Palghar,Palghar,Classified Banks,5
2014,Palghar,Talasari,Branch Offices of Classified Banks,63
2014,Palghar,Talasari,Classified Banks,22
2014,Palghar,Vasai,Branch Offices of Classified Banks,23
2014,Palghar,Vasai,Classified Banks,16
2014,Palghar,Vikramgad,Branch Offices of Classified Banks,37
2014,Palghar,Vikramgad,Classified Banks,16
2014,Palghar,Wada,Branch Offices of Classified Banks,9
2014,Palghar,Wada,Classified Banks,7
2014,Parbhani,Gangakhed,Branch Offices of Classified Banks,9
2014,Parbhani,Gangakhed,Classified Banks,6
2014,Parbhani,Jintur,Branch Offices of Classified Banks,11
2014,Parbhani,Jintur,Classified Banks,3
2014,Parbhani,Manvat,Branch Offices of Classified Banks,5
2014,Parbhani,Manvat,Classified Banks,5
2014,Parbhani,Palam,Branch Offices of Classified Banks,4
2014,Parbhani,Palam,Classified Banks,2
2014,Parbhani,Parbhani,Branch Offices of Classified Banks,36
2014,Parbhani,Parbhani,Classified Banks,18
2014,Parbhani,Pathari,Branch Offices of Classified Banks,4
2014,Parbhani,Pathari,Classified Banks,4
2014,Parbhani,Purna,Branch Offices of Classified Banks,10
2014,Parbhani,Purna,Classified Banks,4
2014,Parbhani,Selu,Branch Offices of Classified Banks,8
2014,Parbhani,Selu,Classified Banks,6
2014,Parbhani,Sonpeth,Branch Offices of Classified Banks,6
2014,Parbhani,Sonpeth,Classified Banks,3
2014,Pune,Aambegaon,Branch Offices of Classified Banks,22
2014,Pune,Aambegaon,Classified Banks,10
2014,Pune,Baramati,Branch Offices of Classified Banks,52
2014,Pune,Baramati,Classified Banks,22
2014,Pune,Bhor,Branch Offices of Classified Banks,17
2014,Pune,Bhor,Classified Banks,9
2014,Pune,Daund,Branch Offices of Classified Banks,36
2014,Pune,Daund,Classified Banks,15
2014,Pune,Haveli,Branch Offices of Classified Banks,80
2014,Pune,Haveli,Classified Banks,38
2014,Pune,Indapur,Branch Offices of Classified Banks,35
2014,Pune,Indapur,Classified Banks,14
2014,Pune,Junnar,Branch Offices of Classified Banks,37
2014,Pune,Junnar,Classified Banks,13
2014,Pune,Khed,Branch Offices of Classified Banks,78
2014,Pune,Khed,Classified Banks,25
2014,Pune,Maval,Branch Offices of Classified Banks,54
2014,Pune,Maval,Classified Banks,20
2014,Pune,Mulashi,Branch Offices of Classified Banks,47
2014,Pune,Mulashi,Classified Banks,19
2014,Pune,Pune City,Branch Offices of Classified Banks,606
2014,Pune,Pune City,Classified Banks,30
2014,Pune,Purandar,Branch Offices of Classified Banks,19
2014,Pune,Purandar,Classified Banks,10
2014,Pune,Shirur,Branch Offices of Classified Banks,47
2014,Pune,Shirur,Classified Banks,17
2014,Pune,Welhe,Branch Offices of Classified Banks,6
2014,Pune,Welhe,Classified Banks,3
2014,Raigad,Panwel,Branch Offices of Classified Banks,121
2014,Raigad,Panwel,Classified Banks,25
2014,Raigad,Uran,Branch Offices of Classified Banks,28
2014,Raigad,Uran,Classified Banks,13
2014,Raigad,alibag,Branch Offices of Classified Banks,43
2014,Raigad,alibag,Classified Banks,15
2014,Raigad,karjat,Branch Offices of Classified Banks,28
2014,Raigad,karjat,Classified Banks,14
2014,Raigad,khalapur,Branch Offices of Classified Banks,31
2014,Raigad,khalapur,Classified Banks,14
2014,Raigad,mahad,Branch Offices of Classified Banks,17
2014,Raigad,mahad,Classified Banks,8
2014,Raigad,mangaon,Branch Offices of Classified Banks,29
2014,Raigad,mangaon,Classified Banks,10
2014,Raigad,mhasala,Branch Offices of Classified Banks,10
2014,Raigad,mhasala,Classified Banks,3
2014,Raigad,murud,Branch Offices of Classified Banks,12
2014,Raigad,murud,Classified Banks,4
2014,Raigad,pen,Branch Offices of Classified Banks,30
2014,Raigad,pen,Classified Banks,13
2014,Raigad,poladpur,Branch Offices of Classified Banks,8
2014,Raigad,poladpur,Classified Banks,8
2014,Raigad,roha,Branch Offices of Classified Banks,20
2014,Raigad,roha,Classified Banks,10
2014,Raigad,shreevardhan,Branch Offices of Classified Banks,14
2014,Raigad,shreevardhan,Classified Banks,6
2014,Raigad,sudhagad,Branch Offices of Classified Banks,6
2014,Raigad,sudhagad,Classified Banks,4
2014,Raigad,tala,Branch Offices of Classified Banks,3
2014,Raigad,tala,Classified Banks,3
2014,Ratnagiri,Chiplun,Branch Offices of Classified Banks,42
2014,Ratnagiri,Chiplun,Classified Banks,19
2014,Ratnagiri,Dapoli,Branch Offices of Classified Banks,27
2014,Ratnagiri,Dapoli,Classified Banks,9
2014,Ratnagiri,Guhagar,Branch Offices of Classified Banks,18
2014,Ratnagiri,Guhagar,Classified Banks,7
2014,Ratnagiri,Khed,Branch Offices of Classified Banks,29
2014,Ratnagiri,Khed,Classified Banks,11
2014,Ratnagiri,Lanja,Branch Offices of Classified Banks,17
2014,Ratnagiri,Lanja,Classified Banks,6
2014,Ratnagiri,Mandangad,Branch Offices of Classified Banks,17
2014,Ratnagiri,Mandangad,Classified Banks,5
2014,Ratnagiri,Rajapur,Branch Offices of Classified Banks,29
2014,Ratnagiri,Rajapur,Classified Banks,8
2014,Ratnagiri,Ratnagiri,Branch Offices of Classified Banks,74
2014,Ratnagiri,Ratnagiri,Classified Banks,30
2014,Ratnagiri,Sangameshwar,Branch Offices of Classified Banks,24
2014,Ratnagiri,Sangameshwar,Classified Banks,6
2014,Sangli,Atpadi,Branch Offices of Classified Banks,11
2014,Sangli,Atpadi,Classified Banks,5
2014,Sangli,Jat,Branch Offices of Classified Banks,18
2014,Sangli,Jat,Classified Banks,6
2014,Sangli,Kadegaon,Branch Offices of Classified Banks,7
2014,Sangli,Kadegaon,Classified Banks,4
2014,Sangli,Kavathe Mahakal,Branch Offices of Classified Banks,10
2014,Sangli,Kavathe Mahakal,Classified Banks,6
2014,Sangli,Khanapur,Branch Offices of Classified Banks,12
2014,Sangli,Khanapur,Classified Banks,9
2014,Sangli,Miraj,Branch Offices of Classified Banks,98
2014,Sangli,Miraj,Classified Banks,27
2014,Sangli,Palus,Branch Offices of Classified Banks,21
2014,Sangli,Palus,Classified Banks,10
2014,Sangli,Shirala,Branch Offices of Classified Banks,10
2014,Sangli,Shirala,Classified Banks,6
2014,Sangli,Tasgaon,Branch Offices of Classified Banks,24
2014,Sangli,Tasgaon,Classified Banks,12
2014,Sangli,Walwa,Branch Offices of Classified Banks,38
2014,Sangli,Walwa,Classified Banks,13
2014,Satara,Javli,Branch Offices of Classified Banks,6
2014,Satara,Javli,Classified Banks,3
2014,Satara,Karad,Branch Offices of Classified Banks,44
2014,Satara,Karad,Classified Banks,20
2014,Satara,Khandala,Branch Offices of Classified Banks,15
2014,Satara,Khandala,Classified Banks,7
2014,Satara,Khatav,Branch Offices of Classified Banks,17
2014,Satara,Khatav,Classified Banks,5
2014,Satara,Koregaon,Branch Offices of Classified Banks,17
2014,Satara,Koregaon,Classified Banks,6
2014,Satara,Mahableshwar,Branch Offices of Classified Banks,8
2014,Satara,Mahableshwar,Classified Banks,4
2014,Satara,Man,Branch Offices of Classified Banks,16
2014,Satara,Man,Classified Banks,6
2014,Satara,Patan,Branch Offices of Classified Banks,12
2014,Satara,Patan,Classified Banks,4
2014,Satara,Phaltan,Branch Offices of Classified Banks,22
2014,Satara,Phaltan,Classified Banks,11
2014,Satara,Satara,Branch Offices of Classified Banks,48
2014,Satara,Satara,Classified Banks,24
2014,Satara,Wai,Branch Offices of Classified Banks,14
2014,Satara,Wai,Classified Banks,9
2014,Sindhudurg,Devgad,Branch Offices of Classified Banks,15
2014,Sindhudurg,Devgad,Classified Banks,6
2014,Sindhudurg,Dodamarg,Branch Offices of Classified Banks,5
2014,Sindhudurg,Dodamarg,Classified Banks,4
2014,Sindhudurg,Kankavali,Branch Offices of Classified Banks,21
2014,Sindhudurg,Kankavali,Classified Banks,10
2014,Sindhudurg,Kudal,Branch Offices of Classified Banks,27
2014,Sindhudurg,Kudal,Classified Banks,13
2014,Sindhudurg,Malvan,Branch Offices of Classified Banks,13
2014,Sindhudurg,Malvan,Classified Banks,7
2014,Sindhudurg,Sawantwadi,Branch Offices of Classified Banks,22
2014,Sindhudurg,Sawantwadi,Classified Banks,11
2014,Sindhudurg,Vaibhavwadi,Branch Offices of Classified Banks,4
2014,Sindhudurg,Vaibhavwadi,Classified Banks,5
2014,Sindhudurg,Vengurla,Branch Offices of Classified Banks,15
2014,Sindhudurg,Vengurla,Classified Banks,6
2014,Solapur,Akkalkot,Branch Offices of Classified Banks,31
2014,Solapur,Akkalkot,Classified Banks,8
2014,Solapur,Barshi,Branch Offices of Classified Banks,54
2014,Solapur,Barshi,Classified Banks,14
2014,Solapur,Karmala,Branch Offices of Classified Banks,27
2014,Solapur,Karmala,Classified Banks,7
2014,Solapur,Madha,Branch Offices of Classified Banks,46
2014,Solapur,Madha,Classified Banks,10
2014,Solapur,Malshiras,Branch Offices of Classified Banks,65
2014,Solapur,Malshiras,Classified Banks,12
2014,Solapur,Mangalvedha,Branch Offices of Classified Banks,27
2014,Solapur,Mangalvedha,Classified Banks,6
2014,Solapur,Mohol,Branch Offices of Classified Banks,37
2014,Solapur,Mohol,Classified Banks,7
2014,Solapur,North Solapur,Branch Offices of Classified Banks,99
2014,Solapur,North Solapur,Classified Banks,32
2014,Solapur,Pandharpur,Branch Offices of Classified Banks,52
2014,Solapur,Pandharpur,Classified Banks,16
2014,Solapur,Sangola,Branch Offices of Classified Banks,39
2014,Solapur,Sangola,Classified Banks,9
2014,Solapur,South Solapur,Branch Offices of Classified Banks,25
2014,Solapur,South Solapur,Classified Banks,4
2014,Thane,Ambarnath,Branch Offices of Classified Banks,49
2014,Thane,Ambarnath,Classified Banks,22
2014,Thane,Bhivandi,Branch Offices of Classified Banks,56
2014,Thane,Bhivandi,Classified Banks,19
2014,Thane,Kalyan,Branch Offices of Classified Banks,136
2014,Thane,Kalyan,Classified Banks,26
2014,Thane,Murbad,Branch Offices of Classified Banks,19
2014,Thane,Murbad,Classified Banks,10
2014,Thane,Shahapur,Branch Offices of Classified Banks,28
2014,Thane,Shahapur,Classified Banks,17
2014,Thane,Thane,Branch Offices of Classified Banks,503
2014,Thane,Thane,Classified Banks,34
2014,Thane,Ulhasnagar,Branch Offices of Classified Banks,47
2014,Thane,Ulhasnagar,Classified Banks,24
2014,Wardha,Aarvi,Branch Offices of Classified Banks,17
2014,Wardha,Aarvi,Classified Banks,8
2014,Wardha,Ashti,Branch Offices of Classified Banks,7
2014,Wardha,Ashti,Classified Banks,3
2014,Wardha,Devali,Branch Offices of Classified Banks,17
2014,Wardha,Devali,Classified Banks,9
2014,Wardha,Hinganghat,Branch Offices of Classified Banks,18
2014,Wardha,Hinganghat,Classified Banks,12
2014,Wardha,Karanja,Branch Offices of Classified Banks,9
2014,Wardha,Karanja,Classified Banks,4
2014,Wardha,Samudrapur,Branch Offices of Classified Banks,11
2014,Wardha,Samudrapur,Classified Banks,10
2014,Wardha,Selu,Branch Offices of Classified Banks,13
2014,Wardha,Selu,Classified Banks,8
2014,Wardha,Wardha,Branch Offices of Classified Banks,45
2014,Wardha,Wardha,Classified Banks,22
2014,Washim,Karanja,Branch Offices of Classified Banks,20
2014,Washim,Karanja,Classified Banks,9
2014,Washim,Malegaon,Branch Offices of Classified Banks,14
2014,Washim,Malegaon,Classified Banks,5
2014,Washim,Mangrulpir,Branch Offices of Classified Banks,14
2014,Washim,Mangrulpir,Classified Banks,6
2014,Washim,Manora,Branch Offices of Classified Banks,17
2014,Washim,Manora,Classified Banks,6
2014,Washim,Resod,Branch Offices of Classified Banks,9
2014,Washim,Resod,Classified Banks,4
2014,Washim,Washim,Branch Offices of Classified Banks,31
2014,Washim,Washim,Classified Banks,18
2014,Yavatmal,Aarni,Branch Offices of Classified Banks,16
2014,Yavatmal,Aarni,Classified Banks,5
2014,Yavatmal,Babhulgaon,Branch Offices of Classified Banks,11
2014,Yavatmal,Babhulgaon,Classified Banks,5
2014,Yavatmal,Darvha,Branch Offices of Classified Banks,16
2014,Yavatmal,Darvha,Classified Banks,5
2014,Yavatmal,Digras,Branch Offices of Classified Banks,11
2014,Yavatmal,Digras,Classified Banks,6
2014,Yavatmal,Ghantaji,Branch Offices of Classified Banks,12
2014,Yavatmal,Ghantaji,Classified Banks,5
2014,Yavatmal,Kalamb,Branch Offices of Classified Banks,10
2014,Yavatmal,Kalamb,Classified Banks,5
2014,Yavatmal,Kelapur,Branch Offices of Classified Banks,16
2014,Yavatmal,Kelapur,Classified Banks,5
2014,Yavatmal,Mahagaon,Branch Offices of Classified Banks,11
2014,Yavatmal,Mahagaon,Classified Banks,5
2014,Yavatmal,Maregaon,Branch Offices of Classified Banks,6
2014,Yavatmal,Maregaon,Classified Banks,4
2014,Yavatmal,Ner,Branch Offices of Classified Banks,10
2014,Yavatmal,Ner,Classified Banks,6
2014,Yavatmal,Pusad,Branch Offices of Classified Banks,18
2014,Yavatmal,Pusad,Classified Banks,7
2014,Yavatmal,Ralegaon,Branch Offices of Classified Banks,13
2014,Yavatmal,Ralegaon,Classified Banks,5
2014,Yavatmal,Umarkhed,Branch Offices of Classified Banks,17
2014,Yavatmal,Umarkhed,Classified Banks,7
2014,Yavatmal,Vani,Branch Offices of Classified Banks,33
2014,Yavatmal,Vani,Classified Banks,8
2014,Yavatmal,Yavatmal,Branch Offices of Classified Banks,44
2014,Yavatmal,Yavatmal,Classified Banks,22
2014,Yavatmal,Zari Jamani,Branch Offices of Classified Banks,10
2014,Yavatmal,Zari Jamani,Classified Banks,4
2015,Ahilyanagar,Akole,Branch Offices of Classified Banks,35
2015,Ahilyanagar,Akole,Classified Banks,6
2015,Ahilyanagar,Jamkhed,Branch Offices of Classified Banks,20
2015,Ahilyanagar,Jamkhed,Classified Banks,7
2015,Ahilyanagar,Karjat,Branch Offices of Classified Banks,27
2015,Ahilyanagar,Karjat,Classified Banks,7
2015,Ahilyanagar,Kopargaon,Branch Offices of Classified Banks,40
2015,Ahilyanagar,Kopargaon,Classified Banks,13
2015,Ahilyanagar,Nagar,Branch Offices of Classified Banks,110
2015,Ahilyanagar,Nagar,Classified Banks,31
2015,Ahilyanagar,Nevasa,Branch Offices of Classified Banks,34
2015,Ahilyanagar,Nevasa,Classified Banks,9
2015,Ahilyanagar,Parner,Branch Offices of Classified Banks,45
2015,Ahilyanagar,Parner,Classified Banks,8
2015,Ahilyanagar,Pathardi,Branch Offices of Classified Banks,26
2015,Ahilyanagar,Pathardi,Classified Banks,9
2015,Ahilyanagar,Rahata,Branch Offices of Classified Banks,54
2015,Ahilyanagar,Rahata,Classified Banks,25
2015,Ahilyanagar,Rahuri,Branch Offices of Classified Banks,43
2015,Ahilyanagar,Rahuri,Classified Banks,11
2015,Ahilyanagar,Sangamner,Branch Offices of Classified Banks,73
2015,Ahilyanagar,Sangamner,Classified Banks,22
2015,Ahilyanagar,Shevgaon,Branch Offices of Classified Banks,26
2015,Ahilyanagar,Shevgaon,Classified Banks,6
2015,Ahilyanagar,Srigonda,Branch Offices of Classified Banks,42
2015,Ahilyanagar,Srigonda,Classified Banks,13
2015,Ahilyanagar,Srirampur,Branch Offices of Classified Banks,35
2015,Ahilyanagar,Srirampur,Classified Banks,16
2015,Amravati,Achalpur,Branch Offices of Classified Banks,30
2015,Amravati,Achalpur,Classified Banks,14
2015,Amravati,Amravati,Branch Offices of Classified Banks,109
2015,Amravati,Amravati,Classified Banks,32
2015,Amravati,Anjangaon Su,Branch Offices of Classified Banks,17
2015,Amravati,Anjangaon Su,Classified Banks,7
2015,Amravati,Bhatkuli,Branch Offices of Classified Banks,13
2015,Amravati,Bhatkuli,Classified Banks,5
2015,Amravati,Chandur Railway,Branch Offices of Classified Banks,12
2015,Amravati,Chandur Railway,Classified Banks,5
2015,Amravati,Chandurbazar,Branch Offices of Classified Banks,20
2015,Amravati,Chandurbazar,Classified Banks,8
2015,Amravati,Chikhraldara,Branch Offices of Classified Banks,7
2015,Amravati,Chikhraldara,Classified Banks,5
2015,Amravati,Daryapur,Branch Offices of Classified Banks,19
2015,Amravati,Daryapur,Classified Banks,5
2015,Amravati,Dhamangaon Re,Branch Offices of Classified Banks,17
2015,Amravati,Dhamangaon Re,Classified Banks,7
2015,Amravati,Dharani,Branch Offices of Classified Banks,9
2015,Amravati,Dharani,Classified Banks,4
2015,Amravati,Morshi,Branch Offices of Classified Banks,23
2015,Amravati,Morshi,Classified Banks,7
2015,Amravati,Nandgaon Kh,Branch Offices of Classified Banks,15
2015,Amravati,Nandgaon Kh,Classified Banks,7
2015,Amravati,Tivas,Branch Offices of Classified Banks,17
2015,Amravati,Tivas,Classified Banks,8
2015,Amravati,Warud,Branch Offices of Classified Banks,29
2015,Amravati,Warud,Classified Banks,12
2015,Beed,Ambajogai,Branch Offices of Classified Banks,30
2015,Beed,Ambajogai,Classified Banks,15
2015,Beed,Ashti,Branch Offices of Classified Banks,28
2015,Beed,Ashti,Classified Banks,9
2015,Beed,Beed,Branch Offices of Classified Banks,62
2015,Beed,Beed,Classified Banks,25
2015,Beed,Cage,Branch Offices of Classified Banks,24
2015,Beed,Cage,Classified Banks,10
2015,Beed,Dharur,Branch Offices of Classified Banks,9
2015,Beed,Dharur,Classified Banks,8
2015,Beed,Gevrai,Branch Offices of Classified Banks,32
2015,Beed,Gevrai,Classified Banks,12
2015,Beed,Majalgaon,Branch Offices of Classified Banks,24
2015,Beed,Majalgaon,Classified Banks,13
2015,Beed,Parli,Branch Offices of Classified Banks,24
2015,Beed,Parli,Classified Banks,15
2015,Beed,Patoda,Branch Offices of Classified Banks,11
2015,Beed,Patoda,Classified Banks,6
2015,Beed,Shirur Kasar,Branch Offices of Classified Banks,10
2015,Beed,Shirur Kasar,Classified Banks,6
2015,Beed,Wadwani,Branch Offices of Classified Banks,7
2015,Beed,Wadwani,Classified Banks,4
2015,Bhandara,Bhandara,Branch Offices of Classified Banks,39
2015,Bhandara,Bhandara,Classified Banks,22
2015,Bhandara,Lakhandur,Branch Offices of Classified Banks,8
2015,Bhandara,Lakhandur,Classified Banks,4
2015,Bhandara,Lakhani,Branch Offices of Classified Banks,9
2015,Bhandara,Lakhani,Classified Banks,5
2015,Bhandara,Mohadi,Branch Offices of Classified Banks,11
2015,Bhandara,Mohadi,Classified Banks,8
2015,Bhandara,Pavani,Branch Offices of Classified Banks,13
2015,Bhandara,Pavani,Classified Banks,7
2015,Bhandara,Sakoli,Branch Offices of Classified Banks,15
2015,Bhandara,Sakoli,Classified Banks,9
2015,Bhandara,Tumsar,Branch Offices of Classified Banks,24
2015,Bhandara,Tumsar,Classified Banks,15
2015,Buldhana,Buldana,Branch Offices of Classified Banks,25
2015,Buldhana,Buldana,Classified Banks,18
2015,Buldhana,Chikhali,Branch Offices of Classified Banks,18
2015,Buldhana,Chikhali,Classified Banks,9
2015,Buldhana,Deulgaon Raja,Branch Offices of Classified Banks,8
2015,Buldhana,Deulgaon Raja,Classified Banks,8
2015,Buldhana,Jalgaon Jamod,Branch Offices of Classified Banks,7
2015,Buldhana,Jalgaon Jamod,Classified Banks,4
2015,Buldhana,Khamgaon,Branch Offices of Classified Banks,26
2015,Buldhana,Khamgaon,Classified Banks,18
2015,Buldhana,Lonar,Branch Offices of Classified Banks,7
2015,Buldhana,Lonar,Classified Banks,4
2015,Buldhana,Malkapur,Branch Offices of Classified Banks,12
2015,Buldhana,Malkapur,Classified Banks,10
2015,Buldhana,Mehkar,Branch Offices of Classified Banks,11
2015,Buldhana,Mehkar,Classified Banks,5
2015,Buldhana,Motala,Branch Offices of Classified Banks,11
2015,Buldhana,Motala,Classified Banks,6
2015,Buldhana,Nandura,Branch Offices of Classified Banks,9
2015,Buldhana,Nandura,Classified Banks,6
2015,Buldhana,Sangrampur,Branch Offices of Classified Banks,6
2015,Buldhana,Sangrampur,Classified Banks,4
2015,Buldhana,Shegaon,Branch Offices of Classified Banks,12
2015,Buldhana,Shegaon,Classified Banks,9
2015,Buldhana,Sindkhed Raja,Branch Offices of Classified Banks,7
2015,Buldhana,Sindkhed Raja,Classified Banks,4
2015,Chandrapur,Ballarpur,Branch Offices of Classified Banks,16
2015,Chandrapur,Ballarpur,Classified Banks,11
2015,Chandrapur,Bhadravati,Branch Offices of Classified Banks,27
2015,Chandrapur,Bhadravati,Classified Banks,10
2015,Chandrapur,Bramhapuri,Branch Offices of Classified Banks,24
2015,Chandrapur,Bramhapuri,Classified Banks,11
2015,Chandrapur,Chandrapur,Branch Offices of Classified Banks,66
2015,Chandrapur,Chandrapur,Classified Banks,24
2015,Chandrapur,Chimur,Branch Offices of Classified Banks,16
2015,Chandrapur,Chimur,Classified Banks,5
2015,Chandrapur,Gondpipari,Branch Offices of Classified Banks,11
2015,Chandrapur,Gondpipari,Classified Banks,3
2015,Chandrapur,Jivati,Branch Offices of Classified Banks,3
2015,Chandrapur,Jivati,Classified Banks,3
2015,Chandrapur,Korpana,Branch Offices of Classified Banks,12
2015,Chandrapur,Korpana,Classified Banks,4
2015,Chandrapur,Mul,Branch Offices of Classified Banks,15
2015,Chandrapur,Mul,Classified Banks,7
2015,Chandrapur,Nagbhid,Branch Offices of Classified Banks,15
2015,Chandrapur,Nagbhid,Classified Banks,5
2015,Chandrapur,Ponbhurna,Branch Offices of Classified Banks,5
2015,Chandrapur,Ponbhurna,Classified Banks,4
2015,Chandrapur,Rajura,Branch Offices of Classified Banks,14
2015,Chandrapur,Rajura,Classified Banks,7
2015,Chandrapur,Savali,Branch Offices of Classified Banks,10
2015,Chandrapur,Savali,Classified Banks,4
2015,Chandrapur,Sindevahi,Branch Offices of Classified Banks,12
2015,Chandrapur,Sindevahi,Classified Banks,5
2015,Chandrapur,Varora,Branch Offices of Classified Banks,25
2015,Chandrapur,Varora,Classified Banks,10
2015,Chhatrapati Sambhajinagar,Chhatrapati Sambhaji Nagar,Branch Offices of Classified Banks,147
2015,Chhatrapati Sambhajinagar,Chhatrapati Sambhaji Nagar,Classified Banks,41
2015,Chhatrapati Sambhajinagar,Gangapur,Branch Offices of Classified Banks,22
2015,Chhatrapati Sambhajinagar,Gangapur,Classified Banks,13
2015,Chhatrapati Sambhajinagar,Kannad,Branch Offices of Classified Banks,15
2015,Chhatrapati Sambhajinagar,Kannad,Classified Banks,6
2015,Chhatrapati Sambhajinagar,Khultabad,Branch Offices of Classified Banks,7
2015,Chhatrapati Sambhajinagar,Khultabad,Classified Banks,5
2015,Chhatrapati Sambhajinagar,Paithan,Branch Offices of Classified Banks,22
2015,Chhatrapati Sambhajinagar,Paithan,Classified Banks,9
2015,Chhatrapati Sambhajinagar,Phulambri,Branch Offices of Classified Banks,8
2015,Chhatrapati Sambhajinagar,Phulambri,Classified Banks,6
2015,Chhatrapati Sambhajinagar,Sillod,Branch Offices of Classified Banks,19
2015,Chhatrapati Sambhajinagar,Sillod,Classified Banks,11
2015,Chhatrapati Sambhajinagar,Soyegaon,Branch Offices of Classified Banks,6
2015,Chhatrapati Sambhajinagar,Soyegaon,Classified Banks,2
2015,Chhatrapati Sambhajinagar,Vaijapur,Branch Offices of Classified Banks,14
2015,Chhatrapati Sambhajinagar,Vaijapur,Classified Banks,7
2015,Dharashiv,Bhum,Branch Offices of Classified Banks,16
2015,Dharashiv,Bhum,Classified Banks,7
2015,Dharashiv,Dharashiv,Branch Offices of Classified Banks,48
2015,Dharashiv,Dharashiv,Classified Banks,34
2015,Dharashiv,Kalamb,Branch Offices of Classified Banks,22
2015,Dharashiv,Kalamb,Classified Banks,13
2015,Dharashiv,Lohara,Branch Offices of Classified Banks,17
2015,Dharashiv,Lohara,Classified Banks,9
2015,Dharashiv,Paranda,Branch Offices of Classified Banks,14
2015,Dharashiv,Paranda,Classified Banks,8
2015,Dharashiv,Tuljapur,Branch Offices of Classified Banks,28
2015,Dharashiv,Tuljapur,Classified Banks,13
2015,Dharashiv,Umaraga,Branch Offices of Classified Banks,30
2015,Dharashiv,Umaraga,Classified Banks,13
2015,Dharashiv,Washi,Branch Offices of Classified Banks,11
2015,Dharashiv,Washi,Classified Banks,6
2015,Dhule,Dhule,Branch Offices of Classified Banks,81
2015,Dhule,Dhule,Classified Banks,20
2015,Dhule,Sakri,Branch Offices of Classified Banks,30
2015,Dhule,Sakri,Classified Banks,9
2015,Dhule,Shindkheda,Branch Offices of Classified Banks,26
2015,Dhule,Shindkheda,Classified Banks,8
2015,Dhule,Shirpur,Branch Offices of Classified Banks,32
2015,Dhule,Shirpur,Classified Banks,14
2015,Gadchiroli,Aheri,Branch Offices of Classified Banks,12
2015,Gadchiroli,Aheri,Classified Banks,5
2015,Gadchiroli,Bhamragad,Branch Offices of Classified Banks,2
2015,Gadchiroli,Bhamragad,Classified Banks,2
2015,Gadchiroli,Chomoshi,Branch Offices of Classified Banks,17
2015,Gadchiroli,Chomoshi,Classified Banks,5
2015,Gadchiroli,Desaiganj,Branch Offices of Classified Banks,13
2015,Gadchiroli,Desaiganj,Classified Banks,6
2015,Gadchiroli,Dhanora,Branch Offices of Classified Banks,8
2015,Gadchiroli,Dhanora,Classified Banks,3
2015,Gadchiroli,Etapalli,Branch Offices of Classified Banks,4
2015,Gadchiroli,Etapalli,Classified Banks,3
2015,Gadchiroli,Gadchiroli,Branch Offices of Classified Banks,22
2015,Gadchiroli,Gadchiroli,Classified Banks,8
2015,Gadchiroli,Korachi,Branch Offices of Classified Banks,5
2015,Gadchiroli,Korachi,Classified Banks,3
2015,Gadchiroli,Kurkheda,Branch Offices of Classified Banks,10
2015,Gadchiroli,Kurkheda,Classified Banks,5
2015,Gadchiroli,Mulchera,Branch Offices of Classified Banks,4
2015,Gadchiroli,Mulchera,Classified Banks,3
2015,Gadchiroli,Sironcha,Branch Offices of Classified Banks,7
2015,Gadchiroli,Sironcha,Classified Banks,3
2015,Gadchiroli,rmori,Branch Offices of Classified Banks,13
2015,Gadchiroli,rmori,Classified Banks,5
2015,Gondia,Aamgaon,Branch Offices of Classified Banks,12
2015,Gondia,Aamgaon,Classified Banks,8
2015,Gondia,Arjuni Morgaon,Branch Offices of Classified Banks,17
2015,Gondia,Arjuni Morgaon,Classified Banks,9
2015,Gondia,Devari,Branch Offices of Classified Banks,10
2015,Gondia,Devari,Classified Banks,8
2015,Gondia,Gondia,Branch Offices of Classified Banks,45
2015,Gondia,Gondia,Classified Banks,25
2015,Gondia,Goregaon,Branch Offices of Classified Banks,8
2015,Gondia,Goregaon,Classified Banks,4
2015,Gondia,Sadak Arjuni,Branch Offices of Classified Banks,12
2015,Gondia,Sadak Arjuni,Classified Banks,5
2015,Gondia,Salekasa,Branch Offices of Classified Banks,5
2015,Gondia,Salekasa,Classified Banks,3
2015,Gondia,Tiroda,Branch Offices of Classified Banks,19
2015,Gondia,Tiroda,Classified Banks,11
2015,Hingoli,Aundha na,Branch Offices of Classified Banks,12
2015,Hingoli,Aundha na,Classified Banks,5
2015,Hingoli,Hingoli,Branch Offices of Classified Banks,35
2015,Hingoli,Hingoli,Classified Banks,20
2015,Hingoli,Kalamanuri,Branch Offices of Classified Banks,21
2015,Hingoli,Kalamanuri,Classified Banks,5
2015,Hingoli,Sengaon,Branch Offices of Classified Banks,16
2015,Hingoli,Sengaon,Classified Banks,5
2015,Hingoli,vasamat,Branch Offices of Classified Banks,24
2015,Hingoli,vasamat,Classified Banks,7
2015,Jalgaon,Amalner,Branch Offices of Classified Banks,30
2015,Jalgaon,Amalner,Classified Banks,30
2015,Jalgaon,Bhadgaon,Branch Offices of Classified Banks,21
2015,Jalgaon,Bhadgaon,Classified Banks,21
2015,Jalgaon,Bhusawal,Branch Offices of Classified Banks,39
2015,Jalgaon,Bhusawal,Classified Banks,39
2015,Jalgaon,Bodvad,Branch Offices of Classified Banks,32
2015,Jalgaon,Bodvad,Classified Banks,32
2015,Jalgaon,Chalisgaon,Branch Offices of Classified Banks,46
2015,Jalgaon,Chalisgaon,Classified Banks,46
2015,Jalgaon,Chopda,Branch Offices of Classified Banks,32
2015,Jalgaon,Chopda,Classified Banks,32
2015,Jalgaon,Dharangaon,Branch Offices of Classified Banks,16
2015,Jalgaon,Dharangaon,Classified Banks,16
2015,Jalgaon,Erandol,Branch Offices of Classified Banks,17
2015,Jalgaon,Erandol,Classified Banks,17
2015,Jalgaon,Jalgaon,Branch Offices of Classified Banks,82
2015,Jalgaon,Jalgaon,Classified Banks,82
2015,Jalgaon,Jamner,Branch Offices of Classified Banks,37
2015,Jalgaon,Jamner,Classified Banks,37
2015,Jalgaon,Muktainagar (Edlabad),Branch Offices of Classified Banks,20
2015,Jalgaon,Muktainagar (Edlabad),Classified Banks,20
2015,Jalgaon,Pachora,Branch Offices of Classified Banks,42
2015,Jalgaon,Pachora,Classified Banks,42
2015,Jalgaon,Parola,Branch Offices of Classified Banks,20
2015,Jalgaon,Parola,Classified Banks,20
2015,Jalgaon,Raver,Branch Offices of Classified Banks,45
2015,Jalgaon,Raver,Classified Banks,45
2015,Jalgaon,Yawal,Branch Offices of Classified Banks,42
2015,Jalgaon,Yawal,Classified Banks,42
2015,Jalna,Ambad,Branch Offices of Classified Banks,14
2015,Jalna,Ambad,Classified Banks,6
2015,Jalna,Badnapur,Branch Offices of Classified Banks,11
2015,Jalna,Badnapur,Classified Banks,5
2015,Jalna,Bhokardan,Branch Offices of Classified Banks,14
2015,Jalna,Bhokardan,Classified Banks,6
2015,Jalna,Ghansawangi,Branch Offices of Classified Banks,8
2015,Jalna,Ghansawangi,Classified Banks,4
2015,Jalna,Jaffrabad,Branch Offices of Classified Banks,8
2015,Jalna,Jaffrabad,Classified Banks,5
2015,Jalna,Jalna,Branch Offices of Classified Banks,40
2015,Jalna,Jalna,Classified Banks,23
2015,Jalna,Mantha,Branch Offices of Classified Banks,4
2015,Jalna,Mantha,Classified Banks,3
2015,Jalna,Partur,Branch Offices of Classified Banks,13
2015,Jalna,Partur,Classified Banks,4
2015,Kolhapur,Ajara,Branch Offices of Classified Banks,12
2015,Kolhapur,Ajara,Classified Banks,6
2015,Kolhapur,Bhudargad,Branch Offices of Classified Banks,13
2015,Kolhapur,Bhudargad,Classified Banks,7
2015,Kolhapur,Chandgad,Branch Offices of Classified Banks,13
2015,Kolhapur,Chandgad,Classified Banks,5
2015,Kolhapur,Gadhinglaj,Branch Offices of Classified Banks,23
2015,Kolhapur,Gadhinglaj,Classified Banks,12
2015,Kolhapur,Gaganbavada,Branch Offices of Classified Banks,2
2015,Kolhapur,Gaganbavada,Classified Banks,2
2015,Kolhapur,Hatkanangale,Branch Offices of Classified Banks,66
2015,Kolhapur,Hatkanangale,Classified Banks,20
2015,Kolhapur,Kagal,Branch Offices of Classified Banks,24
2015,Kolhapur,Kagal,Classified Banks,12
2015,Kolhapur,Karveer,Branch Offices of Classified Banks,146
2015,Kolhapur,Karveer,Classified Banks,32
2015,Kolhapur,Panhala,Branch Offices of Classified Banks,23
2015,Kolhapur,Panhala,Classified Banks,9
2015,Kolhapur,Radhanagari,Branch Offices of Classified Banks,17
2015,Kolhapur,Radhanagari,Classified Banks,7
2015,Kolhapur,Shahuwadi,Branch Offices of Classified Banks,19
2015,Kolhapur,Shahuwadi,Classified Banks,7
2015,Kolhapur,Shirol,Branch Offices of Classified Banks,42
2015,Kolhapur,Shirol,Classified Banks,12
2015,Latur,Ahamadpur,Branch Offices of Classified Banks,22
2015,Latur,Ahamadpur,Classified Banks,7
2015,Latur,Aosa,Branch Offices of Classified Banks,28
2015,Latur,Aosa,Classified Banks,8
2015,Latur,Chakur,Branch Offices of Classified Banks,19
2015,Latur,Chakur,Classified Banks,5
2015,Latur,Devani,Branch Offices of Classified Banks,13
2015,Latur,Devani,Classified Banks,5
2015,Latur,Jalkot,Branch Offices of Classified Banks,7
2015,Latur,Jalkot,Classified Banks,5
2015,Latur,Latur,Branch Offices of Classified Banks,85
2015,Latur,Latur,Classified Banks,24
2015,Latur,Nilanga,Branch Offices of Classified Banks,27
2015,Latur,Nilanga,Classified Banks,6
2015,Latur,Renapur,Branch Offices of Classified Banks,16
2015,Latur,Renapur,Classified Banks,7
2015,Latur,Shirur-Anantpal,Branch Offices of Classified Banks,13
2015,Latur,Shirur-Anantpal,Classified Banks,5
2015,Latur,Udgir,Branch Offices of Classified Banks,36
2015,Latur,Udgir,Classified Banks,15
2015,Mumbai City,Mumbai City,Branch Offices of Classified Banks,964
2015,Mumbai City,Mumbai City,Classified Banks,37
2015,Nagpur,Bhiwapur,Branch Offices of Classified Banks,9
2015,Nagpur,Bhiwapur,Classified Banks,5
2015,Nagpur,Hingana,Branch Offices of Classified Banks,20
2015,Nagpur,Hingana,Classified Banks,8
2015,Nagpur,Kalameshwar,Branch Offices of Classified Banks,16
2015,Nagpur,Kalameshwar,Classified Banks,6
2015,Nagpur,Kamathi,Branch Offices of Classified Banks,16
2015,Nagpur,Kamathi,Classified Banks,8
2015,Nagpur,Katol,Branch Offices of Classified Banks,20
2015,Nagpur,Katol,Classified Banks,12
2015,Nagpur,Kuhi,Branch Offices of Classified Banks,14
2015,Nagpur,Kuhi,Classified Banks,5
2015,Nagpur,Mauda,Branch Offices of Classified Banks,19
2015,Nagpur,Mauda,Classified Banks,9
2015,Nagpur,Nagpur (Gra),Branch Offices of Classified Banks,37
2015,Nagpur,Nagpur (Gra),Classified Banks,15
2015,Nagpur,Nagpur (Sh),Branch Offices of Classified Banks,258
2015,Nagpur,Nagpur (Sh),Classified Banks,19
2015,Nagpur,Narkhed,Branch Offices of Classified Banks,19
2015,Nagpur,Narkhed,Classified Banks,8
2015,Nagpur,Parashivani,Branch Offices of Classified Banks,13
2015,Nagpur,Parashivani,Classified Banks,7
2015,Nagpur,Ramtech,Branch Offices of Classified Banks,21
2015,Nagpur,Ramtech,Classified Banks,6
2015,Nagpur,Sawner,Branch Offices of Classified Banks,25
2015,Nagpur,Sawner,Classified Banks,8
2015,Nagpur,Umred,Branch Offices of Classified Banks,24
2015,Nagpur,Umred,Classified Banks,10
2015,Nanded,Himalay nagar,Branch Offices of Classified Banks,14
2015,Nanded,Himalay nagar,Classified Banks,5
2015,Nanded,Kinvat,Branch Offices of Classified Banks,16
2015,Nanded,Kinvat,Classified Banks,16
2015,Nanded,Mahur,Branch Offices of Classified Banks,5
2015,Nanded,Mahur,Classified Banks,5
2015,Nanded,Mudkhed,Branch Offices of Classified Banks,11
2015,Nanded,Mudkhed,Classified Banks,10
2015,Nanded,Mukhed,Branch Offices of Classified Banks,21
2015,Nanded,Mukhed,Classified Banks,20
2015,Nanded,Nanded,Branch Offices of Classified Banks,81
2015,Nanded,Nanded,Classified Banks,76
2015,Nanded,andhrapur,Branch Offices of Classified Banks,9
2015,Nanded,andhrapur,Classified Banks,9
2015,Nanded,bhokar,Branch Offices of Classified Banks,8
2015,Nanded,bhokar,Classified Banks,8
2015,Nanded,biloli,Branch Offices of Classified Banks,16
2015,Nanded,biloli,Classified Banks,15
2015,Nanded,deglur,Branch Offices of Classified Banks,14
2015,Nanded,deglur,Classified Banks,13
2015,Nanded,dharmabad,Branch Offices of Classified Banks,7
2015,Nanded,dharmabad,Classified Banks,7
2015,Nanded,hadgaon,Branch Offices of Classified Banks,10
2015,Nanded,hadgaon,Classified Banks,14
2015,Nanded,kandhar,Branch Offices of Classified Banks,17
2015,Nanded,kandhar,Classified Banks,16
2015,Nanded,loha,Branch Offices of Classified Banks,15
2015,Nanded,loha,Classified Banks,15
2015,Nanded,naygaon,Branch Offices of Classified Banks,16
2015,Nanded,naygaon,Classified Banks,19
2015,Nanded,umari,Branch Offices of Classified Banks,6
2015,Nanded,umari,Classified Banks,6
2015,Nandurbar,Akkalkuva,Branch Offices of Classified Banks,6
2015,Nandurbar,Akkalkuva,Classified Banks,3
2015,Nandurbar,Akrani,Branch Offices of Classified Banks,3
2015,Nandurbar,Akrani,Classified Banks,2
2015,Nandurbar,Nandurbar,Branch Offices of Classified Banks,22
2015,Nandurbar,Nandurbar,Classified Banks,12
2015,Nandurbar,Navapur,Branch Offices of Classified Banks,9
2015,Nandurbar,Navapur,Classified Banks,5
2015,Nandurbar,Shahada,Branch Offices of Classified Banks,18
2015,Nandurbar,Shahada,Classified Banks,8
2015,Nandurbar,Taloda,Branch Offices of Classified Banks,6
2015,Nandurbar,Taloda,Classified Banks,3
2015,Nashik,Baglan,Branch Offices of Classified Banks,25
2015,Nashik,Baglan,Classified Banks,10
2015,Nashik,Chandwad,Branch Offices of Classified Banks,9
2015,Nashik,Chandwad,Classified Banks,3
2015,Nashik,Devala,Branch Offices of Classified Banks,6
2015,Nashik,Devala,Classified Banks,3
2015,Nashik,Dindori,Branch Offices of Classified Banks,29
2015,Nashik,Dindori,Classified Banks,15
2015,Nashik,Igatpuri,Branch Offices of Classified Banks,18
2015,Nashik,Igatpuri,Classified Banks,11
2015,Nashik,Kalwan,Branch Offices of Classified Banks,9
2015,Nashik,Kalwan,Classified Banks,3
2015,Nashik,Malegaon,Branch Offices of Classified Banks,35
2015,Nashik,Malegaon,Classified Banks,15
2015,Nashik,Nandgaon,Branch Offices of Classified Banks,14
2015,Nashik,Nandgaon,Classified Banks,9
2015,Nashik,Nashik,Branch Offices of Classified Banks,199
2015,Nashik,Nashik,Classified Banks,38
2015,Nashik,Nifad,Branch Offices of Classified Banks,50
2015,Nashik,Nifad,Classified Banks,18
2015,Nashik,Peth,Branch Offices of Classified Banks,6
2015,Nashik,Peth,Classified Banks,4
2015,Nashik,Sinner,Branch Offices of Classified Banks,27
2015,Nashik,Sinner,Classified Banks,17
2015,Nashik,Surgana,Branch Offices of Classified Banks,4
2015,Nashik,Surgana,Classified Banks,3
2015,Nashik,Trimbak,Branch Offices of Classified Banks,8
2015,Nashik,Trimbak,Classified Banks,5
2015,Nashik,Yewala,Branch Offices of Classified Banks,16
2015,Nashik,Yewala,Classified Banks,9
2015,Palghar,Dahanu,Branch Offices of Classified Banks,138
2015,Palghar,Dahanu,Classified Banks,27
2015,Palghar,Javhar,Branch Offices of Classified Banks,6
2015,Palghar,Javhar,Classified Banks,6
2015,Palghar,Mokhada,Branch Offices of Classified Banks,7
2015,Palghar,Mokhada,Classified Banks,7
2015,Palghar,Palghar,Branch Offices of Classified Banks,5
2015,Palghar,Palghar,Classified Banks,5
2015,Palghar,Talasari,Branch Offices of Classified Banks,63
2015,Palghar,Talasari,Classified Banks,22
2015,Palghar,Vasai,Branch Offices of Classified Banks,23
2015,Palghar,Vasai,Classified Banks,16
2015,Palghar,Vikramgad,Branch Offices of Classified Banks,37
2015,Palghar,Vikramgad,Classified Banks,16
2015,Palghar,Wada,Branch Offices of Classified Banks,9
2015,Palghar,Wada,Classified Banks,7
2015,Parbhani,Gangakhed,Branch Offices of Classified Banks,14
2015,Parbhani,Gangakhed,Classified Banks,7
2015,Parbhani,Jintur,Branch Offices of Classified Banks,15
2015,Parbhani,Jintur,Classified Banks,3
2015,Parbhani,Manvat,Branch Offices of Classified Banks,13
2015,Parbhani,Manvat,Classified Banks,6
2015,Parbhani,Palam,Branch Offices of Classified Banks,9
2015,Parbhani,Palam,Classified Banks,4
2015,Parbhani,Parbhani,Branch Offices of Classified Banks,56
2015,Parbhani,Parbhani,Classified Banks,21
2015,Parbhani,Pathari,Branch Offices of Classified Banks,9
2015,Parbhani,Pathari,Classified Banks,5
2015,Parbhani,Purna,Branch Offices of Classified Banks,18
2015,Parbhani,Purna,Classified Banks,5
2015,Parbhani,Selu,Branch Offices of Classified Banks,16
2015,Parbhani,Selu,Classified Banks,8
2015,Parbhani,Sonpeth,Branch Offices of Classified Banks,10
2015,Parbhani,Sonpeth,Classified Banks,4
2015,Pune,Aambegaon,Branch Offices of Classified Banks,41
2015,Pune,Aambegaon,Classified Banks,10
2015,Pune,Baramati,Branch Offices of Classified Banks,80
2015,Pune,Baramati,Classified Banks,22
2015,Pune,Bhor,Branch Offices of Classified Banks,29
2015,Pune,Bhor,Classified Banks,9
2015,Pune,Daund,Branch Offices of Classified Banks,60
2015,Pune,Daund,Classified Banks,15
2015,Pune,Haveli,Branch Offices of Classified Banks,107
2015,Pune,Haveli,Classified Banks,38
2015,Pune,Indapur,Branch Offices of Classified Banks,61
2015,Pune,Indapur,Classified Banks,14
2015,Pune,Junnar,Branch Offices of Classified Banks,54
2015,Pune,Junnar,Classified Banks,13
2015,Pune,Khed,Branch Offices of Classified Banks,94
2015,Pune,Khed,Classified Banks,25
2015,Pune,Maval,Branch Offices of Classified Banks,62
2015,Pune,Maval,Classified Banks,20
2015,Pune,Mulashi,Branch Offices of Classified Banks,59
2015,Pune,Mulashi,Classified Banks,19
2015,Pune,Pune City,Branch Offices of Classified Banks,867
2015,Pune,Pune City,Classified Banks,30
2015,Pune,Purandar,Branch Offices of Classified Banks,30
2015,Pune,Purandar,Classified Banks,10
2015,Pune,Shirur,Branch Offices of Classified Banks,74
2015,Pune,Shirur,Classified Banks,17
2015,Pune,Welhe,Branch Offices of Classified Banks,11
2015,Pune,Welhe,Classified Banks,3
2015,Raigad,Panwel,Branch Offices of Classified Banks,133
2015,Raigad,Panwel,Classified Banks,25
2015,Raigad,Uran,Branch Offices of Classified Banks,29
2015,Raigad,Uran,Classified Banks,13
2015,Raigad,alibag,Branch Offices of Classified Banks,45
2015,Raigad,alibag,Classified Banks,15
2015,Raigad,karjat,Branch Offices of Classified Banks,30
2015,Raigad,karjat,Classified Banks,14
2015,Raigad,khalapur,Branch Offices of Classified Banks,32
2015,Raigad,khalapur,Classified Banks,14
2015,Raigad,mahad,Branch Offices of Classified Banks,20
2015,Raigad,mahad,Classified Banks,10
2015,Raigad,mangaon,Branch Offices of Classified Banks,31
2015,Raigad,mangaon,Classified Banks,10
2015,Raigad,mhasala,Branch Offices of Classified Banks,8
2015,Raigad,mhasala,Classified Banks,3
2015,Raigad,murud,Branch Offices of Classified Banks,13
2015,Raigad,murud,Classified Banks,4
2015,Raigad,pen,Branch Offices of Classified Banks,31
2015,Raigad,pen,Classified Banks,13
2015,Raigad,poladpur,Branch Offices of Classified Banks,8
2015,Raigad,poladpur,Classified Banks,6
2015,Raigad,roha,Branch Offices of Classified Banks,23
2015,Raigad,roha,Classified Banks,11
2015,Raigad,shreevardhan,Branch Offices of Classified Banks,14
2015,Raigad,shreevardhan,Classified Banks,6
2015,Raigad,sudhagad,Branch Offices of Classified Banks,7
2015,Raigad,sudhagad,Classified Banks,5
2015,Raigad,tala,Branch Offices of Classified Banks,3
2015,Raigad,tala,Classified Banks,3
2015,Ratnagiri,Chiplun,Branch Offices of Classified Banks,52
2015,Ratnagiri,Chiplun,Classified Banks,24
2015,Ratnagiri,Dapoli,Branch Offices of Classified Banks,30
2015,Ratnagiri,Dapoli,Classified Banks,11
2015,Ratnagiri,Guhagar,Branch Offices of Classified Banks,21
2015,Ratnagiri,Guhagar,Classified Banks,10
2015,Ratnagiri,Khed,Branch Offices of Classified Banks,36
2015,Ratnagiri,Khed,Classified Banks,15
2015,Ratnagiri,Lanja,Branch Offices of Classified Banks,19
2015,Ratnagiri,Lanja,Classified Banks,8
2015,Ratnagiri,Mandangad,Branch Offices of Classified Banks,16
2015,Ratnagiri,Mandangad,Classified Banks,6
2015,Ratnagiri,Rajapur,Branch Offices of Classified Banks,30
2015,Ratnagiri,Rajapur,Classified Banks,10
2015,Ratnagiri,Ratnagiri,Branch Offices of Classified Banks,82
2015,Ratnagiri,Ratnagiri,Classified Banks,34
2015,Ratnagiri,Sangameshwar,Branch Offices of Classified Banks,26
2015,Ratnagiri,Sangameshwar,Classified Banks,8
2015,Sangli,Atpadi,Branch Offices of Classified Banks,9
2015,Sangli,Atpadi,Classified Banks,5
2015,Sangli,Jat,Branch Offices of Classified Banks,18
2015,Sangli,Jat,Classified Banks,6
2015,Sangli,Kadegaon,Branch Offices of Classified Banks,7
2015,Sangli,Kadegaon,Classified Banks,5
2015,Sangli,Kavathe Mahakal,Branch Offices of Classified Banks,10
2015,Sangli,Kavathe Mahakal,Classified Banks,6
2015,Sangli,Khanapur,Branch Offices of Classified Banks,12
2015,Sangli,Khanapur,Classified Banks,9
2015,Sangli,Miraj,Branch Offices of Classified Banks,105
2015,Sangli,Miraj,Classified Banks,29
2015,Sangli,Palus,Branch Offices of Classified Banks,19
2015,Sangli,Palus,Classified Banks,12
2015,Sangli,Shirala,Branch Offices of Classified Banks,10
2015,Sangli,Shirala,Classified Banks,5
2015,Sangli,Tasgaon,Branch Offices of Classified Banks,23
2015,Sangli,Tasgaon,Classified Banks,13
2015,Sangli,Walwa,Branch Offices of Classified Banks,40
2015,Sangli,Walwa,Classified Banks,13
2015,Satara,Javli,Branch Offices of Classified Banks,8
2015,Satara,Javli,Classified Banks,4
2015,Satara,Karad,Branch Offices of Classified Banks,53
2015,Satara,Karad,Classified Banks,22
2015,Satara,Khandala,Branch Offices of Classified Banks,23
2015,Satara,Khandala,Classified Banks,10
2015,Satara,Khatav,Branch Offices of Classified Banks,22
2015,Satara,Khatav,Classified Banks,7
2015,Satara,Koregaon,Branch Offices of Classified Banks,20
2015,Satara,Koregaon,Classified Banks,6
2015,Satara,Mahableshwar,Branch Offices of Classified Banks,10
2015,Satara,Mahableshwar,Classified Banks,4
2015,Satara,Man,Branch Offices of Classified Banks,19
2015,Satara,Man,Classified Banks,6
2015,Satara,Patan,Branch Offices of Classified Banks,14
2015,Satara,Patan,Classified Banks,4
2015,Satara,Phaltan,Branch Offices of Classified Banks,26
2015,Satara,Phaltan,Classified Banks,23
2015,Satara,Satara,Branch Offices of Classified Banks,58
2015,Satara,Satara,Classified Banks,29
2015,Satara,Wai,Branch Offices of Classified Banks,19
2015,Satara,Wai,Classified Banks,11
2015,Sindhudurg,Devgad,Branch Offices of Classified Banks,15
2015,Sindhudurg,Devgad,Classified Banks,6
2015,Sindhudurg,Dodamarg,Branch Offices of Classified Banks,5
2015,Sindhudurg,Dodamarg,Classified Banks,4
2015,Sindhudurg,Kankavali,Branch Offices of Classified Banks,21
2015,Sindhudurg,Kankavali,Classified Banks,10
2015,Sindhudurg,Kudal,Branch Offices of Classified Banks,27
2015,Sindhudurg,Kudal,Classified Banks,13
2015,Sindhudurg,Malvan,Branch Offices of Classified Banks,13
2015,Sindhudurg,Malvan,Classified Banks,7
2015,Sindhudurg,Sawantwadi,Branch Offices of Classified Banks,22
2015,Sindhudurg,Sawantwadi,Classified Banks,11
2015,Sindhudurg,Vaibhavwadi,Branch Offices of Classified Banks,5
2015,Sindhudurg,Vaibhavwadi,Classified Banks,5
2015,Sindhudurg,Vengurla,Branch Offices of Classified Banks,15
2015,Sindhudurg,Vengurla,Classified Banks,6
2015,Solapur,Akalkot,Branch Offices of Classified Banks,33
2015,Solapur,Akalkot,Classified Banks,8
2015,Solapur,Barsi,Branch Offices of Classified Banks,55
2015,Solapur,Barsi,Classified Banks,14
2015,Solapur,Karmala,Branch Offices of Classified Banks,28
2015,Solapur,Karmala,Classified Banks,7
2015,Solapur,Madha,Branch Offices of Classified Banks,49
2015,Solapur,Madha,Classified Banks,10
2015,Solapur,Malsiras,Branch Offices of Classified Banks,70
2015,Solapur,Malsiras,Classified Banks,12
2015,Solapur,Mangal Vedha,Branch Offices of Classified Banks,28
2015,Solapur,Mangal Vedha,Classified Banks,6
2015,Solapur,Mohol,Branch Offices of Classified Banks,39
2015,Solapur,Mohol,Classified Banks,7
2015,Solapur,North Solapur,Branch Offices of Classified Banks,103
2015,Solapur,North Solapur,Classified Banks,32
2015,Solapur,Pandharpur,Branch Offices of Classified Banks,55
2015,Solapur,Pandharpur,Classified Banks,16
2015,Solapur,Sangola,Branch Offices of Classified Banks,39
2015,Solapur,Sangola,Classified Banks,9
2015,Solapur,South Solapur,Branch Offices of Classified Banks,31
2015,Solapur,South Solapur,Classified Banks,5
2015,Thane,Ambarnath,Branch Offices of Classified Banks,51
2015,Thane,Ambarnath,Classified Banks,23
2015,Thane,Bhivandi,Branch Offices of Classified Banks,59
2015,Thane,Bhivandi,Classified Banks,19
2015,Thane,Kalyan,Branch Offices of Classified Banks,139
2015,Thane,Kalyan,Classified Banks,26
2015,Thane,Murbad,Branch Offices of Classified Banks,20
2015,Thane,Murbad,Classified Banks,10
2015,Thane,Shahapur,Branch Offices of Classified Banks,28
2015,Thane,Shahapur,Classified Banks,17
2015,Thane,Thane,Branch Offices of Classified Banks,511
2015,Thane,Thane,Classified Banks,34
2015,Thane,Ulhasnagar,Branch Offices of Classified Banks,47
2015,Thane,Ulhasnagar,Classified Banks,24
2015,Wardha,Aarvi,Branch Offices of Classified Banks,17
2015,Wardha,Aarvi,Classified Banks,8
2015,Wardha,Ashti,Branch Offices of Classified Banks,7
2015,Wardha,Ashti,Classified Banks,3
2015,Wardha,Devali,Branch Offices of Classified Banks,17
2015,Wardha,Devali,Classified Banks,9
2015,Wardha,Hinganghat,Branch Offices of Classified Banks,19
2015,Wardha,Hinganghat,Classified Banks,12
2015,Wardha,Karanja,Branch Offices of Classified Banks,9
2015,Wardha,Karanja,Classified Banks,4
2015,Wardha,Samudrapur,Branch Offices of Classified Banks,11
2015,Wardha,Samudrapur,Classified Banks,10
2015,Wardha,Selu,Branch Offices of Classified Banks,13
2015,Wardha,Selu,Classified Banks,8
2015,Wardha,Wardha,Branch Offices of Classified Banks,45
2015,Wardha,Wardha,Classified Banks,22
2015,Washim,Karanja,Branch Offices of Classified Banks,23
2015,Washim,Karanja,Classified Banks,10
2015,Washim,Malegaon,Branch Offices of Classified Banks,15
2015,Washim,Malegaon,Classified Banks,6
2015,Washim,Mangrulpir,Branch Offices of Classified Banks,15
2015,Washim,Mangrulpir,Classified Banks,5
2015,Washim,Manora,Branch Offices of Classified Banks,10
2015,Washim,Manora,Classified Banks,4
2015,Washim,Resod,Branch Offices of Classified Banks,18
2015,Washim,Resod,Classified Banks,6
2015,Washim,Washim,Branch Offices of Classified Banks,32
2015,Washim,Washim,Classified Banks,19
2015,Yavatmal,Aarni,Branch Offices of Classified Banks,16
2015,Yavatmal,Aarni,Classified Banks,7
2015,Yavatmal,Babhulgaon,Branch Offices of Classified Banks,11
2015,Yavatmal,Babhulgaon,Classified Banks,6
2015,Yavatmal,Darvha,Branch Offices of Classified Banks,16
2015,Yavatmal,Darvha,Classified Banks,11
2015,Yavatmal,Digras,Branch Offices of Classified Banks,11
2015,Yavatmal,Digras,Classified Banks,7
2015,Yavatmal,Ghantaji,Branch Offices of Classified Banks,12
2015,Yavatmal,Ghantaji,Classified Banks,7
2015,Yavatmal,Kalamb,Branch Offices of Classified Banks,10
2015,Yavatmal,Kalamb,Classified Banks,8
2015,Yavatmal,Kelapur,Branch Offices of Classified Banks,17
2015,Yavatmal,Kelapur,Classified Banks,9
2015,Yavatmal,Mahagaon,Branch Offices of Classified Banks,11
2015,Yavatmal,Mahagaon,Classified Banks,6
2015,Yavatmal,Maregaon,Branch Offices of Classified Banks,6
2015,Yavatmal,Maregaon,Classified Banks,5
2015,Yavatmal,Ner,Branch Offices of Classified Banks,11
2015,Yavatmal,Ner,Classified Banks,10
2015,Yavatmal,Pusad,Branch Offices of Classified Banks,18
2015,Yavatmal,Pusad,Classified Banks,11
2015,Yavatmal,Ralegaon,Branch Offices of Classified Banks,13
2015,Yavatmal,Ralegaon,Classified Banks,5
2015,Yavatmal,Umarkhed,Branch Offices of Classified Banks,17
2015,Yavatmal,Umarkhed,Classified Banks,8
2015,Yavatmal,Vani,Branch Offices of Classified Banks,33
2015,Yavatmal,Vani,Classified Banks,19
2015,Yavatmal,Yavatmal,Branch Offices of Classified Banks,45
2015,Yavatmal,Yavatmal,Classified Banks,31
2015,Yavatmal,Zari Jamani,Branch Offices of Classified Banks,10
2015,Yavatmal,Zari Jamani,Classified Banks,7
2016,Ahilyanagar,Akole,Branch Offices of Classified Banks,35
2016,Ahilyanagar,Akole,Classified Banks,6
2016,Ahilyanagar,Jamkhed,Branch Offices of Classified Banks,20
2016,Ahilyanagar,Jamkhed,Classified Banks,7
2016,Ahilyanagar,Karjat,Branch Offices of Classified Banks,27
2016,Ahilyanagar,Karjat,Classified Banks,7
2016,Ahilyanagar,Kopargaon,Branch Offices of Classified Banks,40
2016,Ahilyanagar,Kopargaon,Classified Banks,13
2016,Ahilyanagar,Nagar,Branch Offices of Classified Banks,110
2016,Ahilyanagar,Nagar,Classified Banks,31
2016,Ahilyanagar,Nevasa,Branch Offices of Classified Banks,34
2016,Ahilyanagar,Nevasa,Classified Banks,9
2016,Ahilyanagar,Parner,Branch Offices of Classified Banks,45
2016,Ahilyanagar,Parner,Classified Banks,8
2016,Ahilyanagar,Pathardi,Branch Offices of Classified Banks,26
2016,Ahilyanagar,Pathardi,Classified Banks,9
2016,Ahilyanagar,Rahata,Branch Offices of Classified Banks,54
2016,Ahilyanagar,Rahata,Classified Banks,25
2016,Ahilyanagar,Rahuri,Branch Offices of Classified Banks,43
2016,Ahilyanagar,Rahuri,Classified Banks,11
2016,Ahilyanagar,Sangamner,Branch Offices of Classified Banks,73
2016,Ahilyanagar,Sangamner,Classified Banks,22
2016,Ahilyanagar,Shevgaon,Branch Offices of Classified Banks,26
2016,Ahilyanagar,Shevgaon,Classified Banks,6
2016,Ahilyanagar,Srigonda,Branch Offices of Classified Banks,42
2016,Ahilyanagar,Srigonda,Classified Banks,13
2016,Ahilyanagar,Srirampur,Branch Offices of Classified Banks,35
2016,Ahilyanagar,Srirampur,Classified Banks,16
2016,Akola,Akola,Branch Offices of Classified Banks,99
2016,Akola,Akola,Classified Banks,65
2016,Akola,Akot,Branch Offices of Classified Banks,33
2016,Akola,Akot,Classified Banks,19
2016,Akola,Balapur,Branch Offices of Classified Banks,21
2016,Akola,Balapur,Classified Banks,14
2016,Akola,Barshitakali,Branch Offices of Classified Banks,9
2016,Akola,Barshitakali,Classified Banks,8
2016,Akola,Murtijapur,Branch Offices of Classified Banks,21
2016,Akola,Murtijapur,Classified Banks,15
2016,Akola,Patur,Branch Offices of Classified Banks,12
2016,Akola,Patur,Classified Banks,7
2016,Akola,Telhara,Branch Offices of Classified Banks,20
2016,Akola,Telhara,Classified Banks,12
2016,Amravati,Achalpur,Branch Offices of Classified Banks,30
2016,Amravati,Achalpur,Classified Banks,14
2016,Amravati,Amravati,Branch Offices of Classified Banks,109
2016,Amravati,Amravati,Classified Banks,32
2016,Amravati,Anjangaon Su,Branch Offices of Classified Banks,17
2016,Amravati,Anjangaon Su,Classified Banks,7
2016,Amravati,Bhatkuli,Branch Offices of Classified Banks,13
2016,Amravati,Bhatkuli,Classified Banks,5
2016,Amravati,Chandur Railway,Branch Offices of Classified Banks,12
2016,Amravati,Chandur Railway,Classified Banks,5
2016,Amravati,Chandurbazar,Branch Offices of Classified Banks,20
2016,Amravati,Chandurbazar,Classified Banks,8
2016,Amravati,Chikhraldara,Branch Offices of Classified Banks,7
2016,Amravati,Chikhraldara,Classified Banks,5
2016,Amravati,Daryapur,Branch Offices of Classified Banks,19
2016,Amravati,Daryapur,Classified Banks,5
2016,Amravati,Dhamangaon Re,Branch Offices of Classified Banks,17
2016,Amravati,Dhamangaon Re,Classified Banks,7
2016,Amravati,Dharani,Branch Offices of Classified Banks,9
2016,Amravati,Dharani,Classified Banks,4
2016,Amravati,Morshi,Branch Offices of Classified Banks,23
2016,Amravati,Morshi,Classified Banks,7
2016,Amravati,Nandgaon Kh,Branch Offices of Classified Banks,15
2016,Amravati,Nandgaon Kh,Classified Banks,7
2016,Amravati,Tivas,Branch Offices of Classified Banks,17
2016,Amravati,Tivas,Classified Banks,8
2016,Amravati,Warud,Branch Offices of Classified Banks,29
2016,Amravati,Warud,Classified Banks,12
2016,Beed,Ambajogai,Branch Offices of Classified Banks,25
2016,Beed,Ambajogai,Classified Banks,9
2016,Beed,Ashti,Branch Offices of Classified Banks,22
2016,Beed,Ashti,Classified Banks,4
2016,Beed,Beed,Branch Offices of Classified Banks,46
2016,Beed,Beed,Classified Banks,16
2016,Beed,Cage,Branch Offices of Classified Banks,21
2016,Beed,Cage,Classified Banks,5
2016,Beed,Dharur,Branch Offices of Classified Banks,7
2016,Beed,Dharur,Classified Banks,5
2016,Beed,Gevrai,Branch Offices of Classified Banks,25
2016,Beed,Gevrai,Classified Banks,6
2016,Beed,Majalgaon,Branch Offices of Classified Banks,17
2016,Beed,Majalgaon,Classified Banks,4
2016,Beed,Parli,Branch Offices of Classified Banks,18
2016,Beed,Parli,Classified Banks,7
2016,Beed,Patoda,Branch Offices of Classified Banks,8
2016,Beed,Patoda,Classified Banks,3
2016,Beed,Shirur Kasar,Branch Offices of Classified Banks,8
2016,Beed,Shirur Kasar,Classified Banks,3
2016,Beed,Wadwani,Branch Offices of Classified Banks,6
2016,Beed,Wadwani,Classified Banks,3
2016,Bhandara,Bhandara,Branch Offices of Classified Banks,39
2016,Bhandara,Bhandara,Classified Banks,22
2016,Bhandara,Lakhandur,Branch Offices of Classified Banks,8
2016,Bhandara,Lakhandur,Classified Banks,4
2016,Bhandara,Lakhani,Branch Offices of Classified Banks,9
2016,Bhandara,Lakhani,Classified Banks,5
2016,Bhandara,Mohadi,Branch Offices of Classified Banks,11
2016,Bhandara,Mohadi,Classified Banks,8
2016,Bhandara,Pavani,Branch Offices of Classified Banks,13
2016,Bhandara,Pavani,Classified Banks,7
2016,Bhandara,Sakoli,Branch Offices of Classified Banks,15
2016,Bhandara,Sakoli,Classified Banks,9
2016,Bhandara,Tumsar,Branch Offices of Classified Banks,24
2016,Bhandara,Tumsar,Classified Banks,15
2016,Buldhana,Buldana,Branch Offices of Classified Banks,40
2016,Buldhana,Buldana,Classified Banks,17
2016,Buldhana,Chikhali,Branch Offices of Classified Banks,27
2016,Buldhana,Chikhali,Classified Banks,8
2016,Buldhana,Deulgaon Raja,Branch Offices of Classified Banks,12
2016,Buldhana,Deulgaon Raja,Classified Banks,6
2016,Buldhana,Jalgaon Jamod,Branch Offices of Classified Banks,13
2016,Buldhana,Jalgaon Jamod,Classified Banks,5
2016,Buldhana,Khamgaon,Branch Offices of Classified Banks,33
2016,Buldhana,Khamgaon,Classified Banks,17
2016,Buldhana,Lonar,Branch Offices of Classified Banks,10
2016,Buldhana,Lonar,Classified Banks,3
2016,Buldhana,Malkapur,Branch Offices of Classified Banks,16
2016,Buldhana,Malkapur,Classified Banks,9
2016,Buldhana,Mehkar,Branch Offices of Classified Banks,19
2016,Buldhana,Mehkar,Classified Banks,5
2016,Buldhana,Motala,Branch Offices of Classified Banks,16
2016,Buldhana,Motala,Classified Banks,4
2016,Buldhana,Nandura,Branch Offices of Classified Banks,14
2016,Buldhana,Nandura,Classified Banks,5
2016,Buldhana,Sangrampur,Branch Offices of Classified Banks,11
2016,Buldhana,Sangrampur,Classified Banks,4
2016,Buldhana,Shegaon,Branch Offices of Classified Banks,18
2016,Buldhana,Shegaon,Classified Banks,8
2016,Buldhana,Sindkhed Raja,Branch Offices of Classified Banks,13
2016,Buldhana,Sindkhed Raja,Classified Banks,3
2016,Chandrapur,Ballarpur,Branch Offices of Classified Banks,16
2016,Chandrapur,Ballarpur,Classified Banks,11
2016,Chandrapur,Bhadravati,Branch Offices of Classified Banks,27
2016,Chandrapur,Bhadravati,Classified Banks,10
2016,Chandrapur,Bramhapuri,Branch Offices of Classified Banks,24
2016,Chandrapur,Bramhapuri,Classified Banks,11
2016,Chandrapur,Chandrapur,Branch Offices of Classified Banks,66
2016,Chandrapur,Chandrapur,Classified Banks,24
2016,Chandrapur,Chimur,Branch Offices of Classified Banks,16
2016,Chandrapur,Chimur,Classified Banks,5
2016,Chandrapur,Gondpipari,Branch Offices of Classified Banks,11
2016,Chandrapur,Gondpipari,Classified Banks,3
2016,Chandrapur,Jivati,Branch Offices of Classified Banks,3
2016,Chandrapur,Jivati,Classified Banks,3
2016,Chandrapur,Korpana,Branch Offices of Classified Banks,12
2016,Chandrapur,Korpana,Classified Banks,4
2016,Chandrapur,Mul,Branch Offices of Classified Banks,15
2016,Chandrapur,Mul,Classified Banks,7
2016,Chandrapur,Nagbhid,Branch Offices of Classified Banks,15
2016,Chandrapur,Nagbhid,Classified Banks,5
2016,Chandrapur,Ponbhurna,Branch Offices of Classified Banks,5
2016,Chandrapur,Ponbhurna,Classified Banks,4
2016,Chandrapur,Rajura,Branch Offices of Classified Banks,14
2016,Chandrapur,Rajura,Classified Banks,7
2016,Chandrapur,Savali,Branch Offices of Classified Banks,10
2016,Chandrapur,Savali,Classified Banks,4
2016,Chandrapur,Sindevahi,Branch Offices of Classified Banks,12
2016,Chandrapur,Sindevahi,Classified Banks,5
2016,Chandrapur,Varora,Branch Offices of Classified Banks,25
2016,Chandrapur,Varora,Classified Banks,10
2016,Chhatrapati Sambhajinagar,Chhatrapati Sambhaji Nagar,Branch Offices of Classified Banks,169
2016,Chhatrapati Sambhajinagar,Chhatrapati Sambhaji Nagar,Classified Banks,41
2016,Chhatrapati Sambhajinagar,Gangapur,Branch Offices of Classified Banks,25
2016,Chhatrapati Sambhajinagar,Gangapur,Classified Banks,12
2016,Chhatrapati Sambhajinagar,Kannad,Branch Offices of Classified Banks,19
2016,Chhatrapati Sambhajinagar,Kannad,Classified Banks,8
2016,Chhatrapati Sambhajinagar,Khultabad,Branch Offices of Classified Banks,7
2016,Chhatrapati Sambhajinagar,Khultabad,Classified Banks,4
2016,Chhatrapati Sambhajinagar,Paithan,Branch Offices of Classified Banks,31
2016,Chhatrapati Sambhajinagar,Paithan,Classified Banks,13
2016,Chhatrapati Sambhajinagar,Phulambri,Branch Offices of Classified Banks,7
2016,Chhatrapati Sambhajinagar,Phulambri,Classified Banks,5
2016,Chhatrapati Sambhajinagar,Sillod,Branch Offices of Classified Banks,22
2016,Chhatrapati Sambhajinagar,Sillod,Classified Banks,12
2016,Chhatrapati Sambhajinagar,Soyegaon,Branch Offices of Classified Banks,6
2016,Chhatrapati Sambhajinagar,Soyegaon,Classified Banks,2
2016,Chhatrapati Sambhajinagar,Vaijapur,Branch Offices of Classified Banks,15
2016,Chhatrapati Sambhajinagar,Vaijapur,Classified Banks,7
2016,Dharashiv,Bhum,Branch Offices of Classified Banks,16
2016,Dharashiv,Bhum,Classified Banks,7
2016,Dharashiv,Dharashiv,Branch Offices of Classified Banks,48
2016,Dharashiv,Dharashiv,Classified Banks,34
2016,Dharashiv,Kalamb,Branch Offices of Classified Banks,22
2016,Dharashiv,Kalamb,Classified Banks,13
2016,Dharashiv,Lohara,Branch Offices of Classified Banks,17
2016,Dharashiv,Lohara,Classified Banks,9
2016,Dharashiv,Paranda,Branch Offices of Classified Banks,14
2016,Dharashiv,Paranda,Classified Banks,8
2016,Dharashiv,Tuljapur,Branch Offices of Classified Banks,28
2016,Dharashiv,Tuljapur,Classified Banks,13
2016,Dharashiv,Umaraga,Branch Offices of Classified Banks,30
2016,Dharashiv,Umaraga,Classified Banks,13
2016,Dharashiv,Washi,Branch Offices of Classified Banks,11
2016,Dharashiv,Washi,Classified Banks,6
2016,Dhule,Dhule,Branch Offices of Classified Banks,54
2016,Dhule,Dhule,Classified Banks,20
2016,Dhule,Sakri,Branch Offices of Classified Banks,18
2016,Dhule,Sakri,Classified Banks,8
2016,Dhule,Shindkheda,Branch Offices of Classified Banks,18
2016,Dhule,Shindkheda,Classified Banks,9
2016,Dhule,Shirpur,Branch Offices of Classified Banks,23
2016,Dhule,Shirpur,Classified Banks,13
2016,Gadchiroli,Aheri,Branch Offices of Classified Banks,12
2016,Gadchiroli,Aheri,Classified Banks,5
2016,Gadchiroli,Bhamragad,Branch Offices of Classified Banks,2
2016,Gadchiroli,Bhamragad,Classified Banks,2
2016,Gadchiroli,Chomoshi,Branch Offices of Classified Banks,17
2016,Gadchiroli,Chomoshi,Classified Banks,5
2016,Gadchiroli,Desaiganj,Branch Offices of Classified Banks,14
2016,Gadchiroli,Desaiganj,Classified Banks,6
2016,Gadchiroli,Dhanora,Branch Offices of Classified Banks,8
2016,Gadchiroli,Dhanora,Classified Banks,3
2016,Gadchiroli,Etapalli,Branch Offices of Classified Banks,4
2016,Gadchiroli,Etapalli,Classified Banks,3
2016,Gadchiroli,Gadchiroli,Branch Offices of Classified Banks,24
2016,Gadchiroli,Gadchiroli,Classified Banks,10
2016,Gadchiroli,Korachi,Branch Offices of Classified Banks,4
2016,Gadchiroli,Korachi,Classified Banks,3
2016,Gadchiroli,Kurkheda,Branch Offices of Classified Banks,10
2016,Gadchiroli,Kurkheda,Classified Banks,5
2016,Gadchiroli,Mulchera,Branch Offices of Classified Banks,4
2016,Gadchiroli,Mulchera,Classified Banks,3
2016,Gadchiroli,Sironcha,Branch Offices of Classified Banks,7
2016,Gadchiroli,Sironcha,Classified Banks,3
2016,Gadchiroli,rmori,Branch Offices of Classified Banks,13
2016,Gadchiroli,rmori,Classified Banks,5
2016,Gondia,Aamgaon,Branch Offices of Classified Banks,10
2016,Gondia,Aamgaon,Classified Banks,6
2016,Gondia,Arjuni Morgaon,Branch Offices of Classified Banks,14
2016,Gondia,Arjuni Morgaon,Classified Banks,7
2016,Gondia,Devari,Branch Offices of Classified Banks,10
2016,Gondia,Devari,Classified Banks,8
2016,Gondia,Gondia,Branch Offices of Classified Banks,52
2016,Gondia,Gondia,Classified Banks,22
2016,Gondia,Goregaon,Branch Offices of Classified Banks,8
2016,Gondia,Goregaon,Classified Banks,4
2016,Gondia,Sadak Arjuni,Branch Offices of Classified Banks,12
2016,Gondia,Sadak Arjuni,Classified Banks,5
2016,Gondia,Salekasa,Branch Offices of Classified Banks,5
2016,Gondia,Salekasa,Classified Banks,3
2016,Gondia,Tiroda,Branch Offices of Classified Banks,20
2016,Gondia,Tiroda,Classified Banks,12
2016,Hingoli,Aundha na,Branch Offices of Classified Banks,14
2016,Hingoli,Aundha na,Classified Banks,6
2016,Hingoli,Hingoli,Branch Offices of Classified Banks,36
2016,Hingoli,Hingoli,Classified Banks,21
2016,Hingoli,Kalamanuri,Branch Offices of Classified Banks,21
2016,Hingoli,Kalamanuri,Classified Banks,5
2016,Hingoli,Sengaon,Branch Offices of Classified Banks,16
2016,Hingoli,Sengaon,Classified Banks,5
2016,Hingoli,vasamat,Branch Offices of Classified Banks,25
2016,Hingoli,vasamat,Classified Banks,8
2016,Jalgaon,Amalner,Branch Offices of Classified Banks,30
2016,Jalgaon,Amalner,Classified Banks,3
2016,Jalgaon,Bhadgaon,Branch Offices of Classified Banks,22
2016,Jalgaon,Bhadgaon,Classified Banks,2
2016,Jalgaon,Bhusawal,Branch Offices of Classified Banks,39
2016,Jalgaon,Bhusawal,Classified Banks,4
2016,Jalgaon,Bodvad,Branch Offices of Classified Banks,32
2016,Jalgaon,Bodvad,Classified Banks,3
2016,Jalgaon,Chalisgaon,Branch Offices of Classified Banks,46
2016,Jalgaon,Chalisgaon,Classified Banks,3
2016,Jalgaon,Chopda,Branch Offices of Classified Banks,32
2016,Jalgaon,Chopda,Classified Banks,3
2016,Jalgaon,Dharangaon,Branch Offices of Classified Banks,17
2016,Jalgaon,Dharangaon,Classified Banks,3
2016,Jalgaon,Erandol,Branch Offices of Classified Banks,17
2016,Jalgaon,Erandol,Classified Banks,4
2016,Jalgaon,Jalgaon,Branch Offices of Classified Banks,85
2016,Jalgaon,Jalgaon,Classified Banks,4
2016,Jalgaon,Jamner,Branch Offices of Classified Banks,37
2016,Jalgaon,Jamner,Classified Banks,4
2016,Jalgaon,Muktainagar (Edlabad),Branch Offices of Classified Banks,21
2016,Jalgaon,Muktainagar (Edlabad),Classified Banks,4
2016,Jalgaon,Pachora,Branch Offices of Classified Banks,42
2016,Jalgaon,Pachora,Classified Banks,4
2016,Jalgaon,Parola,Branch Offices of Classified Banks,21
2016,Jalgaon,Parola,Classified Banks,3
2016,Jalgaon,Raver,Branch Offices of Classified Banks,48
2016,Jalgaon,Raver,Classified Banks,4
2016,Jalgaon,Yawal,Branch Offices of Classified Banks,42
2016,Jalgaon,Yawal,Classified Banks,4
2016,Jalna,Ambad,Branch Offices of Classified Banks,30
2016,Jalna,Ambad,Classified Banks,11
2016,Jalna,Badnapur,Branch Offices of Classified Banks,17
2016,Jalna,Badnapur,Classified Banks,9
2016,Jalna,Bhokardan,Branch Offices of Classified Banks,31
2016,Jalna,Bhokardan,Classified Banks,13
2016,Jalna,Ghansawangi,Branch Offices of Classified Banks,17
2016,Jalna,Ghansawangi,Classified Banks,7
2016,Jalna,Jaffrabad,Branch Offices of Classified Banks,16
2016,Jalna,Jaffrabad,Classified Banks,7
2016,Jalna,Jalna,Branch Offices of Classified Banks,62
2016,Jalna,Jalna,Classified Banks,36
2016,Jalna,Mantha,Branch Offices of Classified Banks,10
2016,Jalna,Mantha,Classified Banks,6
2016,Jalna,Partur,Branch Offices of Classified Banks,21
2016,Jalna,Partur,Classified Banks,10
2016,Kolhapur,Ajara,Branch Offices of Classified Banks,22
2016,Kolhapur,Ajara,Classified Banks,8
2016,Kolhapur,Bhudargad,Branch Offices of Classified Banks,26
2016,Kolhapur,Bhudargad,Classified Banks,7
2016,Kolhapur,Chandgad,Branch Offices of Classified Banks,26
2016,Kolhapur,Chandgad,Classified Banks,8
2016,Kolhapur,Gadhinglaj,Branch Offices of Classified Banks,38
2016,Kolhapur,Gadhinglaj,Classified Banks,13
2016,Kolhapur,Gaganbavada,Branch Offices of Classified Banks,8
2016,Kolhapur,Gaganbavada,Classified Banks,3
2016,Kolhapur,Hatkanangale,Branch Offices of Classified Banks,86
2016,Kolhapur,Hatkanangale,Classified Banks,22
2016,Kolhapur,Kagal,Branch Offices of Classified Banks,41
2016,Kolhapur,Kagal,Classified Banks,17
2016,Kolhapur,Karveer,Branch Offices of Classified Banks,184
2016,Kolhapur,Karveer,Classified Banks,32
2016,Kolhapur,Panhala,Branch Offices of Classified Banks,39
2016,Kolhapur,Panhala,Classified Banks,8
2016,Kolhapur,Radhanagari,Branch Offices of Classified Banks,33
2016,Kolhapur,Radhanagari,Classified Banks,10
2016,Kolhapur,Shahuwadi,Branch Offices of Classified Banks,27
2016,Kolhapur,Shahuwadi,Classified Banks,9
2016,Kolhapur,Shirol,Branch Offices of Classified Banks,59
2016,Kolhapur,Shirol,Classified Banks,14
2016,Latur,Ahamadpur,Branch Offices of Classified Banks,23
2016,Latur,Ahamadpur,Classified Banks,7
2016,Latur,Aosa,Branch Offices of Classified Banks,28
2016,Latur,Aosa,Classified Banks,8
2016,Latur,Chakur,Branch Offices of Classified Banks,19
2016,Latur,Chakur,Classified Banks,5
2016,Latur,Devani,Branch Offices of Classified Banks,13
2016,Latur,Devani,Classified Banks,5
2016,Latur,Jalkot,Branch Offices of Classified Banks,8
2016,Latur,Jalkot,Classified Banks,5
2016,Latur,Latur,Branch Offices of Classified Banks,91
2016,Latur,Latur,Classified Banks,25
2016,Latur,Nilanga,Branch Offices of Classified Banks,27
2016,Latur,Nilanga,Classified Banks,6
2016,Latur,Renapur,Branch Offices of Classified Banks,16
2016,Latur,Renapur,Classified Banks,7
2016,Latur,Shirur-Anantpal,Branch Offices of Classified Banks,13
2016,Latur,Shirur-Anantpal,Classified Banks,5
2016,Latur,Udgir,Branch Offices of Classified Banks,36
2016,Latur,Udgir,Classified Banks,15
2016,Mumbai City,Mumbai City,Branch Offices of Classified Banks,888
2016,Mumbai City,Mumbai City,Classified Banks,37
2016,Mumbai Suburban,Adheri,Branch Offices of Classified Banks,1276
2016,Mumbai Suburban,Adheri,Classified Banks,42
2016,Nagpur,Bhiwapur,Branch Offices of Classified Banks,11
2016,Nagpur,Bhiwapur,Classified Banks,6
2016,Nagpur,Hingana,Branch Offices of Classified Banks,25
2016,Nagpur,Hingana,Classified Banks,14
2016,Nagpur,Kalameshwar,Branch Offices of Classified Banks,21
2016,Nagpur,Kalameshwar,Classified Banks,14
2016,Nagpur,Kamathi,Branch Offices of Classified Banks,28
2016,Nagpur,Kamathi,Classified Banks,13
2016,Nagpur,Katol,Branch Offices of Classified Banks,27
2016,Nagpur,Katol,Classified Banks,11
2016,Nagpur,Kuhi,Branch Offices of Classified Banks,15
2016,Nagpur,Kuhi,Classified Banks,7
2016,Nagpur,Mauda,Branch Offices of Classified Banks,24
2016,Nagpur,Mauda,Classified Banks,13
2016,Nagpur,Nagpur (Gra),Branch Offices of Classified Banks,55
2016,Nagpur,Nagpur (Gra),Classified Banks,17
2016,Nagpur,Nagpur (Sh),Branch Offices of Classified Banks,339
2016,Nagpur,Nagpur (Sh),Classified Banks,24
2016,Nagpur,Narkhed,Branch Offices of Classified Banks,21
2016,Nagpur,Narkhed,Classified Banks,8
2016,Nagpur,Parashivani,Branch Offices of Classified Banks,11
2016,Nagpur,Parashivani,Classified Banks,9
2016,Nagpur,Ramtech,Branch Offices of Classified Banks,20
2016,Nagpur,Ramtech,Classified Banks,10
2016,Nagpur,Sawner,Branch Offices of Classified Banks,29
2016,Nagpur,Sawner,Classified Banks,15
2016,Nagpur,Umred,Branch Offices of Classified Banks,29
2016,Nagpur,Umred,Classified Banks,14
2016,Nanded,Himalay nagar,Branch Offices of Classified Banks,5
2016,Nanded,Himalay nagar,Classified Banks,3
2016,Nanded,Kinvat,Branch Offices of Classified Banks,17
2016,Nanded,Kinvat,Classified Banks,5
2016,Nanded,Mahur,Branch Offices of Classified Banks,5
2016,Nanded,Mahur,Classified Banks,3
2016,Nanded,Mudkhed,Branch Offices of Classified Banks,11
2016,Nanded,Mudkhed,Classified Banks,5
2016,Nanded,Mukhed,Branch Offices of Classified Banks,21
2016,Nanded,Mukhed,Classified Banks,5
2016,Nanded,Nanded,Branch Offices of Classified Banks,83
2016,Nanded,Nanded,Classified Banks,30
2016,Nanded,andhrapur,Branch Offices of Classified Banks,11
2016,Nanded,andhrapur,Classified Banks,5
2016,Nanded,bhokar,Branch Offices of Classified Banks,10
2016,Nanded,bhokar,Classified Banks,6
2016,Nanded,biloli,Branch Offices of Classified Banks,16
2016,Nanded,biloli,Classified Banks,6
2016,Nanded,deglur,Branch Offices of Classified Banks,16
2016,Nanded,deglur,Classified Banks,8
2016,Nanded,dharmabad,Branch Offices of Classified Banks,8
2016,Nanded,dharmabad,Classified Banks,6
2016,Nanded,hadgaon,Branch Offices of Classified Banks,14
2016,Nanded,hadgaon,Classified Banks,5
2016,Nanded,kandhar,Branch Offices of Classified Banks,17
2016,Nanded,kandhar,Classified Banks,4
2016,Nanded,loha,Branch Offices of Classified Banks,15
2016,Nanded,loha,Classified Banks,7
2016,Nanded,naygaon,Branch Offices of Classified Banks,16
2016,Nanded,naygaon,Classified Banks,5
2016,Nanded,umari,Branch Offices of Classified Banks,6
2016,Nanded,umari,Classified Banks,5
2016,Nandurbar,Akkalkuva,Branch Offices of Classified Banks,6
2016,Nandurbar,Akkalkuva,Classified Banks,3
2016,Nandurbar,Akrani,Branch Offices of Classified Banks,3
2016,Nandurbar,Akrani,Classified Banks,2
2016,Nandurbar,Nandurbar,Branch Offices of Classified Banks,22
2016,Nandurbar,Nandurbar,Classified Banks,11
2016,Nandurbar,Navapur,Branch Offices of Classified Banks,9
2016,Nandurbar,Navapur,Classified Banks,5
2016,Nandurbar,Shahada,Branch Offices of Classified Banks,18
2016,Nandurbar,Shahada,Classified Banks,8
2016,Nandurbar,Taloda,Branch Offices of Classified Banks,6
2016,Nandurbar,Taloda,Classified Banks,3
2016,Nashik,Baglan,Branch Offices of Classified Banks,25
2016,Nashik,Baglan,Classified Banks,10
2016,Nashik,Chandwad,Branch Offices of Classified Banks,9
2016,Nashik,Chandwad,Classified Banks,3
2016,Nashik,Devala,Branch Offices of Classified Banks,6
2016,Nashik,Devala,Classified Banks,3
2016,Nashik,Dindori,Branch Offices of Classified Banks,29
2016,Nashik,Dindori,Classified Banks,15
2016,Nashik,Igatpuri,Branch Offices of Classified Banks,18
2016,Nashik,Igatpuri,Classified Banks,11
2016,Nashik,Kalwan,Branch Offices of Classified Banks,9
2016,Nashik,Kalwan,Classified Banks,3
2016,Nashik,Malegaon,Branch Offices of Classified Banks,35
2016,Nashik,Malegaon,Classified Banks,15
2016,Nashik,Nandgaon,Branch Offices of Classified Banks,14
2016,Nashik,Nandgaon,Classified Banks,9
2016,Nashik,Nashik,Branch Offices of Classified Banks,199
2016,Nashik,Nashik,Classified Banks,38
2016,Nashik,Nifad,Branch Offices of Classified Banks,50
2016,Nashik,Nifad,Classified Banks,18
2016,Nashik,Peth,Branch Offices of Classified Banks,6
2016,Nashik,Peth,Classified Banks,4
2016,Nashik,Sinner,Branch Offices of Classified Banks,27
2016,Nashik,Sinner,Classified Banks,17
2016,Nashik,Surgana,Branch Offices of Classified Banks,4
2016,Nashik,Surgana,Classified Banks,3
2016,Nashik,Trimbak,Branch Offices of Classified Banks,8
2016,Nashik,Trimbak,Classified Banks,5
2016,Nashik,Yewala,Branch Offices of Classified Banks,16
2016,Nashik,Yewala,Classified Banks,9
2016,Palghar,Dahanu,Branch Offices of Classified Banks,138
2016,Palghar,Dahanu,Classified Banks,27
2016,Palghar,Javhar,Branch Offices of Classified Banks,6
2016,Palghar,Javhar,Classified Banks,6
2016,Palghar,Mokhada,Branch Offices of Classified Banks,7
2016,Palghar,Mokhada,Classified Banks,7
2016,Palghar,Palghar,Branch Offices of Classified Banks,5
2016,Palghar,Palghar,Classified Banks,5
2016,Palghar,Talasari,Branch Offices of Classified Banks,63
2016,Palghar,Talasari,Classified Banks,22
2016,Palghar,Vasai,Branch Offices of Classified Banks,23
2016,Palghar,Vasai,Classified Banks,16
2016,Palghar,Vikramgad,Branch Offices of Classified Banks,37
2016,Palghar,Vikramgad,Classified Banks,16
2016,Palghar,Wada,Branch Offices of Classified Banks,9
2016,Palghar,Wada,Classified Banks,7
2016,Parbhani,Gangakhed,Branch Offices of Classified Banks,14
2016,Parbhani,Gangakhed,Classified Banks,7
2016,Parbhani,Jintur,Branch Offices of Classified Banks,15
2016,Parbhani,Jintur,Classified Banks,3
2016,Parbhani,Manvat,Branch Offices of Classified Banks,13
2016,Parbhani,Manvat,Classified Banks,6
2016,Parbhani,Palam,Branch Offices of Classified Banks,9
2016,Parbhani,Palam,Classified Banks,4
2016,Parbhani,Parbhani,Branch Offices of Classified Banks,56
2016,Parbhani,Parbhani,Classified Banks,21
2016,Parbhani,Pathari,Branch Offices of Classified Banks,9
2016,Parbhani,Pathari,Classified Banks,5
2016,Parbhani,Purna,Branch Offices of Classified Banks,18
2016,Parbhani,Purna,Classified Banks,5
2016,Parbhani,Selu,Branch Offices of Classified Banks,16
2016,Parbhani,Selu,Classified Banks,8
2016,Parbhani,Sonpeth,Branch Offices of Classified Banks,10
2016,Parbhani,Sonpeth,Classified Banks,4
2016,Pune,Aambegaon,Branch Offices of Classified Banks,41
2016,Pune,Aambegaon,Classified Banks,10
2016,Pune,Baramati,Branch Offices of Classified Banks,80
2016,Pune,Baramati,Classified Banks,22
2016,Pune,Bhor,Branch Offices of Classified Banks,80
2016,Pune,Bhor,Classified Banks,22
2016,Pune,Daund,Branch Offices of Classified Banks,60
2016,Pune,Daund,Classified Banks,15
2016,Pune,Haveli,Branch Offices of Classified Banks,107
2016,Pune,Haveli,Classified Banks,38
2016,Pune,Indapur,Branch Offices of Classified Banks,61
2016,Pune,Indapur,Classified Banks,14
2016,Pune,Junnar,Branch Offices of Classified Banks,54
2016,Pune,Junnar,Classified Banks,13
2016,Pune,Khed,Branch Offices of Classified Banks,94
2016,Pune,Khed,Classified Banks,25
2016,Pune,Maval,Branch Offices of Classified Banks,62
2016,Pune,Maval,Classified Banks,20
2016,Pune,Mulashi,Branch Offices of Classified Banks,59
2016,Pune,Mulashi,Classified Banks,19
2016,Pune,Pune City,Branch Offices of Classified Banks,867
2016,Pune,Pune City,Classified Banks,30
2016,Pune,Purandar,Branch Offices of Classified Banks,30
2016,Pune,Purandar,Classified Banks,10
2016,Pune,Shirur,Branch Offices of Classified Banks,74
2016,Pune,Shirur,Classified Banks,17
2016,Pune,Welhe,Branch Offices of Classified Banks,11
2016,Pune,Welhe,Classified Banks,3
2016,Raigad,Panwel,Branch Offices of Classified Banks,133
2016,Raigad,Panwel,Classified Banks,25
2016,Raigad,Uran,Branch Offices of Classified Banks,29
2016,Raigad,Uran,Classified Banks,13
2016,Raigad,alibag,Branch Offices of Classified Banks,45
2016,Raigad,alibag,Classified Banks,15
2016,Raigad,karjat,Branch Offices of Classified Banks,30
2016,Raigad,karjat,Classified Banks,14
2016,Raigad,khalapur,Branch Offices of Classified Banks,32
2016,Raigad,khalapur,Classified Banks,14
2016,Raigad,mahad,Branch Offices of Classified Banks,20
2016,Raigad,mahad,Classified Banks,10
2016,Raigad,mangaon,Branch Offices of Classified Banks,31
2016,Raigad,mangaon,Classified Banks,10
2016,Raigad,mhasala,Branch Offices of Classified Banks,8
2016,Raigad,mhasala,Classified Banks,3
2016,Raigad,murud,Branch Offices of Classified Banks,13
2016,Raigad,murud,Classified Banks,4
2016,Raigad,pen,Branch Offices of Classified Banks,31
2016,Raigad,pen,Classified Banks,13
2016,Raigad,poladpur,Branch Offices of Classified Banks,8
2016,Raigad,poladpur,Classified Banks,6
2016,Raigad,roha,Branch Offices of Classified Banks,23
2016,Raigad,roha,Classified Banks,11
2016,Raigad,shreevardhan,Branch Offices of Classified Banks,14
2016,Raigad,shreevardhan,Classified Banks,6
2016,Raigad,sudhagad,Branch Offices of Classified Banks,7
2016,Raigad,sudhagad,Classified Banks,5
2016,Raigad,tala,Branch Offices of Classified Banks,3
2016,Raigad,tala,Classified Banks,3
2016,Ratnagiri,Chiplun,Branch Offices of Classified Banks,53
2016,Ratnagiri,Chiplun,Classified Banks,23
2016,Ratnagiri,Dapoli,Branch Offices of Classified Banks,31
2016,Ratnagiri,Dapoli,Classified Banks,11
2016,Ratnagiri,Guhagar,Branch Offices of Classified Banks,20
2016,Ratnagiri,Guhagar,Classified Banks,9
2016,Ratnagiri,Khed,Branch Offices of Classified Banks,35
2016,Ratnagiri,Khed,Classified Banks,14
2016,Ratnagiri,Lanja,Branch Offices of Classified Banks,18
2016,Ratnagiri,Lanja,Classified Banks,7
2016,Ratnagiri,Mandangad,Branch Offices of Classified Banks,16
2016,Ratnagiri,Mandangad,Classified Banks,5
2016,Ratnagiri,Rajapur,Branch Offices of Classified Banks,29
2016,Ratnagiri,Rajapur,Classified Banks,9
2016,Ratnagiri,Ratnagiri,Branch Offices of Classified Banks,82
2016,Ratnagiri,Ratnagiri,Classified Banks,31
2016,Ratnagiri,Sangameshwar,Branch Offices of Classified Banks,25
2016,Ratnagiri,Sangameshwar,Classified Banks,7
2016,Sangli,Atpadi,Branch Offices of Classified Banks,9
2016,Sangli,Atpadi,Classified Banks,6
2016,Sangli,Jat,Branch Offices of Classified Banks,19
2016,Sangli,Jat,Classified Banks,6
2016,Sangli,Kadegaon,Branch Offices of Classified Banks,7
2016,Sangli,Kadegaon,Classified Banks,5
2016,Sangli,Kavathe Mahakal,Branch Offices of Classified Banks,10
2016,Sangli,Kavathe Mahakal,Classified Banks,6
2016,Sangli,Khanapur,Branch Offices of Classified Banks,12
2016,Sangli,Khanapur,Classified Banks,10
2016,Sangli,Miraj,Branch Offices of Classified Banks,105
2016,Sangli,Miraj,Classified Banks,29
2016,Sangli,Palus,Branch Offices of Classified Banks,19
2016,Sangli,Palus,Classified Banks,12
2016,Sangli,Shirala,Branch Offices of Classified Banks,10
2016,Sangli,Shirala,Classified Banks,5
2016,Sangli,Tasgaon,Branch Offices of Classified Banks,23
2016,Sangli,Tasgaon,Classified Banks,13
2016,Sangli,Walwa,Branch Offices of Classified Banks,40
2016,Sangli,Walwa,Classified Banks,13
2016,Satara,Javli,Branch Offices of Classified Banks,7
2016,Satara,Javli,Classified Banks,3
2016,Satara,Karad,Branch Offices of Classified Banks,57
2016,Satara,Karad,Classified Banks,20
2016,Satara,Khandala,Branch Offices of Classified Banks,25
2016,Satara,Khandala,Classified Banks,10
2016,Satara,Khatav,Branch Offices of Classified Banks,23
2016,Satara,Khatav,Classified Banks,5
2016,Satara,Koregaon,Branch Offices of Classified Banks,22
2016,Satara,Koregaon,Classified Banks,6
2016,Satara,Mahableshwar,Branch Offices of Classified Banks,10
2016,Satara,Mahableshwar,Classified Banks,4
2016,Satara,Man,Branch Offices of Classified Banks,18
2016,Satara,Man,Classified Banks,6
2016,Satara,Patan,Branch Offices of Classified Banks,13
2016,Satara,Patan,Classified Banks,4
2016,Satara,Phaltan,Branch Offices of Classified Banks,26
2016,Satara,Phaltan,Classified Banks,11
2016,Satara,Satara,Branch Offices of Classified Banks,64
2016,Satara,Satara,Classified Banks,24
2016,Satara,Wai,Branch Offices of Classified Banks,20
2016,Satara,Wai,Classified Banks,11
2016,Sindhudurg,Devgad,Branch Offices of Classified Banks,17
2016,Sindhudurg,Devgad,Classified Banks,7
2016,Sindhudurg,Dodamarg,Branch Offices of Classified Banks,7
2016,Sindhudurg,Dodamarg,Classified Banks,4
2016,Sindhudurg,Kankavali,Branch Offices of Classified Banks,23
2016,Sindhudurg,Kankavali,Classified Banks,11
2016,Sindhudurg,Kudal,Branch Offices of Classified Banks,31
2016,Sindhudurg,Kudal,Classified Banks,14
2016,Sindhudurg,Malvan,Branch Offices of Classified Banks,17
2016,Sindhudurg,Malvan,Classified Banks,7
2016,Sindhudurg,Sawantwadi,Branch Offices of Classified Banks,23
2016,Sindhudurg,Sawantwadi,Classified Banks,14
2016,Sindhudurg,Vaibhavwadi,Branch Offices of Classified Banks,4
2016,Sindhudurg,Vaibhavwadi,Classified Banks,5
2016,Sindhudurg,Vengurla,Branch Offices of Classified Banks,15
2016,Sindhudurg,Vengurla,Classified Banks,6
2016,Solapur,Akkalkot,Branch Offices of Classified Banks,33
2016,Solapur,Akkalkot,Classified Banks,8
2016,Solapur,Barshi,Branch Offices of Classified Banks,55
2016,Solapur,Barshi,Classified Banks,14
2016,Solapur,Karmala,Branch Offices of Classified Banks,28
2016,Solapur,Karmala,Classified Banks,7
2016,Solapur,Madha,Branch Offices of Classified Banks,49
2016,Solapur,Madha,Classified Banks,10
2016,Solapur,Malshiras,Branch Offices of Classified Banks,70
2016,Solapur,Malshiras,Classified Banks,12
2016,Solapur,Mangalvedha,Branch Offices of Classified Banks,28
2016,Solapur,Mangalvedha,Classified Banks,6
2016,Solapur,Mohol,Branch Offices of Classified Banks,39
2016,Solapur,Mohol,Classified Banks,7
2016,Solapur,North Solapur,Branch Offices of Classified Banks,103
2016,Solapur,North Solapur,Classified Banks,32
2016,Solapur,Pandharpur,Branch Offices of Classified Banks,55
2016,Solapur,Pandharpur,Classified Banks,16
2016,Solapur,Sangola,Branch Offices of Classified Banks,39
2016,Solapur,Sangola,Classified Banks,9
2016,Solapur,South Solapur,Branch Offices of Classified Banks,31
2016,Solapur,South Solapur,Classified Banks,5
2016,Thane,Ambarnath,Branch Offices of Classified Banks,51
2016,Thane,Ambarnath,Classified Banks,23
2016,Thane,Bhivandi,Branch Offices of Classified Banks,59
2016,Thane,Bhivandi,Classified Banks,19
2016,Thane,Kalyan,Branch Offices of Classified Banks,139
2016,Thane,Kalyan,Classified Banks,26
2016,Thane,Murbad,Branch Offices of Classified Banks,20
2016,Thane,Murbad,Classified Banks,10
2016,Thane,Shahapur,Branch Offices of Classified Banks,28
2016,Thane,Shahapur,Classified Banks,17
2016,Thane,Thane,Branch Offices of Classified Banks,511
2016,Thane,Thane,Classified Banks,34
2016,Thane,Ulhasnagar,Branch Offices of Classified Banks,47
2016,Thane,Ulhasnagar,Classified Banks,24
2016,Wardha,Aarvi,Branch Offices of Classified Banks,18
2016,Wardha,Aarvi,Classified Banks,8
2016,Wardha,Ashti,Branch Offices of Classified Banks,7
2016,Wardha,Ashti,Classified Banks,3
2016,Wardha,Devali,Branch Offices of Classified Banks,17
2016,Wardha,Devali,Classified Banks,9
2016,Wardha,Hinganghat,Branch Offices of Classified Banks,19
2016,Wardha,Hinganghat,Classified Banks,12
2016,Wardha,Karanja,Branch Offices of Classified Banks,9
2016,Wardha,Karanja,Classified Banks,4
2016,Wardha,Samudrapur,Branch Offices of Classified Banks,11
2016,Wardha,Samudrapur,Classified Banks,10
2016,Wardha,Selu,Branch Offices of Classified Banks,13
2016,Wardha,Selu,Classified Banks,8
2016,Wardha,Wardha,Branch Offices of Classified Banks,46
2016,Wardha,Wardha,Classified Banks,22
2016,Washim,Karanja,Branch Offices of Classified Banks,23
2016,Washim,Karanja,Classified Banks,10
2016,Washim,Malegaon,Branch Offices of Classified Banks,15
2016,Washim,Malegaon,Classified Banks,6
2016,Washim,Mangrulpir,Branch Offices of Classified Banks,15
2016,Washim,Mangrulpir,Classified Banks,5
2016,Washim,Manora,Branch Offices of Classified Banks,19
2016,Washim,Manora,Classified Banks,7
2016,Washim,Resod,Branch Offices of Classified Banks,11
2016,Washim,Resod,Classified Banks,5
2016,Washim,Washim,Branch Offices of Classified Banks,34
2016,Washim,Washim,Classified Banks,19
2016,Yavatmal,Aarni,Branch Offices of Classified Banks,17
2016,Yavatmal,Aarni,Classified Banks,7
2016,Yavatmal,Babhulgaon,Branch Offices of Classified Banks,11
2016,Yavatmal,Babhulgaon,Classified Banks,6
2016,Yavatmal,Darvha,Branch Offices of Classified Banks,17
2016,Yavatmal,Darvha,Classified Banks,5
2016,Yavatmal,Digras,Branch Offices of Classified Banks,11
2016,Yavatmal,Digras,Classified Banks,7
2016,Yavatmal,Ghantaji,Branch Offices of Classified Banks,13
2016,Yavatmal,Ghantaji,Classified Banks,4
2016,Yavatmal,Kalamb,Branch Offices of Classified Banks,10
2016,Yavatmal,Kalamb,Classified Banks,5
2016,Yavatmal,Kelapur,Branch Offices of Classified Banks,17
2016,Yavatmal,Kelapur,Classified Banks,6
2016,Yavatmal,Mahagaon,Branch Offices of Classified Banks,12
2016,Yavatmal,Mahagaon,Classified Banks,5
2016,Yavatmal,Maregaon,Branch Offices of Classified Banks,7
2016,Yavatmal,Maregaon,Classified Banks,5
2016,Yavatmal,Ner,Branch Offices of Classified Banks,11
2016,Yavatmal,Ner,Classified Banks,6
2016,Yavatmal,Pusad,Branch Offices of Classified Banks,19
2016,Yavatmal,Pusad,Classified Banks,12
2016,Yavatmal,Ralegaon,Branch Offices of Classified Banks,14
2016,Yavatmal,Ralegaon,Classified Banks,6
2016,Yavatmal,Umarkhed,Branch Offices of Classified Banks,17
2016,Yavatmal,Umarkhed,Classified Banks,6
2016,Yavatmal,Vani,Branch Offices of Classified Banks,33
2016,Yavatmal,Vani,Classified Banks,15
2016,Yavatmal,Yavatmal,Branch Offices of Classified Banks,45
2016,Yavatmal,Yavatmal,Classified Banks,21
2016,Yavatmal,Zari Jamani,Branch Offices of Classified Banks,11
2016,Yavatmal,Zari Jamani,Classified Banks,5
2017,Ahilyanagar,Akole,Branch Offices of Classified Banks,35
2017,Ahilyanagar,Akole,Classified Banks,6
2017,Ahilyanagar,Jamkhed,Branch Offices of Classified Banks,20
2017,Ahilyanagar,Jamkhed,Classified Banks,7
2017,Ahilyanagar,Karjat,Branch Offices of Classified Banks,27
2017,Ahilyanagar,Karjat,Classified Banks,7
2017,Ahilyanagar,Kopargaon,Branch Offices of Classified Banks,40
2017,Ahilyanagar,Kopargaon,Classified Banks,13
2017,Ahilyanagar,Nagar,Branch Offices of Classified Banks,110
2017,Ahilyanagar,Nagar,Classified Banks,31
2017,Ahilyanagar,Nevasa,Branch Offices of Classified Banks,34
2017,Ahilyanagar,Nevasa,Classified Banks,9
2017,Ahilyanagar,Parner,Branch Offices of Classified Banks,45
2017,Ahilyanagar,Parner,Classified Banks,8
2017,Ahilyanagar,Pathardi,Branch Offices of Classified Banks,26
2017,Ahilyanagar,Pathardi,Classified Banks,9
2017,Ahilyanagar,Rahata,Branch Offices of Classified Banks,54
2017,Ahilyanagar,Rahata,Classified Banks,25
2017,Ahilyanagar,Rahuri,Branch Offices of Classified Banks,43
2017,Ahilyanagar,Rahuri,Classified Banks,11
2017,Ahilyanagar,Sangamner,Branch Offices of Classified Banks,73
2017,Ahilyanagar,Sangamner,Classified Banks,22
2017,Ahilyanagar,Shevgaon,Branch Offices of Classified Banks,26
2017,Ahilyanagar,Shevgaon,Classified Banks,6
2017,Ahilyanagar,Srigonda,Branch Offices of Classified Banks,42
2017,Ahilyanagar,Srigonda,Classified Banks,13
2017,Ahilyanagar,Srirampur,Branch Offices of Classified Banks,35
2017,Ahilyanagar,Srirampur,Classified Banks,16
2017,Akola,Akola,Branch Offices of Classified Banks,102
2017,Akola,Akola,Classified Banks,68
2017,Akola,Akot,Branch Offices of Classified Banks,33
2017,Akola,Akot,Classified Banks,19
2017,Akola,Balapur,Branch Offices of Classified Banks,21
2017,Akola,Balapur,Classified Banks,14
2017,Akola,Barshitakali,Branch Offices of Classified Banks,9
2017,Akola,Barshitakali,Classified Banks,8
2017,Akola,Murtijapur,Branch Offices of Classified Banks,21
2017,Akola,Murtijapur,Classified Banks,15
2017,Akola,Patur,Branch Offices of Classified Banks,12
2017,Akola,Patur,Classified Banks,7
2017,Akola,Telhara,Branch Offices of Classified Banks,20
2017,Akola,Telhara,Classified Banks,12
2017,Amravati,Achalpur,Branch Offices of Classified Banks,30
2017,Amravati,Achalpur,Classified Banks,14
2017,Amravati,Amravati,Branch Offices of Classified Banks,110
2017,Amravati,Amravati,Classified Banks,27
2017,Amravati,Anjangaon Su,Branch Offices of Classified Banks,18
2017,Amravati,Anjangaon Su,Classified Banks,9
2017,Amravati,Bhatkuli,Branch Offices of Classified Banks,13
2017,Amravati,Bhatkuli,Classified Banks,5
2017,Amravati,Chandur Railway,Branch Offices of Classified Banks,12
2017,Amravati,Chandur Railway,Classified Banks,5
2017,Amravati,Chandurbazar,Branch Offices of Classified Banks,22
2017,Amravati,Chandurbazar,Classified Banks,9
2017,Amravati,Chikhraldara,Branch Offices of Classified Banks,7
2017,Amravati,Chikhraldara,Classified Banks,5
2017,Amravati,Daryapur,Branch Offices of Classified Banks,20
2017,Amravati,Daryapur,Classified Banks,6
2017,Amravati,Dhamangaon Re,Branch Offices of Classified Banks,17
2017,Amravati,Dhamangaon Re,Classified Banks,7
2017,Amravati,Dharani,Branch Offices of Classified Banks,9
2017,Amravati,Dharani,Classified Banks,4
2017,Amravati,Morshi,Branch Offices of Classified Banks,24
2017,Amravati,Morshi,Classified Banks,7
2017,Amravati,Nandgaon Kh,Branch Offices of Classified Banks,15
2017,Amravati,Nandgaon Kh,Classified Banks,7
2017,Amravati,Tivas,Branch Offices of Classified Banks,17
2017,Amravati,Tivas,Classified Banks,8
2017,Amravati,Warud,Branch Offices of Classified Banks,29
2017,Amravati,Warud,Classified Banks,12
2017,Beed,Ambajogai,Branch Offices of Classified Banks,25
2017,Beed,Ambajogai,Classified Banks,9
2017,Beed,Ashti,Branch Offices of Classified Banks,22
2017,Beed,Ashti,Classified Banks,4
2017,Beed,Beed,Branch Offices of Classified Banks,46
2017,Beed,Beed,Classified Banks,16
2017,Beed,Cage,Branch Offices of Classified Banks,21
2017,Beed,Cage,Classified Banks,5
2017,Beed,Dharur,Branch Offices of Classified Banks,7
2017,Beed,Dharur,Classified Banks,5
2017,Beed,Gevrai,Branch Offices of Classified Banks,25
2017,Beed,Gevrai,Classified Banks,6
2017,Beed,Majalgaon,Branch Offices of Classified Banks,17
2017,Beed,Majalgaon,Classified Banks,4
2017,Beed,Parli,Branch Offices of Classified Banks,18
2017,Beed,Parli,Classified Banks,7
2017,Beed,Patoda,Branch Offices of Classified Banks,8
2017,Beed,Patoda,Classified Banks,3
2017,Beed,Shirur Kasar,Branch Offices of Classified Banks,8
2017,Beed,Shirur Kasar,Classified Banks,3
2017,Beed,Wadwani,Branch Offices of Classified Banks,6
2017,Beed,Wadwani,Classified Banks,3
2017,Bhandara,Bhandara,Branch Offices of Classified Banks,40
2017,Bhandara,Bhandara,Classified Banks,21
2017,Bhandara,Lakhandur,Branch Offices of Classified Banks,7
2017,Bhandara,Lakhandur,Classified Banks,3
2017,Bhandara,Lakhani,Branch Offices of Classified Banks,10
2017,Bhandara,Lakhani,Classified Banks,4
2017,Bhandara,Mohadi,Branch Offices of Classified Banks,12
2017,Bhandara,Mohadi,Classified Banks,7
2017,Bhandara,Pavani,Branch Offices of Classified Banks,11
2017,Bhandara,Pavani,Classified Banks,6
2017,Bhandara,Sakoli,Branch Offices of Classified Banks,13
2017,Bhandara,Sakoli,Classified Banks,8
2017,Bhandara,Tumsar,Branch Offices of Classified Banks,20
2017,Bhandara,Tumsar,Classified Banks,12
2017,Buldhana,Buldana,Branch Offices of Classified Banks,32
2017,Buldhana,Buldana,Classified Banks,15
2017,Buldhana,Chikhali,Branch Offices of Classified Banks,26
2017,Buldhana,Chikhali,Classified Banks,9
2017,Buldhana,Deulgaon Raja,Branch Offices of Classified Banks,11
2017,Buldhana,Deulgaon Raja,Classified Banks,6
2017,Buldhana,Jalgaon Jamod,Branch Offices of Classified Banks,13
2017,Buldhana,Jalgaon Jamod,Classified Banks,5
2017,Buldhana,Khamgaon,Branch Offices of Classified Banks,32
2017,Buldhana,Khamgaon,Classified Banks,18
2017,Buldhana,Lonar,Branch Offices of Classified Banks,10
2017,Buldhana,Lonar,Classified Banks,4
2017,Buldhana,Malkapur,Branch Offices of Classified Banks,15
2017,Buldhana,Malkapur,Classified Banks,10
2017,Buldhana,Mehkar,Branch Offices of Classified Banks,20
2017,Buldhana,Mehkar,Classified Banks,7
2017,Buldhana,Motala,Branch Offices of Classified Banks,15
2017,Buldhana,Motala,Classified Banks,5
2017,Buldhana,Nandura,Branch Offices of Classified Banks,15
2017,Buldhana,Nandura,Classified Banks,7
2017,Buldhana,Sangrampur,Branch Offices of Classified Banks,12
2017,Buldhana,Sangrampur,Classified Banks,6
2017,Buldhana,Shegaon,Branch Offices of Classified Banks,16
2017,Buldhana,Shegaon,Classified Banks,9
2017,Buldhana,Sindkhed Raja,Branch Offices of Classified Banks,13
2017,Buldhana,Sindkhed Raja,Classified Banks,4
2017,Chandrapur,Ballarpur,Branch Offices of Classified Banks,16
2017,Chandrapur,Ballarpur,Classified Banks,11
2017,Chandrapur,Bhadravati,Branch Offices of Classified Banks,28
2017,Chandrapur,Bhadravati,Classified Banks,12
2017,Chandrapur,Bramhapuri,Branch Offices of Classified Banks,25
2017,Chandrapur,Bramhapuri,Classified Banks,12
2017,Chandrapur,Chandrapur,Branch Offices of Classified Banks,72
2017,Chandrapur,Chandrapur,Classified Banks,25
2017,Chandrapur,Chimur,Branch Offices of Classified Banks,16
2017,Chandrapur,Chimur,Classified Banks,5
2017,Chandrapur,Gondpipari,Branch Offices of Classified Banks,12
2017,Chandrapur,Gondpipari,Classified Banks,3
2017,Chandrapur,Jivati,Branch Offices of Classified Banks,4
2017,Chandrapur,Jivati,Classified Banks,3
2017,Chandrapur,Korpana,Branch Offices of Classified Banks,15
2017,Chandrapur,Korpana,Classified Banks,5
2017,Chandrapur,Mul,Branch Offices of Classified Banks,16
2017,Chandrapur,Mul,Classified Banks,8
2017,Chandrapur,Nagbhid,Branch Offices of Classified Banks,16
2017,Chandrapur,Nagbhid,Classified Banks,6
2017,Chandrapur,Ponbhurna,Branch Offices of Classified Banks,3
2017,Chandrapur,Ponbhurna,Classified Banks,2
2017,Chandrapur,Rajura,Branch Offices of Classified Banks,13
2017,Chandrapur,Rajura,Classified Banks,8
2017,Chandrapur,Savali,Branch Offices of Classified Banks,10
2017,Chandrapur,Savali,Classified Banks,4
2017,Chandrapur,Sindevahi,Branch Offices of Classified Banks,12
2017,Chandrapur,Sindevahi,Classified Banks,5
2017,Chandrapur,Varora,Branch Offices of Classified Banks,28
2017,Chandrapur,Varora,Classified Banks,13
2017,Chhatrapati Sambhajinagar,Chhatrapati Sambhaji Nagar,Branch Offices of Classified Banks,169
2017,Chhatrapati Sambhajinagar,Chhatrapati Sambhaji Nagar,Classified Banks,41
2017,Chhatrapati Sambhajinagar,Gangapur,Branch Offices of Classified Banks,25
2017,Chhatrapati Sambhajinagar,Gangapur,Classified Banks,12
2017,Chhatrapati Sambhajinagar,Kannad,Branch Offices of Classified Banks,19
2017,Chhatrapati Sambhajinagar,Kannad,Classified Banks,8
2017,Chhatrapati Sambhajinagar,Khultabad,Branch Offices of Classified Banks,7
2017,Chhatrapati Sambhajinagar,Khultabad,Classified Banks,4
2017,Chhatrapati Sambhajinagar,Paithan,Branch Offices of Classified Banks,31
2017,Chhatrapati Sambhajinagar,Paithan,Classified Banks,13
2017,Chhatrapati Sambhajinagar,Phulambri,Branch Offices of Classified Banks,7
2017,Chhatrapati Sambhajinagar,Phulambri,Classified Banks,5
2017,Chhatrapati Sambhajinagar,Sillod,Branch Offices of Classified Banks,22
2017,Chhatrapati Sambhajinagar,Sillod,Classified Banks,12
2017,Chhatrapati Sambhajinagar,Soyegaon,Branch Offices of Classified Banks,6
2017,Chhatrapati Sambhajinagar,Soyegaon,Classified Banks,2
2017,Chhatrapati Sambhajinagar,Vaijapur,Branch Offices of Classified Banks,15
2017,Chhatrapati Sambhajinagar,Vaijapur,Classified Banks,7
2017,Dharashiv,Bhum,Branch Offices of Classified Banks,15
2017,Dharashiv,Bhum,Classified Banks,6
2017,Dharashiv,Dharashiv,Branch Offices of Classified Banks,50
2017,Dharashiv,Dharashiv,Classified Banks,18
2017,Dharashiv,Kalamb,Branch Offices of Classified Banks,26
2017,Dharashiv,Kalamb,Classified Banks,7
2017,Dharashiv,Lohara,Branch Offices of Classified Banks,18
2017,Dharashiv,Lohara,Classified Banks,5
2017,Dharashiv,Paranda,Branch Offices of Classified Banks,17
2017,Dharashiv,Paranda,Classified Banks,5
2017,Dharashiv,Tuljapur,Branch Offices of Classified Banks,30
2017,Dharashiv,Tuljapur,Classified Banks,8
2017,Dharashiv,Umaraga,Branch Offices of Classified Banks,31
2017,Dharashiv,Umaraga,Classified Banks,7
2017,Dharashiv,Washi,Branch Offices of Classified Banks,11
2017,Dharashiv,Washi,Classified Banks,4
2017,Dhule,Dhule,Branch Offices of Classified Banks,54
2017,Dhule,Dhule,Classified Banks,20
2017,Dhule,Sakri,Branch Offices of Classified Banks,18
2017,Dhule,Sakri,Classified Banks,8
2017,Dhule,Shindkheda,Branch Offices of Classified Banks,18
2017,Dhule,Shindkheda,Classified Banks,9
2017,Dhule,Shirpur,Branch Offices of Classified Banks,23
2017,Dhule,Shirpur,Classified Banks,13
2017,Gadchiroli,Aheri,Branch Offices of Classified Banks,12
2017,Gadchiroli,Aheri,Classified Banks,5
2017,Gadchiroli,Bhamragad,Branch Offices of Classified Banks,2
2017,Gadchiroli,Bhamragad,Classified Banks,2
2017,Gadchiroli,Chomoshi,Branch Offices of Classified Banks,17
2017,Gadchiroli,Chomoshi,Classified Banks,5
2017,Gadchiroli,Desaiganj,Branch Offices of Classified Banks,13
2017,Gadchiroli,Desaiganj,Classified Banks,6
2017,Gadchiroli,Dhanora,Branch Offices of Classified Banks,8
2017,Gadchiroli,Dhanora,Classified Banks,3
2017,Gadchiroli,Etapalli,Branch Offices of Classified Banks,4
2017,Gadchiroli,Etapalli,Classified Banks,3
2017,Gadchiroli,Gadchiroli,Branch Offices of Classified Banks,25
2017,Gadchiroli,Gadchiroli,Classified Banks,11
2017,Gadchiroli,Korachi,Branch Offices of Classified Banks,5
2017,Gadchiroli,Korachi,Classified Banks,3
2017,Gadchiroli,Kurkheda,Branch Offices of Classified Banks,10
2017,Gadchiroli,Kurkheda,Classified Banks,5
2017,Gadchiroli,Mulchera,Branch Offices of Classified Banks,4
2017,Gadchiroli,Mulchera,Classified Banks,3
2017,Gadchiroli,Sironcha,Branch Offices of Classified Banks,7
2017,Gadchiroli,Sironcha,Classified Banks,3
2017,Gadchiroli,rmori,Branch Offices of Classified Banks,13
2017,Gadchiroli,rmori,Classified Banks,5
2017,Gondia,Aamgaon,Branch Offices of Classified Banks,10
2017,Gondia,Aamgaon,Classified Banks,6
2017,Gondia,Arjuni Morgaon,Branch Offices of Classified Banks,14
2017,Gondia,Arjuni Morgaon,Classified Banks,7
2017,Gondia,Devari,Branch Offices of Classified Banks,10
2017,Gondia,Devari,Classified Banks,8
2017,Gondia,Gondia,Branch Offices of Classified Banks,53
2017,Gondia,Gondia,Classified Banks,22
2017,Gondia,Goregaon,Branch Offices of Classified Banks,8
2017,Gondia,Goregaon,Classified Banks,4
2017,Gondia,Sadak Arjuni,Branch Offices of Classified Banks,12
2017,Gondia,Sadak Arjuni,Classified Banks,5
2017,Gondia,Salekasa,Branch Offices of Classified Banks,5
2017,Gondia,Salekasa,Classified Banks,3
2017,Gondia,Tiroda,Branch Offices of Classified Banks,20
2017,Gondia,Tiroda,Classified Banks,12
2017,Hingoli,Aundha na,Branch Offices of Classified Banks,14
2017,Hingoli,Aundha na,Classified Banks,4
2017,Hingoli,Hingoli,Branch Offices of Classified Banks,36
2017,Hingoli,Hingoli,Classified Banks,20
2017,Hingoli,Kalamanuri,Branch Offices of Classified Banks,20
2017,Hingoli,Kalamanuri,Classified Banks,4
2017,Hingoli,Sengaon,Branch Offices of Classified Banks,16
2017,Hingoli,Sengaon,Classified Banks,4
2017,Hingoli,vasamat,Branch Offices of Classified Banks,25
2017,Hingoli,vasamat,Classified Banks,7
2017,Jalgaon,Amalner,Branch Offices of Classified Banks,31
2017,Jalgaon,Amalner,Classified Banks,3
2017,Jalgaon,Bhadgaon,Branch Offices of Classified Banks,22
2017,Jalgaon,Bhadgaon,Classified Banks,2
2017,Jalgaon,Bhusawal,Branch Offices of Classified Banks,41
2017,Jalgaon,Bhusawal,Classified Banks,4
2017,Jalgaon,Bodvad,Branch Offices of Classified Banks,33
2017,Jalgaon,Bodvad,Classified Banks,3
2017,Jalgaon,Chalisgaon,Branch Offices of Classified Banks,48
2017,Jalgaon,Chalisgaon,Classified Banks,3
2017,Jalgaon,Chopda,Branch Offices of Classified Banks,32
2017,Jalgaon,Chopda,Classified Banks,3
2017,Jalgaon,Dharangaon,Branch Offices of Classified Banks,17
2017,Jalgaon,Dharangaon,Classified Banks,3
2017,Jalgaon,Erandol,Branch Offices of Classified Banks,17
2017,Jalgaon,Erandol,Classified Banks,4
2017,Jalgaon,Jalgaon,Branch Offices of Classified Banks,91
2017,Jalgaon,Jalgaon,Classified Banks,4
2017,Jalgaon,Jamner,Branch Offices of Classified Banks,37
2017,Jalgaon,Jamner,Classified Banks,4
2017,Jalgaon,Muktainagar (Edlabad),Branch Offices of Classified Banks,22
2017,Jalgaon,Muktainagar (Edlabad),Classified Banks,4
2017,Jalgaon,Pachora,Branch Offices of Classified Banks,43
2017,Jalgaon,Pachora,Classified Banks,4
2017,Jalgaon,Parola,Branch Offices of Classified Banks,21
2017,Jalgaon,Parola,Classified Banks,3
2017,Jalgaon,Raver,Branch Offices of Classified Banks,49
2017,Jalgaon,Raver,Classified Banks,4
2017,Jalgaon,Yawal,Branch Offices of Classified Banks,42
2017,Jalgaon,Yawal,Classified Banks,4
2017,Jalna,Ambad,Branch Offices of Classified Banks,30
2017,Jalna,Ambad,Classified Banks,11
2017,Jalna,Badnapur,Branch Offices of Classified Banks,17
2017,Jalna,Badnapur,Classified Banks,9
2017,Jalna,Bhokardan,Branch Offices of Classified Banks,31
2017,Jalna,Bhokardan,Classified Banks,13
2017,Jalna,Ghansawangi,Branch Offices of Classified Banks,17
2017,Jalna,Ghansawangi,Classified Banks,7
2017,Jalna,Jaffrabad,Branch Offices of Classified Banks,16
2017,Jalna,Jaffrabad,Classified Banks,7
2017,Jalna,Jalna,Branch Offices of Classified Banks,62
2017,Jalna,Jalna,Classified Banks,36
2017,Jalna,Mantha,Branch Offices of Classified Banks,10
2017,Jalna,Mantha,Classified Banks,6
2017,Jalna,Partur,Branch Offices of Classified Banks,21
2017,Jalna,Partur,Classified Banks,10
2017,Kolhapur,Ajara,Branch Offices of Classified Banks,22
2017,Kolhapur,Ajara,Classified Banks,8
2017,Kolhapur,Bhudargad,Branch Offices of Classified Banks,26
2017,Kolhapur,Bhudargad,Classified Banks,7
2017,Kolhapur,Chandgad,Branch Offices of Classified Banks,26
2017,Kolhapur,Chandgad,Classified Banks,8
2017,Kolhapur,Gadhinglaj,Branch Offices of Classified Banks,38
2017,Kolhapur,Gadhinglaj,Classified Banks,13
2017,Kolhapur,Gaganbavada,Branch Offices of Classified Banks,8
2017,Kolhapur,Gaganbavada,Classified Banks,3
2017,Kolhapur,Hatkanangale,Branch Offices of Classified Banks,86
2017,Kolhapur,Hatkanangale,Classified Banks,22
2017,Kolhapur,Kagal,Branch Offices of Classified Banks,41
2017,Kolhapur,Kagal,Classified Banks,17
2017,Kolhapur,Karveer,Branch Offices of Classified Banks,184
2017,Kolhapur,Karveer,Classified Banks,32
2017,Kolhapur,Panhala,Branch Offices of Classified Banks,39
2017,Kolhapur,Panhala,Classified Banks,8
2017,Kolhapur,Radhanagari,Branch Offices of Classified Banks,33
2017,Kolhapur,Radhanagari,Classified Banks,10
2017,Kolhapur,Shahuwadi,Branch Offices of Classified Banks,27
2017,Kolhapur,Shahuwadi,Classified Banks,9
2017,Kolhapur,Shirol,Branch Offices of Classified Banks,59
2017,Kolhapur,Shirol,Classified Banks,14
2017,Latur,Ahamadpur,Branch Offices of Classified Banks,23
2017,Latur,Ahamadpur,Classified Banks,7
2017,Latur,Aosa,Branch Offices of Classified Banks,28
2017,Latur,Aosa,Classified Banks,8
2017,Latur,Chakur,Branch Offices of Classified Banks,19
2017,Latur,Chakur,Classified Banks,5
2017,Latur,Devani,Branch Offices of Classified Banks,13
2017,Latur,Devani,Classified Banks,5
2017,Latur,Jalkot,Branch Offices of Classified Banks,8
2017,Latur,Jalkot,Classified Banks,5
2017,Latur,Latur,Branch Offices of Classified Banks,91
2017,Latur,Latur,Classified Banks,25
2017,Latur,Nilanga,Branch Offices of Classified Banks,27
2017,Latur,Nilanga,Classified Banks,6
2017,Latur,Renapur,Branch Offices of Classified Banks,16
2017,Latur,Renapur,Classified Banks,7
2017,Latur,Shirur-Anantpal,Branch Offices of Classified Banks,13
2017,Latur,Shirur-Anantpal,Classified Banks,5
2017,Latur,Udgir,Branch Offices of Classified Banks,36
2017,Latur,Udgir,Classified Banks,15
2017,Mumbai City,Mumbai City,Branch Offices of Classified Banks,876
2017,Mumbai City,Mumbai City,Classified Banks,30
2017,Mumbai Suburban,Adheri,Branch Offices of Classified Banks,1245
2017,Mumbai Suburban,Adheri,Classified Banks,44
2017,Nagpur,Bhiwapur,Branch Offices of Classified Banks,11
2017,Nagpur,Bhiwapur,Classified Banks,6
2017,Nagpur,Hingana,Branch Offices of Classified Banks,25
2017,Nagpur,Hingana,Classified Banks,9
2017,Nagpur,Kalameshwar,Branch Offices of Classified Banks,21
2017,Nagpur,Kalameshwar,Classified Banks,11
2017,Nagpur,Kamathi,Branch Offices of Classified Banks,28
2017,Nagpur,Kamathi,Classified Banks,9
2017,Nagpur,Katol,Branch Offices of Classified Banks,27
2017,Nagpur,Katol,Classified Banks,9
2017,Nagpur,Kuhi,Branch Offices of Classified Banks,15
2017,Nagpur,Kuhi,Classified Banks,4
2017,Nagpur,Mauda,Branch Offices of Classified Banks,24
2017,Nagpur,Mauda,Classified Banks,10
2017,Nagpur,Nagpur (Gra),Branch Offices of Classified Banks,55
2017,Nagpur,Nagpur (Gra),Classified Banks,14
2017,Nagpur,Nagpur (Sh),Branch Offices of Classified Banks,339
2017,Nagpur,Nagpur (Sh),Classified Banks,24
2017,Nagpur,Narkhed,Branch Offices of Classified Banks,21
2017,Nagpur,Narkhed,Classified Banks,6
2017,Nagpur,Parashivani,Branch Offices of Classified Banks,11
2017,Nagpur,Parashivani,Classified Banks,8
2017,Nagpur,Ramtech,Branch Offices of Classified Banks,20
2017,Nagpur,Ramtech,Classified Banks,8
2017,Nagpur,Sawner,Branch Offices of Classified Banks,29
2017,Nagpur,Sawner,Classified Banks,11
2017,Nagpur,Umred,Branch Offices of Classified Banks,29
2017,Nagpur,Umred,Classified Banks,9
2017,Nanded,Himalay nagar,Branch Offices of Classified Banks,5
2017,Nanded,Himalay nagar,Classified Banks,3
2017,Nanded,Kinvat,Branch Offices of Classified Banks,15
2017,Nanded,Kinvat,Classified Banks,5
2017,Nanded,Mahur,Branch Offices of Classified Banks,5
2017,Nanded,Mahur,Classified Banks,3
2017,Nanded,Mudkhed,Branch Offices of Classified Banks,11
2017,Nanded,Mudkhed,Classified Banks,5
2017,Nanded,Mukhed,Branch Offices of Classified Banks,21
2017,Nanded,Mukhed,Classified Banks,5
2017,Nanded,Nanded,Branch Offices of Classified Banks,78
2017,Nanded,Nanded,Classified Banks,30
2017,Nanded,andhrapur,Branch Offices of Classified Banks,10
2017,Nanded,andhrapur,Classified Banks,5
2017,Nanded,bhokar,Branch Offices of Classified Banks,10
2017,Nanded,bhokar,Classified Banks,6
2017,Nanded,biloli,Branch Offices of Classified Banks,14
2017,Nanded,biloli,Classified Banks,6
2017,Nanded,deglur,Branch Offices of Classified Banks,16
2017,Nanded,deglur,Classified Banks,8
2017,Nanded,dharmabad,Branch Offices of Classified Banks,10
2017,Nanded,dharmabad,Classified Banks,6
2017,Nanded,hadgaon,Branch Offices of Classified Banks,13
2017,Nanded,hadgaon,Classified Banks,5
2017,Nanded,kandhar,Branch Offices of Classified Banks,18
2017,Nanded,kandhar,Classified Banks,4
2017,Nanded,loha,Branch Offices of Classified Banks,16
2017,Nanded,loha,Classified Banks,7
2017,Nanded,naygaon,Branch Offices of Classified Banks,16
2017,Nanded,naygaon,Classified Banks,5
2017,Nanded,umari,Branch Offices of Classified Banks,6
2017,Nanded,umari,Classified Banks,5
2017,Nandurbar,Akkalkuva,Branch Offices of Classified Banks,10
2017,Nandurbar,Akkalkuva,Classified Banks,5
2017,Nandurbar,Akrani,Branch Offices of Classified Banks,4
2017,Nandurbar,Akrani,Classified Banks,3
2017,Nandurbar,Nandurbar,Branch Offices of Classified Banks,35
2017,Nandurbar,Nandurbar,Classified Banks,15
2017,Nandurbar,Navapur,Branch Offices of Classified Banks,15
2017,Nandurbar,Navapur,Classified Banks,7
2017,Nandurbar,Shahada,Branch Offices of Classified Banks,34
2017,Nandurbar,Shahada,Classified Banks,12
2017,Nandurbar,Taloda,Branch Offices of Classified Banks,10
2017,Nandurbar,Taloda,Classified Banks,5
2017,Nashik,Baglan,Branch Offices of Classified Banks,25
2017,Nashik,Baglan,Classified Banks,8
2017,Nashik,Chandwad,Branch Offices of Classified Banks,10
2017,Nashik,Chandwad,Classified Banks,4
2017,Nashik,Devala,Branch Offices of Classified Banks,8
2017,Nashik,Devala,Classified Banks,4
2017,Nashik,Dindori,Branch Offices of Classified Banks,26
2017,Nashik,Dindori,Classified Banks,12
2017,Nashik,Igatpuri,Branch Offices of Classified Banks,14
2017,Nashik,Igatpuri,Classified Banks,8
2017,Nashik,Kalwan,Branch Offices of Classified Banks,11
2017,Nashik,Kalwan,Classified Banks,5
2017,Nashik,Malegaon,Branch Offices of Classified Banks,33
2017,Nashik,Malegaon,Classified Banks,12
2017,Nashik,Nandgaon,Branch Offices of Classified Banks,14
2017,Nashik,Nandgaon,Classified Banks,7
2017,Nashik,Nashik,Branch Offices of Classified Banks,162
2017,Nashik,Nashik,Classified Banks,21
2017,Nashik,Nifad,Branch Offices of Classified Banks,46
2017,Nashik,Nifad,Classified Banks,13
2017,Nashik,Peth,Branch Offices of Classified Banks,7
2017,Nashik,Peth,Classified Banks,4
2017,Nashik,Sinner,Branch Offices of Classified Banks,27
2017,Nashik,Sinner,Classified Banks,13
2017,Nashik,Surgana,Branch Offices of Classified Banks,4
2017,Nashik,Surgana,Classified Banks,3
2017,Nashik,Trimbak,Branch Offices of Classified Banks,7
2017,Nashik,Trimbak,Classified Banks,4
2017,Nashik,Yewala,Branch Offices of Classified Banks,12
2017,Nashik,Yewala,Classified Banks,5
2017,Palghar,Dahanu,Branch Offices of Classified Banks,36
2017,Palghar,Dahanu,Classified Banks,8
2017,Palghar,Javhar,Branch Offices of Classified Banks,5
2017,Palghar,Javhar,Classified Banks,3
2017,Palghar,Mokhada,Branch Offices of Classified Banks,8
2017,Palghar,Mokhada,Classified Banks,4
2017,Palghar,Palghar,Branch Offices of Classified Banks,64
2017,Palghar,Palghar,Classified Banks,6
2017,Palghar,Talasari,Branch Offices of Classified Banks,8
2017,Palghar,Talasari,Classified Banks,3
2017,Palghar,Vasai,Branch Offices of Classified Banks,148
2017,Palghar,Vasai,Classified Banks,11
2017,Palghar,Vikramgad,Branch Offices of Classified Banks,6
2017,Palghar,Vikramgad,Classified Banks,3
2017,Palghar,Wada,Branch Offices of Classified Banks,22
2017,Palghar,Wada,Classified Banks,6
2017,Parbhani,Gangakhed,Branch Offices of Classified Banks,14
2017,Parbhani,Gangakhed,Classified Banks,7
2017,Parbhani,Jintur,Branch Offices of Classified Banks,15
2017,Parbhani,Jintur,Classified Banks,3
2017,Parbhani,Manvat,Branch Offices of Classified Banks,13
2017,Parbhani,Manvat,Classified Banks,6
2017,Parbhani,Palam,Branch Offices of Classified Banks,8
2017,Parbhani,Palam,Classified Banks,3
2017,Parbhani,Parbhani,Branch Offices of Classified Banks,56
2017,Parbhani,Parbhani,Classified Banks,21
2017,Parbhani,Pathari,Branch Offices of Classified Banks,9
2017,Parbhani,Pathari,Classified Banks,5
2017,Parbhani,Purna,Branch Offices of Classified Banks,17
2017,Parbhani,Purna,Classified Banks,4
2017,Parbhani,Selu,Branch Offices of Classified Banks,16
2017,Parbhani,Selu,Classified Banks,8
2017,Parbhani,Sonpeth,Branch Offices of Classified Banks,9
2017,Parbhani,Sonpeth,Classified Banks,3
2017,Pune,Aambegaon,Branch Offices of Classified Banks,41
2017,Pune,Aambegaon,Classified Banks,10
2017,Pune,Baramati,Branch Offices of Classified Banks,80
2017,Pune,Baramati,Classified Banks,22
2017,Pune,Bhor,Branch Offices of Classified Banks,80
2017,Pune,Bhor,Classified Banks,22
2017,Pune,Daund,Branch Offices of Classified Banks,60
2017,Pune,Daund,Classified Banks,15
2017,Pune,Haveli,Branch Offices of Classified Banks,96
2017,Pune,Haveli,Classified Banks,38
2017,Pune,Indapur,Branch Offices of Classified Banks,61
2017,Pune,Indapur,Classified Banks,14
2017,Pune,Junnar,Branch Offices of Classified Banks,54
2017,Pune,Junnar,Classified Banks,13
2017,Pune,Khed,Branch Offices of Classified Banks,94
2017,Pune,Khed,Classified Banks,25
2017,Pune,Maval,Branch Offices of Classified Banks,62
2017,Pune,Maval,Classified Banks,20
2017,Pune,Mulashi,Branch Offices of Classified Banks,59
2017,Pune,Mulashi,Classified Banks,19
2017,Pune,Pune City,Branch Offices of Classified Banks,824
2017,Pune,Pune City,Classified Banks,30
2017,Pune,Purandar,Branch Offices of Classified Banks,30
2017,Pune,Purandar,Classified Banks,10
2017,Pune,Shirur,Branch Offices of Classified Banks,74
2017,Pune,Shirur,Classified Banks,17
2017,Pune,Welhe,Branch Offices of Classified Banks,11
2017,Pune,Welhe,Classified Banks,3
2017,Raigad,Panwel,Branch Offices of Classified Banks,145
2017,Raigad,Panwel,Classified Banks,27
2017,Raigad,Uran,Branch Offices of Classified Banks,29
2017,Raigad,Uran,Classified Banks,13
2017,Raigad,alibag,Branch Offices of Classified Banks,38
2017,Raigad,alibag,Classified Banks,14
2017,Raigad,karjat,Branch Offices of Classified Banks,28
2017,Raigad,karjat,Classified Banks,15
2017,Raigad,khalapur,Branch Offices of Classified Banks,26
2017,Raigad,khalapur,Classified Banks,14
2017,Raigad,mahad,Branch Offices of Classified Banks,18
2017,Raigad,mahad,Classified Banks,11
2017,Raigad,mangaon,Branch Offices of Classified Banks,29
2017,Raigad,mangaon,Classified Banks,10
2017,Raigad,mhasala,Branch Offices of Classified Banks,6
2017,Raigad,mhasala,Classified Banks,2
2017,Raigad,murud,Branch Offices of Classified Banks,8
2017,Raigad,murud,Classified Banks,4
2017,Raigad,pen,Branch Offices of Classified Banks,28
2017,Raigad,pen,Classified Banks,13
2017,Raigad,poladpur,Branch Offices of Classified Banks,9
2017,Raigad,poladpur,Classified Banks,6
2017,Raigad,roha,Branch Offices of Classified Banks,18
2017,Raigad,roha,Classified Banks,11
2017,Raigad,shreevardhan,Branch Offices of Classified Banks,12
2017,Raigad,shreevardhan,Classified Banks,5
2017,Raigad,sudhagad,Branch Offices of Classified Banks,5
2017,Raigad,sudhagad,Classified Banks,4
2017,Raigad,tala,Branch Offices of Classified Banks,2
2017,Raigad,tala,Classified Banks,2
2017,Ratnagiri,Chiplun,Branch Offices of Classified Banks,53
2017,Ratnagiri,Chiplun,Classified Banks,23
2017,Ratnagiri,Dapoli,Branch Offices of Classified Banks,31
2017,Ratnagiri,Dapoli,Classified Banks,11
2017,Ratnagiri,Guhagar,Branch Offices of Classified Banks,20
2017,Ratnagiri,Guhagar,Classified Banks,9
2017,Ratnagiri,Khed,Branch Offices of Classified Banks,35
2017,Ratnagiri,Khed,Classified Banks,14
2017,Ratnagiri,Lanja,Branch Offices of Classified Banks,18
2017,Ratnagiri,Lanja,Classified Banks,7
2017,Ratnagiri,Mandangad,Branch Offices of Classified Banks,16
2017,Ratnagiri,Mandangad,Classified Banks,5
2017,Ratnagiri,Rajapur,Branch Offices of Classified Banks,29
2017,Ratnagiri,Rajapur,Classified Banks,9
2017,Ratnagiri,Ratnagiri,Branch Offices of Classified Banks,82
2017,Ratnagiri,Ratnagiri,Classified Banks,31
2017,Ratnagiri,Sangameshwar,Branch Offices of Classified Banks,25
2017,Ratnagiri,Sangameshwar,Classified Banks,7
2017,Sangli,Atpadi,Branch Offices of Classified Banks,9
2017,Sangli,Atpadi,Classified Banks,6
2017,Sangli,Jat,Branch Offices of Classified Banks,19
2017,Sangli,Jat,Classified Banks,6
2017,Sangli,Kadegaon,Branch Offices of Classified Banks,7
2017,Sangli,Kadegaon,Classified Banks,5
2017,Sangli,Kavathe Mahakal,Branch Offices of Classified Banks,10
2017,Sangli,Kavathe Mahakal,Classified Banks,6
2017,Sangli,Khanapur,Branch Offices of Classified Banks,12
2017,Sangli,Khanapur,Classified Banks,10
2017,Sangli,Miraj,Branch Offices of Classified Banks,105
2017,Sangli,Miraj,Classified Banks,29
2017,Sangli,Palus,Branch Offices of Classified Banks,19
2017,Sangli,Palus,Classified Banks,122
2017,Sangli,Shirala,Branch Offices of Classified Banks,10
2017,Sangli,Shirala,Classified Banks,5
2017,Sangli,Tasgaon,Branch Offices of Classified Banks,23
2017,Sangli,Tasgaon,Classified Banks,13
2017,Sangli,Walwa,Branch Offices of Classified Banks,40
2017,Sangli,Walwa,Classified Banks,13
2017,Satara,Javli,Branch Offices of Classified Banks,19
2017,Satara,Javli,Classified Banks,5
2017,Satara,Karad,Branch Offices of Classified Banks,120
2017,Satara,Karad,Classified Banks,26
2017,Satara,Khandala,Branch Offices of Classified Banks,47
2017,Satara,Khandala,Classified Banks,13
2017,Satara,Khatav,Branch Offices of Classified Banks,49
2017,Satara,Khatav,Classified Banks,9
2017,Satara,Koregaon,Branch Offices of Classified Banks,50
2017,Satara,Koregaon,Classified Banks,8
2017,Satara,Mahableshwar,Branch Offices of Classified Banks,16
2017,Satara,Mahableshwar,Classified Banks,4
2017,Satara,Man,Branch Offices of Classified Banks,37
2017,Satara,Man,Classified Banks,7
2017,Satara,Patan,Branch Offices of Classified Banks,38
2017,Satara,Patan,Classified Banks,5
2017,Satara,Phaltan,Branch Offices of Classified Banks,51
2017,Satara,Phaltan,Classified Banks,12
2017,Satara,Satara,Branch Offices of Classified Banks,109
2017,Satara,Satara,Classified Banks,31
2017,Satara,Wai,Branch Offices of Classified Banks,37
2017,Satara,Wai,Classified Banks,12
2017,Sindhudurg,Devgad,Branch Offices of Classified Banks,17
2017,Sindhudurg,Devgad,Classified Banks,7
2017,Sindhudurg,Dodamarg,Branch Offices of Classified Banks,7
2017,Sindhudurg,Dodamarg,Classified Banks,4
2017,Sindhudurg,Kankavali,Branch Offices of Classified Banks,23
2017,Sindhudurg,Kankavali,Classified Banks,11
2017,Sindhudurg,Kudal,Branch Offices of Classified Banks,31
2017,Sindhudurg,Kudal,Classified Banks,14
2017,Sindhudurg,Malvan,Branch Offices of Classified Banks,17
2017,Sindhudurg,Malvan,Classified Banks,7
2017,Sindhudurg,Sawantwadi,Branch Offices of Classified Banks,23
2017,Sindhudurg,Sawantwadi,Classified Banks,12
2017,Sindhudurg,Vaibhavwadi,Branch Offices of Classified Banks,4
2017,Sindhudurg,Vaibhavwadi,Classified Banks,5
2017,Sindhudurg,Vengurla,Branch Offices of Classified Banks,15
2017,Sindhudurg,Vengurla,Classified Banks,6
2017,Solapur,Akalkot,Branch Offices of Classified Banks,29
2017,Solapur,Akalkot,Classified Banks,9
2017,Solapur,Barsi,Branch Offices of Classified Banks,52
2017,Solapur,Barsi,Classified Banks,13
2017,Solapur,Karmala,Branch Offices of Classified Banks,32
2017,Solapur,Karmala,Classified Banks,10
2017,Solapur,Madha,Branch Offices of Classified Banks,51
2017,Solapur,Madha,Classified Banks,13
2017,Solapur,Malsiras,Branch Offices of Classified Banks,71
2017,Solapur,Malsiras,Classified Banks,13
2017,Solapur,Mangal Vedha,Branch Offices of Classified Banks,26
2017,Solapur,Mangal Vedha,Classified Banks,6
2017,Solapur,Mohol,Branch Offices of Classified Banks,40
2017,Solapur,Mohol,Classified Banks,11
2017,Solapur,North Solapur,Branch Offices of Classified Banks,100
2017,Solapur,North Solapur,Classified Banks,31
2017,Solapur,Pandharpur,Branch Offices of Classified Banks,54
2017,Solapur,Pandharpur,Classified Banks,15
2017,Solapur,Sangola,Branch Offices of Classified Banks,42
2017,Solapur,Sangola,Classified Banks,10
2017,Solapur,South Solapur,Branch Offices of Classified Banks,29
2017,Solapur,South Solapur,Classified Banks,6
2017,Thane,Ambarnath,Branch Offices of Classified Banks,51
2017,Thane,Ambarnath,Classified Banks,23
2017,Thane,Bhivandi,Branch Offices of Classified Banks,59
2017,Thane,Bhivandi,Classified Banks,19
2017,Thane,Kalyan,Branch Offices of Classified Banks,139
2017,Thane,Kalyan,Classified Banks,26
2017,Thane,Murbad,Branch Offices of Classified Banks,20
2017,Thane,Murbad,Classified Banks,10
2017,Thane,Shahapur,Branch Offices of Classified Banks,28
2017,Thane,Shahapur,Classified Banks,17
2017,Thane,Thane,Branch Offices of Classified Banks,511
2017,Thane,Thane,Classified Banks,34
2017,Thane,Ulhasnagar,Branch Offices of Classified Banks,47
2017,Thane,Ulhasnagar,Classified Banks,24
2017,Wardha,Aarvi,Branch Offices of Classified Banks,18
2017,Wardha,Aarvi,Classified Banks,8
2017,Wardha,Ashti,Branch Offices of Classified Banks,7
2017,Wardha,Ashti,Classified Banks,3
2017,Wardha,Devali,Branch Offices of Classified Banks,17
2017,Wardha,Devali,Classified Banks,9
2017,Wardha,Hinganghat,Branch Offices of Classified Banks,19
2017,Wardha,Hinganghat,Classified Banks,12
2017,Wardha,Karanja,Branch Offices of Classified Banks,9
2017,Wardha,Karanja,Classified Banks,4
2017,Wardha,Samudrapur,Branch Offices of Classified Banks,11
2017,Wardha,Samudrapur,Classified Banks,10
2017,Wardha,Selu,Branch Offices of Classified Banks,13
2017,Wardha,Selu,Classified Banks,8
2017,Wardha,Wardha,Branch Offices of Classified Banks,46
2017,Wardha,Wardha,Classified Banks,22
2017,Washim,Karanja,Branch Offices of Classified Banks,23
2017,Washim,Karanja,Classified Banks,10
2017,Washim,Malegaon,Branch Offices of Classified Banks,15
2017,Washim,Malegaon,Classified Banks,5
2017,Washim,Mangrulpir,Branch Offices of Classified Banks,15
2017,Washim,Mangrulpir,Classified Banks,6
2017,Washim,Manora,Branch Offices of Classified Banks,11
2017,Washim,Manora,Classified Banks,4
2017,Washim,Resod,Branch Offices of Classified Banks,19
2017,Washim,Resod,Classified Banks,6
2017,Washim,Washim,Branch Offices of Classified Banks,34
2017,Washim,Washim,Classified Banks,19
2017,Yavatmal,Aarni,Branch Offices of Classified Banks,16
2017,Yavatmal,Aarni,Classified Banks,7
2017,Yavatmal,Babhulgaon,Branch Offices of Classified Banks,11
2017,Yavatmal,Babhulgaon,Classified Banks,6
2017,Yavatmal,Darvha,Branch Offices of Classified Banks,16
2017,Yavatmal,Darvha,Classified Banks,5
2017,Yavatmal,Digras,Branch Offices of Classified Banks,11
2017,Yavatmal,Digras,Classified Banks,7
2017,Yavatmal,Ghantaji,Branch Offices of Classified Banks,12
2017,Yavatmal,Ghantaji,Classified Banks,4
2017,Yavatmal,Kalamb,Branch Offices of Classified Banks,10
2017,Yavatmal,Kalamb,Classified Banks,5
2017,Yavatmal,Kelapur,Branch Offices of Classified Banks,16
2017,Yavatmal,Kelapur,Classified Banks,6
2017,Yavatmal,Mahagaon,Branch Offices of Classified Banks,12
2017,Yavatmal,Mahagaon,Classified Banks,5
2017,Yavatmal,Maregaon,Branch Offices of Classified Banks,7
2017,Yavatmal,Maregaon,Classified Banks,5
2017,Yavatmal,Ner,Branch Offices of Classified Banks,11
2017,Yavatmal,Ner,Classified Banks,6
2017,Yavatmal,Pusad,Branch Offices of Classified Banks,19
2017,Yavatmal,Pusad,Classified Banks,12
2017,Yavatmal,Ralegaon,Branch Offices of Classified Banks,13
2017,Yavatmal,Ralegaon,Classified Banks,6
2017,Yavatmal,Umarkhed,Branch Offices of Classified Banks,16
2017,Yavatmal,Umarkhed,Classified Banks,6
2017,Yavatmal,Vani,Branch Offices of Classified Banks,34
2017,Yavatmal,Vani,Classified Banks,15
2017,Yavatmal,Yavatmal,Branch Offices of Classified Banks,47
2017,Yavatmal,Yavatmal,Classified Banks,21
2017,Yavatmal,Zari Jamani,Branch Offices of Classified Banks,11
2017,Yavatmal,Zari Jamani,Classified Banks,5
2018,Ahilyanagar,Akole,Branch Offices of Classified Banks,35
2018,Ahilyanagar,Akole,Classified Banks,6
2018,Ahilyanagar,Jamkhed,Branch Offices of Classified Banks,20
2018,Ahilyanagar,Jamkhed,Classified Banks,7
2018,Ahilyanagar,Karjat,Branch Offices of Classified Banks,27
2018,Ahilyanagar,Karjat,Classified Banks,7
2018,Ahilyanagar,Kopargaon,Branch Offices of Classified Banks,40
2018,Ahilyanagar,Kopargaon,Classified Banks,13
2018,Ahilyanagar,Nagar,Branch Offices of Classified Banks,110
2018,Ahilyanagar,Nagar,Classified Banks,31
2018,Ahilyanagar,Nevasa,Branch Offices of Classified Banks,34
2018,Ahilyanagar,Nevasa,Classified Banks,9
2018,Ahilyanagar,Parner,Branch Offices of Classified Banks,45
2018,Ahilyanagar,Parner,Classified Banks,8
2018,Ahilyanagar,Pathardi,Branch Offices of Classified Banks,26
2018,Ahilyanagar,Pathardi,Classified Banks,9
2018,Ahilyanagar,Rahata,Branch Offices of Classified Banks,54
2018,Ahilyanagar,Rahata,Classified Banks,25
2018,Ahilyanagar,Rahuri,Branch Offices of Classified Banks,43
2018,Ahilyanagar,Rahuri,Classified Banks,11
2018,Ahilyanagar,Sangamner,Branch Offices of Classified Banks,73
2018,Ahilyanagar,Sangamner,Classified Banks,22
2018,Ahilyanagar,Shevgaon,Branch Offices of Classified Banks,26
2018,Ahilyanagar,Shevgaon,Classified Banks,6
2018,Ahilyanagar,Srigonda,Branch Offices of Classified Banks,42
2018,Ahilyanagar,Srigonda,Classified Banks,13
2018,Ahilyanagar,Srirampur,Branch Offices of Classified Banks,35
2018,Ahilyanagar,Srirampur,Classified Banks,16
2018,Akola,Akola,Branch Offices of Classified Banks,102
2018,Akola,Akola,Classified Banks,58
2018,Akola,Akot,Branch Offices of Classified Banks,32
2018,Akola,Akot,Classified Banks,16
2018,Akola,Balapur,Branch Offices of Classified Banks,21
2018,Akola,Balapur,Classified Banks,8
2018,Akola,Barshitakali,Branch Offices of Classified Banks,9
2018,Akola,Barshitakali,Classified Banks,5
2018,Akola,Murtijapur,Branch Offices of Classified Banks,22
2018,Akola,Murtijapur,Classified Banks,12
2018,Akola,Patur,Branch Offices of Classified Banks,12
2018,Akola,Patur,Classified Banks,4
2018,Akola,Telhara,Branch Offices of Classified Banks,21
2018,Akola,Telhara,Classified Banks,10
2018,Amravati,Achalpur,Branch Offices of Classified Banks,31
2018,Amravati,Achalpur,Classified Banks,14
2018,Amravati,Amravati,Branch Offices of Classified Banks,118
2018,Amravati,Amravati,Classified Banks,27
2018,Amravati,Anjangaon Su,Branch Offices of Classified Banks,19
2018,Amravati,Anjangaon Su,Classified Banks,9
2018,Amravati,Bhatkuli,Branch Offices of Classified Banks,14
2018,Amravati,Bhatkuli,Classified Banks,5
2018,Amravati,Chandur Railway,Branch Offices of Classified Banks,12
2018,Amravati,Chandur Railway,Classified Banks,5
2018,Amravati,Chandurbazar,Branch Offices of Classified Banks,23
2018,Amravati,Chandurbazar,Classified Banks,9
2018,Amravati,Chikhraldara,Branch Offices of Classified Banks,7
2018,Amravati,Chikhraldara,Classified Banks,5
2018,Amravati,Daryapur,Branch Offices of Classified Banks,20
2018,Amravati,Daryapur,Classified Banks,6
2018,Amravati,Dhamangaon Re,Branch Offices of Classified Banks,17
2018,Amravati,Dhamangaon Re,Classified Banks,7
2018,Amravati,Dharani,Branch Offices of Classified Banks,9
2018,Amravati,Dharani,Classified Banks,4
2018,Amravati,Morshi,Branch Offices of Classified Banks,25
2018,Amravati,Morshi,Classified Banks,7
2018,Amravati,Nandgaon Kh,Branch Offices of Classified Banks,15
2018,Amravati,Nandgaon Kh,Classified Banks,7
2018,Amravati,Tivas,Branch Offices of Classified Banks,18
2018,Amravati,Tivas,Classified Banks,8
2018,Amravati,Warud,Branch Offices of Classified Banks,30
2018,Amravati,Warud,Classified Banks,12
2018,Beed,Ambajogai,Branch Offices of Classified Banks,9
2018,Beed,Ambajogai,Classified Banks,4
2018,Beed,Ashti,Branch Offices of Classified Banks,8
2018,Beed,Ashti,Classified Banks,2
2018,Beed,Beed,Branch Offices of Classified Banks,22
2018,Beed,Beed,Classified Banks,10
2018,Beed,Cage,Branch Offices of Classified Banks,4
2018,Beed,Cage,Classified Banks,2
2018,Beed,Dharur,Branch Offices of Classified Banks,4
2018,Beed,Dharur,Classified Banks,3
2018,Beed,Gevrai,Branch Offices of Classified Banks,10
2018,Beed,Gevrai,Classified Banks,4
2018,Beed,Majalgaon,Branch Offices of Classified Banks,4
2018,Beed,Majalgaon,Classified Banks,1
2018,Beed,Parli,Branch Offices of Classified Banks,4
2018,Beed,Parli,Classified Banks,2
2018,Beed,Patoda,Branch Offices of Classified Banks,3
2018,Beed,Patoda,Classified Banks,1
2018,Beed,Shirur Kasar,Branch Offices of Classified Banks,1
2018,Beed,Shirur Kasar,Classified Banks,1
2018,Beed,Wadwani,Branch Offices of Classified Banks,2
2018,Beed,Wadwani,Classified Banks,1
2018,Bhandara,Bhandara,Branch Offices of Classified Banks,40
2018,Bhandara,Bhandara,Classified Banks,21
2018,Bhandara,Lakhandur,Branch Offices of Classified Banks,7
2018,Bhandara,Lakhandur,Classified Banks,3
2018,Bhandara,Lakhani,Branch Offices of Classified Banks,10
2018,Bhandara,Lakhani,Classified Banks,4
2018,Bhandara,Mohadi,Branch Offices of Classified Banks,12
2018,Bhandara,Mohadi,Classified Banks,7
2018,Bhandara,Pavani,Branch Offices of Classified Banks,11
2018,Bhandara,Pavani,Classified Banks,6
2018,Bhandara,Sakoli,Branch Offices of Classified Banks,13
2018,Bhandara,Sakoli,Classified Banks,8
2018,Bhandara,Tumsar,Branch Offices of Classified Banks,20
2018,Bhandara,Tumsar,Classified Banks,12
2018,Buldhana,Buldana,Branch Offices of Classified Banks,32
2018,Buldhana,Buldana,Classified Banks,15
2018,Buldhana,Chikhali,Branch Offices of Classified Banks,26
2018,Buldhana,Chikhali,Classified Banks,9
2018,Buldhana,Deulgaon Raja,Branch Offices of Classified Banks,11
2018,Buldhana,Deulgaon Raja,Classified Banks,6
2018,Buldhana,Jalgaon Jamod,Branch Offices of Classified Banks,13
2018,Buldhana,Jalgaon Jamod,Classified Banks,5
2018,Buldhana,Khamgaon,Branch Offices of Classified Banks,32
2018,Buldhana,Khamgaon,Classified Banks,18
2018,Buldhana,Lonar,Branch Offices of Classified Banks,10
2018,Buldhana,Lonar,Classified Banks,4
2018,Buldhana,Malkapur,Branch Offices of Classified Banks,15
2018,Buldhana,Malkapur,Classified Banks,10
2018,Buldhana,Mehkar,Branch Offices of Classified Banks,20
2018,Buldhana,Mehkar,Classified Banks,7
2018,Buldhana,Motala,Branch Offices of Classified Banks,15
2018,Buldhana,Motala,Classified Banks,5
2018,Buldhana,Nandura,Branch Offices of Classified Banks,15
2018,Buldhana,Nandura,Classified Banks,7
2018,Buldhana,Sangrampur,Branch Offices of Classified Banks,12
2018,Buldhana,Sangrampur,Classified Banks,6
2018,Buldhana,Shegaon,Branch Offices of Classified Banks,16
2018,Buldhana,Shegaon,Classified Banks,9
2018,Buldhana,Sindkhed Raja,Branch Offices of Classified Banks,13
2018,Buldhana,Sindkhed Raja,Classified Banks,4
2018,Chandrapur,Ballarpur,Branch Offices of Classified Banks,17
2018,Chandrapur,Ballarpur,Classified Banks,11
2018,Chandrapur,Bhadravati,Branch Offices of Classified Banks,28
2018,Chandrapur,Bhadravati,Classified Banks,10
2018,Chandrapur,Bramhapuri,Branch Offices of Classified Banks,26
2018,Chandrapur,Bramhapuri,Classified Banks,13
2018,Chandrapur,Chandrapur,Branch Offices of Classified Banks,74
2018,Chandrapur,Chandrapur,Classified Banks,24
2018,Chandrapur,Chimur,Branch Offices of Classified Banks,17
2018,Chandrapur,Chimur,Classified Banks,5
2018,Chandrapur,Gondpipari,Branch Offices of Classified Banks,12
2018,Chandrapur,Gondpipari,Classified Banks,3
2018,Chandrapur,Jivati,Branch Offices of Classified Banks,4
2018,Chandrapur,Jivati,Classified Banks,3
2018,Chandrapur,Korpana,Branch Offices of Classified Banks,15
2018,Chandrapur,Korpana,Classified Banks,4
2018,Chandrapur,Mul,Branch Offices of Classified Banks,18
2018,Chandrapur,Mul,Classified Banks,9
2018,Chandrapur,Nagbhid,Branch Offices of Classified Banks,18
2018,Chandrapur,Nagbhid,Classified Banks,7
2018,Chandrapur,Ponbhurna,Branch Offices of Classified Banks,4
2018,Chandrapur,Ponbhurna,Classified Banks,3
2018,Chandrapur,Rajura,Branch Offices of Classified Banks,13
2018,Chandrapur,Rajura,Classified Banks,8
2018,Chandrapur,Savali,Branch Offices of Classified Banks,11
2018,Chandrapur,Savali,Classified Banks,4
2018,Chandrapur,Sindevahi,Branch Offices of Classified Banks,13
2018,Chandrapur,Sindevahi,Classified Banks,5
2018,Chandrapur,Varora,Branch Offices of Classified Banks,31
2018,Chandrapur,Varora,Classified Banks,15
2018,Chhatrapati Sambhajinagar,Chhatrapati Sambhaji Nagar,Branch Offices of Classified Banks,197
2018,Chhatrapati Sambhajinagar,Chhatrapati Sambhaji Nagar,Classified Banks,45
2018,Chhatrapati Sambhajinagar,Gangapur,Branch Offices of Classified Banks,39
2018,Chhatrapati Sambhajinagar,Gangapur,Classified Banks,11
2018,Chhatrapati Sambhajinagar,Kannad,Branch Offices of Classified Banks,40
2018,Chhatrapati Sambhajinagar,Kannad,Classified Banks,8
2018,Chhatrapati Sambhajinagar,Khultabad,Branch Offices of Classified Banks,13
2018,Chhatrapati Sambhajinagar,Khultabad,Classified Banks,5
2018,Chhatrapati Sambhajinagar,Paithan,Branch Offices of Classified Banks,46
2018,Chhatrapati Sambhajinagar,Paithan,Classified Banks,12
2018,Chhatrapati Sambhajinagar,Phulambri,Branch Offices of Classified Banks,15
2018,Chhatrapati Sambhajinagar,Phulambri,Classified Banks,6
2018,Chhatrapati Sambhajinagar,Sillod,Branch Offices of Classified Banks,39
2018,Chhatrapati Sambhajinagar,Sillod,Classified Banks,11
2018,Chhatrapati Sambhajinagar,Soyegaon,Branch Offices of Classified Banks,14
2018,Chhatrapati Sambhajinagar,Soyegaon,Classified Banks,3
2018,Chhatrapati Sambhajinagar,Vaijapur,Branch Offices of Classified Banks,36
2018,Chhatrapati Sambhajinagar,Vaijapur,Classified Banks,9
2018,Dharashiv,Bhum,Branch Offices of Classified Banks,7
2018,Dharashiv,Bhum,Classified Banks,6
2018,Dharashiv,Dharashiv,Branch Offices of Classified Banks,30
2018,Dharashiv,Dharashiv,Classified Banks,17
2018,Dharashiv,Kalamb,Branch Offices of Classified Banks,13
2018,Dharashiv,Kalamb,Classified Banks,5
2018,Dharashiv,Lohara,Branch Offices of Classified Banks,10
2018,Dharashiv,Lohara,Classified Banks,4
2018,Dharashiv,Paranda,Branch Offices of Classified Banks,7
2018,Dharashiv,Paranda,Classified Banks,5
2018,Dharashiv,Tuljapur,Branch Offices of Classified Banks,14
2018,Dharashiv,Tuljapur,Classified Banks,7
2018,Dharashiv,Umaraga,Branch Offices of Classified Banks,21
2018,Dharashiv,Umaraga,Classified Banks,6
2018,Dharashiv,Washi,Branch Offices of Classified Banks,6
2018,Dharashiv,Washi,Classified Banks,3
2018,Dhule,Dhule,Branch Offices of Classified Banks,62
2018,Dhule,Dhule,Classified Banks,24
2018,Dhule,Sakri,Branch Offices of Classified Banks,17
2018,Dhule,Sakri,Classified Banks,6
2018,Dhule,Shindkheda,Branch Offices of Classified Banks,18
2018,Dhule,Shindkheda,Classified Banks,8
2018,Dhule,Shirpur,Branch Offices of Classified Banks,22
2018,Dhule,Shirpur,Classified Banks,10
2018,Gadchiroli,Aheri,Branch Offices of Classified Banks,9
2018,Gadchiroli,Aheri,Classified Banks,4
2018,Gadchiroli,Bhamragad,Branch Offices of Classified Banks,1
2018,Gadchiroli,Bhamragad,Classified Banks,1
2018,Gadchiroli,Chomoshi,Branch Offices of Classified Banks,9
2018,Gadchiroli,Chomoshi,Classified Banks,4
2018,Gadchiroli,Desaiganj,Branch Offices of Classified Banks,8
2018,Gadchiroli,Desaiganj,Classified Banks,5
2018,Gadchiroli,Dhanora,Branch Offices of Classified Banks,4
2018,Gadchiroli,Dhanora,Classified Banks,2
2018,Gadchiroli,Etapalli,Branch Offices of Classified Banks,2
2018,Gadchiroli,Etapalli,Classified Banks,2
2018,Gadchiroli,Gadchiroli,Branch Offices of Classified Banks,14
2018,Gadchiroli,Gadchiroli,Classified Banks,11
2018,Gadchiroli,Korachi,Branch Offices of Classified Banks,2
2018,Gadchiroli,Korachi,Classified Banks,2
2018,Gadchiroli,Kurkheda,Branch Offices of Classified Banks,5
2018,Gadchiroli,Kurkheda,Classified Banks,4
2018,Gadchiroli,Mulchera,Branch Offices of Classified Banks,2
2018,Gadchiroli,Mulchera,Classified Banks,2
2018,Gadchiroli,Sironcha,Branch Offices of Classified Banks,3
2018,Gadchiroli,Sironcha,Classified Banks,2
2018,Gadchiroli,rmori,Branch Offices of Classified Banks,6
2018,Gadchiroli,rmori,Classified Banks,4
2018,Gondia,Aamgaon,Branch Offices of Classified Banks,8
2018,Gondia,Aamgaon,Classified Banks,6
2018,Gondia,Arjuni Morgaon,Branch Offices of Classified Banks,9
2018,Gondia,Arjuni Morgaon,Classified Banks,7
2018,Gondia,Devari,Branch Offices of Classified Banks,8
2018,Gondia,Devari,Classified Banks,8
2018,Gondia,Gondia,Branch Offices of Classified Banks,44
2018,Gondia,Gondia,Classified Banks,22
2018,Gondia,Goregaon,Branch Offices of Classified Banks,5
2018,Gondia,Goregaon,Classified Banks,4
2018,Gondia,Sadak Arjuni,Branch Offices of Classified Banks,8
2018,Gondia,Sadak Arjuni,Classified Banks,5
2018,Gondia,Salekasa,Branch Offices of Classified Banks,3
2018,Gondia,Salekasa,Classified Banks,3
2018,Gondia,Tiroda,Branch Offices of Classified Banks,15
2018,Gondia,Tiroda,Classified Banks,12
2018,Hingoli,Aundha na,Branch Offices of Classified Banks,14
2018,Hingoli,Aundha na,Classified Banks,4
2018,Hingoli,Hingoli,Branch Offices of Classified Banks,36
2018,Hingoli,Hingoli,Classified Banks,20
2018,Hingoli,Kalamanuri,Branch Offices of Classified Banks,20
2018,Hingoli,Kalamanuri,Classified Banks,4
2018,Hingoli,Sengaon,Branch Offices of Classified Banks,16
2018,Hingoli,Sengaon,Classified Banks,4
2018,Hingoli,vasamat,Branch Offices of Classified Banks,25
2018,Hingoli,vasamat,Classified Banks,7
2018,Jalgaon,Amalner,Branch Offices of Classified Banks,31
2018,Jalgaon,Amalner,Classified Banks,3
2018,Jalgaon,Bhadgaon,Branch Offices of Classified Banks,22
2018,Jalgaon,Bhadgaon,Classified Banks,2
2018,Jalgaon,Bhusawal,Branch Offices of Classified Banks,43
2018,Jalgaon,Bhusawal,Classified Banks,4
2018,Jalgaon,Bodvad,Branch Offices of Classified Banks,33
2018,Jalgaon,Bodvad,Classified Banks,3
2018,Jalgaon,Chalisgaon,Branch Offices of Classified Banks,45
2018,Jalgaon,Chalisgaon,Classified Banks,3
2018,Jalgaon,Chopda,Branch Offices of Classified Banks,31
2018,Jalgaon,Chopda,Classified Banks,3
2018,Jalgaon,Dharangaon,Branch Offices of Classified Banks,17
2018,Jalgaon,Dharangaon,Classified Banks,3
2018,Jalgaon,Erandol,Branch Offices of Classified Banks,18
2018,Jalgaon,Erandol,Classified Banks,4
2018,Jalgaon,Jalgaon,Branch Offices of Classified Banks,97
2018,Jalgaon,Jalgaon,Classified Banks,4
2018,Jalgaon,Jamner,Branch Offices of Classified Banks,37
2018,Jalgaon,Jamner,Classified Banks,4
2018,Jalgaon,Muktainagar (Edlabad),Branch Offices of Classified Banks,23
2018,Jalgaon,Muktainagar (Edlabad),Classified Banks,4
2018,Jalgaon,Pachora,Branch Offices of Classified Banks,43
2018,Jalgaon,Pachora,Classified Banks,4
2018,Jalgaon,Parola,Branch Offices of Classified Banks,21
2018,Jalgaon,Parola,Classified Banks,3
2018,Jalgaon,Raver,Branch Offices of Classified Banks,47
2018,Jalgaon,Raver,Classified Banks,4
2018,Jalgaon,Yawal,Branch Offices of Classified Banks,44
2018,Jalgaon,Yawal,Classified Banks,4
2018,Jalna,Ambad,Branch Offices of Classified Banks,24
2018,Jalna,Ambad,Classified Banks,8
2018,Jalna,Badnapur,Branch Offices of Classified Banks,14
2018,Jalna,Badnapur,Classified Banks,7
2018,Jalna,Bhokardan,Branch Offices of Classified Banks,25
2018,Jalna,Bhokardan,Classified Banks,7
2018,Jalna,Ghansawangi,Branch Offices of Classified Banks,19
2018,Jalna,Ghansawangi,Classified Banks,7
2018,Jalna,Jaffrabad,Branch Offices of Classified Banks,13
2018,Jalna,Jaffrabad,Classified Banks,5
2018,Jalna,Jalna,Branch Offices of Classified Banks,51
2018,Jalna,Jalna,Classified Banks,23
2018,Jalna,Mantha,Branch Offices of Classified Banks,9
2018,Jalna,Mantha,Classified Banks,4
2018,Jalna,Partur,Branch Offices of Classified Banks,18
2018,Jalna,Partur,Classified Banks,7
2018,Kolhapur,Ajara,Branch Offices of Classified Banks,20
2018,Kolhapur,Ajara,Classified Banks,7
2018,Kolhapur,Bhudargad,Branch Offices of Classified Banks,27
2018,Kolhapur,Bhudargad,Classified Banks,7
2018,Kolhapur,Chandgad,Branch Offices of Classified Banks,26
2018,Kolhapur,Chandgad,Classified Banks,7
2018,Kolhapur,Gadhinglaj,Branch Offices of Classified Banks,44
2018,Kolhapur,Gadhinglaj,Classified Banks,16
2018,Kolhapur,Gaganbavada,Branch Offices of Classified Banks,8
2018,Kolhapur,Gaganbavada,Classified Banks,3
2018,Kolhapur,Hatkanangale,Branch Offices of Classified Banks,102
2018,Kolhapur,Hatkanangale,Classified Banks,28
2018,Kolhapur,Kagal,Branch Offices of Classified Banks,43
2018,Kolhapur,Kagal,Classified Banks,16
2018,Kolhapur,Karveer,Branch Offices of Classified Banks,192
2018,Kolhapur,Karveer,Classified Banks,38
2018,Kolhapur,Panhala,Branch Offices of Classified Banks,41
2018,Kolhapur,Panhala,Classified Banks,10
2018,Kolhapur,Radhanagari,Branch Offices of Classified Banks,33
2018,Kolhapur,Radhanagari,Classified Banks,10
2018,Kolhapur,Shahuwadi,Branch Offices of Classified Banks,28
2018,Kolhapur,Shahuwadi,Classified Banks,9
2018,Kolhapur,Shirol,Branch Offices of Classified Banks,64
2018,Kolhapur,Shirol,Classified Banks,19
2018,Latur,Ahamadpur,Branch Offices of Classified Banks,22
2018,Latur,Ahamadpur,Classified Banks,7
2018,Latur,Aosa,Branch Offices of Classified Banks,27
2018,Latur,Aosa,Classified Banks,7
2018,Latur,Chakur,Branch Offices of Classified Banks,19
2018,Latur,Chakur,Classified Banks,5
2018,Latur,Devani,Branch Offices of Classified Banks,13
2018,Latur,Devani,Classified Banks,4
2018,Latur,Jalkot,Branch Offices of Classified Banks,7
2018,Latur,Jalkot,Classified Banks,3
2018,Latur,Latur,Branch Offices of Classified Banks,81
2018,Latur,Latur,Classified Banks,23
2018,Latur,Nilanga,Branch Offices of Classified Banks,27
2018,Latur,Nilanga,Classified Banks,6
2018,Latur,Renapur,Branch Offices of Classified Banks,16
2018,Latur,Renapur,Classified Banks,7
2018,Latur,Shirur-Anantpal,Branch Offices of Classified Banks,13
2018,Latur,Shirur-Anantpal,Classified Banks,5
2018,Latur,Udgir,Branch Offices of Classified Banks,34
2018,Latur,Udgir,Classified Banks,15
2018,Mumbai City,Mumbai City,Branch Offices of Classified Banks,921
2018,Mumbai City,Mumbai City,Classified Banks,30
2018,Mumbai Suburban,Adheri,Branch Offices of Classified Banks,1234
2018,Mumbai Suburban,Adheri,Classified Banks,44
2018,Nagpur,Bhiwapur,Branch Offices of Classified Banks,7
2018,Nagpur,Bhiwapur,Classified Banks,5
2018,Nagpur,Hingana,Branch Offices of Classified Banks,20
2018,Nagpur,Hingana,Classified Banks,14
2018,Nagpur,Kalameshwar,Branch Offices of Classified Banks,17
2018,Nagpur,Kalameshwar,Classified Banks,11
2018,Nagpur,Kamathi,Branch Offices of Classified Banks,26
2018,Nagpur,Kamathi,Classified Banks,12
2018,Nagpur,Katol,Branch Offices of Classified Banks,21
2018,Nagpur,Katol,Classified Banks,10
2018,Nagpur,Kuhi,Branch Offices of Classified Banks,11
2018,Nagpur,Kuhi,Classified Banks,6
2018,Nagpur,Mauda,Branch Offices of Classified Banks,18
2018,Nagpur,Mauda,Classified Banks,12
2018,Nagpur,Nagpur (Gra),Branch Offices of Classified Banks,66
2018,Nagpur,Nagpur (Gra),Classified Banks,20
2018,Nagpur,Nagpur (Sh),Branch Offices of Classified Banks,348
2018,Nagpur,Nagpur (Sh),Classified Banks,34
2018,Nagpur,Narkhed,Branch Offices of Classified Banks,12
2018,Nagpur,Narkhed,Classified Banks,7
2018,Nagpur,Parashivani,Branch Offices of Classified Banks,8
2018,Nagpur,Parashivani,Classified Banks,8
2018,Nagpur,Ramtech,Branch Offices of Classified Banks,21
2018,Nagpur,Ramtech,Classified Banks,12
2018,Nagpur,Sawner,Branch Offices of Classified Banks,22
2018,Nagpur,Sawner,Classified Banks,14
2018,Nagpur,Umred,Branch Offices of Classified Banks,23
2018,Nagpur,Umred,Classified Banks,12
2018,Nanded,Himalay nagar,Branch Offices of Classified Banks,5
2018,Nanded,Himalay nagar,Classified Banks,3
2018,Nanded,Kinvat,Branch Offices of Classified Banks,15
2018,Nanded,Kinvat,Classified Banks,5
2018,Nanded,Mahur,Branch Offices of Classified Banks,5
2018,Nanded,Mahur,Classified Banks,3
2018,Nanded,Mudkhed,Branch Offices of Classified Banks,13
2018,Nanded,Mudkhed,Classified Banks,4
2018,Nanded,Mukhed,Branch Offices of Classified Banks,21
2018,Nanded,Mukhed,Classified Banks,5
2018,Nanded,Nanded,Branch Offices of Classified Banks,82
2018,Nanded,Nanded,Classified Banks,30
2018,Nanded,andhrapur,Branch Offices of Classified Banks,10
2018,Nanded,andhrapur,Classified Banks,5
2018,Nanded,bhokar,Branch Offices of Classified Banks,11
2018,Nanded,bhokar,Classified Banks,3
2018,Nanded,biloli,Branch Offices of Classified Banks,14
2018,Nanded,biloli,Classified Banks,5
2018,Nanded,deglur,Branch Offices of Classified Banks,23
2018,Nanded,deglur,Classified Banks,5
2018,Nanded,dharmabad,Branch Offices of Classified Banks,11
2018,Nanded,dharmabad,Classified Banks,6
2018,Nanded,hadgaon,Branch Offices of Classified Banks,13
2018,Nanded,hadgaon,Classified Banks,5
2018,Nanded,kandhar,Branch Offices of Classified Banks,18
2018,Nanded,kandhar,Classified Banks,4
2018,Nanded,loha,Branch Offices of Classified Banks,17
2018,Nanded,loha,Classified Banks,6
2018,Nanded,naygaon,Branch Offices of Classified Banks,16
2018,Nanded,naygaon,Classified Banks,4
2018,Nanded,umari,Branch Offices of Classified Banks,8
2018,Nanded,umari,Classified Banks,3
2018,Nandurbar,Akkalkuva,Branch Offices of Classified Banks,10
2018,Nandurbar,Akkalkuva,Classified Banks,5
2018,Nandurbar,Akrani,Branch Offices of Classified Banks,4
2018,Nandurbar,Akrani,Classified Banks,3
2018,Nandurbar,Nandurbar,Branch Offices of Classified Banks,35
2018,Nandurbar,Nandurbar,Classified Banks,15
2018,Nandurbar,Navapur,Branch Offices of Classified Banks,15
2018,Nandurbar,Navapur,Classified Banks,7
2018,Nandurbar,Shahada,Branch Offices of Classified Banks,31
2018,Nandurbar,Shahada,Classified Banks,12
2018,Nandurbar,Taloda,Branch Offices of Classified Banks,10
2018,Nandurbar,Taloda,Classified Banks,5
2018,Nashik,Baglan,Branch Offices of Classified Banks,53
2018,Nashik,Baglan,Classified Banks,8
2018,Nashik,Chandwad,Branch Offices of Classified Banks,24
2018,Nashik,Chandwad,Classified Banks,4
2018,Nashik,Devala,Branch Offices of Classified Banks,24
2018,Nashik,Devala,Classified Banks,4
2018,Nashik,Dindori,Branch Offices of Classified Banks,46
2018,Nashik,Dindori,Classified Banks,12
2018,Nashik,Igatpuri,Branch Offices of Classified Banks,30
2018,Nashik,Igatpuri,Classified Banks,8
2018,Nashik,Kalwan,Branch Offices of Classified Banks,25
2018,Nashik,Kalwan,Classified Banks,5
2018,Nashik,Malegaon,Branch Offices of Classified Banks,70
2018,Nashik,Malegaon,Classified Banks,12
2018,Nashik,Nandgaon,Branch Offices of Classified Banks,27
2018,Nashik,Nandgaon,Classified Banks,7
2018,Nashik,Nashik,Branch Offices of Classified Banks,280
2018,Nashik,Nashik,Classified Banks,21
2018,Nashik,Nifad,Branch Offices of Classified Banks,124
2018,Nashik,Nifad,Classified Banks,13
2018,Nashik,Peth,Branch Offices of Classified Banks,9
2018,Nashik,Peth,Classified Banks,4
2018,Nashik,Sinner,Branch Offices of Classified Banks,48
2018,Nashik,Sinner,Classified Banks,13
2018,Nashik,Surgana,Branch Offices of Classified Banks,8
2018,Nashik,Surgana,Classified Banks,3
2018,Nashik,Trimbak,Branch Offices of Classified Banks,29
2018,Nashik,Trimbak,Classified Banks,4
2018,Nashik,Yewala,Branch Offices of Classified Banks,12
2018,Nashik,Yewala,Classified Banks,5
2018,Palghar,Dahanu,Branch Offices of Classified Banks,37
2018,Palghar,Dahanu,Classified Banks,8
2018,Palghar,Javhar,Branch Offices of Classified Banks,5
2018,Palghar,Javhar,Classified Banks,3
2018,Palghar,Mokhada,Branch Offices of Classified Banks,8
2018,Palghar,Mokhada,Classified Banks,4
2018,Palghar,Palghar,Branch Offices of Classified Banks,67
2018,Palghar,Palghar,Classified Banks,6
2018,Palghar,Talasari,Branch Offices of Classified Banks,8
2018,Palghar,Talasari,Classified Banks,3
2018,Palghar,Vasai,Branch Offices of Classified Banks,145
2018,Palghar,Vasai,Classified Banks,11
2018,Palghar,Vikramgad,Branch Offices of Classified Banks,6
2018,Palghar,Vikramgad,Classified Banks,3
2018,Palghar,Wada,Branch Offices of Classified Banks,22
2018,Palghar,Wada,Classified Banks,6
2018,Parbhani,Gangakhed,Branch Offices of Classified Banks,14
2018,Parbhani,Gangakhed,Classified Banks,8
2018,Parbhani,Jintur,Branch Offices of Classified Banks,14
2018,Parbhani,Jintur,Classified Banks,2
2018,Parbhani,Manvat,Branch Offices of Classified Banks,12
2018,Parbhani,Manvat,Classified Banks,5
2018,Parbhani,Palam,Branch Offices of Classified Banks,8
2018,Parbhani,Palam,Classified Banks,2
2018,Parbhani,Parbhani,Branch Offices of Classified Banks,54
2018,Parbhani,Pathari,Branch Offices of Classified Banks,9
2018,Parbhani,Pathari,Classified Banks,3
2018,Parbhani,Purna,Branch Offices of Classified Banks,17
2018,Parbhani,Purna,Classified Banks,3
2018,Parbhani,Selu,Branch Offices of Classified Banks,15
2018,Parbhani,Selu,Classified Banks,7
2018,Parbhani,Sonpeth,Branch Offices of Classified Banks,9
2018,Parbhani,Sonpeth,Classified Banks,2
2018,Pune,Aambegaon,Branch Offices of Classified Banks,41
2018,Pune,Aambegaon,Classified Banks,10
2018,Pune,Baramati,Branch Offices of Classified Banks,80
2018,Pune,Baramati,Classified Banks,22
2018,Pune,Bhor,Branch Offices of Classified Banks,80
2018,Pune,Bhor,Classified Banks,22
2018,Pune,Daund,Branch Offices of Classified Banks,60
2018,Pune,Daund,Classified Banks,15
2018,Pune,Haveli,Branch Offices of Classified Banks,169
2018,Pune,Haveli,Classified Banks,38
2018,Pune,Indapur,Branch Offices of Classified Banks,61
2018,Pune,Indapur,Classified Banks,14
2018,Pune,Junnar,Branch Offices of Classified Banks,54
2018,Pune,Junnar,Classified Banks,13
2018,Pune,Khed,Branch Offices of Classified Banks,94
2018,Pune,Khed,Classified Banks,25
2018,Pune,Maval,Branch Offices of Classified Banks,62
2018,Pune,Maval,Classified Banks,20
2018,Pune,Mulashi,Branch Offices of Classified Banks,59
2018,Pune,Mulashi,Classified Banks,19
2018,Pune,Pune City,Branch Offices of Classified Banks,919
2018,Pune,Pune City,Classified Banks,30
2018,Pune,Purandar,Branch Offices of Classified Banks,30
2018,Pune,Purandar,Classified Banks,10
2018,Pune,Shirur,Branch Offices of Classified Banks,74
2018,Pune,Shirur,Classified Banks,17
2018,Pune,Welhe,Branch Offices of Classified Banks,11
2018,Pune,Welhe,Classified Banks,3
2018,Raigad,Panwel,Branch Offices of Classified Banks,145
2018,Raigad,Panwel,Classified Banks,27
2018,Raigad,Uran,Branch Offices of Classified Banks,29
2018,Raigad,Uran,Classified Banks,13
2018,Raigad,alibag,Branch Offices of Classified Banks,38
2018,Raigad,alibag,Classified Banks,14
2018,Raigad,karjat,Branch Offices of Classified Banks,28
2018,Raigad,karjat,Classified Banks,15
2018,Raigad,khalapur,Branch Offices of Classified Banks,26
2018,Raigad,khalapur,Classified Banks,14
2018,Raigad,mahad,Branch Offices of Classified Banks,18
2018,Raigad,mahad,Classified Banks,11
2018,Raigad,mangaon,Branch Offices of Classified Banks,29
2018,Raigad,mangaon,Classified Banks,10
2018,Raigad,mhasala,Branch Offices of Classified Banks,6
2018,Raigad,mhasala,Classified Banks,2
2018,Raigad,murud,Branch Offices of Classified Banks,8
2018,Raigad,murud,Classified Banks,4
2018,Raigad,pen,Branch Offices of Classified Banks,28
2018,Raigad,pen,Classified Banks,13
2018,Raigad,poladpur,Branch Offices of Classified Banks,9
2018,Raigad,poladpur,Classified Banks,6
2018,Raigad,roha,Branch Offices of Classified Banks,18
2018,Raigad,roha,Classified Banks,11
2018,Raigad,shreevardhan,Branch Offices of Classified Banks,12
2018,Raigad,shreevardhan,Classified Banks,5
2018,Raigad,sudhagad,Branch Offices of Classified Banks,5
2018,Raigad,sudhagad,Classified Banks,4
2018,Raigad,tala,Branch Offices of Classified Banks,2
2018,Raigad,tala,Classified Banks,2
2018,Ratnagiri,Chiplun,Branch Offices of Classified Banks,57
2018,Ratnagiri,Chiplun,Classified Banks,23
2018,Ratnagiri,Dapoli,Branch Offices of Classified Banks,32
2018,Ratnagiri,Dapoli,Classified Banks,11
2018,Ratnagiri,Guhagar,Branch Offices of Classified Banks,20
2018,Ratnagiri,Guhagar,Classified Banks,9
2018,Ratnagiri,Khed,Branch Offices of Classified Banks,37
2018,Ratnagiri,Khed,Classified Banks,14
2018,Ratnagiri,Lanja,Branch Offices of Classified Banks,18
2018,Ratnagiri,Lanja,Classified Banks,7
2018,Ratnagiri,Mandangad,Branch Offices of Classified Banks,16
2018,Ratnagiri,Mandangad,Classified Banks,5
2018,Ratnagiri,Rajapur,Branch Offices of Classified Banks,31
2018,Ratnagiri,Rajapur,Classified Banks,9
2018,Ratnagiri,Ratnagiri,Branch Offices of Classified Banks,87
2018,Ratnagiri,Ratnagiri,Classified Banks,31
2018,Ratnagiri,Sangameshwar,Branch Offices of Classified Banks,25
2018,Ratnagiri,Sangameshwar,Classified Banks,7
2018,Sangli,Atpadi,Branch Offices of Classified Banks,11
2018,Sangli,Atpadi,Classified Banks,65
2018,Sangli,Jat,Branch Offices of Classified Banks,18
2018,Sangli,Jat,Classified Banks,6
2018,Sangli,Kadegaon,Branch Offices of Classified Banks,8
2018,Sangli,Kadegaon,Classified Banks,5
2018,Sangli,Kavathe Mahakal,Branch Offices of Classified Banks,10
2018,Sangli,Kavathe Mahakal,Classified Banks,6
2018,Sangli,Khanapur,Branch Offices of Classified Banks,12
2018,Sangli,Khanapur,Classified Banks,9
2018,Sangli,Miraj,Branch Offices of Classified Banks,99
2018,Sangli,Miraj,Classified Banks,27
2018,Sangli,Palus,Branch Offices of Classified Banks,19
2018,Sangli,Palus,Classified Banks,10
2018,Sangli,Shirala,Branch Offices of Classified Banks,10
2018,Sangli,Shirala,Classified Banks,6
2018,Sangli,Tasgaon,Branch Offices of Classified Banks,21
2018,Sangli,Tasgaon,Classified Banks,13
2018,Sangli,Walwa,Branch Offices of Classified Banks,35
2018,Sangli,Walwa,Classified Banks,12
2018,Satara,Javli,Branch Offices of Classified Banks,19
2018,Satara,Javli,Classified Banks,5
2018,Satara,Karad,Branch Offices of Classified Banks,120
2018,Satara,Karad,Classified Banks,26
2018,Satara,Khandala,Branch Offices of Classified Banks,47
2018,Satara,Khandala,Classified Banks,13
2018,Satara,Khatav,Branch Offices of Classified Banks,49
2018,Satara,Khatav,Classified Banks,9
2018,Satara,Koregaon,Branch Offices of Classified Banks,50
2018,Satara,Koregaon,Classified Banks,8
2018,Satara,Mahableshwar,Branch Offices of Classified Banks,16
2018,Satara,Mahableshwar,Classified Banks,4
2018,Satara,Man,Branch Offices of Classified Banks,37
2018,Satara,Man,Classified Banks,7
2018,Satara,Patan,Branch Offices of Classified Banks,38
2018,Satara,Patan,Classified Banks,5
2018,Satara,Phaltan,Branch Offices of Classified Banks,51
2018,Satara,Phaltan,Classified Banks,12
2018,Satara,Satara,Branch Offices of Classified Banks,109
2018,Satara,Satara,Classified Banks,31
2018,Satara,Wai,Branch Offices of Classified Banks,37
2018,Satara,Wai,Classified Banks,12
2018,Sindhudurg,Devgad,Branch Offices of Classified Banks,12
2018,Sindhudurg,Devgad,Classified Banks,7
2018,Sindhudurg,Dodamarg,Branch Offices of Classified Banks,5
2018,Sindhudurg,Dodamarg,Classified Banks,4
2018,Sindhudurg,Kankavali,Branch Offices of Classified Banks,15
2018,Sindhudurg,Kankavali,Classified Banks,11
2018,Sindhudurg,Kudal,Branch Offices of Classified Banks,9
2018,Sindhudurg,Kudal,Classified Banks,6
2018,Sindhudurg,Malvan,Branch Offices of Classified Banks,22
2018,Sindhudurg,Malvan,Classified Banks,7
2018,Sindhudurg,Sawantwadi,Branch Offices of Classified Banks,14
2018,Sindhudurg,Sawantwadi,Classified Banks,12
2018,Sindhudurg,Vaibhavwadi,Branch Offices of Classified Banks,3
2018,Sindhudurg,Vaibhavwadi,Classified Banks,5
2018,Sindhudurg,Vengurla,Branch Offices of Classified Banks,19
2018,Sindhudurg,Vengurla,Classified Banks,14
2018,Solapur,Akalkot,Branch Offices of Classified Banks,29
2018,Solapur,Akalkot,Classified Banks,9
2018,Solapur,Barsi,Branch Offices of Classified Banks,52
2018,Solapur,Barsi,Classified Banks,13
2018,Solapur,Karmala,Branch Offices of Classified Banks,32
2018,Solapur,Karmala,Classified Banks,10
2018,Solapur,Madha,Branch Offices of Classified Banks,51
2018,Solapur,Madha,Classified Banks,13
2018,Solapur,Malsiras,Branch Offices of Classified Banks,71
2018,Solapur,Malsiras,Classified Banks,13
2018,Solapur,Mangal Vedha,Branch Offices of Classified Banks,26
2018,Solapur,Mangal Vedha,Classified Banks,6
2018,Solapur,Mohol,Branch Offices of Classified Banks,40
2018,Solapur,Mohol,Classified Banks,11
2018,Solapur,North Solapur,Branch Offices of Classified Banks,100
2018,Solapur,North Solapur,Classified Banks,31
2018,Solapur,Pandharpur,Branch Offices of Classified Banks,54
2018,Solapur,Pandharpur,Classified Banks,15
2018,Solapur,Sangola,Branch Offices of Classified Banks,42
2018,Solapur,Sangola,Classified Banks,10
2018,Solapur,South Solapur,Branch Offices of Classified Banks,29
2018,Solapur,South Solapur,Classified Banks,6
2018,Thane,Ambarnath,Branch Offices of Classified Banks,51
2018,Thane,Ambarnath,Classified Banks,23
2018,Thane,Bhivandi,Branch Offices of Classified Banks,59
2018,Thane,Bhivandi,Classified Banks,19
2018,Thane,Kalyan,Branch Offices of Classified Banks,139
2018,Thane,Kalyan,Classified Banks,26
2018,Thane,Murbad,Branch Offices of Classified Banks,20
2018,Thane,Murbad,Classified Banks,10
2018,Thane,Shahapur,Branch Offices of Classified Banks,28
2018,Thane,Shahapur,Classified Banks,17
2018,Thane,Thane,Branch Offices of Classified Banks,511
2018,Thane,Thane,Classified Banks,34
2018,Thane,Ulhasnagar,Branch Offices of Classified Banks,47
2018,Thane,Ulhasnagar,Classified Banks,24
2018,Wardha,Aarvi,Branch Offices of Classified Banks,18
2018,Wardha,Aarvi,Classified Banks,8
2018,Wardha,Ashti,Branch Offices of Classified Banks,7
2018,Wardha,Ashti,Classified Banks,3
2018,Wardha,Devali,Branch Offices of Classified Banks,17
2018,Wardha,Devali,Classified Banks,9
2018,Wardha,Hinganghat,Branch Offices of Classified Banks,19
2018,Wardha,Hinganghat,Classified Banks,12
2018,Wardha,Karanja,Branch Offices of Classified Banks,9
2018,Wardha,Karanja,Classified Banks,4
2018,Wardha,Samudrapur,Branch Offices of Classified Banks,11
2018,Wardha,Samudrapur,Classified Banks,10
2018,Wardha,Selu,Branch Offices of Classified Banks,13
2018,Wardha,Selu,Classified Banks,8
2018,Wardha,Wardha,Branch Offices of Classified Banks,46
2018,Wardha,Wardha,Classified Banks,22
2018,Washim,Karanja,Branch Offices of Classified Banks,23
2018,Washim,Karanja,Classified Banks,10
2018,Washim,Malegaon,Branch Offices of Classified Banks,15
2018,Washim,Malegaon,Classified Banks,5
2018,Washim,Mangrulpir,Branch Offices of Classified Banks,15
2018,Washim,Mangrulpir,Classified Banks,6
2018,Washim,Manora,Branch Offices of Classified Banks,11
2018,Washim,Manora,Classified Banks,4
2018,Washim,Resod,Branch Offices of Classified Banks,19
2018,Washim,Resod,Classified Banks,6
2018,Washim,Washim,Branch Offices of Classified Banks,34
2018,Washim,Washim,Classified Banks,19
2018,Yavatmal,Aarni,Branch Offices of Classified Banks,10
2018,Yavatmal,Aarni,Classified Banks,6
2018,Yavatmal,Babhulgaon,Branch Offices of Classified Banks,6
2018,Yavatmal,Babhulgaon,Classified Banks,4
2018,Yavatmal,Darvha,Branch Offices of Classified Banks,11
2018,Yavatmal,Darvha,Classified Banks,4
2018,Yavatmal,Digras,Branch Offices of Classified Banks,7
2018,Yavatmal,Digras,Classified Banks,6
2018,Yavatmal,Ghantaji,Branch Offices of Classified Banks,5
2018,Yavatmal,Ghantaji,Classified Banks,3
2018,Yavatmal,Kalamb,Branch Offices of Classified Banks,8
2018,Yavatmal,Kalamb,Classified Banks,3
2018,Yavatmal,Kelapur,Branch Offices of Classified Banks,10
2018,Yavatmal,Kelapur,Classified Banks,5
2018,Yavatmal,Mahagaon,Branch Offices of Classified Banks,6
2018,Yavatmal,Mahagaon,Classified Banks,3
2018,Yavatmal,Maregaon,Branch Offices of Classified Banks,6
2018,Yavatmal,Maregaon,Classified Banks,4
2018,Yavatmal,Ner,Branch Offices of Classified Banks,8
2018,Yavatmal,Ner,Classified Banks,5
2018,Yavatmal,Pusad,Branch Offices of Classified Banks,12
2018,Yavatmal,Pusad,Classified Banks,11
2018,Yavatmal,Ralegaon,Branch Offices of Classified Banks,7
2018,Yavatmal,Ralegaon,Classified Banks,5
2018,Yavatmal,Umarkhed,Branch Offices of Classified Banks,10
2018,Yavatmal,Umarkhed,Classified Banks,5
2018,Yavatmal,Vani,Branch Offices of Classified Banks,29
2018,Yavatmal,Vani,Classified Banks,14
2018,Yavatmal,Yavatmal,Branch Offices of Classified Banks,42
2018,Yavatmal,Yavatmal,Classified Banks,19
2018,Yavatmal,Zari Jamani,Branch Offices of Classified Banks,6
2018,Yavatmal,Zari Jamani,Classified Banks,3
2019,Ahilyanagar,Akole,Branch Offices of Classified Banks,35
2019,Ahilyanagar,Akole,Classified Banks,6
2019,Ahilyanagar,Jamkhed,Branch Offices of Classified Banks,20
2019,Ahilyanagar,Jamkhed,Classified Banks,7
2019,Ahilyanagar,Karjat,Branch Offices of Classified Banks,27
2019,Ahilyanagar,Karjat,Classified Banks,7
2019,Ahilyanagar,Kopargaon,Branch Offices of Classified Banks,40
2019,Ahilyanagar,Kopargaon,Classified Banks,13
2019,Ahilyanagar,Nagar,Branch Offices of Classified Banks,110
2019,Ahilyanagar,Nagar,Classified Banks,31
2019,Ahilyanagar,Nevasa,Branch Offices of Classified Banks,34
2019,Ahilyanagar,Nevasa,Classified Banks,9
2019,Ahilyanagar,Parner,Branch Offices of Classified Banks,45
2019,Ahilyanagar,Parner,Classified Banks,8
2019,Ahilyanagar,Pathardi,Branch Offices of Classified Banks,26
2019,Ahilyanagar,Pathardi,Classified Banks,9
2019,Ahilyanagar,Rahata,Branch Offices of Classified Banks,54
2019,Ahilyanagar,Rahata,Classified Banks,25
2019,Ahilyanagar,Rahuri,Branch Offices of Classified Banks,43
2019,Ahilyanagar,Rahuri,Classified Banks,11
2019,Ahilyanagar,Sangamner,Branch Offices of Classified Banks,73
2019,Ahilyanagar,Sangamner,Classified Banks,22
2019,Ahilyanagar,Shevgaon,Branch Offices of Classified Banks,26
2019,Ahilyanagar,Shevgaon,Classified Banks,6
2019,Ahilyanagar,Srigonda,Branch Offices of Classified Banks,42
2019,Ahilyanagar,Srigonda,Classified Banks,13
2019,Ahilyanagar,Srirampur,Branch Offices of Classified Banks,35
2019,Ahilyanagar,Srirampur,Classified Banks,16
2019,Akola,Akola,Branch Offices of Classified Banks,102
2019,Akola,Akola,Classified Banks,58
2019,Akola,Akot,Branch Offices of Classified Banks,32
2019,Akola,Akot,Classified Banks,16
2019,Akola,Balapur,Branch Offices of Classified Banks,21
2019,Akola,Balapur,Classified Banks,8
2019,Akola,Barshitakali,Branch Offices of Classified Banks,9
2019,Akola,Barshitakali,Classified Banks,5
2019,Akola,Murtijapur,Branch Offices of Classified Banks,22
2019,Akola,Murtijapur,Classified Banks,12
2019,Akola,Patur,Branch Offices of Classified Banks,12
2019,Akola,Patur,Classified Banks,4
2019,Akola,Telhara,Branch Offices of Classified Banks,21
2019,Akola,Telhara,Classified Banks,10
2019,Amravati,Achalpur,Branch Offices of Classified Banks,31
2019,Amravati,Achalpur,Classified Banks,14
2019,Amravati,Amravati,Branch Offices of Classified Banks,115
2019,Amravati,Amravati,Classified Banks,27
2019,Amravati,Anjangaon Su,Branch Offices of Classified Banks,19
2019,Amravati,Anjangaon Su,Classified Banks,9
2019,Amravati,Bhatkuli,Branch Offices of Classified Banks,14
2019,Amravati,Bhatkuli,Classified Banks,5
2019,Amravati,Chandur Railway,Branch Offices of Classified Banks,13
2019,Amravati,Chandur Railway,Classified Banks,5
2019,Amravati,Chandurbazar,Branch Offices of Classified Banks,25
2019,Amravati,Chandurbazar,Classified Banks,9
2019,Amravati,Chikhraldara,Branch Offices of Classified Banks,7
2019,Amravati,Chikhraldara,Classified Banks,5
2019,Amravati,Daryapur,Branch Offices of Classified Banks,24
2019,Amravati,Daryapur,Classified Banks,6
2019,Amravati,Dhamangaon Re,Branch Offices of Classified Banks,19
2019,Amravati,Dhamangaon Re,Classified Banks,7
2019,Amravati,Dharani,Branch Offices of Classified Banks,8
2019,Amravati,Dharani,Classified Banks,4
2019,Amravati,Morshi,Branch Offices of Classified Banks,25
2019,Amravati,Morshi,Classified Banks,7
2019,Amravati,Nandgaon Kh,Branch Offices of Classified Banks,15
2019,Amravati,Nandgaon Kh,Classified Banks,7
2019,Amravati,Tivas,Branch Offices of Classified Banks,18
2019,Amravati,Tivas,Classified Banks,8
2019,Amravati,Warud,Branch Offices of Classified Banks,32
2019,Amravati,Warud,Classified Banks,12
2019,Beed,Ambajogai,Branch Offices of Classified Banks,9
2019,Beed,Ambajogai,Classified Banks,4
2019,Beed,Ashti,Branch Offices of Classified Banks,8
2019,Beed,Ashti,Classified Banks,2
2019,Beed,Beed,Branch Offices of Classified Banks,22
2019,Beed,Beed,Classified Banks,10
2019,Beed,Cage,Branch Offices of Classified Banks,4
2019,Beed,Cage,Classified Banks,2
2019,Beed,Dharur,Branch Offices of Classified Banks,4
2019,Beed,Dharur,Classified Banks,3
2019,Beed,Gevrai,Branch Offices of Classified Banks,10
2019,Beed,Gevrai,Classified Banks,4
2019,Beed,Majalgaon,Branch Offices of Classified Banks,4
2019,Beed,Majalgaon,Classified Banks,1
2019,Beed,Parli,Branch Offices of Classified Banks,4
2019,Beed,Parli,Classified Banks,2
2019,Beed,Patoda,Branch Offices of Classified Banks,3
2019,Beed,Patoda,Classified Banks,1
2019,Beed,Shirur Kasar,Branch Offices of Classified Banks,1
2019,Beed,Shirur Kasar,Classified Banks,1
2019,Beed,Wadwani,Branch Offices of Classified Banks,2
2019,Beed,Wadwani,Classified Banks,1
2019,Bhandara,Bhandara,Branch Offices of Classified Banks,40
2019,Bhandara,Bhandara,Classified Banks,21
2019,Bhandara,Lakhandur,Branch Offices of Classified Banks,7
2019,Bhandara,Lakhandur,Classified Banks,3
2019,Bhandara,Lakhani,Branch Offices of Classified Banks,10
2019,Bhandara,Lakhani,Classified Banks,4
2019,Bhandara,Mohadi,Branch Offices of Classified Banks,12
2019,Bhandara,Mohadi,Classified Banks,7
2019,Bhandara,Pavani,Branch Offices of Classified Banks,11
2019,Bhandara,Pavani,Classified Banks,6
2019,Bhandara,Sakoli,Branch Offices of Classified Banks,13
2019,Bhandara,Sakoli,Classified Banks,8
2019,Bhandara,Tumsar,Branch Offices of Classified Banks,20
2019,Bhandara,Tumsar,Classified Banks,12
2019,Buldhana,Buldana,Branch Offices of Classified Banks,32
2019,Buldhana,Buldana,Classified Banks,15
2019,Buldhana,Chikhali,Branch Offices of Classified Banks,26
2019,Buldhana,Chikhali,Classified Banks,9
2019,Buldhana,Deulgaon Raja,Branch Offices of Classified Banks,11
2019,Buldhana,Deulgaon Raja,Classified Banks,6
2019,Buldhana,Jalgaon Jamod,Branch Offices of Classified Banks,13
2019,Buldhana,Jalgaon Jamod,Classified Banks,5
2019,Buldhana,Khamgaon,Branch Offices of Classified Banks,32
2019,Buldhana,Khamgaon,Classified Banks,18
2019,Buldhana,Lonar,Branch Offices of Classified Banks,10
2019,Buldhana,Lonar,Classified Banks,4
2019,Buldhana,Malkapur,Branch Offices of Classified Banks,15
2019,Buldhana,Malkapur,Classified Banks,10
2019,Buldhana,Mehkar,Branch Offices of Classified Banks,20
2019,Buldhana,Mehkar,Classified Banks,7
2019,Buldhana,Motala,Branch Offices of Classified Banks,15
2019,Buldhana,Motala,Classified Banks,5
2019,Buldhana,Nandura,Branch Offices of Classified Banks,15
2019,Buldhana,Nandura,Classified Banks,7
2019,Buldhana,Sangrampur,Branch Offices of Classified Banks,12
2019,Buldhana,Sangrampur,Classified Banks,6
2019,Buldhana,Shegaon,Branch Offices of Classified Banks,16
2019,Buldhana,Shegaon,Classified Banks,9
2019,Buldhana,Sindkhed Raja,Branch Offices of Classified Banks,13
2019,Buldhana,Sindkhed Raja,Classified Banks,4
2019,Chandrapur,Ballarpur,Branch Offices of Classified Banks,17
2019,Chandrapur,Ballarpur,Classified Banks,11
2019,Chandrapur,Bhadravati,Branch Offices of Classified Banks,28
2019,Chandrapur,Bhadravati,Classified Banks,10
2019,Chandrapur,Bramhapuri,Branch Offices of Classified Banks,26
2019,Chandrapur,Bramhapuri,Classified Banks,13
2019,Chandrapur,Chandrapur,Branch Offices of Classified Banks,74
2019,Chandrapur,Chandrapur,Classified Banks,24
2019,Chandrapur,Chimur,Branch Offices of Classified Banks,17
2019,Chandrapur,Chimur,Classified Banks,5
2019,Chandrapur,Gondpipari,Branch Offices of Classified Banks,12
2019,Chandrapur,Gondpipari,Classified Banks,3
2019,Chandrapur,Jivati,Branch Offices of Classified Banks,4
2019,Chandrapur,Jivati,Classified Banks,3
2019,Chandrapur,Korpana,Branch Offices of Classified Banks,15
2019,Chandrapur,Korpana,Classified Banks,4
2019,Chandrapur,Mul,Branch Offices of Classified Banks,18
2019,Chandrapur,Mul,Classified Banks,9
2019,Chandrapur,Nagbhid,Branch Offices of Classified Banks,18
2019,Chandrapur,Nagbhid,Classified Banks,7
2019,Chandrapur,Ponbhurna,Branch Offices of Classified Banks,4
2019,Chandrapur,Ponbhurna,Classified Banks,3
2019,Chandrapur,Rajura,Branch Offices of Classified Banks,13
2019,Chandrapur,Rajura,Classified Banks,8
2019,Chandrapur,Savali,Branch Offices of Classified Banks,11
2019,Chandrapur,Savali,Classified Banks,4
2019,Chandrapur,Sindevahi,Branch Offices of Classified Banks,13
2019,Chandrapur,Sindevahi,Classified Banks,5
2019,Chandrapur,Varora,Branch Offices of Classified Banks,31
2019,Chandrapur,Varora,Classified Banks,15
2019,Chhatrapati Sambhajinagar,Chhatrapati Sambhaji Nagar,Branch Offices of Classified Banks,197
2019,Chhatrapati Sambhajinagar,Chhatrapati Sambhaji Nagar,Classified Banks,45
2019,Chhatrapati Sambhajinagar,Gangapur,Branch Offices of Classified Banks,39
2019,Chhatrapati Sambhajinagar,Gangapur,Classified Banks,11
2019,Chhatrapati Sambhajinagar,Kannad,Branch Offices of Classified Banks,40
2019,Chhatrapati Sambhajinagar,Kannad,Classified Banks,8
2019,Chhatrapati Sambhajinagar,Khultabad,Branch Offices of Classified Banks,13
2019,Chhatrapati Sambhajinagar,Khultabad,Classified Banks,5
2019,Chhatrapati Sambhajinagar,Paithan,Branch Offices of Classified Banks,46
2019,Chhatrapati Sambhajinagar,Paithan,Classified Banks,12
2019,Chhatrapati Sambhajinagar,Phulambri,Branch Offices of Classified Banks,15
2019,Chhatrapati Sambhajinagar,Phulambri,Classified Banks,6
2019,Chhatrapati Sambhajinagar,Sillod,Branch Offices of Classified Banks,39
2019,Chhatrapati Sambhajinagar,Sillod,Classified Banks,11
2019,Chhatrapati Sambhajinagar,Soyegaon,Branch Offices of Classified Banks,14
2019,Chhatrapati Sambhajinagar,Soyegaon,Classified Banks,3
2019,Chhatrapati Sambhajinagar,Vaijapur,Branch Offices of Classified Banks,36
2019,Chhatrapati Sambhajinagar,Vaijapur,Classified Banks,9
2019,Dharashiv,Bhum,Branch Offices of Classified Banks,8
2019,Dharashiv,Bhum,Classified Banks,6
2019,Dharashiv,Dharashiv,Branch Offices of Classified Banks,33
2019,Dharashiv,Dharashiv,Classified Banks,17
2019,Dharashiv,Kalamb,Branch Offices of Classified Banks,13
2019,Dharashiv,Kalamb,Classified Banks,6
2019,Dharashiv,Lohara,Branch Offices of Classified Banks,7
2019,Dharashiv,Lohara,Classified Banks,3
2019,Dharashiv,Paranda,Branch Offices of Classified Banks,8
2019,Dharashiv,Paranda,Classified Banks,4
2019,Dharashiv,Tuljapur,Branch Offices of Classified Banks,17
2019,Dharashiv,Tuljapur,Classified Banks,8
2019,Dharashiv,Umaraga,Branch Offices of Classified Banks,22
2019,Dharashiv,Umaraga,Classified Banks,8
2019,Dharashiv,Washi,Branch Offices of Classified Banks,5
2019,Dharashiv,Washi,Classified Banks,3
2019,Dhule,Dhule,Branch Offices of Classified Banks,59
2019,Dhule,Dhule,Classified Banks,25
2019,Dhule,Sakri,Branch Offices of Classified Banks,19
2019,Dhule,Sakri,Classified Banks,8
2019,Dhule,Shindkheda,Branch Offices of Classified Banks,15
2019,Dhule,Shindkheda,Classified Banks,9
2019,Dhule,Shirpur,Branch Offices of Classified Banks,22
2019,Dhule,Shirpur,Classified Banks,13
2019,Gadchiroli,Aheri,Branch Offices of Classified Banks,9
2019,Gadchiroli,Aheri,Classified Banks,4
2019,Gadchiroli,Bhamragad,Branch Offices of Classified Banks,1
2019,Gadchiroli,Bhamragad,Classified Banks,1
2019,Gadchiroli,Chomoshi,Branch Offices of Classified Banks,9
2019,Gadchiroli,Chomoshi,Classified Banks,4
2019,Gadchiroli,Desaiganj,Branch Offices of Classified Banks,8
2019,Gadchiroli,Desaiganj,Classified Banks,5
2019,Gadchiroli,Dhanora,Branch Offices of Classified Banks,5
2019,Gadchiroli,Dhanora,Classified Banks,3
2019,Gadchiroli,Etapalli,Branch Offices of Classified Banks,2
2019,Gadchiroli,Etapalli,Classified Banks,2
2019,Gadchiroli,Gadchiroli,Branch Offices of Classified Banks,14
2019,Gadchiroli,Gadchiroli,Classified Banks,11
2019,Gadchiroli,Korachi,Branch Offices of Classified Banks,2
2019,Gadchiroli,Korachi,Classified Banks,2
2019,Gadchiroli,Kurkheda,Branch Offices of Classified Banks,5
2019,Gadchiroli,Kurkheda,Classified Banks,4
2019,Gadchiroli,Mulchera,Branch Offices of Classified Banks,2
2019,Gadchiroli,Mulchera,Classified Banks,2
2019,Gadchiroli,Sironcha,Branch Offices of Classified Banks,3
2019,Gadchiroli,Sironcha,Classified Banks,2
2019,Gadchiroli,rmori,Branch Offices of Classified Banks,6
2019,Gadchiroli,rmori,Classified Banks,4
2019,Gondia,Aamgaon,Branch Offices of Classified Banks,8
2019,Gondia,Aamgaon,Classified Banks,6
2019,Gondia,Arjuni Morgaon,Branch Offices of Classified Banks,9
2019,Gondia,Arjuni Morgaon,Classified Banks,6
2019,Gondia,Devari,Branch Offices of Classified Banks,9
2019,Gondia,Devari,Classified Banks,8
2019,Gondia,Gondia,Branch Offices of Classified Banks,48
2019,Gondia,Gondia,Classified Banks,24
2019,Gondia,Goregaon,Branch Offices of Classified Banks,5
2019,Gondia,Goregaon,Classified Banks,3
2019,Gondia,Sadak Arjuni,Branch Offices of Classified Banks,8
2019,Gondia,Sadak Arjuni,Classified Banks,4
2019,Gondia,Salekasa,Branch Offices of Classified Banks,4
2019,Gondia,Salekasa,Classified Banks,2
2019,Gondia,Tiroda,Branch Offices of Classified Banks,14
2019,Gondia,Tiroda,Classified Banks,11
2019,Hingoli,Aundha na,Branch Offices of Classified Banks,14
2019,Hingoli,Aundha na,Classified Banks,4
2019,Hingoli,Hingoli,Branch Offices of Classified Banks,36
2019,Hingoli,Hingoli,Classified Banks,20
2019,Hingoli,Kalamanuri,Branch Offices of Classified Banks,20
2019,Hingoli,Kalamanuri,Classified Banks,4
2019,Hingoli,Sengaon,Branch Offices of Classified Banks,16
2019,Hingoli,Sengaon,Classified Banks,4
2019,Hingoli,vasamat,Branch Offices of Classified Banks,25
2019,Hingoli,vasamat,Classified Banks,7
2019,Jalgaon,Amalner,Branch Offices of Classified Banks,31
2019,Jalgaon,Amalner,Classified Banks,3
2019,Jalgaon,Bhadgaon,Branch Offices of Classified Banks,22
2019,Jalgaon,Bhadgaon,Classified Banks,2
2019,Jalgaon,Bhusawal,Branch Offices of Classified Banks,43
2019,Jalgaon,Bhusawal,Classified Banks,4
2019,Jalgaon,Bodvad,Branch Offices of Classified Banks,33
2019,Jalgaon,Bodvad,Classified Banks,3
2019,Jalgaon,Chalisgaon,Branch Offices of Classified Banks,45
2019,Jalgaon,Chalisgaon,Classified Banks,3
2019,Jalgaon,Chopda,Branch Offices of Classified Banks,31
2019,Jalgaon,Chopda,Classified Banks,3
2019,Jalgaon,Dharangaon,Branch Offices of Classified Banks,17
2019,Jalgaon,Dharangaon,Classified Banks,3
2019,Jalgaon,Erandol,Branch Offices of Classified Banks,18
2019,Jalgaon,Erandol,Classified Banks,4
2019,Jalgaon,Jalgaon,Branch Offices of Classified Banks,97
2019,Jalgaon,Jalgaon,Classified Banks,4
2019,Jalgaon,Jamner,Branch Offices of Classified Banks,37
2019,Jalgaon,Jamner,Classified Banks,4
2019,Jalgaon,Muktainagar (Edlabad),Branch Offices of Classified Banks,23
2019,Jalgaon,Muktainagar (Edlabad),Classified Banks,4
2019,Jalgaon,Pachora,Branch Offices of Classified Banks,43
2019,Jalgaon,Pachora,Classified Banks,4
2019,Jalgaon,Parola,Branch Offices of Classified Banks,21
2019,Jalgaon,Parola,Classified Banks,3
2019,Jalgaon,Raver,Branch Offices of Classified Banks,47
2019,Jalgaon,Raver,Classified Banks,4
2019,Jalgaon,Yawal,Branch Offices of Classified Banks,44
2019,Jalgaon,Yawal,Classified Banks,4
2019,Jalna,Ambad,Branch Offices of Classified Banks,27
2019,Jalna,Ambad,Classified Banks,8
2019,Jalna,Badnapur,Branch Offices of Classified Banks,14
2019,Jalna,Badnapur,Classified Banks,7
2019,Jalna,Bhokardan,Branch Offices of Classified Banks,27
2019,Jalna,Bhokardan,Classified Banks,7
2019,Jalna,Ghansawangi,Branch Offices of Classified Banks,17
2019,Jalna,Ghansawangi,Classified Banks,7
2019,Jalna,Jaffrabad,Branch Offices of Classified Banks,14
2019,Jalna,Jaffrabad,Classified Banks,5
2019,Jalna,Jalna,Branch Offices of Classified Banks,48
2019,Jalna,Jalna,Classified Banks,23
2019,Jalna,Mantha,Branch Offices of Classified Banks,10
2019,Jalna,Mantha,Classified Banks,4
2019,Jalna,Partur,Branch Offices of Classified Banks,17
2019,Jalna,Partur,Classified Banks,7
2019,Kolhapur,Ajara,Branch Offices of Classified Banks,20
2019,Kolhapur,Ajara,Classified Banks,7
2019,Kolhapur,Bhudargad,Branch Offices of Classified Banks,27
2019,Kolhapur,Bhudargad,Classified Banks,7
2019,Kolhapur,Chandgad,Branch Offices of Classified Banks,26
2019,Kolhapur,Chandgad,Classified Banks,7
2019,Kolhapur,Gadhinglaj,Branch Offices of Classified Banks,44
2019,Kolhapur,Gadhinglaj,Classified Banks,16
2019,Kolhapur,Gaganbavada,Branch Offices of Classified Banks,8
2019,Kolhapur,Gaganbavada,Classified Banks,3
2019,Kolhapur,Hatkanangale,Branch Offices of Classified Banks,102
2019,Kolhapur,Hatkanangale,Classified Banks,28
2019,Kolhapur,Kagal,Branch Offices of Classified Banks,43
2019,Kolhapur,Kagal,Classified Banks,16
2019,Kolhapur,Karveer,Branch Offices of Classified Banks,192
2019,Kolhapur,Karveer,Classified Banks,38
2019,Kolhapur,Panhala,Branch Offices of Classified Banks,41
2019,Kolhapur,Panhala,Classified Banks,10
2019,Kolhapur,Radhanagari,Branch Offices of Classified Banks,33
2019,Kolhapur,Radhanagari,Classified Banks,10
2019,Kolhapur,Shahuwadi,Branch Offices of Classified Banks,28
2019,Kolhapur,Shahuwadi,Classified Banks,9
2019,Kolhapur,Shirol,Branch Offices of Classified Banks,64
2019,Kolhapur,Shirol,Classified Banks,19
2019,Latur,Ahamadpur,Branch Offices of Classified Banks,23
2019,Latur,Ahamadpur,Classified Banks,7
2019,Latur,Aosa,Branch Offices of Classified Banks,28
2019,Latur,Aosa,Classified Banks,8
2019,Latur,Chakur,Branch Offices of Classified Banks,18
2019,Latur,Chakur,Classified Banks,5
2019,Latur,Devani,Branch Offices of Classified Banks,13
2019,Latur,Devani,Classified Banks,5
2019,Latur,Jalkot,Branch Offices of Classified Banks,6
2019,Latur,Jalkot,Classified Banks,5
2019,Latur,Latur,Branch Offices of Classified Banks,92
2019,Latur,Latur,Classified Banks,25
2019,Latur,Nilanga,Branch Offices of Classified Banks,28
2019,Latur,Nilanga,Classified Banks,6
2019,Latur,Renapur,Branch Offices of Classified Banks,16
2019,Latur,Renapur,Classified Banks,7
2019,Latur,Shirur-Anantpal,Branch Offices of Classified Banks,12
2019,Latur,Shirur-Anantpal,Classified Banks,5
2019,Latur,Udgir,Branch Offices of Classified Banks,37
2019,Latur,Udgir,Classified Banks,15
2019,Mumbai City,Mumbai City,Branch Offices of Classified Banks,1030
2019,Mumbai City,Mumbai City,Classified Banks,31
2019,Mumbai Suburban,Adheri,Branch Offices of Classified Banks,1286
2019,Mumbai Suburban,Adheri,Classified Banks,43
2019,Nagpur,Bhiwapur,Branch Offices of Classified Banks,7
2019,Nagpur,Bhiwapur,Classified Banks,5
2019,Nagpur,Hingana,Branch Offices of Classified Banks,16
2019,Nagpur,Hingana,Classified Banks,11
2019,Nagpur,Kalameshwar,Branch Offices of Classified Banks,16
2019,Nagpur,Kalameshwar,Classified Banks,12
2019,Nagpur,Kamathi,Branch Offices of Classified Banks,25
2019,Nagpur,Kamathi,Classified Banks,12
2019,Nagpur,Katol,Branch Offices of Classified Banks,21
2019,Nagpur,Katol,Classified Banks,10
2019,Nagpur,Kuhi,Branch Offices of Classified Banks,11
2019,Nagpur,Kuhi,Classified Banks,6
2019,Nagpur,Mauda,Branch Offices of Classified Banks,16
2019,Nagpur,Mauda,Classified Banks,12
2019,Nagpur,Nagpur (Gra),Branch Offices of Classified Banks,22
2019,Nagpur,Nagpur (Gra),Classified Banks,10
2019,Nagpur,Nagpur (Sh),Branch Offices of Classified Banks,381
2019,Nagpur,Nagpur (Sh),Classified Banks,23
2019,Nagpur,Narkhed,Branch Offices of Classified Banks,11
2019,Nagpur,Narkhed,Classified Banks,5
2019,Nagpur,Parashivani,Branch Offices of Classified Banks,8
2019,Nagpur,Parashivani,Classified Banks,8
2019,Nagpur,Ramtech,Branch Offices of Classified Banks,18
2019,Nagpur,Ramtech,Classified Banks,9
2019,Nagpur,Sawner,Branch Offices of Classified Banks,20
2019,Nagpur,Sawner,Classified Banks,13
2019,Nagpur,Umred,Branch Offices of Classified Banks,21
2019,Nagpur,Umred,Classified Banks,13
2019,Nanded,Himalay nagar,Branch Offices of Classified Banks,5
2019,Nanded,Himalay nagar,Classified Banks,3
2019,Nanded,Kinvat,Branch Offices of Classified Banks,15
2019,Nanded,Kinvat,Classified Banks,5
2019,Nanded,Mahur,Branch Offices of Classified Banks,5
2019,Nanded,Mahur,Classified Banks,3
2019,Nanded,Mudkhed,Branch Offices of Classified Banks,13
2019,Nanded,Mudkhed,Classified Banks,4
2019,Nanded,Mukhed,Branch Offices of Classified Banks,21
2019,Nanded,Mukhed,Classified Banks,5
2019,Nanded,Nanded,Branch Offices of Classified Banks,82
2019,Nanded,Nanded,Classified Banks,30
2019,Nanded,andhrapur,Branch Offices of Classified Banks,10
2019,Nanded,andhrapur,Classified Banks,5
2019,Nanded,bhokar,Branch Offices of Classified Banks,11
2019,Nanded,bhokar,Classified Banks,3
2019,Nanded,biloli,Branch Offices of Classified Banks,14
2019,Nanded,biloli,Classified Banks,5
2019,Nanded,deglur,Branch Offices of Classified Banks,23
2019,Nanded,deglur,Classified Banks,5
2019,Nanded,dharmabad,Branch Offices of Classified Banks,11
2019,Nanded,dharmabad,Classified Banks,6
2019,Nanded,hadgaon,Branch Offices of Classified Banks,13
2019,Nanded,hadgaon,Classified Banks,5
2019,Nanded,kandhar,Branch Offices of Classified Banks,18
2019,Nanded,kandhar,Classified Banks,4
2019,Nanded,loha,Branch Offices of Classified Banks,17
2019,Nanded,loha,Classified Banks,6
2019,Nanded,naygaon,Branch Offices of Classified Banks,16
2019,Nanded,naygaon,Classified Banks,4
2019,Nanded,umari,Branch Offices of Classified Banks,8
2019,Nanded,umari,Classified Banks,3
2019,Nandurbar,Akkalkuva,Branch Offices of Classified Banks,10
2019,Nandurbar,Akkalkuva,Classified Banks,5
2019,Nandurbar,Akrani,Branch Offices of Classified Banks,4
2019,Nandurbar,Akrani,Classified Banks,3
2019,Nandurbar,Nandurbar,Branch Offices of Classified Banks,35
2019,Nandurbar,Nandurbar,Classified Banks,15
2019,Nandurbar,Navapur,Branch Offices of Classified Banks,15
2019,Nandurbar,Navapur,Classified Banks,7
2019,Nandurbar,Shahada,Branch Offices of Classified Banks,31
2019,Nandurbar,Shahada,Classified Banks,12
2019,Nandurbar,Taloda,Branch Offices of Classified Banks,10
2019,Nandurbar,Taloda,Classified Banks,5
2019,Nashik,Baglan,Branch Offices of Classified Banks,54
2019,Nashik,Baglan,Classified Banks,8
2019,Nashik,Chandwad,Branch Offices of Classified Banks,24
2019,Nashik,Chandwad,Classified Banks,4
2019,Nashik,Devala,Branch Offices of Classified Banks,25
2019,Nashik,Devala,Classified Banks,4
2019,Nashik,Dindori,Branch Offices of Classified Banks,46
2019,Nashik,Dindori,Classified Banks,12
2019,Nashik,Igatpuri,Branch Offices of Classified Banks,30
2019,Nashik,Igatpuri,Classified Banks,8
2019,Nashik,Kalwan,Branch Offices of Classified Banks,25
2019,Nashik,Kalwan,Classified Banks,5
2019,Nashik,Malegaon,Branch Offices of Classified Banks,70
2019,Nashik,Malegaon,Classified Banks,12
2019,Nashik,Nandgaon,Branch Offices of Classified Banks,27
2019,Nashik,Nandgaon,Classified Banks,7
2019,Nashik,Nashik,Branch Offices of Classified Banks,276
2019,Nashik,Nashik,Classified Banks,21
2019,Nashik,Nifad,Branch Offices of Classified Banks,128
2019,Nashik,Nifad,Classified Banks,13
2019,Nashik,Peth,Branch Offices of Classified Banks,9
2019,Nashik,Peth,Classified Banks,4
2019,Nashik,Sinner,Branch Offices of Classified Banks,47
2019,Nashik,Sinner,Classified Banks,13
2019,Nashik,Surgana,Branch Offices of Classified Banks,9
2019,Nashik,Surgana,Classified Banks,3
2019,Nashik,Trimbak,Branch Offices of Classified Banks,28
2019,Nashik,Trimbak,Classified Banks,4
2019,Nashik,Yewala,Branch Offices of Classified Banks,13
2019,Nashik,Yewala,Classified Banks,5
2019,Palghar,Dahanu,Branch Offices of Classified Banks,37
2019,Palghar,Dahanu,Classified Banks,8
2019,Palghar,Javhar,Branch Offices of Classified Banks,5
2019,Palghar,Javhar,Classified Banks,3
2019,Palghar,Mokhada,Branch Offices of Classified Banks,8
2019,Palghar,Mokhada,Classified Banks,4
2019,Palghar,Palghar,Branch Offices of Classified Banks,67
2019,Palghar,Palghar,Classified Banks,6
2019,Palghar,Talasari,Branch Offices of Classified Banks,8
2019,Palghar,Talasari,Classified Banks,4
2019,Palghar,Vasai,Branch Offices of Classified Banks,145
2019,Palghar,Vasai,Classified Banks,11
2019,Palghar,Vikramgad,Branch Offices of Classified Banks,6
2019,Palghar,Vikramgad,Classified Banks,3
2019,Palghar,Wada,Branch Offices of Classified Banks,22
2019,Palghar,Wada,Classified Banks,6
2019,Parbhani,Gangakhed,Branch Offices of Classified Banks,14
2019,Parbhani,Gangakhed,Classified Banks,8
2019,Parbhani,Jintur,Branch Offices of Classified Banks,14
2019,Parbhani,Jintur,Classified Banks,2
2019,Parbhani,Manvat,Branch Offices of Classified Banks,12
2019,Parbhani,Manvat,Classified Banks,5
2019,Parbhani,Palam,Branch Offices of Classified Banks,8
2019,Parbhani,Palam,Classified Banks,2
2019,Parbhani,Parbhani,Branch Offices of Classified Banks,54
2019,Parbhani,Parbhani,Classified Banks,19
2019,Parbhani,Pathari,Branch Offices of Classified Banks,9
2019,Parbhani,Pathari,Classified Banks,3
2019,Parbhani,Purna,Branch Offices of Classified Banks,17
2019,Parbhani,Purna,Classified Banks,3
2019,Parbhani,Selu,Branch Offices of Classified Banks,15
2019,Parbhani,Selu,Classified Banks,7
2019,Parbhani,Sonpeth,Branch Offices of Classified Banks,9
2019,Parbhani,Sonpeth,Classified Banks,2
2019,Pune,Aambegaon,Branch Offices of Classified Banks,41
2019,Pune,Aambegaon,Classified Banks,10
2019,Pune,Baramati,Branch Offices of Classified Banks,81
2019,Pune,Baramati,Classified Banks,22
2019,Pune,Bhor,Branch Offices of Classified Banks,80
2019,Pune,Bhor,Classified Banks,22
2019,Pune,Daund,Branch Offices of Classified Banks,60
2019,Pune,Daund,Classified Banks,15
2019,Pune,Haveli,Branch Offices of Classified Banks,218
2019,Pune,Haveli,Classified Banks,38
2019,Pune,Indapur,Branch Offices of Classified Banks,62
2019,Pune,Indapur,Classified Banks,14
2019,Pune,Junnar,Branch Offices of Classified Banks,54
2019,Pune,Junnar,Classified Banks,13
2019,Pune,Khed,Branch Offices of Classified Banks,94
2019,Pune,Khed,Classified Banks,25
2019,Pune,Maval,Branch Offices of Classified Banks,65
2019,Pune,Maval,Classified Banks,20
2019,Pune,Mulashi,Branch Offices of Classified Banks,59
2019,Pune,Mulashi,Classified Banks,19
2019,Pune,Pune City,Branch Offices of Classified Banks,998
2019,Pune,Pune City,Classified Banks,39
2019,Pune,Purandar,Branch Offices of Classified Banks,30
2019,Pune,Purandar,Classified Banks,10
2019,Pune,Shirur,Branch Offices of Classified Banks,74
2019,Pune,Shirur,Classified Banks,17
2019,Pune,Welhe,Branch Offices of Classified Banks,12
2019,Pune,Welhe,Classified Banks,3
2019,Raigad,Panwel,Branch Offices of Classified Banks,140
2019,Raigad,Panwel,Classified Banks,28
2019,Raigad,Uran,Branch Offices of Classified Banks,31
2019,Raigad,Uran,Classified Banks,13
2019,Raigad,alibag,Branch Offices of Classified Banks,37
2019,Raigad,alibag,Classified Banks,15
2019,Raigad,karjat,Branch Offices of Classified Banks,28
2019,Raigad,karjat,Classified Banks,14
2019,Raigad,khalapur,Branch Offices of Classified Banks,26
2019,Raigad,khalapur,Classified Banks,14
2019,Raigad,mahad,Branch Offices of Classified Banks,16
2019,Raigad,mahad,Classified Banks,10
2019,Raigad,mangaon,Branch Offices of Classified Banks,24
2019,Raigad,mangaon,Classified Banks,8
2019,Raigad,mhasala,Branch Offices of Classified Banks,7
2019,Raigad,mhasala,Classified Banks,2
2019,Raigad,murud,Branch Offices of Classified Banks,8
2019,Raigad,murud,Classified Banks,4
2019,Raigad,pen,Branch Offices of Classified Banks,27
2019,Raigad,pen,Classified Banks,14
2019,Raigad,poladpur,Branch Offices of Classified Banks,7
2019,Raigad,poladpur,Classified Banks,5
2019,Raigad,roha,Branch Offices of Classified Banks,19
2019,Raigad,roha,Classified Banks,12
2019,Raigad,shreevardhan,Branch Offices of Classified Banks,12
2019,Raigad,shreevardhan,Classified Banks,5
2019,Raigad,sudhagad,Branch Offices of Classified Banks,5
2019,Raigad,sudhagad,Classified Banks,4
2019,Raigad,tala,Branch Offices of Classified Banks,2
2019,Raigad,tala,Classified Banks,2
2019,Ratnagiri,Chiplun,Branch Offices of Classified Banks,57
2019,Ratnagiri,Chiplun,Classified Banks,24
2019,Ratnagiri,Dapoli,Branch Offices of Classified Banks,32
2019,Ratnagiri,Dapoli,Classified Banks,12
2019,Ratnagiri,Guhagar,Branch Offices of Classified Banks,20
2019,Ratnagiri,Guhagar,Classified Banks,9
2019,Ratnagiri,Khed,Branch Offices of Classified Banks,37
2019,Ratnagiri,Khed,Classified Banks,16
2019,Ratnagiri,Lanja,Branch Offices of Classified Banks,19
2019,Ratnagiri,Lanja,Classified Banks,8
2019,Ratnagiri,Mandangad,Branch Offices of Classified Banks,16
2019,Ratnagiri,Mandangad,Classified Banks,5
2019,Ratnagiri,Rajapur,Branch Offices of Classified Banks,31
2019,Ratnagiri,Rajapur,Classified Banks,10
2019,Ratnagiri,Ratnagiri,Branch Offices of Classified Banks,87
2019,Ratnagiri,Ratnagiri,Classified Banks,32
2019,Ratnagiri,Sangameshwar,Branch Offices of Classified Banks,25
2019,Ratnagiri,Sangameshwar,Classified Banks,7
2019,Sangli,Atpadi,Branch Offices of Classified Banks,10
2019,Sangli,Atpadi,Classified Banks,5
2019,Sangli,Jat,Branch Offices of Classified Banks,16
2019,Sangli,Jat,Classified Banks,6
2019,Sangli,Kadegaon,Branch Offices of Classified Banks,7
2019,Sangli,Kadegaon,Classified Banks,5
2019,Sangli,Kavathe Mahakal,Branch Offices of Classified Banks,9
2019,Sangli,Kavathe Mahakal,Classified Banks,6
2019,Sangli,Khanapur,Branch Offices of Classified Banks,1
2019,Sangli,Khanapur,Classified Banks,9
2019,Sangli,Miraj,Branch Offices of Classified Banks,73
2019,Sangli,Miraj,Classified Banks,27
2019,Sangli,Palus,Branch Offices of Classified Banks,20
2019,Sangli,Palus,Classified Banks,11
2019,Sangli,Shirala,Branch Offices of Classified Banks,10
2019,Sangli,Shirala,Classified Banks,7
2019,Sangli,Tasgaon,Branch Offices of Classified Banks,25
2019,Sangli,Tasgaon,Classified Banks,15
2019,Sangli,Walwa,Branch Offices of Classified Banks,38
2019,Sangli,Walwa,Classified Banks,14
2019,Satara,Javli,Branch Offices of Classified Banks,19
2019,Satara,Javli,Classified Banks,5
2019,Satara,Karad,Branch Offices of Classified Banks,120
2019,Satara,Karad,Classified Banks,26
2019,Satara,Khandala,Branch Offices of Classified Banks,48
2019,Satara,Khandala,Classified Banks,14
2019,Satara,Khatav,Branch Offices of Classified Banks,49
2019,Satara,Khatav,Classified Banks,9
2019,Satara,Koregaon,Branch Offices of Classified Banks,50
2019,Satara,Koregaon,Classified Banks,8
2019,Satara,Mahableshwar,Branch Offices of Classified Banks,16
2019,Satara,Mahableshwar,Classified Banks,4
2019,Satara,Man,Branch Offices of Classified Banks,37
2019,Satara,Man,Classified Banks,7
2019,Satara,Patan,Branch Offices of Classified Banks,38
2019,Satara,Patan,Classified Banks,5
2019,Satara,Phaltan,Branch Offices of Classified Banks,51
2019,Satara,Phaltan,Classified Banks,12
2019,Satara,Satara,Branch Offices of Classified Banks,110
2019,Satara,Satara,Classified Banks,33
2019,Satara,Wai,Branch Offices of Classified Banks,37
2019,Satara,Wai,Classified Banks,12
2019,Sindhudurg,Devgad,Branch Offices of Classified Banks,12
2019,Sindhudurg,Devgad,Classified Banks,7
2019,Sindhudurg,Dodamarg,Branch Offices of Classified Banks,5
2019,Sindhudurg,Dodamarg,Classified Banks,4
2019,Sindhudurg,Kankawali,Branch Offices of Classified Banks,15
2019,Sindhudurg,Kankawali,Classified Banks,11
2019,Sindhudurg,Kudal,Branch Offices of Classified Banks,9
2019,Sindhudurg,Kudal,Classified Banks,6
2019,Sindhudurg,Malwan,Branch Offices of Classified Banks,22
2019,Sindhudurg,Malwan,Classified Banks,7
2019,Sindhudurg,Savantwadi,Branch Offices of Classified Banks,14
2019,Sindhudurg,Savantwadi,Classified Banks,12
2019,Sindhudurg,Vaibhavwadi,Branch Offices of Classified Banks,3
2019,Sindhudurg,Vaibhavwadi,Classified Banks,5
2019,Sindhudurg,Vengurla,Branch Offices of Classified Banks,19
2019,Sindhudurg,Vengurla,Classified Banks,14
2019,Solapur,Akkalkot,Branch Offices of Classified Banks,29
2019,Solapur,Akkalkot,Classified Banks,9
2019,Solapur,Barshi,Branch Offices of Classified Banks,52
2019,Solapur,Barshi,Classified Banks,13
2019,Solapur,Karmala,Branch Offices of Classified Banks,32
2019,Solapur,Karmala,Classified Banks,10
2019,Solapur,Madha,Branch Offices of Classified Banks,51
2019,Solapur,Madha,Classified Banks,13
2019,Solapur,Malshiras,Branch Offices of Classified Banks,71
2019,Solapur,Malshiras,Classified Banks,13
2019,Solapur,Mangalvedha,Branch Offices of Classified Banks,26
2019,Solapur,Mangalvedha,Classified Banks,6
2019,Solapur,Mohol,Branch Offices of Classified Banks,40
2019,Solapur,Mohol,Classified Banks,11
2019,Solapur,North Solapur,Branch Offices of Classified Banks,100
2019,Solapur,North Solapur,Classified Banks,31
2019,Solapur,Pandharpur,Branch Offices of Classified Banks,54
2019,Solapur,Pandharpur,Classified Banks,15
2019,Solapur,Sangola,Branch Offices of Classified Banks,42
2019,Solapur,Sangola,Classified Banks,10
2019,Solapur,South Solapur,Branch Offices of Classified Banks,29
2019,Solapur,South Solapur,Classified Banks,6
2019,Thane,Ambarnath,Branch Offices of Classified Banks,51
2019,Thane,Ambarnath,Classified Banks,23
2019,Thane,Bhivandi,Branch Offices of Classified Banks,59
2019,Thane,Bhivandi,Classified Banks,19
2019,Thane,Kalyan,Branch Offices of Classified Banks,139
2019,Thane,Kalyan,Classified Banks,26
2019,Thane,Murbad,Branch Offices of Classified Banks,20
2019,Thane,Murbad,Classified Banks,10
2019,Thane,Shahapur,Branch Offices of Classified Banks,28
2019,Thane,Shahapur,Classified Banks,17
2019,Thane,Thane,Branch Offices of Classified Banks,511
2019,Thane,Thane,Classified Banks,34
2019,Thane,Ulhasnagar,Branch Offices of Classified Banks,47
2019,Thane,Ulhasnagar,Classified Banks,24
2019,Wardha,Aarvi,Branch Offices of Classified Banks,18
2019,Wardha,Aarvi,Classified Banks,8
2019,Wardha,Ashti,Branch Offices of Classified Banks,7
2019,Wardha,Ashti,Classified Banks,3
2019,Wardha,Devali,Branch Offices of Classified Banks,17
2019,Wardha,Devali,Classified Banks,9
2019,Wardha,Hinganghat,Branch Offices of Classified Banks,19
2019,Wardha,Hinganghat,Classified Banks,12
2019,Wardha,Karanja,Branch Offices of Classified Banks,9
2019,Wardha,Karanja,Classified Banks,4
2019,Wardha,Samudrapur,Branch Offices of Classified Banks,11
2019,Wardha,Samudrapur,Classified Banks,10
2019,Wardha,Selu,Branch Offices of Classified Banks,13
2019,Wardha,Selu,Classified Banks,8
2019,Wardha,Wardha,Branch Offices of Classified Banks,46
2019,Wardha,Wardha,Classified Banks,22
2019,Washim,Karanja,Branch Offices of Classified Banks,14
2019,Washim,Karanja,Classified Banks,9
2019,Washim,Malegaon,Branch Offices of Classified Banks,9
2019,Washim,Malegaon,Classified Banks,4
2019,Washim,Mangrulpir,Branch Offices of Classified Banks,9
2019,Washim,Mangrulpir,Classified Banks,5
2019,Washim,Manora,Branch Offices of Classified Banks,6
2019,Washim,Manora,Classified Banks,3
2019,Washim,Resod,Branch Offices of Classified Banks,10
2019,Washim,Resod,Classified Banks,5
2019,Washim,Washim,Branch Offices of Classified Banks,27
2019,Washim,Washim,Classified Banks,17
2019,Yavatmal,Aarni,Branch Offices of Classified Banks,10
2019,Yavatmal,Aarni,Classified Banks,7
2019,Yavatmal,Babhulgaon,Branch Offices of Classified Banks,7
2019,Yavatmal,Babhulgaon,Classified Banks,5
2019,Yavatmal,Darvha,Branch Offices of Classified Banks,12
2019,Yavatmal,Darvha,Classified Banks,6
2019,Yavatmal,Digras,Branch Offices of Classified Banks,8
2019,Yavatmal,Digras,Classified Banks,6
2019,Yavatmal,Ghantaji,Branch Offices of Classified Banks,5
2019,Yavatmal,Ghantaji,Classified Banks,3
2019,Yavatmal,Kalamb,Branch Offices of Classified Banks,7
2019,Yavatmal,Kalamb,Classified Banks,5
2019,Yavatmal,Kelapur,Branch Offices of Classified Banks,12
2019,Yavatmal,Kelapur,Classified Banks,7
2019,Yavatmal,Mahagaon,Branch Offices of Classified Banks,6
2019,Yavatmal,Mahagaon,Classified Banks,4
2019,Yavatmal,Maregaon,Branch Offices of Classified Banks,3
2019,Yavatmal,Maregaon,Classified Banks,3
2019,Yavatmal,Ner,Branch Offices of Classified Banks,9
2019,Yavatmal,Ner,Classified Banks,7
2019,Yavatmal,Pusad,Branch Offices of Classified Banks,17
2019,Yavatmal,Pusad,Classified Banks,13
2019,Yavatmal,Ralegaon,Branch Offices of Classified Banks,7
2019,Yavatmal,Ralegaon,Classified Banks,5
2019,Yavatmal,Umarkhed,Branch Offices of Classified Banks,9
2019,Yavatmal,Umarkhed,Classified Banks,5
2019,Yavatmal,Vani,Branch Offices of Classified Banks,29
2019,Yavatmal,Vani,Classified Banks,19
2019,Yavatmal,Yavatmal,Branch Offices of Classified Banks,46
2019,Yavatmal,Yavatmal,Classified Banks,24
2019,Yavatmal,Zari Jamani,Branch Offices of Classified Banks,5
2019,Yavatmal,Zari Jamani,Classified Banks,3
2020,Ahilyanagar,Akole,Branch Offices of Classified Banks,35
2020,Ahilyanagar,Akole,Classified Banks,6
2020,Ahilyanagar,Jamkhed,Branch Offices of Classified Banks,20
2020,Ahilyanagar,Jamkhed,Classified Banks,7
2020,Ahilyanagar,Karjat,Branch Offices of Classified Banks,27
2020,Ahilyanagar,Karjat,Classified Banks,7
2020,Ahilyanagar,Kopargaon,Branch Offices of Classified Banks,40
2020,Ahilyanagar,Kopargaon,Classified Banks,13
2020,Ahilyanagar,Nagar,Branch Offices of Classified Banks,110
2020,Ahilyanagar,Nagar,Classified Banks,31
2020,Ahilyanagar,Nevasa,Branch Offices of Classified Banks,34
2020,Ahilyanagar,Nevasa,Classified Banks,9
2020,Ahilyanagar,Parner,Branch Offices of Classified Banks,45
2020,Ahilyanagar,Parner,Classified Banks,8
2020,Ahilyanagar,Pathardi,Branch Offices of Classified Banks,26
2020,Ahilyanagar,Pathardi,Classified Banks,9
2020,Ahilyanagar,Rahata,Branch Offices of Classified Banks,54
2020,Ahilyanagar,Rahata,Classified Banks,25
2020,Ahilyanagar,Rahuri,Branch Offices of Classified Banks,43
2020,Ahilyanagar,Rahuri,Classified Banks,11
2020,Ahilyanagar,Sangamner,Branch Offices of Classified Banks,73
2020,Ahilyanagar,Sangamner,Classified Banks,22
2020,Ahilyanagar,Shevgaon,Branch Offices of Classified Banks,26
2020,Ahilyanagar,Shevgaon,Classified Banks,6
2020,Ahilyanagar,Srigonda,Branch Offices of Classified Banks,42
2020,Ahilyanagar,Srigonda,Classified Banks,13
2020,Ahilyanagar,Srirampur,Branch Offices of Classified Banks,35
2020,Ahilyanagar,Srirampur,Classified Banks,16
2020,Akola,Akola,Branch Offices of Classified Banks,102
2020,Akola,Akola,Classified Banks,58
2020,Akola,Akot,Branch Offices of Classified Banks,32
2020,Akola,Akot,Classified Banks,16
2020,Akola,Balapur,Branch Offices of Classified Banks,21
2020,Akola,Balapur,Classified Banks,8
2020,Akola,Barshitakali,Branch Offices of Classified Banks,9
2020,Akola,Barshitakali,Classified Banks,5
2020,Akola,Murtijapur,Branch Offices of Classified Banks,22
2020,Akola,Murtijapur,Classified Banks,12
2020,Akola,Patur,Branch Offices of Classified Banks,12
2020,Akola,Patur,Classified Banks,4
2020,Akola,Telhara,Branch Offices of Classified Banks,21
2020,Akola,Telhara,Classified Banks,10
2020,Amravati,Achalpur,Branch Offices of Classified Banks,31
2020,Amravati,Achalpur,Classified Banks,14
2020,Amravati,Amravati,Branch Offices of Classified Banks,118
2020,Amravati,Amravati,Classified Banks,27
2020,Amravati,Anjangaon Su,Branch Offices of Classified Banks,19
2020,Amravati,Anjangaon Su,Classified Banks,9
2020,Amravati,Bhatkuli,Branch Offices of Classified Banks,14
2020,Amravati,Bhatkuli,Classified Banks,5
2020,Amravati,Chandur Railway,Branch Offices of Classified Banks,13
2020,Amravati,Chandur Railway,Classified Banks,5
2020,Amravati,Chandurbazar,Branch Offices of Classified Banks,25
2020,Amravati,Chandurbazar,Classified Banks,9
2020,Amravati,Chikhraldara,Branch Offices of Classified Banks,7
2020,Amravati,Chikhraldara,Classified Banks,5
2020,Amravati,Daryapur,Branch Offices of Classified Banks,24
2020,Amravati,Daryapur,Classified Banks,6
2020,Amravati,Dhamangaon Re,Branch Offices of Classified Banks,19
2020,Amravati,Dhamangaon Re,Classified Banks,7
2020,Amravati,Dharani,Branch Offices of Classified Banks,8
2020,Amravati,Dharani,Classified Banks,4
2020,Amravati,Morshi,Branch Offices of Classified Banks,25
2020,Amravati,Morshi,Classified Banks,7
2020,Amravati,Nandgaon Kh,Branch Offices of Classified Banks,15
2020,Amravati,Nandgaon Kh,Classified Banks,7
2020,Amravati,Tivas,Branch Offices of Classified Banks,18
2020,Amravati,Tivas,Classified Banks,8
2020,Amravati,Warud,Branch Offices of Classified Banks,32
2020,Amravati,Warud,Classified Banks,12
2020,Beed,Ambajogai,Branch Offices of Classified Banks,9
2020,Beed,Ambajogai,Classified Banks,4
2020,Beed,Ashti,Branch Offices of Classified Banks,8
2020,Beed,Ashti,Classified Banks,2
2020,Beed,Beed,Branch Offices of Classified Banks,26
2020,Beed,Beed,Classified Banks,10
2020,Beed,Cage,Branch Offices of Classified Banks,4
2020,Beed,Cage,Classified Banks,2
2020,Beed,Dharur,Branch Offices of Classified Banks,4
2020,Beed,Dharur,Classified Banks,3
2020,Beed,Gevrai,Branch Offices of Classified Banks,10
2020,Beed,Gevrai,Classified Banks,4
2020,Beed,Majalgaon,Branch Offices of Classified Banks,4
2020,Beed,Majalgaon,Classified Banks,1
2020,Beed,Parli,Branch Offices of Classified Banks,4
2020,Beed,Parli,Classified Banks,2
2020,Beed,Patoda,Branch Offices of Classified Banks,3
2020,Beed,Patoda,Classified Banks,1
2020,Beed,Shirur Kasar,Branch Offices of Classified Banks,1
2020,Beed,Shirur Kasar,Classified Banks,1
2020,Beed,Wadwani,Branch Offices of Classified Banks,2
2020,Beed,Wadwani,Classified Banks,1
2020,Bhandara,Bhandara,Branch Offices of Classified Banks,40
2020,Bhandara,Bhandara,Classified Banks,21
2020,Bhandara,Lakhandur,Branch Offices of Classified Banks,7
2020,Bhandara,Lakhandur,Classified Banks,3
2020,Bhandara,Lakhani,Branch Offices of Classified Banks,10
2020,Bhandara,Lakhani,Classified Banks,4
2020,Bhandara,Mohadi,Branch Offices of Classified Banks,12
2020,Bhandara,Mohadi,Classified Banks,7
2020,Bhandara,Pavani,Branch Offices of Classified Banks,11
2020,Bhandara,Pavani,Classified Banks,6
2020,Bhandara,Sakoli,Branch Offices of Classified Banks,13
2020,Bhandara,Sakoli,Classified Banks,8
2020,Bhandara,Tumsar,Branch Offices of Classified Banks,20
2020,Bhandara,Tumsar,Classified Banks,12
2020,Buldhana,Buldana,Branch Offices of Classified Banks,32
2020,Buldhana,Buldana,Classified Banks,15
2020,Buldhana,Chikhali,Branch Offices of Classified Banks,26
2020,Buldhana,Chikhali,Classified Banks,9
2020,Buldhana,Deulgaon Raja,Branch Offices of Classified Banks,11
2020,Buldhana,Deulgaon Raja,Classified Banks,6
2020,Buldhana,Jalgaon Jamod,Branch Offices of Classified Banks,13
2020,Buldhana,Jalgaon Jamod,Classified Banks,5
2020,Buldhana,Khamgaon,Branch Offices of Classified Banks,32
2020,Buldhana,Khamgaon,Classified Banks,15
2020,Buldhana,Lonar,Branch Offices of Classified Banks,10
2020,Buldhana,Lonar,Classified Banks,4
2020,Buldhana,Malkapur,Branch Offices of Classified Banks,15
2020,Buldhana,Malkapur,Classified Banks,10
2020,Buldhana,Mehkar,Branch Offices of Classified Banks,20
2020,Buldhana,Mehkar,Classified Banks,7
2020,Buldhana,Motala,Branch Offices of Classified Banks,15
2020,Buldhana,Motala,Classified Banks,5
2020,Buldhana,Nandura,Branch Offices of Classified Banks,15
2020,Buldhana,Nandura,Classified Banks,7
2020,Buldhana,Sangrampur,Branch Offices of Classified Banks,12
2020,Buldhana,Sangrampur,Classified Banks,6
2020,Buldhana,Shegaon,Branch Offices of Classified Banks,16
2020,Buldhana,Shegaon,Classified Banks,9
2020,Buldhana,Sindkhed Raja,Branch Offices of Classified Banks,13
2020,Buldhana,Sindkhed Raja,Classified Banks,4
2020,Chandrapur,Ballarpur,Branch Offices of Classified Banks,18
2020,Chandrapur,Ballarpur,Classified Banks,13
2020,Chandrapur,Bhadravati,Branch Offices of Classified Banks,27
2020,Chandrapur,Bhadravati,Classified Banks,10
2020,Chandrapur,Bramhapuri,Branch Offices of Classified Banks,27
2020,Chandrapur,Bramhapuri,Classified Banks,14
2020,Chandrapur,Chandrapur,Branch Offices of Classified Banks,71
2020,Chandrapur,Chandrapur,Classified Banks,21
2020,Chandrapur,Chimur,Branch Offices of Classified Banks,18
2020,Chandrapur,Chimur,Classified Banks,6
2020,Chandrapur,Gondpipari,Branch Offices of Classified Banks,12
2020,Chandrapur,Gondpipari,Classified Banks,3
2020,Chandrapur,Jivati,Branch Offices of Classified Banks,5
2020,Chandrapur,Jivati,Classified Banks,3
2020,Chandrapur,Korpana,Branch Offices of Classified Banks,13
2020,Chandrapur,Korpana,Classified Banks,5
2020,Chandrapur,Mul,Branch Offices of Classified Banks,15
2020,Chandrapur,Mul,Classified Banks,9
2020,Chandrapur,Nagbhid,Branch Offices of Classified Banks,20
2020,Chandrapur,Nagbhid,Classified Banks,7
2020,Chandrapur,Ponbhurna,Branch Offices of Classified Banks,4
2020,Chandrapur,Ponbhurna,Classified Banks,4
2020,Chandrapur,Rajura,Branch Offices of Classified Banks,16
2020,Chandrapur,Rajura,Classified Banks,8
2020,Chandrapur,Savali,Branch Offices of Classified Banks,13
2020,Chandrapur,Savali,Classified Banks,4
2020,Chandrapur,Sindevahi,Branch Offices of Classified Banks,15
2020,Chandrapur,Sindevahi,Classified Banks,6
2020,Chandrapur,Varora,Branch Offices of Classified Banks,31
2020,Chandrapur,Varora,Classified Banks,15
2020,Chhatrapati Sambhajinagar,Chhatrapati Sambhaji Nagar,Branch Offices of Classified Banks,179
2020,Chhatrapati Sambhajinagar,Chhatrapati Sambhaji Nagar,Classified Banks,34
2020,Chhatrapati Sambhajinagar,Gangapur,Branch Offices of Classified Banks,21
2020,Chhatrapati Sambhajinagar,Gangapur,Classified Banks,10
2020,Chhatrapati Sambhajinagar,Kannad,Branch Offices of Classified Banks,19
2020,Chhatrapati Sambhajinagar,Kannad,Classified Banks,6
2020,Chhatrapati Sambhajinagar,Khultabad,Branch Offices of Classified Banks,5
2020,Chhatrapati Sambhajinagar,Khultabad,Classified Banks,4
2020,Chhatrapati Sambhajinagar,Paithan,Branch Offices of Classified Banks,31
2020,Chhatrapati Sambhajinagar,Paithan,Classified Banks,10
2020,Chhatrapati Sambhajinagar,Phulambri,Branch Offices of Classified Banks,7
2020,Chhatrapati Sambhajinagar,Phulambri,Classified Banks,5
2020,Chhatrapati Sambhajinagar,Sillod,Branch Offices of Classified Banks,19
2020,Chhatrapati Sambhajinagar,Sillod,Classified Banks,10
2020,Chhatrapati Sambhajinagar,Soyegaon,Branch Offices of Classified Banks,7
2020,Chhatrapati Sambhajinagar,Soyegaon,Classified Banks,3
2020,Chhatrapati Sambhajinagar,Vaijapur,Branch Offices of Classified Banks,15
2020,Chhatrapati Sambhajinagar,Vaijapur,Classified Banks,7
2020,Dharashiv,Bhum,Branch Offices of Classified Banks,8
2020,Dharashiv,Bhum,Classified Banks,6
2020,Dharashiv,Dharashiv,Branch Offices of Classified Banks,33
2020,Dharashiv,Dharashiv,Classified Banks,17
2020,Dharashiv,Kalamb,Branch Offices of Classified Banks,13
2020,Dharashiv,Kalamb,Classified Banks,6
2020,Dharashiv,Lohara,Branch Offices of Classified Banks,7
2020,Dharashiv,Lohara,Classified Banks,3
2020,Dharashiv,Paranda,Branch Offices of Classified Banks,8
2020,Dharashiv,Paranda,Classified Banks,4
2020,Dharashiv,Tuljapur,Branch Offices of Classified Banks,17
2020,Dharashiv,Tuljapur,Classified Banks,8
2020,Dharashiv,Umaraga,Branch Offices of Classified Banks,22
2020,Dharashiv,Umaraga,Classified Banks,8
2020,Dharashiv,Washi,Branch Offices of Classified Banks,5
2020,Dharashiv,Washi,Classified Banks,3
2020,Dhule,Dhule,Branch Offices of Classified Banks,62
2020,Dhule,Dhule,Classified Banks,22
2020,Dhule,Sakri,Branch Offices of Classified Banks,18
2020,Dhule,Sakri,Classified Banks,7
2020,Dhule,Shindkheda,Branch Offices of Classified Banks,19
2020,Dhule,Shindkheda,Classified Banks,8
2020,Dhule,Shirpur,Branch Offices of Classified Banks,22
2020,Dhule,Shirpur,Classified Banks,11
2020,Gadchiroli,Aheri,Branch Offices of Classified Banks,9
2020,Gadchiroli,Aheri,Classified Banks,4
2020,Gadchiroli,Bhamragad,Branch Offices of Classified Banks,1
2020,Gadchiroli,Bhamragad,Classified Banks,1
2020,Gadchiroli,Chomoshi,Branch Offices of Classified Banks,9
2020,Gadchiroli,Chomoshi,Classified Banks,4
2020,Gadchiroli,Desaiganj,Branch Offices of Classified Banks,8
2020,Gadchiroli,Desaiganj,Classified Banks,5
2020,Gadchiroli,Dhanora,Branch Offices of Classified Banks,5
2020,Gadchiroli,Dhanora,Classified Banks,3
2020,Gadchiroli,Etapalli,Branch Offices of Classified Banks,2
2020,Gadchiroli,Etapalli,Classified Banks,2
2020,Gadchiroli,Gadchiroli,Branch Offices of Classified Banks,14
2020,Gadchiroli,Gadchiroli,Classified Banks,10
2020,Gadchiroli,Korachi,Branch Offices of Classified Banks,2
2020,Gadchiroli,Korachi,Classified Banks,2
2020,Gadchiroli,Kurkheda,Branch Offices of Classified Banks,5
2020,Gadchiroli,Kurkheda,Classified Banks,4
2020,Gadchiroli,Mulchera,Branch Offices of Classified Banks,2
2020,Gadchiroli,Mulchera,Classified Banks,2
2020,Gadchiroli,Sironcha,Branch Offices of Classified Banks,3
2020,Gadchiroli,Sironcha,Classified Banks,2
2020,Gadchiroli,rmori,Branch Offices of Classified Banks,6
2020,Gadchiroli,rmori,Classified Banks,4
2020,Gondia,Aamgaon,Branch Offices of Classified Banks,8
2020,Gondia,Aamgaon,Classified Banks,6
2020,Gondia,Arjuni Morgaon,Branch Offices of Classified Banks,9
2020,Gondia,Arjuni Morgaon,Classified Banks,6
2020,Gondia,Devari,Branch Offices of Classified Banks,9
2020,Gondia,Devari,Classified Banks,8
2020,Gondia,Gondia,Branch Offices of Classified Banks,48
2020,Gondia,Gondia,Classified Banks,20
2020,Gondia,Goregaon,Branch Offices of Classified Banks,5
2020,Gondia,Goregaon,Classified Banks,3
2020,Gondia,Sadak Arjuni,Branch Offices of Classified Banks,8
2020,Gondia,Sadak Arjuni,Classified Banks,4
2020,Gondia,Salekasa,Branch Offices of Classified Banks,4
2020,Gondia,Salekasa,Classified Banks,2
2020,Gondia,Tiroda,Branch Offices of Classified Banks,14
2020,Gondia,Tiroda,Classified Banks,11
2020,Hingoli,Aundha na,Branch Offices of Classified Banks,8
2020,Hingoli,Aundha na,Classified Banks,4
2020,Hingoli,Hingoli,Branch Offices of Classified Banks,25
2020,Hingoli,Hingoli,Classified Banks,15
2020,Hingoli,Kalamanuri,Branch Offices of Classified Banks,11
2020,Hingoli,Kalamanuri,Classified Banks,3
2020,Hingoli,Sengaon,Branch Offices of Classified Banks,7
2020,Hingoli,Sengaon,Classified Banks,3
2020,Hingoli,vasamat,Branch Offices of Classified Banks,16
2020,Hingoli,vasamat,Classified Banks,8
2020,Jalgaon,Amalner,Branch Offices of Classified Banks,31
2020,Jalgaon,Amalner,Classified Banks,3
2020,Jalgaon,Bhadgaon,Branch Offices of Classified Banks,22
2020,Jalgaon,Bhadgaon,Classified Banks,2
2020,Jalgaon,Bhusawal,Branch Offices of Classified Banks,43
2020,Jalgaon,Bhusawal,Classified Banks,4
2020,Jalgaon,Bodvad,Branch Offices of Classified Banks,33
2020,Jalgaon,Bodvad,Classified Banks,3
2020,Jalgaon,Chalisgaon,Branch Offices of Classified Banks,45
2020,Jalgaon,Chalisgaon,Classified Banks,3
2020,Jalgaon,Chopda,Branch Offices of Classified Banks,31
2020,Jalgaon,Chopda,Classified Banks,3
2020,Jalgaon,Dharangaon,Branch Offices of Classified Banks,17
2020,Jalgaon,Dharangaon,Classified Banks,3
2020,Jalgaon,Erandol,Branch Offices of Classified Banks,18
2020,Jalgaon,Erandol,Classified Banks,4
2020,Jalgaon,Jalgaon,Branch Offices of Classified Banks,97
2020,Jalgaon,Jalgaon,Classified Banks,4
2020,Jalgaon,Jamner,Branch Offices of Classified Banks,37
2020,Jalgaon,Jamner,Classified Banks,4
2020,Jalgaon,Muktainagar (Edlabad),Branch Offices of Classified Banks,23
2020,Jalgaon,Muktainagar (Edlabad),Classified Banks,4
2020,Jalgaon,Pachora,Branch Offices of Classified Banks,43
2020,Jalgaon,Pachora,Classified Banks,4
2020,Jalgaon,Parola,Branch Offices of Classified Banks,21
2020,Jalgaon,Parola,Classified Banks,3
2020,Jalgaon,Raver,Branch Offices of Classified Banks,47
2020,Jalgaon,Raver,Classified Banks,4
2020,Jalgaon,Yawal,Branch Offices of Classified Banks,44
2020,Jalgaon,Yawal,Classified Banks,4
2020,Jalna,Ambad,Branch Offices of Classified Banks,27
2020,Jalna,Ambad,Classified Banks,8
2020,Jalna,Badnapur,Branch Offices of Classified Banks,14
2020,Jalna,Badnapur,Classified Banks,7
2020,Jalna,Bhokardan,Branch Offices of Classified Banks,27
2020,Jalna,Bhokardan,Classified Banks,7
2020,Jalna,Ghansawangi,Branch Offices of Classified Banks,17
2020,Jalna,Ghansawangi,Classified Banks,7
2020,Jalna,Jaffrabad,Branch Offices of Classified Banks,14
2020,Jalna,Jaffrabad,Classified Banks,5
2020,Jalna,Jalna,Branch Offices of Classified Banks,46
2020,Jalna,Jalna,Classified Banks,23
2020,Jalna,Mantha,Branch Offices of Classified Banks,10
2020,Jalna,Mantha,Classified Banks,4
2020,Jalna,Partur,Branch Offices of Classified Banks,17
2020,Jalna,Partur,Classified Banks,7
2020,Kolhapur,Ajara,Branch Offices of Classified Banks,20
2020,Kolhapur,Ajara,Classified Banks,7
2020,Kolhapur,Bhudargad,Branch Offices of Classified Banks,27
2020,Kolhapur,Bhudargad,Classified Banks,7
2020,Kolhapur,Chandgad,Branch Offices of Classified Banks,26
2020,Kolhapur,Chandgad,Classified Banks,7
2020,Kolhapur,Gadhinglaj,Branch Offices of Classified Banks,44
2020,Kolhapur,Gadhinglaj,Classified Banks,16
2020,Kolhapur,Gaganbavada,Branch Offices of Classified Banks,8
2020,Kolhapur,Gaganbavada,Classified Banks,3
2020,Kolhapur,Hatkanangale,Branch Offices of Classified Banks,102
2020,Kolhapur,Hatkanangale,Classified Banks,28
2020,Kolhapur,Kagal,Branch Offices of Classified Banks,43
2020,Kolhapur,Kagal,Classified Banks,16
2020,Kolhapur,Karveer,Branch Offices of Classified Banks,192
2020,Kolhapur,Karveer,Classified Banks,38
2020,Kolhapur,Panhala,Branch Offices of Classified Banks,41
2020,Kolhapur,Panhala,Classified Banks,10
2020,Kolhapur,Radhanagari,Branch Offices of Classified Banks,33
2020,Kolhapur,Radhanagari,Classified Banks,10
2020,Kolhapur,Shahuwadi,Branch Offices of Classified Banks,28
2020,Kolhapur,Shahuwadi,Classified Banks,9
2020,Kolhapur,Shirol,Branch Offices of Classified Banks,64
2020,Kolhapur,Shirol,Classified Banks,19
2020,Latur,Ahamadpur,Branch Offices of Classified Banks,23
2020,Latur,Ahamadpur,Classified Banks,7
2020,Latur,Aosa,Branch Offices of Classified Banks,28
2020,Latur,Aosa,Classified Banks,8
2020,Latur,Chakur,Branch Offices of Classified Banks,18
2020,Latur,Chakur,Classified Banks,5
2020,Latur,Devani,Branch Offices of Classified Banks,13
2020,Latur,Devani,Classified Banks,5
2020,Latur,Jalkot,Branch Offices of Classified Banks,6
2020,Latur,Jalkot,Classified Banks,5
2020,Latur,Latur,Branch Offices of Classified Banks,92
2020,Latur,Latur,Classified Banks,25
2020,Latur,Nilanga,Branch Offices of Classified Banks,28
2020,Latur,Nilanga,Classified Banks,6
2020,Latur,Renapur,Branch Offices of Classified Banks,16
2020,Latur,Renapur,Classified Banks,7
2020,Latur,Shirur-Anantpal,Branch Offices of Classified Banks,12
2020,Latur,Shirur-Anantpal,Classified Banks,5
2020,Latur,Udgir,Branch Offices of Classified Banks,37
2020,Latur,Udgir,Classified Banks,15
2020,Mumbai City,Mumbai City,Branch Offices of Classified Banks,1091
2020,Mumbai City,Mumbai City,Classified Banks,32
2020,Mumbai Suburban,Adheri,Branch Offices of Classified Banks,1386
2020,Mumbai Suburban,Adheri,Classified Banks,43
2020,Nagpur,Bhiwapur,Branch Offices of Classified Banks,7
2020,Nagpur,Bhiwapur,Classified Banks,5
2020,Nagpur,Hingana,Branch Offices of Classified Banks,16
2020,Nagpur,Hingana,Classified Banks,14
2020,Nagpur,Kalameshwar,Branch Offices of Classified Banks,16
2020,Nagpur,Kalameshwar,Classified Banks,12
2020,Nagpur,Kamathi,Branch Offices of Classified Banks,25
2020,Nagpur,Kamathi,Classified Banks,13
2020,Nagpur,Katol,Branch Offices of Classified Banks,21
2020,Nagpur,Katol,Classified Banks,10
2020,Nagpur,Kuhi,Branch Offices of Classified Banks,11
2020,Nagpur,Kuhi,Classified Banks,6
2020,Nagpur,Mauda,Branch Offices of Classified Banks,16
2020,Nagpur,Mauda,Classified Banks,12
2020,Nagpur,Nagpur (Gra),Branch Offices of Classified Banks,22
2020,Nagpur,Nagpur (Gra),Classified Banks,10
2020,Nagpur,Nagpur (Sh),Branch Offices of Classified Banks,381
2020,Nagpur,Nagpur (Sh),Classified Banks,23
2020,Nagpur,Narkhed,Branch Offices of Classified Banks,11
2020,Nagpur,Narkhed,Classified Banks,5
2020,Nagpur,Parashivani,Branch Offices of Classified Banks,8
2020,Nagpur,Parashivani,Classified Banks,8
2020,Nagpur,Ramtech,Branch Offices of Classified Banks,18
2020,Nagpur,Ramtech,Classified Banks,9
2020,Nagpur,Sawner,Branch Offices of Classified Banks,20
2020,Nagpur,Sawner,Classified Banks,13
2020,Nagpur,Umred,Branch Offices of Classified Banks,21
2020,Nagpur,Umred,Classified Banks,13
2020,Nanded,Himalay nagar,Branch Offices of Classified Banks,5
2020,Nanded,Himalay nagar,Classified Banks,3
2020,Nanded,Kinvat,Branch Offices of Classified Banks,15
2020,Nanded,Kinvat,Classified Banks,5
2020,Nanded,Mahur,Branch Offices of Classified Banks,5
2020,Nanded,Mahur,Classified Banks,3
2020,Nanded,Mudkhed,Branch Offices of Classified Banks,13
2020,Nanded,Mudkhed,Classified Banks,4
2020,Nanded,Mukhed,Branch Offices of Classified Banks,21
2020,Nanded,Mukhed,Classified Banks,5
2020,Nanded,Nanded,Branch Offices of Classified Banks,82
2020,Nanded,Nanded,Classified Banks,30
2020,Nanded,andhrapur,Branch Offices of Classified Banks,10
2020,Nanded,andhrapur,Classified Banks,5
2020,Nanded,bhokar,Branch Offices of Classified Banks,11
2020,Nanded,bhokar,Classified Banks,3
2020,Nanded,biloli,Branch Offices of Classified Banks,14
2020,Nanded,biloli,Classified Banks,5
2020,Nanded,deglur,Branch Offices of Classified Banks,23
2020,Nanded,deglur,Classified Banks,5
2020,Nanded,dharmabad,Branch Offices of Classified Banks,11
2020,Nanded,dharmabad,Classified Banks,6
2020,Nanded,hadgaon,Branch Offices of Classified Banks,13
2020,Nanded,hadgaon,Classified Banks,5
2020,Nanded,kandhar,Branch Offices of Classified Banks,18
2020,Nanded,kandhar,Classified Banks,4
2020,Nanded,loha,Branch Offices of Classified Banks,17
2020,Nanded,loha,Classified Banks,6
2020,Nanded,naygaon,Branch Offices of Classified Banks,16
2020,Nanded,naygaon,Classified Banks,4
2020,Nanded,umari,Branch Offices of Classified Banks,8
2020,Nanded,umari,Classified Banks,3
2020,Nandurbar,Akkalkuva,Branch Offices of Classified Banks,10
2020,Nandurbar,Akkalkuva,Classified Banks,5
2020,Nandurbar,Akrani,Branch Offices of Classified Banks,4
2020,Nandurbar,Akrani,Classified Banks,3
2020,Nandurbar,Nandurbar,Branch Offices of Classified Banks,34
2020,Nandurbar,Nandurbar,Classified Banks,15
2020,Nandurbar,Navapur,Branch Offices of Classified Banks,15
2020,Nandurbar,Navapur,Classified Banks,7
2020,Nandurbar,Shahada,Branch Offices of Classified Banks,31
2020,Nandurbar,Shahada,Classified Banks,12
2020,Nandurbar,Taloda,Branch Offices of Classified Banks,10
2020,Nandurbar,Taloda,Classified Banks,5
2020,Nashik,Baglan,Branch Offices of Classified Banks,54
2020,Nashik,Baglan,Classified Banks,14
2020,Nashik,Chandwad,Branch Offices of Classified Banks,24
2020,Nashik,Chandwad,Classified Banks,7
2020,Nashik,Devala,Branch Offices of Classified Banks,25
2020,Nashik,Devala,Classified Banks,9
2020,Nashik,Dindori,Branch Offices of Classified Banks,46
2020,Nashik,Dindori,Classified Banks,16
2020,Nashik,Igatpuri,Branch Offices of Classified Banks,30
2020,Nashik,Igatpuri,Classified Banks,16
2020,Nashik,Kalwan,Branch Offices of Classified Banks,25
2020,Nashik,Kalwan,Classified Banks,9
2020,Nashik,Malegaon,Branch Offices of Classified Banks,70
2020,Nashik,Malegaon,Classified Banks,19
2020,Nashik,Nandgaon,Branch Offices of Classified Banks,27
2020,Nashik,Nandgaon,Classified Banks,12
2020,Nashik,Nashik,Branch Offices of Classified Banks,277
2020,Nashik,Nashik,Classified Banks,42
2020,Nashik,Nifad,Branch Offices of Classified Banks,128
2020,Nashik,Nifad,Classified Banks,24
2020,Nashik,Peth,Branch Offices of Classified Banks,9
2020,Nashik,Peth,Classified Banks,5
2020,Nashik,Sinner,Branch Offices of Classified Banks,47
2020,Nashik,Sinner,Classified Banks,17
2020,Nashik,Surgana,Branch Offices of Classified Banks,8
2020,Nashik,Surgana,Classified Banks,4
2020,Nashik,Trimbak,Branch Offices of Classified Banks,28
2020,Nashik,Trimbak,Classified Banks,9
2020,Nashik,Yewala,Branch Offices of Classified Banks,13
2020,Nashik,Yewala,Classified Banks,8
2020,Palghar,Dahanu,Branch Offices of Classified Banks,37
2020,Palghar,Dahanu,Classified Banks,8
2020,Palghar,Javhar,Branch Offices of Classified Banks,6
2020,Palghar,Javhar,Classified Banks,3
2020,Palghar,Mokhada,Branch Offices of Classified Banks,9
2020,Palghar,Mokhada,Classified Banks,4
2020,Palghar,Palghar,Branch Offices of Classified Banks,71
2020,Palghar,Palghar,Classified Banks,6
2020,Palghar,Talasari,Branch Offices of Classified Banks,7
2020,Palghar,Talasari,Classified Banks,3
2020,Palghar,Vasai,Branch Offices of Classified Banks,139
2020,Palghar,Vasai,Classified Banks,11
2020,Palghar,Vikramgad,Branch Offices of Classified Banks,5
2020,Palghar,Vikramgad,Classified Banks,3
2020,Palghar,Wada,Branch Offices of Classified Banks,23
2020,Palghar,Wada,Classified Banks,6
2020,Parbhani,Gangakhed,Branch Offices of Classified Banks,14
2020,Parbhani,Gangakhed,Classified Banks,8
2020,Parbhani,Jintur,Branch Offices of Classified Banks,14
2020,Parbhani,Jintur,Classified Banks,2
2020,Parbhani,Manvat,Branch Offices of Classified Banks,12
2020,Parbhani,Manvat,Classified Banks,5
2020,Parbhani,Palam,Branch Offices of Classified Banks,8
2020,Parbhani,Palam,Classified Banks,2
2020,Parbhani,Parbhani,Branch Offices of Classified Banks,54
2020,Parbhani,Parbhani,Classified Banks,16
2020,Parbhani,Pathari,Branch Offices of Classified Banks,9
2020,Parbhani,Pathari,Classified Banks,3
2020,Parbhani,Purna,Branch Offices of Classified Banks,17
2020,Parbhani,Purna,Classified Banks,3
2020,Parbhani,Selu,Branch Offices of Classified Banks,15
2020,Parbhani,Selu,Classified Banks,7
2020,Parbhani,Sonpeth,Branch Offices of Classified Banks,9
2020,Parbhani,Sonpeth,Classified Banks,2
2020,Pune,Aambegaon,Branch Offices of Classified Banks,35
2020,Pune,Aambegaon,Classified Banks,10
2020,Pune,Baramati,Branch Offices of Classified Banks,85
2020,Pune,Baramati,Classified Banks,22
2020,Pune,Bhor,Branch Offices of Classified Banks,25
2020,Pune,Bhor,Classified Banks,9
2020,Pune,Daund,Branch Offices of Classified Banks,65
2020,Pune,Daund,Classified Banks,15
2020,Pune,Haveli,Branch Offices of Classified Banks,245
2020,Pune,Haveli,Classified Banks,34
2020,Pune,Indapur,Branch Offices of Classified Banks,70
2020,Pune,Indapur,Classified Banks,17
2020,Pune,Junnar,Branch Offices of Classified Banks,62
2020,Pune,Junnar,Classified Banks,16
2020,Pune,Khed,Branch Offices of Classified Banks,94
2020,Pune,Khed,Classified Banks,25
2020,Pune,Maval,Branch Offices of Classified Banks,70
2020,Pune,Maval,Classified Banks,19
2020,Pune,Mulashi,Branch Offices of Classified Banks,59
2020,Pune,Mulashi,Classified Banks,19
2020,Pune,Pune City,Branch Offices of Classified Banks,1015
2020,Pune,Pune City,Classified Banks,35
2020,Pune,Purandar,Branch Offices of Classified Banks,38
2020,Pune,Purandar,Classified Banks,13
2020,Pune,Shirur,Branch Offices of Classified Banks,81
2020,Pune,Shirur,Classified Banks,18
2020,Pune,Welhe,Branch Offices of Classified Banks,9
2020,Pune,Welhe,Classified Banks,3
2020,Raigad,Panwel,Branch Offices of Classified Banks,145
2020,Raigad,Panwel,Classified Banks,27
2020,Raigad,Uran,Branch Offices of Classified Banks,29
2020,Raigad,Uran,Classified Banks,13
2020,Raigad,alibag,Branch Offices of Classified Banks,38
2020,Raigad,alibag,Classified Banks,14
2020,Raigad,karjat,Branch Offices of Classified Banks,28
2020,Raigad,karjat,Classified Banks,15
2020,Raigad,khalapur,Branch Offices of Classified Banks,26
2020,Raigad,khalapur,Classified Banks,14
2020,Raigad,mahad,Branch Offices of Classified Banks,18
2020,Raigad,mahad,Classified Banks,11
2020,Raigad,mangaon,Branch Offices of Classified Banks,29
2020,Raigad,mangaon,Classified Banks,10
2020,Raigad,mhasala,Branch Offices of Classified Banks,6
2020,Raigad,mhasala,Classified Banks,2
2020,Raigad,murud,Branch Offices of Classified Banks,8
2020,Raigad,murud,Classified Banks,4
2020,Raigad,pen,Branch Offices of Classified Banks,28
2020,Raigad,pen,Classified Banks,13
2020,Raigad,poladpur,Branch Offices of Classified Banks,9
2020,Raigad,poladpur,Classified Banks,6
2020,Raigad,roha,Branch Offices of Classified Banks,18
2020,Raigad,roha,Classified Banks,11
2020,Raigad,shreevardhan,Branch Offices of Classified Banks,12
2020,Raigad,shreevardhan,Classified Banks,5
2020,Raigad,sudhagad,Branch Offices of Classified Banks,5
2020,Raigad,sudhagad,Classified Banks,4
2020,Raigad,tala,Branch Offices of Classified Banks,2
2020,Raigad,tala,Classified Banks,2
2020,Ratnagiri,Chiplun,Branch Offices of Classified Banks,57
2020,Ratnagiri,Chiplun,Classified Banks,24
2020,Ratnagiri,Dapoli,Branch Offices of Classified Banks,32
2020,Ratnagiri,Dapoli,Classified Banks,12
2020,Ratnagiri,Guhagar,Branch Offices of Classified Banks,20
2020,Ratnagiri,Guhagar,Classified Banks,9
2020,Ratnagiri,Khed,Branch Offices of Classified Banks,37
2020,Ratnagiri,Khed,Classified Banks,16
2020,Ratnagiri,Lanja,Branch Offices of Classified Banks,18
2020,Ratnagiri,Lanja,Classified Banks,8
2020,Ratnagiri,Mandangad,Branch Offices of Classified Banks,16
2020,Ratnagiri,Mandangad,Classified Banks,5
2020,Ratnagiri,Rajapur,Branch Offices of Classified Banks,31
2020,Ratnagiri,Rajapur,Classified Banks,10
2020,Ratnagiri,Ratnagiri,Branch Offices of Classified Banks,87
2020,Ratnagiri,Ratnagiri,Classified Banks,32
2020,Ratnagiri,Sangameshwar,Branch Offices of Classified Banks,25
2020,Ratnagiri,Sangameshwar,Classified Banks,7
2020,Sangli,Atpadi,Branch Offices of Classified Banks,11
2020,Sangli,Atpadi,Classified Banks,5
2020,Sangli,Jat,Branch Offices of Classified Banks,17
2020,Sangli,Jat,Classified Banks,6
2020,Sangli,Kadegaon,Branch Offices of Classified Banks,10
2020,Sangli,Kadegaon,Classified Banks,7
2020,Sangli,Kavathe Mahakal,Branch Offices of Classified Banks,10
2020,Sangli,Kavathe Mahakal,Classified Banks,6
2020,Sangli,Khanapur,Branch Offices of Classified Banks,14
2020,Sangli,Khanapur,Classified Banks,10
2020,Sangli,Miraj,Branch Offices of Classified Banks,99
2020,Sangli,Miraj,Classified Banks,23
2020,Sangli,Palus,Branch Offices of Classified Banks,21
2020,Sangli,Palus,Classified Banks,9
2020,Sangli,Shirala,Branch Offices of Classified Banks,10
2020,Sangli,Shirala,Classified Banks,6
2020,Sangli,Tasgaon,Branch Offices of Classified Banks,27
2020,Sangli,Tasgaon,Classified Banks,14
2020,Sangli,Walwa,Branch Offices of Classified Banks,41
2020,Sangli,Walwa,Classified Banks,14
2020,Satara,Javli,Branch Offices of Classified Banks,19
2020,Satara,Javli,Classified Banks,8
2020,Satara,Karad,Branch Offices of Classified Banks,122
2020,Satara,Karad,Classified Banks,24
2020,Satara,Khandala,Branch Offices of Classified Banks,48
2020,Satara,Khandala,Classified Banks,14
2020,Satara,Khatav,Branch Offices of Classified Banks,49
2020,Satara,Khatav,Classified Banks,9
2020,Satara,Koregaon,Branch Offices of Classified Banks,50
2020,Satara,Koregaon,Classified Banks,8
2020,Satara,Mahableshwar,Branch Offices of Classified Banks,16
2020,Satara,Mahableshwar,Classified Banks,6
2020,Satara,Man,Branch Offices of Classified Banks,37
2020,Satara,Man,Classified Banks,7
2020,Satara,Patan,Branch Offices of Classified Banks,38
2020,Satara,Patan,Classified Banks,5
2020,Satara,Phaltan,Branch Offices of Classified Banks,51
2020,Satara,Phaltan,Classified Banks,13
2020,Satara,Satara,Branch Offices of Classified Banks,113
2020,Satara,Satara,Classified Banks,32
2020,Satara,Wai,Branch Offices of Classified Banks,37
2020,Satara,Wai,Classified Banks,11
2020,Sindhudurg,Devgad,Branch Offices of Classified Banks,42
2020,Sindhudurg,Devgad,Classified Banks,8
2020,Sindhudurg,Dodamarg,Branch Offices of Classified Banks,12
2020,Sindhudurg,Dodamarg,Classified Banks,4
2020,Sindhudurg,Kankawali,Branch Offices of Classified Banks,48
2020,Sindhudurg,Kankawali,Classified Banks,13
2020,Sindhudurg,Kudal,Branch Offices of Classified Banks,58
2020,Sindhudurg,Kudal,Classified Banks,15
2020,Sindhudurg,Malwan,Branch Offices of Classified Banks,39
2020,Sindhudurg,Malwan,Classified Banks,11
2020,Sindhudurg,Savantwadi,Branch Offices of Classified Banks,46
2020,Sindhudurg,Savantwadi,Classified Banks,13
2020,Sindhudurg,Vaibhavwadi,Branch Offices of Classified Banks,15
2020,Sindhudurg,Vaibhavwadi,Classified Banks,4
2020,Sindhudurg,Vengurla,Branch Offices of Classified Banks,27
2020,Sindhudurg,Vengurla,Classified Banks,7
2020,Solapur,Akkalkot,Branch Offices of Classified Banks,29
2020,Solapur,Akkalkot,Classified Banks,10
2020,Solapur,Barshi,Branch Offices of Classified Banks,52
2020,Solapur,Barshi,Classified Banks,13
2020,Solapur,Karmala,Branch Offices of Classified Banks,32
2020,Solapur,Karmala,Classified Banks,10
2020,Solapur,Madha,Branch Offices of Classified Banks,51
2020,Solapur,Madha,Classified Banks,13
2020,Solapur,Malshiras,Branch Offices of Classified Banks,71
2020,Solapur,Malshiras,Classified Banks,15
2020,Solapur,Mangalvedha,Branch Offices of Classified Banks,26
2020,Solapur,Mangalvedha,Classified Banks,7
2020,Solapur,Mohol,Branch Offices of Classified Banks,40
2020,Solapur,Mohol,Classified Banks,12
2020,Solapur,North Solapur,Branch Offices of Classified Banks,100
2020,Solapur,North Solapur,Classified Banks,31
2020,Solapur,Pandharpur,Branch Offices of Classified Banks,54
2020,Solapur,Pandharpur,Classified Banks,16
2020,Solapur,Sangola,Branch Offices of Classified Banks,42
2020,Solapur,Sangola,Classified Banks,10
2020,Solapur,South Solapur,Branch Offices of Classified Banks,29
2020,Solapur,South Solapur,Classified Banks,7
2020,Thane,Ambarnath,Branch Offices of Classified Banks,51
2020,Thane,Ambarnath,Classified Banks,23
2020,Thane,Bhivandi,Branch Offices of Classified Banks,59
2020,Thane,Bhivandi,Classified Banks,19
2020,Thane,Kalyan,Branch Offices of Classified Banks,139
2020,Thane,Kalyan,Classified Banks,26
2020,Thane,Murbad,Branch Offices of Classified Banks,20
2020,Thane,Murbad,Classified Banks,10
2020,Thane,Shahapur,Branch Offices of Classified Banks,28
2020,Thane,Shahapur,Classified Banks,17
2020,Thane,Thane,Branch Offices of Classified Banks,511
2020,Thane,Thane,Classified Banks,34
2020,Thane,Ulhasnagar,Branch Offices of Classified Banks,47
2020,Thane,Ulhasnagar,Classified Banks,24
2020,Wardha,Aarvi,Branch Offices of Classified Banks,18
2020,Wardha,Aarvi,Classified Banks,8
2020,Wardha,Ashti,Branch Offices of Classified Banks,7
2020,Wardha,Ashti,Classified Banks,3
2020,Wardha,Devali,Branch Offices of Classified Banks,17
2020,Wardha,Devali,Classified Banks,9
2020,Wardha,Hinganghat,Branch Offices of Classified Banks,19
2020,Wardha,Hinganghat,Classified Banks,12
2020,Wardha,Karanja,Branch Offices of Classified Banks,9
2020,Wardha,Karanja,Classified Banks,4
2020,Wardha,Samudrapur,Branch Offices of Classified Banks,11
2020,Wardha,Samudrapur,Classified Banks,10
2020,Wardha,Selu,Branch Offices of Classified Banks,13
2020,Wardha,Selu,Classified Banks,8
2020,Wardha,Wardha,Branch Offices of Classified Banks,46
2020,Wardha,Wardha,Classified Banks,22
2020,Washim,Karanja,Branch Offices of Classified Banks,14
2020,Washim,Karanja,Classified Banks,9
2020,Washim,Malegaon,Branch Offices of Classified Banks,10
2020,Washim,Malegaon,Classified Banks,4
2020,Washim,Mangrulpir,Branch Offices of Classified Banks,9
2020,Washim,Mangrulpir,Classified Banks,5
2020,Washim,Manora,Branch Offices of Classified Banks,6
2020,Washim,Manora,Classified Banks,3
2020,Washim,Resod,Branch Offices of Classified Banks,11
2020,Washim,Resod,Classified Banks,5
2020,Washim,Washim,Branch Offices of Classified Banks,24
2020,Washim,Washim,Classified Banks,17
2020,Yavatmal,Aarni,Branch Offices of Classified Banks,16
2020,Yavatmal,Aarni,Classified Banks,7
2020,Yavatmal,Babhulgaon,Branch Offices of Classified Banks,12
2020,Yavatmal,Babhulgaon,Classified Banks,6
2020,Yavatmal,Darvha,Branch Offices of Classified Banks,19
2020,Yavatmal,Darvha,Classified Banks,5
2020,Yavatmal,Digras,Branch Offices of Classified Banks,12
2020,Yavatmal,Digras,Classified Banks,7
2020,Yavatmal,Ghantaji,Branch Offices of Classified Banks,12
2020,Yavatmal,Ghantaji,Classified Banks,4
2020,Yavatmal,Kalamb,Branch Offices of Classified Banks,10
2020,Yavatmal,Kalamb,Classified Banks,5
2020,Yavatmal,Kelapur,Branch Offices of Classified Banks,19
2020,Yavatmal,Kelapur,Classified Banks,7
2020,Yavatmal,Mahagaon,Branch Offices of Classified Banks,11
2020,Yavatmal,Mahagaon,Classified Banks,5
2020,Yavatmal,Maregaon,Branch Offices of Classified Banks,7
2020,Yavatmal,Maregaon,Classified Banks,4
2020,Yavatmal,Ner,Branch Offices of Classified Banks,13
2020,Yavatmal,Ner,Classified Banks,6
2020,Yavatmal,Pusad,Branch Offices of Classified Banks,24
2020,Yavatmal,Pusad,Classified Banks,11
2020,Yavatmal,Ralegaon,Branch Offices of Classified Banks,13
2020,Yavatmal,Ralegaon,Classified Banks,6
2020,Yavatmal,Umarkhed,Branch Offices of Classified Banks,16
2020,Yavatmal,Umarkhed,Classified Banks,6
2020,Yavatmal,Vani,Branch Offices of Classified Banks,38
2020,Yavatmal,Vani,Classified Banks,11
2020,Yavatmal,Yavatmal,Branch Offices of Classified Banks,55
2020,Yavatmal,Yavatmal,Classified Banks,21
2020,Yavatmal,Zari Jamani,Branch Offices of Classified Banks,9
2020,Yavatmal,Zari Jamani,Classified Banks,4
2021,Ahilyanagar,Akole,Branch Offices of Classified Banks,35
2021,Ahilyanagar,Akole,Classified Banks,6
2021,Ahilyanagar,Jamkhed,Branch Offices of Classified Banks,20
2021,Ahilyanagar,Jamkhed,Classified Banks,7
2021,Ahilyanagar,Karjat,Branch Offices of Classified Banks,27
2021,Ahilyanagar,Karjat,Classified Banks,7
2021,Ahilyanagar,Kopargaon,Branch Offices of Classified Banks,40
2021,Ahilyanagar,Kopargaon,Classified Banks,13
2021,Ahilyanagar,Nagar,Branch Offices of Classified Banks,110
2021,Ahilyanagar,Nagar,Classified Banks,31
2021,Ahilyanagar,Nevasa,Branch Offices of Classified Banks,34
2021,Ahilyanagar,Nevasa,Classified Banks,9
2021,Ahilyanagar,Parner,Branch Offices of Classified Banks,45
2021,Ahilyanagar,Parner,Classified Banks,8
2021,Ahilyanagar,Pathardi,Branch Offices of Classified Banks,26
2021,Ahilyanagar,Pathardi,Classified Banks,9
2021,Ahilyanagar,Rahata,Branch Offices of Classified Banks,54
2021,Ahilyanagar,Rahata,Classified Banks,25
2021,Ahilyanagar,Rahuri,Branch Offices of Classified Banks,43
2021,Ahilyanagar,Rahuri,Classified Banks,11
2021,Ahilyanagar,Sangamner,Branch Offices of Classified Banks,73
2021,Ahilyanagar,Sangamner,Classified Banks,22
2021,Ahilyanagar,Shevgaon,Branch Offices of Classified Banks,26
2021,Ahilyanagar,Shevgaon,Classified Banks,6
2021,Ahilyanagar,Srigonda,Branch Offices of Classified Banks,42
2021,Ahilyanagar,Srigonda,Classified Banks,13
2021,Ahilyanagar,Srirampur,Branch Offices of Classified Banks,35
2021,Ahilyanagar,Srirampur,Classified Banks,16
2021,Akola,Akola,Branch Offices of Classified Banks,102
2021,Akola,Akola,Classified Banks,58
2021,Akola,Akot,Branch Offices of Classified Banks,32
2021,Akola,Akot,Classified Banks,16
2021,Akola,Balapur,Branch Offices of Classified Banks,21
2021,Akola,Balapur,Classified Banks,8
2021,Akola,Barshitakali,Branch Offices of Classified Banks,9
2021,Akola,Barshitakali,Classified Banks,5
2021,Akola,Murtijapur,Branch Offices of Classified Banks,22
2021,Akola,Murtijapur,Classified Banks,12
2021,Akola,Patur,Branch Offices of Classified Banks,12
2021,Akola,Patur,Classified Banks,4
2021,Akola,Telhara,Branch Offices of Classified Banks,21
2021,Akola,Telhara,Classified Banks,10
2021,Amravati,Achalpur,Branch Offices of Classified Banks,32
2021,Amravati,Achalpur,Classified Banks,14
2021,Amravati,Amravati,Branch Offices of Classified Banks,112
2021,Amravati,Amravati,Classified Banks,27
2021,Amravati,Anjangaon Su,Branch Offices of Classified Banks,19
2021,Amravati,Anjangaon Su,Classified Banks,9
2021,Amravati,Bhatkuli,Branch Offices of Classified Banks,14
2021,Amravati,Bhatkuli,Classified Banks,5
2021,Amravati,Chandur Railway,Branch Offices of Classified Banks,13
2021,Amravati,Chandur Railway,Classified Banks,5
2021,Amravati,Chandurbazar,Branch Offices of Classified Banks,25
2021,Amravati,Chandurbazar,Classified Banks,9
2021,Amravati,Chikhraldara,Branch Offices of Classified Banks,8
2021,Amravati,Chikhraldara,Classified Banks,5
2021,Amravati,Daryapur,Branch Offices of Classified Banks,23
2021,Amravati,Daryapur,Classified Banks,6
2021,Amravati,Dhamangaon Re,Branch Offices of Classified Banks,18
2021,Amravati,Dhamangaon Re,Classified Banks,7
2021,Amravati,Dharani,Branch Offices of Classified Banks,8
2021,Amravati,Dharani,Classified Banks,4
2021,Amravati,Morshi,Branch Offices of Classified Banks,26
2021,Amravati,Morshi,Classified Banks,7
2021,Amravati,Nandgaon Kh,Branch Offices of Classified Banks,15
2021,Amravati,Nandgaon Kh,Classified Banks,7
2021,Amravati,Tivas,Branch Offices of Classified Banks,18
2021,Amravati,Tivas,Classified Banks,8
2021,Amravati,Warud,Branch Offices of Classified Banks,33
2021,Amravati,Warud,Classified Banks,12
2021,Beed,Ambajogai,Branch Offices of Classified Banks,9
2021,Beed,Ambajogai,Classified Banks,4
2021,Beed,Ashti,Branch Offices of Classified Banks,8
2021,Beed,Ashti,Classified Banks,2
2021,Beed,Beed,Branch Offices of Classified Banks,28
2021,Beed,Beed,Classified Banks,9
2021,Beed,Cage,Branch Offices of Classified Banks,4
2021,Beed,Cage,Classified Banks,2
2021,Beed,Dharur,Branch Offices of Classified Banks,4
2021,Beed,Dharur,Classified Banks,3
2021,Beed,Gevrai,Branch Offices of Classified Banks,10
2021,Beed,Gevrai,Classified Banks,4
2021,Beed,Majalgaon,Branch Offices of Classified Banks,4
2021,Beed,Majalgaon,Classified Banks,1
2021,Beed,Parli,Branch Offices of Classified Banks,4
2021,Beed,Parli,Classified Banks,2
2021,Beed,Patoda,Branch Offices of Classified Banks,3
2021,Beed,Patoda,Classified Banks,1
2021,Beed,Shirur Kasar,Branch Offices of Classified Banks,1
2021,Beed,Shirur Kasar,Classified Banks,1
2021,Beed,Wadwani,Branch Offices of Classified Banks,2
2021,Beed,Wadwani,Classified Banks,1
2021,Bhandara,Bhandara,Branch Offices of Classified Banks,33
2021,Bhandara,Bhandara,Classified Banks,16
2021,Bhandara,Lakhandur,Branch Offices of Classified Banks,9
2021,Bhandara,Lakhandur,Classified Banks,5
2021,Bhandara,Lakhani,Branch Offices of Classified Banks,10
2021,Bhandara,Lakhani,Classified Banks,4
2021,Bhandara,Mohadi,Branch Offices of Classified Banks,12
2021,Bhandara,Mohadi,Classified Banks,7
2021,Bhandara,Pavani,Branch Offices of Classified Banks,12
2021,Bhandara,Pavani,Classified Banks,7
2021,Bhandara,Sakoli,Branch Offices of Classified Banks,13
2021,Bhandara,Sakoli,Classified Banks,8
2021,Bhandara,Tumsar,Branch Offices of Classified Banks,21
2021,Bhandara,Tumsar,Classified Banks,13
2021,Buldhana,Buldana,Branch Offices of Classified Banks,32
2021,Buldhana,Buldana,Classified Banks,15
2021,Buldhana,Chikhali,Branch Offices of Classified Banks,26
2021,Buldhana,Chikhali,Classified Banks,9
2021,Buldhana,Deulgaon Raja,Branch Offices of Classified Banks,11
2021,Buldhana,Deulgaon Raja,Classified Banks,6
2021,Buldhana,Jalgaon Jamod,Branch Offices of Classified Banks,13
2021,Buldhana,Jalgaon Jamod,Classified Banks,5
2021,Buldhana,Khamgaon,Branch Offices of Classified Banks,32
2021,Buldhana,Khamgaon,Classified Banks,15
2021,Buldhana,Lonar,Branch Offices of Classified Banks,10
2021,Buldhana,Lonar,Classified Banks,4
2021,Buldhana,Malkapur,Branch Offices of Classified Banks,15
2021,Buldhana,Malkapur,Classified Banks,10
2021,Buldhana,Mehkar,Branch Offices of Classified Banks,20
2021,Buldhana,Mehkar,Classified Banks,7
2021,Buldhana,Motala,Branch Offices of Classified Banks,15
2021,Buldhana,Motala,Classified Banks,5
2021,Buldhana,Nandura,Branch Offices of Classified Banks,15
2021,Buldhana,Nandura,Classified Banks,7
2021,Buldhana,Sangrampur,Branch Offices of Classified Banks,12
2021,Buldhana,Sangrampur,Classified Banks,6
2021,Buldhana,Shegaon,Branch Offices of Classified Banks,16
2021,Buldhana,Shegaon,Classified Banks,9
2021,Buldhana,Sindkhed Raja,Branch Offices of Classified Banks,13
2021,Buldhana,Sindkhed Raja,Classified Banks,4
2021,Chandrapur,Ballarpur,Branch Offices of Classified Banks,18
2021,Chandrapur,Ballarpur,Classified Banks,13
2021,Chandrapur,Bhadravati,Branch Offices of Classified Banks,27
2021,Chandrapur,Bhadravati,Classified Banks,10
2021,Chandrapur,Bramhapuri,Branch Offices of Classified Banks,27
2021,Chandrapur,Bramhapuri,Classified Banks,14
2021,Chandrapur,Chandrapur,Branch Offices of Classified Banks,71
2021,Chandrapur,Chandrapur,Classified Banks,21
2021,Chandrapur,Chimur,Branch Offices of Classified Banks,18
2021,Chandrapur,Chimur,Classified Banks,6
2021,Chandrapur,Gondpipari,Branch Offices of Classified Banks,12
2021,Chandrapur,Gondpipari,Classified Banks,3
2021,Chandrapur,Jivati,Branch Offices of Classified Banks,5
2021,Chandrapur,Jivati,Classified Banks,3
2021,Chandrapur,Korpana,Branch Offices of Classified Banks,13
2021,Chandrapur,Korpana,Classified Banks,5
2021,Chandrapur,Mul,Branch Offices of Classified Banks,15
2021,Chandrapur,Mul,Classified Banks,9
2021,Chandrapur,Nagbhid,Branch Offices of Classified Banks,20
2021,Chandrapur,Nagbhid,Classified Banks,7
2021,Chandrapur,Ponbhurna,Branch Offices of Classified Banks,4
2021,Chandrapur,Ponbhurna,Classified Banks,4
2021,Chandrapur,Rajura,Branch Offices of Classified Banks,16
2021,Chandrapur,Rajura,Classified Banks,8
2021,Chandrapur,Savali,Branch Offices of Classified Banks,13
2021,Chandrapur,Savali,Classified Banks,4
2021,Chandrapur,Sindevahi,Branch Offices of Classified Banks,15
2021,Chandrapur,Sindevahi,Classified Banks,6
2021,Chandrapur,Varora,Branch Offices of Classified Banks,31
2021,Chandrapur,Varora,Classified Banks,15
2021,Chhatrapati Sambhajinagar,Chhatrapati Sambhaji Nagar,Branch Offices of Classified Banks,219
2021,Chhatrapati Sambhajinagar,Chhatrapati Sambhaji Nagar,Classified Banks,34
2021,Chhatrapati Sambhajinagar,Gangapur,Branch Offices of Classified Banks,41
2021,Chhatrapati Sambhajinagar,Gangapur,Classified Banks,10
2021,Chhatrapati Sambhajinagar,Kannad,Branch Offices of Classified Banks,40
2021,Chhatrapati Sambhajinagar,Kannad,Classified Banks,6
2021,Chhatrapati Sambhajinagar,Khultabad,Branch Offices of Classified Banks,17
2021,Chhatrapati Sambhajinagar,Khultabad,Classified Banks,4
2021,Chhatrapati Sambhajinagar,Paithan,Branch Offices of Classified Banks,48
2021,Chhatrapati Sambhajinagar,Paithan,Classified Banks,10
2021,Chhatrapati Sambhajinagar,Phulambri,Branch Offices of Classified Banks,16
2021,Chhatrapati Sambhajinagar,Phulambri,Classified Banks,5
2021,Chhatrapati Sambhajinagar,Sillod,Branch Offices of Classified Banks,41
2021,Chhatrapati Sambhajinagar,Sillod,Classified Banks,10
2021,Chhatrapati Sambhajinagar,Soyegaon,Branch Offices of Classified Banks,18
2021,Chhatrapati Sambhajinagar,Soyegaon,Classified Banks,3
2021,Chhatrapati Sambhajinagar,Vaijapur,Branch Offices of Classified Banks,42
2021,Chhatrapati Sambhajinagar,Vaijapur,Classified Banks,7
2021,Dharashiv,Bhum,Branch Offices of Classified Banks,8
2021,Dharashiv,Bhum,Classified Banks,6
2021,Dharashiv,Dharashiv,Branch Offices of Classified Banks,34
2021,Dharashiv,Dharashiv,Classified Banks,18
2021,Dharashiv,Kalamb,Branch Offices of Classified Banks,13
2021,Dharashiv,Kalamb,Classified Banks,6
2021,Dharashiv,Lohara,Branch Offices of Classified Banks,7
2021,Dharashiv,Lohara,Classified Banks,3
2021,Dharashiv,Paranda,Branch Offices of Classified Banks,8
2021,Dharashiv,Paranda,Classified Banks,4
2021,Dharashiv,Tuljapur,Branch Offices of Classified Banks,17
2021,Dharashiv,Tuljapur,Classified Banks,8
2021,Dharashiv,Umaraga,Branch Offices of Classified Banks,22
2021,Dharashiv,Umaraga,Classified Banks,8
2021,Dharashiv,Washi,Branch Offices of Classified Banks,5
2021,Dharashiv,Washi,Classified Banks,3
2021,Dhule,Dhule,Branch Offices of Classified Banks,59
2021,Dhule,Dhule,Classified Banks,19
2021,Dhule,Sakri,Branch Offices of Classified Banks,18
2021,Dhule,Sakri,Classified Banks,7
2021,Dhule,Shindkheda,Branch Offices of Classified Banks,19
2021,Dhule,Shindkheda,Classified Banks,8
2021,Dhule,Shirpur,Branch Offices of Classified Banks,22
2021,Dhule,Shirpur,Classified Banks,10
2021,Gadchiroli,Aheri,Branch Offices of Classified Banks,9
2021,Gadchiroli,Aheri,Classified Banks,4
2021,Gadchiroli,Bhamragad,Branch Offices of Classified Banks,1
2021,Gadchiroli,Bhamragad,Classified Banks,1
2021,Gadchiroli,Chomoshi,Branch Offices of Classified Banks,9
2021,Gadchiroli,Chomoshi,Classified Banks,4
2021,Gadchiroli,Desaiganj,Branch Offices of Classified Banks,9
2021,Gadchiroli,Desaiganj,Classified Banks,5
2021,Gadchiroli,Dhanora,Branch Offices of Classified Banks,5
2021,Gadchiroli,Dhanora,Classified Banks,3
2021,Gadchiroli,Etapalli,Branch Offices of Classified Banks,2
2021,Gadchiroli,Etapalli,Classified Banks,2
2021,Gadchiroli,Gadchiroli,Branch Offices of Classified Banks,14
2021,Gadchiroli,Gadchiroli,Classified Banks,10
2021,Gadchiroli,Korachi,Branch Offices of Classified Banks,2
2021,Gadchiroli,Korachi,Classified Banks,2
2021,Gadchiroli,Kurkheda,Branch Offices of Classified Banks,5
2021,Gadchiroli,Kurkheda,Classified Banks,4
2021,Gadchiroli,Mulchera,Branch Offices of Classified Banks,2
2021,Gadchiroli,Mulchera,Classified Banks,2
2021,Gadchiroli,Sironcha,Branch Offices of Classified Banks,3
2021,Gadchiroli,Sironcha,Classified Banks,2
2021,Gadchiroli,rmori,Branch Offices of Classified Banks,6
2021,Gadchiroli,rmori,Classified Banks,4
2021,Gondia,Aamgaon,Branch Offices of Classified Banks,7
2021,Gondia,Aamgaon,Classified Banks,5
2021,Gondia,Arjuni Morgaon,Branch Offices of Classified Banks,9
2021,Gondia,Arjuni Morgaon,Classified Banks,6
2021,Gondia,Devari,Branch Offices of Classified Banks,9
2021,Gondia,Devari,Classified Banks,8
2021,Gondia,Gondia,Branch Offices of Classified Banks,45
2021,Gondia,Gondia,Classified Banks,20
2021,Gondia,Goregaon,Branch Offices of Classified Banks,5
2021,Gondia,Goregaon,Classified Banks,3
2021,Gondia,Sadak Arjuni,Branch Offices of Classified Banks,9
2021,Gondia,Sadak Arjuni,Classified Banks,4
2021,Gondia,Salekasa,Branch Offices of Classified Banks,4
2021,Gondia,Salekasa,Classified Banks,2
2021,Gondia,Tiroda,Branch Offices of Classified Banks,14
2021,Gondia,Tiroda,Classified Banks,11
2021,Hingoli,Aundha na,Branch Offices of Classified Banks,8
2021,Hingoli,Aundha na,Classified Banks,4
2021,Hingoli,Hingoli,Branch Offices of Classified Banks,25
2021,Hingoli,Hingoli,Classified Banks,15
2021,Hingoli,Kalamanuri,Branch Offices of Classified Banks,11
2021,Hingoli,Kalamanuri,Classified Banks,3
2021,Hingoli,Sengaon,Branch Offices of Classified Banks,7
2021,Hingoli,Sengaon,Classified Banks,3
2021,Hingoli,vasamat,Branch Offices of Classified Banks,16
2021,Hingoli,vasamat,Classified Banks,7
2021,Jalgaon,Amalner,Branch Offices of Classified Banks,31
2021,Jalgaon,Amalner,Classified Banks,3
2021,Jalgaon,Bhadgaon,Branch Offices of Classified Banks,22
2021,Jalgaon,Bhadgaon,Classified Banks,2
2021,Jalgaon,Bhusawal,Branch Offices of Classified Banks,43
2021,Jalgaon,Bhusawal,Classified Banks,4
2021,Jalgaon,Bodvad,Branch Offices of Classified Banks,33
2021,Jalgaon,Bodvad,Classified Banks,3
2021,Jalgaon,Chalisgaon,Branch Offices of Classified Banks,45
2021,Jalgaon,Chalisgaon,Classified Banks,3
2021,Jalgaon,Chopda,Branch Offices of Classified Banks,31
2021,Jalgaon,Chopda,Classified Banks,3
2021,Jalgaon,Dharangaon,Branch Offices of Classified Banks,17
2021,Jalgaon,Dharangaon,Classified Banks,3
2021,Jalgaon,Erandol,Branch Offices of Classified Banks,18
2021,Jalgaon,Erandol,Classified Banks,4
2021,Jalgaon,Jalgaon,Branch Offices of Classified Banks,97
2021,Jalgaon,Jalgaon,Classified Banks,4
2021,Jalgaon,Jamner,Branch Offices of Classified Banks,37
2021,Jalgaon,Jamner,Classified Banks,4
2021,Jalgaon,Muktainagar (Edlabad),Branch Offices of Classified Banks,23
2021,Jalgaon,Muktainagar (Edlabad),Classified Banks,4
2021,Jalgaon,Pachora,Branch Offices of Classified Banks,43
2021,Jalgaon,Pachora,Classified Banks,4
2021,Jalgaon,Parola,Branch Offices of Classified Banks,21
2021,Jalgaon,Parola,Classified Banks,3
2021,Jalgaon,Raver,Branch Offices of Classified Banks,47
2021,Jalgaon,Raver,Classified Banks,4
2021,Jalgaon,Yawal,Branch Offices of Classified Banks,44
2021,Jalgaon,Yawal,Classified Banks,4
2021,Jalna,Ambad,Branch Offices of Classified Banks,27
2021,Jalna,Ambad,Classified Banks,8
2021,Jalna,Badnapur,Branch Offices of Classified Banks,14
2021,Jalna,Badnapur,Classified Banks,7
2021,Jalna,Bhokardan,Branch Offices of Classified Banks,27
2021,Jalna,Bhokardan,Classified Banks,7
2021,Jalna,Ghansawangi,Branch Offices of Classified Banks,17
2021,Jalna,Ghansawangi,Classified Banks,7
2021,Jalna,Jaffrabad,Branch Offices of Classified Banks,14
2021,Jalna,Jaffrabad,Classified Banks,5
2021,Jalna,Jalna,Branch Offices of Classified Banks,46
2021,Jalna,Jalna,Classified Banks,23
2021,Jalna,Mantha,Branch Offices of Classified Banks,10
2021,Jalna,Mantha,Classified Banks,4
2021,Jalna,Partur,Branch Offices of Classified Banks,17
2021,Jalna,Partur,Classified Banks,7
2021,Kolhapur,Ajara,Branch Offices of Classified Banks,24
2021,Kolhapur,Ajara,Classified Banks,7
2021,Kolhapur,Bhudargad,Branch Offices of Classified Banks,25
2021,Kolhapur,Bhudargad,Classified Banks,7
2021,Kolhapur,Chandgad,Branch Offices of Classified Banks,30
2021,Kolhapur,Chandgad,Classified Banks,7
2021,Kolhapur,Gadhinglaj,Branch Offices of Classified Banks,42
2021,Kolhapur,Gadhinglaj,Classified Banks,16
2021,Kolhapur,Gaganbavada,Branch Offices of Classified Banks,8
2021,Kolhapur,Gaganbavada,Classified Banks,3
2021,Kolhapur,Hatkanangale,Branch Offices of Classified Banks,101
2021,Kolhapur,Hatkanangale,Classified Banks,28
2021,Kolhapur,Kagal,Branch Offices of Classified Banks,42
2021,Kolhapur,Kagal,Classified Banks,16
2021,Kolhapur,Karveer,Branch Offices of Classified Banks,222
2021,Kolhapur,Karveer,Classified Banks,38
2021,Kolhapur,Panhala,Branch Offices of Classified Banks,38
2021,Kolhapur,Panhala,Classified Banks,10
2021,Kolhapur,Radhanagari,Branch Offices of Classified Banks,28
2021,Kolhapur,Radhanagari,Classified Banks,10
2021,Kolhapur,Shahuwadi,Branch Offices of Classified Banks,24
2021,Kolhapur,Shahuwadi,Classified Banks,9
2021,Kolhapur,Shirol,Branch Offices of Classified Banks,68
2021,Kolhapur,Shirol,Classified Banks,19
2021,Latur,Ahamadpur,Branch Offices of Classified Banks,19
2021,Latur,Ahamadpur,Classified Banks,6
2021,Latur,Aosa,Branch Offices of Classified Banks,28
2021,Latur,Aosa,Classified Banks,6
2021,Latur,Chakur,Branch Offices of Classified Banks,17
2021,Latur,Chakur,Classified Banks,4
2021,Latur,Devani,Branch Offices of Classified Banks,14
2021,Latur,Devani,Classified Banks,4
2021,Latur,Jalkot,Branch Offices of Classified Banks,10
2021,Latur,Jalkot,Classified Banks,4
2021,Latur,Latur,Branch Offices of Classified Banks,90
2021,Latur,Latur,Classified Banks,21
2021,Latur,Nilanga,Branch Offices of Classified Banks,31
2021,Latur,Nilanga,Classified Banks,4
2021,Latur,Renapur,Branch Offices of Classified Banks,13
2021,Latur,Renapur,Classified Banks,6
2021,Latur,Shirur-Anantpal,Branch Offices of Classified Banks,14
2021,Latur,Shirur-Anantpal,Classified Banks,4
2021,Latur,Udgir,Branch Offices of Classified Banks,34
2021,Latur,Udgir,Classified Banks,13
2021,Mumbai City,Mumbai City,Branch Offices of Classified Banks,947
2021,Mumbai City,Mumbai City,Classified Banks,32
2021,Mumbai Suburban,Adheri,Branch Offices of Classified Banks,1368
2021,Mumbai Suburban,Adheri,Classified Banks,43
2021,Nagpur,Bhiwapur,Branch Offices of Classified Banks,7
2021,Nagpur,Bhiwapur,Classified Banks,5
2021,Nagpur,Hingana,Branch Offices of Classified Banks,23
2021,Nagpur,Hingana,Classified Banks,14
2021,Nagpur,Kalameshwar,Branch Offices of Classified Banks,17
2021,Nagpur,Kalameshwar,Classified Banks,12
2021,Nagpur,Kamathi,Branch Offices of Classified Banks,32
2021,Nagpur,Kamathi,Classified Banks,15
2021,Nagpur,Katol,Branch Offices of Classified Banks,22
2021,Nagpur,Katol,Classified Banks,12
2021,Nagpur,Kuhi,Branch Offices of Classified Banks,11
2021,Nagpur,Kuhi,Classified Banks,6
2021,Nagpur,Mauda,Branch Offices of Classified Banks,15
2021,Nagpur,Mauda,Classified Banks,10
2021,Nagpur,Nagpur (Gra),Branch Offices of Classified Banks,50
2021,Nagpur,Nagpur (Gra),Classified Banks,20
2021,Nagpur,Nagpur (Sh),Branch Offices of Classified Banks,370
2021,Nagpur,Nagpur (Sh),Classified Banks,23
2021,Nagpur,Narkhed,Branch Offices of Classified Banks,13
2021,Nagpur,Narkhed,Classified Banks,7
2021,Nagpur,Parashivani,Branch Offices of Classified Banks,9
2021,Nagpur,Parashivani,Classified Banks,9
2021,Nagpur,Ramtech,Branch Offices of Classified Banks,22
2021,Nagpur,Ramtech,Classified Banks,11
2021,Nagpur,Sawner,Branch Offices of Classified Banks,23
2021,Nagpur,Sawner,Classified Banks,15
2021,Nagpur,Umred,Branch Offices of Classified Banks,24
2021,Nagpur,Umred,Classified Banks,15
2021,Nanded,Himalay nagar,Branch Offices of Classified Banks,5
2021,Nanded,Himalay nagar,Classified Banks,3
2021,Nanded,Kinvat,Branch Offices of Classified Banks,16
2021,Nanded,Kinvat,Classified Banks,5
2021,Nanded,Mahur,Branch Offices of Classified Banks,5
2021,Nanded,Mahur,Classified Banks,3
2021,Nanded,Mudkhed,Branch Offices of Classified Banks,13
2021,Nanded,Mudkhed,Classified Banks,4
2021,Nanded,Mukhed,Branch Offices of Classified Banks,21
2021,Nanded,Mukhed,Classified Banks,5
2021,Nanded,Nanded,Branch Offices of Classified Banks,82
2021,Nanded,Nanded,Classified Banks,30
2021,Nanded,andhrapur,Branch Offices of Classified Banks,10
2021,Nanded,andhrapur,Classified Banks,5
2021,Nanded,bhokar,Branch Offices of Classified Banks,11
2021,Nanded,bhokar,Classified Banks,3
2021,Nanded,biloli,Branch Offices of Classified Banks,14
2021,Nanded,biloli,Classified Banks,5
2021,Nanded,deglur,Branch Offices of Classified Banks,23
2021,Nanded,deglur,Classified Banks,5
2021,Nanded,dharmabad,Branch Offices of Classified Banks,12
2021,Nanded,dharmabad,Classified Banks,6
2021,Nanded,hadgaon,Branch Offices of Classified Banks,13
2021,Nanded,hadgaon,Classified Banks,5
2021,Nanded,kandhar,Branch Offices of Classified Banks,18
2021,Nanded,kandhar,Classified Banks,4
2021,Nanded,loha,Branch Offices of Classified Banks,17
2021,Nanded,loha,Classified Banks,6
2021,Nanded,naygaon,Branch Offices of Classified Banks,16
2021,Nanded,naygaon,Classified Banks,4
2021,Nanded,umari,Branch Offices of Classified Banks,8
2021,Nanded,umari,Classified Banks,3
2021,Nandurbar,Akkalkuva,Branch Offices of Classified Banks,10
2021,Nandurbar,Akkalkuva,Classified Banks,5
2021,Nandurbar,Akrani,Branch Offices of Classified Banks,5
2021,Nandurbar,Akrani,Classified Banks,4
2021,Nandurbar,Nandurbar,Branch Offices of Classified Banks,36
2021,Nandurbar,Nandurbar,Classified Banks,14
2021,Nandurbar,Navapur,Branch Offices of Classified Banks,15
2021,Nandurbar,Navapur,Classified Banks,7
2021,Nandurbar,Shahada,Branch Offices of Classified Banks,31
2021,Nandurbar,Shahada,Classified Banks,12
2021,Nandurbar,Taloda,Branch Offices of Classified Banks,10
2021,Nandurbar,Taloda,Classified Banks,5
2021,Nashik,Baglan,Branch Offices of Classified Banks,54
2021,Nashik,Baglan,Classified Banks,14
2021,Nashik,Chandwad,Branch Offices of Classified Banks,22
2021,Nashik,Chandwad,Classified Banks,5
2021,Nashik,Devala,Branch Offices of Classified Banks,25
2021,Nashik,Devala,Classified Banks,9
2021,Nashik,Dindori,Branch Offices of Classified Banks,46
2021,Nashik,Dindori,Classified Banks,15
2021,Nashik,Igatpuri,Branch Offices of Classified Banks,30
2021,Nashik,Igatpuri,Classified Banks,15
2021,Nashik,Kalwan,Branch Offices of Classified Banks,25
2021,Nashik,Kalwan,Classified Banks,9
2021,Nashik,Malegaon,Branch Offices of Classified Banks,64
2021,Nashik,Malegaon,Classified Banks,16
2021,Nashik,Nandgaon,Branch Offices of Classified Banks,27
2021,Nashik,Nandgaon,Classified Banks,11
2021,Nashik,Nashik,Branch Offices of Classified Banks,295
2021,Nashik,Nashik,Classified Banks,36
2021,Nashik,Nifad,Branch Offices of Classified Banks,124
2021,Nashik,Nifad,Classified Banks,22
2021,Nashik,Peth,Branch Offices of Classified Banks,9
2021,Nashik,Peth,Classified Banks,5
2021,Nashik,Sinner,Branch Offices of Classified Banks,45
2021,Nashik,Sinner,Classified Banks,15
2021,Nashik,Surgana,Branch Offices of Classified Banks,8
2021,Nashik,Surgana,Classified Banks,4
2021,Nashik,Trimbak,Branch Offices of Classified Banks,24
2021,Nashik,Trimbak,Classified Banks,9
2021,Nashik,Yewala,Branch Offices of Classified Banks,13
2021,Nashik,Yewala,Classified Banks,8
2021,Palghar,Dahanu,Branch Offices of Classified Banks,31
2021,Palghar,Dahanu,Classified Banks,14
2021,Palghar,Javhar,Branch Offices of Classified Banks,6
2021,Palghar,Javhar,Classified Banks,4
2021,Palghar,Mokhada,Branch Offices of Classified Banks,5
2021,Palghar,Mokhada,Classified Banks,4
2021,Palghar,Palghar,Branch Offices of Classified Banks,80
2021,Palghar,Palghar,Classified Banks,28
2021,Palghar,Talasari,Branch Offices of Classified Banks,7
2021,Palghar,Talasari,Classified Banks,5
2021,Palghar,Vasai,Branch Offices of Classified Banks,152
2021,Palghar,Vasai,Classified Banks,27
2021,Palghar,Vikramgad,Branch Offices of Classified Banks,5
2021,Palghar,Vikramgad,Classified Banks,4
2021,Palghar,Wada,Branch Offices of Classified Banks,14
2021,Palghar,Wada,Classified Banks,10
2021,Parbhani,Gangakhed,Branch Offices of Classified Banks,12
2021,Parbhani,Gangakhed,Classified Banks,8
2021,Parbhani,Jintur,Branch Offices of Classified Banks,10
2021,Parbhani,Jintur,Classified Banks,2
2021,Parbhani,Manvat,Branch Offices of Classified Banks,8
2021,Parbhani,Manvat,Classified Banks,5
2021,Parbhani,Palam,Branch Offices of Classified Banks,4
2021,Parbhani,Palam,Classified Banks,2
2021,Parbhani,Parbhani,Branch Offices of Classified Banks,40
2021,Parbhani,Parbhani,Classified Banks,16
2021,Parbhani,Pathari,Branch Offices of Classified Banks,4
2021,Parbhani,Pathari,Classified Banks,3
2021,Parbhani,Purna,Branch Offices of Classified Banks,9
2021,Parbhani,Purna,Classified Banks,3
2021,Parbhani,Selu,Branch Offices of Classified Banks,10
2021,Parbhani,Selu,Classified Banks,7
2021,Parbhani,Sonpeth,Branch Offices of Classified Banks,5
2021,Parbhani,Sonpeth,Classified Banks,2
2021,Pune,Aambegaon,Branch Offices of Classified Banks,41
2021,Pune,Aambegaon,Classified Banks,10
2021,Pune,Baramati,Branch Offices of Classified Banks,86
2021,Pune,Baramati,Classified Banks,22
2021,Pune,Bhor,Branch Offices of Classified Banks,29
2021,Pune,Bhor,Classified Banks,9
2021,Pune,Daund,Branch Offices of Classified Banks,63
2021,Pune,Daund,Classified Banks,15
2021,Pune,Haveli,Branch Offices of Classified Banks,277
2021,Pune,Haveli,Classified Banks,34
2021,Pune,Indapur,Branch Offices of Classified Banks,69
2021,Pune,Indapur,Classified Banks,17
2021,Pune,Junnar,Branch Offices of Classified Banks,68
2021,Pune,Junnar,Classified Banks,16
2021,Pune,Khed,Branch Offices of Classified Banks,89
2021,Pune,Khed,Classified Banks,25
2021,Pune,Maval,Branch Offices of Classified Banks,78
2021,Pune,Maval,Classified Banks,19
2021,Pune,Mulashi,Branch Offices of Classified Banks,62
2021,Pune,Mulashi,Classified Banks,19
2021,Pune,Pune City,Branch Offices of Classified Banks,958
2021,Pune,Pune City,Classified Banks,35
2021,Pune,Purandar,Branch Offices of Classified Banks,36
2021,Pune,Purandar,Classified Banks,13
2021,Pune,Shirur,Branch Offices of Classified Banks,81
2021,Pune,Shirur,Classified Banks,18
2021,Pune,Welhe,Branch Offices of Classified Banks,15
2021,Pune,Welhe,Classified Banks,3
2021,Raigad,Panwel,Branch Offices of Classified Banks,187
2021,Raigad,Panwel,Classified Banks,30
2021,Raigad,Uran,Branch Offices of Classified Banks,29
2021,Raigad,Uran,Classified Banks,13
2021,Raigad,alibag,Branch Offices of Classified Banks,40
2021,Raigad,alibag,Classified Banks,15
2021,Raigad,karjat,Branch Offices of Classified Banks,32
2021,Raigad,karjat,Classified Banks,15
2021,Raigad,khalapur,Branch Offices of Classified Banks,23
2021,Raigad,khalapur,Classified Banks,14
2021,Raigad,mahad,Branch Offices of Classified Banks,21
2021,Raigad,mahad,Classified Banks,13
2021,Raigad,mangaon,Branch Offices of Classified Banks,31
2021,Raigad,mangaon,Classified Banks,10
2021,Raigad,mhasala,Branch Offices of Classified Banks,6
2021,Raigad,mhasala,Classified Banks,2
2021,Raigad,murud,Branch Offices of Classified Banks,7
2021,Raigad,murud,Classified Banks,3
2021,Raigad,pen,Branch Offices of Classified Banks,32
2021,Raigad,pen,Classified Banks,16
2021,Raigad,poladpur,Branch Offices of Classified Banks,9
2021,Raigad,poladpur,Classified Banks,6
2021,Raigad,roha,Branch Offices of Classified Banks,20
2021,Raigad,roha,Classified Banks,11
2021,Raigad,shreevardhan,Branch Offices of Classified Banks,12
2021,Raigad,shreevardhan,Classified Banks,5
2021,Raigad,sudhagad,Branch Offices of Classified Banks,5
2021,Raigad,sudhagad,Classified Banks,4
2021,Raigad,tala,Branch Offices of Classified Banks,2
2021,Raigad,tala,Classified Banks,2
2021,Ratnagiri,Chiplun,Branch Offices of Classified Banks,67
2021,Ratnagiri,Chiplun,Classified Banks,20
2021,Ratnagiri,Dapoli,Branch Offices of Classified Banks,38
2021,Ratnagiri,Dapoli,Classified Banks,12
2021,Ratnagiri,Guhagar,Branch Offices of Classified Banks,25
2021,Ratnagiri,Guhagar,Classified Banks,8
2021,Ratnagiri,Khed,Branch Offices of Classified Banks,42
2021,Ratnagiri,Khed,Classified Banks,15
2021,Ratnagiri,Lanja,Branch Offices of Classified Banks,23
2021,Ratnagiri,Lanja,Classified Banks,7
2021,Ratnagiri,Mandangad,Branch Offices of Classified Banks,18
2021,Ratnagiri,Mandangad,Classified Banks,5
2021,Ratnagiri,Rajapur,Branch Offices of Classified Banks,38
2021,Ratnagiri,Rajapur,Classified Banks,9
2021,Ratnagiri,Ratnagiri,Branch Offices of Classified Banks,97
2021,Ratnagiri,Ratnagiri,Classified Banks,26
2021,Ratnagiri,Sangameshwar,Branch Offices of Classified Banks,35
2021,Ratnagiri,Sangameshwar,Classified Banks,7
2021,Sangli,Atpadi,Branch Offices of Classified Banks,30
2021,Sangli,Atpadi,Classified Banks,9
2021,Sangli,Jat,Branch Offices of Classified Banks,43
2021,Sangli,Jat,Classified Banks,7
2021,Sangli,Kadegaon,Branch Offices of Classified Banks,25
2021,Sangli,Kadegaon,Classified Banks,7
2021,Sangli,Kavathe Mahakal,Branch Offices of Classified Banks,36
2021,Sangli,Kavathe Mahakal,Classified Banks,10
2021,Sangli,Khanapur,Branch Offices of Classified Banks,27
2021,Sangli,Khanapur,Classified Banks,12
2021,Sangli,Miraj,Branch Offices of Classified Banks,170
2021,Sangli,Miraj,Classified Banks,35
2021,Sangli,Palus,Branch Offices of Classified Banks,36
2021,Sangli,Palus,Classified Banks,11
2021,Sangli,Shirala,Branch Offices of Classified Banks,32
2021,Sangli,Shirala,Classified Banks,7
2021,Sangli,Tasgaon,Branch Offices of Classified Banks,53
2021,Sangli,Tasgaon,Classified Banks,18
2021,Sangli,Walwa,Branch Offices of Classified Banks,76
2021,Sangli,Walwa,Classified Banks,16
2021,Satara,Javli,Branch Offices of Classified Banks,19
2021,Satara,Javli,Classified Banks,8
2021,Satara,Karad,Branch Offices of Classified Banks,122
2021,Satara,Karad,Classified Banks,24
2021,Satara,Khandala,Branch Offices of Classified Banks,48
2021,Satara,Khandala,Classified Banks,14
2021,Satara,Khatav,Branch Offices of Classified Banks,49
2021,Satara,Khatav,Classified Banks,9
2021,Satara,Koregaon,Branch Offices of Classified Banks,50
2021,Satara,Koregaon,Classified Banks,8
2021,Satara,Mahableshwar,Branch Offices of Classified Banks,16
2021,Satara,Mahableshwar,Classified Banks,6
2021,Satara,Man,Branch Offices of Classified Banks,37
2021,Satara,Man,Classified Banks,7
2021,Satara,Patan,Branch Offices of Classified Banks,38
2021,Satara,Patan,Classified Banks,5
2021,Satara,Phaltan,Branch Offices of Classified Banks,51
2021,Satara,Phaltan,Classified Banks,13
2021,Satara,Satara,Branch Offices of Classified Banks,105
2021,Satara,Satara,Classified Banks,27
2021,Satara,Wai,Branch Offices of Classified Banks,37
2021,Satara,Wai,Classified Banks,11
2021,Sindhudurg,Devgad,Branch Offices of Classified Banks,36
2021,Sindhudurg,Devgad,Classified Banks,8
2021,Sindhudurg,Dodamarg,Branch Offices of Classified Banks,11
2021,Sindhudurg,Dodamarg,Classified Banks,4
2021,Sindhudurg,Kankawali,Branch Offices of Classified Banks,40
2021,Sindhudurg,Kankawali,Classified Banks,13
2021,Sindhudurg,Kudal,Branch Offices of Classified Banks,53
2021,Sindhudurg,Kudal,Classified Banks,15
2021,Sindhudurg,Malwan,Branch Offices of Classified Banks,36
2021,Sindhudurg,Malwan,Classified Banks,11
2021,Sindhudurg,Savantwadi,Branch Offices of Classified Banks,40
2021,Sindhudurg,Savantwadi,Classified Banks,13
2021,Sindhudurg,Vaibhavwadi,Branch Offices of Classified Banks,14
2021,Sindhudurg,Vaibhavwadi,Classified Banks,4
2021,Sindhudurg,Vengurla,Branch Offices of Classified Banks,24
2021,Sindhudurg,Vengurla,Classified Banks,7
2021,Solapur,Akkalkot,Branch Offices of Classified Banks,19
2021,Solapur,Akkalkot,Classified Banks,10
2021,Solapur,Barshi,Branch Offices of Classified Banks,27
2021,Solapur,Barshi,Classified Banks,13
2021,Solapur,Karmala,Branch Offices of Classified Banks,19
2021,Solapur,Karmala,Classified Banks,10
2021,Solapur,Madha,Branch Offices of Classified Banks,30
2021,Solapur,Madha,Classified Banks,13
2021,Solapur,Malshiras,Branch Offices of Classified Banks,37
2021,Solapur,Malshiras,Classified Banks,15
2021,Solapur,Mangalvedha,Branch Offices of Classified Banks,13
2021,Solapur,Mangalvedha,Classified Banks,7
2021,Solapur,Mohol,Branch Offices of Classified Banks,18
2021,Solapur,Mohol,Classified Banks,12
2021,Solapur,North Solapur,Branch Offices of Classified Banks,88
2021,Solapur,North Solapur,Classified Banks,31
2021,Solapur,Pandharpur,Branch Offices of Classified Banks,38
2021,Solapur,Pandharpur,Classified Banks,16
2021,Solapur,Sangola,Branch Offices of Classified Banks,20
2021,Solapur,Sangola,Classified Banks,10
2021,Solapur,South Solapur,Branch Offices of Classified Banks,14
2021,Solapur,South Solapur,Classified Banks,7
2021,Thane,Ambarnath,Branch Offices of Classified Banks,51
2021,Thane,Ambarnath,Classified Banks,23
2021,Thane,Bhivandi,Branch Offices of Classified Banks,59
2021,Thane,Bhivandi,Classified Banks,19
2021,Thane,Kalyan,Branch Offices of Classified Banks,139
2021,Thane,Kalyan,Classified Banks,26
2021,Thane,Murbad,Branch Offices of Classified Banks,20
2021,Thane,Murbad,Classified Banks,10
2021,Thane,Shahapur,Branch Offices of Classified Banks,28
2021,Thane,Shahapur,Classified Banks,17
2021,Thane,Thane,Branch Offices of Classified Banks,511
2021,Thane,Thane,Classified Banks,34
2021,Thane,Ulhasnagar,Branch Offices of Classified Banks,47
2021,Thane,Ulhasnagar,Classified Banks,24
2021,Wardha,Aarvi,Branch Offices of Classified Banks,18
2021,Wardha,Aarvi,Classified Banks,8
2021,Wardha,Ashti,Branch Offices of Classified Banks,7
2021,Wardha,Ashti,Classified Banks,3
2021,Wardha,Devali,Branch Offices of Classified Banks,17
2021,Wardha,Devali,Classified Banks,9
2021,Wardha,Hinganghat,Branch Offices of Classified Banks,19
2021,Wardha,Hinganghat,Classified Banks,12
2021,Wardha,Karanja,Branch Offices of Classified Banks,9
2021,Wardha,Karanja,Classified Banks,4
2021,Wardha,Samudrapur,Branch Offices of Classified Banks,11
2021,Wardha,Samudrapur,Classified Banks,10
2021,Wardha,Selu,Branch Offices of Classified Banks,13
2021,Wardha,Selu,Classified Banks,8
2021,Wardha,Wardha,Branch Offices of Classified Banks,46
2021,Wardha,Wardha,Classified Banks,22
2021,Washim,Karanja,Branch Offices of Classified Banks,14
2021,Washim,Karanja,Classified Banks,9
2021,Washim,Malegaon,Branch Offices of Classified Banks,10
2021,Washim,Malegaon,Classified Banks,4
2021,Washim,Mangrulpir,Branch Offices of Classified Banks,9
2021,Washim,Mangrulpir,Classified Banks,5
2021,Washim,Manora,Branch Offices of Classified Banks,6
2021,Washim,Manora,Classified Banks,3
2021,Washim,Resod,Branch Offices of Classified Banks,11
2021,Washim,Resod,Classified Banks,5
2021,Washim,Washim,Branch Offices of Classified Banks,24
2021,Washim,Washim,Classified Banks,17
2021,Yavatmal,Aarni,Branch Offices of Classified Banks,20
2021,Yavatmal,Aarni,Classified Banks,7
2021,Yavatmal,Babhulgaon,Branch Offices of Classified Banks,10
2021,Yavatmal,Babhulgaon,Classified Banks,6
2021,Yavatmal,Darvha,Branch Offices of Classified Banks,20
2021,Yavatmal,Darvha,Classified Banks,5
2021,Yavatmal,Digras,Branch Offices of Classified Banks,13
2021,Yavatmal,Digras,Classified Banks,7
2021,Yavatmal,Ghantaji,Branch Offices of Classified Banks,12
2021,Yavatmal,Ghantaji,Classified Banks,4
2021,Yavatmal,Kalamb,Branch Offices of Classified Banks,11
2021,Yavatmal,Kalamb,Classified Banks,5
2021,Yavatmal,Kelapur,Branch Offices of Classified Banks,17
2021,Yavatmal,Kelapur,Classified Banks,7
2021,Yavatmal,Mahagaon,Branch Offices of Classified Banks,12
2021,Yavatmal,Mahagaon,Classified Banks,5
2021,Yavatmal,Maregaon,Branch Offices of Classified Banks,7
2021,Yavatmal,Maregaon,Classified Banks,4
2021,Yavatmal,Ner,Branch Offices of Classified Banks,13
2021,Yavatmal,Ner,Classified Banks,6
2021,Yavatmal,Pusad,Branch Offices of Classified Banks,27
2021,Yavatmal,Pusad,Classified Banks,11
2021,Yavatmal,Ralegaon,Branch Offices of Classified Banks,12
2021,Yavatmal,Ralegaon,Classified Banks,6
2021,Yavatmal,Umarkhed,Branch Offices of Classified Banks,16
2021,Yavatmal,Umarkhed,Classified Banks,6
2021,Yavatmal,Vani,Branch Offices of Classified Banks,37
2021,Yavatmal,Vani,Classified Banks,11
2021,Yavatmal,Yavatmal,Branch Offices of Classified Banks,70
2021,Yavatmal,Yavatmal,Classified Banks,21
2021,Yavatmal,Zari Jamani,Branch Offices of Classified Banks,10
2021,Yavatmal,Zari Jamani,Classified Banks,4
