District,Year,Taluka,Aggregate Current Demand,Arrears,Aggregate Demand,Discount,Amount of suspended recovery,Amount Eligible for Recovery,Value Recovery,Number of Account Holders
Ahilyanagar,2012,Akole,7486000.0,2340000.0,9826000.0,0.0,0.0,9826000.0,9826000.0,63907
Ahilyanagar,2012,Sangamner,6468000.0,11719000.0,18187000.0,144000.0,0.0,18043000.0,18043000.0,131118
Ahilyanagar,2012,Kopargaon,9118000.0,5922000.0,15040000.0,0.0,111000.0,14929000.0,14921000.0,65996
Ahilyanagar,2012,Rahata,8778000.0,0.0,8778000.0,678000.0,0.0,8100000.0,8100000.0,76525
Ahilyanagar,2012,Srirampur,8704000.0,18433000.0,27137000.0,133000.0,0.0,27004000.0,26560000.0,59324
Ahilyanagar,2012,Nevasa,7217000.0,23111000.0,30328000.0,4881000.0,0.0,25447000.0,23335000.0,93247
Ahilyanagar,2012,Shevgaon,8416000.0,79642000.0,88058000.0,0.0,0.0,88058000.0,87250000.0,67200
Ahilyanagar,2012,Pathardi,8186000.0,2518000.0,10704000.0,850000.0,0.0,9854000.0,9854000.0,81500
Ahilyanagar,2012,Nagar,7068000.0,8415000.0,15483000.0,1027000.0,0.0,14456000.0,14456000.0,89780
Ahilyanagar,2012,Rahuri,9898000.0,6667000.0,16565000.0,870000.0,0.0,15695000.0,15694000.0,77942
Ahilyanagar,2012,Parner,5016000.0,0.0,5016000.0,0.0,0.0,5016000.0,5016000.0,135186
Ahilyanagar,2012,Srigonda,3198000.0,258000.0,3456000.0,0.0,258000.0,3198000.0,1933000.0,121224
Ahilyanagar,2012,Karjat,4029000.0,1033000.0,5062000.0,74000.0,0.0,4988000.0,4492000.0,105607
Ahilyanagar,2012,Jamkhed,6012000.0,0.0,6012000.0,228000.0,0.0,5784000.0,5287000.0,54002
Ahilyanagar,2013,Akole,3784000.0,0.0,3784000.0,871000.0,0.0,2913000.0,2913000.0,65711
Ahilyanagar,2013,Sangamner,7822000.0,0.0,7822000.0,1293000.0,0.0,6529000.0,5266000.0,138821
Ahilyanagar,2013,Kopargaon,22910000.0,0.0,22910000.0,0.0,0.0,22910000.0,22910000.0,66113
Ahilyanagar,2013,Rahata,62433000.0,0.0,62433000.0,704000.0,0.0,61729000.0,54960000.0,77205
Ahilyanagar,2013,Srirampur,7667000.0,1188000.0,8855000.0,578000.0,0.0,8277000.0,2430000.0,60330
Ahilyanagar,2013,Nevasa,6115000.0,0.0,6115000.0,1571000.0,0.0,4544000.0,4544000.0,94874
Ahilyanagar,2013,Shevgaon,4112000.0,1901000.0,6013000.0,402000.0,0.0,5611000.0,3710000.0,68154
Ahilyanagar,2013,Pathardi,2637000.0,0.0,2637000.0,1003000.0,0.0,1634000.0,1634000.0,81637
Ahilyanagar,2013,Nagar,48287000.0,0.0,48287000.0,0.0,0.0,48287000.0,41746000.0,89821
Ahilyanagar,2013,Rahuri,2623000.0,0.0,2623000.0,1123000.0,0.0,1500000.0,1499000.0,78348
Ahilyanagar,2013,Parner,4533000.0,0.0,4533000.0,1275000.0,0.0,3258000.0,3258000.0,136208
Ahilyanagar,2013,Srigonda,3628000.0,2577000.0,6205000.0,1265000.0,25000.0,4915000.0,3628000.0,121853
Ahilyanagar,2013,Karjat,3560000.0,0.0,3560000.0,870000.0,0.0,2690000.0,2410000.0,105723
Ahilyanagar,2013,Jamkhed,5512000.0,0.0,5512000.0,756000.0,0.0,4756000.0,4653000.0,55351
Ahilyanagar,2014,Akole,4903860.0,0.0,4903860.0,871450.0,0.0,4032410.0,8559330.0,164380
Ahilyanagar,2014,Sangamner,7112270.0,0.0,7112270.0,1288930.0,0.0,5823340.0,81827970.0,102181
Ahilyanagar,2014,Kopargaon,17973260.0,0.0,17973260.0,1129940.0,0.0,16843330.0,6278860.0,48552
Ahilyanagar,2014,Rahata,68676000.0,0.0,68676000.0,704290.0,0.0,67971710.0,68363100.0,76525
Ahilyanagar,2014,Srirampur,7089170.0,1188970.0,8278129.999999999,592560.0,0.0,7685570.0,55397710.0,64474
Ahilyanagar,2014,Nevasa,8468700.0,0.0,8468700.0,1594700.0,0.0,6874000.0,24184250.0,116972
Ahilyanagar,2014,Shevgaon,4006420.0,190120.0,4196540.0,566080.0,0.0,3630460.0,3423960.0,22996
Ahilyanagar,2014,Pathardi,2689220.0,0.0,2689220.0,1004020.0,0.0,1685210.0,7807350.0,80875
Ahilyanagar,2014,Nagar,22085510.0,0.0,22085510.0,0.0,0.0,22085510.0,23053710.0,82394
Ahilyanagar,2014,Rahuri,2623140.0,0.0,2623140.0,1123720.0,0.0,1499430.0,1499430.0,64971
Ahilyanagar,2014,Parner,5170430.0,1276440.0,6446870.0,1315340.0,0.0,5131540.0,3940070.0,129060
Ahilyanagar,2014,Srigonda,3455420.0,806270.0,4261690.0,1292500.0,25000.0,2944190.0,2969640.0,121216
Ahilyanagar,2014,Karjat,4164420.0,0.0,4164420.0,998480.0,0.0,3165940.0,5244260.0,108907
Ahilyanagar,2014,Jamkhed,6112000.0,0.0,6112000.0,756370.0,0.0,5355630.0,6321680.0,55469
Ahilyanagar,2015,Akole,7230060.0,0.0,7230060.0,1044650.0,0.0,6185410.0,11733910.0,164380
Ahilyanagar,2015,Sangamner,7119300.0,0.0,7119300.0,1295960.0,0.0,5823340.0,91225830.0,102181
Ahilyanagar,2015,Kopargaon,12474650.0,0.0,12474650.0,1014350.0,0.0,11460300.0,38668060.0,54800
Ahilyanagar,2015,Rahata,68676000.0,0.0,68676000.0,0.0,0.0,68676000.0,67676000.0,76534
Ahilyanagar,2015,Srirampur,7202190.0,659340.0,7861530.0,582880.0,0.0,7278650.0,20946270.0,66853
Ahilyanagar,2015,Nevasa,7855860.0,0.0,7855860.0,1635360.0,0.0,6220500.0,35750530.0,121691
Ahilyanagar,2015,Shevgaon,4155980.0,235000.0,4390980.0,4020890.0,0.0,370090.0,3988900.0,16063
Ahilyanagar,2015,Pathardi,5066000.0,0.0,5066000.0,1400300.0,0.0,3665700.0,12131230.0,80925
Ahilyanagar,2015,Nagar,34406390.0,0.0,34406390.0,1140000.0,0.0,33266390.0,32266380.0,101266
Ahilyanagar,2015,Rahuri,5347090.0,0.0,5347090.0,0.0,0.0,5347090.0,5368110.0,139635
Ahilyanagar,2015,Parner,6062170.0,0.0,6062170.0,1323500.0,0.0,4738670.0,6062170.0,129060
Ahilyanagar,2015,Srigonda,3976720.0,1003760.0,4980480.0,1293360.0,0.0,3687120.0,2972960.0,122723
Ahilyanagar,2015,Karjat,4376900.0,0.0,4376900.0,843970.0,0.0,3532930.0,7266140.0,109295
Ahilyanagar,2015,Jamkhed,1571760.0,0.0,1571760.0,764960.0,0.0,806800.0,5773900.0,59300
Ahilyanagar,2016,Akole,59027820.0,0.0,59027820.0,9024900.0,0.0,50002920.0,95958530.0,84330
Ahilyanagar,2016,Sangamner,7219550.0,0.0,7219550.0,1308560.0,0.0,5910990.0,10020780.0,113225
Ahilyanagar,2016,Kopargaon,11029170.0,0.0,11029170.0,1135300.0,0.0,9893870.0,9893860.0,23876
Ahilyanagar,2016,Rahata,65544000.0,0.0,65544000.0,0.0,0.0,65544000.0,94265090.0,0
Ahilyanagar,2016,Srirampur,7202000.0,659340.0,7861340.0,582880.0,0.0,7278460.0,25194270.0,66853
Ahilyanagar,2016,Nevasa,6533510.0,0.0,6533510.0,1798890.0,0.0,4734620.0,4734630.0,128669
Ahilyanagar,2016,Shevgaon,41660950.0,190000.0,41850950.0,0.0,0.0,41850950.0,3976090.0,24136
Ahilyanagar,2016,Pathardi,10800000.0,0.0,10800000.0,0.0,0.0,10800000.0,17489670.0,108207
Ahilyanagar,2016,Nagar,26431780.0,0.0,26431780.0,1114010.0,0.0,25317770.0,44380240.0,101266
Ahilyanagar,2016,Rahuri,2912680.0,0.0,2912680.0,0.0,0.0,2912680.0,2854940.0,139635
Ahilyanagar,2016,Parner,683321770.0,0.0,683321770.0,1352070.0,0.0,681969700.0,5481150.0,146855
Ahilyanagar,2016,Srigonda,424122800.0,1003760.0,425126560.0,129335900.0,0.0,295790660.0,32374650.0,122723
Ahilyanagar,2016,Karjat,11000000.0,0.0,11000000.0,0.0,0.0,11000000.0,10955250.0,0
Ahilyanagar,2016,Jamkhed,1735130.0,0.0,1735130.0,782850.0,0.0,952280.0,6784100.0,61200
Ahilyanagar,2017,Akole,5278340.0,0.0,5278340.0,1067850.0,0.0,4210490.0,9085560.0,86950
Ahilyanagar,2017,Sangamner,7895650.0,0.0,7895650.0,1445250.0,0.0,6450400.0,50563350.0,118478
Ahilyanagar,2017,Kopargaon,14281040.0,0.0,14281040.0,835880.0,0.0,13445160.0,61945160.0,78957
Ahilyanagar,2017,Rahata,77943000.0,0.0,77943000.0,0.0,0.0,77943000.0,77943000.0,92491
Ahilyanagar,2017,Srirampur,7824910.0,339930.0,8164850.0,529170.0,0.0,7635680.0,250.0,67198
Ahilyanagar,2017,Nevasa,6852470.0,0.0,6852470.0,1978780.0,0.0,4873690.0,4873690.0,141535
Ahilyanagar,2017,Shevgaon,4111100.0,190000.0,4301100.0,0.0,0.0,4301100.0,3921100.0,17851
Ahilyanagar,2017,Pathardi,3769120.0,0.0,3769120.0,0.0,0.0,3769120.0,3760230.0,7318
Ahilyanagar,2017,Nagar,100000000.0,0.0,100000000.0,13901070.0,0.0,86098930.0,106325100.0,101266
Ahilyanagar,2017,Rahuri,13536010.0,0.0,13536010.0,0.0,0.0,13536010.0,15557710.0,87579
Ahilyanagar,2017,Parner,6729540.0,0.0,6729540.0,1408870.0,0.0,5320660.0,5320870.0,146855
Ahilyanagar,2017,Srigonda,7513630.0,0.0,7513630.0,1248340.0,0.0,6265290.0,11621170.0,152731
Ahilyanagar,2017,Karjat,5627400.0,0.0,5627400.0,848480.0,0.0,4778920.0,8573330.0,88683
Ahilyanagar,2017,Jamkhed,7500000.0,0.0,7500000.0,0.0,0.0,7500000.0,7591880.0,87160
Ahilyanagar,2018,Akole,11400000.0,0.0,11400000.0,0.0,0.0,11400000.0,16861070.0,87357
Ahilyanagar,2018,Sangamner,8219670.0,0.0,8219670.0,1566260.0,0.0,6653420.0,50539310.0,118478
Ahilyanagar,2018,Kopargaon,7746760.0,0.0,7746760.0,0.0,0.0,7746760.0,60130330.0,78957
Ahilyanagar,2018,Rahata,37740180.0,0.0,37740180.0,0.0,36215890.0,1524290.0,1524290.0,29797
Ahilyanagar,2018,Srirampur,9038390.0,515400.0,9553790.0,605850.0,0.0,8947940.0,7524800.0,67215
Ahilyanagar,2018,Nevasa,8450930.0,0.0,8450930.0,3404170.0,0.0,5046750.0,6928970.0,119613
Ahilyanagar,2018,Shevgaon,4374740.0,0.0,4374740.0,0.0,0.0,4374740.0,14148500.0,17797
Ahilyanagar,2018,Pathardi,16000000.0,0.0,16000000.0,0.0,0.0,16000000.0,13854910.0,6374
Ahilyanagar,2018,Nagar,100000000.0,0.0,100000000.0,1637610.0,0.0,98362390.0,75962000.0,327454
Ahilyanagar,2018,Rahuri,31100000.0,0.0,31100000.0,0.0,0.0,31100000.0,30721980.0,87579
Ahilyanagar,2018,Parner,6729530.0,0.0,6729530.0,0.0,0.0,6729530.0,6729530.0,146855
Ahilyanagar,2018,Srigonda,1900000.0,0.0,1900000.0,0.0,0.0,1900000.0,8294000.0,122723
Ahilyanagar,2018,Karjat,5627390.0,0.0,5627390.0,1529430.0,0.0,4097960.0,6883720.0,111824
Ahilyanagar,2018,Jamkhed,7500000.0,0.0,7500000.0,0.0,0.0,7500000.0,5358630.0,87160
Ahilyanagar,2019,Akole,8087080.0,0.0,8087080.0,883720.0,0.0,7203370.0,7203370.0,93465
Ahilyanagar,2019,Sangamner,8190000.0,0.0,8190000.0,1444180.0,0.0,6745810.0,68065010.0,118478
Ahilyanagar,2019,Kopargaon,11787610.0,0.0,11787610.0,119510.0,0.0,11668090.0,50562710.0,53948
Ahilyanagar,2019,Rahata,38740180.0,0.0,38740180.0,0.0,36215900.0,2524290.0,1524290.0,29598
Ahilyanagar,2019,Srirampur,8517250.0,719860.0,9237110.0,605450.0,0.0,8631660.0,5246510.0,67405
Ahilyanagar,2019,Nevasa,6702430.0,0.0,6702430.0,1688320.0,0.0,5014110.0,5014110.0,119613
Ahilyanagar,2019,Shevgaon,6353080.0,51340.0,6404410.0,1458550.0,0.0,4945870.0,4862050.0,10315
Ahilyanagar,2019,Pathardi,16000000.0,0.0,16000000.0,0.0,0.0,16000000.0,11913390.0,6374
Ahilyanagar,2019,Nagar,97600000.0,0.0,97600000.0,1672450.0,0.0,95927550.0,84915000.0,191492
Ahilyanagar,2019,Rahuri,30000000.0,0.0,30000000.0,0.0,0.0,30000000.0,29233680.0,87579
Ahilyanagar,2019,Parner,9019720.0,0.0,9019720.0,0.0,0.0,9019720.0,22576320.0,146855
Ahilyanagar,2019,Srigonda,11000000.0,0.0,11000000.0,2395470.0,0.0,8604530.0,4551510.0,69514
Ahilyanagar,2019,Karjat,2240020.0,0.0,2240020.0,852680.0,0.0,1387340.0,3317750.0,113824
Ahilyanagar,2019,Jamkhed,8072000.0,0.0,8072000.0,0.0,0.0,8072000.0,9911960.0,87160
Ahilyanagar,2020,Akole,4829220.0,0.0,4829220.0,0.0,0.0,4829220.0,4829220.0,88009
Ahilyanagar,2020,Sangamner,8105620.0,195140.0,8300760.0,1375010.0,0.0,6925750.0,66684940.0,118478
Ahilyanagar,2020,Kopargaon,7768610.0,213000.0,7981610.0,0.0,0.0,7981610.0,7455640.0,51243
Ahilyanagar,2020,Rahata,11557710.0,112170.0,11669880.0,0.0,0.0,11669880.0,5359000.0,47112
Ahilyanagar,2020,Srirampur,7445000.0,108000.0,7553000.0,650000.0,0.0,6903000.0,51129000.0,67215
Ahilyanagar,2020,Nevasa,8538760.0,606000.0,9144760.0,2407190.0,0.0,6737560.0,6737560.0,136596
Ahilyanagar,2020,Shevgaon,6449700.0,84790.0,6534490.0,1236780.0,0.0,5297720.0,5212930.0,27621
Ahilyanagar,2020,Pathardi,15900000.0,0.0,15900000.0,0.0,0.0,15900000.0,15900000.0,6438
Ahilyanagar,2020,Nagar,110600000.0,2356000.0,112956000.0,1672000.0,0.0,111284000.0,143039000.0,191492
Ahilyanagar,2020,Rahuri,3706000.0,1302000.0,5008000.0,0.0,0.0,5008000.0,29853000.0,87579
Ahilyanagar,2020,Parner,5322510.0,0.0,5322510.0,0.0,0.0,5322510.0,5322510.0,30421
Ahilyanagar,2020,Srigonda,5052210.0,243610.0,5295820.0,0.0,0.0,5295820.0,36828000.0,113480
Ahilyanagar,2020,Karjat,2603020.0,2482280.0,5085300.0,0.0,0.0,5085300.0,2519050.0,113824
Ahilyanagar,2020,Jamkhed,2628220.0,0.0,2628220.0,0.0,0.0,2628220.0,2628220.0,36741
Ahilyanagar,2021,Akole,7679340.0,0.0,7679340.0,900890.0,0.0,6778460.0,0.0,35123
Ahilyanagar,2021,Sangamner,90000000.0,338000.0,90338000.0,0.0,0.0,90338000.0,99597000.0,85980
Ahilyanagar,2021,Kopargaon,7946000.0,0.0,7946000.0,0.0,0.0,7946000.0,7946000.0,51287
Ahilyanagar,2021,Rahata,11338000.0,112000.0,11450000.0,756000.0,0.0,10694000.0,78460000.0,61947
Ahilyanagar,2021,Srirampur,54000000.0,131000.0,54131000.0,605000.0,0.0,53526000.0,38466000.0,67215
Ahilyanagar,2021,Nevasa,8640780.0,0.0,8640780.0,2655810.0,0.0,5984970.0,5984970.0,126596
Ahilyanagar,2021,Shevgaon,23000000.0,84000.0,23084000.0,0.0,0.0,23084000.0,21015000.0,5762
Ahilyanagar,2021,Pathardi,2600000.0,0.0,2600000.0,0.0,0.0,2600000.0,16658000.0,6752
Ahilyanagar,2021,Nagar,141000000.0,0.0,141000000.0,1423000.0,0.0,139577000.0,150628000.0,173222
Ahilyanagar,2021,Rahuri,6766000.0,1625000.0,8391000.0,0.0,0.0,8391000.0,21445930.0,77923
Ahilyanagar,2021,Parner,5871910.0,121200.0,5993110.0,0.0,0.0,5993110.0,5991200.0,30421
Ahilyanagar,2021,Srigonda,4840000.0,401000.0,5241000.0,0.0,0.0,5241000.0,28580000.0,74318
Ahilyanagar,2021,Karjat,2631000.0,2482000.0,5113000.0,0.0,0.0,5113000.0,3119100.0,113824
Ahilyanagar,2021,Jamkhed,2161400.0,0.0,2161400.0,822670.0,0.0,1338730.0,1338730.0,77583
Akola,2012,Telhara,4508000.0,571000.0,5079000.0,0.0,0.0,5079000.0,5325000.0,34909
Akola,2012,Akot,7760000.0,2807000.0,10567000.0,0.0,0.0,10567000.0,12301000.0,47181
Akola,2012,Balapur,11102000.0,6276000.0,17378000.0,0.0,0.0,17378000.0,12687000.0,32694
Akola,2012,Akola,43307000.0,5676000.0,48983000.0,0.0,389000.0,48594000.0,50522000.0,53603
Akola,2012,Murtijapur,4651000.0,2938000.0,7589000.0,0.0,0.0,7589000.0,12687000.0,78960
Akola,2012,Patur,2814000.0,515000.0,3329000.0,0.0,0.0,3329000.0,4630000.0,35779
Akola,2012,Barshitakali,3145000.0,832000.0,3977000.0,0.0,0.0,3977000.0,4484000.0,32436
Akola,2013,Telhara,109000000.0,34000000.0,143000000.0,0.0,0.0,143000000.0,149190000.0,48199
Akola,2013,Akot,205856000.0,44559000.0,250415000.0,0.0,0.0,250415000.0,139093000.0,48574
Akola,2013,Balapur,102690000.0,24120000.0,126810000.0,0.0,0.0,126810000.0,77507000.0,69952
Akola,2013,Akola,281000000.0,153578000.0,434578000.0,0.0,0.0,434578000.0,1411066000.0,156458
Akola,2013,Murtijapur,155159000.0,17807000.0,172966000.0,0.0,0.0,172966000.0,49907000.0,63737
Akola,2013,Patur,46888000.0,3698000.0,50586000.0,0.0,0.0,50586000.0,49046000.0,42668
Akola,2013,Barshitakali,72000000.0,0.0,72000000.0,0.0,0.0,72000000.0,39802000.0,48987
Akola,2014,Telhara,4180000.0,52820000.0,57000000.0,0.0,0.0,57000000.0,62850000.0,36225
Akola,2014,Akot,29590000.0,86190000.0,115780000.0,0.0,0.0,115780000.0,215020000.0,48574
Akola,2014,Balapur,54370000.0,108730000.0,163110000.0,0.0,0.0,163110000.0,1033720000.0,39645
Akola,2014,Akola,33450000.0,392690000.0,426140000.0,0.0,0.0,426140000.0,976330000.0,87123
Akola,2014,Murtijapur,16080000.0,52960000.0,69040000.0,0.0,0.0,69040000.0,254590000.0,61278
Akola,2014,Patur,12290000.0,28930000.0,41220000.0,0.0,0.0,41220000.0,49510000.0,57543
Akola,2014,Barshitakali,14170000.0,31500000.0,45680000.0,0.0,0.0,45680000.0,84780000.0,35810
Akola,2015,Telhara,0.0,0.0,0.0,0.0,0.0,0.0,0.0,
Akola,2015,Akot,0.0,0.0,0.0,0.0,0.0,0.0,0.0,
Akola,2015,Balapur,0.0,0.0,0.0,0.0,0.0,0.0,0.0,
Akola,2015,Akola,0.0,0.0,0.0,0.0,0.0,0.0,0.0,
Akola,2015,Murtijapur,0.0,0.0,0.0,0.0,0.0,0.0,0.0,
Akola,2015,Patur,0.0,0.0,0.0,0.0,0.0,0.0,0.0,
Akola,2015,Barshitakali,0.0,0.0,0.0,0.0,0.0,0.0,0.0,
Akola,2016,Telhara,534000.0,622000.0,5962000.0,0.0,0.0,5962000.0,6081000.0,34909
Akola,2016,Akot,9671000.0,4836000.0,14507000.0,0.0,0.0,14507000.0,20141000.0,64851
Akola,2016,Balapur,15152000.0,141000.0,16562000.0,0.0,0.0,16562000.0,26164000.0,38718
Akola,2016,Akola,72319000.0,7517000.0,79836000.0,0.0,0.0,79836000.0,71408000.0,78015
Akola,2016,Murtijapur,7924000.0,3003000.0,10927000.0,0.0,0.0,10927000.0,195861000.0,62763
Akola,2016,Patur,2959000.0,995000.0,3954000.0,0.0,0.0,3954000.0,9241000.0,31292
Akola,2016,Barshitakali,3100000.0,1216000.0,4316000.0,0.0,0.0,4316000.0,4618000.0,34971
Akola,2017,Telhara,5174000.0,444000.0,5618000.0,0.0,0.0,5618000.0,5545000.0,36784
Akola,2017,Akot,6249000.0,4542000.0,10791000.0,0.0,0.0,10791000.0,25391000.0,51563
Akola,2017,Balapur,15535000.0,2438000.0,17973000.0,0.0,0.0,17973000.0,23697000.0,38718
Akola,2017,Akola,69244000.0,7573000.0,76817000.0,0.0,0.0,76817000.0,104124000.0,76965
Akola,2017,Murtijapur,4919000.0,1302000.0,6221000.0,0.0,0.0,6221000.0,29859000.0,25219
Akola,2017,Patur,3332000.0,1065000.0,4397000.0,0.0,0.0,4397000.0,7541000.0,32376
Akola,2017,Barshitakali,3132000.0,1012000.0,4144000.0,0.0,0.0,4144000.0,3545000.0,36527
Akola,2018,Telhara,7984000.0,617000.0,8601000.0,4135000.0,0.0,4466000.0,4466000.0,41278
Akola,2018,Akot,9765000.0,3834000.0,13599000.0,0.0,0.0,13599000.0,19476000.0,52955
Akola,2018,Balapur,15535000.0,2731000.0,18266000.0,0.0,0.0,18266000.0,29580000.0,39415
Akola,2018,Akola,80708000.0,4381000.0,85089000.0,35276000.0,0.0,49813000.0,49813000.0,67071
Akola,2018,Murtijapur,4734000.0,1293000.0,6027000.0,0.0,0.0,6027000.0,21368000.0,48241
Akola,2018,Patur,3397000.0,1538000.0,4935000.0,0.0,0.0,4935000.0,5252000.0,28480
Akola,2018,Barshitakali,3182000.0,1971000.0,5153000.0,998000.0,0.0,4155000.0,4155000.0,36915
Akola,2019,Telhara,7461000.0,1025000.0,8486000.0,236000.0,0.0,8250000.0,3732000.0,40139
Akola,2019,Akot,13906000.0,3695000.0,17601000.0,128000.0,0.0,17473000.0,16437000.0,54281
Akola,2019,Balapur,17049000.0,5717000.0,22766000.0,91000.0,0.0,22675000.0,17227000.0,40142
Akola,2019,Akola,72905000.0,21059000.0,93964000.0,196000.0,0.0,93768000.0,69000000.0,67071
Akola,2019,Murtijapur,14107000.0,1651000.0,15758000.0,4000.0,0.0,15754000.0,6775000.0,47145
Akola,2019,Patur,3421000.0,1400000.0,4821000.0,44000.0,0.0,4777000.0,3098000.0,33838
Akola,2019,Barshitakali,3433000.0,1671000.0,5104000.0,29000.0,0.0,5075000.0,2908000.0,36527
Akola,2020,Telhara,7871000.0,1798000.0,9669000.0,0.0,0.0,9669000.0,5810000.0,41301
Akola,2020,Akot,15696000.0,4359000.0,20055000.0,0.0,0.0,20055000.0,18369000.0,54913
Akola,2020,Balapur,17614000.0,8326000.0,25940000.0,0.0,0.0,25940000.0,19115000.0,44214
Akola,2020,Akola,65922000.0,41149000.0,107971000.0,0.0,0.0,107071000.0,77589120.0,67171
Akola,2020,Murtijapur,15226000.0,2730000.0,17956000.0,0.0,0.0,17956000.0,13409580.0,47395
Akola,2020,Patur,3163000.0,2330000.0,5493000.0,0.0,0.0,5493000.0,3350790.0,29227
Akola,2020,Barshitakali,3671000.0,2145000.0,5816000.0,0.0,0.0,5816000.0,3431560.0,37822
Akola,2021,Telhara,7871000.0,1798000.0,9669000.0,0.0,0.0,9669000.0,8245000.0,41301
Akola,2021,Akot,15696000.0,4359000.0,20055000.0,0.0,0.0,20055000.0,13265000.0,56524
Akola,2021,Balapur,17614000.0,8326000.0,25940000.0,0.0,0.0,25940000.0,16997000.0,48161
Akola,2021,Akola,65922000.0,41149000.0,107071000.0,0.0,0.0,107071000.0,177954000.0,61460
Akola,2021,Murtijapur,15226000.0,2730000.0,17956000.0,0.0,0.0,17956000.0,10794000.0,47245
Akola,2021,Patur,3163000.0,2330000.0,5493000.0,0.0,0.0,5493000.0,3740000.0,29340
Akola,2021,Barshitakali,3671000.0,2145000.0,5816000.0,0.0,0.0,5816000.0,8342000.0,36527
Amravati,2012,Dharani,2980.0,0.0,2980.0,0.0,0.0,2980.0,13500.0,26139
Amravati,2012,Chikhraldara,4900.0,0.0,4900.0,0.0,0.0,4900.0,7580.0,22282
Amravati,2012,Anjangaon Su,29870.0,0.0,29870.0,0.0,0.0,29870.0,66900.0,39430
Amravati,2012,Achalpur,31000.0,0.0,31000.0,0.0,0.0,31000.0,40000.0,33892
Amravati,2012,Chandurbazar,20000.0,0.0,20000.0,0.0,0.0,20000.0,37100.0,38536
Amravati,2012,Morshi,35000.0,0.0,35000.0,0.0,0.0,35000.0,51550.0,36543
Amravati,2012,Warud,40000.0,0.0,40000.0,0.0,0.0,40000.0,98500.0,26904
Amravati,2012,Tivas,20550.0,0.0,20550.0,0.0,0.0,20550.0,23800.0,23317
Amravati,2012,Amravati,942890.0,0.0,942890.0,0.0,0.0,942890.0,1101750.0,36785
Amravati,2012,Bhatkuli,40000.0,0.0,40000.0,0.0,0.0,40000.0,47900.0,30210
Amravati,2012,Daryapur,39810.0,0.0,39810.0,0.0,0.0,39810.0,107000.0,39139
Amravati,2012,Nandgaon Kh,50000.0,0.0,50000.0,0.0,0.0,50000.0,199000.0,34158
Amravati,2012,Chandur Railway,13000.0,0.0,13000.0,0.0,0.0,13000.0,22850.0,21512
Amravati,2012,Dhamangaon Re,30000.0,0.0,30000.0,0.0,0.0,30000.0,43680.0,26546
Amravati,2013,Dharani,10000.0,0.0,10000.0,0.0,0.0,10000.0,37960.0,
Amravati,2013,Chikhraldara,10000.0,0.0,10000.0,0.0,0.0,10000.0,1940.0,
Amravati,2013,Anjangaon Su,45170.0,0.0,45170.0,0.0,0.0,45170.0,67720.0,
Amravati,2013,Achalpur,55000.0,0.0,55000.0,0.0,0.0,55000.0,68510.0,
Amravati,2013,Chandurbazar,40000.0,0.0,40000.0,0.0,0.0,40000.0,62370.0,
Amravati,2013,Morshi,43720.0,0.0,43720.0,0.0,0.0,43720.0,101760.0,
Amravati,2013,Warud,76980.0,0.0,76980.0,0.0,0.0,76980.0,132920.0,
Amravati,2013,Tivas,30000.0,0.0,30000.0,0.0,0.0,30000.0,22170.0,
Amravati,2013,Amravati,1100000.0,0.0,1100000.0,0.0,0.0,1100000.0,811150.0,
Amravati,2013,Bhatkuli,30000.0,0.0,30000.0,0.0,0.0,30000.0,34260.0,
Amravati,2013,Daryapur,54450.0,0.0,54450.0,0.0,0.0,54450.0,73600.0,
Amravati,2013,Nandgaon Kh,30000.0,0.0,30000.0,0.0,0.0,30000.0,137160.0,
Amravati,2013,Chandur Railway,40000.0,0.0,40000.0,0.0,0.0,40000.0,29610.0,
Amravati,2013,Dhamangaon Re,34680.0,0.0,34680.0,0.0,0.0,34680.0,39150.0,
Amravati,2014,Dharani,12000.0,0.0,12000.0,0.0,0.0,12000.0,150190.0,19174
Amravati,2014,Chikhraldara,12000.0,0.0,12000.0,0.0,0.0,12000.0,73140.0,10297
Amravati,2014,Anjangaon Su,50000.0,0.0,50000.0,0.0,0.0,50000.0,176890.0,33239
Amravati,2014,Achalpur,70000.0,0.0,70000.0,0.0,0.0,70000.0,646370.0,37414
Amravati,2014,Chandurbazar,45000.0,0.0,45000.0,0.0,0.0,45000.0,198580.0,40193
Amravati,2014,Morshi,50000.0,0.0,50000.0,0.0,0.0,50000.0,254120.0,39213
Amravati,2014,Warud,85000.0,0.0,85000.0,0.0,0.0,85000.0,232090.0,37698
Amravati,2014,Tivas,34000.0,0.0,34000.0,0.0,0.0,34000.0,52150.0,22521
Amravati,2014,Amravati,1205000.0,0.0,1205000.0,0.0,0.0,1205000.0,1067400.0,35848
Amravati,2014,Bhatkuli,34000.0,0.0,34000.0,0.0,0.0,34000.0,232330.0,30838
Amravati,2014,Daryapur,60000.0,0.0,60000.0,0.0,0.0,60000.0,158500.0,34945
Amravati,2014,Nandgaon Kh,34000.0,0.0,34000.0,0.0,0.0,34000.0,160690.0,39567
Amravati,2014,Chandur Railway,45000.0,0.0,45000.0,0.0,0.0,45000.0,179590.0,23654
Amravati,2014,Dhamangaon Re,39000.0,0.0,39000.0,0.0,0.0,39000.0,47850.0,28945
Amravati,2015,Dharani,17600.0,0.0,17600.0,0.0,0.0,17600.0,45960.0,19174
Amravati,2015,Chikhraldara,12140.0,0.0,12140.0,0.0,0.0,12140.0,29030.0,10297
Amravati,2015,Anjangaon Su,126500.0,0.0,126500.0,0.0,0.0,126500.0,73930.0,33239
Amravati,2015,Achalpur,700000.0,0.0,700000.0,0.0,0.0,700000.0,900560.0,37414
Amravati,2015,Chandurbazar,205630.0,0.0,205630.0,0.0,0.0,205630.0,204750.0,40193
Amravati,2015,Morshi,89300.0,0.0,89300.0,0.0,0.0,89300.0,111660.0,39213
Amravati,2015,Warud,75180.0,0.0,75180.0,0.0,0.0,75180.0,170230.0,37698
Amravati,2015,Tivas,125620.0,0.0,125620.0,0.0,0.0,125620.0,53040.0,22521
Amravati,2015,Amravati,1211700.0,0.0,1211700.0,0.0,0.0,1211700.0,2263510.0,35848
Amravati,2015,Bhatkuli,42210.0,0.0,42210.0,0.0,0.0,42210.0,90100.0,30838
Amravati,2015,Daryapur,100000.0,0.0,100000.0,0.0,0.0,100000.0,127080.0,34945
Amravati,2015,Nandgaon Kh,52660.0,0.0,52660.0,0.0,0.0,52660.0,145800.0,39567
Amravati,2015,Chandur Railway,116000.0,0.0,116000.0,0.0,0.0,116000.0,126920.0,23654
Amravati,2015,Dhamangaon Re,54000.0,0.0,54000.0,0.0,0.0,54000.0,74140.0,28945
Amravati,2016,Dharani,3270.0,0.0,3270.0,0.0,0.0,3270.0,68320.0,24874
Amravati,2016,Chikhraldara,12000.0,0.0,12000.0,0.0,0.0,12000.0,7330.0,12170
Amravati,2016,Anjangaon Su,126500.0,0.0,126500.0,0.0,0.0,126500.0,76320.0,33239
Amravati,2016,Achalpur,700170.0,0.0,700170.0,0.0,0.0,700170.0,501320.0,38719
Amravati,2016,Chandurbazar,205630.0,0.0,205630.0,0.0,0.0,205630.0,69400.0,43986
Amravati,2016,Morshi,89300.0,0.0,89300.0,0.0,0.0,89300.0,95440.0,40286
Amravati,2016,Warud,75180.0,0.0,75180.0,0.0,0.0,75180.0,462040.0,36885
Amravati,2016,Tivas,125620.0,0.0,125620.0,0.0,0.0,125620.0,34110.0,22521
Amravati,2016,Amravati,1142460.0,0.0,1142460.0,0.0,0.0,1142460.0,1415370.0,34008
Amravati,2016,Bhatkuli,42210.0,0.0,42210.0,0.0,0.0,42210.0,46620.0,32495
Amravati,2016,Daryapur,100000.0,0.0,100000.0,0.0,0.0,100000.0,110460.0,45298
Amravati,2016,Nandgaon Kh,52660.0,0.0,52660.0,0.0,0.0,52660.0,166540.0,39567
Amravati,2016,Chandur Railway,116000.0,0.0,116000.0,0.0,0.0,116000.0,41450.0,23191
Amravati,2016,Dhamangaon Re,54000.0,0.0,54000.0,0.0,0.0,54000.0,65510.00000000001,28945
Amravati,2017,Dharani,3270.0,0.0,3270.0,0.0,0.0,3270.0,43800.0,24874
Amravati,2017,Chikhraldara,12000.0,0.0,12000.0,0.0,0.0,12000.0,6590.0,12170
Amravati,2017,Anjangaon Su,126500.0,0.0,126500.0,0.0,0.0,126500.0,66080.0,33239
Amravati,2017,Achalpur,700170.0,0.0,700170.0,0.0,0.0,700170.0,487640.0,38719
Amravati,2017,Chandurbazar,205630.0,0.0,205630.0,0.0,0.0,205630.0,275110.0,45260
Amravati,2017,Morshi,89300.0,0.0,89300.0,0.0,0.0,89300.0,706340.0,40286
Amravati,2017,Warud,75180.0,0.0,75180.0,0.0,0.0,75180.0,173850.0,36885
Amravati,2017,Tivas,125620.0,0.0,125620.0,0.0,0.0,125620.0,37370.0,26853
Amravati,2017,Amravati,1142460.0,0.0,1142460.0,0.0,0.0,1142460.0,1847670.0,34063
Amravati,2017,Bhatkuli,42210.0,0.0,42210.0,0.0,0.0,42210.0,137870.0,33236
Amravati,2017,Daryapur,100000.0,0.0,100000.0,0.0,0.0,100000.0,109940.0,41697
Amravati,2017,Nandgaon Kh,52660.0,0.0,52660.0,0.0,0.0,52660.0,239650.0,39567
Amravati,2017,Chandur Railway,116000.0,0.0,116000.0,0.0,0.0,116000.0,88610.0,23191
Amravati,2017,Dhamangaon Re,54000.0,0.0,54000.0,0.0,0.0,54000.0,72310.0,26227
Amravati,2018,Dharani,1245000.0,0.0,1245000.0,0.0,0.0,1245000.0,822000.0,20522
Amravati,2018,Chikhraldara,1945000.0,0.0,1945000.0,0.0,0.0,1945000.0,2565000.0,12626
Amravati,2018,Anjangaon Su,15083000.0,0.0,15083000.0,0.0,0.0,15083000.0,15964000.0,34115
Amravati,2018,Achalpur,23716000.0,0.0,23716000.0,0.0,0.0,23716000.0,25190000.0,38719
Amravati,2018,Chandurbazar,18061000.0,0.0,18061000.0,0.0,0.0,18061000.0,6721000.0,45260
Amravati,2018,Morshi,11430000.0,0.0,11430000.0,0.0,0.0,11430000.0,8982000.0,40286
Amravati,2018,Warud,12818000.0,0.0,12818000.0,0.0,0.0,12818000.0,14218000.0,39613
Amravati,2018,Tivas,5739000.0,0.0,5739000.0,0.0,0.0,5739000.0,5623000.0,29141
Amravati,2018,Amravati,142509000.0,0.0,142509000.0,0.0,0.0,142509000.0,204328000.0,37111
Amravati,2018,Bhatkuli,7513000.0,0.0,7513000.0,0.0,0.0,7513000.0,6555000.0,34151
Amravati,2018,Daryapur,11465000.0,0.0,11465000.0,0.0,0.0,11465000.0,11022000.0,34945
Amravati,2018,Nandgaon Kh,14916000.0,0.0,14916000.0,0.0,0.0,14916000.0,6563000.0,43852
Amravati,2018,Chandur Railway,8023000.0,0.0,8023000.0,0.0,0.0,8023000.0,3161000.0,23469
Amravati,2018,Dhamangaon Re,10037000.0,0.0,10037000.0,0.0,0.0,10037000.0,10451000.0,52692
Amravati,2019,Dharani,2337000.0,0.0,2337000.0,0.0,0.0,2337000.0,633000.0,20522
Amravati,2019,Chikhraldara,2845000.0,0.0,2845000.0,0.0,0.0,2845000.0,6552000.0,11416
Amravati,2019,Anjangaon Su,16483000.0,0.0,16483000.0,0.0,0.0,16483000.0,6963000.0,34796
Amravati,2019,Achalpur,25216000.0,0.0,25216000.0,0.0,0.0,25216000.0,57959000.0,37087
Amravati,2019,Chandurbazar,19514000.0,0.0,19514000.0,0.0,0.0,19514000.0,5083000.0,52032
Amravati,2019,Morshi,13312000.0,0.0,13312000.0,0.0,0.0,13312000.0,3003000.0,47000
Amravati,2019,Warud,14418000.0,0.0,14418000.0,0.0,0.0,14418000.0,7493000.0,39633
Amravati,2019,Tivas,7339000.0,0.0,7339000.0,0.0,0.0,7339000.0,4104000.0,29141
Amravati,2019,Amravati,144709000.0,0.0,144709000.0,0.0,0.0,144709000.0,333055000.0,39079
Amravati,2019,Bhatkuli,9118000.0,0.0,9118000.0,0.0,0.0,9118000.0,3529000.0,33424
Amravati,2019,Daryapur,13045000.0,0.0,13045000.0,0.0,0.0,13045000.0,7043000.0,55019
Amravati,2019,Nandgaon Kh,14916000.0,0.0,14916000.0,0.0,0.0,14916000.0,3803000.0,41147
Amravati,2019,Chandur Railway,9512000.0,0.0,9512000.0,0.0,0.0,9512000.0,6063000.0,23469
Amravati,2019,Dhamangaon Re,11736000.0,0.0,11736000.0,0.0,0.0,11736000.0,4301000.0,28945
Amravati,2020,Dharani,4327000.0,0.0,4327000.0,0.0,0.0,4327000.0,8587000.0,20522
Amravati,2020,Chikhraldara,4938000.0,0.0,4938000.0,0.0,0.0,4938000.0,9726000.0,11416
Amravati,2020,Anjangaon Su,19963000.0,0.0,19963000.0,0.0,0.0,19963000.0,32596000.0,34796
Amravati,2020,Achalpur,33396000.0,0.0,33396000.0,0.0,0.0,33396000.0,52838000.0,37087
Amravati,2020,Chandurbazar,20504000.0,0.0,20504000.0,0.0,0.0,20504000.0,9204000.0,52032
Amravati,2020,Morshi,17111000.0,0.0,17111000.0,0.0,0.0,17111000.0,20908000.0,47000
Amravati,2020,Warud,21208000.0,0.0,21208000.0,0.0,0.0,21208000.0,16312000.0,39633
Amravati,2020,Tivas,10319000.0,0.0,10319000.0,0.0,0.0,10319000.0,5730000.0,29141
Amravati,2020,Amravati,155909000.0,0.0,155909000.0,0.0,0.0,155909000.0,147302000.0,39079
Amravati,2020,Bhatkuli,13258000.0,0.0,13258000.0,0.0,0.0,13258000.0,9860000.0,33424
Amravati,2020,Daryapur,18445000.0,0.0,18445000.0,0.0,0.0,18445000.0,17907000.0,55019
Amravati,2020,Nandgaon Kh,15101000.0,0.0,15101000.0,0.0,0.0,15101000.0,5812000.0,41147
Amravati,2020,Chandur Railway,10704000.0,0.0,10704000.0,0.0,0.0,10704000.0,24441000.0,23469
Amravati,2020,Dhamangaon Re,13817000.0,0.0,13817000.0,0.0,0.0,13817000.0,9513000.0,28945
Amravati,2021,Dharani,15324000.0,0.0,15324000.0,0.0,0.0,15324000.0,6252000.0,29079
Amravati,2021,Chikhraldara,13325000.0,0.0,13325000.0,0.0,0.0,13325000.0,21326000.0,12626
Amravati,2021,Anjangaon Su,15963000.0,0.0,15963000.0,0.0,0.0,15963000.0,17272000.0,34125
Amravati,2021,Achalpur,30783000.0,0.0,30783000.0,0.0,0.0,30783000.0,30040000.0,42234
Amravati,2021,Chandurbazar,22871000.0,0.0,22871000.0,0.0,0.0,22871000.0,10945000.0,46922
Amravati,2021,Morshi,18916000.0,0.0,18916000.0,0.0,0.0,18916000.0,14707000.0,45327
Amravati,2021,Warud,13956000.0,0.0,13956000.0,0.0,0.0,13956000.0,18082000.0,43487
Amravati,2021,Tivas,11600000.0,0.0,11600000.0,0.0,0.0,11600000.0,9125000.0,29809
Amravati,2021,Amravati,149010000.0,0.0,149010000.0,0.0,0.0,149010000.0,198657000.0,35981
Amravati,2021,Bhatkuli,13248000.0,0.0,13248000.0,0.0,0.0,13248000.0,7869000.0,31440
Amravati,2021,Daryapur,18430000.0,0.0,18430000.0,0.0,0.0,18430000.0,24285000.0,49810
Amravati,2021,Nandgaon Kh,12309000.0,0.0,12309000.0,0.0,0.0,12309000.0,8887000.0,40606
Amravati,2021,Chandur Railway,11781000.0,0.0,11781000.0,0.0,0.0,11781000.0,7144000.0,23469
Amravati,2021,Dhamangaon Re,11484000.0,0.0,11484000.0,0.0,0.0,11484000.0,7555000.0,28945
Beed,2013,Ashti,5566000.0,0.0,5566000.0,0.0,0.0,5566000.0,4859000.0,8140
Beed,2013,Patoda,422000.0,0.0,422000.0,0.0,0.0,422000.0,758000.0,5321
Beed,2013,Shirur Kasar,440000.0,0.0,440000.0,0.0,0.0,440000.0,1106000.0,17862
Beed,2013,Gevrai,4552000.0,0.0,4552000.0,0.0,0.0,4552000.0,4952000.0,19315
Beed,2013,Majalgaon,1666000.0,0.0,1666000.0,0.0,0.0,1666000.0,1815000.0,23510
Beed,2013,Wadwani,802000.0,0.0,802000.0,0.0,0.0,802000.0,1502000.0,20326
Beed,2013,Beed,5326000.0,0.0,5326000.0,0.0,0.0,5326000.0,3306000.0,18742
Beed,2013,Cage,1722000.0,0.0,1722000.0,0.0,0.0,1722000.0,2667000.0,17233
Beed,2013,Dharur,652000.0,0.0,652000.0,0.0,0.0,652000.0,2790000.0,16928
Beed,2013,Parli,8133000.0,0.0,8133000.0,0.0,0.0,8133000.0,7993000.0,17234
Beed,2013,Ambajogai,3030000.0,0.0,3030000.0,0.0,0.0,3030000.0,13997000.0,16355
Beed,2014,Ashti,3047000.0,0.0,3047000.0,0.0,0.0,3047000.0,8787000.0,8140
Beed,2014,Patoda,410000.0,0.0,410000.0,0.0,0.0,410000.0,1202000.0,5321
Beed,2014,Shirur Kasar,1435000.0,0.0,1435000.0,0.0,0.0,1435000.0,1774000.0,17862
Beed,2014,Gevrai,3176000.0,0.0,3176000.0,0.0,0.0,3176000.0,3176000.0,19315
Beed,2014,Majalgaon,2506000.0,0.0,2506000.0,0.0,0.0,2506000.0,3732000.0,23510
Beed,2014,Wadwani,676000.0,0.0,676000.0,0.0,0.0,676000.0,1250000.0,20326
Beed,2014,Beed,4603000.0,0.0,4603000.0,0.0,0.0,4603000.0,31509000.0,18742
Beed,2014,Cage,1625000.0,0.0,1625000.0,0.0,0.0,1625000.0,8262000.0,17233
Beed,2014,Dharur,867000.0,0.0,867000.0,0.0,0.0,867000.0,3258000.0,16928
Beed,2014,Parli,15000000.0,0.0,15000000.0,0.0,0.0,15000000.0,7686000.0,17234
Beed,2014,Ambajogai,3474000.0,0.0,3474000.0,0.0,0.0,3474000.0,7704000.0,16355
Beed,2015,Ashti,3471000.0,0.0,3471000.0,0.0,0.0,3471000.0,11730000.0,8140
Beed,2015,Patoda,335000.0,0.0,335000.0,0.0,0.0,335000.0,2916000.0,5321
Beed,2015,Shirur Kasar,360000.0,0.0,360000.0,0.0,0.0,360000.0,1576000.0,17862
Beed,2015,Gevrai,3968000.0,0.0,3968000.0,0.0,0.0,3968000.0,5424000.0,19315
Beed,2015,Majalgaon,2068000.0,0.0,2068000.0,0.0,0.0,2068000.0,8567000.0,23510
Beed,2015,Wadwani,961000.0,0.0,961000.0,0.0,0.0,961000.0,1495000.0,20326
Beed,2015,Beed,4497000.0,0.0,4497000.0,0.0,0.0,4497000.0,53070000.0,18742
Beed,2015,Cage,1172000.0,0.0,1172000.0,0.0,0.0,1172000.0,3966000.0,17233
Beed,2015,Dharur,774000.0,0.0,774000.0,0.0,0.0,774000.0,4777000.0,16928
Beed,2015,Parli,10836000.0,0.0,10836000.0,0.0,0.0,10836000.0,8900000.0,17234
Beed,2015,Ambajogai,2994000.0,0.0,2994000.0,0.0,0.0,2994000.0,7597000.0,16355
Beed,2016,Ashti,11892000.0,0.0,11892000.0,0.0,0.0,11892000.0,2670000.0,8140
Beed,2016,Patoda,3623000.0,0.0,3623000.0,0.0,0.0,3623000.0,763000.0,5321
Beed,2016,Shirur Kasar,3376000.0,0.0,3376000.0,0.0,0.0,3376000.0,849000.0,17862
Beed,2016,Gevrai,5951000.0,0.0,5951000.0,0.0,0.0,5951000.0,1865000.0,19315
Beed,2016,Majalgaon,8633000.0,0.0,8633000.0,0.0,0.0,8633000.0,1211000.0,23510
Beed,2016,Wadwani,1761000.0,0.0,1761000.0,0.0,0.0,1761000.0,574000.0,20326
Beed,2016,Beed,66371000.0,0.0,66371000.0,0.0,0.0,66371000.0,87765000.0,18742
Beed,2016,Cage,5132000.0,0.0,5132000.0,0.0,0.0,5132000.0,2076000.0,17233
Beed,2016,Dharur,5827000.0,0.0,5827000.0,0.0,0.0,5827000.0,1604000.0,16928
Beed,2016,Parli,9916000.0,0.0,9916000.0,0.0,0.0,9916000.0,19455000.0,17234
Beed,2016,Ambajogai,11468000.0,0.0,11468000.0,0.0,0.0,11468000.0,43217000.0,16355
Beed,2017,Ashti,35700000.0,0.0,35700000.0,0.0,0.0,35700000.0,158000000.0,94080
Beed,2017,Patoda,37300000.0,0.0,37300000.0,0.0,0.0,37300000.0,15000000.0,79768
Beed,2017,Shirur Kasar,43500000.0,0.0,43500000.0,0.0,0.0,43500000.0,15000000.0,57805
Beed,2017,Gevrai,211700000.0,0.0,211700000.0,0.0,0.0,211700000.0,7000000.0,14873
Beed,2017,Majalgaon,25100000.0,0.0,25100000.0,0.0,0.0,25100000.0,23000000.0,76762
Beed,2017,Wadwani,6030000.0,0.0,6030000.0,0.0,0.0,6030000.0,12000000.0,27234
Beed,2017,Beed,46880000.0,0.0,46880000.0,0.0,0.0,46880000.0,7000000.0,115000
Beed,2017,Cage,14540000.0,0.0,14540000.0,0.0,0.0,14540000.0,20000000.0,17233
Beed,2017,Dharur,9190000.0,0.0,9190000.0,0.0,0.0,9190000.0,9000000.0,16928
Beed,2017,Parli,111380000.0,0.0,111380000.0,0.0,0.0,111380000.0,13000000.0,63395
Beed,2017,Ambajogai,33190000.0,0.0,33190000.0,0.0,0.0,33190000.0,43000000.0,34354
Beed,2018,Ashti,13153000.0,0.0,13153000.0,0.0,0.0,13153000.0,2301000.0,136626
Beed,2018,Patoda,4004000.0,0.0,4004000.0,0.0,0.0,4004000.0,693000.0,53014
Beed,2018,Shirur Kasar,3737000.0,0.0,3737000.0,0.0,0.0,3737000.0,1508000.0,57805
Beed,2018,Gevrai,8296000.0,0.0,8296000.0,0.0,0.0,8296000.0,15535000.0,138793
Beed,2018,Majalgaon,9549000.0,0.0,9549000.0,0.0,0.0,9549000.0,1191000.0,71165
Beed,2018,Wadwani,1943000.0,0.0,1943000.0,0.0,0.0,1943000.0,685000.0,31551
Beed,2018,Beed,82781000.0,0.0,82781000.0,0.0,0.0,82781000.0,15806000.0,113870
Beed,2018,Cage,5679000.0,0.0,5679000.0,0.0,0.0,5679000.0,1950000.0,76688
Beed,2018,Dharur,6450000.0,0.0,6450000.0,0.0,0.0,6450000.0,865000.0,45638
Beed,2018,Parli,10998000.0,0.0,10998000.0,0.0,0.0,10998000.0,1255000.0,63564
Beed,2018,Ambajogai,12693000.0,0.0,12693000.0,0.0,0.0,12693000.0,4267000.0,72506
Beed,2019,Ashti,42064000.0,0.0,42064000.0,0.0,0.0,42064000.0,1655000.0,136626
Beed,2019,Patoda,18774000.0,0.0,18774000.0,0.0,0.0,18774000.0,19977000.0,53014
Beed,2019,Shirur Kasar,21382000.0,0.0,21382000.0,0.0,0.0,21382000.0,1419000.0,57805
Beed,2019,Gevrai,78431000.0,0.0,78431000.0,0.0,0.0,78431000.0,1918000.0,138793
Beed,2019,Majalgaon,48412000.0,0.0,48412000.0,0.0,0.0,48412000.0,2503000.0,71165
Beed,2019,Wadwani,11310000.0,0.0,11310000.0,0.0,0.0,11310000.0,1177000.0,31551
Beed,2019,Beed,83591000.0,0.0,83591000.0,0.0,0.0,83591000.0,27284000.0,113870
Beed,2019,Cage,20192000.0,0.0,20192000.0,0.0,0.0,20192000.0,321000.0,76688
Beed,2019,Dharur,11342000.0,0.0,11342000.0,0.0,0.0,11342000.0,615000.0,45638
Beed,2019,Parli,41257000.0,0.0,41257000.0,0.0,0.0,41257000.0,401000.0,63564
Beed,2019,Ambajogai,8295000.0,0.0,8295000.0,0.0,0.0,8295000.0,5841000.0,72506
Beed,2020,Ashti,41935000.0,40409000.0,82344000.0,0.0,0.0,82344000.0,1627000.0,136630
Beed,2020,Patoda,18680000.0,0.0,18680000.0,0.0,0.0,18680000.0,19900000.0,53025
Beed,2020,Shirur Kasar,21227000.0,19963000.0,41190000.0,0.0,0.0,41190000.0,1395000.0,57812
Beed,2020,Gevrai,78402000.0,76513000.0,154915000.0,0.0,0.0,154915000.0,1877000.0,138798
Beed,2020,Majalgaon,48318000.0,45909000.0,94227000.0,0.0,0.0,94227000.0,2500000.0,71176
Beed,2020,Wadwani,11235000.0,10133000.0,21368000.0,0.0,0.0,21368000.0,1125000.0,31565
Beed,2020,Beed,83585000.0,56307000.0,139892000.0,0.0,0.0,139892000.0,27207000.0,113887
Beed,2020,Cage,20155000.0,19871000.0,40026000.0,0.0,0.0,40026000.0,318000.0,76697
Beed,2020,Dharur,11278000.0,10727000.0,22005000.0,0.0,0.0,22005000.0,605000.0,45651
Beed,2020,Parli,41202000.0,40856000.0,82058000.0,0.0,0.0,82058000.0,370000.0,63571
Beed,2020,Ambajogai,8290000.0,2454000.0,10744000.0,0.0,0.0,10744000.0,5805000.0,72513
Beed,2021,Ashti,42064000.0,0.0,42064000.0,0.0,0.0,42064000.0,4011520.0,136630
Beed,2021,Patoda,18774000.0,0.0,18774000.0,0.0,0.0,18774000.0,4593090.0,53025
Beed,2021,Shirur Kasar,31382000.0,0.0,31382000.0,0.0,0.0,31382000.0,3829640.0,57812
Beed,2021,Gevrai,78431000.0,0.0,78431000.0,0.0,0.0,78431000.0,6940720.0,138798
Beed,2021,Majalgaon,48412000.0,0.0,48412000.0,0.0,0.0,48412000.0,7193700.0,71176
Beed,2021,Wadwani,11310000.0,0.0,11310000.0,0.0,0.0,11310000.0,1995520.0,31565
Beed,2021,Beed,83591000.0,0.0,83591000.0,0.0,0.0,83591000.0,14900500.0,113887
Beed,2021,Cage,20192000.0,0.0,20192000.0,0.0,0.0,20192000.0,5728580.0,76697
Beed,2021,Dharur,11342000.0,0.0,11342000.0,0.0,0.0,11342000.0,8666010.0,45651
Beed,2021,Parli,41257000.0,0.0,41257000.0,0.0,0.0,41257000.0,12561950.0,63571
Beed,2021,Ambajogai,8295000.0,0.0,8295000.0,0.0,0.0,8295000.0,8420550.0,72513
Bhandara,2012,Tumsar,5837000.0,7385000.0,13222000.0,0.0,0.0,13222000.0,7588000.0,41199
Bhandara,2012,Mohadi,3284000.0,535000.0,3819000.0,0.0,0.0,3819000.0,3678000.0,27492
Bhandara,2012,Bhandara,15899000.0,6533000.0,22432000.0,0.0,0.0,22432000.0,17960000.0,85700
Bhandara,2012,Sakoli,2605000.0,197000.0,2802000.0,0.0,0.0,2802000.0,3781000.0,18382
Bhandara,2012,Lakhani,2463000.0,1107000.0,3570000.0,0.0,0.0,3570000.0,3981000.0,39432
Bhandara,2012,Pavani,4451000.0,492000.0,4943000.0,0.0,0.0,4943000.0,4764000.0,25547
Bhandara,2012,Lakhandur,3737000.0,282000.0,4019000.0,0.0,0.0,4019000.0,3954000.0,103545
Bhandara,2013,Tumsar,4096000.0,2078000.0,6174000.0,0.0,1206000.0,4968000.0,3913000.0,19161
Bhandara,2013,Mohadi,3365000.0,475000.0,3840000.0,0.0,0.0,3840000.0,3487000.0,23825
Bhandara,2013,Bhandara,11141000.0,4950000.0,16091000.0,0.0,0.0,16091000.0,17545000.0,34076
Bhandara,2013,Sakoli,3344000.0,193000.0,3537000.0,0.0,0.0,3537000.0,3106000.0,8735
Bhandara,2013,Lakhani,2140000.0,848000.0,2988000.0,0.0,0.0,2988000.0,2942000.0,13909
Bhandara,2013,Pavani,2622000.0,494000.0,3116000.0,0.0,0.0,3116000.0,3138000.0,21342
Bhandara,2013,Lakhandur,1293000.0,134000.0,1427000.0,0.0,0.0,1427000.0,1625000.0,21726
Bhandara,2014,Tumsar,5038000.0,1036000.0,6074000.0,1000.0,0.0,6073000.0,3718000.0,20047
Bhandara,2014,Mohadi,3358000.0,487000.0,3845000.0,9000.0,0.0,3836000.0,3192000.0,27416
Bhandara,2014,Bhandara,7024000.0,6220000.0,13244000.0,0.0,0.0,13244000.0,12588000.0,37103
Bhandara,2014,Sakoli,2235000.0,141000.0,2376000.0,0.0,0.0,2376000.0,1907000.0,12221
Bhandara,2014,Lakhani,2095000.0,757000.0,2852000.0,0.0,0.0,2852000.0,2311000.0,19523
Bhandara,2014,Pavani,2505000.0,328000.0,2833000.0,0.0,0.0,2833000.0,3408000.0,24811
Bhandara,2014,Lakhandur,4256000.0,22000.0,4278000.0,0.0,0.0,4278000.0,4303000.0,29539
Bhandara,2015,Tumsar,4363000.0,5055000.0,9418000.0,0.0,0.0,9418000.0,11210000.0,21021
Bhandara,2015,Mohadi,3345000.0,826000.0,4171000.0,0.0,0.0,4171000.0,5520000.0,23124
Bhandara,2015,Bhandara,7252000.0,5281000.0,12533000.0,0.0,0.0,12533000.0,23256000.0,38810
Bhandara,2015,Sakoli,1492000.0,139000.0,1631000.0,0.0,0.0,1631000.0,17979000.0,22091
Bhandara,2015,Lakhani,2122000.0,534000.0,2656000.0,0.0,0.0,2656000.0,8162000.0,23910
Bhandara,2015,Pavani,1824000.0,449000.0,2273000.0,0.0,0.0,2273000.0,26767000.0,37063
Bhandara,2015,Lakhandur,4599000.0,0.0,4599000.0,0.0,0.0,4599000.0,3265000.0,18963
Bhandara,2016,Tumsar,4413000.0,4379000.0,8792000.0,0.0,0.0,8792000.0,8790000.0,20705
Bhandara,2016,Mohadi,3449000.0,216000.0,3665000.0,0.0,0.0,3665000.0,7033000.0,29496
Bhandara,2016,Bhandara,7471000.0,4862000.0,12333000.0,0.0,0.0,12333000.0,65936000.0,45636
Bhandara,2016,Sakoli,1472000.0,156000.0,1628000.0,0.0,0.0,1628000.0,4303000.0,23398
Bhandara,2016,Lakhani,2067000.0,488000.0,2555000.0,0.0,0.0,2555000.0,3170000.0,45891
Bhandara,2016,Pavani,2123000.0,384000.0,2507000.0,0.0,0.0,2507000.0,15127000.0,37063
Bhandara,2016,Lakhandur,3401000.0,0.0,3401000.0,0.0,0.0,3401000.0,3385000.0,8848
Bhandara,2017,Tumsar,6650000.0,5636000.0,12286000.0,0.0,0.0,12286000.0,12332000.0,20434
Bhandara,2017,Mohadi,3464000.0,400000.0,3864000.0,0.0,0.0,3864000.0,14316000.0,29181
Bhandara,2017,Bhandara,8920000.0,4126000.0,13046000.0,0.0,0.0,13046000.0,27649000.0,46543
Bhandara,2017,Sakoli,1482000.0,78000.0,1560000.0,0.0,0.0,1560000.0,3662000.0,35871
Bhandara,2017,Lakhani,2060000.0,518000.0,2578000.0,0.0,0.0,2578000.0,4688000.0,11943
Bhandara,2017,Pavani,1842000.0,34000.0,1876000.0,0.0,0.0,1876000.0,3195000.0,16372
Bhandara,2017,Lakhandur,4263000.0,0.0,4263000.0,0.0,0.0,4263000.0,5321000.0,4945
Bhandara,2018,Tumsar,8808000.0,2650000.0,11458000.0,0.0,0.0,11458000.0,16782000.0,47887
Bhandara,2018,Mohadi,3494000.0,284000.0,3778000.0,0.0,0.0,3778000.0,3684000.0,29313
Bhandara,2018,Bhandara,6077000.0,4161000.0,10238000.0,0.0,0.0,10238000.0,8973000.0,20166
Bhandara,2018,Sakoli,7582000.0,15000.0,7597000.0,0.0,0.0,7597000.0,7203000.0,9573
Bhandara,2018,Lakhani,1835000.0,123000.0,1958000.0,0.0,0.0,1958000.0,1727000.0,8557
Bhandara,2018,Pavani,12206000.0,0.0,12206000.0,0.0,0.0,12206000.0,2054000.0,4945
Bhandara,2018,Lakhandur,2081000.0,415000.0,2496000.0,0.0,0.0,2496000.0,4258000.0,43411
Bhandara,2019,Tumsar,4382000.0,4161000.0,8543000.0,0.0,0.0,8543000.0,11288000.0,23129
Bhandara,2019,Mohadi,3497000.0,630000.0,4127000.0,0.0,0.0,4127000.0,4210000.0,28868
Bhandara,2019,Bhandara,9296000.0,2499000.0,11795000.0,0.0,0.0,11795000.0,14503000.0,47887
Bhandara,2019,Sakoli,7482000.0,243000.0,7725000.0,0.0,0.0,7725000.0,43689000.0,19048
Bhandara,2019,Lakhani,2153000.0,662000.0,2815000.0,0.0,0.0,2815000.0,3148000.0,43067
Bhandara,2019,Pavani,4984000.0,1000.0,4985000.0,0.0,0.0,4985000.0,2782000.0,9573
Bhandara,2019,Lakhandur,1775000.0,0.0,1775000.0,0.0,0.0,1775000.0,1495000.0,4444
Bhandara,2020,Tumsar,5606000.0,742000.0,6348000.0,0.0,0.0,6348000.0,5897000.0,47887
Bhandara,2020,Mohadi,3379000.0,790000.0,4169000.0,0.0,0.0,4169000.0,4922000.0,21322
Bhandara,2020,Bhandara,13309000.0,1792000.0,15101000.0,0.0,0.0,15101000.0,11085000.0,30602
Bhandara,2020,Sakoli,1590000.0,221000.0,1811000.0,0.0,0.0,1811000.0,9014000.0,9573
Bhandara,2020,Lakhani,1714000.0,645000.0,2359000.0,0.0,0.0,2359000.0,9450000.0,39556
Bhandara,2020,Pavani,4928000.0,0.0,4928000.0,0.0,0.0,4928000.0,4596000.0,8508
Bhandara,2020,Lakhandur,4504000.0,0.0,4504000.0,0.0,0.0,4504000.0,4409000.0,28467
Bhandara,2021,Tumsar,10152000.0,5648000.0,15800000.0,0.0,0.0,15800000.0,10007000.0,30390
Bhandara,2021,Mohadi,3554000.0,552000.0,4106000.0,0.0,0.0,4106000.0,5196000.0,28742
Bhandara,2021,Bhandara,10915000.0,6245000.0,17160000.0,0.0,0.0,17160000.0,40512000.0,47882
Bhandara,2021,Sakoli,1355000.0,293000.0,1648000.0,0.0,0.0,1649000.0,2727000.0,23065
Bhandara,2021,Lakhani,2122000.0,483000.0,2605000.0,0.0,0.0,2605000.0,8853000.0,30024
Bhandara,2021,Pavani,4306000.0,215000.0,4521000.0,0.0,0.0,4521000.0,10268000.0,9573
Bhandara,2021,Lakhandur,1059000.0,0.0,1059000.0,0.0,0.0,1059000.0,3185000.0,7757
Buldana,2013,Jalgaon Jamod,74940000.0,13100000.0,88040000.0,0.0,0.0,88040000.0,47010000.0,31540
Buldana,2013,Sangrampur,59310000.0,0.0,59310000.0,0.0,0.0,59310000.0,29220000.0,31129
Buldana,2013,Shegaon,88430000.0,360000.0,88790000.0,0.0,0.0,88790000.0,129150000.0,34899
Buldana,2013,Nandura,103450000.0,920000.0,104370000.0,0.0,0.0,104370000.0,54710000.0,40666
Buldana,2013,Malkapur,106230000.0,0.0,106230000.0,0.0,0.0,106230000.0,445300000.0,30160
Buldana,2013,Motala,60390000.0,0.0,60390000.0,0.0,0.0,60390000.0,30380000.0,46051
Buldana,2013,Khamgaon,164540000.0,2490000.0,167030000.0,0.0,0.0,167030000.0,296990000.0,76441
Buldana,2013,Mehkar,106000000.0,0.0,106000000.0,0.0,0.0,106000000.0,189330000.0,70287
Buldana,2013,Chikhali,119510000.0,0.0,119510000.0,0.0,0.0,119510000.0,105860000.0,66171
Buldana,2013,Buldana,135300000.0,0.0,135300000.0,0.0,0.0,135300000.0,241010000.0,42502
Buldana,2013,Deulgaon Raja,71030000.0,0.0,71030000.0,0.0,0.0,71030000.0,55740000.0,30144
Buldana,2013,Sindkhed Raja,52060000.0,190000.0,52250000.0,0.0,0.0,52250000.0,57370000.0,50536
Buldana,2013,Lonar,68210000.0,32800000.0,101010000.0,0.0,0.0,101010000.0,62010000.0,37928
Buldana,2014,Jalgaon Jamod,122590000.0,1310000.0,123900000.0,0.0,0.0,123900000.0,50440000.0,31540
Buldana,2014,Sangrampur,49630000.0,0.0,49630000.0,0.0,0.0,49630000.0,25840000.0,31129
Buldana,2014,Shegaon,83900000.0,360000.0,84260000.0,0.0,0.0,84260000.0,64560000.0,34899
Buldana,2014,Nandura,118460000.0,920000.0,119380000.0,0.0,0.0,119380000.0,62020000.0,40666
Buldana,2014,Malkapur,1219400000.0,2490000.0,1221890000.0,0.0,0.0,1221890000.0,60940000.0,30160
Buldana,2014,Motala,94720000.0,0.0,94720000.0,0.0,0.0,94720000.0,42990000.0,46051
Buldana,2014,Khamgaon,211830000.0,2490000.0,214320000.0,0.0,0.0,214320000.0,227600000.0,76441
Buldana,2014,Mehkar,96400000.0,0.0,96400000.0,0.0,0.0,96400000.0,99600000.0,70287
Buldana,2014,Chikhali,136300000.0,0.0,136300000.0,0.0,0.0,136300000.0,137970000.0,66171
Buldana,2014,Buldana,158190000.0,0.0,158190000.0,0.0,0.0,158190000.0,151880000.0,42502
Buldana,2014,Deulgaon Raja,62260000.0,0.0,62260000.0,0.0,0.0,62260000.0,54570000.0,30144
Buldana,2014,Sindkhed Raja,52570000.0,190000.0,52760000.0,0.0,0.0,52760000.0,57370000.0,50536
Buldana,2014,Lonar,41610000.0,32800000.0,74410000.0,0.0,0.0,74410000.0,36260000.0,37928
Buldana,2015,Jalgaon Jamod,4337080.0,9757920.0,14095000.0,0.0,0.0,14095000.0,10679550.0,31540
Buldana,2015,Sangrampur,3172700.0,2089280.0,5261980.0,0.0,0.0,5261980.0,3538650.0,31129
Buldana,2015,Shegaon,9506220.0,2993780.0,12500000.0,0.0,0.0,12500000.0,15250800.0,34899
Buldana,2015,Nandura,11917110.0,5082890.0,17000000.0,0.0,0.0,17000000.0,27799580.0,40666
Buldana,2015,Malkapur,9960610.0,9039380.0,18999990.0,0.0,0.0,19000000.0,34026610.0,30160
Buldana,2015,Motala,10940860.0,1559140.0,12500000.0,0.0,0.0,12500000.0,3719010.0,46051
Buldana,2015,Khamgaon,17428220.0,15571780.0,33000000.0,0.0,0.0,33000000.0,22115540.0,76441
Buldana,2015,Mehkar,12095140.0,4667210.0,16762350.0,0.0,0.0,16762350.0,14603920.0,70287
Buldana,2015,Chikhali,9273570.0,7912370.0,17185940.0,0.0,0.0,17185940.0,6898810.0,66171
Buldana,2015,Buldana,11357960.0,3720750.0,15078710.0,0.0,0.0,15078700.0,31889450.0,42502
Buldana,2015,Deulgaon Raja,6192140.0,4807860.0,11000000.0,0.0,0.0,11000000.0,3324610.0,30144
Buldana,2015,Sindkhed Raja,3409830.0,6590170.0,10000000.0,0.0,0.0,10000000.0,4548380.0,50536
Buldana,2015,Lonar,1922230.0,2705200.0,4627430.0,0.0,0.0,4627430.0,2974140.0,37928
Buldana,2016,Jalgaon Jamod,11506000.0,0.0,11506000.0,0.0,0.0,11506000.0,2959000.0,
Buldana,2016,Sangrampur,8000000.0,0.0,8000000.0,0.0,0.0,8000000.0,3285000.0,
Buldana,2016,Shegaon,13500000.0,0.0,13500000.0,0.0,0.0,13500000.0,14051000.0,
Buldana,2016,Nandura,10000000.0,0.0,10000000.0,0.0,0.0,10000000.0,13368000.0,
Buldana,2016,Malkapur,20000000.0,0.0,20000000.0,0.0,0.0,20000000.0,24345000.0,
Buldana,2016,Motala,7500000.0,0.0,7500000.0,0.0,0.0,7500000.0,4165000.0,
Buldana,2016,Khamgaon,23000000.0,0.0,23000000.0,0.0,0.0,23000000.0,17770000.0,
Buldana,2016,Mehkar,10000000.0,0.0,10000000.0,0.0,0.0,10000000.0,14042000.0,
Buldana,2016,Chikhali,18912000.0,0.0,18912000.0,0.0,0.0,18912000.0,20468000.0,
Buldana,2016,Buldana,25000000.0,0.0,25000000.0,0.0,0.0,25000000.0,15669000.0,
Buldana,2016,Deulgaon Raja,10000000.0,0.0,10000000.0,0.0,0.0,10000000.0,5090000.0,
Buldana,2016,Sindkhed Raja,10000000.0,0.0,10000000.0,0.0,0.0,10000000.0,2407000.0,
Buldana,2016,Lonar,2214000.0,0.0,2214000.0,0.0,0.0,2214000.0,4343000.0,
Buldana,2017,Jalgaon Jamod,4341000.0,9152000.0,13493000.0,0.0,0.0,13493000.0,7090000.0,27304
Buldana,2017,Sangrampur,4908000.0,3052000.0,7961000.0,0.0,0.0,7961000.0,2648000.0,34485
Buldana,2017,Shegaon,16127000.0,3420000.0,19547000.0,0.0,0.0,19547000.0,15587000.0,29419
Buldana,2017,Nandura,8010000.0,6990000.0,15000000.0,0.0,0.0,15000000.0,12797000.0,46174
Buldana,2017,Malkapur,15127000.0,5769000.0,20896000.0,0.0,0.0,20896000.0,18022000.0,29193
Buldana,2017,Motala,2378000.0,1695000.0,4073000.0,0.0,0.0,4073000.0,3819000.0,36731
Buldana,2017,Khamgaon,15742000.0,9258000.0,25000000.0,0.0,0.0,25000000.0,24445000.0,51164
Buldana,2017,Mehkar,13023000.0,2977000.0,16000000.0,0.0,0.0,16000000.0,15486000.0,58770
Buldana,2017,Chikhali,9605000.0,6841000.0,16446000.0,0.0,0.0,16446000.0,20013000.0,68312
Buldana,2017,Buldana,14330000.0,6991000.0,21320000.0,0.0,0.0,21320000.0,16574000.0,35894
Buldana,2017,Deulgaon Raja,3257000.0,4743000.0,8000000.0,0.0,0.0,8000000.0,3956000.0,33742
Buldana,2017,Sindkhed Raja,2309000.0,7685000.0,9994000.0,0.0,0.0,9994000.0,2663000.0,56816
Buldana,2017,Lonar,1886000.0,2245000.0,4131000.0,0.0,0.0,4131000.0,5230000.0,38578
Buldana,2018,Jalgaon Jamod,4341000.0,9152000.0,13493000.0,0.0,0.0,13493000.0,7090000.0,27304
Buldana,2018,Sangrampur,4908000.0,3052000.0,7961000.0,0.0,0.0,7961000.0,2648000.0,34485
Buldana,2018,Shegaon,16127000.0,3420000.0,19547000.0,0.0,0.0,19547000.0,15587000.0,29419
Buldana,2018,Nandura,8010000.0,6990000.0,15000000.0,0.0,0.0,15000000.0,12797000.0,46174
Buldana,2018,Malkapur,15127000.0,5769000.0,20896000.0,0.0,0.0,20896000.0,18022000.0,29193
Buldana,2018,Motala,2378000.0,1695000.0,4073000.0,0.0,0.0,4073000.0,3819000.0,36731
Buldana,2018,Khamgaon,15742000.0,9258000.0,25000000.0,0.0,0.0,25000000.0,24445000.0,51164
Buldana,2018,Mehkar,13023000.0,2977000.0,16000000.0,0.0,0.0,16000000.0,15486000.0,58770
Buldana,2018,Chikhali,9605000.0,6841000.0,16446000.0,0.0,0.0,16446000.0,20013000.0,68312
Buldana,2018,Buldana,14330000.0,6991000.0,21320000.0,0.0,0.0,21320000.0,16574000.0,35894
Buldana,2018,Deulgaon Raja,3257000.0,4743000.0,8000000.0,0.0,0.0,8000000.0,3956000.0,33742
Buldana,2018,Sindkhed Raja,2309000.0,7685000.0,9994000.0,0.0,0.0,9994000.0,2663000.0,56816
Buldana,2018,Lonar,1886000.0,2245000.0,4131000.0,0.0,0.0,4131000.0,5230000.0,38578
Buldana,2019,Jalgaon Jamod,4533310.0,10553170.0,15086490.0,40640.0,0.0,15045900.0,0.0,32050
Buldana,2019,Sangrampur,2962520.0,5175240.0,8137760.0,46160.0,0.0,8091600.0,0.0,35261
Buldana,2019,Shegaon,15000000.0,1971930.0,16971930.0,62600.0,0.0,16909300.0,0.0,32006
Buldana,2019,Nandura,9768590.0,5231410.0,15000000.0,0.0,0.0,15000000.0,0.0,34778
Buldana,2019,Malkapur,7467830.0,7364460.0,14832290.0,0.0,0.0,14832300.0,0.0,32095
Buldana,2019,Motala,3960010.0,2039990.0,6000000.0,0.0,0.0,6000000.0,0.0,32572
Buldana,2019,Khamgaon,17998540.0,17001460.0,35000000.0,0.0,0.0,35000000.0,0.0,57439
Buldana,2019,Mehkar,15022790.0,2977210.0,18000000.0,28370.0,0.0,17971600.0,0.0,11533
Buldana,2019,Chikhali,14740680.0,5259320.0,20000000.0,0.0,0.0,20000000.0,0.0,79541
Buldana,2019,Buldana,11349070.0,6364870.0,17713940.0,25410.0,0.0,17688500.0,0.0,29271
Buldana,2019,Deulgaon Raja,4077000.0,6923000.0,11000000.0,7490.0,0.0,10992500.0,0.0,33441
Buldana,2019,Sindkhed Raja,9353430.0,2563200.0,11916630.0,32820.0,0.0,11883800.0,0.0,56816
Buldana,2019,Lonar,707510.0,1235420.0,1942930.0,5600.0,0.0,1937300.0,0.0,47450
Buldana,2020,Jalgaon Jamod,2019000.0,9874000.0,11893000.0,0.0,0.0,11893000.0,23245000.0,32050
Buldana,2020,Sangrampur,5104000.0,4896000.0,10000000.0,0.0,0.0,10000000.0,7418000.0,35261
Buldana,2020,Shegaon,16126000.0,3419000.0,19545000.0,0.0,0.0,19545000.0,12817000.0,32006
Buldana,2020,Nandura,13129000.0,9870000.0,22999000.0,0.0,0.0,22999000.0,11594000.0,34778
Buldana,2020,Malkapur,16013000.0,13986000.0,29999000.0,0.0,0.0,29999000.0,16645000.0,32095
Buldana,2020,Motala,5219000.0,2780000.0,7999000.0,0.0,0.0,7999000.0,3524000.0,32572
Buldana,2020,Khamgaon,17998000.0,7001000.0,24999000.0,0.0,0.0,24999000.0,32049000.0,57439
Buldana,2020,Mehkar,18500000.0,6499000.0,24999000.0,0.0,0.0,24999000.0,26511000.0,11533
Buldana,2020,Chikhali,21000000.0,9901000.0,30901000.0,0.0,0.0,30901000.0,14148000.0,79541
Buldana,2020,Buldana,11482000.0,14423000.0,25905000.0,0.0,0.0,25905000.0,19299000.0,29271
Buldana,2020,Deulgaon Raja,4862000.0,7138000.0,12000000.0,0.0,0.0,12000000.0,13815000.0,33441
Buldana,2020,Sindkhed Raja,2547000.0,11004000.0,13551000.0,0.0,0.0,13551000.0,10648000.0,56816
Buldana,2020,Lonar,1914000.0,2515000.0,4429000.0,0.0,0.0,4429000.0,9615000.0,47450
Buldana,2021,Jalgaon Jamod,7116000.0,9884000.0,17000000.0,0.0,0.0,17000000.0,15465000.0,36256
Buldana,2021,Sangrampur,5090000.0,4910000.0,10000000.0,0.0,0.0,10000000.0,7563000.0,33320
Buldana,2021,Shegaon,15185000.0,3815000.0,19000000.0,0.0,0.0,19000000.0,17374000.0,35353
Buldana,2021,Nandura,13080000.0,9920000.0,23000000.0,0.0,0.0,23000000.0,18003000.0,33446
Buldana,2021,Malkapur,16014000.0,13986000.0,30000000.0,0.0,0.0,30000000.0,18966000.0,44733
Buldana,2021,Motala,5220000.0,2780000.0,8000000.0,0.0,0.0,8000000.0,8052000.0,41571
Buldana,2021,Khamgaon,17490000.0,7510000.0,25000000.0,0.0,0.0,25000000.0,25981000.0,57494
Buldana,2021,Mehkar,19401000.0,6599000.0,26000000.0,0.0,0.0,26000000.0,28146000.0,40087
Buldana,2021,Chikhali,11042000.0,9958000.0,21000000.0,0.0,0.0,21000000.0,21487000.0,84700
Buldana,2021,Buldana,11477000.0,14523000.0,26000000.0,0.0,0.0,26000000.0,21976000.0,52474
Buldana,2021,Deulgaon Raja,5642000.0,7358000.0,13000000.0,0.0,0.0,13000000.0,7527000.0,50042
Buldana,2021,Sindkhed Raja,796000.0,11204000.0,12000000.0,0.0,0.0,12000000.0,3931000.0,68232
Buldana,2021,Lonar,17383000.0,2617000.0,20000000.0,0.0,0.0,20000000.0,9725000.0,61749
Chandrapur,2012,Varora,30459000.0,4347000.0,34806000.0,0.0,0.0,34806000.0,30381000.0,13695
Chandrapur,2012,Chimur,3159000.0,712000.0,3871000.0,0.0,0.0,3871000.0,3240000.0,7428
Chandrapur,2012,Nagbhid,1321000.0,-25000.0,1296000.0,0.0,0.0,1296000.0,1136000.0,19235
Chandrapur,2012,Bramhapuri,876000.0,222000.0,1098000.0,0.0,0.0,1098000.0,1030000.0,14097
Chandrapur,2012,Savali,312000.0,251000.0,563000.0,0.0,0.0,563000.0,310000.0,10130
Chandrapur,2012,Sindevahi,1537000.0,721000.0,2258000.0,0.0,0.0,2258000.0,1775000.0,22342
Chandrapur,2012,Bhadravati,6616000.0,14264000.0,20880000.0,0.0,0.0,20880000.0,6426000.0,28390
Chandrapur,2012,Chandrapur,42650000.0,195000.0,42845000.0,0.0,0.0,42845000.0,41531000.0,22741
Chandrapur,2012,Mul,3021000.0,31000.0,3052000.0,0.0,0.0,3052000.0,3011000.0,32305
Chandrapur,2012,Ponbhurna,10957000.0,14000.0,10971000.0,0.0,0.0,10971000.0,1088000.0,30039
Chandrapur,2012,Ballarpur,2007000.0,104000.0,2111000.0,0.0,0.0,2111000.0,2078000.0,25488
Chandrapur,2012,Korpana,1998000.0,1311000.0,3309000.0,0.0,0.0,3309000.0,2093000.0,18517
Chandrapur,2012,Rajura,4074000.0,1399000.0,5473000.0,0.0,0.0,5473000.0,3269000.0,17380
Chandrapur,2012,Gondpipari,5478000.0,219000.0,5697000.0,0.0,0.0,5697000.0,5601000.0,15116
Chandrapur,2012,Jivati,111000.0,5000.0,116000.0,0.0,0.0,116000.0,101000.0,6040
Chandrapur,2013,Varora,36894000.0,45751000.0,41319000.0,0.0,0.0,41319000.0,5410000.0,13715
Chandrapur,2013,Chimur,2998000.0,631000.0,3629000.0,0.0,0.0,3629000.0,1655000.0,7821
Chandrapur,2013,Nagbhid,1799000.0,160000.0,1959000.0,0.0,0.0,1959000.0,1645000.0,19245
Chandrapur,2013,Bramhapuri,946000.0,68000.0,1014000.0,0.0,0.0,1014000.0,1009000.0,14125
Chandrapur,2013,Savali,1623000.0,253000.0,1876000.0,0.0,0.0,1876000.0,1677000.0,11230
Chandrapur,2013,Sindevahi,1560000.0,483000.0,2043000.0,0.0,0.0,2043000.0,1592000.0,22452
Chandrapur,2013,Bhadravati,44384000.0,56353000.0,22175000.0,0.0,0.0,22175000.0,20895000.0,28453
Chandrapur,2013,Chandrapur,43812000.0,1314000.0,45126000.0,0.0,0.0,45126000.0,29259000.0,22789
Chandrapur,2013,Mul,3270000.0,41000.0,3311000.0,0.0,0.0,3311000.0,41734000.0,32319
Chandrapur,2013,Ponbhurna,326000.0,9883000.0,10209000.0,0.0,0.0,10209000.0,339000.0,30069
Chandrapur,2013,Ballarpur,13156000.0,33000.0,13189000.0,0.0,0.0,13189000.0,46573000.0,25535
Chandrapur,2013,Korpana,5559000.0,1216000.0,61183000.0,0.0,0.0,61183000.0,6434000.0,18625
Chandrapur,2013,Rajura,4140000.0,2204000.0,6344000.0,0.0,0.0,6344000.0,2837000.0,69505
Chandrapur,2013,Gondpipari,5644000.0,96000.0,5740000.0,0.0,0.0,5740000.0,682000.0,15254
Chandrapur,2013,Jivati,177000.0,15000.0,192000.0,0.0,0.0,192000.0,127000.0,6154
Chandrapur,2014,Varora,5884000.0,2280000.0,8164000.0,0.0,0.0,8164000.0,26181000.0,8516
Chandrapur,2014,Chimur,3164000.0,1878000.0,5042000.0,0.0,0.0,5042000.0,4352000.0,11230
Chandrapur,2014,Nagbhid,1649000.0,126000.0,1775000.0,114000.0,0.0,1661000.0,1730000.0,8284
Chandrapur,2014,Bramhapuri,3328000.0,415000.0,3743000.0,0.0,0.0,3743000.0,21626000.0,9428
Chandrapur,2014,Savali,657000.0,107000.0,764000.0,0.0,0.0,764000.0,916000.0,4221
Chandrapur,2014,Sindevahi,1546000.0,386000.0,1932000.0,0.0,0.0,1932000.0,1863000.0,18517
Chandrapur,2014,Bhadravati,42807000.0,2675000.0,45482000.0,0.0,0.0,45482000.0,42289000.0,4232
Chandrapur,2014,Chandrapur,31940000.0,1967000.0,33907000.0,0.0,0.0,33907000.0,28219000.0,13695
Chandrapur,2014,Mul,1338000.0,29000.0,1367000.0,0.0,0.0,1367000.0,2832000.0,4394
Chandrapur,2014,Ponbhurna,340000.0,11000.0,351000.0,0.0,0.0,351000.0,530000.0,10130
Chandrapur,2014,Ballarpur,2708000.0,245000.0,2953000.0,0.0,0.0,2953000.0,3585000.0,7428
Chandrapur,2014,Korpana,5406000.0,117000.0,5523000.0,0.0,0.0,5523000.0,44079000.0,4409
Chandrapur,2014,Rajura,3311000.0,738000.0,4049000.0,299000.0,0.0,3750000.0,4232000.0,5715
Chandrapur,2014,Gondpipari,904000.0,245000.0,1149000.0,0.0,0.0,1149000.0,1107000.0,14097
Chandrapur,2014,Jivati,110000.0,63000.0,173000.0,0.0,0.0,173000.0,661000.0,481
Chandrapur,2015,Varora,6052000.0,1355000.0,7407000.0,0.0,0.0,7407000.0,11074000.0,31383
Chandrapur,2015,Chimur,3247000.0,2452000.0,5699000.0,0.0,0.0,5699000.0,4160000.0,37025
Chandrapur,2015,Nagbhid,1670000.0,389000.0,2059000.0,0.0,0.0,2059000.0,2577000.0,26454
Chandrapur,2015,Bramhapuri,3340000.0,214000.0,3554000.0,0.0,0.0,3554000.0,4520000.0,29013
Chandrapur,2015,Savali,698000.0,86000.0,784000.0,0.0,0.0,784000.0,1944000.0,25468
Chandrapur,2015,Sindevahi,1558000.0,482000.0,2040000.0,0.0,0.0,2040000.0,1497000.0,18205
Chandrapur,2015,Bhadravati,42942000.0,2848000.0,45790000.0,0.0,0.0,45790000.0,72528000.0,23657
Chandrapur,2015,Chandrapur,32421000.0,2242000.0,34663000.0,0.0,0.0,34663000.0,69080000.0,17451
Chandrapur,2015,Mul,1400000.0,38000.0,1438000.0,0.0,0.0,1438000.0,1921000.0,21964
Chandrapur,2015,Ponbhurna,342000.0,7000.0,349000.0,0.0,0.0,349000.0,757000.0,12003
Chandrapur,2015,Ballarpur,3220000.0,35000.0,3255000.0,0.0,0.0,3255000.0,15588000.0,6773
Chandrapur,2015,Korpana,5406000.0,1058000.0,6464000.0,0.0,0.0,6464000.0,4998000.0,15590
Chandrapur,2015,Rajura,3717000.0,1617000.0,5334000.0,0.0,0.0,5334000.0,13699000.0,21242
Chandrapur,2015,Gondpipari,918000.0,150000.0,1068000.0,0.0,0.0,1068000.0,1499000.0,14097
Chandrapur,2015,Jivati,110000.0,26000.0,136000.0,0.0,0.0,136000.0,196000.0,6210
Chandrapur,2016,Varora,6294000.0,1059000.0,7353000.0,0.0,0.0,7353000.0,12051000.0,31575
Chandrapur,2016,Chimur,3257000.0,2825000.0,6082000.0,0.0,0.0,6082000.0,4231000.0,37172
Chandrapur,2016,Nagbhid,1723000.0,368000.0,2091000.0,0.0,0.0,2091000.0,3517000.0,26446
Chandrapur,2016,Bramhapuri,3432000.0,42000.0,3474000.0,0.0,0.0,3474000.0,5490000.0,29055
Chandrapur,2016,Savali,690000.0,120000.0,810000.0,0.0,0.0,810000.0,2943000.0,25470
Chandrapur,2016,Sindevahi,1566000.0,611000.0,2177000.0,0.0,0.0,2177000.0,1472000.0,18205
Chandrapur,2016,Bhadravati,47926000.0,7407000.0,55333000.0,0.0,0.0,55333000.0,42071000.0,24136
Chandrapur,2016,Chandrapur,32776000.0,1629000.0,34405000.0,0.0,0.0,34405000.0,85748000.0,17353
Chandrapur,2016,Mul,1434000.0,37000.0,1471000.0,0.0,0.0,1471000.0,1797000.0,21883
Chandrapur,2016,Ponbhurna,373000.0,0.0,373000.0,0.0,0.0,373000.0,736000.0,12010
Chandrapur,2016,Ballarpur,3269000.0,149000.0,3418000.0,0.0,0.0,3418000.0,7357000.0,6767
Chandrapur,2016,Korpana,5449000.0,1226000.0,6675000.0,0.0,0.0,6675000.0,7148000.0,15680
Chandrapur,2016,Rajura,3018000.0,1035000.0,4053000.0,0.0,0.0,4053000.0,23808000.0,21542
Chandrapur,2016,Gondpipari,927000.0,0.0,927000.0,0.0,0.0,927000.0,1342000.0,17338
Chandrapur,2016,Jivati,110000.0,0.0,110000.0,0.0,0.0,110000.0,84000.0,6210
Chandrapur,2017,Varora,6341000.0,770000.0,7111000.0,0.0,0.0,7111000.0,13588000.0,10314
Chandrapur,2017,Chimur,3382000.0,2382000.0,5764000.0,0.0,0.0,5764000.0,7135000.0,10805
Chandrapur,2017,Nagbhid,1772000.0,275000.0,2047000.0,0.0,0.0,2047000.0,7255000.0,11383
Chandrapur,2017,Bramhapuri,3452000.0,110000.0,3562000.0,0.0,0.0,3562000.0,8695000.0,17722
Chandrapur,2017,Savali,715000.0,6000.0,721000.0,0.0,0.0,721000.0,6803000.0,4539
Chandrapur,2017,Sindevahi,1577000.0,722000.0,2299000.0,0.0,0.0,2299000.0,1970000.0,9405
Chandrapur,2017,Bhadravati,46868000.0,17356000.0,64224000.0,0.0,0.0,64224000.0,40281000.0,7430
Chandrapur,2017,Chandrapur,33227000.0,1299000.0,34526000.0,0.0,0.0,34526000.0,43591000.0,64226
Chandrapur,2017,Mul,1467000.0,36000.0,1503000.0,0.0,0.0,1503000.0,9782000.0,6321
Chandrapur,2017,Ponbhurna,345000.0,28000.0,373000.0,0.0,0.0,373000.0,976000.0,3438
Chandrapur,2017,Ballarpur,4081000.0,40000.0,4121000.0,0.0,0.0,4121000.0,7838000.0,4377
Chandrapur,2017,Korpana,4519000.0,1445000.0,5964000.0,0.0,0.0,5964000.0,14498000.0,7409
Chandrapur,2017,Rajura,3082000.0,1152000.0,4234000.0,0.0,0.0,4234000.0,15088000.0,6317
Chandrapur,2017,Gondpipari,920000.0,57000.0,977000.0,0.0,0.0,977000.0,2165000.0,5497
Chandrapur,2017,Jivati,122000.0,21000.0,143000.0,0.0,0.0,143000.0,289000.0,650
Chandrapur,2018,Varora,6643000.0,948000.0,7591000.0,0.0,0.0,7591000.0,4941000.0,31609
Chandrapur,2018,Chimur,3519000.0,540000.0,4059000.0,0.0,0.0,4059000.0,1818000.0,37678
Chandrapur,2018,Nagbhid,1245000.0,369000.0,1614000.0,0.0,0.0,1614000.0,2849000.0,26663
Chandrapur,2018,Bramhapuri,3900000.0,170000.0,4070000.0,0.0,0.0,4070000.0,4083000.0,29080
Chandrapur,2018,Savali,4430000.0,18348000.0,22778000.0,0.0,0.0,22778000.0,4388000.0,25874
Chandrapur,2018,Sindevahi,1653000.0,800000.0,2453000.0,0.0,0.0,2453000.0,4552000.0,20471
Chandrapur,2018,Bhadravati,47291000.0,26580000.0,73871000.0,0.0,0.0,73871000.0,36563000.0,24088
Chandrapur,2018,Chandrapur,33796000.0,3984000.0,37780000.0,0.0,0.0,37780000.0,26627000.0,17260
Chandrapur,2018,Mul,14224000.0,38000.0,14262000.0,0.0,0.0,14262000.0,13486000.0,21963
Chandrapur,2018,Ponbhurna,472000.0,7000.0,479000.0,0.0,0.0,479000.0,319000.0,12010
Chandrapur,2018,Ballarpur,4108000.0,0.0,4108000.0,0.0,0.0,4108000.0,4650000.0,6749
Chandrapur,2018,Korpana,4719000.0,0.0,4719000.0,0.0,0.0,4719000.0,4326000.0,17786
Chandrapur,2018,Rajura,7576000.0,647000.0,8223000.0,0.0,0.0,8223000.0,6780000.0,21688
Chandrapur,2018,Gondpipari,956000.0,25000.0,981000.0,0.0,0.0,981000.0,529000.0,17527
Chandrapur,2018,Jivati,122000.0,27000.0,149000.0,0.0,0.0,149000.0,425000.0,6207
Chandrapur,2019,Varora,7290000.0,3192000.0,10482000.0,0.0,0.0,10482000.0,5247000.0,32105
Chandrapur,2019,Chimur,3628000.0,533000.0,4161000.0,0.0,0.0,4161000.0,16105000.0,37702
Chandrapur,2019,Nagbhid,8700000.0,510000.0,9210000.0,0.0,0.0,9210000.0,6072000.0,26655
Chandrapur,2019,Bramhapuri,4010000.0,467000.0,4477000.0,0.0,0.0,4477000.0,8766000.0,29119
Chandrapur,2019,Savali,1255000.0,27000.0,1282000.0,0.0,0.0,1282000.0,1640000.0,26017
Chandrapur,2019,Sindevahi,1650000.0,1297000.0,2947000.0,0.0,0.0,2947000.0,3305000.0,20470
Chandrapur,2019,Bhadravati,47388000.0,32738000.0,80126000.0,0.0,0.0,80126000.0,40460000.0,24826
Chandrapur,2019,Chandrapur,34010000.0,8725000.0,42735000.0,0.0,0.0,42735000.0,58519000.0,17233
Chandrapur,2019,Mul,9806000.0,36000.0,9842000.0,0.0,0.0,9842000.0,6088000.0,22228
Chandrapur,2019,Ponbhurna,510000.0,91000.0,601000.0,0.0,0.0,601000.0,408000.0,12011
Chandrapur,2019,Ballarpur,4112000.0,72000.0,4184000.0,0.0,0.0,4184000.0,7255000.0,6748
Chandrapur,2019,Korpana,4713000.0,571000.0,5284000.0,0.0,0.0,5284000.0,5769000.0,18046
Chandrapur,2019,Rajura,12382000.0,500000.0,12882000.0,0.0,0.0,12882000.0,12481000.0,22832
Chandrapur,2019,Gondpipari,977000.0,360000.0,1337000.0,0.0,0.0,1337000.0,563000.0,17528
Chandrapur,2019,Jivati,122000.0,26000.0,148000.0,0.0,0.0,148000.0,935000.0,6207
Chandrapur,2020,Varora,6788000.0,7258000.0,14046000.0,0.0,0.0,14046000.0,7219000.0,32105
Chandrapur,2020,Chimur,3723000.0,1140000.0,4863000.0,0.0,0.0,4863000.0,6408000.0,37702
Chandrapur,2020,Nagbhid,1849000.0,595000.0,2444000.0,0.0,0.0,2444000.0,2448000.0,26655
Chandrapur,2020,Bramhapuri,4463000.0,507000.0,4970000.0,0.0,0.0,4970000.0,4303000.0,29119
Chandrapur,2020,Savali,765000.0,285000.0,1050000.0,0.0,0.0,1050000.0,795000.0,26017
Chandrapur,2020,Sindevahi,1670000.0,1152000.0,2822000.0,0.0,0.0,2822000.0,2251000.0,20470
Chandrapur,2020,Bhadravati,47473000.0,42884000.0,90357000.0,0.0,0.0,90357000.0,38757000.0,24826
Chandrapur,2020,Chandrapur,34009000.0,16812000.0,50821000.0,0.0,0.0,50821000.0,35733000.0,17233
Chandrapur,2020,Mul,1732000.0,2436000.0,4168000.0,0.0,0.0,4168000.0,3208000.0,22228
Chandrapur,2020,Ponbhurna,374000.0,56000.0,430000.0,0.0,0.0,430000.0,619000.0,12011
Chandrapur,2020,Ballarpur,4113000.0,154000.0,4267000.0,0.0,0.0,4267000.0,919000.0,6748
Chandrapur,2020,Korpana,6140000.0,982000.0,7122000.0,0.0,0.0,7122000.0,7122000.0,18046
Chandrapur,2020,Rajura,3048000.0,245000.0,3293000.0,0.0,0.0,3293000.0,3305000.0,22832
Chandrapur,2020,Gondpipari,958000.0,499000.0,1457000.0,0.0,0.0,1457000.0,1403000.0,17528
Chandrapur,2020,Jivati,45000.0,82000.0,127000.0,0.0,0.0,127000.0,123000.0,6207
Chandrapur,2021,Varora,6811000.0,6619000.0,13430000.0,0.0,0.0,13430000.0,32789000.0,25264
Chandrapur,2021,Chimur,3964000.0,1014000.0,4978000.0,0.0,0.0,4978000.0,25028000.0,20339
Chandrapur,2021,Nagbhid,1786000.0,51000.0,1837000.0,0.0,0.0,1837000.0,20482000.0,40553
Chandrapur,2021,Bramhapuri,4574000.0,447000.0,5021000.0,0.0,0.0,5021000.0,21226000.0,29181
Chandrapur,2021,Savali,775000.0,7000.0,782000.0,0.0,0.0,782000.0,5265000.0,24538
Chandrapur,2021,Sindevahi,3008000.0,876000.0,3884000.0,0.0,0.0,3884000.0,10121000.0,36296
Chandrapur,2021,Bhadravati,40181000.0,1412000.0,41593000.0,0.0,0.0,41593000.0,70478000.0,30766
Chandrapur,2021,Chandrapur,36136000.0,13614000.0,49750000.0,0.0,0.0,49750000.0,131199000.0,17243
Chandrapur,2021,Mul,2409000.0,65000.0,2474000.0,0.0,0.0,2474000.0,10254000.0,35838
Chandrapur,2021,Ponbhurna,429000.0,120000.0,549000.0,0.0,0.0,549000.0,1057000.0,23839
Chandrapur,2021,Ballarpur,3598000.0,3000.0,3601000.0,0.0,0.0,3601000.0,24260000.0,7293
Chandrapur,2021,Korpana,7376000.0,0.0,7376000.0,0.0,0.0,7376000.0,20272000.0,17986
Chandrapur,2021,Rajura,3115000.0,199000.0,3314000.0,0.0,0.0,3314000.0,64367000.0,22507
Chandrapur,2021,Gondpipari,957000.0,43000.0,1000000.0,0.0,0.0,1000000.0,2730000.0,12436
Chandrapur,2021,Jivati,54000.0,5000.0,59000.0,0.0,0.0,59000.0,132000.0,6207
Dhule,2012,Shirpur,7212000.0,0.0,7212000.0,0.0,0.0,7212000.0,32525000.0,41548
Dhule,2012,Shindkheda,12125000.0,0.0,12125000.0,0.0,0.0,12125000.0,13580000.0,72565
Dhule,2012,Sakri,14215000.0,0.0,14215000.0,0.0,0.0,14215000.0,19254000.0,93184
Dhule,2012,Dhule,14181000.0,2553000.0,16734000.0,0.0,0.0,16734000.0,32565000.0,90842
Dhule,2013,Shirpur,7212000.0,0.0,7212000.0,0.0,0.0,7212000.0,32525000.0,41548
Dhule,2013,Shindkheda,12125000.0,0.0,12125000.0,0.0,0.0,12125000.0,13580000.0,72565
Dhule,2013,Sakri,14215000.0,0.0,14215000.0,0.0,0.0,14215000.0,19254000.0,93184
Dhule,2013,Dhule,14181000.0,2553000.0,16734000.0,0.0,0.0,16734000.0,32565000.0,90842
Dhule,2014,Shirpur,13100000.0,0.0,13100000.0,0.0,0.0,13100000.0,28528000.0,22337
Dhule,2014,Shindkheda,11935000.0,0.0,11935000.0,0.0,0.0,11935000.0,30583000.0,69348
Dhule,2014,Sakri,8119000.0,0.0,8119000.0,0.0,0.0,8119000.0,29601000.0,80526
Dhule,2014,Dhule,31614000.0,0.0,31614000.0,0.0,0.0,31614000.0,92343000.0,94919
Dhule,2015,Shirpur,1736000.0,0.0,1736000.0,0.0,0.0,1736000.0,3974000.0,22337
Dhule,2015,Shindkheda,1521000.0,0.0,1521000.0,0.0,0.0,1521000.0,3823000.0,69348
Dhule,2015,Sakri,833000.0,0.0,833000.0,0.0,0.0,833000.0,6729000.0,80526
Dhule,2015,Dhule,4098000.0,0.0,4098000.0,0.0,0.0,4098000.0,14814000.0,94919
Dhule,2016,Shirpur,19000000.0,0.0,19000000.0,0.0,0.0,19000000.0,30073000.0,33007
Dhule,2016,Shindkheda,20132000.0,0.0,20132000.0,0.0,0.0,20132000.0,26115000.0,83028
Dhule,2016,Sakri,11800000.0,0.0,11800000.0,0.0,0.0,11800000.0,41196000.0,98772
Dhule,2016,Dhule,46600000.0,0.0,46600000.0,0.0,0.0,46600000.0,137063000.0,119859
Dhule,2017,Shirpur,26568000.0,0.0,26568000.0,882000.0,0.0,25686000.0,25686000.0,184171
Dhule,2017,Shindkheda,30813000.0,0.0,30813000.0,262000.0,0.0,30551000.0,30551000.0,73251
Dhule,2017,Sakri,50632000.0,0.0,50632000.0,1714000.0,0.0,48918000.0,48918000.0,142541
Dhule,2017,Dhule,64386000.0,0.0,64386000.0,176000.0,0.0,64210000.0,64210000.0,109502
Dhule,2018,Shirpur,24040000.0,0.0,24040000.0,635280.0,0.0,23404720.0,23401000.0,43424
Dhule,2018,Shindkheda,21340000.0,0.0,21340000.0,825530.0,0.0,20514470.0,20508000.0,75544
Dhule,2018,Sakri,39325000.0,0.0,39325000.0,1044670.0,0.0,38280330.0,38277000.0,53466
Dhule,2018,Dhule,45087000.0,0.0,45087000.0,5120.0,0.0,45081880.0,45081000.0,98362
Dhule,2019,Shirpur,24040000.0,0.0,24040000.0,635280.0,0.0,23404720.0,23401000.0,43424
Dhule,2019,Shindkheda,21340000.0,0.0,21340000.0,825530.0,0.0,20514470.0,20508000.0,75544
Dhule,2019,Sakri,39325000.0,0.0,39325000.0,1044670.0,0.0,38280330.0,38277000.0,53466
Dhule,2019,Dhule,45087000.0,0.0,45087000.0,5120.0,0.0,45081880.0,45081000.0,98362
Dhule,2020,Shirpur,10746000.0,2606000.0,13352000.0,684000.0,0.0,12668000.0,0.0,45907
Dhule,2020,Shindkheda,12444000.0,0.0,12444000.0,1032000.0,0.0,11412000.0,11444000.0,76918
Dhule,2020,Sakri,9958000.0,1552000.0,11510000.0,1176000.0,0.0,10334000.0,9185000.0,75747
Dhule,2020,Dhule,24222000.0,7222000.0,31444000.0,446000.0,0.0,30998000.0,28347000.0,159559
Dhule,2021,Shirpur,10746000.0,2606000.0,13352000.0,684000.0,0.0,12668000.0,0.0,45907
Dhule,2021,Shindkheda,12444000.0,0.0,12444000.0,1032000.0,0.0,11412000.0,11444000.0,76918
Dhule,2021,Sakri,9958000.0,1552000.0,11510000.0,1176000.0,0.0,10334000.0,9185000.0,75747
Dhule,2021,Dhule,24222000.0,7222000.0,31444000.0,446000.0,0.0,30998000.0,28347000.0,159559
Gadchiroli,2012,Desaiganj,88790.0,,88790.0,,,88790.0,88790.0,10754
Gadchiroli,2012,Rmori,2740.0,,2740.0,,,2740.0,2740.0,3805
Gadchiroli,2012,Kurkheda,18820.0,,18820.0,,,18820.0,18820.0,7009
Gadchiroli,2012,Korachi,750.0,,750.0,,,750.0,750.0,4633
Gadchiroli,2012,Dhanora,85100.0,,85100.0,,,85100.0,85100.0,4538
Gadchiroli,2012,Gadchiroli,27020.0,,27020.0,,,27020.0,27020.0,4590
Gadchiroli,2012,Chomoshi,8029.999999999999,,8029.999999999999,,,8029.999999999999,8029.999999999999,3192
Gadchiroli,2012,Mulchera,2330.0,,2330.0,,,2330.0,2330.0,1452
Gadchiroli,2012,Etapalli,13100.0,,13100.0,,,13100.0,13100.0,5107
Gadchiroli,2012,Bhamragad,2020.0,,2020.0,,,2020.0,2020.0,2956
Gadchiroli,2012,Aheri,1420.0,,1420.0,,,1420.0,1420.0,3911
Gadchiroli,2012,Sironcha,7060.0,,7060.0,,,7060.0,7060.0,7246
Gadchiroli,2013,Desaiganj,2561060.0,,2561060.0,,,2561060.0,2561060.0,4538
Gadchiroli,2013,Rmori,999470.0,,999470.0,,,999470.0,999470.0,4590
Gadchiroli,2013,Kurkheda,629790.0,,629790.0,,,629790.0,629790.0,3192
Gadchiroli,2013,Korachi,272870.0,,272870.0,,,272870.0,272870.0,1452
Gadchiroli,2013,Dhanora,283750.0,,283750.0,,,283750.0,283750.0,3805
Gadchiroli,2013,Gadchiroli,5164710.0,,5164710.0,,,5164710.0,5164710.0,10754
Gadchiroli,2013,Chomoshi,2045590.0,,2045590.0,,,2045590.0,2045590.0,7009
Gadchiroli,2013,Mulchera,141640.0,,141640.0,,,141640.0,141640.0,4633
Gadchiroli,2013,Etapalli,291210.0,,291210.0,,,291210.0,291210.0,2956
Gadchiroli,2013,Bhamragad,153240.0,,153240.0,,,153240.0,153240.0,3911
Gadchiroli,2013,Aheri,930990.0,,930990.0,,,930990.0,930990.0,5107
Gadchiroli,2013,Sironcha,564570.0,,564570.0,,,564570.0,564570.0,7246
Gadchiroli,2014,Desaiganj,2008520.0,700640.0,2709160.0,0.0,0.0,2709160.0,2709160.0,14213
Gadchiroli,2014,Rmori,738700.0,200310.0,939010.0,0.0,0.0,939010.0,939010.0,16671
Gadchiroli,2014,Kurkheda,409830.0,47140.0,456970.0,0.0,0.0,456970.0,456970.0,10541
Gadchiroli,2014,Korachi,167380.0,0.0,167380.0,0.0,0.0,167380.0,167380.0,6553
Gadchiroli,2014,Dhanora,253540.0,0.0,253540.0,0.0,0.0,253540.0,253540.0,12914
Gadchiroli,2014,Gadchiroli,4350810.0,223450.0,4574260.0,0.0,0.0,4574260.0,4574260.0,13351
Gadchiroli,2014,Chomoshi,1746640.0,218900.0,1965540.0,0.0,0.0,1965540.0,1965540.0,31837
Gadchiroli,2014,Mulchera,62760.0,0.0,62760.0,0.0,0.0,62760.0,62760.0,4633
Gadchiroli,2014,Etapalli,151290.0,0.0,151290.0,0.0,0.0,151290.0,151290.0,7933
Gadchiroli,2014,Bhamragad,109150.0,1210.0,110360.0,0.0,0.0,110360.0,110360.0,3943
Gadchiroli,2014,Aheri,646100.0,219770.0,865870.0,0.0,0.0,865870.0,865870.0,12173
Gadchiroli,2014,Sironcha,428470.0,0.0,428470.0,0.0,0.0,428470.0,428470.0,17045
Gadchiroli,2015,Desaiganj,7429000.0,0.0,7429000.0,0.0,0.0,7429000.0,7429000.0,14213
Gadchiroli,2015,Rmori,2756000.0,0.0,2756000.0,0.0,0.0,2756000.0,2756000.0,16671
Gadchiroli,2015,Kurkheda,2781000.0,0.0,2781000.0,0.0,0.0,2781000.0,2781000.0,10541
Gadchiroli,2015,Korachi,2772000.0,0.0,2772000.0,0.0,0.0,2772000.0,2772000.0,6553
Gadchiroli,2015,Dhanora,39221000.0,0.0,39221000.0,0.0,0.0,39221000.0,39221000.0,12914
Gadchiroli,2015,Gadchiroli,5711000.0,0.0,5711000.0,0.0,0.0,5711000.0,5711000.0,13351
Gadchiroli,2015,Chomoshi,8786000.0,0.0,8786000.0,0.0,0.0,8786000.0,8786000.0,31837
Gadchiroli,2015,Mulchera,730000.0,0.0,730000.0,0.0,0.0,730000.0,730000.0,4633
Gadchiroli,2015,Etapalli,41143000.0,0.0,41143000.0,0.0,0.0,41143000.0,41143000.0,7933
Gadchiroli,2015,Bhamragad,117000.0,0.0,117000.0,0.0,0.0,117000.0,117000.0,3943
Gadchiroli,2015,Aheri,2207000.0,0.0,2207000.0,0.0,0.0,2207000.0,2207000.0,12173
Gadchiroli,2015,Sironcha,1502000.0,0.0,1502000.0,0.0,0.0,1502000.0,1502000.0,17045
Gadchiroli,2016,Desaiganj,6864000.0,0.0,6864000.0,0.0,0.0,6864000.0,6864000.0,15405
Gadchiroli,2016,Rmori,18059000.0,0.0,18059000.0,0.0,0.0,18059000.0,18059000.0,16656
Gadchiroli,2016,Kurkheda,9789000.0,0.0,9789000.0,0.0,0.0,9789000.0,9789000.0,9972
Gadchiroli,2016,Korachi,387000.0,0.0,387000.0,0.0,0.0,387000.0,387000.0,6575
Gadchiroli,2016,Dhanora,1050000.0,0.0,1050000.0,0.0,0.0,1050000.0,1050000.0,12022
Gadchiroli,2016,Gadchiroli,14854000.0,0.0,14854000.0,0.0,0.0,14854000.0,14854000.0,18060
Gadchiroli,2016,Chomoshi,9026000.0,0.0,9026000.0,0.0,0.0,9026000.0,9026000.0,32568
Gadchiroli,2016,Mulchera,603000.0,0.0,603000.0,0.0,0.0,603000.0,603000.0,4886
Gadchiroli,2016,Etapalli,349000.0,0.0,349000.0,0.0,0.0,349000.0,349000.0,8084
Gadchiroli,2016,Bhamragad,175000.0,0.0,175000.0,0.0,0.0,175000.0,175000.0,3950
Gadchiroli,2016,Aheri,1884000.0,0.0,1884000.0,0.0,0.0,1884000.0,1884000.0,11740
Gadchiroli,2016,Sironcha,2407000.0,0.0,2407000.0,0.0,0.0,2407000.0,2407000.0,18172
Gadchiroli,2017,Desaiganj,2835000.0,6282000.0,9117000.0,0.0,0.0,9117000.0,32489000.0,15573
Gadchiroli,2017,Rmori,446000.0,0.0,446000.0,0.0,0.0,446000.0,4171000.0,19281
Gadchiroli,2017,Kurkheda,304000.0,63000.0,367000.0,0.0,0.0,367000.0,1475000.0,12912
Gadchiroli,2017,Korachi,115000.0,0.0,115000.0,0.0,0.0,115000.0,562000.0,7847
Gadchiroli,2017,Dhanora,257000.0,0.0,257000.0,0.0,0.0,257000.0,646000.0,12525
Gadchiroli,2017,Gadchiroli,5055000.0,5209000.0,10264000.0,0.0,0.0,10264000.0,15970000.0,25567
Gadchiroli,2017,Chomoshi,5181000.0,3389000.0,8570000.0,0.0,0.0,8570000.0,8167000.0,38241
Gadchiroli,2017,Mulchera,550000.0,0.0,550000.0,0.0,0.0,550000.0,1720000.0,21687
Gadchiroli,2017,Etapalli,193000.0,0.0,193000.0,0.0,0.0,193000.0,1091000.0,8084
Gadchiroli,2017,Bhamragad,75000.0,0.0,75000.0,0.0,0.0,75000.0,289000.0,4129
Gadchiroli,2017,Aheri,693000.0,193000.0,886000.0,0.0,0.0,886000.0,4678000.0,12539
Gadchiroli,2017,Sironcha,438000.0,0.0,438000.0,0.0,0.0,438000.0,3615000.0,17152
Gadchiroli,2018,Desaiganj,3068000.0,6267000.0,9335000.0,0.0,0.0,9335000.0,23311000.0,16197
Gadchiroli,2018,Rmori,503000.0,0.0,503000.0,0.0,0.0,503000.0,1749000.0,19770
Gadchiroli,2018,Kurkheda,275000.0,66000.0,341000.0,0.0,0.0,341000.0,17155000.0,13011
Gadchiroli,2018,Korachi,115000.0,0.0,115000.0,0.0,0.0,115000.0,457000.0,7689
Gadchiroli,2018,Dhanora,260000.0,0.0,260000.0,0.0,0.0,260000.0,993000.0,12525
Gadchiroli,2018,Gadchiroli,5245000.0,5396000.0,10641000.0,0.0,0.0,10641000.0,8900000.0,27552
Gadchiroli,2018,Chomoshi,1886000.0,4536000.0,6422000.0,0.0,0.0,6422000.0,16759000.0,31655
Gadchiroli,2018,Mulchera,177000.0,0.0,177000.0,0.0,0.0,177000.0,27191000.0,9952
Gadchiroli,2018,Etapalli,63000.0,630000.0,693000.0,0.0,0.0,693000.0,1412000.0,4756
Gadchiroli,2018,Bhamragad,52000.0,0.0,52000.0,0.0,0.0,52000.0,201000.0,3752
Gadchiroli,2018,Aheri,693000.0,186000.0,879000.0,0.0,0.0,879000.0,1879000.0,12539
Gadchiroli,2018,Sironcha,438000.0,0.0,438000.0,0.0,0.0,438000.0,3458000.0,18836
Gadchiroli,2019,Desaiganj,3129000.0,5962000.0,9091000.0,0.0,0.0,9091000.0,4457000.0,16197
Gadchiroli,2019,Rmori,507000.0,30000.0,537000.0,0.0,0.0,537000.0,3095000.0,19437
Gadchiroli,2019,Kurkheda,274000.0,119000.0,393000.0,0.0,0.0,393000.0,1697000.0,13049
Gadchiroli,2019,Korachi,116000.0,0.0,116000.0,0.0,0.0,116000.0,1686000.0,7354
Gadchiroli,2019,Dhanora,260000.0,0.0,260000.0,0.0,0.0,260000.0,478000.0,12525
Gadchiroli,2019,Gadchiroli,5810000.0,4703000.0,10513000.0,0.0,0.0,10513000.0,15906000.0,27554
Gadchiroli,2019,Chomoshi,1912000.0,2740000.0,4652000.0,0.0,0.0,4652000.0,9695000.0,31655
Gadchiroli,2019,Mulchera,63000.0,382000.0,445000.0,0.0,0.0,445000.0,1633000.0,4756
Gadchiroli,2019,Etapalli,181000.0,0.0,181000.0,0.0,0.0,181000.0,2175000.0,8021
Gadchiroli,2019,Bhamragad,84000.0,0.0,84000.0,0.0,0.0,84000.0,87000.0,3752
Gadchiroli,2019,Aheri,696000.0,278000.0,974000.0,0.0,0.0,974000.0,2606000.0,14667
Gadchiroli,2019,Sironcha,434000.0,0.0,434000.0,0.0,0.0,434000.0,10740000.0,18560
Gadchiroli,2020,Desaiganj,3840000.0,8407000.0,12247000.0,0.0,0.0,12247000.0,19281000.0,16363
Gadchiroli,2020,Rmori,515000.0,95000.0,610000.0,0.0,0.0,610000.0,5185000.0,25197
Gadchiroli,2020,Kurkheda,286000.0,127000.0,413000.0,0.0,0.0,413000.0,4706000.0,13049
Gadchiroli,2020,Korachi,116000.0,18000.0,134000.0,0.0,0.0,134000.0,770000.0,7951
Gadchiroli,2020,Dhanora,260000.0,0.0,260000.0,0.0,0.0,260000.0,1624000.0,10388
Gadchiroli,2020,Gadchiroli,6222000.0,3257000.0,9479000.0,0.0,0.0,9479000.0,14693000.0,28307
Gadchiroli,2020,Chomoshi,2273000.0,2883000.0,5156000.0,0.0,0.0,5156000.0,9191000.0,30377
Gadchiroli,2020,Mulchera,103000.0,236000.0,339000.0,0.0,0.0,339000.0,1586000.0,4730
Gadchiroli,2020,Etapalli,185000.0,0.0,185000.0,0.0,0.0,185000.0,1680000.0,8021
Gadchiroli,2020,Bhamragad,51000.0,0.0,51000.0,0.0,0.0,51000.0,111000.0,3752
Gadchiroli,2020,Aheri,1415000.0,322000.0,1737000.0,0.0,0.0,1737000.0,3995000.0,11260
Gadchiroli,2020,Sironcha,434000.0,0.0,434000.0,0.0,0.0,434000.0,2625000.0,19663
Gadchiroli,2021,Desaiganj,3988000.0,8875000.0,12863000.0,0.0,0.0,12863000.0,16566000.0,17257
Gadchiroli,2021,Rmori,599000.0,21000.0,620000.0,0.0,0.0,620000.0,11132000.0,25197
Gadchiroli,2021,Kurkheda,285000.0,35000.0,320000.0,0.0,0.0,320000.0,26549000.0,13547
Gadchiroli,2021,Korachi,99000.0,0.0,98000.0,0.0,0.0,98000.0,6375000.0,6694
Gadchiroli,2021,Dhanora,260000.0,0.0,260000.0,0.0,0.0,260000.0,7672000.0,10712
Gadchiroli,2021,Gadchiroli,7600000.0,3994000.0,11594000.0,0.0,0.0,11594000.0,22809000.0,29559
Gadchiroli,2021,Chomoshi,3331000.0,1022000.0,4353000.0,0.0,0.0,4353000.0,11395000.0,34623
Gadchiroli,2021,Mulchera,64000.0,180000.0,245000.0,0.0,0.0,245000.0,2128000.0,4777
Gadchiroli,2021,Etapalli,185000.0,0.0,186000.0,0.0,0.0,186000.0,4951000.0,8110
Gadchiroli,2021,Bhamragad,51000.0,0.0,51000.0,0.0,0.0,51000.0,323000.0,3972
Gadchiroli,2021,Aheri,720000.0,316000.0,1037000.0,0.0,0.0,1037000.0,6144000.0,11690
Gadchiroli,2021,Sironcha,438000.0,2543000.0,2980000.0,0.0,0.0,2980000.0,2678000.0,19083
Gondia,2012,Tiroda,2175000.0,428000.0,2603000.0,0.0,0.0,2603000.0,7541000.0,7305
Gondia,2012,Goregaon,1339000.0,22000.0,1361000.0,0.0,0.0,1361000.0,1466000.0,3971
Gondia,2012,Gondia,3934000.0,1948000.0,5882000.0,0.0,0.0,5882000.0,5809000.0,10602
Gondia,2012,Aamgaon,1500000.0,938000.0,2438000.0,0.0,0.0,2438000.0,2105000.0,3239
Gondia,2012,Salekasa,591000.0,17000.0,608000.0,0.0,0.0,608000.0,516000.0,1060
Gondia,2012,Sadak Arjuni,982000.0,135000.0,1117000.0,0.0,0.0,1117000.0,963000.0,2224
Gondia,2012,Arjuni Morgaon,673000.0,281000.0,954000.0,0.0,0.0,954000.0,871000.0,4080
Gondia,2012,Devari,1830000.0,53000.0,1883000.0,0.0,0.0,1883000.0,829000.0,1249
Gondia,2013,Tiroda,2619000.0,430000.0,3049000.0,0.0,0.0,3049000.0,3607000.0,7305
Gondia,2013,Goregaon,1090000.0,98000.0,1188000.0,0.0,0.0,1188000.0,923000.0,3971
Gondia,2013,Gondia,3927000.0,442000.0,4369000.0,0.0,0.0,4369000.0,4169000.0,10602
Gondia,2013,Aamgaon,1302000.0,306000.0,1608000.0,0.0,0.0,1608000.0,931000.0,3239
Gondia,2013,Salekasa,754000.0,5000.0,759000.0,0.0,0.0,759000.0,477000.0,1060
Gondia,2013,Sadak Arjuni,680000.0,579000.0,1259000.0,0.0,0.0,1259000.0,693000.0,2224
Gondia,2013,Arjuni Morgaon,799000.0,171000.0,970000.0,0.0,0.0,970000.0,725000.0,4080
Gondia,2013,Devari,629000.0,0.0,629000.0,0.0,0.0,629000.0,534000.0,1249
Gondia,2014,Tiroda,3607000.0,,3411000.0,0.0,0.0,3411000.0,3340000.0,7305
Gondia,2014,Goregaon,923000.0,208000.0,1131000.0,0.0,0.0,1131000.0,1193000.0,3971
Gondia,2014,Gondia,4169000.0,1367000.0,5536000.0,0.0,0.0,5536000.0,7762000.0,10602
Gondia,2014,Aamgaon,931000.0,879000.0,1810000.0,0.0,0.0,1810000.0,1065000.0,3239
Gondia,2014,Salekasa,477000.0,275000.0,752000.0,0.0,0.0,752000.0,487000.0,1060
Gondia,2014,Sadak Arjuni,693000.0,596000.0,1289000.0,0.0,0.0,1289000.0,662000.0,2224
Gondia,2014,Arjuni Morgaon,725000.0,326000.0,1051000.0,0.0,0.0,1051000.0,797000.0,4080
Gondia,2014,Devari,534000.0,358000.0,892000.0,0.0,0.0,892000.0,486000.0,1249
Gondia,2015,Tiroda,2886000.0,0.0,2886000.0,0.0,0.0,2886000.0,6492000.0,7305
Gondia,2015,Goregaon,944000.0,16000.0,960000.0,0.0,0.0,960000.0,1884000.0,3971
Gondia,2015,Gondia,13037000.0,0.0,13037000.0,0.0,0.0,13037000.0,24973000.0,10602
Gondia,2015,Aamgaon,1355000.0,967000.0,2322000.0,0.0,0.0,2322000.0,1795000.0,3239
Gondia,2015,Salekasa,752000.0,547000.0,1299000.0,0.0,0.0,1299000.0,1013000.0,1060
Gondia,2015,Sadak Arjuni,710000.0,614000.0,1324000.0,0.0,0.0,1324000.0,2170000.0,2224
Gondia,2015,Arjuni Morgaon,946000.0,293000.0,1239000.0,0.0,0.0,1239000.0,1230000.0,4080
Gondia,2015,Devari,1063000.0,501000.0,1564000.0,0.0,0.0,1564000.0,1021000.0,1249
Gondia,2016,Tiroda,3552000.0,0.0,3552000.0,0.0,0.0,3552000.0,7471000.0,95795
Gondia,2016,Goregaon,1234000.0,0.0,1234000.0,0.0,0.0,1234000.0,2271000.0,8115
Gondia,2016,Gondia,14667000.0,0.0,14667000.0,0.0,0.0,14667000.0,26499000.0,10602
Gondia,2016,Aamgaon,2360000.0,661000.0,3021000.0,0.0,0.0,3021000.0,3186000.0,12181
Gondia,2016,Salekasa,449000.0,276000.0,725000.0,0.0,0.0,725000.0,1205000.0,1930
Gondia,2016,Sadak Arjuni,2240000.0,0.0,2240000.0,0.0,0.0,2240000.0,2312000.0,7266
Gondia,2016,Arjuni Morgaon,862000.0,9000.0,871000.0,0.0,0.0,871000.0,2490000.0,592
Gondia,2016,Devari,34000.0,543000.0,577000.0,0.0,0.0,577000.0,0.0,648
Gondia,2017,Tiroda,3169000.0,0.0,3169000.0,57000.0,0.0,3112000.0,29506000.0,18241
Gondia,2017,Goregaon,1437000.0,0.0,1437000.0,33000.0,0.0,1404000.0,4469000.0,7942
Gondia,2017,Gondia,6733000.0,0.0,6733000.0,0.0,0.0,6733000.0,7083000.0,64995
Gondia,2017,Aamgaon,4508000.0,0.0,4508000.0,0.0,0.0,4508000.0,4656000.0,11636
Gondia,2017,Salekasa,1576000.0,0.0,1576000.0,0.0,0.0,1576000.0,1810000.0,6360
Gondia,2017,Sadak Arjuni,2702000.0,0.0,2702000.0,0.0,0.0,2702000.0,4731000.0,7091
Gondia,2017,Arjuni Morgaon,907000.0,0.0,907000.0,0.0,0.0,907000.0,5904000.0,6728
Gondia,2017,Devari,2759000.0,0.0,2759000.0,0.0,0.0,2759000.0,2759000.0,4019
Gondia,2018,Tiroda,3224000.0,1064000.0,4288000.0,0.0,0.0,4288000.0,4889000.0,17341
Gondia,2018,Goregaon,2432000.0,49000.0,2481000.0,0.0,0.0,2481000.0,3076000.0,8363
Gondia,2018,Gondia,19590000.0,29281000.0,48871000.0,0.0,0.0,48871000.0,32693000.0,70079
Gondia,2018,Aamgaon,1246000.0,33000.0,1279000.0,0.0,0.0,1279000.0,6525000.0,11154
Gondia,2018,Salekasa,1711000.0,56000.0,1767000.0,0.0,0.0,1767000.0,1378000.0,5904
Gondia,2018,Sadak Arjuni,4531000.0,0.0,4531000.0,0.0,0.0,4531000.0,2525000.0,6891
Gondia,2018,Arjuni Morgaon,904000.0,325000.0,1229000.0,0.0,0.0,1229000.0,4358000.0,6803
Gondia,2018,Devari,2156000.0,6000.0,2162000.0,0.0,0.0,2162000.0,2156000.0,4029
Gondia,2019,Tiroda,5433000.0,3100000.0,8533000.0,0.0,0.0,8533000.0,8369000.0,18787
Gondia,2019,Goregaon,1986000.0,78000.0,2064000.0,0.0,0.0,2064000.0,2375000.0,8074
Gondia,2019,Gondia,18985000.0,25488000.0,44473000.0,0.0,0.0,44473000.0,26468000.0,60786
Gondia,2019,Aamgaon,1262000.0,13000.0,1275000.0,0.0,0.0,1275000.0,4489000.0,10702
Gondia,2019,Salekasa,1880000.0,0.0,1880000.0,0.0,0.0,1880000.0,1313000.0,6328
Gondia,2019,Sadak Arjuni,4978000.0,0.0,4978000.0,0.0,0.0,4978000.0,3142000.0,12834
Gondia,2019,Arjuni Morgaon,894000.0,355000.0,1249000.0,0.0,0.0,1249000.0,2764000.0,6860
Gondia,2019,Devari,1732000.0,42000.0,1774000.0,0.0,0.0,1774000.0,1732000.0,4161
Gondia,2020,Tiroda,5021000.0,2120000.0,7141000.0,0.0,0.0,7141000.0,14403000.0,17850
Gondia,2020,Goregaon,4281000.0,74000.0,4355000.0,0.0,0.0,4355000.0,4313000.0,8093
Gondia,2020,Gondia,19300000.0,28480000.0,47780000.0,0.0,0.0,47780000.0,38092000.0,101039
Gondia,2020,Aamgaon,1265000.0,105000.0,1370000.0,0.0,0.0,1370000.0,6280000.0,11945
Gondia,2020,Salekasa,2155000.0,56000.0,2211000.0,0.0,0.0,2211000.0,2835000.0,5904
Gondia,2020,Sadak Arjuni,5705000.0,0.0,5705000.0,0.0,0.0,5705000.0,5329000.0,12834
Gondia,2020,Arjuni Morgaon,894000.0,452000.0,1346000.0,0.0,0.0,1346000.0,7567000.0,6586
Gondia,2020,Devari,3211000.0,0.0,3211000.0,0.0,0.0,3211000.0,3211000.0,4184
Gondia,2021,Tiroda,3397000.0,595000.0,3992000.0,0.0,0.0,3992000.0,24901000.0,18463
Gondia,2021,Goregaon,2417000.0,50000.0,2467000.0,0.0,0.0,2467000.0,5278000.0,7914
Gondia,2021,Gondia,22527000.0,20317000.0,42844000.0,0.0,0.0,42844000.0,72600000.0,101280
Gondia,2021,Aamgaon,1296000.0,19000.0,1315000.0,0.0,0.0,1315000.0,7400000.0,11941
Gondia,2021,Salekasa,2155000.0,0.0,2155000.0,0.0,0.0,2155000.0,7119000.0,8694
Gondia,2021,Sadak Arjuni,108000.0,0.0,108000.0,0.0,0.0,108000.0,6297000.0,19116
Gondia,2021,Arjuni Morgaon,935000.0,528000.0,1463000.0,0.0,0.0,1463000.0,7693000.0,6424
Gondia,2021,Devari,3166000.0,0.0,3166000.0,0.0,0.0,3166000.0,4780000.0,20488
Hingoli,2012,Sengaon,503000.0,0.0,503000.0,0.0,0.0,503000.0,2503000.0,54476
Hingoli,2012,Hingoli,6095000.0,0.0,6086000.0,0.0,0.0,6086000.0,11511000.0,55732
Hingoli,2012,Aundha Na,1159000.0,0.0,1159000.0,0.0,0.0,1159000.0,4220000.0,43990
Hingoli,2012,Kalamanuri,989000.0,0.0,989000.0,0.0,0.0,989000.0,4695000.0,53120
Hingoli,2012,Vasamat,9180000.0,2387000.0,11567000.0,0.0,0.0,11567000.0,11567000.0,50478
Hingoli,2013,Sengaon,0.0,0.0,0.0,0.0,0.0,0.0,0.0,
Hingoli,2013,Hingoli,0.0,0.0,0.0,0.0,0.0,0.0,0.0,
Hingoli,2013,Aundha Na,0.0,0.0,0.0,0.0,0.0,0.0,0.0,
Hingoli,2013,Kalamanuri,0.0,0.0,0.0,0.0,0.0,0.0,0.0,
Hingoli,2013,Vasamat,0.0,0.0,0.0,0.0,0.0,0.0,0.0,
Hingoli,2014,Sengaon,18600000.0,0.0,18600000.0,0.0,0.0,18600000.0,20339000.0,
Hingoli,2014,Hingoli,35800000.0,0.0,35800000.0,0.0,0.0,35800000.0,53401000.0,
Hingoli,2014,Aundha Na,18600000.0,0.0,18600000.0,0.0,0.0,18600000.0,7654000.0,
Hingoli,2014,Kalamanuri,23800000.0,0.0,23800000.0,0.0,0.0,23800000.0,18707000.0,
Hingoli,2014,Vasamat,34800000.0,0.0,34800000.0,0.0,0.0,34800000.0,21210000.0,
Hingoli,2015,Sengaon,5000000.0,0.0,5000000.0,0.0,0.0,5000000.0,4999000.0,44505
Hingoli,2015,Hingoli,16500000.0,0.0,16500000.0,0.0,0.0,16500000.0,6738000.0,41840
Hingoli,2015,Aundha Na,5000000.0,0.0,5000000.0,0.0,0.0,5000000.0,2786000.0,39853
Hingoli,2015,Kalamanuri,7000000.0,0.0,7000000.0,0.0,0.0,7000000.0,8185000.0,42647
Hingoli,2015,Vasamat,16500000.0,0.0,16500000.0,0.0,0.0,16500000.0,14677000.0,44258
Hingoli,2016,Sengaon,0.0,0.0,0.0,0.0,0.0,0.0,0.0,
Hingoli,2016,Hingoli,0.0,0.0,0.0,0.0,0.0,0.0,0.0,
Hingoli,2016,Aundha Na,0.0,0.0,0.0,0.0,0.0,0.0,0.0,
Hingoli,2016,Kalamanuri,0.0,0.0,0.0,0.0,0.0,0.0,0.0,
Hingoli,2016,Vasamat,0.0,0.0,0.0,0.0,0.0,0.0,0.0,
Hingoli,2017,Sengaon,5700000.0,0.0,5700000.0,0.0,0.0,5700000.0,2858000.0,44505
Hingoli,2017,Hingoli,18516000.0,0.0,18516000.0,0.0,0.0,18516000.0,33757000.0,41840
Hingoli,2017,Aundha Na,5700000.0,0.0,5700000.0,0.0,0.0,5700000.0,4280000.0,39453
Hingoli,2017,Kalamanuri,7500000.0,0.0,7500000.0,0.0,0.0,7500000.0,3279000.0,42647
Hingoli,2017,Vasamat,18400000.0,0.0,18400000.0,0.0,0.0,18400000.0,24156000.0,44258
Hingoli,2018,Sengaon,5700000.0,0.0,5700000.0,0.0,0.0,5700000.0,4044000.0,44505
Hingoli,2018,Hingoli,18817000.0,0.0,18817000.0,0.0,0.0,18817000.0,17580000.0,41840
Hingoli,2018,Aundha Na,5700000.0,0.0,5700000.0,0.0,0.0,5700000.0,4547000.0,39453
Hingoli,2018,Kalamanuri,7500000.0,0.0,7500000.0,0.0,0.0,7500000.0,17554000.0,42647
Hingoli,2018,Vasamat,18400000.0,0.0,18400000.0,0.0,0.0,18400000.0,9011000.0,44258
Hingoli,2019,Sengaon,6717000.0,0.0,6717000.0,0.0,0.0,6717000.0,4820000.0,44505
Hingoli,2019,Hingoli,22170000.0,0.0,22170000.0,0.0,0.0,22170000.0,20944000.0,41840
Hingoli,2019,Aundha Na,6717000.0,0.0,6717000.0,0.0,0.0,6717000.0,5418000.0,39453
Hingoli,2019,Kalamanuri,8833000.0,0.0,8833000.0,0.0,0.0,8833000.0,20917000.0,42647
Hingoli,2019,Vasamat,21680000.0,0.0,21680000.0,0.0,0.0,21680000.0,10738000.0,44258
Hingoli,2020,Sengaon,7000000.0,0.0,7000000.0,0.0,0.0,7000000.0,3533000.0,44505
Hingoli,2020,Hingoli,25000000.0,0.0,25000000.0,0.0,0.0,25000000.0,36519000.0,41840
Hingoli,2020,Aundha Na,8000000.0,0.0,8000000.0,0.0,0.0,8000000.0,4665000.0,39453
Hingoli,2020,Kalamanuri,15000000.0,0.0,15000000.0,0.0,0.0,15000000.0,19429000.0,42647
Hingoli,2020,Vasamat,21137000.0,0.0,21137000.0,0.0,0.0,21137000.0,12304000.0,44258
Hingoli,2021,Sengaon,7000000.0,0.0,7000000.0,0.0,0.0,7000000.0,4934000.0,44505
Hingoli,2021,Hingoli,25000000.0,0.0,25000000.0,0.0,0.0,25000000.0,25437000.0,41840
Hingoli,2021,Aundha Na,8000000.0,0.0,8000000.0,0.0,0.0,8000000.0,4880000.0,39453
Hingoli,2021,Kalamanuri,15000000.0,0.0,15000000.0,0.0,0.0,15000000.0,14467000.0,42647
Hingoli,2021,Vasamat,21137000.0,0.0,21137000.0,0.0,0.0,21137000.0,16301000.0,44258
Jalna,2013,Bhokardan,9238000.0,0.0,9238000.0,0.0,0.0,9238000.0,8617000.0,163048
Jalna,2013,Jaffrabad,4787000.0,36000.0,4823000.0,0.0,0.0,4823000.0,5887000.0,102938
Jalna,2013,Jalna,42868000.0,0.0,42868000.0,0.0,0.0,42868000.0,22531000.0,127036
Jalna,2013,Badnapur,4835000.0,104000.0,4939000.0,0.0,0.0,4939000.0,7490000.0,85469
Jalna,2013,Ambad,9797000.0,0.0,9797000.0,0.0,0.0,9797000.0,6048000.0,111644
Jalna,2013,Ghansawangi,5323000.0,0.0,5323000.0,0.0,0.0,5323000.0,3397000.0,100582
Jalna,2013,Partur,7153000.0,0.0,7153000.0,0.0,0.0,7153000.0,4718000.0,66726
Jalna,2013,Mantha,5859000.0,0.0,5859000.0,0.0,0.0,5859000.0,5913000.0,81172
Jalna,2014,Bhokardan,800000.0,0.0,800000.0,0.0,0.0,800000.0,734500.0,163048
Jalna,2014,Jaffrabad,400000.0,0.0,400000.0,0.0,0.0,400000.0,288400.0,102938
Jalna,2014,Jalna,3840000.0,0.0,3840000.0,0.0,0.0,3840000.0,3762500.0,127036
Jalna,2014,Badnapur,400000.0,0.0,400000.0,0.0,0.0,400000.0,337400.0,85469
Jalna,2014,Ambad,880000.0,0.0,880000.0,0.0,0.0,880000.0,562900.0,111644
Jalna,2014,Ghansawangi,480000.0,0.0,480000.0,0.0,0.0,480000.0,1697100.0,100582
Jalna,2014,Partur,640000.0,0.0,640000.0,0.0,0.0,640000.0,219800.0,66726
Jalna,2014,Mantha,560000.0,0.0,560000.0,0.0,0.0,560000.0,291800.0,81172
Jalna,2015,Bhokardan,1087500.0,65500.0,1153000.0,0.0,0.0,1153000.0,1333200.0,163048
Jalna,2015,Jaffrabad,269500.0,111600.0,381100.0,0.0,0.0,381100.0,249800.0,102938
Jalna,2015,Jalna,5032000.0,77500.0,5109500.0,0.0,0.0,5109500.0,4408800.0,127036
Jalna,2015,Badnapur,486700.0,62600.0,549300.0,0.0,0.0,549300.0,289200.0,85469
Jalna,2015,Ambad,1152900.0,317100.0,1470000.0,0.0,0.0,1470000.0,2064700.0,111644
Jalna,2015,Ghansawangi,768300.0,0.0,768300.0,0.0,0.0,768300.0,500500.0,100582
Jalna,2015,Partur,766300.0,420200.0,1186500.0,0.0,0.0,1186500.0,248200.0,66726
Jalna,2015,Mantha,406800.0,268200.0,675000.0,0.0,0.0,675000.0,121200.0,81172
Jalna,2016,Bhokardan,0.0,0.0,0.0,0.0,0.0,0.0,0.0,
Jalna,2016,Jaffrabad,0.0,0.0,0.0,0.0,0.0,0.0,0.0,
Jalna,2016,Jalna,0.0,0.0,0.0,0.0,0.0,0.0,0.0,
Jalna,2016,Badnapur,0.0,0.0,0.0,0.0,0.0,0.0,0.0,
Jalna,2016,Ambad,0.0,0.0,0.0,0.0,0.0,0.0,0.0,
Jalna,2016,Ghansawangi,0.0,0.0,0.0,0.0,0.0,0.0,0.0,
Jalna,2016,Partur,0.0,0.0,0.0,0.0,0.0,0.0,0.0,
Jalna,2016,Mantha,0.0,0.0,0.0,0.0,0.0,0.0,0.0,
Jalna,2017,Bhokardan,12139000.0,0.0,12139000.0,0.0,0.0,12139000.0,60956000.0,163048
Jalna,2017,Jaffrabad,3009000.0,0.0,3009000.0,0.0,0.0,3009000.0,3444000.0,102938
Jalna,2017,Jalna,56170000.0,0.0,56170000.0,0.0,0.0,56170000.0,3361000.0,127036
Jalna,2017,Badnapur,5433000.0,0.0,5433000.0,0.0,0.0,5433000.0,2938000.0,85469
Jalna,2017,Ambad,12869000.0,0.0,12869000.0,0.0,0.0,12869000.0,4994000.0,111644
Jalna,2017,Ghansawangi,8576000.0,0.0,8576000.0,0.0,0.0,8576000.0,2408000.0,100582
Jalna,2017,Partur,8554000.0,0.0,8554000.0,0.0,0.0,8554000.0,27607000.0,66726
Jalna,2017,Mantha,4541000.0,0.0,4541000.0,0.0,0.0,4541000.0,3949000.0,81172
Jalna,2018,Bhokardan,0.0,0.0,0.0,0.0,0.0,0.0,0.0,
Jalna,2018,Jaffrabad,0.0,0.0,0.0,0.0,0.0,0.0,0.0,
Jalna,2018,Jalna,0.0,0.0,0.0,0.0,0.0,0.0,0.0,
Jalna,2018,Badnapur,0.0,0.0,0.0,0.0,0.0,0.0,0.0,
Jalna,2018,Ambad,0.0,0.0,0.0,0.0,0.0,0.0,0.0,
Jalna,2018,Ghansawangi,0.0,0.0,0.0,0.0,0.0,0.0,0.0,
Jalna,2018,Partur,0.0,0.0,0.0,0.0,0.0,0.0,0.0,
Jalna,2018,Mantha,0.0,0.0,0.0,0.0,0.0,0.0,0.0,
Jalna,2019,Bhokardan,13306000.0,0.0,13306000.0,0.0,0.0,13306000.0,2619000.0,163048
Jalna,2019,Jaffrabad,3298000.0,0.0,3298000.0,0.0,0.0,3298000.0,825000.0,102938
Jalna,2019,Jalna,61569000.0,0.0,61569000.0,0.0,0.0,61569000.0,44235000.0,127036
Jalna,2019,Badnapur,5955000.0,0.0,5955000.0,0.0,0.0,5955000.0,2454000.0,85469
Jalna,2019,Ambad,14105000.0,0.0,14105000.0,0.0,0.0,14105000.0,31420000.0,111644
Jalna,2019,Ghansawangi,9401000.0,0.0,9401000.0,0.0,0.0,9401000.0,3076000.0,100582
Jalna,2019,Partur,9376000.0,0.0,9376000.0,0.0,0.0,9376000.0,9506000.0,66726
Jalna,2019,Mantha,4977000.0,0.0,4977000.0,0.0,0.0,4977000.0,1207000.0,81172
Jalna,2020,Bhokardan,15323000.0,0.0,15323000.0,0.0,0.0,15323000.0,8320000.0,163048
Jalna,2020,Jaffrabad,3798000.0,0.0,3798000.0,0.0,0.0,3798000.0,2765000.0,102938
Jalna,2020,Jalna,70900000.0,0.0,70900000.0,0.0,0.0,70900000.0,128594000.0,127036
Jalna,2020,Badnapur,6856000.0,0.0,6856000.0,0.0,0.0,6856000.0,5390000.0,85469
Jalna,2020,Ambad,16243000.0,0.0,16243000.0,0.0,0.0,16243000.0,12170000.0,111644
Jalna,2020,Ghansawangi,10826000.0,0.0,10826000.0,0.0,0.0,10826000.0,7252000.0,100582
Jalna,2020,Partur,10797000.0,0.0,10797000.0,0.0,0.0,10797000.0,9079000.0,66726
Jalna,2020,Mantha,5731000.0,0.0,5731000.0,0.0,0.0,5731000.0,3303000.0,81172
Jalna,2021,Bhokardan,15323000.0,0.0,15323000.0,0.0,0.0,15323000.0,25132000.0,163048
Jalna,2021,Jaffrabad,3798000.0,0.0,3798000.0,0.0,0.0,3798000.0,3525000.0,102938
Jalna,2021,Jalna,70900000.0,0.0,70900000.0,0.0,0.0,70900000.0,52158000.0,127036
Jalna,2021,Badnapur,6856000.0,0.0,6856000.0,0.0,0.0,6856000.0,6183000.0,85469
Jalna,2021,Ambad,16243000.0,0.0,16243000.0,0.0,0.0,16243000.0,11596000.0,111644
Jalna,2021,Ghansawangi,10826000.0,0.0,10826000.0,0.0,0.0,10826000.0,7865000.0,100582
Jalna,2021,Partur,10797000.0,0.0,10797000.0,0.0,0.0,10797000.0,6094000.0,66726
Jalna,2021,Mantha,5731000.0,0.0,5731000.0,0.0,0.0,5731000.0,2005000.0,81172
Kolhapur,2012,Shahuwadi,2950000.0,350000.0,3300000.0,0.0,0.0,3300000.0,3231000.0,54268
Kolhapur,2012,Panhala,6255000.0,2903000.0,9158000.0,0.0,0.0,9158000.0,8198000.0,85793
Kolhapur,2012,Hatkanangale,30445000.0,12040000.0,42485000.0,0.0,0.0,42485000.0,54448000.0,85716
Kolhapur,2012,Shirol,13448000.0,5568000.0,19016000.0,0.0,0.0,19016000.0,19512000.0,71060
Kolhapur,2012,Karveer,30173000.0,59491000.0,89664000.0,0.0,0.0,89664000.0,110250000.0,197819
Kolhapur,2012,Gaganbavada,836000.0,5000.0,841000.0,0.0,0.0,841000.0,1183000.0,12294
Kolhapur,2012,Radhanagari,3653000.0,0.0,3653000.0,0.0,0.0,3653000.0,3817000.0,66120
Kolhapur,2012,Kagal,7141000.0,100000.0,7241000.0,0.0,0.0,7241000.0,8657000.0,89759
Kolhapur,2012,Bhudargad,3046000.0,0.0,3046000.0,0.0,0.0,3046000.0,3181000.0,56973
Kolhapur,2012,Ajara,3023000.0,88000.0,3111000.0,0.0,0.0,3111000.0,3357000.0,41016
Kolhapur,2012,Gadhinglaj,6553000.0,0.0,6553000.0,0.0,0.0,6553000.0,6922000.0,71011
Kolhapur,2012,Chandgad,4801000.0,469000.0,5270000.0,0.0,0.0,5270000.0,5357000.0,58511
Kolhapur,2013,Shahuwadi,3136000.0,405000.0,3541000.0,0.0,0.0,3541000.0,3243000.0,54268
Kolhapur,2013,Panhala,6275000.0,3398000.0,9673000.0,0.0,0.0,9673000.0,6832000.0,86793
Kolhapur,2013,Hatkanangale,22501000.0,12492000.0,34993000.0,0.0,0.0,34993000.0,39123000.0,86793
Kolhapur,2013,Shirol,13525000.0,4478000.0,18003000.0,0.0,0.0,18003000.0,21282000.0,72846
Kolhapur,2013,Karveer,32493000.0,48243000.0,80736000.0,0.0,0.0,80736000.0,83749000.0,197919
Kolhapur,2013,Gaganbavada,932000.0,4000.0,936000.0,0.0,0.0,936000.0,975000.0,12126
Kolhapur,2013,Radhanagari,4208000.0,0.0,4208000.0,0.0,0.0,4208000.0,4186000.0,67846
Kolhapur,2013,Kagal,7176000.0,88000.0,7264000.0,0.0,0.0,7264000.0,8137000.0,89759
Kolhapur,2013,Bhudargad,3270000.0,0.0,3270000.0,0.0,0.0,3270000.0,3404000.0,56683
Kolhapur,2013,Ajara,3073000.0,64000.0,3137000.0,0.0,0.0,3137000.0,3788000.0,45233
Kolhapur,2013,Gadhinglaj,6521000.0,0.0,6521000.0,0.0,0.0,6521000.0,6451000.0,71911
Kolhapur,2013,Chandgad,4963000.0,791000.0,5754000.0,0.0,0.0,5754000.0,4688000.0,67886
Kolhapur,2014,Shahuwadi,3209000.0,581000.0,3790000.0,0.0,0.0,3790000.0,3448000.0,54268
Kolhapur,2014,Panhala,8137000.0,2577000.0,10714000.0,0.0,0.0,10714000.0,11826000.0,87554
Kolhapur,2014,Hatkanangale,26692000.0,11696000.0,38388000.0,0.0,0.0,38388000.0,33593000.0,88304
Kolhapur,2014,Shirol,13742000.0,3646000.0,17388000.0,0.0,0.0,17388000.0,14743000.0,73574
Kolhapur,2014,Karveer,46566000.0,48021000.0,94587000.0,0.0,0.0,94587000.0,102233000.0,197919
Kolhapur,2014,Gaganbavada,896000.0,4000.0,900000.0,0.0,0.0,900000.0,942000.0,12126
Kolhapur,2014,Radhanagari,3975000.0,0.0,3975000.0,0.0,0.0,3975000.0,3987000.0,66120
Kolhapur,2014,Kagal,7115000.0,167000.0,7282000.0,0.0,0.0,7282000.0,8831000.0,54741
Kolhapur,2014,Bhudargad,3047000.0,0.0,3047000.0,0.0,0.0,3047000.0,3143000.0,58926
Kolhapur,2014,Ajara,3164000.0,0.0,3164000.0,0.0,0.0,3164000.0,3753000.0,42240
Kolhapur,2014,Gadhinglaj,6593000.0,0.0,6593000.0,0.0,0.0,6593000.0,7360000.0,70435
Kolhapur,2014,Chandgad,5119000.0,1350000.0,6469000.0,0.0,0.0,6469000.0,5275000.0,67886
Kolhapur,2015,Shahuwadi,3659000.0,503000.0,4162000.0,0.0,0.0,4162000.0,4777000.0,54268
Kolhapur,2015,Panhala,6209000.0,5241000.0,11450000.0,0.0,0.0,11450000.0,8629000.0,187483
Kolhapur,2015,Hatkanangale,52004000.0,9638000.0,61642000.0,0.0,0.0,61642000.0,75789000.0,90912
Kolhapur,2015,Shirol,12706000.0,17630000.0,30336000.0,0.0,0.0,30336000.0,28963000.0,78816
Kolhapur,2015,Karveer,59302000.0,115549000.0,174851000.0,0.0,0.0,174851000.0,174770000.0,198112
Kolhapur,2015,Gaganbavada,957000.0,15000.0,972000.0,0.0,0.0,972000.0,1460000.0,12230
Kolhapur,2015,Radhanagari,5089000.0,0.0,5089000.0,0.0,0.0,5089000.0,5209000.0,66120
Kolhapur,2015,Kagal,7575000.0,221000.0,7796000.0,0.0,0.0,7796000.0,9991000.0,55647
Kolhapur,2015,Bhudargad,3889000.0,0.0,3889000.0,0.0,0.0,3889000.0,3948000.0,59472
Kolhapur,2015,Ajara,3275000.0,0.0,3275000.0,0.0,0.0,3275000.0,6587000.0,45747
Kolhapur,2015,Gadhinglaj,6502000.0,574000.0,7076000.0,0.0,0.0,7076000.0,13949000.0,70435
Kolhapur,2015,Chandgad,5250000.0,1834000.0,7084000.0,0.0,0.0,7084000.0,7379000.0,67886
Kolhapur,2016,Shahuwadi,3660000.0,433000.0,4093000.0,0.0,0.0,4093000.0,3108000.0,54268
Kolhapur,2016,Panhala,7000000.0,701000.0,7701000.0,0.0,0.0,7701000.0,11875000.0,87483
Kolhapur,2016,Hatkanangale,79193000.0,6275000.0,85468000.0,0.0,0.0,85468000.0,52104000.0,90912
Kolhapur,2016,Shirol,12996000.0,16105000.0,29101000.0,0.0,0.0,29101000.0,30128000.0,78816
Kolhapur,2016,Karveer,60638000.0,77273000.0,137911000.0,0.0,0.0,137911000.0,226400000.0,198512
Kolhapur,2016,Gaganbavada,1427000.0,373000.0,1800000.0,0.0,0.0,1800000.0,2343000.0,12126
Kolhapur,2016,Radhanagari,5902000.0,88000.0,5990000.0,0.0,0.0,5990000.0,4408000.0,66120
Kolhapur,2016,Kagal,13816000.0,173000.0,13989000.0,0.0,0.0,13989000.0,12363000.0,55647
Kolhapur,2016,Bhudargad,4674000.0,0.0,4674000.0,0.0,0.0,4674000.0,5408000.0,59472
Kolhapur,2016,Ajara,3128000.0,0.0,3128000.0,0.0,0.0,3128000.0,6143000.0,46679
Kolhapur,2016,Gadhinglaj,19105000.0,0.0,19105000.0,0.0,0.0,19105000.0,22377000.0,70435
Kolhapur,2016,Chandgad,5416000.0,2505000.0,7921000.0,0.0,0.0,7921000.0,9511000.0,67886
Kolhapur,2017,Shahuwadi,3339000.0,1485000.0,4824000.0,0.0,0.0,4824000.0,13718000.0,54268
Kolhapur,2017,Panhala,5930000.0,6272000.0,12202000.0,0.0,0.0,12202000.0,48847000.0,87483
Kolhapur,2017,Hatkanangale,96414000.0,4187000.0,100601000.0,0.0,0.0,100601000.0,129303000.0,165553
Kolhapur,2017,Shirol,13679000.0,196648000.0,210327000.0,0.0,0.0,210327000.0,66336000.0,78925
Kolhapur,2017,Karveer,66847000.0,77268000.0,144115000.0,0.0,0.0,144115000.0,312131000.0,198712
Kolhapur,2017,Gaganbavada,4319000.0,70000.0,4389000.0,0.0,0.0,4389000.0,8824000.0,12135
Kolhapur,2017,Radhanagari,3968000.0,52000.0,4020000.0,0.0,0.0,4020000.0,17839000.0,66140
Kolhapur,2017,Kagal,15000000.0,153000.0,15153000.0,0.0,0.0,15153000.0,23499000.0,57241
Kolhapur,2017,Bhudargad,3543000.0,1175000.0,4718000.0,0.0,0.0,4718000.0,19227000.0,59849
Kolhapur,2017,Ajara,3319000.0,91000.0,3410000.0,0.0,0.0,3410000.0,22820000.0,46797
Kolhapur,2017,Gadhinglaj,7457000.0,1339000.0,8796000.0,0.0,0.0,8796000.0,39608000.0,70545
Kolhapur,2017,Chandgad,5274000.0,1834000.0,7108000.0,0.0,0.0,7108000.0,8010000.0,67902
Kolhapur,2018,Shahuwadi,5052000.0,163000.0,5215000.0,0.0,0.0,5215000.0,6820000.0,75255
Kolhapur,2018,Panhala,6575000.0,6188000.0,12763000.0,0.0,0.0,12763000.0,19006000.0,86512
Kolhapur,2018,Hatkanangale,24293000.0,5766000.0,30059000.0,0.0,0.0,30059000.0,99490000.0,197130
Kolhapur,2018,Shirol,14190000.0,189983000.0,204173000.0,0.0,0.0,204173000.0,55539000.0,92623
Kolhapur,2018,Karveer,88938000.0,73219000.0,162157000.0,0.0,0.0,162157000.0,113376000.0,184085
Kolhapur,2018,Gaganbavada,1919000.0,4642000.0,6561000.0,0.0,0.0,6561000.0,15329000.0,13499
Kolhapur,2018,Radhanagari,4183000.0,171000.0,4354000.0,0.0,0.0,4354000.0,78880000.0,77654
Kolhapur,2018,Kagal,15613000.0,183000.0,15796000.0,0.0,0.0,15796000.0,34088000.0,102329
Kolhapur,2018,Bhudargad,3386000.0,818000.0,4204000.0,0.0,0.0,4204000.0,11091000.0,66305
Kolhapur,2018,Ajara,3362000.0,101000.0,3463000.0,0.0,0.0,3463000.0,21800000.0,47938
Kolhapur,2018,Gadhinglaj,6800000.0,736000.0,7536000.0,0.0,0.0,7536000.0,23803000.0,70435
Kolhapur,2018,Chandgad,5664000.0,1230000.0,6894000.0,0.0,0.0,6894000.0,10426000.0,67885
Kolhapur,2019,Shahuwadi,5672000.0,93000.0,5765000.0,0.0,0.0,5765000.0,5110000.0,75255
Kolhapur,2019,Panhala,5478000.0,7621000.0,13099000.0,0.0,0.0,13099000.0,13182000.0,91713
Kolhapur,2019,Hatkanangale,22926000.0,4667000.0,27593000.0,0.0,0.0,27593000.0,62503000.0,197130
Kolhapur,2019,Shirol,14034000.0,190144000.0,204178000.0,0.0,0.0,204178000.0,62718000.0,107164
Kolhapur,2019,Karveer,31732000.0,85931000.0,117663000.0,0.0,0.0,117663000.0,140537000.0,187374
Kolhapur,2019,Gaganbavada,10195000.0,5327000.0,15522000.0,0.0,0.0,15522000.0,4587000.0,13499
Kolhapur,2019,Radhanagari,5531000.0,211000.0,5742000.0,0.0,0.0,5742000.0,11423000.0,84523
Kolhapur,2019,Kagal,6997000.0,8610000.0,15607000.0,0.0,0.0,15607000.0,19943000.0,97937
Kolhapur,2019,Bhudargad,3714000.0,828000.0,4542000.0,0.0,0.0,4542000.0,8909000.0,68250
Kolhapur,2019,Ajara,4145000.0,1000.0,4146000.0,0.0,0.0,4146000.0,41310000.0,50587
Kolhapur,2019,Gadhinglaj,6191000.0,296000.0,6487000.0,0.0,0.0,6487000.0,21933000.0,70308
Kolhapur,2019,Chandgad,5399000.0,907000.0,6306000.0,0.0,0.0,6306000.0,7033000.0,67888
Kolhapur,2020,Shahuwadi,4281000.0,1058000.0,5339000.0,0.0,0.0,5339000.0,23165000.0,75259
Kolhapur,2020,Panhala,6561000.0,6836000.0,13397000.0,0.0,0.0,13397000.0,18191000.0,91713
Kolhapur,2020,Hatkanangale,21855000.0,4737000.0,26592000.0,0.0,0.0,26592000.0,103336000.0,199680
Kolhapur,2020,Shirol,14939000.0,200186000.0,215125000.0,0.0,0.0,215125000.0,88270000.0,107164
Kolhapur,2020,Karveer,32002000.0,91071000.0,123073000.0,0.0,0.0,123073000.0,205244000.0,187374
Kolhapur,2020,Gaganbavada,1960000.0,2474000.0,4434000.0,0.0,0.0,4434000.0,12232000.0,23696
Kolhapur,2020,Radhanagari,4172000.0,325000.0,4497000.0,0.0,0.0,4497000.0,56056000.0,86254
Kolhapur,2020,Kagal,7035000.0,9032000.0,16067000.0,0.0,0.0,16067000.0,26369000.0,97937
Kolhapur,2020,Bhudargad,3273000.0,228000.0,3501000.0,0.0,0.0,3501000.0,16777000.0,69150
Kolhapur,2020,Ajara,3384000.0,2334000.0,5718000.0,0.0,0.0,5718000.0,18904000.0,50612
Kolhapur,2020,Gadhinglaj,6384000.0,358000.0,6742000.0,0.0,0.0,6742000.0,26594000.0,70435
Kolhapur,2020,Chandgad,5516000.0,2064000.0,7580000.0,0.0,0.0,7580000.0,9204000.0,67888
Kolhapur,2021,Shahuwadi,4389000.0,999000.0,5388000.0,0.0,0.0,5388000.0,15488000.0,75259
Kolhapur,2021,Panhala,5831000.0,5607000.0,11438000.0,0.0,0.0,11438000.0,24849000.0,92166
Kolhapur,2021,Hatkanangale,21304000.0,2290000.0,23594000.0,0.0,0.0,23594000.0,179057000.0,199730
Kolhapur,2021,Shirol,14348000.0,197524000.0,211872000.0,0.0,0.0,211872000.0,283325000.0,108820
Kolhapur,2021,Karveer,32901000.0,91003000.0,123904000.0,0.0,0.0,123904000.0,412224000.0,187374
Kolhapur,2021,Gaganbavada,1189000.0,2955000.0,4144000.0,0.0,0.0,4144000.0,19260000.0,23696
Kolhapur,2021,Radhanagari,4102000.0,350000.0,4452000.0,0.0,0.0,4452000.0,15958000.0,96567
Kolhapur,2021,Kagal,6903000.0,9175000.0,16078000.0,0.0,0.0,16078000.0,29440000.0,127240
Kolhapur,2021,Bhudargad,5461000.0,106000.0,5567000.0,0.0,0.0,5567000.0,12367000.0,69150
Kolhapur,2021,Ajara,3864000.0,2098000.0,5962000.0,0.0,0.0,5962000.0,27436000.0,50612
Kolhapur,2021,Gadhinglaj,6289000.0,302000.0,6591000.0,0.0,0.0,6591000.0,23082000.0,70435
Kolhapur,2021,Chandgad,5488000.0,1727000.0,7215000.0,0.0,0.0,7215000.0,42737000.0,67888
Latur,2012,Latur,26954000.0,0.0,26954000.0,0.0,0.0,26954000.0,45190000.0,64653
Latur,2012,Renapur,2854000.0,161000.0,3015000.0,0.0,0.0,3015000.0,7096000.0,30931
Latur,2012,Ahamadpur,4060000.0,1563000.0,5623000.0,0.0,0.0,5623000.0,9273000.0,37869
Latur,2012,Jalkot,670000.0,21000.0,691000.0,0.0,0.0,691000.0,1306000.0,18913
Latur,2012,Chakur,2011000.0,4000.0,2015000.0,0.0,0.0,2015000.0,3105000.0,29615
Latur,2012,Shirur-Anantpal,675000.0,0.0,675000.0,0.0,0.0,675000.0,1053000.0,15063
Latur,2012,Aosa,1552000.0,170000.0,1722000.0,0.0,0.0,1722000.0,3458000.0,47651
Latur,2012,Nilanga,3138000.0,0.0,3138000.0,0.0,0.0,3138000.0,8125000.0,58302
Latur,2012,Devani,912000.0,24000.0,936000.0,0.0,0.0,936000.0,1844000.0,23186
Latur,2012,Udgir,12391000.0,1731000.0,14122000.0,0.0,0.0,14122000.0,17276000.0,41284
Latur,2013,Latur,836000.0,0.0,836000.0,0.0,0.0,836000.0,836000.0,52874
Latur,2013,Renapur,44000.0,0.0,44000.0,0.0,0.0,44000.0,44000.0,35346
Latur,2013,Ahamadpur,110000.0,0.0,110000.0,0.0,0.0,110000.0,110000.0,46012
Latur,2013,Jalkot,44000.0,0.0,44000.0,0.0,0.0,44000.0,44000.0,21642
Latur,2013,Chakur,40000.0,0.0,40000.0,0.0,0.0,40000.0,40000.0,39448
Latur,2013,Shirur-Anantpal,21000.0,0.0,21000.0,0.0,0.0,21000.0,21000.0,22178
Latur,2013,Aosa,65000.0,0.0,65000.0,0.0,0.0,65000.0,65000.0,69077
Latur,2013,Nilanga,77000.0,0.0,77000.0,0.0,0.0,77000.0,77000.0,67662
Latur,2013,Devani,32000.0,0.0,32000.0,0.0,0.0,32000.0,32000.0,32186
Latur,2013,Udgir,184000.0,0.0,184000.0,0.0,0.0,184000.0,184000.0,69627
Latur,2014,Latur,346880.0,110820.0,457700.0,0.0,0.0,0.0,551640.0,64653
Latur,2014,Renapur,17280.0,40.0,17320.0,0.0,0.0,0.0,49550.0,35840
Latur,2014,Ahamadpur,50580.0,230.0,50810.0,0.0,0.0,0.0,159210.0,50983
Latur,2014,Jalkot,4780.0,0.0,4780.0,0.0,0.0,0.0,8940.0,23060
Latur,2014,Chakur,21120.0,0.0,21120.0,0.0,0.0,0.0,38560.0,39242
Latur,2014,Shirur-Anantpal,5990.0,0.0,5990.0,0.0,0.0,0.0,28280.0,23458
Latur,2014,Aosa,44400.0,860.0,45260.0,0.0,0.0,0.0,131030.0,69184
Latur,2014,Nilanga,9310.0,0.0,9310.0,0.0,0.0,0.0,55090.0,67387
Latur,2014,Devani,36650.0,0.0,36650.0,0.0,0.0,0.0,20080.0,23183
Latur,2014,Udgir,100380.0,0.0,100380.0,0.0,0.0,0.0,159120.0,56284
Latur,2015,Latur,476260.0,0.0,476260.0,0.0,0.0,476260.0,686410.0,64653
Latur,2015,Renapur,17330.0,0.0,17330.0,0.0,0.0,17330.0,50340.0,35840
Latur,2015,Ahamadpur,52580.0,0.0,52580.0,0.0,0.0,52580.0,147300.0,50983
Latur,2015,Jalkot,5920.0,0.0,5920.0,0.0,0.0,5920.0,39920.0,23060
Latur,2015,Chakur,21690.0,0.0,21690.0,0.0,0.0,21690.0,44400.0,39242
Latur,2015,Shirur-Anantpal,6660.0,0.0,6660.0,0.0,0.0,6660.0,26900.0,23458
Latur,2015,Aosa,52920.0,0.0,52920.0,0.0,0.0,52920.0,179050.0,69184
Latur,2015,Nilanga,38140.0,0.0,38140.0,0.0,0.0,38140.0,76540.0,67387
Latur,2015,Devani,9740.0,0.0,9740.0,0.0,0.0,9740.0,24730.0,23183
Latur,2015,Udgir,252370.0,0.0,252370.0,0.0,0.0,252370.0,241700.0,56284
Latur,2016,Latur,47111000.0,0.0,47111000.0,0.0,0.0,47111000.0,99687000.0,64653
Latur,2016,Renapur,1593000.0,0.0,1593000.0,0.0,0.0,1593000.0,2772000.0,35840
Latur,2016,Ahamadpur,5872000.0,0.0,5872000.0,0.0,0.0,5872000.0,16138000.0,50983
Latur,2016,Jalkot,452000.0,0.0,452000.0,0.0,0.0,452000.0,1463000.0,23060
Latur,2016,Chakur,2844000.0,0.0,2844000.0,0.0,0.0,2844000.0,9397000.0,39242
Latur,2016,Shirur-Anantpal,524000.0,0.0,524000.0,0.0,0.0,524000.0,1796000.0,23458
Latur,2016,Aosa,5540000.0,0.0,5540000.0,0.0,0.0,5540000.0,48279000.0,69184
Latur,2016,Nilanga,3025000.0,0.0,3025000.0,0.0,0.0,3025000.0,10987000.0,67387
Latur,2016,Devani,768000.0,0.0,768000.0,0.0,0.0,768000.0,2611000.0,23183
Latur,2016,Udgir,13761000.0,0.0,13761000.0,0.0,0.0,13761000.0,31017000.0,56284
Latur,2017,Latur,52542000.0,0.0,52542000.0,0.0,0.0,52542000.0,51197000.0,64653
Latur,2017,Renapur,1632000.0,0.0,1632000.0,0.0,0.0,1632000.0,5892000.0,35840
Latur,2017,Ahamadpur,5204000.0,0.0,5204000.0,0.0,0.0,5204000.0,10161000.0,50983
Latur,2017,Jalkot,508000.0,0.0,508000.0,0.0,0.0,508000.0,677000.0,23060
Latur,2017,Chakur,2357000.0,0.0,2357000.0,0.0,0.0,2357000.0,4478000.0,39242
Latur,2017,Shirur-Anantpal,1830000.0,0.0,1830000.0,0.0,0.0,1830000.0,1178000.0,23458
Latur,2017,Aosa,5650000.0,0.0,5650000.0,0.0,0.0,5650000.0,18221000.0,69184
Latur,2017,Nilanga,3882000.0,0.0,3882000.0,0.0,0.0,3882000.0,9657000.0,67387
Latur,2017,Devani,923000.0,0.0,923000.0,0.0,0.0,923000.0,2185000.0,23183
Latur,2017,Udgir,13740000.0,0.0,13740000.0,0.0,0.0,13740000.0,20228000.0,56284
Latur,2018,Latur,63421000.0,0.0,63421000.0,0.0,0.0,63421000.0,88497000.0,64653
Latur,2018,Renapur,1861000.0,0.0,1861000.0,0.0,0.0,1861000.0,2697000.0,35840
Latur,2018,Ahamadpur,7292000.0,0.0,7292000.0,0.0,0.0,7292000.0,27921000.0,50983
Latur,2018,Jalkot,507000.0,0.0,507000.0,0.0,0.0,507000.0,550000.0,23060
Latur,2018,Chakur,2363000.0,0.0,2363000.0,0.0,0.0,2363000.0,20597000.0,39242
Latur,2018,Shirur-Anantpal,581000.0,0.0,581000.0,0.0,0.0,581000.0,868000.0,23458
Latur,2018,Aosa,7974000.0,0.0,7974000.0,0.0,0.0,7974000.0,15159000.0,69184
Latur,2018,Nilanga,4277000.0,0.0,4277000.0,0.0,0.0,4277000.0,8120000.0,67387
Latur,2018,Devani,1029000.0,0.0,1029000.0,0.0,0.0,1029000.0,1790000.0,23183
Latur,2018,Udgir,14465000.0,0.0,14465000.0,0.0,0.0,14465000.0,21802000.0,56284
Latur,2019,Latur,64114000.0,0.0,64114000.0,0.0,0.0,64114000.0,89437000.0,64653
Latur,2019,Renapur,1646000.0,0.0,1646000.0,0.0,0.0,1646000.0,1175000.0,35840
Latur,2019,Ahamadpur,6827000.0,0.0,6827000.0,0.0,0.0,6827000.0,13785000.0,50983
Latur,2019,Jalkot,480000.0,0.0,480000.0,0.0,0.0,480000.0,776000.0,23060
Latur,2019,Chakur,2348000.0,0.0,2348000.0,0.0,0.0,2348000.0,8023000.0,39242
Latur,2019,Shirur-Anantpal,505000.0,0.0,505000.0,0.0,0.0,505000.0,1036000.0,23458
Latur,2019,Aosa,8981000.0,0.0,8981000.0,0.0,0.0,8981000.0,20715000.0,69184
Latur,2019,Nilanga,6248000.0,0.0,6248000.0,0.0,0.0,6248000.0,6086000.0,67387
Latur,2019,Devani,931000.0,0.0,931000.0,0.0,0.0,931000.0,3847000.0,23183
Latur,2019,Udgir,13586000.0,0.0,13586000.0,0.0,0.0,13586000.0,36015000.0,56284
Latur,2020,Latur,89450000.0,0.0,89450000.0,0.0,0.0,89450000.0,94085000.0,64653
Latur,2020,Renapur,7210000.0,0.0,7210000.0,0.0,0.0,7210000.0,25546000.0,35840
Latur,2020,Ahamadpur,22100000.0,0.0,22100000.0,0.0,0.0,22100000.0,26675000.0,50983
Latur,2020,Jalkot,4871000.0,0.0,4871000.0,0.0,0.0,4871000.0,1497000.0,23060
Latur,2020,Chakur,8300000.0,0.0,8300000.0,0.0,0.0,8300000.0,13842000.0,39242
Latur,2020,Shirur-Anantpal,4318000.0,0.0,4318000.0,0.0,0.0,4318000.0,2704000.0,23458
Latur,2020,Aosa,14150000.0,0.0,14150000.0,0.0,0.0,14150000.0,15657000.0,69184
Latur,2020,Nilanga,14825000.0,0.0,14825000.0,0.0,0.0,14825000.0,17285000.0,67387
Latur,2020,Devani,4670000.0,0.0,4670000.0,0.0,0.0,4670000.0,9326000.0,23183
Latur,2020,Udgir,48550000.0,0.0,48550000.0,0.0,0.0,48550000.0,51137000.0,56284
Latur,2021,Latur,65840000.0,0.0,65840000.0,0.0,0.0,65840000.0,142429000.0,68797
Latur,2021,Renapur,1765000.0,0.0,1765000.0,0.0,0.0,1765000.0,7438000.0,47980
Latur,2021,Ahamadpur,7248000.0,1121000.0,8369000.0,0.0,0.0,8369000.0,22366000.0,71567
Latur,2021,Jalkot,491000.0,0.0,491000.0,0.0,0.0,491000.0,2575000.0,35304
Latur,2021,Chakur,2338000.0,0.0,2338000.0,0.0,0.0,2338000.0,10588000.0,51692
Latur,2021,Shirur-Anantpal,596000.0,0.0,596000.0,0.0,0.0,596000.0,3919000.0,23547
Latur,2021,Aosa,8384000.0,1972000.0,10356000.0,0.0,0.0,10356000.0,15527000.0,94239
Latur,2021,Nilanga,7341000.0,0.0,7341000.0,0.0,0.0,7341000.0,12745000.0,83706
Latur,2021,Devani,1026000.0,0.0,1026000.0,0.0,0.0,1026000.0,4500000.0,27075
Latur,2021,Udgir,18965000.0,5000.0,18970000.0,0.0,0.0,18970000.0,41542000.0,61374
Mumbai City,2013,Mumbai City,2173320000.0,167393000.0,2340713000.0,0.0,0.0,2340713000.0,2005927000.0,2173320
Mumbai City,2014,Mumbai City,2507408000.0,163370000.0,2670778000.0,0.0,0.0,2670778000.0,2344038000.0,
Mumbai City,2015,Mumbai City,3937771000.0,3225854000.0,2534244000.0,0.0,0.0,2534244000.0,1983505000.0,
Mumbai City,2016,Mumbai City,82627000.0,499518000.0,185022000.0,0.0,0.0,185022000.0,2353628000.0,16792
Mumbai City,2017,Mumbai City,93509000.0,1091297000.0,1184806000.0,548618000.0,0.0,636188000.0,897675000.0,17702
Mumbai City,2018,Mumbai City,41205000.0,1052968000.0,1094173000.0,113657000.0,0.0,980515000.0,2328511000.0,18320
Mumbai City,2019,Mumbai City,105999100.0,1111678000.0,1217678000.0,21639530.0,0.0,1195847000.0,3061628000.0,18392
Mumbai City,2020,Mumbai City,42696000.0,1147251000.0,1189947000.0,1790000.0,0.0,1188157000.0,2008575000.0,18424
Mumbai City,2021,Mumbai City,460587000.0,1201269000.0,1661856000.0,14769000.0,0.0,1647087000.0,5853700000.0,18525
Mumbai Suburban,2016,Adheri,269961000.0,243599000.0,513560000.0,24405000.0,28052000.0,461105000.0,996132000.0,29451
Mumbai Suburban,2016,Borivali,183049000.0,640776000.0,823825000.0,48000.0,552584000.0,271193000.0,592156000.0,2254
Mumbai Suburban,2016,Kurla,2047850.0,7135220.0,9183070.0,530.0,5998290.0,3184250.0,10741680.0,
Mumbai Suburban,2017,Adheri,229500000.0,286100000.0,515600000.0,9794000.0,3946000.0,501860000.0,1350300000.0,29446
Mumbai Suburban,2017,Borivali,165606000.0,681631000.0,847237000.0,3167000.0,560344000.0,283726000.0,351638000.0,2254
Mumbai Suburban,2017,Kurla,208544000.0,1228728000.0,1437272000.0,53000.0,815728000.0,621491000.0,902729000.0,
Mumbai Suburban,2018,Adheri,536622000.0,266453000.0,803075000.0,5217000.0,90273000.0,707585000.0,350844000.0,29451
Mumbai Suburban,2018,Borivali,130023000.0,246642000.0,376665000.0,9527000.0,25626000.0,341512000.0,185877000.0,2254
Mumbai Suburban,2018,Kurla,349216000.0,2712227000.0,30614043000.0,29740000.0,208115000.0,950053000.0,443629000.0,
Mumbai Suburban,2019,Adheri,256610000.0,501448000.0,758058000.0,36000.0,877000.0,757145000.0,503260000.0,13563
Mumbai Suburban,2019,Borivali,131120000.0,200149000.0,331269000.0,48000.0,40104000.0,291117000.0,135897000.0,2201
Mumbai Suburban,2019,Kurla,436835000.0,661812000.0,1098647000.0,53000.0,339295000.0,759299000.0,62877000.0,0
Mumbai Suburban,2020,Adheri,423844000.0,321378000.0,745222000.0,48681000.0,26065000.0,670476000.0,486513000.0,13413
Mumbai Suburban,2020,Borivali,280194000.0,386153000.0,666347000.0,50000.0,207668000.0,458629000.0,283451000.0,7657
Mumbai Suburban,2020,Kurla,782270000.0,661815000.0,1444085000.0,377376000.0,0.0,1066709000.0,729023000.0,0
Mumbai Suburban,2021,Adheri,486615000.0,400518000.0,887133000.0,30027000.0,57143000.0,799963000.0,759000000.0,15219
Mumbai Suburban,2021,Borivali,471754000.0,2232629000.0,2704383000.0,89586000.0,27922000.0,2586875000.0,430792000.0,20069
Mumbai Suburban,2021,Kurla,257003000.0,667492000.0,924495000.0,37000.0,0.0,924458000.0,705973000.0,9508
Nagpur,2012,Narkhed,3932000.0,1499000.0,5431000.0,0.0,0.0,5431000.0,4176000.0,17410
Nagpur,2012,Katol,8837000.0,2401000.0,11238000.0,0.0,0.0,11238000.0,11329000.0,14516
Nagpur,2012,Kalameshwar,7584000.0,137000.0,7721000.0,0.0,0.0,7721000.0,11529000.0,14228
Nagpur,2012,Sawner,13014000.0,4938000.0,17952000.0,0.0,0.0,17952000.0,17228000.0,11861
Nagpur,2012,Parashivani,6542000.0,1001000.0,7543000.0,0.0,0.0,7543000.0,7330000.0,17846
Nagpur,2012,Ramtech,3676000.0,1428000.0,5104000.0,0.0,0.0,5104000.0,9801000.0,13388
Nagpur,2012,Mauda,6570000.0,1152000.0,7722000.0,0.0,0.0,7722000.0,9308000.0,12934
Nagpur,2012,Kamathi,19482000.0,2101000.0,21583000.0,0.0,0.0,21583000.0,212342000.0,7174
Nagpur,2012,Nagpur (Gra),15302000.0,40750000.0,56052000.0,0.0,0.0,56052000.0,23014000.0,12223
Nagpur,2012,Nagpur (Sh),221378000.0,502440000.0,723818000.0,0.0,0.0,723818000.0,275525000.0,3040
Nagpur,2012,Hingana,8806000.0,2495000.0,11301000.0,0.0,0.0,11301000.0,10738000.0,16617
Nagpur,2012,Umred,10776000.0,1288000.0,12064000.0,0.0,0.0,12064000.0,16795000.0,19011
Nagpur,2012,Kuhi,2477000.0,382000.0,2859000.0,0.0,0.0,2859000.0,5769000.0,32208
Nagpur,2012,Bhiwapur,1258000.0,118000.0,1376000.0,0.0,0.0,1376000.0,4043000.0,16556
Nagpur,2013,Narkhed,3272000.0,1347000.0,4619000.0,0.0,0.0,4619000.0,3199000.0,17410
Nagpur,2013,Katol,10200000.0,1450000.0,11650000.0,0.0,0.0,11650000.0,16049000.0,14516
Nagpur,2013,Kalameshwar,8345000.0,1368000.0,9713000.0,0.0,0.0,9713000.0,8225000.0,14228
Nagpur,2013,Sawner,14980000.0,7431000.0,22411000.0,0.0,0.0,22411000.0,13102000.0,11861
Nagpur,2013,Parashivani,6610000.0,1185000.0,7795000.0,0.0,0.0,7795000.0,4852000.0,17846
Nagpur,2013,Ramtech,3983000.0,605000.0,4588000.0,0.0,0.0,4588000.0,4476000.0,13388
Nagpur,2013,Mauda,7445000.0,1625000.0,9070000.0,0.0,0.0,9070000.0,4739000.0,12934
Nagpur,2013,Kamathi,20080000.0,1369000.0,21449000.0,0.0,0.0,21449000.0,25482000.0,7174
Nagpur,2013,Nagpur (Gra),17685000.0,774000.0,18459000.0,0.0,0.0,18459000.0,184565000.0,12223
Nagpur,2013,Nagpur (Sh),98121000.0,563556000.0,661677000.0,0.0,0.0,661677000.0,191035000.0,3040
Nagpur,2013,Hingana,1814000.0,2495000.0,4309000.0,0.0,0.0,4309000.0,10176000.0,16617
Nagpur,2013,Umred,9665000.0,2203000.0,11868000.0,0.0,0.0,11868000.0,7965000.0,19011
Nagpur,2013,Kuhi,2490000.0,380000.0,2870000.0,0.0,0.0,2870000.0,5639000.0,32208
Nagpur,2013,Bhiwapur,2403000.0,44000.0,2447000.0,0.0,0.0,2447000.0,1844000.0,16556
Nagpur,2014,Narkhed,4040000.0,1822000.0,5862000.0,0.0,0.0,5862000.0,4978000.0,17410
Nagpur,2014,Katol,14890000.0,2297000.0,17187000.0,0.0,0.0,17187000.0,16004000.0,32417
Nagpur,2014,Kalameshwar,14017000.0,4027000.0,18044000.0,0.0,0.0,18044000.0,18549000.0,14228
Nagpur,2014,Sawner,17069000.0,10821000.0,27890000.0,0.0,0.0,27890000.0,20650000.0,11861
Nagpur,2014,Parashivani,11254000.0,2130000.0,13384000.0,0.0,0.0,13384000.0,13482000.0,29423
Nagpur,2014,Ramtech,17615000.0,595000.0,18210000.0,0.0,0.0,18210000.0,16808000.0,13388
Nagpur,2014,Mauda,7976000.0,4001000.0,11977000.0,0.0,0.0,11977000.0,11149000.0,16617
Nagpur,2014,Kamathi,29254000.0,4661000.0,33915000.0,0.0,0.0,33915000.0,37946000.0,14516
Nagpur,2014,Nagpur (Gra),16806000.0,7932000.0,24738000.0,0.0,0.0,24738000.0,36739000.0,19469
Nagpur,2014,Nagpur (Sh),225718000.0,497423000.0,723141000.0,0.0,0.0,723141000.0,319127000.0,3040
Nagpur,2014,Hingana,17209000.0,9302000.0,26511000.0,0.0,0.0,26511000.0,20662000.0,15961
Nagpur,2014,Umred,27426000.0,3698000.0,31124000.0,0.0,0.0,31124000.0,29883000.0,19011
Nagpur,2014,Kuhi,5373000.0,543000.0,5916000.0,0.0,0.0,5916000.0,5952000.0,34350
Nagpur,2014,Bhiwapur,8760000.0,240000.0,9000000.0,0.0,0.0,9000000.0,9323000.0,16556
Nagpur,2015,Narkhed,5869000.0,1493000.0,7362000.0,0.0,0.0,7362000.0,5793000.0,17410
Nagpur,2015,Katol,21667000.0,2059000.0,23726000.0,0.0,0.0,23726000.0,23726000.0,32417
Nagpur,2015,Kalameshwar,14751000.0,1961000.0,16712000.0,0.0,0.0,16712000.0,16712000.0,14228
Nagpur,2015,Sawner,19654000.0,7270000.0,26924000.0,0.0,0.0,26924000.0,20916000.0,11861
Nagpur,2015,Parashivani,29626000.0,820000.0,30446000.0,0.0,0.0,30446000.0,3044000.0,29423
Nagpur,2015,Ramtech,8085000.0,733000.0,8818000.0,0.0,0.0,8818000.0,7990000.0,13388
Nagpur,2015,Mauda,12417000.0,11896000.0,14313000.0,0.0,0.0,14313000.0,12417000.0,16617
Nagpur,2015,Kamathi,31451000.0,3980000.0,35431000.0,0.0,0.0,35431000.0,32972000.0,14516
Nagpur,2015,Nagpur (Gra),46765000.0,3449000.0,50214000.0,0.0,0.0,50214000.0,50214000.0,19469
Nagpur,2015,Nagpur (Sh),615395000.0,322399000.0,937794000.0,0.0,0.0,937794000.0,455088000.0,3040
Nagpur,2015,Hingana,20290000.0,2991000.0,23281000.0,0.0,0.0,23281000.0,23281000.0,15961
Nagpur,2015,Umred,11910000.0,6568000.0,18478000.0,0.0,0.0,18478000.0,14028000.0,19011
Nagpur,2015,Kuhi,7052000.0,790000.0,7842000.0,0.0,0.0,7842000.0,7842000.0,34350
Nagpur,2015,Bhiwapur,1717000.0,255000.0,1972000.0,0.0,0.0,1972000.0,1972000.0,16556
Nagpur,2016,Narkhed,5192000.0,1445000.0,6637000.0,0.0,0.0,6637000.0,4086000.0,16420
Nagpur,2016,Katol,22308000.0,2213000.0,24521000.0,0.0,0.0,24521000.0,23259000.0,30147
Nagpur,2016,Kalameshwar,13931000.0,1777000.0,15708000.0,0.0,0.0,15708000.0,17720000.0,13049
Nagpur,2016,Sawner,18891000.0,8339000.0,27230000.0,0.0,0.0,27230000.0,20330000.0,12530
Nagpur,2016,Parashivani,13134000.0,4000.0,13138000.0,0.0,0.0,13138000.0,14168000.0,28530
Nagpur,2016,Ramtech,8705000.0,1169000.0,9874000.0,0.0,0.0,9874000.0,10175000.0,13200
Nagpur,2016,Mauda,14485000.0,1221000.0,15706000.0,0.0,0.0,15706000.0,15689000.0,13500
Nagpur,2016,Kamathi,62022000.0,5070000.0,67092000.0,0.0,0.0,67092000.0,63452000.0,14500
Nagpur,2016,Nagpur (Gra),26207000.0,1746000.0,27953000.0,0.0,0.0,27953000.0,292499000.0,19250
Nagpur,2016,Nagpur (Sh),195499000.0,390085000.0,585584000.0,0.0,0.0,585584000.0,420333000.0,3000
Nagpur,2016,Hingana,19752000.0,3203000.0,22955000.0,0.0,0.0,22955000.0,19737000.0,15220
Nagpur,2016,Umred,65606000.0,87498000.0,153104000.0,0.0,0.0,153104000.0,161159000.0,18050
Nagpur,2016,Kuhi,3381000.0,462000.0,3843000.0,0.0,0.0,3843000.0,3443000.0,34000
Nagpur,2016,Bhiwapur,3824000.0,56000.0,3880000.0,0.0,0.0,3880000.0,3835000.0,16020
Nagpur,2017,Narkhed,3826000.0,892000.0,4718000.0,0.0,0.0,4718000.0,7312000.0,13049
Nagpur,2017,Katol,21141000.0,2160000.0,23301000.0,0.0,0.0,23301000.0,22823000.0,12530
Nagpur,2017,Kalameshwar,14164000.0,986000.0,15150000.0,0.0,0.0,15150000.0,17890000.0,16420
Nagpur,2017,Sawner,20926000.0,4829000.0,25755000.0,0.0,0.0,25755000.0,25809000.0,30147
Nagpur,2017,Parashivani,125736000.0,0.0,125736000.0,0.0,0.0,125736000.0,125876000.0,28530
Nagpur,2017,Ramtech,10041000.0,367000.0,10408000.0,0.0,0.0,10408000.0,20491000.0,1320
Nagpur,2017,Mauda,10394000.0,962000.0,11356000.0,0.0,0.0,11356000.0,13603000.0,1350
Nagpur,2017,Kamathi,36004000.0,4729000.0,40733000.0,0.0,0.0,40733000.0,40141000.0,14500
Nagpur,2017,Nagpur (Gra),30144000.0,5362000.0,35506000.0,0.0,0.0,35506000.0,38379000.0,19250
Nagpur,2017,Nagpur (Sh),323761000.0,374302000.0,698063000.0,0.0,0.0,698063000.0,657443000.0,3000
Nagpur,2017,Hingana,40053000.0,4927000.0,44980000.0,0.0,0.0,44980000.0,42694000.0,15220
Nagpur,2017,Umred,128573000.0,1916000.0,130489000.0,0.0,0.0,130489000.0,133292000.0,18050
Nagpur,2017,Kuhi,5636000.0,712000.0,6348000.0,0.0,0.0,6348000.0,6568000.0,34000
Nagpur,2017,Bhiwapur,3738000.0,54000.0,3792000.0,0.0,0.0,3792000.0,3862000.0,16020
Nagpur,2018,Narkhed,3114000.0,600000.0,3714000.0,161000.0,0.0,3553000.0,5459000.0,43869
Nagpur,2018,Katol,18687000.0,3224000.0,21911000.0,111000.0,0.0,21800000.0,18828000.0,29153
Nagpur,2018,Kalameshwar,14388000.0,978000.0,15366000.0,112000.0,0.0,15254000.0,26966000.0,25749
Nagpur,2018,Sawner,90095000.0,3485000.0,93580000.0,0.0,0.0,93580000.0,97731000.0,21451
Nagpur,2018,Parashivani,97416000.0,3000.0,97419000.0,0.0,0.0,97419000.0,101672000.0,3251
Nagpur,2018,Ramtech,6564000.0,434000.0,6998000.0,11000.0,0.0,6987000.0,10155000.0,3254
Nagpur,2018,Mauda,9327000.0,1556000.0,10883000.0,0.0,0.0,10883000.0,15401000.0,6362
Nagpur,2018,Kamathi,58163000.0,4698000.0,62861000.0,0.0,0.0,62861000.0,62707000.0,23564
Nagpur,2018,Nagpur (Gra),28213000.0,1246000.0,29459000.0,15000.0,0.0,29444000.0,46508000.0,3124
Nagpur,2018,Nagpur (Sh),439830000.0,294726000.0,734556000.0,0.0,0.0,734556000.0,453126000.0,5632
Nagpur,2018,Hingana,16747000.0,4951000.0,21698000.0,26000.0,0.0,21672000.0,35922000.0,5236
Nagpur,2018,Umred,15077000.0,3319000.0,18396000.0,25000.0,0.0,18371000.0,24568000.0,15251
Nagpur,2018,Kuhi,2805000.0,503000.0,3308000.0,13000.0,0.0,3295000.0,6531000.0,3828
Nagpur,2018,Bhiwapur,1736000.0,20000.0,1756000.0,0.0,0.0,1756000.0,4502000.0,2397
Nagpur,2019,Narkhed,4670000.0,1316000.0,5986000.0,0.0,0.0,5986000.0,6368000.0,43965
Nagpur,2019,Katol,21603000.0,8009000.0,29612000.0,0.0,0.0,29612000.0,22093000.0,29562
Nagpur,2019,Kalameshwar,17333000.0,2083000.0,19416000.0,0.0,0.0,19416000.0,19996000.0,24561
Nagpur,2019,Sawner,25465000.0,4116000.0,29581000.0,0.0,0.0,29581000.0,42547000.0,22546
Nagpur,2019,Parashivani,11675000.0,1197000.0,12872000.0,0.0,0.0,12872000.0,12021000.0,3421
Nagpur,2019,Ramtech,21084000.0,810000.0,21894000.0,0.0,0.0,21894000.0,21866000.0,4561
Nagpur,2019,Mauda,12093000.0,6436000.0,18529000.0,0.0,0.0,18529000.0,13727000.0,6578
Nagpur,2019,Kamathi,37880000.0,9079000.0,46959000.0,0.0,0.0,46959000.0,40552000.0,24211
Nagpur,2019,Nagpur (Gra),49429000.0,5138000.0,54567000.0,0.0,0.0,54567000.0,52937000.0,6451
Nagpur,2019,Nagpur (Sh),684040000.0,217128000.0,901168000.0,0.0,0.0,901168000.0,393694000.0,5892
Nagpur,2019,Hingana,20475000.0,4253000.0,24728000.0,0.0,0.0,24728000.0,22829000.0,5689
Nagpur,2019,Umred,22429000.0,5638000.0,28067000.0,0.0,0.0,28067000.0,20085000.0,15487
Nagpur,2019,Kuhi,5321000.0,568000.0,5889000.0,0.0,0.0,5889000.0,6116000.0,4125
Nagpur,2019,Bhiwapur,4159000.0,94000.0,4253000.0,0.0,0.0,4253000.0,3934000.0,3258
Nagpur,2020,Narkhed,6354000.0,2183000.0,8537000.0,0.0,0.0,8537000.0,6764000.0,43965
Nagpur,2020,Katol,19437000.0,9444000.0,28881000.0,0.0,0.0,28881000.0,25172000.0,29562
Nagpur,2020,Kalameshwar,13733000.0,1943000.0,15676000.0,0.0,0.0,15676000.0,21463000.0,24561
Nagpur,2020,Sawner,19357000.0,10865000.0,30222000.0,0.0,0.0,30222000.0,25814000.0,22546
Nagpur,2020,Parashivani,9415000.0,905000.0,10320000.0,0.0,0.0,10320000.0,10390000.0,3421
Nagpur,2020,Ramtech,17598000.0,857000.0,18455000.0,0.0,0.0,18455000.0,20486000.0,4561
Nagpur,2020,Mauda,13606000.0,6802000.0,20408000.0,0.0,0.0,20408000.0,16839000.0,6578
Nagpur,2020,Kamathi,42031000.0,14550000.0,56581000.0,0.0,0.0,56581000.0,40648000.0,24211
Nagpur,2020,Nagpur (Gra),51163000.0,6149000.0,57312000.0,0.0,0.0,57312000.0,57552000.0,6451
Nagpur,2020,Nagpur (Sh),619302000.0,557466000.0,1176768000.0,0.0,0.0,1176768000.0,548737000.0,15892
Nagpur,2020,Hingana,37779000.0,4727000.0,42506000.0,0.0,0.0,42506000.0,45745000.0,5689
Nagpur,2020,Umred,28357000.0,6360000.0,34717000.0,0.0,0.0,34717000.0,29247000.0,15487
Nagpur,2020,Kuhi,8326000.0,1015000.0,9341000.0,0.0,0.0,9341000.0,8665000.0,4125
Nagpur,2020,Bhiwapur,3877000.0,313000.0,4190000.0,0.0,0.0,4190000.0,4383000.0,3258
Nagpur,2021,Narkhed,7451000.0,2837000.0,10288000.0,0.0,0.0,10288000.0,10036000.0,43965
Nagpur,2021,Katol,49364000.0,4644000.0,54008000.0,0.0,0.0,54008000.0,51094000.0,29562
Nagpur,2021,Kalameshwar,22342000.0,1282000.0,23624000.0,0.0,0.0,23624000.0,26338000.0,24561
Nagpur,2021,Sawner,151210000.0,10124000.0,161334000.0,0.0,0.0,161334000.0,157474000.0,22546
Nagpur,2021,Parashivani,44278000.0,415000.0,44693000.0,0.0,0.0,44693000.0,43598000.0,3421
Nagpur,2021,Ramtech,16294000.0,822000.0,17116000.0,0.0,0.0,17116000.0,19899000.0,4561
Nagpur,2021,Mauda,14259000.0,6385000.0,20644000.0,0.0,0.0,20644000.0,16825000.0,7516
Nagpur,2021,Kamathi,54528000.0,16764000.0,71292000.0,0.0,0.0,71292000.0,58789000.0,25413
Nagpur,2021,Nagpur (Gra),89195000.0,10057000.0,99252000.0,0.0,0.0,99252000.0,90922000.0,6542
Nagpur,2021,Nagpur (Sh),573496000.0,590032000.0,1163528000.0,0.0,0.0,1163528000.0,1532483000.0,19471
Nagpur,2021,Hingana,22991000.0,3674000.0,26665000.0,0.0,0.0,26665000.0,27314000.0,5326
Nagpur,2021,Umred,53119000.0,3212000.0,56331000.0,0.0,0.0,56331000.0,65095000.0,15487
Nagpur,2021,Kuhi,17708000.0,1180000.0,18888000.0,0.0,0.0,18888000.0,16509000.0,6231
Nagpur,2021,Bhiwapur,5904000.0,229000.0,6133000.0,0.0,0.0,6133000.0,5779000.0,3258
Nanded,2014,Mahur,15000.0,0.0,15000.0,0.0,0.0,15000.0,111600.0,21676
Nanded,2014,Kinvat,107000.0,0.0,107000.0,0.0,0.0,107000.0,143420.0,5808
Nanded,2014,Himalay Nagar,22000.0,0.0,22000.0,0.0,0.0,22000.0,7550.0,1374
Nanded,2014,Hadgaon,70000.0,0.0,70000.0,0.0,0.0,70000.0,36950.0,68043
Nanded,2014,Andhrapur,37000.0,0.0,37000.0,0.0,0.0,37000.0,88710.0,810
Nanded,2014,Nanded,1048000.0,0.0,1048000.0,0.0,0.0,1048000.0,1305400.0,93000
Nanded,2014,Mudkhed,38000.0,0.0,38000.0,0.0,0.0,38000.0,80110.0,13000
Nanded,2014,Bhokar,38000.0,0.0,38000.0,0.0,0.0,38000.0,24250.0,32490
Nanded,2014,Umari,34000.0,0.0,34000.0,0.0,0.0,34000.0,17770.0,31530
Nanded,2014,Dharmabad,46000.0,0.0,46000.0,0.0,0.0,46000.0,82890.0,23159
Nanded,2014,Biloli,57000.0,0.0,57000.0,0.0,0.0,57000.0,32590.0,17809
Nanded,2014,Naygaon,69000.0,0.0,69000.0,0.0,0.0,69000.0,42090.0,50892
Nanded,2014,Loha,49000.0,0.0,49000.0,0.0,0.0,49000.0,58390.0,10183
Nanded,2014,Kandhar,60000.0,0.0,60000.0,0.0,0.0,60000.0,45850.0,51958
Nanded,2014,Mukhed,73000.0,0.0,73000.0,0.0,0.0,73000.0,25500.0,330
Nanded,2014,Deglur,108000.0,0.0,108000.0,0.0,0.0,108000.0,134520.0,44587
Nanded,2015,Mahur,15000.0,0.0,15000.0,0.0,0.0,15000.0,64540.00000000001,21676
Nanded,2015,Kinvat,103000.0,0.0,103000.0,0.0,0.0,103000.0,31980.0,5808
Nanded,2015,Himalay Nagar,21000.0,0.0,21000.0,0.0,0.0,21000.0,14400.0,1374
Nanded,2015,Hadgaon,68000.0,0.0,68000.0,0.0,0.0,68000.0,90820.0,68043
Nanded,2015,Andhrapur,36000.0,0.0,36000.0,0.0,0.0,36000.0,41720.0,810
Nanded,2015,Nanded,1008000.0,0.0,1008000.0,0.0,0.0,1008000.0,1089990.0,93000
Nanded,2015,Mudkhed,36000.0,0.0,36000.0,0.0,0.0,36000.0,101470.0,13000
Nanded,2015,Bhokar,36000.0,0.0,36000.0,0.0,0.0,36000.0,38400.0,32490
Nanded,2015,Umari,33000.0,0.0,33000.0,0.0,0.0,33000.0,21790.0,31530
Nanded,2015,Dharmabad,45000.0,0.0,45000.0,0.0,0.0,45000.0,105090.0,23159
Nanded,2015,Biloli,55000.0,0.0,55000.0,0.0,0.0,55000.0,24740.0,17809
Nanded,2015,Naygaon,67000.0,0.0,67000.0,0.0,0.0,67000.0,42810.0,50892
Nanded,2015,Loha,57000.0,0.0,57000.0,0.0,0.0,57000.0,436850.0,10183
Nanded,2015,Kandhar,46000.0,0.0,46000.0,0.0,0.0,46000.0,70860.0,51958
Nanded,2015,Mukhed,70000.0,0.0,70000.0,0.0,0.0,70000.0,60930.0,330
Nanded,2015,Deglur,104000.0,0.0,104000.0,0.0,0.0,104000.0,112690.0,44587
Nanded,2016,Mahur,20000.0,0.0,20000.0,0.0,0.0,20000.0,17000.0,21676
Nanded,2016,Kinvat,115000.0,0.0,115000.0,0.0,0.0,115000.0,64000.0,5808
Nanded,2016,Himalay Nagar,23000.0,0.0,23000.0,0.0,0.0,23000.0,20000.0,1374
Nanded,2016,Hadgaon,76000.0,0.0,76000.0,0.0,0.0,76000.0,60000.0,68043
Nanded,2016,Andhrapur,40000.0,0.0,40000.0,0.0,0.0,40000.0,49000.0,810
Nanded,2016,Nanded,1124000.0,0.0,1124000.0,0.0,0.0,1124000.0,1164000.0,93000
Nanded,2016,Mudkhed,40000.0,0.0,40000.0,0.0,0.0,40000.0,92000.0,13000
Nanded,2016,Bhokar,39000.0,0.0,39000.0,0.0,0.0,39000.0,54000.0,32490
Nanded,2016,Umari,37000.0,0.0,37000.0,0.0,0.0,37000.0,17000.0,31530
Nanded,2016,Dharmabad,50000.0,0.0,50000.0,0.0,0.0,50000.0,81000.0,23159
Nanded,2016,Biloli,61000.0,0.0,61000.0,0.0,0.0,61000.0,36000.0,17809
Nanded,2016,Naygaon,75000.0,0.0,75000.0,0.0,0.0,75000.0,37000.0,50892
Nanded,2016,Loha,64000.0,0.0,64000.0,0.0,0.0,64000.0,26000.0,10183
Nanded,2016,Kandhar,51000.0,0.0,51000.0,0.0,0.0,51000.0,167000.0,51958
Nanded,2016,Mukhed,78000.0,0.0,78000.0,0.0,0.0,78000.0,103000.0,330
Nanded,2016,Deglur,116000.0,0.0,116000.0,0.0,0.0,116000.0,105000.0,44587
Nanded,2017,Mahur,20000.0,0.0,20000.0,0.0,0.0,20000.0,17000.0,21676
Nanded,2017,Kinvat,115000.0,0.0,115000.0,0.0,0.0,115000.0,68000.0,5808
Nanded,2017,Himalay Nagar,23000.0,0.0,23000.0,0.0,0.0,23000.0,15000.0,1374
Nanded,2017,Hadgaon,76000.0,0.0,76000.0,0.0,0.0,76000.0,346000.0,68043
Nanded,2017,Andhrapur,40000.0,0.0,40000.0,0.0,0.0,40000.0,86000.0,810
Nanded,2017,Nanded,1124000.0,0.0,1124000.0,0.0,0.0,1124000.0,1174000.0,93000
Nanded,2017,Mudkhed,40000.0,0.0,40000.0,0.0,0.0,40000.0,45000.0,13000
Nanded,2017,Bhokar,39000.0,0.0,39000.0,0.0,0.0,39000.0,17000.0,32490
Nanded,2017,Umari,37000.0,0.0,37000.0,0.0,0.0,37000.0,17000.0,31530
Nanded,2017,Dharmabad,50000.0,0.0,50000.0,0.0,0.0,50000.0,143000.0,23159
Nanded,2017,Biloli,61000.0,0.0,61000.0,0.0,0.0,61000.0,69000.0,17809
Nanded,2017,Naygaon,75000.0,0.0,75000.0,0.0,0.0,75000.0,50000.0,50892
Nanded,2017,Loha,51000.0,0.0,51000.0,0.0,0.0,51000.0,69000.0,10183
Nanded,2017,Kandhar,64000.0,0.0,64000.0,0.0,0.0,64000.0,101000.0,51958
Nanded,2017,Mukhed,78000.0,0.0,78000.0,0.0,0.0,78000.0,132000.0,330
Nanded,2017,Deglur,116000.0,0.0,116000.0,0.0,0.0,116000.0,136000.0,44587
Nanded,2018,Mahur,19690.0,0.0,19690.0,0.0,0.0,19690.0,33990.0,21676
Nanded,2018,Kinvat,114850.0,0.0,114850.0,0.0,0.0,114850.0,57380.0,5808
Nanded,2018,Himalay Nagar,23420.0,0.0,23420.0,0.0,0.0,23420.0,11490.0,1374
Nanded,2018,Hadgaon,75820.0,0.0,75820.0,0.0,0.0,75820.0,168040.0,68043
Nanded,2018,Andhrapur,40140.0,0.0,40140.0,0.0,0.0,40140.0,24560.0,810
Nanded,2018,Nanded,1123960.0,0.0,1123960.0,0.0,0.0,1123960.0,736560.0,93000
Nanded,2018,Mudkhed,42440.0,0.0,42440.0,0.0,0.0,42440.0,26430.0,13000
Nanded,2018,Bhokar,41320.0,0.0,41320.0,0.0,0.0,41320.0,18340.0,32490
Nanded,2018,Umari,36800.0,0.0,36800.0,0.0,0.0,36800.0,41240.0,31530
Nanded,2018,Dharmabad,53180.0,0.0,53180.0,0.0,0.0,53180.0,114810.0,23159
Nanded,2018,Biloli,61330.0,0.0,61330.0,0.0,0.0,61330.0,52540.0,17809
Nanded,2018,Naygaon,76960.0,0.0,76960.0,0.0,0.0,76960.0,51960.0,50892
Nanded,2018,Loha,51290.0,0.0,51290.0,0.0,0.0,51290.0,258490.0,10183
Nanded,2018,Kandhar,63560.0,0.0,63560.0,0.0,0.0,63560.0,169580.0,51958
Nanded,2018,Mukhed,78050.0,0.0,78050.0,0.0,0.0,78050.0,25390.0,330
Nanded,2018,Deglur,118620.0,0.0,118620.0,0.0,0.0,118620.0,38590.0,44587
Nanded,2019,Mahur,3969000.0,0.0,3969000.0,0.0,0.0,3969000.0,2151000.0,21676
Nanded,2019,Kinvat,12109000.0,0.0,12109000.0,0.0,0.0,12109000.0,9155000.0,5808
Nanded,2019,Himalay Nagar,2542000.0,0.0,2542000.0,0.0,0.0,2542000.0,1722000.0,1374
Nanded,2019,Hadgaon,17582000.0,0.0,17582000.0,0.0,0.0,17582000.0,26409000.0,68043
Nanded,2019,Andhrapur,4614000.0,0.0,4614000.0,0.0,0.0,4614000.0,2600000.0,810
Nanded,2019,Nanded,127396000.0,0.0,127396000.0,0.0,0.0,127396000.0,260034000.0,93000
Nanded,2019,Mudkhed,5344000.0,0.0,5344000.0,0.0,0.0,5344000.0,5323000.0,13000
Nanded,2019,Bhokar,5232000.0,0.0,5232000.0,0.0,0.0,5232000.0,3450000.0,32490
Nanded,2019,Umari,5680000.0,0.0,5680000.0,0.0,0.0,5680000.0,2355000.0,31530
Nanded,2019,Dharmabad,7818000.0,0.0,7818000.0,0.0,0.0,7818000.0,10759000.0,23159
Nanded,2019,Biloli,7633000.0,0.0,7633000.0,0.0,0.0,7633000.0,3595000.0,17809
Nanded,2019,Naygaon,8696000.0,0.0,8696000.0,0.0,0.0,8696000.0,4831000.0,50892
Nanded,2019,Loha,7629000.0,0.0,7629000.0,0.0,0.0,7629000.0,7811000.0,10183
Nanded,2019,Kandhar,13856000.0,0.0,13856000.0,0.0,0.0,13856000.0,13790000.0,51958
Nanded,2019,Mukhed,9905000.0,0.0,9905000.0,0.0,0.0,9905000.0,4009000.0,330
Nanded,2019,Deglur,12462000.0,0.0,12462000.0,0.0,0.0,12462000.0,17459000.0,44587
Nanded,2020,Mahur,4570000.0,0.0,4570000.0,0.0,0.0,4570000.0,2363000.0,21676
Nanded,2020,Kinvat,13944000.0,0.0,13944000.0,0.0,0.0,13944000.0,13287000.0,5808
Nanded,2020,Himalay Nagar,2927000.0,0.0,2927000.0,0.0,0.0,2927000.0,1943000.0,1374
Nanded,2020,Hadgaon,20246000.0,0.0,20246000.0,0.0,0.0,20246000.0,89270000.0,68043
Nanded,2020,Andhrapur,5313000.0,0.0,5313000.0,0.0,0.0,5313000.0,3307000.0,810
Nanded,2020,Nanded,146696000.0,0.0,146696000.0,0.0,0.0,146696000.0,14761000.0,93000
Nanded,2020,Mudkhed,6154000.0,0.0,6154000.0,0.0,0.0,6154000.0,6877000.0,13000
Nanded,2020,Bhokar,6025000.0,0.0,6025000.0,0.0,0.0,6025000.0,61670000.0,32490
Nanded,2020,Umari,6541000.0,0.0,6541000.0,0.0,0.0,6541000.0,12194000.0,31530
Nanded,2020,Dharmabad,9002000.0,0.0,9002000.0,0.0,0.0,9002000.0,8406000.0,23159
Nanded,2020,Biloli,8789000.0,0.0,8789000.0,0.0,0.0,8789000.0,5920000.0,17809
Nanded,2020,Naygaon,10013000.0,0.0,10013000.0,0.0,0.0,10013000.0,6929000.0,50892
Nanded,2020,Loha,8785000.0,0.0,8785000.0,0.0,0.0,8785000.0,8578000.0,10183
Nanded,2020,Kandhar,15955000.0,0.0,15955000.0,0.0,0.0,15955000.0,14214000.0,51958
Nanded,2020,Mukhed,11406000.0,0.0,11406000.0,0.0,0.0,11406000.0,9895000.0,330
Nanded,2020,Deglur,14361000.0,0.0,14361000.0,0.0,0.0,14361000.0,11954000.0,44587
Nanded,2021,Mahur,4570000.0,0.0,4570000.0,0.0,0.0,4570000.0,2462000.0,21676
Nanded,2021,Kinvat,13944000.0,0.0,13944000.0,0.0,0.0,13944000.0,8243000.0,5808
Nanded,2021,Himalay Nagar,2927000.0,0.0,2922000.0,0.0,0.0,2922000.0,2258000.0,1374
Nanded,2021,Hadgaon,20246000.0,0.0,20246000.0,0.0,0.0,20246000.0,11379000.0,68043
Nanded,2021,Andhrapur,5313000.0,0.0,5313000.0,0.0,0.0,5313000.0,8966000.0,810
Nanded,2021,Nanded,146696000.0,0.0,146696000.0,0.0,0.0,146696000.0,114920000.0,93000
Nanded,2021,Mudkhed,6154000.0,0.0,6154000.0,0.0,0.0,6154000.0,6070000.0,13000
Nanded,2021,Bhokar,6025000.0,0.0,6025000.0,0.0,0.0,6025000.0,6199000.0,32490
Nanded,2021,Umari,6541000.0,0.0,6541000.0,0.0,0.0,6541000.0,15204000.0,31530
Nanded,2021,Dharmabad,9002000.0,0.0,9002000.0,0.0,0.0,9002000.0,5251000.0,23159
Nanded,2021,Biloli,8789000.0,0.0,8789000.0,0.0,0.0,8789000.0,6331000.0,17809
Nanded,2021,Naygaon,10013000.0,0.0,10013000.0,0.0,0.0,10013000.0,4552000.0,50892
Nanded,2021,Loha,8785000.0,0.0,8785000.0,0.0,0.0,8785000.0,5105000.0,10183
Nanded,2021,Kandhar,15955000.0,0.0,15955000.0,0.0,0.0,15955000.0,9383000.0,51958
Nanded,2021,Mukhed,11406000.0,0.0,11406000.0,0.0,0.0,11406000.0,4595000.0,330
Nanded,2021,Deglur,14361000.0,0.0,14361000.0,0.0,0.0,14361000.0,14080000.0,44587
Nandurbar,2012,Akkalkuva,1000000.0,0.0,1000000.0,0.0,0.0,1000000.0,6868000.0,17942
Nandurbar,2012,Akrani,315000.0,0.0,315000.0,0.0,0.0,315000.0,2718000.0,1235
Nandurbar,2012,Taloda,7500000.0,0.0,7500000.0,0.0,0.0,7500000.0,9662000.0,12160
Nandurbar,2012,Shahada,18000000.0,0.0,18000000.0,0.0,0.0,18000000.0,35347000.0,53459
Nandurbar,2012,Nandurbar,18000000.0,0.0,18000000.0,0.0,0.0,18000000.0,46818000.0,63427
Nandurbar,2012,Navapur,10000000.0,0.0,10000000.0,0.0,0.0,10000000.0,16869000.0,51273
Nandurbar,2013,Akkalkuva,2500000.0,0.0,2500000.0,0.0,0.0,2500000.0,4411000.0,17942
Nandurbar,2013,Akrani,431000.0,0.0,431000.0,0.0,0.0,431000.0,4679000.0,1235
Nandurbar,2013,Taloda,8500000.0,0.0,8500000.0,0.0,0.0,8500000.0,9089000.0,12160
Nandurbar,2013,Shahada,18500000.0,0.0,18500000.0,0.0,0.0,18500000.0,46943000.0,53459
Nandurbar,2013,Nandurbar,19000000.0,0.0,19000000.0,0.0,0.0,19000000.0,57611000.0,63427
Nandurbar,2013,Navapur,9000000.0,0.0,9000000.0,0.0,0.0,9000000.0,13180000.0,51273
Nandurbar,2014,Akkalkuva,2500000.0,0.0,2500000.0,0.0,0.0,2500000.0,4835000.0,17942
Nandurbar,2014,Akrani,431000.0,0.0,431000.0,0.0,0.0,431000.0,7977000.0,1235
Nandurbar,2014,Taloda,8500000.0,0.0,8500000.0,0.0,0.0,8500000.0,6870000.0,12160
Nandurbar,2014,Shahada,19569000.0,0.0,19569000.0,0.0,0.0,19569000.0,31857000.0,53459
Nandurbar,2014,Nandurbar,20000000.0,0.0,20000000.0,0.0,0.0,20000000.0,34442000.0,63427
Nandurbar,2014,Navapur,9000000.0,0.0,9000000.0,0.0,0.0,9000000.0,16969000.0,51273
Nandurbar,2015,Akkalkuva,800000.0,0.0,800000.0,0.0,0.0,800000.0,5604000.0,17942
Nandurbar,2015,Akrani,100000.0,0.0,100000.0,0.0,0.0,100000.0,6130000.0,1235
Nandurbar,2015,Taloda,1300000.0,0.0,1300000.0,0.0,0.0,1300000.0,10977000.0,12160
Nandurbar,2015,Shahada,8000000.0,0.0,8000000.0,0.0,0.0,8000000.0,35286000.0,53459
Nandurbar,2015,Nandurbar,8289000.0,0.0,8289000.0,0.0,0.0,8289000.0,52230000.0,63427
Nandurbar,2015,Navapur,2000000.0,0.0,2000000.0,0.0,0.0,2000000.0,25732000.0,51273
Nandurbar,2016,Akkalkuva,800000.0,0.0,800000.0,0.0,0.0,800000.0,7184000.0,17942
Nandurbar,2016,Akrani,100000.0,0.0,100000.0,0.0,0.0,100000.0,3025000.0,1235
Nandurbar,2016,Taloda,1300000.0,0.0,1300000.0,0.0,0.0,1300000.0,24892000.0,12160
Nandurbar,2016,Shahada,8000000.0,0.0,8000000.0,0.0,0.0,8000000.0,25590000.0,53459
Nandurbar,2016,Nandurbar,8289000.0,0.0,8289000.0,0.0,0.0,8289000.0,76139000.0,63427
Nandurbar,2016,Navapur,2000000.0,0.0,2000000.0,0.0,0.0,2000000.0,25287000.0,51273
Nandurbar,2017,Akkalkuva,1078000.0,642000.0,1720000.0,239000.0,0.0,1481000.0,1084000.0,17942
Nandurbar,2017,Akrani,500000.0,0.0,500000.0,0.0,0.0,500000.0,690000.0,1235
Nandurbar,2017,Taloda,7621000.0,0.0,7621000.0,0.0,0.0,7621000.0,15746000.0,12160
Nandurbar,2017,Shahada,31377000.0,0.0,31377000.0,0.0,0.0,31377000.0,41754000.0,53459
Nandurbar,2017,Nandurbar,11181000.0,190000.0,11371000.0,0.0,0.0,11371000.0,11371000.0,63427
Nandurbar,2017,Navapur,3298000.0,0.0,3298000.0,0.0,0.0,3298000.0,76554000.0,51273
Nandurbar,2018,Akkalkuva,923000.0,407000.0,1330000.0,172000.0,33000.0,1125000.0,847000.0,20605
Nandurbar,2018,Akrani,500000.0,0.0,500000.0,0.0,0.0,500000.0,761580.0,15554
Nandurbar,2018,Taloda,12000000.0,0.0,12000000.0,0.0,0.0,12000000.0,12588000.0,12160
Nandurbar,2018,Shahada,21746000.0,838000.0,22584000.0,447000.0,0.0,22137000.0,21397000.0,49255
Nandurbar,2018,Nandurbar,14082000.0,0.0,14082000.0,0.0,0.0,14082000.0,14082000.0,48846
Nandurbar,2018,Navapur,25500000.0,0.0,25500000.0,79000.0,0.0,25421000.0,51729700.0,34919
Nandurbar,2019,Akkalkuva,874000.0,407000.0,1281000.0,107000.0,1000.0,1173000.0,1011000.0,19003
Nandurbar,2019,Akrani,2000000.0,0.0,2000000.0,0.0,0.0,2000000.0,2717000.0,10571
Nandurbar,2019,Taloda,8100000.0,0.0,8100000.0,0.0,0.0,8100000.0,10490000.0,15352
Nandurbar,2019,Shahada,23500000.0,746000.0,24246000.0,447000.0,0.0,23799000.0,25052000.0,49255
Nandurbar,2019,Nandurbar,10113000.0,412000.0,10525000.0,671000.0,297000.0,9557000.0,6150000.0,63725
Nandurbar,2019,Navapur,3175000.0,0.0,3175000.0,0.0,0.0,3175000.0,3902000.0,26580
Nandurbar,2020,Akkalkuva,2671000.0,95000.0,2766000.0,91000.0,0.0,2675000.0,582000.0,20625
Nandurbar,2020,Akrani,4000000.0,0.0,4000000.0,0.0,0.0,4000000.0,2127000.0,15554
Nandurbar,2020,Taloda,13000000.0,0.0,13000000.0,0.0,0.0,13000000.0,16713000.0,18814
Nandurbar,2020,Shahada,38284000.0,0.0,38284000.0,449000.0,0.0,37835000.0,41673000.0,54974
Nandurbar,2020,Nandurbar,6685000.0,534000.0,7219000.0,619000.0,0.0,6600000.0,5867000.0,86328
Nandurbar,2020,Navapur,47000000.0,0.0,47000000.0,0.0,0.0,47000000.0,55231000.0,26580
Nandurbar,2021,Akkalkuva,0.0,0.0,0.0,0.0,0.0,0.0,0.0,
Nandurbar,2021,Akrani,0.0,0.0,0.0,0.0,0.0,0.0,0.0,
Nandurbar,2021,Taloda,0.0,0.0,0.0,0.0,0.0,0.0,0.0,
Nandurbar,2021,Shahada,0.0,0.0,0.0,0.0,0.0,0.0,0.0,
Nandurbar,2021,Nandurbar,0.0,0.0,0.0,0.0,0.0,0.0,0.0,
Nandurbar,2021,Navapur,0.0,0.0,0.0,0.0,0.0,0.0,0.0,
Nashik,2012,Surgana,586230.0,,586230.0,250590.0,,335640.0,1806160.0,21844
Nashik,2012,Kalwan,2496740.0,,2496740.0,,,2293440.0,2385820.0,17240
Nashik,2012,Devala,2216270.0,,2216270.0,,,2216270.0,5287140.0,34485
Nashik,2012,Baglan,,,7287030.0,,,,,71398
Nashik,2012,Malegaon,22006250.0,28318870.0,50325120.0,1078520.0,,49246600.0,57613410.0,68428
Nashik,2012,Nandgaon,9088850.0,,9088850.0,,,9088850.0,30775550.0,55160
Nashik,2012,Chandwad,7281350.0,1244180.0,8525530.0,,,8525530.0,14074840.0,50074
Nashik,2012,Dindori,12780330.0,,12780330.0,558600.0,,12221730.0,22936930.0,54553
Nashik,2012,Peth,272520.0,,272520.0,,,272520.0,76520.0,13365
Nashik,2012,Trimbak,3145680.0,,3145680.0,,,3145680.0,11976900.0,13249
Nashik,2012,Nashik,40777040.0,67495100.0,108272140.0,,,108272140.0,39750350.0,46085
Nashik,2012,Igatpuri,7735180.0,,7735180.0,,,7735180.0,19295940.0,26706
Nashik,2012,Sinner,4587580.0,,4587580.0,,,4587580.0,26162770.0,85778
Nashik,2012,Nifad,29861640.0,3288450.0,33150090.0,,,33150090.0,57884570.0,88859
Nashik,2012,Yewala,14178000.0,,14178000.0,,,14178000.0,22691730.0,44125
Nashik,2013,Surgana,586230.0,,586230.0,250590.0,,335640.0,1806160.0,21844
Nashik,2013,Kalwan,2496740.0,,2496740.0,,,2293440.0,2385820.0,17240
Nashik,2013,Devala,2216270.0,,2216270.0,,,2216270.0,5287140.0,34485
Nashik,2013,Baglan,,,7287030.0,,,,,71398
Nashik,2013,Malegaon,22006250.0,28318870.0,50325120.0,1078520.0,,49246600.0,57613410.0,68428
Nashik,2013,Nandgaon,9088850.0,,9088850.0,,,9088850.0,30775550.0,55160
Nashik,2013,Chandwad,7281350.0,1244180.0,8525530.0,,,8525530.0,14074840.0,50074
Nashik,2013,Dindori,12780330.0,,12780330.0,558600.0,,12221730.0,22936930.0,54553
Nashik,2013,Peth,272520.0,,272520.0,,,272520.0,76520.0,13365
Nashik,2013,Trimbak,3145680.0,,3145680.0,,,3145680.0,11976900.0,13249
Nashik,2013,Nashik,40777040.0,67495100.0,108272140.0,,,108272140.0,39750350.0,46085
Nashik,2013,Igatpuri,7735180.0,,7735180.0,,,7735180.0,19295940.0,26706
Nashik,2013,Sinner,4587580.0,,4587580.0,,,4587580.0,26162770.0,85778
Nashik,2013,Nifad,29861640.0,3288450.0,33150090.0,,,33150090.0,57884570.0,88859
Nashik,2013,Yewala,14178000.0,,14178000.0,,,14178000.0,22691730.0,44125
Nashik,2014,Surgana,327120.0,0.0,327120.0,0.0,0.0,327120.0,3492750.0,23900
Nashik,2014,Kalwan,2287050.0,0.0,2287050.0,0.0,0.0,2287050.0,8764270.0,29621
Nashik,2014,Devala,2321470.0,0.0,2321470.0,6170.0,0.0,2315300.0,2315290.0,6458
Nashik,2014,Baglan,11976910.0,0.0,11976910.0,0.0,0.0,11976910.0,12256720.0,66355
Nashik,2014,Malegaon,17323790.0,12245190.0,29568980.0,0.0,0.0,29568980.0,78167000.0,74385
Nashik,2014,Nandgaon,11173950.0,0.0,11173950.0,0.0,0.0,11173950.0,19247160.0,55120
Nashik,2014,Chandwad,3168060.0,0.0,3168060.0,37880.0,0.0,3130180.0,12184920.0,51030
Nashik,2014,Dindori,15298450.0,0.0,15298450.0,0.0,0.0,15298450.0,21039080.0,51638
Nashik,2014,Peth,253110.0,0.0,253110.0,200310.0,0.0,52800.0,1802000.0,14801
Nashik,2014,Trimbak,12039000.0,0.0,12039000.0,0.0,0.0,12039000.0,18979170.0,17835
Nashik,2014,Nashik,191313830.0,67439400.0,258753200.0,0.0,0.0,258753230.0,366881220.0,55785
Nashik,2014,Igatpuri,7695560.0,0.0,7695560.0,0.0,0.0,7695560.0,27564060.0,39193
Nashik,2014,Sinner,19183140.0,9506190.0,28689330.0,0.0,0.0,28689330.0,70493980.0,66045
Nashik,2014,Nifad,31088650.0,206130.0,31294780.0,201520.0,0.0,31093260.0,59415170.0,21460
Nashik,2014,Yewala,13458420.0,0.0,13458420.0,0.0,0.0,13458420.0,40509060.0,54006
Nashik,2015,Surgana,1090000.0,0.0,1090000.0,27950.0,0.0,1062050.0,28103360.0,23900
Nashik,2015,Kalwan,12295000.0,0.0,12295000.0,0.0,0.0,12295000.0,37944990.0,29621
Nashik,2015,Devala,1576740.0,0.0,1576740.0,6170.0,0.0,1570570.0,30071460.0,6458
Nashik,2015,Baglan,29534000.0,0.0,29534000.0,0.0,0.0,29534000.0,81835650.0,66355
Nashik,2015,Malegaon,64800000.0,21710280.0,86510280.0,0.0,0.0,86510280.0,62934520.0,74385
Nashik,2015,Nandgaon,8777000.0,0.0,8777000.0,0.0,0.0,8777000.0,55770670.0,55120
Nashik,2015,Chandwad,17593000.0,0.0,17593000.0,36830.0,0.0,17556170.0,57268330.0,52080
Nashik,2015,Dindori,36415000.0,572430.0,36987430.0,0.0,0.0,36987430.0,88463370.0,52843
Nashik,2015,Peth,253105000.0,0.0,253105000.0,0.0,0.0,253105000.0,7068050.0,15270
Nashik,2015,Trimbak,17495000.0,0.0,17495000.0,0.0,0.0,17495000.0,73884040.0,17853
Nashik,2015,Nashik,1430000.0,30221330.0,31651330.0,0.0,0.0,31651330.0,744454350.0,55785
Nashik,2015,Igatpuri,20636000.0,0.0,20636000.0,0.0,0.0,20636000.0,78531570.0,39193
Nashik,2015,Sinner,164195000.0,12952590.0,177147590.0,165290.0,0.0,176982300.0,195884200.0,66045
Nashik,2015,Nifad,88779000.0,309960.0,89088960.0,204790.0,0.0,88884170.0,121399930.0,21460
Nashik,2015,Yewala,26082000.0,0.0,26082000.0,0.0,0.0,26082000.0,55389990.0,54006
Nashik,2016,Surgana,11090000.0,0.0,11090000.0,0.0,0.0,11090000.0,35268000.0,23900
Nashik,2016,Kalwan,15478000.0,0.0,15478000.0,0.0,0.0,15478000.0,10760000.0,29621
Nashik,2016,Devala,7175000.0,0.0,7175000.0,0.0,0.0,7175000.0,11597000.0,6458
Nashik,2016,Baglan,32718000.0,0.0,32718000.0,0.0,0.0,32718000.0,33409000.0,66355
Nashik,2016,Malegaon,67984000.0,0.0,67984000.0,0.0,0.0,67984000.0,76490000.0,74385
Nashik,2016,Nandgaon,11960000.0,0.0,11960000.0,0.0,0.0,11960000.0,29380000.0,55120
Nashik,2016,Chandwad,20776000.0,0.0,20776000.0,0.0,0.0,20776000.0,22640000.0,52080
Nashik,2016,Dindori,39599000.0,0.0,39599000.0,0.0,0.0,39599000.0,79410000.0,52843
Nashik,2016,Peth,4658000.0,0.0,4658000.0,0.0,0.0,4658000.0,3919000.0,15270
Nashik,2016,Trimbak,20777000.0,0.0,20777000.0,0.0,0.0,20777000.0,23288000.0,17853
Nashik,2016,Nashik,493452000.0,0.0,493452000.0,0.0,0.0,493452000.0,441697000.0,55785
Nashik,2016,Igatpuri,23820000.0,0.0,23820000.0,0.0,0.0,23820000.0,29529000.0,39193
Nashik,2016,Sinner,43529000.0,0.0,43529000.0,0.0,0.0,43529000.0,31551000.0,66045
Nashik,2016,Nifad,91963000.0,0.0,91963000.0,0.0,0.0,91963000.0,45051000.0,21460
Nashik,2016,Yewala,29265000.0,0.0,29265000.0,0.0,0.0,29265000.0,32175000.0,54006
Nashik,2017,Surgana,8543000.0,0.0,8543000.0,0.0,0.0,8543000.0,8695000.0,23900
Nashik,2017,Kalwan,11923000.0,0.0,11923000.0,0.0,0.0,11923000.0,6200000.0,29621
Nashik,2017,Devala,5526000.0,0.0,5526000.0,0.0,0.0,5526000.0,10786000.0,6458
Nashik,2017,Baglan,19203000.0,0.0,19203000.0,0.0,0.0,19203000.0,31230000.0,66355
Nashik,2017,Malegaon,52368000.0,0.0,52368000.0,0.0,0.0,52368000.0,103533000.0,74385
Nashik,2017,Nandgaon,9213000.0,0.0,9213000.0,0.0,0.0,9213000.0,23660000.0,55120
Nashik,2017,Chandwad,16004000.0,0.0,16004000.0,0.0,0.0,16004000.0,32632000.0,52080
Nashik,2017,Dindori,30503000.0,0.0,30503000.0,0.0,0.0,30503000.0,45439000.0,52843
Nashik,2017,Peth,3588000.0,0.0,3588000.0,0.0,0.0,3588000.0,2100000.0,15270
Nashik,2017,Trimbak,16005000.0,0.0,16005000.0,0.0,0.0,16005000.0,22490000.0,17853
Nashik,2017,Nashik,386107000.0,0.0,386107000.0,0.0,0.0,386107000.0,523417000.0,55785
Nashik,2017,Igatpuri,18349000.0,0.0,18349000.0,0.0,0.0,18349000.0,20364000.0,39193
Nashik,2017,Sinner,41233000.0,0.0,41233000.0,0.0,0.0,41233000.0,88490000.0,66045
Nashik,2017,Nifad,63136000.0,0.0,63136000.0,0.0,0.0,63136000.0,59497000.0,21460
Nashik,2017,Yewala,22543000.0,0.0,22543000.0,0.0,0.0,22543000.0,33016000.0,54006
Nashik,2018,Surgana,7130000.0,0.0,7130000.0,0.0,0.0,7130000.0,14074030.0,23900
Nashik,2018,Kalwan,6930000.0,0.0,6930000.0,0.0,0.0,6930000.0,4813420.0,29621
Nashik,2018,Devala,7848000.0,0.0,7848000.0,0.0,0.0,7848000.0,7744590.0,6458
Nashik,2018,Baglan,19767000.0,0.0,19767000.0,0.0,0.0,19767000.0,14440150.0,66355
Nashik,2018,Malegaon,44361000.0,0.0,44361000.0,0.0,0.0,44361000.0,40991610.0,74385
Nashik,2018,Nandgaon,13082000.0,0.0,13082000.0,0.0,0.0,13082000.0,18477570.0,55120
Nashik,2018,Chandwad,17725000.0,0.0,17725000.0,0.0,0.0,17725000.0,29339600.0,52080
Nashik,2018,Dindori,43313000.0,0.0,43313000.0,0.0,0.0,43313000.0,47402400.0,52843
Nashik,2018,Peth,3095000.0,0.0,3095000.0,0.0,0.0,3095000.0,625540.0,15270
Nashik,2018,Trimbak,17726000.0,0.0,17726000.0,0.0,0.0,17726000.0,8225389.999999999,17853
Nashik,2018,Nashik,361758000.0,0.0,361758000.0,0.0,0.0,361758000.0,367082950.0,55785
Nashik,2018,Igatpuri,31054000.0,0.0,31054000.0,0.0,0.0,31054000.0,49038340.0,39193
Nashik,2018,Sinner,48550000.0,0.0,48550000.0,0.0,0.0,48550000.0,84280310.0,66045
Nashik,2018,Nifad,49651000.0,0.0,49651000.0,0.0,0.0,49651000.0,25283390.0,21460
Nashik,2018,Yewala,22010000.0,0.0,22010000.0,0.0,0.0,22010000.0,9483670.0,54006
Nashik,2019,Surgana,7844000.0,0.0,7844000.0,0.0,0.0,7844000.0,7555000.0,23900
Nashik,2019,Kalwan,7623000.0,0.0,7623000.0,0.0,0.0,7623000.0,3450000.0,29621
Nashik,2019,Devala,8632000.0,0.0,8632000.0,0.0,0.0,8632000.0,10240000.0,6458
Nashik,2019,Baglan,21745000.0,0.0,21745000.0,0.0,0.0,21745000.0,20117000.0,66355
Nashik,2019,Malegaon,48799000.0,0.0,48799000.0,0.0,0.0,48799000.0,59246000.0,74385
Nashik,2019,Nandgaon,14391000.0,0.0,14391000.0,0.0,0.0,14391000.0,30695000.0,55120
Nashik,2019,Chandwad,19497000.0,0.0,19497000.0,0.0,0.0,19497000.0,21812000.0,52080
Nashik,2019,Dindori,47646000.0,0.0,47646000.0,0.0,0.0,47646000.0,44181000.0,52843
Nashik,2019,Peth,3405000.0,0.0,3405000.0,0.0,0.0,3405000.0,2021000.0,15270
Nashik,2019,Trimbak,19499000.0,0.0,19499000.0,0.0,0.0,19499000.0,19973000.0,17853
Nashik,2019,Nashik,397946000.0,0.0,397946000.0,0.0,0.0,397946000.0,396592000.0,55785
Nashik,2019,Igatpuri,34161000.0,0.0,34161000.0,0.0,0.0,34161000.0,55568000.0,39193
Nashik,2019,Sinner,53407000.0,0.0,54307000.0,0.0,0.0,54307000.0,96889000.0,66045
Nashik,2019,Nifad,54618000.0,0.0,54618000.0,0.0,0.0,54618000.0,34419000.0,21460
Nashik,2019,Yewala,24212000.0,0.0,24212000.0,0.0,0.0,24212000.0,8313000.0,54006
Nashik,2020,Surgana,8887000.0,0.0,8887000.0,0.0,0.0,8887000.0,8642000.0,23900
Nashik,2020,Kalwan,8637000.0,0.0,8637000.0,0.0,0.0,8637000.0,8709000.0,29621
Nashik,2020,Devala,9783000.0,0.0,9783000.0,0.0,0.0,9783000.0,14060000.0,6458
Nashik,2020,Baglan,24638000.0,0.0,24638000.0,0.0,0.0,24638000.0,38072000.0,66355
Nashik,2020,Malegaon,55291000.0,0.0,55291000.0,0.0,0.0,55291000.0,97970000.0,74385
Nashik,2020,Nandgaon,16305000.0,0.0,16305000.0,0.0,0.0,16305000.0,33077000.0,55120
Nashik,2020,Chandwad,22092000.0,0.0,22092000.0,0.0,0.0,22092000.0,28710000.0,52080
Nashik,2020,Dindori,53986000.0,0.0,53986000.0,0.0,0.0,53986000.0,114631000.0,52843
Nashik,2020,Peth,3858000.0,0.0,3858000.0,0.0,0.0,3858000.0,6233000.0,15270
Nashik,2020,Trimbak,22093000.0,0.0,22093000.0,0.0,0.0,22093000.0,34616000.0,17853
Nashik,2020,Nashik,450893000.0,0.0,450893000.0,0.0,0.0,450893000.0,475652000.0,55785
Nashik,2020,Igatpuri,38706000.0,0.0,38706000.0,0.0,0.0,38706000.0,70937000.0,39193
Nashik,2020,Sinner,60513000.0,0.0,60513000.0,0.0,0.0,60513000.0,86696000.0,66045
Nashik,2020,Nifad,61885000.0,0.0,61885000.0,0.0,0.0,61885000.0,74424000.0,21460
Nashik,2020,Yewala,27433000.0,0.0,27433000.0,0.0,0.0,27433000.0,15517000.0,54006
Nashik,2021,Surgana,7000000.0,0.0,7000000.0,198240.0,0.0,6801760.0,13945740.0,21069
Nashik,2021,Kalwan,13300000.0,0.0,13300000.0,474980.0,0.0,12825020.0,13765310.0,37793
Nashik,2021,Devala,3935020.0,3590520.0,7525540.0,420450.0,0.0,7105090.0,3573530.0,3353
Nashik,2021,Baglan,3916140.0,367500.0,4283640.0,1106460.0,0.0,3177170.0,51809790.0,78081
Nashik,2021,Malegaon,76704000.0,0.0,76704000.0,0.0,0.0,76704000.0,130270000.0,0
Nashik,2021,Nandgaon,,,,,,,,0
Nashik,2021,Chandwad,11293630.0,629030.0,11922660.0,0.0,0.0,11922660.0,14485870.0,11520
Nashik,2021,Dindori,10531970.0,1535170.0,12067140.0,1116920.0,0.0,10950220.0,9089540.0,37006
Nashik,2021,Peth,151320.0,0.0,151320.0,28650.0,0.0,122670.0,122670.0,0
Nashik,2021,Trimbak,6733510.0,394120.0,7127630.0,273450.0,0.0,6854180.0,5842610.0,32598
Nashik,2021,Nashik,124292630.0,24953690.0,149246320.0,290390.0,55150.0,148900770.0,84354700.0,76979
Nashik,2021,Igatpuri,7388230.0,1709540.0,9097770.0,437780.0,0.0,8659980.0,27751200.0,32670
Nashik,2021,Sinner,10661160.0,0.0,10661160.0,0.0,0.0,10661160.0,11685430.0,0
Nashik,2021,Nifad,15696340.0,4678790.0,20375130.0,1225210.0,0.0,19149920.0,74424000.0,118354
Nashik,2021,Yewala,4584700.0,790480.0,5375180.0,473410.0,0.0,4901770.0,4439550.0,30576
Dharashiv,2012,Paranda,4008000.0,0.0,4008000.0,0.0,0.0,4008000.0,53000.0,60342
Dharashiv,2012,Bhum,3753000.0,0.0,3753000.0,0.0,0.0,3753000.0,4971000.0,6967
Dharashiv,2012,Washi,1417000.0,0.0,1417000.0,0.0,0.0,1417000.0,3158000.0,7733
Dharashiv,2012,Kalamb,5146000.0,0.0,5146000.0,0.0,0.0,5146000.0,5910000.0,38865
Dharashiv,2012,Dharashiv,9136000.0,0.0,9136000.0,150000.0,0.0,8986000.0,18890000.0,58343
Dharashiv,2012,Tuljapur,52000.0,0.0,52000.0,0.0,0.0,52000.0,291000.0,10187
Dharashiv,2012,Lohara,1141000.0,0.0,1141000.0,0.0,0.0,1141000.0,1289000.0,58541
Dharashiv,2012,Umaraga,4762000.0,0.0,4762000.0,0.0,0.0,4762000.0,9342000.0,275000
Dharashiv,2013,Paranda,2862000.0,3955000.0,6817000.0,0.0,0.0,6817000.0,6740000.0,35660
Dharashiv,2013,Bhum,3228000.0,0.0,3228000.0,0.0,0.0,3228000.0,2454000.0,4127
Dharashiv,2013,Washi,1564000.0,0.0,1564000.0,0.0,0.0,1564000.0,951000.0,17593
Dharashiv,2013,Kalamb,5013000.0,0.0,5013000.0,50130.0,0.0,4962870.0,4882870.0,37313
Dharashiv,2013,Dharashiv,9733000.0,0.0,9733000.0,0.0,0.0,9733000.0,1795000.0,73094
Dharashiv,2013,Tuljapur,4043000.0,0.0,4043000.0,0.0,0.0,4043000.0,187000.0,17078
Dharashiv,2013,Lohara,2023000.0,0.0,2023000.0,0.0,0.0,2023000.0,2005000.0,32343
Dharashiv,2013,Umaraga,6030000.0,0.0,6030000.0,0.0,0.0,6030000.0,6019000.0,154200
Dharashiv,2014,Paranda,1716000.0,77000.0,1793000.0,0.0,0.0,1793000.0,4774000.0,10978
Dharashiv,2014,Bhum,2704000.0,774000.0,3478000.0,0.0,0.0,3478000.0,3646000.0,1287
Dharashiv,2014,Washi,1711000.0,613000.0,2324000.0,0.0,0.0,2324000.0,1660000.0,27453
Dharashiv,2014,Kalamb,4905000.0,80000.0,4985000.0,0.0,0.0,4985000.0,4659000.0,35761
Dharashiv,2014,Dharashiv,10330000.0,7938000.0,18268000.0,0.0,0.0,18268000.0,18368000.0,87844
Dharashiv,2014,Tuljapur,4034000.0,3856000.0,7890000.0,72000.0,0.0,7818000.0,6127000.0,23968
Dharashiv,2014,Lohara,2905000.0,18000.0,2923000.0,0.0,0.0,2923000.0,2924000.0,6145
Dharashiv,2014,Umaraga,7298000.0,11000.0,7309000.0,38000.0,0.0,7271000.0,7401000.0,33399
Dharashiv,2015,Paranda,2819000.0,115000.0,2934000.0,62000.0,0.0,2872000.0,3821000.0,35761
Dharashiv,2015,Bhum,3063000.0,672000.0,3735000.0,50000.0,0.0,3685000.0,2509000.0,1287
Dharashiv,2015,Washi,1965000.0,510000.0,2475000.0,73000.0,0.0,2402000.0,5024000.0,10978
Dharashiv,2015,Kalamb,5641000.0,318000.0,5959000.0,48000.0,0.0,5911000.0,2307000.0,27453
Dharashiv,2015,Dharashiv,11183000.0,2741000.0,13924000.0,459000.0,0.0,13465000.0,15881000.0,87844
Dharashiv,2015,Tuljapur,9758000.0,4544000.0,14302000.0,90000.0,0.0,14212000.0,6671000.0,23968
Dharashiv,2015,Lohara,1111000.0,272000.0,1383000.0,42000.0,0.0,1341000.0,2179000.0,6145
Dharashiv,2015,Umaraga,10763000.0,843000.0,11606000.0,65000.0,0.0,11541000.0,9576000.0,33399
Dharashiv,2016,Paranda,7364000.0,0.0,7364000.0,0.0,0.0,7364000.0,3419000.0,1401
Dharashiv,2016,Bhum,10177000.0,1176000.0,11353000.0,0.0,0.0,11353000.0,3781000.0,1287
Dharashiv,2016,Washi,2020000.0,0.0,2020000.0,0.0,0.0,2020000.0,2788000.0,28385
Dharashiv,2016,Kalamb,4823000.0,3604000.0,8427000.0,0.0,0.0,8427000.0,7466000.0,35761
Dharashiv,2016,Dharashiv,18098000.0,0.0,18098000.0,0.0,0.0,18098000.0,23700000.0,33396
Dharashiv,2016,Tuljapur,12715000.0,7541000.0,20256000.0,0.0,0.0,20256000.0,19323000.0,23968
Dharashiv,2016,Lohara,9090000.0,0.0,9090000.0,0.0,0.0,9090000.0,2261000.0,6145
Dharashiv,2016,Umaraga,12767000.0,1965000.0,14732000.0,0.0,0.0,14732000.0,9960000.0,26926
Dharashiv,2017,Paranda,6174000.0,1278000.0,7452000.0,0.0,0.0,7452000.0,7509000.0,1401
Dharashiv,2017,Bhum,5143000.0,1811000.0,6954000.0,0.0,0.0,6954000.0,8318000.0,1287
Dharashiv,2017,Washi,1637000.0,25252000.0,26889000.0,0.0,0.0,26889000.0,5180000.0,28385
Dharashiv,2017,Kalamb,18373000.0,0.0,18373000.0,0.0,0.0,18373000.0,12151000.0,35761
Dharashiv,2017,Dharashiv,11998000.0,3048000.0,15046000.0,0.0,0.0,15046000.0,50668000.0,33396
Dharashiv,2017,Tuljapur,7582000.0,4640000.0,12222000.0,0.0,0.0,12222000.0,21659000.0,23968
Dharashiv,2017,Lohara,861000.0,0.0,861000.0,0.0,0.0,861000.0,1912000.0,6145
Dharashiv,2017,Umaraga,12767000.0,0.0,12767000.0,0.0,0.0,12767000.0,14704000.0,26926
Dharashiv,2018,Paranda,9125000.0,0.0,9125000.0,0.0,0.0,9125000.0,9125000.0,1401
Dharashiv,2018,Bhum,15164000.0,0.0,15164000.0,0.0,0.0,15164000.0,15164000.0,1287
Dharashiv,2018,Washi,7677000.0,0.0,7677000.0,0.0,0.0,7677000.0,7677000.0,28385
Dharashiv,2018,Kalamb,18689000.0,0.0,18689000.0,0.0,0.0,18689000.0,18689000.0,35761
Dharashiv,2018,Dharashiv,27195000.0,0.0,27195000.0,0.0,0.0,27195000.0,27195000.0,33396
Dharashiv,2018,Tuljapur,21722000.0,0.0,21722000.0,0.0,0.0,21722000.0,21722000.0,23968
Dharashiv,2018,Lohara,623000.0,0.0,623000.0,0.0,0.0,623000.0,623000.0,6145
Dharashiv,2018,Umaraga,17654000.0,0.0,17654000.0,0.0,0.0,17654000.0,17654000.0,26926
Dharashiv,2019,Paranda,329000.0,0.0,329000.0,0.0,0.0,329000.0,4379000.0,11125
Dharashiv,2019,Bhum,6993000.0,0.0,6993000.0,0.0,0.0,6993000.0,6511000.0,26250
Dharashiv,2019,Washi,1332000.0,280000.0,1612000.0,0.0,0.0,1612000.0,3263000.0,7124
Dharashiv,2019,Kalamb,1071000.0,70000.0,1141000.0,0.0,0.0,1141000.0,1975000.0,11296
Dharashiv,2019,Dharashiv,5486000.0,0.0,5486000.0,0.0,0.0,5486000.0,1030000.0,52372
Dharashiv,2019,Tuljapur,7872000.0,4640000.0,12512000.0,0.0,0.0,12512000.0,2012000.0,77789
Dharashiv,2019,Lohara,1172000.0,0.0,1172000.0,0.0,0.0,1172000.0,3609000.0,4121
Dharashiv,2019,Umaraga,5785000.0,0.0,5785000.0,0.0,0.0,5785000.0,1911000.0,58260
Dharashiv,2020,Paranda,25219000.0,0.0,25219000.0,0.0,0.0,25219000.0,25176000.0,52373
Dharashiv,2020,Bhum,8472000.0,3540000.0,12012000.0,0.0,0.0,12012000.0,22527000.0,77789
Dharashiv,2020,Washi,5713000.0,0.0,5713000.0,0.0,0.0,5713000.0,5713000.0,58250
Dharashiv,2020,Kalamb,2450000.0,0.0,2450000.0,0.0,0.0,2450000.0,4485000.0,3927
Dharashiv,2020,Dharashiv,7875000.0,0.0,7875000.0,0.0,0.0,7875000.0,8049000.0,27850
Dharashiv,2020,Tuljapur,2768000.0,0.0,2768000.0,0.0,0.0,2768000.0,4315000.0,9467
Dharashiv,2020,Lohara,80000.0,0.0,80000.0,0.0,0.0,80000.0,121000.0,10842
Dharashiv,2020,Umaraga,12223000.0,4680000.0,16903000.0,0.0,0.0,16911000.0,5453000.0,7124
Dharashiv,2021,Paranda,2738000.0,0.0,2738000.0,0.0,0.0,2738000.0,10919000.0,10346
Dharashiv,2021,Bhum,7875000.0,0.0,7875000.0,0.0,0.0,7875000.0,13438000.0,64242
Dharashiv,2021,Washi,1651000.0,0.0,1651000.0,0.0,0.0,1651000.0,7620000.0,32212
Dharashiv,2021,Kalamb,4652000.0,0.0,4652000.0,0.0,0.0,4652000.0,12857000.0,75893
Dharashiv,2021,Dharashiv,25310000.0,0.0,25310000.0,0.0,0.0,25310000.0,34008000.0,52373
Dharashiv,2021,Tuljapur,9572000.0,0.0,9572000.0,0.0,0.0,9572000.0,26092000.0,79250
Dharashiv,2021,Lohara,1045000.0,0.0,1045000.0,0.0,0.0,1045000.0,7416000.0,31107
Dharashiv,2021,Umaraga,6014000.0,0.0,6014000.0,0.0,0.0,6014000.0,17271000.0,58260
Palghar,2014,Talasari,32275000.0,0.0,32275000.0,0.0,0.0,32275000.0,76800000.0,47599
Palghar,2014,Dahanu,13107000.0,0.0,13107000.0,0.0,0.0,13107000.0,65728000.0,124856
Palghar,2014,Vikramgad,8233000.0,0.0,8233000.0,0.0,0.0,8233000.0,17888000.0,29759
Palghar,2014,Javhar,4257000.0,0.0,4257000.0,0.0,0.0,4257000.0,990000.0,10495
Palghar,2014,Mokhada,3764000.0,0.0,3764000.0,0.0,0.0,3764000.0,2501000.0,9665
Palghar,2014,Wada,249000.0,0.0,249000.0,0.0,0.0,249000.0,252000.0,5695
Palghar,2014,Palghar,1661000.0,0.0,1661000.0,0.0,0.0,1661000.0,4634000.0,11275
Palghar,2014,Vasai,10670000.0,0.0,10670000.0,0.0,0.0,10670000.0,38430000.0,23771
Palghar,2015,Talasari,193700000.0,0.0,193700000.0,200000.0,0.0,193500000.0,252377000.0,
Palghar,2015,Dahanu,300000000.0,0.0,300000000.0,212700.0,0.0,299787300.0,333160000.0,
Palghar,2015,Vikramgad,30000000.0,0.0,30000000.0,312910.0,0.0,29687090.0,66224000.0,
Palghar,2015,Javhar,3000000.0,0.0,3000000.0,260190.0,0.0,2739810.0,316000.0,
Palghar,2015,Mokhada,12500000.0,0.0,12500000.0,36870.0,0.0,12463130.0,7686000.0,
Palghar,2015,Wada,2500000.0,0.0,2500000.0,74510.0,0.0,2425490.0,1258000.0,
Palghar,2015,Palghar,3500000.0,0.0,3500000.0,136400.0,0.0,3363600.0,2516000.0,
Palghar,2015,Vasai,70000000.0,0.0,70000000.0,115000.0,0.0,69885000.0,51901000.0,
Palghar,2016,Talasari,7686000.0,0.0,7686000.0,36870.0,0.0,7649130.0,11239000.0,
Palghar,2016,Dahanu,66224000.0,0.0,66224000.0,312910.0,0.0,65911090.0,72176000.0,
Palghar,2016,Vikramgad,2516000.0,0.0,2516000.0,136400.0,0.0,2379600.0,6860000.0,
Palghar,2016,Javhar,316000.0,0.0,316000.0,260190.0,0.0,55810.0,1308000.0,
Palghar,2016,Mokhada,1258000.0,0.0,1258000.0,74510.0,0.0,1183490.0,2052000.0,
Palghar,2016,Wada,51901000.0,0.0,51901000.0,115000.0,0.0,51786000.0,31834000.0,
Palghar,2016,Palghar,252377000.0,0.0,252377000.0,200000.0,0.0,252177000.0,556182000.0,
Palghar,2016,Vasai,333160000.0,0.0,333160000.0,212700.0,0.0,332947300.0,253739000.0,
Palghar,2017,Talasari,13900000.0,0.0,13900000.0,36870.0,0.0,13863130.0,15185000.0,
Palghar,2017,Dahanu,50000000.0,0.0,50000000.0,312910.0,0.0,49687090.0,22919000.0,
Palghar,2017,Vikramgad,9000000.0,0.0,9000000.0,136400.0,0.0,8863600.0,3906000.0,
Palghar,2017,Javhar,6000000.0,0.0,6000000.0,260190.0,0.0,5739810.0,8056000.0,
Palghar,2017,Mokhada,4000000.0,0.0,4000000.0,74510.0,0.0,3925490.0,432000.0,
Palghar,2017,Wada,76600000.0,0.0,76600000.0,115000.0,0.0,76485000.0,48749000.0,
Palghar,2017,Palghar,483600000.0,0.0,483600000.0,200000.0,0.0,483400000.0,713211000.0,
Palghar,2017,Vasai,306900000.0,0.0,306900000.0,217210.0,0.0,306682790.0,171768000.0,
Palghar,2018,Talasari,30000000.0,0.0,30000000.0,97330.0,0.0,29902670.0,16713000.0,
Palghar,2018,Dahanu,80000000.0,0.0,80000000.0,312910.0,0.0,79687090.0,37424000.0,
Palghar,2018,Vikramgad,8000000.0,0.0,8000000.0,136400.0,0.0,7863600.0,4029000.0,
Palghar,2018,Javhar,8000000.0,0.0,8000000.0,150000.0,0.0,7850000.0,2972000.0,
Palghar,2018,Mokhada,4000000.0,0.0,4000000.0,74510.0,0.0,3925490.0,1592000.0,
Palghar,2018,Wada,80000000.0,0.0,80000000.0,115790.0,0.0,79884210.0,42794000.0,
Palghar,2018,Palghar,420000000.0,0.0,420000000.0,1700000.0,0.0,418300000.0,786589000.0,
Palghar,2018,Vasai,370000000.0,0.0,370000000.0,876440.0,0.0,369123560.0,114181000.0,
Palghar,2019,Talasari,40000000.0,0.0,40000000.0,97330.0,0.0,39902670.0,9218000.0,
Palghar,2019,Dahanu,90000000.0,0.0,90000000.0,312910.0,0.0,89687090.0,17480000.0,
Palghar,2019,Vikramgad,9000000.0,0.0,9000000.0,136400.0,0.0,8863600.0,4380000.0,
Palghar,2019,Javhar,7000000.0,0.0,7000000.0,150000.0,0.0,6850000.0,4344000.0,
Palghar,2019,Mokhada,4000000.0,0.0,4000000.0,74510.0,0.0,3925490.0,2411000.0,
Palghar,2019,Wada,100000000.0,0.0,100000000.0,115790.0,0.0,99884210.0,34290000.0,
Palghar,2019,Palghar,450539000.0,0.0,450539000.0,1700000.0,0.0,448839000.0,903896000.0,
Palghar,2019,Vasai,380000000.0,0.0,380000000.0,876440.0,0.0,379123560.0,113647000.0,
Palghar,2020,Talasari,25000000.0,0.0,25000000.0,97330.0,0.0,24902670.0,10799170.0,
Palghar,2020,Dahanu,90000000.0,0.0,90000000.0,312910.0,0.0,89687090.0,16252990.0,
Palghar,2020,Vikramgad,10000000.0,0.0,10000000.0,136400.0,0.0,9863600.0,4671400.0,
Palghar,2020,Javhar,10000000.0,0.0,10000000.0,150000.0,0.0,9850000.0,1748540.0,
Palghar,2020,Mokhada,7000000.0,0.0,7000000.0,74510.0,0.0,6925490.0,1006080.0,
Palghar,2020,Wada,170000000.0,0.0,170000000.0,115790.0,0.0,169884210.0,39141700.0,
Palghar,2020,Palghar,481922000.0,0.0,481922000.0,1700000.0,0.0,480222000.0,401429920.0,
Palghar,2020,Vasai,430000000.0,0.0,430000000.0,876440.0,0.0,429123560.0,97830060.0,
Palghar,2021,Talasari,27500000.0,0.0,27500000.0,97330.0,0.0,27402670.0,10647000.0,
Palghar,2021,Dahanu,110000000.0,0.0,110000000.0,312910.0,0.0,109687090.0,36555000.0,
Palghar,2021,Vikramgad,10000000.0,0.0,10000000.0,136400.0,0.0,9863600.0,8282000.0,
Palghar,2021,Javhar,10000000.0,0.0,10000000.0,150000.0,0.0,9850000.0,2695000.0,
Palghar,2021,Mokhada,7500000.0,0.0,7500000.0,74510.0,0.0,7425490.0,3438000.0,
Palghar,2021,Wada,200000000.0,0.0,200000000.0,115790.0,0.0,199884210.0,123961000.0,
Palghar,2021,Palghar,327000000.0,0.0,327000000.0,1700000.0,0.0,325300000.0,242316000.0,
Palghar,2021,Vasai,531922000.0,0.0,531922000.0,876440.0,0.0,531045560.0000001,434565000.0,
Parbhani,2013,Selu,5580000.0,0.0,5580000.0,0.0,0.0,5580000.0,5580000.0,
Parbhani,2013,Jintur,4752000.0,1454000.0,6206000.0,0.0,0.0,6206000.0,6206000.0,
Parbhani,2013,Parbhani,17279000.0,0.0,17279000.0,0.0,0.0,17279000.0,19123000.0,
Parbhani,2013,Manvat,1892000.0,0.0,1892000.0,0.0,0.0,1892000.0,1892000.0,
Parbhani,2013,Pathari,3330000.0,0.0,3330000.0,0.0,0.0,3330000.0,3330000.0,
Parbhani,2013,Sonpeth,1944000.0,0.0,1944000.0,0.0,0.0,1944000.0,1944000.0,
Parbhani,2013,Gangakhed,6416000.0,0.0,6416000.0,0.0,0.0,6416000.0,6416000.0,
Parbhani,2013,Palam,1185000.0,0.0,1185000.0,0.0,0.0,1185000.0,1185000.0,
Parbhani,2013,Purna,5393000.0,0.0,5393000.0,0.0,0.0,5393000.0,5393000.0,
Parbhani,2014,Selu,4013000.0,,4013000.0,,,4013000.0,3512000.0, 
Parbhani,2014,Jintur,2632000.0,,2632000.0,,,2632000.0,27000.0, 
Parbhani,2014,Parbhani,9298000.0,,9298000.0,,,9298000.0,11093000.0, 
Parbhani,2014,Manvat,1429000.0,,1429000.0,,,1429000.0,1257000.0, 
Parbhani,2014,Pathari,2113000.0,,2113000.0,,,2113000.0,1637000.0, 
Parbhani,2014,Sonpeth,1282000.0,,1282000.0,,,1282000.0,1720000.0, 
Parbhani,2014,Gangakhed,2709000.0,,2709000.0,,,2709000.0,3566000.0, 
Parbhani,2014,Palam,583000.0,,583000.0,,,583000.0,651000.0, 
Parbhani,2014,Purna,2435000.0,,2435000.0,,,2435000.0,2692000.0, 
Parbhani,2015,Selu,7008000.0,501000.0,7008000.0,0.0,0.0,7008000.0,3692000.0,
Parbhani,2015,Jintur,5970000.0,2605000.0,8575000.0,0.0,0.0,8575000.0,3787000.0,
Parbhani,2015,Parbhani,21702000.0,-1795000.0,19907000.0,0.0,0.0,19907000.0,14004000.0,
Parbhani,2015,Manvat,2376000.0,172000.0,2548000.0,0.0,0.0,2548000.0,2713000.0,
Parbhani,2015,Pathari,4182000.0,476000.0,4658000.0,0.0,0.0,4658000.0,2426000.0,
Parbhani,2015,Sonpeth,2442000.0,-438000.0,2004000.0,0.0,0.0,2004000.0,2512000.0,
Parbhani,2015,Gangakhed,8058000.0,-857000.0,7201000.0,0.0,0.0,7201000.0,6610000.0,
Parbhani,2015,Palam,1488000.0,-68000.0,1420000.0,0.0,0.0,1420000.0,1455000.0,
Parbhani,2015,Purna,6774000.0,-257000.0,6517000.0,0.0,0.0,6517000.0,6789000.0,
Parbhani,2016,Selu,7823000.0,3316000.0,11139000.0,0.0,0.0,11139000.0,4645000.0,
Parbhani,2016,Jintur,6664000.0,4788000.0,11452000.0,0.0,0.0,11452000.0,5296000.0,
Parbhani,2016,Parbhani,24226000.0,5903000.0,30129000.0,0.0,0.0,30129000.0,2282000.0,
Parbhani,2016,Manvat,2652000.0,0.0,2652000.0,0.0,0.0,2652000.0,3048000.0,
Parbhani,2016,Pathari,4669000.0,2232000.0,6901000.0,0.0,0.0,6901000.0,4682000.0,
Parbhani,2016,Sonpeth,2726000.0,0.0,2726000.0,0.0,0.0,2726000.0,2759000.0,
Parbhani,2016,Gangakhed,8995000.0,591000.0,9586000.0,0.0,0.0,9586000.0,6651000.0,
Parbhani,2016,Palam,1661000.0,0.0,1661000.0,0.0,0.0,1661000.0,1736000.0,
Parbhani,2016,Purna,7562000.0,0.0,7562000.0,0.0,0.0,7562000.0,7621000.0,
Parbhani,2017,Selu,1329000.0,6494000.0,7823000.0,0.0,0.0,7823000.0,4508000.0,
Parbhani,2017,Jintur,508000.0,6156000.0,6664000.0,0.0,0.0,6664000.0,5049000.0,
Parbhani,2017,Parbhani,3621000.0,27847000.0,31468000.0,0.0,0.0,31468000.0,14718000.0,
Parbhani,2017,Manvat,2652000.0,0.0,2652000.0,0.0,0.0,2652000.0,2446000.0,
Parbhani,2017,Pathari,2450000.0,2219000.0,4669000.0,0.0,0.0,4669000.0,3827000.0,
Parbhani,2017,Sonpeth,2726000.0,0.0,2726000.0,0.0,0.0,2726000.0,4847000.0,
Parbhani,2017,Gangakhed,2439000.0,2935000.0,5374000.0,0.0,0.0,5374000.0,5344000.0,
Parbhani,2017,Palam,1661000.0,0.0,1661000.0,0.0,0.0,1661000.0,1115000.0,
Parbhani,2017,Purna,3941000.0,0.0,3941000.0,0.0,0.0,3941000.0,3147000.0,
Parbhani,2018,Selu,7850000.0,4024000.0,11874000.0,0.0,0.0,11874000.0,7850000.0,
Parbhani,2018,Jintur,6700000.0,4011000.0,10711000.0,0.0,0.0,10711000.0,6700000.0,
Parbhani,2018,Parbhani,24250000.0,14669000.0,38919000.0,0.0,0.0,38919000.0,24250000.0,
Parbhani,2018,Manvat,2680000.0,519000.0,3199000.0,0.0,0.0,3199000.0,2680000.0,
Parbhani,2018,Pathari,4700000.0,1406000.0,6106000.0,0.0,0.0,6106000.0,4700000.0,
Parbhani,2018,Sonpeth,2850000.0,0.0,2850000.0,0.0,0.0,2850000.0,7523000.0,
Parbhani,2018,Gangakhed,9040000.0,1333000.0,10373000.0,0.0,0.0,10373000.0,9040000.0,
Parbhani,2018,Palam,1670000.0,577000.0,2247000.0,0.0,0.0,2247000.0,1670000.0,
Parbhani,2018,Purna,7600000.0,4766000.0,12366000.0,0.0,0.0,12366000.0,7600000.0,
Parbhani,2019,Selu,9016000.0,4024000.0,13040000.0,0.0,0.0,13040000.0,7714000.0,
Parbhani,2019,Jintur,7695000.0,4011000.0,11706000.0,0.0,0.0,11706000.0,5620000.0,
Parbhani,2019,Parbhani,27851000.0,14669000.0,42520000.0,0.0,0.0,42520000.0,30616000.0,
Parbhani,2019,Manvat,3078000.0,519000.0,3597000.0,0.0,0.0,3597000.0,2118000.0,
Parbhani,2019,Pathari,5398000.0,1406000.0,6804000.0,0.0,0.0,6804000.0,2725000.0,
Parbhani,2019,Sonpeth,3273000.0,0.0,3273000.0,0.0,0.0,3273000.0,8296000.0,
Parbhani,2019,Gangakhed,10382000.0,1333000.0,11715000.0,0.0,0.0,11715000.0,10141000.0,
Parbhani,2019,Palam,1918000.0,577000.0,2495000.0,0.0,0.0,2495000.0,1858000.0,
Parbhani,2019,Purna,8729000.0,4766000.0,13495000.0,0.0,0.0,13495000.0,8563000.0,
Parbhani,2020,Selu,10316000.0,5326000.0,15642000.0,0.0,0.0,15642000.0,10387000.0,
Parbhani,2020,Jintur,8995000.0,6086000.0,15081000.0,0.0,0.0,15081000.0,8285000.0,
Parbhani,2020,Parbhani,29172000.0,11904000.0,41076000.0,0.0,0.0,41076000.0,38876000.0,
Parbhani,2020,Manvat,4378000.0,1479000.0,5857000.0,0.0,0.0,5857000.0,3004000.0,
Parbhani,2020,Pathari,6698000.0,4079000.0,10777000.0,0.0,0.0,10777000.0,5872000.0,
Parbhani,2020,Sonpeth,4573000.0,0.0,4573000.0,0.0,0.0,4573000.0,4489000.0,
Parbhani,2020,Gangakhed,11682000.0,1574000.0,13256000.0,0.0,0.0,13256000.0,15224000.0,
Parbhani,2020,Palam,3218000.0,637000.0,3855000.0,0.0,0.0,3855000.0,6783000.0,
Parbhani,2020,Purna,10029000.0,4932000.0,14961000.0,0.0,0.0,14961000.0,15038000.0,
Parbhani,2021,Selu,10316000.0,5255000.0,15571000.0,0.0,0.0,15571000.0,11801000.0,
Parbhani,2021,Jintur,8995000.0,6796000.0,15791000.0,0.0,0.0,15791000.0,9148000.0,
Parbhani,2021,Parbhani,29172000.0,2200000.0,31372000.0,0.0,0.0,31372000.0,29986000.0,
Parbhani,2021,Manvat,4378000.0,2853000.0,7231000.0,0.0,0.0,7231000.0,5068000.0,
Parbhani,2021,Pathari,6698000.0,4905000.0,11603000.0,0.0,0.0,11603000.0,6880000.0,
Parbhani,2021,Sonpeth,4573000.0,84000.0,4657000.0,0.0,0.0,4657000.0,4762000.0,
Parbhani,2021,Gangakhed,11682000.0,0.0,11682000.0,0.0,0.0,11682000.0,11775000.0,
Parbhani,2021,Palam,3218000.0,0.0,3218000.0,0.0,0.0,3218000.0,4223000.0,
Parbhani,2021,Purna,10029000.0,0.0,10029000.0,0.0,0.0,10029000.0,21758000.0,
Pune,2011,Junnar,12154000.0,0.0,12154000.0,886000.0,0.0,11268000.0,13500000.0,
Pune,2011,Aambegaon,3528000.0,0.0,3528000.0,522000.0,0.0,3006000.0,3403000.0,
Pune,2011,Shirur,13310000.0,453000.0,13763000.0,554000.0,0.0,13209000.0,30199000.0,
Pune,2011,Khed,28505000.0,5690000.0,34195000.0,9415000.0,0.0,24780000.0,23179000.0,
Pune,2011,Maval,18511000.0,16367000.0,34878000.0,2909000.0,0.0,31969000.0,60826000.0,
Pune,2011,Mulashi,65062000.0,180000.0,65242000.0,465000.0,0.0,64777000.0,98538000.0,
Pune,2011,Haveli,11253000.0,237167000.0,248420000.0,199000.0,0.0,248221000.0,265761000.0,
Pune,2011,Pune City,49720000.0,11498000.0,61218000.0,0.0,0.0,61218000.0,198929000.0,
Pune,2011,Daund,10076000.0,0.0,10076000.0,717000.0,0.0,9359000.0,18661000.0,
Pune,2011,Purandar,9564000.0,2312000.0,11876000.0,1118000.0,0.0,10758000.0,11725000.0,
Pune,2011,Welhe,1194000.0,25000.0,1219000.0,161000.0,0.0,1058000.0,1293000.0,
Pune,2011,Bhor,6968000.0,1119000.0,8087000.0,438000.0,0.0,7649000.0,7889000.0,
Pune,2011,Baramati,26118000.0,0.0,26118000.0,1079000.0,0.0,25039000.0,30026000.0,
Pune,2011,Indapur,14516000.0,4754000.0,19270000.0,1031000.0,0.0,18239000.0,16031000.0,
Pune,2012,Junnar,13158000.0,0.0,13158000.0,1060000.0,0.0,12098000.0,15366000.0,
Pune,2012,Aambegaon,3159000.0,0.0,3159000.0,830000.0,0.0,2329000.0,4515000.0,
Pune,2012,Shirur,13130000.0,453000.0,13583000.0,618000.0,0.0,12965000.0,13751000.0,
Pune,2012,Khed,37812000.0,8215000.0,46027000.0,863000.0,0.0,45164000.0,38418000.0,
Pune,2012,Maval,66775000.0,0.0,66775000.0,0.0,0.0,66775000.0,635418000.0,
Pune,2012,Mulashi,73768000.0,17020000.0,90788000.0,471000.0,0.0,90317000.0,322988000.0,
Pune,2012,Haveli,331435000.0,30902000.0,362337000.0,199000.0,0.0,362138000.0,1271056000.0,
Pune,2012,Pune City,23824000.0,11929000.0,35753000.0,0.0,0.0,35753000.0,327172000.0,
Pune,2012,Daund,18641000.0,0.0,18641000.0,0.0,0.0,18641000.0,20486000.0,
Pune,2012,Purandar,9136000.0,384000.0,9520000.0,674000.0,0.0,8846000.0,7619000.0,
Pune,2012,Welhe,1166000.0,0.0,1166000.0,0.0,0.0,1166000.0,1742000.0,
Pune,2012,Bhor,9868000.0,2035000.0,11903000.0,455000.0,0.0,11448000.0,14363000.0,
Pune,2012,Baramati,22896000.0,0.0,22896000.0,0.0,0.0,22896000.0,24918000.0,
Pune,2012,Indapur,14514000.0,2574000.0,17088000.0,1054000.0,0.0,16034000.0,15114000.0,
Pune,2013,Junnar,14751000.0,557000.0,15308000.0,1023000.0,0.0,14285000.0,12427000.0,
Pune,2013,Aambegaon,3784000.0,0.0,3784000.0,745000.0,0.0,3039000.0,3983000.0,
Pune,2013,Shirur,14671000.0,1098000.0,15770000.0,732000.0,0.0,15038000.0,16151000.0,
Pune,2013,Khed,27238000.0,12168000.0,39406000.0,1063000.0,0.0,38343000.0,41440000.0,
Pune,2013,Maval,76627000.0,10850000.0,87477000.0,1338000.0,0.0,86139000.0,64818000.0,
Pune,2013,Mulashi,54003000.0,48582000.0,102585000.0,466000.0,0.0,102120000.0,103824000.0,
Pune,2013,Haveli,355479000.0,39150000.0,394629000.0,0.0,0.0,394629000.0,378860000.0,
Pune,2013,Pune City,27340000.0,4170000.0,31510000.0,0.0,0.0,31510000.0,46463000.0,
Pune,2013,Daund,16531000.0,0.0,16531000.0,0.0,0.0,16531000.0,23375000.0,
Pune,2013,Purandar,9683000.0,703000.0,10386000.0,583000.0,0.0,9803000.0,21811000.0,
Pune,2013,Welhe,1396000.0,0.0,1396000.0,222000.0,0.0,1174000.0,7818000.0,
Pune,2013,Bhor,8725000.0,3682000.0,12407000.0,450000.0,0.0,11956000.0,15872000.0,
Pune,2013,Baramati,22400000.0,4209000.0,26609000.0,1106000.0,0.0,25503000.0,20987000.0,
Pune,2013,Indapur,15523000.0,0.0,15523000.0,119000.0,0.0,15404000.0,20494000.0,
Pune,2014,Junnar,13905900.0,1113390.0,15019290.0,0.0,0.0,15019290.0,11994540.0,
Pune,2014,Aambegaon,3783920.0,0.0,3783920.0,745070.0,0.0,3038860.0,746900.0,
Pune,2014,Shirur,18034610.0,5561010.0,23595630.0,931570.0,0.0,22664060.0,30052930.0,
Pune,2014,Khed,29629070.0,17037070.0,46666140.0,1013140.0,0.0,45653000.0,27182530.0,
Pune,2014,Maval,56529170.0,32455580.0,88984740.0,593330.0,0.0,88391410.0,88969920.0,
Pune,2014,Mulashi,53537800.0,59924580.0,113462370.0,0.0,0.0,113462370.0,8898040.0,
Pune,2014,Haveli,110647120.0,6854820.0,117501930.0,118000.0,0.0,117383930.0,101669050.0,
Pune,2014,Pune City,22878010.0,1886930.0,24764940.0,0.0,0.0,24764940.0,38123150.0,
Pune,2014,Daund,20913450.0,0.0,20913450.0,100330.0,0.0,20813120.0,43685550.0,
Pune,2014,Purandar,5153040.0,0.0,5153040.0,589270.0,0.0,4563780.0,4563780.0,
Pune,2014,Welhe,1472630.0,0.0,1472630.0,222270.0,0.0,1250360.0,4871770.0,
Pune,2014,Bhor,9112040.0,3972070.0,13084110.0,433620.0,0.0,12650490.0,21894000.0,
Pune,2014,Baramati,23546640.0,0.0,23546640.0,1046380.0,0.0,22500260.0,27330630.0,
Pune,2014,Indapur,17407120.0,1760380.0,19167500.0,118840.0,0.0,19048660.0,20702470.0,
Pune,2015,Junnar,21428610.0,3024750.0,24453370.0,0.0,0.0,24453370.0,22208960.0,
Pune,2015,Aambegaon,3893880.0,0.0,3893880.0,721620.0,0.0,3172260.0,4559450.0,
Pune,2015,Shirur,19447620.0,37223350.0,56670970.0,914960.0,0.0,55756010.0,27231030.0,
Pune,2015,Khed,27678740.0,18394530.0,46073270.0,97130.0,0.0,45976140.0,39177400.0,
Pune,2015,Maval,67385790.0,24760290.0,92146070.0,889070.0,0.0,91257000.0,94986550.0,
Pune,2015,Mulashi,127502060.0,58669030.0,186171090.0,0.0,0.0,186171090.0,116544100.0,
Pune,2015,Haveli,163092880.0,6276990.0,169369870.0,118000.0,0.0,169251870.0,167820290.0,
Pune,2015,Pune City,53707110.0,123511100.0,177218210.0,0.0,0.0,177218210.0,182705130.0,
Pune,2015,Daund,24045620.0,0.0,24045620.0,650570.0,0.0,23395060.0,24996460.0,
Pune,2015,Purandar,5153040.0,0.0,5153040.0,589270.0,0.0,4563780.0,4563780.0,
Pune,2015,Welhe,1472630.0,0.0,1472630.0,222270.0,0.0,1250360.0,2658850.0,
Pune,2015,Bhor,17155470.0,6463080.0,23618550.0,433620.0,0.0,23184930.0,20658890.0,
Pune,2015,Baramati,39592520.0,0.0,39592520.0,1051670.0,0.0,38540850.0,61779510.0,
Pune,2015,Indapur,15522950.0,1760380.0,17283320.0,118140.0,0.0,17165180.0,2995400.0,
Pune,2016,Junnar,22627420.0,2924650.0,25552070.0,0.0,0.0,25552070.0,22208960.0,
Pune,2016,Aambegaon,3987990.0,0.0,3987990.0,721620.0,0.0,3266370.0,3123460.0,
Pune,2016,Shirur,20548620.0,35223350.0,55771970.0,914960.0,0.0,54857010.0,11771270.0,
Pune,2016,Khed,30585250.0,17324630.0,47909870.0,97130.0,0.0,47812750.0,39244370.0,
Pune,2016,Maval,68495540.0,23240550.0,91736090.0,889070.0,0.0,90847020.0,92755890.0,
Pune,2016,Mulashi,138202240.0,49669030.0,187871270.0,0.0,0.0,187871270.0,126544100.0,
Pune,2016,Haveli,174383360.0,5877880.0,180261240.0,10900.0,0.0,180250340.0,195395090.0,
Pune,2016,Pune City,67808410.0,104011900.0,171820310.0,0.0,0.0,171820310.0,162705850.0,
Pune,2016,Daund,25642440.0,0.0,25642440.0,640460.0,0.0,25001980.0,22984160.0,
Pune,2016,Purandar,6023090.0,0.0,6023090.0,568960.0,0.0,5454130.0,6350020.0,
Pune,2016,Welhe,1580470.0,0.0,1580470.0,222270.0,0.0,1358200.0,2645280.0,
Pune,2016,Bhor,18209450.0,5643020.0,23852470.0,433620.0,0.0,23418850.0,20658890.0,
Pune,2016,Baramati,40822940.0,0.0,40822940.0,1051670.0,0.0,39771270.0,21177070.0,
Pune,2016,Indapur,18523480.0,1610380.0,20133860.0,118140.0,0.0,20015720.0,6484240.0,
Pune,2017,Junnar,22627420.0,924650.0,23552070.0,0.0,0.0,23552070.0,17501070.0,
Pune,2017,Aambegaon,7987990.0,0.0,7987990.0,735070.0,0.0,7252930.0,8069590.0,
Pune,2017,Shirur,22548620.0,3523350.0,26071970.0,931570.0,0.0,25140400.0,25139210.0,
Pune,2017,Khed,38585250.0,16037070.0,54622320.0,103140.0,0.0,54519180.0,57059080.0,
Pune,2017,Maval,100382000.0,68334850.0,168716850.0,0.0,0.0,168716850.0,153510170.0,
Pune,2017,Mulashi,138202240.0,924580.0,139126820.0,0.0,0.0,139126820.0,127460220.0,
Pune,2017,Haveli,174383360.0,37882450.0,212265810.0,118000.0,0.0,212147810.0,243147090.0,
Pune,2017,Pune City,67808410.0,104011900.0,171820310.0,0.0,0.0,171820310.0,128123150.0,
Pune,2017,Daund,25642440.0,0.0,25642440.0,620460.0,0.0,25021980.0,20702470.0,
Pune,2017,Purandar,6023090.0,0.0,6023090.0,589270.0,0.0,5433820.0,4563780.0,
Pune,2017,Welhe,1132980.0,2497660.0,3630650.0,157800.0,0.0,3472850.0,2558890.0,
Pune,2017,Bhor,13209450.0,1643050.0,14852500.0,854160.0,0.0,13998340.0,9951280.0,
Pune,2017,Baramati,26822940.0,320450.0,27143390.0,1120460.0,0.0,26022930.0,27584270.0,
Pune,2017,Indapur,18523480.0,1720470.0,20243950.0,124810.0,0.0,20119140.0,19382280.0,
Pune,2018,Junnar,14379220.0,0.0,14379220.0,0.0,0.0,14379220.0,29138480.0,
Pune,2018,Aambegaon,3527820.0,0.0,3527820.0,0.0,0.0,3527820.0,4818000.0,
Pune,2018,Shirur,20249240.0,7474570.0,27723810.0,1150970.0,0.0,26572840.0,36069320.0,
Pune,2018,Khed,28505040.0,5689890.0,34194930.0,0.0,0.0,34194930.0,57995000.0,
Pune,2018,Maval,29846430.0,4085800.0,33932230.0,530090.0,0.0,33402140.0,99872000.0,
Pune,2018,Mulashi,60106780.0,74687300.0,134794080.0,296120.0,0.0,134497960.0,75545000.0,
Pune,2018,Haveli,137943610.0,31508890.0,169452500.0,6330.0,0.0,169446170.0,508086000.0,
Pune,2018,Pune City,300000000.0,29008860.0,329008860.0,0.0,0.0,329008860.0,665392840.0,
Pune,2018,Daund,11859970.0,3427110.0,15287080.0,0.0,0.0,15287080.0,10416790.0,
Pune,2018,Purandar,9564090.0,2311690.0,11875780.0,0.0,0.0,11875780.0,45490000.0,
Pune,2018,Welhe,4077860.0,2317070.0,6394940.0,220650.0,0.0,6174280.0,4323550.0,
Pune,2018,Bhor,6671170.0,7504160.0,14175330.0,376240.0,0.0,13799090.0,17521000.0,
Pune,2018,Baramati,6626300.0,0.0,6626300.0,1187220.0,0.0,5439080.0,26772750.0,
Pune,2018,Indapur,19176270.0,0.0,19176270.0,0.0,0.0,19176270.0,29121270.0,
Pune,2019,Junnar,14379220.0,0.0,14379220.0,0.0,0.0,14379220.0,17700020.0,
Pune,2019,Aambegaon,3917690.0,161160.0,4078850.0,578150.0,0.0,3500700.0,84339960.0,
Pune,2019,Shirur,20249240.0,7474570.0,27723810.0,1150970.0,0.0,26572840.0,32501980.0,
Pune,2019,Khed,48985930.0,5821640.0,54807560.0,0.0,0.0,54807560.0,56883650.0,
Pune,2019,Maval,27600290.0,6667890.0,34268180.0,677850.0,0.0,33590330.0,127052940.0,
Pune,2019,Mulashi,60106780.0,74687300.0,134794080.0,296120.0,0.0,134497960.0,69691090.0,
Pune,2019,Haveli,167650110.0,34799320.0,202449430.0,0.0,0.0,202449430.0,197235650.0,
Pune,2019,Pune City,300000000.0,29008860.0,329008860.0,0.0,0.0,329008860.0,1598869660.0,
Pune,2019,Daund,11780840.0,5679640.0,17460490.0,0.0,17460490.0,22963370.0,0.0,
Pune,2019,Purandar,17839970.0,0.0,17839970.0,0.0,0.0,17839970.0,21238030.0,
Pune,2019,Welhe,1690830.0,899190.0,2590020.0,256720.0,0.0,2333300.0,4654210.0,
Pune,2019,Bhor,6294930.0,7504160.0,13799090.0,0.0,0.0,13799090.0,33592880.0,
Pune,2019,Baramati,28019260.0,1077530.0,29096790.0,473040.0,0.0,28623750.0,41632040.0,
Pune,2019,Indapur,21175000.0,0.0,21175000.0,13872000.0,0.0,7303000.0,32165740.0,
Pune,2020,Junnar,24651900.0,0.0,24651900.0,0.0,0.0,24651900.0,18638020.0,
Pune,2020,Aambegaon,4803000.0,318750.0,5121760.0,762600.0,0.0,4359160.0,7307460.0,
Pune,2020,Shirur,20249240.0,7474570.0,27723810.0,1150970.0,0.0,26572840.0,29010340.0,
Pune,2020,Khed,48985930.0,6389400.0,55375330.0,0.0,0.0,55375330.0,73865460.0,
Pune,2020,Maval,27600290.0,6637890.0,34268180.0,677850.0,0.0,33590330.0,161481150.0,
Pune,2020,Mulashi,49957460.0,72252110.0,122209570.0,284190.0,0.0,121925380.0,93875640.0,
Pune,2020,Haveli,127580700.0,32093970.0,159674670.0,168330.0,0.0,159506340.0,201520490.0,
Pune,2020,Pune City,300000000.0,19409280.0,319409280.0,0.0,0.0,319409280.0,324974200.0,
Pune,2020,Daund,11780840.0,5679640.0,17460490.0,0.0,0.0,17460490.0,21900570.0,
Pune,2020,Purandar,18612900.0,6541810.0,25154710.0,0.0,0.0,25154710.0,18080010.0,
Pune,2020,Welhe,1921890.0,736120.0,2658020.0,228510.0,0.0,2429500.0,5477650.0,
Pune,2020,Bhor,7957290.0,4119170.0,12076460.0,372550.0,0.0,11703910.0,30423940.0,
Pune,2020,Baramati,28019260.0,1872930.0,29892200.0,1289970.0,0.0,28602220.0,40609970.0,
Pune,2020,Indapur,21175000.0,0.0,21175000.0,13872000.0,0.0,7303000.0,17738080.0,
Pune,2021,Junnar,25846350.0,0.0,25846350.0,0.0,0.0,25846350.0,12832200.0,
Pune,2021,Aambegaon,4803000.0,318750.0,5121760.0,762600.0,0.0,4359160.0,7966530.0,
Pune,2021,Shirur,1882840.0,7884880.0,9767710.0,1227130.0,0.0,8540590.0,19629770.0,
Pune,2021,Khed,22736217000.0,6861140.0,22743078140.0,1032420.0,0.0,22742045710.0,40804450.0,
Pune,2021,Maval,31414900.0,18467430.0,49882330.0,710010.0,0.0,49172320.0,73191540.0,
Pune,2021,Mulashi,47620770.0,104630770.0,152251540.0,362100.0,0.0,151889450.0,107278360.0,
Pune,2021,Haveli,801305740.0,50214410.0,851520150.0,123460.0,0.0,851396680.0,319580450.0,
Pune,2021,Pune City,77725350.0,1000457810.0,1078183160.0,0.0,0.0,1078183160.0,361961560.0,
Pune,2021,Daund,11336650.0,5480060.0,16816710.0,0.0,0.0,16816710.0,41885710.0,
Pune,2021,Purandar,67445430.0,2065750.0,69511180.0,0.0,0.0,69511180.0,38203890.0,
Pune,2021,Welhe,1705510.0,676440.0,2381940.0,243200.0,0.0,2138740.0,48050.0,
Pune,2021,Bhor,6972150.0,7819030.0,14791180.0,390000.0,0.0,14401180.0,202730.0,
Pune,2021,Baramati,79360420.0,12916360.0,92276780.0,1308390.0,0.0,90968390.0,25610170.0,
Pune,2021,Indapur,17360420.0,3376420.0,20736850.0,138720.0,0.0,20598130.0,7737150.0,
Raigad,2012,Uran,7793000.0,904000.0,8697000.0,0.0,0.0,8697000.0,39544000.0,1641
Raigad,2012,Panwel,40124000.0,6672000.0,46796000.0,13374000.0,0.0,46796000.0,175661000.0,15241
Raigad,2012,Karjat,18575000.0,5606000.0,24181000.0,25000000.0,0.0,24181000.0,30720000.0,10352
Raigad,2012,Khalapur,45613000.0,10162000.0,55775000.0,64798000.0,0.0,55775000.0,71544000.0,10729
Raigad,2012,Pen,18262000.0,10088000.0,28350000.0,0.0,0.0,28350000.0,19865000.0,16421
Raigad,2012,Alibag,22743000.0,12372000.0,35115000.0,0.0,0.0,35115000.0,54699000.0,27355
Raigad,2012,Murud,5309000.0,169000.0,5478000.0,0.0,0.0,4629000.0,14968000.0,6880
Raigad,2012,Roha,11527000.0,918000.0,12445000.0,0.0,0.0,12445000.0,23521000.0,13033
Raigad,2012,Sudhagad,8577000.0,10064000.0,18641000.0,0.0,0.0,18641000.0,10490000.0,9310
Raigad,2012,Mangaon,4383000.0,439000.0,4822000.0,0.0,0.0,4822000.0,10098000.0,10369
Raigad,2012,Tala,581000.0,103000.0,684000.0,0.0,0.0,684000.0,3233000.0,2471
Raigad,2012,Shreevardhan,2243000.0,77000.0,2320000.0,0.0,0.0,1593000.0,6641000.0,5695
Raigad,2012,Mhasala,1108000.0,724000.0,1832000.0,0.0,0.0,1734000.0,2916000.0,4233
Raigad,2012,Mahad,7201000.0,233000.0,7434000.0,21000.0,0.0,7434000.0,11540000.0,9603
Raigad,2012,Poladpur,512000.0,134000.0,646000.0,0.0,0.0,646000.0,1685000.0,2276
Raigad,2013,Uran,8765000.0,2215000.0,10980000.0,0.0,0.0,10980000.0,25256000.0,1641
Raigad,2013,Panwel,41951000.0,9262000.0,51213000.0,0.0,0.0,51213000.0,86906000.0,15230
Raigad,2013,Karjat,23957000.0,6034000.0,29991000.0,0.0,0.0,29991000.0,38034000.0,10320
Raigad,2013,Khalapur,45359000.0,10658000.0,56017000.0,0.0,0.0,56017000.0,82684000.0,10720
Raigad,2013,Pen,18976000.0,17061000.0,36037000.0,0.0,0.0,36037000.0,12275000.0,16421
Raigad,2013,Alibag,25430000.0,12674000.0,38104000.0,0.0,0.0,38104000.0,30969000.0,20355
Raigad,2013,Murud,5938000.0,336000.0,6274000.0,0.0,0.0,6274000.0,33434000.0,6880
Raigad,2013,Roha,13868000.0,464000.0,14332000.0,0.0,0.0,14332000.0,21160000.0,13030
Raigad,2013,Sudhagad,7968000.0,9293000.0,17261000.0,0.0,0.0,17261000.0,9438000.0,9310
Raigad,2013,Mangaon,4485000.0,478000.0,4963000.0,0.0,0.0,4963000.0,6104000.0,10369
Raigad,2013,Tala,571000.0,103000.0,674000.0,0.0,0.0,674000.0,1616000.0,2470
Raigad,2013,Shreevardhan,2442000.0,262000.0,2704000.0,0.0,0.0,2704000.0,6041000.0,5690
Raigad,2013,Mhasala,1112000.0,766000.0,1878000.0,0.0,0.0,1878000.0,3106000.0,4233
Raigad,2013,Mahad,7205000.0,308000.0,7513000.0,0.0,0.0,7513000.0,10420000.0,9603
Raigad,2013,Poladpur,519000.0,134000.0,653000.0,0.0,0.0,653000.0,1390000.0,2276
Raigad,2014,Uran,8785000.0,2560000.0,11345000.0,0.0,0.0,11345000.0,27173000.0,10118
Raigad,2014,Panwel,44956000.0,9425000.0,54381000.0,0.0,0.0,54381000.0,160553000.0,17240
Raigad,2014,Karjat,25108000.0,9438000.0,34546000.0,0.0,0.0,34546000.0,42382000.0,10350
Raigad,2014,Khalapur,49387000.0,14119000.0,63506000.0,0.0,0.0,63506000.0,98928000.0,10856
Raigad,2014,Pen,22015000.0,20686000.0,42701000.0,0.0,0.0,42701000.0,71379000.0,15998
Raigad,2014,Alibag,26202000.0,15861000.0,42063000.0,0.0,0.0,42063000.0,71421000.0,19495
Raigad,2014,Murud,6214000.0,169000.0,6383000.0,0.0,0.0,6383000.0,17732000.0,6521
Raigad,2014,Roha,14309000.0,481000.0,14790000.0,0.0,0.0,14790000.0,20580000.0,13025
Raigad,2014,Sudhagad,7892000.0,8570000.0,16462000.0,0.0,0.0,16462000.0,17535000.0,1117
Raigad,2014,Mangaon,4576000.0,516000.0,5092000.0,0.0,0.0,5092000.0,13022000.0,10370
Raigad,2014,Tala,528000.0,103000.0,631000.0,0.0,0.0,631000.0,1443000.0,2440
Raigad,2014,Shreevardhan,2632000.0,262000.0,2894000.0,0.0,0.0,2894000.0,5016000.0,5989
Raigad,2014,Mhasala,1130000.0,828000.0,1958000.0,0.0,0.0,1958000.0,2061000.0,2975
Raigad,2014,Mahad,11565000.0,308000.0,11873000.0,0.0,0.0,11873000.0,11736000.0,9455
Raigad,2014,Poladpur,765000.0,134000.0,899000.0,0.0,0.0,899000.0,2069000.0,2186
Raigad,2015,Uran,10250000.0,3411000.0,13661000.0,0.0,0.0,13661000.0,36130000.0,10118
Raigad,2015,Panwel,46998000.0,14757000.0,61755000.0,0.0,0.0,61755000.0,131254000.0,17240
Raigad,2015,Karjat,25512000.0,10570000.0,36082000.0,0.0,0.0,36082000.0,76183000.0,0
Raigad,2015,Khalapur,50930000.0,20520000.0,71450000.0,0.0,0.0,71450000.0,128962000.0,10856
Raigad,2015,Pen,24724000.0,19489000.0,44213000.0,0.0,0.0,44213000.0,152894000.0,15998
Raigad,2015,Alibag,28584000.0,15977000.0,44561000.0,0.0,0.0,44561000.0,154170000.0,19495
Raigad,2015,Murud,6202000.0,371000.0,6573000.0,0.0,0.0,6573000.0,17468000.0,6521
Raigad,2015,Roha,13898000.0,10294000.0,24192000.0,0.0,0.0,24192000.0,24957000.0,0
Raigad,2015,Sudhagad,8612000.0,12652000.0,21264000.0,0.0,0.0,21264000.0,24931000.0,1117
Raigad,2015,Mangaon,4802000.0,478000.0,5280000.0,0.0,0.0,5280000.0,20638000.0,0
Raigad,2015,Tala,560000.0,542000.0,1102000.0,0.0,0.0,1102000.0,3784000.0,2440
Raigad,2015,Shreevardhan,2835000.0,1242000.0,4077000.0,0.0,0.0,4077000.0,7359000.0,5989
Raigad,2015,Mhasala,1134000.0,1055000.0,2189000.0,0.0,0.0,2189000.0,4270000.0,2975
Raigad,2015,Mahad,10077000.0,308000.0,10385000.0,0.0,0.0,10385000.0,20139000.0,9455
Raigad,2015,Poladpur,518000.0,439000.0,957000.0,0.0,0.0,957000.0,5414000.0,2186
Raigad,2016,Uran,49684000.0,24516000.0,74200000.0,0.0,0.0,74200000.0,56100000.0,10118
Raigad,2016,Panwel,179369000.0,35149000.0,214518000.0,0.0,0.0,214518000.0,243400000.0,17240
Raigad,2016,Karjat,56346000.0,4505000.0,60851000.0,0.0,0.0,60851000.0,40982000.0,10077
Raigad,2016,Khalapur,166668000.0,21451000.0,188119000.0,0.0,0.0,188119000.0,107665000.0,14607
Raigad,2016,Pen,98007000.0,20143000.0,118150000.0,0.0,0.0,118150000.0,158681000.0,15998
Raigad,2016,Alibag,119586000.0,10690000.0,130276000.0,0.0,0.0,130276000.0,63411000.0,19495
Raigad,2016,Murud,19061000.0,1803000.0,20864000.0,0.0,0.0,20864000.0,15050000.0,6966
Raigad,2016,Roha,47326000.0,8472000.0,55798000.0,0.0,0.0,55798000.0,31884000.0,10880
Raigad,2016,Sudhagad,27366000.0,4902000.0,32268000.0,0.0,0.0,32268000.0,21155000.0,9688
Raigad,2016,Mangaon,37614000.0,677000.0,38291000.0,0.0,0.0,38291000.0,27195000.0,10164
Raigad,2016,Tala,4079000.0,502000.0,4581000.0,0.0,0.0,4581000.0,4495000.0,2440
Raigad,2016,Shreevardhan,8544000.0,796000.0,9340000.0,0.0,0.0,9340000.0,8024000.0,6039
Raigad,2016,Mhasala,5093000.0,185000.0,5278000.0,0.0,0.0,5278000.0,4661000.0,3278
Raigad,2016,Mahad,24084000.0,302000.0,24386000.0,0.0,0.0,24386000.0,18163000.0,9455
Raigad,2016,Poladpur,6915000.0,778000.0,7693000.0,0.0,0.0,7693000.0,3850000.0,2186
Raigad,2017,Uran,11480000.0,0.0,11480000.0,0.0,0.0,11480000.0,54631030.0,11069
Raigad,2017,Panwel,46517000.0,8588000.0,55105000.0,0.0,0.0,55105000.0,166184950.0,14036
Raigad,2017,Karjat,30678000.0,4978000.0,35656000.0,0.0,0.0,35656000.0,75069430.0,10077
Raigad,2017,Khalapur,55540000.0,20459000.0,75999000.0,0.0,0.0,75999000.0,147536870.0,14607
Raigad,2017,Pen,40912000.0,11162000.0,52074000.0,0.0,0.0,52074000.0,29913760.0,15815
Raigad,2017,Alibag,29755000.0,9988000.0,39743000.0,0.0,0.0,39743000.0,39431390.0,19495
Raigad,2017,Murud,8164000.0,0.0,8164000.0,0.0,0.0,8164000.0,14561150.0,6966
Raigad,2017,Roha,25335000.0,1884000.0,27219000.0,0.0,0.0,27219000.0,26931900.0,10880
Raigad,2017,Sudhagad,15507000.0,4956000.0,20463000.0,0.0,0.0,20463000.0,16199200.0,9688
Raigad,2017,Mangaon,5248000.0,574000.0,5822000.0,0.0,0.0,5822000.0,46072410.0,10164
Raigad,2017,Tala,1022000.0,0.0,1022000.0,0.0,0.0,1022000.0,5624460.0,2542
Raigad,2017,Shreevardhan,4690000.0,3662000.0,8352000.0,0.0,0.0,8352000.0,8961470.0,6039
Raigad,2017,Mhasala,1139000.0,128000.0,1267000.0,0.0,0.0,1267000.0,5068580.0,3278
Raigad,2017,Mahad,10333000.0,385000.0,10718000.0,0.0,0.0,10718000.0,17275550.0,9455
Raigad,2017,Poladpur,548000.0,848000.0,1396000.0,0.0,0.0,1396000.0,4107470.0,2186
Raigad,2018,Uran,11153000.0,892000.0,12045000.0,0.0,0.0,12045000.0,75908680.0,11069
Raigad,2018,Panwel,51635000.0,44026000.0,95661000.0,0.0,0.0,95661000.0,122593760.0,14036
Raigad,2018,Karjat,24269000.0,2531000.0,26800000.0,0.0,0.0,26800000.0,69176510.0,10077
Raigad,2018,Khalapur,61292000.0,24230000.0,85522000.0,0.0,0.0,85522000.0,102873000.0,14607
Raigad,2018,Pen,38580000.0,11451000.0,50031000.0,0.0,0.0,50031000.0,59734480.0,15815
Raigad,2018,Alibag,34633000.0,23707000.0,58340000.0,0.0,0.0,58340000.0,46538550.0,19495
Raigad,2018,Murud,7893000.0,0.0,7893000.0,0.0,0.0,7893000.0,14912590.0,6966
Raigad,2018,Roha,17237000.0,629000.0,17866000.0,0.0,0.0,17866000.0,22341030.0,10880
Raigad,2018,Sudhagad,9564000.0,9190000.0,18754000.0,0.0,0.0,18754000.0,13540760.0,9688
Raigad,2018,Mangaon,5606000.0,297000.0,5903000.0,0.0,0.0,5903000.0,54595590.0,10164
Raigad,2018,Tala,1267000.0,0.0,1267000.0,0.0,0.0,1267000.0,5893550.0,2542
Raigad,2018,Shreevardhan,3695000.0,4000000.0,7695000.0,0.0,0.0,7695000.0,12053390.0,6039
Raigad,2018,Mhasala,1291000.0,56000.0,1347000.0,0.0,0.0,1347000.0,5768150.0,3278
Raigad,2018,Mahad,11038000.0,769000.0,11807000.0,0.0,0.0,11807000.0,61660640.0,9455
Raigad,2018,Poladpur,557000.0,801000.0,1358000.0,0.0,0.0,1358000.0,7161210.0,2186
Raigad,2019,Uran,11624000.0,249000.0,11873000.0,0.0,0.0,11873000.0,75908680.0,11069
Raigad,2019,Panwel,62250000.0,34178000.0,96428000.0,0.0,0.0,96428000.0,122593800.0,14036
Raigad,2019,Karjat,32899000.0,12126000.0,45025000.0,0.0,0.0,45025000.0,69176510.0,10077
Raigad,2019,Khalapur,74638000.0,32364000.0,107002000.0,0.0,0.0,107002000.0,102873000.0,14607
Raigad,2019,Pen,49028000.0,12441000.0,61469000.0,0.0,0.0,61469000.0,59734480.0,15815
Raigad,2019,Alibag,23095000.0,3178000.0,26273000.0,0.0,0.0,26273000.0,46538550.0,19495
Raigad,2019,Murud,8585000.0,0.0,8585000.0,0.0,0.0,8585000.0,14912590.0,6966
Raigad,2019,Roha,18187000.0,2119000.0,20306000.0,0.0,0.0,20306000.0,22341030.0,10880
Raigad,2019,Sudhagad,10147000.0,12701000.0,22848000.0,0.0,0.0,22848000.0,13540760.0,9688
Raigad,2019,Mangaon,5835000.0,354000.0,6189000.0,0.0,0.0,6189000.0,54595590.0,10164
Raigad,2019,Tala,1634000.0,0.0,1634000.0,0.0,0.0,1634000.0,5893550.0,2542
Raigad,2019,Shreevardhan,8402000.0,0.0,8402000.0,0.0,0.0,8402000.0,12053390.0,6039
Raigad,2019,Mhasala,2039000.0,0.0,2039000.0,0.0,0.0,2039000.0,5768150.0,3278
Raigad,2019,Mahad,21317000.0,0.0,21317000.0,0.0,0.0,21317000.0,61660640.0,9455
Raigad,2019,Poladpur,1433000.0,0.0,1433000.0,0.0,0.0,1433000.0,7161210.0,2186
Raigad,2020,Uran,4927000.0,1535000.0,6462000.0,0.0,0.0,6462000.0,75117000.0,11069
Raigad,2020,Panwel,78581000.0,10171000.0,88752000.0,0.0,0.0,88752000.0,404861000.0,14036
Raigad,2020,Karjat,27430000.0,16794000.0,44224000.0,0.0,0.0,44224000.0,58295000.0,10077
Raigad,2020,Khalapur,53806000.0,27806000.0,81612000.0,0.0,0.0,81612000.0,360549000.0,14607
Raigad,2020,Pen,24051000.0,12718000.0,36769000.0,0.0,0.0,36769000.0,47796000.0,15815
Raigad,2020,Alibag,21684000.0,9640000.0,31324000.0,0.0,0.0,31324000.0,84054000.0,19495
Raigad,2020,Murud,5666000.0,470000.0,6136000.0,0.0,0.0,6136000.0,29357000.0,6966
Raigad,2020,Roha,11520000.0,2504000.0,14024000.0,0.0,0.0,14024000.0,27244000.0,10880
Raigad,2020,Sudhagad,10077000.0,12771000.0,22848000.0,0.0,0.0,22848000.0,15812000.0,9688
Raigad,2020,Mangaon,4695000.0,1367000.0,6062000.0,0.0,0.0,6062000.0,53931000.0,10164
Raigad,2020,Tala,1345000.0,518000.0,1863000.0,0.0,0.0,1863000.0,93361000.0,2542
Raigad,2020,Shreevardhan,3407000.0,1075000.0,4482000.0,0.0,0.0,4482000.0,12089000.0,6039
Raigad,2020,Mhasala,1354000.0,731000.0,2085000.0,0.0,0.0,2085000.0,13846000.0,3278
Raigad,2020,Mahad,3261000.0,9099000.0,12360000.0,0.0,0.0,12360000.0,11294000.0,9455
Raigad,2020,Poladpur,694000.0,1493000.0,2187000.0,0.0,0.0,2187000.0,2626000.0,2186
Raigad,2021,Uran,5023000.0,1513000.0,6536000.0,0.0,0.0,6536000.0,64603350.0,11069
Raigad,2021,Panwel,31871000.0,10375000.0,42246000.0,0.0,0.0,42246000.0,480359400.0,14036
Raigad,2021,Karjat,26295950.0,9198320.0,35494270.0,0.0,0.0,35494270.0,92034710.0,10077
Raigad,2021,Khalapur,43679000.0,33997000.0,77676000.0,0.0,0.0,77676000.0,214180200.0,14607
Raigad,2021,Pen,22115490.0,12818340.0,34933830.0,0.0,0.0,34933830.0,60767470.0,15815
Raigad,2021,Alibag,17314840.0,6769340.0,24084180.0,0.0,0.0,24084180.0,89513130.0,19495
Raigad,2021,Murud,7541000.0,0.0,7541000.0,0.0,0.0,7541000.0,48985730.0,6966
Raigad,2021,Roha,11244000.0,359000.0,11603000.0,0.0,0.0,11603000.0,29071770.0,10880
Raigad,2021,Sudhagad,10809450.0,14120430.0,24929880.0,0.0,0.0,24929880.0,22637560.0,9688
Raigad,2021,Mangaon,5073000.0,1163000.0,6236000.0,0.0,0.0,6236000.0,71812700.0,10164
Raigad,2021,Tala,2644000.0,0.0,2644000.0,0.0,0.0,2644000.0,24026620.0,2542
Raigad,2021,Shreevardhan,6584000.0,49000.0,6633000.0,0.0,0.0,6633000.0,14855900.0,6039
Raigad,2021,Mhasala,1343000.0,731000.0,2074000.0,0.0,0.0,2074000.0,8204020.0,3278
Raigad,2021,Mahad,3261000.0,9099000.0,12360000.0,0.0,0.0,12360000.0,12713050.0,9455
Raigad,2021,Poladpur,614000.0,1405000.0,2019000.0,0.0,0.0,2019000.0,2589890.0,2186
Ratnagiri,2006,Mandangad,1487000.0,0.0,1487000.0,256000.0,0.0,1231000.0,1255000.0,23014
Ratnagiri,2006,Dapoli,4828000.0,0.0,4828000.0,559000.0,0.0,4269000.0,1549000.0,53865
Ratnagiri,2006,Khed,5959000.0,123000.0,6082000.0,600000.0,0.0,5482000.0,5482000.0,47676
Ratnagiri,2006,Chiplun,5325000.0,9000.0,5334000.0,652000.0,0.0,4682000.0,4682000.0,68019
Ratnagiri,2006,Guhagar,2362000.0,0.0,2362000.0,505000.0,0.0,1857000.0,1856000.0,35581
Ratnagiri,2006,Ratnagiri,8824000.0,128000.0,8952000.0,491000.0,0.0,8461000.0,7152000.0,75450
Ratnagiri,2006,Sangameshwar,4112000.0,0.0,4112000.0,640000.0,0.0,3472000.0,3481000.0,65912
Ratnagiri,2006,Lanja,7313000.0,428000.0,7741000.0,338000.0,0.0,7403000.0,2709000.0,35893
Ratnagiri,2006,Rajapur,4243000.0,123000.0,4366000.0,543000.0,0.0,3823000.0,3642000.0,62244
Ratnagiri,2008,Mandangad,2896000.0,0.0,2896000.0,261000.0,0.0,2635000.0,2752000.0,23054
Ratnagiri,2008,Dapoli,8874000.0,0.0,8874000.0,562000.0,0.0,8312000.0,8663000.0,53900
Ratnagiri,2008,Khed,8679000.0,0.0,8679000.0,607000.0,0.0,8072000.0,7290000.0,47926
Ratnagiri,2008,Chiplun,9582000.0,0.0,9582000.0,708000.0,0.0,8874000.0,7667000.0,66985
Ratnagiri,2008,Guhagar,3335000.0,0.0,3335000.0,510000.0,0.0,2825000.0,2889000.0,35581
Ratnagiri,2008,Ratnagiri,28062000.0,1709000.0,29771000.0,513000.0,0.0,29258000.0,26008000.0,75450
Ratnagiri,2008,Sangameshwar,6714000.0,0.0,6714000.0,644000.0,0.0,6070000.0,5738000.0,66223
Ratnagiri,2008,Lanja,6912000.0,5259000.0,12171000.0,341000.0,0.0,11830000.0,4930000.0,36232
Ratnagiri,2008,Rajapur,6391000.0,184000.0,6575000.0,545000.0,0.0,6030000.0,5830000.0,62244
Ratnagiri,2009,Mandangad,2470000.0,41000.0,2511000.0,0.0,0.0,2511000.0,3100000.0,23054
Ratnagiri,2009,Dapoli,11388000.0,431000.0,11819000.0,0.0,0.0,11819000.0,12638000.0,53900
Ratnagiri,2009,Khed,13237000.0,8199000.0,21436000.0,0.0,0.0,21436000.0,8983000.0,47926
Ratnagiri,2009,Chiplun,15751000.0,6071000.0,21822000.0,0.0,0.0,21822000.0,17263000.0,66985
Ratnagiri,2009,Guhagar,3951000.0,447000.0,4398000.0,0.0,0.0,4398000.0,4657000.0,35581
Ratnagiri,2009,Ratnagiri,29748000.0,7551000.0,37299000.0,0.0,0.0,37299000.0,75921000.0,75450
Ratnagiri,2009,Sangameshwar,10841000.0,4461000.0,15302000.0,0.0,0.0,15302000.0,8656000.0,66223
Ratnagiri,2009,Lanja,5566000.0,6346000.0,11912000.0,0.0,0.0,11912000.0,4630000.0,36232
Ratnagiri,2009,Rajapur,8315000.0,5560000.0,13875000.0,0.0,0.0,13875000.0,7305000.0,62244
Ratnagiri,2010,Mandangad,2340000.0,164000.0,2504000.0,0.0,0.0,2504000.0,3726000.0,23054
Ratnagiri,2010,Dapoli,8155000.0,1190000.0,9345000.0,0.0,0.0,9345000.0,11880000.0,53900
Ratnagiri,2010,Khed,10752000.0,16166000.0,26918000.0,0.0,0.0,26918000.0,10598000.0,47926
Ratnagiri,2010,Chiplun,9165000.0,6102000.0,15267000.0,0.0,0.0,15267000.0,11652000.0,66985
Ratnagiri,2010,Guhagar,3759000.0,510000.0,4269000.0,0.0,0.0,4269000.0,4376000.0,35581
Ratnagiri,2010,Ratnagiri,17862000.0,12074000.0,29936000.0,0.0,0.0,29936000.0,160989000.0,75450
Ratnagiri,2010,Sangameshwar,10188000.0,9651000.0,19839000.0,0.0,0.0,19839000.0,9638000.0,66223
Ratnagiri,2010,Lanja,10275000.0,7444000.0,17719000.0,0.0,0.0,17719000.0,5695000.0,36232
Ratnagiri,2010,Rajapur,10441000.0,5887000.0,16328000.0,0.0,0.0,16328000.0,15857000.0,62244
Ratnagiri,2011,Mandangad,2087000.0,0.0,2087000.0,0.0,0.0,2087000.0,2870000.0,23054
Ratnagiri,2011,Dapoli,10426000.0,112000.0,10538000.0,0.0,0.0,10538000.0,11320000.0,54635
Ratnagiri,2011,Khed,8460000.0,17826000.0,26286000.0,0.0,0.0,26286000.0,10305000.0,48245
Ratnagiri,2011,Chiplun,7613000.0,4021000.0,11634000.0,0.0,0.0,11634000.0,10838000.0,66935
Ratnagiri,2011,Guhagar,3855000.0,639000.0,4494000.0,0.0,0.0,4494000.0,5972000.0,35581
Ratnagiri,2011,Ratnagiri,28153000.0,15378000.0,43531000.0,0.0,0.0,43531000.0,49595000.0,75550
Ratnagiri,2011,Sangameshwar,10682000.0,9100000.0,19782000.0,0.0,0.0,19782000.0,10123000.0,66826
Ratnagiri,2011,Lanja,6537000.0,10879000.0,17416000.0,0.0,0.0,17416000.0,5481000.0,36232
Ratnagiri,2011,Rajapur,10931000.0,6278000.0,17209000.0,0.0,0.0,17209000.0,18176000.0,62623
Ratnagiri,2012,Mandangad,2219000.0,0.0,2219000.0,0.0,0.0,2219000.0,4542000.0,23054
Ratnagiri,2012,Dapoli,11791000.0,0.0,11791000.0,0.0,0.0,11791000.0,17231000.0,54635
Ratnagiri,2012,Khed,9710000.0,17037000.0,26747000.0,0.0,0.0,26747000.0,15573000.0,48245
Ratnagiri,2012,Chiplun,8522000.0,9433000.0,17955000.0,0.0,0.0,17955000.0,12958000.0,66935
Ratnagiri,2012,Guhagar,4091000.0,53000.0,4144000.0,0.0,0.0,4144000.0,6077000.0,35581
Ratnagiri,2012,Ratnagiri,36441000.0,18680000.0,55121000.0,0.0,0.0,55121000.0,43465000.0,75550
Ratnagiri,2012,Sangameshwar,10232000.0,11084000.0,21316000.0,0.0,0.0,21316000.0,11464000.0,66826
Ratnagiri,2012,Lanja,7034000.0,12775000.0,19809000.0,0.0,0.0,19809000.0,7149000.0,36232
Ratnagiri,2012,Rajapur,11586000.0,6583000.0,18169000.0,0.0,0.0,18169000.0,25242000.0,62623
Ratnagiri,2013,Mandangad,2214000.0,0.0,2214000.0,0.0,0.0,2214000.0,3136000.0,2354
Ratnagiri,2013,Dapoli,11468000.0,24000.0,11492000.0,0.0,0.0,11492000.0,13180000.0,45487
Ratnagiri,2013,Khed,28651000.0,18128000.0,46779000.0,0.0,0.0,46779000.0,14509000.0,48610
Ratnagiri,2013,Chiplun,18854000.0,9018000.0,27872000.0,0.0,0.0,27872000.0,16746000.0,66935
Ratnagiri,2013,Guhagar,3873000.0,52000.0,3925000.0,0.0,0.0,3925000.0,6045000.0,40581
Ratnagiri,2013,Ratnagiri,54097000.0,21985000.0,76082000.0,0.0,0.0,76082000.0,55973000.0,7688
Ratnagiri,2013,Sangameshwar,23834000.0,13289000.0,37123000.0,0.0,0.0,37123000.0,7207000.0,66826
Ratnagiri,2013,Lanja,21556000.0,14705000.0,36261000.0,0.0,0.0,36261000.0,6056000.0,37396
Ratnagiri,2013,Rajapur,22374000.0,6975000.0,29349000.0,0.0,0.0,29349000.0,16904000.0,57320
Ratnagiri,2014,Mandangad,1547000.0,0.0,1547000.0,0.0,0.0,1547000.0,3326000.0,23054
Ratnagiri,2014,Dapoli,12543000.0,0.0,12543000.0,0.0,0.0,12543000.0,16336000.0,55537
Ratnagiri,2014,Khed,12890000.0,21166000.0,34056000.0,0.0,0.0,34056000.0,13362000.0,48610
Ratnagiri,2014,Chiplun,26903000.0,10249000.0,37152000.0,0.0,0.0,37152000.0,19456000.0,67375
Ratnagiri,2014,Guhagar,3216000.0,52000.0,3268000.0,0.0,0.0,3268000.0,6325000.0,41332
Ratnagiri,2014,Ratnagiri,54097000.0,28592000.0,82689000.0,0.0,0.0,82689000.0,48694000.0,80068
Ratnagiri,2014,Sangameshwar,7846000.0,16694000.0,24540000.0,0.0,0.0,24540000.0,11235000.0,67263
Ratnagiri,2014,Lanja,7246000.0,18564000.0,25810000.0,0.0,0.0,25810000.0,6543000.0,37679
Ratnagiri,2014,Rajapur,16467000.0,7758000.0,24225000.0,0.0,0.0,24225000.0,19809000.0,62623
Ratnagiri,2015,Mandangad,2214000.0,0.0,2214000.0,0.0,0.0,2214000.0,3812000.0,23054
Ratnagiri,2015,Dapoli,12543000.0,0.0,12543000.0,0.0,0.0,12543000.0,36757000.0,55515
Ratnagiri,2015,Khed,9056000.0,0.0,9056000.0,0.0,0.0,9056000.0,13741000.0,48610
Ratnagiri,2015,Chiplun,5580000.0,0.0,5580000.0,0.0,0.0,5580000.0,28393000.0,66975
Ratnagiri,2015,Guhagar,2271000.0,0.0,2271000.0,0.0,0.0,2271000.0,7566000.0,41332
Ratnagiri,2015,Ratnagiri,28806000.0,0.0,28806000.0,0.0,0.0,28806000.0,58290000.0,67142
Ratnagiri,2015,Sangameshwar,7868000.0,0.0,7868000.0,0.0,0.0,7868000.0,13282000.0,80068
Ratnagiri,2015,Lanja,5147000.0,0.0,5147000.0,0.0,0.0,5147000.0,7361000.0,37529
Ratnagiri,2015,Rajapur,16467000.0,0.0,16467000.0,0.0,0.0,16467000.0,22941000.0,62623
Ratnagiri,2016,Mandangad,2958000.0,0.0,2958000.0,0.0,0.0,2958000.0,2936000.0,23054
Ratnagiri,2016,Dapoli,12742000.0,0.0,12742000.0,0.0,0.0,12742000.0,12962000.0,55515
Ratnagiri,2016,Khed,9443000.0,0.0,9443000.0,0.0,0.0,9443000.0,9462000.0,48610
Ratnagiri,2016,Chiplun,27086000.0,0.0,27086000.0,0.0,0.0,27086000.0,12112000.0,66975
Ratnagiri,2016,Guhagar,2780000.0,0.0,2780000.0,0.0,0.0,2780000.0,5852000.0,41332
Ratnagiri,2016,Ratnagiri,29777000.0,0.0,29777000.0,0.0,0.0,29777000.0,311221000.0,67142
Ratnagiri,2016,Sangameshwar,8570000.0,0.0,8570000.0,0.0,0.0,8570000.0,9557000.0,80068
Ratnagiri,2016,Lanja,5361000.0,0.0,5361000.0,0.0,0.0,5361000.0,5468000.0,37529
Ratnagiri,2016,Rajapur,17557000.0,0.0,17557000.0,0.0,0.0,17557000.0,16962000.0,62623
Ratnagiri,2017,Mandangad,2739000.0,0.0,2739000.0,0.0,0.0,2739000.0,2443000.0,26533
Ratnagiri,2017,Dapoli,14418000.0,0.0,14418000.0,0.0,0.0,14418000.0,17325000.0,55684
Ratnagiri,2017,Khed,9897000.0,0.0,9897000.0,0.0,0.0,9897000.0,12369000.0,49110
Ratnagiri,2017,Chiplun,10604000.0,0.0,10604000.0,0.0,0.0,10604000.0,14541000.0,67640
Ratnagiri,2017,Guhagar,3967000.0,0.0,3967000.0,0.0,0.0,3967000.0,7334000.0,43920
Ratnagiri,2017,Ratnagiri,8423000.0,0.0,8423000.0,0.0,0.0,8423000.0,419197000.0,80068
Ratnagiri,2017,Sangameshwar,30905000.0,0.0,30905000.0,0.0,0.0,30905000.0,7902000.0,67263
Ratnagiri,2017,Lanja,5270000.0,0.0,5270000.0,0.0,0.0,5270000.0,5098000.0,35701
Ratnagiri,2017,Rajapur,14579000.0,0.0,14579000.0,0.0,0.0,14579000.0,17416000.0,62623
Ratnagiri,2018,Mandangad,2604000.0,0.0,2604000.0,0.0,0.0,2604000.0,3449000.0,25457
Ratnagiri,2018,Dapoli,14541000.0,0.0,14541000.0,0.0,0.0,14541000.0,16891000.0,57133
Ratnagiri,2018,Khed,9631000.0,0.0,9631000.0,0.0,0.0,9631000.0,15853000.0,49110
Ratnagiri,2018,Chiplun,10604000.0,0.0,10604000.0,0.0,0.0,10604000.0,26100000.0,67375
Ratnagiri,2018,Guhagar,4041000.0,0.0,4041000.0,0.0,0.0,4041000.0,9490000.0,43920
Ratnagiri,2018,Ratnagiri,32015000.0,0.0,32015000.0,0.0,0.0,32015000.0,154116000.0,80068
Ratnagiri,2018,Sangameshwar,7528000.0,0.0,7528000.0,0.0,0.0,7528000.0,10805000.0,72663
Ratnagiri,2018,Lanja,4460000.0,0.0,4460000.0,0.0,0.0,4460000.0,10065000.0,38680
Ratnagiri,2018,Rajapur,14966000.0,0.0,14966000.0,0.0,0.0,14966000.0,15115000.0,62623
Ratnagiri,2019,Mandangad,3079000.0,0.0,3079000.0,0.0,0.0,3079000.0,3906000.0,25199
Ratnagiri,2019,Dapoli,11060000.0,0.0,11060000.0,0.0,0.0,11060000.0,20770000.0,57475
Ratnagiri,2019,Khed,10120000.0,0.0,10120000.0,0.0,0.0,10120000.0,11704000.0,49270
Ratnagiri,2019,Chiplun,14445000.0,0.0,14445000.0,0.0,0.0,14445000.0,24093000.0,67375
Ratnagiri,2019,Guhagar,10352000.0,0.0,10352000.0,0.0,0.0,10352000.0,7242000.0,40301
Ratnagiri,2019,Ratnagiri,39291000.0,0.0,39291000.0,0.0,0.0,39291000.0,392876000.0,89669
Ratnagiri,2019,Sangameshwar,8164000.0,0.0,8164000.0,0.0,0.0,8164000.0,10821000.0,114848
Ratnagiri,2019,Lanja,5921000.0,0.0,5921000.0,0.0,0.0,5921000.0,7315000.0,38680
Ratnagiri,2019,Rajapur,14818000.0,0.0,14818000.0,0.0,0.0,14818000.0,18013000.0,62623
Ratnagiri,2020,Mandangad,0.0,0.0,0.0,0.0,0.0,0.0,0.0,
Ratnagiri,2020,Dapoli,0.0,0.0,0.0,0.0,0.0,0.0,0.0,
Ratnagiri,2020,Khed,0.0,0.0,0.0,0.0,0.0,0.0,0.0,
Ratnagiri,2020,Chiplun,0.0,0.0,0.0,0.0,0.0,0.0,0.0,
Ratnagiri,2020,Guhagar,0.0,0.0,0.0,0.0,0.0,0.0,0.0,
Ratnagiri,2020,Ratnagiri,0.0,0.0,0.0,0.0,0.0,0.0,0.0,
Ratnagiri,2020,Sangameshwar,0.0,0.0,0.0,0.0,0.0,0.0,0.0,
Ratnagiri,2020,Lanja,0.0,0.0,0.0,0.0,0.0,0.0,0.0,
Ratnagiri,2020,Rajapur,0.0,0.0,0.0,0.0,0.0,0.0,0.0,
Ratnagiri,2021,Mandangad,2419000.0,104000.0,2523000.0,0.0,0.0,2523000.0,5395000.0,25229
Ratnagiri,2021,Dapoli,11586000.0,0.0,11586000.0,0.0,0.0,11586000.0,27432000.0,97982
Ratnagiri,2021,Khed,13081000.0,3506000.0,16587000.0,0.0,0.0,16587000.0,17792000.0,49270
Ratnagiri,2021,Chiplun,10842000.0,1923000.0,12765000.0,0.0,0.0,12765000.0,26433000.0,67745
Ratnagiri,2021,Guhagar,6911000.0,242000.0,7153000.0,0.0,0.0,7153000.0,10627000.0,43920
Ratnagiri,2021,Ratnagiri,43658000.0,0.0,43658000.0,0.0,0.0,43658000.0,144285000.0,89669
Ratnagiri,2021,Sangameshwar,8573000.0,288000.0,8861000.0,0.0,0.0,8861000.0,14091000.0,73427
Ratnagiri,2021,Lanja,6482000.0,0.0,6482000.0,0.0,0.0,6482000.0,10980000.0,38680
Ratnagiri,2021,Rajapur,14232000.0,31000.0,14263000.0,0.0,0.0,14263000.0,17635000.0,62623
Sangali,2012,Shirala,5312000.0,0.0,5312000.0,816000.0,0.0,4496000.0,5381000.0,46774
Sangali,2012,Valava,15774000.0,0.0,15774000.0,1382000.0,0.0,14392000.0,12984000.0,95280
Sangali,2012,Palus,5686000.0,0.0,5686000.0,429000.0,0.0,5257000.0,4963000.0,50235
Sangali,2012,Kadegaon,3633000.0,0.0,3633000.0,605000.0,0.0,3028000.0,2706000.0,40254
Sangali,2012,Khanapur,10754000.0,0.0,10754000.0,359000.0,0.0,10395000.0,10868000.0,41908
Sangali,2012,Aatpadi,2478000.0,0.0,2478000.0,475000.0,0.0,2003000.0,1398000.0,39648
Sangali,2012,Tasgaon,3923000.0,0.0,3923000.0,594000.0,0.0,3329000.0,3477000.0,63022
Sangali,2012,Miraj,42530000.0,0.0,42530000.0,1775000.0,0.0,40755000.0,37273000.0,100475
Sangali,2012,Ku. Mahakal,4250000.0,0.0,4250000.0,788000.0,0.0,3462000.0,3711000.0,39486
Sangali,2012,Jat,10975000.0,0.0,10975000.0,974000.0,0.0,10001000.0,12239000.0,72605
Sangali,2013,Shirala,4425000.0,0.0,4425000.0,768000.0,0.0,3657000.0,3777000.0,46774
Sangali,2013,Valava,19125000.0,0.0,19125000.0,1476000.0,0.0,17649000.0,10937000.0,95280
Sangali,2013,Palus,5748000.0,0.0,5748000.0,459000.0,0.0,5289000.0,7180000.0,40254
Sangali,2013,Kadegaon,2896000.0,0.0,2896000.0,612000.0,0.0,2284000.0,2197000.0,50235
Sangali,2013,Khanapur,3515000.0,0.0,3515000.0,361000.0,0.0,3154000.0,13949000.0,41908
Sangali,2013,Aatpadi,1811000.0,0.0,1811000.0,475000.0,0.0,1336000.0,1664000.0,39648
Sangali,2013,Tasgaon,3406000.0,0.0,3406000.0,869000.0,0.0,2537000.0,5086000.0,39486
Sangali,2013,Miraj,17839000.0,0.0,17839000.0,440000.0,0.0,17399000.0,48582000.0,100475
Sangali,2013,Ku. Mahakal,4194000.0,0.0,4194000.0,479000.0,0.0,3715000.0,4189000.0,63022
Sangali,2013,Jat,3314000.0,0.0,3314000.0,983000.0,488000.0,2819000.0,8997000.0,72605
Sangali,2014,Shirala,4579000.0,0.0,4579000.0,598000.0,0.0,3981000.0,4699000.0,46774
Sangali,2014,Valava,14439000.0,0.0,14439000.0,1715000.0,0.0,12724000.0,19755000.0,95280
Sangali,2014,Palus,5770000.0,0.0,5770000.0,457000.0,0.0,5313000.0,6764000.0,40254
Sangali,2014,Kadegaon,7595000.0,0.0,7595000.0,6169000.0,0.0,1426000.0,4831000.0,50235
Sangali,2014,Khanapur,3655000.0,0.0,3655000.0,359000.0,0.0,3296000.0,0.0,41908
Sangali,2014,Aatpadi,1882000.0,0.0,1882000.0,477000.0,0.0,1405000.0,1405000.0,39648
Sangali,2014,Tasgaon,5179000.0,0.0,5179000.0,871000.0,0.0,4308000.0,8183000.0,39486
Sangali,2014,Miraj,41864000.0,0.0,41864000.0,1405000.0,0.0,40459000.0,38438000.0,100475
Sangali,2014,Ku. Mahakal,4497000.0,0.0,4497000.0,534000.0,0.0,3963000.0,6654000.0,63022
Sangali,2014,Jat,3819000.0,0.0,3819000.0,1031000.0,0.0,2788000.0,13461000.0,72605
Sangali,2015,Shirala,4573000.0,0.0,4573000.0,592000.0,0.0,3981000.0,8695000.0,46774
Sangali,2015,Valava,14580000.0,0.0,14580000.0,1385000.0,0.0,13195000.0,15880000.0,95280
Sangali,2015,Palus,5770000.0,0.0,5770000.0,84000.0,0.0,5686000.0,8170000.0,40254
Sangali,2015,Kadegaon,3280000.0,0.0,3280000.0,623000.0,0.0,2657000.0,6940000.0,50235
Sangali,2015,Khanapur,4012000.0,0.0,4012000.0,618000.0,0.0,3394000.0,24192000.0,41908
Sangali,2015,Aatpadi,1952000.0,0.0,1952000.0,473000.0,0.0,1479000.0,2198000.0,39648
Sangali,2015,Tasgaon,8548000.0,0.0,8548000.0,870000.0,0.0,7678000.0,13147000.0,39486
Sangali,2015,Miraj,47208000.0,0.0,47208000.0,1737000.0,0.0,45471000.0,98619000.0,100475
Sangali,2015,Ku. Mahakal,5312000.0,0.0,5312000.0,536000.0,0.0,4776000.0,8084000.0,63022
Sangali,2015,Jat,6825000.0,0.0,6825000.0,1064000.0,0.0,5761000.0,15857000.0,72605
Sangali,2016,Shirala,4551000.0,0.0,4551000.0,587000.0,0.0,3964000.0,9034000.0,46774
Sangali,2016,Valava,18083000.0,0.0,18083000.0,1632000.0,0.0,16451000.0,10405000.0,95280
Sangali,2016,Palus,6370000.0,0.0,6370000.0,434000.0,0.0,5936000.0,5594000.0,40254
Sangali,2016,Kadegaon,3513000.0,0.0,3513000.0,617000.0,0.0,2896000.0,2235000.0,50235
Sangali,2016,Khanapur,14596000.0,0.0,14596000.0,990000.0,0.0,13606000.0,9644000.0,41908
Sangali,2016,Aatpadi,2021000.0,0.0,2021000.0,475000.0,0.0,1546000.0,2716000.0,39648
Sangali,2016,Tasgaon,9838000.0,0.0,9838000.0,871000.0,0.0,8967000.0,8574000.0,39486
Sangali,2016,Miraj,86834000.0,0.0,86834000.0,781000.0,0.0,86053000.0,89579000.0,100475
Sangali,2016,Ku. Mahakal,6241000.0,0.0,6241000.0,536000.0,0.0,5705000.0,3119000.0,63022
Sangali,2016,Jat,3835000.0,0.0,3835000.0,692000.0,0.0,3143000.0,14656000.0,72605
Sangali,2017,Shirala,4550000.0,0.0,4550000.0,663000.0,0.0,3887000.0,7819000.0,46774
Sangali,2017,Valava,14069000.0,0.0,14069000.0,1620000.0,0.0,12449000.0,25623000.0,95280
Sangali,2017,Palus,5895000.0,0.0,5895000.0,444000.0,0.0,5451000.0,8600000.0,40254
Sangali,2017,Kadegaon,3455000.0,0.0,3455000.0,637000.0,0.0,2818000.0,2388000.0,50235
Sangali,2017,Khanapur,3926000.0,2231000.0,6157000.0,173000.0,0.0,5984000.0,14083000.0,41908
Sangali,2017,Aatpadi,2164000.0,0.0,2164000.0,475000.0,0.0,1689000.0,5225000.0,39648
Sangali,2017,Tasgaon,6327000.0,0.0,6327000.0,771000.0,0.0,5556000.0,13419000.0,39486
Sangali,2017,Miraj,50587000.0,0.0,50587000.0,3575000.0,0.0,47012000.0,58846000.0,100475
Sangali,2017,Ku. Mahakal,5953000.0,67000.0,6020000.0,1600000.0,0.0,4420000.0,8391000.0,63022
Sangali,2017,Jat,3890000.0,0.0,3890000.0,847000.0,0.0,3043000.0,14822000.0,72605
Sangali,2018,Shirala,4999000.0,0.0,4999000.0,702000.0,0.0,4297000.0,4779000.0,46774
Sangali,2018,Valava,14223000.0,0.0,14223000.0,1782000.0,0.0,12441000.0,16364000.0,95280
Sangali,2018,Palus,6637000.0,0.0,6637000.0,468000.0,0.0,6169000.0,5594000.0,40254
Sangali,2018,Kadegaon,3312000.0,0.0,3312000.0,612000.0,0.0,2700000.0,1982000.0,50235
Sangali,2018,Khanapur,3609000.0,2548000.0,6157000.0,119000.0,0.0,6038000.0,765000.0,41908
Sangali,2018,Aatpadi,2342000.0,0.0,2342000.0,474000.0,0.0,1868000.0,5097000.0,39648
Sangali,2018,Tasgaon,5326000.0,0.0,5326000.0,771000.0,0.0,4555000.0,8348000.0,39486
Sangali,2018,Miraj,30355000.0,0.0,30355000.0,1735000.0,0.0,28620000.0,57635000.0,100475
Sangali,2018,Ku. Mahakal,5741000.0,723000.0,6464000.0,1656000.0,0.0,4806000.0,30699000.0,63022
Sangali,2018,Jat,5687000.0,66000.0,5753000.0,672000.0,0.0,5081000.0,9927000.0,72605
Sangali,2019,Shirala,5616000.0,28600.0,5644600.0,489000.0,0.0,5156000.0,8882000.0,84815
Sangali,2019,Valava,10963000.0,1774000.0,12737000.0,985000.0,0.0,11752000.0,20053000.0,142500
Sangali,2019,Palus,7630000.0,0.0,7630000.0,248000.0,0.0,7382000.0,14284000.0,45072
Sangali,2019,Kadegaon,3472000.0,290000.0,3762000.0,297000.0,0.0,3465000.0,6473000.0,61024
Sangali,2019,Khanapur,4841000.0,3531000.0,8371700.000000001,179000.0,0.0,8192000.0,13359000.0,89725
Sangali,2019,Aatpadi,3449000.0,0.0,3449000.0,475000.0,0.0,2974000.0,4854000.0,79843
Sangali,2019,Tasgaon,6163000.0,792000.0,6955000.0,1199000.0,0.0,5763000.0,13729000.0,94096
Sangali,2019,Miraj,61073000.0,0.0,61073000.0,305000.0,0.0,60768000.0,73660000.0,197734
Sangali,2019,Ku. Mahakal,6288000.0,1800000.0,8088000.0,1809000.0,0.0,6279000.0,10349000.0,83361
Sangali,2019,Jat,2894000.0,4500.0,2898500.0,0.0,0.0,2899000.0,16151000.0,117428
Sangali,2020,Shirala,4870000.0,100000.0,4970000.0,532000.0,0.0,4438000.0,15954000.0,84815
Sangali,2020,Valava,15166000.0,991000.0,16157000.0,1074000.0,0.0,15083000.0,50835000.0,142500
Sangali,2020,Palus,5405000.0,0.0,5405000.0,19000.0,0.0,5386000.0,16691000.0,45072
Sangali,2020,Kadegaon,3219000.0,398000.0,3617000.0,0.0,0.0,3617000.0,10886000.0,61024
Sangali,2020,Khanapur,5055000.0,4168000.0,9223000.0,531000.0,0.0,8692000.0,26319000.0,89725
Sangali,2020,Aatpadi,2069000.0,0.0,2069000.0,0.0,0.0,2069000.0,14103000.0,79843
Sangali,2020,Tasgaon,6627000.0,0.0,6627000.0,207000.0,0.0,6420000.0,15724000.0,94096
Sangali,2020,Miraj,24261000.0,0.0,24261000.0,343000.0,0.0,23918000.0,122929000.0,197734
Sangali,2020,Ku. Mahakal,5228000.0,3141000.0,8289000.0,50000.0,0.0,8319000.0,11678000.0,83361
Sangali,2020,Jat,6558000.0,4000.0,6558000.0,0.0,0.0,6558000.0,31260000.0,117428
Sangali,2021,Shirala,4848000.0,100000.0,4948000.0,532000.0,0.0,4416000.0,16202000.0,84815
Sangali,2021,Valava,15063000.0,766000.0,15829000.0,1074000.0,0.0,14755000.0,62094000.0,172406
Sangali,2021,Palus,5632000.0,0.0,5632000.0,19000.0,0.0,5613000.0,15237000.0,57179
Sangali,2021,Kadegaon,3109000.0,398000.0,3507000.0,0.0,0.0,3507000.0,16865000.0,73192
Sangali,2021,Khanapur,6106000.0,4121000.0,10227000.0,640000.0,0.0,9587000.0,34154000.0,86911
Sangali,2021,Aatpadi,4387000.0,0.0,4387000.0,0.0,0.0,4387000.0,12163000.0,111244
Sangali,2021,Tasgaon,7311000.0,0.0,7311000.0,989000.0,0.0,6322000.0,14857000.0,102738
Sangali,2021,Miraj,19476000.0,0.0,19476000.0,371000.0,0.0,19105000.0,179505000.0,209199
Sangali,2021,Ku. Mahakal,5980000.0,1816000.0,7796000.0,37000.0,0.0,7759000.0,43256000.0,64631
Sangali,2021,Jat,11144000.0,0.0,11144000.0,0.0,0.0,11144000.0,37064000.0,139901
Satara,2012,Mahableshwar,16261000.0,0.0,16261000.0,143000.0,0.0,16118000.0,13865000.0,
Satara,2012,Vai,8378000.0,1083000.0,9461000.0,622000.0,0.0,8839000.0,10304000.0,
Satara,2012,Khandala,6831000.0,127000.0,6958000.0,464000.0,0.0,6494000.0,41168000.0,
Satara,2012,Faltan,16325000.0,2049000.0,18374000.0,1205000.0,0.0,17169000.0,19740000.0,
Satara,2012,Man,2557000.0,0.0,2557000.0,774000.0,0.0,1783000.0,6028000.0,
Satara,2012,Khatav,4793000.0,1335000.0,6128000.0,1217000.0,0.0,4911000.0,4122000.0,
Satara,2012,Koregaon,5773000.0,795000.0,6568000.0,0.0,0.0,6568000.0,7310000.0,
Satara,2012,Satara,33523000.0,35704000.0,69227000.0,1220000.0,0.0,68007000.0,41699000.0,
Satara,2012,Javali,2173000.0,890000.0,3063000.0,441000.0,0.0,2622000.0,3241000.0,
Satara,2012,Patan,15105000.0,0.0,15105000.0,1219000.0,0.0,13886000.0,16308000.0,
Satara,2012,Karad,19778000.0,147000.0,19925000.0,1686000.0,0.0,18239000.0,26971000.0,
Satara,2013,Mahableshwar,10029000.0,2858000.0,12887000.0,144000.0,0.0,12743000.0,19943000.0,
Satara,2013,Vai,8241000.0,1442000.0,9683000.0,622000.0,0.0,9061000.0,17795000.0,
Satara,2013,Khandala,12205000.0,1892000.0,14097000.0,337000.0,0.0,13760000.0,41468000.0,
Satara,2013,Faltan,18169000.0,3481000.0,21650000.0,1225000.0,0.0,20425000.0,25084000.0,
Satara,2013,Man,4375000.0,142000.0,4517000.0,844000.0,0.0,3673000.0,9371000.0,
Satara,2013,Khatav,5895000.0,1216000.0,7111000.0,1615000.0,0.0,5496000.0,4796000.0,
Satara,2013,Koregaon,6346000.0,925000.0,7271000.0,1029000.0,0.0,6242000.0,8053000.0,
Satara,2013,Satara,36542000.0,35236000.0,71778000.0,1204000.0,0.0,70574000.0,37274000.0,
Satara,2013,Javali,2512000.0,175000.0,2687000.0,506000.0,0.0,2181000.0,3321000.0,
Satara,2013,Patan,15997000.0,899000.0,16896000.0,1252000.0,0.0,15644000.0,19319000.0,
Satara,2013,Karad,24604000.0,3201000.0,27805000.0,1727000.0,0.0,26078000.0,24458000.0,
Satara,2014,Mahableshwar,9504000.0,88000.0,9592000.0,143000.0,0.0,9449000.0,16424000.0,
Satara,2014,Vai,10190000.0,399000.0,10589000.0,598000.0,0.0,9991000.0,17826000.0,
Satara,2014,Khandala,12717000.0,1443000.0,14160000.0,337000.0,0.0,13823000.0,45024000.0,
Satara,2014,Faltan,20073000.0,1598000.0,21671000.0,2098000.0,0.0,19573000.0,24147000.0,
Satara,2014,Man,4828000.0,676000.0,5504000.0,780000.0,0.0,4724000.0,17543000.0,
Satara,2014,Khatav,6759000.0,1242000.0,8001000.0,1615000.0,0.0,6386000.0,10740000.0,
Satara,2014,Koregaon,7863000.0,439000.0,8302000.0,1002000.0,0.0,7300000.0,9043000.0,
Satara,2014,Satara,37747000.0,17868000.0,55615000.0,1219000.0,0.0,54396000.0,45252000.0,
Satara,2014,Javali,2838000.0,1298000.0,4136000.0,452000.0,0.0,3684000.0,4573000.0,
Satara,2014,Patan,16183000.0,2093000.0,18276000.0,1085000.0,0.0,17191000.0,18613000.0,
Satara,2014,Karad,33779000.0,10886000.0,44665000.0,1676000.0,0.0,42989000.0,32613000.0,
Satara,2015,Mahableshwar,10574000.0,73000.0,10647000.0,1152000.0,0.0,9495000.0,23310000.0,
Satara,2015,Vai,9398000.0,777000.0,10175000.0,671000.0,0.0,9504000.0,24955000.0,
Satara,2015,Khandala,16450000.0,0.0,16450000.0,355000.0,0.0,16095000.0,36573000.0,
Satara,2015,Faltan,19868000.0,0.0,19868000.0,2123000.0,0.0,17745000.0,34537000.0,
Satara,2015,Man,5794000.0,1013000.0,6807000.0,647000.0,0.0,6160000.0,13063000.0,
Satara,2015,Khatav,5530000.0,2730000.0,8260000.0,0.0,0.0,8260000.0,8914000.0,
Satara,2015,Koregaon,6755000.0,1008000.0,7763000.0,1019000.0,0.0,6744000.0,18426000.0,
Satara,2015,Satara,15836000.0,3397000.0,19233000.0,1232000.0,0.0,18001000.0,64194000.0,
Satara,2015,Javali,2838000.0,1298000.0,4136000.0,452000.0,0.0,3684000.0,10124000.0,
Satara,2015,Patan,16904000.0,1246000.0,18150000.0,1085000.0,0.0,17065000.0,22147000.0,
Satara,2015,Karad,45668000.0,14379000.0,60047000.0,1764000.0,0.0,58283000.0,64037000.0,
Satara,2016,Mahableshwar,3696000.0,646000.0,4342000.0,23000.0,0.0,4320000.0,29048000.0,
Satara,2016,Vai,1641000.0,58000.0,1700000.0,96000.0,0.0,1603000.0,96585000.0,
Satara,2016,Khandala,3052000.0,35000.0,3087000.0,86000.0,0.0,3000000.0,25620000.0,
Satara,2016,Faltan,3475000.0,0.0,3475000.0,177000.0,0.0,3298000.0,43917000.0,
Satara,2016,Man,1530000.0,296000.0,1826000.0,104000.0,0.0,1722000.0,11382000.0,
Satara,2016,Khatav,985000.0,185000.0,1170000.0,123000.0,0.0,1048000.0,3612000.0,
Satara,2016,Koregaon,1077000.0,545000.0,1622000.0,158000.0,0.0,1464000.0,12303000.0,
Satara,2016,Satara,5876000.0,2157000.0,8033000.0,180000.0,0.0,7852000.0,102872000.0,
Satara,2016,Javali,468000.0,217000.0,685000.0,72000.0,0.0,613000.0,4066000.0,
Satara,2016,Patan,3010000.0,441000.0,3451000.0,199000.0,0.0,3252000.0,16548000.0,
Satara,2016,Karad,7493000.0,2677000.0,10169000.0,277000.0,0.0,9892000.0,76896000.0,
Satara,2017,Mahableshwar,22542000.0,0.0,22542000.0,142000.0,0.0,22400000.0,24113000.0,
Satara,2017,Vai,10049000.0,689000.0,10738000.0,608000.0,0.0,10130000.0,18596000.0,
Satara,2017,Khandala,18973000.0,0.0,18973000.0,0.0,0.0,18973000.0,29323000.0,
Satara,2017,Faltan,23301000.0,0.0,23301000.0,1562000.0,0.0,21739000.0,41648000.0,
Satara,2017,Man,9209000.0,1046000.0,10255000.0,794000.0,0.0,9461000.0,11248000.0,
Satara,2017,Khatav,6863000.0,4088000.0,10951000.0,1306000.0,0.0,9645000.0,9524000.0,
Satara,2017,Koregaon,13979000.0,1461000.0,15440000.0,1013000.0,0.0,14427000.0,15837000.0,
Satara,2017,Satara,45431000.0,5613000.0,51044000.0,1044000.0,0.0,50000000.0,182319000.0,
Satara,2017,Javali,2838000.0,1198000.0,4036000.0,452000.0,0.0,3584000.0,8761000.0,
Satara,2017,Patan,20556000.0,2475000.0,23031000.0,1287000.0,0.0,21744000.0,24974000.0,
Satara,2017,Karad,48840000.0,17630000.0,66470000.0,1580000.0,0.0,64890000.0,59035000.0,
Satara,2018,Mahableshwar,23348000.0,0.0,23348000.0,142000.0,0.0,23206000.0,18905000.0,
Satara,2018,Vai,7169000.0,42000.0,7211000.0,612000.0,0.0,6599000.0,16568000.0,
Satara,2018,Khandala,20622000.0,0.0,20622000.0,483000.0,0.0,20139000.0,28386000.0,
Satara,2018,Faltan,14327000.0,1179000.0,15506000.0,0.0,0.0,15506000.0,29670000.0,
Satara,2018,Man,3919000.0,1204000.0,5123000.0,0.0,0.0,5123000.0,10157000.0,
Satara,2018,Khatav,7986000.0,3693000.0,11679000.0,1229000.0,0.0,10450000.0,14018000.0,
Satara,2018,Koregaon,2315000.0,20000.0,2335000.0,0.0,0.0,2335000.0,3961000.0,
Satara,2018,Satara,55775000.0,6554000.0,62329000.0,966000.0,0.0,61363000.0,66604000.0,
Satara,2018,Javali,4134000.0,92000.0,4226000.0,455000.0,0.0,3771000.0,13137000.0,
Satara,2018,Patan,20355000.0,3083000.0,23438000.0,1242000.0,0.0,22196000.0,24474000.0,
Satara,2018,Karad,40876000.0,26907000.0,67783000.0,1821000.0,0.0,65962000.0,32507000.0,
Satara,2019,Mahableshwar,23600000.0,0.0,23600000.0,279000.0,0.0,23321000.0,24858000.0,
Satara,2019,Vai,13645000.0,1886000.0,15531000.0,708000.0,0.0,14823000.0,13309000.0,
Satara,2019,Khandala,23784000.0,810000.0,24594000.0,371000.0,0.0,24223000.0,32071000.0,
Satara,2019,Faltan,22677000.0,915000.0,23592000.0,1248000.0,0.0,22344000.0,47071000.0,
Satara,2019,Man,8753000.0,1102000.0,9855000.0,778000.0,0.0,9077000.0,9015000.0,
Satara,2019,Khatav,6502000.0,3598000.0,10100000.0,1154000.0,0.0,8946000.0,11793000.0,
Satara,2019,Koregaon,9862000.0,0.0,9862000.0,1135000.0,0.0,8727000.0,28701000.0,
Satara,2019,Satara,49977000.0,3823000.0,53800000.0,966000.0,0.0,52834000.0,59573000.0,
Satara,2019,Javali,3885000.0,35000.0,3920000.0,469000.0,0.0,3451000.0,4176000.0,
Satara,2019,Patan,19096000.0,6840000.0,25936000.0,1276000.0,0.0,24660000.0,17932000.0,
Satara,2019,Karad,17385000.0,1347000.0,18732000.0,1762000.0,0.0,16970000.0,80401000.0,
Satara,2020,Mahableshwar,24190000.0,803000.0,24993000.0,302000.0,0.0,24691000.0,28676000.0,
Satara,2020,Vai,7716000.0,374000.0,8090000.0,613000.0,0.0,7477000.0,32379000.0,
Satara,2020,Khandala,23784000.0,953000.0,24716000.0,280000.0,0.0,24436000.0,58098000.0,
Satara,2020,Faltan,37758000.0,5990000.0,43748000.0,1248000.0,0.0,42500000.0,70631000.0,
Satara,2020,Man,8900000.0,1678000.0,10578000.0,777000.0,0.0,9801000.0,25014000.0,
Satara,2020,Khatav,8940000.0,6174000.0,15114000.0,1449000.0,0.0,13665000.0,12754000.0,
Satara,2020,Koregaon,7429000.0,0.0,7429000.0,1060000.0,0.0,6369000.0,7934000.0,
Satara,2020,Satara,21264000.0,7020000.0,28284000.0,1162000.0,0.0,27122000.0,86769000.0,
Satara,2020,Javali,3882000.0,38000.0,3920000.0,469000.0,0.0,3451000.0,31889000.0,
Satara,2020,Patan,20500000.0,10257000.0,30757000.0,1312000.0,0.0,29445000.0,29659000.0,
Satara,2020,Karad,42738000.0,3183000.0,45921000.0,1761000.0,0.0,44160000.0,84446000.0,
Satara,2021,Mahableshwar,13462000.0,4104000.0,17566000.0,655000.0,0.0,16911000.0,23300000.0,
Satara,2021,Vai,7441000.0,0.0,7441000.0,0.0,0.0,7441000.0,22112000.0,
Satara,2021,Khandala,23919000.0,64000.0,23983000.0,497000.0,0.0,23486000.0,57753000.0,
Satara,2021,Faltan,22552000.0,5655000.0,28207000.0,1278000.0,0.0,26929000.0,71480000.0,
Satara,2021,Man,9931000.0,182000.0,10113000.0,767000.0,0.0,9346000.0,15441000.0,
Satara,2021,Khatav,8582000.0,7936000.0,16518000.0,1354000.0,0.0,15164000.0,26414000.0,
Satara,2021,Koregaon,7366000.0,0.0,7366000.0,1205000.0,0.0,6161000.0,6363000.0,
Satara,2021,Satara,19784000.0,3625000.0,23409000.0,1331000.0,0.0,22078000.0,153729000.0,
Satara,2021,Javali,4165000.0,39000.0,4204000.0,576000.0,0.0,3628000.0,23257000.0,
Satara,2021,Patan,21295000.0,10488000.0,31783000.0,1278000.0,0.0,30505000.0,18978000.0,
Satara,2021,Karad,18422000.0,0.0,18422000.0,1804000.0,0.0,16618000.0,82566000.0,
Sindhudurg,2012,Devgad,5133000.0,0.0,5133000.0,0.0,0.0,5133000.0,5133000.0,39891
Sindhudurg,2012,Vaibhavwadi,1239000.0,0.0,1239000.0,0.0,0.0,1239000.0,1676000.0,18057
Sindhudurg,2012,Kankavali,8832000.0,0.0,8832000.0,0.0,0.0,8832000.0,9008000.0,41965
Sindhudurg,2012,Malvan,5476000.0,0.0,5476000.0,0.0,0.0,5476000.0,6034000.0,64887
Sindhudurg,2012,Vengurla,2015000.0,0.0,2015000.0,0.0,0.0,2015000.0,5006000.0,15273
Sindhudurg,2012,Kudal,5348000.0,0.0,5348000.0,2115000.0,0.0,3233000.0,9527000.0,39838
Sindhudurg,2012,Sawantwadi,4737000.0,639000.0,5376000.0,0.0,0.0,5376000.0,11605000.0,33461
Sindhudurg,2012,Dodamarg,6054000.0,0.0,6054000.0,0.0,0.0,6054000.0,7482000.0,13887
Sindhudurg,2013,Devgad,7669000.0,0.0,7669000.0,302000.0,0.0,7367000.0,6328000.0,65712
Sindhudurg,2013,Vaibhavwadi,982000.0,3000.0,985000.0,176000.0,0.0,809000.0,1004000.0,18057
Sindhudurg,2013,Kankavali,8489000.0,286000.0,8775000.0,406000.0,0.0,8369000.0,9518000.0,41965
Sindhudurg,2013,Malvan,5476000.0,0.0,5476000.0,417000.0,0.0,5059000.0,6034000.0,64887
Sindhudurg,2013,Vengurla,5353000.0,23000.0,5376000.0,121000.0,0.0,5255000.0,5219000.0,42576
Sindhudurg,2013,Kudal,7786000.0,0.0,7786000.0,455000.0,0.0,7331000.0,10029000.0,39838
Sindhudurg,2013,Sawantwadi,10270000.0,1978000.0,12248000.0,195000.0,0.0,12053000.0,9242000.0,47297
Sindhudurg,2013,Dodamarg,4254000.0,0.0,4254000.0,134000.0,0.0,4120000.0,6100000.0,13887
Sindhudurg,2014,Devgad,6960000.0,0.0,6960000.0,301000.0,0.0,6659000.0,5870000.0,67412
Sindhudurg,2014,Vaibhavwadi,1909000.0,2000.0,1911000.0,0.0,0.0,1911000.0,1199000.0,18077
Sindhudurg,2014,Kankavali,7959000.0,282000.0,8241000.0,408000.0,0.0,7833000.0,10080000.0,41965
Sindhudurg,2014,Malvan,5476000.0,0.0,5476000.0,417000.0,0.0,5059000.0,9271000.0,64887
Sindhudurg,2014,Vengurla,6555000.0,23000.0,6578000.0,121000.0,0.0,6457000.0,8419000.0,42576
Sindhudurg,2014,Kudal,8235000.0,0.0,8235000.0,420000.0,0.0,7815000.0,8944000.0,39838
Sindhudurg,2014,Sawantwadi,10619000.0,30000.0,10649000.0,314000.0,0.0,10335000.0,14438000.0,48500
Sindhudurg,2014,Dodamarg,5300000.0,0.0,5300000.0,0.0,0.0,5300000.0,6373000.0,13887
Sindhudurg,2015,Devgad,7967000.0,0.0,7967000.0,301000.0,0.0,7666000.0,6253000.0,67412
Sindhudurg,2015,Vaibhavwadi,1909000.0,1000.0,1911000.0,0.0,0.0,1911000.0,2668000.0,18077
Sindhudurg,2015,Kankavali,13062000.0,0.0,13062000.0,0.0,0.0,13062000.0,9850000.0,41965
Sindhudurg,2015,Malvan,5475000.0,0.0,5475000.0,448000.0,0.0,5027000.0,7920000.0,64887
Sindhudurg,2015,Vengurla,6331000.0,23000.0,6354000.0,223000.0,0.0,6130000.0,7908000.0,42576
Sindhudurg,2015,Kudal,9792000.0,1578000.0,11371000.0,420000.0,0.0,10951000.0,10523000.0,39838
Sindhudurg,2015,Sawantwadi,10446000.0,32000.0,10478000.0,235000.0,0.0,10243000.0,13464000.0,25611
Sindhudurg,2015,Dodamarg,6307000.0,34000.0,6341000.0,14000.0,0.0,6327000.0,7015000.0,13887
Sindhudurg,2016,Devgad,5935000.0,0.0,5935000.0,302000.0,0.0,7360000.0,7360000.0,65757
Sindhudurg,2016,Vaibhavwadi,2488000.0,0.0,2488000.0,0.0,0.0,2488000.0,2338000.0,18077
Sindhudurg,2016,Kankavali,5135000.0,0.0,5135000.0,0.0,0.0,5135000.0,7621000.0,41965
Sindhudurg,2016,Malvan,5476000.0,0.0,5476000.0,0.0,0.0,4503000.0,4504000.0,64887
Sindhudurg,2016,Vengurla,6997000.0,0.0,6997000.0,221000.0,0.0,6732000.0,15731000.0,42576
Sindhudurg,2016,Kudal,15161000.0,0.0,15161000.0,704000.0,0.0,14458000.0,19050000.0,39838
Sindhudurg,2016,Sawantwadi,14770000.0,0.0,14770000.0,0.0,0.0,14770000.0,10933000.0,25611
Sindhudurg,2016,Dodamarg,6892000.0,0.0,6892000.0,134000.0,0.0,6759000.0,3562000.0,13887
Sindhudurg,2017,Devgad,2974000.0,0.0,2974000.0,270000.0,0.0,2704000.0,5135000.0,65712
Sindhudurg,2017,Vaibhavwadi,5851000.0,0.0,5851000.0,178000.0,0.0,5673000.0,8297000.0,28957
Sindhudurg,2017,Kankavali,6424000.0,0.0,6424000.0,0.0,0.0,6424000.0,6424000.0,78163
Sindhudurg,2017,Malvan,5598000.0,437000.0,6035000.0,399000.0,0.0,5636000.0,5885000.0,36761
Sindhudurg,2017,Vengurla,4409000.0,60000.0,4469000.0,220000.0,0.0,4248000.0,4534000.0,58083
Sindhudurg,2017,Kudal,10879000.0,2206000.0,8673000.0,425000.0,0.0,8248000.0,24406000.0,39636
Sindhudurg,2017,Sawantwadi,11107000.0,116000.0,11223000.0,316000.0,0.0,10907000.0,14579000.0,52505
Sindhudurg,2017,Dodamarg,3382000.0,127000.0,3510000.0,134000.0,0.0,3376000.0,3935000.0,15935
Sindhudurg,2018,Devgad,7835000.0,0.0,7835000.0,304000.0,7530000.0,0.0,6960000.0,65757
Sindhudurg,2018,Vaibhavwadi,254000.0,0.0,2415000.0,178000.0,0.0,2236000.0,2301000.0,21511
Sindhudurg,2018,Kankavali,7113000.0,0.0,7450000.0,406000.0,0.0,7043000.0,6869000.0,69923
Sindhudurg,2018,Malvan,4060000.0,0.0,6869000.0,156000.0,0.0,6714000.0,3327000.0,51328
Sindhudurg,2018,Vengurla,6830000.0,0.0,6911000.0,429000.0,0.0,6482000.0,6482000.0,39838
Sindhudurg,2018,Kudal,3302000.0,0.0,3404000.0,156000.0,0.0,3248000.0,3327000.0,42576
Sindhudurg,2018,Sawantwadi,8364000.0,0.0,9074000.0,330000.0,0.0,8744000.0,6660000.0,79119
Sindhudurg,2018,Dodamarg,4709000.0,0.0,4709000.0,138000.0,0.0,4571000.0,4699000.0,17128
Sindhudurg,2019,Devgad,7834640.0,358000.0,8192639.999999999,304320.0,7530310.0,358010.0,6960490.0,65757
Sindhudurg,2019,Vaibhavwadi,214720.0,0.0,214720.0,17330.0,0.0,197390.0,197390.0,3194
Sindhudurg,2019,Kankawali,10672650.0,1316360.0,11989010.0,654400.0,0.0,11334610.0,12937530.0,69923
Sindhudurg,2019,Malwan,1637500.0,398550.0,2036040.0,247200.0,0.0,1788840.0,1091230.0,137067
Sindhudurg,2019,Vengurla,6898980.0,3787240.0,10686220.0,833950.0,0.0,9852270.0,5092070.0,39910
Sindhudurg,2019,Kudal,2662530.0,123990.0,2786520.0,218750.0,0.0,2567780.0,8839720.0,42576
Sindhudurg,2019,Savantwadi,11280770.0,2653650.0,13934420.0,471120.0,0.0,13463290.0,8617250.0,39045
Sindhudurg,2019,Dodamarg,2366440.0,0.0,2366440.0,267890.0,0.0,2098550.0,1481180.0,17812
Sindhudurg,2020,Devgad,3521020.0,0.0,3521020.0,208340.0,0.0,3312680.0,12978950.0,65757
Sindhudurg,2020,Vaibhavwadi,2646040.0,0.0,2646040.0,179240.0,0.0,2466800.0,2466800.0,3194
Sindhudurg,2020,Kankawali,5094380.0,1252210.0,6346600.0,407230.0,0.0,5939370.0,15583640.0,69923
Sindhudurg,2020,Malwan,4986470.0,1232900.0,6219370.0,153460.0,0.0,6065910.0,7820700.0,114847
Sindhudurg,2020,Vengurla,6737760.0,3807170.0,10544930.0,833950.0,0.0,9710980.0,5984090.0,39890
Sindhudurg,2020,Kudal,3935550.0,537510.0,4473060.0,215220.0,0.0,4257840.0,5960290.0,19064
Sindhudurg,2020,Savantwadi,2150090.0,0.0,2150090.0,0.0,0.0,2150090.0,2014550.0,14233
Sindhudurg,2020,Dodamarg,4641350.0,0.0,4641350.0,1186790.0,0.0,3454560.0,3454560.0,17812
Sindhudurg,2021,Devgad,3842750.0,0.0,3842750.0,208380.0,0.0,3634370.0,13610890.0,65767
Sindhudurg,2021,Vaibhavwadi,2300000.0,0.0,2300000.0,178800.0,0.0,2121200.0,461500.0,22814
Sindhudurg,2021,Kankawali,15773580.0,1252210.0,17025800.0,407230.0,0.0,16618570.0,16743780.0,69923
Sindhudurg,2021,Malwan,4986470.0,1232900.0,6219370.0,163460.0,0.0,6055910.0,10059000.0,106875
Sindhudurg,2021,Vengurla,7011440.0,8087170.0,15098610.0,284680.0,0.0,14813920.0,14928050.0,39918
Sindhudurg,2021,Kudal,5430660.0,364470.0,5795140.0,110770.0,0.0,5684370.0,4714020.0,47381
Sindhudurg,2021,Savantwadi,17703530.0,3749000.0,21452940.0,281270.0,0.0,21171670.0,12830550.0,40964
Sindhudurg,2021,Dodamarg,4299260.0,0.0,4299260.0,135150.0,0.0,4164110.0,8838610.0,17812
Thane,2012,Thane,982914000.0,0.0,982914000.0,0.0,0.0,982914000.0,1058947000.0,0
Thane,2012,Bhivandi,114956000.0,0.0,114956000.0,0.0,0.0,114956000.0,156179000.0,43301
Thane,2012,Shahapur,6999000.0,0.0,6999000.0,0.0,0.0,6999000.0,46954000.0,43313
Thane,2012,Kalyan,166949000.0,0.0,166949000.0,0.0,0.0,166949000.0,220459000.0,32310
Thane,2012,Ulhasnagar,190600000.0,0.0,190600000.0,0.0,0.0,190600000.0,60676000.0,154
Thane,2012,Ambarnath,61579000.0,0.0,61579000.0,0.0,0.0,61579000.0,177079000.0,23545
Thane,2012,Murbad,5308000.0,0.0,5308000.0,0.0,0.0,5308000.0,9544000.0,34168
Thane,2013,Thane,93370000.0,0.0,93370000.0,0.0,0.0,93370000.0,167311000.0,0
Thane,2013,Bhivandi,25150000.0,0.0,25150000.0,0.0,0.0,25150000.0,106144000.0,43310
Thane,2013,Shahapur,6999000.0,0.0,6999000.0,0.0,0.0,6999000.0,45488000.0,43303
Thane,2013,Kalyan,124775000.0,0.0,124775000.0,0.0,0.0,124775000.0,232074000.0,32309
Thane,2013,Ulhasnagar,4595000.0,0.0,4595000.0,0.0,0.0,4595000.0,11330000.0,159
Thane,2013,Ambarnath,7314000.0,0.0,7314000.0,0.0,0.0,7314000.0,34590000.0,23535
Thane,2013,Murbad,6161000.0,0.0,6161000.0,0.0,0.0,6161000.0,8262000.0,34175
Thane,2014,Thane,93370000.0,0.0,93370000.0,0.0,0.0,93370000.0,1562013000.0,0
Thane,2014,Bhivandi,25150000.0,0.0,25150000.0,0.0,0.0,25150000.0,145819000.0,43310
Thane,2014,Shahapur,6999000.0,0.0,6999000.0,0.0,0.0,6999000.0,52062000.0,43303
Thane,2014,Kalyan,124775000.0,0.0,124775000.0,0.0,0.0,124775000.0,59095000.0,32309
Thane,2014,Ulhasnagar,4595000.0,0.0,4595000.0,0.0,0.0,4595000.0,6500000.0,159
Thane,2014,Ambarnath,7314000.0,0.0,7314000.0,0.0,0.0,7314000.0,20205000.0,23535
Thane,2014,Murbad,6161000.0,0.0,6161000.0,0.0,0.0,6161000.0,5033000.0,34175
Thane,2015,Thane,267011000.0,0.0,267011000.0,0.0,0.0,267011000.0,2628524000.0,0
Thane,2015,Bhivandi,25195000.0,0.0,25195000.0,0.0,0.0,25195000.0,282612000.0,43310
Thane,2015,Shahapur,7103000.0,0.0,7103000.0,0.0,0.0,7103000.0,43456000.0,43303
Thane,2015,Kalyan,29014000.0,0.0,29014000.0,0.0,0.0,29014000.0,240660000.0,32309
Thane,2015,Ulhasnagar,9635000.0,0.0,9635000.0,0.0,0.0,9635000.0,11762000.0,159
Thane,2015,Ambarnath,9242000.0,0.0,9242000.0,0.0,0.0,9242000.0,33900000.0,23535
Thane,2015,Murbad,6143000.0,0.0,6143000.0,0.0,0.0,6143000.0,11196000.0,34175
Thane,2016,Thane,720785000.0,0.0,720785000.0,0.0,0.0,720785000.0,774548000.0,0
Thane,2016,Bhivandi,69738000.0,0.0,69738000.0,0.0,0.0,69738000.0,388444000.0,43310
Thane,2016,Shahapur,28564000.0,0.0,28564000.0,0.0,0.0,28564000.0,117283000.0,43303
Thane,2016,Kalyan,234000000.0,0.0,234000000.0,0.0,0.0,234000000.0,213680000.0,32309
Thane,2016,Ulhasnagar,11434000.0,0.0,11434000.0,0.0,0.0,11434000.0,20390000.0,159
Thane,2016,Ambarnath,66238000.0,0.0,66238000.0,0.0,0.0,66238000.0,1333783000.0,23535
Thane,2016,Murbad,14044000.0,0.0,14044000.0,0.0,0.0,14044000.0,20195000.0,34175
Thane,2017,Thane,720785000.0,0.0,720785000.0,0.0,0.0,720785000.0,3666670000.0,0
Thane,2017,Bhivandi,69738000.0,0.0,69738000.0,0.0,0.0,69738000.0,342587000.0,43310
Thane,2017,Shahapur,28564000.0,0.0,28564000.0,0.0,0.0,28564000.0,154024000.0,43303
Thane,2017,Kalyan,234000000.0,0.0,234000000.0,0.0,0.0,234000000.0,1363414000.0,32309
Thane,2017,Ulhasnagar,11434000.0,0.0,11434000.0,0.0,0.0,11434000.0,13659000.0,159
Thane,2017,Ambarnath,66238000.0,0.0,66238000.0,0.0,0.0,66238000.0,101145000.0,23535
Thane,2017,Murbad,14044000.0,0.0,14044000.0,0.0,0.0,14044000.0,21384000.0,34175
Thane,2018,Thane,441909000.0,0.0,441909000.0,0.0,0.0,441909000.0,619856000.0,0
Thane,2018,Bhivandi,45091000.0,0.0,45091000.0,0.0,0.0,45091000.0,613000000.0,43310
Thane,2018,Shahapur,21658000.0,0.0,21658000.0,0.0,0.0,21658000.0,173751000.0,43303
Thane,2018,Kalyan,40406000.0,0.0,40406000.0,0.0,0.0,40406000.0,948679000.0,32309
Thane,2018,Ulhasnagar,4896000.0,0.0,4896000.0,0.0,0.0,4896000.0,269202000.0,159
Thane,2018,Ambarnath,23921000.0,0.0,23921000.0,0.0,0.0,23921000.0,141481000.0,23535
Thane,2018,Murbad,7899000.0,0.0,7899000.0,0.0,0.0,7899000.0,29929000.0,34175
Thane,2019,Thane,3500000000.0,0.0,3500000000.0,0.0,0.0,3500000000.0,2957852000.0,
Thane,2019,Bhivandi,860000000.0,0.0,860000000.0,0.0,0.0,860000000.0,320005000.0,
Thane,2019,Shahapur,230000000.0,0.0,230000000.0,0.0,0.0,230000000.0,114457000.0,
Thane,2019,Kalyan,1230000000.0,0.0,1230000000.0,0.0,0.0,1230000000.0,262206000.0,
Thane,2019,Ulhasnagar,36000000.0,0.0,36000000.0,0.0,0.0,36000000.0,169997000.0,
Thane,2019,Ambarnath,234000000.0,0.0,234000000.0,0.0,0.0,234000000.0,127703000.0,
Thane,2019,Murbad,33322000.0,0.0,33322000.0,0.0,0.0,33322000.0,16658000.0,
Thane,2020,Thane,3920000000.0,0.0,3920000000.0,0.0,0.0,3920000000.0,654338000.0,
Thane,2020,Bhivandi,948000000.0,0.0,948000000.0,0.0,0.0,948000000.0,325694000.0,
Thane,2020,Shahapur,280000000.0,0.0,280000000.0,0.0,0.0,280000000.0,156302000.0,
Thane,2020,Kalyan,1318000000.0,0.0,1318000000.0,0.0,0.0,1318000000.0,201781000.0,
Thane,2020,Ulhasnagar,120000000.0,0.0,120000000.0,0.0,0.0,120000000.0,54775000.0,
Thane,2020,Ambarnath,304000000.0,0.0,304000000.0,0.0,0.0,304000000.0,210848000.0,
Thane,2020,Murbad,41601000.0,0.0,41601000.0,0.0,0.0,41601000.0,35859000.0,
Thane,2021,Thane,3610000000.0,0.0,3610000000.0,0.0,0.0,3610000000.0,1756409000.0,
Thane,2021,Bhivandi,1048000000.0,0.0,1048000000.0,0.0,0.0,1048000000.0,357138000.0,
Thane,2021,Shahapur,330000000.0,0.0,330000000.0,0.0,0.0,330000000.0,80774000.0,
Thane,2021,Kalyan,1418000000.0,0.0,1418000000.0,0.0,0.0,1418000000.0,516766000.0,
Thane,2021,Ulhasnagar,120000000.0,0.0,120000000.0,0.0,0.0,120000000.0,120683000.0,
Thane,2021,Ambarnath,404000000.0,0.0,404000000.0,0.0,0.0,404000000.0,210569000.0,
Thane,2021,Murbad,71601000.0,0.0,71601000.0,0.0,0.0,71601000.0,18330000.0,
Wardha,2012,Ashti,1681000.0,624000.0,2305000.0,0.0,0.0,2305000.0,1134000.0,15694
Wardha,2012,Karanja,1183000.0,142000.0,1325000.0,0.0,0.0,1325000.0,5865000.0,22141
Wardha,2012,Aarvi,1634000.0,0.0,1634000.0,0.0,0.0,1634000.0,2755000.0,8676
Wardha,2012,Selu,11340000.0,8610000.0,19950000.0,0.0,0.0,19950000.0,6753000.0,18311
Wardha,2012,Wardha,12000000.0,11566000.0,23566000.0,0.0,0.0,23566000.0,10323000.0,33461
Wardha,2012,Devali,5578000.0,1217000.0,6795000.0,0.0,0.0,6795000.0,7729000.0,27069
Wardha,2012,Hinganghat,6372000.0,431000.0,6803000.0,0.0,0.0,6803000.0,16924000.0,27343
Wardha,2012,Samudrapur,2666000.0,183000.0,2849000.0,0.0,0.0,2849000.0,4424000.0,30223
Wardha,2013,Ashti,0.0,0.0,0.0,0.0,0.0,0.0,1066000.0,15384
Wardha,2013,Karanja,1193000.0,112000.0,1305000.0,0.0,0.0,1305000.0,1067000.0,22011
Wardha,2013,Aarvi,1600000.0,0.0,1600000.0,0.0,0.0,1600000.0,3353000.0,8457
Wardha,2013,Selu,5849000.0,11311000.0,17160000.0,0.0,0.0,17160000.0,3458000.0,18210
Wardha,2013,Wardha,25375000.0,0.0,25375000.0,0.0,0.0,25375000.0,29982000.0,33051
Wardha,2013,Devali,5933000.0,1463000.0,7396000.0,0.0,0.0,7396000.0,7265000.0,26769
Wardha,2013,Hinganghat,17347000.0,465000.0,17812000.0,0.0,0.0,17812000.0,19168000.0,27032
Wardha,2013,Samudrapur,0.0,8000.0,8000.0,0.0,0.0,8000.0,3352000.0,30012
Wardha,2014,Ashti,200000.0,968000.0,1168000.0,0.0,0.0,1168000.0,3983000.0,15384
Wardha,2014,Karanja,1156000.0,490000.0,1646000.0,0.0,0.0,1646000.0,1427000.0,22011
Wardha,2014,Aarvi,4836000.0,1940000.0,6776000.0,0.0,0.0,6776000.0,3930000.0,8457
Wardha,2014,Selu,3253000.0,1397000.0,4650000.0,0.0,0.0,4650000.0,9447000.0,18210
Wardha,2014,Wardha,13698000.0,364000.0,14062000.0,0.0,0.0,14062000.0,19825000.0,33051
Wardha,2014,Devali,4531000.0,1809000.0,6340000.0,0.0,0.0,6340000.0,4857000.0,26769
Wardha,2014,Hinganghat,7373000.0,838000.0,8211000.0,0.0,0.0,8211000.0,79843000.0,27032
Wardha,2014,Samudrapur,3329000.0,355000.0,3684000.0,0.0,0.0,3684000.0,3436000.0,30012
Wardha,2015,Ashti,1355000.0,719000.0,2074000.0,0.0,0.0,2074000.0,2628000.0,15384
Wardha,2015,Karanja,1156000.0,713000.0,1869000.0,0.0,0.0,1869000.0,2820000.0,22011
Wardha,2015,Aarvi,15950000.0,1319000.0,17269000.0,0.0,0.0,17269000.0,15567000.0,8457
Wardha,2015,Selu,775000.0,1443000.0,2218000.0,0.0,0.0,2218000.0,10243000.0,18210
Wardha,2015,Wardha,2067000.0,364000.0,2431000.0,0.0,0.0,2431000.0,56203000.0,33051
Wardha,2015,Devali,3183000.0,1547000.0,4730000.0,0.0,0.0,4730000.0,12987000.0,26769
Wardha,2015,Hinganghat,7373000.0,838000.0,8211000.0,0.0,0.0,8211000.0,29973000.0,27032
Wardha,2015,Samudrapur,3329000.0,388000.0,3717000.0,0.0,0.0,3717000.0,6870000.0,30012
Wardha,2016,Ashti,1667000.0,577000.0,2244000.0,0.0,0.0,2244000.0,2270000.0,15384
Wardha,2016,Karanja,1795000.0,379000.0,2174000.0,0.0,0.0,2174000.0,2841000.0,22011
Wardha,2016,Aarvi,15947000.0,2170000.0,18117000.0,0.0,0.0,18117000.0,13610000.0,8457
Wardha,2016,Selu,3554000.0,2018000.0,5572000.0,0.0,0.0,5572000.0,14354000.0,18210
Wardha,2016,Wardha,5111000.0,2315000.0,7426000.0,0.0,0.0,7426000.0,62896000.0,33051
Wardha,2016,Devali,8022000.0,3057000.0,11079000.0,0.0,0.0,11079000.0,14479000.0,26769
Wardha,2016,Hinganghat,14667000.0,9549000.0,24216000.0,0.0,0.0,24216000.0,29081000.0,27032
Wardha,2016,Samudrapur,3439000.0,569000.0,4008000.0,0.0,0.0,4008000.0,7508000.0,30012
Wardha,2017,Ashti,1700000.0,378000.0,2078000.0,0.0,0.0,2078000.0,9443000.0,15384
Wardha,2017,Karanja,1987000.0,355000.0,2342000.0,0.0,0.0,2342000.0,5972000.0,22011
Wardha,2017,Aarvi,22010000.0,1384000.0,23394000.0,0.0,0.0,23394000.0,12965000.0,8457
Wardha,2017,Selu,6593000.0,1834000.0,8427000.0,0.0,0.0,8427000.0,13829000.0,18210
Wardha,2017,Wardha,14715000.0,2293000.0,17008000.0,0.0,0.0,17008000.0,65584000.0,33051
Wardha,2017,Devali,8022000.0,3057000.0,11079000.0,0.0,0.0,11079000.0,11018000.0,26769
Wardha,2017,Hinganghat,15862000.0,8428000.0,24290000.0,0.0,0.0,24290000.0,38227000.0,27032
Wardha,2017,Samudrapur,3776000.0,508000.0,4284000.0,0.0,0.0,4284000.0,12406000.0,30012
Wardha,2018,Ashti,1715900.0,395400.0,2111300.0,0.0,0.0,2111300.0,410500.0,15384
Wardha,2018,Karanja,2288000.0,419900.0,2707900.0,0.0,0.0,2707900.0,355800.0,22011
Wardha,2018,Aarvi,20430000.0,3130500.0,23560500.0,0.0,0.0,23560500.0,11294520.0,8457
Wardha,2018,Selu,5724400.0,959600.0,6684000.0,0.0,0.0,6684000.0,2813300.0,18210
Wardha,2018,Wardha,14930100.0,2293500.0,17223600.0,0.0,0.0,17223600.0,17737290.0,33051
Wardha,2018,Devali,4616800.0,372700.0,4989500.0,0.0,0.0,4989500.0,917500.0,26769
Wardha,2018,Hinganghat,16569100.0,6881400.0,23450500.0,0.0,0.0,23450500.0,2520120.0,27032
Wardha,2018,Samudrapur,4273400.0,538500.0,4811900.0,0.0,0.0,4811900.0,1022600.0,30012
Wardha,2019,Ashti,1796500.0,1210800.0,3007300.0,0.0,0.0,3007300.0,4452000.0,15384
Wardha,2019,Karanja,2605140.0,1786700.0,4391840.0,0.0,0.0,4391840.0,4942000.0,22011
Wardha,2019,Aarvi,4356660.0,1339900.0,5696560.0,0.0,0.0,5696560.0,14893000.0,8457
Wardha,2019,Selu,6761460.0,1760500.0,8521960.0,0.0,0.0,8521960.0,14076000.0,18210
Wardha,2019,Wardha,14930100.0,2293500.0,17223600.0,0.0,0.0,17223600.0,59463000.0,33051
Wardha,2019,Devali,4796800.0,1165500.0,5962300.0,0.0,0.0,5962300.0,11618000.0,26769
Wardha,2019,Hinganghat,14361310.0,7602800.0,21964110.0,0.0,0.0,21964110.0,24015000.0,27032
Wardha,2019,Samudrapur,9773070.0,831100.0,10604170.0,0.0,0.0,10604170.0,10659000.0,30012
Wardha,2020,Ashti,2045000.0,345000.0,2390000.0,0.0,0.0,2390000.0,3637000.0,15384
Wardha,2020,Karanja,2513000.0,447000.0,2960000.0,0.0,0.0,2960000.0,5504000.0,22011
Wardha,2020,Aarvi,4440000.0,952000.0,5392000.0,0.0,0.0,5392000.0,12506000.0,8457
Wardha,2020,Selu,7028000.0,5125000.0,12153000.0,0.0,0.0,12153000.0,30480000.0,18210
Wardha,2020,Wardha,16262000.0,7958000.0,24220000.0,0.0,0.0,24220000.0,88586000.0,33051
Wardha,2020,Devali,27250000.0,5055000.0,32305000.0,0.0,0.0,32305000.0,27146000.0,26769
Wardha,2020,Hinganghat,15473000.0,6972000.0,22445000.0,0.0,0.0,22445000.0,33706000.0,27032
Wardha,2020,Samudrapur,8510000.0,1274000.0,9784000.0,0.0,0.0,9784000.0,8072000.0,30012
Wardha,2021,Ashti,2220000.0,203000.0,2423000.0,269000.0,0.0,2154000.0,3636000.0,15384
Wardha,2021,Karanja,2501000.0,451000.0,2952000.0,460000.0,0.0,2492000.0,4631000.0,22011
Wardha,2021,Aarvi,4870000.0,1881000.0,6751000.0,496000.0,0.0,6255000.0,14828000.0,8457
Wardha,2021,Selu,6093000.0,2053000.0,8146000.0,492000.0,0.0,7654000.0,22305000.0,18210
Wardha,2021,Wardha,16505000.0,3236000.0,19741000.0,562000.0,0.0,19179000.0,85985000.0,33051
Wardha,2021,Devali,5114000.0,1410000.0,6524000.0,560000.0,0.0,5964000.0,26388000.0,26769
Wardha,2021,Hinganghat,12102000.0,1818000.0,13920000.0,735000.0,0.0,13185000.0,34214000.0,27032
Wardha,2021,Samudrapur,4923000.0,631000.0,5554000.0,653000.0,0.0,4901000.0,10074000.0,30012
Washim,2008,Malegaon,770000.0,64000.0,834000.0,0.0,0.0,834000.0,2149000.0,35127
Washim,2008,Mangrulpir,820000.0,3000.0,823000.0,0.0,0.0,823000.0,2403000.0,32347
Washim,2008,Karanja,1534000.0,267000.0,1801000.0,0.0,0.0,1801000.0,6379000.0,35266
Washim,2008,Manora,395000.0,33000.0,428000.0,0.0,0.0,428000.0,807000.0,27037
Washim,2008,Washim,1019000.0,22000.0,1041000.0,0.0,0.0,1041000.0,2310000.0,39136
Washim,2008,Resod,1006000.0,114000.0,1120000.0,0.0,0.0,1120000.0,2643000.0,30254
Washim,2009,Malegaon,1658000.0,94000.0,1752000.0,32000.0,0.0,1720000.0,12081000.0,36503
Washim,2009,Mangrulpir,1706000.0,1104000.0,2810000.0,31000.0,0.0,2779000.0,10511000.0,31903
Washim,2009,Karanja,3177000.0,1485000.0,4662000.0,72000.0,0.0,4590000.0,11342000.0,37783
Washim,2009,Manora,772000.0,6000.0,778000.0,16000.0,0.0,762000.0,2733000.0,27238
Washim,2009,Washim,2730000.0,1020000.0,3750000.0,46000.0,0.0,3704000.0,23556000.0,41718
Washim,2009,Resod,1209000.0,15000.0,1224000.0,47000.0,0.0,1177000.0,4766000.0,38286
Washim,2010,Malegaon,1671000.0,73000.0,1744000.0,0.0,0.0,1744000.0,8001000.0,36668
Washim,2010,Mangrulpir,2114000.0,21000.0,2135000.0,0.0,0.0,2135000.0,6253000.0,32514
Washim,2010,Karanja,3206000.0,424000.0,3630000.0,0.0,0.0,3630000.0,10169000.0,36804
Washim,2010,Manora,1240000.0,272000.0,1512000.0,0.0,0.0,1512000.0,4275000.0,28361
Washim,2010,Washim,3009000.0,681000.0,3690000.0,0.0,0.0,3690000.0,11661000.0,42348
Washim,2010,Resod,1208000.0,16000.0,1224000.0,0.0,0.0,1224000.0,3992000.0,38379
Washim,2011,Malegaon,1621000.0,274000.0,1895000.0,0.0,0.0,1895000.0,3132000.0,42365
Washim,2011,Mangrulpir,2196000.0,0.0,2196000.0,0.0,0.0,2196000.0,4138000.0,38133
Washim,2011,Karanja,3480000.0,296000.0,3776000.0,0.0,0.0,3776000.0,8662000.0,38379
Washim,2011,Manora,1211000.0,113000.0,1324000.0,0.0,0.0,1324000.0,2069000.0,34530
Washim,2011,Washim,3516000.0,822000.0,4338000.0,0.0,0.0,4338000.0,14062000.0,27010
Washim,2011,Resod,1153000.0,1194000.0,2347000.0,0.0,0.0,2347000.0,2360000.0,36937
Washim,2012,Malegaon,1688000.0,1000000.0,2688000.0,0.0,0.0,2688000.0,10817000.0,42365
Washim,2012,Mangrulpir,3016000.0,330000.0,3346000.0,0.0,0.0,3346000.0,25914000.0,38133
Washim,2012,Karanja,5923000.0,1055000.0,6978000.0,0.0,0.0,6978000.0,15693000.0,38379
Washim,2012,Manora,1213000.0,378000.0,1591000.0,0.0,0.0,1591000.0,4757000.0,34530
Washim,2012,Washim,5424000.0,956000.0,6380000.0,0.0,0.0,6380000.0,23679000.0,27010
Washim,2012,Resod,3059000.0,2313000.0,5372000.0,0.0,0.0,5372000.0,11333000.0,36937
Washim,2013,Malegaon,8571000.0,735000.0,9306000.0,0.0,0.0,9306000.0,8226000.0,41877
Washim,2013,Mangrulpir,19447000.0,407000.0,19854000.0,0.0,0.0,19854000.0,18811000.0,37311
Washim,2013,Karanja,11904000.0,25000.0,11929000.0,0.0,0.0,11929000.0,11107000.0,39012
Washim,2013,Manora,11375000.0,370000.0,11745000.0,0.0,0.0,11745000.0,11212000.0,29727
Washim,2013,Washim,38873000.0,492000.0,39365000.0,0.0,0.0,39365000.0,39403000.0,50363
Washim,2013,Resod,181670.0,2313000.0,2494670.0,0.0,0.0,2494670.0,17528000.0,40501
Washim,2014,Malegaon,1630000.0,73000.0,1703000.0,32000.0,0.0,1671000.0,12081000.0,36503
Washim,2014,Mangrulpir,2886000.0,21000.0,2907000.0,31000.0,0.0,2876000.0,10511000.0,31903
Washim,2014,Karanja,5477000.0,2194000.0,7671000.0,72000.0,0.0,7599000.0,11342000.0,37783
Washim,2014,Manora,1240000.0,272000.0,1512000.0,16000.0,0.0,1496000.0,2733000.0,27238
Washim,2014,Washim,5130000.0,681000.0,5811000.0,46000.0,0.0,5765000.0,23556000.0,41718
Washim,2014,Resod,2837000.0,16000.0,2853000.0,47000.0,0.0,2806000.0,4766000.0,38286
Washim,2015,Malegaon,1630000.0,73000.0,1703000.0,33000.0,0.0,1670000.0,4567000.0,36503
Washim,2015,Mangrulpir,2886000.0,25000.0,2911000.0,32000.0,0.0,2879000.0,95875000.0,31903
Washim,2015,Karanja,5477000.0,1995000.0,7472000.0,72000.0,0.0,7400000.0,48796000.0,37783
Washim,2015,Manora,1240000.0,270000.0,1510000.0,17000.0,0.0,1493000.0,17219000.0,27238
Washim,2015,Washim,5130000.0,675000.0,5805000.0,46000.0,0.0,5759000.0,182803000.0,41718
Washim,2015,Resod,2837000.0,20000.0,2857000.0,47000.0,0.0,2810000.0,8690000.0,38286
Washim,2016,Malegaon,25150.0,980.0,26130.0,0.0,0.0,26130.0,48060.0,0
Washim,2016,Mangrulpir,26300.0,3060.0,29360.0,0.0,0.0,29360.0,613790.0,0
Washim,2016,Karanja,77950.0,3240.0,81190.0,0.0,0.0,81190.0,488930.0,0
Washim,2016,Manora,21990.0,6300.0,28290.0,0.0,0.0,28290.0,47570.0,0
Washim,2016,Washim,617000.0,8350.0,625350.0,0.0,0.0,625350.0,632540.0,0
Washim,2016,Resod,246830.0,283000.0,529830.0,0.0,0.0,529830.0,253440.0,0
Washim,2017,Malegaon,6023000.0,835000.0,6858000.0,0.0,0.0,6858000.0,93915000.0,80296
Washim,2017,Mangrulpir,1861000.0,193000.0,2054000.0,0.0,0.0,2054000.0,30905000.0,41201
Washim,2017,Karanja,4458000.0,97000.0,4555000.0,0.0,0.0,4555000.0,6670000.0,38794
Washim,2017,Manora,3827000.0,200000.0,4027000.0,0.0,0.0,4027000.0,51707000.0,39928
Washim,2017,Washim,1318000.0,882000.0,2200000.0,0.0,0.0,2200000.0,20228000.0,32364
Washim,2017,Resod,6266000.0,488000.0,6754000.0,0.0,0.0,6754000.0,40370000.0,42540
Washim,2018,Malegaon,0.0,0.0,0.0,0.0,0.0,0.0,0.0,
Washim,2018,Mangrulpir,0.0,0.0,0.0,0.0,0.0,0.0,0.0,
Washim,2018,Karanja,0.0,0.0,0.0,0.0,0.0,0.0,0.0,
Washim,2018,Manora,0.0,0.0,0.0,0.0,0.0,0.0,0.0,
Washim,2018,Washim,0.0,0.0,0.0,0.0,0.0,0.0,0.0,
Washim,2018,Resod,0.0,0.0,0.0,0.0,0.0,0.0,0.0,
Washim,2019,Malegaon,2548000.0,496000.0,3044000.0,0.0,0.0,3044000.0,24686000.0,51606
Washim,2019,Mangrulpir,3910000.0,122000.0,4032000.0,0.0,0.0,4032000.0,7953000.0,43267
Washim,2019,Karanja,6982000.0,493000.0,7475000.0,0.0,0.0,7475000.0,32907000.0,42696
Washim,2019,Manora,731000.0,739000.0,1470000.0,0.0,0.0,1470000.0,971000.0,34131
Washim,2019,Washim,5620000.0,448000.0,6068000.0,0.0,0.0,6068000.0,40368000.0,60037
Washim,2019,Resod,4493000.0,946000.0,5439000.0,0.0,0.0,5439000.0,5863000.0,45505
Washim,2020,Malegaon,2885000.0,644000.0,3529000.0,0.0,0.0,3529000.0,13715000.0,51606
Washim,2020,Mangrulpir,3721000.0,1200000.0,4921000.0,0.0,0.0,4921000.0,10675000.0,43267
Washim,2020,Karanja,7156000.0,1216000.0,8372000.0,0.0,0.0,8372000.0,36505000.0,42696
Washim,2020,Manora,1092000.0,349000.0,1441000.0,0.0,0.0,1441000.0,2212000.0,34131
Washim,2020,Washim,5798000.0,1136000.0,6934000.0,0.0,0.0,6934000.0,85816000.0,60037
Washim,2020,Resod,4640000.0,1147000.0,5787000.0,0.0,0.0,5787000.0,26067000.0,45505
Washim,2021,Malegaon,15020000.0,280000.0,15300000.0,0.0,0.0,15300000.0,4361000.0,39172
Washim,2021,Mangrulpir,40941000.0,2158000.0,43099000.0,0.0,0.0,43099000.0,25885000.0,43616
Washim,2021,Karanja,51982000.0,3744000.0,55726000.0,0.0,0.0,55726000.0,20526000.0,42292
Washim,2021,Manora,14190000.0,810000.0,15000000.0,0.0,0.0,15000000.0,2077000.0,34557
Washim,2021,Washim,22500000.0,386000.0,22886000.0,0.0,0.0,22886000.0,118592000.0,41541
Washim,2021,Resod,18910000.0,1590000.0,20500000.0,0.0,0.0,20500000.0,13383000.0,43553
Yavatmal,2012,Ner,733000.0,132000.0,865000.0,0.0,0.0,865000.0,3597000.0,94197
Yavatmal,2012,Babhulgaon,1151000.0,188000.0,1339000.0,0.0,0.0,1339000.0,2134000.0,39834
Yavatmal,2012,Kalamb,1158000.0,302000.0,1460000.0,0.0,0.0,1460000.0,4720000.0,13796
Yavatmal,2012,Yavatmal,26548000.0,0.0,26548000.0,0.0,0.0,26548000.0,30446000.0,25632
Yavatmal,2012,Darvha,687000.0,2626000.0,3313000.0,0.0,0.0,3313000.0,20820000.0,2502
Yavatmal,2012,Digras,5255000.0,1937000.0,7192000.0,0.0,0.0,7192000.0,9936000.0,2886
Yavatmal,2012,Pusad,8853000.0,16267000.0,25120000.0,0.0,0.0,25120000.0,45155000.0,36830
Yavatmal,2012,Umarkhed,741000.0,6587000.0,7328000.0,0.0,0.0,7328000.0,23381000.0,35726
Yavatmal,2012,Mahagaon,2617000.0,1445000.0,4062000.0,0.0,0.0,4062000.0,5749000.0,38556
Yavatmal,2012,Aarni,1845000.0,436000.0,2281000.0,0.0,0.0,2281000.0,7706000.0,26531
Yavatmal,2012,Ghantaji,1508000.0,383000.0,1891000.0,0.0,0.0,1891000.0,9305000.0,24835
Yavatmal,2012,Kelapur,4826000.0,5077000.0,9903000.0,0.0,0.0,9903000.0,7431000.0,23135
Yavatmal,2012,Ralegaon,1293000.0,432000.0,1725000.0,0.0,0.0,1725000.0,3431000.0,26552
Yavatmal,2012,Maregaon,2858000.0,367000.0,3225000.0,0.0,0.0,3225000.0,2735000.0,4207
Yavatmal,2012,Zari Jamani,6831000.0,4256000.0,11087000.0,0.0,0.0,11087000.0,7627000.0,6587
Yavatmal,2012,Vani,6558000.0,1815000.0,8373000.0,0.0,0.0,8373000.0,14922000.0,53454
Yavatmal,2013,Ner,739000.0,43000.0,782000.0,0.0,0.0,782000.0,1056000.0,26512
Yavatmal,2013,Babhulgaon,1182000.0,209000.0,1391000.0,0.0,0.0,1391000.0,3675000.0,20221
Yavatmal,2013,Kalamb,1129000.0,33000.0,1162000.0,0.0,0.0,1162000.0,2798000.0,19036
Yavatmal,2013,Yavatmal,13954000.0,14251000.0,28205000.0,0.0,0.0,28205000.0,18580000.0,27189
Yavatmal,2013,Darvha,2706000.0,1059000.0,3765000.0,0.0,0.0,3765000.0,7874000.0,29573
Yavatmal,2013,Digras,6403000.0,2675000.0,9078000.0,0.0,0.0,9078000.0,8675000.0,20038
Yavatmal,2013,Pusad,7453000.0,952000.0,8405000.0,0.0,0.0,8405000.0,7673000.0,40375
Yavatmal,2013,Umarkhed,6681000.0,1383000.0,8064000.0,0.0,0.0,8064000.0,11715000.0,33718
Yavatmal,2013,Mahagaon,3958000.0,4015000.0,7973000.0,0.0,0.0,7973000.0,3970000.0,32142
Yavatmal,2013,Aarni,1351000.0,707000.0,2058000.0,0.0,0.0,2058000.0,1946000.0,15742
Yavatmal,2013,Ghantaji,2235000.0,71000.0,2306000.0,0.0,0.0,2306000.0,2578000.0,5700
Yavatmal,2013,Kelapur,5709000.0,4531000.0,10240000.0,0.0,0.0,10240000.0,13882000.0,22089
Yavatmal,2013,Ralegaon,1605000.0,372000.0,1977000.0,0.0,0.0,1977000.0,1388000.0,26712
Yavatmal,2013,Maregaon,1476000.0,307000.0,1783000.0,0.0,0.0,1783000.0,2830000.0,17335
Yavatmal,2013,Zari Jamani,2874000.0,783000.0,3657000.0,0.0,0.0,3657000.0,5221000.0,16998
Yavatmal,2013,Vani,10917000.0,3003000.0,13920000.0,0.0,0.0,13920000.0,16746000.0,25824
Yavatmal,2014,Ner,2695000.0,101000.0,2796000.0,0.0,0.0,2796000.0,4605000.0,4961
Yavatmal,2014,Babhulgaon,3114000.0,104000.0,3218000.0,0.0,0.0,3218000.0,3492000.0,20888
Yavatmal,2014,Kalamb,3049000.0,32000.0,3081000.0,0.0,0.0,3081000.0,2956000.0,21824
Yavatmal,2014,Yavatmal,18045000.0,48994000.0,67039000.0,0.0,0.0,67039000.0,35954000.0,26601
Yavatmal,2014,Darvha,4780000.0,1352000.0,6132000.0,0.0,0.0,6132000.0,4617000.0,34280
Yavatmal,2014,Digras,7216000.0,2398000.0,9614000.0,0.0,0.0,9614000.0,7380000.0,20038
Yavatmal,2014,Pusad,9562000.0,2375000.0,11937000.0,0.0,0.0,11937000.0,13615000.0,37584
Yavatmal,2014,Umarkhed,9540000.0,3675000.0,13215000.0,0.0,0.0,13215000.0,15760000.0,42715
Yavatmal,2014,Mahagaon,6310000.0,11695000.0,18005000.0,0.0,0.0,18005000.0,4932000.0,34128
Yavatmal,2014,Aarni,3750000.0,1045000.0,4795000.0,0.0,0.0,4795000.0,3534000.0,15948
Yavatmal,2014,Ghantaji,3958000.0,133000.0,4091000.0,0.0,0.0,4091000.0,4317000.0,5567
Yavatmal,2014,Kelapur,5218000.0,3320000.0,8538000.0,0.0,0.0,8538000.0,8109000.0,23679
Yavatmal,2014,Ralegaon,3455000.0,662000.0,4117000.0,0.0,0.0,4117000.0,3586000.0,6332
Yavatmal,2014,Maregaon,3417000.0,180000.0,3597000.0,0.0,0.0,3597000.0,1746000.0,21305
Yavatmal,2014,Zari Jamani,4764000.0,979000.0,5743000.0,0.0,0.0,5743000.0,13493000.0,5780
Yavatmal,2014,Vani,10717000.0,2520000.0,13237000.0,0.0,0.0,13237000.0,20618000.0,24562
Yavatmal,2015,Ner,1438000.0,300000.0,1738000.0,0.0,0.0,1738000.0,105810000.0,34235
Yavatmal,2015,Babhulgaon,2113000.0,201000.0,2314000.0,0.0,0.0,2314000.0,3210000.0,20888
Yavatmal,2015,Kalamb,2167000.0,428000.0,2595000.0,0.0,0.0,2595000.0,6165000.0,20803
Yavatmal,2015,Yavatmal,15053000.0,5884000.0,20937000.0,0.0,0.0,20937000.0,80271000.0,26601
Yavatmal,2015,Darvha,4856000.0,1925000.0,6781000.0,0.0,0.0,6781000.0,17106000.0,34280
Yavatmal,2015,Digras,5594000.0,1779000.0,7373000.0,0.0,0.0,7373000.0,9480000.0,23724
Yavatmal,2015,Pusad,12871000.0,12613000.0,25484000.0,0.0,0.0,25484000.0,22078000.0,41128
Yavatmal,2015,Umarkhed,11097000.0,2080000.0,13177000.0,0.0,0.0,13177000.0,19727000.0,40491
Yavatmal,2015,Mahagaon,7146000.0,9098000.0,16244000.0,0.0,0.0,16244000.0,15674000.0,0
Yavatmal,2015,Aarni,4229000.0,470000.0,4699000.0,0.0,0.0,4699000.0,6280000.0,16066
Yavatmal,2015,Ghantaji,4955000.0,740000.0,5695000.0,0.0,0.0,5695000.0,8292000.0,27451
Yavatmal,2015,Kelapur,8071000.0,3690000.0,11761000.0,0.0,0.0,11761000.0,15227000.0,25421
Yavatmal,2015,Ralegaon,3520000.0,1041000.0,4561000.0,0.0,0.0,4561000.0,4191000.0,27601
Yavatmal,2015,Maregaon,2637000.0,788000.0,3425000.0,0.0,0.0,3425000.0,8517000.0,0
Yavatmal,2015,Zari Jamani,5803000.0,730000.0,6533000.0,0.0,0.0,6533000.0,7184000.0,4095
Yavatmal,2015,Vani,16764000.0,5343000.0,22107000.0,0.0,0.0,22107000.0,27247000.0,27000
Yavatmal,2016,Ner,3758000.0,25000.0,3783000.0,0.0,0.0,3783000.0,29731000.0,34345
Yavatmal,2016,Babhulgaon,6135000.0,173000.0,6308000.0,0.0,0.0,6308000.0,4618000.0,21242
Yavatmal,2016,Kalamb,4729000.0,407000.0,5136000.0,0.0,0.0,5136000.0,6944000.0,19621
Yavatmal,2016,Yavatmal,48492000.0,9244000.0,57736000.0,0.0,0.0,57736000.0,47168000.0,28368
Yavatmal,2016,Darvha,9356000.0,2106000.0,11462000.0,0.0,0.0,11462000.0,15230000.0,38990
Yavatmal,2016,Digras,12976000.0,1831000.0,14807000.0,0.0,0.0,14807000.0,14080000.0,23724
Yavatmal,2016,Pusad,30717000.0,4849000.0,35566000.0,0.0,0.0,35566000.0,34155000.0,43733
Yavatmal,2016,Umarkhed,17834000.0,872000.0,18706000.0,0.0,0.0,18706000.0,15278000.0,59018
Yavatmal,2016,Mahagaon,13555000.0,3521000.0,17076000.0,0.0,0.0,17076000.0,6595000.0,37341
Yavatmal,2016,Aarni,6247000.0,978000.0,7225000.0,0.0,0.0,7225000.0,5540000.0,16172
Yavatmal,2016,Ghantaji,7064000.0,118000.0,7182000.0,0.0,0.0,7182000.0,6151000.0,34010
Yavatmal,2016,Kelapur,15926000.0,2357000.0,18283000.0,0.0,0.0,18283000.0,9536000.0,3542
Yavatmal,2016,Ralegaon,7525000.0,130000.0,7655000.0,0.0,0.0,7655000.0,5408000.0,27601
Yavatmal,2016,Maregaon,5966000.0,618000.0,6584000.0,0.0,0.0,6584000.0,4355000.0,3896
Yavatmal,2016,Zari Jamani,7351000.0,936000.0,8287000.0,0.0,0.0,8287000.0,6586000.0,3704
Yavatmal,2016,Vani,25498000.0,2917000.0,28415000.0,0.0,0.0,28415000.0,91310000.0,27000
Yavatmal,2017,Ner,20000.0,755000.0,775000.0,0.0,0.0,775000.0,3019000.0,34457
Yavatmal,2017,Babhulgaon,86000.0,1118000.0,1204000.0,0.0,0.0,1204000.0,3805000.0,21242
Yavatmal,2017,Kalamb,0.0,1255000.0,1255000.0,0.0,0.0,1255000.0,4533000.0,20124
Yavatmal,2017,Yavatmal,16053000.0,25590000.0,41643000.0,0.0,0.0,41643000.0,164985000.0,30939
Yavatmal,2017,Darvha,2438000.0,5440000.0,7878000.0,0.0,0.0,7878000.0,6080000.0,34986
Yavatmal,2017,Digras,1721000.0,6225000.0,7946000.0,0.0,0.0,7946000.0,11740000.0,23523
Yavatmal,2017,Pusad,3684000.0,12535000.0,16219000.0,0.0,0.0,16219000.0,27066000.0,41884
Yavatmal,2017,Umarkhed,0.0,8041000.0,8041000.0,0.0,0.0,8041000.0,12790000.0,59875
Yavatmal,2017,Mahagaon,545000.0,4182000.0,4727000.0,0.0,0.0,4727000.0,4277000.0,48243
Yavatmal,2017,Aarni,188000.0,2407000.0,2595000.0,0.0,0.0,2595000.0,8293000.0,16334
Yavatmal,2017,Ghantaji,102000.0,1698000.0,1800000.0,0.0,0.0,1800000.0,4136000.0,32593
Yavatmal,2017,Kelapur,2151000.0,6408000.0,8559000.0,0.0,0.0,8559000.0,9286000.0,3542
Yavatmal,2017,Ralegaon,92000.0,1740000.0,1832000.0,0.0,0.0,1832000.0,8973000.0,30342
Yavatmal,2017,Maregaon,233000.0,1622000.0,1855000.0,0.0,0.0,1855000.0,2799000.0,2108
Yavatmal,2017,Zari Jamani,608000.0,4394000.0,5002000.0,0.0,0.0,5002000.0,5023000.0,5839
Yavatmal,2017,Vani,2186000.0,20088000.0,22274000.0,0.0,0.0,22274000.0,32531000.0,30500
Yavatmal,2018,Ner,32000.0,848000.0,880000.0,0.0,0.0,880000.0,2776000.0,34480
Yavatmal,2018,Babhulgaon,103000.0,1113000.0,1216000.0,0.0,0.0,1216000.0,1127000.0,21242
Yavatmal,2018,Kalamb,86000.0,1270000.0,1356000.0,0.0,0.0,1356000.0,4126000.0,23542
Yavatmal,2018,Yavatmal,13824000.0,27631000.0,41455000.0,0.0,0.0,41455000.0,96281000.0,31088
Yavatmal,2018,Darvha,3489000.0,3696000.0,7185000.0,0.0,0.0,7185000.0,12846000.0,34986
Yavatmal,2018,Digras,346000.0,4949000.0,5295000.0,0.0,0.0,5295000.0,4629000.0,25323
Yavatmal,2018,Pusad,5519000.0,14241000.0,19760000.0,0.0,0.0,19760000.0,15114000.0,44853
Yavatmal,2018,Umarkhed,454000.0,8041000.0,8495000.0,0.0,0.0,8495000.0,15342000.0,59875
Yavatmal,2018,Mahagaon,951000.0,1704000.0,2655000.0,0.0,0.0,2655000.0,9237000.0,39154
Yavatmal,2018,Aarni,123000.0,2669000.0,2792000.0,0.0,0.0,2792000.0,7137000.0,27696
Yavatmal,2018,Ghantaji,370000.0,1636000.0,2006000.0,0.0,0.0,2006000.0,1007000.0,32593
Yavatmal,2018,Kelapur,2423000.0,6689000.0,9112000.0,0.0,0.0,9112000.0,4223000.0,21800
Yavatmal,2018,Ralegaon,43000.0,1758000.0,1801000.0,0.0,0.0,1801000.0,2948000.0,26640
Yavatmal,2018,Maregaon,347000.0,1441000.0,1788000.0,0.0,0.0,1788000.0,2167000.0,22188
Yavatmal,2018,Zari Jamani,704000.0,4367000.0,5071000.0,0.0,0.0,5071000.0,6272000.0,17891
Yavatmal,2018,Vani,2402000.0,12300000.0,14702000.0,0.0,0.0,14702000.0,15626000.0,31300
Yavatmal,2019,Ner,846000.0,1802000.0,2648000.0,0.0,0.0,2648000.0,3866000.0,31684
Yavatmal,2019,Babhulgaon,173000.0,1107000.0,1280000.0,0.0,0.0,1280000.0,2218000.0,20779
Yavatmal,2019,Kalamb,310000.0,1444000.0,1754000.0,0.0,0.0,1754000.0,6122000.0,22145
Yavatmal,2019,Yavatmal,5659000.0,29768000.0,35427000.0,0.0,0.0,35427000.0,77278000.0,34029
Yavatmal,2019,Darvha,3700000.0,5114000.0,8814000.0,0.0,0.0,8814000.0,24602000.0,33623
Yavatmal,2019,Digras,960000.0,5039000.0,5999000.0,0.0,0.0,5999000.0,7387000.0,25323
Yavatmal,2019,Pusad,2794000.0,14229000.0,17023000.0,0.0,0.0,17023000.0,17273000.0,40468
Yavatmal,2019,Umarkhed,2062000.0,8041000.0,10103000.0,0.0,0.0,10103000.0,43043000.0,41370
Yavatmal,2019,Mahagaon,0.0,4049000.0,4049000.0,0.0,0.0,4049000.0,16387000.0,39158
Yavatmal,2019,Aarni,498000.0,2695000.0,3193000.0,0.0,0.0,3193000.0,10824000.0,27696
Yavatmal,2019,Ghantaji,1211000.0,1678000.0,2889000.0,0.0,0.0,2889000.0,3343000.0,32662
Yavatmal,2019,Kelapur,3717000.0,6702000.0,10419000.0,0.0,0.0,10419000.0,8935000.0,21800
Yavatmal,2019,Ralegaon,224000.0,1859000.0,2083000.0,0.0,0.0,2083000.0,8468000.0,29840
Yavatmal,2019,Maregaon,288000.0,1487000.0,1775000.0,0.0,0.0,1775000.0,11843000.0,21631
Yavatmal,2019,Zari Jamani,1089000.0,4628000.0,5717000.0,0.0,0.0,5717000.0,4724000.0,17911
Yavatmal,2019,Vani,3299000.0,12730000.0,16029000.0,0.0,0.0,16029000.0,35957000.0,28005
Yavatmal,2020,Ner,1412000.0,1806000.0,3218000.0,0.0,0.0,3218000.0,3669000.0,34480
Yavatmal,2020,Babhulgaon,86000.0,1121000.0,1207000.0,0.0,0.0,1207000.0,1822000.0,20779
Yavatmal,2020,Kalamb,28000.0,1455000.0,1483000.0,0.0,0.0,1483000.0,3793000.0,21570
Yavatmal,2020,Yavatmal,15961000.0,30822000.0,46783000.0,0.0,0.0,46783000.0,70982000.0,34029
Yavatmal,2020,Darvha,5123000.0,3867000.0,8990000.0,0.0,0.0,8990000.0,11961000.0,35138
Yavatmal,2020,Digras,4340000.0,5343000.0,9683000.0,0.0,0.0,9683000.0,7099000.0,7958
Yavatmal,2020,Pusad,11911000.0,14229000.0,26140000.0,0.0,0.0,26140000.0,26828000.0,44853
Yavatmal,2020,Umarkhed,4822000.0,9398000.0,14220000.0,0.0,0.0,14220000.0,20099000.0,60004
Yavatmal,2020,Mahagaon,2051000.0,3788000.0,5839000.0,0.0,0.0,5839000.0,36419000.0,39154
Yavatmal,2020,Aarni,512000.0,3084000.0,3596000.0,0.0,0.0,3596000.0,14004000.0,27696
Yavatmal,2020,Ghantaji,1777000.0,1728000.0,3505000.0,0.0,0.0,3505000.0,6025000.0,32593
Yavatmal,2020,Kelapur,9527000.0,9860000.0,19387000.0,0.0,0.0,19387000.0,11264000.0,3542
Yavatmal,2020,Ralegaon,88000.0,1947000.0,2035000.0,0.0,0.0,2035000.0,5203000.0,7821
Yavatmal,2020,Maregaon,437000.0,1506000.0,1943000.0,0.0,0.0,1943000.0,6174000.0,21631
Yavatmal,2020,Zari Jamani,908000.0,4588000.0,5496000.0,0.0,0.0,5496000.0,5129000.0,4442
Yavatmal,2020,Vani,6770000.0,12885000.0,19655000.0,0.0,0.0,19655000.0,34582000.0,28510
Yavatmal,2021,Ner,1228000.0,6482000.0,7710000.0,0.0,0.0,7710000.0,33539000.0,30816
Yavatmal,2021,Babhulgaon,252000.0,5742000.0,5994000.0,0.0,0.0,5994000.0,2539000.0,21640
Yavatmal,2021,Kalamb,139000.0,6933000.0,7072000.0,0.0,0.0,7072000.0,7520000.0,22420
Yavatmal,2021,Yavatmal,16682000.0,65572000.0,82254000.0,0.0,0.0,82254000.0,102669000.0,30683
Yavatmal,2021,Darvha,5402000.0,15827000.0,21229000.0,0.0,0.0,21229000.0,6312000.0,35138
Yavatmal,2021,Digras,4666000.0,14364000.0,19030000.0,0.0,0.0,19030000.0,12504000.0,19642
Yavatmal,2021,Pusad,3733000.0,31118000.0,34851000.0,0.0,0.0,34851000.0,26198000.0,30988
Yavatmal,2021,Umarkhed,4312000.0,19031000.0,23343000.0,0.0,0.0,23343000.0,14917000.0,46205
Yavatmal,2021,Mahagaon,332000.0,30276000.0,30608000.0,0.0,0.0,30608000.0,6707000.0,39154
Yavatmal,2021,Aarni,648000.0,13753000.0,14401000.0,0.0,0.0,14401000.0,19437000.0,27696
Yavatmal,2021,Ghantaji,939000.0,9738000.0,10677000.0,0.0,0.0,10677000.0,6424000.0,36314
Yavatmal,2021,Kelapur,5323000.0,27064000.0,32387000.0,0.0,0.0,32387000.0,16467000.0,3542
Yavatmal,2021,Ralegaon,59000.0,10431000.0,10490000.0,0.0,0.0,10490000.0,10529000.0,7911
Yavatmal,2021,Maregaon,504000.0,10513000.0,11017000.0,0.0,0.0,11017000.0,2169000.0,22780
Yavatmal,2021,Zari Jamani,384000.0,7132000.0,7516000.0,0.0,0.0,7516000.0,6691000.0,4442
Yavatmal,2021,Vani,4625000.0,35511000.0,40136000.0,0.0,0.0,40136000.0,18978000.0,16620
