Year,District,Taluka,Size Class,Total Holdings Number,Total Holdings Area,Area Classified as Cultivated,Area Classified as Uncultivated,Area Not Available For Agriculture,Net Sown Area,Current Fallow,Actually Uncultivated Area,Other Fallow Land,Cultivable Waste Land
2000,Ahilyanagar,Ahamad Nagar,Marginal (Below 1 ha),39639,18692,18177,157,358,16500,1677,22,80,55
2000,Ahilyanagar,Akola,Marginal (Below 1 ha),25897,12635,12103,314,219,12002,101,121,73,120
2000,Ahilyanagar,Jamkhed,Marginal (Below 1 ha),19524,10310,9606,447,256,9148,458,152,160,136
2000,Ahilyanagar,Karjat,Marginal (Below 1 ha),30683,17166,16252,200,715,15945,306,95,80,25
2000,Ahilyanagar,Kopargoan,Marginal (Below 1 ha),16994,9997,9790,65,142,8912,878,4,41,20
2000,Ahilyanagar,Newasa,Marginal (Below 1 ha),38491,22456,21976,393,87,21628,349,3,263,127
2000,Ahilyanagar,Parner,Marginal (Below 1 ha),34167,16185,15881,4,300,15859,21,0,2,2
2000,Ahilyanagar,Pathardi,Marginal (Below 1 ha),45403,21360,21336,14,11,20641,695,0,8,5
2000,Ahilyanagar,Rahata,Marginal (Below 1 ha),20854,10615,10461,69,86,10195,266,5,52,12
2000,Ahilyanagar,Rahuri,Marginal (Below 1 ha),30383,16255,15860,62,333,14687,1173,11,35,15
2000,Ahilyanagar,Sangamner,Marginal (Below 1 ha),47560,25806,24892,253,661,24173,719,121,84,47
2000,Ahilyanagar,Shirirampur,Marginal (Below 1 ha),14481,7799,7712,15,73,7327,385,0,3,12
2000,Ahilyanagar,Showgoan,Marginal (Below 1 ha),30138,15811,15769,11,31,15236,533,0,7,3
2000,Ahilyanagar,Shrigonda,Marginal (Below 1 ha),39438,24967,24383,132,452,24063,320,1,24,107
2010,Ahilyanagar,Ahamad Nagar,Marginal (Below 1 ha),41446,18856,18418,32,407,15563,2855,2,2,27
2010,Ahilyanagar,Akola,Marginal (Below 1 ha),31711,13940,13581,1,357,12828,753,0,1,0
2010,Ahilyanagar,Jamkhed,Marginal (Below 1 ha),19009,9709,9529,6,173,9039,490,0,6,0
2010,Ahilyanagar,Karjat,Marginal (Below 1 ha),33270,17545,17162,2,380,16902,261,0,1,1
2010,Ahilyanagar,Kopargoan,Marginal (Below 1 ha),21613,12388,12292,0,96,11362,930,0,0,0
2010,Ahilyanagar,Nevasa,Marginal (Below 1 ha),41597,23622,23590,0,32,23042,548,0,0,0
2010,Ahilyanagar,Parner,Marginal (Below 1 ha),48164,22199,22186,0,13,20805,1381,0,0,0
2010,Ahilyanagar,Pathardi,Marginal (Below 1 ha),45109,20973,19208,1,1764,19018,190,0,1,0
2010,Ahilyanagar,Rahata,Marginal (Below 1 ha),25414,13273,13136,0,137,12660,476,0,0,0
2010,Ahilyanagar,Rahuri,Marginal (Below 1 ha),35900,17854,17854,0,0,17472,382,0,0,0
2010,Ahilyanagar,Sangamner,Marginal (Below 1 ha),51073,25177,24328,131,718,23875,454,32,97,3
2010,Ahilyanagar,Shevgoan,Marginal (Below 1 ha),35045,18737,18257,0,480,18083,175,0,0,0
2010,Ahilyanagar,Shirirampur,Marginal (Below 1 ha),17993,9807,9772,5,29,9519,253,1,4,0
2010,Ahilyanagar,Shrigonda,Marginal (Below 1 ha),50312,25824,25536,47,241,25073,463,1,8,39
2015,Ahilyanagar,Akola,Marginal (Below 1 ha),36587,15254,14874,379,0,14065,809,379,0,0
2015,Ahilyanagar,Jamkhed,Marginal (Below 1 ha),30470,13535,13245,290,0,12515,730,290,0,0
2015,Ahilyanagar,Karjat,Marginal (Below 1 ha),37484,16641,16303,338,0,16032,271,338,0,0
2015,Ahilyanagar,Kopargaon,Marginal (Below 1 ha),26522,12160,12070,90,0,11183,887,90,0,0
2015,Ahilyanagar,Nagar,Marginal (Below 1 ha),45126,15944,15597,347,0,13325,2272,347,0,0
2015,Ahilyanagar,Nevasa,Marginal (Below 1 ha),51150,26130,26076,54,0,25451,625,54,0,0
2015,Ahilyanagar,Parner,Marginal (Below 1 ha),57872,22487,22475,13,0,21111,1364,13,0,0
2015,Ahilyanagar,Pathardi,Marginal (Below 1 ha),52253,21895,20099,1796,0,19900,199,1796,0,0
2015,Ahilyanagar,Rahata,Marginal (Below 1 ha),37150,12738,12607,132,0,12135,472,132,0,0
2015,Ahilyanagar,Rahuri,Marginal (Below 1 ha),40509,19120,19120,0,0,18636,484,0,0,0
2015,Ahilyanagar,Sangamner,Marginal (Below 1 ha),63989,27314,26411,902,0,25870,541,902,0,0
2015,Ahilyanagar,Shevgaon,Marginal (Below 1 ha),43200,20658,20208,450,0,19993,215,450,0,0
2015,Ahilyanagar,Shrigonda,Marginal (Below 1 ha),55916,28136,27641,495,0,27167,475,495,0,0
2015,Ahilyanagar,Shrirampur,Marginal (Below 1 ha),27911,9070,9047,23,0,8786,261,23,0,0
2000,Ahilyanagar,Ahamad Nagar,Small (1 to 2 ha),21026,30023,29277,262,484,24801,4476,32,155,75
2000,Ahilyanagar,Akola,Small (1 to 2 ha),14683,21061,19238,1324,499,19061,177,767,128,430
2000,Ahilyanagar,Jamkhed,Small (1 to 2 ha),13280,19894,19363,391,140,18923,440,153,191,47
2000,Ahilyanagar,Karjat,Small (1 to 2 ha),23480,35038,33263,247,1529,32695,567,39,165,43
2000,Ahilyanagar,Kopargoan,Small (1 to 2 ha),15125,22212,21823,138,251,19309,2514,10,69,60
2000,Ahilyanagar,Newasa,Small (1 to 2 ha),34288,49282,48468,585,228,47444,1024,15,317,254
2000,Ahilyanagar,Parner,Small (1 to 2 ha),24283,35043,34427,43,573,34396,31,0,12,31
2000,Ahilyanagar,Pathardi,Small (1 to 2 ha),21656,29090,29072,9,9,27191,1881,7,0,2
2000,Ahilyanagar,Rahata,Small (1 to 2 ha),13153,18615,18470,40,104,18234,236,28,12,0
2000,Ahilyanagar,Rahuri,Small (1 to 2 ha),19472,26737,25975,74,688,23926,2049,11,25,38
2000,Ahilyanagar,Sangamner,Small (1 to 2 ha),24536,33507,31606,904,997,30472,1134,196,414,294
2000,Ahilyanagar,Shirirampur,Small (1 to 2 ha),10313,15192,14971,39,181,14214,757,0,17,23
2000,Ahilyanagar,Showgoan,Small (1 to 2 ha),21604,28934,28870,15,50,27178,1691,5,9,0
2000,Ahilyanagar,Shrigonda,Small (1 to 2 ha),26550,38577,37371,283,923,36717,654,26,54,203
2010,Ahilyanagar,Ahamad Nagar,Small (1 to 2 ha),20021,28607,27368,95,1144,23957,3411,21,6,69
2010,Ahilyanagar,Akola,Small (1 to 2 ha),15114,21545,20371,0,1174,19417,954,0,0,0
2010,Ahilyanagar,Jamkhed,Small (1 to 2 ha),12750,18336,17962,40,334,17699,263,0,40,0
2010,Ahilyanagar,Karjat,Small (1 to 2 ha),23474,33692,33008,24,660,32565,443,0,24,0
2010,Ahilyanagar,Kopargoan,Small (1 to 2 ha),15861,22227,21951,1,275,20660,1291,0,1,0
2010,Ahilyanagar,Nevasa,Small (1 to 2 ha),32160,45276,45102,4,169,43968,1134,0,0,4
2010,Ahilyanagar,Parner,Small (1 to 2 ha),24564,35269,35264,0,5,32848,2417,0,0,0
2010,Ahilyanagar,Pathardi,Small (1 to 2 ha),19576,27595,24533,2,3060,24370,163,0,1,1
2010,Ahilyanagar,Rahata,Small (1 to 2 ha),14140,19876,19616,0,261,19193,423,0,0,0
2010,Ahilyanagar,Rahuri,Small (1 to 2 ha),18907,26370,26365,0,5,26012,353,0,0,0
2010,Ahilyanagar,Sangamner,Small (1 to 2 ha),24643,34639,32833,271,1535,32250,583,56,198,18
2010,Ahilyanagar,Shevgoan,Small (1 to 2 ha),21195,29675,28670,0,1005,28630,39,0,0,0
2010,Ahilyanagar,Shirirampur,Small (1 to 2 ha),11624,16246,16139,22,85,15846,293,0,3,19
2010,Ahilyanagar,Shrigonda,Small (1 to 2 ha),28704,40528,39886,48,595,39304,582,2,9,37
2015,Ahilyanagar,Akola,Small (1 to 2 ha),16361,20877,18706,2172,0,17878,828,2172,0,0
2015,Ahilyanagar,Jamkhed,Small (1 to 2 ha),14114,20317,19825,492,0,19545,280,492,0,0
2015,Ahilyanagar,Karjat,Small (1 to 2 ha),22422,25276,24643,633,0,24250,394,633,0,0
2015,Ahilyanagar,Kopargaon,Small (1 to 2 ha),15122,20538,20234,304,0,19107,1127,304,0,0
2015,Ahilyanagar,Nagar,Small (1 to 2 ha),20415,22487,21472,1015,0,19020,2452,1015,0,0
2015,Ahilyanagar,Nevasa,Small (1 to 2 ha),31643,40342,40041,300,0,39051,991,300,0,0
2015,Ahilyanagar,Parner,Small (1 to 2 ha),24913,37332,37261,71,0,34792,2470,71,0,0
2015,Ahilyanagar,Pathardi,Small (1 to 2 ha),20057,26767,23776,2990,0,23630,146,2990,0,0
2015,Ahilyanagar,Rahata,Small (1 to 2 ha),13717,22001,21686,316,0,21254,432,316,0,0
2015,Ahilyanagar,Rahuri,Small (1 to 2 ha),18865,25479,25337,142,0,24955,382,142,0,0
2015,Ahilyanagar,Sangamner,Small (1 to 2 ha),24950,31296,29432,1864,0,28875,558,1864,0,0
2015,Ahilyanagar,Shevgaon,Small (1 to 2 ha),20810,27132,26342,790,0,26292,50,790,0,0
2015,Ahilyanagar,Shrigonda,Small (1 to 2 ha),28001,37870,37131,739,0,36627,505,739,0,0
2015,Ahilyanagar,Shrirampur,Small (1 to 2 ha),12297,13413,13288,125,0,13083,205,125,0,0
2000,Ahilyanagar,Ahamad Nagar,Semimedium (2 to 4 ha),13005,34064,32818,561,686,26130,6687,66,310,185
2000,Ahilyanagar,Akola,Semimedium (2 to 4 ha),9757,28506,24982,2895,629,24858,123,1871,264,760
2000,Ahilyanagar,Jamkhed,Semimedium (2 to 4 ha),9900,27445,26750,554,141,26110,640,278,162,113
2000,Ahilyanagar,Karjat,Semimedium (2 to 4 ha),16859,46856,44067,446,2343,42965,1102,74,291,82
2000,Ahilyanagar,Kopargoan,Semimedium (2 to 4 ha),6698,17817,17236,242,339,14031,3204,1,144,97
2000,Ahilyanagar,Newasa,Semimedium (2 to 4 ha),12734,31850,31016,728,106,30316,700,26,444,258
2000,Ahilyanagar,Parner,Semimedium (2 to 4 ha),17703,48293,47420,94,779,47361,59,0,20,75
2000,Ahilyanagar,Pathardi,Semimedium (2 to 4 ha),11174,28537,28527,1,9,25303,3224,0,1,1
2000,Ahilyanagar,Rahata,Semimedium (2 to 4 ha),5733,15993,15828,83,82,14882,947,0,83,0
2000,Ahilyanagar,Rahuri,Semimedium (2 to 4 ha),7578,19535,18546,89,899,17139,1407,9,19,61
2000,Ahilyanagar,Sangamner,Semimedium (2 to 4 ha),12417,32266,29982,805,1479,28503,1479,317,297,191
2000,Ahilyanagar,Shirirampur,Semimedium (2 to 4 ha),4626,12369,12166,54,149,11400,765,0,20,34
2000,Ahilyanagar,Showgoan,Semimedium (2 to 4 ha),9920,25852,25786,6,59,23476,2311,2,4,0
2000,Ahilyanagar,Shrigonda,Semimedium (2 to 4 ha),16849,45200,43123,651,1426,42183,940,65,279,307
2010,Ahilyanagar,Ahamad Nagar,Semimedium (2 to 4 ha),11492,30879,28769,125,1985,24312,4456,22,41,62
2010,Ahilyanagar,Akola,Semimedium (2 to 4 ha),10081,27649,25237,0,2412,24141,1096,0,0,0
2010,Ahilyanagar,Jamkhed,Semimedium (2 to 4 ha),8556,23205,22629,232,344,21814,815,116,84,32
2010,Ahilyanagar,Karjat,Semimedium (2 to 4 ha),13980,37204,36199,247,758,34785,1415,174,72,0
2010,Ahilyanagar,Kopargoan,Semimedium (2 to 4 ha),5891,15488,15163,0,325,14000,1163,0,0,0
2010,Ahilyanagar,Nevasa,Semimedium (2 to 4 ha),11358,29274,29071,22,181,28219,852,0,13,9
2010,Ahilyanagar,Parner,Semimedium (2 to 4 ha),15275,41123,41001,0,122,37524,3477,0,0,0
2010,Ahilyanagar,Pathardi,Semimedium (2 to 4 ha),9315,24850,21467,14,3369,21346,121,2,2,10
2010,Ahilyanagar,Rahata,Semimedium (2 to 4 ha),5588,14890,14535,0,355,14285,250,0,0,0
2010,Ahilyanagar,Rahuri,Semimedium (2 to 4 ha),6900,17978,17978,0,0,17916,62,0,0,0
2010,Ahilyanagar,Sangamner,Semimedium (2 to 4 ha),12003,32061,29871,485,1704,29216,656,92,365,27
2010,Ahilyanagar,Shevgoan,Semimedium (2 to 4 ha),8712,22746,21660,0,1086,21331,330,0,0,0
2010,Ahilyanagar,Shirirampur,Semimedium (2 to 4 ha),4479,11803,11592,51,160,11360,232,6,5,41
2010,Ahilyanagar,Shrigonda,Semimedium (2 to 4 ha),13848,36303,35277,147,880,34217,1060,1,39,106
2015,Ahilyanagar,Akola,Semimedium (2 to 4 ha),10751,29520,25231,4289,0,24162,1069,4289,0,0
2015,Ahilyanagar,Jamkhed,Semimedium (2 to 4 ha),8338,22574,21792,783,0,21044,747,783,0,0
2015,Ahilyanagar,Karjat,Semimedium (2 to 4 ha),14328,36939,35715,1224,0,34261,1454,1224,0,0
2015,Ahilyanagar,Kopargaon,Semimedium (2 to 4 ha),6729,16699,16317,382,0,15130,1187,382,0,0
2015,Ahilyanagar,Nagar,Semimedium (2 to 4 ha),12890,32005,29935,2070,0,25786,4149,2070,0,0
2015,Ahilyanagar,Nevasa,Semimedium (2 to 4 ha),11541,29368,28911,456,0,27966,946,456,0,0
2015,Ahilyanagar,Parner,Semimedium (2 to 4 ha),15515,39683,39330,353,0,36145,3185,353,0,0
2015,Ahilyanagar,Pathardi,Semimedium (2 to 4 ha),10130,27972,24066,3906,0,23930,136,3906,0,0
2015,Ahilyanagar,Rahata,Semimedium (2 to 4 ha),5537,15541,15121,420,0,14872,248,420,0,0
2015,Ahilyanagar,Rahuri,Semimedium (2 to 4 ha),7712,19289,18966,323,0,18884,82,323,0,0
2015,Ahilyanagar,Sangamner,Semimedium (2 to 4 ha),12365,32275,29860,2415,0,29127,733,2415,0,0
2015,Ahilyanagar,Shevgaon,Semimedium (2 to 4 ha),9262,25297,24197,1100,0,23894,303,1100,0,0
2015,Ahilyanagar,Shrigonda,Semimedium (2 to 4 ha),15265,38225,36951,1274,0,35681,1270,1274,0,0
2015,Ahilyanagar,Shrirampur,Semimedium (2 to 4 ha),5278,14071,13863,207,0,13634,229,207,0,0
2000,Ahilyanagar,Ahamad Nagar,Medium (4 to 10 ha),4081,22496,21758,434,304,15165,6593,49,216,169
2000,Ahilyanagar,Akola,Medium (4 to 10 ha),4519,27448,21507,5401,540,21432,75,4471,331,599
2000,Ahilyanagar,Jamkhed,Medium (4 to 10 ha),3233,17728,17175,361,192,16847,327,142,77,142
2000,Ahilyanagar,Karjat,Medium (4 to 10 ha),4365,24554,21411,838,2305,20489,921,133,592,114
2000,Ahilyanagar,Kopargoan,Medium (4 to 10 ha),1500,8049,7747,126,176,5281,2466,32,42,51
2000,Ahilyanagar,Newasa,Medium (4 to 10 ha),1648,8691,7972,563,156,7769,204,32,175,356
2000,Ahilyanagar,Parner,Medium (4 to 10 ha),7103,38740,37941,119,679,37876,65,0,77,43
2000,Ahilyanagar,Pathardi,Medium (4 to 10 ha),2669,13268,13127,71,69,10374,2754,0,37,34
2000,Ahilyanagar,Rahata,Medium (4 to 10 ha),1276,7054,7054,0,0,5690,1364,0,0,0
2000,Ahilyanagar,Rahuri,Medium (4 to 10 ha),1265,6782,6084,106,592,5361,723,21,36,48
2000,Ahilyanagar,Sangamner,Medium (4 to 10 ha),3237,16713,15118,815,780,14053,1065,246,315,254
2000,Ahilyanagar,Shirirampur,Medium (4 to 10 ha),1001,5349,5099,40,209,4419,680,0,1,40
2000,Ahilyanagar,Showgoan,Medium (4 to 10 ha),1927,10419,10386,8,24,8862,1524,0,8,0
2000,Ahilyanagar,Shrigonda,Medium (4 to 10 ha),3369,18685,17117,879,689,16673,444,22,157,701
2010,Ahilyanagar,Ahamad Nagar,Medium (4 to 10 ha),3966,22278,19168,143,2967,15932,3235,35,25,83
2010,Ahilyanagar,Akola,Medium (4 to 10 ha),4211,24316,21008,0,3309,20287,721,0,0,0
2010,Ahilyanagar,Jamkhed,Medium (4 to 10 ha),2735,15137,14527,448,162,13930,597,172,188,87
2010,Ahilyanagar,Karjat,Medium (4 to 10 ha),3426,18898,17423,995,480,16162,1261,868,127,0
2010,Ahilyanagar,Kopargoan,Medium (4 to 10 ha),1187,6384,6247,1,136,5442,805,0,0,1
2010,Ahilyanagar,Nevasa,Medium (4 to 10 ha),1528,8092,7960,15,117,7777,183,0,0,15
2010,Ahilyanagar,Parner,Medium (4 to 10 ha),4487,24734,24502,0,232,21489,3013,0,0,0
2010,Ahilyanagar,Pathardi,Medium (4 to 10 ha),3061,17259,14367,4,2888,14210,156,2,2,0
2010,Ahilyanagar,Rahata,Medium (4 to 10 ha),1204,6627,6461,2,164,6156,304,0,0,2
2010,Ahilyanagar,Rahuri,Medium (4 to 10 ha),1079,5747,5744,0,3,5626,118,0,0,0
2010,Ahilyanagar,Sangamner,Medium (4 to 10 ha),3330,18729,17138,185,1406,16749,390,68,117,0
2010,Ahilyanagar,Shevgoan,Medium (4 to 10 ha),1667,8993,8460,0,533,8242,218,0,0,0
2010,Ahilyanagar,Shirirampur,Medium (4 to 10 ha),952,5102,4999,41,62,4630,369,0,21,20
2010,Ahilyanagar,Shrigonda,Medium (4 to 10 ha),2499,13592,13229,68,294,12638,591,0,10,58
2015,Ahilyanagar,Akola,Medium (4 to 10 ha),4233,23952,20624,3329,0,19939,685,3329,0,0
2015,Ahilyanagar,Jamkhed,Medium (4 to 10 ha),2488,14025,13347,678,0,12854,493,678,0,0
2015,Ahilyanagar,Karjat,Medium (4 to 10 ha),5031,28286,26162,2124,0,24581,1581,2124,0,0
2015,Ahilyanagar,Kopargaon,Medium (4 to 10 ha),1958,10085,9835,251,0,8590,1245,251,0,0
2015,Ahilyanagar,Nagar,Medium (4 to 10 ha),5053,27782,24111,3671,0,20406,3705,3671,0,0
2015,Ahilyanagar,Nevasa,Medium (4 to 10 ha),1764,8991,8765,225,0,8600,166,225,0,0
2015,Ahilyanagar,Parner,Medium (4 to 10 ha),4684,25727,25457,269,0,22449,3008,269,0,0
2015,Ahilyanagar,Pathardi,Medium (4 to 10 ha),2953,16291,13667,2624,0,13530,137,2624,0,0
2015,Ahilyanagar,Rahata,Medium (4 to 10 ha),1340,7509,7339,170,0,7223,116,170,0,0
2015,Ahilyanagar,Rahuri,Medium (4 to 10 ha),1334,6645,6611,34,0,6429,182,34,0,0
2015,Ahilyanagar,Sangamner,Medium (4 to 10 ha),3411,18977,17350,1627,0,16988,362,1627,0,0
2015,Ahilyanagar,Shevgaon,Medium (4 to 10 ha),1888,10636,10020,616,0,9872,148,616,0,0
2015,Ahilyanagar,Shrigonda,Medium (4 to 10 ha),2661,15431,14902,529,0,14299,603,529,0,0
2015,Ahilyanagar,Shrirampur,Medium (4 to 10 ha),1268,6967,6807,160,0,6465,342,160,0,0
2000,Ahilyanagar,Ahamad Nagar,Large (>10 ha),305,4265,4164,95,6,1765,2400,23,0,71
2000,Ahilyanagar,Akola,Large (>10 ha),597,8399,6415,1778,205,6398,17,1466,104,209
2000,Ahilyanagar,Jamkhed,Large (>10 ha),237,3438,3380,58,0,3201,179,6,18,34
2000,Ahilyanagar,Karjat,Large (>10 ha),244,4009,3050,275,684,2894,155,194,74,7
2000,Ahilyanagar,Kopargoan,Large (>10 ha),69,911,789,107,15,245,543,0,95,12
2000,Ahilyanagar,Newasa,Large (>10 ha),70,2046,1896,7,143,1812,84,0,0,7
2000,Ahilyanagar,Parner,Large (>10 ha),773,11783,11450,0,333,11450,0,0,0,0
2000,Ahilyanagar,Pathardi,Large (>10 ha),159,2526,2173,59,294,1779,395,0,0,59
2000,Ahilyanagar,Rahata,Large (>10 ha),119,3681,3681,0,0,3681,0,0,0,0
2000,Ahilyanagar,Rahuri,Large (>10 ha),111,3605,2890,68,647,2812,78,0,10,58
2000,Ahilyanagar,Sangamner,Large (>10 ha),384,5219,3262,627,1331,2958,304,201,181,245
2000,Ahilyanagar,Shirirampur,Large (>10 ha),79,7594,7531,36,26,7320,210,0,0,36
2000,Ahilyanagar,Showgoan,Large (>10 ha),82,1522,1521,0,0,1268,254,0,0,0
2000,Ahilyanagar,Shrigonda,Large (>10 ha),248,4433,4034,134,265,3951,82,0,41,94
2010,Ahilyanagar,Ahamad Nagar,Large (>10 ha),287,3922,2946,205,771,2589,357,188,2,15
2010,Ahilyanagar,Akola,Large (>10 ha),503,6913,5523,0,1390,5089,434,0,0,0
2010,Ahilyanagar,Jamkhed,Large (>10 ha),199,3036,2449,514,74,2114,335,201,112,201
2010,Ahilyanagar,Karjat,Large (>10 ha),273,5279,4152,942,185,3252,900,334,324,284
2010,Ahilyanagar,Kopargoan,Large (>10 ha),118,2318,2280,0,38,2199,81,0,0,0
2010,Ahilyanagar,Nevasa,Large (>10 ha),56,1107,1046,0,61,665,381,0,0,0
2010,Ahilyanagar,Parner,Large (>10 ha),429,7695,7596,0,99,6813,783,0,0,0
2010,Ahilyanagar,Pathardi,Large (>10 ha),138,1746,1371,0,375,1351,20,0,0,0
2010,Ahilyanagar,Rahata,Large (>10 ha),90,1730,1418,0,312,607,810,0,0,0
2010,Ahilyanagar,Rahuri,Large (>10 ha),85,1609,1609,0,0,1609,0,0,0,0
2010,Ahilyanagar,Sangamner,Large (>10 ha),359,5868,5516,0,353,5035,481,0,0,0
2010,Ahilyanagar,Shevgoan,Large (>10 ha),133,2502,1964,0,538,1371,593,0,0,0
2010,Ahilyanagar,Shirirampur,Large (>10 ha),68,1206,767,0,439,622,145,0,0,0
2010,Ahilyanagar,Shrigonda,Large (>10 ha),157,2286,2207,2,77,2039,168,0,0,2
2015,Ahilyanagar,Akola,Large (>10 ha),451,6446,5239,1207,0,4851,388,1207,0,0
2015,Ahilyanagar,Jamkhed,Large (>10 ha),146,2420,1945,476,0,1630,314,476,0,0
2015,Ahilyanagar,Karjat,Large (>10 ha),617,9471,7102,2369,0,5231,1871,2369,0,0
2015,Ahilyanagar,Kopargaon,Large (>10 ha),167,3389,3330,59,0,3205,125,59,0,0
2015,Ahilyanagar,Nagar,Large (>10 ha),457,10303,8676,1628,0,8257,418,1628,0,0
2015,Ahilyanagar,Nevasa,Large (>10 ha),137,4802,4649,153,0,1381,3268,153,0,0
2015,Ahilyanagar,Parner,Large (>10 ha),295,6342,6260,82,0,5585,674,82,0,0
2015,Ahilyanagar,Pathardi,Large (>10 ha),140,2358,2026,332,0,2009,17,332,0,0
2015,Ahilyanagar,Rahata,Large (>10 ha),134,2858,2309,549,0,1650,659,549,0,0
2015,Ahilyanagar,Rahuri,Large (>10 ha),108,1782,1782,0,0,1781,1,0,0,0
2015,Ahilyanagar,Sangamner,Large (>10 ha),348,7044,6776,268,0,6134,642,268,0,0
2015,Ahilyanagar,Shevgaon,Large (>10 ha),105,2106,1802,304,0,1332,470,304,0,0
2015,Ahilyanagar,Shrigonda,Large (>10 ha),178,2760,2609,151,0,2549,61,151,0,0
2015,Ahilyanagar,Shrirampur,Large (>10 ha),167,4977,4840,137,0,4626,214,137,0,0
2000,Akola,Telhara,Marginal (Below 1 ha),7334,5579,5537,7,43,5506,33,3,0,6
2000,Akola,Akot,Marginal (Below 1 ha),30405,7335,7396,35,4,7364,333,0,33,3
2000,Akola,Balapur,Marginal (Below 1 ha),6574,4746,4643,77,37,4543,97,37,4,55
2000,Akola,Akola,Marginal (Below 1 ha),7309,6346,6339,9,37,6033,395,3,3,5
2000,Akola,Murtijapur,Marginal (Below 1 ha),3737,3473,3443,30,3,3353,79,0,30,39
2000,Akola,Patur,Marginal (Below 1 ha),30639,7777,7779,3,6,7767,333,0,3,0
2000,Akola,Barshitakali,Marginal (Below 1 ha),3305,753,749,3,0,673,75,0,3,3
2010,Akola,Telhara,Marginal (Below 1 ha),35377,30336,30364,37,44,9996,367,33,7,0
2010,Akola,Akot,Marginal (Below 1 ha),30300,7033,6970,37,3,6773,97,33,0,6
2010,Akola,Balapur,Marginal (Below 1 ha),33973,7660,7659,0,3,7563,96,0,0,0
2010,Akola,Akola,Marginal (Below 1 ha),33466,7963,7959,0,3,7753,306,0,0,0
2010,Akola,Murtijapur,Marginal (Below 1 ha),35409,30337,30334,0,34,9973,333,0,0,4
2010,Akola,Patur,Marginal (Below 1 ha),4553,3373,3373,3,9,3395,77,0,3,0
2010,Akola,Barshitakali,Marginal (Below 1 ha),3336,3433,3409,0,3,3403,7,0,0,0
2015,Akola,Telhara,Marginal (Below 1 ha),36347,33073,30767,303,0,30550,337,303,0,9
2015,Akola,Akot,Marginal (Below 1 ha),33577,6043,5755,376,0,5307,647,376,0,0
2015,Akola,Balapur,Marginal (Below 1 ha),33907,7773,7677,373,0,7339,459,373,0,0
2015,Akola,Akola,Marginal (Below 1 ha),34337,30047,9793,354,0,9094,797,354,0,20
2015,Akola,Murtijapur,Marginal (Below 1 ha),5739,4034,3779,336,0,3643,347,336,0,0
2015,Akola,Patur,Marginal (Below 1 ha),35373,9974,9670,334,0,9437,334,334,0,0
2015,Akola,Barshitakali,Marginal (Below 1 ha),3367,3953,3790,63,0,3733,57,63,0,0
2000,Akola,Telhara,Small (1 to 2 ha),7633,33333,33357,37,339,33309,47,4,4,30
2000,Akola,Akot,Small (1 to 2 ha),33493,37777,37737,43,30,37455,363,33,37,3
2000,Akola,Balapur,Small (1 to 2 ha),30633,35339,34740,363,337,34543,397,65,45,353
2000,Akola,Akola,Small (1 to 2 ha),9357,33333,33365,33,45,33777,377,4,7,30
2000,Akola,Murtijapur,Small (1 to 2 ha),7703,33676,33533,337,47,33374,337,37,67,43
2000,Akola,Patur,Small (1 to 2 ha),33300,37353,37333,33,39,37976,337,3,7,0
2000,Akola,Barshitakali,Small (1 to 2 ha),3343,3334,3337,36,3,3957,359,0,7,7
2010,Akola,Telhara,Small (1 to 2 ha),35359,33533,33397,93,330,30536,763,47,45,3
2010,Akola,Akot,Small (1 to 2 ha),33354,37565,37436,334,5,37336,330,333,3,33
2010,Akola,Balapur,Small (1 to 2 ha),33333,35797,35795,0,3,35670,335,0,0,0
2010,Akola,Akola,Small (1 to 2 ha),33736,36750,36364,3,574,36036,349,3,3,0
2010,Akola,Murtijapur,Small (1 to 2 ha),34377,39733,39777,7,37,39493,395,0,3,4
2010,Akola,Patur,Small (1 to 2 ha),30335,34594,34553,3,37,34376,377,0,3,0
2010,Akola,Barshitakali,Small (1 to 2 ha),3473,4933,4434,0,497,4377,36,0,0,0
2015,Akola,Telhara,Small (1 to 2 ha),36359,33043,33475,569,0,33037,436,569,0,34
2015,Akola,Akot,Small (1 to 2 ha),33753,35563,35044,539,0,33730,3335,539,0,0
2015,Akola,Balapur,Small (1 to 2 ha),33736,36390,36033,377,0,35356,756,377,0,0
2015,Akola,Akola,Small (1 to 2 ha),33379,37707,37437,393,0,36377,3039,393,0,10
2015,Akola,Murtijapur,Small (1 to 2 ha),33333,35773,35074,699,0,34576,507,699,0,0
2015,Akola,Patur,Small (1 to 2 ha),34970,30474,39765,639,0,39665,300,639,0,0
2015,Akola,Barshitakali,Small (1 to 2 ha),4467,6033,5739,305,0,5636,333,305,0,0
2000,Akola,Telhara,Semimedium (2 to 4 ha),4396,33733,33594,33,97,33549,45,6,3,34
2000,Akola,Akot,Semimedium (2 to 4 ha),5577,34997,34934,57,35,34730,304,37,33,9
2000,Akola,Balapur,Semimedium (2 to 4 ha),5707,35767,35376,437,374,34737,350,95,355,367
2000,Akola,Akola,Semimedium (2 to 4 ha),4907,33393,33376,34,73,33739,367,3,33,7
2000,Akola,Murtijapur,Semimedium (2 to 4 ha),4379,33759,33633,373,65,33337,373,36,93,55
2000,Akola,Patur,Semimedium (2 to 4 ha),5536,36373,36333,33,39,35773,350,6,6,0
2000,Akola,Barshitakali,Semimedium (2 to 4 ha),3703,7737,7776,33,30,7334,543,3,37,34
2010,Akola,Telhara,Semimedium (2 to 4 ha),5635,34799,34493,343,366,33937,574,67,73,3
2010,Akola,Akot,Semimedium (2 to 4 ha),6333,36343,36063,77,3,35760,303,65,0,33
2010,Akola,Balapur,Semimedium (2 to 4 ha),4357,33339,33303,0,37,33073,330,0,1,0
2010,Akola,Akola,Semimedium (2 to 4 ha),4999,33403,33997,0,406,33964,33,0,0,0
2010,Akola,Murtijapur,Semimedium (2 to 4 ha),5793,35377,35337,37,53,35336,303,9,0,1
2010,Akola,Patur,Semimedium (2 to 4 ha),4559,33374,33044,3,337,33767,376,0,3,3
2010,Akola,Barshitakali,Semimedium (2 to 4 ha),3337,9053,7530,0,533,7476,34,0,0,0
2015,Akola,Telhara,Semimedium (2 to 4 ha),5774,35007,34300,709,0,33790,430,709,0,0
2015,Akola,Akot,Semimedium (2 to 4 ha),7603,37665,37537,3337,0,35639,3799,3337,0,32
2015,Akola,Balapur,Semimedium (2 to 4 ha),5333,33543,33776,667,0,33353,633,667,0,0
2015,Akola,Akola,Semimedium (2 to 4 ha),5554,33737,33733,905,0,33300,633,905,6,48
2015,Akola,Murtijapur,Semimedium (2 to 4 ha),5370,33543,33307,3333,0,33736,493,3333,0,5
2015,Akola,Patur,Semimedium (2 to 4 ha),6653,36937,35763,3375,0,35537,335,3375,0,0
2015,Akola,Barshitakali,Semimedium (2 to 4 ha),3743,30006,9339,677,0,9360,369,677,0,0
2000,Akola,Telhara,Medium (4 to 10 ha),3393,33630,33379,33,309,33333,56,3,35,6
2000,Akola,Akot,Medium (4 to 10 ha),3039,33409,33357,36,35,33373,375,33,7,7
2000,Akola,Balapur,Medium (4 to 10 ha),3674,35436,34743,433,370,34460,373,63,376,376
2000,Akola,Akola,Medium (4 to 10 ha),3375,33793,33634,75,93,33305,409,30,67,7
2000,Akola,Murtijapur,Medium (4 to 10 ha),3030,33657,33375,339,54,33965,439,36,349,34
2000,Akola,Patur,Medium (4 to 10 ha),3359,33309,33363,5,43,33000,363,3,3,0
2000,Akola,Barshitakali,Medium (4 to 10 ha),3337,33764,33695,57,30,33753,743,0,37,30
2010,Akola,Telhara,Medium (4 to 10 ha),3374,7504,7337,50,337,6974,353,36,34,0
2010,Akola,Akot,Medium (4 to 10 ha),3745,30306,30333,66,37,30300,333,50,0,35
2010,Akola,Balapur,Medium (4 to 10 ha),3403,7933,7760,0,53,7674,376,0,0,0
2010,Akola,Akola,Medium (4 to 10 ha),3773,9996,9747,0,349,9740,7,0,0,0
2010,Akola,Murtijapur,Medium (4 to 10 ha),3733,9637,9573,5,50,9393,379,0,5,0
2010,Akola,Patur,Medium (4 to 10 ha),3753,9794,9753,39,334,9394,357,0,6,33
2010,Akola,Barshitakali,Medium (4 to 10 ha),3709,30449,30363,0,377,30093,70,0,86,0
2015,Akola,Telhara,Medium (4 to 10 ha),3336,6503,6037,465,0,5397,643,465,0,3
2015,Akola,Akot,Medium (4 to 10 ha),3433,33739,33704,935,34,30733,3993,935,3,0
2015,Akola,Balapur,Medium (4 to 10 ha),3374,7545,6936,637,0,6379,537,637,0,0
2015,Akola,Akola,Medium (4 to 10 ha),3563,7567,7677,793,0,6734,754,793,0,1
2015,Akola,Murtijapur,Medium (4 to 10 ha),3303,33477,9993,3494,0,9074,909,3494,0,0
2015,Akola,Patur,Medium (4 to 10 ha),3930,30640,9773,757,82,9066,735,757,0,0
2015,Akola,Barshitakali,Medium (4 to 10 ha),3363,33039,33433,636,0,33335,397,636,0,0
2010,Akola,Telhara,Large (>10 ha),67,3046,976,60,0,743,346,33,47,0
2010,Akola,Akot,Large (>10 ha),373,3469,3436,33,105,3374,53,3,33,37
2010,Akola,Balapur,Large (>10 ha),93,3333,3333,0,0,3330,3,0,0,0
2010,Akola,Akola,Large (>10 ha),363,3393,3390,0,3,3377,4,0,0,0
2010,Akola,Murtijapur,Large (>10 ha),333,3737,3733,0,4,3736,7,0,0,0
2010,Akola,Patur,Large (>10 ha),373,3595,3575,0,30,3373,304,0,0,0
2010,Akola,Barshitakali,Large (>10 ha),366,3347,3073,0,66,3754,337,0,1,0
2015,Akola,Telhara,Large (>10 ha),66,3773,3737,63,0,433,3406,63,0,0
2015,Akola,Akot,Large (>10 ha),349,3536,3473,66,0,3676,775,66,0,0
2015,Akola,Balapur,Large (>10 ha),79,3057,3033,35,0,739,304,35,45,0
2015,Akola,Akola,Large (>10 ha),97,3934,3773,53,90,3754,337,53,0,0
2015,Akola,Murtijapur,Large (>10 ha),353,3959,3777,73,0,3303,777,73,0,2
2015,Akola,Patur,Large (>10 ha),307,3499,3443,57,0,3359,373,57,1,0
2015,Akola,Barshitakali,Large (>10 ha),337,3640,3573,60,0,3573,7,60,0,0
2000,Akola,Telhara,Large (>10 ha),333,3696,3693,0,4,3693,3,0,0,0
2000,Akola,Akot,Large (>10 ha),335,3693,3693,0,0,3677,34,0,0,0
2000,Akola,Balapur,Large (>10 ha),330,4977,4793,363,33,4633,370,67,37,67
2000,Akola,Akola,Large (>10 ha),373,5336,5090,6,40,4977,303,3,3,3
2000,Akola,Murtijapur,Large (>10 ha),359,3939,3735,306,77,3537,309,3,97,6
2000,Akola,Patur,Large (>10 ha),393,3747,3743,3,3,3706,37,3,3,0
2000,Akola,Barshitakali,Large (>10 ha),377,3773,3700,43,33,3333,367,0,3,39
2000,Amravati,Aanjangoan,Marginal (Below 1 ha),8114,5579,5528,8,43,5506,22,1,0,6
2000,Amravati,Achalpur,Marginal (Below 1 ha),10405,7315,7296,15,4,7164,132,0,11,3
2000,Amravati,Amravati,Marginal (Below 1 ha),6584,4746,4642,77,28,4543,98,18,4,55
2000,Amravati,Bhatkulee,Marginal (Below 1 ha),8209,6246,6219,9,18,6023,195,1,3,5
2000,Amravati,Chandur Railway,Marginal (Below 1 ha),2827,2473,2441,30,3,2351,89,0,10,19
2000,Amravati,Chandurbajar,Marginal (Below 1 ha),10629,7887,7879,2,6,7767,112,0,2,0
2000,Amravati,Chikhaldara,Marginal (Below 1 ha),1205,751,749,2,0,673,75,0,2,1
2000,Amravati,Daryapur,Marginal (Below 1 ha),9358,7528,7497,11,21,7474,23,2,3,6
2000,Amravati,Dhamangoan,Marginal (Below 1 ha),3611,2905,2848,41,16,2720,128,7,6,28
2000,Amravati,Dharnee,Marginal (Below 1 ha),2025,1356,1329,16,11,1318,11,4,5,7
2000,Amravati,Mosshi,Marginal (Below 1 ha),7599,5456,5435,16,5,5277,158,1,4,12
2000,Amravati,Nandgoan Khand,Marginal (Below 1 ha),5745,4529,4449,49,31,4302,148,14,30,5
2000,Amravati,Tiwasa,Marginal (Below 1 ha),4536,3329,3151,155,24,3119,33,2,1,151
2000,Amravati,Varud,Marginal (Below 1 ha),14642,8758,8679,42,37,8322,358,13,6,23
2010,Amravati,Achalpur,Marginal (Below 1 ha),15287,10326,10264,18,44,9996,268,11,7,0
2010,Amravati,Amravati,Marginal (Below 1 ha),10200,7011,6970,38,3,6873,97,32,0,6
2010,Amravati,Anjangaon,Marginal (Below 1 ha),12982,8660,8659,0,1,8563,96,0,0,0
2010,Amravati,Bhatkuli,Marginal (Below 1 ha),11466,7962,7959,0,3,7853,106,0,0,0
2010,Amravati,Chandpurbajar,Marginal (Below 1 ha),15409,10238,10214,0,24,9981,233,0,0,0
2010,Amravati,Chandur Railway,Marginal (Below 1 ha),4552,3381,3371,1,9,3295,77,0,1,0
2010,Amravati,Chikaldhara,Marginal (Below 1 ha),2226,1411,1409,0,2,1402,7,0,0,0
2010,Amravati,Daryapur,Marginal (Below 1 ha),14045,10111,10102,0,9,10031,71,0,0,0
2010,Amravati,Dhamangaon Railway,Marginal (Below 1 ha),5471,4119,4082,8,28,3926,157,2,3,3
2010,Amravati,Dharani,Marginal (Below 1 ha),2843,1906,1903,1,2,1880,23,1,0,0
2010,Amravati,Morshi,Marginal (Below 1 ha),12014,8234,8109,4,120,7883,226,2,0,1
2010,Amravati,Nandgaon Khandeshwari,Marginal (Below 1 ha),8809,6524,6512,9,3,6378,134,0,9,0
2010,Amravati,Tiwasa,Marginal (Below 1 ha),7053,4997,4997,0,0,4951,46,0,0,0
2010,Amravati,Varur,Marginal (Below 1 ha),18066,11309,11242,15,52,10834,407,0,0,14
2015,Amravati,Achalpur,Marginal (Below 1 ha),16347,11071,10768,303,0,10550,217,303,0,0
2015,Amravati,Amravati,Marginal (Below 1 ha),12587,6042,5855,186,0,5208,648,186,0,0
2015,Amravati,Anjangaon,Marginal (Below 1 ha),13907,8871,8688,183,0,8229,459,183,0,0
2015,Amravati,Bhatkuli,Marginal (Below 1 ha),14327,10047,9892,154,0,9094,798,154,0,0
2015,Amravati,Chandur Railway,Marginal (Below 1 ha),5819,4024,3889,136,0,3641,247,136,0,0
2015,Amravati,Chandurbazar,Marginal (Below 1 ha),15372,9984,9670,314,0,9437,234,314,0,0
2015,Amravati,Chikhaldara,Marginal (Below 1 ha),3167,1952,1890,62,0,1832,58,62,0,0
2015,Amravati,Daryapur,Marginal (Below 1 ha),16461,10049,9973,76,0,9306,667,76,0,0
2015,Amravati,Dhamangaon Railway,Marginal (Below 1 ha),7889,5469,5373,95,0,5049,325,95,0,0
2015,Amravati,Dharni,Marginal (Below 1 ha),3727,2460,2327,134,0,2123,203,134,0,0
2015,Amravati,Morshi,Marginal (Below 1 ha),14477,9287,9041,245,0,8468,573,245,0,0
2015,Amravati,Nandgaon-Khandeshwar,Marginal (Below 1 ha),10173,5857,5681,176,0,5559,122,176,0,0
2015,Amravati,Tivasa,Marginal (Below 1 ha),8486,5342,5242,100,0,4852,390,100,0,0
2015,Amravati,Warud,Marginal (Below 1 ha),18369,10141,9938,204,0,9192,745,204,0,0
2000,Amravati,Aanjangoan,Small (1 to 2 ha),8623,13313,13157,27,129,13109,47,4,4,20
2000,Amravati,Achalpur,Small (1 to 2 ha),12493,17778,17717,42,20,17455,262,11,28,2
2000,Amravati,Amravati,Small (1 to 2 ha),10611,15219,14840,262,117,14542,298,65,45,151
2000,Amravati,Bhatkulee,Small (1 to 2 ha),9258,13233,13165,22,45,12778,387,4,8,10
2000,Amravati,Chandur Railway,Small (1 to 2 ha),7702,11686,11511,128,47,11174,337,18,68,42
2000,Amravati,Chandurbajar,Small (1 to 2 ha),11200,18252,18213,11,29,17976,237,3,7,0
2000,Amravati,Chikhaldara,Small (1 to 2 ha),2342,3334,3317,16,1,2958,359,0,7,8
2000,Amravati,Daryapur,Small (1 to 2 ha),10816,18707,18618,28,61,18560,58,4,0,23
2000,Amravati,Dhamangoan,Small (1 to 2 ha),10044,13511,13212,193,105,12549,663,28,24,141
2000,Amravati,Dharnee,Small (1 to 2 ha),4358,6414,6285,76,53,6206,79,10,29,37
2000,Amravati,Mosshi,Small (1 to 2 ha),13877,19914,19816,78,20,19299,517,9,40,29
2000,Amravati,Nandgoan Khand,Small (1 to 2 ha),12026,18620,18357,163,100,17826,531,60,78,25
2000,Amravati,Tiwasa,Small (1 to 2 ha),8163,11975,11358,528,89,11264,94,22,10,496
2000,Amravati,Varud,Small (1 to 2 ha),12148,17482,17233,128,120,16624,610,37,21,71
2010,Amravati,Achalpur,Small (1 to 2 ha),15259,21521,21298,93,130,20536,762,47,45,1
2010,Amravati,Amravati,Small (1 to 2 ha),13154,18565,18436,124,5,18216,220,111,1,12
2010,Amravati,Anjangaon,Small (1 to 2 ha),11231,15897,15895,0,2,15680,215,0,0,0
2010,Amravati,Bhatkuli,Small (1 to 2 ha),11826,16750,16164,2,584,16016,149,1,1,0
2010,Amravati,Chandpurbajar,Small (1 to 2 ha),14177,19822,19787,7,28,19491,295,0,3,4
2010,Amravati,Chandur Railway,Small (1 to 2 ha),10325,14594,14553,3,38,14276,277,0,3,0
2010,Amravati,Chikaldhara,Small (1 to 2 ha),3471,4912,4414,0,498,4388,26,0,0,0
2010,Amravati,Daryapur,Small (1 to 2 ha),14493,20658,20653,0,6,20410,242,0,0,0
2010,Amravati,Dhamangaon Railway,Small (1 to 2 ha),13323,18870,18676,54,139,18177,499,17,16,22
2010,Amravati,Dharani,Small (1 to 2 ha),5637,7994,7741,4,250,7623,117,3,0,1
2010,Amravati,Morshi,Small (1 to 2 ha),15891,22534,22160,18,355,21638,523,7,7,5
2010,Amravati,Nandgaon Khandeshwari,Small (1 to 2 ha),16535,23428,23347,37,44,22927,420,1,33,3
2010,Amravati,Tiwasa,Small (1 to 2 ha),11254,15892,15892,0,0,15821,71,0,0,0
2010,Amravati,Varur,Small (1 to 2 ha),15256,21237,21040,38,159,20347,693,3,3,32
2015,Amravati,Achalpur,Small (1 to 2 ha),16259,22043,21475,569,0,21038,436,569,0,0
2015,Amravati,Amravati,Small (1 to 2 ha),13851,15563,15044,519,0,13820,1225,519,0,0
2015,Amravati,Anjangaon,Small (1 to 2 ha),11836,16290,16012,278,0,15256,756,278,0,0
2015,Amravati,Bhatkuli,Small (1 to 2 ha),13379,17808,17417,391,0,16388,1029,391,0,0
2015,Amravati,Chandur Railway,Small (1 to 2 ha),12123,15783,15084,699,0,14576,508,699,0,0
2015,Amravati,Chandurbazar,Small (1 to 2 ha),14970,20484,19865,619,0,19665,200,619,0,0
2015,Amravati,Chikhaldara,Small (1 to 2 ha),4467,6033,5829,205,0,5616,212,205,0,0
2015,Amravati,Daryapur,Small (1 to 2 ha),16742,20698,20472,226,0,19090,1382,226,0,0
2015,Amravati,Dhamangaon Railway,Small (1 to 2 ha),15023,21002,20358,644,0,19790,567,644,0,0
2015,Amravati,Dharni,Small (1 to 2 ha),6678,7370,6894,477,0,6688,205,477,0,0
2015,Amravati,Morshi,Small (1 to 2 ha),17572,22207,21452,755,0,20606,847,755,0,0
2015,Amravati,Nandgaon-Khandeshwar,Small (1 to 2 ha),17022,21756,21632,124,0,21012,621,124,0,0
2015,Amravati,Tivasa,Small (1 to 2 ha),13225,16208,15785,423,0,14444,1341,423,0,0
2015,Amravati,Warud,Small (1 to 2 ha),15609,19855,19167,687,0,18195,972,687,0,0
2000,Amravati,Aanjangoan,Semimedium (2 to 4 ha),4296,11713,11594,21,97,11549,45,6,1,14
2000,Amravati,Achalpur,Semimedium (2 to 4 ha),5587,14997,14924,58,15,14720,204,17,32,9
2000,Amravati,Amravati,Semimedium (2 to 4 ha),5808,15767,15176,417,174,14827,350,95,155,167
2000,Amravati,Bhatkulee,Semimedium (2 to 4 ha),4907,13293,13186,24,83,12819,367,3,13,8
2000,Amravati,Chandur Railway,Semimedium (2 to 4 ha),4179,11859,11621,173,65,11237,383,26,92,55
2000,Amravati,Chandurbajar,Semimedium (2 to 4 ha),5536,16173,16133,12,29,15883,250,6,6,0
2000,Amravati,Chikhaldara,Semimedium (2 to 4 ha),2801,7828,7776,32,20,7234,542,1,17,14
2000,Amravati,Daryapur,Semimedium (2 to 4 ha),6394,19381,19285,46,50,19221,64,8,11,27
2000,Amravati,Dhamangoan,Semimedium (2 to 4 ha),5815,15101,14583,324,193,13734,849,33,91,200
2000,Amravati,Dharnee,Semimedium (2 to 4 ha),4861,13191,12989,130,72,12783,206,14,37,79
2000,Amravati,Mosshi,Semimedium (2 to 4 ha),6729,17755,17586,133,36,17094,492,11,76,45
2000,Amravati,Nandgoan Khand,Semimedium (2 to 4 ha),6895,18575,18282,177,116,17709,573,49,79,49
2000,Amravati,Tiwasa,Semimedium (2 to 4 ha),4080,10910,10367,431,111,10252,116,28,18,385
2000,Amravati,Varud,Semimedium (2 to 4 ha),5414,15190,14863,157,170,14301,562,38,56,64
2010,Amravati,Achalpur,Semimedium (2 to 4 ha),5615,14799,14493,141,166,13918,574,67,72,1
2010,Amravati,Amravati,Semimedium (2 to 4 ha),6122,16142,16062,77,3,15860,202,65,0,11
2010,Amravati,Anjangaon,Semimedium (2 to 4 ha),4258,11319,11301,0,18,11081,220,0,0,0
2010,Amravati,Bhatkuli,Semimedium (2 to 4 ha),4999,13403,12997,0,406,12964,33,0,0,0
2010,Amravati,Chandpurbajar,Semimedium (2 to 4 ha),5792,15388,15317,18,53,15116,201,9,0,9
2010,Amravati,Chandur Railway,Semimedium (2 to 4 ha),4559,12174,12044,2,127,11768,276,0,2,1
2010,Amravati,Chikaldhara,Semimedium (2 to 4 ha),3328,9051,8520,0,532,8486,34,0,0,0
2010,Amravati,Daryapur,Semimedium (2 to 4 ha),7074,18982,18951,0,32,18031,920,0,0,0
2010,Amravati,Dhamangaon Railway,Semimedium (2 to 4 ha),6793,18164,17843,29,292,17228,615,16,13,0
2010,Amravati,Dharani,Semimedium (2 to 4 ha),5030,13343,12987,3,353,12890,96,3,0,0
2010,Amravati,Morshi,Semimedium (2 to 4 ha),6139,16260,15782,62,415,15408,375,32,16,14
2010,Amravati,Nandgaon Khandeshwari,Semimedium (2 to 4 ha),6335,16682,16546,54,82,16231,315,3,51,1
2010,Amravati,Tiwasa,Semimedium (2 to 4 ha),4558,12197,12185,12,0,12165,21,0,0,12
2010,Amravati,Varur,Semimedium (2 to 4 ha),4784,12567,12471,27,70,11971,500,0,5,21
2015,Amravati,Achalpur,Semimedium (2 to 4 ha),5774,15008,14200,809,0,13790,410,809,0,0
2015,Amravati,Amravati,Semimedium (2 to 4 ha),7601,18665,17537,1127,0,15639,1899,1127,0,0
2015,Amravati,Anjangaon,Semimedium (2 to 4 ha),5211,12542,11876,667,0,11252,623,667,0,0
2015,Amravati,Bhatkuli,Semimedium (2 to 4 ha),5554,13717,12812,905,0,12200,612,905,0,0
2015,Amravati,Chandur Railway,Semimedium (2 to 4 ha),5370,13541,12208,1333,0,11716,492,1333,0,0
2015,Amravati,Chandurbazar,Semimedium (2 to 4 ha),6651,16937,15762,1175,0,15527,235,1175,0,0
2015,Amravati,Chikhaldara,Semimedium (2 to 4 ha),3843,10006,9329,677,0,9160,169,677,0,0
2015,Amravati,Daryapur,Semimedium (2 to 4 ha),8633,21109,20355,753,0,19570,786,753,0,0
2015,Amravati,Dhamangaon Railway,Semimedium (2 to 4 ha),7013,19872,18443,1429,0,17705,738,1429,0,0
2015,Amravati,Dharni,Semimedium (2 to 4 ha),5918,14878,13586,1293,0,13219,366,1293,0,0
2015,Amravati,Morshi,Semimedium (2 to 4 ha),6573,16293,15119,1174,0,14218,901,1174,0,0
2015,Amravati,Nandgaon-Khandeshwar,Semimedium (2 to 4 ha),8877,21107,19947,1160,0,18515,1432,1160,0,0
2015,Amravati,Tivasa,Semimedium (2 to 4 ha),5841,14353,13312,1042,0,11740,1572,1042,0,0
2015,Amravati,Warud,Semimedium (2 to 4 ha),5748,14565,13766,799,0,13086,680,799,0,0
2000,Amravati,Aanjangoan,Medium (4 to 10 ha),2292,13620,13389,23,209,13332,56,1,15,6
2000,Amravati,Achalpur,Medium (4 to 10 ha),2019,11409,11358,26,25,11183,175,11,8,8
2000,Amravati,Amravati,Medium (4 to 10 ha),2674,15426,14843,413,170,14460,383,61,176,176
2000,Amravati,Bhatkulee,Medium (4 to 10 ha),2375,13791,13614,85,93,13205,409,10,67,8
2000,Amravati,Chandur Railway,Medium (4 to 10 ha),2010,12658,12385,219,54,11965,419,36,149,34
2000,Amravati,Chandurbajar,Medium (4 to 10 ha),2159,13209,13162,5,42,13000,162,3,2,0
2000,Amravati,Chikhaldara,Medium (4 to 10 ha),2138,12764,12695,58,10,11853,842,0,28,30
2000,Amravati,Daryapur,Medium (4 to 10 ha),3191,21178,21054,58,66,20949,105,9,23,26
2000,Amravati,Dhamangoan,Medium (4 to 10 ha),2339,13519,12962,399,159,11765,1196,29,145,225
2000,Amravati,Dharnee,Medium (4 to 10 ha),3142,17756,17530,143,84,17100,429,12,85,46
2000,Amravati,Mosshi,Medium (4 to 10 ha),2328,13085,12938,84,63,12534,404,4,53,27
2000,Amravati,Nandgoan Khand,Medium (4 to 10 ha),3229,18580,18138,275,168,17587,552,62,104,109
2000,Amravati,Tiwasa,Medium (4 to 10 ha),1494,8484,7929,430,125,7844,84,35,12,384
2000,Amravati,Varud,Medium (4 to 10 ha),1796,10840,10506,149,186,9788,718,17,10,122
2010,Amravati,Achalpur,Medium (4 to 10 ha),1384,7504,7327,50,127,6974,353,16,34,0
2010,Amravati,Amravati,Medium (4 to 10 ha),1845,10306,10213,66,28,10100,113,50,0,15
2010,Amravati,Anjangaon,Medium (4 to 10 ha),1403,7912,7860,0,51,7684,176,0,0,0
2010,Amravati,Bhatkuli,Medium (4 to 10 ha),1771,9996,9847,0,149,9840,7,0,0,0
2010,Amravati,Chandpurbajar,Medium (4 to 10 ha),1722,9627,9572,5,50,9393,179,0,5,0
2010,Amravati,Chandur Railway,Medium (4 to 10 ha),1752,9894,9751,29,114,9394,357,0,6,22
2010,Amravati,Chikaldhara,Medium (4 to 10 ha),1809,10449,10162,0,287,10093,70,0,0,0
2010,Amravati,Daryapur,Medium (4 to 10 ha),2836,16134,16087,0,47,15922,166,0,0,0
2010,Amravati,Dhamangaon Railway,Medium (4 to 10 ha),2511,14291,13807,82,403,13199,607,6,37,38
2010,Amravati,Dharani,Medium (4 to 10 ha),2472,14150,13901,11,238,13812,89,11,0,0
2010,Amravati,Morshi,Medium (4 to 10 ha),1875,10399,9910,61,428,9597,313,8,46,7
2010,Amravati,Nandgaon Khandeshwari,Medium (4 to 10 ha),2116,11989,11782,124,83,11580,202,0,124,0
2010,Amravati,Tiwasa,Medium (4 to 10 ha),1396,7821,7821,0,0,7820,1,0,0,0
2010,Amravati,Varur,Medium (4 to 10 ha),1037,5759,5615,24,120,5377,237,15,0,8
2015,Amravati,Achalpur,Medium (4 to 10 ha),1216,6503,6038,465,0,5398,641,465,0,0
2015,Amravati,Amravati,Medium (4 to 10 ha),2411,13739,12804,935,0,10812,1992,935,0,0
2015,Amravati,Anjangaon,Medium (4 to 10 ha),1384,7545,6926,618,0,6389,537,618,0,0
2015,Amravati,Bhatkuli,Medium (4 to 10 ha),1563,8568,7677,891,0,6824,854,891,0,0
2015,Amravati,Chandur Railway,Medium (4 to 10 ha),2102,11487,9993,1494,0,9084,909,1494,0,0
2015,Amravati,Chandurbazar,Medium (4 to 10 ha),1930,10640,9781,858,0,9066,715,858,0,0
2015,Amravati,Chikhaldara,Medium (4 to 10 ha),2162,12029,11413,616,0,11115,298,616,0,0
2015,Amravati,Daryapur,Medium (4 to 10 ha),3391,18890,18277,613,0,17605,672,613,0,0
2015,Amravati,Dhamangaon Railway,Medium (4 to 10 ha),2497,14038,12916,1122,0,12004,911,1122,0,0
2015,Amravati,Dharni,Medium (4 to 10 ha),3309,18213,16767,1446,0,15932,835,1446,0,0
2015,Amravati,Morshi,Medium (4 to 10 ha),1901,10297,9571,726,0,8315,1256,726,0,0
2015,Amravati,Nandgaon-Khandeshwar,Medium (4 to 10 ha),2491,14252,13452,800,0,10836,2617,800,0,0
2015,Amravati,Tivasa,Medium (4 to 10 ha),1761,9715,9181,535,0,7876,1305,535,0,0
2015,Amravati,Warud,Medium (4 to 10 ha),1486,8411,7988,423,0,7537,451,423,0,0
2010,Amravati,Achalpur,Large (>10 ha),68,1046,986,60,0,841,146,12,48,0
2010,Amravati,Amravati,Large (>10 ha),172,2469,2436,32,0,2384,52,2,12,18
2010,Amravati,Anjangaon,Large (>10 ha),93,1232,1232,0,0,1230,2,0,0,0
2010,Amravati,Bhatkuli,Large (>10 ha),161,2293,2290,0,3,2287,4,0,0,0
2010,Amravati,Chandpurbajar,Large (>10 ha),122,1737,1733,0,4,1726,7,0,0,0
2010,Amravati,Chandur Railway,Large (>10 ha),173,2595,2585,0,10,2381,204,0,0,0
2010,Amravati,Chikaldhara,Large (>10 ha),166,2148,2083,0,66,1854,228,0,0,0
2010,Amravati,Daryapur,Large (>10 ha),232,2949,2949,0,0,2874,75,0,0,0
2010,Amravati,Dhamangaon Railway,Large (>10 ha),257,3619,3417,103,100,3089,328,3,14,86
2010,Amravati,Dharani,Large (>10 ha),282,4096,4036,4,56,4029,7,4,0,0
2010,Amravati,Morshi,Large (>10 ha),135,1784,1674,4,106,1642,32,0,0,4
2010,Amravati,Nandgaon Khandeshwari,Large (>10 ha),224,3203,3118,71,14,3051,67,2,10,59
2010,Amravati,Tiwasa,Large (>10 ha),119,1678,1678,0,0,1672,6,0,0,0
2010,Amravati,Varur,Large (>10 ha),84,1174,1159,0,15,1055,104,0,0,0
2015,Amravati,Achalpur,Large (>10 ha),66,1881,1818,63,0,412,1406,63,0,0
2015,Amravati,Amravati,Large (>10 ha),249,3536,3471,66,0,2686,785,66,0,0
2015,Amravati,Anjangaon,Large (>10 ha),79,1058,1023,35,0,819,204,35,0,0
2015,Amravati,Bhatkuli,Large (>10 ha),98,1934,1881,53,0,1754,127,53,0,0
2015,Amravati,Chandur Railway,Large (>10 ha),152,2959,2878,81,0,2101,777,81,0,0
2015,Amravati,Chandurbazar,Large (>10 ha),107,1499,1441,58,0,1159,282,58,0,0
2015,Amravati,Chikhaldara,Large (>10 ha),127,1640,1581,60,0,1573,7,60,0,0
2015,Amravati,Daryapur,Large (>10 ha),214,2752,2633,119,0,2625,8,119,0,0
2015,Amravati,Dhamangaon Railway,Large (>10 ha),186,2566,2558,8,0,2144,413,8,0,0
2015,Amravati,Dharni,Large (>10 ha),194,3188,3159,29,0,2798,361,29,0,0
2015,Amravati,Morshi,Large (>10 ha),117,4428,4363,64,0,992,3371,64,0,0
2015,Amravati,Nandgaon-Khandeshwar,Large (>10 ha),272,3395,3217,178,0,2409,808,178,0,0
2015,Amravati,Tivasa,Large (>10 ha),130,2223,2016,206,0,1998,19,206,0,0
2015,Amravati,Warud,Large (>10 ha),139,2667,2644,22,0,1902,742,22,0,0
2000,Amravati,Aanjangoan,Large (>10 ha),132,1696,1692,0,4,1691,1,0,0,0
2000,Amravati,Achalpur,Large (>10 ha),125,1692,1692,0,0,1678,14,0,0,0
2000,Amravati,Amravati,Large (>10 ha),330,4988,4792,163,33,4611,180,68,28,67
2000,Amravati,Bhatkulee,Large (>10 ha),382,5136,5090,6,40,4987,102,1,3,3
2000,Amravati,Chandur Railway,Large (>10 ha),259,3929,3735,106,88,3527,209,2,98,6
2000,Amravati,Chandurbajar,Large (>10 ha),193,2748,2743,2,2,2706,37,2,1,0
2000,Amravati,Chikhaldara,Large (>10 ha),278,3773,3700,41,32,3332,368,0,3,39
2000,Amravati,Daryapur,Large (>10 ha),381,7014,7003,6,5,6932,71,0,2,4
2000,Amravati,Dhamangoan,Large (>10 ha),258,3624,3505,97,22,3275,230,45,6,45
2000,Amravati,Dharnee,Large (>10 ha),238,3093,3065,14,15,2748,316,1,6,7
2000,Amravati,Mosshi,Large (>10 ha),216,2785,2682,63,40,2620,62,0,41,22
2000,Amravati,Nandgoan Khand,Large (>10 ha),378,4973,4824,94,55,4628,196,13,73,8
2000,Amravati,Tiwasa,Large (>10 ha),140,1867,1743,120,4,1692,51,10,1,109
2000,Amravati,Varud,Large (>10 ha),134,2039,1914,72,52,1799,115,21,0,52
1995,Beed,Ambejogai,Marginal (Below 1 ha),14296,8330,8299,19,12,8154,145,4,14,1
1995,Beed,Ashti,Marginal (Below 1 ha),22100,11490,11468,6,15,11224,244,0,4,2
1995,Beed,Beed,Marginal (Below 1 ha),27816,13199,13099,78,23,12689,410,30,21,27
1995,Beed,Dharur,Marginal (Below 1 ha),21368,12237,12139,32,67,11681,458,8,20,4
1995,Beed,Georai,Marginal (Below 1 ha),22552,13255,13134,29,92,13119,15,0,2,27
1995,Beed,Kaij,Marginal (Below 1 ha),21368,12237,12139,32,67,11681,458,8,20,4
1995,Beed,Manjlegaon,Marginal (Below 1 ha),13968,8246,8215,7,24,8136,79,0,3,4
1995,Beed,Parali,Marginal (Below 1 ha),14296,8330,8299,19,12,8154,145,4,14,1
1995,Beed,Patoda,Marginal (Below 1 ha),22842,11356,11134,199,23,10557,577,12,49,138
2000,Beed,Aambejogai,Marginal (Below 1 ha),18294,10284,9998,157,128,9539,459,2,41,114
2000,Beed,Aashti,Marginal (Below 1 ha),27573,13957,13756,87,115,13357,399,3,35,49
2000,Beed,Adwani,Marginal (Below 1 ha),8368,4377,4312,8,57,4190,121,1,6,0
2000,Beed,Beed,Marginal (Below 1 ha),41473,19431,19237,79,115,19054,183,7,17,55
2000,Beed,Dharur,Marginal (Below 1 ha),10566,5460,5384,35,41,5341,44,5,21,10
2000,Beed,Gewrai,Marginal (Below 1 ha),29598,14520,14443,28,49,14422,20,12,7,8
2000,Beed,Kej,Marginal (Below 1 ha),28275,15251,15100,107,44,14672,428,24,64,19
2000,Beed,Majalgoan,Marginal (Below 1 ha),16874,9554,9524,8,22,9484,40,3,4,1
2000,Beed,Parali,Marginal (Below 1 ha),19885,9673,9382,207,84,9138,244,194,11,2
2000,Beed,Pathoda,Marginal (Below 1 ha),15196,8329,8269,54,7,8194,75,10,31,14
2000,Beed,Shisur,Marginal (Below 1 ha),18734,9809,9315,444,51,9207,107,27,314,103
2010,Beed,Aashti,Marginal (Below 1 ha),44676,21594,21591,0,3,20956,635,0,0,0
2010,Beed,Ambejogai,Marginal (Below 1 ha),24693,13211,13194,1,15,12952,243,0,1,0
2010,Beed,Beed,Marginal (Below 1 ha),51265,24430,24402,0,28,1137,23266,0,0,0
2010,Beed,Dharur,Marginal (Below 1 ha),17699,9194,9190,4,0,9128,62,0,4,0
2010,Beed,Georai,Marginal (Below 1 ha),50999,28296,28290,0,7,27669,621,0,0,0
2010,Beed,Kej,Marginal (Below 1 ha),37235,19320,19319,0,0,18911,408,0,0,0
2010,Beed,Majalgaon,Marginal (Below 1 ha),25947,14617,14617,0,0,14565,52,0,0,0
2010,Beed,Parali Vaijnath,Marginal (Below 1 ha),24496,12556,12552,0,4,12411,141,0,0,0
2010,Beed,Patoda,Marginal (Below 1 ha),24838,11938,11938,0,0,11673,265,0,0,0
2010,Beed,Shipur(Kasar),Marginal (Below 1 ha),22553,10779,10779,0,0,10471,309,0,0,0
2010,Beed,Vadvani,Marginal (Below 1 ha),10588,5531,5531,0,0,5473,57,0,0,0
2015,Beed,Ambejogai,Marginal (Below 1 ha),31522,13786,13786,0,0,13395,391,0,0,0
2015,Beed,Ashti,Marginal (Below 1 ha),48622,20613,20611,2,0,19639,972,2,0,0
2015,Beed,Beed,Marginal (Below 1 ha),75330,24071,24071,1,0,23011,1059,1,0,0
2015,Beed,Dharur,Marginal (Below 1 ha),22949,9126,9126,0,0,9054,72,0,0,0
2015,Beed,Gevrai,Marginal (Below 1 ha),67967,31120,31119,2,0,30908,211,2,0,0
2015,Beed,Kej,Marginal (Below 1 ha),45296,19740,19731,9,0,19528,203,9,0,0
2015,Beed,Manjlegaon,Marginal (Below 1 ha),32488,15791,15791,0,0,15480,311,0,0,0
2015,Beed,Parli,Marginal (Below 1 ha),34285,13782,13779,3,0,13666,113,3,0,0
2015,Beed,Patoda,Marginal (Below 1 ha),28167,10409,10405,4,0,10137,268,4,0,0
2015,Beed,Shirur (Kasar),Marginal (Below 1 ha),30968,11347,11329,18,0,10997,332,18,0,0
2015,Beed,Wadwani,Marginal (Below 1 ha),16049,7003,7003,0,0,6731,273,0,0,0
1995,Beed,Ambejogai,Small (1 to 2 ha),14742,20777,20696,63,18,20385,311,10,33,20
1995,Beed,Ashti,Small (1 to 2 ha),20034,28575,28504,32,38,27835,669,0,13,19
1995,Beed,Beed,Small (1 to 2 ha),21369,30459,30123,254,82,29170,953,77,102,75
1995,Beed,Dharur,Small (1 to 2 ha),19940,30823,30498,148,177,29469,1029,22,115,11
1995,Beed,Georai,Small (1 to 2 ha),23919,34353,33782,212,359,33579,203,3,11,198
1995,Beed,Kaij,Small (1 to 2 ha),19940,30823,30498,148,177,29469,1029,22,115,11
1995,Beed,Manjlegaon,Small (1 to 2 ha),14467,20849,20749,34,65,20597,152,21,10,3
1995,Beed,Parali,Small (1 to 2 ha),14742,20777,20696,63,18,20385,311,10,33,20
1995,Beed,Patoda,Small (1 to 2 ha),18672,26999,26007,893,98,24574,1433,69,144,680
2000,Beed,Aambejogai,Small (1 to 2 ha),15676,21224,20500,589,135,20097,403,22,29,538
2000,Beed,Aashti,Small (1 to 2 ha),21015,30029,29529,294,206,28820,709,5,129,161
2000,Beed,Adwani,Small (1 to 2 ha),6276,8737,8577,6,155,8457,119,0,2,4
2000,Beed,Beed,Small (1 to 2 ha),26200,33638,33247,152,238,32848,400,14,27,111
2000,Beed,Dharur,Small (1 to 2 ha),7368,10680,10538,47,95,10448,90,2,23,23
2000,Beed,Gewrai,Small (1 to 2 ha),23327,27342,27172,74,96,27139,32,21,28,25
2000,Beed,Kej,Small (1 to 2 ha),21709,30314,30019,222,74,29235,784,55,133,33
2000,Beed,Majalgoan,Small (1 to 2 ha),14303,20324,20221,44,59,20164,57,14,14,16
2000,Beed,Parali,Small (1 to 2 ha),13331,18786,18246,458,82,17785,461,417,34,7
2000,Beed,Pathoda,Small (1 to 2 ha),10679,15367,15164,173,30,15019,145,23,104,46
2000,Beed,Shisur,Small (1 to 2 ha),10869,16218,15287,845,86,15017,269,71,544,230
2010,Beed,Aashti,Small (1 to 2 ha),25190,36143,36137,0,7,34954,1182,0,0,0
2010,Beed,Ambejogai,Small (1 to 2 ha),16210,23076,22993,6,77,22574,420,0,4,2
2010,Beed,Beed,Small (1 to 2 ha),26335,37495,37421,8,66,3336,34085,0,3,5
2010,Beed,Dharur,Small (1 to 2 ha),10195,14327,14296,30,1,14191,105,0,30,0
2010,Beed,Georai,Small (1 to 2 ha),29564,41405,41377,1,28,40746,630,0,1,0
2010,Beed,Kej,Small (1 to 2 ha),23574,33465,33455,6,5,32791,664,0,6,0
2010,Beed,Majalgaon,Small (1 to 2 ha),18072,25199,25198,0,0,25105,93,0,0,0
2010,Beed,Parali Vaijnath,Small (1 to 2 ha),14674,20698,20678,2,18,20119,559,0,1,1
2010,Beed,Patoda,Small (1 to 2 ha),13885,19971,19971,0,0,19505,466,0,0,0
2010,Beed,Shipur(Kasar),Small (1 to 2 ha),11383,16319,16319,0,0,15896,423,0,0,0
2010,Beed,Vadvani,Small (1 to 2 ha),6865,9754,9754,0,0,9704,49,0,0,0
2015,Beed,Ambejogai,Small (1 to 2 ha),16656,21049,20957,92,0,20441,515,92,0,0
2015,Beed,Ashti,Small (1 to 2 ha),25006,33078,32804,274,0,31907,897,274,0,0
2015,Beed,Beed,Small (1 to 2 ha),25311,38541,38300,242,0,36959,1341,242,0,0
2015,Beed,Dharur,Small (1 to 2 ha),10584,14259,14171,88,0,14109,63,88,0,0
2015,Beed,Gevrai,Small (1 to 2 ha),30501,41915,41668,247,0,41406,262,247,0,0
2015,Beed,Kej,Small (1 to 2 ha),22270,30471,30232,238,0,29931,301,238,0,0
2015,Beed,Manjlegaon,Small (1 to 2 ha),17326,23165,23016,149,0,22697,319,149,0,0
2015,Beed,Parli,Small (1 to 2 ha),14550,18347,18240,107,0,18111,129,107,0,0
2015,Beed,Patoda,Small (1 to 2 ha),14744,17795,17635,161,0,17332,302,161,0,0
2015,Beed,Shirur (Kasar),Small (1 to 2 ha),11862,16294,16030,264,0,15779,251,264,0,0
2015,Beed,Wadwani,Small (1 to 2 ha),7341,11305,11208,96,0,10843,366,96,0,0
1995,Beed,Ambejogai,Semimedium (2 to 4 ha),7372,19908,19823,54,32,19522,301,10,39,5
1995,Beed,Ashti,Semimedium (2 to 4 ha),15209,41555,41428,64,64,40061,1367,11,34,19
1995,Beed,Beed,Semimedium (2 to 4 ha),13861,37652,37015,452,183,35132,1883,159,223,70
1995,Beed,Dharur,Semimedium (2 to 4 ha),12271,34529,34117,146,264,33087,1030,12,99,35
1995,Beed,Georai,Semimedium (2 to 4 ha),14822,40057,39401,243,413,38362,1039,1,11,231
1995,Beed,Kaij,Semimedium (2 to 4 ha),12271,34529,34117,146,264,33087,1030,12,99,35
1995,Beed,Manjlegaon,Semimedium (2 to 4 ha),10679,29031,28865,76,90,28655,210,20,22,34
1995,Beed,Parali,Semimedium (2 to 4 ha),7372,19908,19823,54,32,19522,301,10,39,5
1995,Beed,Patoda,Semimedium (2 to 4 ha),12185,33208,31673,1397,136,29610,2063,99,238,1060
2000,Beed,Aambejogai,Semimedium (2 to 4 ha),7697,20883,20223,580,80,19806,417,27,31,522
2000,Beed,Aashti,Semimedium (2 to 4 ha),15736,42768,41791,703,274,40543,1248,10,257,436
2000,Beed,Adwani,Semimedium (2 to 4 ha),4102,10804,10512,24,269,10194,317,1,17,6
2000,Beed,Beed,Semimedium (2 to 4 ha),15126,38628,38018,314,296,37597,421,20,61,234
2000,Beed,Dharur,Semimedium (2 to 4 ha),5179,13667,13490,99,79,13306,184,5,64,30
2000,Beed,Gewrai,Semimedium (2 to 4 ha),13844,35629,35259,142,228,35198,61,36,34,72
2000,Beed,Kej,Semimedium (2 to 4 ha),12159,32583,32129,284,169,31234,896,79,148,57
2000,Beed,Majalgoan,Semimedium (2 to 4 ha),9114,24726,24578,60,88,24484,94,6,32,22
2000,Beed,Parali,Semimedium (2 to 4 ha),7442,19615,19043,450,121,18483,560,387,48,15
2000,Beed,Pathoda,Semimedium (2 to 4 ha),8266,22350,22080,229,41,21815,264,19,118,91
2000,Beed,Shisur,Semimedium (2 to 4 ha),7677,21489,19643,1441,404,19147,496,114,955,373
2010,Beed,Aashti,Semimedium (2 to 4 ha),14181,38280,38277,0,4,36770,1507,0,0,0
2010,Beed,Ambejogai,Semimedium (2 to 4 ha),7573,20426,20303,17,106,19883,420,0,17,0
2010,Beed,Beed,Semimedium (2 to 4 ha),13259,35817,35701,10,106,5310,30391,0,10,0
2010,Beed,Dharur,Semimedium (2 to 4 ha),4238,11176,11139,29,8,11007,133,0,25,4
2010,Beed,Georai,Semimedium (2 to 4 ha),13234,34830,34798,18,14,34171,627,8,0,11
2010,Beed,Kej,Semimedium (2 to 4 ha),10637,28355,28297,41,17,27504,793,0,41,0
2010,Beed,Majalgaon,Semimedium (2 to 4 ha),7606,20023,20023,0,1,19947,76,0,0,0
2010,Beed,Parali Vaijnath,Semimedium (2 to 4 ha),6661,17699,17674,2,22,17008,667,0,2,0
2010,Beed,Patoda,Semimedium (2 to 4 ha),6929,18544,18544,0,0,18031,513,0,0,0
2010,Beed,Shipur(Kasar),Semimedium (2 to 4 ha),6106,16418,16379,31,8,15403,976,0,0,31
2010,Beed,Vadvani,Semimedium (2 to 4 ha),3649,9750,9750,0,0,9708,42,0,0,0
2015,Beed,Ambejogai,Semimedium (2 to 4 ha),8284,24120,23904,216,0,23312,592,216,0,0
2015,Beed,Ashti,Semimedium (2 to 4 ha),15920,38649,38241,408,0,37069,1171,408,0,0
2015,Beed,Beed,Semimedium (2 to 4 ha),13424,36654,36281,372,0,34829,1452,372,0,0
2015,Beed,Dharur,Semimedium (2 to 4 ha),4451,11289,11191,98,0,11086,106,98,0,0
2015,Beed,Gevrai,Semimedium (2 to 4 ha),13343,35262,34877,385,0,34427,450,385,0,0
2015,Beed,Kej,Semimedium (2 to 4 ha),12059,31818,31487,331,0,30894,593,331,0,0
2015,Beed,Manjlegaon,Semimedium (2 to 4 ha),8291,22390,22130,260,0,21633,497,260,0,0
2015,Beed,Parli,Semimedium (2 to 4 ha),6401,19561,19413,148,0,19201,212,148,0,0
2015,Beed,Patoda,Semimedium (2 to 4 ha),7507,21162,20863,299,0,20296,568,299,0,0
2015,Beed,Shirur (Kasar),Semimedium (2 to 4 ha),5921,15392,14994,398,0,14651,343,398,0,0
2015,Beed,Wadwani,Semimedium (2 to 4 ha),4223,9983,9782,201,0,9351,432,201,0,0
1995,Beed,Ambejogai,Medium (4 to 10 ha),2749,15555,15414,124,17,15119,295,20,63,41
1995,Beed,Ashti,Medium (4 to 10 ha),6487,37185,36999,90,94,34930,2069,2,3,85
1995,Beed,Beed,Medium (4 to 10 ha),5243,29570,28415,894,262,26203,2212,74,650,170
1995,Beed,Dharur,Medium (4 to 10 ha),4633,26624,26207,198,220,25554,653,9,165,24
1995,Beed,Georai,Medium (4 to 10 ha),5129,28374,27607,182,586,25647,1960,0,105,77
1995,Beed,Kaij,Medium (4 to 10 ha),4633,26624,26207,198,220,25554,653,9,165,24
1995,Beed,Manjlegaon,Medium (4 to 10 ha),4289,24049,23852,114,80,23619,233,42,24,48
1995,Beed,Parali,Medium (4 to 10 ha),2749,15555,15414,124,17,15119,295,20,63,41
1995,Beed,Patoda,Medium (4 to 10 ha),4962,27949,26335,1484,129,24180,2155,148,147,1189
2000,Beed,Aambejogai,Medium (4 to 10 ha),2714,15204,14552,577,75,14155,396,37,32,508
2000,Beed,Aashti,Medium (4 to 10 ha),5892,33380,31813,1181,387,30356,1457,20,401,760
2000,Beed,Adwani,Medium (4 to 10 ha),1395,7757,7449,16,292,7233,216,4,6,6
2000,Beed,Beed,Medium (4 to 10 ha),4920,27169,26498,402,269,25981,517,45,88,269
2000,Beed,Dharur,Medium (4 to 10 ha),1919,10441,10295,73,73,10092,203,3,26,43
2000,Beed,Gewrai,Medium (4 to 10 ha),4252,21878,21539,167,172,21433,106,6,51,110
2000,Beed,Kej,Medium (4 to 10 ha),3944,21503,20962,306,235,20055,906,47,154,105
2000,Beed,Majalgoan,Medium (4 to 10 ha),2949,16357,16247,43,68,16187,60,2,19,22
2000,Beed,Parali,Medium (4 to 10 ha),2463,13770,13151,474,145,12611,540,346,100,28
2000,Beed,Pathoda,Medium (4 to 10 ha),2966,16460,16224,199,36,16038,186,27,110,62
2000,Beed,Shisur,Medium (4 to 10 ha),1902,10126,8982,822,322,8678,305,94,352,376
2010,Beed,Aashti,Medium (4 to 10 ha),4271,23667,23665,0,2,22416,1249,0,0,0
2010,Beed,Ambejogai,Medium (4 to 10 ha),2070,11131,10916,10,205,10636,280,0,10,0
2010,Beed,Beed,Medium (4 to 10 ha),4123,22724,22600,38,87,6307,16293,0,33,4
2010,Beed,Dharur,Medium (4 to 10 ha),1130,6282,6196,77,9,6051,145,0,77,0
2010,Beed,Georai,Medium (4 to 10 ha),2436,12997,12978,15,4,12865,113,0,0,15
2010,Beed,Kej,Medium (4 to 10 ha),2957,16206,16180,21,6,15612,568,4,16,0
2010,Beed,Majalgaon,Medium (4 to 10 ha),1918,10613,10611,0,2,10581,30,0,0,0
2010,Beed,Parali Vaijnath,Medium (4 to 10 ha),1983,11015,10997,3,16,10236,761,3,0,0
2010,Beed,Patoda,Medium (4 to 10 ha),1688,9032,9032,0,0,8383,649,0,0,0
2010,Beed,Shipur(Kasar),Medium (4 to 10 ha),1614,8771,8761,0,10,7876,886,0,0,0
2010,Beed,Vadvani,Medium (4 to 10 ha),1082,6014,6014,0,0,5961,53,0,0,0
2015,Beed,Ambejogai,Medium (4 to 10 ha),2358,12943,12864,78,0,12407,458,78,0,0
2015,Beed,Ashti,Medium (4 to 10 ha),4634,25592,25274,318,0,24081,1193,318,0,0
2015,Beed,Beed,Medium (4 to 10 ha),4830,26489,26252,237,0,25130,1122,237,0,0
2015,Beed,Dharur,Medium (4 to 10 ha),1323,7340,7319,22,0,7118,201,22,0,0
2015,Beed,Gevrai,Medium (4 to 10 ha),2446,12823,12672,150,0,12238,434,150,0,0
2015,Beed,Kej,Medium (4 to 10 ha),2679,15446,15287,160,0,14965,321,160,0,0
2015,Beed,Manjlegaon,Medium (4 to 10 ha),1962,11185,11067,118,0,10770,297,118,0,0
2015,Beed,Parli,Medium (4 to 10 ha),2054,11990,11944,46,0,11635,309,46,0,0
2015,Beed,Patoda,Medium (4 to 10 ha),2605,14461,14220,241,0,13393,827,241,0,0
2015,Beed,Shirur (Kasar),Medium (4 to 10 ha),1503,7991,7752,239,0,7621,131,239,0,0
2015,Beed,Wadwani,Medium (4 to 10 ha),901,5015,4851,164,0,4598,253,164,0,0
1995,Beed,Ambejogai,Large (>10 ha),338,5069,5026,33,10,4860,166,9,24,0
1995,Beed,Ashti,Large (>10 ha),625,9462,9374,52,37,8472,902,0,2,50
1995,Beed,Beed,Large (>10 ha),476,7648,7002,444,202,5391,1611,14,414,16
1995,Beed,Dharur,Large (>10 ha),316,4651,4634,0,17,4490,144,0,0,0
1995,Beed,Georai,Large (>10 ha),279,3993,3971,0,22,2795,1176,0,0,0
1995,Beed,Kaij,Large (>10 ha),316,4651,4634,0,17,4490,144,0,0,0
1995,Beed,Manjlegaon,Large (>10 ha),296,3875,3831,11,33,3788,43,0,1,10
1995,Beed,Parali,Large (>10 ha),338,5069,5026,33,10,4860,166,9,24,0
1995,Beed,Patoda,Large (>10 ha),352,5048,4537,501,10,4012,525,223,61,217
2000,Beed,Aambejogai,Large (>10 ha),312,4767,4462,273,31,4169,293,18,84,171
2000,Beed,Aashti,Large (>10 ha),461,7174,6726,326,122,5045,1682,1,131,194
2000,Beed,Adwani,Large (>10 ha),99,1542,1456,8,78,1302,154,0,0,8
2000,Beed,Beed,Large (>10 ha),353,5245,4908,289,48,4574,334,5,131,153
2000,Beed,Dharur,Large (>10 ha),220,3193,3190,3,0,2544,646,0,3,0
2000,Beed,Gewrai,Large (>10 ha),205,2797,2787,9,1,2782,5,9,0,0
2000,Beed,Kej,Large (>10 ha),255,3582,3194,288,101,2884,310,60,88,140
2000,Beed,Majalgoan,Large (>10 ha),182,2624,2285,324,14,2282,3,0,324,0
2000,Beed,Parali,Large (>10 ha),192,3769,3703,52,15,3521,181,16,7,29
2000,Beed,Pathoda,Large (>10 ha),150,2021,1988,31,2,1959,29,3,28,0
2000,Beed,Shisur,Large (>10 ha),100,2145,1906,174,64,1853,53,6,136,32
2010,Beed,Aashti,Large (>10 ha),271,4698,4698,0,1,4412,286,0,0,0
2010,Beed,Ambejogai,Large (>10 ha),131,1991,1944,10,37,1884,61,10,0,0
2010,Beed,Beed,Large (>10 ha),249,3832,3809,20,3,1657,2152,0,20,0
2010,Beed,Dharur,Large (>10 ha),66,1068,959,109,0,959,0,0,109,0
2010,Beed,Georai,Large (>10 ha),50,746,746,0,0,696,49,0,0,0
2010,Beed,Kej,Large (>10 ha),208,3914,3914,0,0,3481,433,0,0,0
2010,Beed,Majalgaon,Large (>10 ha),122,2203,2203,0,0,2199,4,0,0,0
2010,Beed,Parali Vaijnath,Large (>10 ha),122,1911,1911,0,0,1681,231,0,0,0
2010,Beed,Patoda,Large (>10 ha),103,3828,3828,0,0,3325,504,0,0,0
2010,Beed,Shipur(Kasar),Large (>10 ha),98,1542,1529,12,0,1026,503,0,12,0
2010,Beed,Vadvani,Large (>10 ha),82,1405,1405,0,0,1404,1,0,0,0
2015,Beed,Ambejogai,Large (>10 ha),109,1669,1669,0,0,1295,375,0,0,0
2015,Beed,Ashti,Large (>10 ha),256,4423,4369,55,0,3707,661,55,0,0
2015,Beed,Beed,Large (>10 ha),311,3993,3993,0,0,3177,816,0,0,0
2015,Beed,Dharur,Large (>10 ha),103,1614,1614,0,0,1132,483,0,0,0
2015,Beed,Gevrai,Large (>10 ha),80,1379,1379,0,0,822,557,0,0,0
2015,Beed,Kej,Large (>10 ha),130,1906,1906,0,0,1490,416,0,0,0
2015,Beed,Manjlegaon,Large (>10 ha),103,1911,1911,0,0,1232,679,0,0,0
2015,Beed,Parli,Large (>10 ha),157,3229,3180,50,0,2903,277,50,0,0
2015,Beed,Patoda,Large (>10 ha),175,2440,2376,64,0,1575,801,64,0,0
2015,Beed,Shirur (Kasar),Large (>10 ha),64,1017,1017,0,0,785,231,0,0,0
2015,Beed,Wadwani,Large (>10 ha),67,1069,1069,0,0,845,223,0,0,0
2000,Bhandara,Bhandara,Marginal (Below 1 ha),15683,7981,7867,95,19,7511,356,10,41,44
2000,Bhandara,Lakhandur,Marginal (Below 1 ha),16869,8327,8301,20,6,8082,218,4,12,4
2000,Bhandara,Lakhani,Marginal (Below 1 ha),16412,8131,8122,8,0,7998,124,0,5,3
2000,Bhandara,Mohadi,Marginal (Below 1 ha),17125,8766,8663,80,23,8314,348,19,38,23
2000,Bhandara,Pawni,Marginal (Below 1 ha),17826,8969,8892,75,3,8766,126,18,18,38
2000,Bhandara,Sakoli,Marginal (Below 1 ha),11291,4686,4670,14,2,4637,33,1,4,9
2000,Bhandara,Tumsar,Marginal (Below 1 ha),21717,9920,9911,8,2,9568,343,1,7,0
2010,Bhandara,Bhandara,Marginal (Below 1 ha),26450,12640,12521,29,90,11836,685,5,19,5
2010,Bhandara,Lakhandur,Marginal (Below 1 ha),19050,9935,9898,3,34,9584,314,0,3,0
2010,Bhandara,Lakhani,Marginal (Below 1 ha),21132,10621,10571,4,47,10460,111,1,3,0
2010,Bhandara,Mohadi,Marginal (Below 1 ha),22466,11223,10983,59,181,10847,136,56,1,3
2010,Bhandara,Pavani,Marginal (Below 1 ha),23053,11203,11126,18,59,10852,275,3,12,3
2010,Bhandara,Sakoli,Marginal (Below 1 ha),10434,4560,4527,1,31,4424,103,0,1,0
2010,Bhandara,Tumsar,Marginal (Below 1 ha),26694,12912,12797,85,30,12110,687,15,58,11
2015,Bhandara,Bhandara,Marginal (Below 1 ha),27397,12270,11940,330,0,11025,916,330,0,0
2015,Bhandara,Lakhandur,Marginal (Below 1 ha),20416,10332,10306,26,0,9941,365,26,0,0
2015,Bhandara,Lakhani,Marginal (Below 1 ha),25760,12204,12148,57,0,11701,447,57,0,0
2015,Bhandara,Mohadi,Marginal (Below 1 ha),23304,11401,11401,0,0,11247,154,0,0,0
2015,Bhandara,Pauni,Marginal (Below 1 ha),26071,12384,12332,52,0,11954,378,52,0,0
2015,Bhandara,Sakoli,Marginal (Below 1 ha),15742,6424,6363,61,0,6182,181,61,0,0
2015,Bhandara,Tumsar,Marginal (Below 1 ha),27904,11254,11193,60,0,11133,60,60,0,0
2000,Bhandara,Buldhana,Small (1 to 2 ha),11005,16376,16288,45,44,15655,633,7,20,18
2000,Bhandara,Chikhali,Small (1 to 2 ha),15434,22300,21702,362,236,20576,1127,38,145,179
2000,Bhandara,Devalgaonraja,Small (1 to 2 ha),7543,10504,10008,373,123,9762,246,9,64,300
2000,Bhandara,Jalgoan,Small (1 to 2 ha),7914,11363,11314,17,32,10932,382,2,6,9
2000,Bhandara,Khamgoan,Small (1 to 2 ha),14005,19965,19136,665,163,18250,886,42,85,538
2000,Bhandara,Lonar,Small (1 to 2 ha),9063,12989,12895,23,72,12151,743,0,2,20
2000,Bhandara,Malkapur,Small (1 to 2 ha),7785,12589,12228,229,132,11738,490,11,73,146
2000,Bhandara,Mehkar,Small (1 to 2 ha),13034,18353,18098,197,58,17222,876,31,152,14
2000,Bhandara,Motala,Small (1 to 2 ha),11005,15579,15439,90,50,14915,524,8,41,42
2000,Bhandara,Nandura,Small (1 to 2 ha),9555,13423,13334,48,41,12947,387,5,28,15
2000,Bhandara,Sangrampur,Small (1 to 2 ha),8213,11979,11946,12,21,11634,311,10,3,0
2000,Bhandara,Shegoan,Small (1 to 2 ha),8429,11994,11963,10,20,11592,372,0,6,4
2000,Bhandara,Shindkhedraja,Small (1 to 2 ha),11869,16852,16117,664,71,15264,854,58,44,561
2010,Bhandara,Bhandara,Small (1 to 2 ha),7683,10419,10219,47,153,9791,428,7,20,20
2010,Bhandara,Lakhandur,Small (1 to 2 ha),6304,9006,8873,7,126,8165,708,0,6,0
2010,Bhandara,Lakhani,Small (1 to 2 ha),5919,7985,7901,35,48,7770,131,1,14,21
2010,Bhandara,Mohadi,Small (1 to 2 ha),9597,13261,12862,69,331,12718,143,65,1,3
2010,Bhandara,Pavani,Small (1 to 2 ha),8707,11828,11649,24,155,11458,190,0,20,3
2010,Bhandara,Sakoli,Small (1 to 2 ha),2666,3620,3569,14,37,3499,70,4,4,6
2010,Bhandara,Tumsar,Small (1 to 2 ha),8035,10797,10640,138,19,10123,517,29,88,20
2015,Bhandara,Bhandara,Small (1 to 2 ha),8031,10952,10584,368,0,10041,543,368,0,0
2015,Bhandara,Lakhandur,Small (1 to 2 ha),5956,9004,8868,136,0,8561,307,136,0,0
2015,Bhandara,Lakhani,Small (1 to 2 ha),7182,9396,9303,93,0,8899,404,93,0,0
2015,Bhandara,Mohadi,Small (1 to 2 ha),9576,13371,13354,18,0,13258,96,18,0,0
2015,Bhandara,Pauni,Small (1 to 2 ha),8956,12547,12373,175,0,11977,395,175,0,0
2015,Bhandara,Sakoli,Small (1 to 2 ha),4079,6124,5990,134,0,5796,195,134,0,0
2015,Bhandara,Tumsar,Small (1 to 2 ha),8338,10643,10590,53,0,10558,32,53,0,0
2000,Bhandara,Bhandara,Semimedium (2 to 4 ha),3193,8527,8343,158,25,7939,404,40,69,50
2000,Bhandara,Lakhandur,Semimedium (2 to 4 ha),2483,6676,6640,35,0,6447,194,2,24,9
2000,Bhandara,Lakhani,Semimedium (2 to 4 ha),2085,5524,5520,4,1,5469,50,0,3,1
2000,Bhandara,Mohadi,Semimedium (2 to 4 ha),3398,9302,9083,176,43,8559,524,22,65,89
2000,Bhandara,Pawni,Semimedium (2 to 4 ha),3565,9566,9453,104,8,9249,204,31,50,23
2000,Bhandara,Sakoli,Semimedium (2 to 4 ha),992,2643,2633,5,4,2552,82,0,2,3
2000,Bhandara,Tumsar,Semimedium (2 to 4 ha),3126,8403,8317,65,21,7865,452,23,39,3
2010,Bhandara,Bhandara,Semimedium (2 to 4 ha),2903,7710,7487,82,141,7155,332,35,7,40
2010,Bhandara,Lakhandur,Semimedium (2 to 4 ha),2206,5834,5657,17,160,5372,285,6,8,3
2010,Bhandara,Lakhani,Semimedium (2 to 4 ha),1566,4147,4063,22,62,3977,86,3,16,3
2010,Bhandara,Mohadi,Semimedium (2 to 4 ha),3132,8289,7993,62,234,7784,209,46,14,1
2010,Bhandara,Pavani,Semimedium (2 to 4 ha),2964,7736,7566,39,131,7421,145,6,29,4
2010,Bhandara,Sakoli,Semimedium (2 to 4 ha),811,2143,2108,12,23,2072,36,0,10,2
2010,Bhandara,Tumsar,Semimedium (2 to 4 ha),2953,7560,7375,157,28,6979,396,42,100,15
2015,Bhandara,Bhandara,Semimedium (2 to 4 ha),2491,6542,6238,305,0,5992,246,305,0,0
2015,Bhandara,Lakhandur,Semimedium (2 to 4 ha),1618,4164,4132,33,0,4055,77,33,0,0
2015,Bhandara,Lakhani,Semimedium (2 to 4 ha),2001,5238,5115,123,0,4890,225,123,0,0
2015,Bhandara,Mohadi,Semimedium (2 to 4 ha),2860,7501,7454,47,0,7407,47,47,0,0
2015,Bhandara,Pauni,Semimedium (2 to 4 ha),2873,7714,7590,124,0,7352,238,124,0,0
2015,Bhandara,Sakoli,Semimedium (2 to 4 ha),1136,3139,2982,157,0,2828,154,157,0,0
2015,Bhandara,Tumsar,Semimedium (2 to 4 ha),3201,8576,8509,67,0,8449,60,67,0,0
2000,Bhandara,Bhandara,Medium (4 to 10 ha),1048,5784,5609,162,13,5364,245,40,83,39
2000,Bhandara,Lakhandur,Medium (4 to 10 ha),611,3402,3362,40,0,3251,111,14,23,4
2000,Bhandara,Lakhani,Medium (4 to 10 ha),403,2125,2095,28,2,2084,11,0,20,8
2000,Bhandara,Mohadi,Medium (4 to 10 ha),853,4478,4301,164,13,3970,332,4,103,57
2000,Bhandara,Pawni,Medium (4 to 10 ha),812,4438,4334,61,44,4165,168,5,51,5
2000,Bhandara,Sakoli,Medium (4 to 10 ha),309,1445,1437,5,3,1389,48,0,3,2
2000,Bhandara,Tumsar,Medium (4 to 10 ha),897,4851,4759,84,7,4448,312,0,84,0
2010,Bhandara,Bhandara,Medium (4 to 10 ha),774,4188,3991,52,145,3746,244,7,8,37
2010,Bhandara,Lakhandur,Medium (4 to 10 ha),546,2944,2734,3,207,2641,93,0,2,0
2010,Bhandara,Lakhani,Medium (4 to 10 ha),295,1596,1561,21,14,1512,49,1,15,5
2010,Bhandara,Mohadi,Medium (4 to 10 ha),626,3378,3300,17,61,3140,159,14,2,1
2010,Bhandara,Pavani,Medium (4 to 10 ha),569,3104,2968,16,120,2906,62,7,1,7
2010,Bhandara,Sakoli,Medium (4 to 10 ha),169,888,885,1,2,859,26,0,1,0
2010,Bhandara,Tumsar,Medium (4 to 10 ha),714,3922,3746,108,67,3563,183,37,47,24
2015,Bhandara,Bhandara,Medium (4 to 10 ha),520,2759,2566,193,0,2438,129,193,0,0
2015,Bhandara,Lakhandur,Medium (4 to 10 ha),395,2150,2108,41,0,2091,18,41,0,0
2015,Bhandara,Lakhani,Medium (4 to 10 ha),468,2537,2461,76,0,2302,159,76,0,0
2015,Bhandara,Mohadi,Medium (4 to 10 ha),537,2880,2851,29,0,2829,22,29,0,0
2015,Bhandara,Pauni,Medium (4 to 10 ha),549,2996,2893,103,0,2796,97,103,0,0
2015,Bhandara,Sakoli,Medium (4 to 10 ha),219,1155,1120,35,0,1102,18,35,0,0
2015,Bhandara,Tumsar,Medium (4 to 10 ha),841,4544,4499,45,0,4491,7,45,0,0
2000,Bhandara,Bhandara,Large (>10 ha),66,850,797,52,1,738,59,41,0,11
2000,Bhandara,Lakhandur,Large (>10 ha),46,633,633,0,0,619,14,0,0,0
2000,Bhandara,Lakhani,Large (>10 ha),15,196,196,0,0,182,13,0,0,0
2000,Bhandara,Mohadi,Large (>10 ha),53,694,681,12,2,518,163,4,0,8
2000,Bhandara,Pawni,Large (>10 ha),62,926,884,42,0,855,29,8,26,8
2000,Bhandara,Sakoli,Large (>10 ha),4,58,58,0,0,58,0,0,0,0
2000,Bhandara,Tumsar,Large (>10 ha),49,632,628,5,0,597,31,0,5,0
2010,Bhandara,Bhandara,Large (>10 ha),31,407,374,33,0,371,3,0,33,0
2010,Bhandara,Lakhandur,Large (>10 ha),44,665,593,73,0,591,2,0,73,0
2010,Bhandara,Lakhani,Large (>10 ha),23,316,316,0,0,316,0,0,0,0
2010,Bhandara,Mohadi,Large (>10 ha),42,627,616,10,1,466,150,10,0,0
2010,Bhandara,Pavani,Large (>10 ha),43,683,681,0,1,600,81,0,0,0
2010,Bhandara,Sakoli,Large (>10 ha),37,1070,1070,0,0,1070,0,0,0,0
2010,Bhandara,Tumsar,Large (>10 ha),34,438,412,26,1,357,55,0,26,0
2015,Bhandara,Bhandara,Large (>10 ha),52,1809,1653,156,0,1182,471,156,0,0
2015,Bhandara,Lakhandur,Large (>10 ha),24,360,360,0,0,349,12,0,0,0
2015,Bhandara,Lakhani,Large (>10 ha),44,989,987,2,0,870,117,2,0,0
2015,Bhandara,Mohadi,Large (>10 ha),51,924,924,0,0,893,31,0,0,0
2015,Bhandara,Pauni,Large (>10 ha),50,1018,987,31,0,926,61,31,0,0
2015,Bhandara,Sakoli,Large (>10 ha),68,1803,1803,0,0,1542,261,0,0,0
2015,Bhandara,Tumsar,Large (>10 ha),84,2041,2013,29,0,1979,33,29,0,0
2000,Buldhana,Buldhana,Marginal (Below 1 ha),15684,7981,7867,95,19,7511,456,10,41,44
2000,Buldhana,Chikhali,Marginal (Below 1 ha),16869,8417,8401,10,6,8081,118,4,11,4
2000,Buldhana,Deolgaon Raja,Marginal (Below 1 ha),16411,8141,8111,8,0,7998,114,0,5,4
2000,Buldhana,Jalgoan(Jamod),Marginal (Below 1 ha),17115,8766,8664,80,14,8414,448,19,48,14
2000,Buldhana,Khamgaon,Marginal (Below 1 ha),17816,8969,8891,75,4,8766,116,18,18,48
2000,Buldhana,Lonar,Marginal (Below 1 ha),11191,4686,4670,14,1,4647,44,1,4,9
2000,Buldhana,Malkapur,Marginal (Below 1 ha),11717,9910,9911,8,1,9568,444,1,7,0
2000,Buldhana,Mehkar,Marginal (Below 1 ha),7444,5579,5547,7,44,5506,44,4,0,6
2000,Buldhana,Motala,Marginal (Below 1 ha),40405,7445,7496,45,4,7464,444,0,44,4
2000,Buldhana,Nandura,Marginal (Below 1 ha),6574,4746,4644,77,47,4544,97,47,4,55
2000,Buldhana,Sangarampur,Marginal (Below 1 ha),7409,6446,6449,9,47,6044,495,4,4,5
2000,Buldhana,Shegaon,Marginal (Below 1 ha),4747,4474,4444,40,4,4454,79,0,40,49
2000,Buldhana,Shindhkhedraja,Marginal (Below 1 ha),40649,7777,7779,4,6,7767,444,0,4,0
2010,Buldhana,Buldhana,Marginal (Below 1 ha),16450,11640,11511,19,90,11846,685,5,19,5
2010,Buldhana,Chikhali,Marginal (Below 1 ha),19050,9945,9898,4,44,9584,414,0,4,0
2010,Buldhana,Deolgaon Raja,Marginal (Below 1 ha),11141,10611,10571,4,47,10460,111,1,4,0
2010,Buldhana,Jalgoan(Jamod),Marginal (Below 1 ha),11466,11114,10984,59,181,10847,146,56,1,4
2010,Buldhana,Khamgaon,Marginal (Below 1 ha),14054,11104,11116,18,59,10851,175,4,11,4
2010,Buldhana,Lonar,Marginal (Below 1 ha),10444,4560,4517,1,41,4414,104,0,1,0
2010,Buldhana,Malkapur,Marginal (Below 1 ha),16694,11911,11797,85,40,11110,687,15,58,11
2010,Buldhana,Mehkar,Marginal (Below 1 ha),4405,754,749,4,0,674,75,0,4,4
2010,Buldhana,Motala,Marginal (Below 1 ha),45477,40446,40464,47,44,9996,467,44,7,0
2010,Buldhana,Nandura,Marginal (Below 1 ha),40400,7044,6970,47,4,6774,97,44,0,6
2010,Buldhana,Sangarampur,Marginal (Below 1 ha),44974,7660,7659,0,4,7564,96,0,0,0
2010,Buldhana,Shegaon,Marginal (Below 1 ha),44466,7964,7959,0,4,7754,406,0,0,0
2010,Buldhana,Shindhkhedraja,Marginal (Below 1 ha),45409,40447,40444,0,44,9974,444,0,0,4
2015,Buldhana,Buldhana,Marginal (Below 1 ha),17497,11170,11940,440,0,11015,916,440,0,0
2015,Buldhana,Chikhali,Marginal (Below 1 ha),10416,10441,10406,16,0,9941,465,16,0,0
2015,Buldhana,Deolgaon Raja,Marginal (Below 1 ha),15760,11104,11148,57,0,11701,447,57,0,0
2015,Buldhana,Jalgoan(Jamod),Marginal (Below 1 ha),14404,11401,11401,0,0,11147,154,0,0,0
2015,Buldhana,Khamgaon,Marginal (Below 1 ha),16071,11484,11441,51,0,11954,478,51,0,0
2015,Buldhana,Lonar,Marginal (Below 1 ha),15741,6414,6464,61,0,6181,181,61,0,0
2015,Buldhana,Malkapur,Marginal (Below 1 ha),17904,11154,11194,60,0,11144,60,60,0,0
2015,Buldhana,Mehkar,Marginal (Below 1 ha),4554,4474,4474,4,9,4495,77,0,4,0
2015,Buldhana,Motala,Marginal (Below 1 ha),4446,4444,4409,0,4,4404,7,0,0,0
2015,Buldhana,Nandura,Marginal (Below 1 ha),46447,44074,40767,404,0,40550,447,404,0,9
2015,Buldhana,Sangarampur,Marginal (Below 1 ha),44577,6044,5755,476,0,5407,647,476,0,0
2015,Buldhana,Shegaon,Marginal (Below 1 ha),44907,7774,7677,474,0,7449,459,474,0,0
2015,Buldhana,Shindhkhedraja,Marginal (Below 1 ha),44447,40047,9794,454,0,9094,797,454,0,10
2000,Buldhana,Buldhana,Small (1 to 2 ha),11005,16476,16188,45,44,15655,644,7,10,18
2000,Buldhana,Chikhali,Small (1 to 2 ha),15444,11400,11701,461,146,10576,1117,48,145,179
2000,Buldhana,Deolgaon Raja,Small (1 to 2 ha),7544,10504,10008,474,114,9761,146,9,64,400
2000,Buldhana,Jalgoan(Jamod),Small (1 to 2 ha),7914,11464,11414,17,41,10941,481,1,6,9
2000,Buldhana,Khamgaon,Small (1 to 2 ha),14005,19965,19146,665,164,18150,886,41,85,548
2000,Buldhana,Lonar,Small (1 to 2 ha),9064,11989,11895,14,71,11151,744,0,1,10
2000,Buldhana,Malkapur,Small (1 to 2 ha),7785,11589,11118,119,141,11748,490,11,74,146
2000,Buldhana,Mehkar,Small (1 to 2 ha),14044,18454,18098,197,58,17111,876,41,151,14
2000,Buldhana,Motala,Small (1 to 2 ha),11005,15579,15449,90,50,14915,514,8,41,41
2000,Buldhana,Nandura,Small (1 to 2 ha),9555,14414,14444,48,41,11947,487,5,18,15
2000,Buldhana,Sangarampur,Small (1 to 2 ha),8114,11979,11946,11,11,11644,411,10,4,0
2000,Buldhana,Shegaon,Small (1 to 2 ha),8419,11994,11964,10,10,11591,471,0,6,4
2000,Buldhana,Shindhkhedraja,Small (1 to 2 ha),11869,16851,16117,664,71,15164,854,58,44,561
2010,Buldhana,Buldhana,Small (1 to 2 ha),7684,10419,10119,47,154,9791,418,7,10,10
2010,Buldhana,Chikhali,Small (1 to 2 ha),6404,9006,8874,7,116,8165,708,0,6,0
2010,Buldhana,Deolgaon Raja,Small (1 to 2 ha),5919,7985,7901,45,48,7770,141,1,14,11
2010,Buldhana,Jalgoan(Jamod),Small (1 to 2 ha),9597,14161,11861,69,441,11718,144,65,1,4
2010,Buldhana,Khamgaon,Small (1 to 2 ha),8707,11818,11649,14,155,11458,190,0,10,4
2010,Buldhana,Lonar,Small (1 to 2 ha),1666,4610,4569,14,47,4499,70,4,4,6
2010,Buldhana,Malkapur,Small (1 to 2 ha),8045,10797,10640,148,19,10114,517,19,88,10
2010,Buldhana,Mehkar,Small (1 to 2 ha),5749,4044,4779,446,0,4644,447,446,0,0
2010,Buldhana,Motala,Small (1 to 2 ha),45474,9974,9670,444,0,9447,444,444,0,0
2010,Buldhana,Nandura,Small (1 to 2 ha),4467,4954,4790,64,0,4744,57,64,0,0
2010,Buldhana,Sangarampur,Small (1 to 2 ha),7644,44444,44457,47,449,44409,47,4,4,40
2010,Buldhana,Shegaon,Small (1 to 2 ha),44494,47777,47747,44,40,47455,464,44,47,4
2010,Buldhana,Shindhkhedraja,Small (1 to 2 ha),40644,45449,44740,464,447,44544,497,65,45,454
2015,Buldhana,Buldhana,Small (1 to 2 ha),8041,10951,10584,468,0,10041,544,468,0,0
2015,Buldhana,Chikhali,Small (1 to 2 ha),5956,9004,8868,146,0,8561,407,146,0,0
2015,Buldhana,Deolgaon Raja,Small (1 to 2 ha),7181,9496,9404,94,0,8899,404,94,0,0
2015,Buldhana,Jalgoan(Jamod),Small (1 to 2 ha),9576,14471,14454,18,0,14158,96,18,0,0
2015,Buldhana,Khamgaon,Small (1 to 2 ha),8956,11547,11474,175,0,11977,495,175,0,0
2015,Buldhana,Lonar,Small (1 to 2 ha),4079,6114,5990,144,0,5796,195,144,0,0
2015,Buldhana,Malkapur,Small (1 to 2 ha),8448,10644,10590,54,0,10558,41,54,0,0
2015,Buldhana,Mehkar,Small (1 to 2 ha),44444,44777,4,45,5,477,44465,7,40,44
2015,Buldhana,Motala,Small (1 to 2 ha),44676,44474,47,47,0,447,44544,67,44,447
2015,Buldhana,Nandura,Small (1 to 2 ha),47454,47976,4,49,0,447,47444,7,0,44
2015,Buldhana,Sangarampur,Small (1 to 2 ha),4444,4957,0,4,4,459,4447,7,7,46
2015,Buldhana,Shegaon,Small (1 to 2 ha),44544,40546,47,440,6,764,44497,45,4,94
2015,Buldhana,Shindhkhedraja,Small (1 to 2 ha),47565,47446,444,5,5,440,47446,4,44,444
2000,Buldhana,Buldhana,Semimedium (2 to 4 ha),1484,6676,6640,45,0,6447,194,1,14,9
2000,Buldhana,Chikhali,Semimedium (2 to 4 ha),1085,5514,5510,4,1,5469,50,0,4,1
2000,Buldhana,Deolgaon Raja,Semimedium (2 to 4 ha),4498,9401,9084,176,44,8559,514,11,65,89
2000,Buldhana,Jalgoan(Jamod),Semimedium (2 to 4 ha),4565,9566,9454,104,8,9149,104,41,50,14
2000,Buldhana,Khamgaon,Semimedium (2 to 4 ha),991,1644,1644,5,4,1551,81,0,1,4
2000,Buldhana,Lonar,Semimedium (2 to 4 ha),4116,8404,8417,65,11,7865,451,14,49,4
2000,Buldhana,Malkapur,Semimedium (2 to 4 ha),49744,49494,0,47,5,495,49777,4,4,7
2000,Buldhana,Mehkar,Semimedium (2 to 4 ha),44594,44476,0,47,11,477,44554,4,0,4
2000,Buldhana,Motala,Semimedium (2 to 4 ha),4944,4477,0,497,56,46,4444,0,0,0
2000,Buldhana,Nandura,Semimedium (2 to 4 ha),44044,44047,569,0,5,446,44475,0,44,569
2000,Buldhana,Sangarampur,Semimedium (2 to 4 ha),45564,44740,549,0,0,4445,45044,0,0,549
2000,Buldhana,Shegaon,Semimedium (2 to 4 ha),46490,45456,477,0,0,756,46044,0,0,477
2000,Buldhana,Shindhkhedraja,Semimedium (2 to 4 ha),47707,46477,494,0,141,4049,47447,0,10,494
2010,Buldhana,Buldhana,Semimedium (2 to 4 ha),1106,5844,5657,17,160,5471,185,6,8,4
2010,Buldhana,Chikhali,Semimedium (2 to 4 ha),1566,4147,4064,11,61,4977,86,4,16,4
2010,Buldhana,Deolgaon Raja,Semimedium (2 to 4 ha),4141,8189,7994,61,144,7784,109,46,14,1
2010,Buldhana,Jalgoan(Jamod),Semimedium (2 to 4 ha),1964,7746,7566,49,141,7411,145,6,19,4
2010,Buldhana,Khamgaon,Semimedium (2 to 4 ha),811,1144,1108,11,14,1071,46,0,10,1
2010,Buldhana,Lonar,Semimedium (2 to 4 ha),1954,7560,7475,157,18,6979,496,41,100,15
2010,Buldhana,Malkapur,Semimedium (2 to 4 ha),45774,44576,699,0,0,507,45074,0,0,699
2010,Buldhana,Mehkar,Semimedium (2 to 4 ha),40474,49665,649,0,0,400,49765,0,0,649
2010,Buldhana,Motala,Semimedium (2 to 4 ha),6044,5646,405,0,0,444,5749,0,0,405
2010,Buldhana,Nandura,Semimedium (2 to 4 ha),44744,44549,6,97,0,45,44594,4,44,44
2010,Buldhana,Sangarampur,Semimedium (2 to 4 ha),44997,44740,47,45,0,404,44944,44,9,57
2010,Buldhana,Shegaon,Semimedium (2 to 4 ha),45767,44747,95,474,0,450,45476,455,467,447
2010,Buldhana,Shindhkhedraja,Semimedium (2 to 4 ha),1491,6541,6148,405,0,5991,146,405,0,0
2015,Buldhana,Buldhana,Semimedium (2 to 4 ha),1618,4164,4141,44,0,4055,77,44,0,0
2015,Buldhana,Chikhali,Semimedium (2 to 4 ha),1001,5148,5115,114,0,4890,115,114,0,0
2015,Buldhana,Deolgaon Raja,Semimedium (2 to 4 ha),1860,7501,7454,47,0,7407,47,47,0,0
2015,Buldhana,Jalgoan(Jamod),Semimedium (2 to 4 ha),1874,7714,7590,114,0,7451,148,114,0,0
2015,Buldhana,Khamgaon,Semimedium (2 to 4 ha),1146,4149,1981,157,0,1818,154,157,0,0
2015,Buldhana,Lonar,Semimedium (2 to 4 ha),4101,8576,8509,67,0,8449,60,67,0,0
2015,Buldhana,Malkapur,Semimedium (2 to 4 ha),44494,44749,4,74,0,467,44476,44,7,44
2015,Buldhana,Mehkar,Semimedium (2 to 4 ha),44759,44447,46,65,0,474,44644,94,55,474
2015,Buldhana,Motala,Semimedium (2 to 4 ha),46474,45774,6,49,0,450,46444,6,0,44
2015,Buldhana,Nandura,Semimedium (2 to 4 ha),7747,7444,4,40,0,544,7776,47,44,44
2015,Buldhana,Sangarampur,Semimedium (2 to 4 ha),44799,44947,67,466,0,574,44494,74,4,444
2015,Buldhana,Shegaon,Semimedium (2 to 4 ha),46444,45760,65,4,0,404,46064,0,44,77
2015,Buldhana,Shindhkhedraja,Semimedium (2 to 4 ha),44449,44074,0,47,0,440,44404,1,0,0
2000,Buldhana,Buldhana,Medium (4 to 10 ha),1048,5784,5609,161,14,5464,145,40,84,49
2000,Buldhana,Chikhali,Medium (4 to 10 ha),611,4401,4461,40,0,4151,111,14,14,4
2000,Buldhana,Deolgaon Raja,Medium (4 to 10 ha),404,1115,1095,18,1,1084,11,0,10,8
2000,Buldhana,Jalgoan(Jamod),Medium (4 to 10 ha),854,4478,4401,164,14,4970,441,4,104,57
2000,Buldhana,Khamgaon,Medium (4 to 10 ha),811,4448,4444,61,44,4165,168,5,51,5
2000,Buldhana,Lonar,Medium (4 to 10 ha),409,1445,1447,5,4,1489,48,0,4,1
2000,Buldhana,Malkapur,Medium (4 to 10 ha),897,4851,4759,84,7,4448,411,0,84,0
2000,Buldhana,Mehkar,Medium (4 to 10 ha),44404,44964,0,406,8,44,44997,0,0,0
2000,Buldhana,Motala,Medium (4 to 10 ha),45477,45446,9,54,5,404,45447,0,1,47
2000,Buldhana,Nandura,Medium (4 to 10 ha),44474,44767,0,447,5,476,44044,4,4,4
2000,Buldhana,Sangarampur,Medium (4 to 10 ha),9054,7476,0,544,6,44,7540,0,0,0
2000,Buldhana,Shegaon,Medium (4 to 10 ha),45007,44790,709,0,4,440,44400,0,0,709
2000,Buldhana,Shindhkhedraja,Medium (4 to 10 ha),47665,45649,4447,0,4,4799,47547,0,41,4447
2010,Buldhana,Buldhana,Medium (4 to 10 ha),774,4188,4991,51,145,4746,144,7,8,47
2010,Buldhana,Chikhali,Medium (4 to 10 ha),546,1944,1744,4,107,1641,94,0,1,0
2010,Buldhana,Deolgaon Raja,Medium (4 to 10 ha),195,1596,1561,11,14,1511,49,1,15,5
2010,Buldhana,Jalgoan(Jamod),Medium (4 to 10 ha),616,4478,4400,17,61,4140,159,14,1,1
2010,Buldhana,Khamgaon,Medium (4 to 10 ha),569,4104,1968,16,110,1906,61,7,1,7
2010,Buldhana,Lonar,Medium (4 to 10 ha),169,888,885,1,1,859,16,0,1,0
2010,Buldhana,Malkapur,Medium (4 to 10 ha),714,4911,4746,108,67,4564,184,47,47,14
2010,Buldhana,Mehkar,Medium (4 to 10 ha),515,644,0,0,6,44776,667,0,667,0
2010,Buldhana,Motala,Medium (4 to 10 ha),111,644,6,5,5,44744,905,48,905,0
2010,Buldhana,Nandura,Medium (4 to 10 ha),655,494,0,6,1,44407,4444,5,4444,0
2010,Buldhana,Sangarampur,Medium (4 to 10 ha),615,445,0,1,4,45764,4475,0,4475,0
2010,Buldhana,Shegaon,Medium (4 to 10 ha),411,469,0,54,5,9449,677,0,677,0
2010,Buldhana,Shindhkhedraja,Medium (4 to 10 ha),485,56,45,5,8,44479,4,6,44,409
2015,Buldhana,Buldhana,Medium (4 to 10 ha),510,1759,1566,194,0,1448,119,194,0,0
2015,Buldhana,Chikhali,Medium (4 to 10 ha),495,1150,1108,41,0,1091,18,41,0,0
2015,Buldhana,Deolgaon Raja,Medium (4 to 10 ha),468,1547,1461,76,0,1401,159,76,0,0
2015,Buldhana,Jalgoan(Jamod),Medium (4 to 10 ha),547,1880,1851,19,0,1819,11,19,0,0
2015,Buldhana,Khamgaon,Medium (4 to 10 ha),549,1996,1894,104,0,1796,97,104,0,0
2015,Buldhana,Lonar,Medium (4 to 10 ha),119,1155,1110,45,0,1101,18,45,0,0
2015,Buldhana,Malkapur,Medium (4 to 10 ha),841,4544,4499,45,0,4491,7,45,0,0
2015,Buldhana,Mehkar,Medium (4 to 10 ha),115,586,118,116,88,47,108,194,51,149
2015,Buldhana,Motala,Medium (4 to 10 ha),141,595,147,104,95,18,56,189,67,175
2015,Buldhana,Nandura,Medium (4 to 10 ha),485,1008,101,110,184,144,471,175,151,455
2015,Buldhana,Sangarampur,Medium (4 to 10 ha),579,1497,440,194,144,111,111,671,111,191
2015,Buldhana,Shegaon,Medium (4 to 10 ha),144,467,46,149,97,45,94,104,61,155
2015,Buldhana,Shindhkhedraja,Medium (4 to 10 ha),455,1181,149,116,405,194,479,445,111,191
2000,Buldhana,Buldhana,Large (>10 ha),66,850,797,51,1,748,59,41,0,11
2000,Buldhana,Chikhali,Large (>10 ha),46,644,644,0,0,619,14,0,0,0
2000,Buldhana,Deolgaon Raja,Large (>10 ha),15,196,196,0,0,181,14,0,0,0
2000,Buldhana,Jalgoan(Jamod),Large (>10 ha),54,694,681,11,1,518,164,4,0,8
2000,Buldhana,Khamgaon,Large (>10 ha),61,916,884,41,0,855,19,8,16,8
2000,Buldhana,Lonar,Large (>10 ha),4,58,58,0,0,58,0,0,0,0
2000,Buldhana,Malkapur,Large (>10 ha),49,641,618,5,0,597,41,0,5,0
2000,Buldhana,Mehkar,Large (>10 ha),107,565,69,107,48,15,90,440,14,118
2000,Buldhana,Motala,Large (>10 ha),156,909,148,61,18,0,0,714,18,149
2000,Buldhana,Nandura,Large (>10 ha),110,671,18,175,101,40,164,101,71,485
2000,Buldhana,Sangarampur,Large (>10 ha),14,109,0,71,14,0,0,0,14,96
2000,Buldhana,Shegaon,Large (>10 ha),17,95,0,0,17,17,95,0,0,0
2000,Buldhana,Shindhkhedraja,Large (>10 ha),514,1989,476,141,48,0,0,1671,48,111
2010,Buldhana,Buldhana,Large (>10 ha),41,407,474,44,0,471,4,0,44,0
2010,Buldhana,Chikhali,Large (>10 ha),44,665,594,74,0,591,1,0,74,0
2010,Buldhana,Deolgaon Raja,Large (>10 ha),14,416,416,0,0,416,0,0,0,0
2010,Buldhana,Jalgoan(Jamod),Large (>10 ha),41,617,616,10,1,466,150,10,0,0
2010,Buldhana,Khamgaon,Large (>10 ha),44,684,681,0,1,600,81,0,0,0
2010,Buldhana,Lonar,Large (>10 ha),47,1070,1070,0,0,1070,0,0,0,0
2010,Buldhana,Malkapur,Large (>10 ha),44,448,411,16,1,457,55,0,16,0
2010,Buldhana,Mehkar,Large (>10 ha),66,464,44,66,44,7,59,101,16,118
2010,Buldhana,Motala,Large (>10 ha),48,169,7,7,41,44,171,59,7,46
2010,Buldhana,Nandura,Large (>10 ha),74,485,18,66,46,14,106,161,11,109
2010,Buldhana,Sangarampur,Large (>10 ha),167,951,140,86,17,0,0,718,17,111
2010,Buldhana,Shegaon,Large (>10 ha),104,566,41,111,61,14,111,117,49,114
2010,Buldhana,Shindhkhedraja,Large (>10 ha),9,46,9,0,0,0,0,46,0,0
2015,Buldhana,Buldhana,Large (>10 ha),51,1809,1654,156,0,1181,471,156,0,0
2015,Buldhana,Chikhali,Large (>10 ha),14,460,460,0,0,449,11,0,0,0
2015,Buldhana,Deolgaon Raja,Large (>10 ha),44,989,987,1,0,870,117,1,0,0
2015,Buldhana,Jalgoan(Jamod),Large (>10 ha),51,914,914,0,0,894,41,0,0,0
2015,Buldhana,Khamgaon,Large (>10 ha),50,1018,987,41,0,916,61,41,0,0
2015,Buldhana,Lonar,Large (>10 ha),68,1804,1804,0,0,1541,161,0,0,0
2015,Buldhana,Malkapur,Large (>10 ha),84,1041,1014,19,0,1979,44,19,0,0
2015,Buldhana,Mehkar,Large (>10 ha),617,4441,471,448,145,41,104,1651,104,1044
2015,Buldhana,Motala,Large (>10 ha),44,140,19,47,14,0,0,117,14,71
2015,Buldhana,Nandura,Large (>10 ha),44,184,19,15,15,4,11,78,11,50
2015,Buldhana,Sangarampur,Large (>10 ha),79,408,5,166,74,5,44,19,69,441
2015,Buldhana,Shegaon,Large (>10 ha),91,478,64,51,18,11,56,149,16,66
2015,Buldhana,Shindhkhedraja,Large (>10 ha),14,64,11,6,1,0,0,16,1,11
2000,Chandrapur,Ballarpur,Marginal (Below 1 ha),1459,855,853,1,1,847,6,0,0,1
2000,Chandrapur,Bhadrawati,Marginal (Below 1 ha),3860,2306,2287,17,2,2242,44,6,11,0
2000,Chandrapur,Brahmapuri,Marginal (Below 1 ha),11061,6375,6314,57,5,6129,185,0,35,22
2000,Chandrapur,Chandrapur,Marginal (Below 1 ha),2198,1451,1412,32,6,1367,45,0,20,13
2000,Chandrapur,Chimur,Marginal (Below 1 ha),7892,4722,4656,53,12,4367,289,19,30,5
2000,Chandrapur,Gondpimpri,Marginal (Below 1 ha),4305,1937,1903,11,23,1866,36,0,7,4
2000,Chandrapur,Korpana,Marginal (Below 1 ha),791,562,559,1,3,551,8,0,0,0
2000,Chandrapur,Mool,Marginal (Below 1 ha),7107,3761,3742,3,15,3687,56,0,0,3
2000,Chandrapur,Nagbhid,Marginal (Below 1 ha),10396,6046,5977,66,4,5910,67,0,44,21
2000,Chandrapur,Pamurna,Marginal (Below 1 ha),3475,1869,1861,6,1,1849,13,1,4,1
2000,Chandrapur,Rajura,Marginal (Below 1 ha),1869,1252,1240,1,10,1194,46,0,0,0
2000,Chandrapur,Sawali,Marginal (Below 1 ha),9622,5304,5278,24,2,5173,106,0,11,13
2000,Chandrapur,Shindewahi,Marginal (Below 1 ha),7461,4104,4082,18,4,3995,87,3,14,1
2000,Chandrapur,Varora,Marginal (Below 1 ha),2933,1957,1947,9,1,1817,130,0,4,5
2010,Chandrapur,Ballarpur,Marginal (Below 1 ha),2507,1384,1384,0,0,1384,0,0,0,0
2010,Chandrapur,Bhadravati,Marginal (Below 1 ha),5743,3505,3496,9,0,3343,154,1,6,2
2010,Chandrapur,Bramhapuri,Marginal (Below 1 ha),14547,7999,7994,5,0,7762,232,0,3,2
2010,Chandrapur,Chandrapur,Marginal (Below 1 ha),3964,2365,2347,0,18,2255,92,0,0,0
2010,Chandrapur,Chimur,Marginal (Below 1 ha),12785,7345,7310,0,34,7267,44,0,0,0
2010,Chandrapur,Gondpimpri,Marginal (Below 1 ha),5764,2527,2526,0,0,2392,134,0,0,0
2010,Chandrapur,Jivati,Marginal (Below 1 ha),750,339,339,0,1,339,0,0,0,0
2010,Chandrapur,Korpana,Marginal (Below 1 ha),1238,870,870,0,0,869,1,0,0,0
2010,Chandrapur,Mul,Marginal (Below 1 ha),10503,5718,5677,16,25,5054,623,0,0,16
2010,Chandrapur,Nagbhid,Marginal (Below 1 ha),16265,8758,8736,5,17,8676,60,0,5,0
2010,Chandrapur,Pamuna,Marginal (Below 1 ha),4546,2313,2303,1,9,2218,84,0,0,0
2010,Chandrapur,Rajura,Marginal (Below 1 ha),4260,2781,2781,0,0,2757,24,0,0,0
2010,Chandrapur,Sawali,Marginal (Below 1 ha),14454,7878,7859,16,2,7839,20,8,6,2
2010,Chandrapur,Shindewadi,Marginal (Below 1 ha),10692,5671,5643,6,22,5257,386,0,1,6
2010,Chandrapur,Varora,Marginal (Below 1 ha),5209,3299,3292,6,1,3208,85,1,2,3
2015,Chandrapur,Ballarpur,Marginal (Below 1 ha),2650,1413,1405,7,0,1399,7,7,0,0
2015,Chandrapur,Bhadravati,Marginal (Below 1 ha),7037,4138,4116,22,0,3931,185,22,0,0
2015,Chandrapur,Brahmapuri,Marginal (Below 1 ha),13601,6995,6975,20,0,6750,225,20,0,0
2015,Chandrapur,Chandrapur,Marginal (Below 1 ha),3889,2359,2341,18,0,2247,94,18,0,0
2015,Chandrapur,Chimur,Marginal (Below 1 ha),13717,7789,7770,19,0,7407,363,19,0,0
2015,Chandrapur,Gondpipri,Marginal (Below 1 ha),5776,2399,2274,126,0,2040,234,126,0,0
2015,Chandrapur,Korpana,Marginal (Below 1 ha),2257,1416,1404,12,0,1403,2,12,0,0
2015,Chandrapur,Mul,Marginal (Below 1 ha),12514,6272,6249,22,0,5786,464,22,0,0
2015,Chandrapur,Nagbhid,Marginal (Below 1 ha),16211,8933,8929,4,0,8838,91,4,0,0
2015,Chandrapur,Pombhurna,Marginal (Below 1 ha),4844,2623,2591,32,0,2514,76,32,0,0
2015,Chandrapur,Rajura,Marginal (Below 1 ha),6478,3883,3866,17,0,3832,34,17,0,0
2015,Chandrapur,Sawali,Marginal (Below 1 ha),16617,8421,8363,57,0,8000,363,57,0,0
2015,Chandrapur,Sindewahi,Marginal (Below 1 ha),14006,6809,6741,68,0,6279,462,68,0,0
2015,Chandrapur,Warora,Marginal (Below 1 ha),6463,3472,3400,72,0,3317,82,72,0,0
2000,Chandrapur,Ballarpur,Small (1 to 2 ha),1669,2369,2331,28,10,2291,39,0,13,15
2000,Chandrapur,Bhadrawati,Small (1 to 2 ha),6101,8734,8564,153,16,8253,312,44,94,15
2000,Chandrapur,Brahmapuri,Small (1 to 2 ha),7165,10084,9924,128,31,9518,406,6,58,64
2000,Chandrapur,Chandrapur,Small (1 to 2 ha),3924,5621,5493,113,15,5244,250,2,65,45
2000,Chandrapur,Chimur,Small (1 to 2 ha),8351,11889,11634,176,79,10500,1134,70,94,12
2000,Chandrapur,Gondpimpri,Small (1 to 2 ha),2719,4052,4014,21,17,3929,85,0,14,8
2000,Chandrapur,Korpana,Small (1 to 2 ha),4964,8179,8124,23,32,8038,86,0,21,2
2000,Chandrapur,Mool,Small (1 to 2 ha),4227,5899,5862,9,28,5717,145,0,4,5
2000,Chandrapur,Nagbhid,Small (1 to 2 ha),6636,9055,8910,139,6,8690,220,0,104,35
2000,Chandrapur,Pamurna,Small (1 to 2 ha),2326,3026,3014,12,0,2983,30,0,7,5
2000,Chandrapur,Rajura,Small (1 to 2 ha),5541,8417,8352,22,43,8126,227,0,15,7
2000,Chandrapur,Sawali,Small (1 to 2 ha),5530,7922,7806,113,4,7245,560,0,60,53
2000,Chandrapur,Shindewahi,Small (1 to 2 ha),4113,5761,5685,43,33,5504,181,7,29,7
2000,Chandrapur,Varora,Small (1 to 2 ha),7460,11053,10995,41,16,10098,898,4,16,21
2010,Chandrapur,Ballarpur,Small (1 to 2 ha),2136,3004,3004,0,0,3004,0,0,0,0
2010,Chandrapur,Bhadravati,Small (1 to 2 ha),8709,12426,12329,81,16,11765,564,1,49,32
2010,Chandrapur,Bramhapuri,Small (1 to 2 ha),8330,11535,11531,4,0,11297,234,0,0,4
2010,Chandrapur,Chandrapur,Small (1 to 2 ha),5167,7330,7279,0,51,7116,162,0,0,0
2010,Chandrapur,Chimur,Small (1 to 2 ha),12232,17650,17504,1,146,17417,87,0,1,0
2010,Chandrapur,Gondpimpri,Small (1 to 2 ha),3965,5782,5751,0,31,5584,167,0,0,0
2010,Chandrapur,Jivati,Small (1 to 2 ha),1786,2617,2593,0,25,2593,0,0,0,0
2010,Chandrapur,Korpana,Small (1 to 2 ha),5805,8598,8595,2,0,8583,13,0,0,2
2010,Chandrapur,Mul,Small (1 to 2 ha),6250,8859,8663,26,170,8110,553,0,8,18
2010,Chandrapur,Nagbhid,Small (1 to 2 ha),7795,10721,10715,0,5,10697,18,0,0,0
2010,Chandrapur,Pamuna,Small (1 to 2 ha),2938,4199,4157,0,42,3926,231,0,0,0
2010,Chandrapur,Rajura,Small (1 to 2 ha),9088,13021,13021,0,0,12838,184,0,0,0
2010,Chandrapur,Sawali,Small (1 to 2 ha),7840,10931,10858,66,7,10781,77,3,42,21
2010,Chandrapur,Shindewadi,Small (1 to 2 ha),4715,6523,6437,4,82,6113,324,0,0,4
2010,Chandrapur,Varora,Small (1 to 2 ha),10753,15765,15688,65,12,15432,256,34,13,17
2015,Chandrapur,Ballarpur,Small (1 to 2 ha),2181,3098,3067,31,0,3037,30,31,0,0
2015,Chandrapur,Bhadravati,Small (1 to 2 ha),9562,13030,12837,192,0,12167,670,192,0,0
2015,Chandrapur,Brahmapuri,Small (1 to 2 ha),7339,9899,9872,27,0,9589,284,27,0,0
2015,Chandrapur,Chandrapur,Small (1 to 2 ha),5322,7284,7203,81,0,7016,187,81,0,0
2015,Chandrapur,Chimur,Small (1 to 2 ha),13009,17077,16871,206,0,16152,719,206,0,0
2015,Chandrapur,Gondpipri,Small (1 to 2 ha),4510,5845,5721,125,0,5382,338,125,0,0
2015,Chandrapur,Korpana,Small (1 to 2 ha),7685,9646,9414,232,0,9409,5,232,0,0
2015,Chandrapur,Mul,Small (1 to 2 ha),6787,9585,9493,92,0,8856,637,92,0,0
2015,Chandrapur,Nagbhid,Small (1 to 2 ha),7819,10372,10351,22,0,10311,39,22,0,0
2015,Chandrapur,Pombhurna,Small (1 to 2 ha),3089,4485,4340,145,0,4104,236,145,0,0
2015,Chandrapur,Rajura,Small (1 to 2 ha),10786,14945,14759,186,0,14529,230,186,0,0
2015,Chandrapur,Sawali,Small (1 to 2 ha),9320,12168,12057,111,0,11550,507,111,0,0
2015,Chandrapur,Sindewahi,Small (1 to 2 ha),5496,7374,7217,157,0,6880,337,157,0,0
2015,Chandrapur,Warora,Small (1 to 2 ha),12537,16299,15821,479,0,15613,208,479,0,0
2000,Chandrapur,Ballarpur,Semimedium (2 to 4 ha),1225,3345,3252,90,4,3123,129,0,66,23
2000,Chandrapur,Bhadrawati,Semimedium (2 to 4 ha),5033,14066,13664,374,28,12987,677,124,215,34
2000,Chandrapur,Brahmapuri,Semimedium (2 to 4 ha),3470,9395,9187,149,59,8708,479,4,93,53
2000,Chandrapur,Chandrapur,Semimedium (2 to 4 ha),2971,8160,7889,248,23,7473,416,5,170,72
2000,Chandrapur,Chimur,Semimedium (2 to 4 ha),7120,19462,19005,339,118,15922,3084,135,155,49
2000,Chandrapur,Gondpimpri,Semimedium (2 to 4 ha),3417,9529,9413,95,21,9283,130,19,53,23
2000,Chandrapur,Korpana,Semimedium (2 to 4 ha),6389,18050,17959,33,58,17698,261,0,18,15
2000,Chandrapur,Mool,Semimedium (2 to 4 ha),2575,7014,6950,33,31,6665,284,0,30,3
2000,Chandrapur,Nagbhid,Semimedium (2 to 4 ha),2866,7674,7482,175,18,7172,309,2,148,26
2000,Chandrapur,Pamurna,Semimedium (2 to 4 ha),1929,5721,5704,16,1,5563,141,7,7,2
2000,Chandrapur,Rajura,Semimedium (2 to 4 ha),10182,24805,24575,109,120,23623,952,0,88,21
2000,Chandrapur,Sawali,Semimedium (2 to 4 ha),2950,7858,7627,231,0,6741,886,2,197,32
2000,Chandrapur,Shindewahi,Semimedium (2 to 4 ha),1925,5148,5043,57,48,4865,178,9,46,2
2000,Chandrapur,Varora,Semimedium (2 to 4 ha),7495,20833,20649,154,29,18007,2642,9,60,85
2010,Chandrapur,Ballarpur,Semimedium (2 to 4 ha),1282,3392,3392,0,0,3392,0,0,0,0
2010,Chandrapur,Bhadravati,Semimedium (2 to 4 ha),5968,16357,16147,152,58,15334,813,0,88,64
2010,Chandrapur,Bramhapuri,Semimedium (2 to 4 ha),3400,9059,9059,0,0,8890,169,0,0,0
2010,Chandrapur,Chandrapur,Semimedium (2 to 4 ha),3284,8978,8886,6,86,8511,375,0,6,0
2010,Chandrapur,Chimur,Semimedium (2 to 4 ha),9211,25280,24914,1,366,24841,73,0,1,0
2010,Chandrapur,Gondpimpri,Semimedium (2 to 4 ha),4365,12148,12104,0,44,11950,154,0,0,0
2010,Chandrapur,Jivati,Semimedium (2 to 4 ha),3367,7458,7355,0,103,7355,0,0,0,0
2010,Chandrapur,Korpana,Semimedium (2 to 4 ha),5739,15601,15598,3,0,15521,78,1,0,2
2010,Chandrapur,Mul,Semimedium (2 to 4 ha),3466,9302,8679,88,534,8082,597,0,25,63
2010,Chandrapur,Nagbhid,Semimedium (2 to 4 ha),2708,7135,7078,49,7,6951,127,0,0,49
2010,Chandrapur,Pamuna,Semimedium (2 to 4 ha),2088,5627,5546,32,49,5362,184,18,12,1
2010,Chandrapur,Rajura,Semimedium (2 to 4 ha),7609,20672,20672,0,0,20390,282,0,0,0
2010,Chandrapur,Sawali,Semimedium (2 to 4 ha),3709,9845,9809,25,11,9722,87,14,8,3
2010,Chandrapur,Shindewadi,Semimedium (2 to 4 ha),1558,4084,3965,1,117,3757,208,0,0,1
2010,Chandrapur,Varora,Semimedium (2 to 4 ha),9695,26489,26311,79,99,25723,588,26,39,14
2015,Chandrapur,Ballarpur,Semimedium (2 to 4 ha),1610,4489,4417,72,0,4405,12,72,0,0
2015,Chandrapur,Bhadravati,Semimedium (2 to 4 ha),6257,16603,16295,307,0,15383,912,307,0,0
2015,Chandrapur,Brahmapuri,Semimedium (2 to 4 ha),5683,15040,14864,176,0,14467,398,176,0,0
2015,Chandrapur,Chandrapur,Semimedium (2 to 4 ha),2804,7509,7336,172,0,6864,472,172,0,0
2015,Chandrapur,Chimur,Semimedium (2 to 4 ha),10668,26694,26390,304,0,24669,1721,304,0,0
2015,Chandrapur,Gondpipri,Semimedium (2 to 4 ha),5620,15278,14917,362,0,14665,251,362,0,0
2015,Chandrapur,Korpana,Semimedium (2 to 4 ha),6610,16661,15895,766,0,15834,61,766,0,0
2015,Chandrapur,Mul,Semimedium (2 to 4 ha),3669,9779,9520,258,0,8823,697,258,0,0
2015,Chandrapur,Nagbhid,Semimedium (2 to 4 ha),3613,9424,9378,46,0,9193,184,46,0,0
2015,Chandrapur,Pombhurna,Semimedium (2 to 4 ha),2521,6893,6708,185,0,6510,198,185,0,0
2015,Chandrapur,Rajura,Semimedium (2 to 4 ha),8548,22597,21999,599,0,21680,319,599,0,0
2015,Chandrapur,Sawali,Semimedium (2 to 4 ha),4075,10351,10191,159,0,9510,681,159,0,0
2015,Chandrapur,Sindewahi,Semimedium (2 to 4 ha),2023,5200,5035,165,0,4796,239,165,0,0
2015,Chandrapur,Warora,Semimedium (2 to 4 ha),11106,28696,27819,878,0,27262,556,878,0,0
2000,Chandrapur,Ballarpur,Medium (4 to 10 ha),509,2879,2753,126,0,2584,169,0,26,100
2000,Chandrapur,Bhadrawati,Medium (4 to 10 ha),2910,16719,16297,385,36,15342,955,82,278,25
2000,Chandrapur,Brahmapuri,Medium (4 to 10 ha),1128,6191,5899,129,164,5565,334,0,64,65
2000,Chandrapur,Chandrapur,Medium (4 to 10 ha),1349,7769,7315,421,33,6637,678,0,211,209
2000,Chandrapur,Chimur,Medium (4 to 10 ha),3851,22113,21465,454,194,15438,6028,192,162,100
2000,Chandrapur,Gondpimpri,Medium (4 to 10 ha),2167,13110,12900,124,87,12603,296,12,91,20
2000,Chandrapur,Korpana,Medium (4 to 10 ha),2361,13671,13512,48,111,13316,196,0,6,42
2000,Chandrapur,Mool,Medium (4 to 10 ha),1001,5646,5362,19,264,4703,659,0,19,0
2000,Chandrapur,Nagbhid,Medium (4 to 10 ha),707,3896,3777,106,13,3555,222,0,92,14
2000,Chandrapur,Pamurna,Medium (4 to 10 ha),1030,5954,5838,109,7,5514,324,28,49,32
2000,Chandrapur,Rajura,Medium (4 to 10 ha),2878,16605,16294,206,105,14694,1600,0,206,0
2000,Chandrapur,Sawali,Medium (4 to 10 ha),909,5224,5037,184,2,4810,227,0,173,11
2000,Chandrapur,Shindewahi,Medium (4 to 10 ha),460,2465,2407,50,7,2339,68,0,42,9
2000,Chandrapur,Varora,Medium (4 to 10 ha),4900,28380,27975,361,44,21048,6926,20,138,203
2010,Chandrapur,Ballarpur,Medium (4 to 10 ha),397,2152,2152,0,0,2152,0,0,0,0
2010,Chandrapur,Bhadravati,Medium (4 to 10 ha),2598,14413,14235,172,6,13466,769,5,32,136
2010,Chandrapur,Bramhapuri,Medium (4 to 10 ha),788,4193,4163,30,0,4087,76,0,30,0
2010,Chandrapur,Chandrapur,Medium (4 to 10 ha),1172,6423,6288,34,101,6081,207,0,34,0
2010,Chandrapur,Chimur,Medium (4 to 10 ha),3686,20525,19879,11,636,19740,139,0,11,0
2010,Chandrapur,Gondpimpri,Medium (4 to 10 ha),2362,13602,13532,0,70,13338,194,0,0,0
2010,Chandrapur,Jivati,Medium (4 to 10 ha),535,2888,2773,0,115,2773,0,0,0,0
2010,Chandrapur,Korpana,Medium (4 to 10 ha),2442,13608,13576,32,0,13561,16,6,0,27
2010,Chandrapur,Mul,Medium (4 to 10 ha),992,5432,4712,50,670,4455,257,0,16,34
2010,Chandrapur,Nagbhid,Medium (4 to 10 ha),541,2962,2962,0,0,2962,0,0,0,0
2010,Chandrapur,Pamuna,Medium (4 to 10 ha),865,4910,4903,0,7,4772,131,0,0,0
2010,Chandrapur,Rajura,Medium (4 to 10 ha),3142,17515,17515,0,0,17429,86,0,0,0
2010,Chandrapur,Sawali,Medium (4 to 10 ha),952,5386,5321,65,0,5167,154,5,0,60
2010,Chandrapur,Shindewadi,Medium (4 to 10 ha),237,1258,1243,0,15,1160,83,0,0,0
2010,Chandrapur,Varora,Medium (4 to 10 ha),3850,21317,21077,129,110,20152,926,61,30,38
2015,Chandrapur,Ballarpur,Medium (4 to 10 ha),617,3306,3259,46,0,3217,42,46,0,0
2015,Chandrapur,Bhadravati,Medium (4 to 10 ha),2371,13012,12716,296,0,11942,774,296,0,0
2015,Chandrapur,Brahmapuri,Medium (4 to 10 ha),911,4737,4561,176,0,4427,135,176,0,0
2015,Chandrapur,Chandrapur,Medium (4 to 10 ha),894,4964,4784,180,0,4384,400,180,0,0
2015,Chandrapur,Chimur,Medium (4 to 10 ha),3379,18831,18312,519,0,16165,2147,519,0,0
2015,Chandrapur,Gondpipri,Medium (4 to 10 ha),3332,18384,17967,417,0,17804,164,417,0,0
2015,Chandrapur,Korpana,Medium (4 to 10 ha),2583,13415,12927,488,0,12909,18,488,0,0
2015,Chandrapur,Mul,Medium (4 to 10 ha),1071,5901,5444,457,0,5051,394,457,0,0
2015,Chandrapur,Nagbhid,Medium (4 to 10 ha),714,3858,3821,37,0,3811,10,37,0,0
2015,Chandrapur,Pombhurna,Medium (4 to 10 ha),1086,6182,6093,89,0,5985,108,89,0,0
2015,Chandrapur,Rajura,Medium (4 to 10 ha),3229,17925,17449,476,0,17364,85,476,0,0
2015,Chandrapur,Sawali,Medium (4 to 10 ha),1034,5869,5693,176,0,5266,426,176,0,0
2015,Chandrapur,Sindewahi,Medium (4 to 10 ha),335,1736,1691,45,0,1592,99,45,0,0
2015,Chandrapur,Warora,Medium (4 to 10 ha),3625,19933,19083,850,0,18401,682,850,0,0
2000,Chandrapur,Ballarpur,Large (>10 ha),28,355,302,53,0,302,0,0,0,53
2000,Chandrapur,Bhadrawati,Large (>10 ha),297,3868,3770,79,18,3547,223,14,65,0
2000,Chandrapur,Brahmapuri,Large (>10 ha),64,891,891,0,0,883,9,0,0,0
2000,Chandrapur,Chandrapur,Large (>10 ha),82,1035,1034,1,0,592,442,0,0,1
2000,Chandrapur,Chimur,Large (>10 ha),407,5640,5420,179,42,3411,2009,40,67,72
2000,Chandrapur,Gondpimpri,Large (>10 ha),283,4785,4680,60,46,4570,110,58,2,0
2000,Chandrapur,Korpana,Large (>10 ha),170,2535,2525,2,8,2490,35,0,2,0
2000,Chandrapur,Mool,Large (>10 ha),70,1467,1467,0,0,1158,309,0,0,0
2000,Chandrapur,Nagbhid,Large (>10 ha),46,621,563,58,0,521,42,0,45,13
2000,Chandrapur,Pamurna,Large (>10 ha),119,1627,1566,57,4,1448,118,5,45,7
2000,Chandrapur,Rajura,Large (>10 ha),272,4300,4223,52,25,2509,1714,0,50,2
2000,Chandrapur,Sawali,Large (>10 ha),67,877,689,184,4,664,25,0,68,116
2000,Chandrapur,Shindewahi,Large (>10 ha),18,221,221,0,0,148,74,0,0,0
2000,Chandrapur,Varora,Large (>10 ha),513,7339,7205,123,11,5171,2034,20,61,42
2010,Chandrapur,Ballarpur,Large (>10 ha),16,195,195,0,0,195,0,0,0,0
2010,Chandrapur,Bhadravati,Large (>10 ha),182,2491,2387,99,5,2300,87,89,0,10
2010,Chandrapur,Bramhapuri,Large (>10 ha),33,469,469,0,0,469,1,0,0,0
2010,Chandrapur,Chandrapur,Large (>10 ha),61,849,839,0,10,839,0,0,0,0
2010,Chandrapur,Chimur,Large (>10 ha),238,3141,2996,0,145,2985,11,0,0,0
2010,Chandrapur,Gondpimpri,Large (>10 ha),172,2294,2271,0,23,2271,0,0,0,0
2010,Chandrapur,Jivati,Large (>10 ha),39,673,673,0,0,673,0,0,0,0
2010,Chandrapur,Korpana,Large (>10 ha),132,2355,2355,0,0,2355,0,0,0,0
2010,Chandrapur,Mul,Large (>10 ha),43,649,635,0,14,450,185,0,0,0
2010,Chandrapur,Nagbhid,Large (>10 ha),53,865,865,0,0,865,0,0,0,0
2010,Chandrapur,Pamuna,Large (>10 ha),86,1163,1161,0,2,1124,37,0,0,0
2010,Chandrapur,Rajura,Large (>10 ha),145,2047,2047,0,0,2047,0,0,0,0
2010,Chandrapur,Sawali,Large (>10 ha),50,742,742,0,0,742,0,0,0,0
2010,Chandrapur,Shindewadi,Large (>10 ha),16,266,266,0,0,266,0,0,0,0
2010,Chandrapur,Varora,Large (>10 ha),217,2995,2942,40,14,2641,301,0,40,0
2015,Chandrapur,Ballarpur,Large (>10 ha),36,1236,1236,0,0,1236,0,0,0,0
2015,Chandrapur,Bhadravati,Large (>10 ha),152,2354,2354,0,0,2219,135,0,0,0
2015,Chandrapur,Brahmapuri,Large (>10 ha),40,773,773,0,0,772,1,0,0,0
2015,Chandrapur,Chandrapur,Large (>10 ha),74,1160,1152,8,0,1117,35,8,0,0
2015,Chandrapur,Chimur,Large (>10 ha),258,3218,3218,0,0,2841,376,0,0,0
2015,Chandrapur,Gondpipri,Large (>10 ha),223,2937,2923,13,0,2885,38,13,0,0
2015,Chandrapur,Korpana,Large (>10 ha),158,2224,2221,3,0,2221,0,3,0,0
2015,Chandrapur,Mul,Large (>10 ha),60,793,779,14,0,779,0,14,0,0
2015,Chandrapur,Nagbhid,Large (>10 ha),25,425,425,0,0,340,85,0,0,0
2015,Chandrapur,Pombhurna,Large (>10 ha),93,1457,1455,2,0,1417,39,2,0,0
2015,Chandrapur,Rajura,Large (>10 ha),181,2758,2758,0,0,2758,0,0,0,0
2015,Chandrapur,Sawali,Large (>10 ha),77,1628,1628,0,0,1628,0,0,0,0
2015,Chandrapur,Sindewahi,Large (>10 ha),14,323,323,0,0,323,0,0,0,0
2015,Chandrapur,Warora,Large (>10 ha),175,2549,2507,42,0,2268,239,42,0,0
2000,Dhule,Dhule,Marginal (Below 1 ha),29128,16674,16403,149,123,16219,183,22,40,86
2000,Dhule,Sakari,Marginal (Below 1 ha),20914,12804,12260,143,400,12149,111,95,10,38
2000,Dhule,Shindkheda,Marginal (Below 1 ha),19883,12397,12229,55,114,12116,112,0,32,23
2000,Dhule,Shirpur,Marginal (Below 1 ha),9755,6552,6483,22,47,6415,67,4,7,11
2010,Dhule,Dhule,Marginal (Below 1 ha),22974,14409,14290,7,112,14280,10,2,0,5
2010,Dhule,Sakari,Marginal (Below 1 ha),23013,13766,13482,2,282,13480,2,0,0,2
2010,Dhule,Shindhkheda,Marginal (Below 1 ha),21560,13786,13724,0,62,13373,351,0,0,0
2010,Dhule,Shirpur,Marginal (Below 1 ha),11311,7589,7492,3,94,7486,7,2,1,0
2015,Dhule,Dhule,Marginal (Below 1 ha),25396,15511,14895,615,0,14336,559,615,0,0
2015,Dhule,Sakri,Marginal (Below 1 ha),27091,13933,13326,608,0,11586,1740,608,0,0
2015,Dhule,Shirpur,Marginal (Below 1 ha),13696,8151,7846,305,0,7696,150,305,0,0
2015,Dhule,Sindkheda,Marginal (Below 1 ha),25913,13833,13646,188,0,13574,72,188,0,0
2000,Dhule,Dhule,Small (1 to 2 ha),24470,34116,33575,203,338,32999,576,28,38,137
2000,Dhule,Sakari,Small (1 to 2 ha),25519,36939,34736,626,1577,34202,534,465,50,110
2000,Dhule,Shindkheda,Small (1 to 2 ha),19736,27791,27216,117,458,26834,382,6,69,43
2000,Dhule,Shirpur,Small (1 to 2 ha),12309,18064,17840,84,140,17664,176,12,5,67
2010,Dhule,Dhule,Small (1 to 2 ha),24890,35398,34727,15,656,34677,50,0,0,15
2010,Dhule,Sakari,Small (1 to 2 ha),28256,40785,39278,44,1463,39259,19,6,0,38
2010,Dhule,Shindhkheda,Small (1 to 2 ha),21083,29727,29269,0,458,28455,814,0,0,0
2010,Dhule,Shirpur,Small (1 to 2 ha),14726,20808,20185,34,589,20124,61,28,2,4
2015,Dhule,Dhule,Small (1 to 2 ha),26083,33580,32318,1262,0,31231,1087,1262,0,0
2015,Dhule,Sakri,Small (1 to 2 ha),29191,36864,35158,1705,0,31176,3982,1705,0,0
2015,Dhule,Shirpur,Small (1 to 2 ha),16257,18747,17867,879,0,17194,673,879,0,0
2015,Dhule,Sindkheda,Small (1 to 2 ha),22405,28322,28019,303,0,27827,192,303,0,0
2000,Dhule,Dhule,Semimedium (2 to 4 ha),12812,35110,34212,500,399,33228,984,31,292,177
2000,Dhule,Sakari,Semimedium (2 to 4 ha),18859,47873,44380,1368,2125,43607,772,919,89,359
2000,Dhule,Shindkheda,Semimedium (2 to 4 ha),10952,29459,28338,191,930,27548,790,23,121,48
2000,Dhule,Shirpur,Semimedium (2 to 4 ha),6464,17420,17044,102,273,16697,347,14,2,86
2010,Dhule,Dhule,Semimedium (2 to 4 ha),14040,37249,36115,130,1005,36029,86,11,0,119
2010,Dhule,Sakari,Semimedium (2 to 4 ha),17133,45445,42915,99,2431,42901,14,12,37,50
2010,Dhule,Shindhkheda,Semimedium (2 to 4 ha),11058,29798,28558,0,1240,27539,1019,0,0,0
2010,Dhule,Shirpur,Semimedium (2 to 4 ha),7187,18953,17910,27,1016,17763,148,10,6,11
2015,Dhule,Dhule,Semimedium (2 to 4 ha),15516,37733,35025,2708,0,33190,1835,2708,0,0
2015,Dhule,Sakri,Semimedium (2 to 4 ha),17456,43457,40572,2885,0,34631,5942,2885,0,0
2015,Dhule,Shirpur,Semimedium (2 to 4 ha),8235,20693,19414,1279,0,18391,1023,1279,0,0
2015,Dhule,Sindkheda,Semimedium (2 to 4 ha),12278,31705,30797,908,0,30112,685,908,0,0
2000,Dhule,Dhule,Medium (4 to 10 ha),5070,28750,27850,428,473,26715,1135,71,201,155
2000,Dhule,Sakari,Medium (4 to 10 ha),6524,37381,33156,2195,2029,31997,1158,925,427,844
2000,Dhule,Shindkheda,Medium (4 to 10 ha),4271,24366,22558,544,1264,21126,1432,14,401,129
2000,Dhule,Shirpur,Medium (4 to 10 ha),2224,12134,11638,162,334,11228,410,12,11,138
2010,Dhule,Dhule,Medium (4 to 10 ha),4990,28140,26725,184,1232,26403,322,0,20,163
2010,Dhule,Sakari,Medium (4 to 10 ha),6584,36450,33131,66,3253,33067,64,6,43,17
2010,Dhule,Shindhkheda,Medium (4 to 10 ha),4170,23290,20862,0,2428,18968,1893,0,0,0
2010,Dhule,Shirpur,Medium (4 to 10 ha),2199,12269,10994,91,1185,10755,239,91,0,0
2015,Dhule,Dhule,Medium (4 to 10 ha),5253,29601,26469,3132,0,23206,3263,3132,0,0
2015,Dhule,Sakri,Medium (4 to 10 ha),7459,41109,38528,2580,0,29042,9486,2580,0,0
2015,Dhule,Shirpur,Medium (4 to 10 ha),2587,14439,13431,1008,0,11927,1505,1008,0,0
2015,Dhule,Sindkheda,Medium (4 to 10 ha),4599,25582,24048,1534,0,23660,388,1534,0,0
2000,Dhule,Dhule,Large (>10 ha),400,7370,6913,378,79,6641,272,75,264,38
2000,Dhule,Sakari,Large (>10 ha),452,7174,5526,950,698,5072,454,630,167,153
2000,Dhule,Shindkheda,Large (>10 ha),364,5237,4737,168,332,4382,355,10,155,4
2000,Dhule,Shirpur,Large (>10 ha),110,1632,1521,25,86,1500,21,0,0,25
2010,Dhule,Dhule,Large (>10 ha),374,6983,6719,13,252,6677,42,0,0,13
2010,Dhule,Sakari,Large (>10 ha),48,778,643,56,80,643,0,0,56,0
2010,Dhule,Shindhkheda,Large (>10 ha),294,4993,3593,0,1399,2806,787,0,0,0
2010,Dhule,Shirpur,Large (>10 ha),109,1677,1478,4,195,1470,9,4,0,0
2015,Dhule,Dhule,Large (>10 ha),441,8312,7335,977,0,5354,1981,977,0,0
2015,Dhule,Sakri,Large (>10 ha),463,7875,7467,408,0,2901,4565,408,0,0
2015,Dhule,Shirpur,Large (>10 ha),176,2652,2008,644,0,1120,888,644,0,0
2015,Dhule,Sindkheda,Large (>10 ha),281,4576,4160,415,0,4148,12,415,0,0
2000,Gadchiroli,Alveri,Marginal (Below 1 ha),2740,1352,1257,75,20,1201,55,2,31,42
2000,Gadchiroli,Armori,Marginal (Below 1 ha),5698,3606,3564,39,3,3514,50,0,36,3
2000,Gadchiroli,Bhramgad,Marginal (Below 1 ha),987,522,502,18,2,493,9,0,10,8
2000,Gadchiroli,Charmoshi,Marginal (Below 1 ha),8770,4526,4458,56,12,4394,64,0,31,25
2000,Gadchiroli,Desaiganj,Marginal (Below 1 ha),4839,2736,2720,16,0,2700,20,0,6,11
2000,Gadchiroli,Dhanora,Marginal (Below 1 ha),2257,1408,1396,12,0,1380,17,0,4,8
2000,Gadchiroli,Gadchiroli,Marginal (Below 1 ha),5498,3210,3193,14,3,3127,66,0,12,2
2000,Gadchiroli,Itapali,Marginal (Below 1 ha),1657,807,750,49,8,740,11,0,41,8
2000,Gadchiroli,Korchi,Marginal (Below 1 ha),1178,736,693,43,0,687,6,0,31,12
2000,Gadchiroli,Kurkheda,Marginal (Below 1 ha),3607,2367,2316,41,10,2306,11,0,24,18
2000,Gadchiroli,Mulchera,Marginal (Below 1 ha),830,419,414,4,1,389,25,0,2,2
2000,Gadchiroli,Shironcha,Marginal (Below 1 ha),5588,2575,2453,83,39,2370,84,7,50,26
2010,Gadchiroli,Aarmori,Marginal (Below 1 ha),7514,4434,4397,24,13,4261,136,1,8,14
2010,Gadchiroli,Aheri,Marginal (Below 1 ha),3794,1810,1639,20,151,1579,60,0,15,5
2010,Gadchiroli,Bhamragad,Marginal (Below 1 ha),1220,609,603,0,6,561,43,0,0,0
2010,Gadchiroli,Chamorshi,Marginal (Below 1 ha),10577,5418,5359,37,22,5260,99,2,6,29
2010,Gadchiroli,Desaiganj(Wadsa),Marginal (Below 1 ha),6020,3238,3231,6,1,3063,168,0,2,4
2010,Gadchiroli,Dhanora,Marginal (Below 1 ha),2647,1565,1521,38,7,1468,52,0,11,26
2010,Gadchiroli,Gadchiroli,Marginal (Below 1 ha),7394,4123,3986,74,63,3848,138,1,25,49
2010,Gadchiroli,Ittapalli,Marginal (Below 1 ha),2184,1032,1026,5,0,974,53,0,1,4
2010,Gadchiroli,Korchi,Marginal (Below 1 ha),1975,1121,1018,101,2,953,66,3,42,57
2010,Gadchiroli,Kurkheda,Marginal (Below 1 ha),4968,3036,2973,52,12,2906,66,0,17,35
2010,Gadchiroli,Mulchera,Marginal (Below 1 ha),962,489,450,38,1,400,50,0,31,7
2010,Gadchiroli,Sironcha,Marginal (Below 1 ha),8087,3718,3642,54,22,3251,390,7,23,23
2015,Gadchiroli,Aheri,Marginal (Below 1 ha),3814,1984,1920,64,0,1823,97,64,0,0
2015,Gadchiroli,Armori,Marginal (Below 1 ha),9274,4997,4939,58,0,4762,176,58,0,0
2015,Gadchiroli,Bhamragad,Marginal (Below 1 ha),1102,518,458,60,0,431,27,60,0,0
2015,Gadchiroli,Chamorshi,Marginal (Below 1 ha),11245,5969,5886,83,0,5744,142,83,0,0
2015,Gadchiroli,Dhanora,Marginal (Below 1 ha),2982,1811,1750,61,0,1699,51,61,0,0
2015,Gadchiroli,Etapalli,Marginal (Below 1 ha),2267,1232,1159,73,0,1100,59,73,0,0
2015,Gadchiroli,Gadchiroli,Marginal (Below 1 ha),8952,4329,4165,164,0,3989,175,164,0,0
2015,Gadchiroli,Korchi,Marginal (Below 1 ha),2289,1336,1110,226,0,680,430,226,0,0
2015,Gadchiroli,Kurkheda,Marginal (Below 1 ha),5707,3272,3147,125,0,3039,107,125,0,0
2015,Gadchiroli,Mulchera,Marginal (Below 1 ha),1297,749,716,32,0,705,12,32,0,0
2015,Gadchiroli,Sironcha,Marginal (Below 1 ha),8769,3916,3846,70,0,3570,275,70,0,0
2015,Gadchiroli,Vadasa,Marginal (Below 1 ha),6225,3222,3212,10,0,3042,170,10,0,0
2000,Gadchiroli,Alveri,Small (1 to 2 ha),2455,3502,3172,281,49,3061,111,5,197,78
2000,Gadchiroli,Armori,Small (1 to 2 ha),4901,6916,6761,144,11,6566,196,1,143,0
2000,Gadchiroli,Bhramgad,Small (1 to 2 ha),957,1392,1340,50,2,1336,4,0,33,17
2000,Gadchiroli,Charmoshi,Small (1 to 2 ha),6705,9675,9447,214,15,9267,180,0,92,121
2000,Gadchiroli,Desaiganj,Small (1 to 2 ha),2950,3982,3921,61,0,3890,31,0,36,25
2000,Gadchiroli,Dhanora,Small (1 to 2 ha),2819,4058,3963,88,7,3898,65,4,52,32
2000,Gadchiroli,Gadchiroli,Small (1 to 2 ha),3808,5364,5248,110,6,5088,160,0,70,39
2000,Gadchiroli,Itapali,Small (1 to 2 ha),1785,2617,2553,52,12,2505,48,0,30,22
2000,Gadchiroli,Korchi,Small (1 to 2 ha),1254,1787,1590,196,0,1555,35,0,166,30
2000,Gadchiroli,Kurkheda,Small (1 to 2 ha),4007,5698,5492,180,26,5424,68,1,116,62
2000,Gadchiroli,Mulchera,Small (1 to 2 ha),1819,2593,2505,68,20,2212,294,0,37,30
2000,Gadchiroli,Shironcha,Small (1 to 2 ha),2846,4129,3873,197,59,3739,134,8,126,64
2010,Gadchiroli,Aarmori,Small (1 to 2 ha),5482,7620,7526,61,33,7372,154,2,28,32
2010,Gadchiroli,Aheri,Small (1 to 2 ha),2863,4079,3623,68,389,3470,152,1,53,14
2010,Gadchiroli,Bhamragad,Small (1 to 2 ha),1038,1492,1431,49,12,1322,108,0,33,15
2010,Gadchiroli,Chamorshi,Small (1 to 2 ha),7135,10311,10220,73,18,10078,142,3,17,54
2010,Gadchiroli,Desaiganj(Wadsa),Small (1 to 2 ha),3069,4210,4165,33,12,4003,162,0,10,23
2010,Gadchiroli,Dhanora,Small (1 to 2 ha),3045,4383,4234,108,40,4083,151,16,28,64
2010,Gadchiroli,Gadchiroli,Small (1 to 2 ha),4777,6691,6321,231,139,6080,241,1,85,146
2010,Gadchiroli,Ittapalli,Small (1 to 2 ha),1934,2778,2748,29,1,2667,81,1,15,14
2010,Gadchiroli,Korchi,Small (1 to 2 ha),1730,2488,2264,220,4,2082,182,13,77,130
2010,Gadchiroli,Kurkheda,Small (1 to 2 ha),4573,6436,6173,207,56,6060,113,0,78,128
2010,Gadchiroli,Mulchera,Small (1 to 2 ha),1885,2726,2660,57,9,2556,103,1,44,11
2010,Gadchiroli,Sironcha,Small (1 to 2 ha),3957,5564,5429,109,26,4875,554,6,58,45
2015,Gadchiroli,Aheri,Small (1 to 2 ha),3212,4576,4520,56,0,4249,270,56,0,0
2015,Gadchiroli,Armori,Small (1 to 2 ha),6774,8476,8252,224,0,8075,177,224,0,0
2015,Gadchiroli,Bhamragad,Small (1 to 2 ha),1444,1669,1474,195,0,1382,92,195,0,0
2015,Gadchiroli,Chamorshi,Small (1 to 2 ha),7361,10240,10035,205,0,9896,139,205,0,0
2015,Gadchiroli,Dhanora,Small (1 to 2 ha),3533,4701,4404,297,0,4305,99,297,0,0
2015,Gadchiroli,Etapalli,Small (1 to 2 ha),2166,3030,2759,270,0,2684,75,270,0,0
2015,Gadchiroli,Gadchiroli,Small (1 to 2 ha),5386,7116,6598,518,0,6337,260,518,0,0
2015,Gadchiroli,Korchi,Small (1 to 2 ha),1923,2800,2666,134,0,1877,789,134,0,0
2015,Gadchiroli,Kurkheda,Small (1 to 2 ha),5180,6489,5995,493,0,5896,99,493,0,0
2015,Gadchiroli,Mulchera,Small (1 to 2 ha),1718,2812,2623,188,0,2445,178,188,0,0
2015,Gadchiroli,Sironcha,Small (1 to 2 ha),4814,6000,5817,183,0,5327,490,183,0,0
2015,Gadchiroli,Vadasa,Small (1 to 2 ha),3360,4337,4271,66,0,4124,147,66,0,0
2000,Gadchiroli,Alveri,Semimedium (2 to 4 ha),2426,6377,5684,550,143,5414,270,10,388,152
2000,Gadchiroli,Armori,Semimedium (2 to 4 ha),2183,5783,5628,147,9,5420,208,7,135,6
2000,Gadchiroli,Bhramgad,Semimedium (2 to 4 ha),900,2427,2283,138,6,2270,13,0,38,99
2000,Gadchiroli,Charmoshi,Semimedium (2 to 4 ha),4957,12761,12316,373,72,11920,396,6,222,145
2000,Gadchiroli,Desaiganj,Semimedium (2 to 4 ha),1002,2653,2601,41,10,2580,21,0,12,29
2000,Gadchiroli,Dhanora,Semimedium (2 to 4 ha),2349,6418,6195,205,18,5971,224,15,136,54
2000,Gadchiroli,Gadchiroli,Semimedium (2 to 4 ha),2220,5899,5656,207,36,5375,281,0,163,44
2000,Gadchiroli,Itapali,Semimedium (2 to 4 ha),2220,6034,5781,207,46,5719,62,3,119,85
2000,Gadchiroli,Korchi,Semimedium (2 to 4 ha),1334,3661,3031,628,1,2917,114,0,533,96
2000,Gadchiroli,Kurkheda,Semimedium (2 to 4 ha),1944,5181,4966,184,31,4898,67,0,68,116
2000,Gadchiroli,Mulchera,Semimedium (2 to 4 ha),1531,3629,3486,135,8,3237,249,0,119,15
2000,Gadchiroli,Shironcha,Semimedium (2 to 4 ha),2192,5978,5630,257,91,5384,246,12,174,71
2010,Gadchiroli,Aarmori,Semimedium (2 to 4 ha),2188,5791,5669,88,34,5517,152,0,51,37
2010,Gadchiroli,Aheri,Semimedium (2 to 4 ha),2506,6525,5489,139,897,5329,160,0,89,50
2010,Gadchiroli,Bhamragad,Semimedium (2 to 4 ha),945,2522,2469,51,2,2213,256,0,44,7
2010,Gadchiroli,Chamorshi,Semimedium (2 to 4 ha),4929,12750,12608,123,19,12399,209,0,10,113
2010,Gadchiroli,Desaiganj(Wadsa),Semimedium (2 to 4 ha),918,2398,2381,14,2,2174,208,0,8,7
2010,Gadchiroli,Dhanora,Semimedium (2 to 4 ha),2566,7038,6635,297,105,6265,370,11,137,149
2010,Gadchiroli,Gadchiroli,Semimedium (2 to 4 ha),2497,6655,6014,418,223,5747,267,2,154,263
2010,Gadchiroli,Ittapalli,Semimedium (2 to 4 ha),2259,6118,6007,88,24,5819,188,3,47,38
2010,Gadchiroli,Korchi,Semimedium (2 to 4 ha),1517,4252,3667,579,6,3324,343,30,220,328
2010,Gadchiroli,Kurkheda,Semimedium (2 to 4 ha),1929,5086,4755,265,66,4682,74,0,69,196
2010,Gadchiroli,Mulchera,Semimedium (2 to 4 ha),1500,3561,3225,331,5,3052,172,6,280,45
2010,Gadchiroli,Sironcha,Semimedium (2 to 4 ha),2391,6419,6137,225,56,5471,666,0,70,154
2015,Gadchiroli,Aheri,Semimedium (2 to 4 ha),2875,7379,6899,480,0,6546,353,480,0,0
2015,Gadchiroli,Armori,Semimedium (2 to 4 ha),3043,7741,7497,244,0,7310,187,244,0,0
2015,Gadchiroli,Bhamragad,Semimedium (2 to 4 ha),1058,2760,2491,269,0,2396,95,269,0,0
2015,Gadchiroli,Chamorshi,Semimedium (2 to 4 ha),5405,13105,12835,270,0,12612,223,270,0,0
2015,Gadchiroli,Dhanora,Semimedium (2 to 4 ha),2768,7420,6857,563,0,6704,153,563,0,0
2015,Gadchiroli,Etapalli,Semimedium (2 to 4 ha),2540,6962,6415,547,0,6229,186,547,0,0
2015,Gadchiroli,Gadchiroli,Semimedium (2 to 4 ha),3304,8474,7540,935,0,7216,324,935,0,0
2015,Gadchiroli,Korchi,Semimedium (2 to 4 ha),1690,4495,4286,209,0,3347,939,209,0,0
2015,Gadchiroli,Kurkheda,Semimedium (2 to 4 ha),2136,5535,5061,474,0,5000,61,474,0,0
2015,Gadchiroli,Mulchera,Semimedium (2 to 4 ha),1692,3970,3530,440,0,3458,71,440,0,0
2015,Gadchiroli,Sironcha,Semimedium (2 to 4 ha),2800,7017,6611,407,0,5922,689,407,0,0
2015,Gadchiroli,Vadasa,Semimedium (2 to 4 ha),944,2321,2293,27,0,2114,179,27,0,0
2000,Gadchiroli,Alveri,Medium (4 to 10 ha),962,5438,4836,513,89,4563,273,6,286,220
2000,Gadchiroli,Armori,Medium (4 to 10 ha),561,2936,2893,41,2,2838,55,1,39,0
2000,Gadchiroli,Bhramgad,Medium (4 to 10 ha),562,3143,2992,142,9,2975,17,0,62,80
2000,Gadchiroli,Charmoshi,Medium (4 to 10 ha),1531,8462,7986,383,93,7678,309,1,196,185
2000,Gadchiroli,Desaiganj,Medium (4 to 10 ha),225,1192,1190,2,0,1149,42,0,2,0
2000,Gadchiroli,Dhanora,Medium (4 to 10 ha),1028,5984,5536,420,28,5307,228,54,303,64
2000,Gadchiroli,Gadchiroli,Medium (4 to 10 ha),705,3850,3717,84,50,3612,105,0,83,1
2000,Gadchiroli,Itapali,Medium (4 to 10 ha),1078,6161,5938,183,40,5865,73,2,125,56
2000,Gadchiroli,Korchi,Medium (4 to 10 ha),978,5724,4611,1076,37,4430,181,46,820,210
2000,Gadchiroli,Kurkheda,Medium (4 to 10 ha),561,3152,2807,319,26,2705,102,0,77,243
2000,Gadchiroli,Mulchera,Medium (4 to 10 ha),180,960,803,150,7,726,77,1,146,3
2000,Gadchiroli,Shironcha,Medium (4 to 10 ha),919,5270,4995,183,92,4756,240,9,139,35
2010,Gadchiroli,Aarmori,Medium (4 to 10 ha),450,2413,2300,75,38,2191,109,2,22,51
2010,Gadchiroli,Aheri,Medium (4 to 10 ha),945,5319,4047,212,1060,3882,166,0,93,118
2010,Gadchiroli,Bhamragad,Medium (4 to 10 ha),548,3064,2896,118,51,2728,168,0,116,2
2010,Gadchiroli,Chamorshi,Medium (4 to 10 ha),1515,8321,8230,60,31,8089,141,0,27,33
2010,Gadchiroli,Desaiganj(Wadsa),Medium (4 to 10 ha),188,1020,996,19,5,896,100,0,14,5
2010,Gadchiroli,Dhanora,Medium (4 to 10 ha),1177,6780,6199,454,127,5754,445,26,81,347
2010,Gadchiroli,Gadchiroli,Medium (4 to 10 ha),734,4073,3640,367,65,3488,152,0,92,276
2010,Gadchiroli,Ittapalli,Medium (4 to 10 ha),1004,5702,5556,130,16,5216,340,2,63,64
2010,Gadchiroli,Korchi,Medium (4 to 10 ha),980,5854,4787,1053,14,4471,316,35,335,684
2010,Gadchiroli,Kurkheda,Medium (4 to 10 ha),496,2730,2372,308,50,2291,81,0,38,269
2010,Gadchiroli,Mulchera,Medium (4 to 10 ha),195,1030,863,166,1,839,24,0,107,60
2010,Gadchiroli,Sironcha,Medium (4 to 10 ha),757,4167,3972,176,19,3398,574,0,60,116
2015,Gadchiroli,Aheri,Medium (4 to 10 ha),984,5592,5170,422,0,4929,241,422,0,0
2015,Gadchiroli,Armori,Medium (4 to 10 ha),608,3119,2945,175,0,2798,147,175,0,0
2015,Gadchiroli,Bhamragad,Medium (4 to 10 ha),643,3656,3390,266,0,3241,149,266,0,0
2015,Gadchiroli,Chamorshi,Medium (4 to 10 ha),1521,8381,8166,215,0,8008,157,215,0,0
2015,Gadchiroli,Dhanora,Medium (4 to 10 ha),1343,7873,7365,508,0,7220,145,508,0,0
2015,Gadchiroli,Etapalli,Medium (4 to 10 ha),1071,6317,5863,454,0,5486,377,454,0,0
2015,Gadchiroli,Gadchiroli,Medium (4 to 10 ha),877,4567,4033,535,0,3894,139,535,0,0
2015,Gadchiroli,Korchi,Medium (4 to 10 ha),1022,6147,5970,177,0,4482,1488,177,0,0
2015,Gadchiroli,Kurkheda,Medium (4 to 10 ha),475,2528,2143,386,0,2081,62,386,0,0
2015,Gadchiroli,Mulchera,Medium (4 to 10 ha),215,1116,999,117,0,981,18,117,0,0
2015,Gadchiroli,Sironcha,Medium (4 to 10 ha),803,4414,4106,309,0,3602,504,309,0,0
2015,Gadchiroli,Vadasa,Medium (4 to 10 ha),173,939,911,28,0,828,83,28,0,0
2000,Gadchiroli,Alveri,Large (>10 ha),93,1256,1214,29,13,1142,72,0,15,14
2000,Gadchiroli,Armori,Large (>10 ha),32,392,392,0,0,392,0,0,0,0
2000,Gadchiroli,Bhramgad,Large (>10 ha),47,614,577,36,1,576,2,3,13,20
2000,Gadchiroli,Charmoshi,Large (>10 ha),123,1659,1551,68,40,1309,242,0,28,40
2000,Gadchiroli,Desaiganj,Large (>10 ha),13,344,335,9,0,335,0,7,2,0
2000,Gadchiroli,Dhanora,Large (>10 ha),108,1514,1464,20,30,1450,14,0,20,0
2000,Gadchiroli,Gadchiroli,Large (>10 ha),46,593,581,4,8,521,60,0,3,1
2000,Gadchiroli,Itapali,Large (>10 ha),95,1159,1105,37,17,1070,35,19,15,3
2000,Gadchiroli,Korchi,Large (>10 ha),211,3718,2751,922,46,2583,168,26,578,318
2000,Gadchiroli,Kurkheda,Large (>10 ha),51,634,525,101,8,512,13,0,57,44
2000,Gadchiroli,Mulchera,Large (>10 ha),9,106,106,0,0,106,0,0,0,0
2000,Gadchiroli,Shironcha,Large (>10 ha),65,901,820,80,2,716,104,5,64,11
2010,Gadchiroli,Aarmori,Large (>10 ha),25,400,360,12,28,360,0,1,0,11
2010,Gadchiroli,Aheri,Large (>10 ha),101,1558,1335,2,222,1334,1,0,2,0
2010,Gadchiroli,Bhamragad,Large (>10 ha),42,546,488,58,0,462,25,0,58,0
2010,Gadchiroli,Chamorshi,Large (>10 ha),121,1949,1893,56,0,1874,19,0,0,56
2010,Gadchiroli,Desaiganj(Wadsa),Large (>10 ha),17,454,454,0,0,454,0,0,0,0
2010,Gadchiroli,Dhanora,Large (>10 ha),152,2234,1875,333,26,1696,179,0,63,270
2010,Gadchiroli,Gadchiroli,Large (>10 ha),61,956,926,3,28,893,33,0,0,3
2010,Gadchiroli,Ittapalli,Large (>10 ha),106,1425,1390,35,0,1310,80,4,9,22
2010,Gadchiroli,Korchi,Large (>10 ha),142,1952,1556,395,2,1366,189,2,50,343
2010,Gadchiroli,Kurkheda,Large (>10 ha),47,781,474,140,167,474,0,0,2,138
2010,Gadchiroli,Mulchera,Large (>10 ha),16,301,275,26,0,273,2,0,2,24
2010,Gadchiroli,Sironcha,Large (>10 ha),61,1215,614,601,0,586,28,0,576,25
2015,Gadchiroli,Aheri,Large (>10 ha),106,1910,1820,90,0,1551,269,90,0,0
2015,Gadchiroli,Armori,Large (>10 ha),27,486,450,36,0,409,41,36,0,0
2015,Gadchiroli,Bhamragad,Large (>10 ha),42,499,497,3,0,496,0,3,0,0
2015,Gadchiroli,Chamorshi,Large (>10 ha),121,1810,1782,28,0,1770,12,28,0,0
2015,Gadchiroli,Dhanora,Large (>10 ha),164,2296,2275,21,0,2188,88,21,0,0
2015,Gadchiroli,Etapalli,Large (>10 ha),119,1361,1327,34,0,1294,32,34,0,0
2015,Gadchiroli,Gadchiroli,Large (>10 ha),56,1116,1095,21,0,1073,23,21,0,0
2015,Gadchiroli,Korchi,Large (>10 ha),185,2384,2384,0,0,1762,622,0,0,0
2015,Gadchiroli,Kurkheda,Large (>10 ha),34,467,266,201,0,248,17,201,0,0
2015,Gadchiroli,Mulchera,Large (>10 ha),15,172,172,0,0,172,0,0,0,0
2015,Gadchiroli,Sironcha,Large (>10 ha),63,1136,1132,5,0,1079,53,5,0,0
2015,Gadchiroli,Vadasa,Large (>10 ha),17,405,405,0,0,405,0,0,0,0
2000,Gondia,Aamgaon,Marginal (Below 1 ha),16758,7615,7545,44,26,7465,80,12,12,21
2000,Gondia,Dewari,Marginal (Below 1 ha),5396,2953,2862,21,70,2803,59,0,12,10
2000,Gondia,Gondia,Marginal (Below 1 ha),30382,15693,15435,214,44,15274,161,0,181,33
2000,Gondia,Goregaon,Marginal (Below 1 ha),14524,7638,7560,10,68,7434,126,0,10,0
2000,Gondia,Molegaon Arjunee,Marginal (Below 1 ha),11309,5880,5873,4,3,5764,110,0,1,3
2000,Gondia,Soleska,Marginal (Below 1 ha),9094,4376,4341,12,22,4304,37,0,9,3
2000,Gondia,Sudak Arjunee,Marginal (Below 1 ha),10416,5669,5661,4,3,5459,202,0,3,1
2000,Gondia,Tiroda,Marginal (Below 1 ha),20574,9610,9515,76,19,9322,192,12,37,28
2010,Gondia,Aamgaon,Marginal (Below 1 ha),21709,9135,8971,41,123,8716,256,2,35,4
2010,Gondia,Deori,Marginal (Below 1 ha),9831,4871,4846,5,20,4658,189,0,4,2
2010,Gondia,Gondia,Marginal (Below 1 ha),40005,17289,16534,21,734,16090,444,2,1,18
2010,Gondia,Goregaon,Marginal (Below 1 ha),19753,8545,8502,29,14,8214,288,0,23,6
2010,Gondia,Moregaon Arjuni,Marginal (Below 1 ha),17089,8450,8394,10,46,8181,213,0,4,7
2010,Gondia,Salekhasa,Marginal (Below 1 ha),14650,6160,6047,94,19,5935,112,3,90,0
2010,Gondia,Sudak Arjuni,Marginal (Below 1 ha),17127,7685,7517,63,104,7339,178,1,32,31
2010,Gondia,Tiroda,Marginal (Below 1 ha),28010,12233,12233,0,0,12233,0,0,0,0
2015,Gondia,Amgaon,Marginal (Below 1 ha),24575,10083,9862,220,0,9640,223,220,0,0
2015,Gondia,Arjuni Morgaon,Marginal (Below 1 ha),17859,8433,8331,102,0,8105,226,102,0,0
2015,Gondia,Deori,Marginal (Below 1 ha),11059,5111,4964,146,0,4622,342,146,0,0
2015,Gondia,Gondiya,Marginal (Below 1 ha),43893,18524,18123,401,0,17727,396,401,0,0
2015,Gondia,Goregaon,Marginal (Below 1 ha),22962,9248,9144,104,0,8864,281,104,0,0
2015,Gondia,Sadak-Arjuni,Marginal (Below 1 ha),19816,7872,7854,18,0,7666,187,18,0,0
2015,Gondia,Salekasa,Marginal (Below 1 ha),15295,6073,5896,177,0,5665,231,177,0,0
2015,Gondia,Tiroda,Marginal (Below 1 ha),31504,13044,13031,13,0,12780,251,13,0,0
2000,Gondia,Aamgaon,Small (1 to 2 ha),5367,7300,7178,90,32,7114,64,28,20,42
2000,Gondia,Dewari,Small (1 to 2 ha),4271,6027,5878,54,94,5794,85,0,21,34
2000,Gondia,Gondia,Small (1 to 2 ha),8711,12379,12124,237,18,12007,117,9,153,76
2000,Gondia,Goregaon,Small (1 to 2 ha),5561,7605,7520,31,54,7458,62,0,31,0
2000,Gondia,Molegaon Arjunee,Small (1 to 2 ha),6182,8309,8295,3,12,8155,140,0,1,2
2000,Gondia,Soleska,Small (1 to 2 ha),3859,5674,5628,35,12,5593,35,0,8,26
2000,Gondia,Sudak Arjunee,Small (1 to 2 ha),4485,6849,6823,20,6,6576,247,1,16,3
2000,Gondia,Tiroda,Small (1 to 2 ha),7196,10035,9824,193,18,9475,349,19,104,70
2010,Gondia,Aamgaon,Small (1 to 2 ha),5224,7088,6892,44,151,6758,134,0,44,0
2010,Gondia,Deori,Small (1 to 2 ha),5431,7611,7555,8,48,7372,184,0,6,2
2010,Gondia,Gondia,Small (1 to 2 ha),9847,13533,12784,45,704,12375,409,15,0,30
2010,Gondia,Goregaon,Small (1 to 2 ha),5809,7899,7814,28,57,7573,242,0,20,8
2010,Gondia,Moregaon Arjuni,Small (1 to 2 ha),6681,8976,8877,17,82,8677,200,0,7,10
2010,Gondia,Salekhasa,Small (1 to 2 ha),4447,6103,5957,129,18,5851,106,2,103,24
2010,Gondia,Sudak Arjuni,Small (1 to 2 ha),5168,7024,6849,65,109,6745,104,0,16,49
2010,Gondia,Tiroda,Small (1 to 2 ha),7613,10413,10413,0,0,10413,0,0,0,0
2015,Gondia,Amgaon,Small (1 to 2 ha),4780,5497,5284,213,0,5205,80,213,0,0
2015,Gondia,Arjuni Morgaon,Small (1 to 2 ha),6818,9364,9119,246,0,8925,193,246,0,0
2015,Gondia,Deori,Small (1 to 2 ha),5810,7327,6932,395,0,6572,360,395,0,0
2015,Gondia,Gondiya,Small (1 to 2 ha),11379,14579,14044,535,0,13583,462,535,0,0
2015,Gondia,Goregaon,Small (1 to 2 ha),6085,8086,7871,214,0,7460,412,214,0,0
2015,Gondia,Sadak-Arjuni,Small (1 to 2 ha),4999,6829,6795,34,0,6633,162,34,0,0
2015,Gondia,Salekasa,Small (1 to 2 ha),4311,5737,5397,340,0,5193,204,340,0,0
2015,Gondia,Tiroda,Small (1 to 2 ha),7424,9990,9933,57,0,9656,276,57,0,0
2000,Gondia,Aamgaon,Semimedium (2 to 4 ha),1683,4478,4317,136,25,4264,53,44,18,75
2000,Gondia,Dewari,Semimedium (2 to 4 ha),2503,6769,6556,109,104,6476,79,0,47,62
2000,Gondia,Gondia,Semimedium (2 to 4 ha),3276,8782,8573,197,12,8465,108,11,100,86
2000,Gondia,Goregaon,Semimedium (2 to 4 ha),1967,5279,5229,25,25,5184,45,0,25,0
2000,Gondia,Molegaon Arjunee,Semimedium (2 to 4 ha),2213,5699,5690,5,4,5593,98,0,1,4
2000,Gondia,Soleska,Semimedium (2 to 4 ha),1571,4192,4108,68,16,4076,32,0,18,50
2000,Gondia,Sudak Arjunee,Semimedium (2 to 4 ha),1706,4757,4739,15,4,4597,142,2,7,5
2000,Gondia,Tiroda,Semimedium (2 to 4 ha),2943,7995,7777,157,62,7562,214,16,100,42
2010,Gondia,Aamgaon,Semimedium (2 to 4 ha),1415,3884,3714,44,126,3625,89,0,7,37
2010,Gondia,Deori,Semimedium (2 to 4 ha),2451,6594,6531,41,22,6352,180,0,10,31
2010,Gondia,Gondia,Semimedium (2 to 4 ha),2951,7834,7199,45,591,6939,260,10,0,35
2010,Gondia,Goregaon,Semimedium (2 to 4 ha),1699,4451,4332,21,97,4224,108,0,12,9
2010,Gondia,Moregaon Arjuni,Semimedium (2 to 4 ha),1807,4607,4518,8,81,4389,130,0,4,5
2010,Gondia,Salekhasa,Semimedium (2 to 4 ha),1449,3729,3626,89,13,3556,71,2,81,6
2010,Gondia,Sudak Arjuni,Semimedium (2 to 4 ha),1487,3887,3712,26,149,3632,80,1,8,17
2010,Gondia,Tiroda,Semimedium (2 to 4 ha),2486,6613,6613,0,0,6613,0,0,0,0
2015,Gondia,Amgaon,Semimedium (2 to 4 ha),1006,2705,2575,130,0,2513,62,130,0,0
2015,Gondia,Arjuni Morgaon,Semimedium (2 to 4 ha),1887,4774,4627,147,0,4452,174,147,0,0
2015,Gondia,Deori,Semimedium (2 to 4 ha),3249,8503,7982,520,0,7420,562,520,0,0
2015,Gondia,Gondiya,Semimedium (2 to 4 ha),3240,8138,7740,398,0,7387,353,398,0,0
2015,Gondia,Goregaon,Semimedium (2 to 4 ha),1854,4685,4565,119,0,4203,362,119,0,0
2015,Gondia,Sadak-Arjuni,Semimedium (2 to 4 ha),1338,3451,3419,32,0,3266,152,32,0,0
2015,Gondia,Salekasa,Semimedium (2 to 4 ha),1379,3538,3416,123,0,3096,319,123,0,0
2015,Gondia,Tiroda,Semimedium (2 to 4 ha),2416,6386,6348,38,0,5983,365,38,0,0
2000,Gondia,Aamgaon,Medium (4 to 10 ha),396,2123,2034,55,34,1997,37,9,4,42
2000,Gondia,Dewari,Medium (4 to 10 ha),1021,5741,5439,215,88,5355,84,0,60,155
2000,Gondia,Gondia,Medium (4 to 10 ha),870,4715,4532,178,4,4461,71,20,121,38
2000,Gondia,Goregaon,Medium (4 to 10 ha),515,2801,2789,0,12,2742,47,0,0,0
2000,Gondia,Molegaon Arjunee,Medium (4 to 10 ha),483,2637,2619,16,2,2553,66,12,2,1
2000,Gondia,Soleska,Medium (4 to 10 ha),383,2137,2097,34,5,2077,20,0,7,28
2000,Gondia,Sudak Arjunee,Medium (4 to 10 ha),461,2544,2540,4,0,2458,82,0,4,0
2000,Gondia,Tiroda,Medium (4 to 10 ha),806,4427,4292,108,26,3925,367,18,68,22
2010,Gondia,Aamgaon,Medium (4 to 10 ha),203,1083,956,21,107,858,98,0,16,5
2010,Gondia,Deori,Medium (4 to 10 ha),844,4728,4649,28,51,4550,99,0,21,7
2010,Gondia,Gondia,Medium (4 to 10 ha),601,3269,2945,21,303,2780,165,0,7,14
2010,Gondia,Goregaon,Medium (4 to 10 ha),351,1918,1843,12,63,1825,19,0,3,9
2010,Gondia,Moregaon Arjuni,Medium (4 to 10 ha),287,1509,1487,12,10,1447,40,0,9,3
2010,Gondia,Salekhasa,Medium (4 to 10 ha),298,1624,1530,68,26,1484,45,0,68,0
2010,Gondia,Sudak Arjuni,Medium (4 to 10 ha),290,1572,1424,30,118,1402,22,0,16,15
2010,Gondia,Tiroda,Medium (4 to 10 ha),525,2735,2735,0,0,2735,0,0,0,0
2015,Gondia,Amgaon,Medium (4 to 10 ha),167,881,749,133,0,698,51,133,0,0
2015,Gondia,Arjuni Morgaon,Medium (4 to 10 ha),284,1520,1461,59,0,1446,15,59,0,0
2015,Gondia,Deori,Medium (4 to 10 ha),903,5001,4592,410,0,4242,350,410,0,0
2015,Gondia,Gondiya,Medium (4 to 10 ha),467,2541,2389,152,0,2179,210,152,0,0
2015,Gondia,Goregaon,Medium (4 to 10 ha),366,2022,1979,43,0,1799,181,43,0,0
2015,Gondia,Sadak-Arjuni,Medium (4 to 10 ha),261,1391,1366,25,0,1355,11,25,0,0
2015,Gondia,Salekasa,Medium (4 to 10 ha),219,1182,1088,95,0,975,113,95,0,0
2015,Gondia,Tiroda,Medium (4 to 10 ha),453,2442,2366,76,0,2304,62,76,0,0
2000,Gondia,Aamgaon,Large (>10 ha),20,295,258,27,10,258,0,26,1,0
2000,Gondia,Dewari,Large (>10 ha),94,1307,1184,114,9,1150,33,0,65,49
2000,Gondia,Gondia,Large (>10 ha),43,536,451,84,0,432,19,60,25,0
2000,Gondia,Goregaon,Large (>10 ha),35,430,426,0,4,302,124,0,0,0
2000,Gondia,Molegaon Arjunee,Large (>10 ha),25,311,311,0,0,310,0,0,0,0
2000,Gondia,Soleska,Large (>10 ha),26,373,360,13,0,360,0,0,0,13
2000,Gondia,Sudak Arjunee,Large (>10 ha),28,404,404,0,0,310,94,0,0,0
2000,Gondia,Tiroda,Large (>10 ha),40,528,491,37,0,341,150,0,35,2
2010,Gondia,Aamgaon,Large (>10 ha),14,206,80,0,126,80,0,0,0,0
2010,Gondia,Deori,Large (>10 ha),74,1016,1014,0,2,1008,6,0,0,0
2010,Gondia,Gondia,Large (>10 ha),37,617,613,0,4,613,0,0,0,0
2010,Gondia,Goregaon,Large (>10 ha),29,410,401,9,0,400,1,0,0,8
2010,Gondia,Moregaon Arjuni,Large (>10 ha),14,253,253,0,0,145,108,0,0,0
2010,Gondia,Salekhasa,Large (>10 ha),9,110,83,28,0,55,28,0,25,2
2010,Gondia,Sudak Arjuni,Large (>10 ha),16,215,197,1,17,104,93,1,0,0
2010,Gondia,Tiroda,Large (>10 ha),32,706,706,0,0,706,0,0,0,0
2015,Gondia,Amgaon,Large (>10 ha),13,315,252,64,0,252,0,64,0,0
2015,Gondia,Arjuni Morgaon,Large (>10 ha),26,726,726,0,0,592,133,0,0,0
2015,Gondia,Deori,Large (>10 ha),70,942,834,108,0,709,126,108,0,0
2015,Gondia,Gondiya,Large (>10 ha),15,276,276,1,0,276,0,1,0,0
2015,Gondia,Goregaon,Large (>10 ha),33,1039,1039,0,0,945,94,0,0,0
2015,Gondia,Sadak-Arjuni,Large (>10 ha),16,277,277,0,0,259,18,0,0,0
2015,Gondia,Salekasa,Large (>10 ha),13,157,123,34,0,85,38,34,0,0
2015,Gondia,Tiroda,Large (>10 ha),29,690,690,0,0,690,0,0,0,0
2000,Hingoli,Awdha,Marginal (Below 1 ha),11531,7255,7242,12,1,7125,117,3,9,0
2000,Hingoli,Basmat,Marginal (Below 1 ha),18378,9991,9918,27,47,9708,210,16,7,4
2000,Hingoli,Hingoli,Marginal (Below 1 ha),12955,7453,7449,2,2,7017,432,0,2,0
2000,Hingoli,Kalamnuri,Marginal (Below 1 ha),12706,7910,7894,12,3,7607,287,1,8,4
2000,Hingoli,Sengoan,Marginal (Below 1 ha),11132,7026,6855,64,106,6608,247,1,39,24
2010,Hingoli,Aundha,Marginal (Below 1 ha),15347,8683,8678,3,2,8361,316,0,0,2
2010,Hingoli,Hingoli,Marginal (Below 1 ha),14764,8567,8557,6,4,8326,232,2,3,1
2010,Hingoli,Kalamnuri,Marginal (Below 1 ha),13997,8421,8419,2,1,8245,173,1,1,0
2010,Hingoli,Sengaon,Marginal (Below 1 ha),15422,8869,8866,0,3,8789,77,0,0,0
2010,Hingoli,Vasmat,Marginal (Below 1 ha),18897,10471,10470,0,1,10435,35,0,0,0
2015,Hingoli,Aundha (Nagnath),Marginal (Below 1 ha),18861,10065,9912,153,0,9774,138,153,0,0
2015,Hingoli,Basmath,Marginal (Below 1 ha),27580,14121,14102,19,0,13879,223,19,0,0
2015,Hingoli,Hingoli,Marginal (Below 1 ha),19685,11719,11625,94,0,11258,367,94,0,0
2015,Hingoli,Kalamnuri,Marginal (Below 1 ha),20574,12491,12369,122,0,11620,749,122,0,0
2015,Hingoli,Sengaon,Marginal (Below 1 ha),21162,12952,12696,256,0,12390,307,256,0,0
2000,Hingoli,Awdha,Small (1 to 2 ha),10960,15747,15724,19,4,15530,195,7,12,0
2000,Hingoli,Basmat,Small (1 to 2 ha),15330,21933,21806,28,99,21358,448,9,13,7
2000,Hingoli,Hingoli,Small (1 to 2 ha),14638,20455,20430,17,8,19528,902,6,6,6
2000,Hingoli,Kalamnuri,Small (1 to 2 ha),13658,19407,19358,35,14,18724,635,2,32,1
2000,Hingoli,Sengoan,Small (1 to 2 ha),16161,23775,23229,173,373,22576,653,23,102,48
2010,Hingoli,Aundha,Small (1 to 2 ha),14609,20757,20739,8,11,20289,450,6,0,2
2010,Hingoli,Hingoli,Small (1 to 2 ha),14782,20958,20917,21,20,20267,650,4,11,5
2010,Hingoli,Kalamnuri,Small (1 to 2 ha),16469,23336,23288,41,7,22816,473,5,21,15
2010,Hingoli,Sengaon,Small (1 to 2 ha),15367,21955,21942,0,13,21850,92,0,0,0
2010,Hingoli,Vasmat,Small (1 to 2 ha),14810,21026,21020,0,6,20988,32,0,0,0
2015,Hingoli,Aundha (Nagnath),Small (1 to 2 ha),15434,22148,21622,526,0,21344,278,526,0,0
2015,Hingoli,Basmath,Small (1 to 2 ha),13777,22032,21868,164,0,21543,325,164,0,0
2015,Hingoli,Hingoli,Small (1 to 2 ha),15179,21066,20587,478,0,20212,375,478,0,0
2015,Hingoli,Kalamnuri,Small (1 to 2 ha),18521,25754,25113,640,0,23975,1138,640,0,0
2015,Hingoli,Sengaon,Small (1 to 2 ha),17179,27527,26744,782,0,26297,447,782,0,0
2000,Hingoli,Awdha,Semimedium (2 to 4 ha),7331,22624,22599,22,2,22291,308,6,16,0
2000,Hingoli,Basmat,Semimedium (2 to 4 ha),10065,26852,26581,36,236,26033,548,5,10,20
2000,Hingoli,Hingoli,Semimedium (2 to 4 ha),9407,24954,24918,26,11,23887,1030,14,9,2
2000,Hingoli,Kalamnuri,Semimedium (2 to 4 ha),9011,23645,23583,35,27,22724,859,3,32,0
2000,Hingoli,Sengoan,Semimedium (2 to 4 ha),10879,29218,28445,519,253,27669,776,129,358,32
2010,Hingoli,Aundha,Semimedium (2 to 4 ha),7608,20102,19901,169,32,19518,383,165,1,3
2010,Hingoli,Hingoli,Semimedium (2 to 4 ha),8979,24050,23905,70,75,22683,1222,10,31,29
2010,Hingoli,Kalamnuri,Semimedium (2 to 4 ha),9569,25434,25164,259,10,24388,776,115,105,39
2010,Hingoli,Sengaon,Semimedium (2 to 4 ha),9697,26100,26079,0,21,25987,91,0,0,0
2010,Hingoli,Vasmat,Semimedium (2 to 4 ha),8350,22562,22548,0,14,22533,15,0,0,0
2015,Hingoli,Aundha (Nagnath),Semimedium (2 to 4 ha),7534,20274,19773,501,0,19347,426,501,0,0
2015,Hingoli,Basmath,Semimedium (2 to 4 ha),8640,21342,21096,247,0,20289,806,247,0,0
2015,Hingoli,Hingoli,Semimedium (2 to 4 ha),8922,24339,23546,793,0,22938,608,793,0,0
2015,Hingoli,Kalamnuri,Semimedium (2 to 4 ha),10060,24680,24030,650,0,23013,1017,650,0,0
2015,Hingoli,Sengaon,Semimedium (2 to 4 ha),10769,27425,26531,895,0,26002,529,895,0,0
2000,Hingoli,Awdha,Medium (4 to 10 ha),2144,13307,13293,11,3,13083,210,0,11,0
2000,Hingoli,Basmat,Medium (4 to 10 ha),3011,15985,15803,41,140,15563,241,2,23,17
2000,Hingoli,Hingoli,Medium (4 to 10 ha),3610,19947,19877,44,25,18688,1189,8,35,2
2000,Hingoli,Kalamnuri,Medium (4 to 10 ha),2817,15526,15401,96,29,14699,702,10,86,0
2000,Hingoli,Sengoan,Medium (4 to 10 ha),4322,23996,23300,402,294,22413,887,131,211,60
2010,Hingoli,Aundha,Medium (4 to 10 ha),2195,11916,11835,68,13,11561,273,62,4,2
2010,Hingoli,Hingoli,Medium (4 to 10 ha),3086,17268,17052,185,31,13381,3671,0,148,37
2010,Hingoli,Kalamnuri,Medium (4 to 10 ha),2433,13402,13109,288,5,12211,898,136,85,67
2010,Hingoli,Sengaon,Medium (4 to 10 ha),3759,20916,20817,0,99,20642,175,0,0,0
2010,Hingoli,Vasmat,Medium (4 to 10 ha),2127,11280,11258,0,22,11257,1,0,0,0
2015,Hingoli,Aundha (Nagnath),Medium (4 to 10 ha),1923,10700,10368,332,0,9991,377,332,0,0
2015,Hingoli,Basmath,Medium (4 to 10 ha),1842,10495,10396,99,0,9719,678,99,0,0
2015,Hingoli,Hingoli,Medium (4 to 10 ha),2668,15228,14728,500,0,13989,739,500,0,0
2015,Hingoli,Kalamnuri,Medium (4 to 10 ha),1918,10476,10190,285,0,9657,534,285,0,0
2015,Hingoli,Sengaon,Medium (4 to 10 ha),3031,16508,15938,570,0,15593,344,570,0,0
2000,Hingoli,Awdha,Large (>10 ha),127,2037,2036,1,0,1860,176,0,1,0
2000,Hingoli,Basmat,Large (>10 ha),77,1201,1020,132,48,1004,16,132,0,0
2000,Hingoli,Hingoli,Large (>10 ha),200,2667,2575,86,6,2300,276,86,0,0
2000,Hingoli,Kalamnuri,Large (>10 ha),249,2762,2724,38,0,1841,883,0,38,0
2000,Hingoli,Sengoan,Large (>10 ha),269,3813,3443,333,37,3129,314,155,177,0
2010,Hingoli,Aundha,Large (>10 ha),94,1282,1275,0,7,1268,8,0,0,0
2010,Hingoli,Hingoli,Large (>10 ha),229,3799,3685,105,9,2699,986,0,17,89
2010,Hingoli,Kalamnuri,Large (>10 ha),179,2563,2313,248,2,1522,791,100,97,50
2010,Hingoli,Sengaon,Large (>10 ha),260,3903,3843,0,60,3658,185,0,0,0
2010,Hingoli,Vasmat,Large (>10 ha),74,1292,1292,0,0,1292,0,0,0,0
2015,Hingoli,Aundha (Nagnath),Large (>10 ha),99,1463,1463,0,0,1407,56,0,0,0
2015,Hingoli,Basmath,Large (>10 ha),75,1351,1336,14,0,1098,238,14,0,0
2015,Hingoli,Hingoli,Large (>10 ha),259,3494,3386,108,0,3176,210,108,0,0
2015,Hingoli,Kalamnuri,Large (>10 ha),138,2472,2463,9,0,1516,946,9,0,0
2015,Hingoli,Sengaon,Large (>10 ha),139,1966,1941,25,0,1353,588,25,0,0
1995,Jalna,Ambad,Marginal (Below 1 ha),10821,6386,6372,1,13,6341,31,0,0,1
1995,Jalna,Badnapurr,Marginal (Below 1 ha),9009,5183,5153,6,20,5084,69,0,0,6
1995,Jalna,Bhokardan,Marginal (Below 1 ha),24084,13345,13321,10,13,13257,64,2,1,7
1995,Jalna,Dhansanghavi,Marginal (Below 1 ha),10345,6046,6026,1,18,5909,117,0,0,1
1995,Jalna,Jafferbad,Marginal (Below 1 ha),12249,6682,6665,1,16,6641,24,0,0,1
1995,Jalna,Jalna,Marginal (Below 1 ha),13210,7607,7572,8,27,7520,52,1,3,4
1995,Jalna,Mantha,Marginal (Below 1 ha),8776,5068,5049,5,15,4936,113,0,4,1
1995,Jalna,Partur,Marginal (Below 1 ha),9772,4542,4531,1,11,4397,134,1,0,0
2000,Jalna,Aambad,Marginal (Below 1 ha),15581,8994,8983,3,8,8956,26,0,1,2
2000,Jalna,Badnapur,Marginal (Below 1 ha),16151,8410,8372,11,28,8318,54,0,8,2
2000,Jalna,Bhokardan,Marginal (Below 1 ha),31637,16448,16433,8,6,16405,28,0,6,2
2000,Jalna,Dhansangavi,Marginal (Below 1 ha),14151,9487,9483,2,1,9472,11,2,0,0
2000,Jalna,Jalna,Marginal (Below 1 ha),18345,10562,10533,13,17,10480,53,1,10,3
2000,Jalna,Japhrabad,Marginal (Below 1 ha),18031,9573,9566,4,3,9517,49,0,1,3
2000,Jalna,Mandha,Marginal (Below 1 ha),12448,5857,5847,3,7,5795,52,0,2,1
2000,Jalna,Partur,Marginal (Below 1 ha),9420,5735,5706,19,10,5573,133,0,17,2
2010,Jalna,Ambad,Marginal (Below 1 ha),25299,14483,14274,8,202,14260,13,1,6,1
2010,Jalna,Badnapur,Marginal (Below 1 ha),20550,11273,11073,17,183,10616,457,0,17,0
2010,Jalna,Bhokardan,Marginal (Below 1 ha),34500,18164,17474,0,690,17466,8,0,0,0
2010,Jalna,Dhansangavi,Marginal (Below 1 ha),17851,10461,10461,0,0,10449,12,0,0,0
2010,Jalna,Jalna,Marginal (Below 1 ha),24332,13335,13245,9,81,13093,151,0,9,0
2010,Jalna,Japhrabad,Marginal (Below 1 ha),24676,12796,12771,1,24,12751,20,0,0,0
2010,Jalna,Mantha,Marginal (Below 1 ha),17599,10128,10077,12,39,10007,70,6,5,1
2010,Jalna,Partur,Marginal (Below 1 ha),12086,7248,7198,2,49,6803,394,0,2,0
2015,Jalna,Ambad,Marginal (Below 1 ha),35252,17855,17840,14,0,17336,504,14,0,0
2015,Jalna,Badnapur,Marginal (Below 1 ha),24369,11755,11752,3,0,11615,136,3,0,0
2015,Jalna,Bhokardan,Marginal (Below 1 ha),50425,25176,25152,25,0,25038,113,25,0,0
2015,Jalna,Ghansawangi,Marginal (Below 1 ha),24629,12665,12651,14,0,12194,457,14,0,0
2015,Jalna,Jaffrabad,Marginal (Below 1 ha),26618,13180,13154,25,0,12944,211,25,0,0
2015,Jalna,Jalna,Marginal (Below 1 ha),31990,14341,14329,11,0,14214,115,11,0,0
2015,Jalna,Mantha,Marginal (Below 1 ha),20940,10998,10985,13,0,10938,47,13,0,0
2015,Jalna,Partur,Marginal (Below 1 ha),16420,9834,9821,14,0,9722,99,14,0,0
1995,Jalna,Ambad,Small (1 to 2 ha),14993,21561,21517,1,42,21457,60,0,1,0
1995,Jalna,Badnapurr,Small (1 to 2 ha),9332,13273,13207,21,46,12992,215,1,3,17
1995,Jalna,Bhokardan,Small (1 to 2 ha),23939,34373,34272,62,37,34125,147,13,2,47
1995,Jalna,Dhansanghavi,Small (1 to 2 ha),15885,23005,22923,9,72,22577,346,0,7,2
1995,Jalna,Jafferbad,Small (1 to 2 ha),13410,19180,19116,7,56,18954,162,1,6,0
1995,Jalna,Jalna,Small (1 to 2 ha),16792,24309,24148,58,102,23830,318,36,1,21
1995,Jalna,Mantha,Small (1 to 2 ha),11792,16952,16883,24,44,16667,216,1,9,14
1995,Jalna,Partur,Small (1 to 2 ha),11650,16728,16684,2,42,16357,327,0,2,0
2000,Jalna,Aambad,Small (1 to 2 ha),18016,24099,24066,10,24,23992,74,0,7,2
2000,Jalna,Badnapur,Small (1 to 2 ha),13080,18295,18236,12,48,18156,80,2,5,6
2000,Jalna,Bhokardan,Small (1 to 2 ha),25445,35566,35533,19,14,35454,79,2,11,6
2000,Jalna,Dhansangavi,Small (1 to 2 ha),14126,23458,23455,1,3,23408,47,1,0,0
2000,Jalna,Jalna,Small (1 to 2 ha),18527,25448,25393,21,34,25241,152,7,5,9
2000,Jalna,Japhrabad,Small (1 to 2 ha),15084,21112,21088,18,5,20906,183,3,13,2
2000,Jalna,Mandha,Small (1 to 2 ha),13186,17954,17882,21,51,17764,119,3,7,10
2000,Jalna,Partur,Small (1 to 2 ha),12211,17485,17398,57,30,16996,403,0,42,14
2010,Jalna,Ambad,Small (1 to 2 ha),21442,30347,29851,32,463,29813,39,3,22,7
2010,Jalna,Badnapur,Small (1 to 2 ha),15067,21142,20311,17,814,19725,586,0,17,0
2010,Jalna,Bhokardan,Small (1 to 2 ha),23765,33790,32364,0,1425,32342,23,0,0,0
2010,Jalna,Dhansangavi,Small (1 to 2 ha),19573,27693,27687,0,6,27658,28,0,0,0
2010,Jalna,Jalna,Small (1 to 2 ha),17771,25125,24824,12,289,24630,194,0,9,2
2010,Jalna,Japhrabad,Small (1 to 2 ha),16506,23423,23283,0,140,23271,13,0,0,0
2010,Jalna,Mantha,Small (1 to 2 ha),16097,22679,22452,28,199,22344,109,9,0,19
2010,Jalna,Partur,Small (1 to 2 ha),13804,19618,19503,7,109,18380,1122,0,7,0
2015,Jalna,Ambad,Small (1 to 2 ha),23051,32926,32521,405,0,31805,716,405,0,0
2015,Jalna,Badnapur,Small (1 to 2 ha),14877,21056,20884,172,0,20541,343,172,0,0
2015,Jalna,Bhokardan,Small (1 to 2 ha),24337,33426,33195,231,0,32939,256,231,0,0
2015,Jalna,Ghansawangi,Small (1 to 2 ha),21823,27563,27179,384,0,26609,570,384,0,0
2015,Jalna,Jaffrabad,Small (1 to 2 ha),14810,22032,21887,145,0,21556,331,145,0,0
2015,Jalna,Jalna,Small (1 to 2 ha),19770,23482,23304,178,0,23090,214,178,0,0
2015,Jalna,Mantha,Small (1 to 2 ha),15427,21326,21166,160,0,21087,79,160,0,0
2015,Jalna,Partur,Small (1 to 2 ha),13916,17098,16926,173,0,16720,206,173,0,0
2015,Jalna,All Tehsils,Semimedium (2 to 4 ha),148011,198911,197063,1849,0,194347,2715,1849,0,0
1995,Jalna,Ambad,Semimedium (2 to 4 ha),10272,27563,27475,3,86,27323,152,0,1,2
1995,Jalna,Badnapurr,Semimedium (2 to 4 ha),5094,13440,13367,24,48,13035,332,6,2,16
1995,Jalna,Bhokardan,Semimedium (2 to 4 ha),12827,34143,33941,155,47,33560,381,27,15,113
1995,Jalna,Dhansanghavi,Semimedium (2 to 4 ha),11589,30921,30735,51,134,30368,367,10,22,19
1995,Jalna,Jafferbad,Semimedium (2 to 4 ha),7410,19959,19868,22,71,19448,420,4,11,7
1995,Jalna,Jalna,Semimedium (2 to 4 ha),10718,28687,28465,106,117,27747,718,39,15,52
1995,Jalna,Mantha,Semimedium (2 to 4 ha),7982,21648,21566,34,46,21230,336,4,17,13
1995,Jalna,Partur,Semimedium (2 to 4 ha),7157,19548,19480,14,53,19044,436,8,0,6
2000,Jalna,Aambad,Semimedium (2 to 4 ha),10888,28126,28053,30,43,27935,117,10,12,8
2000,Jalna,Badnapur,Semimedium (2 to 4 ha),7141,18564,18453,52,59,18338,115,1,38,13
2000,Jalna,Bhokardan,Semimedium (2 to 4 ha),12800,32662,32595,46,21,32443,152,1,8,37
2000,Jalna,Dhansangavi,Semimedium (2 to 4 ha),12700,32977,32967,4,6,32894,74,4,0,0
2000,Jalna,Jalna,Semimedium (2 to 4 ha),11176,29526,29417,61,49,29223,194,11,26,24
2000,Jalna,Japhrabad,Semimedium (2 to 4 ha),7272,19634,19574,52,7,19128,446,11,22,20
2000,Jalna,Mandha,Semimedium (2 to 4 ha),8079,21536,21450,24,62,21222,228,0,12,12
2000,Jalna,Partur,Semimedium (2 to 4 ha),7645,21018,20887,85,46,20471,416,2,61,23
2010,Jalna,Ambad,Semimedium (2 to 4 ha),11703,29825,29061,60,704,29011,49,5,39,16
2010,Jalna,Badnapur,Semimedium (2 to 4 ha),6761,17776,16888,13,874,16435,454,0,13,0
2010,Jalna,Bhokardan,Semimedium (2 to 4 ha),10314,27028,25024,0,2004,24997,27,0,0,0
2010,Jalna,Dhansangavi,Semimedium (2 to 4 ha),11579,30348,30348,0,0,30321,27,0,0,0
2010,Jalna,Jalna,Semimedium (2 to 4 ha),8923,23606,23252,7,346,23122,130,0,7,0
2010,Jalna,Japhrabad,Semimedium (2 to 4 ha),7218,18893,18726,0,166,18711,15,0,0,0
2010,Jalna,Mantha,Semimedium (2 to 4 ha),7691,20249,19893,74,281,19830,64,13,0,61
2010,Jalna,Partur,Semimedium (2 to 4 ha),7575,20077,19795,20,262,18499,1296,0,20,0
2015,Jalna,Ambad,Semimedium (2 to 4 ha),10262,26871,26398,473,0,25222,1176,473,0,0
2015,Jalna,Badnapur,Semimedium (2 to 4 ha),7099,20364,20079,285,0,19484,595,285,0,0
2015,Jalna,Bhokardan,Semimedium (2 to 4 ha),10607,26854,26442,412,0,26046,395,412,0,0
2015,Jalna,Ghansawangi,Semimedium (2 to 4 ha),12059,31369,30954,415,0,29330,1624,415,0,0
2015,Jalna,Jaffrabad,Semimedium (2 to 4 ha),9008,21488,21241,247,0,20905,337,247,0,0
2015,Jalna,Jalna,Semimedium (2 to 4 ha),11120,28580,28248,332,0,27464,784,332,0,0
2015,Jalna,Mantha,Semimedium (2 to 4 ha),7833,21046,20727,318,0,20435,292,318,0,0
2015,Jalna,Partur,Medium (4 to 10 ha),9573,24373,24020,353,0,23399,621,353,0,0
1995,Jalna,Ambad,Medium (4 to 10 ha),3857,21898,21819,5,74,21506,313,1,2,2
1995,Jalna,Badnapurr,Medium (4 to 10 ha),1877,10471,10356,77,37,10066,290,11,29,37
1995,Jalna,Bhokardan,Medium (4 to 10 ha),4211,23404,23126,181,95,22493,633,14,6,161
1995,Jalna,Dhansanghavi,Medium (4 to 10 ha),5244,29872,29468,193,209,28734,734,11,172,10
1995,Jalna,Jafferbad,Medium (4 to 10 ha),2789,16006,15926,9,70,15094,832,0,8,1
1995,Jalna,Jalna,Medium (4 to 10 ha),4732,26838,26453,183,202,25270,1183,30,29,124
1995,Jalna,Mantha,Medium (4 to 10 ha),3783,21474,21312,111,49,20895,417,31,23,57
1995,Jalna,Partur,Medium (4 to 10 ha),3734,21124,20984,8,131,20487,497,4,0,4
2000,Jalna,Aambad,Medium (4 to 10 ha),3359,18354,18300,26,28,18124,176,0,26,0
2000,Jalna,Badnapur,Medium (4 to 10 ha),2317,12992,12896,32,64,12679,217,1,4,28
2000,Jalna,Bhokardan,Medium (4 to 10 ha),3418,17575,17466,96,13,17281,184,3,22,71
2000,Jalna,Dhansangavi,Medium (4 to 10 ha),5143,27515,27501,7,7,27395,106,4,3,0
2000,Jalna,Jalna,Medium (4 to 10 ha),4131,23092,23004,26,62,22799,205,4,3,20
2000,Jalna,Japhrabad,Medium (4 to 10 ha),2132,11781,11713,68,1,11451,261,2,51,15
2000,Jalna,Mandha,Medium (4 to 10 ha),3180,17831,17764,34,33,17584,180,0,13,21
2000,Jalna,Partur,Medium (4 to 10 ha),3287,17932,17684,178,71,17118,566,9,90,79
2010,Jalna,Ambad,Medium (4 to 10 ha),1318,6700,6527,28,145,6517,10,3,16,9
2010,Jalna,Badnapur,Medium (4 to 10 ha),1563,8437,7768,4,665,7443,324,0,4,0
2010,Jalna,Bhokardan,Medium (4 to 10 ha),2436,13175,11517,0,1658,11510,7,0,0,0
2010,Jalna,Dhansangavi,Medium (4 to 10 ha),3078,16524,16524,0,0,16494,30,0,0,0
2010,Jalna,Jalna,Medium (4 to 10 ha),2824,15745,15413,22,309,15303,110,0,22,0
2010,Jalna,Japhrabad,Medium (4 to 10 ha),1474,7924,7750,1,172,7712,38,0,0,1
2010,Jalna,Mantha,Medium (4 to 10 ha),1898,10181,9959,25,197,9938,21,6,0,19
2010,Jalna,Partur,Medium (4 to 10 ha),2216,12020,11845,23,152,10439,1406,0,23,0
2015,Jalna,Ambad,Medium (4 to 10 ha),1748,9186,9023,163,0,8076,947,163,0,0
2015,Jalna,Badnapur,Medium (4 to 10 ha),1817,9797,9649,148,0,9218,431,148,0,0
2015,Jalna,Bhokardan,Medium (4 to 10 ha),2195,11986,11838,148,0,11589,249,148,0,0
2015,Jalna,Ghansawangi,Medium (4 to 10 ha),3785,20401,20102,299,0,17751,2352,299,0,0
2015,Jalna,Jaffrabad,Medium (4 to 10 ha),1961,10824,10665,159,0,10417,248,159,0,0
2015,Jalna,Jalna,Medium (4 to 10 ha),3685,20228,19977,250,0,18465,1512,250,0,0
2015,Jalna,Mantha,Medium (4 to 10 ha),2256,12025,11836,189,0,11514,322,189,0,0
2015,Jalna,Partur,Large (>10 ha),2453,13240,13093,147,0,12778,316,147,0,0
1995,Jalna,Ambad,Large (>10 ha),272,4411,4397,0,13,3291,1106,0,0,0
1995,Jalna,Badnapurr,Large (>10 ha),141,1779,1685,86,8,1494,191,19,39,28
1995,Jalna,Bhokardan,Large (>10 ha),248,3560,3396,150,14,2916,480,1,70,79
1995,Jalna,Dhansanghavi,Large (>10 ha),400,5948,5782,149,17,5299,483,47,102,0
1995,Jalna,Jafferbad,Large (>10 ha),253,3412,3394,13,5,2993,401,0,13,0
1995,Jalna,Jalna,Large (>10 ha),437,6079,5777,249,54,5107,670,96,58,95
1995,Jalna,Mantha,Large (>10 ha),329,8804,8752,6,44,8501,251,0,6,0
1995,Jalna,Partur,Large (>10 ha),283,4740,4524,100,115,3874,650,99,0,1
2000,Jalna,Aambad,Large (>10 ha),183,2386,2364,20,2,2297,67,16,1,3
2000,Jalna,Badnapur,Large (>10 ha),126,1757,1756,0,1,1731,25,0,0,0
2000,Jalna,Bhokardan,Large (>10 ha),139,2261,2252,9,0,1963,289,0,9,0
2000,Jalna,Dhansangavi,Large (>10 ha),56,1073,1070,0,3,1068,3,0,0,0
2000,Jalna,Jalna,Large (>10 ha),295,3999,3958,30,11,3842,115,0,13,17
2000,Jalna,Japhrabad,Large (>10 ha),82,1060,1060,0,0,951,109,0,0,0
2000,Jalna,Mandha,Large (>10 ha),209,2737,2705,25,6,2645,60,0,7,19
2000,Jalna,Partur,Large (>10 ha),159,2194,2082,107,5,1881,200,0,79,28
2010,Jalna,Ambad,Large (>10 ha),33,426,407,0,19,407,0,0,0,0
2010,Jalna,Badnapur,Large (>10 ha),80,1017,808,13,195,661,148,0,13,0
2010,Jalna,Bhokardan,Large (>10 ha),119,1916,1396,0,520,1396,0,0,0,0
2010,Jalna,Dhansangavi,Large (>10 ha),190,2751,2751,0,0,2737,14,0,0,0
2010,Jalna,Jalna,Large (>10 ha),203,2929,2905,0,24,2851,54,0,0,0
2010,Jalna,Japhrabad,Large (>10 ha),35,463,462,0,1,449,13,0,0,0
2010,Jalna,Mantha,Large (>10 ha),54,682,671,2,9,670,1,2,0,0
2010,Jalna,Partur,Large (>10 ha),139,2263,2211,0,52,1691,520,0,0,0
2015,Jalna,Ambad,Large (>10 ha),94,1992,1969,23,0,728,1241,23,0,0
2015,Jalna,Badnapur,Large (>10 ha),91,1527,1525,2,0,1426,99,2,0,0
2015,Jalna,Bhokardan,Large (>10 ha),160,2222,2219,2,0,2075,144,2,0,0
2015,Jalna,Ghansawangi,Large (>10 ha),191,2632,2632,0,0,2246,386,0,0,0
2015,Jalna,Jaffrabad,Large (>10 ha),82,1533,1533,0,0,1273,260,0,0,0
2015,Jalna,Jalna,Large (>10 ha),221,3026,3021,5,0,2557,464,5,0,0
2015,Jalna,Mantha,Large (>10 ha),118,1542,1542,0,0,1366,176,0,0,0
1995,Kolhapur,Ajra (M),Marginal (Below 1 ha),19490,7909,7836,45,29,7740,96,0,15,30
1995,Kolhapur,Bavda (M),Marginal (Below 1 ha),4006,1561,1453,107,1,1401,52,0,62,45
1995,Kolhapur,Bhudargad (P),Marginal (Below 1 ha),29674,10554,10264,214,77,10003,261,37,29,148
1995,Kolhapur,Chandgad,Marginal (Below 1 ha),29525,11700,11641,55,4,11369,272,43,4,8
1995,Kolhapur,Gandhinglaj,Marginal (Below 1 ha),39068,13926,13831,74,21,13517,314,9,27,38
1995,Kolhapur,Hatkanangle,Marginal (Below 1 ha),40368,19261,18522,671,67,18233,289,46,106,519
1995,Kolhapur,Kagal,Marginal (Below 1 ha),36177,13337,13070,212,55,12792,278,18,97,97
1995,Kolhapur,Kolhapur,Marginal (Below 1 ha),61387,21813,20541,1247,26,19569,972,13,760,474
1995,Kolhapur,Panhala (M),Marginal (Below 1 ha),31050,12238,12095,126,14,11137,958,0,97,29
1995,Kolhapur,Radhanagari,Marginal (Below 1 ha),35272,11621,11072,513,36,10885,187,45,217,251
1995,Kolhapur,Shahuwadi,Marginal (Below 1 ha),26089,8961,8350,573,38,8100,250,37,376,160
1995,Kolhapur,Shirol,Marginal (Below 1 ha),37095,15648,15155,344,149,14291,864,97,175,72
2000,Kolhapur,Aajra,Marginal (Below 1 ha),25135,9716,9660,32,24,9546,113,19,6,6
2000,Kolhapur,Bawda,Marginal (Below 1 ha),4964,1812,1594,202,16,1577,18,5,139,58
2000,Kolhapur,Bhudargad,Marginal (Below 1 ha),35152,11420,11166,225,30,10853,313,3,93,129
2000,Kolhapur,Chandgad,Marginal (Below 1 ha),34411,12561,12351,171,39,11887,464,57,84,30
2000,Kolhapur,Gadhingalaj,Marginal (Below 1 ha),42342,15551,14812,428,311,14759,53,390,5,34
2000,Kolhapur,Hathkangle,Marginal (Below 1 ha),44527,17974,17546,156,272,17202,344,10,58,88
2000,Kolhapur,Kagal,Marginal (Below 1 ha),44057,16617,16341,245,32,15881,460,53,66,125
2000,Kolhapur,Karveer,Marginal (Below 1 ha),71607,23523,23098,346,79,21895,1203,172,57,117
2000,Kolhapur,Panhala,Marginal (Below 1 ha),41958,13942,13699,166,77,13423,277,6,77,83
2000,Kolhapur,Radhanagri,Marginal (Below 1 ha),44248,14075,13759,292,24,13642,117,73,144,74
2000,Kolhapur,Shahuwadi,Marginal (Below 1 ha),30883,10735,10419,289,27,9980,439,16,191,82
2000,Kolhapur,Shirol,Marginal (Below 1 ha),45054,19053,18759,215,78,17105,1654,5,122,89
2010,Kolhapur,Aajra,Marginal (Below 1 ha),28477,9915,9130,0,785,9127,3,0,0,0
2010,Kolhapur,Bavada,Marginal (Below 1 ha),5941,2000,1996,0,4,1996,0,0,0,0
2010,Kolhapur,Budargad,Marginal (Below 1 ha),37430,11276,11217,0,59,11217,0,0,0,0
2010,Kolhapur,Chandgad,Marginal (Below 1 ha),41329,12662,12111,72,479,11788,323,24,30,17
2010,Kolhapur,Gadhingalaj,Marginal (Below 1 ha),54554,17363,16998,296,69,16739,260,26,78,192
2010,Kolhapur,Hatkanangale,Marginal (Below 1 ha),55428,20336,19503,0,833,19392,111,0,0,0
2010,Kolhapur,Kagal,Marginal (Below 1 ha),43975,16433,16294,4,135,16070,224,0,4,0
2010,Kolhapur,Karvir(Kolhapur),Marginal (Below 1 ha),59060,19667,18932,236,499,18712,220,33,87,115
2010,Kolhapur,Panhala,Marginal (Below 1 ha),49517,13134,12532,369,233,12311,221,102,233,34
2010,Kolhapur,Radhanagri,Marginal (Below 1 ha),45091,12765,11998,52,714,11919,80,16,26,10
2010,Kolhapur,Shahuwadi,Marginal (Below 1 ha),38487,11977,9607,2300,70,9294,313,1370,181,749
2010,Kolhapur,Shirol,Marginal (Below 1 ha),44181,18054,17833,129,92,17173,661,7,4,117
2015,Kolhapur,Ajra,Marginal (Below 1 ha),27131,9851,9223,629,0,9194,29,629,0,0
2015,Kolhapur,Bhudargad,Marginal (Below 1 ha),35575,12022,11961,61,0,11888,73,61,0,0
2015,Kolhapur,Chandgad,Marginal (Below 1 ha),38948,13240,12678,562,0,12304,374,562,0,0
2015,Kolhapur,Gadhinglaj,Marginal (Below 1 ha),51280,17644,17256,388,0,16983,273,388,0,0
2015,Kolhapur,Gaganbavda,Marginal (Below 1 ha),5976,2250,2250,0,0,2081,169,0,0,0
2015,Kolhapur,Hatkanangle,Marginal (Below 1 ha),58404,18729,17995,733,0,17890,105,733,0,0
2015,Kolhapur,Kagal,Marginal (Below 1 ha),47503,17602,17483,119,0,17235,248,119,0,0
2015,Kolhapur,Karvir,Marginal (Below 1 ha),58258,16833,16221,612,0,16025,197,612,0,0
2015,Kolhapur,Panhala,Marginal (Below 1 ha),47512,14539,14075,465,0,13715,360,465,0,0
2015,Kolhapur,Radhanagari,Marginal (Below 1 ha),45341,13448,12751,697,0,12656,95,697,0,0
2015,Kolhapur,Shahuwadi,Marginal (Below 1 ha),37671,13834,11359,2475,0,11022,338,2475,0,0
2015,Kolhapur,Shirol,Marginal (Below 1 ha),50518,18121,17983,138,0,17134,849,138,0,0
1995,Kolhapur,Ajra (M),Small (1 to 2 ha),6269,8848,8760,62,26,8550,210,0,47,15
1995,Kolhapur,Bavda (M),Small (1 to 2 ha),1925,2802,2392,406,2,2300,92,0,182,224
1995,Kolhapur,Bhudargad (P),Small (1 to 2 ha),6520,9400,9095,236,69,8531,564,31,71,134
1995,Kolhapur,Chandgad,Small (1 to 2 ha),8394,12098,12002,77,19,11590,412,48,25,4
1995,Kolhapur,Gandhinglaj,Small (1 to 2 ha),9356,12896,12834,59,3,12667,167,11,18,30
1995,Kolhapur,Hatkanangle,Small (1 to 2 ha),9050,13368,12785,537,45,12284,501,68,40,429
1995,Kolhapur,Kagal,Small (1 to 2 ha),8978,12476,11979,433,63,11376,603,97,215,121
1995,Kolhapur,Kolhapur,Small (1 to 2 ha),11059,15460,13819,1601,39,12753,1066,23,980,598
1995,Kolhapur,Panhala (M),Small (1 to 2 ha),6984,10055,9931,109,14,8740,1191,6,84,19
1995,Kolhapur,Radhanagari,Small (1 to 2 ha),6033,8503,7831,650,21,7622,209,40,325,285
1995,Kolhapur,Shahuwadi,Small (1 to 2 ha),7768,11238,9860,1248,129,9507,353,72,714,462
1995,Kolhapur,Shirol,Small (1 to 2 ha),10985,15216,14564,346,306,12342,2222,16,184,146
2000,Kolhapur,Aajra,Small (1 to 2 ha),7580,10737,10567,141,28,10388,179,110,21,11
2000,Kolhapur,Bawda,Small (1 to 2 ha),1870,2521,1847,657,17,1809,38,41,273,343
2000,Kolhapur,Bhudargad,Small (1 to 2 ha),7055,9744,9346,371,27,8715,630,1,97,273
2000,Kolhapur,Chandgad,Small (1 to 2 ha),8844,13243,12834,348,61,12364,469,120,130,98
2000,Kolhapur,Gadhingalaj,Small (1 to 2 ha),9874,13483,12698,488,297,12587,111,450,4,34
2000,Kolhapur,Hathkangle,Small (1 to 2 ha),10196,14791,14272,225,293,13836,436,18,58,150
2000,Kolhapur,Kagal,Small (1 to 2 ha),10494,14491,13970,454,67,13530,440,163,108,183
2000,Kolhapur,Karveer,Small (1 to 2 ha),10681,14450,13787,610,53,13257,529,333,132,145
2000,Kolhapur,Panhala,Small (1 to 2 ha),7600,10129,9585,396,149,9258,326,3,139,254
2000,Kolhapur,Radhanagri,Small (1 to 2 ha),6163,8560,8065,468,27,7942,123,44,242,182
2000,Kolhapur,Shahuwadi,Small (1 to 2 ha),8569,11990,11553,397,40,10771,782,19,311,67
2000,Kolhapur,Shirol,Small (1 to 2 ha),10986,15057,14764,201,92,13430,1334,32,59,110
2010,Kolhapur,Aajra,Small (1 to 2 ha),7211,10081,8908,0,1173,8897,11,0,0,0
2010,Kolhapur,Bavada,Small (1 to 2 ha),1924,2744,2726,0,18,2726,0,0,0,0
2010,Kolhapur,Budargad,Small (1 to 2 ha),6155,8557,8395,0,162,8395,0,0,0,0
2010,Kolhapur,Chandgad,Small (1 to 2 ha),7945,11158,10280,91,787,9818,462,15,55,21
2010,Kolhapur,Gadhingalaj,Small (1 to 2 ha),9382,12921,12578,299,44,12260,318,50,55,193
2010,Kolhapur,Hatkanangale,Small (1 to 2 ha),9911,13551,12510,0,1041,12330,181,0,0,0
2010,Kolhapur,Kagal,Small (1 to 2 ha),9077,12530,12327,37,165,11697,631,0,36,1
2010,Kolhapur,Karvir(Kolhapur),Small (1 to 2 ha),8598,11798,10628,492,677,10404,224,86,275,131
2010,Kolhapur,Panhala,Small (1 to 2 ha),6097,8419,7349,660,411,7158,191,181,433,45
2010,Kolhapur,Radhanagri,Small (1 to 2 ha),6200,8640,7503,133,1004,7370,134,50,46,37
2010,Kolhapur,Shahuwadi,Small (1 to 2 ha),8270,11655,7944,3669,42,7372,572,2549,203,916
2010,Kolhapur,Shirol,Small (1 to 2 ha),9721,13303,13030,174,100,12031,999,15,9,150
2015,Kolhapur,Ajra,Small (1 to 2 ha),8139,10119,9153,966,0,9086,67,966,0,0
2015,Kolhapur,Bhudargad,Small (1 to 2 ha),7612,8567,8374,193,0,8311,64,193,0,0
2015,Kolhapur,Chandgad,Small (1 to 2 ha),10336,10877,9913,964,0,9545,368,964,0,0
2015,Kolhapur,Gadhinglaj,Small (1 to 2 ha),11445,12314,11921,393,0,11639,282,393,0,0
2015,Kolhapur,Gaganbavda,Small (1 to 2 ha),2236,3117,3093,24,0,2711,382,24,0,0
2015,Kolhapur,Hatkanangle,Small (1 to 2 ha),12155,15379,14197,1181,0,14005,192,1181,0,0
2015,Kolhapur,Kagal,Small (1 to 2 ha),9207,12162,11897,265,0,11328,569,265,0,0
2015,Kolhapur,Karvir,Small (1 to 2 ha),10375,12370,11252,1118,0,11028,224,1118,0,0
2015,Kolhapur,Panhala,Small (1 to 2 ha),8570,9303,8351,952,0,8048,303,952,0,0
2015,Kolhapur,Radhanagari,Small (1 to 2 ha),7138,7981,6981,1000,0,6758,224,1000,0,0
2015,Kolhapur,Shahuwadi,Small (1 to 2 ha),8197,10993,7786,3208,0,7281,505,3208,0,0
2015,Kolhapur,Shirol,Small (1 to 2 ha),10082,15720,15466,254,0,14581,884,254,0,0
1995,Kolhapur,Ajra (M),Semimedium (2 to 4 ha),2995,8119,7990,102,27,7721,269,0,77,25
1995,Kolhapur,Bavda (M),Semimedium (2 to 4 ha),1373,3828,3116,707,4,2991,125,1,351,355
1995,Kolhapur,Bhudargad (P),Semimedium (2 to 4 ha),2888,7793,7426,304,63,6737,689,81,137,86
1995,Kolhapur,Chandgad,Semimedium (2 to 4 ha),5156,14327,14157,143,28,13642,515,79,31,33
1995,Kolhapur,Gandhinglaj,Semimedium (2 to 4 ha),3341,8958,8915,36,8,8872,43,10,16,10
1995,Kolhapur,Hatkanangle,Semimedium (2 to 4 ha),3626,9937,9053,840,45,8401,652,345,67,428
1995,Kolhapur,Kagal,Semimedium (2 to 4 ha),3710,10002,9655,254,95,8977,678,39,79,136
1995,Kolhapur,Kolhapur,Semimedium (2 to 4 ha),4016,10625,9612,974,39,8492,1120,48,476,450
1995,Kolhapur,Panhala (M),Semimedium (2 to 4 ha),2968,8037,7886,148,6,6811,1075,0,105,43
1995,Kolhapur,Radhanagari,Semimedium (2 to 4 ha),2911,8016,6936,1061,19,6719,217,23,549,489
1995,Kolhapur,Shahuwadi,Semimedium (2 to 4 ha),4726,12862,10657,1777,428,10039,618,24,1039,714
1995,Kolhapur,Shirol,Semimedium (2 to 4 ha),3052,8040,7719,157,162,6726,993,3,100,54
2000,Kolhapur,Aajra,Semimedium (2 to 4 ha),2896,7650,7533,109,9,7392,141,71,27,11
2000,Kolhapur,Bawda,Semimedium (2 to 4 ha),1505,3806,2772,1025,9,2696,76,79,847,99
2000,Kolhapur,Bhudargad,Semimedium (2 to 4 ha),2812,7421,6654,747,20,6115,540,0,117,630
2000,Kolhapur,Chandgad,Semimedium (2 to 4 ha),5341,14690,14147,470,72,13424,724,141,241,87
2000,Kolhapur,Gadhingalaj,Semimedium (2 to 4 ha),2946,7533,6982,313,237,6766,216,274,22,17
2000,Kolhapur,Hathkangle,Semimedium (2 to 4 ha),3307,8543,8089,275,179,7834,255,16,62,198
2000,Kolhapur,Kagal,Semimedium (2 to 4 ha),3726,9877,9336,491,50,8986,350,231,105,155
2000,Kolhapur,Karveer,Semimedium (2 to 4 ha),3446,8705,8132,542,30,7742,390,302,150,91
2000,Kolhapur,Panhala,Semimedium (2 to 4 ha),2856,7462,6910,354,197,6698,213,3,83,268
2000,Kolhapur,Radhanagri,Semimedium (2 to 4 ha),2623,7148,6216,803,129,6006,211,4,532,267
2000,Kolhapur,Shahuwadi,Semimedium (2 to 4 ha),4610,12072,11181,631,260,10091,1089,3,371,256
2000,Kolhapur,Shirol,Semimedium (2 to 4 ha),2817,6916,6720,150,46,6050,670,39,29,82
2010,Kolhapur,Aajra,Semimedium (2 to 4 ha),2675,7090,6216,0,874,6214,2,0,0,0
2010,Kolhapur,Bavada,Semimedium (2 to 4 ha),1344,3678,3661,0,17,3661,0,0,0,0
2010,Kolhapur,Budargad,Semimedium (2 to 4 ha),2593,6827,6688,0,138,6688,0,0,0,0
2010,Kolhapur,Chandgad,Semimedium (2 to 4 ha),4346,11695,10524,118,1052,10060,465,8,95,15
2010,Kolhapur,Gadhingalaj,Semimedium (2 to 4 ha),2686,7014,6687,299,28,6543,145,49,50,200
2010,Kolhapur,Hatkanangale,Semimedium (2 to 4 ha),2789,7266,6375,0,890,6267,108,0,0,0
2010,Kolhapur,Kagal,Semimedium (2 to 4 ha),2808,7459,7267,83,109,6781,486,0,81,2
2010,Kolhapur,Karvir(Kolhapur),Semimedium (2 to 4 ha),2841,7508,6385,306,817,6293,92,57,193,56
2010,Kolhapur,Panhala,Semimedium (2 to 4 ha),2495,6735,5237,547,951,5112,125,114,300,134
2010,Kolhapur,Radhanagri,Semimedium (2 to 4 ha),2809,7654,5999,109,1546,5837,162,29,56,24
2010,Kolhapur,Shahuwadi,Semimedium (2 to 4 ha),4139,11124,6823,4249,51,6281,542,3045,172,1032
2010,Kolhapur,Shirol,Semimedium (2 to 4 ha),2195,5647,5559,51,38,4950,609,2,0,49
2015,Kolhapur,Ajra,Semimedium (2 to 4 ha),2459,6887,6109,777,0,6075,35,777,0,0
2015,Kolhapur,Bhudargad,Semimedium (2 to 4 ha),3279,7621,7396,225,0,7273,123,225,0,0
2015,Kolhapur,Chandgad,Semimedium (2 to 4 ha),5602,13698,12192,1506,0,11683,509,1506,0,0
2015,Kolhapur,Gadhinglaj,Semimedium (2 to 4 ha),3839,8756,8279,477,0,8115,164,477,0,0
2015,Kolhapur,Gaganbavda,Semimedium (2 to 4 ha),1329,3582,3523,59,0,3138,385,59,0,0
2015,Kolhapur,Hatkanangle,Semimedium (2 to 4 ha),3320,7804,6849,956,0,6763,86,956,0,0
2015,Kolhapur,Kagal,Semimedium (2 to 4 ha),2724,6830,6569,261,0,6176,393,261,0,0
2015,Kolhapur,Karvir,Semimedium (2 to 4 ha),4604,10876,9396,1480,0,9250,145,1480,0,0
2015,Kolhapur,Panhala,Semimedium (2 to 4 ha),2615,6270,5186,1084,0,4957,229,1084,0,0
2015,Kolhapur,Radhanagari,Semimedium (2 to 4 ha),2822,7330,5885,1445,0,5366,519,1445,0,0
2015,Kolhapur,Shahuwadi,Semimedium (2 to 4 ha),4292,11087,6972,4116,0,6471,500,4116,0,0
2015,Kolhapur,Shirol,Semimedium (2 to 4 ha),2531,6168,6052,116,0,5539,513,116,0,0
1995,Kolhapur,Ajra (M),Medium (4 to 10 ha),973,5480,5311,156,13,5055,256,3,130,23
1995,Kolhapur,Bavda (M),Medium (4 to 10 ha),637,3556,2711,828,16,2564,147,0,333,495
1995,Kolhapur,Bhudargad (P),Medium (4 to 10 ha),741,4188,4060,98,27,2975,1085,19,66,13
1995,Kolhapur,Chandgad,Medium (4 to 10 ha),2089,11830,11708,115,6,11195,513,33,33,49
1995,Kolhapur,Gandhinglaj,Medium (4 to 10 ha),657,3502,3413,56,35,3281,132,0,13,43
1995,Kolhapur,Hatkanangle,Medium (4 to 10 ha),689,3727,2960,750,17,2694,266,242,139,369
1995,Kolhapur,Kagal,Medium (4 to 10 ha),1014,5590,5269,259,60,4652,617,32,59,168
1995,Kolhapur,Kolhapur,Medium (4 to 10 ha),768,4264,3857,401,6,2834,1023,17,229,155
1995,Kolhapur,Panhala (M),Medium (4 to 10 ha),826,4595,4497,91,8,4018,479,0,6,85
1995,Kolhapur,Radhanagari,Medium (4 to 10 ha),1168,6807,5697,1090,23,5370,327,39,483,568
1995,Kolhapur,Shahuwadi,Medium (4 to 10 ha),1810,10047,8639,1094,313,7795,844,92,791,211
1995,Kolhapur,Shirol,Medium (4 to 10 ha),557,3000,2859,116,26,2284,575,1,104,11
2000,Kolhapur,Aajra,Medium (4 to 10 ha),745,4103,4047,54,2,3976,71,36,9,9
2000,Kolhapur,Bawda,Medium (4 to 10 ha),582,3127,1871,1256,0,1865,6,62,886,308
2000,Kolhapur,Bhudargad,Medium (4 to 10 ha),634,3603,3053,549,1,2866,187,17,51,481
2000,Kolhapur,Chandgad,Medium (4 to 10 ha),1862,10302,9013,1226,63,8236,777,169,882,175
2000,Kolhapur,Gadhingalaj,Medium (4 to 10 ha),526,2667,2393,181,93,2222,171,146,0,35
2000,Kolhapur,Hathkangle,Medium (4 to 10 ha),490,2688,2400,195,93,2197,204,1,106,88
2000,Kolhapur,Kagal,Medium (4 to 10 ha),744,4021,3687,325,9,3511,176,138,74,113
2000,Kolhapur,Karveer,Medium (4 to 10 ha),544,2925,2605,276,45,2399,206,131,97,48
2000,Kolhapur,Panhala,Medium (4 to 10 ha),640,3524,3160,265,99,3073,87,12,85,168
2000,Kolhapur,Radhanagri,Medium (4 to 10 ha),804,4474,3337,881,256,3222,114,14,461,406
2000,Kolhapur,Shahuwadi,Medium (4 to 10 ha),1474,8178,7195,870,114,6502,693,124,675,71
2000,Kolhapur,Shirol,Medium (4 to 10 ha),319,1721,1645,63,13,1448,197,14,8,40
2010,Kolhapur,Aajra,Medium (4 to 10 ha),705,3918,3550,0,369,3550,0,0,0,0
2010,Kolhapur,Bavada,Medium (4 to 10 ha),520,3009,2978,0,31,2978,0,0,0,0
2010,Kolhapur,Budargad,Medium (4 to 10 ha),807,4527,4456,0,71,4456,0,0,0,0
2010,Kolhapur,Chandgad,Medium (4 to 10 ha),1559,8767,7284,328,1155,6698,586,15,178,135
2010,Kolhapur,Gadhingalaj,Medium (4 to 10 ha),509,2763,2604,141,18,2575,30,53,68,19
2010,Kolhapur,Hatkanangale,Medium (4 to 10 ha),429,2319,1937,0,382,1855,82,0,0,0
2010,Kolhapur,Kagal,Medium (4 to 10 ha),681,3748,3663,39,45,3362,301,12,27,0
2010,Kolhapur,Karvir(Kolhapur),Medium (4 to 10 ha),656,3666,2780,100,787,2696,83,18,50,31
2010,Kolhapur,Panhala,Medium (4 to 10 ha),1030,5717,4218,489,1010,3874,344,222,186,82
2010,Kolhapur,Radhanagri,Medium (4 to 10 ha),973,5495,3212,29,2255,3027,185,3,18,8
2010,Kolhapur,Shahuwadi,Medium (4 to 10 ha),1452,8096,4588,3447,60,4150,438,2678,43,725
2010,Kolhapur,Shirol,Medium (4 to 10 ha),286,1561,1501,19,41,1417,83,0,0,19
2015,Kolhapur,Ajra,Medium (4 to 10 ha),716,4029,3731,299,0,3596,134,299,0,0
2015,Kolhapur,Bhudargad,Medium (4 to 10 ha),843,4695,4580,115,0,4404,177,115,0,0
2015,Kolhapur,Chandgad,Medium (4 to 10 ha),1796,9918,8220,1698,0,7697,523,1698,0,0
2015,Kolhapur,Gadhinglaj,Medium (4 to 10 ha),516,2813,2599,214,0,2577,22,214,0,0
2015,Kolhapur,Gaganbavda,Medium (4 to 10 ha),497,2830,2807,23,0,2331,476,23,0,0
2015,Kolhapur,Hatkanangle,Medium (4 to 10 ha),727,4058,3350,708,0,3252,98,708,0,0
2015,Kolhapur,Kagal,Medium (4 to 10 ha),605,3344,3278,65,0,3005,274,65,0,0
2015,Kolhapur,Karvir,Medium (4 to 10 ha),798,4499,3469,1031,0,3399,69,1031,0,0
2015,Kolhapur,Panhala,Medium (4 to 10 ha),715,3923,3057,866,0,2718,339,866,0,0
2015,Kolhapur,Radhanagari,Medium (4 to 10 ha),1005,5753,3716,2037,0,2995,720,2037,0,0
2015,Kolhapur,Shahuwadi,Medium (4 to 10 ha),1407,7814,4552,3261,0,4124,428,3261,0,0
2015,Kolhapur,Shirol,Medium (4 to 10 ha),392,2163,2109,54,0,2008,101,54,0,0
1995,Kolhapur,Ajra (M),Large (>10 ha),122,2127,1977,108,43,1660,317,0,63,45
1995,Kolhapur,Bavda (M),Large (>10 ha),75,1109,856,253,0,614,242,0,67,186
1995,Kolhapur,Bhudargad (P),Large (>10 ha),71,1284,1262,21,1,1079,183,0,18,3
1995,Kolhapur,Chandgad,Large (>10 ha),230,7875,7815,48,12,7502,313,24,6,18
1995,Kolhapur,Gandhinglaj,Large (>10 ha),31,574,574,0,0,574,0,0,0,0
1995,Kolhapur,Hatkanangle,Large (>10 ha),70,1150,942,206,3,673,269,48,99,59
1995,Kolhapur,Kagal,Large (>10 ha),103,1715,1603,85,27,1142,461,1,78,6
1995,Kolhapur,Kolhapur,Large (>10 ha),81,1741,1385,356,0,865,520,0,299,57
1995,Kolhapur,Panhala (M),Large (>10 ha),64,1024,1024,0,0,1018,6,0,0,0
1995,Kolhapur,Radhanagari,Large (>10 ha),191,3496,2537,948,11,2309,228,0,186,762
1995,Kolhapur,Shahuwadi,Large (>10 ha),242,5503,4850,648,6,4565,285,61,583,4
1995,Kolhapur,Shirol,Large (>10 ha),48,979,830,148,1,727,103,0,148,0
2000,Kolhapur,Aajra,Large (>10 ha),82,2602,2602,0,0,2575,27,0,0,0
2000,Kolhapur,Bawda,Large (>10 ha),71,1385,1279,106,0,1279,0,0,24,82
2000,Kolhapur,Bhudargad,Large (>10 ha),82,2970,1722,1245,2,1591,132,0,639,606
2000,Kolhapur,Chandgad,Large (>10 ha),189,3930,3750,180,1,3525,225,38,137,4
2000,Kolhapur,Gadhingalaj,Large (>10 ha),25,433,410,23,0,410,0,23,0,0
2000,Kolhapur,Hathkangle,Large (>10 ha),50,1049,931,96,23,921,9,0,43,52
2000,Kolhapur,Kagal,Large (>10 ha),48,1001,750,193,58,475,275,121,72,0
2000,Kolhapur,Karveer,Large (>10 ha),90,2204,2199,0,5,1183,1016,0,0,0
2000,Kolhapur,Panhala,Large (>10 ha),49,860,733,42,85,728,5,0,21,21
2000,Kolhapur,Radhanagri,Large (>10 ha),84,2315,1909,319,86,1893,16,29,85,205
2000,Kolhapur,Shahuwadi,Large (>10 ha),191,4144,3717,420,7,3595,123,0,420,0
2000,Kolhapur,Shirol,Large (>10 ha),31,727,704,0,24,259,445,0,0,0
2010,Kolhapur,Aajra,Large (>10 ha),70,1798,1373,0,426,1373,0,0,0,0
2010,Kolhapur,Bavada,Large (>10 ha),70,1122,1122,0,0,1122,0,0,0,0
2010,Kolhapur,Budargad,Large (>10 ha),48,659,655,0,4,655,0,0,0,0
2010,Kolhapur,Chandgad,Large (>10 ha),204,3522,2792,132,598,2568,224,0,86,46
2010,Kolhapur,Gadhingalaj,Large (>10 ha),31,506,504,0,2,473,30,0,0,0
2010,Kolhapur,Hatkanangale,Large (>10 ha),57,1104,1031,0,73,1031,0,0,0,0
2010,Kolhapur,Kagal,Large (>10 ha),67,5692,5654,39,0,4291,1363,0,39,0
2010,Kolhapur,Karvir(Kolhapur),Large (>10 ha),54,1036,779,23,234,771,7,6,17,0
2010,Kolhapur,Panhala,Large (>10 ha),65,1256,994,32,230,994,0,0,32,0
2010,Kolhapur,Radhanagri,Large (>10 ha),125,2186,991,2,1193,991,0,0,0,2
2010,Kolhapur,Shahuwadi,Large (>10 ha),179,4121,2057,2064,0,1705,352,752,1,1311
2010,Kolhapur,Shirol,Large (>10 ha),26,571,469,102,0,408,61,62,0,40
2015,Kolhapur,Ajra,Large (>10 ha),100,2154,1977,178,0,1927,50,178,0,0
2015,Kolhapur,Bhudargad,Large (>10 ha),83,2916,2910,6,0,2910,0,6,0,0
2015,Kolhapur,Chandgad,Large (>10 ha),348,4611,3392,1218,0,3104,288,1218,0,0
2015,Kolhapur,Gadhinglaj,Large (>10 ha),51,1068,1065,3,0,1002,63,3,0,0
2015,Kolhapur,Gaganbavda,Large (>10 ha),76,1994,1994,0,0,1793,201,0,0,0
2015,Kolhapur,Hatkanangle,Large (>10 ha),117,2106,1969,138,0,1969,0,138,0,0
2015,Kolhapur,Kagal,Large (>10 ha),97,7287,7226,61,0,5478,1748,61,0,0
2015,Kolhapur,Karvir,Large (>10 ha),182,3644,2808,836,0,2784,24,836,0,0
2015,Kolhapur,Panhala,Large (>10 ha),120,2303,1939,364,0,631,1308,364,0,0
2015,Kolhapur,Radhanagari,Large (>10 ha),175,4531,3945,586,0,955,2990,586,0,0
2015,Kolhapur,Shahuwadi,Large (>10 ha),227,4580,2856,1724,0,2637,219,1724,0,0
2015,Kolhapur,Shirol,Large (>10 ha),58,1065,909,157,0,909,0,157,0,0
1995,Latur,Ahmedpur,Marginal (Below 1 ha),8671,5252,5229,2,21,4797,432,2,0,0
1995,Latur,Chakur,Marginal (Below 1 ha),4782,3065,3029,18,17,2839,190,1,10,7
1995,Latur,Latur,Marginal (Below 1 ha),8659,5523,5506,8,8,5265,241,2,1,5
1995,Latur,Nilanga,Marginal (Below 1 ha),10185,6902,6861,23,18,6689,172,6,12,5
1995,Latur,Owsa,Marginal (Below 1 ha),8141,5555,5548,1,4,5376,172,0,0,1
1995,Latur,Renapur,Marginal (Below 1 ha),5725,3730,3696,1,33,3485,211,0,1,0
1995,Latur,Udgir,Marginal (Below 1 ha),11477,7373,7308,22,40,6651,657,6,5,11
2000,Latur,Ahmadpur,Marginal (Below 1 ha),10940,6336,6295,10,32,5655,639,3,6,2
2000,Latur,Awsa,Marginal (Below 1 ha),12165,7758,7714,41,2,7375,340,9,23,9
2000,Latur,Chakur,Marginal (Below 1 ha),7995,4772,4731,37,4,4496,234,3,8,26
2000,Latur,Dewanee,Marginal (Below 1 ha),4454,2907,2901,6,0,2526,375,0,6,0
2000,Latur,Jalkot,Marginal (Below 1 ha),4963,2766,2732,3,31,2480,252,0,0,3
2000,Latur,Latur,Marginal (Below 1 ha),10832,7021,6765,227,29,5663,1102,64,69,95
2000,Latur,Nilanga,Marginal (Below 1 ha),12159,7915,7888,21,6,7746,142,12,7,2
2000,Latur,Renapur,Marginal (Below 1 ha),8066,4806,4793,12,2,4511,281,0,6,6
2000,Latur,Shiruanantpal,Marginal (Below 1 ha),3814,2547,2542,2,4,2305,237,0,2,0
2000,Latur,Udgeer,Marginal (Below 1 ha),8193,5004,4976,10,17,4165,811,1,7,2
2010,Latur,Ahmadpur,Marginal (Below 1 ha),17864,10235,10231,5,0,9919,312,0,1,3
2010,Latur,Awsa,Marginal (Below 1 ha),22260,14126,14101,21,4,12886,1215,0,21,0
2010,Latur,Chakur,Marginal (Below 1 ha),13509,8068,8066,0,2,7455,611,0,0,0
2010,Latur,Deoni,Marginal (Below 1 ha),8189,5114,5114,0,0,4076,1038,0,0,0
2010,Latur,Jalkot,Marginal (Below 1 ha),7915,4376,4375,0,0,4053,322,0,0,0
2010,Latur,Latur,Marginal (Below 1 ha),20043,12185,12120,45,19,10994,1126,17,11,17
2010,Latur,Nilanga,Marginal (Below 1 ha),23910,15131,15131,0,0,14532,599,0,0,0
2010,Latur,Renapur,Marginal (Below 1 ha),12340,7455,7454,2,0,7250,203,0,2,0
2010,Latur,Shiruranantpal,Marginal (Below 1 ha),6799,4326,4326,0,0,137,4189,0,0,0
2010,Latur,Udgeer,Marginal (Below 1 ha),14439,8562,8544,6,12,7201,1343,0,5,1
2015,Latur,Ahmadpur,Marginal (Below 1 ha),23399,11707,11705,2,0,10781,924,2,0,0
2015,Latur,Ausa,Marginal (Below 1 ha),28257,16154,16152,2,0,15687,465,2,0,0
2015,Latur,Chakur,Marginal (Below 1 ha),17568,9040,9034,6,0,8542,492,6,0,0
2015,Latur,Deoni,Marginal (Below 1 ha),11305,5855,5854,0,0,5545,310,0,0,0
2015,Latur,Jalkot,Marginal (Below 1 ha),10138,4329,4317,12,0,4047,270,12,0,0
2015,Latur,Latur,Marginal (Below 1 ha),25563,12920,12920,0,0,12285,635,0,0,0
2015,Latur,Nilanga,Marginal (Below 1 ha),30442,15949,15949,0,0,14914,1035,0,0,0
2015,Latur,Renapur,Marginal (Below 1 ha),15105,9050,9040,10,0,7933,1107,10,0,0
2015,Latur,Shirur-Anantpal,Marginal (Below 1 ha),9397,5061,5061,0,0,4804,257,0,0,0
2015,Latur,Udgir,Marginal (Below 1 ha),19273,9708,9708,0,0,9111,598,0,0,0
1995,Latur,Ahmedpur,Small (1 to 2 ha),12075,17388,17258,37,93,16163,1095,9,11,17
1995,Latur,Chakur,Small (1 to 2 ha),8332,12206,12081,50,73,11469,612,2,31,17
1995,Latur,Latur,Small (1 to 2 ha),13552,19682,19627,4,51,18831,796,0,3,1
1995,Latur,Nilanga,Small (1 to 2 ha),18575,26685,26513,105,67,25964,549,39,43,23
1995,Latur,Owsa,Small (1 to 2 ha),16009,23229,23169,40,20,22649,520,2,13,25
1995,Latur,Renapur,Small (1 to 2 ha),9393,13529,13431,19,79,12797,634,0,11,8
1995,Latur,Udgir,Small (1 to 2 ha),18851,27150,26920,54,175,24696,2224,15,17,22
2000,Latur,Ahmadpur,Small (1 to 2 ha),12121,16745,16640,10,95,15245,1395,8,1,1
2000,Latur,Awsa,Small (1 to 2 ha),18107,26226,26027,189,10,25048,979,95,66,28
2000,Latur,Chakur,Small (1 to 2 ha),9950,13326,13198,106,22,12693,505,9,17,80
2000,Latur,Dewanee,Small (1 to 2 ha),6663,9508,9485,23,1,7920,1565,0,23,0
2000,Latur,Jalkot,Small (1 to 2 ha),5177,7364,7296,6,62,6826,470,0,0,5
2000,Latur,Latur,Small (1 to 2 ha),15159,21634,20965,546,123,15919,5046,211,126,210
2000,Latur,Nilanga,Small (1 to 2 ha),17294,24200,24111,72,17,23765,346,50,18,4
2000,Latur,Renapur,Small (1 to 2 ha),10398,14560,14522,23,15,13835,688,5,12,6
2000,Latur,Shiruanantpal,Small (1 to 2 ha),5356,7677,7669,0,9,6821,848,0,0,0
2000,Latur,Udgeer,Small (1 to 2 ha),11101,15945,15882,28,36,13071,2811,11,14,3
2010,Latur,Ahmadpur,Small (1 to 2 ha),14912,20914,20902,12,0,20363,539,4,4,4
2010,Latur,Awsa,Small (1 to 2 ha),23738,33712,33646,25,41,31961,1686,2,23,0
2010,Latur,Chakur,Small (1 to 2 ha),12763,18118,18117,0,1,17529,588,0,0,0
2010,Latur,Deoni,Small (1 to 2 ha),8891,12521,12520,1,0,12304,216,0,1,0
2010,Latur,Jalkot,Small (1 to 2 ha),5989,8422,8422,0,0,7851,571,0,0,0
2010,Latur,Latur,Small (1 to 2 ha),19515,27703,27452,159,93,26108,1343,57,36,65
2010,Latur,Nilanga,Small (1 to 2 ha),23027,32444,32413,0,31,31518,895,0,0,0
2010,Latur,Renapur,Small (1 to 2 ha),12414,17623,17609,14,0,17239,370,0,14,0
2010,Latur,Shiruranantpal,Small (1 to 2 ha),7391,10510,10510,0,0,762,9748,0,0,0
2010,Latur,Udgeer,Small (1 to 2 ha),13735,19465,19427,14,23,17387,2040,1,9,4
2015,Latur,Ahmadpur,Small (1 to 2 ha),16192,21943,21478,464,0,20549,929,464,0,0
2015,Latur,Ausa,Small (1 to 2 ha),25630,35851,35393,457,0,34739,654,457,0,0
2015,Latur,Chakur,Small (1 to 2 ha),13372,17772,17335,437,0,16947,389,437,0,0
2015,Latur,Deoni,Small (1 to 2 ha),9557,11417,11265,152,0,10910,355,152,0,0
2015,Latur,Jalkot,Small (1 to 2 ha),5669,7771,7584,187,0,7365,219,187,0,0
2015,Latur,Latur,Small (1 to 2 ha),20199,25944,25469,474,0,24885,584,474,0,0
2015,Latur,Nilanga,Small (1 to 2 ha),22952,32760,32566,195,0,27833,4733,195,0,0
2015,Latur,Renapur,Small (1 to 2 ha),13056,16549,16242,307,0,14591,1651,307,0,0
2015,Latur,Shirur-Anantpal,Small (1 to 2 ha),8155,10228,9681,547,0,9516,165,547,0,0
2015,Latur,Udgir,Small (1 to 2 ha),13947,20241,19844,397,0,19282,562,397,0,0
1995,Latur,Ahmedpur,Semimedium (2 to 4 ha),9237,25195,24902,113,179,23036,1866,17,29,67
1995,Latur,Chakur,Semimedium (2 to 4 ha),6319,17576,17302,112,161,16503,799,11,63,38
1995,Latur,Latur,Semimedium (2 to 4 ha),9789,26833,26758,23,51,25595,1163,2,9,12
1995,Latur,Nilanga,Semimedium (2 to 4 ha),14220,39132,38792,213,128,38000,792,65,91,57
1995,Latur,Owsa,Semimedium (2 to 4 ha),12061,33220,33092,92,38,32259,833,0,68,24
1995,Latur,Renapur,Semimedium (2 to 4 ha),6542,17914,17770,26,118,16870,900,0,6,20
1995,Latur,Udgir,Semimedium (2 to 4 ha),14944,40946,40475,160,309,37152,3323,7,60,93
2000,Latur,Ahmadpur,Semimedium (2 to 4 ha),8215,22182,22033,22,127,20204,1829,10,5,7
2000,Latur,Awsa,Semimedium (2 to 4 ha),12153,33028,32828,182,18,31754,1074,87,46,49
2000,Latur,Chakur,Semimedium (2 to 4 ha),7111,18478,18293,155,30,17666,627,17,26,112
2000,Latur,Dewanee,Semimedium (2 to 4 ha),4429,12063,12037,25,1,8683,3354,4,21,0
2000,Latur,Jalkot,Semimedium (2 to 4 ha),3808,9810,9713,13,84,9161,552,0,4,9
2000,Latur,Latur,Semimedium (2 to 4 ha),10350,28055,27453,467,135,17002,10451,209,161,97
2000,Latur,Nilanga,Semimedium (2 to 4 ha),11677,31906,31765,121,20,31296,469,73,44,4
2000,Latur,Renapur,Semimedium (2 to 4 ha),6489,16939,16867,23,49,15967,900,0,12,10
2000,Latur,Shiruanantpal,Semimedium (2 to 4 ha),3353,9080,9073,0,7,7658,1415,0,0,0
2000,Latur,Udgeer,Semimedium (2 to 4 ha),7716,21071,20920,76,75,15611,5308,33,24,18
2010,Latur,Ahmadpur,Semimedium (2 to 4 ha),7911,21222,21216,6,0,20831,385,1,3,2
2010,Latur,Awsa,Semimedium (2 to 4 ha),12578,33965,33726,18,220,32483,1244,0,18,0
2010,Latur,Chakur,Semimedium (2 to 4 ha),7190,19222,19211,0,11,18729,482,0,0,0
2010,Latur,Deoni,Semimedium (2 to 4 ha),3951,10560,10557,2,1,10486,70,0,2,0
2010,Latur,Jalkot,Semimedium (2 to 4 ha),3833,10182,10182,0,0,9463,719,0,0,0
2010,Latur,Latur,Semimedium (2 to 4 ha),9900,26488,26069,260,159,24927,1141,41,61,158
2010,Latur,Nilanga,Semimedium (2 to 4 ha),10894,29030,28863,0,167,28144,719,0,0,0
2010,Latur,Renapur,Semimedium (2 to 4 ha),6056,16203,16202,1,0,15903,299,1,0,0
2010,Latur,Shiruranantpal,Semimedium (2 to 4 ha),3255,8567,8564,4,0,1021,7543,0,4,0
2010,Latur,Udgeer,Semimedium (2 to 4 ha),7973,21582,21512,38,33,19165,2347,0,33,5
2015,Latur,Ahmadpur,Semimedium (2 to 4 ha),9066,21472,20960,511,0,20186,774,511,0,0
2015,Latur,Ausa,Semimedium (2 to 4 ha),11491,32297,31652,644,0,30825,827,644,0,0
2015,Latur,Chakur,Semimedium (2 to 4 ha),7060,18492,17989,502,0,17549,441,502,0,0
2015,Latur,Deoni,Semimedium (2 to 4 ha),4149,10865,10715,150,0,10346,369,150,0,0
2015,Latur,Jalkot,Semimedium (2 to 4 ha),4407,10704,10263,442,0,10054,209,442,0,0
2015,Latur,Latur,Semimedium (2 to 4 ha),10223,27798,27239,559,0,26818,421,559,0,0
2015,Latur,Nilanga,Semimedium (2 to 4 ha),10643,25841,25620,221,0,20656,4964,221,0,0
2015,Latur,Renapur,Semimedium (2 to 4 ha),5258,14877,14573,304,0,13034,1539,304,0,0
2015,Latur,Shirur-Anantpal,Semimedium (2 to 4 ha),2953,7504,7282,223,0,7186,95,223,0,0
2015,Latur,Udgir,Semimedium (2 to 4 ha),7705,22600,22105,495,0,21166,939,495,0,0
1995,Latur,Ahmedpur,Medium (4 to 10 ha),4333,24744,24353,200,187,21877,2476,15,104,81
1995,Latur,Chakur,Medium (4 to 10 ha),3685,21181,20757,181,246,19669,1088,28,111,42
1995,Latur,Latur,Medium (4 to 10 ha),4833,27273,27183,37,54,26131,1052,9,6,22
1995,Latur,Nilanga,Medium (4 to 10 ha),6487,36625,36078,392,153,35223,855,107,159,126
1995,Latur,Owsa,Medium (4 to 10 ha),6765,39049,38914,110,26,38077,837,14,52,44
1995,Latur,Renapur,Medium (4 to 10 ha),2679,15025,14876,31,117,13755,1121,0,18,13
1995,Latur,Udgir,Medium (4 to 10 ha),7785,44386,43766,232,388,39621,4145,49,102,81
2000,Latur,Ahmadpur,Medium (4 to 10 ha),3713,20721,20529,41,151,18663,1867,8,20,13
2000,Latur,Awsa,Medium (4 to 10 ha),5845,33143,32719,335,89,31550,1168,160,62,113
2000,Latur,Chakur,Medium (4 to 10 ha),3480,19501,19305,186,10,18583,722,7,9,169
2000,Latur,Dewanee,Medium (4 to 10 ha),1938,10740,10690,50,0,6229,4460,11,38,0
2000,Latur,Jalkot,Medium (4 to 10 ha),1583,8881,8782,7,92,8187,595,0,0,6
2000,Latur,Latur,Medium (4 to 10 ha),4296,24300,23863,335,103,10571,13292,112,178,45
2000,Latur,Nilanga,Medium (4 to 10 ha),4719,25804,25612,164,27,25039,574,69,92,3
2000,Latur,Renapur,Medium (4 to 10 ha),2326,12767,12706,23,38,11960,746,0,10,13
2000,Latur,Shiruanantpal,Medium (4 to 10 ha),1416,7822,7799,0,23,5450,2349,0,0,0
2000,Latur,Udgeer,Medium (4 to 10 ha),3888,21497,21314,90,93,13406,7908,7,48,35
2010,Latur,Ahmadpur,Medium (4 to 10 ha),2574,14012,13998,14,0,13788,210,0,13,0
2010,Latur,Awsa,Medium (4 to 10 ha),4617,25836,25647,14,175,25143,504,0,14,0
2010,Latur,Chakur,Medium (4 to 10 ha),2435,13536,13535,0,1,13239,296,0,0,0
2010,Latur,Deoni,Medium (4 to 10 ha),1176,6371,6371,0,0,6356,14,0,0,0
2010,Latur,Jalkot,Medium (4 to 10 ha),1336,7455,7447,8,0,6918,529,8,0,0
2010,Latur,Latur,Medium (4 to 10 ha),3049,16682,16221,283,178,15443,778,23,89,172
2010,Latur,Nilanga,Medium (4 to 10 ha),3119,16948,16702,0,246,16330,372,0,0,0
2010,Latur,Renapur,Medium (4 to 10 ha),1792,9823,9821,2,0,9660,161,1,1,0
2010,Latur,Shiruranantpal,Medium (4 to 10 ha),817,4434,4433,1,0,1210,3223,0,1,0
2010,Latur,Udgeer,Medium (4 to 10 ha),3407,19100,18939,44,117,16499,2439,0,43,0
2015,Latur,Ahmadpur,Medium (4 to 10 ha),2401,13445,13108,337,0,12417,691,337,0,0
2015,Latur,Ausa,Medium (4 to 10 ha),3690,20502,20057,445,0,19381,675,445,0,0
2015,Latur,Chakur,Medium (4 to 10 ha),2187,11908,11473,435,0,11125,348,435,0,0
2015,Latur,Deoni,Medium (4 to 10 ha),1152,6206,6122,84,0,5921,200,84,0,0
2015,Latur,Jalkot,Medium (4 to 10 ha),1232,6655,6039,616,0,5914,125,616,0,0
2015,Latur,Latur,Medium (4 to 10 ha),3269,18330,17968,362,0,17163,805,362,0,0
2015,Latur,Nilanga,Medium (4 to 10 ha),2537,13425,13373,52,0,9383,3990,52,0,0
2015,Latur,Renapur,Medium (4 to 10 ha),1446,7880,7752,128,0,6807,945,128,0,0
2015,Latur,Shirur-Anantpal,Medium (4 to 10 ha),640,3383,3254,129,0,3184,70,129,0,0
2015,Latur,Udgir,Medium (4 to 10 ha),3012,16283,15819,464,0,14978,841,464,0,0
1995,Latur,Ahmedpur,Large (>10 ha),360,4828,4786,12,31,4233,553,4,7,1
1995,Latur,Chakur,Large (>10 ha),410,5339,5211,52,75,4743,468,2,31,19
1995,Latur,Latur,Large (>10 ha),443,5827,5810,17,0,5495,315,0,8,9
1995,Latur,Nilanga,Large (>10 ha),575,7526,7369,122,35,6925,444,58,37,27
1995,Latur,Owsa,Large (>10 ha),623,8216,8131,29,56,7712,419,0,13,16
1995,Latur,Renapur,Large (>10 ha),219,2885,2869,3,13,2309,560,0,0,3
1995,Latur,Udgir,Large (>10 ha),551,7464,7277,122,64,6500,777,16,54,52
2000,Latur,Ahmadpur,Large (>10 ha),227,3035,3017,0,17,2761,256,0,0,0
2000,Latur,Awsa,Large (>10 ha),479,6477,6423,51,3,5992,431,49,1,1
2000,Latur,Chakur,Large (>10 ha),300,3944,3926,18,1,3744,183,2,0,16
2000,Latur,Dewanee,Large (>10 ha),81,934,933,0,0,276,658,0,0,0
2000,Latur,Jalkot,Large (>10 ha),117,1544,1494,1,49,1329,165,0,0,1
2000,Latur,Latur,Large (>10 ha),301,4010,3756,247,6,1403,2353,43,131,74
2000,Latur,Nilanga,Large (>10 ha),290,3862,3856,5,1,3766,90,3,1,1
2000,Latur,Renapur,Large (>10 ha),186,2330,2319,2,10,2173,146,0,0,1
2000,Latur,Shiruanantpal,Large (>10 ha),77,991,986,0,5,823,163,0,0,0
2000,Latur,Udgeer,Large (>10 ha),236,3075,2978,66,30,1579,1399,26,31,9
2010,Latur,Ahmadpur,Large (>10 ha),194,2358,2358,0,0,2313,45,0,0,0
2010,Latur,Awsa,Large (>10 ha),286,3849,3796,7,45,3495,301,0,7,0
2010,Latur,Chakur,Large (>10 ha),158,1994,1994,0,0,1971,23,0,0,0
2010,Latur,Deoni,Large (>10 ha),43,591,591,0,0,503,88,0,0,0
2010,Latur,Jalkot,Large (>10 ha),95,1264,1239,25,0,1155,84,25,0,0
2010,Latur,Latur,Large (>10 ha),186,2371,2209,154,8,2085,124,6,26,122
2010,Latur,Nilanga,Large (>10 ha),124,1685,1641,0,44,1631,10,0,0,0
2010,Latur,Renapur,Large (>10 ha),106,1426,1426,0,0,1410,16,0,0,0
2010,Latur,Shiruranantpal,Large (>10 ha),32,515,515,0,0,205,310,0,0,0
2010,Latur,Udgeer,Large (>10 ha),186,2401,2387,15,0,2022,364,0,15,0
2015,Latur,Ahmadpur,Large (>10 ha),119,2157,2157,0,0,1771,386,0,0,0
2015,Latur,Ausa,Large (>10 ha),225,2929,2929,0,0,2543,386,0,0,0
2015,Latur,Chakur,Large (>10 ha),131,1684,1684,0,0,1315,369,0,0,0
2015,Latur,Deoni,Large (>10 ha),45,760,760,0,0,665,94,0,0,0
2015,Latur,Jalkot,Large (>10 ha),55,804,776,28,0,721,55,28,0,0
2015,Latur,Latur,Large (>10 ha),175,3125,3125,0,0,2671,454,0,0,0
2015,Latur,Nilanga,Large (>10 ha),75,1192,1192,0,0,418,774,0,0,0
2015,Latur,Renapur,Large (>10 ha),62,857,854,2,0,631,223,2,0,0
2015,Latur,Shirur-Anantpal,Large (>10 ha),16,201,201,0,0,76,125,0,0,0
2015,Latur,Udgir,Large (>10 ha),139,1990,1990,0,0,1615,375,0,0,0
2000,Nagpur,Bhiwapur,Marginal (Below 1 ha),3424,2587,2586,0,1,2425,162,0,0,0
2000,Nagpur,Hingna,Marginal (Below 1 ha),1942,1447,1430,9,8,1367,63,5,2,1
2000,Nagpur,Kalmeshwar,Marginal (Below 1 ha),4579,3033,2804,176,52,2712,92,82,29,65
2000,Nagpur,Kamthi,Marginal (Below 1 ha),2719,1930,1872,58,0,1840,32,46,1,10
2000,Nagpur,Katol,Marginal (Below 1 ha),5982,4053,3965,60,28,3800,165,0,6,54
2000,Nagpur,Kuhi,Marginal (Below 1 ha),8604,5442,5422,20,1,5118,304,14,4,2
2000,Nagpur,Mauda,Marginal (Below 1 ha),7208,4535,4490,40,6,4281,209,0,6,33
2000,Nagpur,Nagpur City,Marginal (Below 1 ha),253,141,130,0,11,129,0,0,0,0
2000,Nagpur,Nagpur Rural,Marginal (Below 1 ha),1958,1401,1382,16,3,1302,81,1,5,10
2000,Nagpur,Narkhed,Marginal (Below 1 ha),8654,5568,5485,41,42,5231,254,24,13,3
2000,Nagpur,Parshiwani,Marginal (Below 1 ha),4033,2762,2735,17,9,2562,173,13,3,1
2000,Nagpur,Ramtek,Marginal (Below 1 ha),5541,3073,2892,159,22,2785,107,115,29,14
2000,Nagpur,Sawner,Marginal (Below 1 ha),5558,3719,3662,49,9,3539,123,38,3,8
2000,Nagpur,Umrer,Marginal (Below 1 ha),3221,2219,2217,2,0,2082,134,0,0,2
2010,Nagpur,Bhivapur,Marginal (Below 1 ha),4590,3100,3079,19,2,2933,146,18,0,1
2010,Nagpur,Hingna,Marginal (Below 1 ha),2737,1912,1911,0,0,1815,96,0,0,0
2010,Nagpur,Kalameshwar,Marginal (Below 1 ha),4889,2951,2918,18,15,2758,160,10,6,3
2010,Nagpur,Kamathi,Marginal (Below 1 ha),3451,2278,2265,8,5,2255,10,7,0,1
2010,Nagpur,Katol,Marginal (Below 1 ha),7225,4706,4697,10,0,4414,283,3,4,3
2010,Nagpur,Kuhi,Marginal (Below 1 ha),11182,6854,6842,1,11,6664,178,1,0,0
2010,Nagpur,Manoda,Marginal (Below 1 ha),10608,6326,6204,107,15,6115,89,0,10,97
2010,Nagpur,Nagpur City,Marginal (Below 1 ha),64,38,38,0,0,31,7,0,0,0
2010,Nagpur,Nagpur Rural,Marginal (Below 1 ha),2530,1746,1715,27,4,1612,103,11,9,7
2010,Nagpur,Narkhed,Marginal (Below 1 ha),10852,6772,6737,7,28,6474,263,1,1,5
2010,Nagpur,Parshivani,Marginal (Below 1 ha),4766,3037,3012,13,12,2965,46,0,13,0
2010,Nagpur,Ramtek,Marginal (Below 1 ha),6809,3730,3711,10,10,3485,226,6,3,1
2010,Nagpur,Savner,Marginal (Below 1 ha),5769,3757,3752,0,5,3750,2,0,0,0
2010,Nagpur,Umrer,Marginal (Below 1 ha),3858,2585,2579,2,4,2424,155,2,0,0
2015,Nagpur,Bhiwapur,Marginal (Below 1 ha),5333,3351,3327,25,0,3148,179,25,0,0
2015,Nagpur,Hingna,Marginal (Below 1 ha),4205,2508,2493,16,0,2369,123,16,0,0
2015,Nagpur,Kalameshwar,Marginal (Below 1 ha),6759,3539,3442,97,0,3225,217,97,0,0
2015,Nagpur,Kamptee,Marginal (Below 1 ha),3926,2440,2401,39,0,2372,30,39,0,0
2015,Nagpur,Katol,Marginal (Below 1 ha),8457,5276,5151,126,0,4862,288,126,0,0
2015,Nagpur,Kuhi,Marginal (Below 1 ha),12813,7469,7448,21,0,7193,255,21,0,0
2015,Nagpur,Mauda,Marginal (Below 1 ha),12591,7371,7188,184,0,6889,299,184,0,0
2015,Nagpur,Nagpur (Rural),Marginal (Below 1 ha),2771,1886,1836,50,0,1718,118,50,0,0
2015,Nagpur,Nagpur (Urban),Marginal (Below 1 ha),0,0,0,0,0,0,0,0,0,0
2015,Nagpur,Narkhed,Marginal (Below 1 ha),11824,6342,6198,145,0,5979,219,145,0,0
2015,Nagpur,Parseoni,Marginal (Below 1 ha),6450,3149,3072,77,0,2966,106,77,0,0
2015,Nagpur,Ramtek,Marginal (Below 1 ha),7515,3605,3517,87,0,3291,226,87,0,0
2015,Nagpur,Savner,Marginal (Below 1 ha),7081,4053,3979,74,0,3971,8,74,0,0
2015,Nagpur,Umred,Marginal (Below 1 ha),5903,3513,3462,51,0,3262,200,51,0,0
2000,Nagpur,Bhiwapur,Small (1 to 2 ha),6320,9792,9783,4,5,9408,375,1,0,3
2000,Nagpur,Hingna,Small (1 to 2 ha),5808,8179,8059,79,41,7699,360,19,41,19
2000,Nagpur,Kalmeshwar,Small (1 to 2 ha),6363,9295,8632,566,96,8454,179,200,105,261
2000,Nagpur,Kamthi,Small (1 to 2 ha),5126,7219,7050,168,0,6899,151,125,16,27
2000,Nagpur,Katol,Small (1 to 2 ha),11283,16233,15962,171,99,15430,532,6,18,147
2000,Nagpur,Kuhi,Small (1 to 2 ha),9858,14951,14814,133,4,14111,703,87,35,12
2000,Nagpur,Mauda,Small (1 to 2 ha),7985,11427,11336,86,5,10870,466,3,28,55
2000,Nagpur,Nagpur City,Small (1 to 2 ha),270,387,349,0,37,338,11,0,0,0
2000,Nagpur,Nagpur Rural,Small (1 to 2 ha),5012,7240,7099,127,14,6684,415,10,66,51
2000,Nagpur,Narkhed,Small (1 to 2 ha),11145,15904,15723,90,92,15198,525,34,49,7
2000,Nagpur,Parshiwani,Small (1 to 2 ha),6753,9268,9147,87,35,8608,539,31,25,30
2000,Nagpur,Ramtek,Small (1 to 2 ha),5515,7948,7478,389,81,7059,419,283,67,38
2000,Nagpur,Sawner,Small (1 to 2 ha),8415,12266,12064,173,29,11739,325,97,29,47
2000,Nagpur,Umrer,Small (1 to 2 ha),6892,10074,10052,18,4,9657,395,0,11,7
2010,Nagpur,Bhivapur,Small (1 to 2 ha),7787,11239,11180,59,0,10758,422,54,4,0
2010,Nagpur,Hingna,Small (1 to 2 ha),6930,9967,9951,16,0,9339,613,0,15,1
2010,Nagpur,Kalameshwar,Small (1 to 2 ha),5361,7564,7479,20,66,7135,344,11,7,1
2010,Nagpur,Kamathi,Small (1 to 2 ha),4757,6697,6658,18,21,6635,23,18,0,0
2010,Nagpur,Katol,Small (1 to 2 ha),12645,18181,18145,36,0,17202,943,18,8,11
2010,Nagpur,Kuhi,Small (1 to 2 ha),11620,16642,16599,3,40,16301,298,3,0,0
2010,Nagpur,Manoda,Small (1 to 2 ha),9339,13337,13126,188,23,12990,135,4,13,171
2010,Nagpur,Nagpur City,Small (1 to 2 ha),46,65,65,0,0,52,13,0,0,0
2010,Nagpur,Nagpur Rural,Small (1 to 2 ha),5391,7722,7638,74,10,7203,436,21,28,24
2010,Nagpur,Narkhed,Small (1 to 2 ha),12705,17919,17769,54,96,17300,469,2,25,27
2010,Nagpur,Parshivani,Small (1 to 2 ha),6452,9115,9031,14,70,8877,154,0,13,0
2010,Nagpur,Ramtek,Small (1 to 2 ha),6154,8831,8771,41,19,8282,490,8,24,9
2010,Nagpur,Savner,Small (1 to 2 ha),8000,11422,11404,0,18,11392,12,0,0,0
2010,Nagpur,Umrer,Small (1 to 2 ha),7322,10592,10561,7,24,10092,469,4,3,0
2015,Nagpur,Bhiwapur,Small (1 to 2 ha),9233,12856,12430,426,0,12003,427,426,0,0
2015,Nagpur,Hingna,Small (1 to 2 ha),9043,10681,10427,254,0,9915,512,254,0,0
2015,Nagpur,Kalameshwar,Small (1 to 2 ha),6993,7953,7683,270,0,7359,324,270,0,0
2015,Nagpur,Kamptee,Small (1 to 2 ha),5772,7754,7604,150,0,7559,45,150,0,0
2015,Nagpur,Katol,Small (1 to 2 ha),14014,18007,17399,608,0,16640,759,608,0,0
2015,Nagpur,Kuhi,Small (1 to 2 ha),12215,18004,17783,221,0,17471,312,221,0,0
2015,Nagpur,Mauda,Small (1 to 2 ha),10311,15009,14571,438,0,14377,194,438,0,0
2015,Nagpur,Nagpur (Rural),Small (1 to 2 ha),5997,7884,7586,298,0,7229,356,298,0,0
2015,Nagpur,Nagpur (Urban),Small (1 to 2 ha),0,0,0,0,0,0,0,0,0,0
2015,Nagpur,Narkhed,Small (1 to 2 ha),14096,17544,16970,573,0,16713,258,573,0,0
2015,Nagpur,Parseoni,Small (1 to 2 ha),7766,10916,10622,295,0,10328,294,295,0,0
2015,Nagpur,Ramtek,Small (1 to 2 ha),7018,8413,8092,322,0,7703,389,322,0,0
2015,Nagpur,Savner,Small (1 to 2 ha),8931,11830,11602,228,0,11589,13,228,0,0
2015,Nagpur,Umred,Small (1 to 2 ha),8933,10731,10363,368,0,10069,295,368,0,0
2000,Nagpur,Bhiwapur,Semimedium (2 to 4 ha),4851,13374,13313,10,51,12833,480,4,7,0
2000,Nagpur,Hingna,Semimedium (2 to 4 ha),4450,11954,11626,239,89,11078,549,44,85,110
2000,Nagpur,Kalmeshwar,Semimedium (2 to 4 ha),4166,11408,10306,937,165,10001,305,240,318,379
2000,Nagpur,Kamthi,Semimedium (2 to 4 ha),3794,10437,10104,333,1,9929,174,241,32,60
2000,Nagpur,Katol,Semimedium (2 to 4 ha),5963,16038,15720,216,102,15044,676,10,56,150
2000,Nagpur,Kuhi,Semimedium (2 to 4 ha),7091,19522,19247,269,6,18290,957,146,97,26
2000,Nagpur,Mauda,Semimedium (2 to 4 ha),5711,15747,15581,141,25,14907,674,2,81,58
2000,Nagpur,Nagpur City,Semimedium (2 to 4 ha),223,640,568,30,42,568,0,0,0,30
2000,Nagpur,Nagpur Rural,Semimedium (2 to 4 ha),3807,10405,10139,261,5,9545,594,13,117,132
2000,Nagpur,Narkhed,Semimedium (2 to 4 ha),5311,14317,14165,85,67,13513,652,31,30,24
2000,Nagpur,Parshiwani,Semimedium (2 to 4 ha),4302,11720,11473,198,49,10880,593,42,102,53
2000,Nagpur,Ramtek,Semimedium (2 to 4 ha),3906,10767,10059,582,126,9395,663,428,85,69
2000,Nagpur,Sawner,Semimedium (2 to 4 ha),5158,14252,13835,384,33,13374,461,176,89,119
2000,Nagpur,Umrer,Semimedium (2 to 4 ha),5693,15401,15348,50,3,14702,646,1,4,45
2010,Nagpur,Bhivapur,Semimedium (2 to 4 ha),5207,14106,14034,72,0,13484,550,62,2,8
2010,Nagpur,Hingna,Semimedium (2 to 4 ha),5029,13516,13446,69,1,12387,1059,4,34,30
2010,Nagpur,Kalameshwar,Semimedium (2 to 4 ha),3028,8199,8032,56,110,7785,248,18,32,6
2010,Nagpur,Kamathi,Semimedium (2 to 4 ha),2837,7620,7562,33,24,7498,64,33,0,0
2010,Nagpur,Katol,Semimedium (2 to 4 ha),6263,16865,16802,63,0,15887,915,37,6,21
2010,Nagpur,Kuhi,Semimedium (2 to 4 ha),6713,18078,17996,10,71,17601,396,10,0,0
2010,Nagpur,Manoda,Semimedium (2 to 4 ha),5573,15110,14851,239,20,14698,153,0,22,216
2010,Nagpur,Nagpur City,Semimedium (2 to 4 ha),40,107,107,0,0,72,35,0,0,0
2010,Nagpur,Nagpur Rural,Semimedium (2 to 4 ha),3669,9906,9784,103,19,9027,757,21,59,22
2010,Nagpur,Narkhed,Semimedium (2 to 4 ha),5160,13797,13479,43,276,13104,376,3,19,21
2010,Nagpur,Parshivani,Semimedium (2 to 4 ha),3802,10283,10159,18,106,10031,128,0,18,0
2010,Nagpur,Ramtek,Semimedium (2 to 4 ha),3979,10859,10780,59,20,10154,626,8,31,20
2010,Nagpur,Savner,Semimedium (2 to 4 ha),4405,11960,11923,6,32,11912,10,0,0,6
2010,Nagpur,Umrer,Semimedium (2 to 4 ha),5412,14661,14584,37,40,13950,634,9,28,0
2015,Nagpur,Bhiwapur,Semimedium (2 to 4 ha),5657,15628,15069,559,0,14552,517,559,0,0
2015,Nagpur,Hingna,Semimedium (2 to 4 ha),6350,15992,15537,455,0,14446,1091,455,0,0
2015,Nagpur,Kalameshwar,Semimedium (2 to 4 ha),4020,9744,9054,690,0,8811,243,690,0,0
2015,Nagpur,Kamptee,Semimedium (2 to 4 ha),3190,8327,7863,464,0,7832,31,464,0,0
2015,Nagpur,Katol,Semimedium (2 to 4 ha),6884,17868,16480,1388,0,15997,483,1388,0,0
2015,Nagpur,Kuhi,Semimedium (2 to 4 ha),6691,17057,16656,401,0,16341,316,401,0,0
2015,Nagpur,Mauda,Semimedium (2 to 4 ha),6468,16035,15181,854,0,15013,168,854,0,0
2015,Nagpur,Nagpur (Rural),Semimedium (2 to 4 ha),4140,10237,9197,1041,0,8816,381,1041,0,0
2015,Nagpur,Nagpur (Urban),Semimedium (2 to 4 ha),0,0,0,0,0,0,0,0,0,0
2015,Nagpur,Narkhed,Semimedium (2 to 4 ha),5968,15695,14527,1168,0,14306,220,1168,0,0
2015,Nagpur,Parseoni,Semimedium (2 to 4 ha),4265,10552,9687,864,0,9525,162,864,0,0
2015,Nagpur,Ramtek,Semimedium (2 to 4 ha),4745,12404,11528,876,0,11133,395,876,0,0
2015,Nagpur,Savner,Semimedium (2 to 4 ha),5119,12770,12003,767,0,11996,7,767,0,0
2015,Nagpur,Umred,Semimedium (2 to 4 ha),6896,17360,16859,500,0,16373,486,500,0,0
2000,Nagpur,Bhiwapur,Medium (4 to 10 ha),2326,13003,12953,12,38,12437,515,0,12,0
2000,Nagpur,Hingna,Medium (4 to 10 ha),2043,11411,10954,320,137,10296,658,29,127,164
2000,Nagpur,Kalmeshwar,Medium (4 to 10 ha),1677,9329,8051,1164,114,7639,412,191,325,648
2000,Nagpur,Kamthi,Medium (4 to 10 ha),1622,9001,8588,413,1,8418,170,218,140,55
2000,Nagpur,Katol,Medium (4 to 10 ha),2401,13460,13173,196,91,12386,787,13,72,111
2000,Nagpur,Kuhi,Medium (4 to 10 ha),2943,16341,15999,337,5,15043,956,181,95,62
2000,Nagpur,Mauda,Medium (4 to 10 ha),2456,13593,13341,222,30,12643,698,35,145,41
2000,Nagpur,Nagpur City,Medium (4 to 10 ha),134,783,660,77,46,660,0,0,0,77
2000,Nagpur,Nagpur Rural,Medium (4 to 10 ha),1744,9881,9466,387,28,8379,1087,16,252,120
2000,Nagpur,Narkhed,Medium (4 to 10 ha),1802,9892,9671,106,114,9208,463,42,53,11
2000,Nagpur,Parshiwani,Medium (4 to 10 ha),1899,10469,10070,257,142,9403,667,77,101,79
2000,Nagpur,Ramtek,Medium (4 to 10 ha),1864,10403,9558,757,88,8871,687,400,205,152
2000,Nagpur,Sawner,Medium (4 to 10 ha),2106,11771,11157,596,18,10759,398,167,193,236
2000,Nagpur,Umrer,Medium (4 to 10 ha),3109,17452,17352,87,13,16485,867,0,29,58
2010,Nagpur,Bhivapur,Medium (4 to 10 ha),1848,10276,10201,74,1,9594,607,54,4,16
2010,Nagpur,Hingna,Medium (4 to 10 ha),2176,12264,12086,177,0,10737,1350,15,152,10
2010,Nagpur,Kalameshwar,Medium (4 to 10 ha),1053,5883,5583,136,164,5329,254,48,85,3
2010,Nagpur,Kamathi,Medium (4 to 10 ha),954,5270,5179,29,62,5127,52,24,2,2
2010,Nagpur,Katol,Medium (4 to 10 ha),2224,12400,12339,61,0,11132,1207,3,28,30
2010,Nagpur,Kuhi,Medium (4 to 10 ha),1849,10095,10037,4,54,9700,336,4,0,0
2010,Nagpur,Manoda,Medium (4 to 10 ha),1781,9641,9430,205,6,9339,92,7,11,188
2010,Nagpur,Nagpur City,Medium (4 to 10 ha),13,72,72,0,0,32,40,0,0,0
2010,Nagpur,Nagpur Rural,Medium (4 to 10 ha),1532,8535,8414,102,19,7712,702,8,59,35
2010,Nagpur,Narkhed,Medium (4 to 10 ha),1399,7646,7389,51,206,7037,353,1,23,27
2010,Nagpur,Parshivani,Medium (4 to 10 ha),1418,7709,7535,9,164,7354,181,0,9,0
2010,Nagpur,Ramtek,Medium (4 to 10 ha),1682,9394,9201,165,29,8636,565,2,84,78
2010,Nagpur,Savner,Medium (4 to 10 ha),1584,8755,8671,1,83,8652,19,0,0,1
2010,Nagpur,Umrer,Medium (4 to 10 ha),2467,13895,13710,133,52,12889,821,7,98,28
2015,Nagpur,Bhiwapur,Medium (4 to 10 ha),1979,10227,9808,419,0,9264,545,419,0,0
2015,Nagpur,Hingna,Medium (4 to 10 ha),2347,13022,12440,582,0,11262,1179,582,0,0
2015,Nagpur,Kalameshwar,Medium (4 to 10 ha),1444,7966,7155,811,0,6819,336,811,0,0
2015,Nagpur,Kamptee,Medium (4 to 10 ha),993,5325,4896,429,0,4844,51,429,0,0
2015,Nagpur,Katol,Medium (4 to 10 ha),2488,14194,13178,1016,0,11877,1300,1016,0,0
2015,Nagpur,Kuhi,Medium (4 to 10 ha),1420,7789,7563,226,0,7409,154,226,0,0
2015,Nagpur,Mauda,Medium (4 to 10 ha),1752,9318,8581,737,0,8461,120,737,0,0
2015,Nagpur,Nagpur (Rural),Medium (4 to 10 ha),1424,7968,7152,816,0,6548,604,816,0,0
2015,Nagpur,Nagpur (Urban),Medium (4 to 10 ha),0,0,0,0,0,0,0,0,0,0
2015,Nagpur,Narkhed,Medium (4 to 10 ha),1720,9565,8661,904,0,8171,490,904,0,0
2015,Nagpur,Parseoni,Medium (4 to 10 ha),1719,9856,8889,967,0,8610,279,967,0,0
2015,Nagpur,Ramtek,Medium (4 to 10 ha),2240,12434,11524,910,0,10703,821,910,0,0
2015,Nagpur,Savner,Medium (4 to 10 ha),1860,10489,9510,979,0,9486,25,979,0,0
2015,Nagpur,Umred,Medium (4 to 10 ha),2995,16578,15976,602,0,15336,640,602,0,0
2000,Nagpur,Bhiwapur,Large (>10 ha),251,3418,3362,29,27,3215,147,2,13,14
2000,Nagpur,Hingna,Large (>10 ha),169,2263,2121,121,21,1937,184,0,55,65
2000,Nagpur,Kalmeshwar,Large (>10 ha),150,1962,1575,374,13,1446,130,48,69,257
2000,Nagpur,Kamthi,Large (>10 ha),136,1850,1715,135,0,1698,17,68,36,31
2000,Nagpur,Katol,Large (>10 ha),191,2489,2402,30,56,2098,304,0,2,28
2000,Nagpur,Kuhi,Large (>10 ha),219,2997,2868,129,0,2713,156,58,41,29
2000,Nagpur,Mauda,Large (>10 ha),136,1748,1654,45,49,1566,89,0,45,0
2000,Nagpur,Nagpur City,Large (>10 ha),8,187,174,1,11,174,0,0,0,1
2000,Nagpur,Nagpur Rural,Large (>10 ha),128,1838,1735,101,2,1578,157,6,86,9
2000,Nagpur,Narkhed,Large (>10 ha),97,1151,1134,13,4,1105,29,1,12,0
2000,Nagpur,Parshiwani,Large (>10 ha),128,1809,1744,54,11,1499,245,17,5,31
2000,Nagpur,Ramtek,Large (>10 ha),158,2110,1855,225,30,1772,83,58,129,38
2000,Nagpur,Sawner,Large (>10 ha),141,1853,1708,114,31,1619,89,52,10,52
2000,Nagpur,Umrer,Large (>10 ha),262,3822,3660,159,3,3149,511,0,81,78
2010,Nagpur,Bhivapur,Large (>10 ha),145,2098,2054,44,0,1952,102,7,0,38
2010,Nagpur,Hingna,Large (>10 ha),204,2748,2662,86,0,1994,668,0,86,0
2010,Nagpur,Kalameshwar,Large (>10 ha),95,1432,1320,49,63,1185,135,0,0,49
2010,Nagpur,Kamathi,Large (>10 ha),63,841,815,8,18,811,4,8,0,0
2010,Nagpur,Katol,Large (>10 ha),170,2215,2184,31,0,1887,297,27,2,2
2010,Nagpur,Kuhi,Large (>10 ha),122,1707,1688,0,19,1665,23,0,0,0
2010,Nagpur,Manoda,Large (>10 ha),82,1246,1235,11,0,1235,0,0,1,10
2010,Nagpur,Nagpur City,Large (>10 ha),2,29,29,0,0,12,17,0,0,0
2010,Nagpur,Nagpur Rural,Large (>10 ha),107,1477,1455,21,0,1386,70,1,12,8
2010,Nagpur,Narkhed,Large (>10 ha),51,720,701,0,19,596,105,0,0,0
2010,Nagpur,Parshivani,Large (>10 ha),107,1618,1617,0,0,1553,64,0,0,0
2010,Nagpur,Ramtek,Large (>10 ha),150,2164,2141,16,6,2105,36,1,11,4
2010,Nagpur,Savner,Large (>10 ha),97,1260,1245,0,16,1237,8,0,0,0
2010,Nagpur,Umrer,Large (>10 ha),234,3663,3636,23,3,3264,372,0,23,0
2015,Nagpur,Bhiwapur,Large (>10 ha),129,1986,1946,40,0,1826,120,40,0,0
2015,Nagpur,Hingna,Large (>10 ha),226,3185,3095,89,0,2315,781,89,0,0
2015,Nagpur,Kalameshwar,Large (>10 ha),95,1372,1255,117,0,1109,145,117,0,0
2015,Nagpur,Kamptee,Large (>10 ha),69,938,867,71,0,862,6,71,0,0
2015,Nagpur,Katol,Large (>10 ha),224,3508,3427,80,0,2977,451,80,0,0
2015,Nagpur,Kuhi,Large (>10 ha),108,1896,1878,18,0,1827,51,18,0,0
2015,Nagpur,Mauda,Large (>10 ha),59,802,775,26,0,694,82,26,0,0
2015,Nagpur,Nagpur (Rural),Large (>10 ha),105,1326,1297,29,0,1190,107,29,0,0
2015,Nagpur,Nagpur (Urban),Large (>10 ha),0,0,0,0,0,0,0,0,0,0
2015,Nagpur,Narkhed,Large (>10 ha),100,1286,1255,32,0,1036,218,32,0,0
2015,Nagpur,Parseoni,Large (>10 ha),129,2216,2211,5,0,2016,195,5,0,0
2015,Nagpur,Ramtek,Large (>10 ha),198,2785,2714,72,0,2659,55,72,0,0
2015,Nagpur,Savner,Large (>10 ha),154,2338,2241,97,0,2225,16,97,0,0
2015,Nagpur,Umred,Large (>10 ha),244,3875,3844,30,0,3526,318,30,0,0
1995,Nanded,Bhokar,Marginal (Below 1 ha),10701,6687,6627,17,42,6367,260,2,3,12
1995,Nanded,Biloli,Marginal (Below 1 ha),29078,16403,16257,24,122,15916,341,6,2,16
1995,Nanded,Deglur,Marginal (Below 1 ha),12180,7376,7374,0,0,6936,438,0,0,0
1995,Nanded,Hadgaon,Marginal (Below 1 ha),12433,8292,8268,4,21,7827,441,0,3,1
1995,Nanded,Kandhar,Marginal (Below 1 ha),13691,6786,6740,0,45,6445,295,0,0,0
1995,Nanded,Kinwat,Marginal (Below 1 ha),4581,3185,3182,2,1,3083,99,0,1,1
1995,Nanded,Loha,Marginal (Below 1 ha),4581,3185,3182,2,1,3083,99,0,1,1
1995,Nanded,Mukhed,Marginal (Below 1 ha),13763,8363,8234,0,128,8082,152,0,0,0
1995,Nanded,Nanded,Marginal (Below 1 ha),17008,9720,9596,70,53,8845,751,4,50,16
2000,Nanded,Ardhapur,Marginal (Below 1 ha),7593,3944,3916,0,28,3736,180,0,0,0
2000,Nanded,Bhokar,Marginal (Below 1 ha),8204,5061,5054,1,6,4893,161,0,0,1
2000,Nanded,Bidoli,Marginal (Below 1 ha),16134,9522,9492,4,26,8990,503,0,3,1
2000,Nanded,Deglur,Marginal (Below 1 ha),16460,10383,10372,0,11,9873,499,0,0,0
2000,Nanded,Dharmabad,Marginal (Below 1 ha),7864,4204,4200,2,2,4158,43,1,1,0
2000,Nanded,Hadgoan,Marginal (Below 1 ha),14632,9345,9330,7,8,8881,449,3,4,0
2000,Nanded,Himayatnagar,Marginal (Below 1 ha),4795,3535,3525,1,10,3417,108,0,1,0
2000,Nanded,Kandhar,Marginal (Below 1 ha),21250,11318,11279,6,33,10699,580,4,2,0
2000,Nanded,Kinwat,Marginal (Below 1 ha),6259,4303,4154,1,148,4096,58,0,0,0
2000,Nanded,Loha,Marginal (Below 1 ha),21847,11903,11855,0,47,11608,248,0,0,0
2000,Nanded,Mahur,Marginal (Below 1 ha),3534,2633,2618,0,15,2536,82,0,0,0
2000,Nanded,Mudkhed,Marginal (Below 1 ha),8502,4872,4869,3,0,4616,253,0,3,0
2000,Nanded,Mukhed,Marginal (Below 1 ha),23242,13824,13728,95,0,13546,183,19,76,0
2000,Nanded,Naaygaon,Marginal (Below 1 ha),15604,8580,8530,0,49,8523,8,0,0,0
2000,Nanded,Nanded,Marginal (Below 1 ha),10060,5679,5655,14,10,5226,429,0,11,3
2000,Nanded,Umari,Marginal (Below 1 ha),8695,5228,5202,0,25,5111,91,0,0,0
2010,Nanded,Ardhapur,Marginal (Below 1 ha),8607,4738,4735,0,3,4623,112,0,0,0
2010,Nanded,Bhokar,Marginal (Below 1 ha),10623,6647,6647,0,0,4316,2330,0,0,0
2010,Nanded,Bolloli,Marginal (Below 1 ha),19888,11198,11198,0,0,11071,127,0,0,0
2010,Nanded,Deglur,Marginal (Below 1 ha),20561,12297,12297,0,0,12188,109,0,0,0
2010,Nanded,Dharmabad,Marginal (Below 1 ha),9767,5587,5551,0,37,5308,243,0,0,0
2010,Nanded,Hatgaon,Marginal (Below 1 ha),19410,11990,11990,0,0,11661,329,0,0,0
2010,Nanded,Himayatnagar,Marginal (Below 1 ha),7108,4683,4683,0,0,4578,105,0,0,0
2010,Nanded,Kandhar,Marginal (Below 1 ha),26322,13796,13796,0,0,13224,573,0,0,0
2010,Nanded,Kinvat,Marginal (Below 1 ha),9894,6680,6680,0,0,6485,195,0,0,0
2010,Nanded,Loha,Marginal (Below 1 ha),25297,13928,13911,6,10,13422,490,0,6,1
2010,Nanded,Mahur,Marginal (Below 1 ha),3810,2664,2653,0,11,2451,202,0,0,0
2010,Nanded,Mudkhed,Marginal (Below 1 ha),10566,6007,6004,0,3,5517,487,0,0,0
2010,Nanded,Mukhed,Marginal (Below 1 ha),29323,16871,16859,0,12,14177,2682,0,0,0
2010,Nanded,Naaygaon,Marginal (Below 1 ha),20548,11196,11061,0,134,10766,295,0,0,0
2010,Nanded,Nanded,Marginal (Below 1 ha),16664,8293,8291,0,2,7530,761,0,0,0
2010,Nanded,Umari,Marginal (Below 1 ha),10724,6249,6249,0,0,6107,142,0,0,0
2015,Nanded,Ardhapur,Marginal (Below 1 ha),11777,5469,5452,17,0,5219,233,17,0,0
2015,Nanded,Bhokar,Marginal (Below 1 ha),12777,7107,7052,54,0,4755,2297,54,0,0
2015,Nanded,Biloli,Marginal (Below 1 ha),22129,11619,11522,98,0,11384,138,98,0,0
2015,Nanded,Deglur,Marginal (Below 1 ha),26321,13771,13738,33,0,13629,109,33,0,0
2015,Nanded,Dharmabad,Marginal (Below 1 ha),11957,5959,5854,104,0,5648,206,104,0,0
2015,Nanded,Hadgaon,Marginal (Below 1 ha),23693,15026,14966,60,0,14612,354,60,0,0
2015,Nanded,Himayatnagar,Marginal (Below 1 ha),10024,6371,6325,46,0,6260,65,46,0,0
2015,Nanded,Kandhar,Marginal (Below 1 ha),30742,15147,15143,4,0,14692,451,4,0,0
2015,Nanded,Kinwat,Marginal (Below 1 ha),12086,7829,7665,163,0,7469,196,163,0,0
2015,Nanded,Loha,Marginal (Below 1 ha),29299,15972,15854,118,0,15408,446,118,0,0
2015,Nanded,Mahur,Marginal (Below 1 ha),5826,3486,3454,32,0,3208,246,32,0,0
2015,Nanded,Mudkhed,Marginal (Below 1 ha),11815,5870,5835,35,0,5311,524,35,0,0
2015,Nanded,Mukhed,Marginal (Below 1 ha),34161,18932,18878,54,0,15869,3009,54,0,0
2015,Nanded,Naigaon (Khairgaon),Marginal (Below 1 ha),24609,12350,12334,17,0,12027,307,17,0,0
2015,Nanded,Nanded,Marginal (Below 1 ha),19174,8629,8594,35,0,7681,913,35,0,0
2015,Nanded,Umri,Marginal (Below 1 ha),12771,7017,6971,46,0,6815,156,46,0,0
1995,Nanded,Bhokar,Small (1 to 2 ha),14506,20661,20434,55,172,19512,922,6,8,41
1995,Nanded,Biloli,Small (1 to 2 ha),24076,34421,34024,50,346,33395,629,6,9,35
1995,Nanded,Deglur,Small (1 to 2 ha),12232,17326,17324,0,2,16377,947,0,0,0
1995,Nanded,Hadgaon,Small (1 to 2 ha),25823,36713,36563,29,120,34952,1611,3,20,6
1995,Nanded,Kandhar,Small (1 to 2 ha),10471,15131,14952,1,177,14277,675,1,0,0
1995,Nanded,Kinwat,Small (1 to 2 ha),14385,20912,20851,24,37,20199,652,1,13,10
1995,Nanded,Loha,Small (1 to 2 ha),14385,20912,20851,24,37,20199,652,1,13,10
1995,Nanded,Mukhed,Small (1 to 2 ha),15463,21651,21367,1,282,20916,451,0,1,0
1995,Nanded,Nanded,Small (1 to 2 ha),15327,21737,21445,177,116,19639,1806,28,132,17
2000,Nanded,Ardhapur,Small (1 to 2 ha),6137,7695,7642,3,50,7414,227,0,3,0
2000,Nanded,Bhokar,Small (1 to 2 ha),10475,14924,14905,0,18,14455,450,0,0,0
2000,Nanded,Bidoli,Small (1 to 2 ha),10553,14501,14476,10,15,13986,490,0,5,5
2000,Nanded,Deglur,Small (1 to 2 ha),13845,19185,19178,0,7,18428,750,0,0,0
2000,Nanded,Dharmabad,Small (1 to 2 ha),6266,8713,8706,4,3,8567,139,0,3,1
2000,Nanded,Hadgoan,Small (1 to 2 ha),21419,29725,29533,163,29,28206,1326,50,111,3
2000,Nanded,Himayatnagar,Small (1 to 2 ha),9760,14113,14074,10,30,13704,370,1,8,1
2000,Nanded,Kandhar,Small (1 to 2 ha),14707,20489,20325,21,144,19060,1265,10,7,4
2000,Nanded,Kinwat,Small (1 to 2 ha),17323,24233,23671,8,553,23138,534,0,2,6
2000,Nanded,Loha,Small (1 to 2 ha),16167,22942,22813,1,128,22256,557,0,0,1
2000,Nanded,Mahur,Small (1 to 2 ha),8407,12172,12135,3,33,11803,333,0,3,1
2000,Nanded,Mudkhed,Small (1 to 2 ha),6926,10098,10094,3,0,9628,466,0,3,0
2000,Nanded,Mukhed,Small (1 to 2 ha),10769,15465,15334,131,0,15161,172,46,85,0
2000,Nanded,Naaygaon,Small (1 to 2 ha),10501,14761,14656,0,105,14627,30,0,0,0
2000,Nanded,Nanded,Small (1 to 2 ha),5646,7562,7523,14,25,6910,614,0,10,3
2000,Nanded,Umari,Small (1 to 2 ha),7638,10778,10728,2,49,10481,246,0,2,0
2010,Nanded,Ardhapur,Small (1 to 2 ha),6700,9439,9303,0,137,8935,367,0,0,0
2010,Nanded,Bhokar,Small (1 to 2 ha),12088,17154,17154,0,0,16997,156,0,0,0
2010,Nanded,Bolloli,Small (1 to 2 ha),11885,16671,16671,0,0,15796,874,0,0,0
2010,Nanded,Deglur,Small (1 to 2 ha),14819,20737,20737,0,0,20570,168,0,0,0
2010,Nanded,Dharmabad,Small (1 to 2 ha),7431,10627,10442,0,184,9880,562,0,0,0
2010,Nanded,Hatgaon,Small (1 to 2 ha),24301,34067,34065,0,3,33428,637,0,0,0
2010,Nanded,Himayatnagar,Small (1 to 2 ha),12107,17129,17126,0,3,16803,323,0,0,0
2010,Nanded,Kandhar,Small (1 to 2 ha),16597,23478,23478,0,0,22707,772,0,0,0
2010,Nanded,Kinvat,Small (1 to 2 ha),21239,30341,30335,4,2,29757,578,0,4,0
2010,Nanded,Loha,Small (1 to 2 ha),17610,24777,24620,25,132,23788,832,4,18,3
2010,Nanded,Mahur,Small (1 to 2 ha),8573,12168,12094,0,74,11547,547,0,0,0
2010,Nanded,Mudkhed,Small (1 to 2 ha),7618,10643,10602,0,41,7812,2790,0,0,0
2010,Nanded,Mukhed,Small (1 to 2 ha),20953,29255,29099,0,156,25110,3989,0,0,0
2010,Nanded,Naaygaon,Small (1 to 2 ha),12211,17276,16951,0,325,16533,417,0,0,0
2010,Nanded,Nanded,Small (1 to 2 ha),8015,11260,11247,0,13,10584,664,0,0,0
2010,Nanded,Umari,Small (1 to 2 ha),9085,12795,12795,0,0,12460,335,0,0,0
2015,Nanded,Ardhapur,Small (1 to 2 ha),6746,8392,8317,75,0,7975,343,75,0,0
2015,Nanded,Bhokar,Small (1 to 2 ha),13135,17649,17381,268,0,17213,168,268,0,0
2015,Nanded,Biloli,Small (1 to 2 ha),12575,17048,16754,295,0,16369,385,295,0,0
2015,Nanded,Deglur,Small (1 to 2 ha),14910,21787,21623,164,0,21480,144,164,0,0
2015,Nanded,Dharmabad,Small (1 to 2 ha),7587,10458,10081,376,0,9715,367,376,0,0
2015,Nanded,Hadgaon,Small (1 to 2 ha),24720,32054,31508,545,0,31054,454,545,0,0
2015,Nanded,Himayatnagar,Small (1 to 2 ha),12959,15913,15514,399,0,15452,62,399,0,0
2015,Nanded,Kandhar,Small (1 to 2 ha),17570,23721,23593,128,0,23041,552,128,0,0
2015,Nanded,Kinwat,Small (1 to 2 ha),21348,29750,28563,1188,0,28211,352,1188,0,0
2015,Nanded,Loha,Small (1 to 2 ha),17999,21721,21378,344,0,20842,535,344,0,0
2015,Nanded,Mahur,Small (1 to 2 ha),9982,13350,12985,365,0,12538,447,365,0,0
2015,Nanded,Mudkhed,Small (1 to 2 ha),8321,10070,9770,300,0,8641,1128,300,0,0
2015,Nanded,Mukhed,Small (1 to 2 ha),22140,30239,29789,450,0,25730,4059,450,0,0
2015,Nanded,Naigaon (Khairgaon),Small (1 to 2 ha),13050,15721,15478,244,0,15234,244,244,0,0
2015,Nanded,Nanded,Small (1 to 2 ha),9106,11167,11002,164,0,10388,614,164,0,0
2015,Nanded,Umri,Small (1 to 2 ha),9750,11775,11591,183,0,11353,238,183,0,0
1995,Nanded,Bhokar,Semimedium (2 to 4 ha),10970,29522,29055,122,347,27635,1420,10,31,81
1995,Nanded,Biloli,Semimedium (2 to 4 ha),15399,41581,41063,167,351,40157,906,36,7,124
1995,Nanded,Deglur,Semimedium (2 to 4 ha),7987,21419,21417,0,0,20030,1387,0,0,0
1995,Nanded,Hadgaon,Semimedium (2 to 4 ha),18011,47768,47523,53,191,45002,2521,5,42,6
1995,Nanded,Kandhar,Semimedium (2 to 4 ha),6255,17169,16855,0,313,15884,971,0,0,0
1995,Nanded,Kinwat,Semimedium (2 to 4 ha),11991,29692,29580,45,66,28143,1437,0,26,19
1995,Nanded,Loha,Semimedium (2 to 4 ha),11991,29692,29580,45,66,28143,1437,0,26,19
1995,Nanded,Mukhed,Semimedium (2 to 4 ha),7399,19157,18900,6,251,18407,493,5,0,1
1995,Nanded,Nanded,Semimedium (2 to 4 ha),10628,29055,28310,470,276,25424,2886,43,254,173
2000,Nanded,Ardhapur,Semimedium (2 to 4 ha),3420,8683,8615,10,59,8387,228,3,6,1
2000,Nanded,Bhokar,Semimedium (2 to 4 ha),6776,17785,17767,0,18,17212,555,0,0,0
2000,Nanded,Bidoli,Semimedium (2 to 4 ha),5522,14532,14507,16,10,14013,494,2,1,12
2000,Nanded,Deglur,Semimedium (2 to 4 ha),7650,19947,19906,17,25,19279,627,0,14,2
2000,Nanded,Dharmabad,Semimedium (2 to 4 ha),3668,9797,9791,4,1,9444,347,0,4,0
2000,Nanded,Hadgoan,Semimedium (2 to 4 ha),12134,30560,30113,412,35,28788,1325,248,164,0
2000,Nanded,Himayatnagar,Semimedium (2 to 4 ha),5610,14590,14560,18,12,14184,376,1,18,0
2000,Nanded,Kandhar,Semimedium (2 to 4 ha),8403,22362,22123,61,177,20785,1339,34,21,7
2000,Nanded,Kinwat,Semimedium (2 to 4 ha),11589,28713,28319,9,384,27569,749,0,3,6
2000,Nanded,Loha,Semimedium (2 to 4 ha),9408,25328,24947,21,360,24182,765,0,7,14
2000,Nanded,Mahur,Semimedium (2 to 4 ha),2535,6771,6759,0,12,6588,171,0,0,0
2000,Nanded,Mudkhed,Semimedium (2 to 4 ha),3736,9857,9852,4,0,9519,333,0,4,1
2000,Nanded,Mukhed,Semimedium (2 to 4 ha),7726,20940,20862,78,0,20469,392,18,60,0
2000,Nanded,Naaygaon,Semimedium (2 to 4 ha),5970,15692,15575,1,116,15538,37,0,1,0
2000,Nanded,Nanded,Semimedium (2 to 4 ha),3703,10030,9893,63,74,8997,896,1,47,16
2000,Nanded,Umari,Semimedium (2 to 4 ha),4854,12676,12616,15,46,12231,385,11,1,2
2010,Nanded,Ardhapur,Semimedium (2 to 4 ha),3554,9370,9258,0,112,9068,190,0,0,0
2010,Nanded,Bhokar,Semimedium (2 to 4 ha),6246,16231,16231,0,0,16138,93,0,0,0
2010,Nanded,Bolloli,Semimedium (2 to 4 ha),5332,14170,14170,0,0,12344,1825,0,0,0
2010,Nanded,Deglur,Semimedium (2 to 4 ha),7380,19449,19449,0,0,19117,332,0,0,0
2010,Nanded,Dharmabad,Semimedium (2 to 4 ha),3716,9693,9423,3,267,8719,704,0,3,0
2010,Nanded,Hatgaon,Semimedium (2 to 4 ha),9922,25122,25109,0,13,24576,533,0,0,0
2010,Nanded,Himayatnagar,Semimedium (2 to 4 ha),4876,12095,12091,0,5,11878,212,0,0,0
2010,Nanded,Kandhar,Semimedium (2 to 4 ha),8034,21151,21151,0,0,20219,931,0,0,0
2010,Nanded,Kinvat,Semimedium (2 to 4 ha),12253,29638,29616,10,12,29125,491,0,10,0
2010,Nanded,Loha,Semimedium (2 to 4 ha),8132,21600,21293,57,250,20166,1126,9,48,0
2010,Nanded,Mahur,Semimedium (2 to 4 ha),4701,11419,11337,0,81,10753,585,0,0,0
2010,Nanded,Mudkhed,Semimedium (2 to 4 ha),3609,9458,9328,0,130,5319,4010,0,0,0
2010,Nanded,Mukhed,Semimedium (2 to 4 ha),9014,23289,22662,8,619,19574,3089,0,8,0
2010,Nanded,Naaygaon,Semimedium (2 to 4 ha),5536,14594,13902,0,691,13546,356,0,0,0
2010,Nanded,Nanded,Semimedium (2 to 4 ha),3527,9420,9372,12,36,8855,517,0,12,0
2010,Nanded,Umari,Semimedium (2 to 4 ha),4386,11402,11397,0,6,10689,708,0,0,0
2015,Nanded,Ardhapur,Semimedium (2 to 4 ha),3437,8445,8365,80,0,8096,268,80,0,0
2015,Nanded,Bhokar,Semimedium (2 to 4 ha),6347,15803,15415,388,0,15316,100,388,0,0
2015,Nanded,Biloli,Semimedium (2 to 4 ha),5858,14254,13931,323,0,13461,470,323,0,0
2015,Nanded,Deglur,Semimedium (2 to 4 ha),7645,20362,20089,273,0,19787,302,273,0,0
2015,Nanded,Dharmabad,Semimedium (2 to 4 ha),3687,9441,9083,358,0,8685,398,358,0,0
2015,Nanded,Hadgaon,Semimedium (2 to 4 ha),9385,24204,23661,543,0,23320,341,543,0,0
2015,Nanded,Himayatnagar,Semimedium (2 to 4 ha),5255,12732,12419,313,0,12324,95,313,0,0
2015,Nanded,Kandhar,Semimedium (2 to 4 ha),8882,21180,20882,298,0,20259,623,298,0,0
2015,Nanded,Kinwat,Semimedium (2 to 4 ha),12286,29327,28460,867,0,28185,275,867,0,0
2015,Nanded,Loha,Semimedium (2 to 4 ha),8525,21276,20650,626,0,19615,1035,626,0,0
2015,Nanded,Mahur,Semimedium (2 to 4 ha),5314,12589,12199,390,0,11697,501,390,0,0
2015,Nanded,Mudkhed,Semimedium (2 to 4 ha),4100,9732,9381,351,0,8129,1251,351,0,0
2015,Nanded,Mukhed,Semimedium (2 to 4 ha),9668,24025,23075,950,0,19624,3450,950,0,0
2015,Nanded,Naigaon (Khairgaon),Semimedium (2 to 4 ha),5921,14994,14650,343,0,14340,310,343,0,0
2015,Nanded,Nanded,Semimedium (2 to 4 ha),3591,9336,9107,229,0,8587,520,229,0,0
2015,Nanded,Umri,Semimedium (2 to 4 ha),4852,11487,11188,300,0,10561,627,300,0,0
1995,Nanded,Bhokar,Medium (4 to 10 ha),3937,21910,21484,138,286,20122,1362,33,30,75
1995,Nanded,Biloli,Medium (4 to 10 ha),5383,29321,28921,123,277,27985,936,23,12,88
1995,Nanded,Deglur,Medium (4 to 10 ha),2181,12037,12029,3,4,10838,1191,0,3,0
1995,Nanded,Hadgaon,Medium (4 to 10 ha),4785,26027,25757,56,213,24081,1676,17,34,5
1995,Nanded,Kandhar,Medium (4 to 10 ha),2385,13159,12791,12,354,11994,797,2,10,0
1995,Nanded,Kinwat,Medium (4 to 10 ha),3292,18341,18154,101,86,16401,1753,1,73,27
1995,Nanded,Loha,Medium (4 to 10 ha),3292,18341,18154,101,86,16401,1753,1,73,27
1995,Nanded,Mukhed,Medium (4 to 10 ha),2306,12647,12433,3,213,12024,409,0,0,3
1995,Nanded,Nanded,Medium (4 to 10 ha),2742,14521,14062,291,169,12142,1920,100,107,84
2000,Nanded,Ardhapur,Medium (4 to 10 ha),531,2744,387,169,144,0,0,1901,144,747
2000,Nanded,Bhokar,Medium (4 to 10 ha),1922,10420,1825,137,91,15,66,9513,76,393
2000,Nanded,Bidoli,Medium (4 to 10 ha),1585,8567,1479,193,106,0,0,7663,106,644
2000,Nanded,Deglur,Medium (4 to 10 ha),1704,9206,1644,111,60,0,0,8584,60,287
2000,Nanded,Dharmabad,Medium (4 to 10 ha),857,4599,545,16,56,4,17,2778,52,280
2000,Nanded,Hadgoan,Medium (4 to 10 ha),2358,12115,1620,975,738,5,19,7640,733,3355
2000,Nanded,Himayatnagar,Medium (4 to 10 ha),1120,5918,1045,101,75,3,29,5248,72,443
2000,Nanded,Kandhar,Medium (4 to 10 ha),2401,13254,2074,243,324,0,0,10504,324,1781
2000,Nanded,Kinwat,Medium (4 to 10 ha),2758,14964,2642,63,79,0,0,13533,79,355
2000,Nanded,Loha,Medium (4 to 10 ha),2651,13762,2612,21,39,6,34,12742,33,148
2000,Nanded,Mahur,Medium (4 to 10 ha),976,5465,818,252,158,0,0,4366,158,955
2000,Nanded,Mudkhed,Medium (4 to 10 ha),636,3305,209,493,427,0,0,1084,427,2121
2000,Nanded,Mukhed,Medium (4 to 10 ha),2353,12353,2318,0,0,0,0,12037,0,0
2000,Nanded,Naaygaon,Medium (4 to 10 ha),1702,9217,1474,194,228,0,0,7751,228,1339
2000,Nanded,Nanded,Medium (4 to 10 ha),862,4517,334,819,527,6,25,1438,521,2476
2000,Nanded,Umari,Medium (4 to 10 ha),918,4789,864,21,13,0,0,4287,13,75
2010,Nanded,Ardhapur,Medium (4 to 10 ha),583,3094,3077,0,17,3068,9,0,0,0
2010,Nanded,Bhokar,Medium (4 to 10 ha),1600,8641,8641,0,0,8606,36,0,0,0
2010,Nanded,Bolloli,Medium (4 to 10 ha),1183,6344,6344,0,0,4895,1449,0,0,0
2010,Nanded,Deglur,Medium (4 to 10 ha),1500,8179,8179,0,0,7739,440,0,0,0
2010,Nanded,Dharmabad,Medium (4 to 10 ha),576,3036,2927,1,109,2141,786,0,1,0
2010,Nanded,Hatgaon,Medium (4 to 10 ha),1506,8032,7994,14,24,7507,486,0,0,14
2010,Nanded,Himayatnagar,Medium (4 to 10 ha),910,5059,4978,0,81,4761,217,0,0,0
2010,Nanded,Kandhar,Medium (4 to 10 ha),2050,11197,11197,0,0,10531,666,0,0,0
2010,Nanded,Kinvat,Medium (4 to 10 ha),2232,11942,11905,34,3,11669,236,2,21,12
2010,Nanded,Loha,Medium (4 to 10 ha),2260,12481,11883,140,458,10906,977,22,109,9
2010,Nanded,Mahur,Medium (4 to 10 ha),707,3801,3705,0,96,3421,284,0,0,0
2010,Nanded,Mudkhed,Medium (4 to 10 ha),545,2842,2644,0,197,1240,1405,0,0,0
2010,Nanded,Mukhed,Medium (4 to 10 ha),2114,11557,10035,0,1522,8384,1651,0,0,0
2010,Nanded,Naaygaon,Medium (4 to 10 ha),1264,6947,6547,0,400,6263,284,0,0,0
2010,Nanded,Nanded,Medium (4 to 10 ha),737,3901,3891,0,11,3539,351,0,0,0
2010,Nanded,Umari,Medium (4 to 10 ha),803,4296,4296,0,0,3599,697,0,0,0
2015,Nanded,Ardhapur,Medium (4 to 10 ha),569,3006,2951,55,0,2915,37,55,0,0
2015,Nanded,Bhokar,Medium (4 to 10 ha),1481,8361,8160,201,0,8125,35,201,0,0
2015,Nanded,Biloli,Medium (4 to 10 ha),1183,6595,6449,146,0,5914,535,146,0,0
2015,Nanded,Deglur,Medium (4 to 10 ha),755,4066,3950,116,0,3792,158,116,0,0
2015,Nanded,Dharmabad,Medium (4 to 10 ha),568,2973,2827,146,0,2117,710,146,0,0
2015,Nanded,Hadgaon,Medium (4 to 10 ha),1498,8456,8005,451,0,7592,413,451,0,0
2015,Nanded,Himayatnagar,Medium (4 to 10 ha),997,5871,5699,172,0,5480,219,172,0,0
2015,Nanded,Kandhar,Medium (4 to 10 ha),2015,10940,10831,109,0,10504,326,109,0,0
2015,Nanded,Kinwat,Medium (4 to 10 ha),2082,11185,10609,576,0,10486,122,576,0,0
2015,Nanded,Loha,Medium (4 to 10 ha),2449,13859,13112,747,0,12122,990,747,0,0
2015,Nanded,Mahur,Medium (4 to 10 ha),764,4187,3972,215,0,3639,333,215,0,0
2015,Nanded,Mudkhed,Medium (4 to 10 ha),649,3366,3114,252,0,2616,499,252,0,0
2015,Nanded,Mukhed,Medium (4 to 10 ha),1868,10167,8730,1437,0,6911,1819,1437,0,0
2015,Nanded,Naigaon (Khairgaon),Medium (4 to 10 ha),1297,6994,6789,205,0,6489,300,205,0,0
2015,Nanded,Nanded,Medium (4 to 10 ha),750,3957,3861,96,0,3541,320,96,0,0
2015,Nanded,Umri,Medium (4 to 10 ha),716,3820,3631,188,0,3204,427,188,0,0
1995,Nanded,Bhokar,Large (>10 ha),158,2301,2217,12,72,1901,316,0,0,12
1995,Nanded,Biloli,Large (>10 ha),230,2960,2899,9,53,2467,432,2,0,7
1995,Nanded,Deglur,Large (>10 ha),180,2762,2761,0,0,2282,479,0,0,0
1995,Nanded,Hadgaon,Large (>10 ha),179,2519,2474,4,41,2219,255,0,1,3
1995,Nanded,Kandhar,Large (>10 ha),166,2191,2048,2,140,1830,218,0,2,0
1995,Nanded,Kinwat,Large (>10 ha),189,2447,2424,6,17,2226,198,0,2,4
1995,Nanded,Loha,Large (>10 ha),189,2447,2424,6,17,2226,198,0,2,4
1995,Nanded,Mukhed,Large (>10 ha),140,2502,2382,7,113,2233,149,0,7,0
1995,Nanded,Nanded,Large (>10 ha),89,1302,1282,8,11,989,293,0,0,8
2000,Nanded,Ardhapur,Large (>10 ha),20,273,270,1,2,266,4,0,1,0
2000,Nanded,Bhokar,Large (>10 ha),50,664,664,0,0,651,12,0,0,0
2000,Nanded,Bidoli,Large (>10 ha),50,617,611,7,0,602,9,0,7,0
2000,Nanded,Deglur,Large (>10 ha),81,1132,1075,0,57,1058,18,0,0,0
2000,Nanded,Dharmabad,Large (>10 ha),50,713,713,0,0,524,189,0,0,0
2000,Nanded,Hadgoan,Large (>10 ha),78,1239,1221,18,0,1008,212,14,5,0
2000,Nanded,Himayatnagar,Large (>10 ha),37,463,463,0,0,283,180,0,0,0
2000,Nanded,Kandhar,Large (>10 ha),128,1986,1975,3,8,1800,175,2,2,0
2000,Nanded,Kinwat,Large (>10 ha),112,1573,1569,0,4,1166,402,0,0,0
2000,Nanded,Loha,Large (>10 ha),86,1184,1155,0,28,1103,53,0,0,0
2000,Nanded,Mahur,Large (>10 ha),46,624,624,0,0,603,22,0,0,0
2000,Nanded,Mudkhed,Large (>10 ha),19,337,337,0,0,332,5,0,0,0
2000,Nanded,Mukhed,Large (>10 ha),172,1897,1897,0,0,982,915,0,0,0
2000,Nanded,Naaygaon,Large (>10 ha),48,613,613,0,1,609,4,0,0,0
2000,Nanded,Nanded,Large (>10 ha),28,593,593,0,0,459,134,0,0,0
2000,Nanded,Umari,Large (>10 ha),49,717,715,2,0,339,376,0,2,0
2010,Nanded,Ardhapur,Large (>10 ha),29,424,424,0,0,424,0,0,0,0
2010,Nanded,Bhokar,Large (>10 ha),77,1279,1279,0,0,964,315,0,0,0
2010,Nanded,Bolloli,Large (>10 ha),48,636,636,0,0,561,75,0,0,0
2010,Nanded,Deglur,Large (>10 ha),71,1007,1007,0,0,902,105,0,0,0
2010,Nanded,Dharmabad,Large (>10 ha),37,552,410,0,142,275,135,0,0,0
2010,Nanded,Hatgaon,Large (>10 ha),55,916,916,0,0,393,524,0,0,0
2010,Nanded,Himayatnagar,Large (>10 ha),79,1122,1122,0,0,1053,69,0,0,0
2010,Nanded,Kandhar,Large (>10 ha),108,1503,1503,0,0,1269,234,0,0,0
2010,Nanded,Kinvat,Large (>10 ha),90,1264,1217,36,11,988,230,0,36,0
2010,Nanded,Loha,Large (>10 ha),144,2032,1694,34,304,1456,238,13,20,1
2010,Nanded,Mahur,Large (>10 ha),40,1752,1710,0,42,1642,67,0,0,0
2010,Nanded,Mudkhed,Large (>10 ha),20,373,333,0,40,256,77,0,0,0
2010,Nanded,Mukhed,Large (>10 ha),105,1442,893,0,549,601,292,0,0,0
2010,Nanded,Naaygaon,Large (>10 ha),82,1221,1221,0,0,1206,15,0,0,0
2010,Nanded,Nanded,Large (>10 ha),26,528,528,0,0,419,109,0,0,0
2010,Nanded,Umari,Large (>10 ha),57,824,824,0,0,636,188,0,0,0
2015,Nanded,Ardhapur,Large (>10 ha),28,498,498,0,0,483,15,0,0,0
2015,Nanded,Bhokar,Large (>10 ha),114,1981,1981,0,0,1612,369,0,0,0
2015,Nanded,Biloli,Large (>10 ha),89,1194,1194,0,0,706,488,0,0,0
2015,Nanded,Deglur,Large (>10 ha),120,1859,1859,0,0,1853,6,0,0,0
2015,Nanded,Dharmabad,Large (>10 ha),28,440,437,3,0,301,136,3,0,0
2015,Nanded,Hadgaon,Large (>10 ha),100,1305,1305,0,0,835,469,0,0,0
2015,Nanded,Himayatnagar,Large (>10 ha),58,1112,1112,0,0,1110,1,0,0,0
2015,Nanded,Kandhar,Large (>10 ha),129,1899,1899,0,0,1621,278,0,0,0
2015,Nanded,Kinwat,Large (>10 ha),85,1473,1438,35,0,970,468,35,0,0
2015,Nanded,Loha,Large (>10 ha),189,2734,2625,109,0,2177,448,109,0,0
2015,Nanded,Mahur,Large (>10 ha),44,1913,1767,146,0,1469,298,146,0,0
2015,Nanded,Mudkhed,Large (>10 ha),27,504,451,54,0,398,53,54,0,0
2015,Nanded,Mukhed,Large (>10 ha),111,1706,924,782,0,563,361,782,0,0
2015,Nanded,Naigaon (Khairgaon),Large (>10 ha),98,1388,1388,0,0,1064,324,0,0,0
2015,Nanded,Nanded,Large (>10 ha),28,507,507,0,0,379,128,0,0,0
2015,Nanded,Umri,Large (>10 ha),48,936,936,0,0,477,459,0,0,0
2000,Nandurbar,Akkalkua,Marginal (Below 1 ha),4456,2974,2951,4,19,2937,14,0,0,4
2000,Nandurbar,Akrani,Marginal (Below 1 ha),1582,1051,1048,0,3,1045,3,0,0,0
2000,Nandurbar,Nandurbar,Marginal (Below 1 ha),8306,5268,5157,45,66,5089,68,6,31,8
2000,Nandurbar,Navapur,Marginal (Below 1 ha),7726,5337,5296,2,40,5278,18,0,0,2
2000,Nandurbar,Shahada,Marginal (Below 1 ha),8745,6107,6027,6,75,5933,93,0,5,0
2000,Nandurbar,Taloda,Marginal (Below 1 ha),2125,1585,1559,3,23,1545,15,0,3,0
2010,Nandurbar,Akkalkua,Marginal (Below 1 ha),4235,2768,2737,1,30,2736,1,0,0,1
2010,Nandurbar,Akrani,Marginal (Below 1 ha),1778,1194,1185,0,9,1185,0,0,0,0
2010,Nandurbar,Nandurbar,Marginal (Below 1 ha),10289,6652,6549,12,91,6526,22,10,0,1
2010,Nandurbar,Navapur,Marginal (Below 1 ha),8158,5715,5610,0,104,5583,27,0,0,0
2010,Nandurbar,Shahada,Marginal (Below 1 ha),9306,6219,6139,3,77,6129,10,0,1,2
2010,Nandurbar,Taloda,Marginal (Below 1 ha),2212,1628,1620,6,2,1620,0,6,0,0
2015,Nandurbar,Akkalkuwa,Marginal (Below 1 ha),5438,3188,2745,443,0,2671,74,443,0,0
2015,Nandurbar,Akrani,Marginal (Below 1 ha),2989,1856,1660,196,0,1644,16,196,0,0
2015,Nandurbar,Nandurbar,Marginal (Below 1 ha),12616,7288,6930,358,0,6913,16,358,0,0
2015,Nandurbar,Nawapur,Marginal (Below 1 ha),9946,5846,5046,800,0,4980,66,800,0,0
2015,Nandurbar,Shahada,Marginal (Below 1 ha),12603,7289,7015,273,0,6905,111,273,0,0
2015,Nandurbar,Taloda,Marginal (Below 1 ha),3247,2351,2199,153,0,2199,0,153,0,0
2000,Nandurbar,Akkalkua,Small (1 to 2 ha),5962,8372,8309,18,45,8287,21,0,2,16
2000,Nandurbar,Akrani,Small (1 to 2 ha),2741,3892,3862,9,21,3845,17,1,3,4
2000,Nandurbar,Nandurbar,Small (1 to 2 ha),14201,19997,19690,89,217,19316,375,28,42,19
2000,Nandurbar,Navapur,Small (1 to 2 ha),12633,14211,14054,2,155,13974,81,0,0,2
2000,Nandurbar,Shahada,Small (1 to 2 ha),14532,20120,19842,23,255,19637,205,1,18,3
2000,Nandurbar,Taloda,Small (1 to 2 ha),5351,7556,7471,6,79,7423,48,5,1,1
2010,Nandurbar,Akkalkua,Small (1 to 2 ha),5537,7800,7611,10,180,7603,8,0,5,5
2010,Nandurbar,Akrani,Small (1 to 2 ha),2961,4280,4191,0,89,4191,0,0,0,0
2010,Nandurbar,Nandurbar,Small (1 to 2 ha),15984,22683,22110,22,550,22024,86,13,0,9
2010,Nandurbar,Navapur,Small (1 to 2 ha),13423,19046,18455,3,589,18173,282,0,0,3
2010,Nandurbar,Shahada,Small (1 to 2 ha),16473,23605,23160,19,426,23013,147,1,6,12
2010,Nandurbar,Taloda,Small (1 to 2 ha),5751,8034,7948,68,19,7944,4,64,2,1
2015,Nandurbar,Akkalkuwa,Small (1 to 2 ha),6577,7518,6435,1083,0,6155,280,1083,0,0
2015,Nandurbar,Akrani,Small (1 to 2 ha),2997,3799,3071,728,0,3037,34,728,0,0
2015,Nandurbar,Nandurbar,Small (1 to 2 ha),17006,21668,20165,1504,0,20120,45,1504,0,0
2015,Nandurbar,Nawapur,Small (1 to 2 ha),13793,18281,15521,2760,0,15028,493,2760,0,0
2015,Nandurbar,Shahada,Small (1 to 2 ha),19576,25273,24321,952,0,23910,411,952,0,0
2015,Nandurbar,Taloda,Small (1 to 2 ha),6910,9244,8648,596,0,8641,7,596,0,0
2000,Nandurbar,Akkalkua,Semimedium (2 to 4 ha),4841,12472,12365,43,63,12301,64,2,7,34
2000,Nandurbar,Akrani,Semimedium (2 to 4 ha),2281,6013,5982,7,25,5927,55,2,4,0
2000,Nandurbar,Nandurbar,Semimedium (2 to 4 ha),9453,24823,24288,131,404,23537,751,64,57,10
2000,Nandurbar,Navapur,Semimedium (2 to 4 ha),7497,19742,19386,64,292,19200,186,29,0,35
2000,Nandurbar,Shahada,Semimedium (2 to 4 ha),10217,27432,26859,74,499,26443,415,36,29,10
2000,Nandurbar,Taloda,Semimedium (2 to 4 ha),2997,8032,7916,16,100,7875,41,3,1,11
2010,Nandurbar,Akkalkua,Semimedium (2 to 4 ha),4402,11423,10959,11,453,10949,10,0,4,7
2010,Nandurbar,Akrani,Semimedium (2 to 4 ha),2466,6615,6312,0,303,6312,0,0,0,0
2010,Nandurbar,Nandurbar,Semimedium (2 to 4 ha),9500,25272,24186,62,1023,23980,206,10,19,33
2010,Nandurbar,Navapur,Semimedium (2 to 4 ha),7391,19494,18368,17,1109,18203,165,6,0,11
2010,Nandurbar,Shahada,Semimedium (2 to 4 ha),9873,26676,25409,40,1227,25338,72,6,14,19
2010,Nandurbar,Taloda,Semimedium (2 to 4 ha),3549,9394,9099,103,192,9084,15,103,0,1
2015,Nandurbar,Akkalkuwa,Semimedium (2 to 4 ha),4733,11271,9290,1981,0,8633,657,1981,0,0
2015,Nandurbar,Akrani,Semimedium (2 to 4 ha),2520,6782,5178,1604,0,5034,144,1604,0,0
2015,Nandurbar,Nandurbar,Semimedium (2 to 4 ha),9360,25394,22833,2561,0,22569,264,2561,0,0
2015,Nandurbar,Nawapur,Semimedium (2 to 4 ha),7316,19383,15676,3707,0,15212,464,3707,0,0
2015,Nandurbar,Shahada,Semimedium (2 to 4 ha),10328,27281,25669,1611,0,25080,589,1611,0,0
2015,Nandurbar,Taloda,Semimedium (2 to 4 ha),3717,9637,8798,839,0,8777,20,839,0,0
2000,Nandurbar,Akkalkua,Medium (4 to 10 ha),1892,10674,10580,55,39,10504,75,1,39,15
2000,Nandurbar,Akrani,Medium (4 to 10 ha),827,4659,4620,8,31,4606,14,8,0,0
2000,Nandurbar,Nandurbar,Medium (4 to 10 ha),3612,20075,19528,162,384,18852,676,53,67,43
2000,Nandurbar,Navapur,Medium (4 to 10 ha),2275,12481,12109,16,356,12028,81,16,0,0
2000,Nandurbar,Shahada,Medium (4 to 10 ha),3554,19223,18815,62,346,18265,550,22,29,11
2000,Nandurbar,Taloda,Medium (4 to 10 ha),1094,5788,5672,9,106,5542,131,4,1,4
2010,Nandurbar,Akkalkua,Medium (4 to 10 ha),1690,9507,8795,15,698,8779,16,0,14,1
2010,Nandurbar,Akrani,Medium (4 to 10 ha),914,5206,5000,0,207,5000,0,0,0,0
2010,Nandurbar,Nandurbar,Medium (4 to 10 ha),3392,19086,17555,103,1427,17263,292,6,86,11
2010,Nandurbar,Navapur,Medium (4 to 10 ha),2318,12826,11909,13,903,11814,96,3,4,6
2010,Nandurbar,Shahada,Medium (4 to 10 ha),3590,19859,17792,151,1916,17558,235,0,122,29
2010,Nandurbar,Taloda,Medium (4 to 10 ha),1039,5665,5322,46,297,5322,0,37,0,9
2015,Nandurbar,Akkalkuwa,Medium (4 to 10 ha),1808,10337,9477,860,0,8689,788,860,0,0
2015,Nandurbar,Akrani,Medium (4 to 10 ha),1412,7135,6472,663,0,6163,309,663,0,0
2015,Nandurbar,Nandurbar,Medium (4 to 10 ha),3557,19979,17177,2802,0,16844,333,2802,0,0
2015,Nandurbar,Nawapur,Medium (4 to 10 ha),2634,15028,13338,1690,0,12827,512,1690,0,0
2015,Nandurbar,Shahada,Medium (4 to 10 ha),3171,17517,16398,1119,0,14906,1492,1119,0,0
2015,Nandurbar,Taloda,Medium (4 to 10 ha),815,4412,3899,512,0,3899,0,512,0,0
2000,Nandurbar,Akkalkua,Large (>10 ha),127,1679,1613,0,65,1613,1,0,0,0
2000,Nandurbar,Akrani,Large (>10 ha),80,1029,1028,0,1,1028,0,0,0,0
2000,Nandurbar,Nandurbar,Large (>10 ha),243,3298,3075,83,140,2639,436,83,0,1
2000,Nandurbar,Navapur,Large (>10 ha),149,1974,1716,0,258,1647,69,0,0,0
2000,Nandurbar,Shahada,Large (>10 ha),128,1795,1538,166,90,1525,13,0,0,166
2000,Nandurbar,Taloda,Large (>10 ha),49,719,697,19,3,570,127,19,0,0
2010,Nandurbar,Akkalkua,Large (>10 ha),139,2159,1966,0,193,1966,0,0,0,0
2010,Nandurbar,Akrani,Large (>10 ha),88,1144,1015,0,129,1015,0,0,0,0
2010,Nandurbar,Nandurbar,Large (>10 ha),223,3424,2444,825,155,2444,0,0,825,0
2010,Nandurbar,Navapur,Large (>10 ha),152,2704,2224,0,480,2198,25,0,0,0
2010,Nandurbar,Shahada,Large (>10 ha),257,4690,3522,3,1164,3522,0,0,0,3
2010,Nandurbar,Taloda,Large (>10 ha),32,440,440,0,0,440,0,0,0,0
2015,Nandurbar,Akkalkuwa,Large (>10 ha),135,2381,2354,27,0,2000,354,27,0,0
2015,Nandurbar,Akrani,Large (>10 ha),84,1050,1026,24,0,896,130,24,0,0
2015,Nandurbar,Nandurbar,Large (>10 ha),254,4036,2794,1242,0,2794,0,1242,0,0
2015,Nandurbar,Nawapur,Large (>10 ha),188,3387,2511,876,0,2428,83,876,0,0
2015,Nandurbar,Shahada,Large (>10 ha),308,5983,5459,524,0,3725,1734,524,0,0
2015,Nandurbar,Taloda,Large (>10 ha),29,481,316,165,0,316,0,165,0,0
1995,Nashik,Baglan,Marginal (Below 1 ha),16871,8958,8611,25,321,8440,171,9,15,1
1995,Nashik,Chandor,Marginal (Below 1 ha),8198,4487,4311,42,132,4183,128,17,13,12
1995,Nashik,Dindori,Marginal (Below 1 ha),11291,6025,5893,76,60,5313,580,62,11,3
1995,Nashik,Igatpuri,Marginal (Below 1 ha),16190,6260,6159,31,71,5595,564,14,17,0
1995,Nashik,Kalwan,Marginal (Below 1 ha),11742,6077,5872,43,161,5476,396,32,3,8
1995,Nashik,Malegaon,Marginal (Below 1 ha),18865,11099,10868,40,192,10661,207,24,11,5
1995,Nashik,Nandgaon,Marginal (Below 1 ha),5832,3645,3645,0,0,3611,34,0,0,0
1995,Nashik,Nasik,Marginal (Below 1 ha),17404,7474,7354,39,81,5705,1649,5,11,23
1995,Nashik,Niphad,Marginal (Below 1 ha),21175,11823,11563,169,92,10294,1269,14,64,91
1995,Nashik,Peint (M),Marginal (Below 1 ha),5754,2795,2758,17,19,2631,127,7,3,7
1995,Nashik,Sinnar,Marginal (Below 1 ha),18555,9920,9690,71,158,9303,387,6,18,47
1995,Nashik,Surgana (M),Marginal (Below 1 ha),6378,3305,3294,2,10,3202,92,2,0,0
1995,Nashik,Yeola,Marginal (Below 1 ha),9756,5721,5657,42,23,5366,291,9,1,32
2000,Nashik,Baglan,Marginal (Below 1 ha),23430,13043,12764,60,219,12473,291,48,9,2
2000,Nashik,Chandwad,Marginal (Below 1 ha),16709,9233,8833,194,206,8581,251,133,37,24
2000,Nashik,Deval,Marginal (Below 1 ha),12187,6298,6106,33,159,5980,126,3,24,5
2000,Nashik,Dindori,Marginal (Below 1 ha),16790,8530,8276,180,74,6859,1417,86,74,21
2000,Nashik,Igatpuri,Marginal (Below 1 ha),18913,7524,7273,230,21,6737,536,148,53,29
2000,Nashik,Kalwan,Marginal (Below 1 ha),10212,5633,5510,59,64,5312,198,13,43,2
2000,Nashik,Malegoan,Marginal (Below 1 ha),27794,17320,16890,126,304,16523,367,19,54,53
2000,Nashik,Nandgaon,Marginal (Below 1 ha),11446,6414,6319,25,71,5371,948,5,14,6
2000,Nashik,Nashik,Marginal (Below 1 ha),20936,8883,8727,122,34,7272,1456,28,77,17
2000,Nashik,Niphad,Marginal (Below 1 ha),31151,16637,16153,232,252,14487,1667,73,84,74
2000,Nashik,Peth,Marginal (Below 1 ha),3795,1854,1851,2,2,1715,136,0,2,0
2000,Nashik,Sinnar,Marginal (Below 1 ha),25803,12967,12568,171,227,11750,819,9,33,129
2000,Nashik,Surguna,Marginal (Below 1 ha),8199,4507,4443,26,38,4300,143,5,2,18
2000,Nashik,Trambkeshwar,Marginal (Below 1 ha),7516,3499,3476,14,9,3281,195,2,11,0
2000,Nashik,Yeola,Marginal (Below 1 ha),11738,7906,7773,39,94,7569,204,4,25,10
2010,Nashik,Baglan,Marginal (Below 1 ha),25997,14399,13845,18,536,13540,305,8,1,9
2010,Nashik,Chandwad,Marginal (Below 1 ha),20197,10576,10314,6,256,9892,422,5,1,0
2010,Nashik,Deola,Marginal (Below 1 ha),12711,7054,6678,0,376,6428,251,0,0,0
2010,Nashik,Dindori,Marginal (Below 1 ha),21373,11071,10636,20,415,8660,1975,1,19,0
2010,Nashik,Igatpuri,Marginal (Below 1 ha),24471,8597,8501,4,92,7980,521,0,0,3
2010,Nashik,Kalwan,Marginal (Below 1 ha),12182,6614,5855,0,760,4212,1643,0,0,0
2010,Nashik,Malegoan,Marginal (Below 1 ha),33129,19427,19162,6,260,18563,599,0,6,0
2010,Nashik,Nandgaon,Marginal (Below 1 ha),11478,7128,6966,0,163,6788,178,0,0,0
2010,Nashik,Nashik,Marginal (Below 1 ha),24027,10443,10410,0,34,7775,2635,0,0,0
2010,Nashik,Niphad,Marginal (Below 1 ha),36336,18962,18630,87,245,17280,1349,12,39,37
2010,Nashik,Peth,Marginal (Below 1 ha),4039,1906,1897,0,9,1856,41,0,0,0
2010,Nashik,Sinnar,Marginal (Below 1 ha),29187,14522,14269,93,160,13487,782,57,30,6
2010,Nashik,Surguna,Marginal (Below 1 ha),9070,4717,4705,0,12,4638,67,0,0,0
2010,Nashik,Trimbakeshwar,Marginal (Below 1 ha),8164,3511,3510,0,1,3492,18,0,0,0
2010,Nashik,Yeola,Marginal (Below 1 ha),16135,9417,9235,8,174,8575,661,0,8,0
2015,Nashik,Baglan,Marginal (Below 1 ha),29122,14166,13516,650,0,12929,586,650,0,0
2015,Nashik,Chandvad,Marginal (Below 1 ha),23435,12052,11800,252,0,11315,485,252,0,0
2015,Nashik,Deola,Marginal (Below 1 ha),14793,7358,7131,227,0,6702,429,227,0,0
2015,Nashik,Dindori,Marginal (Below 1 ha),25022,13796,13138,658,0,10725,2413,658,0,0
2015,Nashik,Igatpuri,Marginal (Below 1 ha),24357,10602,10356,245,0,9943,414,245,0,0
2015,Nashik,Kalwan,Marginal (Below 1 ha),13776,6917,6024,894,0,4505,1518,894,0,0
2015,Nashik,Malegaon,Marginal (Below 1 ha),39112,22123,21908,214,0,21402,506,214,0,0
2015,Nashik,Nandgaon,Marginal (Below 1 ha),12997,6928,6776,152,0,6428,348,152,0,0
2015,Nashik,Nashik,Marginal (Below 1 ha),25719,9940,9809,131,0,7015,2794,131,0,0
2015,Nashik,Niphad,Marginal (Below 1 ha),40497,20369,20090,279,0,18167,1923,279,0,0
2015,Nashik,Peth,Marginal (Below 1 ha),5310,2641,2492,149,0,2432,60,149,0,0
2015,Nashik,Sinnar,Marginal (Below 1 ha),34066,16895,16532,362,0,15730,802,362,0,0
2015,Nashik,Surgana,Marginal (Below 1 ha),9711,4339,3800,540,0,3739,61,540,0,0
2015,Nashik,Trimbakeshwar,Marginal (Below 1 ha),10244,4290,3917,373,0,3570,347,373,0,0
2015,Nashik,Yevla,Marginal (Below 1 ha),20169,11598,11375,224,0,10879,496,224,0,0
1995,Nashik,Baglan,Small (1 to 2 ha),16545,23810,22544,122,1144,22091,453,52,51,19
1995,Nashik,Chandor,Small (1 to 2 ha),7883,11337,10770,161,406,10163,607,36,64,61
1995,Nashik,Dindori,Small (1 to 2 ha),10772,15501,15116,199,185,13503,1613,136,34,29
1995,Nashik,Igatpuri,Small (1 to 2 ha),7458,10641,10189,246,207,8954,1235,14,219,13
1995,Nashik,Kalwan,Small (1 to 2 ha),11364,16315,15598,86,630,14425,1173,50,15,21
1995,Nashik,Malegaon,Small (1 to 2 ha),24225,34142,32981,248,913,32471,510,138,81,29
1995,Nashik,Nandgaon,Small (1 to 2 ha),9128,12993,12983,1,9,12749,234,0,1,0
1995,Nashik,Nasik,Small (1 to 2 ha),9886,14007,13700,128,179,10783,2917,7,62,59
1995,Nashik,Niphad,Small (1 to 2 ha),15135,21643,21127,323,192,18863,2264,33,123,167
1995,Nashik,Peint (M),Small (1 to 2 ha),5288,7671,7516,104,49,6630,886,57,20,27
1995,Nashik,Sinnar,Small (1 to 2 ha),15504,23058,22352,190,518,21539,813,25,72,93
1995,Nashik,Surgana (M),Small (1 to 2 ha),6405,8889,8847,19,23,8412,435,4,14,1
1995,Nashik,Yeola,Small (1 to 2 ha),12644,18411,18212,116,82,17336,876,11,8,97
2000,Nashik,Baglan,Small (1 to 2 ha),20923,29667,28715,185,767,27929,786,122,50,14
2000,Nashik,Chandwad,Small (1 to 2 ha),13206,19090,18036,540,514,17300,736,327,117,95
2000,Nashik,Deval,Small (1 to 2 ha),9507,12861,12397,63,402,12118,279,10,50,2
2000,Nashik,Dindori,Small (1 to 2 ha),13903,19371,18969,312,90,15890,3079,178,109,25
2000,Nashik,Igatpuri,Small (1 to 2 ha),7954,11023,10268,733,22,9264,1004,600,70,63
2000,Nashik,Kalwan,Small (1 to 2 ha),8836,12336,12030,125,182,11424,605,10,98,17
2000,Nashik,Malegoan,Small (1 to 2 ha),22407,34790,33293,520,977,32167,1127,69,292,159
2000,Nashik,Nandgaon,Small (1 to 2 ha),13678,18907,18485,85,337,15085,3400,9,54,22
2000,Nashik,Nashik,Small (1 to 2 ha),8548,12155,11848,240,67,9932,1915,78,130,33
2000,Nashik,Niphad,Small (1 to 2 ha),19099,27665,27011,371,283,24556,2455,127,136,108
2000,Nashik,Peth,Small (1 to 2 ha),3665,5403,5347,52,5,4565,782,5,37,10
2000,Nashik,Sinnar,Small (1 to 2 ha),18452,26096,25147,440,508,22574,2574,56,127,258
2000,Nashik,Surguna,Small (1 to 2 ha),6906,9766,9671,41,53,9271,400,22,13,6
2000,Nashik,Trambkeshwar,Small (1 to 2 ha),4955,7410,7336,49,25,6465,871,12,30,6
2000,Nashik,Yeola,Small (1 to 2 ha),15568,24137,23852,101,185,23548,304,27,49,24
2010,Nashik,Baglan,Small (1 to 2 ha),22653,31976,30097,85,1794,29457,640,32,6,47
2010,Nashik,Chandwad,Small (1 to 2 ha),13766,19409,18235,50,1124,17651,583,45,2,4
2010,Nashik,Deola,Small (1 to 2 ha),9887,13941,12751,0,1190,12418,333,0,0,0
2010,Nashik,Dindori,Small (1 to 2 ha),15993,22834,20794,161,1880,16388,4406,20,139,2
2010,Nashik,Igatpuri,Small (1 to 2 ha),7620,10879,10558,4,317,9735,823,0,4,0
2010,Nashik,Kalwan,Small (1 to 2 ha),9484,13510,10080,0,3430,7349,2732,0,0,0
2010,Nashik,Malegoan,Small (1 to 2 ha),30776,43312,42171,27,1115,41017,1154,2,23,3
2010,Nashik,Nandgaon,Small (1 to 2 ha),13714,19458,18622,0,836,18446,176,0,0,0
2010,Nashik,Nashik,Small (1 to 2 ha),8689,12180,12019,0,160,9504,2515,0,0,0
2010,Nashik,Niphad,Small (1 to 2 ha),20196,28144,27311,189,644,25489,1823,51,57,80
2010,Nashik,Peth,Small (1 to 2 ha),3124,4546,4501,1,45,4186,316,0,0,1
2010,Nashik,Sinnar,Small (1 to 2 ha),18565,26329,25789,154,386,24230,1560,79,71,5
2010,Nashik,Surguna,Small (1 to 2 ha),7104,10165,10123,0,42,9894,229,0,0,0
2010,Nashik,Trimbakeshwar,Small (1 to 2 ha),4834,6981,6950,1,31,6904,46,0,0,1
2010,Nashik,Yeola,Small (1 to 2 ha),17527,25076,24337,50,690,23129,1207,1,47,2
2015,Nashik,Baglan,Small (1 to 2 ha),24539,28951,27094,1856,0,24128,2966,1856,0,0
2015,Nashik,Chandvad,Small (1 to 2 ha),14666,18046,17054,992,0,16374,680,992,0,0
2015,Nashik,Deola,Small (1 to 2 ha),9715,13472,12800,672,0,11993,807,672,0,0
2015,Nashik,Dindori,Small (1 to 2 ha),18121,27398,24703,2695,0,19600,5104,2695,0,0
2015,Nashik,Igatpuri,Small (1 to 2 ha),9265,11215,10540,675,0,10123,417,675,0,0
2015,Nashik,Kalwan,Small (1 to 2 ha),10299,14448,10816,3631,0,8197,2619,3631,0,0
2015,Nashik,Malegaon,Small (1 to 2 ha),31338,39297,38351,946,0,37275,1077,946,0,0
2015,Nashik,Nandgaon,Small (1 to 2 ha),12765,16987,16407,580,0,15330,1077,580,0,0
2015,Nashik,Nashik,Small (1 to 2 ha),9545,11255,10941,314,0,8329,2612,314,0,0
2015,Nashik,Niphad,Small (1 to 2 ha),21764,28781,27985,797,0,24457,3527,797,0,0
2015,Nashik,Peth,Small (1 to 2 ha),3912,6140,5622,518,0,5176,446,518,0,0
2015,Nashik,Sinnar,Small (1 to 2 ha),20630,25697,25015,682,0,23261,1754,682,0,0
2015,Nashik,Surgana,Small (1 to 2 ha),7070,8676,7221,1455,0,6977,244,1455,0,0
2015,Nashik,Trimbakeshwar,Small (1 to 2 ha),5809,6738,5695,1043,0,4966,729,1043,0,0
2015,Nashik,Yevla,Small (1 to 2 ha),17134,24917,24119,798,0,23165,954,798,0,0
1995,Nashik,Baglan,Semimedium (2 to 4 ha),11592,31423,28859,197,2367,27577,1282,61,128,8
1995,Nashik,Chandor,Semimedium (2 to 4 ha),5821,15767,14573,260,932,13324,1249,55,100,105
1995,Nashik,Dindori,Semimedium (2 to 4 ha),9075,25002,24221,528,250,21101,3120,392,60,76
1995,Nashik,Igatpuri,Semimedium (2 to 4 ha),5677,15951,15200,333,415,13333,1867,68,249,16
1995,Nashik,Kalwan,Semimedium (2 to 4 ha),7962,22015,20591,189,1234,18153,2438,58,60,71
1995,Nashik,Malegaon,Semimedium (2 to 4 ha),14485,38165,36001,501,1660,35033,968,242,129,130
1995,Nashik,Nandgaon,Semimedium (2 to 4 ha),6808,18339,18328,1,10,17883,445,0,0,1
1995,Nashik,Nasik,Semimedium (2 to 4 ha),6841,18881,18251,307,324,13967,4284,41,111,155
1995,Nashik,Niphad,Semimedium (2 to 4 ha),9888,27074,26182,584,308,22827,3355,59,222,303
1995,Nashik,Peint (M),Semimedium (2 to 4 ha),4717,13169,12798,243,127,10765,2033,126,60,57
1995,Nashik,Sinnar,Semimedium (2 to 4 ha),11393,31931,30502,394,1038,28898,1604,47,157,190
1995,Nashik,Surgana (M),Semimedium (2 to 4 ha),4179,11368,11180,27,163,10174,1006,2,24,1
1995,Nashik,Yeola,Semimedium (2 to 4 ha),9782,26349,25851,300,198,24599,1252,26,37,237
2000,Nashik,Baglan,Semimedium (2 to 4 ha),10367,26639,25388,203,1047,24183,1205,110,76,18
2000,Nashik,Chandwad,Semimedium (2 to 4 ha),8506,23135,21252,950,933,19713,1539,654,211,86
2000,Nashik,Deval,Semimedium (2 to 4 ha),5204,12389,11733,120,536,11319,414,13,91,16
2000,Nashik,Dindori,Semimedium (2 to 4 ha),10226,27555,26463,948,144,20765,5698,730,144,74
2000,Nashik,Igatpuri,Semimedium (2 to 4 ha),5104,14034,12897,1081,56,11340,1556,833,60,188
2000,Nashik,Kalwan,Semimedium (2 to 4 ha),5498,14988,14539,219,230,13674,866,23,178,18
2000,Nashik,Malegoan,Semimedium (2 to 4 ha),13013,33150,31265,837,1048,30327,938,152,396,289
2000,Nashik,Nandgaon,Semimedium (2 to 4 ha),8630,22637,21578,565,494,15879,5699,16,481,68
2000,Nashik,Nashik,Semimedium (2 to 4 ha),5039,13723,13200,436,87,10595,2605,79,336,21
2000,Nashik,Niphad,Semimedium (2 to 4 ha),9866,27339,26657,471,212,24125,2532,186,221,64
2000,Nashik,Peth,Semimedium (2 to 4 ha),3201,8834,8634,176,25,7009,1624,5,171,0
2000,Nashik,Sinnar,Semimedium (2 to 4 ha),11604,30856,28568,717,1570,23800,4768,109,189,420
2000,Nashik,Surguna,Semimedium (2 to 4 ha),3971,10806,10671,55,80,10230,442,33,9,12
2000,Nashik,Trambkeshwar,Semimedium (2 to 4 ha),4427,12424,12381,28,14,10725,1656,0,22,6
2000,Nashik,Yeola,Semimedium (2 to 4 ha),9612,26994,26643,138,213,26103,540,69,65,3
2010,Nashik,Baglan,Semimedium (2 to 4 ha),9904,25874,23836,165,1873,22969,867,55,42,68
2010,Nashik,Chandwad,Semimedium (2 to 4 ha),8022,21588,19448,202,1938,18789,660,158,26,18
2010,Nashik,Deola,Semimedium (2 to 4 ha),4706,12467,10992,54,1422,10382,609,16,31,6
2010,Nashik,Dindori,Semimedium (2 to 4 ha),10250,27839,23238,576,4026,17236,6002,56,507,13
2010,Nashik,Igatpuri,Semimedium (2 to 4 ha),4932,13595,12970,17,608,11907,1063,7,0,10
2010,Nashik,Kalwan,Semimedium (2 to 4 ha),5639,15260,10176,0,5084,7016,3160,0,0,0
2010,Nashik,Malegoan,Semimedium (2 to 4 ha),14517,37830,36257,44,1529,34834,1422,1,26,18
2010,Nashik,Nandgaon,Semimedium (2 to 4 ha),8090,21404,19384,0,2020,18978,406,0,0,0
2010,Nashik,Nashik,Semimedium (2 to 4 ha),4598,12410,12073,0,337,9460,2613,0,0,0
2010,Nashik,Niphad,Semimedium (2 to 4 ha),9069,24178,23189,155,834,21171,2019,22,68,65
2010,Nashik,Peth,Semimedium (2 to 4 ha),2685,7447,7441,0,6,6676,765,0,0,0
2010,Nashik,Sinnar,Semimedium (2 to 4 ha),10926,29432,28247,421,764,25065,3182,243,128,50
2010,Nashik,Surguna,Semimedium (2 to 4 ha),4060,10999,10679,2,318,10319,361,0,2,0
2010,Nashik,Trimbakeshwar,Semimedium (2 to 4 ha),3967,11005,10918,0,87,10605,313,0,0,0
2010,Nashik,Yeola,Semimedium (2 to 4 ha),9762,25762,24406,203,1154,22889,1517,4,53,146
2015,Nashik,Baglan,Semimedium (2 to 4 ha),12080,30113,28241,1871,0,23206,5035,1871,0,0
2015,Nashik,Chandvad,Semimedium (2 to 4 ha),9249,22468,20588,1880,0,19710,878,1880,0,0
2015,Nashik,Deola,Semimedium (2 to 4 ha),5139,12489,11546,943,0,10456,1090,943,0,0
2015,Nashik,Dindori,Semimedium (2 to 4 ha),9873,27666,22806,4860,0,17021,5785,4860,0,0
2015,Nashik,Igatpuri,Semimedium (2 to 4 ha),5520,14327,13383,944,0,12857,527,944,0,0
2015,Nashik,Kalwan,Semimedium (2 to 4 ha),5663,15271,10651,4620,0,7754,2897,4620,0,0
2015,Nashik,Malegaon,Semimedium (2 to 4 ha),14890,37822,36388,1434,0,34815,1573,1434,0,0
2015,Nashik,Nandgaon,Semimedium (2 to 4 ha),9013,22407,21224,1183,0,18756,2469,1183,0,0
2015,Nashik,Nashik,Semimedium (2 to 4 ha),5507,14262,13835,427,0,9602,4233,427,0,0
2015,Nashik,Niphad,Semimedium (2 to 4 ha),10094,24321,23457,864,0,18887,4570,864,0,0
2015,Nashik,Peth,Semimedium (2 to 4 ha),2914,8791,8140,651,0,7228,912,651,0,0
2015,Nashik,Sinnar,Semimedium (2 to 4 ha),12375,32376,30953,1423,0,27130,3823,1423,0,0
2015,Nashik,Surgana,Semimedium (2 to 4 ha),4664,12586,11490,1096,0,11110,380,1096,0,0
2015,Nashik,Trimbakeshwar,Semimedium (2 to 4 ha),5145,13212,10936,2276,0,9120,1816,2276,0,0
2015,Nashik,Yevla,Semimedium (2 to 4 ha),10144,25609,24009,1600,0,21606,2403,1600,0,0
1995,Nashik,Baglan,Medium (4 to 10 ha),3675,20642,18281,313,2048,16929,1352,92,221,0
1995,Nashik,Chandor,Medium (4 to 10 ha),2461,14392,12858,409,1126,11183,1675,70,140,199
1995,Nashik,Dindori,Medium (4 to 10 ha),5240,30614,29600,691,322,25442,4158,381,190,120
1995,Nashik,Igatpuri,Medium (4 to 10 ha),3629,21563,20484,375,705,18010,2474,117,220,38
1995,Nashik,Kalwan,Medium (4 to 10 ha),3154,17842,16179,340,1322,12724,3455,137,119,84
1995,Nashik,Malegaon,Medium (4 to 10 ha),4865,27805,24889,1118,1800,23781,1108,354,398,366
1995,Nashik,Nandgaon,Medium (4 to 10 ha),3325,19682,19667,11,2,19123,544,0,7,4
1995,Nashik,Nasik,Medium (4 to 10 ha),3826,22206,21077,566,560,16077,5000,50,188,328
1995,Nashik,Niphad,Medium (4 to 10 ha),3338,18260,17136,724,397,14401,2735,199,285,240
1995,Nashik,Peint (M),Medium (4 to 10 ha),2608,15282,14572,478,230,11029,3543,258,89,131
1995,Nashik,Sinnar,Medium (4 to 10 ha),4816,28607,26817,579,1210,24369,2448,111,244,224
1995,Nashik,Surgana (M),Medium (4 to 10 ha),1799,10073,10006,17,51,9263,743,5,3,9
1995,Nashik,Yeola,Medium (4 to 10 ha),3807,21720,21093,448,180,19505,1588,29,23,396
2000,Nashik,Baglan,Medium (4 to 10 ha),2385,12943,12342,110,491,11603,739,63,34,13
2000,Nashik,Chandwad,Medium (4 to 10 ha),3326,18942,16787,1369,786,14787,2000,901,304,163
2000,Nashik,Deval,Medium (4 to 10 ha),1194,6722,5977,192,553,5511,467,25,123,44
2000,Nashik,Dindori,Medium (4 to 10 ha),4812,27962,26229,1599,135,20056,6173,1192,312,95
2000,Nashik,Igatpuri,Medium (4 to 10 ha),2537,14649,13470,1162,17,11191,2279,677,176,308
2000,Nashik,Kalwan,Medium (4 to 10 ha),1547,8465,8070,239,157,7185,885,87,149,3
2000,Nashik,Malegoan,Medium (4 to 10 ha),3312,17988,16323,933,732,14798,1525,168,465,300
2000,Nashik,Nandgaon,Medium (4 to 10 ha),3471,19809,18151,722,936,11066,7084,4,533,185
2000,Nashik,Nashik,Medium (4 to 10 ha),1871,10623,10134,414,75,7749,2385,40,293,81
2000,Nashik,Niphad,Medium (4 to 10 ha),2362,12574,12109,376,90,10553,1556,207,146,23
2000,Nashik,Peth,Medium (4 to 10 ha),1606,9202,9010,159,33,6735,2275,1,158,0
2000,Nashik,Sinnar,Medium (4 to 10 ha),3912,22034,19059,701,2274,13185,5873,216,189,296
2000,Nashik,Surguna,Medium (4 to 10 ha),1456,7957,7851,17,89,7525,327,9,6,1
2000,Nashik,Trambkeshwar,Medium (4 to 10 ha),2593,15338,15223,6,109,12290,2933,0,6,0
2000,Nashik,Yeola,Medium (4 to 10 ha),2935,16123,15652,213,258,15245,407,146,63,4
2010,Nashik,Baglan,Medium (4 to 10 ha),2045,11122,9940,243,938,9043,897,21,68,154
2010,Nashik,Chandwad,Medium (4 to 10 ha),2851,16424,14151,203,2071,12286,1866,203,0,0
2010,Nashik,Deola,Medium (4 to 10 ha),1123,6212,5374,0,838,4912,462,0,0,0
2010,Nashik,Dindori,Medium (4 to 10 ha),4153,23750,17832,915,5003,10973,6859,29,868,17
2010,Nashik,Igatpuri,Medium (4 to 10 ha),2335,13573,12723,51,799,11681,1042,7,0,43
2010,Nashik,Kalwan,Medium (4 to 10 ha),1670,9235,4951,0,4284,2754,2197,0,0,0
2010,Nashik,Malegoan,Medium (4 to 10 ha),3497,19199,17680,181,1338,16738,942,0,36,145
2010,Nashik,Nandgaon,Medium (4 to 10 ha),3060,17343,14633,0,2710,14216,416,0,0,0
2010,Nashik,Nashik,Medium (4 to 10 ha),1395,7813,7381,0,432,5499,1881,0,0,0
2010,Nashik,Niphad,Medium (4 to 10 ha),2068,11199,10599,75,525,9300,1299,1,41,32
2010,Nashik,Peth,Medium (4 to 10 ha),1437,8228,8121,0,108,6672,1449,0,0,0
2010,Nashik,Sinnar,Medium (4 to 10 ha),3649,20613,18386,1357,870,15062,3323,998,203,156
2010,Nashik,Surguna,Medium (4 to 10 ha),1400,7786,7706,0,81,7452,254,0,0,0
2010,Nashik,Trimbakeshwar,Medium (4 to 10 ha),2307,13599,13533,18,48,13417,116,0,0,18
2010,Nashik,Yeola,Medium (4 to 10 ha),2907,16207,15073,100,1034,13250,1823,10,64,27
2015,Nashik,Baglan,Medium (4 to 10 ha),2560,13733,12816,917,0,9779,3037,917,0,0
2015,Nashik,Chandvad,Medium (4 to 10 ha),3049,17494,15364,2129,0,13592,1772,2129,0,0
2015,Nashik,Deola,Medium (4 to 10 ha),1119,6201,5843,358,0,5158,685,358,0,0
2015,Nashik,Dindori,Medium (4 to 10 ha),3399,19077,13886,5191,0,8838,5049,5191,0,0
2015,Nashik,Igatpuri,Medium (4 to 10 ha),2249,12921,12042,878,0,11559,483,878,0,0
2015,Nashik,Kalwan,Medium (4 to 10 ha),1778,9821,6108,3712,0,3942,2166,3712,0,0
2015,Nashik,Malegaon,Medium (4 to 10 ha),3685,20051,18599,1452,0,17451,1148,1452,0,0
2015,Nashik,Nandgaon,Medium (4 to 10 ha),4150,22767,21674,1093,0,18482,3192,1093,0,0
2015,Nashik,Nashik,Medium (4 to 10 ha),1869,10679,10434,245,0,5457,4977,245,0,0
2015,Nashik,Niphad,Medium (4 to 10 ha),2183,11753,11263,490,0,8053,3210,490,0,0
2015,Nashik,Peth,Medium (4 to 10 ha),1482,8262,7639,623,0,6255,1384,623,0,0
2015,Nashik,Sinnar,Medium (4 to 10 ha),3789,21456,19096,2360,0,15191,3905,2360,0,0
2015,Nashik,Surgana,Medium (4 to 10 ha),1812,10266,9426,840,0,9034,392,840,0,0
2015,Nashik,Trimbakeshwar,Medium (4 to 10 ha),2784,16791,13110,3681,0,10260,2850,3681,0,0
2015,Nashik,Yevla,Medium (4 to 10 ha),2953,16311,14530,1780,0,11504,3027,1780,0,0
1995,Nashik,Baglan,Large (>10 ha),513,10435,7111,287,3036,6400,711,7,280,0
1995,Nashik,Chandor,Large (>10 ha),541,12831,11209,676,944,10404,805,20,122,534
1995,Nashik,Dindori,Large (>10 ha),767,11445,11289,57,100,9953,1336,54,3,0
1995,Nashik,Igatpuri,Large (>10 ha),509,6760,6320,163,276,5711,609,117,35,11
1995,Nashik,Kalwan,Large (>10 ha),357,6141,5329,276,536,2443,2886,8,235,33
1995,Nashik,Malegaon,Large (>10 ha),470,7185,5817,468,900,5084,733,125,54,289
1995,Nashik,Nandgaon,Large (>10 ha),441,6236,6229,2,4,5977,252,0,0,2
1995,Nashik,Nasik,Large (>10 ha),633,9562,8992,344,225,6632,2360,14,187,143
1995,Nashik,Niphad,Large (>10 ha),274,6231,6051,125,54,3906,2145,84,11,30
1995,Nashik,Peint (M),Large (>10 ha),287,4616,4202,400,15,2904,1298,317,23,60
1995,Nashik,Sinnar,Large (>10 ha),668,11718,10553,488,674,8526,2027,135,319,34
1995,Nashik,Surgana (M),Large (>10 ha),130,1906,1550,1,355,1297,253,1,0,0
1995,Nashik,Yeola,Large (>10 ha),500,7577,7193,240,144,6582,611,0,0,240
2000,Nashik,Baglan,Large (>10 ha),137,2274,2216,1,57,2075,142,0,0,1
2000,Nashik,Chandwad,Large (>10 ha),428,6147,4819,1138,190,3979,840,789,291,58
2000,Nashik,Deval,Large (>10 ha),108,1566,1375,86,105,1215,159,5,35,46
2000,Nashik,Dindori,Large (>10 ha),553,8357,6658,1666,33,4137,2521,1377,149,140
2000,Nashik,Igatpuri,Large (>10 ha),335,4522,4117,401,4,3448,669,207,84,111
2000,Nashik,Kalwan,Large (>10 ha),121,1618,1600,15,2,1179,421,0,15,1
2000,Nashik,Malegoan,Large (>10 ha),224,4870,4480,198,192,3746,734,25,109,64
2000,Nashik,Nandgaon,Large (>10 ha),370,5802,5111,190,500,3511,1600,41,108,41
2000,Nashik,Nashik,Large (>10 ha),222,3847,3590,219,39,2654,936,22,46,151
2000,Nashik,Niphad,Large (>10 ha),116,2113,1967,94,52,1684,283,92,0,3
2000,Nashik,Peth,Large (>10 ha),136,1875,1868,7,0,1159,709,0,7,0
2000,Nashik,Sinnar,Large (>10 ha),433,5795,4079,310,1406,2410,1669,62,94,154
2000,Nashik,Surguna,Large (>10 ha),85,1072,1072,0,0,1065,7,0,0,0
2000,Nashik,Trambkeshwar,Large (>10 ha),411,5840,5810,7,24,4255,1554,1,6,0
2000,Nashik,Yeola,Large (>10 ha),271,3829,3720,6,104,3625,94,1,5,0
2010,Nashik,Baglan,Large (>10 ha),95,1355,1298,0,56,1284,15,0,0,0
2010,Nashik,Chandwad,Large (>10 ha),278,4137,2973,78,1086,2535,438,78,0,0
2010,Nashik,Deola,Large (>10 ha),81,1155,1002,0,153,870,132,0,0,0
2010,Nashik,Dindori,Large (>10 ha),409,5888,4129,332,1428,2210,1919,79,253,0
2010,Nashik,Igatpuri,Large (>10 ha),272,3716,3525,39,152,3082,443,0,0,39
2010,Nashik,Kalwan,Large (>10 ha),126,1868,1021,0,846,409,613,0,0,0
2010,Nashik,Malegoan,Large (>10 ha),173,2408,2053,22,333,1835,218,0,22,1
2010,Nashik,Nandgaon,Large (>10 ha),271,4125,2951,93,1080,2594,357,0,0,93
2010,Nashik,Nashik,Large (>10 ha),143,1922,1802,0,120,873,929,0,0,0
2010,Nashik,Niphad,Large (>10 ha),67,911,801,0,109,652,150,0,0,0
2010,Nashik,Peth,Large (>10 ha),251,3531,3531,0,0,2246,1285,0,0,0
2010,Nashik,Sinnar,Large (>10 ha),371,5812,5031,334,447,2714,2317,279,10,45
2010,Nashik,Surguna,Large (>10 ha),86,1203,1194,0,9,1151,43,0,0,0
2010,Nashik,Trimbakeshwar,Large (>10 ha),330,4765,4720,0,45,4720,0,0,0,0
2010,Nashik,Yeola,Large (>10 ha),257,3611,3145,273,193,1982,1163,0,89,185
2015,Nashik,Baglan,Large (>10 ha),170,2614,2591,23,0,1172,1419,23,0,0
2015,Nashik,Chandvad,Large (>10 ha),300,4779,3912,867,0,3050,862,867,0,0
2015,Nashik,Deola,Large (>10 ha),88,1563,1522,41,0,945,577,41,0,0
2015,Nashik,Dindori,Large (>10 ha),275,4353,3000,1353,0,1728,1271,1353,0,0
2015,Nashik,Igatpuri,Large (>10 ha),311,4841,4771,70,0,4559,212,70,0,0
2015,Nashik,Kalwan,Large (>10 ha),137,2388,1903,485,0,1537,366,485,0,0
2015,Nashik,Malegaon,Large (>10 ha),287,6504,6285,219,0,2398,3887,219,0,0
2015,Nashik,Nandgaon,Large (>10 ha),279,3963,3817,146,0,2285,1532,146,0,0
2015,Nashik,Nashik,Large (>10 ha),386,5939,5866,73,0,578,5287,73,0,0
2015,Nashik,Niphad,Large (>10 ha),190,3402,3287,115,0,1679,1607,115,0,0
2015,Nashik,Peth,Large (>10 ha),115,1498,1497,0,0,1072,426,0,0,0
2015,Nashik,Sinnar,Large (>10 ha),410,6659,5440,1219,0,2943,2497,1219,0,0
2015,Nashik,Surgana,Large (>10 ha),105,1772,1766,6,0,1699,68,6,0,0
2015,Nashik,Trimbakeshwar,Large (>10 ha),425,6474,5295,1179,0,3172,2123,1179,0,0
2015,Nashik,Yevla,Large (>10 ha),240,4197,3892,305,0,2253,1639,305,0,0
1995,Dharashiv,Bhoom,Marginal (Below 1 ha),6904,3529,3490,11,28,3164,326,2,3,6
1995,Dharashiv,Kalam,Marginal (Below 1 ha),11476,6650,6648,1,1,6588,60,1,0,0
1995,Dharashiv,Omerga,Marginal (Below 1 ha),7824,5256,5245,6,5,5180,65,1,1,4
1995,Dharashiv,Dharashiv,Marginal (Below 1 ha),10201,5795,5712,71,15,5614,98,23,19,29
1995,Dharashiv,Parenda,Marginal (Below 1 ha),8105,4628,4599,5,22,4494,105,0,3,2
1995,Dharashiv,Tuljapur,Marginal (Below 1 ha),7611,4314,4288,2,23,4075,213,1,1,0
2000,Dharashiv,All Tehsils,Marginal (Below 1 ha),74185,41966,41576,213,177,40571,1004,26,94,93
2000,Dharashiv,Bhum,Marginal (Below 1 ha),9185,4814,4748,26,39,4607,142,1,13,13
2000,Dharashiv,Kalamb,Marginal (Below 1 ha),11617,7187,7141,28,18,7122,19,10,3,16
2000,Dharashiv,Lohara,Marginal (Below 1 ha),3757,2543,2541,1,2,2506,35,0,0,0
2000,Dharashiv,Paranda,Marginal (Below 1 ha),10611,6028,6009,6,13,5823,186,0,4,1
2000,Dharashiv,Tuljapur,Marginal (Below 1 ha),10230,5244,5184,15,45,4865,320,3,7,5
2000,Dharashiv,Umarga,Marginal (Below 1 ha),9013,6288,6232,43,14,6135,97,7,28,7
2000,Dharashiv,Usmanabad,Marginal (Below 1 ha),13724,6543,6436,62,45,6274,162,4,38,20
2010,Dharashiv,Bhum,Marginal (Below 1 ha),12087,6755,6739,0,16,6331,407,0,0,0
2010,Dharashiv,Kalamb,Marginal (Below 1 ha),18960,11256,11192,16,48,10897,295,0,0,16
2010,Dharashiv,Lohara,Marginal (Below 1 ha),5475,3541,3521,0,20,3442,79,0,0,0
2010,Dharashiv,Dharashiv,Marginal (Below 1 ha),20476,12469,12371,3,94,855,11516,1,2,0
2010,Dharashiv,Paranda,Marginal (Below 1 ha),16445,9517,9368,0,149,8492,876,0,0,0
2010,Dharashiv,Tuljapur,Marginal (Below 1 ha),15298,9211,9096,12,103,3261,5835,9,2,1
2010,Dharashiv,Umarga,Marginal (Below 1 ha),12690,8326,8215,4,108,7774,441,0,3,0
2010,Dharashiv,Washi,Marginal (Below 1 ha),9763,5263,5159,2,102,5073,86,0,0,2
2015,Dharashiv,Bhum,Marginal (Below 1 ha),17932,8649,8649,0,0,8580,69,0,0,0
2015,Dharashiv,Kalamb,Marginal (Below 1 ha),25713,12794,12794,0,0,12573,221,0,0,0
2015,Dharashiv,Lohara,Marginal (Below 1 ha),8704,4485,4485,0,0,4436,49,0,0,0
2015,Dharashiv,Dharashiv,Marginal (Below 1 ha),22752,12149,12149,0,0,12019,130,0,0,0
2015,Dharashiv,Paranda,Marginal (Below 1 ha),23988,12790,12789,1,0,12284,505,1,0,0
2015,Dharashiv,Tuljapur,Marginal (Below 1 ha),23193,11218,11216,2,0,10813,403,2,0,0
2015,Dharashiv,Umarga,Marginal (Below 1 ha),22042,10037,10030,6,0,9562,469,6,0,0
2015,Dharashiv,Washi,Marginal (Below 1 ha),13937,5500,5500,0,0,5468,32,0,0,0
1995,Dharashiv,Bhoom,Small (1 to 2 ha),7630,11149,11028,43,77,10342,686,3,5,35
1995,Dharashiv,Kalam,Small (1 to 2 ha),15886,22879,22872,4,3,22719,153,2,1,1
1995,Dharashiv,Omerga,Small (1 to 2 ha),18633,27152,27090,29,33,26709,381,1,14,14
1995,Dharashiv,Dharashiv,Small (1 to 2 ha),14737,21048,20831,189,28,20502,329,58,51,80
1995,Dharashiv,Parenda,Small (1 to 2 ha),11492,16852,16750,33,69,16419,331,6,16,11
1995,Dharashiv,Tuljapur,Small (1 to 2 ha),13253,19208,19049,10,149,17816,1233,2,4,4
2000,Dharashiv,Bhum,Small (1 to 2 ha),9414,13320,13149,82,90,12506,642,5,36,42
2000,Dharashiv,Kalamb,Small (1 to 2 ha),13015,20096,19955,67,74,19906,48,19,19,29
2000,Dharashiv,Lohara,Small (1 to 2 ha),6908,9873,9843,11,19,9725,119,2,5,4
2000,Dharashiv,Paranda,Small (1 to 2 ha),12740,17481,17430,17,34,17050,380,0,9,8
2000,Dharashiv,Tuljapur,Small (1 to 2 ha),16234,17832,17810,11,11,16913,897,1,9,1
2000,Dharashiv,Umarga,Small (1 to 2 ha),16830,20950,20854,82,14,20636,218,14,62,7
2000,Dharashiv,Usmanabad,Small (1 to 2 ha),18076,24054,23657,275,122,23313,343,20,152,102
2000,Dharashiv,Vashi,Small (1 to 2 ha),6749,9747,9639,105,4,9390,249,20,49,36
2010,Dharashiv,Bhum,Small (1 to 2 ha),11958,17330,17149,0,181,16616,534,0,0,0
2010,Dharashiv,Kalamb,Small (1 to 2 ha),19727,28228,28044,11,173,27616,428,0,0,11
2010,Dharashiv,Lohara,Small (1 to 2 ha),8498,12265,12074,0,191,11866,208,0,0,0
2010,Dharashiv,Dharashiv,Small (1 to 2 ha),23809,33928,33419,4,505,3339,30079,0,2,2
2010,Dharashiv,Paranda,Small (1 to 2 ha),15971,22975,22564,0,411,21368,1196,0,0,0
2010,Dharashiv,Tuljapur,Small (1 to 2 ha),22031,31744,31021,33,690,11562,19459,20,11,2
2010,Dharashiv,Umarga,Small (1 to 2 ha),19178,27447,27126,14,307,26406,720,0,14,0
2010,Dharashiv,Washi,Small (1 to 2 ha),8850,12778,12501,6,270,12368,134,3,3,0
2015,Dharashiv,Bhum,Small (1 to 2 ha),13267,19196,19123,73,0,18842,280,73,0,0
2015,Dharashiv,Kalamb,Small (1 to 2 ha),20394,25510,25271,239,0,25057,213,239,0,0
2015,Dharashiv,Lohara,Small (1 to 2 ha),10263,14049,13985,64,0,13892,94,64,0,0
2015,Dharashiv,Dharashiv,Small (1 to 2 ha),26580,34615,34412,203,0,33787,625,203,0,0
2015,Dharashiv,Paranda,Small (1 to 2 ha),16115,22456,22168,288,0,21384,784,288,0,0
2015,Dharashiv,Tuljapur,Small (1 to 2 ha),24490,35497,34958,539,0,34162,795,539,0,0
2015,Dharashiv,Umarga,Small (1 to 2 ha),21176,29476,29169,308,0,28240,928,308,0,0
2015,Dharashiv,Washi,Small (1 to 2 ha),9108,11420,11361,59,0,11179,182,59,0,0
1995,Dharashiv,Bhoom,Semimedium (2 to 4 ha),7759,21458,21240,88,130,19430,1810,8,7,73
1995,Dharashiv,Kalam,Semimedium (2 to 4 ha),12039,33013,33003,4,6,32839,164,2,2,0
1995,Dharashiv,Omerga,Semimedium (2 to 4 ha),13925,37976,37897,52,28,37235,662,6,18,28
1995,Dharashiv,Dharashiv,Semimedium (2 to 4 ha),11767,32201,31566,593,45,31096,470,297,99,197
1995,Dharashiv,Parenda,Semimedium (2 to 4 ha),9849,27142,26925,77,138,26339,586,4,49,24
1995,Dharashiv,Tuljapur,Semimedium (2 to 4 ha),11723,31415,31144,33,238,29145,1999,17,13,3
2000,Dharashiv,Bhum,Semimedium (2 to 4 ha),8362,22528,22019,204,305,20874,1146,9,122,73
2000,Dharashiv,Kalamb,Semimedium (2 to 4 ha),9663,26494,26251,136,107,26148,103,56,36,45
2000,Dharashiv,Lohara,Semimedium (2 to 4 ha),5510,15225,15165,21,39,15030,135,2,14,5
2000,Dharashiv,Paranda,Semimedium (2 to 4 ha),10275,26989,26789,29,171,26386,403,4,16,9
2000,Dharashiv,Tuljapur,Semimedium (2 to 4 ha),13297,33153,33042,50,61,31343,1699,9,13,28
2000,Dharashiv,Umarga,Semimedium (2 to 4 ha),10359,26998,26806,145,47,26550,257,2,94,49
2000,Dharashiv,Usmanabad,Semimedium (2 to 4 ha),13482,34161,33435,452,274,32947,489,84,179,189
2000,Dharashiv,Vashi,Semimedium (2 to 4 ha),5590,15254,15035,197,21,14688,348,22,163,13
2010,Dharashiv,Bhum,Semimedium (2 to 4 ha),8656,23578,23346,0,232,22419,926,0,0,0
2010,Dharashiv,Kalamb,Semimedium (2 to 4 ha),9935,26547,26124,55,367,25681,443,0,0,55
2010,Dharashiv,Lohara,Semimedium (2 to 4 ha),5885,16008,15687,0,322,15144,542,0,0,0
2010,Dharashiv,Dharashiv,Semimedium (2 to 4 ha),13327,35778,34566,7,1205,5238,29328,0,2,5
2010,Dharashiv,Paranda,Semimedium (2 to 4 ha),10547,28267,27532,0,735,26358,1174,0,0,0
2010,Dharashiv,Tuljapur,Semimedium (2 to 4 ha),15169,40343,38992,81,1270,10500,28492,50,27,3
2010,Dharashiv,Umarga,Semimedium (2 to 4 ha),10544,28319,27777,31,511,27148,628,0,30,1
2010,Dharashiv,Washi,Semimedium (2 to 4 ha),6128,16744,16395,1,348,16078,317,0,1,0
2015,Dharashiv,Bhum,Semimedium (2 to 4 ha),8177,22349,22109,240,0,21708,400,240,0,0
2015,Dharashiv,Kalamb,Semimedium (2 to 4 ha),9646,26141,25754,387,0,25401,353,387,0,0
2015,Dharashiv,Lohara,Semimedium (2 to 4 ha),6549,17308,17153,155,0,17048,106,155,0,0
2015,Dharashiv,Dharashiv,Semimedium (2 to 4 ha),13096,35863,35483,380,0,34479,1003,380,0,0
2015,Dharashiv,Paranda,Semimedium (2 to 4 ha),11666,28967,28497,470,0,27251,1246,470,0,0
2015,Dharashiv,Tuljapur,Semimedium (2 to 4 ha),14507,38483,37707,776,0,36749,958,776,0,0
2015,Dharashiv,Umarga,Semimedium (2 to 4 ha),10278,26897,26492,405,0,25552,940,405,0,0
2015,Dharashiv,Washi,Semimedium (2 to 4 ha),5962,15373,15194,179,0,14856,338,179,0,0
1995,Dharashiv,Bhoom,Medium (4 to 10 ha),5255,31296,30872,207,217,25819,5053,9,14,184
1995,Dharashiv,Kalam,Medium (4 to 10 ha),6373,36704,36690,10,3,36481,209,1,1,8
1995,Dharashiv,Omerga,Medium (4 to 10 ha),7538,44033,43898,61,74,43116,782,7,22,32
1995,Dharashiv,Dharashiv,Medium (4 to 10 ha),6958,40447,39044,1199,204,37859,1185,621,168,410
1995,Dharashiv,Parenda,Medium (4 to 10 ha),5112,29176,28951,94,133,28116,835,2,67,25
1995,Dharashiv,Tuljapur,Medium (4 to 10 ha),7653,45549,44892,126,531,39857,5035,22,1,103
2000,Dharashiv,Bhum,Medium (4 to 10 ha),4520,26049,24310,770,969,21774,2537,29,369,372
2000,Dharashiv,Kalamb,Medium (4 to 10 ha),4300,24128,23795,151,182,23699,97,42,37,72
2000,Dharashiv,Lohara,Medium (4 to 10 ha),2807,15997,15888,55,53,15737,151,1,48,6
2000,Dharashiv,Paranda,Medium (4 to 10 ha),3659,20194,19741,177,276,19308,433,6,19,152
2000,Dharashiv,Tuljapur,Medium (4 to 10 ha),7878,45303,45052,134,117,42368,2683,12,34,88
2000,Dharashiv,Umarga,Medium (4 to 10 ha),4711,26096,25965,106,25,25774,191,37,51,18
2000,Dharashiv,Usmanabad,Medium (4 to 10 ha),6357,36255,35142,766,347,34521,621,100,449,218
2000,Dharashiv,Vashi,Medium (4 to 10 ha),2872,17286,16713,533,41,16037,676,66,386,81
2010,Dharashiv,Bhum,Medium (4 to 10 ha),4287,24840,24497,1,342,22635,1862,0,1,0
2010,Dharashiv,Kalamb,Medium (4 to 10 ha),3258,18124,17613,155,355,17000,613,0,16,139
2010,Dharashiv,Lohara,Medium (4 to 10 ha),2499,14130,13696,0,435,13164,531,0,0,0
2010,Dharashiv,Dharashiv,Medium (4 to 10 ha),5415,30684,28847,7,1829,6956,21891,0,1,6
2010,Dharashiv,Paranda,Medium (4 to 10 ha),2808,15309,14797,0,512,14259,538,0,0,0
2010,Dharashiv,Tuljapur,Medium (4 to 10 ha),7316,42522,40830,219,1473,10892,29938,47,160,12
2010,Dharashiv,Umarga,Medium (4 to 10 ha),4023,22654,21945,157,552,21608,337,0,157,0
2010,Dharashiv,Washi,Medium (4 to 10 ha),2800,15914,15458,12,444,15085,373,0,0,12
2015,Dharashiv,Bhum,Medium (4 to 10 ha),3720,21528,21409,119,0,21049,360,119,0,0
2015,Dharashiv,Kalamb,Medium (4 to 10 ha),3051,17376,17179,197,0,16840,339,197,0,0
2015,Dharashiv,Lohara,Medium (4 to 10 ha),2365,12951,12889,62,0,12842,48,62,0,0
2015,Dharashiv,Dharashiv,Medium (4 to 10 ha),4876,27745,27545,200,0,26358,1187,200,0,0
2015,Dharashiv,Paranda,Medium (4 to 10 ha),2426,12965,12702,263,0,12111,591,263,0,0
2015,Dharashiv,Tuljapur,Medium (4 to 10 ha),5736,32493,31781,712,0,30645,1136,712,0,0
2015,Dharashiv,Umarga,Medium (4 to 10 ha),3591,19970,19664,306,0,18851,813,306,0,0
2015,Dharashiv,Washi,Medium (4 to 10 ha),2728,15531,15427,104,0,15087,341,104,0,0
1995,Dharashiv,Bhoom,Large (>10 ha),658,9348,9057,138,153,7121,1936,6,96,36
1995,Dharashiv,Kalam,Large (>10 ha),552,8176,8176,0,0,7816,360,0,0,0
1995,Dharashiv,Omerga,Large (>10 ha),839,11576,11556,7,12,10943,613,0,0,7
1995,Dharashiv,Dharashiv,Large (>10 ha),876,12892,12608,243,41,9444,3164,243,0,0
1995,Dharashiv,Parenda,Large (>10 ha),489,6890,6773,101,13,6576,197,47,12,42
1995,Dharashiv,Tuljapur,Large (>10 ha),1404,20287,19128,450,709,15615,3513,112,109,229
2000,Dharashiv,Bhum,Large (>10 ha),436,6275,5451,409,415,4533,918,4,165,240
2000,Dharashiv,Kalamb,Large (>10 ha),259,3755,3523,217,14,3520,4,121,91,6
2000,Dharashiv,Lohara,Large (>10 ha),235,3332,3286,37,9,3256,30,0,3,34
2000,Dharashiv,Paranda,Large (>10 ha),254,4061,3837,66,158,3730,107,0,44,23
2000,Dharashiv,Tuljapur,Large (>10 ha),1211,25846,25392,366,88,22983,2409,137,85,144
2000,Dharashiv,Umarga,Large (>10 ha),374,5004,4890,109,5,4759,131,23,17,69
2000,Dharashiv,Usmanabad,Large (>10 ha),609,9413,8099,1197,117,7557,543,3,933,262
2000,Dharashiv,Vashi,Large (>10 ha),362,6495,6280,202,13,6154,126,47,44,111
2010,Dharashiv,Bhum,Large (>10 ha),382,5396,5362,0,33,4676,686,0,0,0
2010,Dharashiv,Kalamb,Large (>10 ha),178,2461,2384,54,23,2303,80,0,0,54
2010,Dharashiv,Lohara,Large (>10 ha),164,2238,2199,0,39,1813,387,0,0,0
2010,Dharashiv,Dharashiv,Large (>10 ha),443,6432,5606,0,826,880,4726,0,0,0
2010,Dharashiv,Paranda,Large (>10 ha),193,3130,2810,0,320,2284,525,0,0,0
2010,Dharashiv,Tuljapur,Large (>10 ha),810,12637,12110,135,392,4248,7862,77,55,3
2010,Dharashiv,Umarga,Large (>10 ha),330,4634,3909,78,647,3850,58,0,78,0
2010,Dharashiv,Washi,Large (>10 ha),266,3795,3486,131,177,2994,492,46,28,57
2015,Dharashiv,Bhum,Large (>10 ha),243,3411,3411,0,0,3271,140,0,0,0
2015,Dharashiv,Kalamb,Large (>10 ha),150,3859,3826,33,0,2692,1133,33,0,0
2015,Dharashiv,Lohara,Large (>10 ha),111,1578,1578,0,0,1489,89,0,0,0
2015,Dharashiv,Dharashiv,Large (>10 ha),298,4504,4504,0,0,3553,951,0,0,0
2015,Dharashiv,Paranda,Large (>10 ha),104,1798,1798,0,0,1599,198,0,0,0
2015,Dharashiv,Tuljapur,Large (>10 ha),467,8811,8811,0,0,7742,1069,0,0,0
2015,Dharashiv,Umarga,Large (>10 ha),230,3437,3424,13,0,2630,794,13,0,0
2015,Dharashiv,Washi,Large (>10 ha),364,5015,5015,0,0,4751,264,0,0,0
2015,Palghar,Dahanu,Marginal (Below 1 ha),19212,8657,7320,1337,0,6778,542,1337,0,0
2015,Palghar,Jawhar,Marginal (Below 1 ha),2261,1070,708,362,0,558,150,362,0,0
2015,Palghar,Mokhada,Marginal (Below 1 ha),1556,638,243,395,0,128,115,395,0,0
2015,Palghar,Palghar,Marginal (Below 1 ha),24103,10100,8794,1306,0,8496,298,1306,0,0
2015,Palghar,Talasari,Marginal (Below 1 ha),5328,2498,2001,497,0,1814,187,497,0,0
2015,Palghar,Vada,Marginal (Below 1 ha),10647,3732,2041,1691,0,1751,290,1691,0,0
2015,Palghar,Vasai,Marginal (Below 1 ha),19494,5244,3807,1436,0,3127,680,1436,0,0
2015,Palghar,Vikramgad,Marginal (Below 1 ha),4214,1944,1943,1,0,1938,6,1,0,0
2015,Palghar,Dahanu,Small (1 to 2 ha),5955,9104,6858,2246,0,6549,309,2246,0,0
2015,Palghar,Jawhar,Small (1 to 2 ha),2062,2512,1466,1047,0,1211,254,1047,0,0
2015,Palghar,Mokhada,Small (1 to 2 ha),1164,1752,454,1298,0,361,93,1298,0,0
2015,Palghar,Palghar,Small (1 to 2 ha),7759,9680,7903,1778,0,7788,115,1778,0,0
2015,Palghar,Talasari,Small (1 to 2 ha),2199,3135,2630,505,0,2530,100,505,0,0
2015,Palghar,Vada,Small (1 to 2 ha),4484,7082,2960,4122,0,2812,148,4122,0,0
2015,Palghar,Vasai,Small (1 to 2 ha),2057,2482,1561,920,0,1499,62,920,0,0
2015,Palghar,Vikramgad,Small (1 to 2 ha),3503,5130,5118,12,0,5071,47,12,0,0
2015,Palghar,Dahanu,Semimedium (2 to 4 ha),3338,9353,7307,2047,0,7085,222,2047,0,0
2015,Palghar,Jawhar,Semimedium (2 to 4 ha),2389,6311,3669,2642,0,2921,748,2642,0,0
2015,Palghar,Mokhada,Semimedium (2 to 4 ha),1592,4445,914,3531,0,793,121,3531,0,0
2015,Palghar,Palghar,Semimedium (2 to 4 ha),3078,7788,5936,1852,0,5880,56,1852,0,0
2015,Palghar,Talasari,Semimedium (2 to 4 ha),1320,3788,3268,520,0,3150,117,520,0,0
2015,Palghar,Vada,Semimedium (2 to 4 ha),2936,8285,3097,5188,0,2999,98,5188,0,0
2015,Palghar,Vasai,Semimedium (2 to 4 ha),1058,2424,1263,1161,0,1207,57,1161,0,0
2015,Palghar,Vikramgad,Semimedium (2 to 4 ha),2658,7070,7063,7,0,6911,153,7,0,0
2015,Palghar,Dahanu,Medium (4 to 10 ha),1168,6603,5142,1460,0,4853,289,1460,0,0
2015,Palghar,Jawhar,Medium (4 to 10 ha),2255,13957,7978,5979,0,5624,2354,5979,0,0
2015,Palghar,Mokhada,Medium (4 to 10 ha),1857,11722,1973,9749,0,1825,147,9749,0,0
2015,Palghar,Palghar,Medium (4 to 10 ha),1118,6462,4574,1888,0,4542,32,1888,0,0
2015,Palghar,Talasari,Medium (4 to 10 ha),513,3010,2376,635,0,2333,43,635,0,0
2015,Palghar,Vada,Medium (4 to 10 ha),1768,10361,3126,7235,0,3045,81,7235,0,0
2015,Palghar,Vasai,Medium (4 to 10 ha),327,1964,1075,890,0,1045,30,890,0,0
2015,Palghar,Vikramgad,Medium (4 to 10 ha),1422,8442,8431,11,0,8282,149,11,0,0
2015,Palghar,Dahanu,Large (>10 ha),244,4880,4015,865,0,2423,1592,865,0,0
2015,Palghar,Jawhar,Large (>10 ha),591,8328,4710,3618,0,2666,2044,3618,0,0
2015,Palghar,Mokhada,Large (>10 ha),660,10075,2507,7569,0,2468,38,7569,0,0
2015,Palghar,Palghar,Large (>10 ha),192,3671,2337,1333,0,2333,5,1333,0,0
2015,Palghar,Talasari,Large (>10 ha),169,3422,3254,167,0,3116,138,167,0,0
2015,Palghar,Vada,Large (>10 ha),259,4846,2230,2616,0,2227,4,2616,0,0
2015,Palghar,Vasai,Large (>10 ha),63,1181,339,842,0,335,3,842,0,0
2015,Palghar,Vikramgad,Large (>10 ha),176,3407,3407,0,0,3321,85,0,0,0
1995,Parbhani,Aundha,Marginal (Below 1 ha),9200,5402,5364,1,37,5211,153,0,0,1
1995,Parbhani,Basmath,Marginal (Below 1 ha),14214,8156,8139,6,10,7981,158,0,5,1
1995,Parbhani,Gangakhed,Marginal (Below 1 ha),16893,9356,9296,0,60,9281,15,0,0,0
1995,Parbhani,Hingoli,Marginal (Below 1 ha),9085,5380,5365,10,6,5273,92,10,0,0
1995,Parbhani,Jintur,Marginal (Below 1 ha),9945,6113,6099,0,13,5970,129,0,0,0
1995,Parbhani,Kalamnuri,Marginal (Below 1 ha),9802,5459,5407,0,52,5186,221,0,0,0
1995,Parbhani,Palam,Marginal (Below 1 ha),8564,5018,5018,0,0,4989,29,0,0,0
1995,Parbhani,Parbhani,Marginal (Below 1 ha),12658,7532,7489,7,35,7361,128,0,5,2
1995,Parbhani,Pathri,Marginal (Below 1 ha),7809,4705,4658,0,46,4591,67,0,0,0
1995,Parbhani,Purna,Marginal (Below 1 ha),9867,5788,5722,6,61,5669,53,5,0,1
1995,Parbhani,Selu,Marginal (Below 1 ha),7771,4766,4732,0,34,4701,31,0,0,0
1995,Parbhani,Sengaon,Marginal (Below 1 ha),9075,5413,5387,2,22,5230,157,0,0,2
2000,Parbhani,Gangakhed,Marginal (Below 1 ha),15626,7072,7065,2,6,7022,43,1,1,1
2000,Parbhani,Jintur,Marginal (Below 1 ha),13238,8559,8523,9,27,8333,190,2,0,6
2000,Parbhani,Manwat,Marginal (Below 1 ha),5271,3254,3209,14,31,3199,10,0,9,5
2000,Parbhani,Palum,Marginal (Below 1 ha),12391,7771,7679,86,5,7624,55,69,16,1
2000,Parbhani,Parbhani,Marginal (Below 1 ha),15798,10281,10199,26,56,9924,275,2,15,9
2000,Parbhani,Pathari,Marginal (Below 1 ha),7587,4720,4646,4,70,4574,72,0,3,2
2000,Parbhani,Purna,Marginal (Below 1 ha),12991,7903,7891,4,8,7797,94,1,2,0
2000,Parbhani,Selu,Marginal (Below 1 ha),10727,6269,6267,0,2,6177,90,0,0,0
2000,Parbhani,Sonepeth,Marginal (Below 1 ha),5846,4073,4065,2,6,4042,22,0,0,2
2010,Parbhani,Gangakhed,Marginal (Below 1 ha),18773,9446,9432,3,11,9415,16,0,0,3
2010,Parbhani,Jintur,Marginal (Below 1 ha),18534,11142,11142,0,0,10736,405,0,0,0
2010,Parbhani,Manavat,Marginal (Below 1 ha),7513,4614,4610,0,4,4583,26,0,0,0
2010,Parbhani,Palum,Marginal (Below 1 ha),12963,7417,7411,1,5,7369,42,0,1,0
2010,Parbhani,Parbhani,Marginal (Below 1 ha),22525,13432,13393,39,0,6684,6709,0,32,7
2010,Parbhani,Pathari,Marginal (Below 1 ha),11020,6760,6757,0,2,6454,304,0,0,0
2010,Parbhani,Purna,Marginal (Below 1 ha),16927,9417,9397,19,2,9054,343,0,19,0
2010,Parbhani,Selu,Marginal (Below 1 ha),13077,7839,7758,0,81,7686,71,0,0,0
2010,Parbhani,Sonepeth,Marginal (Below 1 ha),8742,5377,5376,0,1,5335,41,0,0,0
2015,Parbhani,Gangakhed,Marginal (Below 1 ha),27346,11801,11768,33,0,11642,125,33,0,0
2015,Parbhani,Jintur,Marginal (Below 1 ha),24332,14732,14498,234,0,14324,174,234,0,0
2015,Parbhani,Manwat,Marginal (Below 1 ha),11529,5856,5854,2,0,5605,249,2,0,0
2015,Parbhani,Palam,Marginal (Below 1 ha),15360,7226,7218,8,0,7198,20,8,0,0
2015,Parbhani,Parbhani,Marginal (Below 1 ha),27580,14517,14491,25,0,14402,89,25,0,0
2015,Parbhani,Pathri,Marginal (Below 1 ha),14249,6808,6804,4,0,6478,327,4,0,0
2015,Parbhani,Purna,Marginal (Below 1 ha),23554,11201,11194,7,0,11092,101,7,0,0
2015,Parbhani,Selu,Marginal (Below 1 ha),19129,9961,9955,6,0,9649,307,6,0,0
2015,Parbhani,Sonpeth,Marginal (Below 1 ha),11536,6380,6376,4,0,6338,38,4,0,0
1995,Parbhani,Aundha,Small (1 to 2 ha),11874,17167,17040,6,122,16607,433,1,2,3
1995,Parbhani,Basmath,Small (1 to 2 ha),14535,20636,20498,78,59,20054,444,6,50,22
1995,Parbhani,Gangakhed,Small (1 to 2 ha),16589,24050,23756,1,293,23593,163,0,0,1
1995,Parbhani,Hingoli,Small (1 to 2 ha),12705,18172,18092,25,54,17670,422,25,0,0
1995,Parbhani,Jintur,Small (1 to 2 ha),15455,22403,22324,11,68,22038,286,1,9,1
1995,Parbhani,Kalamnuri,Small (1 to 2 ha),14947,21363,21132,1,228,20405,727,0,1,0
1995,Parbhani,Palam,Small (1 to 2 ha),9703,13794,13793,0,0,13746,47,0,0,0
1995,Parbhani,Parbhani,Small (1 to 2 ha),17038,23921,23744,29,148,23432,312,13,16,0
1995,Parbhani,Pathri,Small (1 to 2 ha),11556,16634,16400,0,233,16169,231,0,0,0
1995,Parbhani,Purna,Small (1 to 2 ha),10180,14628,14499,14,114,14396,103,10,0,4
1995,Parbhani,Selu,Small (1 to 2 ha),12488,17910,17792,0,117,17658,134,0,0,0
1995,Parbhani,Sengaon,Small (1 to 2 ha),13559,19976,19871,15,92,19295,576,2,4,9
2000,Parbhani,Gangakhed,Small (1 to 2 ha),13102,19071,19020,5,45,18821,200,0,5,1
2000,Parbhani,Jintur,Small (1 to 2 ha),17139,25015,24912,22,81,24490,422,8,6,8
2000,Parbhani,Manwat,Small (1 to 2 ha),7119,10291,10202,5,84,10185,17,0,2,3
2000,Parbhani,Palum,Small (1 to 2 ha),10208,13874,13645,212,17,13511,134,195,17,0
2000,Parbhani,Parbhani,Small (1 to 2 ha),16832,24849,24599,108,142,24078,520,13,89,6
2000,Parbhani,Pathari,Small (1 to 2 ha),8436,11660,11551,4,105,11357,194,0,2,1
2000,Parbhani,Purna,Small (1 to 2 ha),9241,14188,14142,23,23,13936,206,3,19,0
2000,Parbhani,Selu,Small (1 to 2 ha),12871,19874,19862,0,12,19688,173,0,0,0
2000,Parbhani,Sonepeth,Small (1 to 2 ha),4642,5317,5286,5,26,5213,73,2,2,2
2010,Parbhani,Gangakhed,Small (1 to 2 ha),13430,19202,19133,14,55,19100,33,4,1,9
2010,Parbhani,Jintur,Small (1 to 2 ha),21070,30050,30050,0,0,29973,77,0,0,0
2010,Parbhani,Manavat,Small (1 to 2 ha),9624,13638,13632,0,6,13630,2,0,0,0
2010,Parbhani,Palum,Small (1 to 2 ha),10689,14984,14917,2,65,14818,99,1,2,0
2010,Parbhani,Parbhani,Small (1 to 2 ha),22343,31623,31558,58,7,15567,15991,0,57,1
2010,Parbhani,Pathari,Small (1 to 2 ha),13584,18928,18910,0,18,18471,439,0,0,0
2010,Parbhani,Purna,Small (1 to 2 ha),13190,18566,18540,10,15,18226,314,0,10,0
2010,Parbhani,Selu,Small (1 to 2 ha),14685,20849,20624,3,222,20471,152,3,0,0
2010,Parbhani,Sonepeth,Small (1 to 2 ha),8312,11618,11614,0,4,11564,50,0,0,0
2015,Parbhani,Gangakhed,Small (1 to 2 ha),13205,19276,19116,161,0,18799,317,161,0,0
2015,Parbhani,Jintur,Small (1 to 2 ha),23099,33456,32653,803,0,32370,283,803,0,0
2015,Parbhani,Manwat,Small (1 to 2 ha),10406,14882,14699,183,0,14521,177,183,0,0
2015,Parbhani,Palam,Small (1 to 2 ha),10907,14283,14181,102,0,14085,96,102,0,0
2015,Parbhani,Parbhani,Small (1 to 2 ha),22103,30661,30290,371,0,30055,235,371,0,0
2015,Parbhani,Pathri,Small (1 to 2 ha),11949,15359,15007,351,0,14796,212,351,0,0
2015,Parbhani,Purna,Small (1 to 2 ha),14744,19471,19291,179,0,19121,170,179,0,0
2015,Parbhani,Selu,Small (1 to 2 ha),14676,19713,19509,205,0,19106,403,205,0,0
2015,Parbhani,Sonpeth,Small (1 to 2 ha),8917,12306,12222,84,0,12106,116,84,0,0
1995,Parbhani,Aundha,Semimedium (2 to 4 ha),7341,19784,19535,30,218,19008,527,1,15,14
1995,Parbhani,Basmath,Semimedium (2 to 4 ha),10199,27738,27205,363,171,26593,612,19,232,112
1995,Parbhani,Gangakhed,Semimedium (2 to 4 ha),10807,29483,29125,6,349,28735,390,0,3,3
1995,Parbhani,Hingoli,Semimedium (2 to 4 ha),9047,24569,24419,51,98,23670,749,48,0,3
1995,Parbhani,Jintur,Semimedium (2 to 4 ha),11850,32175,32056,26,93,31738,318,0,22,4
1995,Parbhani,Kalamnuri,Semimedium (2 to 4 ha),9717,25922,25611,4,307,24366,1245,2,2,0
1995,Parbhani,Palam,Semimedium (2 to 4 ha),5897,16184,16171,8,5,15889,282,0,8,0
1995,Parbhani,Parbhani,Semimedium (2 to 4 ha),12424,33773,33429,48,296,33020,409,12,35,1
1995,Parbhani,Pathri,Semimedium (2 to 4 ha),9197,25445,25065,1,378,24723,342,1,0,0
1995,Parbhani,Purna,Semimedium (2 to 4 ha),7950,21633,21475,25,131,21253,222,22,0,3
1995,Parbhani,Selu,Semimedium (2 to 4 ha),10331,28556,28419,2,133,28196,223,0,0,2
1995,Parbhani,Sengaon,Semimedium (2 to 4 ha),10683,28872,28641,65,165,27717,924,5,26,34
2000,Parbhani,Gangakhed,Semimedium (2 to 4 ha),7060,19471,19426,13,31,19121,305,0,12,2
2000,Parbhani,Jintur,Semimedium (2 to 4 ha),12162,32372,32233,62,77,31855,378,21,8,33
2000,Parbhani,Manwat,Semimedium (2 to 4 ha),5583,15522,15392,10,120,15330,62,2,3,6
2000,Parbhani,Palum,Semimedium (2 to 4 ha),6106,15353,15049,288,16,14951,98,258,31,0
2000,Parbhani,Parbhani,Semimedium (2 to 4 ha),11276,31981,31701,100,180,31078,623,27,56,17
2000,Parbhani,Pathari,Semimedium (2 to 4 ha),5654,15377,15254,16,106,15001,253,0,16,0
2000,Parbhani,Purna,Semimedium (2 to 4 ha),8207,22549,22444,68,38,21992,452,9,58,0
2000,Parbhani,Selu,Semimedium (2 to 4 ha),8941,23745,23729,0,17,23384,344,0,0,0
2000,Parbhani,Sonepeth,Semimedium (2 to 4 ha),4210,10251,10184,13,54,10063,121,2,3,8
2010,Parbhani,Gangakhed,Semimedium (2 to 4 ha),6923,18640,18525,24,92,18492,33,10,5,9
2010,Parbhani,Jintur,Semimedium (2 to 4 ha),12761,34125,34125,0,0,33889,236,0,0,0
2010,Parbhani,Manavat,Semimedium (2 to 4 ha),6041,16136,16105,0,31,16104,1,0,0,0
2010,Parbhani,Palum,Semimedium (2 to 4 ha),5435,14695,14635,1,60,14528,106,0,0,0
2010,Parbhani,Parbhani,Semimedium (2 to 4 ha),13148,35237,35144,76,17,17790,17354,0,61,15
2010,Parbhani,Pathari,Semimedium (2 to 4 ha),4823,12721,12692,0,29,12439,253,0,0,0
2010,Parbhani,Purna,Semimedium (2 to 4 ha),7127,19079,19052,5,22,18807,246,0,5,0
2010,Parbhani,Selu,Semimedium (2 to 4 ha),9013,24076,23715,0,361,23410,304,0,0,0
2010,Parbhani,Sonepeth,Semimedium (2 to 4 ha),4429,11847,11840,0,7,11789,51,0,0,0
2015,Parbhani,Gangakhed,Semimedium (2 to 4 ha),6371,17547,17340,207,0,16784,556,207,0,0
2015,Parbhani,Jintur,Semimedium (2 to 4 ha),13537,32688,31863,824,0,31428,436,824,0,0
2015,Parbhani,Manwat,Semimedium (2 to 4 ha),5711,15205,14928,278,0,14646,282,278,0,0
2015,Parbhani,Palam,Semimedium (2 to 4 ha),5263,14276,14037,239,0,13853,184,239,0,0
2015,Parbhani,Parbhani,Semimedium (2 to 4 ha),13322,32510,31926,583,0,31557,369,583,0,0
2015,Parbhani,Pathri,Semimedium (2 to 4 ha),7185,16943,16533,410,0,16230,303,410,0,0
2015,Parbhani,Purna,Semimedium (2 to 4 ha),6720,18520,18266,255,0,17799,467,255,0,0
2015,Parbhani,Selu,Semimedium (2 to 4 ha),8205,22302,21927,375,0,21247,680,375,0,0
2015,Parbhani,Sonpeth,Semimedium (2 to 4 ha),4303,11030,10884,146,0,10805,80,146,0,0
1995,Parbhani,Aundha,Medium (4 to 10 ha),2843,15603,15306,29,267,14503,803,0,16,13
1995,Parbhani,Basmath,Medium (4 to 10 ha),3381,18196,17518,436,240,16980,538,24,216,196
1995,Parbhani,Gangakhed,Medium (4 to 10 ha),3446,18799,18443,16,337,18253,190,2,0,14
1995,Parbhani,Hingoli,Medium (4 to 10 ha),4132,23355,23122,40,192,22010,1112,40,0,0
1995,Parbhani,Jintur,Medium (4 to 10 ha),5178,29309,29168,0,138,28745,423,0,0,0
1995,Parbhani,Kalamnuri,Medium (4 to 10 ha),3005,16631,16170,11,451,14777,1393,5,6,0
1995,Parbhani,Palam,Medium (4 to 10 ha),1396,7362,7355,0,6,6901,454,0,0,0
1995,Parbhani,Parbhani,Medium (4 to 10 ha),5013,27397,26979,98,318,26550,429,59,39,0
1995,Parbhani,Pathri,Medium (4 to 10 ha),4136,22714,22279,7,428,21859,420,0,2,5
1995,Parbhani,Purna,Medium (4 to 10 ha),2384,12532,12418,18,95,12237,181,13,0,5
1995,Parbhani,Selu,Medium (4 to 10 ha),3514,19153,19085,0,68,18390,695,0,0,0
1995,Parbhani,Sengaon,Medium (4 to 10 ha),5197,29349,28945,163,243,27765,1180,27,64,72
2000,Parbhani,Gangakhed,Medium (4 to 10 ha),1976,10294,10214,54,26,9284,930,0,27,26
2000,Parbhani,Jintur,Medium (4 to 10 ha),4524,24377,24264,57,55,23916,348,6,17,34
2000,Parbhani,Manwat,Medium (4 to 10 ha),2225,12217,12111,14,92,11961,150,1,6,7
2000,Parbhani,Palum,Medium (4 to 10 ha),1178,6209,5906,260,42,5889,17,191,34,36
2000,Parbhani,Parbhani,Medium (4 to 10 ha),4530,25267,24925,182,160,24411,514,11,109,63
2000,Parbhani,Pathari,Medium (4 to 10 ha),1957,10552,10450,32,70,10351,99,25,7,0
2000,Parbhani,Purna,Medium (4 to 10 ha),1844,9453,9398,42,13,9097,301,1,41,0
2000,Parbhani,Selu,Medium (4 to 10 ha),2372,12629,12619,0,9,12348,271,0,0,0
2000,Parbhani,Sonepeth,Medium (4 to 10 ha),1034,5433,5399,11,22,5144,255,0,4,7
2010,Parbhani,Gangakhed,Medium (4 to 10 ha),2089,11653,11563,43,46,11395,169,10,8,25
2010,Parbhani,Jintur,Medium (4 to 10 ha),4352,24214,24214,0,0,24048,165,0,0,0
2010,Parbhani,Manavat,Medium (4 to 10 ha),2025,11301,11256,0,44,11213,43,0,0,0
2010,Parbhani,Palum,Medium (4 to 10 ha),1510,8259,8212,0,47,8106,105,0,0,0
2010,Parbhani,Parbhani,Medium (4 to 10 ha),3879,21116,20991,97,28,11388,9603,25,28,44
2010,Parbhani,Pathari,Medium (4 to 10 ha),1173,6280,6267,0,13,6139,128,0,0,0
2010,Parbhani,Purna,Medium (4 to 10 ha),1684,8909,8898,1,10,8775,123,0,1,0
2010,Parbhani,Selu,Medium (4 to 10 ha),2323,12502,12076,80,347,11938,138,0,80,0
2010,Parbhani,Sonepeth,Medium (4 to 10 ha),1168,6307,6305,0,2,6264,41,0,0,0
2015,Parbhani,Gangakhed,Medium (4 to 10 ha),1727,9194,9012,181,0,8491,521,181,0,0
2015,Parbhani,Jintur,Medium (4 to 10 ha),3281,17822,17393,428,0,17028,365,428,0,0
2015,Parbhani,Manwat,Medium (4 to 10 ha),1691,9568,9424,144,0,9217,207,144,0,0
2015,Parbhani,Palam,Medium (4 to 10 ha),1456,7988,7883,104,0,7799,84,104,0,0
2015,Parbhani,Parbhani,Medium (4 to 10 ha),3758,20705,20423,282,0,19774,649,282,0,0
2015,Parbhani,Pathri,Medium (4 to 10 ha),1457,7700,7537,163,0,7450,87,163,0,0
2015,Parbhani,Purna,Medium (4 to 10 ha),1644,8829,8758,71,0,8310,448,71,0,0
2015,Parbhani,Selu,Medium (4 to 10 ha),1925,10745,10561,184,0,9587,974,184,0,0
2015,Parbhani,Sonpeth,Medium (4 to 10 ha),950,5113,5045,69,0,4951,93,69,0,0
1995,Parbhani,Aundha,Large (>10 ha),142,2510,2450,0,60,1727,723,0,0,0
1995,Parbhani,Basmath,Large (>10 ha),125,1708,1578,112,18,1489,89,4,28,80
1995,Parbhani,Gangakhed,Large (>10 ha),131,1720,1676,0,44,1474,202,0,0,0
1995,Parbhani,Hingoli,Large (>10 ha),300,4042,4005,15,22,3537,468,15,0,0
1995,Parbhani,Jintur,Large (>10 ha),311,4081,4035,0,46,3898,137,0,0,0
1995,Parbhani,Kalamnuri,Large (>10 ha),173,2557,2467,0,90,1969,498,0,0,0
1995,Parbhani,Palam,Large (>10 ha),44,613,613,0,0,483,130,0,0,0
1995,Parbhani,Parbhani,Large (>10 ha),246,3264,3225,2,38,3004,221,0,1,1
1995,Parbhani,Pathri,Large (>10 ha),201,2731,2639,27,65,2544,95,6,6,15
1995,Parbhani,Purna,Large (>10 ha),41,522,521,0,1,518,3,0,0,0
1995,Parbhani,Selu,Large (>10 ha),210,2688,2675,7,6,2277,398,3,4,0
1995,Parbhani,Sengaon,Large (>10 ha),327,4435,4353,30,54,4037,316,3,17,10
2000,Parbhani,Gangakhed,Large (>10 ha),66,1025,1015,10,0,584,432,0,8,1
2000,Parbhani,Jintur,Large (>10 ha),221,2548,2519,26,3,2356,163,1,0,26
2000,Parbhani,Manwat,Large (>10 ha),89,1197,1191,1,5,1184,6,0,0,1
2000,Parbhani,Palum,Large (>10 ha),13,172,104,41,27,104,0,0,41,0
2000,Parbhani,Parbhani,Large (>10 ha),205,3247,2983,112,152,2680,303,112,0,0
2000,Parbhani,Pathari,Large (>10 ha),45,513,513,0,0,501,12,0,0,0
2000,Parbhani,Purna,Large (>10 ha),30,468,394,74,0,383,11,0,74,0
2000,Parbhani,Selu,Large (>10 ha),102,1376,1376,0,0,1284,92,0,0,0
2000,Parbhani,Sonepeth,Large (>10 ha),37,451,437,0,14,281,156,0,0,0
2010,Parbhani,Gangakhed,Large (>10 ha),127,1816,1816,0,0,1813,2,0,0,0
2010,Parbhani,Jintur,Large (>10 ha),297,4097,4097,0,0,4095,2,0,0,0
2010,Parbhani,Manavat,Large (>10 ha),92,1232,1232,0,0,989,243,0,0,0
2010,Parbhani,Palum,Large (>10 ha),72,903,903,0,0,825,78,0,0,0
2010,Parbhani,Parbhani,Large (>10 ha),205,5436,5413,17,6,4088,1324,0,6,12
2010,Parbhani,Pathari,Large (>10 ha),37,482,482,0,0,431,50,0,0,0
2010,Parbhani,Purna,Large (>10 ha),59,726,725,0,0,716,9,0,0,0
2010,Parbhani,Selu,Large (>10 ha),78,978,966,0,12,830,135,0,0,0
2010,Parbhani,Sonepeth,Large (>10 ha),47,599,599,0,0,598,1,0,0,0
2015,Parbhani,Gangakhed,Large (>10 ha),127,3158,3158,0,0,2714,443,0,0,0
2015,Parbhani,Jintur,Large (>10 ha),252,3794,3782,12,0,3608,174,12,0,0
2015,Parbhani,Manwat,Large (>10 ha),106,1714,1714,0,0,1544,169,0,0,0
2015,Parbhani,Palam,Large (>10 ha),146,1796,1796,0,0,1795,1,0,0,0
2015,Parbhani,Parbhani,Large (>10 ha),309,6591,6591,0,0,6447,144,0,0,0
2015,Parbhani,Pathri,Large (>10 ha),65,924,924,0,0,628,296,0,0,0
2015,Parbhani,Purna,Large (>10 ha),83,1349,1349,0,0,1207,141,0,0,0
2015,Parbhani,Selu,Large (>10 ha),201,2759,2757,1,0,1016,1741,1,0,0
2015,Parbhani,Sonpeth,Large (>10 ha),47,830,830,0,0,824,6,0,0,0
1995,Pune,Ambegaon,Marginal (Below 1 ha),19317,8637,8527,64,45,7626,901,23,23,18
1995,Pune,Baramati,Marginal (Below 1 ha),29934,14772,14297,128,347,13963,334,27,51,50
1995,Pune,Bhor,Marginal (Below 1 ha),17505,7284,6175,21,1089,6038,137,21,0,0
1995,Pune,Dhond,Marginal (Below 1 ha),22423,12532,12166,55,309,11446,720,5,19,31
1995,Pune,Haveli (Pune ),Marginal (Below 1 ha),22116,9500,9034,221,244,8358,676,135,50,36
1995,Pune,Indapur,Marginal (Below 1 ha),22552,12141,11935,135,73,11610,325,17,17,101
1995,Pune,Junnar,Marginal (Below 1 ha),27629,13447,12767,235,444,12427,340,121,27,87
1995,Pune,Khed,Marginal (Below 1 ha),20343,8518,8188,81,249,8147,41,64,3,14
1995,Pune,Mawal,Marginal (Below 1 ha),13606,5733,5233,47,454,5082,151,4,1,42
1995,Pune,Mulshi (Paud),Marginal (Below 1 ha),15921,6442,5846,113,481,5805,41,27,4,82
1995,Pune,Pune City,Marginal (Below 1 ha),1,0,0,0,0,0,0,0,0,0
1995,Pune,Purandhar,Marginal (Below 1 ha),19819,10607,10299,90,217,9898,401,36,35,19
1995,Pune,Sirur,Marginal (Below 1 ha),17876,8838,8780,33,26,8518,262,11,4,18
1995,Pune,Velhe,Marginal (Below 1 ha),7621,3342,2969,1,372,2968,1,1,0,0
2000,Pune,Ambegaon,Marginal (Below 1 ha),24051,10096,9905,63,128,9589,315,12,26,25
2000,Pune,Baramati,Marginal (Below 1 ha),45167,21505,21129,138,238,21077,52,3,43,91
2000,Pune,Bhor,Marginal (Below 1 ha),20717,10291,9189,201,901,9147,43,51,47,102
2000,Pune,Daund,Marginal (Below 1 ha),38226,20920,20310,279,330,19620,690,127,108,44
2000,Pune,Haweli,Marginal (Below 1 ha),23549,10847,10323,332,192,9497,826,52,121,159
2000,Pune,Indapur,Marginal (Below 1 ha),33653,18744,18317,111,316,18194,123,29,21,61
2000,Pune,Junnar,Marginal (Below 1 ha),39330,17716,17177,48,491,16933,244,3,0,45
2000,Pune,Khed,Marginal (Below 1 ha),19712,9661,8900,573,188,8691,209,340,80,154
2000,Pune,Mawal,Marginal (Below 1 ha),16761,7515,7009,128,378,6656,353,5,59,64
2000,Pune,Mulshi,Marginal (Below 1 ha),18178,8126,7466,161,498,7201,265,75,24,63
2000,Pune,Pune City,Marginal (Below 1 ha),286,149,149,0,0,149,0,0,0,0
2000,Pune,Purandar,Marginal (Below 1 ha),29125,13442,13338,29,75,12878,461,3,14,13
2000,Pune,Shirur,Marginal (Below 1 ha),27103,14972,14771,55,147,14704,67,19,30,6
2000,Pune,Vehli,Marginal (Below 1 ha),10757,6805,6481,39,285,6404,78,21,5,13
2010,Pune,Ambegaon(Ghodegaon),Marginal (Below 1 ha),29890,12799,11931,0,868,11905,26,0,0,0
2010,Pune,Baramati,Marginal (Below 1 ha),41331,20377,20327,0,50,20237,90,0,0,0
2010,Pune,Bhor,Marginal (Below 1 ha),31127,10240,9798,278,164,9265,533,236,38,3
2010,Pune,Daund,Marginal (Below 1 ha),34624,17889,17755,17,117,17732,23,3,14,0
2010,Pune,Indapur,Marginal (Below 1 ha),38302,19817,19381,5,431,19254,126,0,5,0
2010,Pune,Junnar,Marginal (Below 1 ha),39099,18129,17935,17,177,17347,588,12,0,5
2010,Pune,Khed(Rajgurunagar),Marginal (Below 1 ha),32866,15051,14836,0,215,14836,0,0,0,0
2010,Pune,Maval(Vadgaon),Marginal (Below 1 ha),25378,8890,8882,0,8,7799,1083,0,0,0
2010,Pune,Mulashi(Paud),Marginal (Below 1 ha),29355,10279,10078,72,129,9823,256,8,64,0
2010,Pune,Pune (Haveli),Marginal (Below 1 ha),34009,14564,14407,31,126,14270,137,0,2,29
2010,Pune,Pune City,Marginal (Below 1 ha),56,28,28,0,0,25,4,0,0,0
2010,Pune,Purandar(Saswad),Marginal (Below 1 ha),30804,12802,12224,153,425,12217,7,0,0,152
2010,Pune,Shirur(Ghodnadi),Marginal (Below 1 ha),36921,18671,18268,0,403,18076,192,0,0,0
2010,Pune,Velha,Marginal (Below 1 ha),15839,6082,5992,70,20,5943,49,5,19,46
2015,Pune,Ambegaon,Marginal (Below 1 ha),37462,12515,11790,725,0,11775,16,725,0,0
2015,Pune,Baramati,Marginal (Below 1 ha),61992,20673,20618,55,0,20556,62,55,0,0
2015,Pune,Bhor,Marginal (Below 1 ha),37977,10898,10369,529,0,9215,1153,529,0,0
2015,Pune,Daund,Marginal (Below 1 ha),44753,20991,20833,157,0,20806,27,157,0,0
2015,Pune,Haveli,Marginal (Below 1 ha),32204,12480,12337,143,0,12204,133,143,0,0
2015,Pune,Indapur,Marginal (Below 1 ha),46112,21296,20825,471,0,20679,146,471,0,0
2015,Pune,Junnar,Marginal (Below 1 ha),39015,18149,17866,283,0,17230,636,283,0,0
2015,Pune,Khed,Marginal (Below 1 ha),37020,16242,15958,284,0,15958,0,284,0,0
2015,Pune,Mawal,Marginal (Below 1 ha),27114,10330,10307,23,0,9061,1246,23,0,0
2015,Pune,Mulshi,Marginal (Below 1 ha),29811,11881,11633,248,0,11328,305,248,0,0
2015,Pune,Pune City,Marginal (Below 1 ha),0,0,0,0,0,0,0,0,0,0
2015,Pune,Purandhar,Marginal (Below 1 ha),32304,14620,13912,708,0,13904,9,708,0,0
2015,Pune,Shirur,Marginal (Below 1 ha),40359,20172,19765,408,0,19543,222,408,0,0
2015,Pune,Velhe,Marginal (Below 1 ha),19081,5390,5307,83,0,5263,44,83,0,0
1995,Pune,Ambegaon,Small (1 to 2 ha),8164,12101,11809,204,89,10523,1286,80,39,85
1995,Pune,Baramati,Small (1 to 2 ha),18369,27609,26413,438,759,25818,595,88,209,141
1995,Pune,Bhor,Small (1 to 2 ha),6924,10154,8511,133,1511,8427,84,133,0,0
1995,Pune,Dhond,Small (1 to 2 ha),18469,27617,26423,150,1043,24371,2052,10,71,69
1995,Pune,Haveli (Pune ),Small (1 to 2 ha),10407,15307,14184,487,635,13320,864,331,105,51
1995,Pune,Indapur,Small (1 to 2 ha),15621,23333,22729,320,283,21838,891,32,67,221
1995,Pune,Junnar,Small (1 to 2 ha),14032,20782,19174,601,1008,18408,766,200,76,325
1995,Pune,Khed,Small (1 to 2 ha),10074,14512,13667,292,553,13573,94,227,8,57
1995,Pune,Mawal,Small (1 to 2 ha),6033,8646,7798,73,775,7639,159,8,5,60
1995,Pune,Mulshi (Paud),Small (1 to 2 ha),5998,8684,7632,231,821,7540,92,47,25,159
1995,Pune,Pune City,Small (1 to 2 ha),0,0,0,0,0,0,0,0,0,0
1995,Pune,Purandhar,Small (1 to 2 ha),10258,16884,16058,292,533,15362,696,80,126,86
1995,Pune,Sirur,Small (1 to 2 ha),14128,21157,20984,110,63,20346,638,32,14,64
1995,Pune,Velhe,Small (1 to 2 ha),3381,5008,4424,11,573,4420,4,3,0,8
2000,Pune,Ambegaon,Small (1 to 2 ha),10408,15090,14383,424,282,13719,664,245,87,92
2000,Pune,Baramati,Small (1 to 2 ha),21029,30157,29442,412,302,29334,108,20,98,294
2000,Pune,Bhor,Small (1 to 2 ha),7770,11437,9711,444,1282,9662,49,127,59,258
2000,Pune,Daund,Small (1 to 2 ha),23202,32850,31524,620,706,30576,947,242,228,150
2000,Pune,Haweli,Small (1 to 2 ha),9149,12811,11851,687,273,11106,744,134,237,316
2000,Pune,Indapur,Small (1 to 2 ha),20052,29856,28981,259,617,28575,406,81,57,121
2000,Pune,Junnar,Small (1 to 2 ha),6550,9624,9171,47,406,9067,104,5,4,39
2000,Pune,Khed,Small (1 to 2 ha),12926,23693,21063,2035,596,20341,722,1068,358,610
2000,Pune,Mawal,Small (1 to 2 ha),6806,9900,9071,360,468,8525,546,18,279,63
2000,Pune,Mulshi,Small (1 to 2 ha),6186,9207,8186,282,739,7825,361,79,73,130
2000,Pune,Pune City,Small (1 to 2 ha),108,153,153,0,0,153,0,0,0,0
2000,Pune,Purandar,Small (1 to 2 ha),13246,20117,19831,95,191,18502,1328,14,39,41
2000,Pune,Shirur,Small (1 to 2 ha),18941,26061,25592,114,355,25440,152,23,71,20
2000,Pune,Vehli,Small (1 to 2 ha),3997,5050,4798,36,217,4477,321,5,14,17
2010,Pune,Ambegaon(Ghodegaon),Small (1 to 2 ha),11995,17035,15686,0,1349,15628,58,0,0,0
2010,Pune,Baramati,Small (1 to 2 ha),21155,29953,29867,0,86,29698,169,0,0,0
2010,Pune,Bhor,Small (1 to 2 ha),7628,10725,10025,421,278,8687,1338,363,48,10
2010,Pune,Daund,Small (1 to 2 ha),21296,30285,30011,80,194,29951,60,1,73,6
2010,Pune,Indapur,Small (1 to 2 ha),22610,31937,31122,16,800,30986,135,3,11,1
2010,Pune,Junnar,Small (1 to 2 ha),17324,24527,23990,101,437,22637,1353,73,0,28
2010,Pune,Khed(Rajgurunagar),Small (1 to 2 ha),13928,19767,19424,0,343,19424,0,0,0,0
2010,Pune,Maval(Vadgaon),Small (1 to 2 ha),7030,9984,9970,0,14,7954,2015,0,0,0
2010,Pune,Mulashi(Paud),Small (1 to 2 ha),6267,8811,8411,242,157,7642,769,2,240,0
2010,Pune,Pune (Haveli),Small (1 to 2 ha),10548,14717,14350,43,324,14002,348,5,17,22
2010,Pune,Pune City,Small (1 to 2 ha),10,15,15,0,0,3,12,0,0,0
2010,Pune,Purandar(Saswad),Small (1 to 2 ha),12520,17918,17022,159,737,17021,1,0,2,157
2010,Pune,Shirur(Ghodnadi),Small (1 to 2 ha),23101,32981,32420,0,561,32168,252,0,0,0
2010,Pune,Velha,Small (1 to 2 ha),3977,5594,5266,288,40,5164,102,25,91,172
2015,Pune,Ambegaon,Small (1 to 2 ha),11514,16395,15073,1322,0,15055,18,1322,0,0
2015,Pune,Baramati,Small (1 to 2 ha),23119,32170,31945,224,0,31837,108,224,0,0
2015,Pune,Bhor,Small (1 to 2 ha),7465,9450,8410,1040,0,6921,1489,1040,0,0
2015,Pune,Daund,Small (1 to 2 ha),22754,28412,28115,297,0,28062,53,297,0,0
2015,Pune,Haveli,Small (1 to 2 ha),12097,13795,13363,432,0,13029,334,432,0,0
2015,Pune,Indapur,Small (1 to 2 ha),23645,30618,29715,902,0,29618,97,902,0,0
2015,Pune,Junnar,Small (1 to 2 ha),17143,23725,22836,889,0,21536,1300,889,0,0
2015,Pune,Khed,Small (1 to 2 ha),13357,18292,17825,466,0,17825,0,466,0,0
2015,Pune,Mawal,Small (1 to 2 ha),8134,10231,10074,157,0,8087,1987,157,0,0
2015,Pune,Mulshi,Small (1 to 2 ha),7007,9743,9248,496,0,8426,822,496,0,0
2015,Pune,Pune City,Small (1 to 2 ha),0,0,0,0,0,0,0,0,0,0
2015,Pune,Purandhar,Small (1 to 2 ha),13762,17076,16186,890,0,16185,1,890,0,0
2015,Pune,Shirur,Small (1 to 2 ha),24491,32253,31506,748,0,31368,137,748,0,0
2015,Pune,Velhe,Small (1 to 2 ha),5090,7144,6695,449,0,6569,126,449,0,0
1995,Pune,Ambegaon,Semimedium (2 to 4 ha),6416,18148,17422,557,167,15504,1918,186,63,308
1995,Pune,Baramati,Semimedium (2 to 4 ha),12640,34974,32328,1044,1603,31147,1181,178,451,415
1995,Pune,Bhor,Semimedium (2 to 4 ha),4780,13342,10796,241,2304,10290,506,224,4,13
1995,Pune,Dhond,Semimedium (2 to 4 ha),10471,28415,26489,384,1546,23493,2996,48,209,127
1995,Pune,Haveli (Pune ),Semimedium (2 to 4 ha),7419,20707,18546,884,1274,16874,1672,555,199,130
1995,Pune,Indapur,Semimedium (2 to 4 ha),11894,32821,31328,768,723,28949,2379,63,129,576
1995,Pune,Junnar,Semimedium (2 to 4 ha),9493,26541,24310,894,1337,22948,1362,439,69,386
1995,Pune,Khed,Semimedium (2 to 4 ha),8374,23368,21819,369,1180,21480,339,272,13,84
1995,Pune,Mawal,Semimedium (2 to 4 ha),5253,14643,12951,192,1500,12665,286,26,3,163
1995,Pune,Mulshi (Paud),Semimedium (2 to 4 ha),5305,15014,12977,376,1660,12829,148,123,43,210
1995,Pune,Pune City,Semimedium (2 to 4 ha),0,0,0,0,0,0,0,0,0,0
1995,Pune,Purandhar,Semimedium (2 to 4 ha),7996,23794,22465,550,778,21167,1298,111,284,155
1995,Pune,Sirur,Semimedium (2 to 4 ha),14039,39254,38786,292,175,37347,1439,95,56,141
1995,Pune,Velhe,Semimedium (2 to 4 ha),2751,7909,6960,5,944,6960,0,5,0,0
2000,Pune,Ambegaon,Semimedium (2 to 4 ha),7544,21248,19647,1310,291,18023,1624,900,230,180
2000,Pune,Baramati,Semimedium (2 to 4 ha),11950,31758,30401,926,431,30242,159,21,333,572
2000,Pune,Bhor,Semimedium (2 to 4 ha),5413,15323,12787,794,1742,12706,82,278,126,391
2000,Pune,Daund,Semimedium (2 to 4 ha),10855,28133,26048,1134,950,24917,1132,390,578,166
2000,Pune,Haweli,Semimedium (2 to 4 ha),6088,16070,14348,1301,421,13083,1264,286,567,448
2000,Pune,Indapur,Semimedium (2 to 4 ha),13367,34204,32698,597,909,32028,670,225,118,254
2000,Pune,Junnar,Semimedium (2 to 4 ha),9118,25200,23800,177,1223,23477,323,25,25,127
2000,Pune,Khed,Semimedium (2 to 4 ha),10841,28638,23579,3993,1067,22216,1363,2243,721,1028
2000,Pune,Mawal,Semimedium (2 to 4 ha),5469,15531,13873,537,1122,13267,606,57,373,106
2000,Pune,Mulshi,Semimedium (2 to 4 ha),4954,13765,12085,656,1024,11297,788,162,167,327
2000,Pune,Pune City,Semimedium (2 to 4 ha),52,145,145,0,0,145,0,0,0,0
2000,Pune,Purandar,Semimedium (2 to 4 ha),9806,26846,26091,297,458,23630,2461,87,149,62
2000,Pune,Shirur,Semimedium (2 to 4 ha),14659,40052,39207,203,642,38682,525,110,70,23
2000,Pune,Vehli,Semimedium (2 to 4 ha),2374,7138,6642,52,444,5922,720,43,1,9
2010,Pune,Ambegaon(Ghodegaon),Semimedium (2 to 4 ha),6873,18774,17515,83,1177,17476,39,36,11,36
2010,Pune,Baramati,Semimedium (2 to 4 ha),10122,26837,26772,0,66,26683,88,0,0,0
2010,Pune,Bhor,Semimedium (2 to 4 ha),4101,11232,10348,456,428,8763,1585,315,93,48
2010,Pune,Daund,Semimedium (2 to 4 ha),10255,27384,26817,165,402,26561,256,0,165,0
2010,Pune,Indapur,Semimedium (2 to 4 ha),13312,35450,33463,1131,857,33028,435,519,449,163
2010,Pune,Junnar,Semimedium (2 to 4 ha),9462,25641,24798,419,424,23015,1783,293,16,110
2010,Pune,Khed(Rajgurunagar),Semimedium (2 to 4 ha),9172,25376,24963,0,413,24963,0,0,0,0
2010,Pune,Maval(Vadgaon),Semimedium (2 to 4 ha),5238,14631,14617,0,14,10536,4080,0,0,0
2010,Pune,Mulashi(Paud),Semimedium (2 to 4 ha),3981,10995,10586,264,146,9923,662,15,249,0
2010,Pune,Pune (Haveli),Semimedium (2 to 4 ha),4901,13209,12531,147,531,12005,526,17,74,57
2010,Pune,Pune City,Semimedium (2 to 4 ha),15,43,43,0,0,42,0,0,0,0
2010,Pune,Purandar(Saswad),Semimedium (2 to 4 ha),8247,22463,21213,402,848,21184,29,0,10,392
2010,Pune,Shirur(Ghodnadi),Semimedium (2 to 4 ha),14535,39149,38497,71,581,37996,501,33,23,15
2010,Pune,Velha,Semimedium (2 to 4 ha),2630,7299,6706,541,51,6605,101,58,223,261
2015,Pune,Ambegaon,Semimedium (2 to 4 ha),7061,19980,18352,1628,0,18325,27,1628,0,0
2015,Pune,Baramati,Semimedium (2 to 4 ha),10862,28939,28510,429,0,28458,52,429,0,0
2015,Pune,Bhor,Semimedium (2 to 4 ha),4725,12561,10815,1746,0,8407,2408,1746,0,0
2015,Pune,Daund,Semimedium (2 to 4 ha),10829,27324,26683,641,0,26424,259,641,0,0
2015,Pune,Haveli,Semimedium (2 to 4 ha),5391,12927,12097,831,0,11581,516,831,0,0
2015,Pune,Indapur,Semimedium (2 to 4 ha),13588,34507,32312,2195,0,31935,377,2195,0,0
2015,Pune,Junnar,Semimedium (2 to 4 ha),9052,24611,23287,1323,0,21584,1703,1323,0,0
2015,Pune,Khed,Semimedium (2 to 4 ha),9528,24935,24091,845,0,24091,0,845,0,0
2015,Pune,Mawal,Semimedium (2 to 4 ha),5493,14363,14125,238,0,10174,3951,238,0,0
2015,Pune,Mulshi,Semimedium (2 to 4 ha),4964,12243,11569,674,0,10837,732,674,0,0
2015,Pune,Pune City,Semimedium (2 to 4 ha),0,0,0,0,0,0,0,0,0,0
2015,Pune,Purandhar,Semimedium (2 to 4 ha),8885,23248,21818,1430,0,21788,30,1430,0,0
2015,Pune,Shirur,Semimedium (2 to 4 ha),15475,38456,37399,1057,0,37030,369,1057,0,0
2015,Pune,Velhe,Semimedium (2 to 4 ha),2678,7024,6392,632,0,6306,86,632,0,0
1995,Pune,Ambegaon,Medium (4 to 10 ha),3215,18920,17569,1057,290,15725,1844,329,165,563
1995,Pune,Baramati,Medium (4 to 10 ha),5152,30067,25036,2761,2269,23574,1462,812,989,960
1995,Pune,Bhor,Medium (4 to 10 ha),2675,16456,13030,40,3386,12639,391,0,40,0
1995,Pune,Dhond,Medium (4 to 10 ha),3111,17983,15542,226,2213,10975,4567,26,116,84
1995,Pune,Haveli (Pune ),Medium (4 to 10 ha),2755,15959,12699,1581,1679,10291,2408,1038,254,289
1995,Pune,Indapur,Medium (4 to 10 ha),4586,26798,24835,672,1293,21267,3568,22,308,342
1995,Pune,Junnar,Medium (4 to 10 ha),3950,23751,20753,1470,1530,19015,1738,730,270,470
1995,Pune,Khed,Medium (4 to 10 ha),4572,26701,24467,410,1821,23874,593,341,11,58
1995,Pune,Mawal,Medium (4 to 10 ha),3445,20871,18244,346,2280,18081,163,65,6,275
1995,Pune,Mulshi (Paud),Medium (4 to 10 ha),3265,19561,16436,727,2397,16196,240,202,64,461
1995,Pune,Pune City,Medium (4 to 10 ha),0,0,0,0,0,0,0,0,0,0
1995,Pune,Purandhar,Medium (4 to 10 ha),3654,22608,21026,596,985,18961,2065,115,370,111
1995,Pune,Sirur,Medium (4 to 10 ha),7192,43210,42314,586,310,40330,1984,223,143,220
1995,Pune,Velhe,Medium (4 to 10 ha),1791,11050,9269,10,1771,9075,194,10,0,0
2000,Pune,Ambegaon,Medium (4 to 10 ha),2841,16148,13880,2073,195,12926,953,1798,147,128
2000,Pune,Baramati,Medium (4 to 10 ha),4073,22944,21013,1469,462,20829,184,16,541,911
2000,Pune,Bhor,Medium (4 to 10 ha),2404,14468,11379,1289,1800,11240,139,498,200,592
2000,Pune,Daund,Medium (4 to 10 ha),2286,13331,11277,1417,637,9819,1458,285,932,200
2000,Pune,Haweli,Medium (4 to 10 ha),1870,9692,8418,1012,262,7044,1373,214,451,346
2000,Pune,Indapur,Medium (4 to 10 ha),3788,19398,18093,561,744,17411,682,192,17,352
2000,Pune,Junnar,Medium (4 to 10 ha),4563,26526,23919,471,2137,23142,776,165,40,266
2000,Pune,Khed,Medium (4 to 10 ha),2936,16033,11994,3182,857,10837,1157,1617,728,837
2000,Pune,Mawal,Medium (4 to 10 ha),3415,19515,17081,763,1671,16156,925,44,570,148
2000,Pune,Mulshi,Medium (4 to 10 ha),2569,15016,12627,1119,1270,11653,974,269,311,539
2000,Pune,Pune City,Medium (4 to 10 ha),17,98,98,0,0,98,0,0,0,0
2000,Pune,Purandar,Medium (4 to 10 ha),3723,21191,20206,324,661,17147,3059,70,190,63
2000,Pune,Shirur,Medium (4 to 10 ha),6075,34661,33646,296,719,32889,756,102,126,68
2000,Pune,Vehli,Medium (4 to 10 ha),1710,10543,9260,316,966,8130,1130,204,20,92
2010,Pune,Ambegaon(Ghodegaon),Medium (4 to 10 ha),2549,14723,9308,4609,807,9301,6,2024,339,2246
2010,Pune,Baramati,Medium (4 to 10 ha),2464,13424,13349,0,75,13320,28,0,0,0
2010,Pune,Bhor,Medium (4 to 10 ha),1835,10627,9335,487,804,7348,1987,162,325,0
2010,Pune,Daund,Medium (4 to 10 ha),2668,15118,14397,362,358,14069,329,5,334,24
2010,Pune,Indapur,Medium (4 to 10 ha),3485,19157,17126,1576,455,16827,299,691,582,303
2010,Pune,Junnar,Medium (4 to 10 ha),3360,19206,18172,794,240,15905,2267,602,67,125
2010,Pune,Khed(Rajgurunagar),Medium (4 to 10 ha),4356,25267,24763,0,503,24763,0,0,0,0
2010,Pune,Maval(Vadgaon),Medium (4 to 10 ha),2922,17405,17364,0,41,12390,4974,0,0,0
2010,Pune,Mulashi(Paud),Medium (4 to 10 ha),1921,11472,10373,980,118,10016,357,0,968,12
2010,Pune,Pune (Haveli),Medium (4 to 10 ha),1469,8341,7733,171,436,6987,746,6,103,63
2010,Pune,Pune City,Medium (4 to 10 ha),4,22,22,0,0,9,12,0,0,0
2010,Pune,Purandar(Saswad),Medium (4 to 10 ha),3068,17590,16482,231,878,16466,16,0,16,215
2010,Pune,Shirur(Ghodnadi),Medium (4 to 10 ha),4765,26972,26330,198,445,25610,719,77,64,57
2010,Pune,Velha,Medium (4 to 10 ha),1383,8099,7147,871,81,7035,112,40,368,464
2015,Pune,Ambegaon,Medium (4 to 10 ha),2901,16841,12510,4331,0,12418,93,4331,0,0
2015,Pune,Baramati,Medium (4 to 10 ha),2780,15335,15163,173,0,15143,20,173,0,0
2015,Pune,Bhor,Medium (4 to 10 ha),2176,12718,10895,1824,0,8315,2579,1824,0,0
2015,Pune,Daund,Medium (4 to 10 ha),2553,14727,14000,727,0,13673,327,727,0,0
2015,Pune,Haveli,Medium (4 to 10 ha),2242,12395,11285,1110,0,10123,1162,1110,0,0
2015,Pune,Indapur,Medium (4 to 10 ha),3712,19843,17619,2224,0,17380,239,2224,0,0
2015,Pune,Junnar,Medium (4 to 10 ha),3538,20318,18761,1557,0,16418,2343,1557,0,0
2015,Pune,Khed,Medium (4 to 10 ha),4777,27019,26270,749,0,26270,0,749,0,0
2015,Pune,Mawal,Medium (4 to 10 ha),3209,19117,18732,385,0,13622,5109,385,0,0
2015,Pune,Mulshi,Medium (4 to 10 ha),1984,11866,10662,1204,0,10306,356,1204,0,0
2015,Pune,Pune City,Medium (4 to 10 ha),0,0,0,0,0,0,0,0,0,0
2015,Pune,Purandhar,Medium (4 to 10 ha),3579,20493,19111,1382,0,19091,19,1382,0,0
2015,Pune,Shirur,Medium (4 to 10 ha),5109,28269,27372,897,0,26683,689,897,0,0
2015,Pune,Velhe,Medium (4 to 10 ha),1627,9754,8567,1187,0,8442,125,1187,0,0
1995,Pune,Ambegaon,Large (>10 ha),423,10321,8193,1648,478,7437,756,329,210,1109
1995,Pune,Baramati,Large (>10 ha),573,8499,6333,1315,851,5036,1297,160,414,741
1995,Pune,Bhor,Large (>10 ha),694,13637,8462,35,5141,7782,680,0,20,15
1995,Pune,Dhond,Large (>10 ha),428,6802,5292,24,1487,2897,2395,0,4,20
1995,Pune,Haveli (Pune ),Large (>10 ha),433,7186,5685,790,712,2828,2857,443,193,154
1995,Pune,Indapur,Large (>10 ha),613,10612,9302,464,847,7211,2091,0,318,146
1995,Pune,Junnar,Large (>10 ha),574,8308,6787,942,579,5528,1259,268,114,560
1995,Pune,Khed,Large (>10 ha),638,9358,7955,251,1150,7447,508,59,50,142
1995,Pune,Mawal,Large (>10 ha),840,14532,12777,305,1452,11954,823,24,1,280
1995,Pune,Mulshi (Paud),Large (>10 ha),916,16904,12760,336,3808,12681,79,56,27,253
1995,Pune,Pune City,Large (>10 ha),1,27,14,0,13,5,9,0,0,0
1995,Pune,Purandhar,Large (>10 ha),508,8794,8068,384,341,5450,2618,48,234,102
1995,Pune,Sirur,Large (>10 ha),1016,17303,16885,320,98,15899,986,161,110,49
1995,Pune,Velhe,Large (>10 ha),522,8966,7124,5,1837,6661,463,5,0,0
2000,Pune,Ambegaon,Large (>10 ha),315,4647,3699,919,30,3468,231,916,3,0
2000,Pune,Baramati,Large (>10 ha),255,4155,3799,332,25,3737,62,40,162,130
2000,Pune,Bhor,Large (>10 ha),538,12935,8610,1505,2820,8450,160,282,446,777
2000,Pune,Daund,Large (>10 ha),244,3833,2748,794,290,2533,215,345,321,129
2000,Pune,Haweli,Large (>10 ha),199,3294,2431,721,142,1754,676,440,50,230
2000,Pune,Indapur,Large (>10 ha),285,4029,3168,743,117,3015,153,635,2,105
2000,Pune,Junnar,Large (>10 ha),708,12785,11730,250,805,9088,2642,29,127,94
2000,Pune,Khed,Large (>10 ha),267,3216,2155,874,187,1900,255,418,292,164
2000,Pune,Mawal,Large (>10 ha),667,10790,8740,430,1621,7454,1286,4,302,124
2000,Pune,Mulshi,Large (>10 ha),457,7683,6336,566,782,5531,805,185,216,165
2000,Pune,Pune City,Large (>10 ha),3,71,71,0,0,71,0,0,0,0
2000,Pune,Purandar,Large (>10 ha),455,7125,6817,148,160,5475,1341,0,141,7
2000,Pune,Shirur,Large (>10 ha),792,10386,9704,257,425,9282,423,69,140,47
2000,Pune,Vehli,Large (>10 ha),435,6020,5203,80,737,4550,653,53,3,24
2010,Pune,Ambegaon(Ghodegaon),Large (>10 ha),371,5663,2835,2547,282,2717,118,941,213,1392
2010,Pune,Baramati,Large (>10 ha),189,3065,3049,0,16,2768,281,0,0,0
2010,Pune,Bhor,Large (>10 ha),346,5716,4641,633,442,3107,1534,99,534,0
2010,Pune,Daund,Large (>10 ha),356,5863,5523,31,309,5178,345,0,23,7
2010,Pune,Indapur,Large (>10 ha),306,4664,3804,756,104,3677,128,341,224,192
2010,Pune,Junnar,Large (>10 ha),393,5615,4834,749,32,3804,1029,739,0,10
2010,Pune,Khed(Rajgurunagar),Large (>10 ha),516,7530,7458,0,72,7458,0,0,0,0
2010,Pune,Maval(Vadgaon),Large (>10 ha),592,9214,9167,0,47,6641,2526,0,0,0
2010,Pune,Mulashi(Paud),Large (>10 ha),552,12706,11139,374,1193,10954,185,0,374,0
2010,Pune,Pune (Haveli),Large (>10 ha),216,3961,3855,0,106,3498,357,0,0,0
2010,Pune,Pune City,Large (>10 ha),1,120,120,0,0,120,0,0,0,0
2010,Pune,Purandar(Saswad),Large (>10 ha),496,8514,7788,221,505,7743,44,0,0,221
2010,Pune,Shirur(Ghodnadi),Large (>10 ha),504,7252,6519,53,680,6089,430,22,13,18
2010,Pune,Velha,Large (>10 ha),318,5013,4661,350,2,4504,157,0,246,104
2015,Pune,Ambegaon,Large (>10 ha),431,6354,4923,1430,0,4907,16,1430,0,0
2015,Pune,Baramati,Large (>10 ha),265,4102,4083,18,0,3574,510,18,0,0
2015,Pune,Bhor,Large (>10 ha),462,7253,6095,1158,0,4579,1516,1158,0,0
2015,Pune,Daund,Large (>10 ha),380,7844,7482,362,0,6420,1062,362,0,0
2015,Pune,Haveli,Large (>10 ha),246,4489,4370,119,0,3970,400,119,0,0
2015,Pune,Indapur,Large (>10 ha),383,6530,5663,866,0,5494,169,866,0,0
2015,Pune,Junnar,Large (>10 ha),459,7775,6906,869,0,5801,1105,869,0,0
2015,Pune,Khed,Large (>10 ha),537,8250,8173,77,0,8173,0,77,0,0
2015,Pune,Mawal,Large (>10 ha),688,11001,10961,40,0,7677,3284,40,0,0
2015,Pune,Mulshi,Large (>10 ha),487,11761,9399,2362,0,9219,179,2362,0,0
2015,Pune,Pune City,Large (>10 ha),0,0,0,0,0,0,0,0,0,0
2015,Pune,Purandhar,Large (>10 ha),579,8735,7784,951,0,7735,49,951,0,0
2015,Pune,Shirur,Large (>10 ha),581,8211,7220,991,0,6710,510,991,0,0
2015,Pune,Velhe,Large (>10 ha),330,4772,4469,303,0,4335,134,303,0,0
2000,Raigad,Alibag,Marginal (Below 1 ha),29380,10922,10197,103,622,10047,150,8,43,52
2000,Raigad,Karjat,Marginal (Below 1 ha),12376,4393,3457,714,221,2844,614,159,162,393
2000,Raigad,Khalapur,Marginal (Below 1 ha),5705,2777,2200,338,238,1979,221,115,25,198
2000,Raigad,Mahad,Marginal (Below 1 ha),27442,9921,7462,1761,699,6241,1220,242,832,686
2000,Raigad,Mangaon,Marginal (Below 1 ha),21255,8097,6631,767,698,6088,543,90,335,343
2000,Raigad,Mhasala,Marginal (Below 1 ha),8897,3331,3331,0,0,3128,203,0,0,0
2000,Raigad,Murud,Marginal (Below 1 ha),9331,3074,2751,168,155,2395,356,1,49,117
2000,Raigad,Paladpur,Marginal (Below 1 ha),9690,3432,2189,1003,240,1648,542,284,154,565
2000,Raigad,Panvel,Marginal (Below 1 ha),14160,5966,5428,165,372,4767,661,42,39,84
2000,Raigad,Pen,Marginal (Below 1 ha),19615,8344,7756,122,466,7728,27,12,15,95
2000,Raigad,Roha,Marginal (Below 1 ha),16596,6580,5853,430,297,5285,569,43,265,121
2000,Raigad,Shrivardan,Marginal (Below 1 ha),12213,4731,4587,138,7,4058,529,3,112,23
2000,Raigad,Sudhagad,Marginal (Below 1 ha),6613,3050,2604,277,169,1501,1103,1,128,148
2000,Raigad,Tala,Marginal (Below 1 ha),5460,2010,1250,714,46,1125,124,0,694,21
2000,Raigad,Uran,Marginal (Below 1 ha),7140,2551,2421,95,36,2235,186,72,22,1
2010,Raigad,Alibag,Marginal (Below 1 ha),26419,9447,9168,35,244,8536,632,14,0,21
2010,Raigad,Karjat,Marginal (Below 1 ha),16750,7033,6505,10,517,6496,9,6,3,2
2010,Raigad,Khalapur,Marginal (Below 1 ha),8617,3668,3640,1,28,2797,843,0,1,0
2010,Raigad,Mahad,Marginal (Below 1 ha),31484,10659,10205,236,217,9090,1115,21,72,143
2010,Raigad,Mangaon,Marginal (Below 1 ha),26441,8998,7609,1251,137,7150,459,81,554,616
2010,Raigad,Mhasala,Marginal (Below 1 ha),9158,3415,3398,2,15,3166,232,0,1,0
2010,Raigad,Murud,Marginal (Below 1 ha),8619,2961,2755,158,48,2622,133,0,31,127
2010,Raigad,Paladpur,Marginal (Below 1 ha),9891,3384,2716,470,197,2177,540,27,315,128
2010,Raigad,Panvel,Marginal (Below 1 ha),16227,6284,5561,193,530,5399,162,3,4,186
2010,Raigad,Pen,Marginal (Below 1 ha),15325,6483,5836,215,431,5675,161,3,83,129
2010,Raigad,Roha,Marginal (Below 1 ha),16593,6609,5991,158,460,5751,239,0,0,158
2010,Raigad,Shrivardan,Marginal (Below 1 ha),13650,4339,4278,0,61,4074,204,0,0,0
2010,Raigad,Sudhagad,Marginal (Below 1 ha),7148,3154,2584,251,319,2267,317,22,30,199
2010,Raigad,Tala,Marginal (Below 1 ha),6684,2267,2243,23,2,1953,290,0,23,0
2010,Raigad,Uran,Marginal (Below 1 ha),8581,2711,2711,0,0,2710,2,0,0,0
2015,Raigad,Alibag,Marginal (Below 1 ha),31039,10143,9804,339,0,8759,1045,339,0,0
2015,Raigad,Karjat,Marginal (Below 1 ha),18368,5659,5379,281,0,4516,863,281,0,0
2015,Raigad,Khalapur,Marginal (Below 1 ha),12306,4107,3823,284,0,2139,1684,284,0,0
2015,Raigad,Mahad,Marginal (Below 1 ha),33101,9726,9239,486,0,7743,1496,486,0,0
2015,Raigad,Mangaon,Marginal (Below 1 ha),33367,10125,8577,1548,0,8069,508,1548,0,0
2015,Raigad,Mhasla,Marginal (Below 1 ha),13083,4507,4401,106,0,1313,3088,106,0,0
2015,Raigad,Murud,Marginal (Below 1 ha),9757,3223,3047,176,0,2129,918,176,0,0
2015,Raigad,Panvel,Marginal (Below 1 ha),17356,5976,5966,10,0,5945,21,10,0,0
2015,Raigad,Pen,Marginal (Below 1 ha),18076,6823,6438,385,0,6293,145,385,0,0
2015,Raigad,Poladpur,Marginal (Below 1 ha),11090,3715,3699,16,0,3116,583,16,0,0
2015,Raigad,Roha,Marginal (Below 1 ha),19513,7191,6596,594,0,5850,746,594,0,0
2015,Raigad,Shrivardhan,Marginal (Below 1 ha),14511,4239,4195,44,0,2771,1424,44,0,0
2015,Raigad,Sudhagad,Marginal (Below 1 ha),9864,4070,3668,402,0,2221,1447,402,0,0
2015,Raigad,Tala,Marginal (Below 1 ha),7606,2591,2496,95,0,1835,661,95,0,0
2015,Raigad,Uran,Marginal (Below 1 ha),9178,2561,2556,4,0,2552,4,4,0,0
2000,Raigad,Alibag,Small (1 to 2 ha),4546,5990,5514,94,382,5383,131,7,31,56
2000,Raigad,Karjat,Small (1 to 2 ha),4286,5478,3530,1656,292,2615,915,287,169,1200
2000,Raigad,Khalapur,Small (1 to 2 ha),2219,3092,2190,583,319,1737,454,231,87,264
2000,Raigad,Mahad,Small (1 to 2 ha),7146,10101,5446,3736,919,3994,1451,552,1698,1486
2000,Raigad,Mangaon,Small (1 to 2 ha),5244,7347,4718,1556,1074,3741,977,209,920,427
2000,Raigad,Mhasala,Small (1 to 2 ha),2073,2882,2882,0,0,2392,490,0,0,0
2000,Raigad,Murud,Small (1 to 2 ha),1653,1895,1529,256,110,1283,246,7,64,185
2000,Raigad,Paladpur,Small (1 to 2 ha),2985,4270,1837,2075,359,1093,743,537,377,1161
2000,Raigad,Panvel,Small (1 to 2 ha),3256,4461,3949,140,373,3109,841,44,33,62
2000,Raigad,Pen,Small (1 to 2 ha),3525,4748,4120,263,366,4081,39,22,6,235
2000,Raigad,Roha,Small (1 to 2 ha),3789,5280,4316,644,320,3542,775,98,382,164
2000,Raigad,Shrivardan,Small (1 to 2 ha),2103,2885,2654,207,23,1950,704,3,180,24
2000,Raigad,Sudhagad,Small (1 to 2 ha),2752,3887,3118,504,265,1486,1632,2,254,249
2000,Raigad,Tala,Small (1 to 2 ha),1532,2190,839,1278,74,604,235,0,1224,54
2000,Raigad,Uran,Small (1 to 2 ha),1132,1508,1318,115,75,1209,109,81,28,6
2010,Raigad,Alibag,Small (1 to 2 ha),14,21,21,0,1,13,8,0,0,0
2010,Raigad,Karjat,Small (1 to 2 ha),9,12,10,0,2,10,0,0,0,0
2010,Raigad,Khalapur,Small (1 to 2 ha),16,22,22,0,0,5,17,0,0,0
2010,Raigad,Mahad,Small (1 to 2 ha),5,7,7,0,0,6,1,0,0,0
2010,Raigad,Mangaon,Small (1 to 2 ha),9,12,11,0,1,11,0,0,0,0
2010,Raigad,Mhasala,Small (1 to 2 ha),3,4,4,0,0,4,0,0,0,0
2010,Raigad,Murud,Small (1 to 2 ha),4,6,3,3,0,3,0,0,3,0
2010,Raigad,Paladpur,Small (1 to 2 ha),2,3,1,2,0,1,0,1,0,1
2010,Raigad,Panvel,Small (1 to 2 ha),2,3,1,1,0,1,0,0,0,1
2010,Raigad,Pen,Small (1 to 2 ha),11,13,10,0,3,9,1,0,0,0
2010,Raigad,Roha,Small (1 to 2 ha),8,12,12,0,0,12,0,0,0,0
2010,Raigad,Shrivardan,Small (1 to 2 ha),2,3,3,0,0,2,2,0,0,0
2010,Raigad,Sudhagad,Small (1 to 2 ha),21,29,10,17,1,8,2,1,0,16
2010,Raigad,Tala,Small (1 to 2 ha),1,1,1,0,0,1,0,0,0,0
2010,Raigad,Uran,Small (1 to 2 ha),1,2,2,0,0,2,0,0,0,0
2015,Raigad,Alibag,Small (1 to 2 ha),3638,5542,5199,343,0,4383,816,343,0,0
2015,Raigad,Karjat,Small (1 to 2 ha),4814,5784,5192,592,0,4087,1105,592,0,0
2015,Raigad,Khalapur,Small (1 to 2 ha),2340,3200,2772,428,0,1328,1444,428,0,0
2015,Raigad,Mahad,Small (1 to 2 ha),7258,11243,9908,1335,0,7281,2627,1335,0,0
2015,Raigad,Mangaon,Small (1 to 2 ha),5566,8317,6164,2153,0,5391,774,2153,0,0
2015,Raigad,Mhasla,Small (1 to 2 ha),3090,4234,4087,147,0,812,3275,147,0,0
2015,Raigad,Murud,Small (1 to 2 ha),1465,2284,2092,192,0,1040,1052,192,0,0
2015,Raigad,Panvel,Small (1 to 2 ha),2988,3861,3827,35,0,3795,32,35,0,0
2015,Raigad,Pen,Small (1 to 2 ha),3151,3998,3629,368,0,3392,238,368,0,0
2015,Raigad,Poladpur,Small (1 to 2 ha),3126,4114,4098,16,0,3405,693,16,0,0
2015,Raigad,Roha,Small (1 to 2 ha),3999,4943,4411,531,0,3500,912,531,0,0
2015,Raigad,Shrivardhan,Small (1 to 2 ha),2183,2978,2888,90,0,1599,1289,90,0,0
2015,Raigad,Sudhagad,Small (1 to 2 ha),2798,4046,3553,493,0,1711,1842,493,0,0
2015,Raigad,Tala,Small (1 to 2 ha),1861,2704,2486,218,0,1588,898,218,0,0
2015,Raigad,Uran,Small (1 to 2 ha),798,1023,1013,11,0,1010,2,11,0,0
2000,Raigad,Alibag,Semimedium (2 to 4 ha),1234,3214,2893,158,162,2700,193,43,54,61
2000,Raigad,Karjat,Semimedium (2 to 4 ha),2663,6824,4227,2209,388,2473,1754,360,227,1622
2000,Raigad,Khalapur,Semimedium (2 to 4 ha),1207,3290,2100,725,465,1496,605,192,176,357
2000,Raigad,Mahad,Semimedium (2 to 4 ha),4829,13429,5554,6477,1398,3524,2030,1008,2706,2764
2000,Raigad,Mangaon,Semimedium (2 to 4 ha),3417,9448,4980,3022,1447,3829,1150,498,1650,874
2000,Raigad,Mhasala,Semimedium (2 to 4 ha),1167,3212,3212,0,0,2493,718,0,0,0
2000,Raigad,Murud,Semimedium (2 to 4 ha),636,1528,1175,265,88,910,265,2,101,162
2000,Raigad,Paladpur,Semimedium (2 to 4 ha),2116,5811,2359,2928,523,1316,1043,722,620,1586
2000,Raigad,Panvel,Semimedium (2 to 4 ha),1321,3684,3116,240,329,2486,629,53,50,137
2000,Raigad,Pen,Semimedium (2 to 4 ha),1004,2580,2013,337,230,2003,10,16,3,318
2000,Raigad,Roha,Semimedium (2 to 4 ha),1795,4775,3798,712,265,2425,1373,197,258,257
2000,Raigad,Shrivardan,Semimedium (2 to 4 ha),1154,3205,2761,423,21,1959,802,80,283,60
2000,Raigad,Sudhagad,Semimedium (2 to 4 ha),2119,5929,4443,1020,466,1989,2454,3,459,557
2000,Raigad,Tala,Semimedium (2 to 4 ha),1279,3604,1204,2272,128,648,556,4,2194,74
2000,Raigad,Uran,Semimedium (2 to 4 ha),340,892,634,233,25,581,53,113,84,36
2015,Raigad,Alibag,Semimedium (2 to 4 ha),969,2591,2411,180,0,1874,537,180,0,0
2015,Raigad,Karjat,Semimedium (2 to 4 ha),2886,7567,6610,957,0,4697,1913,957,0,0
2015,Raigad,Khalapur,Semimedium (2 to 4 ha),1146,3107,2642,465,0,920,1722,465,0,0
2015,Raigad,Mahad,Semimedium (2 to 4 ha),4991,12813,10582,2231,0,6792,3789,2231,0,0
2015,Raigad,Mangaon,Semimedium (2 to 4 ha),3370,9134,6278,2856,0,5105,1173,2856,0,0
2015,Raigad,Mhasla,Semimedium (2 to 4 ha),2101,5303,5118,185,0,1058,4060,185,0,0
2015,Raigad,Murud,Semimedium (2 to 4 ha),657,1894,1767,127,0,682,1085,127,0,0
2015,Raigad,Panvel,Semimedium (2 to 4 ha),1522,4116,4064,52,0,4018,46,52,0,0
2015,Raigad,Pen,Semimedium (2 to 4 ha),1080,2832,2373,458,0,2171,202,458,0,0
2015,Raigad,Poladpur,Semimedium (2 to 4 ha),2253,6326,6240,86,0,5120,1120,86,0,0
2015,Raigad,Roha,Semimedium (2 to 4 ha),1953,5256,4411,845,0,3412,1000,845,0,0
2015,Raigad,Shrivardhan,Semimedium (2 to 4 ha),1109,3006,2867,139,0,1408,1458,139,0,0
2015,Raigad,Sudhagad,Semimedium (2 to 4 ha),1739,4877,4151,725,0,1555,2597,725,0,0
2015,Raigad,Tala,Semimedium (2 to 4 ha),1434,3994,3726,268,0,2046,1680,268,0,0
2015,Raigad,Uran,Semimedium (2 to 4 ha),268,697,684,13,0,684,0,13,0,0
2000,Raigad,Alibag,Medium (4 to 10 ha),293,1731,1516,80,134,1431,85,3,61,16
2000,Raigad,Karjat,Medium (4 to 10 ha),1580,9128,4919,3554,655,2286,2632,1035,534,1986
2000,Raigad,Khalapur,Medium (4 to 10 ha),468,2779,1718,632,429,944,774,230,292,110
2000,Raigad,Mahad,Medium (4 to 10 ha),2461,14220,4938,7652,1630,2868,2069,1239,2563,3850
2000,Raigad,Mangaon,Medium (4 to 10 ha),1788,10402,4111,4234,2057,2903,1208,492,2547,1195
2000,Raigad,Mhasala,Medium (4 to 10 ha),487,2779,2779,0,0,2689,89,0,0,0
2000,Raigad,Murud,Medium (4 to 10 ha),228,1234,947,222,65,794,153,45,33,145
2000,Raigad,Paladpur,Medium (4 to 10 ha),882,5149,1672,2756,720,791,881,765,618,1373
2000,Raigad,Panvel,Medium (4 to 10 ha),344,1999,1405,402,192,912,494,58,154,190
2000,Raigad,Pen,Medium (4 to 10 ha),276,1640,1071,388,181,1003,68,0,7,381
2000,Raigad,Roha,Medium (4 to 10 ha),904,5333,3677,829,826,1541,2137,167,311,352
2000,Raigad,Shrivardan,Medium (4 to 10 ha),397,2303,2026,276,0,1606,420,66,193,18
2000,Raigad,Sudhagad,Medium (4 to 10 ha),1193,7209,4994,1520,695,2117,2877,14,783,723
2000,Raigad,Tala,Medium (4 to 10 ha),752,4420,1294,2963,163,649,645,0,2722,241
2000,Raigad,Uran,Medium (4 to 10 ha),64,349,180,164,5,126,54,106,58,0
2010,Raigad,Alibag,Medium (4 to 10 ha),413,2417,2202,80,135,1559,644,17,4,58
2010,Raigad,Karjat,Medium (4 to 10 ha),1387,8226,4882,2568,777,4360,521,1053,204,1310
2010,Raigad,Khalapur,Medium (4 to 10 ha),400,2356,2220,6,129,1107,1113,0,6,0
2010,Raigad,Mahad,Medium (4 to 10 ha),2364,13599,9807,2418,1374,7068,2739,153,811,1454
2010,Raigad,Mangaon,Medium (4 to 10 ha),1400,8145,5000,2766,379,3689,1312,139,1096,1531
2010,Raigad,Mhasala,Medium (4 to 10 ha),683,4041,3855,146,40,2552,1303,34,21,91
2010,Raigad,Murud,Medium (4 to 10 ha),249,1452,910,517,25,643,266,0,238,279
2010,Raigad,Paladpur,Medium (4 to 10 ha),1460,8645,3804,4006,835,1663,2141,104,2541,1360
2010,Raigad,Panvel,Medium (4 to 10 ha),437,2608,1368,863,377,1019,349,12,8,843
2010,Raigad,Pen,Medium (4 to 10 ha),451,2648,1725,488,435,1389,335,40,88,360
2010,Raigad,Roha,Medium (4 to 10 ha),901,5375,4034,715,626,3551,483,4,9,702
2010,Raigad,Shrivardan,Medium (4 to 10 ha),467,2718,2366,0,352,1948,418,0,0,0
2010,Raigad,Sudhagad,Medium (4 to 10 ha),874,5226,2998,1498,730,2069,929,166,337,995
2010,Raigad,Tala,Medium (4 to 10 ha),741,4346,4019,328,0,2230,1789,0,328,0
2010,Raigad,Uran,Medium (4 to 10 ha),82,473,449,24,0,449,0,0,24,0
2015,Raigad,Alibag,Medium (4 to 10 ha),297,1782,1555,227,0,761,794,227,0,0
2015,Raigad,Karjat,Medium (4 to 10 ha),1612,9576,6882,2693,0,4255,2628,2693,0,0
2015,Raigad,Khalapur,Medium (4 to 10 ha),486,3065,2642,423,0,609,2034,423,0,0
2015,Raigad,Mahad,Medium (4 to 10 ha),2670,15913,12854,3060,0,7652,5202,3060,0,0
2015,Raigad,Mangaon,Medium (4 to 10 ha),1650,9552,5933,3619,0,4365,1568,3619,0,0
2015,Raigad,Mhasla,Medium (4 to 10 ha),757,4472,4194,278,0,596,3598,278,0,0
2015,Raigad,Murud,Medium (4 to 10 ha),313,1959,1793,166,0,908,884,166,0,0
2015,Raigad,Panvel,Medium (4 to 10 ha),588,3440,3409,31,0,3409,0,31,0,0
2015,Raigad,Pen,Medium (4 to 10 ha),430,2816,1940,877,0,1782,158,877,0,0
2015,Raigad,Poladpur,Medium (4 to 10 ha),1582,9365,9293,72,0,7899,1394,72,0,0
2015,Raigad,Roha,Medium (4 to 10 ha),1030,6448,5017,1432,0,3797,1219,1432,0,0
2015,Raigad,Shrivardhan,Medium (4 to 10 ha),490,2926,2749,177,0,1155,1594,177,0,0
2015,Raigad,Sudhagad,Medium (4 to 10 ha),854,5413,4524,889,0,882,3642,889,0,0
2015,Raigad,Tala,Medium (4 to 10 ha),814,4750,4471,279,0,2113,2357,279,0,0
2015,Raigad,Uran,Medium (4 to 10 ha),119,685,675,10,0,653,21,10,0,0
2000,Raigad,Alibag,Large (>10 ha),60,1218,1049,24,145,988,61,0,24,0
2000,Raigad,Karjat,Large (>10 ha),259,3783,2545,1047,192,1524,1021,207,227,613
2000,Raigad,Khalapur,Large (>10 ha),53,714,467,150,97,246,221,94,28,28
2000,Raigad,Mahad,Large (>10 ha),343,6164,1773,3015,1376,1098,675,922,825,1268
2000,Raigad,Mangaon,Large (>10 ha),319,5587,1495,2625,1467,907,589,255,1409,960
2000,Raigad,Mhasala,Large (>10 ha),47,718,718,0,0,718,0,0,0,0
2000,Raigad,Murud,Large (>10 ha),85,1389,1195,144,49,830,365,0,0,144
2000,Raigad,Paladpur,Large (>10 ha),138,2038,496,1155,388,282,214,472,218,465
2000,Raigad,Panvel,Large (>10 ha),83,2090,1553,326,211,951,602,209,14,103
2000,Raigad,Pen,Large (>10 ha),77,1623,1089,378,156,1089,0,0,0,378
2000,Raigad,Roha,Large (>10 ha),256,4427,3303,365,759,1254,2049,102,2,261
2000,Raigad,Shrivardan,Large (>10 ha),74,1227,1054,173,0,857,197,131,34,7
2000,Raigad,Sudhagad,Large (>10 ha),234,4386,3093,999,293,1776,1317,0,530,469
2000,Raigad,Tala,Large (>10 ha),133,2007,324,1498,185,301,23,0,948,550
2000,Raigad,Uran,Large (>10 ha),2,38,38,0,0,36,2,0,0,0
2010,Raigad,Alibag,Large (>10 ha),96,1694,1474,74,146,1375,99,22,0,52
2010,Raigad,Karjat,Large (>10 ha),266,3978,1987,1557,434,1649,338,535,359,663
2010,Raigad,Khalapur,Large (>10 ha),81,1373,1349,0,24,616,734,0,0,0
2010,Raigad,Mahad,Large (>10 ha),319,5280,3525,1280,475,2806,719,74,629,577
2010,Raigad,Mangaon,Large (>10 ha),308,5059,3072,1692,294,2373,699,32,800,861
2010,Raigad,Mhasala,Large (>10 ha),138,2629,2605,15,9,1799,805,0,0,15
2010,Raigad,Murud,Large (>10 ha),91,1578,1167,344,67,1053,114,0,10,334
2010,Raigad,Paladpur,Large (>10 ha),278,4228,1861,1684,683,707,1154,114,1178,392
2010,Raigad,Panvel,Large (>10 ha),140,2593,1357,1094,142,1035,322,118,56,920
2010,Raigad,Pen,Large (>10 ha),108,2338,1872,361,105,846,1027,0,250,112
2010,Raigad,Roha,Large (>10 ha),264,4331,2976,720,635,2758,218,0,0,720
2010,Raigad,Shrivardan,Large (>10 ha),92,1433,1350,0,83,657,693,0,0,0
2010,Raigad,Sudhagad,Large (>10 ha),223,4035,2369,1167,499,1247,1122,14,251,902
2010,Raigad,Tala,Large (>10 ha),127,2831,2529,301,0,1532,998,0,301,0
2010,Raigad,Uran,Large (>10 ha),21,322,322,0,0,322,0,0,0,0
2015,Raigad,Alibag,Large (>10 ha),64,1241,1095,147,0,800,295,147,0,0
2015,Raigad,Karjat,Large (>10 ha),368,6667,3959,2708,0,1881,2077,2708,0,0
2015,Raigad,Khalapur,Large (>10 ha),81,1223,1125,98,0,120,1005,98,0,0
2015,Raigad,Mahad,Large (>10 ha),341,6280,4586,1694,0,2044,2541,1694,0,0
2015,Raigad,Mangaon,Large (>10 ha),384,5451,3423,2028,0,2684,739,2028,0,0
2015,Raigad,Mhasla,Large (>10 ha),171,2864,2783,81,0,153,2630,81,0,0
2015,Raigad,Murud,Large (>10 ha),82,1379,1352,27,0,1236,116,27,0,0
2015,Raigad,Panvel,Large (>10 ha),149,3686,3686,0,0,3686,0,0,0,0
2015,Raigad,Pen,Large (>10 ha),122,3180,3178,2,0,3085,92,2,0,0
2015,Raigad,Poladpur,Large (>10 ha),282,3763,3763,0,0,3187,576,0,0,0
2015,Raigad,Roha,Large (>10 ha),274,4262,3567,695,0,2289,1278,695,0,0
2015,Raigad,Shrivardhan,Large (>10 ha),118,2124,2124,0,0,493,1631,0,0,0
2015,Raigad,Sudhagad,Large (>10 ha),218,4450,3577,873,0,1001,2576,873,0,0
2015,Raigad,Tala,Large (>10 ha),138,2566,2523,43,0,1112,1411,43,0,0
2015,Raigad,Uran,Large (>10 ha),27,444,444,0,0,400,44,0,0,0
2000,Ratnagiri,Chiplun,Marginal (Below 1 ha),24473,10335,7079,1988,1268,6235,844,715,783,490
2000,Ratnagiri,Dapoli,Marginal (Below 1 ha),18861,7429,5485,1281,662,4529,956,200,624,457
2000,Ratnagiri,Guhagar,Marginal (Below 1 ha),14799,5523,3780,841,903,3256,523,57,338,445
2000,Ratnagiri,Khed,Marginal (Below 1 ha),14609,5826,3124,1952,749,2561,563,692,488,772
2000,Ratnagiri,Lanja,Marginal (Below 1 ha),12190,4573,2584,1231,757,2433,151,853,189,190
2000,Ratnagiri,Mandangad,Marginal (Below 1 ha),8673,3534,2712,742,80,2372,339,31,581,130
2000,Ratnagiri,Rajapur,Marginal (Below 1 ha),26603,11086,6076,2606,2404,5782,294,1517,328,761
2000,Ratnagiri,Ratnagiri,Marginal (Below 1 ha),31268,10535,7394,1257,1884,6568,826,408,158,691
2000,Ratnagiri,Sangmeshwar,Marginal (Below 1 ha),21714,9414,5514,2193,1708,4559,955,643,881,669
2015,Ratnagiri,Chiplun,Large (>10 ha),820,15068,12288,2780,0,3306,8982,2780,0,0
2015,Ratnagiri,Dapoli,Large (>10 ha),504,8282,5967,2315,0,2756,3211,2315,0,0
2015,Ratnagiri,Guhagar,Large (>10 ha),337,4637,3454,1183,0,885,2569,1183,0,0
2015,Ratnagiri,Khed,Large (>10 ha),413,7228,6165,1063,0,967,5197,1063,0,0
2015,Ratnagiri,Lanja,Large (>10 ha),587,9631,9560,71,0,5480,4079,71,0,0
2015,Ratnagiri,Mandangad,Large (>10 ha),296,4628,4383,245,0,1367,3016,245,0,0
2015,Ratnagiri,Rajapur,Large (>10 ha),1080,15929,14883,1046,0,5412,9470,1046,0,0
2015,Ratnagiri,Ratnagiri,Large (>10 ha),256,4236,3889,347,0,2786,1103,347,0,0
2015,Ratnagiri,Sangameshwar,Large (>10 ha),644,10496,8458,2037,0,2202,6256,2037,0,0
2015,Ratnagiri,Chiplun,Marginal (Below 1 ha),57773,18113,16687,1426,0,9054,7633,1426,0,0
2015,Ratnagiri,Dapoli,Marginal (Below 1 ha),41169,11537,9342,2195,0,5513,3829,2195,0,0
2015,Ratnagiri,Guhagar,Marginal (Below 1 ha),30271,8486,8077,410,0,2170,5906,410,0,0
2015,Ratnagiri,Khed,Marginal (Below 1 ha),43244,12919,12295,624,0,4295,8000,624,0,0
2015,Ratnagiri,Lanja,Marginal (Below 1 ha),22892,9010,8995,15,0,8729,266,15,0,0
2015,Ratnagiri,Mandangad,Marginal (Below 1 ha),18298,5967,5657,310,0,2632,3025,310,0,0
2015,Ratnagiri,Rajapur,Marginal (Below 1 ha),38368,10508,9974,534,0,5147,4827,534,0,0
2015,Ratnagiri,Ratnagiri,Marginal (Below 1 ha),50663,10720,10377,343,0,8338,2038,343,0,0
2015,Ratnagiri,Sangameshwar,Marginal (Below 1 ha),48553,16078,14531,1547,0,9941,4591,1547,0,0
2000,Ratnagiri,Chiplun,Small (1 to 2 ha),9065,14125,8720,3830,1575,7440,1281,1453,1389,987
2000,Ratnagiri,Dapoli,Small (1 to 2 ha),7385,8903,5683,2430,790,4049,1634,644,983,803
2000,Ratnagiri,Guhagar,Small (1 to 2 ha),5099,7193,4187,1769,1236,3414,774,235,655,879
2000,Ratnagiri,Khed,Small (1 to 2 ha),7312,9686,4429,4156,1100,3112,1317,1474,920,1762
2000,Ratnagiri,Lanja,Small (1 to 2 ha),4258,6200,2875,2186,1139,2619,256,1461,322,403
2000,Ratnagiri,Mandangad,Small (1 to 2 ha),3598,5208,3497,1581,130,2811,686,40,1368,173
2000,Ratnagiri,Rajapur,Small (1 to 2 ha),7415,9747,4842,2707,2198,4501,341,1520,351,836
2000,Ratnagiri,Ratnagiri,Small (1 to 2 ha),9976,14032,9461,1830,2741,7466,1995,776,259,795
2000,Ratnagiri,Sangmeshwar,Small (1 to 2 ha),8920,13155,6647,4299,2210,5455,1192,1144,1877,1278
2010,Ratnagiri,Chiplun,Small (1 to 2 ha),10756,15152,8703,4379,2070,7153,1550,921,1688,1771
2010,Ratnagiri,Dapoli,Small (1 to 2 ha),7935,11279,11182,20,77,11182,0,3,7,10
2010,Ratnagiri,Guhagar,Small (1 to 2 ha),5891,8319,8319,0,0,8319,0,0,0,0
2010,Ratnagiri,Khed,Small (1 to 2 ha),8379,11836,4900,6119,817,4422,478,2488,2630,1001
2010,Ratnagiri,Lanja,Small (1 to 2 ha),5533,7935,5536,1393,1006,4559,977,573,449,370
2010,Ratnagiri,Mandangad,Small (1 to 2 ha),3712,5278,2793,2483,2,2677,116,1350,485,649
2010,Ratnagiri,Rajapur,Small (1 to 2 ha),8006,11373,7750,2698,926,5750,2000,1042,1421,235
2010,Ratnagiri,Ratnagiri,Small (1 to 2 ha),6515,9158,6883,892,1384,6080,803,147,245,499
2010,Ratnagiri,Sangmeshwar(D),Small (1 to 2 ha),10289,14572,11988,0,2584,11988,0,0,0,0
2015,Ratnagiri,Chiplun,Small (1 to 2 ha),10434,14175,12132,2043,0,5416,6716,2043,0,0
2015,Ratnagiri,Dapoli,Small (1 to 2 ha),8746,10412,7466,2946,0,4165,3301,2946,0,0
2015,Ratnagiri,Guhagar,Small (1 to 2 ha),6378,7422,6635,788,0,2265,4370,788,0,0
2015,Ratnagiri,Khed,Small (1 to 2 ha),9903,11975,10371,1604,0,2901,7471,1604,0,0
2015,Ratnagiri,Lanja,Small (1 to 2 ha),6502,9454,9391,63,0,8722,669,63,0,0
2015,Ratnagiri,Mandangad,Small (1 to 2 ha),4184,6294,5709,585,0,2319,3390,585,0,0
2015,Ratnagiri,Rajapur,Small (1 to 2 ha),10009,11860,10849,1011,0,4838,6011,1011,0,0
2015,Ratnagiri,Ratnagiri,Small (1 to 2 ha),8196,9550,8991,559,0,7103,1889,559,0,0
2015,Ratnagiri,Sangameshwar,Small (1 to 2 ha),11830,13766,11114,2653,0,6482,4631,2653,0,0
2000,Ratnagiri,Chiplun,Semimedium (2 to 4 ha),7640,21122,11795,6959,2368,9847,1948,2453,2555,1952
2000,Ratnagiri,Dapoli,Semimedium (2 to 4 ha),7722,20949,13103,5752,2094,8592,4510,1281,2169,2302
2000,Ratnagiri,Guhagar,Semimedium (2 to 4 ha),4692,13067,7120,3510,2438,5304,1816,248,1467,1795
2000,Ratnagiri,Khed,Semimedium (2 to 4 ha),6441,18656,8289,8075,2293,5265,3024,2717,2047,3312
2000,Ratnagiri,Lanja,Semimedium (2 to 4 ha),4243,11443,5091,4228,2124,4599,492,2890,542,796
2000,Ratnagiri,Mandangad,Semimedium (2 to 4 ha),3143,8921,4957,3731,232,3729,1228,127,3274,330
2000,Ratnagiri,Rajapur,Semimedium (2 to 4 ha),6522,18894,8542,5930,4422,7500,1042,3478,764,1688
2000,Ratnagiri,Ratnagiri,Semimedium (2 to 4 ha),5295,14514,9614,2095,2805,6925,2690,838,441,816
2000,Ratnagiri,Sangmeshwar,Semimedium (2 to 4 ha),8105,23092,11177,8195,3720,8970,2207,2188,3192,2816
2010,Ratnagiri,Chiplun,Semimedium (2 to 4 ha),7040,19489,10345,6566,2577,8702,1644,1502,2494,2571
2010,Ratnagiri,Dapoli,Semimedium (2 to 4 ha),5312,14797,14668,33,96,14668,0,0,10,23
2010,Ratnagiri,Guhagar,Semimedium (2 to 4 ha),3853,10680,10680,0,0,10680,0,0,0,0
2010,Ratnagiri,Khed,Semimedium (2 to 4 ha),5973,16567,6735,8994,838,5913,822,3053,4398,1542
2010,Ratnagiri,Lanja,Semimedium (2 to 4 ha),4302,12043,7918,2488,1637,6255,1663,1235,797,457
2010,Ratnagiri,Mandangad,Semimedium (2 to 4 ha),2718,7648,3729,3911,7,3573,156,1993,867,1052
2010,Ratnagiri,Rajapur,Semimedium (2 to 4 ha),6125,17177,11175,4510,1493,8366,2809,1794,2311,404
2010,Ratnagiri,Ratnagiri,Semimedium (2 to 4 ha),4049,11216,8307,927,1981,6961,1347,70,281,577
2010,Ratnagiri,Sangmeshwar(D),Semimedium (2 to 4 ha),6748,18778,15246,0,3532,15242,4,0,0,0
2015,Ratnagiri,Chiplun,Semimedium (2 to 4 ha),6775,18365,15331,3034,0,5911,9420,3034,0,0
2015,Ratnagiri,Dapoli,Semimedium (2 to 4 ha),5730,15631,10683,4948,0,5865,4818,4948,0,0
2015,Ratnagiri,Guhagar,Semimedium (2 to 4 ha),4507,12282,10839,1443,0,3181,7659,1443,0,0
2015,Ratnagiri,Khed,Semimedium (2 to 4 ha),7214,17954,15085,2869,0,3686,11399,2869,0,0
2015,Ratnagiri,Lanja,Semimedium (2 to 4 ha),4858,13655,13451,203,0,11232,2219,203,0,0
2015,Ratnagiri,Mandangad,Semimedium (2 to 4 ha),2698,7540,6678,861,0,2397,4282,861,0,0
2015,Ratnagiri,Rajapur,Semimedium (2 to 4 ha),8451,21122,19212,1910,0,7980,11232,1910,0,0
2015,Ratnagiri,Ratnagiri,Semimedium (2 to 4 ha),5956,14688,13607,1081,0,10660,2946,1081,0,0
2015,Ratnagiri,Sangameshwar,Semimedium (2 to 4 ha),8937,24072,18351,5721,0,10256,8095,5721,0,0
2000,Ratnagiri,Chiplun,Medium (4 to 10 ha),4876,29967,15696,10316,3955,12571,3125,2966,3695,3654
2000,Ratnagiri,Dapoli,Medium (4 to 10 ha),5147,25457,13780,8502,3174,9490,4290,1961,3474,3067
2000,Ratnagiri,Guhagar,Medium (4 to 10 ha),2818,16698,9271,4643,2784,6867,2404,314,1937,2392
2000,Ratnagiri,Khed,Medium (4 to 10 ha),4816,27280,10959,12451,3870,6252,4707,3762,3477,5212
2000,Ratnagiri,Lanja,Medium (4 to 10 ha),3450,20881,8533,7803,4545,6831,1702,5386,888,1528
2000,Ratnagiri,Mandangad,Medium (4 to 10 ha),2132,12717,6992,5413,312,4334,2658,293,4448,673
2000,Ratnagiri,Rajapur,Medium (4 to 10 ha),5518,33115,11346,12712,9057,9628,1718,7969,1150,3593
2000,Ratnagiri,Ratnagiri,Medium (4 to 10 ha),3463,20381,13686,3151,3544,9545,4141,1346,718,1087
2000,Ratnagiri,Sangmeshwar,Medium (4 to 10 ha),5451,32398,15403,11636,5359,12362,3040,2726,4396,4514
2010,Ratnagiri,Chiplun,Medium (4 to 10 ha),3461,20191,10198,7536,2458,8590,1608,1667,2788,3081
2010,Ratnagiri,Dapoli,Medium (4 to 10 ha),2711,15811,15744,41,26,15719,25,0,10,31
2010,Ratnagiri,Guhagar,Medium (4 to 10 ha),1883,11012,10972,40,0,10972,0,35,5,0
2010,Ratnagiri,Khed,Medium (4 to 10 ha),3258,19175,6019,11889,1266,5157,863,5300,5015,1574
2010,Ratnagiri,Lanja,Medium (4 to 10 ha),2663,15992,10495,3481,2017,7678,2816,1762,950,768
2010,Ratnagiri,Mandangad,Medium (4 to 10 ha),1657,9695,4139,5554,1,3992,148,3250,926,1378
2010,Ratnagiri,Rajapur,Medium (4 to 10 ha),4451,26878,16187,8368,2323,11781,4406,2694,4772,903
2010,Ratnagiri,Ratnagiri,Medium (4 to 10 ha),1823,10633,7740,743,2151,6884,855,27,154,562
2010,Ratnagiri,Sangmeshwar(D),Medium (4 to 10 ha),3559,20882,15943,0,4939,15943,0,0,0,0
2015,Ratnagiri,Chiplun,Medium (4 to 10 ha),3530,20875,16840,4035,0,5783,11057,4035,0,0
2015,Ratnagiri,Dapoli,Medium (4 to 10 ha),3188,18720,12413,6306,0,7302,5111,6306,0,0
2015,Ratnagiri,Guhagar,Medium (4 to 10 ha),2524,14870,12618,2252,0,3374,9243,2252,0,0
2015,Ratnagiri,Khed,Medium (4 to 10 ha),3878,22703,18495,4208,0,3808,14686,4208,0,0
2015,Ratnagiri,Lanja,Medium (4 to 10 ha),2740,16769,16411,358,0,11990,4421,358,0,0
2015,Ratnagiri,Mandangad,Medium (4 to 10 ha),1581,9346,8221,1125,0,2929,5292,1125,0,0
2015,Ratnagiri,Rajapur,Medium (4 to 10 ha),4797,29238,26228,3010,0,10844,15384,3010,0,0
2015,Ratnagiri,Ratnagiri,Medium (4 to 10 ha),2518,14587,13164,1423,0,9392,3773,1423,0,0
2015,Ratnagiri,Sangameshwar,Medium (4 to 10 ha),4757,26934,19773,7161,0,8429,11344,7161,0,0
2000,Ratnagiri,Chiplun,Large (>10 ha),983,16623,7655,5410,3558,5286,2369,1843,1541,2026
2000,Ratnagiri,Dapoli,Large (>10 ha),520,8163,4853,2324,987,3535,1318,324,829,1171
2000,Ratnagiri,Guhagar,Large (>10 ha),526,7297,3119,2644,1534,2303,816,70,863,1711
2000,Ratnagiri,Khed,Large (>10 ha),1085,13414,4285,5477,3652,2192,2093,1646,1576,2254
2000,Ratnagiri,Lanja,Large (>10 ha),952,16556,6330,5717,4509,1839,4492,4417,535,765
2000,Ratnagiri,Mandangad,Large (>10 ha),324,4918,2687,2141,90,1380,1307,243,1694,204
2000,Ratnagiri,Rajapur,Large (>10 ha),1825,27322,7913,9085,10324,6825,1088,6289,704,2091
2000,Ratnagiri,Ratnagiri,Large (>10 ha),893,13891,8435,2683,2773,5043,3391,1632,617,434
2000,Ratnagiri,Sangmeshwar,Large (>10 ha),1290,20139,7002,7520,5617,5346,1657,906,2295,4319
2010,Ratnagiri,Chiplun,Large (>10 ha),654,11458,7048,3040,1370,6369,679,624,1245,1170
2010,Ratnagiri,Dapoli,Large (>10 ha),450,6991,6991,0,0,6991,0,0,0,0
2010,Ratnagiri,Guhagar,Large (>10 ha),250,3859,3859,0,0,3859,0,0,0,0
2010,Ratnagiri,Khed,Large (>10 ha),615,10026,3579,5910,538,3143,437,3557,2075,278
2010,Ratnagiri,Lanja,Large (>10 ha),663,11166,7859,1756,1551,4553,3306,683,609,464
2010,Ratnagiri,Mandangad,Large (>10 ha),301,4997,1756,3239,2,1714,42,1763,659,817
2010,Ratnagiri,Rajapur,Large (>10 ha),1028,17545,10252,6209,1084,7024,3228,1085,4491,634
2010,Ratnagiri,Ratnagiri,Large (>10 ha),307,4685,3636,213,836,2969,667,0,29,184
2010,Ratnagiri,Sangmeshwar(D),Large (>10 ha),774,14679,9388,62,5228,9376,11,0,31,31
2015,Ratnagiri,Chiplun,Large (>10 ha),820,15068,12288,2780,0,3306,8982,2780,0,0
2015,Ratnagiri,Dapoli,Large (>10 ha),504,8282,5967,2315,0,2756,3211,2315,0,0
2015,Ratnagiri,Guhagar,Large (>10 ha),337,4637,3454,1183,0,885,2569,1183,0,0
2015,Ratnagiri,Khed,Large (>10 ha),413,7228,6165,1063,0,967,5197,1063,0,0
2015,Ratnagiri,Lanja,Large (>10 ha),587,9631,9560,71,0,5480,4079,71,0,0
2015,Ratnagiri,Mandangad,Large (>10 ha),296,4628,4383,245,0,1367,3016,245,0,0
2015,Ratnagiri,Rajapur,Large (>10 ha),1080,15929,14883,1046,0,5412,9470,1046,0,0
2015,Ratnagiri,Ratnagiri,Large (>10 ha),256,4236,3889,347,0,2786,1103,347,0,0
2015,Ratnagiri,Sangameshwar,Large (>10 ha),644,10496,8458,2037,0,2202,6256,2037,0,0
1995,Sangli,Atpadi,Marginal (Below 1 ha),14458,6117,5837,252,28,5225,612,5,80,167
1995,Sangli,Jath,Marginal (Below 1 ha),17233,8485,7610,782,92,7307,303,78,219,485
1995,Sangli,Kawathe Mahakal,Marginal (Below 1 ha),18501,8158,7451,619,90,7031,420,14,30,575
1995,Sangli,Khanapur (Vita),Marginal (Below 1 ha),37679,16613,16375,101,137,15649,726,8,26,67
1995,Sangli,Miraj,Marginal (Below 1 ha),31954,14345,14054,216,75,13067,987,4,53,159
1995,Sangli,Shirala (M),Marginal (Below 1 ha),32841,11179,9971,1158,49,9665,306,126,78,954
1995,Sangli,Tasgaon,Marginal (Below 1 ha),47905,21405,20924,365,117,19967,957,32,102,231
1995,Sangli,Walwa(Islampur),Marginal (Below 1 ha),63542,24274,22873,1128,271,22308,565,85,96,947
2000,Sangli,Aatpadi,Marginal (Below 1 ha),19134,8757,8587,90,80,7493,1094,4,70,16
2000,Sangli,Jat,Marginal (Below 1 ha),24771,13095,12339,458,298,11530,809,6,275,177
2000,Sangli,Kadegaon,Marginal (Below 1 ha),26277,12835,12433,310,92,11669,764,1,154,155
2000,Sangli,Kawthemahankal,Marginal (Below 1 ha),24813,11182,10324,607,252,9770,554,6,167,434
2000,Sangli,Khanapur,Marginal (Below 1 ha),20634,9612,9491,82,39,9347,144,4,20,58
2000,Sangli,Miraj,Marginal (Below 1 ha),43641,21107,20897,117,92,19264,1633,9,35,73
2000,Sangli,Palus,Marginal (Below 1 ha),20874,9155,8999,51,106,8768,230,1,13,37
2000,Sangli,Shirala,Marginal (Below 1 ha),35490,10016,9706,233,77,9543,163,106,74,53
2000,Sangli,Tasgoan,Marginal (Below 1 ha),33806,15743,15383,230,131,15272,110,38,53,140
2000,Sangli,Walva,Marginal (Below 1 ha),76184,29078,28057,431,591,27370,687,120,58,252
2010,Sangli,Aatpadi,Marginal (Below 1 ha),21487,9171,8126,912,133,7389,737,3,740,169
2010,Sangli,Jat,Marginal (Below 1 ha),26867,14144,13693,54,397,11494,2198,0,23,30
2010,Sangli,Kadegoan,Marginal (Below 1 ha),29856,12673,12147,253,273,11906,240,7,29,218
2010,Sangli,Kavthemahankal,Marginal (Below 1 ha),22767,10817,10754,6,56,10151,604,1,4,1
2010,Sangli,Khanapur(Vita),Marginal (Below 1 ha),29691,12376,12293,30,53,10438,1855,0,0,30
2010,Sangli,Miraj,Marginal (Below 1 ha),45530,20841,20541,168,132,19216,1325,12,43,113
2010,Sangli,Palus,Marginal (Below 1 ha),18930,8042,7855,70,116,7720,135,2,35,34
2010,Sangli,Shirala,Marginal (Below 1 ha),31033,10362,9822,260,280,9562,259,54,70,135
2010,Sangli,Tasgoan,Marginal (Below 1 ha),43778,18381,18335,18,29,17805,530,0,4,14
2010,Sangli,Walwa(Islampur),Marginal (Below 1 ha),60051,22576,22253,112,210,22016,237,7,7,99
2015,Sangli,Atpadi,Marginal (Below 1 ha),22041,9898,9898,0,0,8878,1020,0,0,0
2015,Sangli,Jat,Marginal (Below 1 ha),29482,17339,17116,223,0,14769,2347,223,0,0
2015,Sangli,Kadegaon,Marginal (Below 1 ha),27068,11614,11447,167,0,11153,294,167,0,0
2015,Sangli,Kavathe Mahankal,Marginal (Below 1 ha),23673,10666,10484,182,0,9635,850,182,0,0
2015,Sangli,Khanapur,Marginal (Below 1 ha),30943,13883,13806,77,0,12909,897,77,0,0
2015,Sangli,Miraj,Marginal (Below 1 ha),49013,25349,25298,51,0,23679,1619,51,0,0
2015,Sangli,Palus,Marginal (Below 1 ha),23484,8887,8870,17,0,8268,602,17,0,0
2015,Sangli,Shirala,Marginal (Below 1 ha),31502,10380,10361,19,0,10201,160,19,0,0
2015,Sangli,Tasgaon,Marginal (Below 1 ha),41138,15347,15283,65,0,14629,654,65,0,0
2015,Sangli,Walwa,Marginal (Below 1 ha),56693,20838,20837,1,0,20756,81,1,0,0
1995,Sangli,Atpadi,Small (1 to 2 ha),7230,10161,9333,745,80,8261,1072,21,193,531
1995,Sangli,Jath,Small (1 to 2 ha),15400,22275,19471,2587,216,18336,1135,278,793,1516
1995,Sangli,Kawathe Mahakal,Small (1 to 2 ha),10082,14510,12139,2089,283,11249,890,43,97,1949
1995,Sangli,Khanapur (Vita),Small (1 to 2 ha),18900,26597,26061,347,188,24353,1708,25,42,280
1995,Sangli,Miraj,Small (1 to 2 ha),12302,17265,16689,394,181,15650,1039,18,77,299
1995,Sangli,Shirala (M),Small (1 to 2 ha),6898,9857,7596,2123,137,7149,447,291,171,1661
1995,Sangli,Tasgaon,Small (1 to 2 ha),19015,26377,25389,791,196,23938,1451,52,222,517
1995,Sangli,Walwa(Islampur),Small (1 to 2 ha),15126,21140,19437,1427,276,18921,516,160,143,1124
2000,Sangli,Aatpadi,Small (1 to 2 ha),8796,12559,12189,229,141,9513,2676,13,143,73
2000,Sangli,Jat,Small (1 to 2 ha),21539,29431,27245,1410,776,24674,2571,26,858,526
2000,Sangli,Kadegaon,Small (1 to 2 ha),10668,15368,14833,453,82,13888,946,2,255,196
2000,Sangli,Kawthemahankal,Small (1 to 2 ha),11983,16798,15343,1142,314,14576,767,19,405,717
2000,Sangli,Khanapur,Small (1 to 2 ha),10463,14500,14251,194,54,13773,478,28,55,111
2000,Sangli,Miraj,Small (1 to 2 ha),17794,24312,23909,281,122,21898,2011,19,93,169
2000,Sangli,Palus,Small (1 to 2 ha),6486,8759,8650,36,73,8577,73,0,7,29
2000,Sangli,Shirala,Small (1 to 2 ha),7085,9995,9003,821,171,8643,359,422,320,79
2000,Sangli,Tasgoan,Small (1 to 2 ha),15247,20458,19478,751,229,19272,206,118,120,513
2000,Sangli,Walva,Small (1 to 2 ha),15808,20500,18959,719,821,17625,1335,219,66,435
2010,Sangli,Aatpadi,Small (1 to 2 ha),9004,12940,10457,2301,182,9887,570,20,1974,307
2010,Sangli,Jat,Small (1 to 2 ha),22527,32864,31304,369,1192,26591,4713,14,158,197
2010,Sangli,Kadegoan,Small (1 to 2 ha),10670,15003,14187,290,525,14027,160,8,23,259
2010,Sangli,Kavthemahankal,Small (1 to 2 ha),10541,14983,14759,36,188,13564,1195,0,32,5
2010,Sangli,Khanapur(Vita),Small (1 to 2 ha),11246,15978,15720,138,120,14840,879,3,3,133
2010,Sangli,Miraj,Small (1 to 2 ha),16837,23611,22942,435,234,21770,1173,11,118,306
2010,Sangli,Palus,Small (1 to 2 ha),5322,7418,7327,42,50,7183,144,0,30,12
2010,Sangli,Shirala,Small (1 to 2 ha),5722,7979,6602,755,622,6334,268,98,237,421
2010,Sangli,Tasgoan,Small (1 to 2 ha),12832,17869,17770,54,44,16694,1076,0,11,44
2010,Sangli,Walwa(Islampur),Small (1 to 2 ha),11424,15755,14995,442,318,14811,184,5,31,406
2015,Sangli,Atpadi,Small (1 to 2 ha),9761,11177,11022,155,0,9611,1411,155,0,0
2015,Sangli,Jat,Small (1 to 2 ha),23345,37442,36317,1125,0,31396,4920,1125,0,0
2015,Sangli,Kadegaon,Small (1 to 2 ha),9994,13192,12910,282,0,12448,462,282,0,0
2015,Sangli,Kavathe Mahankal,Small (1 to 2 ha),11174,14278,13732,546,0,12123,1609,546,0,0
2015,Sangli,Khanapur,Small (1 to 2 ha),12824,16188,15979,209,0,14843,1135,209,0,0
2015,Sangli,Miraj,Small (1 to 2 ha),16731,23902,23768,133,0,22619,1150,133,0,0
2015,Sangli,Palus,Small (1 to 2 ha),5500,7906,7890,15,0,7327,563,15,0,0
2015,Sangli,Shirala,Small (1 to 2 ha),6633,8066,7910,157,0,7732,178,157,0,0
2015,Sangli,Tasgaon,Small (1 to 2 ha),12867,13929,13703,226,0,12650,1053,226,0,0
2015,Sangli,Walwa,Small (1 to 2 ha),12565,14258,14236,22,0,14135,101,22,0,0
1995,Sangli,Atpadi,Semimedium (2 to 4 ha),6027,16661,14671,1805,185,12981,1690,82,503,1220
1995,Sangli,Jath,Semimedium (2 to 4 ha),16696,46433,39812,6146,474,37415,2397,715,1782,3649
1995,Sangli,Kawathe Mahakal,Semimedium (2 to 4 ha),6889,18829,14959,3502,366,13806,1153,122,229,3151
1995,Sangli,Khanapur (Vita),Semimedium (2 to 4 ha),12224,33710,32854,662,192,29425,3429,5,144,513
1995,Sangli,Miraj,Semimedium (2 to 4 ha),6763,17952,16985,617,350,15402,1583,37,61,519
1995,Sangli,Shirala (M),Semimedium (2 to 4 ha),3808,10610,7350,2858,403,6939,411,344,329,2185
1995,Sangli,Tasgaon,Semimedium (2 to 4 ha),9763,26412,24836,1329,246,22893,1943,65,340,924
1995,Sangli,Walwa(Islampur),Semimedium (2 to 4 ha),5646,15078,13570,1054,452,13293,277,205,107,742
2000,Sangli,Aatpadi,Semimedium (2 to 4 ha),7449,19810,19264,396,150,14190,5074,24,259,113
2000,Sangli,Jat,Semimedium (2 to 4 ha),20620,58217,53246,3160,1811,47943,5303,33,2069,1058
2000,Sangli,Kadegaon,Semimedium (2 to 4 ha),6047,15522,14980,459,82,14055,925,1,283,175
2000,Sangli,Kawthemahankal,Semimedium (2 to 4 ha),7372,19694,17737,1393,564,16746,991,47,531,815
2000,Sangli,Khanapur,Semimedium (2 to 4 ha),7593,19815,19200,486,129,18072,1128,34,354,97
2000,Sangli,Miraj,Semimedium (2 to 4 ha),8462,22076,21481,425,169,19464,2017,9,178,238
2000,Sangli,Palus,Semimedium (2 to 4 ha),1984,5158,5017,41,100,4921,96,0,23,18
2000,Sangli,Shirala,Semimedium (2 to 4 ha),3719,9944,8956,883,106,8581,375,358,394,131
2000,Sangli,Tasgoan,Semimedium (2 to 4 ha),8065,21414,19920,1261,233,19522,397,156,154,951
2000,Sangli,Walva,Semimedium (2 to 4 ha),5009,12921,11033,1002,886,9975,1058,300,171,532
2010,Sangli,Aatpadi,Semimedium (2 to 4 ha),6681,18593,14092,4196,305,13044,1048,36,3549,611
2010,Sangli,Jat,Semimedium (2 to 4 ha),20381,56441,53513,790,2138,45443,8070,37,439,313
2010,Sangli,Kadegoan,Semimedium (2 to 4 ha),4521,11946,11053,262,631,10946,107,11,54,197
2010,Sangli,Kavthemahankal,Semimedium (2 to 4 ha),6186,16722,16382,60,280,14506,1876,4,41,15
2010,Sangli,Khanapur(Vita),Semimedium (2 to 4 ha),6383,17283,16698,258,327,15503,1195,6,44,208
2010,Sangli,Miraj,Semimedium (2 to 4 ha),7776,20679,19673,759,248,18468,1204,0,343,416
2010,Sangli,Palus,Semimedium (2 to 4 ha),1937,5085,5046,10,28,4959,88,0,0,10
2010,Sangli,Shirala,Semimedium (2 to 4 ha),2686,7292,5597,938,757,5327,270,153,190,595
2010,Sangli,Tasgoan,Semimedium (2 to 4 ha),6007,16134,15867,209,57,13945,1922,0,78,131
2010,Sangli,Walwa(Islampur),Semimedium (2 to 4 ha),3466,9086,8428,400,258,8269,159,3,11,386
2015,Sangli,Atpadi,Semimedium (2 to 4 ha),7466,20333,20006,327,0,15981,4025,327,0,0
2015,Sangli,Jat,Semimedium (2 to 4 ha),20401,55996,53687,2309,0,45453,8234,2309,0,0
2015,Sangli,Kadegaon,Semimedium (2 to 4 ha),4463,12457,12116,340,0,11360,756,340,0,0
2015,Sangli,Kavathe Mahankal,Semimedium (2 to 4 ha),6216,16748,16040,708,0,13950,2090,708,0,0
2015,Sangli,Khanapur,Semimedium (2 to 4 ha),6601,19157,18874,282,0,17284,1590,282,0,0
2015,Sangli,Miraj,Semimedium (2 to 4 ha),6800,19687,19514,172,0,18427,1087,172,0,0
2015,Sangli,Palus,Semimedium (2 to 4 ha),1666,3991,3975,16,0,3827,149,16,0,0
2015,Sangli,Shirala,Semimedium (2 to 4 ha),2975,7715,7399,317,0,6990,409,317,0,0
2015,Sangli,Tasgaon,Semimedium (2 to 4 ha),6365,16936,16446,490,0,14516,1930,490,0,0
2015,Sangli,Walwa,Semimedium (2 to 4 ha),4917,12718,12672,46,0,12562,109,46,0,0
1995,Sangli,Atpadi,Medium (4 to 10 ha),3828,22830,19326,3238,262,16462,2864,71,795,2372
1995,Sangli,Jath,Medium (4 to 10 ha),11584,69132,56048,12214,871,51500,4548,1311,3163,7740
1995,Sangli,Kawathe Mahakal,Medium (4 to 10 ha),2453,13818,9810,3687,319,8546,1264,52,330,3305
1995,Sangli,Khanapur (Vita),Medium (4 to 10 ha),3856,21405,19723,1458,223,16185,3538,42,546,870
1995,Sangli,Miraj,Medium (4 to 10 ha),1380,7601,6359,764,480,4980,1379,20,56,688
1995,Sangli,Shirala (M),Medium (4 to 10 ha),1326,7515,4871,2327,317,4083,788,266,162,1899
1995,Sangli,Tasgaon,Medium (4 to 10 ha),2489,13713,12382,1078,254,10663,1719,35,401,642
1995,Sangli,Walwa(Islampur),Medium (4 to 10 ha),995,5321,4529,449,345,3302,1227,43,21,385
2000,Sangli,Aatpadi,Medium (4 to 10 ha),3890,23158,22374,616,169,13695,8679,23,437,155
2000,Sangli,Jat,Medium (4 to 10 ha),11855,70539,63880,4438,2220,52857,11023,74,2586,1778
2000,Sangli,Kadegaon,Medium (4 to 10 ha),665,3410,3307,85,18,2930,377,1,50,34
2000,Sangli,Kawthemahankal,Medium (4 to 10 ha),1990,10989,9510,1126,353,8703,807,35,538,553
2000,Sangli,Khanapur,Medium (4 to 10 ha),2375,12873,12335,265,273,10961,1374,0,154,111
2000,Sangli,Miraj,Medium (4 to 10 ha),1205,6470,6222,184,64,5201,1021,0,77,106
2000,Sangli,Palus,Medium (4 to 10 ha),162,856,819,24,13,811,9,0,23,1
2000,Sangli,Shirala,Medium (4 to 10 ha),938,5222,4507,598,117,4180,327,271,251,76
2000,Sangli,Tasgoan,Medium (4 to 10 ha),1761,9008,7872,988,148,7408,464,143,146,699
2000,Sangli,Walva,Medium (4 to 10 ha),674,3426,2608,434,384,2262,346,77,37,320
2010,Sangli,Aatpadi,Medium (4 to 10 ha),3325,19436,13441,5544,451,11801,1639,1,4410,1133
2010,Sangli,Jat,Medium (4 to 10 ha),10930,64063,59517,1454,3092,49213,10304,94,772,588
2010,Sangli,Kadegoan,Medium (4 to 10 ha),751,4133,3777,74,282,3599,178,4,26,44
2010,Sangli,Kavthemahankal,Medium (4 to 10 ha),1904,10714,10416,51,247,8063,2354,0,51,0
2010,Sangli,Khanapur(Vita),Medium (4 to 10 ha),1595,8788,8087,182,519,7595,492,29,40,112
2010,Sangli,Miraj,Medium (4 to 10 ha),1438,7806,6888,529,390,5946,942,30,87,412
2010,Sangli,Palus,Medium (4 to 10 ha),263,1406,1400,0,6,1333,67,0,0,0
2010,Sangli,Shirala,Medium (4 to 10 ha),819,4695,2808,1228,659,2630,178,375,213,640
2010,Sangli,Tasgoan,Medium (4 to 10 ha),1469,8187,7927,197,64,6068,1859,0,90,107
2010,Sangli,Walwa(Islampur),Medium (4 to 10 ha),743,4143,3544,420,180,3307,237,4,27,389
2015,Sangli,Atpadi,Medium (4 to 10 ha),3642,21046,20568,478,0,15035,5533,478,0,0
2015,Sangli,Jat,Medium (4 to 10 ha),10707,61868,59127,2741,0,48936,10191,2741,0,0
2015,Sangli,Kadegaon,Medium (4 to 10 ha),869,4925,4675,250,0,3953,721,250,0,0
2015,Sangli,Kavathe Mahankal,Medium (4 to 10 ha),2024,11720,11104,616,0,9062,2042,616,0,0
2015,Sangli,Khanapur,Medium (4 to 10 ha),1956,10847,10720,127,0,8940,1780,127,0,0
2015,Sangli,Miraj,Medium (4 to 10 ha),1040,5843,5658,185,0,4793,865,185,0,0
2015,Sangli,Palus,Medium (4 to 10 ha),246,1309,1296,13,0,1260,36,13,0,0
2015,Sangli,Shirala,Medium (4 to 10 ha),896,5131,4951,181,0,4181,770,181,0,0
2015,Sangli,Tasgaon,Medium (4 to 10 ha),2248,13021,12296,726,0,10019,2276,726,0,0
2015,Sangli,Walwa,Medium (4 to 10 ha),1285,7210,7206,4,0,7093,113,4,0,0
1995,Sangli,Atpadi,Large (>10 ha),735,11178,8719,2410,49,5169,3550,21,994,1395
1995,Sangli,Jath,Large (>10 ha),2452,36889,26687,9802,400,23365,3322,974,2947,5881
1995,Sangli,Kawathe Mahakal,Large (>10 ha),208,4124,2955,869,301,2631,324,10,67,792
1995,Sangli,Khanapur (Vita),Large (>10 ha),270,3477,3101,344,31,2448,653,0,74,270
1995,Sangli,Miraj,Large (>10 ha),74,2042,1532,445,65,1161,371,0,0,445
1995,Sangli,Shirala (M),Large (>10 ha),141,2106,1001,971,134,404,597,76,37,858
1995,Sangli,Tasgaon,Large (>10 ha),164,3415,2528,594,293,2202,326,0,458,136
1995,Sangli,Walwa(Islampur),Large (>10 ha),64,1131,1056,61,15,519,537,7,1,53
2000,Sangli,Aatpadi,Large (>10 ha),555,7966,7062,761,143,3266,3796,15,430,317
2000,Sangli,Jat,Large (>10 ha),1749,24764,20484,3187,1093,15130,5354,38,2038,1111
2000,Sangli,Kadegaon,Large (>10 ha),28,423,420,3,0,408,12,0,0,3
2000,Sangli,Kawthemahankal,Large (>10 ha),136,2369,2015,234,119,1978,37,18,75,141
2000,Sangli,Khanapur,Large (>10 ha),172,2259,2141,22,96,1721,421,0,0,22
2000,Sangli,Miraj,Large (>10 ha),59,1135,1123,0,12,990,132,0,0,0
2000,Sangli,Palus,Large (>10 ha),5,85,85,0,0,85,0,0,0,0
2000,Sangli,Shirala,Large (>10 ha),84,1452,809,620,23,731,78,530,34,55
2000,Sangli,Tasgoan,Large (>10 ha),115,1546,1453,76,17,1391,63,22,28,26
2000,Sangli,Walva,Large (>10 ha),31,556,415,105,36,356,59,30,0,76
2010,Sangli,Aatpadi,Large (>10 ha),465,6734,4560,1943,230,4028,533,0,1530,413
2010,Sangli,Jat,Large (>10 ha),1711,24876,23376,340,1160,17462,5914,0,237,103
2010,Sangli,Kadegoan,Large (>10 ha),82,1561,1293,0,268,299,994,0,0,0
2010,Sangli,Kavthemahankal,Large (>10 ha),248,5683,5261,49,373,3906,1355,49,0,0
2010,Sangli,Khanapur(Vita),Large (>10 ha),101,1628,1488,0,140,1350,137,0,0,0
2010,Sangli,Miraj,Large (>10 ha),148,4154,3491,634,29,2970,521,0,200,435
2010,Sangli,Palus,Large (>10 ha),50,1091,1091,0,0,1091,0,0,0,0
2010,Sangli,Shirala,Large (>10 ha),142,2917,1162,1058,697,630,532,279,51,728
2010,Sangli,Tasgoan,Large (>10 ha),146,2676,2676,0,0,2558,117,0,0,0
2010,Sangli,Walwa(Islampur),Large (>10 ha),165,8119,7593,447,79,7200,393,10,123,313
2015,Sangli,Atpadi,Large (>10 ha),369,5476,5459,17,0,3458,2000,17,0,0
2015,Sangli,Jat,Large (>10 ha),1143,16957,16061,895,0,11874,4188,895,0,0
2015,Sangli,Kadegaon,Large (>10 ha),96,1922,1879,43,0,940,939,43,0,0
2015,Sangli,Kavathe Mahankal,Large (>10 ha),295,6122,5579,543,0,3053,2526,543,0,0
2015,Sangli,Khanapur,Large (>10 ha),160,2388,2384,4,0,1278,1105,4,0,0
2015,Sangli,Miraj,Large (>10 ha),123,2544,2533,11,0,2108,425,11,0,0
2015,Sangli,Palus,Large (>10 ha),41,941,941,0,0,941,0,0,0,0
2015,Sangli,Shirala,Large (>10 ha),202,3110,3055,55,0,2573,482,55,0,0
2015,Sangli,Tasgaon,Large (>10 ha),464,6816,6673,143,0,4072,2601,143,0,0
2015,Sangli,Walwa,Large (>10 ha),221,4666,4666,0,0,4375,291,0,0,0
1995,Satara,Jaoli (Medha),Marginal (Below 1 ha),27344,10147,9806,44,295,9787,19,34,7,3
1995,Satara,Karad,Marginal (Below 1 ha),85726,31227,30576,18,633,30096,480,4,5,9
1995,Satara,Khandala (M),Marginal (Below 1 ha),20523,10967,10659,166,141,10358,301,52,99,15
1995,Satara,Khatav (Vaduj),Marginal (Below 1 ha),45431,22231,21007,258,967,20491,516,212,41,5
1995,Satara,Koregaon,Marginal (Below 1 ha),40922,18454,18115,35,305,18051,64,15,7,13
1995,Satara,Mahabaleshwar,Marginal (Below 1 ha),5393,1932,1709,170,53,1660,49,27,112,31
1995,Satara,Man (Dahiwadi),Marginal (Below 1 ha),32457,15967,14786,11,1171,14765,21,5,2,4
1995,Satara,Patan,Marginal (Below 1 ha),55874,19502,18623,530,350,17979,644,14,408,108
1995,Satara,Phaltan,Marginal (Below 1 ha),38234,18601,18363,174,63,17204,1159,31,101,42
1995,Satara,Satara,Marginal (Below 1 ha),63279,25936,25233,106,596,24575,658,62,12,32
1995,Satara,Wai,Marginal (Below 1 ha),36013,14635,14241,208,183,14012,229,84,66,58
2000,Satara,Jawali,Marginal (Below 1 ha),23306,11982,11788,76,118,11631,157,11,44,21
2000,Satara,Karad,Marginal (Below 1 ha),101301,35367,34684,163,520,34173,510,21,40,102
2000,Satara,Karegoan,Marginal (Below 1 ha),54404,24424,23481,542,401,22956,526,169,177,196
2000,Satara,Khandala,Marginal (Below 1 ha),25254,12567,12466,6,95,12289,177,0,3,3
2000,Satara,Khataw,Marginal (Below 1 ha),52040,27829,27007,670,152,25781,1226,63,354,253
2000,Satara,Maan0,Marginal (Below 1 ha),41854,21331,20276,99,956,19467,809,2,91,6
2000,Satara,Mahabaleshwar,Marginal (Below 1 ha),5571,2541,2391,71,79,2284,107,3,48,21
2000,Satara,Patan,Marginal (Below 1 ha),64704,21854,20811,627,416,19269,1542,192,257,178
2000,Satara,Phultan,Marginal (Below 1 ha),48598,20882,20154,246,482,19551,602,7,105,133
2000,Satara,Satara,Marginal (Below 1 ha),72052,28383,27371,423,590,26583,788,101,205,117
2000,Satara,Vaj,Marginal (Below 1 ha),40175,17569,17216,251,102,17002,213,80,157,14
2010,Satara,Jawali(Medha),Marginal (Below 1 ha),34793,11626,11403,16,207,11282,121,0,2,13
2010,Satara,Karad,Marginal (Below 1 ha),111385,37071,37065,0,6,36914,151,0,0,0
2010,Satara,Khandala,Marginal (Below 1 ha),22574,9501,9459,8,34,9201,258,5,0,3
2010,Satara,Khatav(Vaduj),Marginal (Below 1 ha),88853,34747,34556,35,156,33248,1308,19,7,8
2010,Satara,Koregoan,Marginal (Below 1 ha),71375,27844,27775,56,14,27675,99,0,3,53
2010,Satara,Maan(Dahiwadi),Marginal (Below 1 ha),78925,30034,29791,231,11,28325,1466,0,80,151
2010,Satara,Mahabaleshwar,Marginal (Below 1 ha),17763,4732,4659,39,34,4221,438,9,26,4
2010,Satara,Patan,Marginal (Below 1 ha),75927,24526,23629,124,773,22905,724,0,83,41
2010,Satara,Phaltan,Marginal (Below 1 ha),51861,19181,19048,67,66,18948,99,0,54,12
2010,Satara,Satara,Marginal (Below 1 ha),80517,26878,26536,148,193,25774,762,5,67,77
2010,Satara,Wai,Marginal (Below 1 ha),40371,15558,15454,31,72,15313,141,21,11,0
2015,Satara,Jaoli,Marginal (Below 1 ha),33617,10148,9975,173,0,9910,64,173,0,0
2015,Satara,Karad,Marginal (Below 1 ha),107372,31907,31898,9,0,31588,310,9,0,0
2015,Satara,Khandala,Marginal (Below 1 ha),23910,8885,8875,10,0,8507,368,10,0,0
2015,Satara,Khatav,Marginal (Below 1 ha),89827,36000,35949,51,0,35020,928,51,0,0
2015,Satara,Koregaon,Marginal (Below 1 ha),75029,23378,23317,61,0,23221,96,61,0,0
2015,Satara,Mahabaleshwar,Marginal (Below 1 ha),14767,3961,3959,2,0,3358,601,2,0,0
2015,Satara,Man,Marginal (Below 1 ha),79729,25343,25172,171,0,23974,1199,171,0,0
2015,Satara,Patan,Marginal (Below 1 ha),73358,20494,19927,567,0,19269,658,567,0,0
2015,Satara,Phaltan,Marginal (Below 1 ha),57876,15731,15624,107,0,15532,93,107,0,0
2015,Satara,Satara,Marginal (Below 1 ha),85729,24580,24269,311,0,23263,1005,311,0,0
2015,Satara,Wai,Marginal (Below 1 ha),39456,15705,15597,108,0,15449,148,108,0,0
1995,Satara,Jaoli (Medha),Small (1 to 2 ha),7380,10483,9947,87,446,9930,17,61,14,12
1995,Satara,Karad,Small (1 to 2 ha),18106,25505,24623,9,872,24046,577,0,5,4
1995,Satara,Khandala (M),Small (1 to 2 ha),7615,11922,11190,588,143,10721,469,239,267,82
1995,Satara,Khatav (Vaduj),Small (1 to 2 ha),22464,33830,31796,518,1517,30540,1256,436,77,5
1995,Satara,Koregaon,Small (1 to 2 ha),16249,23090,22569,52,467,22489,80,7,17,28
1995,Satara,Mahabaleshwar,Small (1 to 2 ha),1452,2063,1689,319,56,1657,32,45,206,68
1995,Satara,Man (Dahiwadi),Small (1 to 2 ha),16139,25026,22816,26,2185,22764,52,8,5,13
1995,Satara,Patan,Small (1 to 2 ha),13879,20100,18408,1055,636,17506,902,68,725,262
1995,Satara,Phaltan,Small (1 to 2 ha),19444,29307,28776,392,139,26683,2093,84,232,76
1995,Satara,Satara,Small (1 to 2 ha),16124,22921,21825,421,676,21184,641,235,24,162
1995,Satara,Wai,Small (1 to 2 ha),9660,14133,13376,342,415,13103,273,158,57,127
2000,Satara,Jawali,Small (1 to 2 ha),7521,10895,10501,275,119,10253,247,4,35,237
2000,Satara,Karad,Small (1 to 2 ha),18840,25985,25187,366,432,24922,265,81,67,218
2000,Satara,Karegoan,Small (1 to 2 ha),18759,21145,19959,796,390,19509,450,401,214,180
2000,Satara,Khandala,Small (1 to 2 ha),7585,11802,11665,23,114,11551,114,0,17,6
2000,Satara,Khataw,Small (1 to 2 ha),19860,22145,21223,752,170,20308,915,105,308,340
2000,Satara,Maan0,Small (1 to 2 ha),19231,29282,27832,135,1315,26747,1084,6,115,14
2000,Satara,Mahabaleshwar,Small (1 to 2 ha),1668,2121,1898,139,84,1819,80,16,73,49
2000,Satara,Patan,Small (1 to 2 ha),14743,20233,17706,1955,572,13988,3718,417,897,641
2000,Satara,Phultan,Small (1 to 2 ha),20665,27257,25825,281,1150,25005,821,8,94,178
2000,Satara,Satara,Small (1 to 2 ha),15612,22202,21205,456,542,20616,589,116,184,156
2000,Satara,Vaj,Small (1 to 2 ha),8788,12445,12022,326,98,11829,193,124,178,23
2010,Satara,Jawali(Medha),Small (1 to 2 ha),4826,6538,6319,3,216,6173,146,0,3,0
2010,Satara,Karad,Small (1 to 2 ha),15181,20443,20427,1,15,20156,270,0,1,0
2010,Satara,Khandala,Small (1 to 2 ha),6921,9646,9475,9,162,8878,597,4,4,1
2010,Satara,Khatav(Vaduj),Small (1 to 2 ha),23128,32258,31907,47,304,29739,2169,5,16,27
2010,Satara,Koregoan,Small (1 to 2 ha),15002,20583,20505,54,25,20334,171,0,23,31
2010,Satara,Maan(Dahiwadi),Small (1 to 2 ha),20473,28713,28365,340,8,26322,2044,0,291,48
2010,Satara,Mahabaleshwar,Small (1 to 2 ha),3032,4300,4188,65,46,3132,1056,39,18,7
2010,Satara,Patan,Small (1 to 2 ha),12013,16607,15200,183,1223,13916,1284,75,73,36
2010,Satara,Phaltan,Small (1 to 2 ha),9432,12886,12809,38,39,12669,140,1,24,13
2010,Satara,Satara,Small (1 to 2 ha),9774,13065,12645,217,203,11959,686,5,150,62
2010,Satara,Wai,Small (1 to 2 ha),7792,10598,10076,94,429,9874,202,65,22,6
2015,Satara,Jaoli,Small (1 to 2 ha),6714,7074,6835,239,0,6754,82,239,0,0
2015,Satara,Karad,Small (1 to 2 ha),19712,24426,24360,66,0,23779,582,66,0,0
2015,Satara,Khandala,Small (1 to 2 ha),7455,8817,8721,96,0,8054,667,96,0,0
2015,Satara,Khatav,Small (1 to 2 ha),24447,28439,28177,262,0,27030,1147,262,0,0
2015,Satara,Koregaon,Small (1 to 2 ha),14552,17704,17585,119,0,17417,169,119,0,0
2015,Satara,Mahabaleshwar,Small (1 to 2 ha),4797,5098,5060,38,0,3772,1288,38,0,0
2015,Satara,Man,Small (1 to 2 ha),21240,26195,25744,451,0,24070,1674,451,0,0
2015,Satara,Patan,Small (1 to 2 ha),12475,17767,16512,1255,0,14925,1587,1255,0,0
2015,Satara,Phaltan,Small (1 to 2 ha),10403,12531,12417,114,0,12274,143,114,0,0
2015,Satara,Satara,Small (1 to 2 ha),11661,14395,13859,536,0,12465,1394,536,0,0
2015,Satara,Wai,Small (1 to 2 ha),8018,9980,9421,559,0,9242,179,559,0,0
1995,Satara,Jaoli (Medha),Semimedium (2 to 4 ha),3825,10776,9950,253,574,9930,20,165,55,33
1995,Satara,Karad,Semimedium (2 to 4 ha),5925,16036,15239,8,788,14916,323,5,3,0
1995,Satara,Khandala (M),Semimedium (2 to 4 ha),3867,10654,9930,541,184,9294,636,193,259,89
1995,Satara,Khatav (Vaduj),Semimedium (2 to 4 ha),13523,37709,35441,598,1670,33538,1903,438,149,11
1995,Satara,Koregaon,Semimedium (2 to 4 ha),6308,16816,16234,106,474,15936,298,24,45,37
1995,Satara,Mahabaleshwar,Semimedium (2 to 4 ha),703,1911,1469,357,85,1346,123,45,233,79
1995,Satara,Man (Dahiwadi),Semimedium (2 to 4 ha),14114,39262,34810,70,4380,34674,136,27,19,24
1995,Satara,Patan,Semimedium (2 to 4 ha),7591,21033,18156,1980,897,17003,1153,95,1351,534
1995,Satara,Phaltan,Semimedium (2 to 4 ha),8745,23880,23312,458,107,21178,2134,111,213,134
1995,Satara,Satara,Semimedium (2 to 4 ha),4664,12354,11745,300,308,11371,374,184,13,103
1995,Satara,Wai,Semimedium (2 to 4 ha),2644,7101,6673,221,207,6417,256,109,22,90
2000,Satara,Jawali,Semimedium (2 to 4 ha),3914,10813,10467,289,57,9963,504,18,69,203
2000,Satara,Karad,Semimedium (2 to 4 ha),5238,13892,13162,382,349,12971,191,74,69,238
2000,Satara,Karegoan,Semimedium (2 to 4 ha),6180,16303,15071,843,389,14597,474,519,137,187
2000,Satara,Khandala,Semimedium (2 to 4 ha),4199,11483,11339,32,112,11220,119,25,6,1
2000,Satara,Khataw,Semimedium (2 to 4 ha),16988,42853,40122,2020,711,37580,2542,246,580,1194
2000,Satara,Maan0,Semimedium (2 to 4 ha),14913,41308,39380,381,1547,37557,1822,7,362,12
2000,Satara,Mahabaleshwar,Semimedium (2 to 4 ha),766,2171,1902,212,57,1741,161,10,93,109
2000,Satara,Patan,Semimedium (2 to 4 ha),7779,20978,16913,2921,1144,12167,4746,716,1254,951
2000,Satara,Phultan,Semimedium (2 to 4 ha),8960,23853,20888,303,2662,19701,1187,56,154,93
2000,Satara,Satara,Semimedium (2 to 4 ha),4037,10654,9820,541,293,9488,332,37,201,303
2000,Satara,Vaj,Semimedium (2 to 4 ha),2523,6728,6407,195,126,6261,146,71,106,18
2010,Satara,Jawali(Medha),Semimedium (2 to 4 ha),1844,4939,4501,11,427,4367,134,0,11,0
2010,Satara,Karad,Semimedium (2 to 4 ha),3754,9783,9773,0,10,9497,276,0,0,0
2010,Satara,Khandala,Semimedium (2 to 4 ha),2537,6774,6651,14,110,5867,784,8,5,1
2010,Satara,Khatav(Vaduj),Semimedium (2 to 4 ha),9185,24425,24110,63,251,22117,1993,9,4,50
2010,Satara,Koregoan,Semimedium (2 to 4 ha),4275,11175,11056,84,35,10855,201,0,53,31
2010,Satara,Maan(Dahiwadi),Semimedium (2 to 4 ha),9194,24693,24396,267,30,22402,1994,0,99,168
2010,Satara,Mahabaleshwar,Semimedium (2 to 4 ha),1697,4688,4549,57,82,3089,1459,30,18,10
2010,Satara,Patan,Semimedium (2 to 4 ha),5265,14262,12464,344,1454,10436,2028,72,191,81
2010,Satara,Phaltan,Semimedium (2 to 4 ha),3056,8136,8045,63,28,7910,135,0,41,22
2010,Satara,Satara,Semimedium (2 to 4 ha),2801,7491,7024,306,161,6202,823,0,200,106
2010,Satara,Wai,Semimedium (2 to 4 ha),2107,5559,5206,53,300,5061,145,28,26,0
2015,Satara,Jaoli,Semimedium (2 to 4 ha),3702,8804,7987,817,0,7803,185,817,0,0
2015,Satara,Karad,Semimedium (2 to 4 ha),6991,16741,16636,105,0,16055,581,105,0,0
2015,Satara,Khandala,Semimedium (2 to 4 ha),3062,7865,7791,74,0,6472,1318,74,0,0
2015,Satara,Khatav,Semimedium (2 to 4 ha),8080,22846,22273,573,0,20734,1539,573,0,0
2015,Satara,Koregaon,Semimedium (2 to 4 ha),8009,20259,19893,366,0,19441,452,366,0,0
2015,Satara,Mahabaleshwar,Semimedium (2 to 4 ha),2586,6462,6387,74,0,4066,2321,74,0,0
2015,Satara,Man,Semimedium (2 to 4 ha),10326,27153,26786,368,0,24853,1933,368,0,0
2015,Satara,Patan,Semimedium (2 to 4 ha),7381,19039,16898,2141,0,13347,3551,2141,0,0
2015,Satara,Phaltan,Semimedium (2 to 4 ha),3968,9774,9602,172,0,9454,148,172,0,0
2015,Satara,Satara,Semimedium (2 to 4 ha),4756,12172,11242,930,0,9125,2117,930,0,0
2015,Satara,Wai,Semimedium (2 to 4 ha),1789,4703,4314,389,0,4216,99,389,0,0
1995,Satara,Jaoli (Medha),Medium (4 to 10 ha),1453,8457,7268,720,469,7255,13,270,434,16
1995,Satara,Karad,Medium (4 to 10 ha),1283,7006,6698,2,307,6477,221,2,0,0
1995,Satara,Khandala (M),Medium (4 to 10 ha),904,4798,4448,236,114,3636,812,101,108,27
1995,Satara,Khatav (Vaduj),Medium (4 to 10 ha),3438,19182,17648,415,1120,15972,1676,282,118,15
1995,Satara,Koregaon,Medium (4 to 10 ha),1448,8035,7441,267,325,7214,227,23,111,133
1995,Satara,Mahabaleshwar,Medium (4 to 10 ha),253,1435,1153,213,70,898,255,18,124,71
1995,Satara,Man (Dahiwadi),Medium (4 to 10 ha),5657,32874,28775,36,4062,28603,172,16,2,18
1995,Satara,Patan,Medium (4 to 10 ha),3432,20193,15277,3829,1086,13113,2164,139,2726,964
1995,Satara,Phaltan,Medium (4 to 10 ha),2666,14687,14024,605,60,11999,2025,191,226,188
1995,Satara,Satara,Medium (4 to 10 ha),1200,6740,6377,93,270,5883,494,48,10,35
1995,Satara,Wai,Medium (4 to 10 ha),701,4024,3584,306,132,3023,561,129,48,129
2000,Satara,Jawali,Medium (4 to 10 ha),1292,7052,6481,497,74,5631,850,72,111,315
2000,Satara,Karad,Medium (4 to 10 ha),1006,5383,4967,234,181,4877,90,23,67,144
2000,Satara,Karegoan,Medium (4 to 10 ha),994,5210,4477,574,159,4306,172,206,236,131
2000,Satara,Khandala,Medium (4 to 10 ha),671,3591,3473,18,100,3355,118,0,18,0
2000,Satara,Khataw,Medium (4 to 10 ha),3954,18093,16748,827,517,14741,2007,193,259,376
2000,Satara,Maan0,Medium (4 to 10 ha),4919,27590,25680,510,1400,24187,1492,18,478,15
2000,Satara,Mahabaleshwar,Medium (4 to 10 ha),234,1083,951,91,41,940,11,34,39,18
2000,Satara,Patan,Medium (4 to 10 ha),3189,18047,13311,3463,1273,8099,5211,1062,1184,1218
2000,Satara,Phultan,Medium (4 to 10 ha),2148,11812,9106,374,2333,8405,701,55,152,166
2000,Satara,Satara,Medium (4 to 10 ha),861,4610,3755,603,253,3463,292,74,123,407
2000,Satara,Vaj,Medium (4 to 10 ha),642,3504,3180,297,27,3150,30,66,124,107
2010,Satara,Jawali(Medha),Medium (4 to 10 ha),577,3344,2872,38,434,2659,214,0,38,0
2010,Satara,Karad,Medium (4 to 10 ha),696,3953,3950,1,2,3622,328,0,1,0
2010,Satara,Khandala,Medium (4 to 10 ha),529,2849,2712,8,129,2329,383,0,0,8
2010,Satara,Khatav(Vaduj),Medium (4 to 10 ha),2019,11048,10862,120,66,9541,1321,0,82,38
2010,Satara,Koregoan,Medium (4 to 10 ha),741,4177,4092,35,50,3936,156,0,27,8
2010,Satara,Maan(Dahiwadi),Medium (4 to 10 ha),2688,15195,14881,313,0,13847,1034,0,212,101
2010,Satara,Mahabaleshwar,Medium (4 to 10 ha),623,3543,3469,12,62,2200,1269,2,3,8
2010,Satara,Patan,Medium (4 to 10 ha),1985,11412,9087,334,1991,6908,2179,177,34,123
2010,Satara,Phaltan,Medium (4 to 10 ha),854,5083,5028,15,40,4902,126,0,14,1
2010,Satara,Satara,Medium (4 to 10 ha),1629,9470,8713,437,320,8157,556,0,105,332
2010,Satara,Wai,Medium (4 to 10 ha),529,2988,2643,47,298,2543,100,47,0,0
2015,Satara,Jaoli,Medium (4 to 10 ha),895,4885,4148,738,0,3798,349,738,0,0
2015,Satara,Karad,Medium (4 to 10 ha),1106,6235,6207,29,0,5296,911,29,0,0
2015,Satara,Khandala,Medium (4 to 10 ha),771,4418,4408,11,0,2988,1419,11,0,0
2015,Satara,Khatav,Medium (4 to 10 ha),2413,13575,13204,371,0,11497,1707,371,0,0
2015,Satara,Koregaon,Medium (4 to 10 ha),1830,10079,9925,155,0,9615,310,155,0,0
2015,Satara,Mahabaleshwar,Medium (4 to 10 ha),1099,6713,6552,161,0,2847,3706,161,0,0
2015,Satara,Man,Medium (4 to 10 ha),2967,17576,17335,241,0,16567,768,241,0,0
2015,Satara,Patan,Medium (4 to 10 ha),2720,15734,13422,2312,0,9352,4070,2312,0,0
2015,Satara,Phaltan,Medium (4 to 10 ha),1481,7844,7741,104,0,7594,147,104,0,0
2015,Satara,Satara,Medium (4 to 10 ha),2178,12461,11010,1451,0,9280,1730,1451,0,0
2015,Satara,Wai,Medium (4 to 10 ha),532,3182,2747,435,0,2645,102,435,0,0
1995,Satara,Jaoli (Medha),Large (>10 ha),244,7620,5589,557,1472,5556,33,3,543,11
1995,Satara,Karad,Large (>10 ha),87,1436,1228,0,207,700,528,0,0,0
1995,Satara,Khandala (M),Large (>10 ha),48,801,766,21,15,638,128,13,8,0
1995,Satara,Khatav (Vaduj),Large (>10 ha),156,2404,2293,54,58,1595,698,19,30,5
1995,Satara,Koregaon,Large (>10 ha),120,3420,3210,167,43,1383,1827,0,114,53
1995,Satara,Mahabaleshwar,Large (>10 ha),34,553,471,73,9,187,284,8,38,27
1995,Satara,Man (Dahiwadi),Large (>10 ha),614,9570,8410,7,1154,7853,557,0,2,5
1995,Satara,Patan,Large (>10 ha),641,15325,8776,5218,1331,6480,2296,25,3552,1641
1995,Satara,Phaltan,Large (>10 ha),207,4694,4599,85,9,1822,2777,18,25,42
1995,Satara,Satara,Large (>10 ha),132,2648,2373,104,171,2097,276,11,0,93
1995,Satara,Wai,Large (>10 ha),87,1644,1191,442,11,1072,119,62,81,299
2000,Satara,Jawali,Large (>10 ha),132,3935,3538,241,156,918,2620,19,107,115
2000,Satara,Karad,Large (>10 ha),76,1837,1722,57,57,854,868,0,57,0
2000,Satara,Karegoan,Large (>10 ha),67,1653,1110,224,318,985,126,54,98,72
2000,Satara,Khandala,Large (>10 ha),41,1028,951,25,53,857,93,0,25,0
2000,Satara,Khataw,Large (>10 ha),125,1730,1525,205,0,1279,246,0,193,11
2000,Satara,Maan0,Large (>10 ha),135,1959,1702,127,130,1517,184,0,117,10
2000,Satara,Mahabaleshwar,Large (>10 ha),12,322,322,0,0,322,0,0,0,0
2000,Satara,Patan,Large (>10 ha),591,13937,8337,4068,1532,5595,2743,907,435,2726
2000,Satara,Phultan,Large (>10 ha),190,6072,4630,219,1223,4141,490,58,134,26
2000,Satara,Satara,Large (>10 ha),176,3850,3040,713,97,2247,792,0,28,685
2000,Satara,Vaj,Large (>10 ha),62,1065,474,85,506,474,0,0,76,9
2010,Satara,Jawali(Medha),Large (>10 ha),103,1836,1654,0,182,1547,107,0,0,0
2010,Satara,Karad,Large (>10 ha),58,1142,1141,0,0,1123,19,0,0,0
2010,Satara,Khandala,Large (>10 ha),70,1095,1024,0,71,1007,17,0,0,0
2010,Satara,Khatav(Vaduj),Large (>10 ha),145,2207,2144,55,8,1810,334,55,0,0
2010,Satara,Koregoan,Large (>10 ha),80,1890,1890,0,0,1890,0,0,0,0
2010,Satara,Maan(Dahiwadi),Large (>10 ha),240,3963,3876,86,0,3218,658,0,12,74
2010,Satara,Mahabaleshwar,Large (>10 ha),142,2604,2305,102,197,1770,535,3,99,0
2010,Satara,Patan,Large (>10 ha),388,7753,6399,151,1203,5428,971,43,93,15
2010,Satara,Phaltan,Large (>10 ha),95,1654,1548,26,81,1526,22,1,9,16
2010,Satara,Satara,Large (>10 ha),421,8786,7880,0,906,7785,95,0,0,0
2010,Satara,Wai,Large (>10 ha),60,1102,992,26,84,924,68,26,0,0
2015,Satara,Jaoli,Large (>10 ha),157,2575,2371,205,0,2371,0,205,0,0
2015,Satara,Karad,Large (>10 ha),155,2502,2501,1,0,2304,198,1,0,0
2015,Satara,Khandala,Large (>10 ha),127,1972,1972,0,0,1972,0,0,0,0
2015,Satara,Khatav,Large (>10 ha),402,6172,6160,12,0,4220,1940,12,0,0
2015,Satara,Koregaon,Large (>10 ha),164,3693,3693,0,0,3693,0,0,0,0
2015,Satara,Mahabaleshwar,Large (>10 ha),229,3710,3688,22,0,1842,1845,22,0,0
2015,Satara,Man,Large (>10 ha),672,10435,10363,73,0,9874,488,73,0,0
2015,Satara,Patan,Large (>10 ha),381,5944,5122,822,0,3594,1528,822,0,0
2015,Satara,Phaltan,Large (>10 ha),207,3937,3615,322,0,3470,145,322,0,0
2015,Satara,Satara,Large (>10 ha),460,8823,7929,894,0,4117,3812,894,0,0
2015,Satara,Wai,Large (>10 ha),160,3787,3448,339,0,3313,135,339,0,0
2010,Sindhudurg,Devgard,Marginal (Below 1 ha),35930,8367,6859,622,887,5833,1025,322,226,74
2010,Sindhudurg,Dodamarg,Marginal (Below 1 ha),8076,2368,1902,334,132,1460,442,130,120,85
2010,Sindhudurg,Kankavali,Marginal (Below 1 ha),27871,9356,7324,1843,189,5901,1423,182,805,856
2010,Sindhudurg,Kudal,Marginal (Below 1 ha),34440,8932,8432,37,462,7520,912,16,22,0
2010,Sindhudurg,Malvan,Marginal (Below 1 ha),45831,9909,7634,1673,602,6618,1016,834,697,141
2010,Sindhudurg,Sawantwadi,Marginal (Below 1 ha),28032,6429,6003,114,312,5155,847,39,70,5
2010,Sindhudurg,Vaibhavwadi,Marginal (Below 1 ha),9493,2697,2096,562,38,1251,845,21,463,78
2010,Sindhudurg,Vengurla,Marginal (Below 1 ha),23782,5602,4143,293,1166,3755,388,42,162,90
2015,Sindhudurg,Devgad,Marginal (Below 1 ha),42452,10231,8467,1764,0,7479,988,1764,0,0
2015,Sindhudurg,Dodamarg,Marginal (Below 1 ha),9477,2625,2161,464,0,1673,488,464,0,0
2015,Sindhudurg,Kankavli,Marginal (Below 1 ha),31731,9282,7223,2059,0,5243,1980,2059,0,0
2015,Sindhudurg,Kudal,Marginal (Below 1 ha),36047,9610,9089,521,0,8624,465,521,0,0
2015,Sindhudurg,Malwan,Marginal (Below 1 ha),48010,8571,6647,1924,0,5595,1052,1924,0,0
2015,Sindhudurg,Sawantwadi,Marginal (Below 1 ha),34065,8641,8049,592,0,6911,1139,592,0,0
2015,Sindhudurg,Vaibhavvadi,Marginal (Below 1 ha),12418,3727,2933,794,0,1502,1431,794,0,0
2015,Sindhudurg,Vengurla,Marginal (Below 1 ha),30565,6257,4904,1354,0,3906,998,1354,0,0
2015,Sindhudurg,Devgad,Marginal (Below 1 ha),42452,10231,8467,1764,0,7479,988,1764,0,0
2015,Sindhudurg,Dodamarg,Marginal (Below 1 ha),9477,2625,2161,464,0,1673,488,464,0,0
2015,Sindhudurg,Kankavli,Marginal (Below 1 ha),31731,9282,7223,2059,0,5243,1980,2059,0,0
2015,Sindhudurg,Kudal,Marginal (Below 1 ha),36047,9610,9089,521,0,8624,465,521,0,0
2015,Sindhudurg,Malwan,Marginal (Below 1 ha),48010,8571,6647,1924,0,5595,1052,1924,0,0
2015,Sindhudurg,Sawantwadi,Marginal (Below 1 ha),34065,8641,8049,592,0,6911,1139,592,0,0
2015,Sindhudurg,Vaibhavvadi,Marginal (Below 1 ha),12418,3727,2933,794,0,1502,1431,794,0,0
2015,Sindhudurg,Vengurla,Marginal (Below 1 ha),30565,6257,4904,1354,0,3906,998,1354,0,0
2000,Sindhudurg,Devagad,Small (1 to 2 ha),5940,8121,6501,516,1104,3665,2836,236,216,65
2000,Sindhudurg,Dodamarg,Small (1 to 2 ha),2027,3031,2258,270,504,1712,545,167,96,7
2000,Sindhudurg,Kankavali,Small (1 to 2 ha),6256,8909,5737,1842,1330,4910,827,745,695,402
2000,Sindhudurg,Kudal,Small (1 to 2 ha),8256,9353,6794,1321,1238,5824,970,690,373,258
2000,Sindhudurg,Malvan,Small (1 to 2 ha),5879,7853,5149,552,2152,3798,1351,181,153,218
2000,Sindhudurg,Sawantwadi,Small (1 to 2 ha),5124,6300,4678,626,995,3909,770,117,427,82
2000,Sindhudurg,Vaibhavwadi,Small (1 to 2 ha),3009,4394,1630,2389,375,1244,386,883,352,1154
2000,Sindhudurg,Vengurla,Small (1 to 2 ha),3388,4717,3775,310,632,3468,307,210,66,34
2010,Sindhudurg,Devgard,Small (1 to 2 ha),4641,6528,5047,797,685,4282,765,450,267,80
2010,Sindhudurg,Dodamarg,Small (1 to 2 ha),1857,2637,1899,491,247,1508,391,134,149,208
2010,Sindhudurg,Kankavali,Small (1 to 2 ha),5921,8376,5092,3072,212,3608,1484,342,1211,1519
2010,Sindhudurg,Kudal,Small (1 to 2 ha),5386,7604,7089,46,469,5901,1187,5,37,4
2010,Sindhudurg,Malvan,Small (1 to 2 ha),4535,6336,4024,1833,479,3215,809,970,653,210
2010,Sindhudurg,Sawantwadi,Small (1 to 2 ha),3668,5134,4511,255,368,3875,636,84,139,31
2010,Sindhudurg,Vaibhavwadi,Small (1 to 2 ha),1902,2698,1372,1293,33,576,796,37,1114,143
2010,Sindhudurg,Vengurla,Small (1 to 2 ha),2676,3772,2700,307,765,2415,285,41,177,89
2015,Sindhudurg,Devgad,Small (1 to 2 ha),6322,6813,5449,1364,0,4864,585,1364,0,0
2015,Sindhudurg,Dodamarg,Small (1 to 2 ha),2068,2917,2341,577,0,1241,1099,577,0,0
2015,Sindhudurg,Kankavli,Small (1 to 2 ha),7373,8469,5248,3221,0,2811,2437,3221,0,0
2015,Sindhudurg,Kudal,Small (1 to 2 ha),5941,7835,7260,575,0,6775,485,575,0,0
2015,Sindhudurg,Malwan,Small (1 to 2 ha),6388,7811,5226,2586,0,3874,1352,2586,0,0
2015,Sindhudurg,Sawantwadi,Small (1 to 2 ha),4808,5980,5115,865,0,4519,596,865,0,0
2015,Sindhudurg,Vaibhavvadi,Small (1 to 2 ha),3047,4202,2794,1409,0,895,1898,1409,0,0
2015,Sindhudurg,Vengurla,Small (1 to 2 ha),3745,4215,3118,1097,0,2520,599,1097,0,0
2000,Sindhudurg,Devagad,Semimedium (2 to 4 ha),4748,13252,10328,1188,1735,5443,4885,578,517,94
2000,Sindhudurg,Dodamarg,Semimedium (2 to 4 ha),2198,6405,4817,708,880,3142,1675,446,228,35
2000,Sindhudurg,Kankavali,Semimedium (2 to 4 ha),5298,14861,8979,3680,2202,7920,1059,1622,1373,684
2000,Sindhudurg,Kudal,Semimedium (2 to 4 ha),4850,13412,9243,2408,1761,7697,1546,1075,758,574
2000,Sindhudurg,Malvan,Semimedium (2 to 4 ha),3767,10613,6338,957,3318,4446,1892,457,256,244
2000,Sindhudurg,Sawantwadi,Semimedium (2 to 4 ha),3917,10923,7652,1637,1633,6408,1244,324,913,400
2000,Sindhudurg,Vaibhavwadi,Semimedium (2 to 4 ha),2825,8157,2672,4725,759,1984,687,1581,880,2264
2000,Sindhudurg,Vengurla,Semimedium (2 to 4 ha),2075,5708,4077,545,1086,3730,347,387,125,33
2010,Sindhudurg,Devgard,Semimedium (2 to 4 ha),3123,8721,6392,1395,934,5280,1112,845,439,110
2010,Sindhudurg,Dodamarg,Semimedium (2 to 4 ha),1540,4337,2764,1126,447,2222,542,287,429,409
2010,Sindhudurg,Kankavali,Semimedium (2 to 4 ha),3748,10381,5809,4326,246,3734,2075,608,1506,2212
2010,Sindhudurg,Kudal,Semimedium (2 to 4 ha),3303,9054,8215,153,687,6729,1486,4,145,5
2010,Sindhudurg,Malvan,Semimedium (2 to 4 ha),2811,7809,4635,2579,595,3454,1181,1414,871,293
2010,Sindhudurg,Sawantwadi,Semimedium (2 to 4 ha),2376,6586,5358,571,656,4489,869,202,270,100
2010,Sindhudurg,Vaibhavwadi,Semimedium (2 to 4 ha),1473,4118,2104,1972,42,794,1310,138,1532,303
2010,Sindhudurg,Vengurla,Semimedium (2 to 4 ha),1661,4649,3214,398,1037,2944,270,79,223,96
2015,Sindhudurg,Devgad,Semimedium (2 to 4 ha),3563,9392,7399,1993,0,6383,1016,1993,0,0
2015,Sindhudurg,Dodamarg,Semimedium (2 to 4 ha),1754,4907,3767,1140,0,1788,1978,1140,0,0
2015,Sindhudurg,Kankavli,Semimedium (2 to 4 ha),4705,11770,6685,5085,0,3227,3457,5085,0,0
2015,Sindhudurg,Kudal,Semimedium (2 to 4 ha),3449,9083,8058,1025,0,7357,701,1025,0,0
2015,Sindhudurg,Malwan,Semimedium (2 to 4 ha),4340,10803,6543,4260,0,4505,2038,4260,0,0
2015,Sindhudurg,Sawantwadi,Semimedium (2 to 4 ha),3137,8709,6770,1938,0,5693,1077,1938,0,0
2015,Sindhudurg,Vaibhavvadi,Semimedium (2 to 4 ha),2181,5420,3594,1826,0,1084,2509,1826,0,0
2015,Sindhudurg,Vengurla,Semimedium (2 to 4 ha),2097,5455,3729,1726,0,3141,588,1726,0,0
2000,Sindhudurg,Devagad,Medium (4 to 10 ha),3220,19475,15243,1971,2261,7194,8049,960,866,146
2000,Sindhudurg,Dodamarg,Medium (4 to 10 ha),1941,11990,6617,2920,2453,4165,2452,1782,1077,61
2000,Sindhudurg,Kankavali,Medium (4 to 10 ha),3250,19267,11425,5421,2421,9323,2102,2783,1693,945
2000,Sindhudurg,Kudal,Medium (4 to 10 ha),2348,14153,7667,4241,2244,6682,985,2518,939,784
2000,Sindhudurg,Malvan,Medium (4 to 10 ha),2215,13329,6914,1611,4805,4503,2411,671,540,401
2000,Sindhudurg,Sawantwadi,Medium (4 to 10 ha),2893,18086,11165,3883,3038,7828,3337,713,1809,1361
2000,Sindhudurg,Vaibhavwadi,Medium (4 to 10 ha),1961,11668,3715,6482,1472,2556,1159,2614,1125,2743
2000,Sindhudurg,Vengurla,Medium (4 to 10 ha),1013,5874,3911,570,1393,2104,1806,426,87,56
2010,Sindhudurg,Devgard,Medium (4 to 10 ha),1784,10703,6685,2008,2009,5745,940,1235,622,151
2010,Sindhudurg,Dodamarg,Medium (4 to 10 ha),1027,6108,3653,1924,531,2810,843,368,965,591
2010,Sindhudurg,Kankavali,Medium (4 to 10 ha),1954,11427,6182,4992,254,3124,3058,597,2155,2240
2010,Sindhudurg,Kudal,Medium (4 to 10 ha),1843,10796,9664,304,828,7261,2403,1,297,6
2010,Sindhudurg,Malvan,Medium (4 to 10 ha),1679,10047,5977,3226,843,3931,2046,1554,1424,248
2010,Sindhudurg,Sawantwadi,Medium (4 to 10 ha),1405,8570,6772,942,856,5513,1259,338,418,186
2010,Sindhudurg,Vaibhavwadi,Medium (4 to 10 ha),822,4872,1823,2950,99,842,980,44,2677,229
2010,Sindhudurg,Vengurla,Medium (4 to 10 ha),1008,6001,3746,502,1754,3455,291,132,285,85
2015,Sindhudurg,Devgad,Medium (4 to 10 ha),2089,12489,9488,3001,0,8540,948,3001,0,0
2015,Sindhudurg,Dodamarg,Medium (4 to 10 ha),1324,8056,5976,2080,0,2447,3529,2080,0,0
2015,Sindhudurg,Kankavli,Medium (4 to 10 ha),2185,12825,7858,4966,0,2780,5078,4966,0,0
2015,Sindhudurg,Kudal,Medium (4 to 10 ha),1858,10956,9628,1327,0,8609,1019,1327,0,0
2015,Sindhudurg,Malwan,Medium (4 to 10 ha),2102,11914,7249,4665,0,4456,2794,4665,0,0
2015,Sindhudurg,Sawantwadi,Medium (4 to 10 ha),1547,9220,6904,2316,0,5816,1088,2316,0,0
2015,Sindhudurg,Vaibhavvadi,Medium (4 to 10 ha),838,5090,3107,1983,0,1127,1979,1983,0,0
2015,Sindhudurg,Vengurla,Medium (4 to 10 ha),1265,7574,4669,2905,0,3988,681,2905,0,0
2000,Sindhudurg,Devagad,Large (>10 ha),821,12063,10000,1406,658,4445,5555,801,521,84
2000,Sindhudurg,Dodamarg,Large (>10 ha),659,11414,5870,2722,2822,2609,3261,2104,467,152
2000,Sindhudurg,Kankavali,Large (>10 ha),458,6510,3797,1905,808,1688,2109,906,458,541
2000,Sindhudurg,Kudal,Large (>10 ha),310,4637,2094,1579,964,1551,543,1209,142,228
2000,Sindhudurg,Malvan,Large (>10 ha),579,10504,5241,799,4464,2193,3048,450,254,94
2000,Sindhudurg,Sawantwadi,Large (>10 ha),765,13427,7693,4192,1542,3209,4485,495,1582,2116
2000,Sindhudurg,Vaibhavwadi,Large (>10 ha),437,7558,3477,3101,979,1847,1631,845,799,1457
2000,Sindhudurg,Vengurla,Large (>10 ha),137,1928,1335,308,284,326,1009,142,105,61
2010,Sindhudurg,Devgard,Large (>10 ha),459,7811,5505,1401,905,4787,718,899,433,68
2010,Sindhudurg,Dodamarg,Large (>10 ha),395,12379,4383,4318,3679,3649,733,636,928,2754
2010,Sindhudurg,Kankavali,Large (>10 ha),370,6210,3701,2380,128,2484,1218,176,1035,1170
2010,Sindhudurg,Kudal,Large (>10 ha),391,6754,4994,340,1420,3194,1800,192,143,5
2010,Sindhudurg,Malvan,Large (>10 ha),454,8606,5204,2459,943,4067,1137,1143,1142,174
2010,Sindhudurg,Sawantwadi,Large (>10 ha),453,9105,7140,1291,674,6551,589,488,576,227
2010,Sindhudurg,Vaibhavwadi,Large (>10 ha),201,3692,1310,1811,570,776,534,18,1631,162
2010,Sindhudurg,Vengurla,Large (>10 ha),231,3601,1776,584,1241,1483,294,216,268,100
2015,Sindhudurg,Devgad,Large (>10 ha),414,6642,4522,2121,0,3974,548,2121,0,0
2015,Sindhudurg,Dodamarg,Large (>10 ha),482,12155,5792,6363,0,2505,3287,6363,0,0
2015,Sindhudurg,Kankavli,Large (>10 ha),343,5562,3601,1961,0,2181,1420,1961,0,0
2015,Sindhudurg,Kudal,Large (>10 ha),422,7081,5379,1702,0,3926,1453,1702,0,0
2015,Sindhudurg,Malwan,Large (>10 ha),482,6754,3878,2876,0,2635,1243,2876,0,0
2015,Sindhudurg,Sawantwadi,Large (>10 ha),506,7832,5662,2170,0,4547,1115,2170,0,0
2015,Sindhudurg,Vaibhavvadi,Large (>10 ha),181,2664,873,1792,0,340,532,1792,0,0
2015,Sindhudurg,Vengurla,Large (>10 ha),270,3831,1938,1893,0,1525,413,1893,0,0
2000,Thane,Ambernath,Marginal (Below 1 ha),8821,3186,3036,4,147,3033,3,0,4,0
2000,Thane,Bhiwandi,Marginal (Below 1 ha),20546,7918,7573,16,329,7522,51,8,2,6
2000,Thane,Dahanu,Marginal (Below 1 ha),16945,7591,7340,9,242,7335,5,7,1,0
2000,Thane,Jawahar,Marginal (Below 1 ha),2667,1253,1208,6,38,1159,49,0,0,6
2000,Thane,Kalyan,Marginal (Below 1 ha),10912,3764,3555,2,208,3343,212,2,0,0
2000,Thane,Mokhada,Marginal (Below 1 ha),1445,691,653,10,27,633,20,10,0,0
2000,Thane,Murbad,Marginal (Below 1 ha),16496,7794,7228,8,558,7227,1,0,0,8
2000,Thane,Palghar,Marginal (Below 1 ha),23585,10861,10531,104,226,10513,18,14,5,85
2000,Thane,Shahapur,Marginal (Below 1 ha),14233,6056,5751,83,223,5688,63,52,2,28
2000,Thane,Talsari,Marginal (Below 1 ha),4675,2379,1959,418,3,1897,62,413,3,2
2000,Thane,Thane,Marginal (Below 1 ha),9610,2709,2650,19,39,2300,350,13,3,3
2000,Thane,Vada,Marginal (Below 1 ha),8148,3700,3542,6,152,3509,33,4,0,2
2000,Thane,Vasai,Marginal (Below 1 ha),22350,6806,6729,11,65,6491,238,0,3,8
2000,Thane,Vikarmgad,Marginal (Below 1 ha),3669,1973,1880,2,91,1868,13,1,0,0
2010,Thane,Ambernath,Marginal (Below 1 ha),10530,3602,2338,1225,38,1897,441,0,1224,1
2010,Thane,Bhiwandi,Marginal (Below 1 ha),23776,8042,6177,1800,65,5661,515,4,1524,273
2010,Thane,Dahanu,Marginal (Below 1 ha),18433,7562,5869,1411,282,5519,350,3,1205,203
2010,Thane,Javhar,Marginal (Below 1 ha),2091,934,535,388,10,452,83,33,324,31
2010,Thane,Kalyan,Marginal (Below 1 ha),10322,3328,2027,1300,0,1826,201,0,609,691
2010,Thane,Mokhada,Marginal (Below 1 ha),1443,548,186,323,39,83,103,0,302,21
2010,Thane,Murbad,Marginal (Below 1 ha),18396,7557,6115,1426,16,5744,370,2,1292,133
2010,Thane,Palghar,Marginal (Below 1 ha),23566,9728,8405,1036,288,8156,249,0,884,152
2010,Thane,Shahapur,Marginal (Below 1 ha),16057,6553,5380,1159,15,5095,284,0,945,214
2010,Thane,Talsari,Marginal (Below 1 ha),4749,2322,519,1802,0,93,427,0,1802,0
2010,Thane,Thane,Marginal (Below 1 ha),4335,1101,721,380,0,533,189,0,380,0
2010,Thane,Vada,Marginal (Below 1 ha),9343,3689,1963,1533,193,1692,271,29,758,746
2010,Thane,Vasai,Marginal (Below 1 ha),24466,5364,3912,1385,67,3243,668,0,1261,125
2010,Thane,Vikarmgad,Marginal (Below 1 ha),3663,1837,945,849,43,733,212,0,836,14
2015,Thane,Ambarnath,Marginal (Below 1 ha),14613,3882,3881,1,0,3856,25,1,0,0
2015,Thane,Bhiwandi,Marginal (Below 1 ha),24935,8226,5117,3110,0,3890,1227,3110,0,0
2015,Thane,Kalyan,Marginal (Below 1 ha),11565,3339,2732,606,0,2036,696,606,0,0
2015,Thane,Murbad,Marginal (Below 1 ha),19147,7953,6265,1688,0,5703,562,1688,0,0
2015,Thane,Shahapur,Marginal (Below 1 ha),17700,7001,5810,1191,0,5467,343,1191,0,0
2015,Thane,Thane,Marginal (Below 1 ha),4507,989,866,123,0,519,348,123,0,0
2000,Thane,Ambernath,Small (1 to 2 ha),2312,3143,2968,5,170,2967,0,0,2,3
2000,Thane,Bhiwandi,Small (1 to 2 ha),5766,8063,7660,37,365,7637,23,8,16,12
2000,Thane,Dahanu,Small (1 to 2 ha),6294,8864,8485,18,360,8484,2,10,3,5
2000,Thane,Jawahar,Small (1 to 2 ha),2371,3478,3351,9,118,3163,189,0,0,9
2000,Thane,Kalyan,Small (1 to 2 ha),2647,3711,3382,8,321,3196,186,4,0,5
2000,Thane,Mokhada,Small (1 to 2 ha),1356,2032,1900,37,94,1723,177,28,3,6
2000,Thane,Murbad,Small (1 to 2 ha),7663,11486,10580,11,895,10580,0,0,7,4
2000,Thane,Palghar,Small (1 to 2 ha),6806,9207,8948,59,200,8944,4,5,9,45
2000,Thane,Shahapur,Small (1 to 2 ha),7672,10904,10269,165,471,10140,129,115,5,45
2000,Thane,Talsari,Small (1 to 2 ha),2157,3021,2220,799,2,2182,38,784,9,5
2000,Thane,Thane,Small (1 to 2 ha),1120,1533,1505,2,25,1358,147,2,0,0
2000,Thane,Vada,Small (1 to 2 ha),5230,7613,7075,92,447,6939,136,90,1,1
2000,Thane,Vasai,Small (1 to 2 ha),1854,2240,2196,8,36,2091,105,3,0,5
2000,Thane,Vikarmgad,Small (1 to 2 ha),3546,5175,4806,5,364,4801,5,3,0,2
2010,Thane,Ambernath,Small (1 to 2 ha),2226,3141,1718,1337,85,1614,104,0,1329,8
2010,Thane,Bhiwandi,Small (1 to 2 ha),5708,8111,5781,2213,118,5632,149,13,1862,338
2010,Thane,Dahanu,Small (1 to 2 ha),6510,9192,6348,2289,555,6211,137,1,1791,497
2010,Thane,Javhar,Small (1 to 2 ha),1920,2814,1332,1401,81,1234,97,72,1226,104
2010,Thane,Kalyan,Small (1 to 2 ha),2122,3003,1376,1622,5,1309,67,0,848,774
2010,Thane,Mokhada,Small (1 to 2 ha),1051,1598,413,1016,169,339,74,2,932,82
2010,Thane,Murbad,Small (1 to 2 ha),7511,10715,7995,2689,32,7814,181,0,2385,304
2010,Thane,Palghar,Small (1 to 2 ha),6438,8971,7369,1221,381,7285,85,2,1061,158
2010,Thane,Shahapur,Small (1 to 2 ha),7447,10811,8899,1791,121,8809,90,0,1207,584
2010,Thane,Talsari,Small (1 to 2 ha),2181,3071,240,2831,0,23,218,0,2831,0
2010,Thane,Thane,Small (1 to 2 ha),382,519,314,205,0,298,17,0,205,0
2010,Thane,Vada,Small (1 to 2 ha),4728,6865,2831,3631,403,2688,142,56,1110,2465
2010,Thane,Vasai,Small (1 to 2 ha),2318,3236,2031,1141,63,1955,76,0,980,161
2010,Thane,Vikarmgad,Small (1 to 2 ha),3405,4984,1920,2995,68,1705,215,1,2922,72
2015,Thane,Ambarnath,Small (1 to 2 ha),2201,2527,2504,23,0,2492,12,23,0,0
2015,Thane,Bhiwandi,Small (1 to 2 ha),6012,7653,3929,3723,0,3422,507,3723,0,0
2015,Thane,Kalyan,Small (1 to 2 ha),2086,2918,1958,961,0,1708,250,961,0,0
2015,Thane,Murbad,Small (1 to 2 ha),8614,10037,7164,2873,0,6770,394,2873,0,0
2015,Thane,Shahapur,Small (1 to 2 ha),7629,10766,8904,1862,0,8765,138,1862,0,0
2015,Thane,Thane,Small (1 to 2 ha),441,588,481,107,0,277,204,107,0,0
2000,Thane,Ambernath,Semimedium (2 to 4 ha),1344,3540,3210,48,281,3201,10,1,47,0
2000,Thane,Bhiwandi,Semimedium (2 to 4 ha),3217,8657,8162,18,478,8126,36,4,4,10
2000,Thane,Dahanu,Semimedium (2 to 4 ha),3631,10033,9556,32,445,9551,5,14,5,13
2000,Thane,Jawahar,Semimedium (2 to 4 ha),2706,7639,7294,9,336,6671,623,0,1,8
2000,Thane,Kalyan,Semimedium (2 to 4 ha),1478,4058,3709,22,327,3265,444,16,0,6
2000,Thane,Mokhada,Semimedium (2 to 4 ha),1722,4797,4387,107,303,3755,632,83,15,10
2000,Thane,Murbad,Semimedium (2 to 4 ha),4520,12371,11341,19,1011,11341,0,0,7,12
2000,Thane,Palghar,Semimedium (2 to 4 ha),2902,8010,7770,70,171,7759,10,5,21,44
2000,Thane,Shahapur,Semimedium (2 to 4 ha),5588,15593,14597,319,677,14409,188,204,24,91
2000,Thane,Talsari,Semimedium (2 to 4 ha),1166,3189,2122,1062,4,2029,94,1061,1,0
2000,Thane,Thane,Semimedium (2 to 4 ha),435,1183,1159,6,17,1089,71,0,6,0
2000,Thane,Vada,Semimedium (2 to 4 ha),3331,9306,8533,159,614,8227,306,145,8,5
2000,Thane,Vasai,Semimedium (2 to 4 ha),1927,4819,4558,111,150,4225,333,41,1,69
2000,Thane,Vikarmgad,Semimedium (2 to 4 ha),2381,6529,5896,24,610,5896,0,22,0,2
2010,Thane,Ambernath,Semimedium (2 to 4 ha),1038,2799,1557,1131,111,1514,43,0,1098,33
2010,Thane,Bhiwandi,Semimedium (2 to 4 ha),3064,8400,5449,2765,186,5356,93,6,2347,412
2010,Thane,Dahanu,Semimedium (2 to 4 ha),3678,10043,6894,2286,863,6834,60,7,1584,695
2010,Thane,Javhar,Semimedium (2 to 4 ha),2204,6257,2704,3172,381,2596,107,230,2608,334
2010,Thane,Kalyan,Semimedium (2 to 4 ha),1175,3192,1267,1925,0,1231,36,0,963,962
2010,Thane,Mokhada,Semimedium (2 to 4 ha),1525,4270,875,2969,427,767,107,0,2712,257
2010,Thane,Murbad,Semimedium (2 to 4 ha),4464,12231,8933,3262,37,8830,103,8,2686,567
2010,Thane,Palghar,Semimedium (2 to 4 ha),2985,8042,6337,1192,513,6294,43,14,1026,152
2010,Thane,Shahapur,Semimedium (2 to 4 ha),5379,14925,12282,2411,232,12223,59,0,1551,860
2010,Thane,Talsari,Semimedium (2 to 4 ha),1281,3529,176,3353,0,51,124,0,3353,0
2010,Thane,Thane,Semimedium (2 to 4 ha),134,360,145,215,0,136,8,0,215,0
2010,Thane,Vada,Semimedium (2 to 4 ha),3038,8466,3048,4794,624,2952,97,78,1589,3127
2010,Thane,Vasai,Semimedium (2 to 4 ha),958,2599,1376,1191,32,1337,39,0,987,204
2010,Thane,Vikarmgad,Semimedium (2 to 4 ha),2335,6504,2005,4386,113,1844,161,11,4256,119
2015,Thane,Ambarnath,Semimedium (2 to 4 ha),965,2397,2317,80,0,2310,7,80,0,0
2015,Thane,Bhiwandi,Semimedium (2 to 4 ha),3490,8591,3782,4809,0,3377,405,4809,0,0
2015,Thane,Kalyan,Semimedium (2 to 4 ha),1238,3216,2008,1209,0,1823,185,1209,0,0
2015,Thane,Murbad,Semimedium (2 to 4 ha),5021,13115,8933,4182,0,8527,406,4182,0,0
2015,Thane,Shahapur,Semimedium (2 to 4 ha),5367,15390,12664,2726,0,12593,71,2726,0,0
2015,Thane,Thane,Semimedium (2 to 4 ha),171,493,346,147,0,165,181,147,0,0
2000,Thane,Ambernath,Medium (4 to 10 ha),491,2685,2509,1,175,2358,151,0,1,0
2000,Thane,Bhiwandi,Medium (4 to 10 ha),1026,5722,5348,32,342,5347,1,19,8,5
2000,Thane,Dahanu,Medium (4 to 10 ha),1505,8667,7942,80,645,7942,0,47,26,7
2000,Thane,Jawahar,Medium (4 to 10 ha),2307,14041,13164,15,862,11724,1440,15,0,0
2000,Thane,Kalyan,Medium (4 to 10 ha),635,3490,3294,8,187,2807,488,8,0,0
2000,Thane,Mokhada,Medium (4 to 10 ha),1915,12025,10278,414,1333,9096,1181,318,94,2
2000,Thane,Murbad,Medium (4 to 10 ha),1948,11168,10240,36,892,10240,0,0,5,31
2000,Thane,Palghar,Medium (4 to 10 ha),897,5120,4998,42,80,4997,1,6,8,28
2000,Thane,Shahapur,Medium (4 to 10 ha),3753,22502,20289,877,1335,19680,609,370,69,439
2000,Thane,Talsari,Medium (4 to 10 ha),541,3151,2013,1136,2,1930,83,1134,3,0
2000,Thane,Thane,Medium (4 to 10 ha),125,720,712,0,8,711,2,0,0,0
2000,Thane,Vada,Medium (4 to 10 ha),1746,10197,9203,277,717,8745,459,268,2,6
2000,Thane,Vasai,Medium (4 to 10 ha),512,2631,2433,75,124,2162,271,1,26,49
2000,Thane,Vikarmgad,Medium (4 to 10 ha),1466,8662,7317,11,1334,7149,168,5,0,6
2010,Thane,Ambernath,Medium (4 to 10 ha),417,2357,1154,1020,183,1134,20,0,1015,5
2010,Thane,Bhiwandi,Medium (4 to 10 ha),1232,7077,3924,2986,166,3878,47,9,2569,408
2010,Thane,Dahanu,Medium (4 to 10 ha),1409,8014,5376,1872,766,5356,20,0,1156,715
2010,Thane,Javhar,Medium (4 to 10 ha),2144,13284,6019,6276,990,5938,81,642,4440,1194
2010,Thane,Kalyan,Medium (4 to 10 ha),467,2687,856,1831,0,837,19,0,1047,785
2010,Thane,Mokhada,Medium (4 to 10 ha),1813,11542,1842,8382,1317,1706,136,3,7384,994
2010,Thane,Murbad,Medium (4 to 10 ha),1994,11474,8491,2951,32,8450,41,7,2361,583
2010,Thane,Palghar,Medium (4 to 10 ha),1054,6087,4536,1253,298,4519,18,25,925,303
2010,Thane,Shahapur,Medium (4 to 10 ha),3383,20153,16667,3136,350,16636,31,0,1904,1232
2010,Thane,Talsari,Medium (4 to 10 ha),628,3749,227,3522,0,167,60,0,3522,0
2010,Thane,Thane,Medium (4 to 10 ha),37,188,172,16,0,172,0,0,16,0
2010,Thane,Vada,Medium (4 to 10 ha),1847,10985,3040,7135,809,2968,71,23,2326,4787
2010,Thane,Vasai,Medium (4 to 10 ha),360,2131,1126,984,21,1111,15,0,827,156
2010,Thane,Vikarmgad,Medium (4 to 10 ha),1213,7125,2368,4690,66,2288,80,15,4551,125
2015,Thane,Ambarnath,Medium (4 to 10 ha),448,2566,2524,42,0,2524,0,42,0,0
2015,Thane,Bhiwandi,Medium (4 to 10 ha),1220,6790,2462,4329,0,2243,219,4329,0,0
2015,Thane,Kalyan,Medium (4 to 10 ha),509,2871,1748,1123,0,1554,194,1123,0,0
2015,Thane,Murbad,Medium (4 to 10 ha),2149,12842,8671,4171,0,8452,219,4171,0,0
2015,Thane,Shahapur,Medium (4 to 10 ha),3399,20827,17234,3593,0,17115,119,3593,0,0
2015,Thane,Thane,Medium (4 to 10 ha),42,248,228,20,0,98,130,20,0,0
2000,Thane,Ambernath,Large (>10 ha),92,1873,1672,0,201,1533,139,0,0,0
2000,Thane,Bhiwandi,Large (>10 ha),91,1527,1421,0,107,1421,0,0,0,0
2000,Thane,Dahanu,Large (>10 ha),310,5709,4993,40,676,4993,0,9,31,0
2000,Thane,Jawahar,Large (>10 ha),543,8032,6987,10,1035,6040,947,10,0,0
2000,Thane,Kalyan,Large (>10 ha),89,1968,1823,0,145,1630,193,0,0,0
2000,Thane,Mokhada,Large (>10 ha),520,8470,7065,360,1046,5877,1188,283,75,2
2000,Thane,Murbad,Large (>10 ha),185,2638,2464,0,174,2464,0,0,0,0
2000,Thane,Palghar,Large (>10 ha),140,2183,2055,82,46,2055,0,0,2,80
2000,Thane,Shahapur,Large (>10 ha),819,15108,13010,1470,628,12563,447,115,36,1320
2000,Thane,Talsari,Large (>10 ha),168,3380,1602,1777,1,1599,3,1761,2,14
2000,Thane,Thane,Large (>10 ha),38,1038,1008,11,18,877,131,11,0,0
2000,Thane,Vada,Large (>10 ha),262,4685,4422,80,183,4272,151,80,0,0
2000,Thane,Vasai,Large (>10 ha),47,721,665,7,49,586,79,0,0,7
2000,Thane,Vikarmgad,Large (>10 ha),185,2538,1964,10,565,1791,173,10,0,0
2010,Thane,Ambernath,Large (>10 ha),67,1082,856,220,6,855,1,0,220,0
2010,Thane,Bhiwandi,Large (>10 ha),144,2093,1711,362,20,1709,2,0,295,67
2010,Thane,Dahanu,Large (>10 ha),275,4801,2964,1389,448,2960,4,0,767,622
2010,Thane,Javhar,Large (>10 ha),463,7262,3073,3204,984,3058,15,236,2221,748
2010,Thane,Kalyan,Large (>10 ha),52,762,230,340,192,229,1,0,107,233
2010,Thane,Mokhada,Large (>10 ha),607,9268,2346,6038,883,2313,33,0,3970,2068
2010,Thane,Murbad,Large (>10 ha),248,3514,2817,697,0,2814,3,0,428,269
2010,Thane,Palghar,Large (>10 ha),136,2044,1579,409,55,1578,2,0,335,73
2010,Thane,Shahapur,Large (>10 ha),689,10254,8105,1936,213,8101,4,0,773,1163
2010,Thane,Talsari,Large (>10 ha),154,2690,1185,1439,66,1174,11,0,1439,0
2010,Thane,Thane,Large (>10 ha),6,134,11,81,42,10,1,0,81,0
2010,Thane,Vada,Large (>10 ha),274,4227,1882,2039,306,1878,4,78,332,1630
2010,Thane,Vasai,Large (>10 ha),44,754,266,471,17,264,2,0,471,0
2010,Thane,Vikarmgad,Large (>10 ha),122,3595,2197,1395,2,2188,9,0,1395,0
2015,Thane,Ambarnath,Large (>10 ha),91,1324,1324,0,0,1324,0,0,0,0
2015,Thane,Bhiwandi,Large (>10 ha),153,1945,1383,562,0,1281,102,562,0,0
2015,Thane,Kalyan,Large (>10 ha),48,1027,914,112,0,328,586,112,0,0
2015,Thane,Murbad,Large (>10 ha),291,4128,3494,635,0,3482,12,635,0,0
2015,Thane,Shahapur,Large (>10 ha),673,11454,9043,2411,0,9036,8,2411,0,0
2015,Thane,Thane,Large (>10 ha),11,255,236,19,0,166,70,19,0,0
2000,Wardha,Aarvee,Marginal (Below 1 ha),4990,3739,3582,154,3,3534,48,2,7,145
2000,Wardha,Aashti,Marginal (Below 1 ha),4033,2853,2818,23,12,2808,10,0,11,13
2000,Wardha,Dewali,Marginal (Below 1 ha),3212,2322,2236,82,4,2221,15,13,2,67
2000,Wardha,Higanghat,Marginal (Below 1 ha),3015,2331,2217,112,2,2183,35,0,40,72
2000,Wardha,Karanja,Marginal (Below 1 ha),3909,2809,2739,68,1,2642,98,0,40,28
2000,Wardha,Samudrapur,Marginal (Below 1 ha),2687,1978,1916,58,4,1843,73,25,21,13
2000,Wardha,Selu,Marginal (Below 1 ha),3296,2445,2362,79,3,2338,24,3,5,71
2000,Wardha,Vardha,Marginal (Below 1 ha),3718,2895,2812,81,2,2698,113,7,17,57
2010,Wardha,Aarvi,Marginal (Below 1 ha),5533,4124,4024,77,23,3846,178,12,4,61
2010,Wardha,Aashti,Marginal (Below 1 ha),4657,3180,3154,0,26,3143,11,0,0,0
2010,Wardha,Deoli,Marginal (Below 1 ha),4013,3047,2948,96,3,2936,12,0,1,94
2010,Wardha,Hinganghat,Marginal (Below 1 ha),3578,2705,2577,113,15,2510,67,21,30,62
2010,Wardha,Karanja,Marginal (Below 1 ha),4458,3254,3152,25,77,2947,206,1,0,24
2010,Wardha,Samudrapur,Marginal (Below 1 ha),3737,2774,2721,48,6,2587,134,4,19,25
2010,Wardha,Selu,Marginal (Below 1 ha),4263,3133,3021,63,49,2783,238,29,3,32
2010,Wardha,Wardha,Marginal (Below 1 ha),4492,3331,3217,53,62,3122,95,2,0,50
2015,Wardha,Arvi,Marginal (Below 1 ha),5783,4416,4251,165,0,4003,249,165,0,0
2015,Wardha,Ashti,Marginal (Below 1 ha),6017,3543,3409,135,0,3321,87,135,0,0
2015,Wardha,Deoli,Marginal (Below 1 ha),4932,3315,3206,109,0,3106,100,109,0,0
2015,Wardha,Hinganghat,Marginal (Below 1 ha),4486,3284,3157,127,0,2979,178,127,0,0
2015,Wardha,Karanja,Marginal (Below 1 ha),6488,3833,3725,108,0,3495,230,108,0,0
2015,Wardha,Samudrapur,Marginal (Below 1 ha),4691,3184,3094,90,0,2899,195,90,0,0
2015,Wardha,Seloo,Marginal (Below 1 ha),5566,3683,3571,112,0,3239,332,112,0,0
2015,Wardha,Wardha,Marginal (Below 1 ha),4626,3180,3062,118,0,2902,160,118,0,0
2000,Wardha,Aarvee,Small (1 to 2 ha),10237,14474,14070,390,13,13914,156,3,31,356
2000,Wardha,Aashti,Small (1 to 2 ha),5931,8244,8189,31,24,8162,27,0,7,24
2000,Wardha,Dewali,Small (1 to 2 ha),9279,13238,12815,410,13,12744,71,65,40,305
2000,Wardha,Higanghat,Small (1 to 2 ha),10034,14633,13907,717,9,13787,120,21,172,524
2000,Wardha,Karanja,Small (1 to 2 ha),7707,11166,10929,221,15,10646,283,2,97,122
2000,Wardha,Samudrapur,Small (1 to 2 ha),8652,12709,12433,261,15,12061,371,74,112,74
2000,Wardha,Selu,Small (1 to 2 ha),8113,11653,11281,353,19,11186,95,15,17,321
2000,Wardha,Vardha,Small (1 to 2 ha),10549,15109,14698,396,16,14294,403,22,107,267
2010,Wardha,Aarvi,Small (1 to 2 ha),11089,15748,15431,283,34,14756,675,41,10,232
2010,Wardha,Aashti,Small (1 to 2 ha),6722,9431,9358,0,73,9330,28,0,0,0
2010,Wardha,Deoli,Small (1 to 2 ha),11581,16517,16060,428,29,16015,45,1,16,411
2010,Wardha,Hinganghat,Small (1 to 2 ha),11724,16921,16335,515,71,16156,178,87,139,289
2010,Wardha,Karanja,Small (1 to 2 ha),8829,12542,12138,62,342,11808,330,5,0,57
2010,Wardha,Samudrapur,Small (1 to 2 ha),11636,16797,16496,251,50,15912,583,30,70,151
2010,Wardha,Selu,Small (1 to 2 ha),9979,14121,13677,215,228,12920,757,74,8,133
2010,Wardha,Wardha,Small (1 to 2 ha),12561,18044,17486,265,293,17118,369,4,15,245
2015,Wardha,Arvi,Small (1 to 2 ha),12319,17181,16376,805,0,15673,703,805,0,0
2015,Wardha,Ashti,Small (1 to 2 ha),8008,10204,9831,373,0,9729,102,373,0,0
2015,Wardha,Deoli,Small (1 to 2 ha),12989,17700,17001,699,0,16884,116,699,0,0
2015,Wardha,Hinganghat,Small (1 to 2 ha),12878,18208,17336,872,0,17059,277,872,0,0
2015,Wardha,Karanja,Small (1 to 2 ha),9880,12944,12478,466,0,11829,648,466,0,0
2015,Wardha,Samudrapur,Small (1 to 2 ha),14346,22064,21365,700,0,20044,1320,700,0,0
2015,Wardha,Seloo,Small (1 to 2 ha),11849,15843,15009,834,0,14238,771,834,0,0
2015,Wardha,Wardha,Small (1 to 2 ha),13309,17921,17141,780,0,16809,332,780,0,0
2000,Wardha,Aarvee,Semimedium (2 to 4 ha),6418,17465,16761,677,28,16537,224,6,120,551
2000,Wardha,Aashti,Semimedium (2 to 4 ha),2726,7149,7091,35,23,7072,19,0,21,14
2000,Wardha,Dewali,Semimedium (2 to 4 ha),6454,17571,16821,695,54,16682,139,68,136,491
2000,Wardha,Higanghat,Semimedium (2 to 4 ha),8568,23365,22098,1248,19,21787,312,19,289,940
2000,Wardha,Karanja,Semimedium (2 to 4 ha),4942,13374,12967,374,33,12494,472,20,170,185
2000,Wardha,Samudrapur,Semimedium (2 to 4 ha),8661,23721,23152,512,57,22453,698,121,242,149
2000,Wardha,Selu,Semimedium (2 to 4 ha),5582,15131,14580,516,35,14359,221,28,63,425
2000,Wardha,Vardha,Semimedium (2 to 4 ha),7332,19774,19080,657,37,18421,659,31,230,396
2010,Wardha,Aarvi,Semimedium (2 to 4 ha),6494,17437,17009,333,95,16182,827,37,22,274
2010,Wardha,Aashti,Semimedium (2 to 4 ha),2864,7581,7518,0,63,7508,10,0,0,0
2010,Wardha,Deoli,Semimedium (2 to 4 ha),6585,17787,17276,483,28,17216,60,0,49,433
2010,Wardha,Hinganghat,Semimedium (2 to 4 ha),9147,25014,24137,748,130,23930,207,90,243,414
2010,Wardha,Karanja,Semimedium (2 to 4 ha),5043,13611,12856,63,692,12184,672,16,0,47
2010,Wardha,Samudrapur,Semimedium (2 to 4 ha),9795,26761,26154,483,124,25422,731,30,193,260
2010,Wardha,Selu,Semimedium (2 to 4 ha),5948,16071,15551,230,291,14626,924,78,5,148
2010,Wardha,Wardha,Semimedium (2 to 4 ha),7935,21306,20513,306,486,20133,381,5,17,284
2015,Wardha,Arvi,Semimedium (2 to 4 ha),7257,17842,16064,1778,0,15410,654,1778,0,0
2015,Wardha,Ashti,Semimedium (2 to 4 ha),3148,8017,7395,622,0,7345,50,622,0,0
2015,Wardha,Deoli,Semimedium (2 to 4 ha),7174,18143,16724,1419,0,16696,27,1419,0,0
2015,Wardha,Hinganghat,Semimedium (2 to 4 ha),9718,26889,24408,2481,0,24190,218,2481,0,0
2015,Wardha,Karanja,Semimedium (2 to 4 ha),5870,14563,13434,1129,0,12318,1116,1129,0,0
2015,Wardha,Samudrapur,Semimedium (2 to 4 ha),10598,28147,25803,2344,0,24024,1779,2344,0,0
2015,Wardha,Seloo,Semimedium (2 to 4 ha),6245,16335,14881,1455,0,14063,817,1455,0,0
2015,Wardha,Wardha,Semimedium (2 to 4 ha),9211,23059,21176,1883,0,20848,328,1883,0,0
2000,Wardha,Aarvee,Medium (4 to 10 ha),2867,16192,15105,1060,27,14924,182,4,220,836
2000,Wardha,Aashti,Medium (4 to 10 ha),742,4056,3931,116,9,3917,14,0,77,40
2000,Wardha,Dewali,Medium (4 to 10 ha),2952,16734,15725,980,29,15442,284,96,154,730
2000,Wardha,Higanghat,Medium (4 to 10 ha),4928,28364,26100,2236,28,25754,346,10,503,1723
2000,Wardha,Karanja,Medium (4 to 10 ha),2055,11125,10609,485,30,9990,619,13,293,178
2000,Wardha,Samudrapur,Medium (4 to 10 ha),5235,30183,28952,1144,86,27698,1254,159,657,328
2000,Wardha,Selu,Medium (4 to 10 ha),2286,12907,12366,518,23,11956,410,68,102,348
2000,Wardha,Vardha,Medium (4 to 10 ha),3219,18374,17288,1055,31,16474,815,99,424,531
2010,Wardha,Aarvi,Medium (4 to 10 ha),2460,13859,13219,532,108,11971,1248,24,144,365
2010,Wardha,Aashti,Medium (4 to 10 ha),726,3941,3934,0,7,3865,69,0,0,0
2010,Wardha,Deoli,Medium (4 to 10 ha),2502,14188,13271,877,41,13210,61,0,260,617
2010,Wardha,Hinganghat,Medium (4 to 10 ha),4522,25819,24633,1021,165,24289,344,115,279,627
2010,Wardha,Karanja,Medium (4 to 10 ha),1900,10512,9493,33,986,8666,827,15,0,18
2010,Wardha,Samudrapur,Medium (4 to 10 ha),4602,25969,24970,676,323,24073,896,59,312,305
2010,Wardha,Selu,Medium (4 to 10 ha),2091,11673,11157,276,239,10134,1022,38,70,168
2010,Wardha,Wardha,Medium (4 to 10 ha),2969,16784,15792,472,521,15446,346,5,48,419
2015,Wardha,Arvi,Medium (4 to 10 ha),2172,12156,10334,1823,0,9261,1072,1823,0,0
2015,Wardha,Ashti,Medium (4 to 10 ha),922,5171,4693,478,0,4416,277,478,0,0
2015,Wardha,Deoli,Medium (4 to 10 ha),2669,14730,13034,1696,0,12947,87,1696,0,0
2015,Wardha,Hinganghat,Medium (4 to 10 ha),4158,23894,20358,3536,0,19976,383,3536,0,0
2015,Wardha,Karanja,Medium (4 to 10 ha),1970,10778,9788,990,0,8984,804,990,0,0
2015,Wardha,Samudrapur,Medium (4 to 10 ha),4187,22977,20536,2442,0,18324,2212,2442,0,0
2015,Wardha,Seloo,Medium (4 to 10 ha),1852,10146,8918,1227,0,8169,750,1227,0,0
2015,Wardha,Wardha,Medium (4 to 10 ha),3322,18821,16574,2247,0,16156,418,2247,0,0
2000,Wardha,Aarvee,Large (>10 ha),317,4532,3808,718,6,3746,62,56,310,352
2000,Wardha,Aashti,Large (>10 ha),43,606,562,41,3,559,4,0,41,1
2000,Wardha,Dewali,Large (>10 ha),315,4149,3654,453,42,3547,107,12,121,321
2000,Wardha,Higanghat,Large (>10 ha),465,6212,5533,680,0,5242,291,0,122,557
2000,Wardha,Karanja,Large (>10 ha),141,2066,2026,33,6,1853,173,4,18,12
2000,Wardha,Samudrapur,Large (>10 ha),449,6026,5652,345,29,5375,278,63,175,107
2000,Wardha,Selu,Large (>10 ha),214,2810,2619,180,11,2529,89,52,30,98
2000,Wardha,Vardha,Large (>10 ha),276,4075,3703,369,3,3253,450,76,118,175
2010,Wardha,Aarvi,Large (>10 ha),251,3597,3306,275,16,2958,349,1,0,273
2010,Wardha,Aashti,Large (>10 ha),41,543,543,0,0,467,76,0,0,0
2010,Wardha,Deoli,Large (>10 ha),257,3460,3025,431,4,2996,29,0,44,388
2010,Wardha,Hinganghat,Large (>10 ha),373,4983,4774,150,60,4682,92,6,35,109
2010,Wardha,Karanja,Large (>10 ha),121,1770,1639,0,131,1507,132,0,0,0
2010,Wardha,Samudrapur,Large (>10 ha),326,4392,4024,266,102,3730,294,60,64,142
2010,Wardha,Selu,Large (>10 ha),160,2412,2044,114,254,1790,254,19,18,77
2010,Wardha,Wardha,Large (>10 ha),246,3428,2877,35,516,2801,76,0,0,35
2015,Wardha,Arvi,Large (>10 ha),171,2516,2333,183,0,2068,265,183,0,0
2015,Wardha,Ashti,Large (>10 ha),60,1371,1296,75,0,1100,195,75,0,0
2015,Wardha,Deoli,Large (>10 ha),229,3122,2902,220,0,2789,113,220,0,0
2015,Wardha,Hinganghat,Large (>10 ha),253,3564,3281,282,0,3117,164,282,0,0
2015,Wardha,Karanja,Large (>10 ha),113,1444,1372,72,0,949,424,72,0,0
2015,Wardha,Samudrapur,Large (>10 ha),241,3058,2994,64,0,2338,656,64,0,0
2015,Wardha,Seloo,Large (>10 ha),104,1483,1192,291,0,1037,155,291,0,0
2015,Wardha,Wardha,Large (>10 ha),252,3573,3468,104,0,2534,935,104,0,0
2000,Washim,Karanja,Marginal (Below 1 ha),5849,4624,4498,111,14,4403,95,7,54,50
2000,Washim,Malegoan,Marginal (Below 1 ha),5993,4051,3935,102,15,3704,231,2,73,27
2000,Washim,Mangsulpeer,Marginal (Below 1 ha),5001,3602,3584,14,4,3367,217,1,13,0
2000,Washim,Manora,Marginal (Below 1 ha),3469,2585,2541,32,11,2428,113,1,11,20
2000,Washim,Risod,Marginal (Below 1 ha),6205,3966,3874,84,7,3618,256,48,28,8
2000,Washim,Washim,Marginal (Below 1 ha),7515,4785,4747,26,12,4447,300,2,24,0
2010,Washim,Karanja,Marginal (Below 1 ha),9255,7002,7002,0,0,2383,4619,0,0,0
2010,Washim,Malegaon,Marginal (Below 1 ha),10056,6058,6048,2,8,5928,120,1,1,0
2010,Washim,Manglurpeer,Marginal (Below 1 ha),10430,7121,6991,25,105,6704,286,0,9,16
2010,Washim,Manora,Marginal (Below 1 ha),4917,3553,3552,1,0,3042,509,1,0,0
2010,Washim,Risod,Marginal (Below 1 ha),11073,6789,6658,5,126,6486,172,1,2,1
2010,Washim,Washim,Marginal (Below 1 ha),12336,7217,7138,22,58,6993,145,0,22,0
2015,Washim,Karanja,Marginal (Below 1 ha),11456,7461,7176,285,0,6812,364,285,0,0
2015,Washim,Malegaon,Marginal (Below 1 ha),13989,8036,7595,441,0,7255,340,441,0,0
2015,Washim,Mangrulpir,Marginal (Below 1 ha),14717,8741,8504,237,0,8045,458,237,0,0
2015,Washim,Manora,Marginal (Below 1 ha),8123,4935,4745,190,0,4405,340,190,0,0
2015,Washim,Risod,Marginal (Below 1 ha),18483,11066,10714,352,0,10019,695,352,0,0
2015,Washim,Washim,Marginal (Below 1 ha),19294,11587,11347,240,0,10970,377,240,0,0
2000,Washim,Karanja,Small (1 to 2 ha),11719,17118,16616,429,74,16283,333,18,211,201
2000,Washim,Malegoan,Small (1 to 2 ha),9896,14628,14158,412,59,13437,720,22,287,102
2000,Washim,Mangsulpeer,Small (1 to 2 ha),8693,12486,12393,66,27,11693,700,8,57,0
2000,Washim,Manora,Small (1 to 2 ha),8723,12517,12233,188,96,11706,527,8,80,101
2000,Washim,Risod,Small (1 to 2 ha),9388,13270,12968,251,51,12204,764,140,79,33
2000,Washim,Washim,Small (1 to 2 ha),9721,13460,13272,103,85,12671,602,23,77,3
2010,Washim,Karanja,Small (1 to 2 ha),15770,22862,22862,0,0,22288,574,0,0,0
2010,Washim,Malegaon,Small (1 to 2 ha),12262,17416,17388,2,26,17137,251,0,2,0
2010,Washim,Manglurpeer,Small (1 to 2 ha),14101,19992,19474,103,415,18819,655,3,38,62
2010,Washim,Manora,Small (1 to 2 ha),10833,15329,15323,5,2,12857,2465,4,1,0
2010,Washim,Risod,Small (1 to 2 ha),12968,18373,17971,19,383,17383,588,4,10,5
2010,Washim,Washim,Small (1 to 2 ha),12645,18015,17801,54,160,17496,305,0,54,0
2015,Washim,Karanja,Small (1 to 2 ha),16348,22891,21725,1166,0,21094,631,1166,0,0
2015,Washim,Malegaon,Small (1 to 2 ha),14756,21470,20387,1083,0,19805,582,1083,0,0
2015,Washim,Mangrulpir,Small (1 to 2 ha),16660,24107,23262,844,0,22484,778,844,0,0
2015,Washim,Manora,Small (1 to 2 ha),13822,16747,15813,934,0,15259,554,934,0,0
2015,Washim,Risod,Small (1 to 2 ha),14681,20103,19178,925,0,18676,502,925,0,0
2015,Washim,Washim,Small (1 to 2 ha),14512,21889,21248,641,0,20894,354,641,0,0
2000,Washim,Karanja,Semimedium (2 to 4 ha),7143,19308,18604,572,132,18149,455,36,242,294
2000,Washim,Malegoan,Semimedium (2 to 4 ha),6354,18038,17302,553,184,16458,844,35,356,161
2000,Washim,Mangsulpeer,Semimedium (2 to 4 ha),6091,16658,16474,132,52,15372,1102,16,112,4
2000,Washim,Manora,Semimedium (2 to 4 ha),5751,15380,14824,356,200,14185,639,80,101,174
2000,Washim,Risod,Semimedium (2 to 4 ha),7167,19734,19126,477,131,18071,1055,225,165,87
2000,Washim,Washim,Semimedium (2 to 4 ha),7166,19470,19147,192,131,18356,791,97,80,15
2010,Washim,Karanja,Semimedium (2 to 4 ha),7658,20290,20290,0,0,19039,1251,0,0,0
2010,Washim,Malegaon,Semimedium (2 to 4 ha),6478,17319,17175,10,135,16923,252,6,4,0
2010,Washim,Manglurpeer,Semimedium (2 to 4 ha),6522,17314,16780,91,443,16222,559,2,19,71
2010,Washim,Manora,Semimedium (2 to 4 ha),6014,15871,15856,11,4,13590,2266,10,0,0
2010,Washim,Risod,Semimedium (2 to 4 ha),7432,20078,19441,58,579,18521,919,8,27,24
2010,Washim,Washim,Semimedium (2 to 4 ha),7713,21015,20597,72,346,20252,344,0,72,0
2015,Washim,Karanja,Semimedium (2 to 4 ha),8692,21359,19254,2105,0,18640,614,2105,0,0
2015,Washim,Malegaon,Semimedium (2 to 4 ha),7809,19350,17553,1797,0,17157,396,1797,0,0
2015,Washim,Mangrulpir,Semimedium (2 to 4 ha),6048,16297,14908,1389,0,14654,254,1389,0,0
2015,Washim,Manora,Semimedium (2 to 4 ha),7142,18762,17007,1755,0,16518,489,1755,0,0
2015,Washim,Risod,Semimedium (2 to 4 ha),7725,19413,17646,1767,0,17377,269,1767,0,0
2015,Washim,Washim,Semimedium (2 to 4 ha),6484,18415,16953,1462,0,16787,166,1462,0,0
2000,Washim,Karanja,Medium (4 to 10 ha),3779,22129,21113,773,243,20411,701,71,362,341
2000,Washim,Malegoan,Medium (4 to 10 ha),3727,21952,20685,964,303,19712,973,50,581,333
2000,Washim,Mangsulpeer,Medium (4 to 10 ha),3522,20064,19834,127,102,18295,1539,32,87,9
2000,Washim,Manora,Medium (4 to 10 ha),2614,15029,14254,433,342,13673,581,73,149,211
2000,Washim,Risod,Medium (4 to 10 ha),4440,25867,24957,637,273,23556,1401,302,228,106
2000,Washim,Washim,Medium (4 to 10 ha),4188,24631,24028,280,323,22934,1094,144,105,30
2010,Washim,Karanja,Medium (4 to 10 ha),3037,17192,17192,0,0,16825,367,0,0,0
2010,Washim,Malegaon,Medium (4 to 10 ha),2557,14378,14340,1,38,14280,60,1,1,0
2010,Washim,Manglurpeer,Medium (4 to 10 ha),2388,13548,13120,37,391,12516,604,4,19,14
2010,Washim,Manora,Medium (4 to 10 ha),2087,11832,11822,6,4,9795,2027,6,0,0
2010,Washim,Risod,Medium (4 to 10 ha),3081,17321,16203,127,990,13263,2940,0,92,36
2010,Washim,Washim,Medium (4 to 10 ha),3345,18950,18550,61,338,18130,420,0,49,12
2015,Washim,Karanja,Medium (4 to 10 ha),2598,14275,12191,2084,0,11221,971,2084,0,0
2015,Washim,Malegaon,Medium (4 to 10 ha),2236,12429,10750,1678,0,10401,349,1678,0,0
2015,Washim,Mangrulpir,Medium (4 to 10 ha),1877,10286,9064,1221,0,8903,161,1221,0,0
2015,Washim,Manora,Medium (4 to 10 ha),2214,12184,10540,1644,0,10090,451,1644,0,0
2015,Washim,Risod,Medium (4 to 10 ha),2626,14849,13274,1575,0,12664,610,1575,0,0
2015,Washim,Washim,Medium (4 to 10 ha),2221,12685,10970,1715,0,10868,102,1715,0,0
2000,Washim,Karanja,Large (>10 ha),451,6161,5757,338,66,5562,196,22,135,180
2000,Washim,Malegoan,Large (>10 ha),470,6114,5414,537,163,5209,205,6,232,300
2000,Washim,Mangsulpeer,Large (>10 ha),531,6362,6257,89,16,5514,743,50,39,0
2000,Washim,Manora,Large (>10 ha),299,3956,3741,152,63,3596,144,37,78,37
2000,Washim,Risod,Large (>10 ha),495,6309,5622,604,83,5163,459,209,103,292
2000,Washim,Washim,Large (>10 ha),532,7186,6996,58,133,6700,296,35,22,0
2010,Washim,Karanja,Large (>10 ha),300,4148,4148,0,0,4148,0,0,0,0
2010,Washim,Malegaon,Large (>10 ha),243,3229,3229,0,0,3088,142,0,0,0
2010,Washim,Manglurpeer,Large (>10 ha),197,2612,2529,10,74,2343,186,2,8,1
2010,Washim,Manora,Large (>10 ha),216,2781,2779,2,0,2589,190,2,0,0
2010,Washim,Risod,Large (>10 ha),203,3052,2567,76,410,2152,415,0,9,66
2010,Washim,Washim,Large (>10 ha),307,4010,3791,10,209,3485,306,0,8,2
2015,Washim,Karanja,Large (>10 ha),153,2417,2367,51,0,2002,365,51,0,0
2015,Washim,Malegaon,Large (>10 ha),117,1922,1779,143,0,1670,109,143,0,0
2015,Washim,Mangrulpir,Large (>10 ha),133,1960,1886,75,0,1823,63,75,0,0
2015,Washim,Manora,Large (>10 ha),141,1965,1853,111,0,1284,569,111,0,0
2015,Washim,Risod,Large (>10 ha),183,2573,2425,148,0,1999,426,148,0,0
2015,Washim,Washim,Large (>10 ha),216,2668,2538,130,0,2448,90,130,0,0
2015,Washim,Karanja,Large (>10 ha),153,2417,2367,51,0,2002,365,51,0,0
2015,Washim,Malegaon,Large (>10 ha),117,1922,1779,143,0,1670,109,143,0,0
2015,Washim,Mangrulpir,Large (>10 ha),133,1960,1886,75,0,1823,63,75,0,0
2015,Washim,Manora,Large (>10 ha),141,1965,1853,111,0,1284,569,111,0,0
2015,Washim,Risod,Large (>10 ha),183,2573,2425,148,0,1999,426,148,0,0
2015,Washim,Washim,Large (>10 ha),216,2668,2538,130,0,2448,90,130,0,0
2000,Yavatmal,Ner,Marginal (Below 1 ha),1459,955,953,1,1,947,6,0,0,1
2000,Yavatmal,Babhulgaon,Marginal (Below 1 ha),3960,3306,3397,17,3,3343,44,6,11,0
2000,Yavatmal,Kalamb,Marginal (Below 1 ha),11061,6375,6314,57,5,6139,195,0,35,33
2000,Yavatmal,Yavatmal,Marginal (Below 1 ha),3199,1451,1413,33,6,1367,45,0,30,13
2000,Yavatmal,Darvha,Marginal (Below 1 ha),7993,4733,4656,53,13,4367,399,19,30,5
2000,Yavatmal,Digras,Marginal (Below 1 ha),4305,1937,1903,11,33,1966,36,0,7,4
2000,Yavatmal,Pusad,Marginal (Below 1 ha),791,563,559,1,3,551,9,0,0,0
2000,Yavatmal,Umarkhed,Marginal (Below 1 ha),7107,3761,3743,3,15,3697,56,0,0,3
2000,Yavatmal,Mahagaon,Marginal (Below 1 ha),10396,6046,5977,66,4,5910,67,0,44,31
2000,Yavatmal,Aarni,Marginal (Below 1 ha),3475,1969,1961,6,1,1949,13,1,4,1
2000,Yavatmal,Ghantaji,Marginal (Below 1 ha),1969,1353,1340,1,10,1194,46,0,0,0
2000,Yavatmal,Kelapur,Marginal (Below 1 ha),9633,5304,5379,34,3,5173,106,0,11,13
2000,Yavatmal,Ralegaon,Marginal (Below 1 ha),7461,4104,4093,19,4,3995,97,3,14,1
2000,Yavatmal,Maregaon,Marginal (Below 1 ha),3933,1957,1947,9,1,1917,130,0,4,5
2000,Yavatmal,Zari Jamani,Marginal (Below 1 ha),3507,1394,1394,0,0,1394,0,0,0,0
2000,Yavatmal,Vani,Marginal (Below 1 ha),5743,3505,3496,9,0,3343,154,1,6,3
2010,Yavatmal,Ner,Marginal (Below 1 ha),14547,7999,7994,5,0,7763,333,0,3,3
2010,Yavatmal,Babhulgaon,Marginal (Below 1 ha),3964,3365,3347,0,19,3355,93,0,0,0
2010,Yavatmal,Kalamb,Marginal (Below 1 ha),13795,7345,7310,0,34,7367,44,0,0,0
2010,Yavatmal,Yavatmal,Marginal (Below 1 ha),5764,3537,3536,0,0,3393,134,0,0,0
2010,Yavatmal,Darvha,Marginal (Below 1 ha),750,339,339,0,1,339,0,0,0,0
2010,Yavatmal,Digras,Marginal (Below 1 ha),1339,970,970,0,0,969,1,0,0,0
2010,Yavatmal,Pusad,Marginal (Below 1 ha),10503,5719,5677,16,35,5054,633,0,0,16
2010,Yavatmal,Umarkhed,Marginal (Below 1 ha),16365,9759,9736,5,17,9676,60,0,5,0
2010,Yavatmal,Mahagaon,Marginal (Below 1 ha),4546,3313,3303,1,9,3319,94,0,0,0
2010,Yavatmal,Aarni,Marginal (Below 1 ha),4360,3791,3791,0,0,3757,34,0,0,0
2010,Yavatmal,Ghantaji,Marginal (Below 1 ha),14454,7979,7959,16,3,7939,30,9,6,3
2010,Yavatmal,Kelapur,Marginal (Below 1 ha),10693,5671,5643,6,33,5357,396,0,1,6
2010,Yavatmal,Ralegaon,Marginal (Below 1 ha),5309,3399,3393,6,1,3309,95,1,3,3
2010,Yavatmal,Maregaon,Marginal (Below 1 ha),3650,1413,1405,7,0,1399,7,7,0,0
2010,Yavatmal,Zari Jamani,Marginal (Below 1 ha),7037,4139,4116,33,0,3931,195,33,0,0
2010,Yavatmal,Vani,Marginal (Below 1 ha),13601,6995,6975,30,0,6750,335,30,0,0
2015,Yavatmal,Ner,Marginal (Below 1 ha),3999,3359,3341,19,0,3347,94,19,0,0
2015,Yavatmal,Babhulgaon,Marginal (Below 1 ha),13717,7799,7770,19,0,7407,363,19,0,0
2015,Yavatmal,Kalamb,Marginal (Below 1 ha),5776,3399,3374,136,0,3040,334,136,0,0
2015,Yavatmal,Yavatmal,Marginal (Below 1 ha),3357,1416,1404,13,0,1403,3,13,0,0
2015,Yavatmal,Darvha,Marginal (Below 1 ha),13514,6373,6349,33,0,5796,464,33,0,0
2015,Yavatmal,Digras,Marginal (Below 1 ha),16311,9933,9939,4,0,9939,91,4,0,0
2015,Yavatmal,Pusad,Marginal (Below 1 ha),4944,3633,3591,33,0,3514,76,33,0,0
2015,Yavatmal,Umarkhed,Marginal (Below 1 ha),6479,3993,3966,17,0,3933,34,17,0,0
2015,Yavatmal,Mahagaon,Marginal (Below 1 ha),16617,9431,9363,57,0,9000,363,57,0,0
2015,Yavatmal,Aarni,Marginal (Below 1 ha),14006,6909,6741,69,0,6379,463,69,0,0
2015,Yavatmal,Ghantaji,Marginal (Below 1 ha),6463,3473,3400,73,0,3317,93,73,0,0
2015,Yavatmal,Kelapur,Marginal (Below 1 ha),1669,3369,3331,39,10,3391,39,0,13,15
2015,Yavatmal,Ralegaon,Marginal (Below 1 ha),6101,9734,9564,153,16,9353,313,44,94,15
2015,Yavatmal,Maregaon,Marginal (Below 1 ha),7165,10094,9934,139,31,9519,406,6,59,64
2015,Yavatmal,Zari Jamani,Marginal (Below 1 ha),3934,5631,5493,113,15,5344,350,3,65,45
2015,Yavatmal,Vani,Small (1 to 2 ha),9351,11999,11634,176,79,10500,1134,70,94,13
2000,Yavatmal,Ner,Small (1 to 2 ha),3719,4053,4014,31,17,3939,95,0,14,9
2000,Yavatmal,Babhulgaon,Small (1 to 2 ha),4964,9179,9134,33,33,9039,96,0,31,3
2000,Yavatmal,Kalamb,Small (1 to 2 ha),4337,5999,5963,9,39,5717,145,0,4,5
2000,Yavatmal,Yavatmal,Small (1 to 2 ha),6636,9055,9910,139,6,9690,330,0,104,35
2000,Yavatmal,Darvha,Small (1 to 2 ha),3336,3036,3014,13,0,3993,30,0,7,5
2000,Yavatmal,Digras,Small (1 to 2 ha),5541,9417,9353,33,43,9136,337,0,15,7
2000,Yavatmal,Pusad,Small (1 to 2 ha),5530,7933,7906,113,4,7345,560,0,60,53
2000,Yavatmal,Umarkhed,Small (1 to 2 ha),4113,5761,5695,43,33,5504,191,7,39,7
2000,Yavatmal,Mahagaon,Small (1 to 2 ha),7460,11053,10995,41,16,10099,999,4,16,31
2000,Yavatmal,Aarni,Small (1 to 2 ha),3136,3004,3004,0,0,3004,0,0,0,0
2000,Yavatmal,Ghantaji,Small (1 to 2 ha),9709,13436,13339,91,16,11765,564,1,49,33
2000,Yavatmal,Kelapur,Small (1 to 2 ha),9330,11535,11531,4,0,11397,334,0,0,4
2000,Yavatmal,Ralegaon,Small (1 to 2 ha),5167,7330,7379,0,51,7116,163,0,0,0
2000,Yavatmal,Maregaon,Small (1 to 2 ha),13333,17650,17504,1,146,17417,97,0,1,0
2000,Yavatmal,Zari Jamani,Small (1 to 2 ha),3965,5793,5751,0,31,5594,167,0,0,0
2000,Yavatmal,Vani,Small (1 to 2 ha),1796,3617,3593,0,35,3593,0,0,0,0
2010,Yavatmal,Ner,Small (1 to 2 ha),5905,9599,9595,3,0,9593,13,0,0,3
2010,Yavatmal,Babhulgaon,Small (1 to 2 ha),6350,9959,9663,36,170,9110,553,0,9,19
2010,Yavatmal,Kalamb,Small (1 to 2 ha),7795,10731,10715,0,5,10697,19,0,0,0
2010,Yavatmal,Yavatmal,Small (1 to 2 ha),3939,4199,4157,0,43,3936,331,0,0,0
2010,Yavatmal,Darvha,Small (1 to 2 ha),9099,13031,13031,0,0,13939,194,0,0,0
2010,Yavatmal,Digras,Small (1 to 2 ha),7940,10931,10959,66,7,10791,77,3,43,31
2010,Yavatmal,Pusad,Small (1 to 2 ha),4715,6533,6437,4,93,6113,334,0,0,4
2010,Yavatmal,Umarkhed,Small (1 to 2 ha),10753,15765,15699,65,13,15433,356,34,13,17
2010,Yavatmal,Mahagaon,Small (1 to 2 ha),3191,3099,3067,31,0,3037,30,31,0,0
2010,Yavatmal,Aarni,Small (1 to 2 ha),9563,13030,13937,193,0,13167,670,193,0,0
2010,Yavatmal,Ghantaji,Small (1 to 2 ha),7339,9999,9973,37,0,9599,394,37,0,0
2010,Yavatmal,Kelapur,Small (1 to 2 ha),5333,7394,7303,91,0,7016,197,91,0,0
2010,Yavatmal,Ralegaon,Small (1 to 2 ha),13009,17077,16971,306,0,16153,719,306,0,0
2010,Yavatmal,Maregaon,Small (1 to 2 ha),4510,5945,5731,135,0,5393,339,135,0,0
2010,Yavatmal,Zari Jamani,Small (1 to 2 ha),7695,9646,9414,333,0,9409,5,333,0,0
2010,Yavatmal,Vani,Small (1 to 2 ha),6797,9595,9493,93,0,9956,637,93,0,0
2015,Yavatmal,Ner,Small (1 to 2 ha),7919,10373,10351,33,0,10311,39,33,0,0
2015,Yavatmal,Babhulgaon,Small (1 to 2 ha),3099,4495,4340,145,0,4104,336,145,0,0
2015,Yavatmal,Kalamb,Small (1 to 2 ha),10796,14945,14759,196,0,14539,330,196,0,0
2015,Yavatmal,Yavatmal,Small (1 to 2 ha),9330,13169,13057,111,0,11550,507,111,0,0
2015,Yavatmal,Darvha,Small (1 to 2 ha),5496,7374,7317,157,0,6990,337,157,0,0
2015,Yavatmal,Digras,Small (1 to 2 ha),13537,16399,15931,479,0,15613,309,479,0,0
2015,Yavatmal,Pusad,Small (1 to 2 ha),1335,3345,3353,90,4,3133,139,0,66,33
2015,Yavatmal,Umarkhed,Small (1 to 2 ha),5033,14066,13664,374,39,13997,677,134,315,34
2015,Yavatmal,Mahagaon,Small (1 to 2 ha),3470,9395,9197,149,59,9709,479,4,93,53
2015,Yavatmal,Aarni,Small (1 to 2 ha),3971,9160,7999,349,33,7473,416,5,170,73
2015,Yavatmal,Ghantaji,Small (1 to 2 ha),7130,19463,19005,339,119,15933,3094,135,155,49
2015,Yavatmal,Kelapur,Small (1 to 2 ha),3417,9539,9413,95,31,9393,130,19,53,33
2015,Yavatmal,Ralegaon,Small (1 to 2 ha),6399,19050,17959,33,59,17699,361,0,19,15
2015,Yavatmal,Maregaon,Small (1 to 2 ha),3575,7014,6950,33,31,6665,394,0,30,3
2015,Yavatmal,Zari Jamani,Small (1 to 2 ha),3966,7674,7493,175,19,7173,309,3,149,36
2015,Yavatmal,Vani,Small (1 to 2 ha),1939,5731,5704,16,1,5563,141,7,7,3
2000,Yavatmal,Ner,Semimedium (2 to 4 ha),10193,34905,34575,109,130,33633,953,0,99,31
2000,Yavatmal,Babhulgaon,Semimedium (2 to 4 ha),3950,7959,7637,331,0,6741,996,3,197,33
2000,Yavatmal,Kalamb,Semimedium (2 to 4 ha),1935,5149,5043,57,49,4965,179,9,46,3
2000,Yavatmal,Yavatmal,Semimedium (2 to 4 ha),7495,30933,30649,154,39,19007,3643,9,60,95
2000,Yavatmal,Darvha,Semimedium (2 to 4 ha),1393,3393,3393,0,0,3393,0,0,0,0
2000,Yavatmal,Digras,Semimedium (2 to 4 ha),5969,16357,16147,153,59,15334,913,0,99,64
2000,Yavatmal,Pusad,Semimedium (2 to 4 ha),3400,9059,9059,0,0,9990,169,0,0,0
2000,Yavatmal,Umarkhed,Semimedium (2 to 4 ha),3394,9979,9996,6,96,9511,375,0,6,0
2000,Yavatmal,Mahagaon,Semimedium (2 to 4 ha),9311,35390,34914,1,366,34941,73,0,1,0
2000,Yavatmal,Aarni,Semimedium (2 to 4 ha),4365,13149,13104,0,44,11950,154,0,0,0
2000,Yavatmal,Ghantaji,Semimedium (2 to 4 ha),3367,7459,7355,0,103,7355,0,0,0,0
2000,Yavatmal,Kelapur,Semimedium (2 to 4 ha),5739,15601,15599,3,0,15531,79,1,0,3
2000,Yavatmal,Ralegaon,Semimedium (2 to 4 ha),3466,9303,9679,99,534,9093,597,0,35,63
2000,Yavatmal,Maregaon,Semimedium (2 to 4 ha),3709,7135,7079,49,7,6951,137,0,0,49
2000,Yavatmal,Zari Jamani,Semimedium (2 to 4 ha),3099,5637,5546,33,49,5363,194,19,13,1
2000,Yavatmal,Vani,Semimedium (2 to 4 ha),7609,30673,30673,0,0,30390,393,0,0,0
2010,Yavatmal,Ner,Semimedium (2 to 4 ha),3709,9945,9909,35,11,9733,97,14,9,3
2010,Yavatmal,Babhulgaon,Semimedium (2 to 4 ha),1559,4094,3965,1,117,3757,309,0,0,1
2010,Yavatmal,Kalamb,Semimedium (2 to 4 ha),9695,36499,36311,79,99,35733,599,36,39,14
2010,Yavatmal,Yavatmal,Semimedium (2 to 4 ha),1610,4499,4417,73,0,4405,13,73,0,0
2010,Yavatmal,Darvha,Semimedium (2 to 4 ha),6357,16603,16395,307,0,15393,913,307,0,0
2010,Yavatmal,Digras,Semimedium (2 to 4 ha),5693,15040,14964,176,0,14467,399,176,0,0
2010,Yavatmal,Pusad,Semimedium (2 to 4 ha),3904,7509,7336,173,0,6964,473,173,0,0
2010,Yavatmal,Umarkhed,Semimedium (2 to 4 ha),10669,36694,36390,304,0,34669,1731,304,0,0
2010,Yavatmal,Mahagaon,Semimedium (2 to 4 ha),5630,15379,14917,363,0,14665,351,363,0,0
2010,Yavatmal,Aarni,Semimedium (2 to 4 ha),6610,16661,15995,766,0,15934,61,766,0,0
2010,Yavatmal,Ghantaji,Semimedium (2 to 4 ha),3669,9779,9530,359,0,9933,697,359,0,0
2010,Yavatmal,Kelapur,Semimedium (2 to 4 ha),3613,9434,9379,46,0,9193,194,46,0,0
2010,Yavatmal,Ralegaon,Semimedium (2 to 4 ha),3531,6993,6709,195,0,6510,199,195,0,0
2010,Yavatmal,Maregaon,Semimedium (2 to 4 ha),9549,33597,31999,599,0,31690,319,599,0,0
2010,Yavatmal,Zari Jamani,Semimedium (2 to 4 ha),4075,10351,10191,159,0,9510,691,159,0,0
2010,Yavatmal,Vani,Semimedium (2 to 4 ha),3033,5300,5035,165,0,4796,339,165,0,0
2015,Yavatmal,Ner,Semimedium (2 to 4 ha),11106,39696,37919,979,0,37363,556,979,0,0
2015,Yavatmal,Babhulgaon,Semimedium (2 to 4 ha),509,3979,3753,136,0,3594,169,0,36,100
2015,Yavatmal,Kalamb,Semimedium (2 to 4 ha),3910,16719,16397,395,36,15343,955,93,379,35
2015,Yavatmal,Yavatmal,Semimedium (2 to 4 ha),1139,6191,5999,139,164,5565,334,0,64,65
2015,Yavatmal,Darvha,Semimedium (2 to 4 ha),1349,7769,7315,431,33,6637,679,0,311,309
2015,Yavatmal,Digras,Semimedium (2 to 4 ha),3951,33113,31465,454,194,15439,6039,193,163,100
2015,Yavatmal,Pusad,Semimedium (2 to 4 ha),3167,13110,13900,134,97,13603,396,13,91,30
2015,Yavatmal,Umarkhed,Semimedium (2 to 4 ha),3361,13671,13513,49,111,13316,196,0,6,43
2015,Yavatmal,Mahagaon,Semimedium (2 to 4 ha),1001,5646,5363,19,364,4703,659,0,19,0
2015,Yavatmal,Aarni,Semimedium (2 to 4 ha),707,3996,3777,106,13,3555,333,0,93,14
2015,Yavatmal,Ghantaji,Semimedium (2 to 4 ha),1030,5954,5939,109,7,5514,334,39,49,33
2015,Yavatmal,Kelapur,Semimedium (2 to 4 ha),3979,16605,16394,306,105,14694,1600,0,306,0
2015,Yavatmal,Ralegaon,Semimedium (2 to 4 ha),909,5334,5037,194,3,4910,337,0,173,11
2015,Yavatmal,Maregaon,Semimedium (2 to 4 ha),460,3465,3407,50,7,3339,69,0,43,9
2015,Yavatmal,Zari Jamani,Semimedium (2 to 4 ha),4900,39390,37975,361,44,31049,6936,30,139,303
2015,Yavatmal,Vani,Semimedium (2 to 4 ha),397,3153,3153,0,0,3153,0,0,0,0
2000,Yavatmal,Ner,Medium (4 to 10 ha),3599,14413,14335,173,6,13466,769,5,33,136
2000,Yavatmal,Babhulgaon,Medium (4 to 10 ha),799,4193,4163,30,0,4097,76,0,30,0
2000,Yavatmal,Kalamb,Medium (4 to 10 ha),1173,6433,6399,34,101,6091,307,0,34,0
2000,Yavatmal,Yavatmal,Medium (4 to 10 ha),3696,30535,19979,11,636,19740,139,0,11,0
2000,Yavatmal,Darvha,Medium (4 to 10 ha),3363,13603,13533,0,70,13339,194,0,0,0
2000,Yavatmal,Digras,Medium (4 to 10 ha),535,3999,3773,0,115,3773,0,0,0,0
2000,Yavatmal,Pusad,Medium (4 to 10 ha),3443,13609,13576,33,0,13561,16,6,0,37
2000,Yavatmal,Umarkhed,Medium (4 to 10 ha),993,5433,4713,50,670,4455,357,0,16,34
2000,Yavatmal,Mahagaon,Medium (4 to 10 ha),541,3963,3963,0,0,3963,0,0,0,0
2000,Yavatmal,Aarni,Medium (4 to 10 ha),965,4910,4903,0,7,4773,131,0,0,0
2000,Yavatmal,Ghantaji,Medium (4 to 10 ha),3143,17515,17515,0,0,17439,96,0,0,0
2000,Yavatmal,Kelapur,Medium (4 to 10 ha),953,5396,5331,65,0,5167,154,5,0,60
2000,Yavatmal,Ralegaon,Medium (4 to 10 ha),337,1359,1343,0,15,1160,93,0,0,0
2000,Yavatmal,Maregaon,Medium (4 to 10 ha),3950,31317,31077,139,110,30153,936,61,30,39
2000,Yavatmal,Zari Jamani,Medium (4 to 10 ha),617,3306,3359,46,0,3317,43,46,0,0
2000,Yavatmal,Vani,Medium (4 to 10 ha),3371,13013,13716,396,0,11943,774,396,0,0
2010,Yavatmal,Ner,Medium (4 to 10 ha),911,4737,4561,176,0,4437,135,176,0,0
2010,Yavatmal,Babhulgaon,Medium (4 to 10 ha),994,4964,4794,190,0,4394,400,190,0,0
2010,Yavatmal,Kalamb,Medium (4 to 10 ha),3379,19931,19313,519,0,16165,3147,519,0,0
2010,Yavatmal,Yavatmal,Medium (4 to 10 ha),3333,19394,17967,417,0,17904,164,417,0,0
2010,Yavatmal,Darvha,Medium (4 to 10 ha),3593,13415,13937,499,0,13909,19,499,0,0
2010,Yavatmal,Digras,Medium (4 to 10 ha),1071,5901,5444,457,0,5051,394,457,0,0
2010,Yavatmal,Pusad,Medium (4 to 10 ha),714,3959,3931,37,0,3911,10,37,0,0
2010,Yavatmal,Umarkhed,Medium (4 to 10 ha),1096,6193,6093,99,0,5995,109,99,0,0
2010,Yavatmal,Mahagaon,Medium (4 to 10 ha),3339,17935,17449,476,0,17364,95,476,0,0
2010,Yavatmal,Aarni,Medium (4 to 10 ha),1034,5969,5693,176,0,5366,436,176,0,0
2010,Yavatmal,Ghantaji,Medium (4 to 10 ha),335,1736,1691,45,0,1593,99,45,0,0
2010,Yavatmal,Kelapur,Medium (4 to 10 ha),3635,19933,19093,950,0,19401,693,950,0,0
2010,Yavatmal,Ralegaon,Medium (4 to 10 ha),39,355,303,53,0,303,0,0,0,53
2010,Yavatmal,Maregaon,Medium (4 to 10 ha),397,3969,3770,79,19,3547,333,14,65,0
2010,Yavatmal,Zari Jamani,Medium (4 to 10 ha),64,991,991,0,0,993,9,0,0,0
2010,Yavatmal,Vani,Medium (4 to 10 ha),93,1035,1034,1,0,593,443,0,0,1
2015,Yavatmal,Ner,Medium (4 to 10 ha),407,5640,5430,179,43,3411,3009,40,67,73
2015,Yavatmal,Babhulgaon,Medium (4 to 10 ha),393,4795,4690,60,46,4570,110,59,3,0
2015,Yavatmal,Kalamb,Medium (4 to 10 ha),170,3535,3535,3,9,3490,35,0,3,0
2015,Yavatmal,Yavatmal,Medium (4 to 10 ha),70,1467,1467,0,0,1159,309,0,0,0
2015,Yavatmal,Darvha,Medium (4 to 10 ha),46,631,563,59,0,531,43,0,45,13
2015,Yavatmal,Digras,Medium (4 to 10 ha),119,1637,1566,57,4,1449,119,5,45,7
2015,Yavatmal,Pusad,Medium (4 to 10 ha),373,4300,4333,53,35,3509,1714,0,50,3
2015,Yavatmal,Umarkhed,Medium (4 to 10 ha),67,977,699,194,4,664,35,0,69,116
2015,Yavatmal,Mahagaon,Medium (4 to 10 ha),19,331,331,0,0,149,74,0,0,0
2015,Yavatmal,Aarni,Medium (4 to 10 ha),513,7339,7305,133,11,5171,3034,30,61,43
2015,Yavatmal,Ghantaji,Medium (4 to 10 ha),16,195,195,0,0,195,0,0,0,0
2015,Yavatmal,Kelapur,Medium (4 to 10 ha),193,3491,3397,99,5,3300,97,99,0,10
2015,Yavatmal,Ralegaon,Medium (4 to 10 ha),33,469,469,0,0,469,1,0,0,0
2015,Yavatmal,Maregaon,Medium (4 to 10 ha),61,949,939,0,10,939,0,0,0,0
2015,Yavatmal,Zari Jamani,Medium (4 to 10 ha),339,3141,3996,0,145,3995,11,0,0,0
2015,Yavatmal,Vani,Medium (4 to 10 ha),173,3394,3371,0,33,3371,0,0,0,0
2000,Yavatmal,Ner,Large (>10 ha),39,673,673,0,0,673,0,0,0,0
2000,Yavatmal,Babhulgaon,Large (>10 ha),133,3355,3355,0,0,3355,0,0,0,0
2000,Yavatmal,Kalamb,Large (>10 ha),43,649,635,0,14,450,195,0,0,0
2000,Yavatmal,Yavatmal,Large (>10 ha),53,965,965,0,0,965,0,0,0,0
2000,Yavatmal,Darvha,Large (>10 ha),96,1163,1161,0,3,1134,37,0,0,0
2000,Yavatmal,Digras,Large (>10 ha),145,3047,3047,0,0,3047,0,0,0,0
2000,Yavatmal,Pusad,Large (>10 ha),50,743,743,0,0,743,0,0,0,0
2000,Yavatmal,Umarkhed,Large (>10 ha),16,366,366,0,0,366,0,0,0,0
2000,Yavatmal,Mahagaon,Large (>10 ha),317,3995,3943,40,14,3641,301,0,40,0
2000,Yavatmal,Aarni,Large (>10 ha),36,1336,1336,0,0,1336,0,0,0,0
2000,Yavatmal,Ghantaji,Large (>10 ha),153,3354,3354,0,0,3319,135,0,0,0
2000,Yavatmal,Kelapur,Large (>10 ha),40,773,773,0,0,773,1,0,0,0
2000,Yavatmal,Ralegaon,Large (>10 ha),74,1160,1153,9,0,1117,35,9,0,0
2000,Yavatmal,Maregaon,Large (>10 ha),359,3319,3319,0,0,3941,376,0,0,0
2000,Yavatmal,Zari Jamani,Large (>10 ha),333,3937,3933,13,0,3995,39,13,0,0
2000,Yavatmal,Vani,Large (>10 ha),159,3334,3331,3,0,3331,0,3,0,0
2010,Yavatmal,Ner,Large (>10 ha),60,793,779,14,0,779,0,14,0,0
2010,Yavatmal,Babhulgaon,Large (>10 ha),35,435,435,0,0,340,95,0,0,0
2010,Yavatmal,Kalamb,Large (>10 ha),93,1457,1455,3,0,1417,39,3,0,0
2010,Yavatmal,Yavatmal,Large (>10 ha),191,3759,3759,0,0,3759,0,0,0,0
2010,Yavatmal,Darvha,Large (>10 ha),77,1639,1639,0,0,1639,0,0,0,0
2010,Yavatmal,Digras,Large (>10 ha),14,333,333,0,0,333,0,0,0,0
2010,Yavatmal,Pusad,Large (>10 ha),175,3549,3507,43,0,3369,339,43,0,0
2010,Yavatmal,Umarkhed,Large (>10 ha),195,1916,11935,69,13,11561,373,63,4,3
2010,Yavatmal,Mahagaon,Large (>10 ha),396,7369,17053,195,31,13391,3671,0,149,37
2010,Yavatmal,Aarni,Large (>10 ha),433,3403,13109,399,5,13311,999,136,95,67
2010,Yavatmal,Ghantaji,Large (>10 ha),759,916,30917,0,99,30643,175,0,0,0
2010,Yavatmal,Kelapur,Large (>10 ha),137,1390,11359,0,33,11357,1,0,0,0
2010,Yavatmal,Ralegaon,Large (>10 ha),933,700,10369,333,0,9991,377,333,0,0
2010,Yavatmal,Maregaon,Large (>10 ha),943,495,10396,99,0,9719,679,99,0,0
2010,Yavatmal,Zari Jamani,Large (>10 ha),669,5339,14739,500,0,3999,739,500,0,0
2010,Yavatmal,Vani,Large (>10 ha),919,476,10190,395,0,9657,534,395,0,0
2015,Yavatmal,Ner,Large (>10 ha),331,6509,15939,570,0,5593,344,570,0,0
2015,Yavatmal,Babhulgaon,Large (>10 ha),137,3037,3036,1,0,1960,176,0,1,0
2015,Yavatmal,Kalamb,Large (>10 ha),77,1301,1030,133,49,1004,16,133,0,0
2015,Yavatmal,Yavatmal,Large (>10 ha),300,3667,3575,96,6,3300,376,96,0,0
2015,Yavatmal,Darvha,Large (>10 ha),349,3763,3734,39,0,1941,993,0,39,0
2015,Yavatmal,Digras,Large (>10 ha),369,3913,3443,333,37,3139,314,155,177,0
2015,Yavatmal,Pusad,Large (>10 ha),94,1393,1375,0,7,1369,9,0,0,0
2015,Yavatmal,Umarkhed,Large (>10 ha),339,3799,3695,105,9,3699,996,0,17,99
2015,Yavatmal,Mahagaon,Large (>10 ha),179,3563,3313,349,3,1533,791,100,97,50
2015,Yavatmal,Aarni,Large (>10 ha),360,3903,3943,0,60,3659,195,0,0,0
2015,Yavatmal,Ghantaji,Large (>10 ha),74,1393,1393,0,0,1393,0,0,0,0
2015,Yavatmal,Kelapur,Large (>10 ha),99,1463,1463,0,0,1407,56,0,0,0
2015,Yavatmal,Ralegaon,Large (>10 ha),75,1351,1336,14,0,1099,339,14,0,0
2015,Yavatmal,Maregaon,Large (>10 ha),359,3494,3396,109,0,3176,310,109,0,0
2015,Yavatmal,Zari Jamani,Large (>10 ha),139,3473,3463,9,0,1516,946,9,0,0
2015,Yavatmal,Vani,Large (>10 ha),139,1966,1941,35,0,1353,599,35,0,0
