Year,District,Taluka,Project Size,Irrigation Beneficiary Area,Irrigated Area,Share of Beneficiary Area Irrigated
2009,Nandurbar,Akkalkuva,Big,0.0,0.0,
2009,Nandurbar,Akkalkuva,Medium,4857.0,20.18,
2009,Nandurbar,Akkalkuva,Small,23.56,23.56,
2009,Nandurbar,Akrani,Big,0.0,0.0,
2009,Nandurbar,Akrani,Medium,0.0,0.0,
2009,Nandurbar,Akrani,Small,5.38,5.38,
2009,Nandurbar,Nandurbar,Big,0.0,0.0,
2009,Nandurbar,Nandurbar,Medium,5395.0,11.307,
2009,Nandurbar,Nandurbar,Small,122.91,122.91,
2009,Nandurbar,Navapur,Big,0.0,0.0,
2009,Nandurbar,Navapur,Medium,10810.0,22.85,
2009,Nandurbar,Navapur,Small,16.2,16.2,
2009,Nandurbar,Shahada,Big,0.0,0.0,
2009,Nandurbar,Shahada,Medium,26161.0,52.13,
2009,Nandurbar,Shahada,Small,114.19,114.19,
2009,Nandurbar,Taloda,Big,0.0,0.0,
2009,Nandurbar,Taloda,Medium,0.0,0.0,
2009,Nandurbar,Taloda,Small,13.23,13.23,
2009,Ratnagiri,Chiplun,Big,0.0,0.0,
2009,Ratnagiri,Chiplun,Medium,0.0,0.0,
2009,Ratnagiri,Chiplun,Small,4111.0,23.01,
2009,Ratnagiri,Dapoli,Big,0.0,0.0,
2009,Ratnagiri,Dapoli,Medium,0.0,0.0,
2009,Ratnagiri,Dapoli,Small,2517.0,7.47,
2009,Ratnagiri,Guhagar,Big,0.0,0.0,
2009,Ratnagiri,Guhagar,Medium,0.0,0.0,
2009,Ratnagiri,Guhagar,Small,318.0,4.5,
2009,Ratnagiri,Khed,Big,0.0,0.0,
2009,Ratnagiri,Khed,Medium,2050.0,104.51,
2009,Ratnagiri,Khed,Small,7165.0,10.94,
2009,Ratnagiri,Lanja,Big,0.0,0.0,
2009,Ratnagiri,Lanja,Medium,0.0,0.0,
2009,Ratnagiri,Lanja,Small,5067.0,15.0,
2009,Ratnagiri,Mandangad,Big,0.0,0.0,
2009,Ratnagiri,Mandangad,Medium,0.0,0.0,
2009,Ratnagiri,Mandangad,Small,1519.0,0.0,
2009,Ratnagiri,Rajapur,Big,0.0,0.0,
2009,Ratnagiri,Rajapur,Medium,9204.0,0.0,
2009,Ratnagiri,Rajapur,Small,4389.0,14.0,
2009,Ratnagiri,Ratnagiri,Big,0.0,0.0,
2009,Ratnagiri,Ratnagiri,Medium,0.0,0.0,
2009,Ratnagiri,Ratnagiri,Small,346.0,0.0,
2009,Ratnagiri,Sangameshwar,Big,0.0,0.0,
2009,Ratnagiri,Sangameshwar,Medium,3110.0,0.0,
2009,Ratnagiri,Sangameshwar,Small,4413.0,23.34,
2009,Washim,Karanja,Small,4156.0,2144.0,
2009,Washim,Malegaon,Medium,42.0,,
2009,Washim,Malegaon,Small,9848.0,2985.0,
2009,Washim,Mangrulpir,Medium,3114.0,3156.0,
2009,Washim,Mangrulpir,Small,6020.0,2812.0,
2009,Washim,Manora,Small,10419.0,2909.0,
2009,Washim,Resod,Medium,936.0,936.0,
2009,Washim,Resod,Small,731.0,3523.0,
2009,Washim,Washim,Medium,2429.0,2429.0,
2009,Washim,Washim,Small,9159.0,3122.0,
2010,Nandurbar,Akkalkuva,Big,0.0,0.0,
2010,Nandurbar,Akkalkuva,Medium,4857.0,2171.0,
2010,Nandurbar,Akkalkuva,Small,7.56,7.56,
2010,Nandurbar,Akrani,Big,0.0,0.0,
2010,Nandurbar,Akrani,Medium,0.0,0.0,
2010,Nandurbar,Akrani,Small,167.58,167.58,
2010,Nandurbar,Nandurbar,Big,0.0,0.0,
2010,Nandurbar,Nandurbar,Medium,5395.0,1347.0,
2010,Nandurbar,Nandurbar,Small,78.35,78.35,
2010,Nandurbar,Navapur,Big,0.0,0.0,
2010,Nandurbar,Navapur,Medium,15210.0,4941.0,
2010,Nandurbar,Navapur,Small,133.55,133.55,
2010,Nandurbar,Shahada,Big,0.0,0.0,
2010,Nandurbar,Shahada,Medium,26161.0,6639.0,
2010,Nandurbar,Shahada,Small,137.32,137.32,
2010,Nandurbar,Taloda,Big,0.0,0.0,
2010,Nandurbar,Taloda,Medium,0.0,0.0,
2010,Nandurbar,Taloda,Small,4.7,4.7,
2010,Ratnagiri,Chiplun,Big,0.0,0.0,
2010,Ratnagiri,Chiplun,Medium,0.0,0.0,
2010,Ratnagiri,Chiplun,Small,1334.0,296.0,
2010,Ratnagiri,Dapoli,Big,0.0,0.0,
2010,Ratnagiri,Dapoli,Medium,0.0,0.0,
2010,Ratnagiri,Dapoli,Small,1495.0,997.0,
2010,Ratnagiri,Guhagar,Big,0.0,0.0,
2010,Ratnagiri,Guhagar,Medium,0.0,0.0,
2010,Ratnagiri,Guhagar,Small,207.0,5.0,
2010,Ratnagiri,Khed,Big,0.0,0.0,
2010,Ratnagiri,Khed,Medium,2390.0,126.0,
2010,Ratnagiri,Khed,Small,3068.0,1982.0,
2010,Ratnagiri,Lanja,Big,0.0,0.0,
2010,Ratnagiri,Lanja,Medium,0.0,0.0,
2010,Ratnagiri,Lanja,Small,1961.0,15.0,
2010,Ratnagiri,Mandangad,Big,0.0,0.0,
2010,Ratnagiri,Mandangad,Medium,0.0,0.0,
2010,Ratnagiri,Mandangad,Small,707.0,585.0,
2010,Ratnagiri,Rajapur,Big,0.0,0.0,
2010,Ratnagiri,Rajapur,Medium,12112.0,0.0,
2010,Ratnagiri,Rajapur,Small,1296.0,369.0,
2010,Ratnagiri,Ratnagiri,Big,0.0,0.0,
2010,Ratnagiri,Ratnagiri,Medium,0.0,0.0,
2010,Ratnagiri,Ratnagiri,Small,0.0,0.0,
2010,Ratnagiri,Sangameshwar,Big,0.0,0.0,
2010,Ratnagiri,Sangameshwar,Medium,4296.0,0.0,
2010,Ratnagiri,Sangameshwar,Small,2475.0,1019.0,
2010,Washim,Karanja,Medium,104.0,81.0,
2010,Washim,Karanja,Small,963.0,963.0,
2010,Washim,Malegaon,Medium,1156.0,,
2010,Washim,Malegaon,Small,6017.0,6017.0,
2010,Washim,Mangrulpir,Medium,3114.0,3156.0,
2010,Washim,Mangrulpir,Small,2624.0,2624.0,
2010,Washim,Manora,Small,6722.0,6722.0,
2010,Washim,Resod,Medium,936.0,936.0,
2010,Washim,Resod,Small,4117.0,4016.0,
2010,Washim,Washim,Medium,2095.0,2429.0,
2010,Washim,Washim,Small,7130.0,7130.0,
2011,Nandurbar,Akkalkuva,Big,0.0,0.0,
2011,Nandurbar,Akkalkuva,Medium,4857.0,0.0,
2011,Nandurbar,Akkalkuva,Small,166.2,166.2,
2011,Nandurbar,Akrani,Big,0.0,0.0,
2011,Nandurbar,Akrani,Medium,0.0,0.0,
2011,Nandurbar,Akrani,Small,94.46,94.46,
2011,Nandurbar,Nandurbar,Big,0.0,0.0,
2011,Nandurbar,Nandurbar,Medium,5395.0,482.0,
2011,Nandurbar,Nandurbar,Small,1212.57,1072.57,
2011,Nandurbar,Navapur,Big,0.0,0.0,
2011,Nandurbar,Navapur,Medium,15210.0,3419.0,
2011,Nandurbar,Navapur,Small,1124.7,1124.7,
2011,Nandurbar,Shahada,Big,0.0,0.0,
2011,Nandurbar,Shahada,Medium,24105.0,15073.0,
2011,Nandurbar,Shahada,Small,407.08,407.08,
2011,Nandurbar,Taloda,Big,0.0,0.0,
2011,Nandurbar,Taloda,Medium,0.0,0.0,
2011,Nandurbar,Taloda,Small,219.7,83.7,
2011,Ratnagiri,Chiplun,Big,0.0,0.0,
2011,Ratnagiri,Chiplun,Medium,0.0,0.0,
2011,Ratnagiri,Chiplun,Small,1632.0,1227.0,
2011,Ratnagiri,Dapoli,Big,0.0,0.0,
2011,Ratnagiri,Dapoli,Medium,0.0,0.0,
2011,Ratnagiri,Dapoli,Small,1840.0,1382.0,
2011,Ratnagiri,Guhagar,Big,0.0,0.0,
2011,Ratnagiri,Guhagar,Medium,0.0,0.0,
2011,Ratnagiri,Guhagar,Small,315.0,207.0,
2011,Ratnagiri,Khed,Big,0.0,0.0,
2011,Ratnagiri,Khed,Medium,2050.0,82.0,
2011,Ratnagiri,Khed,Small,3068.0,2174.0,
2011,Ratnagiri,Lanja,Big,0.0,0.0,
2011,Ratnagiri,Lanja,Medium,0.0,0.0,
2011,Ratnagiri,Lanja,Small,1961.0,620.0,
2011,Ratnagiri,Mandangad,Big,0.0,0.0,
2011,Ratnagiri,Mandangad,Medium,0.0,0.0,
2011,Ratnagiri,Mandangad,Small,707.0,585.0,
2011,Ratnagiri,Rajapur,Big,0.0,0.0,
2011,Ratnagiri,Rajapur,Medium,12112.0,0.0,
2011,Ratnagiri,Rajapur,Small,1296.0,472.0,
2011,Ratnagiri,Ratnagiri,Big,0.0,0.0,
2011,Ratnagiri,Ratnagiri,Medium,0.0,0.0,
2011,Ratnagiri,Ratnagiri,Small,0.0,0.0,
2011,Ratnagiri,Sangameshwar,Big,0.0,0.0,
2011,Ratnagiri,Sangameshwar,Medium,4296.0,0.0,
2011,Ratnagiri,Sangameshwar,Small,2475.0,1553.0,
2011,Washim,Karanja,Big,0.0,0.0,
2011,Washim,Karanja,Medium,104.0,45.0,
2011,Washim,Karanja,Small,4788.0,1955.0,
2011,Washim,Malegaon,Big,0.0,0.0,
2011,Washim,Malegaon,Medium,4270.0,1352.0,
2011,Washim,Malegaon,Small,9754.0,6156.0,
2011,Washim,Mangrulpir,Big,0.0,0.0,
2011,Washim,Mangrulpir,Medium,0.0,0.0,
2011,Washim,Mangrulpir,Small,6972.0,4330.0,
2011,Washim,Manora,Big,0.0,0.0,
2011,Washim,Manora,Medium,0.0,0.0,
2011,Washim,Manora,Small,9227.0,7688.0,
2011,Washim,Resod,Big,0.0,0.0,
2011,Washim,Resod,Medium,0.0,0.0,
2011,Washim,Resod,Small,8806.0,5830.0,
2011,Washim,Washim,Big,0.0,0.0,
2011,Washim,Washim,Medium,2995.0,1348.0,
2011,Washim,Washim,Small,11511.0,7828.0,
2011,Pune,Khed,Big,19840.0,13558.0,
2011,Pune,Khed,Medium,5928.0,5150.0,
2011,Pune,Khed,Small,10961.0,14960.0,
2011,Pune,Aambegaon,Big,22171.0,14411.0,
2011,Pune,Aambegaon,Medium,0.0,0.0,
2011,Pune,Aambegaon,Small,2667.0,2942.0,
2011,Pune,Baramati,Big,14760.0,27882.0,
2011,Pune,Baramati,Medium,1800.0,2132.0,
2011,Pune,Baramati,Small,11921.0,19657.0,
2011,Pune,Bhor,Big,0.0,561.0,
2011,Pune,Bhor,Medium,0.0,0.0,
2011,Pune,Bhor,Small,4974.0,7935.0,
2011,Pune,Daund,Big,37563.0,46974.0,
2011,Pune,Daund,Medium,0.0,0.0,
2011,Pune,Daund,Small,15444.0,39239.0,
2011,Pune,Haveli,Big,13942.0,13531.0,
2011,Pune,Haveli,Medium,0.0,0.0,
2011,Pune,Haveli,Small,9425.0,13023.0,
2011,Pune,Indapur,Big,50252.0,26243.0,
2011,Pune,Indapur,Medium,1920.0,5786.0,
2011,Pune,Indapur,Small,7894.0,19057.0,
2011,Pune,Junnar,Big,38986.0,25341.0,
2011,Pune,Junnar,Medium,8318.0,6372.0,
2011,Pune,Junnar,Small,178.0,178.0,
2011,Pune,Maval,Big,3488.0,4854.0,
2011,Pune,Maval,Medium,3552.0,627.0,
2011,Pune,Maval,Small,6739.0,7280.0,
2011,Pune,Mulashi,Big,1545.0,0.0,
2011,Pune,Mulashi,Medium,2674.0,2745.0,
2011,Pune,Mulashi,Small,10645.0,17275.0,
2011,Pune,Pune City,Big,0.0,0.0,
2011,Pune,Pune City,Medium,0.0,0.0,
2011,Pune,Pune City,Small,0.0,0.0,
2011,Pune,Purandar,Big,420.0,1670.0,
2011,Pune,Purandar,Medium,1395.0,1565.0,
2011,Pune,Purandar,Small,4693.0,7640.0,
2011,Pune,Shirur,Big,55782.0,36782.0,
2011,Pune,Shirur,Medium,0.0,0.0,
2011,Pune,Shirur,Small,8924.0,12799.0,
2011,Pune,Welhe,Big,0.0,0.0,
2011,Pune,Welhe,Medium,0.0,0.0,
2011,Pune,Welhe,Small,1774.0,3735.0,
2012,Nandurbar,Akkalkuva,Big,0.0,0.0,
2012,Nandurbar,Akkalkuva,Medium,4857.0,0.0,
2012,Nandurbar,Akkalkuva,Small,269.1,269.1,
2012,Nandurbar,Akrani,Big,0.0,0.0,
2012,Nandurbar,Akrani,Medium,0.0,0.0,
2012,Nandurbar,Akrani,Small,331.15,331.15,
2012,Nandurbar,Nandurbar,Big,0.0,0.0,
2012,Nandurbar,Nandurbar,Medium,5395.0,664.0,
2012,Nandurbar,Nandurbar,Small,162.0,162.0,
2012,Nandurbar,Navapur,Big,0.0,0.0,
2012,Nandurbar,Navapur,Medium,15210.0,3634.0,
2012,Nandurbar,Navapur,Small,630.5,390.5,
2012,Nandurbar,Shahada,Big,0.0,0.0,
2012,Nandurbar,Shahada,Medium,24105.0,15862.0,
2012,Nandurbar,Shahada,Small,110.2,110.2,
2012,Nandurbar,Taloda,Big,0.0,0.0,
2012,Nandurbar,Taloda,Medium,0.0,0.0,
2012,Nandurbar,Taloda,Small,16.2,16.2,
2012,Ratnagiri,Chiplun,Big,0.0,0.0,
2012,Ratnagiri,Chiplun,Medium,0.0,0.0,
2012,Ratnagiri,Chiplun,Small,1636.0,1227.0,
2012,Ratnagiri,Dapoli,Big,0.0,0.0,
2012,Ratnagiri,Dapoli,Medium,0.0,0.0,
2012,Ratnagiri,Dapoli,Small,1840.0,1382.0,
2012,Ratnagiri,Guhagar,Big,0.0,0.0,
2012,Ratnagiri,Guhagar,Medium,0.0,0.0,
2012,Ratnagiri,Guhagar,Small,315.0,207.0,
2012,Ratnagiri,Khed,Big,0.0,0.0,
2012,Ratnagiri,Khed,Medium,2050.0,86.0,
2012,Ratnagiri,Khed,Small,2766.0,2180.0,
2012,Ratnagiri,Lanja,Big,0.0,0.0,
2012,Ratnagiri,Lanja,Medium,0.0,0.0,
2012,Ratnagiri,Lanja,Small,723.0,620.0,
2012,Ratnagiri,Mandangad,Big,0.0,0.0,
2012,Ratnagiri,Mandangad,Medium,0.0,0.0,
2012,Ratnagiri,Mandangad,Small,707.0,585.0,
2012,Ratnagiri,Rajapur,Big,0.0,0.0,
2012,Ratnagiri,Rajapur,Medium,12112.0,0.0,
2012,Ratnagiri,Rajapur,Small,1118.0,823.0,
2012,Ratnagiri,Ratnagiri,Big,0.0,0.0,
2012,Ratnagiri,Ratnagiri,Medium,0.0,0.0,
2012,Ratnagiri,Ratnagiri,Small,0.0,0.0,
2012,Ratnagiri,Sangameshwar,Big,0.0,0.0,
2012,Ratnagiri,Sangameshwar,Medium,4296.0,0.0,
2012,Ratnagiri,Sangameshwar,Small,2114.0,1553.0,
2012,Washim,Karanja,Big,0.0,0.0,
2012,Washim,Karanja,Medium,0.0,0.0,
2012,Washim,Karanja,Small,5103.0,2270.0,
2012,Washim,Malegaon,Big,0.0,0.0,
2012,Washim,Malegaon,Medium,4270.0,3156.0,
2012,Washim,Malegaon,Small,7992.0,5249.0,
2012,Washim,Mangrulpir,Big,0.0,0.0,
2012,Washim,Mangrulpir,Medium,0.0,0.0,
2012,Washim,Mangrulpir,Small,7232.0,4590.0,
2012,Washim,Manora,Big,0.0,0.0,
2012,Washim,Manora,Medium,0.0,0.0,
2012,Washim,Manora,Small,9287.0,7688.0,
2012,Washim,Resod,Big,0.0,0.0,
2012,Washim,Resod,Medium,0.0,0.0,
2012,Washim,Resod,Small,8806.0,5830.0,
2012,Washim,Washim,Big,0.0,0.0,
2012,Washim,Washim,Medium,2625.0,2429.0,
2012,Washim,Washim,Small,9504.0,7707.0,
2012,Pune,Khed,Big,8283.0,4546.0,
2012,Pune,Khed,Medium,160.0,208.0,
2012,Pune,Khed,Small,10792.0,5017.0,
2012,Pune,Aambegaon,Big,0.0,0.0,
2012,Pune,Aambegaon,Medium,0.0,0.0,
2012,Pune,Aambegaon,Small,0.0,90.0,
2012,Pune,Baramati,Big,14760.0,33571.0,
2012,Pune,Baramati,Medium,1295.0,0.0,
2012,Pune,Baramati,Small,11741.0,7799.0,
2012,Pune,Bhor,Big,0.0,0.0,
2012,Pune,Bhor,Medium,0.0,0.0,
2012,Pune,Bhor,Small,4826.0,3083.0,
2012,Pune,Daund,Big,28055.0,40210.0,
2012,Pune,Daund,Medium,0.0,0.0,
2012,Pune,Daund,Small,13992.0,21022.0,
2012,Pune,Haveli,Big,6012.0,7062.0,
2012,Pune,Haveli,Medium,1492.0,1945.0,
2012,Pune,Haveli,Small,9802.0,5231.0,
2012,Pune,Indapur,Big,50196.0,60597.0,
2012,Pune,Indapur,Medium,1920.0,1893.0,
2012,Pune,Indapur,Small,7254.0,5360.0,
2012,Pune,Junnar,Big,0.0,0.0,
2012,Pune,Junnar,Medium,0.0,0.0,
2012,Pune,Junnar,Small,530.0,0.0,
2012,Pune,Maval,Big,3223.0,4936.0,
2012,Pune,Maval,Medium,3728.0,4558.0,
2012,Pune,Maval,Small,4631.0,3051.0,
2012,Pune,Mulashi,Big,1854.0,0.0,
2012,Pune,Mulashi,Medium,3607.0,2596.0,
2012,Pune,Mulashi,Small,10168.0,6584.0,
2012,Pune,Pune City,Big,0.0,0.0,
2012,Pune,Pune City,Medium,0.0,0.0,
2012,Pune,Pune City,Small,0.0,0.0,
2012,Pune,Purandar,Big,420.0,748.0,
2012,Pune,Purandar,Medium,1900.0,0.0,
2012,Pune,Purandar,Small,4564.0,2194.0,
2012,Pune,Shirur,Big,35887.0,24254.0,
2012,Pune,Shirur,Medium,0.0,0.0,
2012,Pune,Shirur,Small,6533.0,5601.0,
2012,Pune,Welhe,Big,0.0,0.0,
2012,Pune,Welhe,Medium,0.0,0.0,
2012,Pune,Welhe,Small,1922.0,975.0,
2012,Ahilyanagar,Akole,Big,217019.0,96121.0,
2012,Ahilyanagar,Akole,Medium,12861.0,6866.0,
2012,Ahilyanagar,Akole,Small,157.0,157.0,
2012,Ahilyanagar,Jamkhed,Big,0.0,0.0,
2012,Ahilyanagar,Jamkhed,Medium,2778.0,2404.0,
2012,Ahilyanagar,Jamkhed,Small,492.0,492.0,
2012,Ahilyanagar,Karjat,Big,0.0,0.0,
2012,Ahilyanagar,Karjat,Medium,5000.0,0.0,
2012,Ahilyanagar,Karjat,Small,0.0,0.0,
2012,Ahilyanagar,Kopargaon,Big,0.0,0.0,
2012,Ahilyanagar,Kopargaon,Medium,0.0,0.0,
2012,Ahilyanagar,Kopargaon,Small,0.0,0.0,
2012,Ahilyanagar,Nagar,Big,0.0,0.0,
2012,Ahilyanagar,Nagar,Medium,0.0,0.0,
2012,Ahilyanagar,Nagar,Small,365.0,365.0,
2012,Ahilyanagar,Nevasa,Big,0.0,0.0,
2012,Ahilyanagar,Nevasa,Medium,0.0,0.0,
2012,Ahilyanagar,Nevasa,Small,0.0,0.0,
2012,Ahilyanagar,Parner,Big,53007.0,21172.0,
2012,Ahilyanagar,Parner,Medium,4228.0,2341.0,
2012,Ahilyanagar,Parner,Small,367.0,367.0,
2012,Ahilyanagar,Pathardi,Big,0.0,0.0,
2012,Ahilyanagar,Pathardi,Medium,3408.0,2302.0,
2012,Ahilyanagar,Pathardi,Small,0.0,0.0,
2012,Ahilyanagar,Rahata,Big,0.0,0.0,
2012,Ahilyanagar,Rahata,Medium,0.0,0.0,
2012,Ahilyanagar,Rahata,Small,0.0,0.0,
2012,Ahilyanagar,Rahuri,Big,82920.0,82999.0,
2012,Ahilyanagar,Rahuri,Medium,0.0,0.0,
2012,Ahilyanagar,Rahuri,Small,0.0,0.0,
2012,Ahilyanagar,Sangamner,Big,36243.0,20158.0,
2012,Ahilyanagar,Sangamner,Medium,0.0,0.0,
2012,Ahilyanagar,Sangamner,Small,1198.0,1198.0,
2012,Ahilyanagar,Shevgaon,Big,0.0,0.0,
2012,Ahilyanagar,Shevgaon,Medium,3387.0,0.0,
2012,Ahilyanagar,Shevgaon,Small,162.0,162.0,
2012,Ahilyanagar,Srigonda,Big,0.0,0.0,
2012,Ahilyanagar,Srigonda,Medium,37200.0,2711.0,
2012,Ahilyanagar,Srigonda,Small,160.0,160.0,
2012,Ahilyanagar,Srirampur,Big,0.0,0.0,
2012,Ahilyanagar,Srirampur,Medium,1594.0,1405.0,
2012,Ahilyanagar,Srirampur,Small,0.0,0.0,
2012,Akola,Akola,Big,0.0,0.0,
2012,Akola,Akola,Medium,0.0,0.0,
2012,Akola,Akola,Small,851.0,250.0,
2012,Akola,Akot,Big,0.0,0.0,
2012,Akola,Akot,Medium,0.0,0.0,
2012,Akola,Akot,Small,3504.0,2381.0,
2012,Akola,Balapur,Big,0.0,0.0,
2012,Akola,Balapur,Medium,0.0,0.0,
2012,Akola,Balapur,Small,266.0,142.0,
2012,Akola,Barshitakali,Big,13996.0,5985.0,
2012,Akola,Barshitakali,Medium,0.0,0.0,
2012,Akola,Barshitakali,Small,4340.0,2567.0,
2012,Akola,Murtijapur,Big,0.0,0.0,
2012,Akola,Murtijapur,Medium,3168.0,956.0,
2012,Akola,Murtijapur,Small,4505.0,516.0,
2012,Akola,Patur,Big,0.0,0.0,
2012,Akola,Patur,Medium,16316.0,2646.0,
2012,Akola,Patur,Small,2163.0,893.0,
2012,Akola,Telhara,Big,25028.0,15100.0,
2012,Akola,Telhara,Medium,0.0,0.0,
2012,Akola,Telhara,Small,0.0,0.0,
2012,Amravati,Achalpur,Big,0.0,0.0,
2012,Amravati,Achalpur,Medium,16995.0,2567.0,
2012,Amravati,Achalpur,Small,1049.0,337.0,
2012,Amravati,Amravati,Big,0.0,0.0,
2012,Amravati,Amravati,Medium,0.0,0.0,
2012,Amravati,Amravati,Small,1484.0,513.0,
2012,Amravati,Anjangaon Su,Big,0.0,0.0,
2012,Amravati,Anjangaon Su,Medium,11665.0,2402.0,
2012,Amravati,Anjangaon Su,Small,465.0,170.0,
2012,Amravati,Bhatkuli,Big,0.0,0.0,
2012,Amravati,Bhatkuli,Medium,0.0,0.0,
2012,Amravati,Bhatkuli,Small,0.0,0.0,
2012,Amravati,Chandur Railway,Big,0.0,0.0,
2012,Amravati,Chandur Railway,Medium,0.0,0.0,
2012,Amravati,Chandur Railway,Small,2678.0,884.0,
2012,Amravati,Chandurbazar,Big,0.0,0.0,
2012,Amravati,Chandurbazar,Medium,8963.0,5312.0,
2012,Amravati,Chandurbazar,Small,0.0,0.0,
2012,Amravati,Chikhraldara,Big,0.0,0.0,
2012,Amravati,Chikhraldara,Medium,0.0,0.0,
2012,Amravati,Chikhraldara,Small,0.0,0.0,
2012,Amravati,Daryapur,Big,0.0,0.0,
2012,Amravati,Daryapur,Medium,0.0,0.0,
2012,Amravati,Daryapur,Small,0.0,0.0,
2012,Amravati,Dhamangaon Re,Big,0.0,0.0,
2012,Amravati,Dhamangaon Re,Medium,0.0,0.0,
2012,Amravati,Dhamangaon Re,Small,0.0,0.0,
2012,Amravati,Dharani,Big,0.0,0.0,
2012,Amravati,Dharani,Medium,0.0,0.0,
2012,Amravati,Dharani,Small,5389.0,2817.0,
2012,Amravati,Morshi,Big,104400.0,28755.0,
2012,Amravati,Morshi,Medium,0.0,0.0,
2012,Amravati,Morshi,Small,628.0,290.0,
2012,Amravati,Nandgaon Kh,Big,0.0,0.0,
2012,Amravati,Nandgaon Kh,Medium,0.0,0.0,
2012,Amravati,Nandgaon Kh,Small,1566.0,610.0,
2012,Amravati,Tivas,Big,0.0,0.0,
2012,Amravati,Tivas,Medium,0.0,0.0,
2012,Amravati,Tivas,Small,1129.0,349.0,
2012,Amravati,Warud,Big,0.0,0.0,
2012,Amravati,Warud,Medium,0.0,0.0,
2012,Amravati,Warud,Small,3847.0,2471.0,
2012,Bhandara,Bhandara,Big,10500.0,10578.0,
2012,Bhandara,Bhandara,Medium,5841.0,5373.0,
2012,Bhandara,Bhandara,Small,2128.0,2106.0,
2012,Bhandara,Lakhandur,Big,20996.0,3008.0,
2012,Bhandara,Lakhandur,Small,1793.0,1367.0,
2012,Bhandara,Lakhani,Small,2410.0,2120.0,
2012,Bhandara,Mohadi,Big,12548.0,12351.0,
2012,Bhandara,Mohadi,Medium,2248.0,2183.0,
2012,Bhandara,Mohadi,Small,1902.0,2002.0,
2012,Bhandara,Pavani,Big,22099.0,4291.0,
2012,Bhandara,Pavani,Small,1344.0,1226.0,
2012,Bhandara,Sakoli,Small,6654.0,5198.0,
2012,Bhandara,Tumsar,Big,13943.0,13688.0,
2012,Bhandara,Tumsar,Medium,10823.0,11326.0,
2012,Bhandara,Tumsar,Small,1666.0,1339.0,
2012,Chandrapur,Ballarpur,Big,0.0,,
2012,Chandrapur,Ballarpur,Medium,0.0,0.0,
2012,Chandrapur,Ballarpur,Small,110.0,0.0,
2012,Chandrapur,Bhadravati,Big,0.0,,
2012,Chandrapur,Bhadravati,Medium,0.0,0.0,
2012,Chandrapur,Bhadravati,Small,582.0,0.0,
2012,Chandrapur,Bramhapuri,Big,0.0,,
2012,Chandrapur,Bramhapuri,Medium,0.0,0.0,
2012,Chandrapur,Bramhapuri,Small,102.0,0.0,
2012,Chandrapur,Chandrapur,Big,0.0,,
2012,Chandrapur,Chandrapur,Medium,0.0,0.0,
2012,Chandrapur,Chandrapur,Small,340.0,0.0,
2012,Chandrapur,Chimur,Big,0.0,,
2012,Chandrapur,Chimur,Medium,0.0,0.0,
2012,Chandrapur,Chimur,Small,320.0,0.0,
2012,Chandrapur,Gondpipari,Big,0.0,,
2012,Chandrapur,Gondpipari,Medium,0.0,0.0,
2012,Chandrapur,Gondpipari,Small,655.0,0.0,
2012,Chandrapur,Jivati,Big,0.0,,
2012,Chandrapur,Jivati,Medium,0.0,0.0,
2012,Chandrapur,Jivati,Small,162.0,0.0,
2012,Chandrapur,Korpana,Big,0.0,,
2012,Chandrapur,Korpana,Medium,7610.0,0.0,
2012,Chandrapur,Korpana,Small,110.0,10865.0,
2012,Chandrapur,Mul,Big,0.0,,
2012,Chandrapur,Mul,Medium,0.0,0.0,
2012,Chandrapur,Mul,Small,268.0,0.0,
2012,Chandrapur,Nagbhid,Big,0.0,,
2012,Chandrapur,Nagbhid,Medium,3846.0,0.0,
2012,Chandrapur,Nagbhid,Small,184.0,19607.0,
2012,Chandrapur,Ponbhurna,Big,0.0,,
2012,Chandrapur,Ponbhurna,Medium,0.0,0.0,
2012,Chandrapur,Ponbhurna,Small,523.0,0.0,
2012,Chandrapur,Rajura,Big,0.0,,
2012,Chandrapur,Rajura,Medium,0.0,0.0,
2012,Chandrapur,Rajura,Small,644.0,0.0,
2012,Chandrapur,Savali,Big,9919.0,,
2012,Chandrapur,Savali,Medium,0.0,50858.0,
2012,Chandrapur,Savali,Small,525.0,0.0,
2012,Chandrapur,Sindevahi,Big,0.0,,
2012,Chandrapur,Sindevahi,Medium,1688.0,0.0,
2012,Chandrapur,Sindevahi,Small,169.0,7064.0,
2012,Chandrapur,Varora,Big,0.0,,
2012,Chandrapur,Varora,Medium,7410.0,0.0,
2012,Chandrapur,Varora,Small,511.0,8146.0,
2012,Dharashiv,Bhum,Big,0.0,0.0,
2012,Dharashiv,Bhum,Medium,6157.0,0.0,
2012,Dharashiv,Bhum,Small,2628.0,1971.0,
2012,Dharashiv,Dharashiv,Big,0.0,0.0,
2012,Dharashiv,Dharashiv,Medium,5962.0,0.0,
2012,Dharashiv,Dharashiv,Small,3223.0,1925.0,
2012,Dharashiv,Kalamb,Big,0.0,0.0,
2012,Dharashiv,Kalamb,Medium,2107.0,0.0,
2012,Dharashiv,Kalamb,Small,3738.0,944.0,
2012,Dharashiv,Lohara,Big,6525.0,5096.0,
2012,Dharashiv,Lohara,Medium,0.0,0.0,
2012,Dharashiv,Lohara,Small,1563.0,483.0,
2012,Dharashiv,Paranda,Big,0.0,0.0,
2012,Dharashiv,Paranda,Medium,9663.0,0.0,
2012,Dharashiv,Paranda,Small,2888.0,2166.0,
2012,Dharashiv,Tuljapur,Big,0.0,0.0,
2012,Dharashiv,Tuljapur,Medium,7434.0,0.0,
2012,Dharashiv,Tuljapur,Small,5235.0,3926.0,
2012,Dharashiv,Umaraga,Big,0.0,0.0,
2012,Dharashiv,Umaraga,Medium,5801.0,0.0,
2012,Dharashiv,Umaraga,Small,1208.0,906.0,
2012,Dharashiv,Washi,Big,0.0,0.0,
2012,Dharashiv,Washi,Medium,0.0,0.0,
2012,Dharashiv,Washi,Small,1053.0,370.0,
2012,Dhule,Dhule,Big,0.0,0.0,
2012,Dhule,Dhule,Medium,1620.0,1976.0,
2012,Dhule,Dhule,Small,13155.0,13641.0,
2012,Dhule,Sakri,Big,0.0,0.0,
2012,Dhule,Sakri,Medium,43041.0,33945.0,
2012,Dhule,Sakri,Small,10375.0,4613.0,
2012,Dhule,Shindkheda,Big,0.0,0.0,
2012,Dhule,Shindkheda,Medium,25515.0,18640.0,
2012,Dhule,Shindkheda,Small,4579.0,4207.0,
2012,Dhule,Shirpur,Big,0.0,0.0,
2012,Dhule,Shirpur,Medium,17079.0,14451.0,
2012,Dhule,Shirpur,Small,11023.0,6942.0,
2012,Gadchiroli,Aarmori,Big,34921.0,23000.0,
2012,Gadchiroli,Aarmori,Medium,2710.0,2710.0,
2012,Gadchiroli,Aarmori,Small,558.0,475.0,
2012,Gadchiroli,Aheri,Big,0.0,0.0,
2012,Gadchiroli,Aheri,Medium,5234.0,4530.0,
2012,Gadchiroli,Aheri,Small,181.0,19.0,
2012,Gadchiroli,Bhamragad,Big,0.0,0.0,
2012,Gadchiroli,Bhamragad,Medium,0.0,0.0,
2012,Gadchiroli,Bhamragad,Small,0.0,0.0,
2012,Gadchiroli,Chomoshi,Big,31396.0,11356.0,
2012,Gadchiroli,Chomoshi,Medium,17195.0,17195.0,
2012,Gadchiroli,Chomoshi,Small,1608.0,1362.0,
2012,Gadchiroli,Desaiganj,Big,60730.0,26316.0,
2012,Gadchiroli,Desaiganj,Medium,0.0,0.0,
2012,Gadchiroli,Desaiganj,Small,0.0,0.0,
2012,Gadchiroli,Dhanora,Big,0.0,0.0,
2012,Gadchiroli,Dhanora,Medium,0.0,0.0,
2012,Gadchiroli,Dhanora,Small,531.0,298.0,
2012,Gadchiroli,Etapalli,Big,0.0,0.0,
2012,Gadchiroli,Etapalli,Medium,0.0,0.0,
2012,Gadchiroli,Etapalli,Small,0.0,0.0,
2012,Gadchiroli,Gadchiroli,Big,0.0,0.0,
2012,Gadchiroli,Gadchiroli,Medium,3294.0,3294.0,
2012,Gadchiroli,Gadchiroli,Small,240.0,0.0,
2012,Gadchiroli,Korachi,Big,0.0,0.0,
2012,Gadchiroli,Korachi,Medium,0.0,0.0,
2012,Gadchiroli,Korachi,Small,0.0,0.0,
2012,Gadchiroli,Kurkheda,Big,0.0,0.0,
2012,Gadchiroli,Kurkheda,Medium,0.0,0.0,
2012,Gadchiroli,Kurkheda,Small,570.0,515.0,
2012,Gadchiroli,Mulchera,Big,0.0,0.0,
2012,Gadchiroli,Mulchera,Medium,0.0,0.0,
2012,Gadchiroli,Mulchera,Small,0.0,0.0,
2012,Gadchiroli,Sironcha,Big,0.0,0.0,
2012,Gadchiroli,Sironcha,Medium,2280.0,2052.0,
2012,Gadchiroli,Sironcha,Small,472.0,0.0,
2012,Gondia,Aamgaon,Big,13725.0,8498.0,
2012,Gondia,Aamgaon,Medium,0.0,0.0,
2012,Gondia,Aamgaon,Small,0.0,0.0,
2012,Gondia,Arjuni Morgaon,Big,18406.0,10645.0,
2012,Gondia,Arjuni Morgaon,Medium,0.0,0.0,
2012,Gondia,Arjuni Morgaon,Small,12659.0,7062.0,
2012,Gondia,Devari,Big,0.0,283.0,
2012,Gondia,Devari,Medium,0.0,0.0,
2012,Gondia,Devari,Small,4494.0,2209.0,
2012,Gondia,Gondia,Big,22874.0,13247.0,
2012,Gondia,Gondia,Medium,0.0,0.0,
2012,Gondia,Gondia,Small,5902.0,1515.0,
2012,Gondia,Goregaon,Big,0.0,0.0,
2012,Gondia,Goregaon,Medium,18718.0,3563.0,
2012,Gondia,Goregaon,Small,5547.0,1201.0,
2012,Gondia,Sadak Arjuni,Big,0.0,0.0,
2012,Gondia,Sadak Arjuni,Medium,3500.0,1200.0,
2012,Gondia,Sadak Arjuni,Small,3900.0,2913.0,
2012,Gondia,Salekasa,Big,9150.0,5566.0,
2012,Gondia,Salekasa,Medium,5008.0,1700.0,
2012,Gondia,Salekasa,Small,524.0,393.0,
2012,Gondia,Tiroda,Big,0.0,0.0,
2012,Gondia,Tiroda,Medium,59119.0,17716.0,
2012,Gondia,Tiroda,Small,6768.0,2921.0,
2012,Hingoli,Aundha Na,Big,2735.0,8297.0,
2012,Hingoli,Aundha Na,Medium,0.0,0.0,
2012,Hingoli,Aundha Na,Small,3871.0,375.0,
2012,Hingoli,Hingoli,Big,0.0,0.0,
2012,Hingoli,Hingoli,Medium,0.0,0.0,
2012,Hingoli,Hingoli,Small,3974.0,479.0,
2012,Hingoli,Kalamanuri,Big,8597.0,5905.0,
2012,Hingoli,Kalamanuri,Medium,0.0,0.0,
2012,Hingoli,Kalamanuri,Small,2410.0,327.0,
2012,Hingoli,Sengaon,Big,0.0,0.0,
2012,Hingoli,Sengaon,Medium,0.0,0.0,
2012,Hingoli,Sengaon,Small,1459.0,352.0,
2012,Hingoli,Vasamat,Big,21921.0,4223.0,
2012,Hingoli,Vasamat,Medium,0.0,0.0,
2012,Hingoli,Vasamat,Small,241.0,396.0,
2012,Kolhapur,Ajara,Big,0.0,0.0,
2012,Kolhapur,Ajara,Medium,4756.0,3660.0,
2012,Kolhapur,Ajara,Small,4202.0,1540.0,
2012,Kolhapur,Bhudargad,Big,2083.0,2355.0,
2012,Kolhapur,Bhudargad,Medium,12754.0,10025.0,
2012,Kolhapur,Bhudargad,Small,1924.0,3282.0,
2012,Kolhapur,Chandgad,Big,0.0,0.0,
2012,Kolhapur,Chandgad,Medium,5030.0,8615.0,
2012,Kolhapur,Chandgad,Small,8462.0,8397.0,
2012,Kolhapur,Gadhinglaj,Big,0.0,0.0,
2012,Kolhapur,Gadhinglaj,Medium,5435.0,7680.0,
2012,Kolhapur,Gadhinglaj,Small,4161.0,3603.0,
2012,Kolhapur,Gaganbavada,Big,0.0,0.0,
2012,Kolhapur,Gaganbavada,Medium,7662.0,3570.0,
2012,Kolhapur,Gaganbavada,Small,30.0,1208.0,
2012,Kolhapur,Hatkanangale,Big,27854.0,23800.0,
2012,Kolhapur,Hatkanangale,Medium,0.0,0.0,
2012,Kolhapur,Hatkanangale,Small,1117.0,312.0,
2012,Kolhapur,Kagal,Big,13914.0,21300.0,
2012,Kolhapur,Kagal,Medium,7986.0,5143.0,
2012,Kolhapur,Kagal,Small,2349.0,1612.0,
2012,Kolhapur,Karveer,Big,25812.0,27300.0,
2012,Kolhapur,Karveer,Medium,2611.0,1865.0,
2012,Kolhapur,Karveer,Small,1169.0,1080.0,
2012,Kolhapur,Panhala,Big,8444.0,7215.0,
2012,Kolhapur,Panhala,Medium,12786.0,9596.0,
2012,Kolhapur,Panhala,Small,2093.0,3289.0,
2012,Kolhapur,Radhanagari,Big,22012.0,11900.0,
2012,Kolhapur,Radhanagari,Medium,18560.0,435.0,
2012,Kolhapur,Radhanagari,Small,1373.0,94.0,
2012,Kolhapur,Shahuwadi,Big,8877.0,6300.0,
2012,Kolhapur,Shahuwadi,Medium,18366.0,7400.0,
2012,Kolhapur,Shahuwadi,Small,7990.0,8581.0,
2012,Kolhapur,Shirol,Big,25448.0,19800.0,
2012,Kolhapur,Shirol,Medium,0.0,0.0,
2012,Kolhapur,Shirol,Small,487.0,315.0,
2012,Latur,Ahamadpur,Big,0.0,0.0,
2012,Latur,Ahamadpur,Medium,0.0,0.0,
2012,Latur,Ahamadpur,Small,15332.0,6629.0,
2012,Latur,Aosa,Big,0.0,0.0,
2012,Latur,Aosa,Medium,7743.0,1992.0,
2012,Latur,Aosa,Small,5045.0,7723.0,
2012,Latur,Chakur,Big,0.0,0.0,
2012,Latur,Chakur,Medium,4888.0,206.0,
2012,Latur,Chakur,Small,7136.0,2276.0,
2012,Latur,Devani,Big,0.0,0.0,
2012,Latur,Devani,Medium,0.0,0.0,
2012,Latur,Devani,Small,6214.0,1606.0,
2012,Latur,Jalkot,Big,0.0,0.0,
2012,Latur,Jalkot,Medium,0.0,0.0,
2012,Latur,Jalkot,Small,5750.0,1807.0,
2012,Latur,Latur,Big,26526.0,16985.0,
2012,Latur,Latur,Medium,4173.0,0.0,
2012,Latur,Latur,Small,3141.0,12284.0,
2012,Latur,Nilanga,Big,15600.0,4973.0,
2012,Latur,Nilanga,Medium,0.0,0.0,
2012,Latur,Nilanga,Small,8070.0,4635.0,
2012,Latur,Renapur,Big,0.0,0.0,
2012,Latur,Renapur,Medium,5640.0,1185.0,
2012,Latur,Renapur,Small,4755.0,6660.0,
2012,Latur,Shirur-Anantpal,Big,0.0,0.0,
2012,Latur,Shirur-Anantpal,Medium,0.0,0.0,
2012,Latur,Shirur-Anantpal,Small,467.0,1986.0,
2012,Latur,Udgir,Big,0.0,0.0,
2012,Latur,Udgir,Medium,7662.0,2133.0,
2012,Latur,Udgir,Small,5445.0,3166.0,
2012,Nagpur,Bhiwapur,Big,0.0,0.0,
2012,Nagpur,Bhiwapur,Medium,0.0,0.0,
2012,Nagpur,Bhiwapur,Small,3946.0,3113.0,
2012,Nagpur,Hingana,Big,0.0,0.0,
2012,Nagpur,Hingana,Medium,9424.0,1981.0,
2012,Nagpur,Hingana,Small,2518.0,2960.0,
2012,Nagpur,Kalameshwar,Big,0.0,0.0,
2012,Nagpur,Kalameshwar,Medium,6811.0,1156.0,
2012,Nagpur,Kalameshwar,Small,2522.0,1843.0,
2012,Nagpur,Kamathi,Big,0.0,0.0,
2012,Nagpur,Kamathi,Medium,0.0,0.0,
2012,Nagpur,Kamathi,Small,79.0,1822.0,
2012,Nagpur,Katol,Big,0.0,0.0,
2012,Nagpur,Katol,Medium,10674.0,2140.0,
2012,Nagpur,Katol,Small,3508.0,2926.0,
2012,Nagpur,Kuhi,Big,0.0,0.0,
2012,Nagpur,Kuhi,Medium,4731.0,0.0,
2012,Nagpur,Kuhi,Small,1205.0,1398.0,
2012,Nagpur,Mauda,Big,0.0,0.0,
2012,Nagpur,Mauda,Medium,0.0,0.0,
2012,Nagpur,Mauda,Small,229.0,1533.0,
2012,Nagpur,Nagpur (gra),Big,0.0,0.0,
2012,Nagpur,Nagpur (gra),Medium,2500.0,59.0,
2012,Nagpur,Nagpur (gra),Small,1121.0,3601.0,
2012,Nagpur,Nagpur (sh),Big,0.0,0.0,
2012,Nagpur,Nagpur (sh),Medium,0.0,0.0,
2012,Nagpur,Nagpur (sh),Small,0.0,0.0,
2012,Nagpur,Narkhed,Medium,0.0,0.0,
2012,Nagpur,Narkhed,Small,3903.0,596.0,
2012,Nagpur,Parashivani,Big,271228.0,79483.0,
2012,Nagpur,Parashivani,Medium,0.0,0.0,
2012,Nagpur,Parashivani,Small,1140.0,3594.0,
2012,Nagpur,Ramtech,Big,0.0,0.0,
2012,Nagpur,Ramtech,Medium,3930.0,418.0,
2012,Nagpur,Ramtech,Small,3880.0,667.0,
2012,Nagpur,Sawner,Big,0.0,0.0,
2012,Nagpur,Sawner,Medium,22401.0,4655.0,
2012,Nagpur,Sawner,Small,2244.0,9287.0,
2012,Nagpur,Umred,Big,18860.0,3629.0,
2012,Nagpur,Umred,Medium,9739.0,4250.0,
2012,Nagpur,Umred,Small,6768.0,8424.0,
2012,Nashik,Malegaon,Big,14171.0,9258.0,
2012,Nashik,Malegaon,Medium,9529.0,7067.0,
2012,Nashik,Malegaon,Small,3400.0,2719.0,
2012,Nashik,Baglan,Big,2322.0,1152.0,
2012,Nashik,Baglan,Medium,8885.0,7329.0,
2012,Nashik,Baglan,Small,2588.0,2018.0,
2012,Nashik,Chandwad,Big,0.0,0.0,
2012,Nashik,Chandwad,Medium,834.0,525.0,
2012,Nashik,Chandwad,Small,2655.0,1699.0,
2012,Nashik,Devala,Big,3794.0,3186.0,
2012,Nashik,Devala,Medium,0.0,0.0,
2012,Nashik,Devala,Small,1641.0,1393.0,
2012,Nashik,Dindori,Big,122669.0,17772.0,
2012,Nashik,Dindori,Medium,6296.0,2108.0,
2012,Nashik,Dindori,Small,4804.0,3315.0,
2012,Nashik,Igatpuri,Big,37492.0,5759.0,
2012,Nashik,Igatpuri,Medium,3573.0,1200.0,
2012,Nashik,Igatpuri,Small,2044.0,1500.0,
2012,Nashik,Kalwan,Big,446.0,446.0,
2012,Nashik,Kalwan,Medium,0.0,0.0,
2012,Nashik,Kalwan,Small,3346.0,2735.0,
2012,Nashik,Nandgaon,Big,0.0,0.0,
2012,Nashik,Nandgaon,Medium,1355.0,1124.0,
2012,Nashik,Nandgaon,Small,2497.0,1997.0,
2012,Nashik,Nashik,Big,23260.0,7828.0,
2012,Nashik,Nashik,Medium,12113.0,5553.0,
2012,Nashik,Nashik,Small,2618.0,1409.0,
2012,Nashik,Nifad,Big,16260.0,14190.0,
2012,Nashik,Nifad,Medium,0.0,0.0,
2012,Nashik,Nifad,Small,1422.0,350.62,
2012,Nashik,Peth,Big,0.0,0.0,
2012,Nashik,Peth,Medium,0.0,0.0,
2012,Nashik,Peth,Small,3149.0,4236.0,
2012,Nashik,Sinner,Big,6211.0,4950.0,
2012,Nashik,Sinner,Medium,4500.0,471.0,
2012,Nashik,Sinner,Small,3050.0,1957.0,
2012,Nashik,Surgana,Big,0.0,0.0,
2012,Nashik,Surgana,Medium,0.0,0.0,
2012,Nashik,Surgana,Small,649.0,596.0,
2012,Nashik,Trimbak,Big,0.0,0.0,
2012,Nashik,Trimbak,Medium,0.0,0.0,
2012,Nashik,Trimbak,Small,2605.0,1610.0,
2012,Nashik,Yewala,Big,0.0,0.0,
2012,Nashik,Yewala,Medium,0.0,0.0,
2012,Nashik,Yewala,Small,953.0,152.79,
2012,Raigad,Karjat,Big,0.0,0.0,
2012,Raigad,Karjat,Medium,2542.0,0.0,
2012,Raigad,Karjat,Small,1205.0,29.0,
2012,Raigad,Alibag,Big,0.0,0.0,
2012,Raigad,Alibag,Medium,1808.0,0.0,
2012,Raigad,Alibag,Small,194.0,70.0,
2012,Raigad,Khalapur,Big,0.0,0.0,
2012,Raigad,Khalapur,Medium,0.0,0.0,
2012,Raigad,Khalapur,Small,548.0,140.0,
2012,Raigad,Mahad,Big,0.0,0.0,
2012,Raigad,Mahad,Medium,0.0,0.0,
2012,Raigad,Mahad,Small,800.0,39.0,
2012,Raigad,Mangaon,Big,7930.0,867.0,
2012,Raigad,Mangaon,Medium,0.0,0.0,
2012,Raigad,Mangaon,Small,395.0,46.0,
2012,Raigad,Mhasala,Big,0.0,0.0,
2012,Raigad,Mhasala,Medium,0.0,0.0,
2012,Raigad,Mhasala,Small,252.0,18.0,
2012,Raigad,Murud,Big,0.0,0.0,
2012,Raigad,Murud,Medium,0.0,0.0,
2012,Raigad,Murud,Small,128.0,25.0,
2012,Raigad,Panwel,Big,0.0,0.0,
2012,Raigad,Panwel,Medium,0.0,0.0,
2012,Raigad,Panwel,Small,235.0,89.0,
2012,Raigad,Pen,Big,0.0,0.0,
2012,Raigad,Pen,Medium,5457.0,0.0,
2012,Raigad,Pen,Small,478.0,40.0,
2012,Raigad,Poladpur,Big,0.0,0.0,
2012,Raigad,Poladpur,Medium,0.0,0.0,
2012,Raigad,Poladpur,Small,491.0,0.0,
2012,Raigad,Roha,Big,0.0,0.0,
2012,Raigad,Roha,Medium,277.0,62.0,
2012,Raigad,Roha,Small,225.0,99.0,
2012,Raigad,Shreevardhan,Big,0.0,0.0,
2012,Raigad,Shreevardhan,Medium,0.0,0.0,
2012,Raigad,Shreevardhan,Small,397.0,18.0,
2012,Raigad,Sudhagad,Big,0.0,0.0,
2012,Raigad,Sudhagad,Medium,0.0,0.0,
2012,Raigad,Sudhagad,Small,942.0,235.0,
2012,Raigad,Tala,Big,0.0,0.0,
2012,Raigad,Tala,Medium,0.0,0.0,
2012,Raigad,Tala,Small,222.0,8.0,
2012,Raigad,Uran,Big,0.0,0.0,
2012,Raigad,Uran,Medium,0.0,0.0,
2012,Raigad,Uran,Small,105.0,0.0,
2012,Sangli,Aatpadi,Big,0.0,0.0,
2012,Sangli,Aatpadi,Medium,1245.0,0.0,
2012,Sangli,Aatpadi,Small,9540.0,0.0,
2012,Sangli,Jat,Big,42761.0,22550.0,
2012,Sangli,Jat,Medium,5426.0,4315.0,
2012,Sangli,Jat,Small,15174.0,0.0,
2012,Sangli,Kadegaon,Big,17929.0,9455.0,
2012,Sangli,Kadegaon,Medium,0.0,0.0,
2012,Sangli,Kadegaon,Small,6814.0,540.0,
2012,Sangli,Khanapur,Big,12449.0,6565.0,
2012,Sangli,Khanapur,Medium,0.0,0.0,
2012,Sangli,Khanapur,Small,5560.0,2171.0,
2012,Sangli,Ku. Mahakal,Big,26088.0,13758.0,
2012,Sangli,Ku. Mahakal,Medium,1268.0,762.0,
2012,Sangli,Ku. Mahakal,Small,4492.0,0.0,
2012,Sangli,Miraj,Big,72034.0,37791.0,
2012,Sangli,Miraj,Medium,0.0,0.0,
2012,Sangli,Miraj,Small,25781.0,24437.0,
2012,Sangli,Palus,Big,4440.0,1272.0,
2012,Sangli,Palus,Medium,3340.0,985.0,
2012,Sangli,Palus,Small,13022.0,17967.0,
2012,Sangli,Shirala,Big,9810.0,6674.0,
2012,Sangli,Shirala,Medium,2596.0,1518.0,
2012,Sangli,Shirala,Small,3416.0,805.0,
2012,Sangli,Tasgaon,Big,27592.0,13276.0,
2012,Sangli,Tasgaon,Medium,933.0,933.0,
2012,Sangli,Tasgaon,Small,9748.0,7645.0,
2012,Sangli,Valava,Big,33056.0,11846.0,
2012,Sangli,Valava,Medium,2440.0,935.0,
2012,Sangli,Valava,Small,23418.0,27625.0,
2012,Satara,Faltan,Big,26080.0,26080.0,
2012,Satara,Faltan,Medium,0.0,0.0,
2012,Satara,Faltan,Small,1744.0,1744.0,
2012,Satara,Javali,Big,2200.0,2200.0,
2012,Satara,Javali,Medium,0.0,0.0,
2012,Satara,Javali,Small,0.0,0.0,
2012,Satara,Karad,Big,45359.0,44790.0,
2012,Satara,Karad,Medium,7138.0,3530.0,
2012,Satara,Karad,Small,3603.0,3603.0,
2012,Satara,Khandala,Big,9202.0,7402.0,
2012,Satara,Khandala,Medium,0.0,0.0,
2012,Satara,Khandala,Small,370.0,370.0,
2012,Satara,Khatav,Big,6181.0,6181.0,
2012,Satara,Khatav,Medium,4037.0,0.0,
2012,Satara,Khatav,Small,1365.0,1365.0,
2012,Satara,Koregaon,Big,20999.0,20999.0,
2012,Satara,Koregaon,Medium,1900.0,423.0,
2012,Satara,Koregaon,Small,2045.0,2045.0,
2012,Satara,Mahableshwar,Big,0.0,0.0,
2012,Satara,Mahableshwar,Medium,0.0,0.0,
2012,Satara,Mahableshwar,Small,0.0,0.0,
2012,Satara,Man,Big,0.0,0.0,
2012,Satara,Man,Medium,896.0,0.0,
2012,Satara,Man,Small,1673.0,1632.0,
2012,Satara,Patan,Big,14078.0,14078.0,
2012,Satara,Patan,Medium,1624.0,1624.0,
2012,Satara,Patan,Small,5140.0,2287.0,
2012,Satara,Satara,Big,18812.0,18446.0,
2012,Satara,Satara,Medium,0.0,0.0,
2012,Satara,Satara,Small,3978.0,3620.0,
2012,Satara,Vai,Big,7809.0,7809.0,
2012,Satara,Vai,Medium,161.0,161.0,
2012,Satara,Vai,Small,0.0,0.0,
2012,Sindhudurg,Devgad,Big,0.0,0.0,
2012,Sindhudurg,Devgad,Medium,0.0,0.0,
2012,Sindhudurg,Devgad,Small,1205.0,533.0,
2012,Sindhudurg,Dodamarg,Big,6676.0,161.0,
2012,Sindhudurg,Dodamarg,Medium,0.0,0.0,
2012,Sindhudurg,Dodamarg,Small,339.0,164.0,
2012,Sindhudurg,Kankavali,Big,0.0,0.0,
2012,Sindhudurg,Kankavali,Medium,18568.0,102.0,
2012,Sindhudurg,Kankavali,Small,4101.0,453.0,
2012,Sindhudurg,Kudal,Big,26285.0,0.0,
2012,Sindhudurg,Kudal,Medium,7464.0,0.0,
2012,Sindhudurg,Kudal,Small,3595.0,1251.0,
2012,Sindhudurg,Malvan,Big,0.0,0.0,
2012,Sindhudurg,Malvan,Medium,0.0,0.0,
2012,Sindhudurg,Malvan,Small,2650.0,1221.0,
2012,Sindhudurg,Sawantwadi,Big,0.0,0.0,
2012,Sindhudurg,Sawantwadi,Medium,0.0,0.0,
2012,Sindhudurg,Sawantwadi,Small,916.0,617.0,
2012,Sindhudurg,Vaibhavwadi,Big,0.0,0.0,
2012,Sindhudurg,Vaibhavwadi,Medium,7185.0,0.0,
2012,Sindhudurg,Vaibhavwadi,Small,1268.0,114.0,
2012,Sindhudurg,Vengurla,Big,0.0,0.0,
2012,Sindhudurg,Vengurla,Medium,0.0,0.0,
2012,Sindhudurg,Vengurla,Small,984.0,324.0,
2012,Thane,Ambarnath,Big,0.0,0.0,
2012,Thane,Ambarnath,Medium,0.0,0.0,
2012,Thane,Ambarnath,Small,180.0,0.0,
2012,Thane,Bhivandi,Big,0.0,0.0,
2012,Thane,Bhivandi,Medium,0.0,0.0,
2012,Thane,Bhivandi,Small,280.0,0.0,
2012,Thane,Kalyan,Big,0.0,0.0,
2012,Thane,Kalyan,Medium,0.0,0.0,
2012,Thane,Kalyan,Small,202.0,7.0,
2012,Thane,Murbad,Big,0.0,0.0,
2012,Thane,Murbad,Medium,0.0,0.0,
2012,Thane,Murbad,Small,969.0,457.0,
2012,Thane,Shahapur,Big,48910.0,1335.0,
2012,Thane,Shahapur,Medium,0.0,0.0,
2012,Thane,Shahapur,Small,1225.0,538.0,
2012,Thane,Thane,Big,0.0,0.0,
2012,Thane,Thane,Medium,0.0,0.0,
2012,Thane,Thane,Small,0.0,0.0,
2012,Thane,Ulhasnagar,Big,0.0,0.0,
2012,Thane,Ulhasnagar,Medium,0.0,0.0,
2012,Thane,Ulhasnagar,Small,135.0,0.0,
2012,Wardha,Karanja,Small,445.0,324.0,
2012,Wardha,Aarvi,Medium,3270.0,1310.0,
2012,Wardha,Aarvi,Small,7009.0,4215.0,
2012,Wardha,Ashti,Small,579.0,364.0,
2012,Wardha,Hinganghat,Medium,7574.0,3956.0,
2012,Wardha,Samudrapur,Big,8287.0,3098.0,
2012,Wardha,Samudrapur,Medium,8542.0,4643.0,
2012,Wardha,Selu,Big,27297.0,10262.0,
2012,Wardha,Selu,Medium,4854.0,2430.0,
2012,Wardha,Selu,Small,1138.0,792.0,
2012,Wardha,Wardha,Medium,6363.0,2866.0,
2012,Wardha,Wardha,Small,505.0,307.0,
2012,Yavatmal,Kalamb,Medium,270.0,,
2012,Yavatmal,Kalamb,Small,4430.0,2423.0,
2012,Yavatmal,Aarni,Big,,3180.0,
2012,Yavatmal,Aarni,Small,1334.0,986.0,
2012,Yavatmal,Babhulgaon,Big,60528.0,2859.0,
2012,Yavatmal,Babhulgaon,Medium,9020.0,3146.0,
2012,Yavatmal,Babhulgaon,Small,3358.0,995.0,
2012,Yavatmal,Darvha,Medium,20018.0,5695.0,
2012,Yavatmal,Darvha,Small,3988.0,852.0,
2012,Yavatmal,Digras,Big,24135.0,7002.0,
2012,Yavatmal,Digras,Medium,985.0,,
2012,Yavatmal,Digras,Small,1015.0,332.0,
2012,Yavatmal,Ghantaji,Big,175760.0,,
2012,Yavatmal,Ghantaji,Medium,6408.0,2175.0,
2012,Yavatmal,Ghantaji,Small,1327.0,595.0,
2012,Yavatmal,Kelapur,Medium,3895.0,3011.0,
2012,Yavatmal,Kelapur,Small,5211.0,1378.0,
2012,Yavatmal,Mahagaon,Big,2722.0,3118.0,
2012,Yavatmal,Mahagaon,Medium,6218.0,2645.0,
2012,Yavatmal,Mahagaon,Small,4053.0,1527.0,
2012,Yavatmal,Maregaon,Medium,2574.0,436.0,
2012,Yavatmal,Maregaon,Small,2170.0,805.0,
2012,Yavatmal,Ner,Small,7176.0,1800.0,
2012,Yavatmal,Pusad,Big,7973.0,6822.0,
2012,Yavatmal,Pusad,Small,1569.0,196.0,
2012,Yavatmal,Ralegaon,Small,8207.0,2423.0,
2012,Yavatmal,Umarkhed,Big,24452.0,5902.0,
2012,Yavatmal,Umarkhed,Small,4988.0,1332.0,
2012,Yavatmal,Vani,Small,866.0,787.0,
2012,Yavatmal,Yavatmal,Medium,6384.0,3570.0,
2012,Yavatmal,Yavatmal,Small,4437.0,727.0,
2012,Yavatmal,Zari Jamani,Small,5696.0,633.0,
2013,Nandurbar,Akkalkuva,Big,0.0,0.0,
2013,Nandurbar,Akkalkuva,Medium,4857.0,0.0,
2013,Nandurbar,Akkalkuva,Small,4164.0,617.0,
2013,Nandurbar,Akrani,Big,0.0,0.0,
2013,Nandurbar,Akrani,Medium,0.0,0.0,
2013,Nandurbar,Akrani,Small,547.0,547.0,
2013,Nandurbar,Nandurbar,Big,0.0,0.0,
2013,Nandurbar,Nandurbar,Medium,5395.0,684.0,
2013,Nandurbar,Nandurbar,Small,7003.0,1654.0,
2013,Nandurbar,Navapur,Big,0.0,0.0,
2013,Nandurbar,Navapur,Medium,15210.0,2076.0,
2013,Nandurbar,Navapur,Small,10819.0,1308.0,
2013,Nandurbar,Shahada,Big,0.0,0.0,
2013,Nandurbar,Shahada,Medium,24105.0,8484.0,
2013,Nandurbar,Shahada,Small,20064.0,7746.0,
2013,Nandurbar,Taloda,Big,0.0,0.0,
2013,Nandurbar,Taloda,Medium,0.0,0.0,
2013,Nandurbar,Taloda,Small,1197.0,40.0,
2013,Ratnagiri,Chiplun,Big,0.0,0.0,
2013,Ratnagiri,Chiplun,Medium,0.0,0.0,
2013,Ratnagiri,Chiplun,Small,1636.0,1227.0,
2013,Ratnagiri,Dapoli,Big,0.0,0.0,
2013,Ratnagiri,Dapoli,Medium,0.0,0.0,
2013,Ratnagiri,Dapoli,Small,1840.0,1382.0,
2013,Ratnagiri,Guhagar,Big,0.0,0.0,
2013,Ratnagiri,Guhagar,Medium,0.0,0.0,
2013,Ratnagiri,Guhagar,Small,315.0,207.0,
2013,Ratnagiri,Khed,Big,0.0,0.0,
2013,Ratnagiri,Khed,Medium,2050.0,82.0,
2013,Ratnagiri,Khed,Small,2766.0,2180.0,
2013,Ratnagiri,Lanja,Big,0.0,0.0,
2013,Ratnagiri,Lanja,Medium,0.0,0.0,
2013,Ratnagiri,Lanja,Small,723.0,620.0,
2013,Ratnagiri,Mandangad,Big,0.0,0.0,
2013,Ratnagiri,Mandangad,Medium,0.0,0.0,
2013,Ratnagiri,Mandangad,Small,707.0,585.0,
2013,Ratnagiri,Rajapur,Big,0.0,0.0,
2013,Ratnagiri,Rajapur,Medium,12112.0,0.0,
2013,Ratnagiri,Rajapur,Small,1118.0,823.0,
2013,Ratnagiri,Ratnagiri,Big,0.0,0.0,
2013,Ratnagiri,Ratnagiri,Medium,0.0,0.0,
2013,Ratnagiri,Ratnagiri,Small,0.0,0.0,
2013,Ratnagiri,Sangameshwar,Big,0.0,0.0,
2013,Ratnagiri,Sangameshwar,Medium,4296.0,5.0,
2013,Ratnagiri,Sangameshwar,Small,2114.0,1553.0,
2013,Washim,Karanja,Big,0.0,0.0,
2013,Washim,Karanja,Medium,104.0,81.0,
2013,Washim,Karanja,Small,5103.0,2270.0,
2013,Washim,Malegaon,Big,0.0,0.0,
2013,Washim,Malegaon,Medium,3275.0,3156.0,
2013,Washim,Malegaon,Small,7992.0,5249.0,
2013,Washim,Mangrulpir,Big,0.0,0.0,
2013,Washim,Mangrulpir,Medium,0.0,0.0,
2013,Washim,Mangrulpir,Small,7232.0,4590.0,
2013,Washim,Manora,Big,0.0,0.0,
2013,Washim,Manora,Medium,0.0,0.0,
2013,Washim,Manora,Small,9287.0,7688.0,
2013,Washim,Resod,Big,0.0,0.0,
2013,Washim,Resod,Medium,0.0,0.0,
2013,Washim,Resod,Small,8806.0,5830.0,
2013,Washim,Washim,Big,0.0,0.0,
2013,Washim,Washim,Medium,2625.0,2429.0,
2013,Washim,Washim,Small,9504.0,7707.0,
2013,Pune,Khed,Big,10859.0,10974.0,
2013,Pune,Khed,Medium,292.0,530.0,
2013,Pune,Khed,Small,10792.0,9509.0,
2013,Pune,Aambegaon,Big,0.0,0.0,
2013,Pune,Aambegaon,Medium,0.0,0.0,
2013,Pune,Aambegaon,Small,3351.0,0.0,
2013,Pune,Baramati,Big,14760.0,32447.0,
2013,Pune,Baramati,Medium,1295.0,1389.0,
2013,Pune,Baramati,Small,11741.0,6323.0,
2013,Pune,Bhor,Big,3295.0,235.0,
2013,Pune,Bhor,Medium,0.0,0.0,
2013,Pune,Bhor,Small,4974.0,4102.0,
2013,Pune,Daund,Big,28055.0,17178.0,
2013,Pune,Daund,Medium,0.0,0.0,
2013,Pune,Daund,Small,15572.0,10467.0,
2013,Pune,Haveli,Big,5785.0,8155.0,
2013,Pune,Haveli,Medium,1360.0,1225.0,
2013,Pune,Haveli,Small,7237.0,3663.0,
2013,Pune,Indapur,Big,50196.0,51396.0,
2013,Pune,Indapur,Medium,1920.0,1929.0,
2013,Pune,Indapur,Small,7254.0,2742.0,
2013,Pune,Junnar,Big,0.0,0.0,
2013,Pune,Junnar,Medium,0.0,0.0,
2013,Pune,Junnar,Small,0.0,0.0,
2013,Pune,Maval,Big,5304.0,21037.0,
2013,Pune,Maval,Medium,9813.0,10021.0,
2013,Pune,Maval,Small,4224.0,2203.0,
2013,Pune,Mulashi,Big,0.0,0.0,
2013,Pune,Mulashi,Medium,8520.0,2480.0,
2013,Pune,Mulashi,Small,10214.0,9536.0,
2013,Pune,Pune City,Big,0.0,0.0,
2013,Pune,Pune City,Medium,0.0,0.0,
2013,Pune,Pune City,Small,0.0,0.0,
2013,Pune,Purandar,Big,420.0,957.0,
2013,Pune,Purandar,Medium,1900.0,1720.0,
2013,Pune,Purandar,Small,4564.0,5108.0,
2013,Pune,Shirur,Big,40083.0,15632.0,
2013,Pune,Shirur,Medium,0.0,0.0,
2013,Pune,Shirur,Small,5005.0,3803.0,
2013,Pune,Welhe,Big,0.0,60.0,
2013,Pune,Welhe,Medium,0.0,0.0,
2013,Pune,Welhe,Small,1774.0,1117.0,
2013,Ahilyanagar,Akole,Big,200581.0,33136.0,
2013,Ahilyanagar,Akole,Medium,119451.0,2359.0,
2013,Ahilyanagar,Akole,Small,157.0,157.0,
2013,Ahilyanagar,Jamkhed,Big,0.0,0.0,
2013,Ahilyanagar,Jamkhed,Medium,2778.0,0.0,
2013,Ahilyanagar,Jamkhed,Small,492.0,492.0,
2013,Ahilyanagar,Karjat,Big,0.0,0.0,
2013,Ahilyanagar,Karjat,Medium,5000.0,0.0,
2013,Ahilyanagar,Karjat,Small,0.0,0.0,
2013,Ahilyanagar,Kopargaon,Big,0.0,0.0,
2013,Ahilyanagar,Kopargaon,Medium,0.0,0.0,
2013,Ahilyanagar,Kopargaon,Small,0.0,0.0,
2013,Ahilyanagar,Nagar,Big,0.0,0.0,
2013,Ahilyanagar,Nagar,Medium,0.0,0.0,
2013,Ahilyanagar,Nagar,Small,365.0,365.0,
2013,Ahilyanagar,Nevasa,Big,0.0,0.0,
2013,Ahilyanagar,Nevasa,Medium,0.0,0.0,
2013,Ahilyanagar,Nevasa,Small,0.0,0.0,
2013,Ahilyanagar,Parner,Big,89250.0,14972.0,
2013,Ahilyanagar,Parner,Medium,4228.0,2266.0,
2013,Ahilyanagar,Parner,Small,367.0,367.0,
2013,Ahilyanagar,Pathardi,Big,0.0,0.0,
2013,Ahilyanagar,Pathardi,Medium,3408.0,151.0,
2013,Ahilyanagar,Pathardi,Small,0.0,0.0,
2013,Ahilyanagar,Rahata,Big,0.0,0.0,
2013,Ahilyanagar,Rahata,Medium,0.0,0.0,
2013,Ahilyanagar,Rahata,Small,0.0,0.0,
2013,Ahilyanagar,Rahuri,Big,82920.0,52083.0,
2013,Ahilyanagar,Rahuri,Medium,0.0,0.0,
2013,Ahilyanagar,Rahuri,Small,0.0,0.0,
2013,Ahilyanagar,Sangamner,Big,16438.0,1139.0,
2013,Ahilyanagar,Sangamner,Medium,4500.0,49.0,
2013,Ahilyanagar,Sangamner,Small,1198.0,1198.0,
2013,Ahilyanagar,Shevgaon,Big,0.0,0.0,
2013,Ahilyanagar,Shevgaon,Medium,0.0,0.0,
2013,Ahilyanagar,Shevgaon,Small,162.0,162.0,
2013,Ahilyanagar,Srigonda,Big,0.0,0.0,
2013,Ahilyanagar,Srigonda,Medium,37200.0,2959.0,
2013,Ahilyanagar,Srigonda,Small,160.0,160.0,
2013,Ahilyanagar,Srirampur,Big,0.0,0.0,
2013,Ahilyanagar,Srirampur,Medium,1594.0,0.0,
2013,Ahilyanagar,Srirampur,Small,0.0,0.0,
2013,Akola,Akola,Big,0.0,0.0,
2013,Akola,Akola,Medium,0.0,0.0,
2013,Akola,Akola,Small,1660.0,773.0,
2013,Akola,Akot,Big,0.0,0.0,
2013,Akola,Akot,Medium,0.0,0.0,
2013,Akola,Akot,Small,2785.0,876.0,
2013,Akola,Balapur,Big,0.0,0.0,
2013,Akola,Balapur,Medium,0.0,0.0,
2013,Akola,Balapur,Small,266.0,142.0,
2013,Akola,Barshitakali,Big,13996.0,5509.0,
2013,Akola,Barshitakali,Medium,0.0,0.0,
2013,Akola,Barshitakali,Small,5489.0,3609.0,
2013,Akola,Murtijapur,Big,0.0,0.0,
2013,Akola,Murtijapur,Medium,3168.0,2748.0,
2013,Akola,Murtijapur,Small,1981.0,751.0,
2013,Akola,Patur,Big,0.0,0.0,
2013,Akola,Patur,Medium,8219.0,2487.0,
2013,Akola,Patur,Small,4908.0,2975.0,
2013,Akola,Telhara,Big,25028.0,6315.0,
2013,Akola,Telhara,Medium,0.0,0.0,
2013,Akola,Telhara,Small,0.0,0.0,
2013,Amravati,Achalpur,Big,0.0,0.0,
2013,Amravati,Achalpur,Medium,15119.0,3524.0,
2013,Amravati,Achalpur,Small,3246.0,409.0,
2013,Amravati,Amravati,Big,0.0,0.0,
2013,Amravati,Amravati,Medium,0.0,0.0,
2013,Amravati,Amravati,Small,2147.0,437.0,
2013,Amravati,Anjangaon Su,Big,0.0,0.0,
2013,Amravati,Anjangaon Su,Medium,19333.0,2136.0,
2013,Amravati,Anjangaon Su,Small,930.0,0.0,
2013,Amravati,Bhatkuli,Big,0.0,0.0,
2013,Amravati,Bhatkuli,Medium,0.0,0.0,
2013,Amravati,Bhatkuli,Small,958.0,0.0,
2013,Amravati,Chandur Railway,Big,2964.0,1617.0,
2013,Amravati,Chandur Railway,Medium,0.0,0.0,
2013,Amravati,Chandur Railway,Small,4749.0,778.0,
2013,Amravati,Chandurbazar,Big,0.0,0.0,
2013,Amravati,Chandurbazar,Medium,8993.0,3872.0,
2013,Amravati,Chandurbazar,Small,4351.0,854.0,
2013,Amravati,Chikhraldara,Big,0.0,0.0,
2013,Amravati,Chikhraldara,Medium,0.0,0.0,
2013,Amravati,Chikhraldara,Small,2051.0,532.0,
2013,Amravati,Daryapur,Big,0.0,0.0,
2013,Amravati,Daryapur,Medium,0.0,0.0,
2013,Amravati,Daryapur,Small,4874.0,0.0,
2013,Amravati,Dhamangaon Re,Big,39086.0,11880.0,
2013,Amravati,Dhamangaon Re,Medium,0.0,0.0,
2013,Amravati,Dhamangaon Re,Small,96.0,4.0,
2013,Amravati,Dharani,Big,0.0,0.0,
2013,Amravati,Dharani,Medium,6548.0,0.0,
2013,Amravati,Dharani,Small,7169.0,2298.0,
2013,Amravati,Morshi,Big,2589.0,2801.0,
2013,Amravati,Morshi,Medium,0.0,0.0,
2013,Amravati,Morshi,Small,1878.0,608.0,
2013,Amravati,Nandgaon Kh,Big,0.0,0.0,
2013,Amravati,Nandgaon Kh,Medium,0.0,0.0,
2013,Amravati,Nandgaon Kh,Small,2958.0,187.0,
2013,Amravati,Tivas,Big,13223.0,4993.0,
2013,Amravati,Tivas,Medium,0.0,0.0,
2013,Amravati,Tivas,Small,3099.0,602.0,
2013,Amravati,Warud,Big,0.0,2760.0,
2013,Amravati,Warud,Medium,11656.0,0.0,
2013,Amravati,Warud,Small,10167.0,346.0,
2013,Bhandara,Bhandara,Big,10594.0,10594.0,
2013,Bhandara,Bhandara,Small,3402.0,3384.0,
2013,Bhandara,Lakhandur,Big,28291.0,11333.0,
2013,Bhandara,Lakhandur,Small,1997.0,1473.0,
2013,Bhandara,Lakhani,Small,3170.0,2581.0,
2013,Bhandara,Mohadi,Big,24571.0,24481.0,
2013,Bhandara,Mohadi,Medium,3555.0,2305.0,
2013,Bhandara,Mohadi,Small,1709.0,1276.0,
2013,Bhandara,Pavani,Big,22099.0,4378.0,
2013,Bhandara,Pavani,Small,1198.0,1061.0,
2013,Bhandara,Sakoli,Small,7778.0,6229.0,
2013,Bhandara,Tumsar,Big,13943.0,13778.0,
2013,Bhandara,Tumsar,Medium,17634.0,11199.0,
2013,Bhandara,Tumsar,Small,13716.0,1245.0,
2013,Chandrapur,Ballarpur,Big,0.0,0.0,
2013,Chandrapur,Ballarpur,Medium,0.0,0.0,
2013,Chandrapur,Ballarpur,Small,925.0,925.0,
2013,Chandrapur,Bhadravati,Big,0.0,0.0,
2013,Chandrapur,Bhadravati,Medium,0.0,0.0,
2013,Chandrapur,Bhadravati,Small,514.0,514.0,
2013,Chandrapur,Bramhapuri,Big,0.0,0.0,
2013,Chandrapur,Bramhapuri,Medium,0.0,0.0,
2013,Chandrapur,Bramhapuri,Small,1174.0,1174.0,
2013,Chandrapur,Chandrapur,Big,0.0,0.0,
2013,Chandrapur,Chandrapur,Medium,0.0,0.0,
2013,Chandrapur,Chandrapur,Small,275.1,275.1,
2013,Chandrapur,Chimur,Big,0.0,0.0,
2013,Chandrapur,Chimur,Medium,0.0,0.0,
2013,Chandrapur,Chimur,Small,2315.0,2315.0,
2013,Chandrapur,Gondpipari,Big,0.0,0.0,
2013,Chandrapur,Gondpipari,Medium,0.0,0.0,
2013,Chandrapur,Gondpipari,Small,1015.2,1015.2,
2013,Chandrapur,Jivati,Big,0.0,0.0,
2013,Chandrapur,Jivati,Medium,0.0,0.0,
2013,Chandrapur,Jivati,Small,0.0,0.0,
2013,Chandrapur,Korpana,Big,0.0,0.0,
2013,Chandrapur,Korpana,Medium,10865.0,4982.0,
2013,Chandrapur,Korpana,Small,0.0,0.0,
2013,Chandrapur,Mul,Big,0.0,0.0,
2013,Chandrapur,Mul,Medium,0.0,0.0,
2013,Chandrapur,Mul,Small,2741.0,2741.0,
2013,Chandrapur,Nagbhid,Big,0.0,0.0,
2013,Chandrapur,Nagbhid,Medium,19607.0,5831.0,
2013,Chandrapur,Nagbhid,Small,2546.0,2546.0,
2013,Chandrapur,Ponbhurna,Big,0.0,0.0,
2013,Chandrapur,Ponbhurna,Medium,0.0,0.0,
2013,Chandrapur,Ponbhurna,Small,912.1,912.1,
2013,Chandrapur,Rajura,Big,0.0,0.0,
2013,Chandrapur,Rajura,Medium,0.0,0.0,
2013,Chandrapur,Rajura,Small,456.0,456.0,
2013,Chandrapur,Savali,Big,50858.0,9632.0,
2013,Chandrapur,Savali,Medium,0.0,0.0,
2013,Chandrapur,Savali,Small,2143.0,2146.0,
2013,Chandrapur,Sindevahi,Big,0.0,0.0,
2013,Chandrapur,Sindevahi,Medium,7064.0,2973.0,
2013,Chandrapur,Sindevahi,Small,4136.0,4136.0,
2013,Chandrapur,Varora,Big,0.0,0.0,
2013,Chandrapur,Varora,Medium,8146.0,3806.0,
2013,Chandrapur,Varora,Small,712.0,712.0,
2013,Dharashiv,Bhum,Big,0.0,0.0,
2013,Dharashiv,Bhum,Medium,6157.0,2145.0,
2013,Dharashiv,Bhum,Small,2855.0,1055.0,
2013,Dharashiv,Dharashiv,Big,0.0,0.0,
2013,Dharashiv,Dharashiv,Medium,5962.0,868.0,
2013,Dharashiv,Dharashiv,Small,3447.0,1116.0,
2013,Dharashiv,Kalamb,Big,0.0,0.0,
2013,Dharashiv,Kalamb,Medium,2107.0,700.0,
2013,Dharashiv,Kalamb,Small,3862.0,484.0,
2013,Dharashiv,Lohara,Big,6525.0,5096.0,
2013,Dharashiv,Lohara,Medium,0.0,0.0,
2013,Dharashiv,Lohara,Small,1680.0,456.0,
2013,Dharashiv,Paranda,Big,0.0,0.0,
2013,Dharashiv,Paranda,Medium,10911.0,1978.0,
2013,Dharashiv,Paranda,Small,3742.0,1122.0,
2013,Dharashiv,Tuljapur,Big,0.0,0.0,
2013,Dharashiv,Tuljapur,Medium,7434.0,2278.0,
2013,Dharashiv,Tuljapur,Small,5235.0,2610.0,
2013,Dharashiv,Umaraga,Big,0.0,0.0,
2013,Dharashiv,Umaraga,Medium,5801.0,815.0,
2013,Dharashiv,Umaraga,Small,1208.0,518.0,
2013,Dharashiv,Washi,Big,0.0,0.0,
2013,Dharashiv,Washi,Medium,0.0,0.0,
2013,Dharashiv,Washi,Small,1083.0,314.0,
2013,Dhule,Dhule,Big,0.0,0.0,
2013,Dhule,Dhule,Medium,2105.0,1879.0,
2013,Dhule,Dhule,Small,21558.0,15102.0,
2013,Dhule,Sakri,Big,0.0,0.0,
2013,Dhule,Sakri,Medium,28828.0,15933.0,
2013,Dhule,Sakri,Small,13076.0,5167.0,
2013,Dhule,Shindkheda,Big,0.0,0.0,
2013,Dhule,Shindkheda,Medium,26515.0,5510.0,
2013,Dhule,Shindkheda,Small,9310.0,4386.0,
2013,Dhule,Shirpur,Big,0.0,0.0,
2013,Dhule,Shirpur,Medium,20672.0,16774.0,
2013,Dhule,Shirpur,Small,15149.0,11068.0,
2013,Gadchiroli,Aarmori,Big,34921.0,23000.0,
2013,Gadchiroli,Aarmori,Medium,2710.0,2710.0,
2013,Gadchiroli,Aarmori,Small,558.0,475.0,
2013,Gadchiroli,Aheri,Big,0.0,0.0,
2013,Gadchiroli,Aheri,Medium,5234.0,5234.0,
2013,Gadchiroli,Aheri,Small,181.0,13.0,
2013,Gadchiroli,Bhamragad,Big,0.0,0.0,
2013,Gadchiroli,Bhamragad,Medium,0.0,0.0,
2013,Gadchiroli,Bhamragad,Small,0.0,0.0,
2013,Gadchiroli,Chomoshi,Big,31396.0,11356.0,
2013,Gadchiroli,Chomoshi,Medium,17195.0,17195.0,
2013,Gadchiroli,Chomoshi,Small,2348.0,1392.0,
2013,Gadchiroli,Desaiganj,Big,60730.0,26316.0,
2013,Gadchiroli,Desaiganj,Medium,0.0,0.0,
2013,Gadchiroli,Desaiganj,Small,0.0,0.0,
2013,Gadchiroli,Dhanora,Big,0.0,0.0,
2013,Gadchiroli,Dhanora,Medium,0.0,0.0,
2013,Gadchiroli,Dhanora,Small,1811.0,1245.0,
2013,Gadchiroli,Etapalli,Big,0.0,0.0,
2013,Gadchiroli,Etapalli,Medium,0.0,0.0,
2013,Gadchiroli,Etapalli,Small,1985.0,1847.0,
2013,Gadchiroli,Gadchiroli,Big,0.0,0.0,
2013,Gadchiroli,Gadchiroli,Medium,3294.0,3294.0,
2013,Gadchiroli,Gadchiroli,Small,648.0,370.0,
2013,Gadchiroli,Korachi,Big,0.0,0.0,
2013,Gadchiroli,Korachi,Medium,0.0,0.0,
2013,Gadchiroli,Korachi,Small,40.0,0.0,
2013,Gadchiroli,Kurkheda,Big,0.0,0.0,
2013,Gadchiroli,Kurkheda,Medium,0.0,0.0,
2013,Gadchiroli,Kurkheda,Small,570.0,515.0,
2013,Gadchiroli,Mulchera,Big,0.0,0.0,
2013,Gadchiroli,Mulchera,Medium,0.0,0.0,
2013,Gadchiroli,Mulchera,Small,0.0,0.0,
2013,Gadchiroli,Sironcha,Big,0.0,0.0,
2013,Gadchiroli,Sironcha,Medium,2280.0,2280.0,
2013,Gadchiroli,Sironcha,Small,472.0,0.0,
2013,Gondia,Aamgaon,Big,13725.0,8498.0,
2013,Gondia,Aamgaon,Medium,0.0,0.0,
2013,Gondia,Aamgaon,Small,0.0,0.0,
2013,Gondia,Arjuni Morgaon,Big,18406.0,10645.0,
2013,Gondia,Arjuni Morgaon,Medium,0.0,0.0,
2013,Gondia,Arjuni Morgaon,Small,12659.0,6024.0,
2013,Gondia,Devari,Big,0.0,283.0,
2013,Gondia,Devari,Medium,0.0,0.0,
2013,Gondia,Devari,Small,4494.0,2380.0,
2013,Gondia,Gondia,Big,22874.0,13247.0,
2013,Gondia,Gondia,Medium,0.0,0.0,
2013,Gondia,Gondia,Small,5902.0,1519.0,
2013,Gondia,Goregaon,Big,0.0,0.0,
2013,Gondia,Goregaon,Medium,18718.0,3563.0,
2013,Gondia,Goregaon,Small,5547.0,1195.0,
2013,Gondia,Sadak Arjuni,Big,0.0,0.0,
2013,Gondia,Sadak Arjuni,Medium,3500.0,1200.0,
2013,Gondia,Sadak Arjuni,Small,3900.0,2660.0,
2013,Gondia,Salekasa,Big,9150.0,5566.0,
2013,Gondia,Salekasa,Medium,5008.0,1700.0,
2013,Gondia,Salekasa,Small,524.0,448.0,
2013,Gondia,Tiroda,Big,0.0,0.0,
2013,Gondia,Tiroda,Medium,59119.0,17716.0,
2013,Gondia,Tiroda,Small,6768.0,3087.0,
2013,Kolhapur,Ajara,Big,0.0,0.0,
2013,Kolhapur,Ajara,Medium,4756.0,7975.0,
2013,Kolhapur,Ajara,Small,4202.0,2808.0,
2013,Kolhapur,Bhudargad,Big,2083.0,3729.0,
2013,Kolhapur,Bhudargad,Medium,12754.0,4030.0,
2013,Kolhapur,Bhudargad,Small,1924.0,1805.0,
2013,Kolhapur,Chandgad,Big,0.0,0.0,
2013,Kolhapur,Chandgad,Medium,5030.0,10325.0,
2013,Kolhapur,Chandgad,Small,8462.0,5011.0,
2013,Kolhapur,Gadhinglaj,Big,0.0,0.0,
2013,Kolhapur,Gadhinglaj,Medium,5435.0,8065.0,
2013,Kolhapur,Gadhinglaj,Small,4161.0,3028.0,
2013,Kolhapur,Gaganbavada,Big,0.0,0.0,
2013,Kolhapur,Gaganbavada,Medium,7662.0,3641.0,
2013,Kolhapur,Gaganbavada,Small,30.0,1349.0,
2013,Kolhapur,Hatkanangale,Big,27854.0,25022.0,
2013,Kolhapur,Hatkanangale,Medium,0.0,0.0,
2013,Kolhapur,Hatkanangale,Small,1117.0,1293.0,
2013,Kolhapur,Kagal,Big,13914.0,21016.0,
2013,Kolhapur,Kagal,Medium,7986.0,5295.0,
2013,Kolhapur,Kagal,Small,2349.0,3571.0,
2013,Kolhapur,Karveer,Big,25812.0,25748.0,
2013,Kolhapur,Karveer,Medium,2611.0,1924.0,
2013,Kolhapur,Karveer,Small,1169.0,1388.0,
2013,Kolhapur,Panhala,Big,8444.0,9180.0,
2013,Kolhapur,Panhala,Medium,12786.0,9200.0,
2013,Kolhapur,Panhala,Small,2093.0,2578.0,
2013,Kolhapur,Radhanagari,Big,22012.0,10475.0,
2013,Kolhapur,Radhanagari,Medium,18560.0,544.0,
2013,Kolhapur,Radhanagari,Small,1373.0,740.0,
2013,Kolhapur,Shahuwadi,Big,8877.0,6688.0,
2013,Kolhapur,Shahuwadi,Medium,18366.0,7999.0,
2013,Kolhapur,Shahuwadi,Small,7990.0,4223.0,
2013,Kolhapur,Shirol,Big,25448.0,19533.0,
2013,Kolhapur,Shirol,Medium,0.0,0.0,
2013,Kolhapur,Shirol,Small,487.0,172.0,
2013,Latur,Ahamadpur,Big,0.0,0.0,
2013,Latur,Ahamadpur,Medium,0.0,0.0,
2013,Latur,Ahamadpur,Small,15862.0,8448.0,
2013,Latur,Aosa,Big,6286.0,202.0,
2013,Latur,Aosa,Medium,1364.0,283.0,
2013,Latur,Aosa,Small,9553.0,3766.0,
2013,Latur,Chakur,Big,0.0,0.0,
2013,Latur,Chakur,Medium,0.0,0.0,
2013,Latur,Chakur,Small,7466.0,2453.0,
2013,Latur,Devani,Big,0.0,0.0,
2013,Latur,Devani,Medium,0.0,0.0,
2013,Latur,Devani,Small,5827.0,813.0,
2013,Latur,Jalkot,Big,0.0,0.0,
2013,Latur,Jalkot,Medium,0.0,0.0,
2013,Latur,Jalkot,Small,6024.0,2071.0,
2013,Latur,Latur,Big,6977.0,0.0,
2013,Latur,Latur,Medium,4040.0,106.0,
2013,Latur,Latur,Small,4431.0,1256.0,
2013,Latur,Nilanga,Big,2517.0,0.0,
2013,Latur,Nilanga,Medium,0.0,0.0,
2013,Latur,Nilanga,Small,6912.0,559.0,
2013,Latur,Renapur,Big,5902.0,0.0,
2013,Latur,Renapur,Medium,4205.0,2724.0,
2013,Latur,Renapur,Small,3371.0,1100.0,
2013,Latur,Shirur-Anantpal,Big,0.0,0.0,
2013,Latur,Shirur-Anantpal,Medium,4898.0,2313.0,
2013,Latur,Shirur-Anantpal,Small,467.0,188.0,
2013,Latur,Udgir,Big,0.0,0.0,
2013,Latur,Udgir,Medium,4230.0,2291.0,
2013,Latur,Udgir,Small,4740.0,1514.0,
2013,Nagpur,Bhiwapur,Big,0.0,0.0,
2013,Nagpur,Bhiwapur,Medium,0.0,0.0,
2013,Nagpur,Bhiwapur,Small,2896.0,2796.0,
2013,Nagpur,Hingana,Big,0.0,0.0,
2013,Nagpur,Hingana,Medium,9424.0,1451.0,
2013,Nagpur,Hingana,Small,1867.0,2926.0,
2013,Nagpur,Kalameshwar,Big,0.0,0.0,
2013,Nagpur,Kalameshwar,Medium,6811.0,1022.0,
2013,Nagpur,Kalameshwar,Small,1871.0,1818.0,
2013,Nagpur,Kamathi,Big,0.0,0.0,
2013,Nagpur,Kamathi,Medium,0.0,0.0,
2013,Nagpur,Kamathi,Small,0.0,1822.0,
2013,Nagpur,Katol,Big,0.0,0.0,
2013,Nagpur,Katol,Medium,10674.0,7084.0,
2013,Nagpur,Katol,Small,1798.0,2827.0,
2013,Nagpur,Kuhi,Big,0.0,0.0,
2013,Nagpur,Kuhi,Medium,4731.0,0.0,
2013,Nagpur,Kuhi,Small,941.0,1296.0,
2013,Nagpur,Mauda,Big,0.0,0.0,
2013,Nagpur,Mauda,Medium,0.0,0.0,
2013,Nagpur,Mauda,Small,194.0,1533.0,
2013,Nagpur,Nagpur (gra),Big,0.0,0.0,
2013,Nagpur,Nagpur (gra),Medium,2500.0,164.0,
2013,Nagpur,Nagpur (gra),Small,639.0,3586.0,
2013,Nagpur,Nagpur (sh),Big,0.0,0.0,
2013,Nagpur,Nagpur (sh),Medium,0.0,0.0,
2013,Nagpur,Nagpur (sh),Small,0.0,0.0,
2013,Nagpur,Narkhed,Big,0.0,0.0,
2013,Nagpur,Narkhed,Medium,0.0,0.0,
2013,Nagpur,Narkhed,Small,3101.0,558.0,
2013,Nagpur,Parashivani,Big,271226.0,73609.0,
2013,Nagpur,Parashivani,Medium,0.0,0.0,
2013,Nagpur,Parashivani,Small,1008.0,3586.0,
2013,Nagpur,Ramtech,Big,0.0,0.0,
2013,Nagpur,Ramtech,Medium,3930.0,330.0,
2013,Nagpur,Ramtech,Small,1901.0,396.0,
2013,Nagpur,Sawner,Big,0.0,0.0,
2013,Nagpur,Sawner,Medium,22401.0,2964.0,
2013,Nagpur,Sawner,Small,1706.0,9229.0,
2013,Nagpur,Umred,Big,18860.0,3743.0,
2013,Nagpur,Umred,Medium,9739.0,4625.0,
2013,Nagpur,Umred,Small,5589.0,8231.0,
2013,Nashik,Malegaon,Big,0.0,0.0,
2013,Nashik,Malegaon,Medium,0.0,0.0,
2013,Nashik,Malegaon,Small,3400.0,2719.0,
2013,Nashik,Baglan,Big,0.0,0.0,
2013,Nashik,Baglan,Medium,23534.0,5325.0,
2013,Nashik,Baglan,Small,2588.0,2018.0,
2013,Nashik,Chandwad,Big,715.0,497.0,
2013,Nashik,Chandwad,Medium,0.0,0.0,
2013,Nashik,Chandwad,Small,2655.0,5333.54,
2013,Nashik,Devala,Big,3794.0,3186.0,
2013,Nashik,Devala,Medium,0.0,0.0,
2013,Nashik,Devala,Small,1641.0,1313.0,
2013,Nashik,Dindori,Big,101983.0,17722.0,
2013,Nashik,Dindori,Medium,9034.0,4837.0,
2013,Nashik,Dindori,Small,4804.0,0.0,
2013,Nashik,Igatpuri,Big,113450.0,15962.0,
2013,Nashik,Igatpuri,Medium,0.0,0.0,
2013,Nashik,Igatpuri,Small,2044.0,0.0,
2013,Nashik,Kalwan,Big,53539.0,7374.0,
2013,Nashik,Kalwan,Medium,0.0,0.0,
2013,Nashik,Kalwan,Small,3346.0,2735.0,
2013,Nashik,Nandgaon,Big,106588.0,30783.0,
2013,Nashik,Nandgaon,Medium,7673.0,1831.0,
2013,Nashik,Nandgaon,Small,2497.0,1997.0,
2013,Nashik,Nashik,Big,30400.0,35645.0,
2013,Nashik,Nashik,Medium,12725.0,583.0,
2013,Nashik,Nashik,Small,2618.0,0.0,
2013,Nashik,Nifad,Big,0.0,0.0,
2013,Nashik,Nifad,Medium,0.0,0.0,
2013,Nashik,Nifad,Small,1422.0,1875.86,
2013,Nashik,Peth,Big,0.0,0.0,
2013,Nashik,Peth,Medium,0.0,0.0,
2013,Nashik,Peth,Small,3149.0,2587.0,
2013,Nashik,Sinner,Big,0.0,0.0,
2013,Nashik,Sinner,Medium,5260.0,1108.0,
2013,Nashik,Sinner,Small,3050.0,7371.15,
2013,Nashik,Surgana,Big,0.0,0.0,
2013,Nashik,Surgana,Medium,0.0,0.0,
2013,Nashik,Surgana,Small,649.0,415.0,
2013,Nashik,Trimbak,Big,0.0,0.0,
2013,Nashik,Trimbak,Medium,0.0,0.0,
2013,Nashik,Trimbak,Small,2605.0,465.0,
2013,Nashik,Yewala,Big,0.0,0.0,
2013,Nashik,Yewala,Medium,0.0,0.0,
2013,Nashik,Yewala,Small,953.0,4244.02,
2013,Raigad,Karjat,Big,0.0,0.0,
2013,Raigad,Karjat,Medium,9551.0,120.0,
2013,Raigad,Karjat,Small,1205.0,35.0,
2013,Raigad,Alibag,Big,0.0,0.0,
2013,Raigad,Alibag,Medium,1808.0,0.0,
2013,Raigad,Alibag,Small,194.0,68.0,
2013,Raigad,Khalapur,Big,0.0,0.0,
2013,Raigad,Khalapur,Medium,0.0,0.0,
2013,Raigad,Khalapur,Small,548.0,203.0,
2013,Raigad,Mahad,Big,0.0,0.0,
2013,Raigad,Mahad,Medium,0.0,0.0,
2013,Raigad,Mahad,Small,800.0,108.0,
2013,Raigad,Mangaon,Big,12414.0,1075.0,
2013,Raigad,Mangaon,Medium,0.0,0.0,
2013,Raigad,Mangaon,Small,395.0,7.0,
2013,Raigad,Mhasala,Big,0.0,0.0,
2013,Raigad,Mhasala,Medium,0.0,0.0,
2013,Raigad,Mhasala,Small,252.0,6.0,
2013,Raigad,Murud,Big,0.0,0.0,
2013,Raigad,Murud,Medium,0.0,0.0,
2013,Raigad,Murud,Small,128.0,54.0,
2013,Raigad,Panwel,Big,0.0,0.0,
2013,Raigad,Panwel,Medium,0.0,0.0,
2013,Raigad,Panwel,Small,255.0,86.0,
2013,Raigad,Pen,Big,0.0,0.0,
2013,Raigad,Pen,Medium,0.0,0.0,
2013,Raigad,Pen,Small,226.0,7.0,
2013,Raigad,Poladpur,Big,0.0,0.0,
2013,Raigad,Poladpur,Medium,0.0,0.0,
2013,Raigad,Poladpur,Small,491.0,0.0,
2013,Raigad,Roha,Big,0.0,0.0,
2013,Raigad,Roha,Medium,277.0,48.0,
2013,Raigad,Roha,Small,225.0,112.0,
2013,Raigad,Shreevardhan,Big,0.0,0.0,
2013,Raigad,Shreevardhan,Medium,0.0,0.0,
2013,Raigad,Shreevardhan,Small,397.0,10.0,
2013,Raigad,Sudhagad,Big,0.0,0.0,
2013,Raigad,Sudhagad,Medium,0.0,0.0,
2013,Raigad,Sudhagad,Small,942.0,270.0,
2013,Raigad,Tala,Big,0.0,0.0,
2013,Raigad,Tala,Medium,0.0,0.0,
2013,Raigad,Tala,Small,222.0,9.0,
2013,Raigad,Uran,Big,0.0,0.0,
2013,Raigad,Uran,Medium,0.0,0.0,
2013,Raigad,Uran,Small,105.0,0.0,
2013,Sangli,Aatpadi,Big,0.0,0.0,
2013,Sangli,Aatpadi,Medium,0.0,0.0,
2013,Sangli,Aatpadi,Small,7052.0,2824.0,
2013,Sangli,Jat,Big,42761.0,22550.0,
2013,Sangli,Jat,Medium,4811.0,53.0,
2013,Sangli,Jat,Small,11084.0,1689.0,
2013,Sangli,Kadegaon,Big,17929.0,9455.0,
2013,Sangli,Kadegaon,Medium,0.0,0.0,
2013,Sangli,Kadegaon,Small,5826.0,1815.0,
2013,Sangli,Khanapur,Big,12449.0,6565.0,
2013,Sangli,Khanapur,Medium,0.0,0.0,
2013,Sangli,Khanapur,Small,3614.0,1211.0,
2013,Sangli,Ku. Mahakal,Big,26088.0,13758.0,
2013,Sangli,Ku. Mahakal,Medium,862.0,397.0,
2013,Sangli,Ku. Mahakal,Small,2995.0,1865.0,
2013,Sangli,Miraj,Big,63235.0,33347.0,
2013,Sangli,Miraj,Medium,0.0,0.0,
2013,Sangli,Miraj,Small,24592.0,29249.0,
2013,Sangli,Palus,Big,1100.0,580.0,
2013,Sangli,Palus,Medium,3340.0,2213.0,
2013,Sangli,Palus,Small,12793.0,16992.0,
2013,Sangli,Shirala,Big,0.0,0.0,
2013,Sangli,Shirala,Medium,2566.0,1540.0,
2013,Sangli,Shirala,Small,1539.0,799.0,
2013,Sangli,Tasgaon,Big,24213.0,12769.0,
2013,Sangli,Tasgaon,Medium,5027.0,1591.0,
2013,Sangli,Tasgaon,Small,8296.0,935.0,
2013,Sangli,Valava,Big,195.0,103.0,
2013,Sangli,Valava,Medium,2440.0,1159.0,
2013,Sangli,Valava,Small,22679.0,30589.0,
2013,Satara,Faltan,Big,27740.0,26080.0,
2013,Satara,Faltan,Medium,0.0,0.0,
2013,Satara,Faltan,Small,1744.0,1744.0,
2013,Satara,Javali,Big,2200.0,2200.0,
2013,Satara,Javali,Medium,0.0,0.0,
2013,Satara,Javali,Small,0.0,0.0,
2013,Satara,Karad,Big,45359.0,44790.0,
2013,Satara,Karad,Medium,7472.0,4560.0,
2013,Satara,Karad,Small,3782.0,3782.0,
2013,Satara,Khandala,Big,9212.0,7402.0,
2013,Satara,Khandala,Medium,0.0,0.0,
2013,Satara,Khandala,Small,370.0,370.0,
2013,Satara,Khatav,Big,7126.0,6181.0,
2013,Satara,Khatav,Medium,6673.0,0.0,
2013,Satara,Khatav,Small,1365.0,1365.0,
2013,Satara,Koregaon,Big,20999.0,20999.0,
2013,Satara,Koregaon,Medium,4052.0,423.0,
2013,Satara,Koregaon,Small,2045.0,2045.0,
2013,Satara,Mahableshwar,Big,0.0,0.0,
2013,Satara,Mahableshwar,Medium,0.0,0.0,
2013,Satara,Mahableshwar,Small,0.0,0.0,
2013,Satara,Man,Big,0.0,0.0,
2013,Satara,Man,Medium,6038.0,0.0,
2013,Satara,Man,Small,1673.0,1632.0,
2013,Satara,Patan,Big,14078.0,14078.0,
2013,Satara,Patan,Medium,2177.0,2177.0,
2013,Satara,Patan,Small,5623.0,2287.0,
2013,Satara,Satara,Big,18812.0,18446.0,
2013,Satara,Satara,Medium,0.0,0.0,
2013,Satara,Satara,Small,3978.0,3620.0,
2013,Satara,Vai,Big,7809.0,7809.0,
2013,Satara,Vai,Medium,310.0,310.0,
2013,Satara,Vai,Small,0.0,0.0,
2013,Sindhudurg,Devgad,Big,0.0,0.0,
2013,Sindhudurg,Devgad,Medium,0.0,0.0,
2013,Sindhudurg,Devgad,Small,1205.0,533.0,
2013,Sindhudurg,Dodamarg,Big,6676.0,161.0,
2013,Sindhudurg,Dodamarg,Medium,0.0,0.0,
2013,Sindhudurg,Dodamarg,Small,376.0,164.0,
2013,Sindhudurg,Kankavali,Big,0.0,0.0,
2013,Sindhudurg,Kankavali,Medium,18568.0,130.0,
2013,Sindhudurg,Kankavali,Small,4117.0,460.0,
2013,Sindhudurg,Kudal,Big,26285.0,0.0,
2013,Sindhudurg,Kudal,Medium,0.0,0.0,
2013,Sindhudurg,Kudal,Small,3674.0,1299.0,
2013,Sindhudurg,Malvan,Big,0.0,0.0,
2013,Sindhudurg,Malvan,Medium,0.0,0.0,
2013,Sindhudurg,Malvan,Small,2718.0,1221.0,
2013,Sindhudurg,Sawantwadi,Big,0.0,0.0,
2013,Sindhudurg,Sawantwadi,Medium,7464.0,0.0,
2013,Sindhudurg,Sawantwadi,Small,926.0,639.0,
2013,Sindhudurg,Vaibhavwadi,Big,0.0,0.0,
2013,Sindhudurg,Vaibhavwadi,Medium,7185.0,0.0,
2013,Sindhudurg,Vaibhavwadi,Small,1268.0,114.0,
2013,Sindhudurg,Vengurla,Big,0.0,0.0,
2013,Sindhudurg,Vengurla,Medium,0.0,0.0,
2013,Sindhudurg,Vengurla,Small,999.0,324.0,
2013,Thane,Ambarnath,Big,0.0,0.0,
2013,Thane,Ambarnath,Medium,0.0,0.0,
2013,Thane,Ambarnath,Small,315.0,0.0,
2013,Thane,Bhivandi,Big,0.0,0.0,
2013,Thane,Bhivandi,Medium,0.0,0.0,
2013,Thane,Bhivandi,Small,280.0,0.0,
2013,Thane,Kalyan,Big,0.0,0.0,
2013,Thane,Kalyan,Medium,0.0,0.0,
2013,Thane,Kalyan,Small,202.0,0.0,
2013,Thane,Murbad,Big,0.0,0.0,
2013,Thane,Murbad,Medium,0.0,0.0,
2013,Thane,Murbad,Small,852.0,321.0,
2013,Thane,Shahapur,Big,48910.0,1305.0,
2013,Thane,Shahapur,Medium,0.0,0.0,
2013,Thane,Shahapur,Small,1225.0,544.0,
2013,Thane,Thane,Big,0.0,0.0,
2013,Thane,Thane,Medium,0.0,0.0,
2013,Thane,Thane,Small,0.0,0.0,
2013,Thane,Ulhasnagar,Big,0.0,0.0,
2013,Thane,Ulhasnagar,Medium,0.0,0.0,
2013,Thane,Ulhasnagar,Small,0.0,0.0,
2013,Wardha,Karanja,Big,0.0,0.0,
2013,Wardha,Karanja,Medium,0.0,0.0,
2013,Wardha,Karanja,Small,445.0,324.0,
2013,Wardha,Aarvi,Big,0.0,0.0,
2013,Wardha,Aarvi,Medium,20960.0,9625.0,
2013,Wardha,Aarvi,Small,7009.0,4215.0,
2013,Wardha,Ashti,Big,0.0,0.0,
2013,Wardha,Ashti,Medium,0.0,0.0,
2013,Wardha,Ashti,Small,579.0,364.0,
2013,Wardha,Hinganghat,Big,0.0,0.0,
2013,Wardha,Hinganghat,Medium,0.0,0.0,
2013,Wardha,Hinganghat,Small,0.0,0.0,
2013,Wardha,Samudrapur,Big,0.0,0.0,
2013,Wardha,Samudrapur,Medium,13423.0,11315.0,
2013,Wardha,Samudrapur,Small,0.0,0.0,
2013,Wardha,Selu,Big,35584.0,13360.0,
2013,Wardha,Selu,Medium,4854.0,2430.0,
2013,Wardha,Selu,Small,1138.0,792.0,
2013,Wardha,Wardha,Big,0.0,0.0,
2013,Wardha,Wardha,Medium,0.0,0.0,
2013,Wardha,Wardha,Small,505.0,307.0,
2013,Wardha,Devali,Big,0.0,0.0,
2013,Wardha,Devali,Medium,0.0,0.0,
2013,Wardha,Devali,Small,0.0,0.0,
2013,Yavatmal,Kalamb,Big,0.0,0.0,
2013,Yavatmal,Kalamb,Medium,0.0,0.0,
2013,Yavatmal,Kalamb,Small,5550.0,2773.0,
2013,Yavatmal,Aarni,Big,0.0,0.0,
2013,Yavatmal,Aarni,Medium,0.0,0.0,
2013,Yavatmal,Aarni,Small,2171.0,1057.0,
2013,Yavatmal,Babhulgaon,Big,67813.0,1586.0,
2013,Yavatmal,Babhulgaon,Medium,7855.0,0.0,
2013,Yavatmal,Babhulgaon,Small,4536.0,2102.0,
2013,Yavatmal,Darvha,Big,0.0,0.0,
2013,Yavatmal,Darvha,Medium,16059.0,4475.0,
2013,Yavatmal,Darvha,Small,13734.0,3524.0,
2013,Yavatmal,Digras,Big,30170.0,9911.0,
2013,Yavatmal,Digras,Medium,0.0,0.0,
2013,Yavatmal,Digras,Small,1150.0,1025.0,
2013,Yavatmal,Ghantaji,Big,136880.0,0.0,
2013,Yavatmal,Ghantaji,Medium,0.0,0.0,
2013,Yavatmal,Ghantaji,Small,9767.0,629.0,
2013,Yavatmal,Kelapur,Big,0.0,0.0,
2013,Yavatmal,Kelapur,Medium,4865.0,2673.0,
2013,Yavatmal,Kelapur,Small,5438.0,3460.0,
2013,Yavatmal,Mahagaon,Big,0.0,0.0,
2013,Yavatmal,Mahagaon,Medium,10732.0,5347.0,
2013,Yavatmal,Mahagaon,Small,4485.0,3635.0,
2013,Yavatmal,Maregaon,Big,0.0,0.0,
2013,Yavatmal,Maregaon,Medium,3216.0,640.0,
2013,Yavatmal,Maregaon,Small,2898.0,961.0,
2013,Yavatmal,Ner,Big,0.0,0.0,
2013,Yavatmal,Ner,Medium,0.0,0.0,
2013,Yavatmal,Ner,Small,8286.0,4877.0,
2013,Yavatmal,Pusad,Big,157475.0,70415.0,
2013,Yavatmal,Pusad,Medium,0.0,0.0,
2013,Yavatmal,Pusad,Small,9545.0,1258.0,
2013,Yavatmal,Ralegaon,Big,0.0,0.0,
2013,Yavatmal,Ralegaon,Medium,0.0,0.0,
2013,Yavatmal,Ralegaon,Small,9813.0,5873.0,
2013,Yavatmal,Umarkhed,Big,0.0,0.0,
2013,Yavatmal,Umarkhed,Medium,0.0,0.0,
2013,Yavatmal,Umarkhed,Small,5297.0,3302.0,
2013,Yavatmal,Vani,Big,0.0,0.0,
2013,Yavatmal,Vani,Medium,0.0,0.0,
2013,Yavatmal,Vani,Small,829.0,696.0,
2013,Yavatmal,Yavatmal,Big,0.0,0.0,
2013,Yavatmal,Yavatmal,Medium,14276.0,4173.0,
2013,Yavatmal,Yavatmal,Small,16750.0,4396.0,
2013,Yavatmal,Zari Jamani,Big,0.0,0.0,
2013,Yavatmal,Zari Jamani,Medium,0.0,0.0,
2013,Yavatmal,Zari Jamani,Small,5765.0,3811.0,
2013,Beed,Ashti,Big,0.0,0.0,
2013,Beed,Ashti,Medium,10448.0,0.0,
2013,Beed,Ashti,Small,8129.0,8129.0,
2013,Beed,Ambajogai,Big,0.0,0.0,
2013,Beed,Ambajogai,Medium,0.0,0.0,
2013,Beed,Ambajogai,Small,6771.0,6771.0,
2013,Beed,Beed,Big,0.0,0.0,
2013,Beed,Beed,Medium,1288.0,0.0,
2013,Beed,Beed,Small,11925.0,11925.0,
2013,Beed,Cage,Big,45621.0,18233.0,
2013,Beed,Cage,Medium,1202.0,0.0,
2013,Beed,Cage,Small,5444.0,5444.0,
2013,Beed,Dharur,Big,0.0,0.0,
2013,Beed,Dharur,Medium,1878.0,87.0,
2013,Beed,Dharur,Small,4023.0,4023.0,
2013,Beed,Gevrai,Big,0.0,0.0,
2013,Beed,Gevrai,Medium,0.0,0.0,
2013,Beed,Gevrai,Small,2441.0,2441.0,
2013,Beed,Majalgaon,Big,35711.0,9400.0,
2013,Beed,Majalgaon,Medium,0.0,0.0,
2013,Beed,Majalgaon,Small,1542.0,1542.0,
2013,Beed,Parli,Big,0.0,0.0,
2013,Beed,Parli,Medium,4240.0,725.0,
2013,Beed,Parli,Small,4744.0,4744.0,
2013,Beed,Patoda,Big,0.0,0.0,
2013,Beed,Patoda,Medium,4307.0,0.0,
2013,Beed,Patoda,Small,2125.0,2125.0,
2013,Beed,Shirur Kasar,Big,0.0,0.0,
2013,Beed,Shirur Kasar,Medium,1782.0,0.0,
2013,Beed,Shirur Kasar,Small,5386.0,5386.0,
2013,Beed,Wadwani,Big,0.0,0.0,
2013,Beed,Wadwani,Medium,5270.0,842.0,
2013,Beed,Wadwani,Small,2634.0,2634.0,
2013,Buldhana,Buldhana,Big,0.0,0.0,
2013,Buldhana,Buldhana,Medium,0.0,0.0,
2013,Buldhana,Buldhana,Small,5138.0,3261.0,
2013,Buldhana,Chikhali,Big,0.0,0.0,
2013,Buldhana,Chikhali,Medium,0.0,0.0,
2013,Buldhana,Chikhali,Small,3611.0,1490.0,
2013,Buldhana,Deulgaon Raja,Big,38854.0,1962.0,
2013,Buldhana,Deulgaon Raja,Medium,0.0,0.0,
2013,Buldhana,Deulgaon Raja,Small,3244.0,1567.0,
2013,Buldhana,Jalgaon Jamod,Big,0.0,0.0,
2013,Buldhana,Jalgaon Jamod,Medium,0.0,0.0,
2013,Buldhana,Jalgaon Jamod,Small,1592.0,697.0,
2013,Buldhana,Khamgaon,Big,0.0,0.0,
2013,Buldhana,Khamgaon,Medium,28538.0,7020.0,
2013,Buldhana,Khamgaon,Small,5043.0,1445.0,
2013,Buldhana,Lonar,Big,0.0,0.0,
2013,Buldhana,Lonar,Medium,0.0,0.0,
2013,Buldhana,Lonar,Small,7202.0,3812.0,
2013,Buldhana,Malkapur,Big,0.0,0.0,
2013,Buldhana,Malkapur,Medium,0.0,0.0,
2013,Buldhana,Malkapur,Small,207.0,110.0,
2013,Buldhana,Mehkar,Big,12877.0,7626.0,
2013,Buldhana,Mehkar,Medium,11344.0,4011.0,
2013,Buldhana,Mehkar,Small,2640.0,2138.0,
2013,Buldhana,Motala,Big,8741.0,0.0,
2013,Buldhana,Motala,Medium,4766.0,1037.0,
2013,Buldhana,Motala,Small,4205.0,940.0,
2013,Buldhana,Nandura,Big,140400.0,0.0,
2013,Buldhana,Nandura,Medium,0.0,0.0,
2013,Buldhana,Nandura,Small,668.0,355.0,
2013,Buldhana,Sangrampur,Big,0.0,0.0,
2013,Buldhana,Sangrampur,Medium,0.0,0.0,
2013,Buldhana,Sangrampur,Small,0.0,0.0,
2013,Buldhana,Shegaon,Big,0.0,0.0,
2013,Buldhana,Shegaon,Medium,0.0,0.0,
2013,Buldhana,Shegaon,Small,417.0,78.0,
2013,Buldhana,Sindkhed Raja,Big,0.0,0.0,
2013,Buldhana,Sindkhed Raja,Medium,0.0,0.0,
2013,Buldhana,Sindkhed Raja,Small,4820.0,3462.0,
2013,Jalna,Ambad,Big,0.0,,
2013,Jalna,Ambad,Medium,3440.0,,
2013,Jalna,Ambad,Small,6439.0,4473.0,
2013,Jalna,Badnapur,Big,0.0,,
2013,Jalna,Badnapur,Medium,5708.0,3401.0,
2013,Jalna,Badnapur,Small,1534.0,1038.0,
2013,Jalna,Bhokardan,Big,3296.0,2163.0,
2013,Jalna,Bhokardan,Medium,2429.0,1788.0,
2013,Jalna,Bhokardan,Small,840.0,547.0,
2013,Jalna,Ghansawangi,Big,0.0,0.0,
2013,Jalna,Ghansawangi,Medium,0.0,0.0,
2013,Jalna,Ghansawangi,Small,6391.0,4310.0,
2013,Jalna,Jaffrabad,Big,0.0,,
2013,Jalna,Jaffrabad,Medium,3238.0,1299.0,
2013,Jalna,Jaffrabad,Small,365.0,251.0,
2013,Jalna,Jalna,Big,0.0,,
2013,Jalna,Jalna,Medium,5381.0,3376.0,
2013,Jalna,Jalna,Small,4055.0,2749.0,
2013,Jalna,Mantha,Big,0.0,0.0,
2013,Jalna,Mantha,Medium,0.0,0.0,
2013,Jalna,Mantha,Small,0.0,0.0,
2013,Jalna,Partur,Big,0.0,0.0,
2013,Jalna,Partur,Medium,0.0,0.0,
2013,Jalna,Partur,Small,3940.0,1682.0,
2013,Parbhani,Selu,Big,53379.0,34438.0,
2013,Parbhani,Selu,Medium,0.0,0.0,
2013,Parbhani,Selu,Small,100.0,,
2013,Parbhani,Gangakhed,Big,6471.0,1002.0,
2013,Parbhani,Gangakhed,Medium,7122.0,4296.0,
2013,Parbhani,Gangakhed,Small,100.0,,
2013,Parbhani,Jintur,Big,0.0,0.0,
2013,Parbhani,Jintur,Medium,3818.0,2141.0,
2013,Parbhani,Jintur,Small,1342.0,19.34,
2013,Parbhani,Manvat,Big,11039.0,2995.0,
2013,Parbhani,Manvat,Medium,0.0,0.0,
2013,Parbhani,Palam,Big,0.0,0.0,
2013,Parbhani,Palam,Medium,3618.0,3618.0,
2013,Parbhani,Palam,Small,100.0,,
2013,Parbhani,Parbhani,Big,33529.0,13546.0,
2013,Parbhani,Parbhani,Medium,0.0,0.0,
2013,Parbhani,Pathari,Big,28837.0,5350.0,
2013,Parbhani,Pathari,Medium,6224.0,3983.0,
2013,Parbhani,Purna,Big,17428.0,3393.0,
2013,Parbhani,Purna,Medium,0.0,0.0,
2013,Parbhani,Sonpeth,Big,0.0,0.0,
2013,Parbhani,Sonpeth,Medium,0.0,0.0,
2014,Nandurbar,Akkalkuva,Big,0.0,0.0,
2014,Nandurbar,Akkalkuva,Medium,4857.0,0.0,
2014,Nandurbar,Akkalkuva,Small,6505.16,617.1,
2014,Nandurbar,Akrani,Big,0.0,0.0,
2014,Nandurbar,Akrani,Medium,0.0,0.0,
2014,Nandurbar,Akrani,Small,1107.62,547.15,
2014,Nandurbar,Nandurbar,Big,0.0,0.0,
2014,Nandurbar,Nandurbar,Medium,5395.0,939.0,
2014,Nandurbar,Nandurbar,Small,11891.61,2676.0,
2014,Nandurbar,Navapur,Big,0.0,0.0,
2014,Nandurbar,Navapur,Medium,15210.0,3316.0,
2014,Nandurbar,Navapur,Small,16316.5,1321.2,
2014,Nandurbar,Shahada,Big,0.0,0.0,
2014,Nandurbar,Shahada,Medium,24105.0,2020.0,
2014,Nandurbar,Shahada,Small,7328.94,855.78,
2014,Nandurbar,Taloda,Big,0.0,0.0,
2014,Nandurbar,Taloda,Medium,0.0,0.0,
2014,Nandurbar,Taloda,Small,1415.18,103.27,
2014,Ratnagiri,Chiplun,Big,0.0,0.0,
2014,Ratnagiri,Chiplun,Medium,0.0,0.0,
2014,Ratnagiri,Chiplun,Small,1636.0,1227.0,
2014,Ratnagiri,Dapoli,Big,0.0,0.0,
2014,Ratnagiri,Dapoli,Medium,0.0,0.0,
2014,Ratnagiri,Dapoli,Small,1840.0,1382.0,
2014,Ratnagiri,Guhagar,Big,0.0,0.0,
2014,Ratnagiri,Guhagar,Medium,0.0,0.0,
2014,Ratnagiri,Guhagar,Small,315.0,207.0,
2014,Ratnagiri,Khed,Big,0.0,0.0,
2014,Ratnagiri,Khed,Medium,2050.0,67.0,
2014,Ratnagiri,Khed,Small,2766.0,2180.0,
2014,Ratnagiri,Lanja,Big,0.0,0.0,
2014,Ratnagiri,Lanja,Medium,0.0,0.0,
2014,Ratnagiri,Lanja,Small,723.0,620.0,
2014,Ratnagiri,Mandangad,Big,0.0,0.0,
2014,Ratnagiri,Mandangad,Medium,0.0,0.0,
2014,Ratnagiri,Mandangad,Small,707.0,585.0,
2014,Ratnagiri,Rajapur,Big,0.0,0.0,
2014,Ratnagiri,Rajapur,Medium,12112.0,0.0,
2014,Ratnagiri,Rajapur,Small,1118.0,823.0,
2014,Ratnagiri,Ratnagiri,Big,0.0,0.0,
2014,Ratnagiri,Ratnagiri,Medium,0.0,0.0,
2014,Ratnagiri,Ratnagiri,Small,0.0,0.0,
2014,Ratnagiri,Sangameshwar,Big,0.0,0.0,
2014,Ratnagiri,Sangameshwar,Medium,4296.0,2.0,
2014,Ratnagiri,Sangameshwar,Small,2114.0,1553.0,
2014,Washim,Karanja,Small,3824.0,1330.0,
2014,Washim,Malegaon,Medium,3156.0,2694.0,
2014,Washim,Malegaon,Small,6992.0,3765.0,
2014,Washim,Mangrulpir,Small,5071.0,1936.0,
2014,Washim,Manora,Small,9248.0,2576.0,
2014,Washim,Resod,Small,6494.0,4181.0,
2014,Washim,Washim,Medium,2429.0,1786.0,
2014,Washim,Washim,Small,8225.0,4753.0,
2014,Pune,Khed,Big,84221.0,48238.0,
2014,Pune,Khed,Small,16405.0,16405.0,
2014,Pune,Aambegaon,Big,39081.0,33947.0,
2014,Pune,Aambegaon,Medium,0.0,0.0,
2014,Pune,Aambegaon,Small,16331.0,16331.0,
2014,Pune,Baramati,Big,0.0,0.0,
2014,Pune,Baramati,Medium,0.0,0.0,
2014,Pune,Baramati,Small,21665.0,21665.0,
2014,Pune,Bhor,Big,131474.0,82032.0,
2014,Pune,Bhor,Medium,0.0,0.0,
2014,Pune,Bhor,Small,10621.0,10621.0,
2014,Pune,Daund,Big,0.0,0.0,
2014,Pune,Daund,Medium,0.0,0.0,
2014,Pune,Daund,Small,18121.0,18121.0,
2014,Pune,Haveli,Medium,0.0,0.0,
2014,Pune,Haveli,Small,13422.0,13422.0,
2014,Pune,Indapur,Big,0.0,0.0,
2014,Pune,Indapur,Medium,5380.0,1652.0,
2014,Pune,Indapur,Small,18020.0,18020.0,
2014,Pune,Junnar,Big,168509.0,31153.0,
2014,Pune,Junnar,Medium,7485.0,,
2014,Pune,Junnar,Small,16568.0,16568.0,
2014,Pune,Maval,Big,5946.0,5131.0,
2014,Pune,Maval,Medium,4903.0,11961.0,
2014,Pune,Maval,Small,7036.0,7036.0,
2014,Pune,Mulashi,Big,1600.0,,
2014,Pune,Mulashi,Medium,10149.0,3184.0,
2014,Pune,Mulashi,Small,15914.0,15914.0,
2014,Pune,Pune City,Big,0.0,0.0,
2014,Pune,Pune City,Medium,0.0,0.0,
2014,Pune,Pune City,Small,0.0,0.0,
2014,Pune,Purandar,Big,0.0,0.0,
2014,Pune,Purandar,Medium,3785.0,3190.0,
2014,Pune,Purandar,Small,13582.0,13582.0,
2014,Pune,Shirur,Big,20500.0,9894.0,
2014,Pune,Shirur,Medium,0.0,0.0,
2014,Pune,Shirur,Small,25443.0,25443.0,
2014,Pune,Welhe,Medium,0.0,0.0,
2014,Pune,Welhe,Small,3936.0,3936.0,
2014,Ahilyanagar,Akole,Big,200581.0,33933.0,
2014,Ahilyanagar,Akole,Medium,8361.0,3731.0,
2014,Ahilyanagar,Akole,Small,156.0,156.0,
2014,Ahilyanagar,Jamkhed,Big,0.0,0.0,
2014,Ahilyanagar,Jamkhed,Medium,2844.0,0.0,
2014,Ahilyanagar,Jamkhed,Small,642.0,642.0,
2014,Ahilyanagar,Karjat,Big,0.0,0.0,
2014,Ahilyanagar,Karjat,Medium,14040.0,2255.52,
2014,Ahilyanagar,Karjat,Small,0.0,0.0,
2014,Ahilyanagar,Kopargaon,Big,0.0,0.0,
2014,Ahilyanagar,Kopargaon,Medium,0.0,0.0,
2014,Ahilyanagar,Kopargaon,Small,0.0,0.0,
2014,Ahilyanagar,Nagar,Big,0.0,0.0,
2014,Ahilyanagar,Nagar,Medium,0.0,0.0,
2014,Ahilyanagar,Nagar,Small,1141.0,1141.0,
2014,Ahilyanagar,Nevasa,Big,0.0,0.0,
2014,Ahilyanagar,Nevasa,Medium,0.0,0.0,
2014,Ahilyanagar,Nevasa,Small,0.0,0.0,
2014,Ahilyanagar,Parner,Big,0.0,0.0,
2014,Ahilyanagar,Parner,Medium,4228.0,625.0,
2014,Ahilyanagar,Parner,Small,756.0,756.0,
2014,Ahilyanagar,Pathardi,Big,0.0,0.0,
2014,Ahilyanagar,Pathardi,Medium,2380.0,0.0,
2014,Ahilyanagar,Pathardi,Small,0.0,0.0,
2014,Ahilyanagar,Rahata,Big,0.0,0.0,
2014,Ahilyanagar,Rahata,Medium,0.0,0.0,
2014,Ahilyanagar,Rahata,Small,0.0,3680.0,
2014,Ahilyanagar,Rahuri,Big,161386.0,89595.0,
2014,Ahilyanagar,Rahuri,Medium,0.0,0.0,
2014,Ahilyanagar,Rahuri,Small,0.0,0.0,
2014,Ahilyanagar,Sangamner,Big,0.0,0.0,
2014,Ahilyanagar,Sangamner,Medium,0.0,0.0,
2014,Ahilyanagar,Sangamner,Small,1116.0,1116.0,
2014,Ahilyanagar,Shevgaon,Big,0.0,0.0,
2014,Ahilyanagar,Shevgaon,Medium,2744.0,110.0,
2014,Ahilyanagar,Shevgaon,Small,431.0,431.0,
2014,Ahilyanagar,Srigonda,Big,0.0,0.0,
2014,Ahilyanagar,Srigonda,Medium,8260.0,2002.3,
2014,Ahilyanagar,Srigonda,Small,423.0,423.0,
2014,Ahilyanagar,Srirampur,Big,0.0,0.0,
2014,Ahilyanagar,Srirampur,Medium,1110.0,0.0,
2014,Ahilyanagar,Srirampur,Small,0.0,0.0,
2014,Akola,Akola,Big,0.0,0.0,
2014,Akola,Akola,Medium,0.0,0.0,
2014,Akola,Akola,Small,1978.0,768.0,
2014,Akola,Akot,Big,0.0,0.0,
2014,Akola,Akot,Medium,0.0,0.0,
2014,Akola,Akot,Small,2603.0,1149.0,
2014,Akola,Balapur,Big,0.0,0.0,
2014,Akola,Balapur,Medium,0.0,0.0,
2014,Akola,Balapur,Small,309.0,79.0,
2014,Akola,Barshitakali,Big,13996.0,6788.0,
2014,Akola,Barshitakali,Medium,0.0,0.0,
2014,Akola,Barshitakali,Small,5350.0,3549.0,
2014,Akola,Murtijapur,Big,0.0,0.0,
2014,Akola,Murtijapur,Medium,3168.0,2197.0,
2014,Akola,Murtijapur,Small,2160.0,496.0,
2014,Akola,Patur,Big,0.0,0.0,
2014,Akola,Patur,Medium,16316.0,7069.0,
2014,Akola,Patur,Small,5402.0,2686.0,
2014,Akola,Telhara,Big,25028.0,19177.0,
2014,Akola,Telhara,Medium,0.0,0.0,
2014,Akola,Telhara,Small,0.0,0.0,
2014,Amravati,Achalpur,Big,0.0,0.0,
2014,Amravati,Achalpur,Medium,28560.0,19199.0,
2014,Amravati,Achalpur,Small,3072.0,1661.0,
2014,Amravati,Amravati,Big,0.0,0.0,
2014,Amravati,Amravati,Medium,0.0,0.0,
2014,Amravati,Amravati,Small,2688.0,2147.0,
2014,Amravati,Anjangaon Su,Big,0.0,0.0,
2014,Amravati,Anjangaon Su,Medium,0.0,0.0,
2014,Amravati,Anjangaon Su,Small,645.0,465.0,
2014,Amravati,Bhatkuli,Big,0.0,0.0,
2014,Amravati,Bhatkuli,Medium,0.0,0.0,
2014,Amravati,Bhatkuli,Small,65.0,65.0,
2014,Amravati,Chandur Railway,Big,3288.0,2964.0,
2014,Amravati,Chandur Railway,Medium,0.0,0.0,
2014,Amravati,Chandur Railway,Small,7329.0,4139.0,
2014,Amravati,Chandurbazar,Big,0.0,0.0,
2014,Amravati,Chandurbazar,Medium,8963.0,6275.0,
2014,Amravati,Chandurbazar,Small,2708.0,1871.0,
2014,Amravati,Chikhraldara,Big,0.0,0.0,
2014,Amravati,Chikhraldara,Medium,0.0,0.0,
2014,Amravati,Chikhraldara,Small,977.0,977.0,
2014,Amravati,Daryapur,Big,0.0,0.0,
2014,Amravati,Daryapur,Medium,0.0,0.0,
2014,Amravati,Daryapur,Small,438.0,438.0,
2014,Amravati,Dhamangaon Re,Big,43365.0,39086.0,
2014,Amravati,Dhamangaon Re,Medium,0.0,0.0,
2014,Amravati,Dhamangaon Re,Small,48.0,48.0,
2014,Amravati,Dharani,Big,0.0,0.0,
2014,Amravati,Dharani,Medium,0.0,0.0,
2014,Amravati,Dharani,Small,9431.0,6264.0,
2014,Amravati,Morshi,Big,2872.0,2589.0,
2014,Amravati,Morshi,Medium,0.0,0.0,
2014,Amravati,Morshi,Small,2811.0,1907.0,
2014,Amravati,Nandgaon Kh,Big,0.0,0.0,
2014,Amravati,Nandgaon Kh,Medium,0.0,0.0,
2014,Amravati,Nandgaon Kh,Small,3024.0,1991.0,
2014,Amravati,Tivas,Big,14671.0,13223.0,
2014,Amravati,Tivas,Medium,0.0,0.0,
2014,Amravati,Tivas,Small,2671.0,1996.0,
2014,Amravati,Warud,Big,0.0,0.0,
2014,Amravati,Warud,Medium,0.0,0.0,
2014,Amravati,Warud,Small,7685.0,4989.0,
2014,Bhandara,Bhandara,Big,10594.0,10235.0,
2014,Bhandara,Bhandara,Small,3402.0,1825.0,
2014,Bhandara,Lakhandur,Big,28291.0,13238.0,
2014,Bhandara,Lakhandur,Small,1997.0,1517.0,
2014,Bhandara,Lakhani,Small,3170.0,1935.0,
2014,Bhandara,Mohadi,Big,24571.0,24481.0,
2014,Bhandara,Mohadi,Medium,3555.0,1967.0,
2014,Bhandara,Mohadi,Small,1709.0,1763.0,
2014,Bhandara,Pavani,Big,22099.0,6338.0,
2014,Bhandara,Pavani,Small,1198.0,1046.0,
2014,Bhandara,Sakoli,Small,7778.0,4719.0,
2014,Bhandara,Tumsar,Big,13943.0,13778.0,
2014,Bhandara,Tumsar,Medium,17634.0,10691.0,
2014,Bhandara,Tumsar,Small,13716.0,1668.0,
2014,Chandrapur,Ballarpur,Big,0.0,0.0,
2014,Chandrapur,Ballarpur,Medium,0.0,0.0,
2014,Chandrapur,Ballarpur,Small,2499.0,1129.0,
2014,Chandrapur,Bhadravati,Big,0.0,0.0,
2014,Chandrapur,Bhadravati,Medium,0.0,0.0,
2014,Chandrapur,Bhadravati,Small,618.0,421.0,
2014,Chandrapur,Bramhapuri,Big,0.0,0.0,
2014,Chandrapur,Bramhapuri,Medium,0.0,0.0,
2014,Chandrapur,Bramhapuri,Small,478.0,478.0,
2014,Chandrapur,Chandrapur,Big,0.0,0.0,
2014,Chandrapur,Chandrapur,Medium,0.0,0.0,
2014,Chandrapur,Chandrapur,Small,1729.0,1685.0,
2014,Chandrapur,Chimur,Big,0.0,0.0,
2014,Chandrapur,Chimur,Medium,0.0,0.0,
2014,Chandrapur,Chimur,Small,2016.0,1617.0,
2014,Chandrapur,Gondpipari,Big,0.0,0.0,
2014,Chandrapur,Gondpipari,Medium,0.0,0.0,
2014,Chandrapur,Gondpipari,Small,1730.0,1548.0,
2014,Chandrapur,Jivati,Big,0.0,0.0,
2014,Chandrapur,Jivati,Medium,0.0,0.0,
2014,Chandrapur,Jivati,Small,0.0,0.0,
2014,Chandrapur,Korpana,Big,0.0,0.0,
2014,Chandrapur,Korpana,Medium,10865.0,3514.0,
2014,Chandrapur,Korpana,Small,365.0,365.0,
2014,Chandrapur,Mul,Big,0.0,0.0,
2014,Chandrapur,Mul,Medium,0.0,0.0,
2014,Chandrapur,Mul,Small,2537.0,1570.0,
2014,Chandrapur,Nagbhid,Big,0.0,0.0,
2014,Chandrapur,Nagbhid,Medium,19607.0,11053.0,
2014,Chandrapur,Nagbhid,Small,3898.0,777.0,
2014,Chandrapur,Ponbhurna,Big,0.0,0.0,
2014,Chandrapur,Ponbhurna,Medium,0.0,0.0,
2014,Chandrapur,Ponbhurna,Small,841.0,797.0,
2014,Chandrapur,Rajura,Big,0.0,0.0,
2014,Chandrapur,Rajura,Medium,0.0,0.0,
2014,Chandrapur,Rajura,Small,972.0,538.0,
2014,Chandrapur,Savali,Big,50858.0,10623.0,
2014,Chandrapur,Savali,Medium,0.0,0.0,
2014,Chandrapur,Savali,Small,2014.0,1555.0,
2014,Chandrapur,Sindevahi,Big,0.0,0.0,
2014,Chandrapur,Sindevahi,Medium,7064.0,3641.0,
2014,Chandrapur,Sindevahi,Small,2541.0,1602.0,
2014,Chandrapur,Varora,Big,0.0,0.0,
2014,Chandrapur,Varora,Medium,8146.0,5378.0,
2014,Chandrapur,Varora,Small,1467.0,878.0,
2014,Dharashiv,Bhum,Medium,2244.0,1689.0,
2014,Dharashiv,Bhum,Small,4696.0,1350.0,
2014,Dharashiv,Dharashiv,Medium,5646.0,4858.0,
2014,Dharashiv,Dharashiv,Small,14689.0,1534.0,
2014,Dharashiv,Kalamb,Medium,1700.0,1700.0,
2014,Dharashiv,Kalamb,Small,3533.0,259.0,
2014,Dharashiv,Lohara,Big,6525.0,11610.0,
2014,Dharashiv,Lohara,Medium,0.0,0.0,
2014,Dharashiv,Lohara,Small,1680.0,456.0,
2014,Dharashiv,Paranda,Medium,8017.0,6681.0,
2014,Dharashiv,Paranda,Small,3066.0,456.0,
2014,Dharashiv,Tuljapur,Medium,12570.0,6652.0,
2014,Dharashiv,Tuljapur,Small,5235.0,1610.0,
2014,Dharashiv,Umaraga,Big,0.0,0.0,
2014,Dharashiv,Umaraga,Medium,7359.0,4766.0,
2014,Dharashiv,Umaraga,Small,1208.0,518.0,
2014,Dharashiv,Washi,Medium,0.0,0.0,
2014,Dharashiv,Washi,Small,3168.0,166.0,
2014,Dhule,Dhule,Big,0.0,0.0,
2014,Dhule,Dhule,Medium,2105.0,1075.0,
2014,Dhule,Dhule,Small,16445.0,7167.0,
2014,Dhule,Sakri,Big,0.0,0.0,
2014,Dhule,Sakri,Medium,36820.0,19919.0,
2014,Dhule,Sakri,Small,12270.0,5060.0,
2014,Dhule,Shindkheda,Big,0.0,0.0,
2014,Dhule,Shindkheda,Medium,16879.0,3510.0,
2014,Dhule,Shindkheda,Small,5996.0,1297.0,
2014,Dhule,Shirpur,Big,0.0,0.0,
2014,Dhule,Shirpur,Medium,20672.0,13841.0,
2014,Dhule,Shirpur,Small,6248.0,4006.0,
2014,Gadchiroli,Aarmori,Big,34921.0,0.0,
2014,Gadchiroli,Aarmori,Medium,2710.0,3950.0,
2014,Gadchiroli,Aarmori,Small,558.0,475.0,
2014,Gadchiroli,Aheri,Big,0.0,0.0,
2014,Gadchiroli,Aheri,Medium,5234.0,6705.0,
2014,Gadchiroli,Aheri,Small,181.0,13.0,
2014,Gadchiroli,Bhamragad,Big,0.0,0.0,
2014,Gadchiroli,Bhamragad,Medium,0.0,0.0,
2014,Gadchiroli,Bhamragad,Small,0.0,0.0,
2014,Gadchiroli,Chomoshi,Big,31396.0,10914.0,
2014,Gadchiroli,Chomoshi,Medium,17195.0,22332.0,
2014,Gadchiroli,Chomoshi,Small,2348.0,1392.0,
2014,Gadchiroli,Desaiganj,Big,60730.0,4822.0,
2014,Gadchiroli,Desaiganj,Medium,0.0,0.0,
2014,Gadchiroli,Desaiganj,Small,0.0,0.0,
2014,Gadchiroli,Dhanora,Big,0.0,0.0,
2014,Gadchiroli,Dhanora,Medium,0.0,0.0,
2014,Gadchiroli,Dhanora,Small,1811.0,1245.0,
2014,Gadchiroli,Etapalli,Big,0.0,0.0,
2014,Gadchiroli,Etapalli,Medium,0.0,0.0,
2014,Gadchiroli,Etapalli,Small,1985.0,1847.0,
2014,Gadchiroli,Gadchiroli,Big,0.0,0.0,
2014,Gadchiroli,Gadchiroli,Medium,3294.0,4551.0,
2014,Gadchiroli,Gadchiroli,Small,648.0,370.0,
2014,Gadchiroli,Korachi,Big,0.0,0.0,
2014,Gadchiroli,Korachi,Medium,0.0,0.0,
2014,Gadchiroli,Korachi,Small,40.0,0.0,
2014,Gadchiroli,Kurkheda,Big,0.0,0.0,
2014,Gadchiroli,Kurkheda,Medium,0.0,0.0,
2014,Gadchiroli,Kurkheda,Small,570.0,515.0,
2014,Gadchiroli,Mulchera,Big,0.0,0.0,
2014,Gadchiroli,Mulchera,Medium,0.0,0.0,
2014,Gadchiroli,Mulchera,Small,0.0,0.0,
2014,Gadchiroli,Sironcha,Big,0.0,0.0,
2014,Gadchiroli,Sironcha,Medium,2280.0,3283.0,
2014,Gadchiroli,Sironcha,Small,472.0,0.0,
2014,Gondia,Aamgaon,Big,10715.0,8914.0,
2014,Gondia,Aamgaon,Medium,0.0,0.0,
2014,Gondia,Aamgaon,Small,6843.0,4704.42,
2014,Gondia,Arjuni Morgaon,Big,10123.0,9935.0,
2014,Gondia,Arjuni Morgaon,Medium,0.0,0.0,
2014,Gondia,Arjuni Morgaon,Small,18597.0,13224.42,
2014,Gondia,Devari,Big,358.0,90.0,
2014,Gondia,Devari,Medium,0.0,0.0,
2014,Gondia,Devari,Small,11353.0,7192.66,
2014,Gondia,Gondia,Big,17859.0,11267.0,
2014,Gondia,Gondia,Medium,0.0,0.0,
2014,Gondia,Gondia,Small,12478.0,8544.05,
2014,Gondia,Goregaon,Big,0.0,0.0,
2014,Gondia,Goregaon,Medium,18718.0,3490.0,
2014,Gondia,Goregaon,Small,12164.0,8261.78,
2014,Gondia,Sadak Arjuni,Big,0.0,0.0,
2014,Gondia,Sadak Arjuni,Medium,3500.0,1098.0,
2014,Gondia,Sadak Arjuni,Small,9073.0,6213.0,
2014,Gondia,Salekasa,Big,6786.0,5222.0,
2014,Gondia,Salekasa,Medium,5008.0,1121.0,
2014,Gondia,Salekasa,Small,7744.0,4740.0,
2014,Gondia,Tiroda,Big,0.0,0.0,
2014,Gondia,Tiroda,Medium,59119.0,17221.0,
2014,Gondia,Tiroda,Small,10503.0,6937.7,
2014,Hingoli,Aundha Na,Big,9038.0,9038.0,
2014,Hingoli,Aundha Na,Small,3892.0,1080.0,
2014,Hingoli,Hingoli,Small,3372.0,1090.0,
2014,Hingoli,Kalamanuri,Big,17079.0,17079.0,
2014,Hingoli,Kalamanuri,Small,2504.0,1821.0,
2014,Hingoli,Sengaon,Small,1574.0,583.0,
2014,Hingoli,Vasamat,Big,19851.0,19851.0,
2014,Hingoli,Vasamat,Small,44.0,89.0,
2014,Kolhapur,Ajara,Big,0.0,0.0,
2014,Kolhapur,Ajara,Medium,3765.0,2893.0,
2014,Kolhapur,Ajara,Small,3228.0,2183.0,
2014,Kolhapur,Bhudargad,Big,2614.0,1923.0,
2014,Kolhapur,Bhudargad,Medium,10512.0,8523.0,
2014,Kolhapur,Bhudargad,Small,3127.0,1890.0,
2014,Kolhapur,Chandgad,Big,0.0,0.0,
2014,Kolhapur,Chandgad,Medium,13111.0,10021.0,
2014,Kolhapur,Chandgad,Small,11253.0,9188.0,
2014,Kolhapur,Gadhinglaj,Big,0.0,0.0,
2014,Kolhapur,Gadhinglaj,Medium,6577.0,4513.0,
2014,Kolhapur,Gadhinglaj,Small,5869.0,5333.0,
2014,Kolhapur,Gaganbavada,Big,0.0,0.0,
2014,Kolhapur,Gaganbavada,Medium,5203.0,4943.0,
2014,Kolhapur,Gaganbavada,Small,1493.0,1345.0,
2014,Kolhapur,Hatkanangale,Big,23765.0,16080.0,
2014,Kolhapur,Hatkanangale,Medium,0.0,0.0,
2014,Kolhapur,Hatkanangale,Small,1573.0,1455.0,
2014,Kolhapur,Kagal,Big,18425.0,13557.0,
2014,Kolhapur,Kagal,Medium,5943.0,4874.0,
2014,Kolhapur,Kagal,Small,5238.0,4458.0,
2014,Kolhapur,Karveer,Big,27474.0,17555.0,
2014,Kolhapur,Karveer,Medium,1774.0,1685.0,
2014,Kolhapur,Karveer,Small,2926.0,2254.0,
2014,Kolhapur,Panhala,Big,9291.0,6690.0,
2014,Kolhapur,Panhala,Medium,8928.0,8479.0,
2014,Kolhapur,Panhala,Small,4556.0,3842.0,
2014,Kolhapur,Radhanagari,Big,15171.0,10427.0,
2014,Kolhapur,Radhanagari,Medium,0.0,0.0,
2014,Kolhapur,Radhanagari,Small,2132.0,1458.0,
2014,Kolhapur,Shahuwadi,Big,6820.0,4830.0,
2014,Kolhapur,Shahuwadi,Medium,13129.0,12281.0,
2014,Kolhapur,Shahuwadi,Small,9718.0,6951.0,
2014,Kolhapur,Shirol,Big,19209.0,14423.0,
2014,Kolhapur,Shirol,Medium,0.0,0.0,
2014,Kolhapur,Shirol,Small,199.0,169.0,
2014,Latur,Ahamadpur,Big,0.0,0.0,
2014,Latur,Ahamadpur,Medium,0.0,0.0,
2014,Latur,Ahamadpur,Small,11347.0,1873.0,
2014,Latur,Aosa,Big,2517.0,0.0,
2014,Latur,Aosa,Medium,0.0,0.0,
2014,Latur,Aosa,Small,9699.0,1433.0,
2014,Latur,Chakur,Big,0.0,0.0,
2014,Latur,Chakur,Medium,4888.0,0.0,
2014,Latur,Chakur,Small,9608.0,1158.0,
2014,Latur,Devani,Big,0.0,0.0,
2014,Latur,Devani,Medium,0.0,0.0,
2014,Latur,Devani,Small,6786.0,458.0,
2014,Latur,Jalkot,Big,0.0,0.0,
2014,Latur,Jalkot,Medium,0.0,0.0,
2014,Latur,Jalkot,Small,8481.0,1024.0,
2014,Latur,Latur,Big,6977.0,0.0,
2014,Latur,Latur,Medium,4173.0,0.0,
2014,Latur,Latur,Small,6934.0,1347.0,
2014,Latur,Nilanga,Big,6286.0,0.0,
2014,Latur,Nilanga,Medium,7743.0,0.0,
2014,Latur,Nilanga,Small,11489.0,857.0,
2014,Latur,Renapur,Big,5902.0,0.0,
2014,Latur,Renapur,Medium,5640.0,0.0,
2014,Latur,Renapur,Small,4635.0,655.0,
2014,Latur,Shirur-Anantpal,Big,0.0,0.0,
2014,Latur,Shirur-Anantpal,Medium,0.0,0.0,
2014,Latur,Shirur-Anantpal,Small,859.0,215.0,
2014,Latur,Udgir,Big,0.0,0.0,
2014,Latur,Udgir,Medium,7658.0,0.0,
2014,Latur,Udgir,Small,8596.0,2099.0,
2014,Nagpur,Bhiwapur,Big,0.0,0.0,
2014,Nagpur,Bhiwapur,Medium,0.0,0.0,
2014,Nagpur,Bhiwapur,Small,4359.0,2064.0,
2014,Nagpur,Hingana,Big,0.0,0.0,
2014,Nagpur,Hingana,Medium,9424.0,1451.0,
2014,Nagpur,Hingana,Small,3645.0,408.0,
2014,Nagpur,Kalameshwar,Big,0.0,0.0,
2014,Nagpur,Kalameshwar,Medium,6811.0,1022.0,
2014,Nagpur,Kalameshwar,Small,820.0,784.0,
2014,Nagpur,Kamathi,Big,0.0,0.0,
2014,Nagpur,Kamathi,Medium,0.0,0.0,
2014,Nagpur,Kamathi,Small,0.0,0.0,
2014,Nagpur,Katol,Big,0.0,0.0,
2014,Nagpur,Katol,Medium,10674.0,7084.0,
2014,Nagpur,Katol,Small,2554.0,409.0,
2014,Nagpur,Kuhi,Big,0.0,0.0,
2014,Nagpur,Kuhi,Medium,4731.0,0.0,
2014,Nagpur,Kuhi,Small,1023.0,260.0,
2014,Nagpur,Mauda,Big,0.0,0.0,
2014,Nagpur,Mauda,Medium,0.0,0.0,
2014,Nagpur,Mauda,Small,206.0,172.0,
2014,Nagpur,Nagpur (gra),Big,0.0,0.0,
2014,Nagpur,Nagpur (gra),Medium,2500.0,164.0,
2014,Nagpur,Nagpur (gra),Small,793.0,170.0,
2014,Nagpur,Nagpur (sh),Big,0.0,0.0,
2014,Nagpur,Nagpur (sh),Medium,0.0,0.0,
2014,Nagpur,Nagpur (sh),Small,0.0,0.0,
2014,Nagpur,Narkhed,Big,0.0,0.0,
2014,Nagpur,Narkhed,Medium,0.0,0.0,
2014,Nagpur,Narkhed,Small,1441.0,461.0,
2014,Nagpur,Parashivani,Big,271226.0,92121.0,
2014,Nagpur,Parashivani,Medium,0.0,0.0,
2014,Nagpur,Parashivani,Small,1977.0,303.0,
2014,Nagpur,Ramtech,Big,0.0,0.0,
2014,Nagpur,Ramtech,Medium,5000.0,330.0,
2014,Nagpur,Ramtech,Small,2524.0,347.0,
2014,Nagpur,Sawner,Big,0.0,0.0,
2014,Nagpur,Sawner,Medium,22401.0,2964.0,
2014,Nagpur,Sawner,Small,3250.0,386.0,
2014,Nagpur,Umred,Big,18860.0,8396.0,
2014,Nagpur,Umred,Medium,9739.0,4625.0,
2014,Nagpur,Umred,Small,7809.0,2409.0,
2014,Nashik,Malegaon,Big,0.0,0.0,
2014,Nashik,Malegaon,Medium,0.0,0.0,
2014,Nashik,Malegaon,Small,3400.0,2719.0,
2014,Nashik,Baglan,Big,0.0,0.0,
2014,Nashik,Baglan,Medium,23534.0,4137.0,
2014,Nashik,Baglan,Small,2588.0,2018.0,
2014,Nashik,Chandwad,Big,715.0,497.0,
2014,Nashik,Chandwad,Medium,0.0,0.0,
2014,Nashik,Chandwad,Small,2655.0,5333.54,
2014,Nashik,Devala,Big,3794.0,3186.0,
2014,Nashik,Devala,Medium,0.0,0.0,
2014,Nashik,Devala,Small,1641.0,1313.0,
2014,Nashik,Dindori,Big,101983.0,2316.0,
2014,Nashik,Dindori,Medium,9034.0,2194.0,
2014,Nashik,Dindori,Small,4804.0,0.0,
2014,Nashik,Igatpuri,Big,113450.0,26059.0,
2014,Nashik,Igatpuri,Medium,0.0,0.0,
2014,Nashik,Igatpuri,Small,2044.0,0.0,
2014,Nashik,Kalwan,Big,53539.0,6971.0,
2014,Nashik,Kalwan,Medium,0.0,0.0,
2014,Nashik,Kalwan,Small,3346.0,2735.0,
2014,Nashik,Nandgaon,Big,106588.0,30783.0,
2014,Nashik,Nandgaon,Medium,7673.0,1298.0,
2014,Nashik,Nandgaon,Small,2497.0,1997.0,
2014,Nashik,Nashik,Big,30400.0,3813.0,
2014,Nashik,Nashik,Medium,12725.0,626.0,
2014,Nashik,Nashik,Small,2618.0,0.0,
2014,Nashik,Nifad,Big,0.0,0.0,
2014,Nashik,Nifad,Medium,0.0,0.0,
2014,Nashik,Nifad,Small,1422.0,1875.86,
2014,Nashik,Peth,Big,0.0,0.0,
2014,Nashik,Peth,Medium,0.0,0.0,
2014,Nashik,Peth,Small,3149.0,2587.0,
2014,Nashik,Sinner,Big,0.0,0.0,
2014,Nashik,Sinner,Medium,5260.0,1150.0,
2014,Nashik,Sinner,Small,3050.0,7371.15,
2014,Nashik,Surgana,Big,0.0,0.0,
2014,Nashik,Surgana,Medium,0.0,0.0,
2014,Nashik,Surgana,Small,649.0,415.0,
2014,Nashik,Trimbak,Big,0.0,0.0,
2014,Nashik,Trimbak,Medium,0.0,0.0,
2014,Nashik,Trimbak,Small,2605.0,465.0,
2014,Nashik,Yewala,Big,0.0,0.0,
2014,Nashik,Yewala,Medium,0.0,0.0,
2014,Nashik,Yewala,Small,953.0,4244.02,
2014,Raigad,Karjat,Big,0.0,0.0,
2014,Raigad,Karjat,Medium,0.0,0.0,
2014,Raigad,Karjat,Small,1205.0,53.0,
2014,Raigad,Alibag,Big,0.0,0.0,
2014,Raigad,Alibag,Medium,1808.0,0.0,
2014,Raigad,Alibag,Small,194.0,70.0,
2014,Raigad,Khalapur,Big,0.0,0.0,
2014,Raigad,Khalapur,Medium,0.0,0.0,
2014,Raigad,Khalapur,Small,548.0,190.0,
2014,Raigad,Mahad,Big,0.0,0.0,
2014,Raigad,Mahad,Medium,0.0,0.0,
2014,Raigad,Mahad,Small,748.0,126.0,
2014,Raigad,Mangaon,Big,12414.0,1159.0,
2014,Raigad,Mangaon,Medium,0.0,0.0,
2014,Raigad,Mangaon,Small,395.0,7.0,
2014,Raigad,Mhasala,Big,0.0,0.0,
2014,Raigad,Mhasala,Medium,0.0,0.0,
2014,Raigad,Mhasala,Small,252.0,14.0,
2014,Raigad,Murud,Big,0.0,0.0,
2014,Raigad,Murud,Medium,0.0,0.0,
2014,Raigad,Murud,Small,128.0,58.0,
2014,Raigad,Panwel,Big,0.0,0.0,
2014,Raigad,Panwel,Medium,0.0,0.0,
2014,Raigad,Panwel,Small,255.0,83.0,
2014,Raigad,Pen,Big,0.0,0.0,
2014,Raigad,Pen,Medium,9551.0,124.0,
2014,Raigad,Pen,Small,226.0,10.0,
2014,Raigad,Poladpur,Big,0.0,0.0,
2014,Raigad,Poladpur,Medium,0.0,0.0,
2014,Raigad,Poladpur,Small,491.0,0.0,
2014,Raigad,Roha,Big,0.0,0.0,
2014,Raigad,Roha,Medium,277.0,31.0,
2014,Raigad,Roha,Small,529.0,105.0,
2014,Raigad,Shreevardhan,Big,0.0,0.0,
2014,Raigad,Shreevardhan,Medium,0.0,0.0,
2014,Raigad,Shreevardhan,Small,369.0,21.0,
2014,Raigad,Sudhagad,Big,0.0,0.0,
2014,Raigad,Sudhagad,Medium,0.0,0.0,
2014,Raigad,Sudhagad,Small,1086.0,272.0,
2014,Raigad,Tala,Big,0.0,0.0,
2014,Raigad,Tala,Medium,0.0,0.0,
2014,Raigad,Tala,Small,222.0,27.0,
2014,Raigad,Uran,Big,0.0,0.0,
2014,Raigad,Uran,Medium,0.0,0.0,
2014,Raigad,Uran,Small,105.0,0.0,
2014,Sangli,Aatpadi,Big,22240.0,0.0,
2014,Sangli,Aatpadi,Medium,0.0,0.0,
2014,Sangli,Aatpadi,Small,6628.0,3032.0,
2014,Sangli,Jat,Big,42761.0,22550.0,
2014,Sangli,Jat,Medium,4811.0,70.0,
2014,Sangli,Jat,Small,14491.0,3063.0,
2014,Sangli,Kadegaon,Big,30891.0,11755.0,
2014,Sangli,Kadegaon,Medium,0.0,0.0,
2014,Sangli,Kadegaon,Small,3802.0,1259.0,
2014,Sangli,Khanapur,Big,38824.0,6565.0,
2014,Sangli,Khanapur,Medium,0.0,0.0,
2014,Sangli,Khanapur,Small,6190.0,1700.0,
2014,Sangli,Ku. Mahakal,Big,37030.0,13758.0,
2014,Sangli,Ku. Mahakal,Medium,862.0,461.0,
2014,Sangli,Ku. Mahakal,Small,3068.0,2187.0,
2014,Sangli,Miraj,Big,63235.0,33347.0,
2014,Sangli,Miraj,Medium,0.0,0.0,
2014,Sangli,Miraj,Small,17047.0,30592.0,
2014,Sangli,Palus,Big,1100.0,580.0,
2014,Sangli,Palus,Medium,3675.0,1627.0,
2014,Sangli,Palus,Small,13044.0,13483.0,
2014,Sangli,Shirala,Big,0.0,0.0,
2014,Sangli,Shirala,Medium,2566.0,1522.0,
2014,Sangli,Shirala,Small,1821.0,839.0,
2014,Sangli,Tasgaon,Big,34916.0,12769.0,
2014,Sangli,Tasgaon,Medium,4692.0,1720.0,
2014,Sangli,Tasgaon,Small,3086.0,907.0,
2014,Sangli,Valava,Big,195.0,103.0,
2014,Sangli,Valava,Medium,2440.0,1155.0,
2014,Sangli,Valava,Small,31485.0,38914.0,
2014,Satara,Faltan,Big,58970.0,27740.0,
2014,Satara,Faltan,Medium,0.0,0.0,
2014,Satara,Faltan,Small,1744.0,1744.0,
2014,Satara,Javali,Big,2200.0,2200.0,
2014,Satara,Javali,Medium,8523.0,0.0,
2014,Satara,Javali,Small,0.0,0.0,
2014,Satara,Karad,Big,46555.0,45359.0,
2014,Satara,Karad,Medium,20965.0,7472.0,
2014,Satara,Karad,Small,3782.0,3782.0,
2014,Satara,Khandala,Big,23129.0,9212.0,
2014,Satara,Khandala,Medium,0.0,0.0,
2014,Satara,Khandala,Small,370.0,370.0,
2014,Satara,Khatav,Big,33659.0,7126.0,
2014,Satara,Khatav,Medium,6673.0,6673.0,
2014,Satara,Khatav,Small,1365.0,1365.0,
2014,Satara,Koregaon,Big,20999.0,20999.0,
2014,Satara,Koregaon,Medium,11932.0,4052.0,
2014,Satara,Koregaon,Small,2045.0,2045.0,
2014,Satara,Mahableshwar,Big,0.0,0.0,
2014,Satara,Mahableshwar,Medium,0.0,0.0,
2014,Satara,Mahableshwar,Small,0.0,0.0,
2014,Satara,Man,Big,37759.0,0.0,
2014,Satara,Man,Medium,6640.0,6038.0,
2014,Satara,Man,Small,1673.0,1632.0,
2014,Satara,Patan,Big,25352.0,14078.0,
2014,Satara,Patan,Medium,7891.0,2177.0,
2014,Satara,Patan,Small,5623.0,2287.0,
2014,Satara,Satara,Big,30482.0,18446.0,
2014,Satara,Satara,Medium,0.0,0.0,
2014,Satara,Satara,Small,3978.0,3246.0,
2014,Satara,Vai,Big,7809.0,7809.0,
2014,Satara,Vai,Medium,8202.0,310.0,
2014,Satara,Vai,Small,1203.0,0.0,
2014,Sindhudurg,Devgad,Big,0.0,0.0,
2014,Sindhudurg,Devgad,Medium,0.0,0.0,
2014,Sindhudurg,Devgad,Small,1205.0,533.0,
2014,Sindhudurg,Dodamarg,Big,6676.0,161.0,
2014,Sindhudurg,Dodamarg,Medium,0.0,0.0,
2014,Sindhudurg,Dodamarg,Small,364.0,164.0,
2014,Sindhudurg,Kankavali,Big,0.0,0.0,
2014,Sindhudurg,Kankavali,Medium,19207.0,141.0,
2014,Sindhudurg,Kankavali,Small,4143.0,494.0,
2014,Sindhudurg,Kudal,Big,26285.0,0.0,
2014,Sindhudurg,Kudal,Medium,0.0,0.0,
2014,Sindhudurg,Kudal,Small,3631.0,1299.0,
2014,Sindhudurg,Malvan,Big,0.0,0.0,
2014,Sindhudurg,Malvan,Medium,0.0,0.0,
2014,Sindhudurg,Malvan,Small,2718.0,1221.0,
2014,Sindhudurg,Sawantwadi,Big,0.0,0.0,
2014,Sindhudurg,Sawantwadi,Medium,7464.0,0.0,
2014,Sindhudurg,Sawantwadi,Small,901.0,639.0,
2014,Sindhudurg,Vaibhavwadi,Big,0.0,0.0,
2014,Sindhudurg,Vaibhavwadi,Medium,7158.0,0.0,
2014,Sindhudurg,Vaibhavwadi,Small,1277.0,79.0,
2014,Sindhudurg,Vengurla,Big,0.0,0.0,
2014,Sindhudurg,Vengurla,Medium,0.0,0.0,
2014,Sindhudurg,Vengurla,Small,1006.0,324.0,
2014,Thane,Ambarnath,Big,0.0,0.0,
2014,Thane,Ambarnath,Medium,0.0,0.0,
2014,Thane,Ambarnath,Small,659.0,0.0,
2014,Thane,Bhivandi,Big,0.0,0.0,
2014,Thane,Bhivandi,Medium,0.0,0.0,
2014,Thane,Bhivandi,Small,1322.0,50.0,
2014,Thane,Kalyan,Big,0.0,0.0,
2014,Thane,Kalyan,Medium,0.0,0.0,
2014,Thane,Kalyan,Small,657.0,0.0,
2014,Thane,Murbad,Big,0.0,0.0,
2014,Thane,Murbad,Medium,0.0,0.0,
2014,Thane,Murbad,Small,3316.0,560.58,
2014,Thane,Shahapur,Big,48910.0,1305.0,
2014,Thane,Shahapur,Medium,0.0,0.0,
2014,Thane,Shahapur,Small,2815.0,608.8,
2014,Thane,Thane,Big,0.0,0.0,
2014,Thane,Thane,Medium,0.0,0.0,
2014,Thane,Thane,Small,0.0,0.0,
2014,Thane,Ulhasnagar,Big,0.0,0.0,
2014,Thane,Ulhasnagar,Medium,0.0,0.0,
2014,Thane,Ulhasnagar,Small,0.0,0.0,
2014,Wardha,Karanja,Big,0.0,0.0,
2014,Wardha,Karanja,Medium,10364.0,1539.0,
2014,Wardha,Karanja,Small,445.0,324.0,
2014,Wardha,Aarvi,Big,0.0,0.0,
2014,Wardha,Aarvi,Medium,20960.0,7260.0,
2014,Wardha,Aarvi,Small,7009.0,4215.0,
2014,Wardha,Ashti,Big,0.0,0.0,
2014,Wardha,Ashti,Medium,0.0,0.0,
2014,Wardha,Ashti,Small,579.0,364.0,
2014,Wardha,Hinganghat,Big,35940.0,0.0,
2014,Wardha,Hinganghat,Medium,0.0,0.0,
2014,Wardha,Hinganghat,Small,0.0,0.0,
2014,Wardha,Samudrapur,Big,0.0,0.0,
2014,Wardha,Samudrapur,Medium,13423.0,4885.0,
2014,Wardha,Samudrapur,Small,0.0,0.0,
2014,Wardha,Selu,Big,35584.0,11454.0,
2014,Wardha,Selu,Medium,4854.0,1928.0,
2014,Wardha,Selu,Small,1138.0,792.0,
2014,Wardha,Wardha,Big,0.0,0.0,
2014,Wardha,Wardha,Medium,0.0,0.0,
2014,Wardha,Wardha,Small,505.0,307.0,
2014,Wardha,Devali,Big,0.0,0.0,
2014,Wardha,Devali,Medium,0.0,0.0,
2014,Wardha,Devali,Small,0.0,0.0,
2014,Yavatmal,Kalamb,Big,0.0,0.0,
2014,Yavatmal,Kalamb,Medium,0.0,0.0,
2014,Yavatmal,Kalamb,Small,5550.0,2176.0,
2014,Yavatmal,Aarni,Big,0.0,0.0,
2014,Yavatmal,Aarni,Medium,0.0,0.0,
2014,Yavatmal,Aarni,Small,2171.0,716.0,
2014,Yavatmal,Babhulgaon,Big,67813.0,6010.0,
2014,Yavatmal,Babhulgaon,Medium,7855.0,0.0,
2014,Yavatmal,Babhulgaon,Small,4536.0,1927.0,
2014,Yavatmal,Darvha,Big,0.0,0.0,
2014,Yavatmal,Darvha,Medium,146190.0,5341.0,
2014,Yavatmal,Darvha,Small,13734.0,3453.0,
2014,Yavatmal,Digras,Big,30170.0,5092.0,
2014,Yavatmal,Digras,Medium,0.0,0.0,
2014,Yavatmal,Digras,Small,1150.0,1044.0,
2014,Yavatmal,Ghantaji,Big,136880.0,0.0,
2014,Yavatmal,Ghantaji,Medium,0.0,0.0,
2014,Yavatmal,Ghantaji,Small,9767.0,635.0,
2014,Yavatmal,Kelapur,Big,0.0,0.0,
2014,Yavatmal,Kelapur,Medium,4868.0,3729.0,
2014,Yavatmal,Kelapur,Small,5438.0,3481.0,
2014,Yavatmal,Mahagaon,Big,0.0,0.0,
2014,Yavatmal,Mahagaon,Medium,7606.0,5175.0,
2014,Yavatmal,Mahagaon,Small,4485.0,2375.0,
2014,Yavatmal,Maregaon,Big,0.0,0.0,
2014,Yavatmal,Maregaon,Medium,3216.0,734.0,
2014,Yavatmal,Maregaon,Small,2898.0,1286.0,
2014,Yavatmal,Ner,Big,0.0,0.0,
2014,Yavatmal,Ner,Medium,0.0,0.0,
2014,Yavatmal,Ner,Small,8286.0,4141.0,
2014,Yavatmal,Pusad,Big,157475.0,20049.0,
2014,Yavatmal,Pusad,Medium,0.0,0.0,
2014,Yavatmal,Pusad,Small,9545.0,920.0,
2014,Yavatmal,Ralegaon,Big,0.0,0.0,
2014,Yavatmal,Ralegaon,Medium,0.0,0.0,
2014,Yavatmal,Ralegaon,Small,9813.0,3667.0,
2014,Yavatmal,Umarkhed,Big,0.0,0.0,
2014,Yavatmal,Umarkhed,Medium,0.0,0.0,
2014,Yavatmal,Umarkhed,Small,5297.0,1645.0,
2014,Yavatmal,Vani,Big,0.0,0.0,
2014,Yavatmal,Vani,Medium,0.0,0.0,
2014,Yavatmal,Vani,Small,829.0,450.0,
2014,Yavatmal,Yavatmal,Big,0.0,0.0,
2014,Yavatmal,Yavatmal,Medium,14273.0,4576.0,
2014,Yavatmal,Yavatmal,Small,16750.0,4052.0,
2014,Yavatmal,Zari Jamani,Big,0.0,0.0,
2014,Yavatmal,Zari Jamani,Medium,0.0,0.0,
2014,Yavatmal,Zari Jamani,Small,5765.0,4048.0,
2014,Beed,Ashti,Big,0.0,0.0,
2014,Beed,Ashti,Medium,9848.0,0.0,
2014,Beed,Ashti,Small,10807.0,10807.0,
2014,Beed,Ambajogai,Big,0.0,0.0,
2014,Beed,Ambajogai,Medium,0.0,0.0,
2014,Beed,Ambajogai,Small,6772.0,6772.0,
2014,Beed,Beed,Big,0.0,0.0,
2014,Beed,Beed,Medium,1288.0,0.0,
2014,Beed,Beed,Small,12490.0,12490.0,
2014,Beed,Cage,Big,45621.0,18233.0,
2014,Beed,Cage,Medium,1262.0,0.0,
2014,Beed,Cage,Small,5028.0,5028.0,
2014,Beed,Dharur,Big,0.0,0.0,
2014,Beed,Dharur,Medium,1938.0,0.0,
2014,Beed,Dharur,Small,4176.0,4176.0,
2014,Beed,Gevrai,Big,0.0,0.0,
2014,Beed,Gevrai,Medium,0.0,0.0,
2014,Beed,Gevrai,Small,2424.0,2424.0,
2014,Beed,Majalgaon,Big,35711.0,9400.0,
2014,Beed,Majalgaon,Medium,0.0,0.0,
2014,Beed,Majalgaon,Small,1425.0,1425.0,
2014,Beed,Parli,Big,0.0,0.0,
2014,Beed,Parli,Medium,8178.0,0.0,
2014,Beed,Parli,Small,4984.0,4984.0,
2014,Beed,Patoda,Big,0.0,0.0,
2014,Beed,Patoda,Medium,3603.0,0.0,
2014,Beed,Patoda,Small,3653.0,3653.0,
2014,Beed,Shirur Kasar,Big,0.0,0.0,
2014,Beed,Shirur Kasar,Medium,1782.0,0.0,
2014,Beed,Shirur Kasar,Small,5266.0,5266.0,
2014,Beed,Wadwani,Big,0.0,0.0,
2014,Beed,Wadwani,Medium,5270.0,0.0,
2014,Beed,Wadwani,Small,3060.0,3060.0,
2014,Buldhana,Buldhana,Big,0.0,0.0,
2014,Buldhana,Buldhana,Medium,0.0,0.0,
2014,Buldhana,Buldhana,Small,5235.0,2293.0,
2014,Buldhana,Chikhali,Big,18276.0,3256.0,
2014,Buldhana,Chikhali,Medium,0.0,0.0,
2014,Buldhana,Chikhali,Small,4792.0,2422.0,
2014,Buldhana,Deulgaon Raja,Big,16893.0,3080.0,
2014,Buldhana,Deulgaon Raja,Medium,0.0,0.0,
2014,Buldhana,Deulgaon Raja,Small,1771.0,262.0,
2014,Buldhana,Jalgaon Jamod,Big,16758.0,0.0,
2014,Buldhana,Jalgaon Jamod,Medium,0.0,0.0,
2014,Buldhana,Jalgaon Jamod,Small,1138.0,317.0,
2014,Buldhana,Khamgaon,Big,24923.0,0.0,
2014,Buldhana,Khamgaon,Medium,15322.0,4150.0,
2014,Buldhana,Khamgaon,Small,6893.0,1159.0,
2014,Buldhana,Lonar,Big,0.0,0.0,
2014,Buldhana,Lonar,Medium,1721.0,646.0,
2014,Buldhana,Lonar,Small,4490.0,2767.0,
2014,Buldhana,Malkapur,Big,10021.0,983.0,
2014,Buldhana,Malkapur,Medium,0.0,0.0,
2014,Buldhana,Malkapur,Small,0.0,0.0,
2014,Buldhana,Mehkar,Big,12026.0,9786.0,
2014,Buldhana,Mehkar,Medium,1463.0,4526.0,
2014,Buldhana,Mehkar,Small,3039.0,2399.0,
2014,Buldhana,Motala,Big,1700.0,2560.0,
2014,Buldhana,Motala,Medium,2415.0,679.0,
2014,Buldhana,Motala,Small,3591.0,330.0,
2014,Buldhana,Nandura,Big,37201.0,347.0,
2014,Buldhana,Nandura,Medium,180.0,68.0,
2014,Buldhana,Nandura,Small,235.0,112.0,
2014,Buldhana,Sangrampur,Big,17200.0,1194.0,
2014,Buldhana,Sangrampur,Medium,0.0,0.0,
2014,Buldhana,Sangrampur,Small,4642.0,0.0,
2014,Buldhana,Shegaon,Big,37573.0,0.0,
2014,Buldhana,Shegaon,Medium,6347.0,98.0,
2014,Buldhana,Shegaon,Small,990.0,0.0,
2014,Buldhana,Sindkhed Raja,Big,3681.0,625.0,
2014,Buldhana,Sindkhed Raja,Medium,0.0,191.0,
2014,Buldhana,Sindkhed Raja,Small,5633.0,2585.0,
2014,Jalna,Ambad,Big,0.0,0.0,
2014,Jalna,Ambad,Medium,3440.0,2200.0,
2014,Jalna,Ambad,Small,6439.0,4473.0,
2014,Jalna,Badnapur,Big,0.0,0.0,
2014,Jalna,Badnapur,Medium,5708.0,3401.0,
2014,Jalna,Badnapur,Small,1534.0,1038.0,
2014,Jalna,Bhokardan,Big,3296.0,2163.0,
2014,Jalna,Bhokardan,Medium,2429.0,1788.0,
2014,Jalna,Bhokardan,Small,840.0,547.0,
2014,Jalna,Ghansawangi,Big,0.0,0.0,
2014,Jalna,Ghansawangi,Medium,0.0,0.0,
2014,Jalna,Ghansawangi,Small,6766.0,4656.0,
2014,Jalna,Jaffrabad,Big,0.0,0.0,
2014,Jalna,Jaffrabad,Medium,3238.0,1299.0,
2014,Jalna,Jaffrabad,Small,365.0,251.0,
2014,Jalna,Jalna,Big,0.0,0.0,
2014,Jalna,Jalna,Medium,5381.0,3376.0,
2014,Jalna,Jalna,Small,4055.0,2749.0,
2014,Jalna,Mantha,Big,0.0,0.0,
2014,Jalna,Mantha,Medium,0.0,0.0,
2014,Jalna,Mantha,Small,0.0,0.0,
2014,Jalna,Partur,Big,47988.0,34438.0,
2014,Jalna,Partur,Medium,0.0,0.0,
2014,Jalna,Partur,Small,3745.0,1886.0,
2014,Parbhani,Selu,Big,96.0,15.0,
2014,Parbhani,Selu,Medium,0.0,0.0,
2014,Parbhani,Selu,Small,100.0,,
2014,Parbhani,Gangakhed,Big,6471.0,801.0,
2014,Parbhani,Gangakhed,Medium,7122.0,3007.0,
2014,Parbhani,Gangakhed,Small,0.0,,
2014,Parbhani,Jintur,Big,0.0,0.0,
2014,Parbhani,Jintur,Medium,3818.0,1606.0,
2014,Parbhani,Jintur,Small,1342.0,,
2014,Parbhani,Manvat,Big,11039.0,4034.0,
2014,Parbhani,Manvat,Medium,0.0,0.0,
2014,Parbhani,Manvat,Small,0.0,,
2014,Parbhani,Palam,Big,0.0,0.0,
2014,Parbhani,Palam,Medium,3618.0,1210.0,
2014,Parbhani,Palam,Small,100.0,,
2014,Parbhani,Parbhani,Big,33529.0,21228.0,
2014,Parbhani,Parbhani,Medium,0.0,0.0,
2014,Parbhani,Parbhani,Small,0.0,,
2014,Parbhani,Pathari,Big,28837.0,10308.0,
2014,Parbhani,Pathari,Medium,6224.0,680.0,
2014,Parbhani,Pathari,Small,0.0,,
2014,Parbhani,Purna,Big,17428.0,4814.0,
2014,Parbhani,Purna,Medium,0.0,0.0,
2014,Parbhani,Purna,Small,100.0,,
2014,Parbhani,Sonpeth,Big,0.0,0.0,
2014,Parbhani,Sonpeth,Medium,0.0,0.0,
2014,Parbhani,Sonpeth,Small,0.0,,
2014,Nanded,Andhrapur,Small,213.0,192.0,
2014,Nanded,Bhokar,Medium,563.0,340.0,
2014,Nanded,Bhokar,Small,6230.0,5610.0,
2014,Nanded,Biloli,Small,2547.0,2293.0,
2014,Nanded,Deglur,Medium,3340.0,195.0,
2014,Nanded,Deglur,Small,4367.0,3932.0,
2014,Nanded,Dharmabad,Medium,7995.0,0.0,
2014,Nanded,Dharmabad,Small,158.0,142.0,
2014,Nanded,Hadgaon,Small,9046.0,8145.0,
2014,Nanded,Himalay Nagar,Small,990.0,891.0,
2014,Nanded,Kandhar,Big,38070.0,460.0,
2014,Nanded,Kandhar,Medium,5925.0,0.75,
2014,Nanded,Kandhar,Small,4020.0,3620.0,
2014,Nanded,Kinvat,Medium,13111.0,1381.0,
2014,Nanded,Kinvat,Small,9752.0,8781.0,
2014,Nanded,Loha,Medium,8598.0,1583.0,
2014,Nanded,Loha,Small,4980.0,4484.0,
2014,Nanded,Mahur,Small,1643.0,1479.0,
2014,Nanded,Mudkhed,Big,18986.0,1000.0,
2014,Nanded,Mudkhed,Small,994.0,895.0,
2014,Nanded,Mukhed,Big,32410.0,313.81,
2014,Nanded,Mukhed,Medium,1307.0,316.0,
2014,Nanded,Mukhed,Small,8353.0,7521.0,
2014,Nanded,Nanded,Big,41461.0,10738.0,
2014,Nanded,Nanded,Small,248.0,223.0,
2014,Nanded,Naygaon,Small,972.0,875.0,
2014,Nanded,Umari,Small,2417.0,2176.0,
2014,Palghar,Dahanu,Big,0.0,0.0,
2014,Palghar,Dahanu,Medium,0.0,0.0,
2014,Palghar,Dahanu,Small,0.0,0.0,
2014,Palghar,Javhar,Big,0.0,0.0,
2014,Palghar,Javhar,Medium,0.0,0.0,
2014,Palghar,Javhar,Small,150.0,0.0,
2014,Palghar,Mokhada,Big,0.0,0.0,
2014,Palghar,Mokhada,Medium,0.0,0.0,
2014,Palghar,Mokhada,Small,0.0,0.0,
2014,Palghar,Palghar,Big,30.0,16.55,
2014,Palghar,Palghar,Medium,0.0,0.0,
2014,Palghar,Palghar,Small,0.0,0.0,
2014,Palghar,Talasari,Big,6319.0,1538.79,
2014,Palghar,Talasari,Medium,2044.0,538.83,
2014,Palghar,Talasari,Small,171.0,17.36,
2014,Palghar,Vasai,Big,0.0,0.0,
2014,Palghar,Vasai,Medium,0.0,0.0,
2014,Palghar,Vasai,Small,219.0,0.0,
2014,Palghar,Vikramgad,Big,6141.0,918.72,
2014,Palghar,Vikramgad,Medium,0.0,0.0,
2014,Palghar,Vikramgad,Small,142.0,45.41,
2014,Palghar,Wada,Big,0.0,0.0,
2014,Palghar,Wada,Medium,0.0,0.0,
2014,Palghar,Wada,Small,144.0,0.0,
2015,Nandurbar,Akkalkuva,Big,0.0,0.0,
2015,Nandurbar,Akkalkuva,Medium,4857.0,0.0,
2015,Nandurbar,Akkalkuva,Small,5239.0,0.0,
2015,Nandurbar,Akrani,Big,0.0,0.0,
2015,Nandurbar,Akrani,Medium,0.0,0.0,
2015,Nandurbar,Akrani,Small,0.0,0.0,
2015,Nandurbar,Nandurbar,Big,0.0,0.0,
2015,Nandurbar,Nandurbar,Medium,5395.0,939.0,
2015,Nandurbar,Nandurbar,Small,8349.0,1050.0,
2015,Nandurbar,Navapur,Big,0.0,0.0,
2015,Nandurbar,Navapur,Medium,15210.0,3076.0,
2015,Nandurbar,Navapur,Small,13886.0,251.0,
2015,Nandurbar,Shahada,Big,0.0,0.0,
2015,Nandurbar,Shahada,Medium,26161.0,2133.0,
2015,Nandurbar,Shahada,Small,5842.0,180.0,
2015,Nandurbar,Taloda,Big,0.0,0.0,
2015,Nandurbar,Taloda,Medium,0.0,0.0,
2015,Nandurbar,Taloda,Small,1157.0,0.0,
2015,Ratnagiri,Chiplun,Big,0.0,0.0,
2015,Ratnagiri,Chiplun,Medium,0.0,0.0,
2015,Ratnagiri,Chiplun,Small,1636.0,1227.0,
2015,Ratnagiri,Dapoli,Big,0.0,0.0,
2015,Ratnagiri,Dapoli,Medium,0.0,0.0,
2015,Ratnagiri,Dapoli,Small,1821.0,1382.0,
2015,Ratnagiri,Guhagar,Big,0.0,0.0,
2015,Ratnagiri,Guhagar,Medium,0.0,0.0,
2015,Ratnagiri,Guhagar,Small,315.0,207.0,
2015,Ratnagiri,Khed,Big,0.0,0.0,
2015,Ratnagiri,Khed,Medium,2050.0,57.0,
2015,Ratnagiri,Khed,Small,2766.0,2180.0,
2015,Ratnagiri,Lanja,Big,0.0,0.0,
2015,Ratnagiri,Lanja,Medium,0.0,0.0,
2015,Ratnagiri,Lanja,Small,2482.0,2027.0,
2015,Ratnagiri,Mandangad,Big,0.0,0.0,
2015,Ratnagiri,Mandangad,Medium,0.0,0.0,
2015,Ratnagiri,Mandangad,Small,707.0,585.0,
2015,Ratnagiri,Rajapur,Big,0.0,0.0,
2015,Ratnagiri,Rajapur,Medium,12112.0,0.0,
2015,Ratnagiri,Rajapur,Small,1660.0,1213.0,
2015,Ratnagiri,Ratnagiri,Big,0.0,0.0,
2015,Ratnagiri,Ratnagiri,Medium,0.0,0.0,
2015,Ratnagiri,Ratnagiri,Small,0.0,0.0,
2015,Ratnagiri,Sangameshwar,Big,0.0,0.0,
2015,Ratnagiri,Sangameshwar,Medium,4296.0,2.0,
2015,Ratnagiri,Sangameshwar,Small,2114.0,1553.0,
2015,Washim,Karanja,Small,8822.0,5296.0,
2015,Washim,Malegaon,Medium,3156.0,2261.0,
2015,Washim,Malegaon,Small,11488.0,4513.0,
2015,Washim,Mangrulpir,Small,8814.0,4167.0,
2015,Washim,Manora,Small,8591.0,4629.0,
2015,Washim,Resod,Small,10103.0,6717.0,
2015,Washim,Washim,Medium,2429.0,1518.0,
2015,Washim,Washim,Small,18399.0,9419.0,
2015,Pune,Khed,Big,30729.0,18698.0,
2015,Pune,Khed,Medium,8265.0,6559.0,
2015,Pune,Khed,Small,21900.0,20445.0,
2015,Pune,Aambegaon,Big,15418.0,13214.0,
2015,Pune,Aambegaon,Medium,11514.0,7696.0,
2015,Pune,Aambegaon,Small,19269.0,18094.0,
2015,Pune,Baramati,Big,33934.0,45299.0,
2015,Pune,Baramati,Medium,14696.0,12829.0,
2015,Pune,Baramati,Small,23910.0,17656.0,
2015,Pune,Bhor,Big,24690.0,5077.0,
2015,Pune,Bhor,Medium,5306.0,5306.0,
2015,Pune,Bhor,Small,11646.0,9866.0,
2015,Pune,Daund,Big,68982.0,62660.0,
2015,Pune,Daund,Medium,4120.0,4120.0,
2015,Pune,Daund,Small,20387.0,15667.0,
2015,Pune,Haveli,Big,21192.0,12044.0,
2015,Pune,Haveli,Medium,7548.0,7286.0,
2015,Pune,Haveli,Small,16931.0,12951.0,
2015,Pune,Indapur,Big,100392.0,102977.0,
2015,Pune,Indapur,Medium,9306.0,8812.0,
2015,Pune,Indapur,Small,20073.0,14876.0,
2015,Pune,Junnar,Big,69648.0,64167.0,
2015,Pune,Junnar,Medium,22510.0,14537.0,
2015,Pune,Junnar,Small,21361.0,21361.0,
2015,Pune,Maval,Big,9490.0,24171.0,
2015,Pune,Maval,Medium,24797.0,24429.0,
2015,Pune,Maval,Small,9197.0,7565.0,
2015,Pune,Mulashi,Big,2854.0,2854.0,
2015,Pune,Mulashi,Medium,14255.0,7772.0,
2015,Pune,Mulashi,Small,23606.0,19740.0,
2015,Pune,Pune City,Big,0.0,0.0,
2015,Pune,Pune City,Medium,0.0,0.0,
2015,Pune,Pune City,Small,0.0,0.0,
2015,Pune,Purandar,Big,29338.0,4063.0,
2015,Pune,Purandar,Medium,13146.0,11460.0,
2015,Pune,Purandar,Small,10519.0,12104.0,
2015,Pune,Shirur,Big,121518.0,91060.0,
2015,Pune,Shirur,Medium,7675.0,7675.0,
2015,Pune,Shirur,Small,32598.0,32203.0,
2015,Pune,Welhe,Big,925.0,0.0,
2015,Pune,Welhe,Medium,2050.0,2050.0,
2015,Pune,Welhe,Small,3770.0,3356.0,
2015,Ahilyanagar,Akole,Big,205802.0,17789.0,
2015,Ahilyanagar,Akole,Medium,8361.0,2022.0,
2015,Ahilyanagar,Akole,Small,14373.0,3050.0,
2015,Ahilyanagar,Jamkhed,Big,0.0,0.0,
2015,Ahilyanagar,Jamkhed,Medium,4787.0,100.0,
2015,Ahilyanagar,Jamkhed,Small,0.0,0.0,
2015,Ahilyanagar,Karjat,Big,0.0,0.0,
2015,Ahilyanagar,Karjat,Medium,14040.0,100.0,
2015,Ahilyanagar,Karjat,Small,0.0,0.0,
2015,Ahilyanagar,Kopargaon,Big,12384.0,736.65,
2015,Ahilyanagar,Kopargaon,Medium,0.0,0.0,
2015,Ahilyanagar,Kopargaon,Small,0.0,0.0,
2015,Ahilyanagar,Nagar,Big,560.0,560.0,
2015,Ahilyanagar,Nagar,Medium,0.0,0.0,
2015,Ahilyanagar,Nagar,Small,331.0,181.0,
2015,Ahilyanagar,Nevasa,Big,69918.0,6381.66,
2015,Ahilyanagar,Nevasa,Medium,0.0,0.0,
2015,Ahilyanagar,Nevasa,Small,3033.0,250.0,
2015,Ahilyanagar,Parner,Big,185153.0,15888.0,
2015,Ahilyanagar,Parner,Medium,4228.0,0.0,
2015,Ahilyanagar,Parner,Small,3933.0,657.0,
2015,Ahilyanagar,Pathardi,Big,7627.0,5578.0,
2015,Ahilyanagar,Pathardi,Medium,0.0,0.0,
2015,Ahilyanagar,Pathardi,Small,1144.0,145.0,
2015,Ahilyanagar,Rahata,Big,0.0,0.0,
2015,Ahilyanagar,Rahata,Medium,0.0,0.0,
2015,Ahilyanagar,Rahata,Small,0.0,0.0,
2015,Ahilyanagar,Rahuri,Big,62028.0,19473.0,
2015,Ahilyanagar,Rahuri,Medium,0.0,0.0,
2015,Ahilyanagar,Rahuri,Small,3730.0,3138.0,
2015,Ahilyanagar,Sangamner,Big,0.0,0.0,
2015,Ahilyanagar,Sangamner,Medium,5260.0,0.0,
2015,Ahilyanagar,Sangamner,Small,5726.0,1333.0,
2015,Ahilyanagar,Shevgaon,Big,21253.0,14557.0,
2015,Ahilyanagar,Shevgaon,Medium,2744.0,110.0,
2015,Ahilyanagar,Shevgaon,Small,809.0,809.0,
2015,Ahilyanagar,Srigonda,Big,20500.0,16153.0,
2015,Ahilyanagar,Srigonda,Medium,10640.0,2731.0,
2015,Ahilyanagar,Srigonda,Small,0.0,0.0,
2015,Ahilyanagar,Srirampur,Big,0.0,0.0,
2015,Ahilyanagar,Srirampur,Medium,1110.0,0.0,
2015,Ahilyanagar,Srirampur,Small,6357.0,946.0,
2015,Akola,Akola,Big,0.0,0.0,
2015,Akola,Akola,Medium,0.0,0.0,
2015,Akola,Akola,Small,1978.0,768.0,
2015,Akola,Akot,Big,0.0,0.0,
2015,Akola,Akot,Medium,0.0,0.0,
2015,Akola,Akot,Small,2603.0,1149.0,
2015,Akola,Balapur,Big,0.0,0.0,
2015,Akola,Balapur,Medium,0.0,0.0,
2015,Akola,Balapur,Small,309.0,79.0,
2015,Akola,Barshitakali,Big,13996.0,6788.0,
2015,Akola,Barshitakali,Medium,0.0,0.0,
2015,Akola,Barshitakali,Small,5350.0,3549.0,
2015,Akola,Murtijapur,Big,0.0,0.0,
2015,Akola,Murtijapur,Medium,3168.0,2197.0,
2015,Akola,Murtijapur,Small,2160.0,496.0,
2015,Akola,Patur,Big,0.0,0.0,
2015,Akola,Patur,Medium,16316.0,7069.0,
2015,Akola,Patur,Small,5402.0,2686.0,
2015,Akola,Telhara,Big,25028.0,19177.0,
2015,Akola,Telhara,Medium,0.0,0.0,
2015,Akola,Telhara,Small,0.0,0.0,
2015,Amravati,Achalpur,Big,0.0,0.0,
2015,Amravati,Achalpur,Medium,28560.0,19199.0,
2015,Amravati,Achalpur,Small,3072.0,1661.0,
2015,Amravati,Amravati,Big,0.0,0.0,
2015,Amravati,Amravati,Medium,0.0,0.0,
2015,Amravati,Amravati,Small,2688.0,2147.0,
2015,Amravati,Anjangaon Su,Big,0.0,0.0,
2015,Amravati,Anjangaon Su,Medium,0.0,0.0,
2015,Amravati,Anjangaon Su,Small,645.0,465.0,
2015,Amravati,Bhatkuli,Big,0.0,0.0,
2015,Amravati,Bhatkuli,Medium,0.0,0.0,
2015,Amravati,Bhatkuli,Small,65.0,65.0,
2015,Amravati,Chandur Railway,Big,3288.0,2964.0,
2015,Amravati,Chandur Railway,Medium,0.0,0.0,
2015,Amravati,Chandur Railway,Small,7329.0,4139.0,
2015,Amravati,Chandurbazar,Big,0.0,0.0,
2015,Amravati,Chandurbazar,Medium,8963.0,6275.0,
2015,Amravati,Chandurbazar,Small,2708.0,1871.0,
2015,Amravati,Chikhraldara,Big,0.0,0.0,
2015,Amravati,Chikhraldara,Medium,0.0,0.0,
2015,Amravati,Chikhraldara,Small,977.0,977.0,
2015,Amravati,Daryapur,Big,0.0,0.0,
2015,Amravati,Daryapur,Medium,0.0,0.0,
2015,Amravati,Daryapur,Small,438.0,438.0,
2015,Amravati,Dhamangaon Re,Big,43365.0,39086.0,
2015,Amravati,Dhamangaon Re,Medium,0.0,0.0,
2015,Amravati,Dhamangaon Re,Small,48.0,48.0,
2015,Amravati,Dharani,Big,0.0,0.0,
2015,Amravati,Dharani,Medium,0.0,0.0,
2015,Amravati,Dharani,Small,9218.0,6051.0,
2015,Amravati,Morshi,Big,2872.0,2589.0,
2015,Amravati,Morshi,Medium,0.0,0.0,
2015,Amravati,Morshi,Small,2811.0,1907.0,
2015,Amravati,Nandgaon Kh,Big,0.0,0.0,
2015,Amravati,Nandgaon Kh,Medium,0.0,0.0,
2015,Amravati,Nandgaon Kh,Small,3024.0,1991.0,
2015,Amravati,Tivas,Big,14671.0,13223.0,
2015,Amravati,Tivas,Medium,0.0,0.0,
2015,Amravati,Tivas,Small,2671.0,1996.0,
2015,Amravati,Warud,Big,0.0,0.0,
2015,Amravati,Warud,Medium,0.0,0.0,
2015,Amravati,Warud,Small,7685.0,4989.0,
2015,Bhandara,Bhandara,Big,1693.0,0.0,
2015,Bhandara,Bhandara,Small,3673.0,1809.0,
2015,Bhandara,Lakhandur,Big,23227.0,4380.0,
2015,Bhandara,Lakhandur,Small,2189.0,1499.0,
2015,Bhandara,Lakhani,Big,16440.0,,
2015,Bhandara,Lakhani,Small,3170.0,1949.0,
2015,Bhandara,Mohadi,Big,12548.0,4142.0,
2015,Bhandara,Mohadi,Medium,3555.0,1286.0,
2015,Bhandara,Mohadi,Small,1709.0,1554.0,
2015,Bhandara,Pavani,Big,31631.0,4652.0,
2015,Bhandara,Pavani,Small,1344.0,1096.0,
2015,Bhandara,Sakoli,Small,7778.0,4673.0,
2015,Bhandara,Tumsar,Big,13944.0,6213.0,
2015,Bhandara,Tumsar,Medium,17634.0,10845.0,
2015,Bhandara,Tumsar,Small,13716.0,1615.0,
2015,Chandrapur,Ballarpur,Big,0.0,0.0,
2015,Chandrapur,Ballarpur,Medium,0.0,0.0,
2015,Chandrapur,Ballarpur,Small,2499.0,1129.0,
2015,Chandrapur,Bhadravati,Big,0.0,0.0,
2015,Chandrapur,Bhadravati,Medium,0.0,0.0,
2015,Chandrapur,Bhadravati,Small,618.0,421.0,
2015,Chandrapur,Bramhapuri,Big,0.0,0.0,
2015,Chandrapur,Bramhapuri,Medium,0.0,0.0,
2015,Chandrapur,Bramhapuri,Small,478.0,478.0,
2015,Chandrapur,Chandrapur,Big,0.0,0.0,
2015,Chandrapur,Chandrapur,Medium,0.0,0.0,
2015,Chandrapur,Chandrapur,Small,1729.0,1685.0,
2015,Chandrapur,Chimur,Big,0.0,0.0,
2015,Chandrapur,Chimur,Medium,0.0,0.0,
2015,Chandrapur,Chimur,Small,2016.0,1617.0,
2015,Chandrapur,Gondpipari,Big,0.0,0.0,
2015,Chandrapur,Gondpipari,Medium,0.0,0.0,
2015,Chandrapur,Gondpipari,Small,1730.0,1548.0,
2015,Chandrapur,Jivati,Big,0.0,0.0,
2015,Chandrapur,Jivati,Medium,0.0,0.0,
2015,Chandrapur,Jivati,Small,0.0,0.0,
2015,Chandrapur,Korpana,Big,0.0,0.0,
2015,Chandrapur,Korpana,Medium,10865.0,6481.0,
2015,Chandrapur,Korpana,Small,365.0,365.0,
2015,Chandrapur,Mul,Big,0.0,0.0,
2015,Chandrapur,Mul,Medium,0.0,0.0,
2015,Chandrapur,Mul,Small,2537.0,1570.0,
2015,Chandrapur,Nagbhid,Big,0.0,0.0,
2015,Chandrapur,Nagbhid,Medium,19607.0,5686.0,
2015,Chandrapur,Nagbhid,Small,3898.0,777.0,
2015,Chandrapur,Ponbhurna,Big,0.0,0.0,
2015,Chandrapur,Ponbhurna,Medium,0.0,0.0,
2015,Chandrapur,Ponbhurna,Small,841.0,797.0,
2015,Chandrapur,Rajura,Big,0.0,0.0,
2015,Chandrapur,Rajura,Medium,0.0,0.0,
2015,Chandrapur,Rajura,Small,972.0,538.0,
2015,Chandrapur,Savali,Big,50858.0,10849.0,
2015,Chandrapur,Savali,Medium,0.0,0.0,
2015,Chandrapur,Savali,Small,2014.0,1555.0,
2015,Chandrapur,Sindevahi,Big,0.0,0.0,
2015,Chandrapur,Sindevahi,Medium,7064.0,3911.0,
2015,Chandrapur,Sindevahi,Small,2541.0,1602.0,
2015,Chandrapur,Varora,Big,0.0,0.0,
2015,Chandrapur,Varora,Medium,8146.0,5074.0,
2015,Chandrapur,Varora,Small,1467.0,878.0,
2015,Dharashiv,Bhum,Big,0.0,0.0,
2015,Dharashiv,Bhum,Medium,6697.0,0.0,
2015,Dharashiv,Bhum,Small,4696.0,1350.0,
2015,Dharashiv,Dharashiv,Big,0.0,0.0,
2015,Dharashiv,Dharashiv,Medium,5646.0,0.0,
2015,Dharashiv,Dharashiv,Small,14689.0,1534.0,
2015,Dharashiv,Kalamb,Big,0.0,0.0,
2015,Dharashiv,Kalamb,Medium,1700.0,0.0,
2015,Dharashiv,Kalamb,Small,3533.0,3533.0,
2015,Dharashiv,Lohara,Big,6525.0,11610.0,
2015,Dharashiv,Lohara,Medium,0.0,0.0,
2015,Dharashiv,Lohara,Small,4151.0,4151.0,
2015,Dharashiv,Paranda,Big,0.0,0.0,
2015,Dharashiv,Paranda,Medium,9363.0,456.0,
2015,Dharashiv,Paranda,Small,3066.0,456.0,
2015,Dharashiv,Tuljapur,Big,0.0,0.0,
2015,Dharashiv,Tuljapur,Medium,12570.0,0.0,
2015,Dharashiv,Tuljapur,Small,21981.0,21981.0,
2015,Dharashiv,Umaraga,Big,0.0,0.0,
2015,Dharashiv,Umaraga,Medium,6537.0,0.0,
2015,Dharashiv,Umaraga,Small,12019.0,12019.0,
2015,Dharashiv,Washi,Big,0.0,0.0,
2015,Dharashiv,Washi,Medium,0.0,0.0,
2015,Dharashiv,Washi,Small,3168.0,166.0,
2015,Dhule,Dhule,Big,0.0,0.0,
2015,Dhule,Dhule,Medium,2105.0,770.0,
2015,Dhule,Dhule,Small,26090.0,8299.0,
2015,Dhule,Sakri,Big,0.0,0.0,
2015,Dhule,Sakri,Medium,36820.0,19205.0,
2015,Dhule,Sakri,Small,3459.0,1239.0,
2015,Dhule,Shindkheda,Big,0.0,0.0,
2015,Dhule,Shindkheda,Medium,26415.0,2780.0,
2015,Dhule,Shindkheda,Small,5510.0,1286.0,
2015,Dhule,Shirpur,Big,0.0,0.0,
2015,Dhule,Shirpur,Medium,20672.0,11176.0,
2015,Dhule,Shirpur,Small,3896.0,2674.0,
2015,Gadchiroli,Aarmori,Big,34921.0,0.0,
2015,Gadchiroli,Aarmori,Medium,2710.0,0.0,
2015,Gadchiroli,Aarmori,Small,1692.71,1692.71,
2015,Gadchiroli,Aheri,Big,0.0,0.0,
2015,Gadchiroli,Aheri,Medium,0.0,0.0,
2015,Gadchiroli,Aheri,Small,1132.57,1132.57,
2015,Gadchiroli,Bhamragad,Big,0.0,0.0,
2015,Gadchiroli,Bhamragad,Medium,0.0,0.0,
2015,Gadchiroli,Bhamragad,Small,41.9,41.9,
2015,Gadchiroli,Chomoshi,Big,31396.0,9660.0,
2015,Gadchiroli,Chomoshi,Medium,33978.0,0.0,
2015,Gadchiroli,Chomoshi,Small,4992.04,3812.04,
2015,Gadchiroli,Desaiganj,Big,60730.0,8030.1,
2015,Gadchiroli,Desaiganj,Medium,0.0,0.0,
2015,Gadchiroli,Desaiganj,Small,1531.06,1531.06,
2015,Gadchiroli,Dhanora,Big,0.0,0.0,
2015,Gadchiroli,Dhanora,Medium,0.0,0.0,
2015,Gadchiroli,Dhanora,Small,2521.0,2359.0,
2015,Gadchiroli,Etapalli,Big,0.0,0.0,
2015,Gadchiroli,Etapalli,Medium,0.0,0.0,
2015,Gadchiroli,Etapalli,Small,577.43,577.43,
2015,Gadchiroli,Gadchiroli,Big,0.0,0.0,
2015,Gadchiroli,Gadchiroli,Medium,13493.0,0.0,
2015,Gadchiroli,Gadchiroli,Small,3456.11,3456.11,
2015,Gadchiroli,Korachi,Big,0.0,0.0,
2015,Gadchiroli,Korachi,Medium,0.0,0.0,
2015,Gadchiroli,Korachi,Small,861.19,861.19,
2015,Gadchiroli,Kurkheda,Big,0.0,0.0,
2015,Gadchiroli,Kurkheda,Medium,0.0,0.0,
2015,Gadchiroli,Kurkheda,Small,1300.38,1300.38,
2015,Gadchiroli,Mulchera,Big,0.0,0.0,
2015,Gadchiroli,Mulchera,Medium,0.0,0.0,
2015,Gadchiroli,Mulchera,Small,1013.98,957.98,
2015,Gadchiroli,Sironcha,Big,0.0,0.0,
2015,Gadchiroli,Sironcha,Medium,2280.0,0.0,
2015,Gadchiroli,Sironcha,Small,910.15,825.15,
2015,Gondia,Aamgaon,Big,10715.0,7110.0,
2015,Gondia,Aamgaon,Medium,0.0,0.0,
2015,Gondia,Aamgaon,Small,6830.42,6774.43,
2015,Gondia,Arjuni Morgaon,Big,10213.0,6145.0,
2015,Gondia,Arjuni Morgaon,Medium,0.0,0.0,
2015,Gondia,Arjuni Morgaon,Small,16601.01,15120.01,
2015,Gondia,Devari,Big,358.0,0.0,
2015,Gondia,Devari,Medium,0.0,0.0,
2015,Gondia,Devari,Small,12659.2,11564.16,
2015,Gondia,Gondia,Big,17859.0,10948.0,
2015,Gondia,Gondia,Medium,0.0,0.0,
2015,Gondia,Gondia,Small,11961.25,11439.25,
2015,Gondia,Goregaon,Big,0.0,0.0,
2015,Gondia,Goregaon,Medium,18718.0,3270.0,
2015,Gondia,Goregaon,Small,11800.71,11294.41,
2015,Gondia,Sadak Arjuni,Big,0.0,0.0,
2015,Gondia,Sadak Arjuni,Medium,3500.0,863.0,
2015,Gondia,Sadak Arjuni,Small,6182.48,6051.48,
2015,Gondia,Salekasa,Big,6786.0,5124.0,
2015,Gondia,Salekasa,Medium,5008.0,1063.0,
2015,Gondia,Salekasa,Small,8339.71,8280.71,
2015,Gondia,Tiroda,Big,0.0,0.0,
2015,Gondia,Tiroda,Medium,59119.0,15548.0,
2015,Gondia,Tiroda,Small,10338.44,9340.44,
2015,Hingoli,Aundha Na,Big,2630.0,3632.0,
2015,Hingoli,Aundha Na,Small,3892.0,517.0,
2015,Hingoli,Hingoli,Small,1772.0,759.0,
2015,Hingoli,Kalamanuri,Big,10673.0,9166.0,
2015,Hingoli,Kalamanuri,Small,2043.0,343.0,
2015,Hingoli,Sengaon,Big,,1721.0,
2015,Hingoli,Sengaon,Small,1224.0,315.0,
2015,Hingoli,Vasamat,Big,26257.0,6055.0,
2015,Hingoli,Vasamat,Small,225.0,16.0,
2015,Kolhapur,Ajara,Big,0.0,0.0,
2015,Kolhapur,Ajara,Medium,3765.0,2893.0,
2015,Kolhapur,Ajara,Small,3228.0,2183.0,
2015,Kolhapur,Bhudargad,Big,2614.0,1923.0,
2015,Kolhapur,Bhudargad,Medium,10512.0,8523.0,
2015,Kolhapur,Bhudargad,Small,3127.0,1890.0,
2015,Kolhapur,Chandgad,Big,0.0,0.0,
2015,Kolhapur,Chandgad,Medium,14846.0,10913.0,
2015,Kolhapur,Chandgad,Small,11253.0,9188.0,
2015,Kolhapur,Gadhinglaj,Big,0.0,0.0,
2015,Kolhapur,Gadhinglaj,Medium,6577.0,4513.0,
2015,Kolhapur,Gadhinglaj,Small,5869.0,5333.0,
2015,Kolhapur,Gaganbavada,Big,0.0,0.0,
2015,Kolhapur,Gaganbavada,Medium,5203.0,4943.0,
2015,Kolhapur,Gaganbavada,Small,1493.0,1345.0,
2015,Kolhapur,Hatkanangale,Big,23765.0,16080.0,
2015,Kolhapur,Hatkanangale,Medium,0.0,0.0,
2015,Kolhapur,Hatkanangale,Small,1573.0,1455.0,
2015,Kolhapur,Kagal,Big,18425.0,13557.0,
2015,Kolhapur,Kagal,Medium,5943.0,4874.0,
2015,Kolhapur,Kagal,Small,5238.0,4458.0,
2015,Kolhapur,Karveer,Big,27474.0,17555.0,
2015,Kolhapur,Karveer,Medium,1774.0,1685.0,
2015,Kolhapur,Karveer,Small,2926.0,2254.0,
2015,Kolhapur,Panhala,Big,9291.0,6690.0,
2015,Kolhapur,Panhala,Medium,8928.0,8479.0,
2015,Kolhapur,Panhala,Small,4556.0,3842.0,
2015,Kolhapur,Radhanagari,Big,15171.0,10427.0,
2015,Kolhapur,Radhanagari,Medium,0.0,0.0,
2015,Kolhapur,Radhanagari,Small,2132.0,1458.0,
2015,Kolhapur,Shahuwadi,Big,6820.0,4830.0,
2015,Kolhapur,Shahuwadi,Medium,13129.0,12281.0,
2015,Kolhapur,Shahuwadi,Small,9718.0,6951.0,
2015,Kolhapur,Shirol,Big,19209.0,14423.0,
2015,Kolhapur,Shirol,Medium,0.0,0.0,
2015,Kolhapur,Shirol,Small,199.0,169.0,
2015,Latur,Ahamadpur,Big,0.0,0.0,
2015,Latur,Ahamadpur,Medium,0.0,0.0,
2015,Latur,Ahamadpur,Small,15862.0,0.0,
2015,Latur,Aosa,Big,8803.0,0.0,
2015,Latur,Aosa,Medium,0.0,0.0,
2015,Latur,Aosa,Small,6912.0,0.0,
2015,Latur,Chakur,Big,0.0,0.0,
2015,Latur,Chakur,Medium,4888.0,0.0,
2015,Latur,Chakur,Small,7466.0,0.0,
2015,Latur,Devani,Big,0.0,0.0,
2015,Latur,Devani,Medium,0.0,0.0,
2015,Latur,Devani,Small,5827.0,0.0,
2015,Latur,Jalkot,Big,0.0,0.0,
2015,Latur,Jalkot,Medium,0.0,0.0,
2015,Latur,Jalkot,Small,6024.0,0.0,
2015,Latur,Latur,Big,128179.0,0.0,
2015,Latur,Latur,Medium,4173.0,0.0,
2015,Latur,Latur,Small,4431.0,0.0,
2015,Latur,Nilanga,Big,0.0,0.0,
2015,Latur,Nilanga,Medium,7743.0,0.0,
2015,Latur,Nilanga,Small,9553.0,0.0,
2015,Latur,Renapur,Big,0.0,0.0,
2015,Latur,Renapur,Medium,5640.0,0.0,
2015,Latur,Renapur,Small,3371.0,0.0,
2015,Latur,Shirur-Anantpal,Big,0.0,0.0,
2015,Latur,Shirur-Anantpal,Medium,0.0,0.0,
2015,Latur,Shirur-Anantpal,Small,467.0,0.0,
2015,Latur,Udgir,Big,0.0,0.0,
2015,Latur,Udgir,Medium,7658.0,0.0,
2015,Latur,Udgir,Small,4740.0,0.0,
2015,Nagpur,Bhiwapur,Big,0.0,,
2015,Nagpur,Bhiwapur,Medium,0.0,0.0,
2015,Nagpur,Bhiwapur,Small,2896.0,1935.0,
2015,Nagpur,Hingana,Big,0.0,0.0,
2015,Nagpur,Hingana,Medium,9424.0,1451.0,
2015,Nagpur,Hingana,Small,1867.0,576.0,
2015,Nagpur,Kalameshwar,Big,0.0,0.0,
2015,Nagpur,Kalameshwar,Medium,6811.0,1022.0,
2015,Nagpur,Kalameshwar,Small,1876.0,1221.0,
2015,Nagpur,Kamathi,Big,0.0,0.0,
2015,Nagpur,Kamathi,Medium,0.0,0.0,
2015,Nagpur,Kamathi,Small,0.0,0.0,
2015,Nagpur,Katol,Big,0.0,0.0,
2015,Nagpur,Katol,Medium,9180.0,7084.0,
2015,Nagpur,Katol,Small,2013.0,958.0,
2015,Nagpur,Kuhi,Big,0.0,0.0,
2015,Nagpur,Kuhi,Medium,4731.0,0.0,
2015,Nagpur,Kuhi,Small,936.0,235.0,
2015,Nagpur,Mauda,Big,0.0,0.0,
2015,Nagpur,Mauda,Medium,0.0,0.0,
2015,Nagpur,Mauda,Small,194.0,175.0,
2015,Nagpur,Nagpur (gra),Big,0.0,0.0,
2015,Nagpur,Nagpur (gra),Medium,2500.0,164.0,
2015,Nagpur,Nagpur (gra),Small,509.0,161.0,
2015,Nagpur,Nagpur (sh),Big,0.0,0.0,
2015,Nagpur,Nagpur (sh),Medium,0.0,0.0,
2015,Nagpur,Nagpur (sh),Small,0.0,0.0,
2015,Nagpur,Narkhed,Big,0.0,0.0,
2015,Nagpur,Narkhed,Medium,0.0,0.0,
2015,Nagpur,Narkhed,Small,1973.0,247.0,
2015,Nagpur,Parashivani,Big,188150.0,15896.0,
2015,Nagpur,Parashivani,Medium,0.0,0.0,
2015,Nagpur,Parashivani,Small,1008.0,642.0,
2015,Nagpur,Ramtech,Big,0.0,0.0,
2015,Nagpur,Ramtech,Medium,5000.0,330.0,
2015,Nagpur,Ramtech,Small,1901.0,337.0,
2015,Nagpur,Sawner,Big,0.0,0.0,
2015,Nagpur,Sawner,Medium,22401.0,2964.0,
2015,Nagpur,Sawner,Small,1705.0,801.0,
2015,Nagpur,Umred,Big,18860.0,8396.0,
2015,Nagpur,Umred,Medium,9739.0,4625.0,
2015,Nagpur,Umred,Small,5547.0,3399.0,
2015,Nashik,Malegaon,Big,0.0,0.0,
2015,Nashik,Malegaon,Medium,0.0,0.0,
2015,Nashik,Malegaon,Small,3400.0,2719.0,
2015,Nashik,Baglan,Big,0.0,0.0,
2015,Nashik,Baglan,Medium,23534.0,2138.0,
2015,Nashik,Baglan,Small,2588.0,2018.0,
2015,Nashik,Chandwad,Big,715.0,497.0,
2015,Nashik,Chandwad,Medium,0.0,0.0,
2015,Nashik,Chandwad,Small,2655.0,5333.54,
2015,Nashik,Devala,Big,0.0,0.0,
2015,Nashik,Devala,Medium,0.0,0.0,
2015,Nashik,Devala,Small,1641.0,1313.0,
2015,Nashik,Dindori,Big,101983.0,37126.69,
2015,Nashik,Dindori,Medium,9034.0,1909.0,
2015,Nashik,Dindori,Small,4804.0,0.0,
2015,Nashik,Igatpuri,Big,113450.0,22451.0,
2015,Nashik,Igatpuri,Medium,0.0,0.0,
2015,Nashik,Igatpuri,Small,2044.0,0.0,
2015,Nashik,Kalwan,Big,53539.0,1595.0,
2015,Nashik,Kalwan,Medium,0.0,0.0,
2015,Nashik,Kalwan,Small,3346.0,2735.0,
2015,Nashik,Nandgaon,Big,106588.0,30783.0,
2015,Nashik,Nandgaon,Medium,7673.0,1298.0,
2015,Nashik,Nandgaon,Small,2497.0,1997.0,
2015,Nashik,Nashik,Big,30400.0,3758.0,
2015,Nashik,Nashik,Medium,12725.0,180.0,
2015,Nashik,Nashik,Small,2618.0,0.0,
2015,Nashik,Nifad,Big,0.0,0.0,
2015,Nashik,Nifad,Medium,0.0,0.0,
2015,Nashik,Nifad,Small,1422.0,1875.86,
2015,Nashik,Peth,Big,0.0,0.0,
2015,Nashik,Peth,Medium,0.0,0.0,
2015,Nashik,Peth,Small,3149.0,2587.0,
2015,Nashik,Sinner,Big,0.0,0.0,
2015,Nashik,Sinner,Medium,5260.0,0.0,
2015,Nashik,Sinner,Small,3050.0,7371.15,
2015,Nashik,Surgana,Big,0.0,0.0,
2015,Nashik,Surgana,Medium,0.0,0.0,
2015,Nashik,Surgana,Small,649.0,415.0,
2015,Nashik,Trimbak,Big,0.0,0.0,
2015,Nashik,Trimbak,Medium,0.0,0.0,
2015,Nashik,Trimbak,Small,2605.0,465.0,
2015,Nashik,Yewala,Big,0.0,0.0,
2015,Nashik,Yewala,Medium,0.0,0.0,
2015,Nashik,Yewala,Small,953.0,4244.02,
2015,Raigad,Karjat,Big,0.0,0.0,
2015,Raigad,Karjat,Medium,0.0,0.0,
2015,Raigad,Karjat,Small,1205.0,27.0,
2015,Raigad,Alibag,Big,0.0,0.0,
2015,Raigad,Alibag,Medium,1808.0,0.0,
2015,Raigad,Alibag,Small,194.0,0.0,
2015,Raigad,Khalapur,Big,0.0,0.0,
2015,Raigad,Khalapur,Medium,0.0,0.0,
2015,Raigad,Khalapur,Small,548.0,242.0,
2015,Raigad,Mahad,Big,0.0,0.0,
2015,Raigad,Mahad,Medium,0.0,0.0,
2015,Raigad,Mahad,Small,800.0,118.0,
2015,Raigad,Mangaon,Big,14274.0,1137.0,
2015,Raigad,Mangaon,Medium,0.0,0.0,
2015,Raigad,Mangaon,Small,395.0,7.0,
2015,Raigad,Mhasala,Big,0.0,0.0,
2015,Raigad,Mhasala,Medium,0.0,0.0,
2015,Raigad,Mhasala,Small,252.0,6.0,
2015,Raigad,Murud,Big,0.0,0.0,
2015,Raigad,Murud,Medium,0.0,0.0,
2015,Raigad,Murud,Small,128.0,71.0,
2015,Raigad,Panwel,Big,0.0,0.0,
2015,Raigad,Panwel,Medium,0.0,0.0,
2015,Raigad,Panwel,Small,255.0,79.0,
2015,Raigad,Pen,Big,0.0,0.0,
2015,Raigad,Pen,Medium,5457.0,185.0,
2015,Raigad,Pen,Small,226.0,10.0,
2015,Raigad,Poladpur,Big,0.0,0.0,
2015,Raigad,Poladpur,Medium,0.0,0.0,
2015,Raigad,Poladpur,Small,491.0,0.0,
2015,Raigad,Roha,Big,0.0,0.0,
2015,Raigad,Roha,Medium,277.0,83.0,
2015,Raigad,Roha,Small,529.0,104.0,
2015,Raigad,Shreevardhan,Big,0.0,0.0,
2015,Raigad,Shreevardhan,Medium,0.0,0.0,
2015,Raigad,Shreevardhan,Small,397.0,18.0,
2015,Raigad,Sudhagad,Big,0.0,0.0,
2015,Raigad,Sudhagad,Medium,0.0,0.0,
2015,Raigad,Sudhagad,Small,942.0,251.0,
2015,Raigad,Tala,Big,0.0,0.0,
2015,Raigad,Tala,Medium,0.0,0.0,
2015,Raigad,Tala,Small,222.0,30.0,
2015,Raigad,Uran,Big,0.0,0.0,
2015,Raigad,Uran,Medium,0.0,0.0,
2015,Raigad,Uran,Small,105.0,0.0,
2015,Sangli,Aatpadi,Big,22240.0,2238.0,
2015,Sangli,Aatpadi,Medium,942.0,567.0,
2015,Sangli,Aatpadi,Small,14284.0,10292.0,
2015,Sangli,Jat,Big,22889.0,2697.0,
2015,Sangli,Jat,Medium,5174.0,0.0,
2015,Sangli,Jat,Small,20760.0,9406.0,
2015,Sangli,Kadegaon,Big,27901.0,10614.0,
2015,Sangli,Kadegaon,Medium,0.0,0.0,
2015,Sangli,Kadegaon,Small,7428.0,4559.0,
2015,Sangli,Khanapur,Big,33151.0,4762.0,
2015,Sangli,Khanapur,Medium,0.0,0.0,
2015,Sangli,Khanapur,Small,8454.0,4303.0,
2015,Sangli,Ku. Mahakal,Big,27472.0,6406.0,
2015,Sangli,Ku. Mahakal,Medium,499.0,247.0,
2015,Sangli,Ku. Mahakal,Small,7437.0,5199.0,
2015,Sangli,Miraj,Big,31454.0,11609.0,
2015,Sangli,Miraj,Medium,0.0,0.0,
2015,Sangli,Miraj,Small,15295.0,20973.0,
2015,Sangli,Palus,Big,3029.0,1232.0,
2015,Sangli,Palus,Medium,3675.0,1789.0,
2015,Sangli,Palus,Small,16696.0,18016.0,
2015,Sangli,Shirala,Big,0.0,0.0,
2015,Sangli,Shirala,Medium,2566.0,1244.0,
2015,Sangli,Shirala,Small,3752.0,2851.0,
2015,Sangli,Tasgaon,Big,38887.0,7224.0,
2015,Sangli,Tasgaon,Medium,4692.0,1177.0,
2015,Sangli,Tasgaon,Small,7395.0,10088.0,
2015,Sangli,Valava,Big,129.0,77.0,
2015,Sangli,Valava,Medium,2440.0,1346.0,
2015,Sangli,Valava,Small,31071.0,38964.0,
2015,Satara,Faltan,Big,58970.0,27759.0,
2015,Satara,Faltan,Medium,0.0,0.0,
2015,Satara,Faltan,Small,1744.0,1052.0,
2015,Satara,Javali,Big,2200.0,2200.0,
2015,Satara,Javali,Medium,8523.0,0.0,
2015,Satara,Javali,Small,0.0,0.0,
2015,Satara,Karad,Big,47149.0,42163.0,
2015,Satara,Karad,Medium,20871.0,4902.0,
2015,Satara,Karad,Small,6250.0,7966.0,
2015,Satara,Khandala,Big,23129.0,6984.0,
2015,Satara,Khandala,Medium,0.0,0.0,
2015,Satara,Khandala,Small,370.0,79.0,
2015,Satara,Khatav,Big,35002.0,7811.0,
2015,Satara,Khatav,Medium,6673.0,4109.0,
2015,Satara,Khatav,Small,1365.0,0.0,
2015,Satara,Koregaon,Big,20999.0,20919.0,
2015,Satara,Koregaon,Medium,11932.0,0.0,
2015,Satara,Koregaon,Small,2045.0,411.0,
2015,Satara,Mahableshwar,Big,0.0,0.0,
2015,Satara,Mahableshwar,Medium,0.0,0.0,
2015,Satara,Mahableshwar,Small,0.0,0.0,
2015,Satara,Man,Big,39102.0,0.0,
2015,Satara,Man,Medium,6640.0,1103.0,
2015,Satara,Man,Small,1673.0,509.0,
2015,Satara,Patan,Big,25787.0,15138.0,
2015,Satara,Patan,Medium,10536.0,795.0,
2015,Satara,Patan,Small,12925.0,7920.0,
2015,Satara,Satara,Big,30530.0,20392.0,
2015,Satara,Satara,Medium,0.0,0.0,
2015,Satara,Satara,Small,5107.0,3438.0,
2015,Satara,Vai,Big,7809.0,7809.0,
2015,Satara,Vai,Medium,8202.0,224.0,
2015,Satara,Vai,Small,346.0,0.0,
2015,Sindhudurg,Devgad,Big,0.0,0.0,
2015,Sindhudurg,Devgad,Medium,0.0,0.0,
2015,Sindhudurg,Devgad,Small,1205.0,247.0,
2015,Sindhudurg,Dodamarg,Big,6676.0,161.0,
2015,Sindhudurg,Dodamarg,Medium,0.0,0.0,
2015,Sindhudurg,Dodamarg,Small,382.0,95.0,
2015,Sindhudurg,Kankavali,Big,0.0,0.0,
2015,Sindhudurg,Kankavali,Medium,18568.0,255.0,
2015,Sindhudurg,Kankavali,Small,4161.0,509.0,
2015,Sindhudurg,Kudal,Big,26285.0,0.0,
2015,Sindhudurg,Kudal,Medium,909.0,0.0,
2015,Sindhudurg,Kudal,Small,3665.0,478.0,
2015,Sindhudurg,Malvan,Big,0.0,0.0,
2015,Sindhudurg,Malvan,Medium,1984.0,0.0,
2015,Sindhudurg,Malvan,Small,2751.0,461.0,
2015,Sindhudurg,Sawantwadi,Big,0.0,0.0,
2015,Sindhudurg,Sawantwadi,Medium,7464.0,0.0,
2015,Sindhudurg,Sawantwadi,Small,924.0,298.0,
2015,Sindhudurg,Vaibhavwadi,Big,0.0,0.0,
2015,Sindhudurg,Vaibhavwadi,Medium,7185.0,0.0,
2015,Sindhudurg,Vaibhavwadi,Small,1277.0,114.0,
2015,Sindhudurg,Vengurla,Big,0.0,0.0,
2015,Sindhudurg,Vengurla,Medium,1600.0,0.0,
2015,Sindhudurg,Vengurla,Small,1006.0,222.0,
2015,Thane,Ambarnath,Big,0.0,0.0,
2015,Thane,Ambarnath,Medium,0.0,0.0,
2015,Thane,Ambarnath,Small,771.0,0.0,
2015,Thane,Bhivandi,Big,0.0,0.0,
2015,Thane,Bhivandi,Medium,0.0,0.0,
2015,Thane,Bhivandi,Small,1443.0,185.0,
2015,Thane,Kalyan,Big,0.0,0.0,
2015,Thane,Kalyan,Medium,0.0,0.0,
2015,Thane,Kalyan,Small,742.0,5.0,
2015,Thane,Murbad,Big,0.0,0.0,
2015,Thane,Murbad,Medium,0.0,0.0,
2015,Thane,Murbad,Small,4897.0,293.0,
2015,Thane,Shahapur,Big,48910.0,2037.0,
2015,Thane,Shahapur,Medium,0.0,0.0,
2015,Thane,Shahapur,Small,3243.0,1140.0,
2015,Thane,Thane,Big,0.0,0.0,
2015,Thane,Thane,Medium,0.0,0.0,
2015,Thane,Thane,Small,0.0,0.0,
2015,Thane,Ulhasnagar,Big,0.0,0.0,
2015,Thane,Ulhasnagar,Medium,0.0,0.0,
2015,Thane,Ulhasnagar,Small,0.0,0.0,
2015,Wardha,Karanja,Big,0.0,0.0,
2015,Wardha,Karanja,Medium,10364.0,1428.0,
2015,Wardha,Karanja,Small,445.0,324.0,
2015,Wardha,Aarvi,Big,0.0,0.0,
2015,Wardha,Aarvi,Medium,20960.0,8394.0,
2015,Wardha,Aarvi,Small,8729.0,5633.0,
2015,Wardha,Ashti,Big,0.0,0.0,
2015,Wardha,Ashti,Medium,0.0,0.0,
2015,Wardha,Ashti,Small,579.0,364.0,
2015,Wardha,Hinganghat,Big,35940.0,0.0,
2015,Wardha,Hinganghat,Medium,0.0,0.0,
2015,Wardha,Hinganghat,Small,1600.0,0.0,
2015,Wardha,Samudrapur,Big,0.0,0.0,
2015,Wardha,Samudrapur,Medium,13423.0,4749.0,
2015,Wardha,Samudrapur,Small,0.0,0.0,
2015,Wardha,Selu,Big,35584.0,12186.0,
2015,Wardha,Selu,Medium,4854.0,2398.0,
2015,Wardha,Selu,Small,1138.0,792.0,
2015,Wardha,Wardha,Big,0.0,0.0,
2015,Wardha,Wardha,Medium,0.0,0.0,
2015,Wardha,Wardha,Small,1035.0,307.0,
2015,Wardha,Devali,Big,0.0,0.0,
2015,Wardha,Devali,Medium,0.0,0.0,
2015,Wardha,Devali,Small,0.0,0.0,
2015,Yavatmal,Kalamb,Big,0.0,0.0,
2015,Yavatmal,Kalamb,Medium,0.0,0.0,
2015,Yavatmal,Kalamb,Small,5550.0,2092.0,
2015,Yavatmal,Aarni,Big,0.0,0.0,
2015,Yavatmal,Aarni,Medium,0.0,0.0,
2015,Yavatmal,Aarni,Small,2171.0,759.0,
2015,Yavatmal,Babhulgaon,Big,67813.0,2806.0,
2015,Yavatmal,Babhulgaon,Medium,7855.0,0.0,
2015,Yavatmal,Babhulgaon,Small,4536.0,1828.0,
2015,Yavatmal,Darvha,Big,0.0,0.0,
2015,Yavatmal,Darvha,Medium,146190.0,7248.0,
2015,Yavatmal,Darvha,Small,13734.0,2969.0,
2015,Yavatmal,Digras,Big,30170.0,8022.0,
2015,Yavatmal,Digras,Medium,0.0,0.0,
2015,Yavatmal,Digras,Small,1150.0,1157.0,
2015,Yavatmal,Ghantaji,Big,136880.0,0.0,
2015,Yavatmal,Ghantaji,Medium,0.0,0.0,
2015,Yavatmal,Ghantaji,Small,9767.0,706.0,
2015,Yavatmal,Kelapur,Big,0.0,0.0,
2015,Yavatmal,Kelapur,Medium,4868.0,4128.0,
2015,Yavatmal,Kelapur,Small,5438.0,2594.0,
2015,Yavatmal,Mahagaon,Big,0.0,0.0,
2015,Yavatmal,Mahagaon,Medium,7606.0,5121.0,
2015,Yavatmal,Mahagaon,Small,4485.0,1735.0,
2015,Yavatmal,Maregaon,Big,0.0,0.0,
2015,Yavatmal,Maregaon,Medium,3216.0,860.0,
2015,Yavatmal,Maregaon,Small,2898.0,811.0,
2015,Yavatmal,Ner,Big,0.0,0.0,
2015,Yavatmal,Ner,Medium,0.0,0.0,
2015,Yavatmal,Ner,Small,8286.0,3437.0,
2015,Yavatmal,Pusad,Big,157475.0,62387.0,
2015,Yavatmal,Pusad,Medium,0.0,0.0,
2015,Yavatmal,Pusad,Small,9545.0,363.0,
2015,Yavatmal,Ralegaon,Big,0.0,0.0,
2015,Yavatmal,Ralegaon,Medium,0.0,0.0,
2015,Yavatmal,Ralegaon,Small,9813.0,3700.0,
2015,Yavatmal,Umarkhed,Big,0.0,0.0,
2015,Yavatmal,Umarkhed,Medium,0.0,0.0,
2015,Yavatmal,Umarkhed,Small,5297.0,1936.0,
2015,Yavatmal,Vani,Big,0.0,0.0,
2015,Yavatmal,Vani,Medium,0.0,0.0,
2015,Yavatmal,Vani,Small,829.0,279.0,
2015,Yavatmal,Yavatmal,Big,0.0,0.0,
2015,Yavatmal,Yavatmal,Medium,14273.0,5790.0,
2015,Yavatmal,Yavatmal,Small,16750.0,3666.0,
2015,Yavatmal,Zari Jamani,Big,0.0,0.0,
2015,Yavatmal,Zari Jamani,Medium,0.0,0.0,
2015,Yavatmal,Zari Jamani,Small,5765.0,3775.0,
2015,Beed,Ashti,Big,0.0,0.0,
2015,Beed,Ashti,Medium,9848.0,0.0,
2015,Beed,Ashti,Small,10171.0,10171.0,
2015,Beed,Ambajogai,Big,0.0,0.0,
2015,Beed,Ambajogai,Medium,0.0,0.0,
2015,Beed,Ambajogai,Small,5995.0,5995.0,
2015,Beed,Beed,Big,0.0,0.0,
2015,Beed,Beed,Medium,1288.0,0.0,
2015,Beed,Beed,Small,13750.0,13750.0,
2015,Beed,Cage,Big,45621.0,18233.0,
2015,Beed,Cage,Medium,769.0,0.0,
2015,Beed,Cage,Small,5111.0,5111.0,
2015,Beed,Dharur,Big,0.0,0.0,
2015,Beed,Dharur,Medium,1230.0,0.0,
2015,Beed,Dharur,Small,4699.0,4699.0,
2015,Beed,Gevrai,Big,0.0,0.0,
2015,Beed,Gevrai,Medium,0.0,0.0,
2015,Beed,Gevrai,Small,2627.0,2627.0,
2015,Beed,Majalgaon,Big,35711.0,9400.0,
2015,Beed,Majalgaon,Medium,0.0,0.0,
2015,Beed,Majalgaon,Small,1887.0,1887.0,
2015,Beed,Parli,Big,0.0,0.0,
2015,Beed,Parli,Medium,12285.0,0.0,
2015,Beed,Parli,Small,5637.0,5637.0,
2015,Beed,Patoda,Big,0.0,0.0,
2015,Beed,Patoda,Medium,3036.0,0.0,
2015,Beed,Patoda,Small,4311.0,4311.0,
2015,Beed,Shirur Kasar,Big,0.0,0.0,
2015,Beed,Shirur Kasar,Medium,1782.0,0.0,
2015,Beed,Shirur Kasar,Small,6130.0,6130.0,
2015,Beed,Wadwani,Big,0.0,0.0,
2015,Beed,Wadwani,Medium,1797.0,0.0,
2015,Beed,Wadwani,Small,3674.0,3674.0,
2015,Buldhana,Buldhana,Big,0.0,0.0,
2015,Buldhana,Buldhana,Medium,0.0,0.0,
2015,Buldhana,Buldhana,Small,5487.0,2383.0,
2015,Buldhana,Chikhali,Big,18276.0,10291.0,
2015,Buldhana,Chikhali,Medium,0.0,0.0,
2015,Buldhana,Chikhali,Small,5198.0,2590.0,
2015,Buldhana,Deulgaon Raja,Big,16893.0,9700.0,
2015,Buldhana,Deulgaon Raja,Medium,0.0,0.0,
2015,Buldhana,Deulgaon Raja,Small,1773.0,110.0,
2015,Buldhana,Jalgaon Jamod,Big,16758.0,0.0,
2015,Buldhana,Jalgaon Jamod,Medium,0.0,0.0,
2015,Buldhana,Jalgaon Jamod,Small,1348.0,451.0,
2015,Buldhana,Khamgaon,Big,24923.0,0.0,
2015,Buldhana,Khamgaon,Medium,15322.0,787.0,
2015,Buldhana,Khamgaon,Small,6513.0,601.0,
2015,Buldhana,Lonar,Big,0.0,0.0,
2015,Buldhana,Lonar,Medium,1721.0,246.0,
2015,Buldhana,Lonar,Small,4871.0,1621.0,
2015,Buldhana,Malkapur,Big,10021.0,1115.0,
2015,Buldhana,Malkapur,Medium,0.0,0.0,
2015,Buldhana,Malkapur,Small,176.0,69.0,
2015,Buldhana,Mehkar,Big,12026.0,9462.0,
2015,Buldhana,Mehkar,Medium,1463.0,517.0,
2015,Buldhana,Mehkar,Small,3598.0,655.0,
2015,Buldhana,Motala,Big,1700.0,870.0,
2015,Buldhana,Motala,Medium,2415.0,1019.0,
2015,Buldhana,Motala,Small,3938.0,662.0,
2015,Buldhana,Nandura,Big,37201.0,802.0,
2015,Buldhana,Nandura,Medium,180.0,121.0,
2015,Buldhana,Nandura,Small,509.0,82.0,
2015,Buldhana,Sangrampur,Big,11250.0,0.0,
2015,Buldhana,Sangrampur,Medium,0.0,0.0,
2015,Buldhana,Sangrampur,Small,4642.0,0.0,
2015,Buldhana,Shegaon,Big,37573.0,0.0,
2015,Buldhana,Shegaon,Medium,6347.0,1970.0,
2015,Buldhana,Shegaon,Small,990.0,0.0,
2015,Buldhana,Sindkhed Raja,Big,3681.0,1900.0,
2015,Buldhana,Sindkhed Raja,Medium,0.0,0.0,
2015,Buldhana,Sindkhed Raja,Small,5633.0,1317.0,
2015,Jalna,Ambad,Big,0.0,0.0,
2015,Jalna,Ambad,Medium,3440.0,2200.0,
2015,Jalna,Ambad,Small,6439.0,4473.0,
2015,Jalna,Badnapur,Big,0.0,0.0,
2015,Jalna,Badnapur,Medium,5708.0,3401.0,
2015,Jalna,Badnapur,Small,1534.0,1038.0,
2015,Jalna,Bhokardan,Big,0.0,0.0,
2015,Jalna,Bhokardan,Medium,5725.0,3951.0,
2015,Jalna,Bhokardan,Small,840.0,547.0,
2015,Jalna,Ghansawangi,Big,0.0,0.0,
2015,Jalna,Ghansawangi,Medium,0.0,0.0,
2015,Jalna,Ghansawangi,Small,6766.0,4656.0,
2015,Jalna,Jaffrabad,Big,0.0,0.0,
2015,Jalna,Jaffrabad,Medium,3238.0,1299.0,
2015,Jalna,Jaffrabad,Small,365.0,251.0,
2015,Jalna,Jalna,Big,0.0,0.0,
2015,Jalna,Jalna,Medium,5381.0,3376.0,
2015,Jalna,Jalna,Small,4055.0,2749.0,
2015,Jalna,Mantha,Big,0.0,0.0,
2015,Jalna,Mantha,Medium,0.0,0.0,
2015,Jalna,Mantha,Small,0.0,0.0,
2015,Jalna,Partur,Big,47988.0,34438.0,
2015,Jalna,Partur,Medium,0.0,0.0,
2015,Jalna,Partur,Small,3745.0,1886.0,
2015,Parbhani,Selu,Big,42951.0,15.0,
2015,Parbhani,Selu,Medium,0.0,0.0,
2015,Parbhani,Selu,Small,0.0,0.0,
2015,Parbhani,Gangakhed,Big,6471.0,801.0,
2015,Parbhani,Gangakhed,Medium,7122.0,0.0,
2015,Parbhani,Gangakhed,Small,5467.0,3007.0,
2015,Parbhani,Jintur,Big,0.0,0.0,
2015,Parbhani,Jintur,Medium,3818.0,1642.0,
2015,Parbhani,Jintur,Small,5431.0,1606.0,
2015,Parbhani,Manvat,Big,11039.0,4034.0,
2015,Parbhani,Manvat,Medium,0.0,0.0,
2015,Parbhani,Manvat,Small,470.0,0.0,
2015,Parbhani,Palam,Big,0.0,0.0,
2015,Parbhani,Palam,Medium,3618.0,1210.0,
2015,Parbhani,Palam,Small,2304.0,1210.0,
2015,Parbhani,Parbhani,Big,33529.0,21228.0,
2015,Parbhani,Parbhani,Medium,0.0,0.0,
2015,Parbhani,Parbhani,Small,446.0,0.0,
2015,Parbhani,Pathari,Big,28837.0,10308.0,
2015,Parbhani,Pathari,Medium,6224.0,680.0,
2015,Parbhani,Pathari,Small,2538.0,680.0,
2015,Parbhani,Purna,Big,17428.0,4814.0,
2015,Parbhani,Purna,Medium,0.0,0.0,
2015,Parbhani,Purna,Small,3119.0,0.0,
2015,Parbhani,Sonpeth,Big,0.0,0.0,
2015,Parbhani,Sonpeth,Medium,0.0,0.0,
2015,Parbhani,Sonpeth,Small,1007.0,0.0,
2015,Nanded,Andhrapur,Small,467.0,395.0,
2015,Nanded,Bhokar,Medium,405.0,0.0,
2015,Nanded,Bhokar,Small,5099.0,1079.0,
2015,Nanded,Biloli,Small,2249.0,654.0,
2015,Nanded,Deglur,Medium,32410.0,195.0,
2015,Nanded,Deglur,Small,4818.0,1542.0,
2015,Nanded,Dharmabad,Medium,9405.0,0.0,
2015,Nanded,Dharmabad,Small,471.0,305.0,
2015,Nanded,Hadgaon,Small,7360.0,1454.0,
2015,Nanded,Himalay Nagar,Small,2986.0,657.0,
2015,Nanded,Kandhar,Big,23310.0,311.0,
2015,Nanded,Kandhar,Medium,2290.0,380.0,
2015,Nanded,Kandhar,Small,3327.0,1468.0,
2015,Nanded,Kinvat,Big,1090.0,,
2015,Nanded,Kinvat,Medium,5183.0,1493.0,
2015,Nanded,Kinvat,Small,8950.0,3611.0,
2015,Nanded,Loha,Medium,9900.0,278.0,
2015,Nanded,Loha,Small,3167.0,1133.0,
2015,Nanded,Mahur,Small,2134.0,618.0,
2015,Nanded,Mudkhed,Big,1116.0,1201.0,
2015,Nanded,Mudkhed,Small,1239.0,753.0,
2015,Nanded,Mukhed,Big,32410.0,313.81,
2015,Nanded,Mukhed,Medium,1012.0,266.0,
2015,Nanded,Mukhed,Small,7831.0,3157.0,
2015,Nanded,Nanded,Big,41461.0,9024.0,
2015,Nanded,Nanded,Small,1176.0,509.0,
2015,Nanded,Naygaon,Small,1947.0,1043.0,
2015,Nanded,Umari,Small,2212.0,374.0,
2015,Palghar,Dahanu,Big,0.0,0.0,
2015,Palghar,Dahanu,Medium,0.0,0.0,
2015,Palghar,Dahanu,Small,0.0,0.0,
2015,Palghar,Javhar,Big,0.0,0.0,
2015,Palghar,Javhar,Medium,0.0,0.0,
2015,Palghar,Javhar,Small,150.0,0.0,
2015,Palghar,Mokhada,Big,0.0,0.0,
2015,Palghar,Mokhada,Medium,0.0,0.0,
2015,Palghar,Mokhada,Small,0.0,0.0,
2015,Palghar,Palghar,Big,30.0,15.19,
2015,Palghar,Palghar,Medium,0.0,0.0,
2015,Palghar,Palghar,Small,0.0,0.0,
2015,Palghar,Talasari,Big,8525.0,826.77,
2015,Palghar,Talasari,Medium,4088.0,1091.0,
2015,Palghar,Talasari,Small,222.0,17.36,
2015,Palghar,Vasai,Big,0.0,0.0,
2015,Palghar,Vasai,Medium,0.0,0.0,
2015,Palghar,Vasai,Small,299.0,0.0,
2015,Palghar,Vikramgad,Big,6141.0,1323.04,
2015,Palghar,Vikramgad,Medium,0.0,0.0,
2015,Palghar,Vikramgad,Small,142.0,52.0,
2015,Palghar,Wada,Big,0.0,0.0,
2015,Palghar,Wada,Medium,0.0,0.0,
2015,Palghar,Wada,Small,144.0,0.0,
2016,Nandurbar,Akkalkuva,Big,0.0,0.0,
2016,Nandurbar,Akkalkuva,Medium,4857.0,0.0,
2016,Nandurbar,Akkalkuva,Small,1188.0,0.0,
2016,Nandurbar,Akrani,Big,0.0,0.0,
2016,Nandurbar,Akrani,Medium,0.0,0.0,
2016,Nandurbar,Akrani,Small,0.0,0.0,
2016,Nandurbar,Nandurbar,Big,0.0,0.0,
2016,Nandurbar,Nandurbar,Medium,5395.0,516.85,
2016,Nandurbar,Nandurbar,Small,5393.0,104.0,
2016,Nandurbar,Navapur,Big,0.0,0.0,
2016,Nandurbar,Navapur,Medium,15210.0,3337.0,
2016,Nandurbar,Navapur,Small,8057.0,168.0,
2016,Nandurbar,Shahada,Big,0.0,0.0,
2016,Nandurbar,Shahada,Medium,25535.0,3148.0,
2016,Nandurbar,Shahada,Small,2098.0,0.0,
2016,Nandurbar,Taloda,Big,0.0,0.0,
2016,Nandurbar,Taloda,Medium,0.0,0.0,
2016,Nandurbar,Taloda,Small,1807.0,0.0,
2016,Ratnagiri,Chiplun,Big,0.0,0.0,
2016,Ratnagiri,Chiplun,Medium,0.0,0.0,
2016,Ratnagiri,Chiplun,Small,1711.0,1227.0,
2016,Ratnagiri,Dapoli,Big,0.0,0.0,
2016,Ratnagiri,Dapoli,Medium,0.0,0.0,
2016,Ratnagiri,Dapoli,Small,2214.0,1382.0,
2016,Ratnagiri,Guhagar,Big,0.0,0.0,
2016,Ratnagiri,Guhagar,Medium,0.0,0.0,
2016,Ratnagiri,Guhagar,Small,315.0,207.0,
2016,Ratnagiri,Khed,Big,0.0,0.0,
2016,Ratnagiri,Khed,Medium,2050.0,177.0,
2016,Ratnagiri,Khed,Small,3800.0,2174.0,
2016,Ratnagiri,Lanja,Big,0.0,0.0,
2016,Ratnagiri,Lanja,Medium,0.0,0.0,
2016,Ratnagiri,Lanja,Small,723.0,620.0,
2016,Ratnagiri,Mandangad,Big,0.0,0.0,
2016,Ratnagiri,Mandangad,Medium,0.0,0.0,
2016,Ratnagiri,Mandangad,Small,966.0,585.0,
2016,Ratnagiri,Rajapur,Big,0.0,0.0,
2016,Ratnagiri,Rajapur,Medium,12112.0,247.0,
2016,Ratnagiri,Rajapur,Small,1182.0,823.0,
2016,Ratnagiri,Ratnagiri,Big,0.0,0.0,
2016,Ratnagiri,Ratnagiri,Medium,0.0,0.0,
2016,Ratnagiri,Ratnagiri,Small,0.0,0.0,
2016,Ratnagiri,Sangameshwar,Big,0.0,0.0,
2016,Ratnagiri,Sangameshwar,Medium,4296.0,2.0,
2016,Ratnagiri,Sangameshwar,Small,2409.0,1553.0,
2016,Washim,Karanja,Small,8822.0,5296.0,
2016,Washim,Malegaon,Medium,3156.0,2746.0,
2016,Washim,Malegaon,Small,11488.0,4513.0,
2016,Washim,Mangrulpir,Small,8814.0,4167.0,
2016,Washim,Manora,Small,8591.0,4629.0,
2016,Washim,Resod,Small,10103.0,6717.0,
2016,Washim,Washim,Medium,2429.0,1448.0,
2016,Washim,Washim,Small,18399.0,9419.0,
2016,Pune,Khed,Big,67280.0,64920.0,
2016,Pune,Khed,Medium,2923.0,66.0,
2016,Pune,Khed,Small,16963.0,11563.0,
2016,Pune,Aambegaon,Big,15418.0,7064.0,
2016,Pune,Aambegaon,Medium,0.0,0.0,
2016,Pune,Aambegaon,Small,11899.0,19744.0,
2016,Pune,Baramati,Big,44748.0,65712.0,
2016,Pune,Baramati,Medium,3834.0,602.0,
2016,Pune,Baramati,Small,14837.0,8271.0,
2016,Pune,Bhor,Big,3295.0,4611.0,
2016,Pune,Bhor,Medium,0.0,0.0,
2016,Pune,Bhor,Small,7791.0,6141.0,
2016,Pune,Daund,Big,37839.0,61300.0,
2016,Pune,Daund,Medium,0.0,0.0,
2016,Pune,Daund,Small,6807.0,18831.0,
2016,Pune,Haveli,Big,7583.0,10997.0,
2016,Pune,Haveli,Medium,1360.0,0.0,
2016,Pune,Haveli,Small,7742.0,1976.0,
2016,Pune,Indapur,Big,50196.0,49991.0,
2016,Pune,Indapur,Medium,1920.0,7471.0,
2016,Pune,Indapur,Small,8409.0,4961.0,
2016,Pune,Junnar,Big,27115.0,20641.0,
2016,Pune,Junnar,Medium,8318.0,6372.0,
2016,Pune,Junnar,Small,12661.0,14104.0,
2016,Pune,Maval,Big,5304.0,5238.0,
2016,Pune,Maval,Medium,9813.0,15838.0,
2016,Pune,Maval,Small,6079.0,3090.0,
2016,Pune,Mulashi,Big,0.0,0.0,
2016,Pune,Mulashi,Medium,8520.0,4590.0,
2016,Pune,Mulashi,Small,12159.0,7808.0,
2016,Pune,Pune City,Big,0.0,0.0,
2016,Pune,Pune City,Medium,0.0,0.0,
2016,Pune,Pune City,Small,0.0,0.0,
2016,Pune,Purandar,Big,35608.0,31419.0,
2016,Pune,Purandar,Medium,2556.0,320.0,
2016,Pune,Purandar,Small,8769.0,8920.0,
2016,Pune,Shirur,Big,20027.0,11448.0,
2016,Pune,Shirur,Medium,0.0,0.0,
2016,Pune,Shirur,Small,18297.0,23007.0,
2016,Pune,Welhe,Big,0.0,0.0,
2016,Pune,Welhe,Medium,0.0,0.0,
2016,Pune,Welhe,Small,2275.0,2211.0,
2016,Ahilyanagar,Akole,Big,205802.0,16955.0,
2016,Ahilyanagar,Akole,Medium,8361.0,2423.0,
2016,Ahilyanagar,Akole,Small,14373.0,3728.0,
2016,Ahilyanagar,Jamkhed,Big,0.0,0.0,
2016,Ahilyanagar,Jamkhed,Medium,2584.0,504.0,
2016,Ahilyanagar,Jamkhed,Small,0.0,0.0,
2016,Ahilyanagar,Karjat,Big,0.0,0.0,
2016,Ahilyanagar,Karjat,Medium,14040.0,1350.0,
2016,Ahilyanagar,Karjat,Small,0.0,0.0,
2016,Ahilyanagar,Kopargaon,Big,0.0,0.0,
2016,Ahilyanagar,Kopargaon,Medium,0.0,0.0,
2016,Ahilyanagar,Kopargaon,Small,0.0,0.0,
2016,Ahilyanagar,Nagar,Big,560.0,75.0,
2016,Ahilyanagar,Nagar,Medium,0.0,0.0,
2016,Ahilyanagar,Nagar,Small,331.0,181.0,
2016,Ahilyanagar,Nevasa,Big,69918.0,43986.0,
2016,Ahilyanagar,Nevasa,Medium,0.0,0.0,
2016,Ahilyanagar,Nevasa,Small,3033.0,804.0,
2016,Ahilyanagar,Parner,Big,185153.0,2100.0,
2016,Ahilyanagar,Parner,Medium,4228.0,2649.0,
2016,Ahilyanagar,Parner,Small,3933.0,1420.0,
2016,Ahilyanagar,Pathardi,Big,7627.0,7648.0,
2016,Ahilyanagar,Pathardi,Medium,0.0,0.0,
2016,Ahilyanagar,Pathardi,Small,1144.0,565.0,
2016,Ahilyanagar,Rahata,Big,0.0,0.0,
2016,Ahilyanagar,Rahata,Medium,0.0,0.0,
2016,Ahilyanagar,Rahata,Small,0.0,0.0,
2016,Ahilyanagar,Rahuri,Big,62028.0,20749.0,
2016,Ahilyanagar,Rahuri,Medium,0.0,0.0,
2016,Ahilyanagar,Rahuri,Small,3730.0,3483.0,
2016,Ahilyanagar,Sangamner,Big,0.0,0.0,
2016,Ahilyanagar,Sangamner,Medium,5260.0,2164.0,
2016,Ahilyanagar,Sangamner,Small,5726.0,1794.0,
2016,Ahilyanagar,Shevgaon,Big,21253.0,8100.0,
2016,Ahilyanagar,Shevgaon,Medium,0.0,0.0,
2016,Ahilyanagar,Shevgaon,Small,809.0,809.0,
2016,Ahilyanagar,Srigonda,Big,20500.0,16153.0,
2016,Ahilyanagar,Srigonda,Medium,10640.0,4503.0,
2016,Ahilyanagar,Srigonda,Small,0.0,0.0,
2016,Ahilyanagar,Srirampur,Big,0.0,0.0,
2016,Ahilyanagar,Srirampur,Medium,1110.0,1110.0,
2016,Ahilyanagar,Srirampur,Small,6357.0,827.0,
2016,Akola,Akola,Big,0.0,0.0,
2016,Akola,Akola,Medium,0.0,0.0,
2016,Akola,Akola,Small,451.0,122.0,
2016,Akola,Akot,Big,0.0,0.0,
2016,Akola,Akot,Medium,0.0,0.0,
2016,Akola,Akot,Small,1861.0,1704.0,
2016,Akola,Balapur,Big,0.0,0.0,
2016,Akola,Balapur,Medium,0.0,0.0,
2016,Akola,Balapur,Small,303.0,35.0,
2016,Akola,Barshitakali,Big,13996.0,6788.0,
2016,Akola,Barshitakali,Medium,0.0,0.0,
2016,Akola,Barshitakali,Small,2570.0,147.0,
2016,Akola,Murtijapur,Big,0.0,0.0,
2016,Akola,Murtijapur,Medium,3168.0,1421.0,
2016,Akola,Murtijapur,Small,1872.0,605.0,
2016,Akola,Patur,Big,0.0,0.0,
2016,Akola,Patur,Medium,16316.0,7069.0,
2016,Akola,Patur,Small,2186.0,1674.0,
2016,Akola,Telhara,Big,22525.0,19177.0,
2016,Akola,Telhara,Medium,0.0,0.0,
2016,Akola,Telhara,Small,112.0,30.0,
2016,Amravati,Achalpur,Big,0.0,0.0,
2016,Amravati,Achalpur,Medium,28560.0,19199.0,
2016,Amravati,Achalpur,Small,3072.0,1661.0,
2016,Amravati,Amravati,Big,0.0,0.0,
2016,Amravati,Amravati,Medium,0.0,0.0,
2016,Amravati,Amravati,Small,2688.0,2147.0,
2016,Amravati,Anjangaon Su,Big,0.0,0.0,
2016,Amravati,Anjangaon Su,Medium,0.0,0.0,
2016,Amravati,Anjangaon Su,Small,645.0,465.0,
2016,Amravati,Bhatkuli,Big,0.0,0.0,
2016,Amravati,Bhatkuli,Medium,0.0,0.0,
2016,Amravati,Bhatkuli,Small,65.0,65.0,
2016,Amravati,Chandur Railway,Big,3288.0,2964.0,
2016,Amravati,Chandur Railway,Medium,0.0,0.0,
2016,Amravati,Chandur Railway,Small,7329.0,4139.0,
2016,Amravati,Chandurbazar,Big,0.0,0.0,
2016,Amravati,Chandurbazar,Medium,8963.0,6275.0,
2016,Amravati,Chandurbazar,Small,2708.0,1871.0,
2016,Amravati,Chikhraldara,Big,0.0,0.0,
2016,Amravati,Chikhraldara,Medium,0.0,0.0,
2016,Amravati,Chikhraldara,Small,977.0,977.0,
2016,Amravati,Daryapur,Big,0.0,0.0,
2016,Amravati,Daryapur,Medium,0.0,0.0,
2016,Amravati,Daryapur,Small,438.0,438.0,
2016,Amravati,Dhamangaon Re,Big,43365.0,39086.0,
2016,Amravati,Dhamangaon Re,Medium,0.0,0.0,
2016,Amravati,Dhamangaon Re,Small,48.0,48.0,
2016,Amravati,Dharani,Big,0.0,0.0,
2016,Amravati,Dharani,Medium,0.0,0.0,
2016,Amravati,Dharani,Small,9218.0,6051.0,
2016,Amravati,Morshi,Big,2872.0,2589.0,
2016,Amravati,Morshi,Medium,0.0,0.0,
2016,Amravati,Morshi,Small,2811.0,1907.0,
2016,Amravati,Nandgaon Kh,Big,0.0,0.0,
2016,Amravati,Nandgaon Kh,Medium,0.0,0.0,
2016,Amravati,Nandgaon Kh,Small,3024.0,1991.0,
2016,Amravati,Tivas,Big,14671.0,13223.0,
2016,Amravati,Tivas,Medium,0.0,0.0,
2016,Amravati,Tivas,Small,2671.0,1996.0,
2016,Amravati,Warud,Big,0.0,0.0,
2016,Amravati,Warud,Medium,0.0,0.0,
2016,Amravati,Warud,Small,7685.0,4989.0,
2016,Bhandara,Bhandara,Big,1693.0,52.0,
2016,Bhandara,Bhandara,Small,3658.0,1999.0,
2016,Bhandara,Lakhandur,Big,23227.0,4380.0,
2016,Bhandara,Lakhandur,Small,1916.0,1467.0,
2016,Bhandara,Lakhani,Big,16440.0,,
2016,Bhandara,Lakhani,Small,3242.0,2097.0,
2016,Bhandara,Mohadi,Big,12548.0,6425.0,
2016,Bhandara,Mohadi,Medium,3555.0,1563.0,
2016,Bhandara,Mohadi,Small,2146.0,1711.0,
2016,Bhandara,Pavani,Big,31631.0,4652.0,
2016,Bhandara,Pavani,Small,1276.0,1074.0,
2016,Bhandara,Sakoli,Small,8377.0,4811.0,
2016,Bhandara,Tumsar,Big,13944.0,6213.0,
2016,Bhandara,Tumsar,Medium,17634.0,10926.0,
2016,Bhandara,Tumsar,Small,13716.0,1497.0,
2016,Chandrapur,Ballarpur,Big,0.0,0.0,
2016,Chandrapur,Ballarpur,Medium,0.0,0.0,
2016,Chandrapur,Ballarpur,Small,2499.0,1036.0,
2016,Chandrapur,Bhadravati,Big,0.0,0.0,
2016,Chandrapur,Bhadravati,Medium,0.0,0.0,
2016,Chandrapur,Bhadravati,Small,618.0,300.0,
2016,Chandrapur,Bramhapuri,Big,0.0,0.0,
2016,Chandrapur,Bramhapuri,Medium,0.0,0.0,
2016,Chandrapur,Bramhapuri,Small,478.0,478.0,
2016,Chandrapur,Chandrapur,Big,0.0,0.0,
2016,Chandrapur,Chandrapur,Medium,0.0,0.0,
2016,Chandrapur,Chandrapur,Small,1729.0,1685.0,
2016,Chandrapur,Chimur,Big,0.0,0.0,
2016,Chandrapur,Chimur,Medium,0.0,0.0,
2016,Chandrapur,Chimur,Small,2016.0,1301.0,
2016,Chandrapur,Gondpipari,Big,0.0,0.0,
2016,Chandrapur,Gondpipari,Medium,0.0,0.0,
2016,Chandrapur,Gondpipari,Small,1730.0,587.0,
2016,Chandrapur,Jivati,Big,0.0,0.0,
2016,Chandrapur,Jivati,Medium,0.0,0.0,
2016,Chandrapur,Jivati,Small,0.0,0.0,
2016,Chandrapur,Korpana,Big,0.0,0.0,
2016,Chandrapur,Korpana,Medium,10865.0,5200.0,
2016,Chandrapur,Korpana,Small,365.0,365.0,
2016,Chandrapur,Mul,Big,0.0,0.0,
2016,Chandrapur,Mul,Medium,0.0,0.0,
2016,Chandrapur,Mul,Small,2537.0,1249.0,
2016,Chandrapur,Nagbhid,Big,0.0,0.0,
2016,Chandrapur,Nagbhid,Medium,19607.0,5500.0,
2016,Chandrapur,Nagbhid,Small,3898.0,925.0,
2016,Chandrapur,Ponbhurna,Big,0.0,0.0,
2016,Chandrapur,Ponbhurna,Medium,0.0,0.0,
2016,Chandrapur,Ponbhurna,Small,841.0,450.0,
2016,Chandrapur,Rajura,Big,0.0,0.0,
2016,Chandrapur,Rajura,Medium,0.0,0.0,
2016,Chandrapur,Rajura,Small,972.0,251.0,
2016,Chandrapur,Savali,Big,50858.0,11600.0,
2016,Chandrapur,Savali,Medium,0.0,0.0,
2016,Chandrapur,Savali,Small,2014.0,939.0,
2016,Chandrapur,Sindevahi,Big,0.0,0.0,
2016,Chandrapur,Sindevahi,Medium,7064.0,3000.0,
2016,Chandrapur,Sindevahi,Small,2541.0,1933.0,
2016,Chandrapur,Varora,Big,0.0,0.0,
2016,Chandrapur,Varora,Medium,8146.0,5450.0,
2016,Chandrapur,Varora,Small,1467.0,645.0,
2016,Dharashiv,Bhum,Big,0.0,0.0,
2016,Dharashiv,Bhum,Medium,6697.0,0.0,
2016,Dharashiv,Bhum,Small,4696.0,4696.0,
2016,Dharashiv,Dharashiv,Big,0.0,0.0,
2016,Dharashiv,Dharashiv,Medium,5646.0,0.0,
2016,Dharashiv,Dharashiv,Small,14689.0,14689.0,
2016,Dharashiv,Kalamb,Big,0.0,0.0,
2016,Dharashiv,Kalamb,Medium,2040.0,0.0,
2016,Dharashiv,Kalamb,Small,3533.0,3533.0,
2016,Dharashiv,Lohara,Big,6525.0,830.0,
2016,Dharashiv,Lohara,Medium,0.0,0.0,
2016,Dharashiv,Lohara,Small,3536.0,3536.0,
2016,Dharashiv,Paranda,Big,0.0,0.0,
2016,Dharashiv,Paranda,Medium,9363.0,456.0,
2016,Dharashiv,Paranda,Small,3066.0,3066.0,
2016,Dharashiv,Tuljapur,Big,0.0,0.0,
2016,Dharashiv,Tuljapur,Medium,6960.0,2581.0,
2016,Dharashiv,Tuljapur,Small,21981.0,21981.0,
2016,Dharashiv,Umaraga,Big,0.0,0.0,
2016,Dharashiv,Umaraga,Medium,5467.0,1750.0,
2016,Dharashiv,Umaraga,Small,12225.0,12225.0,
2016,Dharashiv,Washi,Big,0.0,0.0,
2016,Dharashiv,Washi,Medium,0.0,0.0,
2016,Dharashiv,Washi,Small,3168.0,3168.0,
2016,Dhule,Dhule,Big,0.0,0.0,
2016,Dhule,Dhule,Medium,2105.0,770.0,
2016,Dhule,Dhule,Small,26602.0,8629.0,
2016,Dhule,Sakri,Big,0.0,0.0,
2016,Dhule,Sakri,Medium,36820.0,19205.0,
2016,Dhule,Sakri,Small,3459.0,1239.0,
2016,Dhule,Shindkheda,Big,0.0,0.0,
2016,Dhule,Shindkheda,Medium,26415.0,2780.0,
2016,Dhule,Shindkheda,Small,5510.0,1286.0,
2016,Dhule,Shirpur,Big,0.0,0.0,
2016,Dhule,Shirpur,Medium,20672.0,11176.0,
2016,Dhule,Shirpur,Small,4349.0,2964.0,
2016,Gadchiroli,Aarmori,Big,30590.0,0.0,
2016,Gadchiroli,Aarmori,Medium,3316.0,0.0,
2016,Gadchiroli,Aarmori,Small,416.0,412.0,
2016,Gadchiroli,Aheri,Big,0.0,0.0,
2016,Gadchiroli,Aheri,Medium,0.0,0.0,
2016,Gadchiroli,Aheri,Small,602.0,602.0,
2016,Gadchiroli,Bhamragad,Big,0.0,0.0,
2016,Gadchiroli,Bhamragad,Medium,0.0,0.0,
2016,Gadchiroli,Bhamragad,Small,0.0,0.0,
2016,Gadchiroli,Chomoshi,Big,12360.0,11300.0,
2016,Gadchiroli,Chomoshi,Medium,9545.0,0.0,
2016,Gadchiroli,Chomoshi,Small,1255.0,959.0,
2016,Gadchiroli,Desaiganj,Big,9378.0,6532.0,
2016,Gadchiroli,Desaiganj,Medium,0.0,0.0,
2016,Gadchiroli,Desaiganj,Small,1800.0,1779.0,
2016,Gadchiroli,Dhanora,Big,0.0,0.0,
2016,Gadchiroli,Dhanora,Medium,0.0,0.0,
2016,Gadchiroli,Dhanora,Small,283.0,121.0,
2016,Gadchiroli,Etapalli,Big,0.0,0.0,
2016,Gadchiroli,Etapalli,Medium,2400.0,0.0,
2016,Gadchiroli,Etapalli,Small,0.0,0.0,
2016,Gadchiroli,Gadchiroli,Big,10086.0,0.0,
2016,Gadchiroli,Gadchiroli,Medium,4786.0,0.0,
2016,Gadchiroli,Gadchiroli,Small,751.0,586.0,
2016,Gadchiroli,Korachi,Big,0.0,0.0,
2016,Gadchiroli,Korachi,Medium,0.0,0.0,
2016,Gadchiroli,Korachi,Small,0.0,0.0,
2016,Gadchiroli,Kurkheda,Big,0.0,0.0,
2016,Gadchiroli,Kurkheda,Medium,0.0,0.0,
2016,Gadchiroli,Kurkheda,Small,0.0,0.0,
2016,Gadchiroli,Mulchera,Big,0.0,0.0,
2016,Gadchiroli,Mulchera,Medium,2342.0,0.0,
2016,Gadchiroli,Mulchera,Small,384.0,320.0,
2016,Gadchiroli,Sironcha,Big,0.0,0.0,
2016,Gadchiroli,Sironcha,Medium,3283.0,0.0,
2016,Gadchiroli,Sironcha,Small,565.0,479.0,
2016,Gondia,Aamgaon,Big,13725.0,8465.0,
2016,Gondia,Aamgaon,Medium,0.0,0.0,
2016,Gondia,Aamgaon,Small,0.0,0.0,
2016,Gondia,Arjuni Morgaon,Big,20508.0,6293.0,
2016,Gondia,Arjuni Morgaon,Medium,0.0,0.0,
2016,Gondia,Arjuni Morgaon,Small,6434.0,3579.0,
2016,Gondia,Devari,Big,457.0,282.0,
2016,Gondia,Devari,Medium,0.0,0.0,
2016,Gondia,Devari,Small,3190.0,2160.0,
2016,Gondia,Gondia,Big,22874.0,14109.0,
2016,Gondia,Gondia,Medium,15425.0,6455.0,
2016,Gondia,Gondia,Small,1277.0,1120.0,
2016,Gondia,Goregaon,Big,0.0,0.0,
2016,Gondia,Goregaon,Medium,18718.0,3224.0,
2016,Gondia,Goregaon,Small,1734.0,980.0,
2016,Gondia,Sadak Arjuni,Big,0.0,0.0,
2016,Gondia,Sadak Arjuni,Medium,3500.0,968.0,
2016,Gondia,Sadak Arjuni,Small,2509.0,324.0,
2016,Gondia,Salekasa,Big,8693.0,5362.0,
2016,Gondia,Salekasa,Medium,5008.0,1114.0,
2016,Gondia,Salekasa,Small,460.0,485.0,
2016,Gondia,Tiroda,Big,0.0,0.0,
2016,Gondia,Tiroda,Medium,43694.0,8817.0,
2016,Gondia,Tiroda,Small,2181.0,648.0,
2016,Kolhapur,Ajara,Big,0.0,0.0,
2016,Kolhapur,Ajara,Medium,3765.0,2893.0,
2016,Kolhapur,Ajara,Small,840.0,708.0,
2016,Kolhapur,Bhudargad,Big,2751.0,2024.0,
2016,Kolhapur,Bhudargad,Medium,10512.0,8523.0,
2016,Kolhapur,Bhudargad,Small,1932.0,1610.0,
2016,Kolhapur,Chandgad,Big,0.0,0.0,
2016,Kolhapur,Chandgad,Medium,14846.0,10913.0,
2016,Kolhapur,Chandgad,Small,8935.0,7755.0,
2016,Kolhapur,Gadhinglaj,Big,0.0,0.0,
2016,Kolhapur,Gadhinglaj,Medium,6577.0,4513.0,
2016,Kolhapur,Gadhinglaj,Small,3398.0,2973.0,
2016,Kolhapur,Gaganbavada,Big,0.0,0.0,
2016,Kolhapur,Gaganbavada,Medium,5203.0,4943.0,
2016,Kolhapur,Gaganbavada,Small,1463.0,1315.0,
2016,Kolhapur,Hatkanangale,Big,25116.0,17202.0,
2016,Kolhapur,Hatkanangale,Medium,0.0,0.0,
2016,Kolhapur,Hatkanangale,Small,632.0,531.0,
2016,Kolhapur,Kagal,Big,19393.0,14270.0,
2016,Kolhapur,Kagal,Medium,5943.0,4874.0,
2016,Kolhapur,Kagal,Small,1391.0,1136.0,
2016,Kolhapur,Karveer,Big,27959.0,17912.0,
2016,Kolhapur,Karveer,Medium,1774.0,1685.0,
2016,Kolhapur,Karveer,Small,1863.0,1577.0,
2016,Kolhapur,Panhala,Big,9291.0,6690.0,
2016,Kolhapur,Panhala,Medium,8928.0,8479.0,
2016,Kolhapur,Panhala,Small,2221.0,1913.0,
2016,Kolhapur,Radhanagari,Big,15487.0,10660.0,
2016,Kolhapur,Radhanagari,Medium,0.0,0.0,
2016,Kolhapur,Radhanagari,Small,540.0,447.0,
2016,Kolhapur,Shahuwadi,Big,6820.0,4830.0,
2016,Kolhapur,Shahuwadi,Medium,13129.0,12281.0,
2016,Kolhapur,Shahuwadi,Small,6394.0,5174.0,
2016,Kolhapur,Shirol,Big,25869.0,20470.0,
2016,Kolhapur,Shirol,Medium,0.0,0.0,
2016,Kolhapur,Shirol,Small,0.0,0.0,
2016,Latur,Ahamadpur,Big,0.0,0.0,
2016,Latur,Ahamadpur,Medium,0.0,0.0,
2016,Latur,Ahamadpur,Small,16732.0,7629.0,
2016,Latur,Aosa,Big,15600.0,2366.0,
2016,Latur,Aosa,Medium,0.0,0.0,
2016,Latur,Aosa,Small,7378.0,3277.0,
2016,Latur,Chakur,Big,0.0,0.0,
2016,Latur,Chakur,Medium,4888.0,1007.0,
2016,Latur,Chakur,Small,9691.0,2550.0,
2016,Latur,Devani,Big,0.0,0.0,
2016,Latur,Devani,Medium,0.0,0.0,
2016,Latur,Devani,Small,4309.0,1859.0,
2016,Latur,Jalkot,Big,0.0,0.0,
2016,Latur,Jalkot,Medium,0.0,0.0,
2016,Latur,Jalkot,Small,2952.0,1822.0,
2016,Latur,Latur,Big,26526.0,5752.0,
2016,Latur,Latur,Medium,4103.0,1561.0,
2016,Latur,Latur,Small,4076.0,2325.0,
2016,Latur,Nilanga,Big,0.0,0.0,
2016,Latur,Nilanga,Medium,8770.0,3179.0,
2016,Latur,Nilanga,Small,10024.0,4360.0,
2016,Latur,Renapur,Big,0.0,0.0,
2016,Latur,Renapur,Medium,4857.0,1884.0,
2016,Latur,Renapur,Small,4422.0,1934.0,
2016,Latur,Shirur-Anantpal,Big,0.0,0.0,
2016,Latur,Shirur-Anantpal,Medium,0.0,0.0,
2016,Latur,Shirur-Anantpal,Small,548.0,290.0,
2016,Latur,Udgir,Big,0.0,0.0,
2016,Latur,Udgir,Medium,7658.0,3552.0,
2016,Latur,Udgir,Small,5599.0,3706.0,
2016,Nagpur,Bhiwapur,Big,0.0,0.0,
2016,Nagpur,Bhiwapur,Medium,0.0,0.0,
2016,Nagpur,Bhiwapur,Small,4693.0,3108.0,
2016,Nagpur,Hingana,Big,0.0,0.0,
2016,Nagpur,Hingana,Medium,9424.0,4990.0,
2016,Nagpur,Hingana,Small,3196.0,2408.0,
2016,Nagpur,Kalameshwar,Big,0.0,0.0,
2016,Nagpur,Kalameshwar,Medium,6811.0,2372.0,
2016,Nagpur,Kalameshwar,Small,2235.0,2090.0,
2016,Nagpur,Kamathi,Big,0.0,0.0,
2016,Nagpur,Kamathi,Medium,0.0,0.0,
2016,Nagpur,Kamathi,Small,0.0,0.0,
2016,Nagpur,Katol,Big,0.0,0.0,
2016,Nagpur,Katol,Medium,9180.0,7800.0,
2016,Nagpur,Katol,Small,3089.0,3115.0,
2016,Nagpur,Kuhi,Big,11195.0,5363.0,
2016,Nagpur,Kuhi,Medium,4495.0,0.0,
2016,Nagpur,Kuhi,Small,936.0,170.0,
2016,Nagpur,Mauda,Big,0.0,0.0,
2016,Nagpur,Mauda,Medium,0.0,0.0,
2016,Nagpur,Mauda,Small,194.0,175.0,
2016,Nagpur,Nagpur (gra),Big,0.0,0.0,
2016,Nagpur,Nagpur (gra),Medium,2500.0,1153.0,
2016,Nagpur,Nagpur (gra),Small,509.0,243.0,
2016,Nagpur,Nagpur (sh),Big,0.0,0.0,
2016,Nagpur,Nagpur (sh),Medium,0.0,0.0,
2016,Nagpur,Nagpur (sh),Small,0.0,0.0,
2016,Nagpur,Narkhed,Big,0.0,0.0,
2016,Nagpur,Narkhed,Medium,0.0,0.0,
2016,Nagpur,Narkhed,Small,3869.0,1037.0,
2016,Nagpur,Parashivani,Big,188150.0,90707.0,
2016,Nagpur,Parashivani,Medium,0.0,0.0,
2016,Nagpur,Parashivani,Small,1008.0,665.0,
2016,Nagpur,Ramtech,Big,0.0,0.0,
2016,Nagpur,Ramtech,Medium,5000.0,443.0,
2016,Nagpur,Ramtech,Small,1904.0,435.0,
2016,Nagpur,Sawner,Big,0.0,0.0,
2016,Nagpur,Sawner,Medium,22401.0,9848.0,
2016,Nagpur,Sawner,Small,1706.0,1108.0,
2016,Nagpur,Umred,Big,18860.0,10053.0,
2016,Nagpur,Umred,Medium,9739.0,8647.0,
2016,Nagpur,Umred,Small,6654.0,5099.0,
2016,Nashik,Malegaon,Big,0.0,0.0,
2016,Nashik,Malegaon,Medium,0.0,0.0,
2016,Nashik,Malegaon,Small,3400.0,2719.0,
2016,Nashik,Baglan,Big,0.0,0.0,
2016,Nashik,Baglan,Medium,23534.0,16133.0,
2016,Nashik,Baglan,Small,2588.0,2018.0,
2016,Nashik,Chandwad,Big,715.0,500.0,
2016,Nashik,Chandwad,Medium,0.0,0.0,
2016,Nashik,Chandwad,Small,2655.0,5334.0,
2016,Nashik,Devala,Big,0.0,0.0,
2016,Nashik,Devala,Medium,0.0,0.0,
2016,Nashik,Devala,Small,1641.0,1313.0,
2016,Nashik,Dindori,Big,101983.0,71498.0,
2016,Nashik,Dindori,Medium,9034.0,6956.0,
2016,Nashik,Dindori,Small,4804.0,0.0,
2016,Nashik,Igatpuri,Big,113450.0,13661.0,
2016,Nashik,Igatpuri,Medium,0.0,0.0,
2016,Nashik,Igatpuri,Small,2044.0,0.0,
2016,Nashik,Kalwan,Big,53539.0,19413.0,
2016,Nashik,Kalwan,Medium,0.0,0.0,
2016,Nashik,Kalwan,Small,3346.0,2735.0,
2016,Nashik,Nandgaon,Big,106588.0,45847.0,
2016,Nashik,Nandgaon,Medium,7673.0,3834.0,
2016,Nashik,Nandgaon,Small,2497.0,1997.0,
2016,Nashik,Nashik,Big,30400.0,12638.0,
2016,Nashik,Nashik,Medium,12725.0,644.0,
2016,Nashik,Nashik,Small,2618.0,0.0,
2016,Nashik,Nifad,Big,0.0,0.0,
2016,Nashik,Nifad,Medium,0.0,0.0,
2016,Nashik,Nifad,Small,1422.0,1876.0,
2016,Nashik,Peth,Big,0.0,0.0,
2016,Nashik,Peth,Medium,0.0,0.0,
2016,Nashik,Peth,Small,3149.0,2587.0,
2016,Nashik,Sinner,Big,0.0,0.0,
2016,Nashik,Sinner,Medium,5260.0,1849.0,
2016,Nashik,Sinner,Small,3050.0,7371.0,
2016,Nashik,Surgana,Big,0.0,0.0,
2016,Nashik,Surgana,Medium,0.0,0.0,
2016,Nashik,Surgana,Small,649.0,415.0,
2016,Nashik,Trimbak,Big,0.0,0.0,
2016,Nashik,Trimbak,Medium,0.0,0.0,
2016,Nashik,Trimbak,Small,2605.0,465.0,
2016,Nashik,Yewala,Big,0.0,0.0,
2016,Nashik,Yewala,Medium,0.0,0.0,
2016,Nashik,Yewala,Small,953.0,4244.0,
2016,Raigad,Karjat,Big,0.0,0.0,
2016,Raigad,Karjat,Medium,3190.0,707.0,
2016,Raigad,Karjat,Small,1205.0,37.0,
2016,Raigad,Alibag,Big,0.0,0.0,
2016,Raigad,Alibag,Medium,1808.0,0.0,
2016,Raigad,Alibag,Small,194.0,0.0,
2016,Raigad,Khalapur,Big,0.0,0.0,
2016,Raigad,Khalapur,Medium,0.0,0.0,
2016,Raigad,Khalapur,Small,548.0,235.0,
2016,Raigad,Mahad,Big,0.0,0.0,
2016,Raigad,Mahad,Medium,0.0,0.0,
2016,Raigad,Mahad,Small,1563.0,1449.0,
2016,Raigad,Mangaon,Big,14274.0,1097.0,
2016,Raigad,Mangaon,Medium,0.0,0.0,
2016,Raigad,Mangaon,Small,395.0,288.0,
2016,Raigad,Mhasala,Big,0.0,0.0,
2016,Raigad,Mhasala,Medium,0.0,0.0,
2016,Raigad,Mhasala,Small,252.0,7.0,
2016,Raigad,Murud,Big,0.0,0.0,
2016,Raigad,Murud,Medium,0.0,0.0,
2016,Raigad,Murud,Small,744.0,526.0,
2016,Raigad,Panwel,Big,0.0,0.0,
2016,Raigad,Panwel,Medium,0.0,0.0,
2016,Raigad,Panwel,Small,255.0,76.0,
2016,Raigad,Pen,Big,0.0,0.0,
2016,Raigad,Pen,Medium,5457.0,186.0,
2016,Raigad,Pen,Small,472.0,259.0,
2016,Raigad,Poladpur,Big,0.0,0.0,
2016,Raigad,Poladpur,Medium,0.0,0.0,
2016,Raigad,Poladpur,Small,662.0,491.0,
2016,Raigad,Roha,Big,0.0,0.0,
2016,Raigad,Roha,Medium,277.0,83.0,
2016,Raigad,Roha,Small,529.0,127.0,
2016,Raigad,Shreevardhan,Big,0.0,0.0,
2016,Raigad,Shreevardhan,Medium,0.0,0.0,
2016,Raigad,Shreevardhan,Small,1241.0,446.0,
2016,Raigad,Sudhagad,Big,0.0,0.0,
2016,Raigad,Sudhagad,Medium,0.0,0.0,
2016,Raigad,Sudhagad,Small,942.0,271.0,
2016,Raigad,Tala,Big,0.0,0.0,
2016,Raigad,Tala,Medium,0.0,0.0,
2016,Raigad,Tala,Small,222.0,59.0,
2016,Raigad,Uran,Big,0.0,0.0,
2016,Raigad,Uran,Medium,0.0,0.0,
2016,Raigad,Uran,Small,105.0,0.0,
2016,Sangli,Aatpadi,Big,22240.0,4230.0,
2016,Sangli,Aatpadi,Medium,942.0,0.0,
2016,Sangli,Aatpadi,Small,14767.0,10357.0,
2016,Sangli,Jat,Big,22889.0,2382.0,
2016,Sangli,Jat,Medium,5174.0,1924.0,
2016,Sangli,Jat,Small,21080.0,12580.0,
2016,Sangli,Kadegaon,Big,27901.0,11339.0,
2016,Sangli,Kadegaon,Medium,0.0,0.0,
2016,Sangli,Kadegaon,Small,7517.0,5645.0,
2016,Sangli,Khanapur,Big,33151.0,4243.0,
2016,Sangli,Khanapur,Medium,0.0,0.0,
2016,Sangli,Khanapur,Small,8711.0,6555.0,
2016,Sangli,Ku. Mahakal,Big,27472.0,12516.0,
2016,Sangli,Ku. Mahakal,Medium,499.0,335.0,
2016,Sangli,Ku. Mahakal,Small,7448.0,5321.0,
2016,Sangli,Miraj,Big,31454.0,22674.0,
2016,Sangli,Miraj,Medium,0.0,0.0,
2016,Sangli,Miraj,Small,15332.0,23680.0,
2016,Sangli,Palus,Big,3029.0,1410.0,
2016,Sangli,Palus,Medium,3675.0,2325.0,
2016,Sangli,Palus,Small,16764.0,25917.0,
2016,Sangli,Shirala,Big,0.0,0.0,
2016,Sangli,Shirala,Medium,2566.0,1536.0,
2016,Sangli,Shirala,Small,3763.0,2699.0,
2016,Sangli,Tasgaon,Big,38887.0,14968.0,
2016,Sangli,Tasgaon,Medium,4692.0,1092.0,
2016,Sangli,Tasgaon,Small,7504.0,9334.0,
2016,Sangli,Valava,Big,129.0,82.0,
2016,Sangli,Valava,Medium,2440.0,1548.0,
2016,Sangli,Valava,Small,31091.0,37132.0,
2016,Satara,Faltan,Big,58970.0,27759.0,
2016,Satara,Faltan,Medium,0.0,0.0,
2016,Satara,Faltan,Small,1744.0,1052.0,
2016,Satara,Javali,Big,2200.0,2200.0,
2016,Satara,Javali,Medium,8523.0,0.0,
2016,Satara,Javali,Small,0.0,0.0,
2016,Satara,Karad,Big,47149.0,42163.0,
2016,Satara,Karad,Medium,20871.0,4902.0,
2016,Satara,Karad,Small,6250.0,7966.0,
2016,Satara,Khandala,Big,23129.0,6984.0,
2016,Satara,Khandala,Medium,0.0,0.0,
2016,Satara,Khandala,Small,370.0,79.0,
2016,Satara,Khatav,Big,35002.0,7811.0,
2016,Satara,Khatav,Medium,6673.0,4109.0,
2016,Satara,Khatav,Small,1365.0,0.0,
2016,Satara,Koregaon,Big,20999.0,20919.0,
2016,Satara,Koregaon,Medium,11932.0,0.0,
2016,Satara,Koregaon,Small,2045.0,411.0,
2016,Satara,Mahableshwar,Big,0.0,0.0,
2016,Satara,Mahableshwar,Medium,0.0,0.0,
2016,Satara,Mahableshwar,Small,0.0,0.0,
2016,Satara,Man,Big,39102.0,0.0,
2016,Satara,Man,Medium,6640.0,1103.0,
2016,Satara,Man,Small,1673.0,509.0,
2016,Satara,Patan,Big,25787.0,15138.0,
2016,Satara,Patan,Medium,10536.0,795.0,
2016,Satara,Patan,Small,12925.0,7920.0,
2016,Satara,Satara,Big,30530.0,20392.0,
2016,Satara,Satara,Medium,0.0,0.0,
2016,Satara,Satara,Small,5107.0,3438.0,
2016,Satara,Vai,Big,7809.0,7809.0,
2016,Satara,Vai,Medium,8202.0,224.0,
2016,Satara,Vai,Small,346.0,0.0,
2016,Sindhudurg,Devgad,Big,0.0,0.0,
2016,Sindhudurg,Devgad,Medium,0.0,0.0,
2016,Sindhudurg,Devgad,Small,1219.0,257.0,
2016,Sindhudurg,Dodamarg,Big,6676.0,807.0,
2016,Sindhudurg,Dodamarg,Medium,0.0,0.0,
2016,Sindhudurg,Dodamarg,Small,407.0,100.0,
2016,Sindhudurg,Kankavali,Big,0.0,0.0,
2016,Sindhudurg,Kankavali,Medium,12631.0,257.44,
2016,Sindhudurg,Kankavali,Small,5431.0,471.0,
2016,Sindhudurg,Kudal,Big,17000.0,0.0,
2016,Sindhudurg,Kudal,Medium,909.0,0.0,
2016,Sindhudurg,Kudal,Small,3921.0,443.0,
2016,Sindhudurg,Malvan,Big,0.0,0.0,
2016,Sindhudurg,Malvan,Medium,1984.0,0.0,
2016,Sindhudurg,Malvan,Small,2805.0,432.0,
2016,Sindhudurg,Sawantwadi,Big,0.0,0.0,
2016,Sindhudurg,Sawantwadi,Medium,7464.0,0.0,
2016,Sindhudurg,Sawantwadi,Small,4496.0,263.0,
2016,Sindhudurg,Vaibhavwadi,Big,0.0,0.0,
2016,Sindhudurg,Vaibhavwadi,Medium,7185.0,0.0,
2016,Sindhudurg,Vaibhavwadi,Small,3077.0,137.0,
2016,Sindhudurg,Vengurla,Big,0.0,0.0,
2016,Sindhudurg,Vengurla,Medium,1600.0,0.0,
2016,Sindhudurg,Vengurla,Small,1006.0,225.0,
2016,Thane,Ambarnath,Big,0.0,0.0,
2016,Thane,Ambarnath,Medium,0.0,0.0,
2016,Thane,Ambarnath,Small,346.0,0.0,
2016,Thane,Bhivandi,Big,4576.0,609.51,
2016,Thane,Bhivandi,Medium,0.0,0.0,
2016,Thane,Bhivandi,Small,1553.0,81.0,
2016,Thane,Kalyan,Big,0.0,0.0,
2016,Thane,Kalyan,Medium,0.0,0.0,
2016,Thane,Kalyan,Small,900.0,65.0,
2016,Thane,Murbad,Big,0.0,0.0,
2016,Thane,Murbad,Medium,0.0,0.0,
2016,Thane,Murbad,Small,3812.0,633.0,
2016,Thane,Shahapur,Big,2890.0,1499.49,
2016,Thane,Shahapur,Medium,0.0,0.0,
2016,Thane,Shahapur,Small,3082.0,1196.0,
2016,Thane,Thane,Big,0.0,0.0,
2016,Thane,Thane,Medium,0.0,0.0,
2016,Thane,Thane,Small,0.0,0.0,
2016,Thane,Ulhasnagar,Big,0.0,0.0,
2016,Thane,Ulhasnagar,Medium,0.0,0.0,
2016,Thane,Ulhasnagar,Small,0.0,0.0,
2016,Wardha,Karanja,Big,0.0,0.0,
2016,Wardha,Karanja,Medium,10364.0,5395.0,
2016,Wardha,Karanja,Small,445.0,324.0,
2016,Wardha,Aarvi,Big,0.0,0.0,
2016,Wardha,Aarvi,Medium,20960.0,7563.0,
2016,Wardha,Aarvi,Small,7009.0,4215.0,
2016,Wardha,Ashti,Big,0.0,0.0,
2016,Wardha,Ashti,Medium,0.0,0.0,
2016,Wardha,Ashti,Small,579.0,364.0,
2016,Wardha,Hinganghat,Big,35940.0,0.0,
2016,Wardha,Hinganghat,Medium,0.0,0.0,
2016,Wardha,Hinganghat,Small,0.0,0.0,
2016,Wardha,Samudrapur,Big,0.0,0.0,
2016,Wardha,Samudrapur,Medium,13423.0,4297.0,
2016,Wardha,Samudrapur,Small,0.0,0.0,
2016,Wardha,Selu,Big,35584.0,9228.0,
2016,Wardha,Selu,Medium,4854.0,1971.0,
2016,Wardha,Selu,Small,1138.0,792.0,
2016,Wardha,Wardha,Big,0.0,0.0,
2016,Wardha,Wardha,Medium,0.0,0.0,
2016,Wardha,Wardha,Small,505.0,307.0,
2016,Wardha,Devali,Big,0.0,0.0,
2016,Wardha,Devali,Medium,0.0,0.0,
2016,Wardha,Devali,Small,0.0,0.0,
2016,Yavatmal,Kalamb,Big,0.0,0.0,
2016,Yavatmal,Kalamb,Medium,0.0,0.0,
2016,Yavatmal,Kalamb,Small,5550.0,8.0,
2016,Yavatmal,Aarni,Big,0.0,0.0,
2016,Yavatmal,Aarni,Medium,0.0,0.0,
2016,Yavatmal,Aarni,Small,2171.0,759.0,
2016,Yavatmal,Babhulgaon,Big,67813.0,6800.0,
2016,Yavatmal,Babhulgaon,Medium,7855.0,0.0,
2016,Yavatmal,Babhulgaon,Small,4536.0,1175.0,
2016,Yavatmal,Darvha,Big,0.0,0.0,
2016,Yavatmal,Darvha,Medium,147366.0,10107.0,
2016,Yavatmal,Darvha,Small,13734.0,2834.0,
2016,Yavatmal,Digras,Big,30170.0,17828.0,
2016,Yavatmal,Digras,Medium,0.0,0.0,
2016,Yavatmal,Digras,Small,1150.0,1150.0,
2016,Yavatmal,Ghantaji,Big,218129.0,0.0,
2016,Yavatmal,Ghantaji,Medium,0.0,0.0,
2016,Yavatmal,Ghantaji,Small,9767.0,706.0,
2016,Yavatmal,Kelapur,Big,0.0,0.0,
2016,Yavatmal,Kelapur,Medium,4868.0,2954.0,
2016,Yavatmal,Kelapur,Small,5438.0,2222.0,
2016,Yavatmal,Mahagaon,Big,0.0,0.0,
2016,Yavatmal,Mahagaon,Medium,10880.0,6252.0,
2016,Yavatmal,Mahagaon,Small,4485.0,1543.0,
2016,Yavatmal,Maregaon,Big,0.0,0.0,
2016,Yavatmal,Maregaon,Medium,3216.0,1017.0,
2016,Yavatmal,Maregaon,Small,2898.0,278.0,
2016,Yavatmal,Ner,Big,0.0,0.0,
2016,Yavatmal,Ner,Medium,0.0,0.0,
2016,Yavatmal,Ner,Small,8286.0,4566.0,
2016,Yavatmal,Pusad,Big,43114.0,19611.0,
2016,Yavatmal,Pusad,Medium,0.0,0.0,
2016,Yavatmal,Pusad,Small,9545.0,354.0,
2016,Yavatmal,Ralegaon,Big,0.0,0.0,
2016,Yavatmal,Ralegaon,Medium,0.0,0.0,
2016,Yavatmal,Ralegaon,Small,9813.0,2231.0,
2016,Yavatmal,Umarkhed,Big,0.0,0.0,
2016,Yavatmal,Umarkhed,Medium,0.0,0.0,
2016,Yavatmal,Umarkhed,Small,5297.0,305.0,
2016,Yavatmal,Vani,Big,0.0,0.0,
2016,Yavatmal,Vani,Medium,0.0,0.0,
2016,Yavatmal,Vani,Small,829.0,279.0,
2016,Yavatmal,Yavatmal,Big,0.0,0.0,
2016,Yavatmal,Yavatmal,Medium,14276.0,7836.0,
2016,Yavatmal,Yavatmal,Small,16750.0,1428.0,
2016,Yavatmal,Zari Jamani,Big,0.0,0.0,
2016,Yavatmal,Zari Jamani,Medium,0.0,0.0,
2016,Yavatmal,Zari Jamani,Small,5765.0,3413.0,
2016,Beed,Ashti,Big,0.0,0.0,
2016,Beed,Ashti,Medium,9848.0,3243.0,
2016,Beed,Ashti,Small,13689.0,13689.0,
2016,Beed,Ambajogai,Big,3734.0,3734.0,
2016,Beed,Ambajogai,Medium,0.0,0.0,
2016,Beed,Ambajogai,Small,1607.0,1607.0,
2016,Beed,Beed,Big,0.0,0.0,
2016,Beed,Beed,Medium,1288.0,133.0,
2016,Beed,Beed,Small,15621.0,15621.0,
2016,Beed,Cage,Big,1223.0,121.0,
2016,Beed,Cage,Medium,769.0,0.0,
2016,Beed,Cage,Small,2402.0,2402.0,
2016,Beed,Dharur,Big,0.0,0.0,
2016,Beed,Dharur,Medium,1230.0,354.0,
2016,Beed,Dharur,Small,992.0,992.0,
2016,Beed,Gevrai,Big,42734.0,13740.0,
2016,Beed,Gevrai,Medium,0.0,0.0,
2016,Beed,Gevrai,Small,3905.0,3905.0,
2016,Beed,Majalgaon,Big,20172.0,6245.0,
2016,Beed,Majalgaon,Medium,0.0,0.0,
2016,Beed,Majalgaon,Small,846.0,846.0,
2016,Beed,Parli,Big,9232.0,5062.0,
2016,Beed,Parli,Medium,12285.0,12285.0,
2016,Beed,Parli,Small,1431.0,1431.0,
2016,Beed,Patoda,Big,0.0,0.0,
2016,Beed,Patoda,Medium,3036.0,526.0,
2016,Beed,Patoda,Small,14403.0,14403.0,
2016,Beed,Shirur Kasar,Big,0.0,0.0,
2016,Beed,Shirur Kasar,Medium,1782.0,1431.0,
2016,Beed,Shirur Kasar,Small,7621.0,7621.0,
2016,Beed,Wadwani,Big,0.0,0.0,
2016,Beed,Wadwani,Medium,1797.0,1388.0,
2016,Beed,Wadwani,Small,1090.0,1090.0,
2016,Buldhana,Buldhana,Big,0.0,0.0,
2016,Buldhana,Buldhana,Medium,0.0,0.0,
2016,Buldhana,Buldhana,Small,4296.0,3010.0,
2016,Buldhana,Chikhali,Big,18276.0,0.0,
2016,Buldhana,Chikhali,Medium,0.0,0.0,
2016,Buldhana,Chikhali,Small,4092.0,2927.0,
2016,Buldhana,Deulgaon Raja,Big,16893.0,7827.0,
2016,Buldhana,Deulgaon Raja,Medium,0.0,0.0,
2016,Buldhana,Deulgaon Raja,Small,2864.0,356.0,
2016,Buldhana,Jalgaon Jamod,Big,16758.0,0.0,
2016,Buldhana,Jalgaon Jamod,Medium,0.0,0.0,
2016,Buldhana,Jalgaon Jamod,Small,1348.0,34.0,
2016,Buldhana,Khamgaon,Big,24923.0,0.0,
2016,Buldhana,Khamgaon,Medium,9913.0,4239.0,
2016,Buldhana,Khamgaon,Small,6122.0,791.0,
2016,Buldhana,Lonar,Big,0.0,0.0,
2016,Buldhana,Lonar,Medium,1721.0,1601.0,
2016,Buldhana,Lonar,Small,5196.0,2702.0,
2016,Buldhana,Malkapur,Big,10021.0,1700.0,
2016,Buldhana,Malkapur,Medium,0.0,0.0,
2016,Buldhana,Malkapur,Small,176.0,62.0,
2016,Buldhana,Mehkar,Big,13292.0,0.0,
2016,Buldhana,Mehkar,Medium,1439.0,1650.0,
2016,Buldhana,Mehkar,Small,3601.0,2067.0,
2016,Buldhana,Motala,Big,1700.0,424.0,
2016,Buldhana,Motala,Medium,2415.0,850.0,
2016,Buldhana,Motala,Small,3721.0,780.0,
2016,Buldhana,Nandura,Big,37201.0,300.0,
2016,Buldhana,Nandura,Medium,180.0,1180.0,
2016,Buldhana,Nandura,Small,509.0,90.0,
2016,Buldhana,Sangrampur,Big,11250.0,0.0,
2016,Buldhana,Sangrampur,Medium,0.0,0.0,
2016,Buldhana,Sangrampur,Small,4642.0,0.0,
2016,Buldhana,Shegaon,Big,37573.0,0.0,
2016,Buldhana,Shegaon,Medium,6347.0,300.0,
2016,Buldhana,Shegaon,Small,990.0,0.0,
2016,Buldhana,Sindkhed Raja,Big,3681.0,0.0,
2016,Buldhana,Sindkhed Raja,Medium,0.0,0.0,
2016,Buldhana,Sindkhed Raja,Small,5168.0,3156.0,
2016,Parbhani,Selu,Big,14444.0,8262.0,
2016,Parbhani,Selu,Medium,0.0,0.0,
2016,Parbhani,Selu,Small,100.0,25.0,
2016,Parbhani,Gangakhed,Big,6471.0,285.0,
2016,Parbhani,Gangakhed,Medium,3923.0,1474.0,
2016,Parbhani,Gangakhed,Small,6256.0,3007.0,
2016,Parbhani,Jintur,Big,5154.0,0.0,
2016,Parbhani,Jintur,Medium,2141.0,1639.0,
2016,Parbhani,Jintur,Small,6646.0,2006.0,
2016,Parbhani,Manvat,Big,13702.0,451.0,
2016,Parbhani,Manvat,Medium,0.0,0.0,
2016,Parbhani,Manvat,Small,470.0,0.0,
2016,Parbhani,Palam,Big,0.0,0.0,
2016,Parbhani,Palam,Medium,1800.0,500.0,
2016,Parbhani,Palam,Small,2304.0,1210.0,
2016,Parbhani,Parbhani,Big,42584.0,3645.0,
2016,Parbhani,Parbhani,Medium,1136.0,534.0,
2016,Parbhani,Parbhani,Small,446.0,0.0,
2016,Parbhani,Pathari,Big,28837.0,3095.0,
2016,Parbhani,Pathari,Medium,892.0,200.0,
2016,Parbhani,Pathari,Small,2538.0,680.0,
2016,Parbhani,Purna,Big,17428.0,4395.0,
2016,Parbhani,Purna,Medium,1818.0,506.0,
2016,Parbhani,Purna,Small,3119.0,0.0,
2016,Parbhani,Sonpeth,Big,0.0,0.0,
2016,Parbhani,Sonpeth,Medium,882.0,219.0,
2016,Parbhani,Sonpeth,Small,1007.0,0.0,
2016,Nanded,Andhrapur,Small,500.0,428.0,
2016,Nanded,Bhokar,Medium,405.0,353.0,
2016,Nanded,Bhokar,Small,3573.0,2263.0,
2016,Nanded,Biloli,Medium,0.0,,
2016,Nanded,Biloli,Small,2250.0,925.0,
2016,Nanded,Deglur,Medium,1781.0,1165.0,
2016,Nanded,Deglur,Small,4685.0,2684.0,
2016,Nanded,Dharmabad,Medium,9995.0,1799.0,
2016,Nanded,Dharmabad,Small,471.0,305.0,
2016,Nanded,Hadgaon,Small,7379.0,1473.0,
2016,Nanded,Himalay Nagar,Small,3019.0,690.0,
2016,Nanded,Kandhar,Big,23310.0,14223.0,
2016,Nanded,Kandhar,Medium,2290.0,1325.0,
2016,Nanded,Kandhar,Small,4587.0,3591.0,
2016,Nanded,Kinvat,Big,1090.0,,
2016,Nanded,Kinvat,Medium,5183.0,2457.0,
2016,Nanded,Kinvat,Small,8977.0,4018.0,
2016,Nanded,Loha,Medium,9900.0,4255.0,
2016,Nanded,Loha,Small,4154.0,2593.0,
2016,Nanded,Mahur,Small,2134.0,745.0,
2016,Nanded,Mudkhed,Big,1116.0,2625.0,
2016,Nanded,Mudkhed,Medium,0.0,,
2016,Nanded,Mudkhed,Small,1239.0,753.0,
2016,Nanded,Mukhed,Big,32410.0,,
2016,Nanded,Mukhed,Medium,1012.0,1996.0,
2016,Nanded,Mukhed,Small,7831.0,6261.0,
2016,Nanded,Nanded,Big,66065.0,15411.0,
2016,Nanded,Nanded,Medium,0.0,,
2016,Nanded,Nanded,Small,1210.0,1070.0,
2016,Nanded,Naygaon,Medium,0.0,,
2016,Nanded,Naygaon,Small,1923.0,1422.0,
2016,Nanded,Umari,Medium,1600.0,,
2016,Nanded,Umari,Small,2212.0,1250.0,
2016,Palghar,Dahanu,Big,6141.0,4047.32,
2016,Palghar,Dahanu,Medium,0.0,0.0,
2016,Palghar,Dahanu,Small,323.0,99.48,
2016,Palghar,Javhar,Big,0.0,0.0,
2016,Palghar,Javhar,Medium,0.0,0.0,
2016,Palghar,Javhar,Small,150.0,0.0,
2016,Palghar,Mokhada,Big,0.0,0.0,
2016,Palghar,Mokhada,Medium,0.0,0.0,
2016,Palghar,Mokhada,Small,144.0,0.0,
2016,Palghar,Palghar,Big,8525.0,6087.27,
2016,Palghar,Palghar,Medium,4088.0,3022.38,
2016,Palghar,Palghar,Small,1037.0,270.99,
2016,Palghar,Talasari,Big,0.0,0.0,
2016,Palghar,Talasari,Medium,0.0,0.0,
2016,Palghar,Talasari,Small,0.0,0.0,
2016,Palghar,Vasai,Big,0.0,0.0,
2016,Palghar,Vasai,Medium,0.0,0.0,
2016,Palghar,Vasai,Small,0.0,0.0,
2016,Palghar,Vikramgad,Big,30.0,59.62,
2016,Palghar,Vikramgad,Medium,0.0,0.0,
2016,Palghar,Vikramgad,Small,578.0,139.5,
2016,Palghar,Wada,Big,0.0,0.0,
2016,Palghar,Wada,Medium,0.0,0.0,
2016,Palghar,Wada,Small,299.0,0.0,
2017,Nandurbar,Akkalkuva,Big,0.0,0.0,
2017,Nandurbar,Akkalkuva,Medium,4857.0,3165.0,
2017,Nandurbar,Akkalkuva,Small,1188.0,0.0,
2017,Nandurbar,Akrani,Big,0.0,0.0,
2017,Nandurbar,Akrani,Medium,0.0,0.0,
2017,Nandurbar,Akrani,Small,0.0,0.0,
2017,Nandurbar,Nandurbar,Big,0.0,0.0,
2017,Nandurbar,Nandurbar,Medium,5395.0,3395.0,
2017,Nandurbar,Nandurbar,Small,5393.0,68.0,
2017,Nandurbar,Navapur,Big,0.0,0.0,
2017,Nandurbar,Navapur,Medium,15210.0,8233.0,
2017,Nandurbar,Navapur,Small,8057.0,40.0,
2017,Nandurbar,Shahada,Big,0.0,0.0,
2017,Nandurbar,Shahada,Medium,25535.0,19923.0,
2017,Nandurbar,Shahada,Small,2098.0,78.0,
2017,Nandurbar,Taloda,Big,0.0,0.0,
2017,Nandurbar,Taloda,Medium,0.0,0.0,
2017,Nandurbar,Taloda,Small,1807.0,0.0,
2017,Ratnagiri,Chiplun,Big,0.0,0.0,
2017,Ratnagiri,Chiplun,Medium,0.0,0.0,
2017,Ratnagiri,Chiplun,Small,2104.0,1514.0,
2017,Ratnagiri,Dapoli,Big,0.0,0.0,
2017,Ratnagiri,Dapoli,Medium,0.0,0.0,
2017,Ratnagiri,Dapoli,Small,3328.0,1491.0,
2017,Ratnagiri,Guhagar,Big,0.0,0.0,
2017,Ratnagiri,Guhagar,Medium,0.0,0.0,
2017,Ratnagiri,Guhagar,Small,315.0,207.0,
2017,Ratnagiri,Khed,Big,0.0,0.0,
2017,Ratnagiri,Khed,Medium,2050.0,205.0,
2017,Ratnagiri,Khed,Small,5792.0,2443.0,
2017,Ratnagiri,Lanja,Big,0.0,0.0,
2017,Ratnagiri,Lanja,Medium,0.0,0.0,
2017,Ratnagiri,Lanja,Small,723.0,620.0,
2017,Ratnagiri,Mandangad,Big,0.0,0.0,
2017,Ratnagiri,Mandangad,Medium,0.0,0.0,
2017,Ratnagiri,Mandangad,Small,1582.0,840.0,
2017,Ratnagiri,Rajapur,Big,0.0,0.0,
2017,Ratnagiri,Rajapur,Medium,12107.0,247.0,
2017,Ratnagiri,Rajapur,Small,1270.0,823.0,
2017,Ratnagiri,Ratnagiri,Big,0.0,0.0,
2017,Ratnagiri,Ratnagiri,Medium,0.0,0.0,
2017,Ratnagiri,Ratnagiri,Small,0.0,0.0,
2017,Ratnagiri,Sangameshwar,Big,0.0,0.0,
2017,Ratnagiri,Sangameshwar,Medium,4296.0,2.0,
2017,Ratnagiri,Sangameshwar,Small,4451.0,1558.0,
2017,Washim,Karanja,Small,5410.0,408.6,
2017,Washim,Malegaon,Medium,3156.0,131.0,
2017,Washim,Malegaon,Small,5742.0,964.0,
2017,Washim,Mangrulpir,Small,6557.0,477.5,
2017,Washim,Manora,Small,6986.0,806.0,
2017,Washim,Resod,Small,5416.0,1122.0,
2017,Washim,Washim,Medium,2429.0,,
2017,Washim,Washim,Small,14582.0,3266.0,
2017,Pune,Khed,Big,67280.0,64920.0,
2017,Pune,Khed,Medium,2923.0,66.0,
2017,Pune,Khed,Small,16963.0,11563.0,
2017,Pune,Aambegaon,Big,15418.0,7064.0,
2017,Pune,Aambegaon,Medium,0.0,0.0,
2017,Pune,Aambegaon,Small,11899.0,19744.0,
2017,Pune,Baramati,Big,44748.0,65712.0,
2017,Pune,Baramati,Medium,3834.0,602.0,
2017,Pune,Baramati,Small,14837.0,8271.0,
2017,Pune,Bhor,Big,3295.0,4611.0,
2017,Pune,Bhor,Medium,0.0,0.0,
2017,Pune,Bhor,Small,7791.0,6141.0,
2017,Pune,Daund,Big,37839.0,61300.0,
2017,Pune,Daund,Medium,0.0,0.0,
2017,Pune,Daund,Small,6807.0,18831.0,
2017,Pune,Haveli,Big,7583.0,10997.0,
2017,Pune,Haveli,Medium,1360.0,0.0,
2017,Pune,Haveli,Small,7742.0,1976.0,
2017,Pune,Indapur,Big,50196.0,49991.0,
2017,Pune,Indapur,Medium,1920.0,7471.0,
2017,Pune,Indapur,Small,8409.0,4961.0,
2017,Pune,Junnar,Big,27115.0,20641.0,
2017,Pune,Junnar,Medium,8318.0,6372.0,
2017,Pune,Junnar,Small,12661.0,14104.0,
2017,Pune,Maval,Big,5304.0,5238.0,
2017,Pune,Maval,Medium,9813.0,15838.0,
2017,Pune,Maval,Small,6079.0,3090.0,
2017,Pune,Mulashi,Big,0.0,0.0,
2017,Pune,Mulashi,Medium,8520.0,4590.0,
2017,Pune,Mulashi,Small,12159.0,7808.0,
2017,Pune,Pune City,Big,0.0,0.0,
2017,Pune,Pune City,Medium,0.0,0.0,
2017,Pune,Pune City,Small,0.0,0.0,
2017,Pune,Purandar,Big,35608.0,31419.0,
2017,Pune,Purandar,Medium,2556.0,320.0,
2017,Pune,Purandar,Small,8769.0,8920.0,
2017,Pune,Shirur,Big,20027.0,11448.0,
2017,Pune,Shirur,Medium,0.0,0.0,
2017,Pune,Shirur,Small,18297.0,23007.0,
2017,Pune,Welhe,Big,0.0,0.0,
2017,Pune,Welhe,Medium,0.0,0.0,
2017,Pune,Welhe,Small,2275.0,2211.0,
2017,Ahilyanagar,Akole,Big,0.0,7123.0,
2017,Ahilyanagar,Akole,Medium,2178.0,2778.0,
2017,Ahilyanagar,Akole,Small,17461.0,5028.0,
2017,Ahilyanagar,Jamkhed,Big,0.0,0.0,
2017,Ahilyanagar,Jamkhed,Medium,2844.0,1242.0,
2017,Ahilyanagar,Jamkhed,Small,0.0,0.0,
2017,Ahilyanagar,Karjat,Big,0.0,0.0,
2017,Ahilyanagar,Karjat,Medium,14040.0,3573.0,
2017,Ahilyanagar,Karjat,Small,0.0,0.0,
2017,Ahilyanagar,Kopargaon,Medium,0.0,0.0,
2017,Ahilyanagar,Kopargaon,Small,0.0,0.0,
2017,Ahilyanagar,Nagar,Big,3089.0,0.0,
2017,Ahilyanagar,Nagar,Medium,0.0,0.0,
2017,Ahilyanagar,Nagar,Small,331.0,0.0,
2017,Ahilyanagar,Nevasa,Big,84304.0,67930.0,
2017,Ahilyanagar,Nevasa,Medium,0.0,0.0,
2017,Ahilyanagar,Nevasa,Small,3481.0,3513.0,
2017,Ahilyanagar,Parner,Big,13849.0,16624.0,
2017,Ahilyanagar,Parner,Medium,2266.0,1474.0,
2017,Ahilyanagar,Parner,Small,7153.0,5914.0,
2017,Ahilyanagar,Pathardi,Big,22315.0,7439.0,
2017,Ahilyanagar,Pathardi,Medium,1548.0,1140.0,
2017,Ahilyanagar,Pathardi,Small,1292.0,685.0,
2017,Ahilyanagar,Rahata,Big,1785.0,5022.0,
2017,Ahilyanagar,Rahata,Medium,0.0,0.0,
2017,Ahilyanagar,Rahata,Small,0.0,0.0,
2017,Ahilyanagar,Rahuri,Big,37940.0,41053.0,
2017,Ahilyanagar,Rahuri,Medium,0.0,0.0,
2017,Ahilyanagar,Rahuri,Small,3730.0,1054.0,
2017,Ahilyanagar,Sangamner,Big,4564.0,10388.0,
2017,Ahilyanagar,Sangamner,Medium,1491.0,1062.0,
2017,Ahilyanagar,Sangamner,Small,5406.0,2010.0,
2017,Ahilyanagar,Shevgaon,Big,22372.0,27109.0,
2017,Ahilyanagar,Shevgaon,Medium,0.0,0.0,
2017,Ahilyanagar,Shevgaon,Small,809.0,247.0,
2017,Ahilyanagar,Srigonda,Big,44538.0,29936.0,
2017,Ahilyanagar,Srigonda,Medium,8260.0,6072.0,
2017,Ahilyanagar,Srigonda,Small,0.0,0.0,
2017,Ahilyanagar,Srirampur,Big,8094.0,5938.0,
2017,Ahilyanagar,Srirampur,Medium,0.0,0.0,
2017,Ahilyanagar,Srirampur,Small,6343.0,2463.0,
2017,Akola,Akola,Big,0.0,0.0,
2017,Akola,Akola,Medium,0.0,0.0,
2017,Akola,Akola,Small,451.0,0.0,
2017,Akola,Akot,Big,0.0,0.0,
2017,Akola,Akot,Medium,0.0,0.0,
2017,Akola,Akot,Small,1861.0,1704.0,
2017,Akola,Balapur,Big,0.0,0.0,
2017,Akola,Balapur,Medium,0.0,0.0,
2017,Akola,Balapur,Small,303.0,21.0,
2017,Akola,Barshitakali,Big,13996.0,5058.0,
2017,Akola,Barshitakali,Medium,0.0,0.0,
2017,Akola,Barshitakali,Small,2570.0,29.0,
2017,Akola,Murtijapur,Big,0.0,0.0,
2017,Akola,Murtijapur,Medium,3168.0,173.0,
2017,Akola,Murtijapur,Small,1872.0,716.0,
2017,Akola,Patur,Big,0.0,0.0,
2017,Akola,Patur,Medium,16316.0,2201.0,
2017,Akola,Patur,Small,2186.0,95.0,
2017,Akola,Telhara,Big,22525.0,5811.0,
2017,Akola,Telhara,Medium,0.0,0.0,
2017,Akola,Telhara,Small,112.0,0.0,
2017,Amravati,Achalpur,Big,0.0,0.0,
2017,Amravati,Achalpur,Medium,28560.0,19199.0,
2017,Amravati,Achalpur,Small,3072.0,1661.0,
2017,Amravati,Amravati,Big,0.0,0.0,
2017,Amravati,Amravati,Medium,0.0,0.0,
2017,Amravati,Amravati,Small,2729.0,2188.0,
2017,Amravati,Anjangaon Su,Big,0.0,0.0,
2017,Amravati,Anjangaon Su,Medium,0.0,0.0,
2017,Amravati,Anjangaon Su,Small,645.0,465.0,
2017,Amravati,Bhatkuli,Big,0.0,0.0,
2017,Amravati,Bhatkuli,Medium,0.0,0.0,
2017,Amravati,Bhatkuli,Small,65.0,65.0,
2017,Amravati,Chandur Railway,Big,3288.0,2964.0,
2017,Amravati,Chandur Railway,Medium,0.0,0.0,
2017,Amravati,Chandur Railway,Small,7329.0,4139.0,
2017,Amravati,Chandurbazar,Big,0.0,0.0,
2017,Amravati,Chandurbazar,Medium,963.0,6275.0,
2017,Amravati,Chandurbazar,Small,2737.0,1900.0,
2017,Amravati,Chikhraldara,Big,0.0,0.0,
2017,Amravati,Chikhraldara,Medium,0.0,0.0,
2017,Amravati,Chikhraldara,Small,1026.0,1026.0,
2017,Amravati,Daryapur,Big,0.0,0.0,
2017,Amravati,Daryapur,Medium,0.0,0.0,
2017,Amravati,Daryapur,Small,438.0,438.0,
2017,Amravati,Dhamangaon Re,Big,43365.0,39086.0,
2017,Amravati,Dhamangaon Re,Medium,0.0,0.0,
2017,Amravati,Dhamangaon Re,Small,48.0,48.0,
2017,Amravati,Dharani,Big,0.0,0.0,
2017,Amravati,Dharani,Medium,0.0,0.0,
2017,Amravati,Dharani,Small,9218.0,6051.0,
2017,Amravati,Morshi,Big,2872.0,2589.0,
2017,Amravati,Morshi,Medium,0.0,0.0,
2017,Amravati,Morshi,Small,2811.0,1907.0,
2017,Amravati,Nandgaon Kh,Big,0.0,0.0,
2017,Amravati,Nandgaon Kh,Medium,0.0,0.0,
2017,Amravati,Nandgaon Kh,Small,3024.0,1991.0,
2017,Amravati,Tivas,Big,14671.0,13223.0,
2017,Amravati,Tivas,Medium,0.0,0.0,
2017,Amravati,Tivas,Small,2709.0,2034.0,
2017,Amravati,Warud,Big,0.0,0.0,
2017,Amravati,Warud,Medium,0.0,0.0,
2017,Amravati,Warud,Small,7766.0,5070.0,
2017,Bhandara,Bhandara,Big,1693.0,560.0,
2017,Bhandara,Bhandara,Small,3658.0,1999.0,
2017,Bhandara,Lakhandur,Big,23227.0,,
2017,Bhandara,Lakhandur,Small,1916.0,1467.0,
2017,Bhandara,Lakhani,Big,16440.0,,
2017,Bhandara,Lakhani,Small,3242.0,2097.0,
2017,Bhandara,Mohadi,Big,12548.0,5920.0,
2017,Bhandara,Mohadi,Medium,3555.0,1694.0,
2017,Bhandara,Mohadi,Small,2146.0,1711.0,
2017,Bhandara,Pavani,Big,31631.0,47557.0,
2017,Bhandara,Pavani,Small,1276.0,1074.0,
2017,Bhandara,Sakoli,Small,8377.0,4811.0,
2017,Bhandara,Tumsar,Big,13944.0,8902.0,
2017,Bhandara,Tumsar,Medium,17634.0,10763.0,
2017,Bhandara,Tumsar,Small,13716.0,1497.0,
2017,Chandrapur,Ballarpur,Big,0.0,0.0,
2017,Chandrapur,Ballarpur,Medium,0.0,0.0,
2017,Chandrapur,Ballarpur,Small,2315.0,590.0,
2017,Chandrapur,Bhadravati,Big,0.0,0.0,
2017,Chandrapur,Bhadravati,Medium,0.0,0.0,
2017,Chandrapur,Bhadravati,Small,618.0,118.0,
2017,Chandrapur,Bramhapuri,Big,0.0,0.0,
2017,Chandrapur,Bramhapuri,Medium,0.0,0.0,
2017,Chandrapur,Bramhapuri,Small,1662.0,1129.0,
2017,Chandrapur,Chandrapur,Big,0.0,0.0,
2017,Chandrapur,Chandrapur,Medium,0.0,0.0,
2017,Chandrapur,Chandrapur,Small,948.0,122.0,
2017,Chandrapur,Chimur,Big,0.0,0.0,
2017,Chandrapur,Chimur,Medium,0.0,0.0,
2017,Chandrapur,Chimur,Small,3282.0,2639.0,
2017,Chandrapur,Gondpipari,Big,0.0,0.0,
2017,Chandrapur,Gondpipari,Medium,0.0,0.0,
2017,Chandrapur,Gondpipari,Small,1395.0,351.0,
2017,Chandrapur,Jivati,Big,0.0,0.0,
2017,Chandrapur,Jivati,Medium,0.0,0.0,
2017,Chandrapur,Jivati,Small,0.0,0.0,
2017,Chandrapur,Korpana,Big,0.0,0.0,
2017,Chandrapur,Korpana,Medium,10865.0,50.0,
2017,Chandrapur,Korpana,Small,0.0,0.0,
2017,Chandrapur,Mul,Big,0.0,0.0,
2017,Chandrapur,Mul,Medium,0.0,0.0,
2017,Chandrapur,Mul,Small,5862.0,1990.0,
2017,Chandrapur,Nagbhid,Big,0.0,0.0,
2017,Chandrapur,Nagbhid,Medium,19607.0,5532.0,
2017,Chandrapur,Nagbhid,Small,5700.0,2729.0,
2017,Chandrapur,Ponbhurna,Big,0.0,0.0,
2017,Chandrapur,Ponbhurna,Medium,0.0,0.0,
2017,Chandrapur,Ponbhurna,Small,1065.0,1084.0,
2017,Chandrapur,Rajura,Big,0.0,0.0,
2017,Chandrapur,Rajura,Medium,0.0,0.0,
2017,Chandrapur,Rajura,Small,972.0,132.0,
2017,Chandrapur,Savali,Big,50858.0,10499.0,
2017,Chandrapur,Savali,Medium,0.0,0.0,
2017,Chandrapur,Savali,Small,2479.0,2309.0,
2017,Chandrapur,Sindevahi,Big,0.0,0.0,
2017,Chandrapur,Sindevahi,Medium,7064.0,3039.0,
2017,Chandrapur,Sindevahi,Small,5253.0,3851.0,
2017,Chandrapur,Varora,Big,0.0,0.0,
2017,Chandrapur,Varora,Medium,8146.0,3815.0,
2017,Chandrapur,Varora,Small,1424.0,248.0,
2017,Dharashiv,Bhum,Big,0.0,0.0,
2017,Dharashiv,Bhum,Medium,4932.0,2731.0,
2017,Dharashiv,Bhum,Small,4696.0,2751.0,
2017,Dharashiv,Dharashiv,Big,0.0,0.0,
2017,Dharashiv,Dharashiv,Medium,5646.0,2038.0,
2017,Dharashiv,Dharashiv,Small,14689.0,6105.0,
2017,Dharashiv,Kalamb,Big,0.0,0.0,
2017,Dharashiv,Kalamb,Medium,2040.0,0.778,
2017,Dharashiv,Kalamb,Small,3533.0,1279.0,
2017,Dharashiv,Lohara,Big,830.0,830.0,
2017,Dharashiv,Lohara,Medium,0.0,0.0,
2017,Dharashiv,Lohara,Small,3536.0,3536.0,
2017,Dharashiv,Paranda,Big,12100.0,5631.0,
2017,Dharashiv,Paranda,Medium,9595.0,4055.0,
2017,Dharashiv,Paranda,Small,3066.0,2765.0,
2017,Dharashiv,Tuljapur,Big,0.0,0.0,
2017,Dharashiv,Tuljapur,Medium,7973.0,2903.0,
2017,Dharashiv,Tuljapur,Small,21981.0,21981.0,
2017,Dharashiv,Umaraga,Big,0.0,0.0,
2017,Dharashiv,Umaraga,Medium,5296.0,1668.0,
2017,Dharashiv,Umaraga,Small,12225.0,12225.0,
2017,Dharashiv,Washi,Big,0.0,0.0,
2017,Dharashiv,Washi,Medium,0.0,0.0,
2017,Dharashiv,Washi,Small,3168.0,1046.0,
2017,Dhule,Dhule,Big,0.0,0.0,
2017,Dhule,Dhule,Medium,2105.0,770.0,
2017,Dhule,Dhule,Small,14001.0,3748.0,
2017,Dhule,Sakri,Big,0.0,0.0,
2017,Dhule,Sakri,Medium,35991.0,19205.0,
2017,Dhule,Sakri,Small,3813.0,2116.0,
2017,Dhule,Shindkheda,Big,0.0,0.0,
2017,Dhule,Shindkheda,Medium,26415.0,2780.0,
2017,Dhule,Shindkheda,Small,955.0,241.0,
2017,Dhule,Shirpur,Big,0.0,0.0,
2017,Dhule,Shirpur,Medium,20672.0,11176.0,
2017,Dhule,Shirpur,Small,4294.0,3365.0,
2017,Gadchiroli,Aarmori,Big,30590.0,0.0,
2017,Gadchiroli,Aarmori,Medium,3950.0,0.0,
2017,Gadchiroli,Aarmori,Small,218.0,218.0,
2017,Gadchiroli,Aheri,Big,0.0,0.0,
2017,Gadchiroli,Aheri,Medium,0.0,0.0,
2017,Gadchiroli,Aheri,Small,571.27,571.27,
2017,Gadchiroli,Bhamragad,Big,0.0,0.0,
2017,Gadchiroli,Bhamragad,Medium,0.0,0.0,
2017,Gadchiroli,Bhamragad,Small,0.0,0.0,
2017,Gadchiroli,Chomoshi,Big,20938.0,11023.0,
2017,Gadchiroli,Chomoshi,Medium,12563.0,0.0,
2017,Gadchiroli,Chomoshi,Small,1214.0,1214.0,
2017,Gadchiroli,Desaiganj,Big,9378.0,6532.0,
2017,Gadchiroli,Desaiganj,Medium,0.0,0.0,
2017,Gadchiroli,Desaiganj,Small,1281.36,1143.75,
2017,Gadchiroli,Dhanora,Big,0.0,0.0,
2017,Gadchiroli,Dhanora,Medium,5250.0,0.0,
2017,Gadchiroli,Dhanora,Small,197.0,197.0,
2017,Gadchiroli,Etapalli,Big,0.0,0.0,
2017,Gadchiroli,Etapalli,Medium,0.0,0.0,
2017,Gadchiroli,Etapalli,Small,0.0,0.0,
2017,Gadchiroli,Gadchiroli,Big,10199.0,0.0,
2017,Gadchiroli,Gadchiroli,Medium,4740.0,0.0,
2017,Gadchiroli,Gadchiroli,Small,805.0,762.0,
2017,Gadchiroli,Korachi,Big,0.0,0.0,
2017,Gadchiroli,Korachi,Medium,0.0,0.0,
2017,Gadchiroli,Korachi,Small,0.0,0.0,
2017,Gadchiroli,Kurkheda,Big,0.0,0.0,
2017,Gadchiroli,Kurkheda,Medium,0.0,0.0,
2017,Gadchiroli,Kurkheda,Small,0.0,0.0,
2017,Gadchiroli,Mulchera,Big,0.0,0.0,
2017,Gadchiroli,Mulchera,Medium,2342.0,0.0,
2017,Gadchiroli,Mulchera,Small,320.0,317.0,
2017,Gadchiroli,Sironcha,Big,0.0,0.0,
2017,Gadchiroli,Sironcha,Medium,3283.0,0.0,
2017,Gadchiroli,Sironcha,Small,560.0,560.0,
2017,Gondia,Aamgaon,Big,13725.0,3465.0,
2017,Gondia,Aamgaon,Medium,0.0,0.0,
2017,Gondia,Aamgaon,Small,0.0,0.0,
2017,Gondia,Arjuni Morgaon,Big,20508.0,17674.0,
2017,Gondia,Arjuni Morgaon,Medium,0.0,0.0,
2017,Gondia,Arjuni Morgaon,Small,6434.0,3237.0,
2017,Gondia,Devari,Big,457.0,282.0,
2017,Gondia,Devari,Medium,0.0,0.0,
2017,Gondia,Devari,Small,3190.0,1979.0,
2017,Gondia,Gondia,Big,22874.0,14109.0,
2017,Gondia,Gondia,Medium,15425.0,3144.0,
2017,Gondia,Gondia,Small,1277.0,0.0,
2017,Gondia,Goregaon,Big,0.0,0.0,
2017,Gondia,Goregaon,Medium,18718.0,1294.0,
2017,Gondia,Goregaon,Small,1734.0,925.0,
2017,Gondia,Sadak Arjuni,Big,0.0,0.0,
2017,Gondia,Sadak Arjuni,Medium,3500.0,200.0,
2017,Gondia,Sadak Arjuni,Small,2509.0,269.0,
2017,Gondia,Salekasa,Big,8693.0,5299.0,
2017,Gondia,Salekasa,Medium,5008.0,983.0,
2017,Gondia,Salekasa,Small,460.0,428.0,
2017,Gondia,Tiroda,Big,0.0,0.0,
2017,Gondia,Tiroda,Medium,43694.0,825.0,
2017,Gondia,Tiroda,Small,2181.0,22.0,
2017,Hingoli,Aundha Na,Big,2630.0,0.0,
2017,Hingoli,Aundha Na,Small,210.0,0.0,
2017,Hingoli,Hingoli,Big,,556.0,
2017,Hingoli,Hingoli,Small,1336.5,0.0,
2017,Hingoli,Kalamanuri,Big,10673.0,703.0,
2017,Hingoli,Kalamanuri,Small,369.0,85.0,
2017,Hingoli,Sengaon,Big,,716.0,
2017,Hingoli,Sengaon,Small,1053.0,178.75,
2017,Hingoli,Vasamat,Big,26257.0,0.0,
2017,Hingoli,Vasamat,Small,464.5,263.75,
2017,Kolhapur,Ajara,Big,0.0,0.0,
2017,Kolhapur,Ajara,Medium,6940.0,5537.0,
2017,Kolhapur,Ajara,Small,1080.0,948.0,
2017,Kolhapur,Bhudargad,Big,2751.0,2024.0,
2017,Kolhapur,Bhudargad,Medium,10512.0,8523.0,
2017,Kolhapur,Bhudargad,Small,2637.0,2315.0,
2017,Kolhapur,Chandgad,Big,0.0,0.0,
2017,Kolhapur,Chandgad,Medium,14377.0,11034.0,
2017,Kolhapur,Chandgad,Small,8935.0,7755.0,
2017,Kolhapur,Gadhinglaj,Big,0.0,0.0,
2017,Kolhapur,Gadhinglaj,Medium,6577.0,4513.0,
2017,Kolhapur,Gadhinglaj,Small,3398.0,2973.0,
2017,Kolhapur,Gaganbavada,Big,0.0,0.0,
2017,Kolhapur,Gaganbavada,Medium,5586.0,5249.0,
2017,Kolhapur,Gaganbavada,Small,1463.0,1315.0,
2017,Kolhapur,Hatkanangale,Big,25116.0,17202.0,
2017,Kolhapur,Hatkanangale,Medium,0.0,0.0,
2017,Kolhapur,Hatkanangale,Small,632.0,531.0,
2017,Kolhapur,Kagal,Big,19393.0,14270.0,
2017,Kolhapur,Kagal,Medium,5943.0,4874.0,
2017,Kolhapur,Kagal,Small,2296.0,2041.0,
2017,Kolhapur,Karveer,Big,28587.0,18374.0,
2017,Kolhapur,Karveer,Medium,1774.0,1685.0,
2017,Kolhapur,Karveer,Small,1863.0,1577.0,
2017,Kolhapur,Panhala,Big,9291.0,6690.0,
2017,Kolhapur,Panhala,Medium,9898.0,9255.0,
2017,Kolhapur,Panhala,Small,2221.0,1913.0,
2017,Kolhapur,Radhanagari,Big,15487.0,10660.0,
2017,Kolhapur,Radhanagari,Medium,397.0,318.0,
2017,Kolhapur,Radhanagari,Small,1006.0,871.0,
2017,Kolhapur,Shahuwadi,Big,6820.0,4830.0,
2017,Kolhapur,Shahuwadi,Medium,13129.0,12281.0,
2017,Kolhapur,Shahuwadi,Small,6394.0,5174.0,
2017,Kolhapur,Shirol,Big,25869.0,20470.0,
2017,Kolhapur,Shirol,Medium,0.0,0.0,
2017,Kolhapur,Shirol,Small,0.0,0.0,
2017,Latur,Ahamadpur,Big,0.0,0.0,
2017,Latur,Ahamadpur,Medium,1834.0,552.0,
2017,Latur,Ahamadpur,Small,16404.0,7037.0,
2017,Latur,Aosa,Big,15600.0,4483.0,
2017,Latur,Aosa,Medium,0.0,0.0,
2017,Latur,Aosa,Small,7378.0,1785.0,
2017,Latur,Chakur,Big,0.0,0.0,
2017,Latur,Chakur,Medium,0.0,0.0,
2017,Latur,Chakur,Small,9881.0,3779.0,
2017,Latur,Devani,Big,0.0,0.0,
2017,Latur,Devani,Medium,0.0,0.0,
2017,Latur,Devani,Small,5654.0,2251.0,
2017,Latur,Jalkot,Big,0.0,0.0,
2017,Latur,Jalkot,Medium,0.0,0.0,
2017,Latur,Jalkot,Small,6584.0,630.0,
2017,Latur,Latur,Big,26526.0,5975.0,
2017,Latur,Latur,Medium,4103.0,930.0,
2017,Latur,Latur,Small,4111.0,1904.0,
2017,Latur,Nilanga,Big,0.0,0.0,
2017,Latur,Nilanga,Medium,5735.0,1921.0,
2017,Latur,Nilanga,Small,10024.0,3560.0,
2017,Latur,Renapur,Big,0.0,0.0,
2017,Latur,Renapur,Medium,5653.0,1842.0,
2017,Latur,Renapur,Small,4475.0,1192.0,
2017,Latur,Shirur-Anantpal,Big,0.0,0.0,
2017,Latur,Shirur-Anantpal,Medium,7923.0,2479.0,
2017,Latur,Shirur-Anantpal,Small,661.0,266.0,
2017,Latur,Udgir,Big,0.0,0.0,
2017,Latur,Udgir,Medium,5825.0,2840.0,
2017,Latur,Udgir,Small,6817.0,3137.0,
2017,Nagpur,Bhiwapur,Big,0.0,0.0,
2017,Nagpur,Bhiwapur,Medium,0.0,0.0,
2017,Nagpur,Bhiwapur,Small,5015.0,2886.0,
2017,Nagpur,Hingana,Big,0.0,0.0,
2017,Nagpur,Hingana,Medium,8424.0,1489.0,
2017,Nagpur,Hingana,Small,5171.0,2707.0,
2017,Nagpur,Kalameshwar,Big,0.0,0.0,
2017,Nagpur,Kalameshwar,Medium,5687.0,2698.0,
2017,Nagpur,Kalameshwar,Small,3494.0,2403.0,
2017,Nagpur,Kamathi,Big,0.0,0.0,
2017,Nagpur,Kamathi,Medium,0.0,0.0,
2017,Nagpur,Kamathi,Small,0.0,0.0,
2017,Nagpur,Katol,Big,0.0,0.0,
2017,Nagpur,Katol,Medium,9180.0,6148.0,
2017,Nagpur,Katol,Small,5398.0,3285.0,
2017,Nagpur,Kuhi,Big,11195.0,5363.0,
2017,Nagpur,Kuhi,Medium,4731.0,0.0,
2017,Nagpur,Kuhi,Small,936.0,71.0,
2017,Nagpur,Mauda,Big,0.0,0.0,
2017,Nagpur,Mauda,Medium,0.0,0.0,
2017,Nagpur,Mauda,Small,323.0,197.0,
2017,Nagpur,Nagpur (gra),Big,0.0,0.0,
2017,Nagpur,Nagpur (gra),Medium,2500.0,214.0,
2017,Nagpur,Nagpur (gra),Small,509.0,200.0,
2017,Nagpur,Nagpur (sh),Big,0.0,0.0,
2017,Nagpur,Nagpur (sh),Medium,0.0,0.0,
2017,Nagpur,Nagpur (sh),Small,0.0,0.0,
2017,Nagpur,Narkhed,Big,0.0,0.0,
2017,Nagpur,Narkhed,Medium,0.0,0.0,
2017,Nagpur,Narkhed,Small,1500.0,643.0,
2017,Nagpur,Parashivani,Big,188150.0,90707.0,
2017,Nagpur,Parashivani,Medium,0.0,0.0,
2017,Nagpur,Parashivani,Small,4832.0,871.0,
2017,Nagpur,Ramtech,Big,0.0,0.0,
2017,Nagpur,Ramtech,Medium,5000.0,1437.0,
2017,Nagpur,Ramtech,Small,5253.0,1691.0,
2017,Nagpur,Sawner,Big,0.0,0.0,
2017,Nagpur,Sawner,Medium,22401.0,10069.0,
2017,Nagpur,Sawner,Small,3478.0,813.0,
2017,Nagpur,Umred,Big,18860.0,10053.0,
2017,Nagpur,Umred,Medium,6739.0,5488.0,
2017,Nagpur,Umred,Small,6634.0,3388.0,
2017,Nashik,Malegaon,Big,0.0,0.0,
2017,Nashik,Malegaon,Medium,0.0,0.0,
2017,Nashik,Malegaon,Small,3400.0,2719.0,
2017,Nashik,Baglan,Big,0.0,0.0,
2017,Nashik,Baglan,Medium,23534.0,18326.0,
2017,Nashik,Baglan,Small,2588.0,2018.0,
2017,Nashik,Chandwad,Big,715.0,505.0,
2017,Nashik,Chandwad,Medium,0.0,0.0,
2017,Nashik,Chandwad,Small,2655.0,5334.0,
2017,Nashik,Devala,Big,0.0,0.0,
2017,Nashik,Devala,Medium,0.0,0.0,
2017,Nashik,Devala,Small,1641.0,1313.0,
2017,Nashik,Dindori,Big,101983.0,75361.0,
2017,Nashik,Dindori,Medium,9034.0,2361.0,
2017,Nashik,Dindori,Small,4804.0,0.0,
2017,Nashik,Igatpuri,Big,113450.0,29820.0,
2017,Nashik,Igatpuri,Medium,0.0,0.0,
2017,Nashik,Igatpuri,Small,2044.0,0.0,
2017,Nashik,Kalwan,Big,53539.0,14792.0,
2017,Nashik,Kalwan,Medium,0.0,0.0,
2017,Nashik,Kalwan,Small,3346.0,2735.0,
2017,Nashik,Nandgaon,Big,106588.0,41225.0,
2017,Nashik,Nandgaon,Medium,7673.0,2473.0,
2017,Nashik,Nandgaon,Small,2497.0,1997.0,
2017,Nashik,Nashik,Big,30400.0,4095.0,
2017,Nashik,Nashik,Medium,12725.0,659.0,
2017,Nashik,Nashik,Small,2618.0,0.0,
2017,Nashik,Nifad,Big,0.0,0.0,
2017,Nashik,Nifad,Medium,0.0,0.0,
2017,Nashik,Nifad,Small,1422.0,1876.0,
2017,Nashik,Peth,Big,0.0,0.0,
2017,Nashik,Peth,Medium,0.0,0.0,
2017,Nashik,Peth,Small,3149.0,2587.0,
2017,Nashik,Sinner,Big,0.0,0.0,
2017,Nashik,Sinner,Medium,5260.0,1778.0,
2017,Nashik,Sinner,Small,3050.0,7371.0,
2017,Nashik,Surgana,Big,0.0,0.0,
2017,Nashik,Surgana,Medium,0.0,0.0,
2017,Nashik,Surgana,Small,649.0,415.0,
2017,Nashik,Trimbak,Big,0.0,0.0,
2017,Nashik,Trimbak,Medium,0.0,0.0,
2017,Nashik,Trimbak,Small,2605.0,465.0,
2017,Nashik,Yewala,Big,0.0,0.0,
2017,Nashik,Yewala,Medium,0.0,0.0,
2017,Nashik,Yewala,Small,953.0,4244.0,
2017,Raigad,Karjat,Big,0.0,0.0,
2017,Raigad,Karjat,Medium,3190.0,620.0,
2017,Raigad,Karjat,Small,255.0,25.0,
2017,Raigad,Alibag,Big,0.0,0.0,
2017,Raigad,Alibag,Medium,2973.0,0.0,
2017,Raigad,Alibag,Small,194.0,60.0,
2017,Raigad,Khalapur,Big,0.0,0.0,
2017,Raigad,Khalapur,Medium,0.0,0.0,
2017,Raigad,Khalapur,Small,548.0,203.0,
2017,Raigad,Mahad,Big,0.0,0.0,
2017,Raigad,Mahad,Medium,0.0,0.0,
2017,Raigad,Mahad,Small,800.0,124.0,
2017,Raigad,Mangaon,Big,14274.0,941.0,
2017,Raigad,Mangaon,Medium,0.0,0.0,
2017,Raigad,Mangaon,Small,395.0,21.0,
2017,Raigad,Mhasala,Big,0.0,0.0,
2017,Raigad,Mhasala,Medium,0.0,0.0,
2017,Raigad,Mhasala,Small,252.0,7.0,
2017,Raigad,Murud,Big,0.0,0.0,
2017,Raigad,Murud,Medium,0.0,0.0,
2017,Raigad,Murud,Small,744.0,73.0,
2017,Raigad,Panwel,Big,0.0,0.0,
2017,Raigad,Panwel,Medium,0.0,0.0,
2017,Raigad,Panwel,Small,255.0,66.0,
2017,Raigad,Pen,Big,0.0,0.0,
2017,Raigad,Pen,Medium,5457.0,90.0,
2017,Raigad,Pen,Small,472.0,9.0,
2017,Raigad,Poladpur,Big,0.0,0.0,
2017,Raigad,Poladpur,Medium,0.0,0.0,
2017,Raigad,Poladpur,Small,3054.0,0.0,
2017,Raigad,Roha,Big,0.0,0.0,
2017,Raigad,Roha,Medium,277.0,84.0,
2017,Raigad,Roha,Small,529.0,131.0,
2017,Raigad,Shreevardhan,Big,0.0,0.0,
2017,Raigad,Shreevardhan,Medium,0.0,0.0,
2017,Raigad,Shreevardhan,Small,1241.0,23.0,
2017,Raigad,Sudhagad,Big,0.0,0.0,
2017,Raigad,Sudhagad,Medium,0.0,0.0,
2017,Raigad,Sudhagad,Small,942.0,244.0,
2017,Raigad,Tala,Big,0.0,0.0,
2017,Raigad,Tala,Medium,0.0,0.0,
2017,Raigad,Tala,Small,222.0,86.0,
2017,Raigad,Uran,Big,0.0,0.0,
2017,Raigad,Uran,Medium,0.0,0.0,
2017,Raigad,Uran,Small,105.0,0.0,
2017,Sangli,Aatpadi,Big,22240.0,7605.0,
2017,Sangli,Aatpadi,Medium,942.0,0.0,
2017,Sangli,Aatpadi,Small,14861.0,11343.0,
2017,Sangli,Jat,Big,22889.0,1054.0,
2017,Sangli,Jat,Medium,5174.0,3325.0,
2017,Sangli,Jat,Small,21220.0,16099.0,
2017,Sangli,Kadegaon,Big,27901.0,17864.0,
2017,Sangli,Kadegaon,Medium,0.0,0.0,
2017,Sangli,Kadegaon,Small,7598.0,4930.0,
2017,Sangli,Khanapur,Big,33151.0,8666.0,
2017,Sangli,Khanapur,Medium,0.0,0.0,
2017,Sangli,Khanapur,Small,8812.0,5621.0,
2017,Sangli,Ku. Mahakal,Big,27472.0,13154.0,
2017,Sangli,Ku. Mahakal,Medium,499.0,366.0,
2017,Sangli,Ku. Mahakal,Small,7518.0,6208.0,
2017,Sangli,Miraj,Big,31454.0,24750.0,
2017,Sangli,Miraj,Medium,0.0,0.0,
2017,Sangli,Miraj,Small,15390.0,23218.0,
2017,Sangli,Palus,Big,3029.0,1730.0,
2017,Sangli,Palus,Medium,3675.0,3156.0,
2017,Sangli,Palus,Small,16931.0,22143.0,
2017,Sangli,Shirala,Big,0.0,0.0,
2017,Sangli,Shirala,Medium,2566.0,1696.0,
2017,Sangli,Shirala,Small,3794.0,2781.0,
2017,Sangli,Tasgaon,Big,38887.0,11985.0,
2017,Sangli,Tasgaon,Medium,4692.0,2723.0,
2017,Sangli,Tasgaon,Small,7594.0,15914.0,
2017,Sangli,Valava,Big,129.0,32.0,
2017,Sangli,Valava,Medium,2440.0,1772.0,
2017,Sangli,Valava,Small,31170.0,47877.0,
2017,Satara,Faltan,Big,58970.0,27759.0,
2017,Satara,Faltan,Medium,0.0,0.0,
2017,Satara,Faltan,Small,1744.0,1052.0,
2017,Satara,Javali,Big,2200.0,2200.0,
2017,Satara,Javali,Medium,8523.0,0.0,
2017,Satara,Javali,Small,0.0,0.0,
2017,Satara,Karad,Big,47149.0,42163.0,
2017,Satara,Karad,Medium,20871.0,4902.0,
2017,Satara,Karad,Small,6250.0,7966.0,
2017,Satara,Khandala,Big,23129.0,6984.0,
2017,Satara,Khandala,Medium,0.0,0.0,
2017,Satara,Khandala,Small,370.0,79.0,
2017,Satara,Khatav,Big,35002.0,7811.0,
2017,Satara,Khatav,Medium,6673.0,4109.0,
2017,Satara,Khatav,Small,1365.0,0.0,
2017,Satara,Koregaon,Big,20999.0,20919.0,
2017,Satara,Koregaon,Medium,11932.0,0.0,
2017,Satara,Koregaon,Small,2045.0,411.0,
2017,Satara,Mahableshwar,Big,0.0,0.0,
2017,Satara,Mahableshwar,Medium,0.0,0.0,
2017,Satara,Mahableshwar,Small,0.0,0.0,
2017,Satara,Man,Big,39102.0,0.0,
2017,Satara,Man,Medium,6640.0,1103.0,
2017,Satara,Man,Small,1673.0,509.0,
2017,Satara,Patan,Big,25787.0,15138.0,
2017,Satara,Patan,Medium,10536.0,795.0,
2017,Satara,Patan,Small,12925.0,7920.0,
2017,Satara,Satara,Big,30530.0,20392.0,
2017,Satara,Satara,Medium,0.0,0.0,
2017,Satara,Satara,Small,5107.0,3438.0,
2017,Satara,Vai,Big,26980.5,16480.23,
2017,Satara,Vai,Medium,5783.8,2666.84,
2017,Satara,Vai,Small,346.0,0.0,
2017,Sindhudurg,Devgad,Big,0.0,0.0,
2017,Sindhudurg,Devgad,Medium,2569.0,250.0,
2017,Sindhudurg,Devgad,Small,1273.0,555.0,
2017,Sindhudurg,Dodamarg,Big,6676.0,3115.0,
2017,Sindhudurg,Dodamarg,Medium,0.0,0.0,
2017,Sindhudurg,Dodamarg,Small,1551.0,1867.0,
2017,Sindhudurg,Kankavali,Big,0.0,0.0,
2017,Sindhudurg,Kankavali,Medium,18568.0,1763.21,
2017,Sindhudurg,Kankavali,Small,5929.0,1158.0,
2017,Sindhudurg,Kudal,Big,28900.0,0.0,
2017,Sindhudurg,Kudal,Medium,0.0,0.0,
2017,Sindhudurg,Kudal,Small,4765.0,782.0,
2017,Sindhudurg,Malvan,Big,0.0,0.0,
2017,Sindhudurg,Malvan,Medium,0.0,0.0,
2017,Sindhudurg,Malvan,Small,3137.0,1248.0,
2017,Sindhudurg,Sawantwadi,Big,0.0,0.0,
2017,Sindhudurg,Sawantwadi,Medium,7464.0,0.0,
2017,Sindhudurg,Sawantwadi,Small,4871.0,646.0,
2017,Sindhudurg,Vaibhavwadi,Big,0.0,0.0,
2017,Sindhudurg,Vaibhavwadi,Medium,7185.0,0.0,
2017,Sindhudurg,Vaibhavwadi,Small,1043.0,100.0,
2017,Sindhudurg,Vengurla,Big,0.0,0.0,
2017,Sindhudurg,Vengurla,Medium,0.0,0.0,
2017,Sindhudurg,Vengurla,Small,1144.0,277.0,
2017,Thane,Ambarnath,Big,0.0,0.0,
2017,Thane,Ambarnath,Medium,0.0,0.0,
2017,Thane,Ambarnath,Small,425.0,35.0,
2017,Thane,Bhivandi,Big,8466.0,4676.0,
2017,Thane,Bhivandi,Medium,0.0,0.0,
2017,Thane,Bhivandi,Small,1568.0,24.0,
2017,Thane,Kalyan,Big,0.0,63.0,
2017,Thane,Kalyan,Medium,0.0,0.0,
2017,Thane,Kalyan,Small,904.0,60.0,
2017,Thane,Murbad,Big,0.0,0.0,
2017,Thane,Murbad,Medium,0.0,0.0,
2017,Thane,Murbad,Small,3862.0,517.0,
2017,Thane,Shahapur,Big,5347.0,5150.0,
2017,Thane,Shahapur,Medium,0.0,0.0,
2017,Thane,Shahapur,Small,3144.0,1327.0,
2017,Thane,Thane,Big,0.0,0.0,
2017,Thane,Thane,Medium,0.0,0.0,
2017,Thane,Thane,Small,0.0,0.0,
2017,Thane,Ulhasnagar,Big,0.0,0.0,
2017,Thane,Ulhasnagar,Medium,0.0,0.0,
2017,Thane,Ulhasnagar,Small,0.0,0.0,
2017,Wardha,Karanja,Big,0.0,0.0,
2017,Wardha,Karanja,Medium,10364.0,5395.0,
2017,Wardha,Karanja,Small,445.0,324.0,
2017,Wardha,Aarvi,Big,0.0,0.0,
2017,Wardha,Aarvi,Medium,20960.0,7612.0,
2017,Wardha,Aarvi,Small,7009.0,4215.0,
2017,Wardha,Ashti,Big,0.0,0.0,
2017,Wardha,Ashti,Medium,0.0,0.0,
2017,Wardha,Ashti,Small,579.0,364.0,
2017,Wardha,Hinganghat,Big,35940.0,0.0,
2017,Wardha,Hinganghat,Medium,0.0,0.0,
2017,Wardha,Hinganghat,Small,0.0,0.0,
2017,Wardha,Samudrapur,Big,0.0,0.0,
2017,Wardha,Samudrapur,Medium,13423.0,4297.0,
2017,Wardha,Samudrapur,Small,0.0,0.0,
2017,Wardha,Selu,Big,35584.0,10262.0,
2017,Wardha,Selu,Medium,4854.0,1971.0,
2017,Wardha,Selu,Small,1138.0,792.0,
2017,Wardha,Wardha,Big,0.0,0.0,
2017,Wardha,Wardha,Medium,0.0,0.0,
2017,Wardha,Wardha,Small,505.0,307.0,
2017,Wardha,Devali,Big,0.0,0.0,
2017,Wardha,Devali,Medium,0.0,0.0,
2017,Wardha,Devali,Small,0.0,0.0,
2017,Yavatmal,Kalamb,Big,0.0,0.0,
2017,Yavatmal,Kalamb,Medium,0.0,0.0,
2017,Yavatmal,Kalamb,Small,3545.0,969.0,
2017,Yavatmal,Aarni,Big,0.0,0.0,
2017,Yavatmal,Aarni,Medium,0.0,0.0,
2017,Yavatmal,Aarni,Small,1668.0,759.0,
2017,Yavatmal,Babhulgaon,Big,24010.0,3940.0,
2017,Yavatmal,Babhulgaon,Medium,7855.0,0.0,
2017,Yavatmal,Babhulgaon,Small,2212.0,653.0,
2017,Yavatmal,Darvha,Big,0.0,0.0,
2017,Yavatmal,Darvha,Medium,147366.0,365.0,
2017,Yavatmal,Darvha,Small,1484.0,1223.0,
2017,Yavatmal,Digras,Big,30170.0,2814.0,
2017,Yavatmal,Digras,Medium,0.0,0.0,
2017,Yavatmal,Digras,Small,0.0,0.0,
2017,Yavatmal,Ghantaji,Big,218129.0,0.0,
2017,Yavatmal,Ghantaji,Medium,0.0,0.0,
2017,Yavatmal,Ghantaji,Small,296.0,0.0,
2017,Yavatmal,Kelapur,Big,0.0,0.0,
2017,Yavatmal,Kelapur,Medium,4865.0,2926.0,
2017,Yavatmal,Kelapur,Small,2745.0,1911.0,
2017,Yavatmal,Mahagaon,Big,0.0,0.0,
2017,Yavatmal,Mahagaon,Medium,10880.0,2158.0,
2017,Yavatmal,Mahagaon,Small,2221.0,1111.0,
2017,Yavatmal,Maregaon,Big,0.0,0.0,
2017,Yavatmal,Maregaon,Medium,3216.0,0.0,
2017,Yavatmal,Maregaon,Small,1767.0,451.0,
2017,Yavatmal,Ner,Big,0.0,0.0,
2017,Yavatmal,Ner,Medium,0.0,0.0,
2017,Yavatmal,Ner,Small,2797.0,2390.0,
2017,Yavatmal,Pusad,Big,43114.0,7260.0,
2017,Yavatmal,Pusad,Medium,0.0,0.0,
2017,Yavatmal,Pusad,Small,0.0,0.0,
2017,Yavatmal,Ralegaon,Big,0.0,0.0,
2017,Yavatmal,Ralegaon,Medium,0.0,0.0,
2017,Yavatmal,Ralegaon,Small,7544.0,5201.0,
2017,Yavatmal,Umarkhed,Big,0.0,0.0,
2017,Yavatmal,Umarkhed,Medium,0.0,0.0,
2017,Yavatmal,Umarkhed,Small,2783.0,306.0,
2017,Yavatmal,Vani,Big,0.0,0.0,
2017,Yavatmal,Vani,Medium,0.0,0.0,
2017,Yavatmal,Vani,Small,1555.0,231.0,
2017,Yavatmal,Yavatmal,Big,0.0,0.0,
2017,Yavatmal,Yavatmal,Medium,14276.0,351.0,
2017,Yavatmal,Yavatmal,Small,629.0,141.0,
2017,Yavatmal,Zari Jamani,Big,0.0,0.0,
2017,Yavatmal,Zari Jamani,Medium,0.0,0.0,
2017,Yavatmal,Zari Jamani,Small,1730.0,494.0,
2017,Beed,Ashti,Big,0.0,0.0,
2017,Beed,Ashti,Medium,9048.0,3903.0,
2017,Beed,Ashti,Small,13689.0,13689.0,
2017,Beed,Ambajogai,Big,0.0,0.0,
2017,Beed,Ambajogai,Medium,0.0,0.0,
2017,Beed,Ambajogai,Small,1607.0,1607.0,
2017,Beed,Beed,Big,0.0,0.0,
2017,Beed,Beed,Medium,1288.0,128.0,
2017,Beed,Beed,Small,15621.0,15621.0,
2017,Beed,Cage,Big,4957.0,4957.0,
2017,Beed,Cage,Medium,769.0,769.0,
2017,Beed,Cage,Small,2402.0,2402.0,
2017,Beed,Dharur,Big,0.0,0.0,
2017,Beed,Dharur,Medium,1230.0,1230.0,
2017,Beed,Dharur,Small,992.0,992.0,
2017,Beed,Gevrai,Big,0.0,0.0,
2017,Beed,Gevrai,Medium,0.0,0.0,
2017,Beed,Gevrai,Small,3905.0,3905.0,
2017,Beed,Majalgaon,Big,48450.0,26868.0,
2017,Beed,Majalgaon,Medium,0.0,0.0,
2017,Beed,Majalgaon,Small,846.0,846.0,
2017,Beed,Parli,Big,0.0,0.0,
2017,Beed,Parli,Medium,12285.0,12285.0,
2017,Beed,Parli,Small,1431.0,1431.0,
2017,Beed,Patoda,Big,0.0,0.0,
2017,Beed,Patoda,Medium,3036.0,538.0,
2017,Beed,Patoda,Small,14403.0,14403.0,
2017,Beed,Shirur Kasar,Big,0.0,0.0,
2017,Beed,Shirur Kasar,Medium,1782.0,1080.0,
2017,Beed,Shirur Kasar,Small,7621.0,7621.0,
2017,Beed,Wadwani,Big,0.0,0.0,
2017,Beed,Wadwani,Medium,1797.0,1797.0,
2017,Beed,Wadwani,Small,1090.0,1090.0,
2017,Buldhana,Buldhana,Big,0.0,0.0,
2017,Buldhana,Buldhana,Medium,0.0,0.0,
2017,Buldhana,Buldhana,Small,4296.0,2117.0,
2017,Buldhana,Chikhali,Big,4500.0,1097.0,
2017,Buldhana,Chikhali,Medium,0.0,0.0,
2017,Buldhana,Chikhali,Small,4092.0,1571.0,
2017,Buldhana,Deulgaon Raja,Big,8490.0,1454.0,
2017,Buldhana,Deulgaon Raja,Medium,0.0,0.0,
2017,Buldhana,Deulgaon Raja,Small,1697.0,300.0,
2017,Buldhana,Jalgaon Jamod,Big,16758.0,0.0,
2017,Buldhana,Jalgaon Jamod,Medium,0.0,0.0,
2017,Buldhana,Jalgaon Jamod,Small,1348.0,0.0,
2017,Buldhana,Khamgaon,Big,24923.0,0.0,
2017,Buldhana,Khamgaon,Medium,9913.0,1033.0,
2017,Buldhana,Khamgaon,Small,4277.0,366.0,
2017,Buldhana,Lonar,Big,0.0,0.0,
2017,Buldhana,Lonar,Medium,1721.0,400.0,
2017,Buldhana,Lonar,Small,5196.0,607.0,
2017,Buldhana,Malkapur,Big,10021.0,1081.0,
2017,Buldhana,Malkapur,Medium,0.0,0.0,
2017,Buldhana,Malkapur,Small,176.0,52.0,
2017,Buldhana,Mehkar,Big,13292.0,8575.0,
2017,Buldhana,Mehkar,Medium,1439.0,728.0,
2017,Buldhana,Mehkar,Small,2983.0,1182.0,
2017,Buldhana,Motala,Big,1700.0,950.0,
2017,Buldhana,Motala,Medium,2415.0,615.0,
2017,Buldhana,Motala,Small,3721.0,55.0,
2017,Buldhana,Nandura,Big,37201.0,170.0,
2017,Buldhana,Nandura,Medium,180.0,0.0,
2017,Buldhana,Nandura,Small,509.0,91.0,
2017,Buldhana,Sangrampur,Big,11250.0,0.0,
2017,Buldhana,Sangrampur,Medium,0.0,0.0,
2017,Buldhana,Sangrampur,Small,0.0,0.0,
2017,Buldhana,Shegaon,Big,37573.0,0.0,
2017,Buldhana,Shegaon,Medium,6347.0,0.0,
2017,Buldhana,Shegaon,Small,990.0,0.0,
2017,Buldhana,Sindkhed Raja,Big,5500.0,0.0,
2017,Buldhana,Sindkhed Raja,Medium,0.0,0.0,
2017,Buldhana,Sindkhed Raja,Small,5168.0,1425.0,
2017,Jalna,Ambad,Medium,3440.0,1.441,
2017,Jalna,Ambad,Small,7570.0,4473.021,
2017,Jalna,Badnapur,Medium,5708.0,0.249,
2017,Jalna,Badnapur,Small,2675.0,1672.307,
2017,Jalna,Bhokardan,Medium,5725.0,0.626,
2017,Jalna,Bhokardan,Small,3629.0,1509.0,
2017,Jalna,Ghansawangi,Small,6088.0,4570.284,
2017,Jalna,Jaffrabad,Medium,3237.0,0.555,
2017,Jalna,Jaffrabad,Small,2256.0,251.574,
2017,Jalna,Jalna,Medium,5381.0,2.099,
2017,Jalna,Jalna,Small,4459.0,3095.243,
2017,Jalna,Mantha,Small,4184.0,681.347,
2017,Jalna,Partur,Big,47988.0,6.64,
2017,Jalna,Partur,Small,4265.0,2342.0,
2017,Parbhani,Selu,Big,53933.0,5032.0,
2017,Parbhani,Selu,Medium,0.0,0.0,
2017,Parbhani,Selu,Small,1751.0,32.0,
2017,Parbhani,Gangakhed,Big,8347.0,2057.0,
2017,Parbhani,Gangakhed,Medium,6320.0,1898.0,
2017,Parbhani,Gangakhed,Small,4924.0,359.0,
2017,Parbhani,Jintur,Big,0.0,0.0,
2017,Parbhani,Jintur,Medium,3818.0,2095.0,
2017,Parbhani,Jintur,Small,8508.0,79.0,
2017,Parbhani,Manvat,Big,11039.0,6456.0,
2017,Parbhani,Manvat,Medium,0.0,0.0,
2017,Parbhani,Manvat,Small,1020.0,41.0,
2017,Parbhani,Palam,Big,0.0,0.0,
2017,Parbhani,Palam,Medium,4812.0,0.0,
2017,Parbhani,Palam,Small,2630.0,28.0,
2017,Parbhani,Parbhani,Big,34301.0,29670.0,
2017,Parbhani,Parbhani,Medium,0.0,0.0,
2017,Parbhani,Parbhani,Small,3278.0,81.0,
2017,Parbhani,Pathari,Big,32996.0,16902.0,
2017,Parbhani,Pathari,Medium,4149.0,0.0,
2017,Parbhani,Pathari,Small,919.0,8.0,
2017,Parbhani,Purna,Big,34616.0,14295.0,
2017,Parbhani,Purna,Medium,0.0,0.0,
2017,Parbhani,Purna,Small,978.0,12.0,
2017,Parbhani,Sonpeth,Big,0.0,0.0,
2017,Parbhani,Sonpeth,Medium,0.0,0.0,
2017,Parbhani,Sonpeth,Small,267.0,11.0,
2017,Nanded,Andhrapur,Small,0.0,428.0,
2017,Nanded,Bhokar,Medium,405.0,359.0,
2017,Nanded,Bhokar,Small,3775.0,2278.0,
2017,Nanded,Biloli,Small,1430.0,964.0,
2017,Nanded,Deglur,Medium,1781.0,1268.0,
2017,Nanded,Deglur,Small,2920.0,2254.0,
2017,Nanded,Dharmabad,Medium,9995.0,1481.0,
2017,Nanded,Dharmabad,Small,0.0,305.0,
2017,Nanded,Hadgaon,Small,5549.0,2969.0,
2017,Nanded,Himalay Nagar,Small,2577.0,1113.0,
2017,Nanded,Kandhar,Big,23310.0,1993.0,
2017,Nanded,Kandhar,Medium,2290.0,350.0,
2017,Nanded,Kandhar,Small,1801.0,3220.0,
2017,Nanded,Kinvat,Medium,5183.0,2457.0,
2017,Nanded,Kinvat,Small,5981.0,3095.0,
2017,Nanded,Loha,Medium,9900.0,3699.0,
2017,Nanded,Loha,Small,1679.0,2137.0,
2017,Nanded,Mahur,Small,1429.0,639.0,
2017,Nanded,Mudkhed,Big,1116.0,2700.0,
2017,Nanded,Mudkhed,Medium,0.0,,
2017,Nanded,Mudkhed,Small,287.0,806.0,
2017,Nanded,Mukhed,Big,32410.0,26924.0,
2017,Nanded,Mukhed,Medium,1012.0,1137.0,
2017,Nanded,Mukhed,Small,3778.0,3877.0,
2017,Nanded,Nanded,Big,33725.0,17472.0,
2017,Nanded,Nanded,Medium,0.0,,
2017,Nanded,Nanded,Small,625.0,838.0,
2017,Nanded,Naygaon,Small,679.0,1253.0,
2017,Nanded,Umari,Medium,1600.0,2054.0,
2017,Nanded,Umari,Small,1690.0,1127.0,
2017,Palghar,Dahanu,Big,6141.0,4469.09,
2017,Palghar,Dahanu,Medium,0.0,0.0,
2017,Palghar,Dahanu,Small,323.0,97.95,
2017,Palghar,Javhar,Big,0.0,0.0,
2017,Palghar,Javhar,Medium,0.0,0.0,
2017,Palghar,Javhar,Small,150.0,0.0,
2017,Palghar,Mokhada,Big,0.0,0.0,
2017,Palghar,Mokhada,Medium,0.0,0.0,
2017,Palghar,Mokhada,Small,144.0,0.0,
2017,Palghar,Palghar,Big,8525.0,7397.25,
2017,Palghar,Palghar,Medium,4088.0,2754.2,
2017,Palghar,Palghar,Small,1037.0,261.73,
2017,Palghar,Talasari,Big,0.0,0.0,
2017,Palghar,Talasari,Medium,0.0,0.0,
2017,Palghar,Talasari,Small,0.0,0.0,
2017,Palghar,Vasai,Big,0.0,0.0,
2017,Palghar,Vasai,Medium,0.0,0.0,
2017,Palghar,Vasai,Small,0.0,0.0,
2017,Palghar,Vikramgad,Big,30.0,43.66,
2017,Palghar,Vikramgad,Medium,0.0,0.0,
2017,Palghar,Vikramgad,Small,578.0,151.13,
2017,Palghar,Wada,Big,0.0,0.0,
2017,Palghar,Wada,Medium,0.0,0.0,
2017,Palghar,Wada,Small,299.0,0.0,
2018,Nandurbar,Akkalkuva,Big,0.0,0.0,
2018,Nandurbar,Akkalkuva,Medium,4857.0,0.0,
2018,Nandurbar,Akkalkuva,Small,1188.0,0.0,
2018,Nandurbar,Akrani,Big,0.0,0.0,
2018,Nandurbar,Akrani,Medium,0.0,0.0,
2018,Nandurbar,Akrani,Small,0.0,0.0,
2018,Nandurbar,Nandurbar,Big,0.0,0.0,
2018,Nandurbar,Nandurbar,Medium,5395.0,0.0,
2018,Nandurbar,Nandurbar,Small,5393.0,0.0,
2018,Nandurbar,Navapur,Big,0.0,0.0,
2018,Nandurbar,Navapur,Medium,8873.0,173.0,
2018,Nandurbar,Navapur,Small,8057.0,0.0,
2018,Nandurbar,Shahada,Big,0.0,0.0,
2018,Nandurbar,Shahada,Medium,4407.0,0.0,
2018,Nandurbar,Shahada,Small,2098.0,138.0,
2018,Nandurbar,Taloda,Big,0.0,0.0,
2018,Nandurbar,Taloda,Medium,0.0,0.0,
2018,Nandurbar,Taloda,Small,1807.0,0.0,
2018,Ratnagiri,Chiplun,Big,0.0,0.0,
2018,Ratnagiri,Chiplun,Medium,0.0,0.0,
2018,Ratnagiri,Chiplun,Small,2112.0,1708.0,
2018,Ratnagiri,Dapoli,Big,0.0,0.0,
2018,Ratnagiri,Dapoli,Medium,0.0,0.0,
2018,Ratnagiri,Dapoli,Small,1584.0,1382.0,
2018,Ratnagiri,Guhagar,Big,0.0,0.0,
2018,Ratnagiri,Guhagar,Medium,0.0,0.0,
2018,Ratnagiri,Guhagar,Small,315.0,207.0,
2018,Ratnagiri,Khed,Big,0.0,0.0,
2018,Ratnagiri,Khed,Medium,2050.0,181.0,
2018,Ratnagiri,Khed,Small,5696.0,5006.0,
2018,Ratnagiri,Lanja,Big,0.0,0.0,
2018,Ratnagiri,Lanja,Medium,0.0,0.0,
2018,Ratnagiri,Lanja,Small,991.0,875.0,
2018,Ratnagiri,Mandangad,Big,0.0,0.0,
2018,Ratnagiri,Mandangad,Medium,0.0,0.0,
2018,Ratnagiri,Mandangad,Small,726.0,695.0,
2018,Ratnagiri,Rajapur,Big,0.0,0.0,
2018,Ratnagiri,Rajapur,Medium,12107.0,247.0,
2018,Ratnagiri,Rajapur,Small,1940.0,1593.0,
2018,Ratnagiri,Ratnagiri,Big,0.0,0.0,
2018,Ratnagiri,Ratnagiri,Medium,0.0,0.0,
2018,Ratnagiri,Ratnagiri,Small,0.0,0.0,
2018,Ratnagiri,Sangameshwar,Big,0.0,0.0,
2018,Ratnagiri,Sangameshwar,Medium,3971.0,2.0,
2018,Ratnagiri,Sangameshwar,Small,2157.0,1863.0,
2018,Pune,Khed,Big,21911.0,27017.0,
2018,Pune,Khed,Medium,2105.0,20.0,
2018,Pune,Khed,Small,12748.0,8269.0,
2018,Pune,Aambegaon,Big,15418.0,7993.0,
2018,Pune,Aambegaon,Medium,3820.0,0.0,
2018,Pune,Aambegaon,Small,11999.0,13585.0,
2018,Pune,Baramati,Big,26576.0,72039.0,
2018,Pune,Baramati,Medium,4076.0,3442.0,
2018,Pune,Baramati,Small,13376.0,20779.0,
2018,Pune,Bhor,Big,9693.0,1746.0,
2018,Pune,Bhor,Medium,0.0,0.0,
2018,Pune,Bhor,Small,5281.0,12856.0,
2018,Pune,Daund,Big,46119.0,56284.0,
2018,Pune,Daund,Medium,0.0,0.0,
2018,Pune,Daund,Small,22219.0,27068.0,
2018,Pune,Haveli,Big,15451.0,16700.0,
2018,Pune,Haveli,Medium,1500.0,0.0,
2018,Pune,Haveli,Small,8394.0,2512.0,
2018,Pune,Indapur,Big,50196.0,62630.0,
2018,Pune,Indapur,Medium,1920.0,644.0,
2018,Pune,Indapur,Small,9174.0,14028.0,
2018,Pune,Junnar,Big,27115.0,28836.0,
2018,Pune,Junnar,Medium,7960.0,6372.0,
2018,Pune,Junnar,Small,13580.0,14517.0,
2018,Pune,Maval,Big,6365.0,5376.0,
2018,Pune,Maval,Medium,10353.0,17343.0,
2018,Pune,Maval,Small,8259.0,3580.0,
2018,Pune,Mulashi,Big,1000.0,103.0,
2018,Pune,Mulashi,Medium,2832.0,5827.0,
2018,Pune,Mulashi,Small,13688.0,10437.0,
2018,Pune,Pune City,Big,0.0,0.0,
2018,Pune,Pune City,Medium,0.0,0.0,
2018,Pune,Pune City,Small,0.0,0.0,
2018,Pune,Purandar,Big,29320.0,26484.0,
2018,Pune,Purandar,Medium,3494.0,2894.0,
2018,Pune,Purandar,Small,8609.0,18941.0,
2018,Pune,Shirur,Big,64887.0,70889.0,
2018,Pune,Shirur,Medium,0.0,0.0,
2018,Pune,Shirur,Small,18113.0,16905.0,
2018,Pune,Welhe,Big,0.0,0.0,
2018,Pune,Welhe,Medium,0.0,0.0,
2018,Pune,Welhe,Small,4785.0,3402.0,
2018,Ahilyanagar,Akole,Big,0.0,4513.15,
2018,Ahilyanagar,Akole,Medium,2178.0,2961.0,
2018,Ahilyanagar,Akole,Small,17461.0,4162.0,
2018,Ahilyanagar,Jamkhed,Big,0.0,0.0,
2018,Ahilyanagar,Jamkhed,Medium,2718.0,104.0,
2018,Ahilyanagar,Jamkhed,Small,5235.0,275.0,
2018,Ahilyanagar,Karjat,Big,59980.0,29765.0,
2018,Ahilyanagar,Karjat,Medium,8445.0,1024.0,
2018,Ahilyanagar,Karjat,Small,4779.0,1948.0,
2018,Ahilyanagar,Kopargaon,Big,0.0,5666.0,
2018,Ahilyanagar,Kopargaon,Medium,0.0,0.0,
2018,Ahilyanagar,Kopargaon,Small,0.0,0.0,
2018,Ahilyanagar,Nagar,Big,3089.0,0.0,
2018,Ahilyanagar,Nagar,Medium,0.0,0.0,
2018,Ahilyanagar,Nagar,Small,6607.0,0.0,
2018,Ahilyanagar,Nevasa,Big,84304.0,54492.0,
2018,Ahilyanagar,Nevasa,Medium,0.0,0.0,
2018,Ahilyanagar,Nevasa,Small,3481.0,474.0,
2018,Ahilyanagar,Parner,Big,14739.0,10319.0,
2018,Ahilyanagar,Parner,Medium,2266.0,0.0,
2018,Ahilyanagar,Parner,Small,8711.0,852.0,
2018,Ahilyanagar,Pathardi,Big,22315.0,8189.0,
2018,Ahilyanagar,Pathardi,Medium,1548.0,0.0,
2018,Ahilyanagar,Pathardi,Small,1292.0,0.0,
2018,Ahilyanagar,Rahata,Big,1785.0,21128.2,
2018,Ahilyanagar,Rahata,Medium,0.0,0.0,
2018,Ahilyanagar,Rahata,Small,0.0,0.0,
2018,Ahilyanagar,Rahuri,Big,37940.0,31866.5,
2018,Ahilyanagar,Rahuri,Medium,0.0,0.0,
2018,Ahilyanagar,Rahuri,Small,3730.0,711.0,
2018,Ahilyanagar,Sangamner,Big,4564.0,36263.0,
2018,Ahilyanagar,Sangamner,Medium,1491.0,790.0,
2018,Ahilyanagar,Sangamner,Small,5406.0,851.0,
2018,Ahilyanagar,Shevgaon,Big,22372.0,20303.0,
2018,Ahilyanagar,Shevgaon,Medium,0.0,0.0,
2018,Ahilyanagar,Shevgaon,Small,809.0,0.0,
2018,Ahilyanagar,Srigonda,Big,44440.0,20258.0,
2018,Ahilyanagar,Srigonda,Medium,5369.0,5171.0,
2018,Ahilyanagar,Srigonda,Small,1941.0,1644.0,
2018,Ahilyanagar,Srirampur,Big,6032.0,,
2018,Ahilyanagar,Srirampur,Medium,0.0,8094.0,
2018,Ahilyanagar,Srirampur,Small,6343.0,1546.0,
2018,Akola,Akola,Big,0.0,0.0,
2018,Akola,Akola,Medium,0.0,0.0,
2018,Akola,Akola,Small,902.0,474.0,
2018,Akola,Akot,Big,0.0,0.0,
2018,Akola,Akot,Medium,0.0,0.0,
2018,Akola,Akot,Small,2417.0,1588.0,
2018,Akola,Balapur,Big,0.0,0.0,
2018,Akola,Balapur,Medium,0.0,0.0,
2018,Akola,Balapur,Small,522.0,95.0,
2018,Akola,Barshitakali,Big,13996.0,5058.0,
2018,Akola,Barshitakali,Medium,0.0,0.0,
2018,Akola,Barshitakali,Small,2570.0,30.0,
2018,Akola,Murtijapur,Big,0.0,0.0,
2018,Akola,Murtijapur,Medium,3168.0,173.0,
2018,Akola,Murtijapur,Small,2161.0,761.0,
2018,Akola,Patur,Big,0.0,0.0,
2018,Akola,Patur,Medium,16316.0,2201.0,
2018,Akola,Patur,Small,2191.0,95.0,
2018,Akola,Telhara,Big,22525.0,5811.0,
2018,Akola,Telhara,Medium,0.0,0.0,
2018,Akola,Telhara,Small,112.0,0.0,
2018,Amravati,Achalpur,Big,0.0,0.0,
2018,Amravati,Achalpur,Medium,21785.0,14562.0,
2018,Amravati,Achalpur,Small,3072.0,1661.0,
2018,Amravati,Amravati,Big,0.0,0.0,
2018,Amravati,Amravati,Medium,0.0,0.0,
2018,Amravati,Amravati,Small,2729.0,2188.0,
2018,Amravati,Anjangaon Su,Big,0.0,0.0,
2018,Amravati,Anjangaon Su,Medium,6775.0,4738.0,
2018,Amravati,Anjangaon Su,Small,645.0,465.0,
2018,Amravati,Bhatkuli,Big,0.0,0.0,
2018,Amravati,Bhatkuli,Medium,0.0,0.0,
2018,Amravati,Bhatkuli,Small,1115.0,958.0,
2018,Amravati,Chandur Railway,Big,3288.0,2770.0,
2018,Amravati,Chandur Railway,Medium,0.0,0.0,
2018,Amravati,Chandur Railway,Small,7509.0,4139.0,
2018,Amravati,Chandurbazar,Big,0.0,0.0,
2018,Amravati,Chandurbazar,Medium,8963.0,6275.0,
2018,Amravati,Chandurbazar,Small,2737.0,1900.0,
2018,Amravati,Chikhraldara,Big,0.0,0.0,
2018,Amravati,Chikhraldara,Medium,0.0,0.0,
2018,Amravati,Chikhraldara,Small,1026.0,1026.0,
2018,Amravati,Daryapur,Big,0.0,0.0,
2018,Amravati,Daryapur,Medium,0.0,0.0,
2018,Amravati,Daryapur,Small,4909.0,4739.0,
2018,Amravati,Dhamangaon Re,Big,43365.0,36529.0,
2018,Amravati,Dhamangaon Re,Medium,0.0,0.0,
2018,Amravati,Dhamangaon Re,Small,48.0,48.0,
2018,Amravati,Dharani,Big,0.0,0.0,
2018,Amravati,Dharani,Medium,0.0,0.0,
2018,Amravati,Dharani,Small,9096.0,5929.0,
2018,Amravati,Morshi,Big,2872.0,2420.0,
2018,Amravati,Morshi,Medium,0.0,0.0,
2018,Amravati,Morshi,Small,2811.0,1907.0,
2018,Amravati,Nandgaon Kh,Big,0.0,0.0,
2018,Amravati,Nandgaon Kh,Medium,0.0,0.0,
2018,Amravati,Nandgaon Kh,Small,3024.0,1991.0,
2018,Amravati,Tivas,Big,14671.0,12358.0,
2018,Amravati,Tivas,Medium,0.0,0.0,
2018,Amravati,Tivas,Small,2213.0,1538.0,
2018,Amravati,Warud,Big,0.0,0.0,
2018,Amravati,Warud,Medium,0.0,0.0,
2018,Amravati,Warud,Small,8262.0,5566.0,
2018,Bhandara,Bhandara,Big,1693.0,,
2018,Bhandara,Bhandara,Small,3658.0,1886.0,
2018,Bhandara,Lakhandur,Big,23227.0,,
2018,Bhandara,Lakhandur,Small,1916.0,2196.0,
2018,Bhandara,Lakhani,Big,16440.0,,
2018,Bhandara,Lakhani,Small,3242.0,2005.0,
2018,Bhandara,Mohadi,Big,12548.0,,
2018,Bhandara,Mohadi,Medium,3555.0,1254.0,
2018,Bhandara,Mohadi,Small,2146.0,1753.0,
2018,Bhandara,Pavani,Big,31631.0,47557.0,
2018,Bhandara,Pavani,Small,1276.0,1093.0,
2018,Bhandara,Sakoli,Small,8377.0,6235.0,
2018,Bhandara,Tumsar,Big,25695.0,15123.0,
2018,Bhandara,Tumsar,Medium,17634.0,10170.0,
2018,Bhandara,Tumsar,Small,13716.0,1779.0,
2018,Chandrapur,Ballarpur,Big,0.0,0.0,
2018,Chandrapur,Ballarpur,Medium,0.0,0.0,
2018,Chandrapur,Ballarpur,Small,2315.0,945.0,
2018,Chandrapur,Bhadravati,Big,0.0,0.0,
2018,Chandrapur,Bhadravati,Medium,0.0,0.0,
2018,Chandrapur,Bhadravati,Small,618.0,421.0,
2018,Chandrapur,Bramhapuri,Big,0.0,0.0,
2018,Chandrapur,Bramhapuri,Medium,0.0,0.0,
2018,Chandrapur,Bramhapuri,Small,1658.0,1544.0,
2018,Chandrapur,Chandrapur,Big,0.0,0.0,
2018,Chandrapur,Chandrapur,Medium,0.0,0.0,
2018,Chandrapur,Chandrapur,Small,948.0,593.0,
2018,Chandrapur,Chimur,Big,0.0,0.0,
2018,Chandrapur,Chimur,Medium,0.0,0.0,
2018,Chandrapur,Chimur,Small,3279.0,2867.0,
2018,Chandrapur,Gondpipari,Big,0.0,0.0,
2018,Chandrapur,Gondpipari,Medium,0.0,0.0,
2018,Chandrapur,Gondpipari,Small,1395.0,1151.0,
2018,Chandrapur,Jivati,Big,0.0,0.0,
2018,Chandrapur,Jivati,Medium,0.0,0.0,
2018,Chandrapur,Jivati,Small,0.0,0.0,
2018,Chandrapur,Korpana,Big,0.0,0.0,
2018,Chandrapur,Korpana,Medium,10865.0,3687.0,
2018,Chandrapur,Korpana,Small,0.0,0.0,
2018,Chandrapur,Mul,Big,0.0,0.0,
2018,Chandrapur,Mul,Medium,0.0,0.0,
2018,Chandrapur,Mul,Small,5837.0,3639.0,
2018,Chandrapur,Nagbhid,Big,0.0,0.0,
2018,Chandrapur,Nagbhid,Medium,19607.0,6442.0,
2018,Chandrapur,Nagbhid,Small,6373.0,2753.0,
2018,Chandrapur,Ponbhurna,Big,0.0,0.0,
2018,Chandrapur,Ponbhurna,Medium,0.0,0.0,
2018,Chandrapur,Ponbhurna,Small,1105.0,803.0,
2018,Chandrapur,Rajura,Big,0.0,0.0,
2018,Chandrapur,Rajura,Medium,0.0,0.0,
2018,Chandrapur,Rajura,Small,972.0,538.0,
2018,Chandrapur,Savali,Big,50858.0,10067.0,
2018,Chandrapur,Savali,Medium,0.0,0.0,
2018,Chandrapur,Savali,Small,2687.0,2097.0,
2018,Chandrapur,Sindevahi,Big,0.0,0.0,
2018,Chandrapur,Sindevahi,Medium,7064.0,3173.0,
2018,Chandrapur,Sindevahi,Small,5162.0,4199.0,
2018,Chandrapur,Varora,Big,0.0,0.0,
2018,Chandrapur,Varora,Medium,8146.0,7576.0,
2018,Chandrapur,Varora,Small,1394.0,1040.0,
2018,Dharashiv,Bhum,Big,0.0,0.0,
2018,Dharashiv,Bhum,Medium,4932.0,139.0,
2018,Dharashiv,Bhum,Small,4303.0,103.0,
2018,Dharashiv,Dharashiv,Big,0.0,0.0,
2018,Dharashiv,Dharashiv,Medium,5646.0,0.0,
2018,Dharashiv,Dharashiv,Small,13266.0,94.0,
2018,Dharashiv,Kalamb,Big,0.0,0.0,
2018,Dharashiv,Kalamb,Medium,2040.0,0.0,
2018,Dharashiv,Kalamb,Small,3912.0,0.0,
2018,Dharashiv,Lohara,Big,830.0,830.0,
2018,Dharashiv,Lohara,Small,3556.0,3536.0,
2018,Dharashiv,Paranda,Big,12100.0,1685.9,
2018,Dharashiv,Paranda,Medium,9595.0,0.0,
2018,Dharashiv,Paranda,Small,2949.0,0.0,
2018,Dharashiv,Tuljapur,Medium,7973.0,0.0,
2018,Dharashiv,Tuljapur,Small,22001.0,21981.0,
2018,Dharashiv,Umaraga,Medium,5296.0,532.0,
2018,Dharashiv,Umaraga,Small,12241.0,12225.0,
2018,Dharashiv,Washi,Big,0.0,0.0,
2018,Dharashiv,Washi,Medium,0.0,0.0,
2018,Dharashiv,Washi,Small,4023.0,0.0,
2018,Dhule,Dhule,Big,0.0,0.0,
2018,Dhule,Dhule,Medium,2105.0,0.0,
2018,Dhule,Dhule,Small,22794.0,2466.0,
2018,Dhule,Sakri,Big,0.0,0.0,
2018,Dhule,Sakri,Medium,36820.0,21138.0,
2018,Dhule,Sakri,Small,6586.0,1957.0,
2018,Dhule,Shindkheda,Big,0.0,0.0,
2018,Dhule,Shindkheda,Medium,26415.0,3326.0,
2018,Dhule,Shindkheda,Small,1959.0,110.0,
2018,Dhule,Shirpur,Big,0.0,0.0,
2018,Dhule,Shirpur,Medium,20672.0,13087.0,
2018,Dhule,Shirpur,Small,3498.0,2022.0,
2018,Gadchiroli,Aarmori,Big,30590.0,0.0,
2018,Gadchiroli,Aarmori,Medium,2812.0,0.0,
2018,Gadchiroli,Aarmori,Small,218.0,0.0,
2018,Gadchiroli,Aheri,Big,0.0,0.0,
2018,Gadchiroli,Aheri,Medium,0.0,0.0,
2018,Gadchiroli,Aheri,Small,571.27,545.24,
2018,Gadchiroli,Bhamragad,Big,0.0,0.0,
2018,Gadchiroli,Bhamragad,Medium,0.0,0.0,
2018,Gadchiroli,Bhamragad,Small,0.0,0.0,
2018,Gadchiroli,Chomoshi,Big,12656.0,11024.0,
2018,Gadchiroli,Chomoshi,Medium,14803.0,0.0,
2018,Gadchiroli,Chomoshi,Small,1214.0,1202.3,
2018,Gadchiroli,Desaiganj,Big,9378.0,6549.0,
2018,Gadchiroli,Desaiganj,Medium,0.0,0.0,
2018,Gadchiroli,Desaiganj,Small,1281.36,963.93,
2018,Gadchiroli,Dhanora,Big,0.0,0.0,
2018,Gadchiroli,Dhanora,Medium,5250.0,0.0,
2018,Gadchiroli,Dhanora,Small,197.0,79.19,
2018,Gadchiroli,Etapalli,Big,0.0,0.0,
2018,Gadchiroli,Etapalli,Medium,0.0,0.0,
2018,Gadchiroli,Etapalli,Small,0.0,0.0,
2018,Gadchiroli,Gadchiroli,Big,0.0,0.0,
2018,Gadchiroli,Gadchiroli,Medium,0.0,5779.0,
2018,Gadchiroli,Gadchiroli,Small,805.0,530.22,
2018,Gadchiroli,Korachi,Big,0.0,0.0,
2018,Gadchiroli,Korachi,Medium,0.0,0.0,
2018,Gadchiroli,Korachi,Small,0.0,0.0,
2018,Gadchiroli,Kurkheda,Big,0.0,0.0,
2018,Gadchiroli,Kurkheda,Medium,0.0,0.0,
2018,Gadchiroli,Kurkheda,Small,0.0,0.0,
2018,Gadchiroli,Mulchera,Big,0.0,0.0,
2018,Gadchiroli,Mulchera,Medium,2342.0,0.0,
2018,Gadchiroli,Mulchera,Small,320.0,316.79,
2018,Gadchiroli,Sironcha,Big,0.0,0.0,
2018,Gadchiroli,Sironcha,Medium,3283.0,0.0,
2018,Gadchiroli,Sironcha,Small,560.0,262.92,
2018,Gondia,Aamgaon,Big,13725.0,4482.0,
2018,Gondia,Aamgaon,Medium,0.0,0.0,
2018,Gondia,Aamgaon,Small,0.0,0.0,
2018,Gondia,Arjuni Morgaon,Big,20508.0,9211.0,
2018,Gondia,Arjuni Morgaon,Medium,0.0,0.0,
2018,Gondia,Arjuni Morgaon,Small,6434.0,2450.0,
2018,Gondia,Devari,Big,457.0,0.0,
2018,Gondia,Devari,Medium,0.0,0.0,
2018,Gondia,Devari,Small,3190.0,2067.0,
2018,Gondia,Gondia,Big,22874.0,13840.0,
2018,Gondia,Gondia,Medium,15425.0,6575.0,
2018,Gondia,Gondia,Small,1277.0,851.0,
2018,Gondia,Goregaon,Big,0.0,0.0,
2018,Gondia,Goregaon,Medium,18718.0,3061.0,
2018,Gondia,Goregaon,Small,1734.0,1124.0,
2018,Gondia,Sadak Arjuni,Big,0.0,0.0,
2018,Gondia,Sadak Arjuni,Medium,3500.0,943.0,
2018,Gondia,Sadak Arjuni,Small,2509.0,415.0,
2018,Gondia,Salekasa,Big,8693.0,4813.0,
2018,Gondia,Salekasa,Medium,5008.0,1003.0,
2018,Gondia,Salekasa,Small,460.0,428.0,
2018,Gondia,Tiroda,Big,0.0,0.0,
2018,Gondia,Tiroda,Medium,43694.0,6457.0,
2018,Gondia,Tiroda,Small,2181.0,1021.0,
2018,Hingoli,Aundha Na,Big,8136.0,2129.0,
2018,Hingoli,Aundha Na,Small,210.0,0.0,
2018,Hingoli,Hingoli,Small,1336.5,0.0,
2018,Hingoli,Kalamanuri,Big,9870.0,10175.0,
2018,Hingoli,Kalamanuri,Small,369.0,85.0,
2018,Hingoli,Sengaon,Small,1053.0,178.8,
2018,Hingoli,Vasamat,Big,36305.0,8166.0,
2018,Hingoli,Vasamat,Small,464.5,263.8,
2018,Kolhapur,Ajara,Big,0.0,0.0,
2018,Kolhapur,Ajara,Medium,6940.0,5537.0,
2018,Kolhapur,Ajara,Small,1080.0,948.0,
2018,Kolhapur,Bhudargad,Big,2751.0,2024.0,
2018,Kolhapur,Bhudargad,Medium,10512.0,8523.0,
2018,Kolhapur,Bhudargad,Small,2637.0,2315.0,
2018,Kolhapur,Chandgad,Big,0.0,0.0,
2018,Kolhapur,Chandgad,Medium,14377.0,11034.0,
2018,Kolhapur,Chandgad,Small,8935.0,7755.0,
2018,Kolhapur,Gadhinglaj,Big,0.0,0.0,
2018,Kolhapur,Gadhinglaj,Medium,6577.0,4513.0,
2018,Kolhapur,Gadhinglaj,Small,3398.0,2973.0,
2018,Kolhapur,Gaganbavada,Big,0.0,0.0,
2018,Kolhapur,Gaganbavada,Medium,5586.0,5249.0,
2018,Kolhapur,Gaganbavada,Small,1463.0,1315.0,
2018,Kolhapur,Hatkanangale,Big,25116.0,17202.0,
2018,Kolhapur,Hatkanangale,Medium,0.0,0.0,
2018,Kolhapur,Hatkanangale,Small,632.0,531.0,
2018,Kolhapur,Kagal,Big,19393.0,14270.0,
2018,Kolhapur,Kagal,Medium,5943.0,4874.0,
2018,Kolhapur,Kagal,Small,2296.0,2041.0,
2018,Kolhapur,Karveer,Big,28587.0,18374.0,
2018,Kolhapur,Karveer,Medium,1774.0,1685.0,
2018,Kolhapur,Karveer,Small,1863.0,1577.0,
2018,Kolhapur,Panhala,Big,9291.0,6690.0,
2018,Kolhapur,Panhala,Medium,9898.0,9255.0,
2018,Kolhapur,Panhala,Small,2221.0,1913.0,
2018,Kolhapur,Radhanagari,Big,15487.0,10660.0,
2018,Kolhapur,Radhanagari,Medium,397.0,318.0,
2018,Kolhapur,Radhanagari,Small,1006.0,871.0,
2018,Kolhapur,Shahuwadi,Big,6820.0,4830.0,
2018,Kolhapur,Shahuwadi,Medium,13129.0,12281.0,
2018,Kolhapur,Shahuwadi,Small,6394.0,5174.0,
2018,Kolhapur,Shirol,Big,25869.0,20470.0,
2018,Kolhapur,Shirol,Medium,0.0,0.0,
2018,Kolhapur,Shirol,Small,0.0,0.0,
2018,Latur,Ahamadpur,Big,0.0,0.0,
2018,Latur,Ahamadpur,Medium,0.0,0.0,
2018,Latur,Ahamadpur,Small,16277.0,1280.0,
2018,Latur,Aosa,Big,2517.0,1986.0,
2018,Latur,Aosa,Medium,0.0,0.0,
2018,Latur,Aosa,Small,7477.0,424.0,
2018,Latur,Chakur,Big,0.0,0.0,
2018,Latur,Chakur,Medium,0.0,0.0,
2018,Latur,Chakur,Small,9756.0,945.0,
2018,Latur,Devani,Big,0.0,0.0,
2018,Latur,Devani,Medium,0.0,0.0,
2018,Latur,Devani,Small,5638.0,1328.0,
2018,Latur,Jalkot,Big,0.0,0.0,
2018,Latur,Jalkot,Medium,0.0,0.0,
2018,Latur,Jalkot,Small,6584.0,379.0,
2018,Latur,Latur,Big,6977.0,0.0,
2018,Latur,Latur,Medium,4103.0,171.0,
2018,Latur,Latur,Small,3286.0,103.0,
2018,Latur,Nilanga,Big,6286.0,854.0,
2018,Latur,Nilanga,Medium,1664.0,91.0,
2018,Latur,Nilanga,Small,8870.0,300.0,
2018,Latur,Renapur,Big,5902.0,0.0,
2018,Latur,Renapur,Medium,5653.0,188.0,
2018,Latur,Renapur,Small,4475.0,396.0,
2018,Latur,Shirur-Anantpal,Big,0.0,0.0,
2018,Latur,Shirur-Anantpal,Medium,7923.0,1853.0,
2018,Latur,Shirur-Anantpal,Small,581.0,205.0,
2018,Latur,Udgir,Big,0.0,0.0,
2018,Latur,Udgir,Medium,5825.0,731.0,
2018,Latur,Udgir,Small,6600.0,1465.0,
2018,Nagpur,Bhiwapur,Big,0.0,,
2018,Nagpur,Bhiwapur,Medium,0.0,0.0,
2018,Nagpur,Bhiwapur,Small,4693.0,3142.0,
2018,Nagpur,Hingana,Big,0.0,0.0,
2018,Nagpur,Hingana,Medium,3669.0,2084.0,
2018,Nagpur,Hingana,Small,3833.0,1207.0,
2018,Nagpur,Kalameshwar,Big,0.0,0.0,
2018,Nagpur,Kalameshwar,Medium,960.0,555.0,
2018,Nagpur,Kalameshwar,Small,3494.0,1403.0,
2018,Nagpur,Kamathi,Big,0.0,0.0,
2018,Nagpur,Kamathi,Medium,0.0,0.0,
2018,Nagpur,Kamathi,Small,0.0,0.0,
2018,Nagpur,Katol,Big,0.0,0.0,
2018,Nagpur,Katol,Medium,8473.0,3391.0,
2018,Nagpur,Katol,Small,5398.0,2196.0,
2018,Nagpur,Kuhi,Big,11195.0,3717.0,
2018,Nagpur,Kuhi,Medium,0.0,0.0,
2018,Nagpur,Kuhi,Small,936.0,39.0,
2018,Nagpur,Mauda,Big,0.0,0.0,
2018,Nagpur,Mauda,Medium,0.0,0.0,
2018,Nagpur,Mauda,Small,323.0,91.0,
2018,Nagpur,Nagpur (gra),Big,0.0,0.0,
2018,Nagpur,Nagpur (gra),Medium,1214.0,75.0,
2018,Nagpur,Nagpur (gra),Small,509.0,144.0,
2018,Nagpur,Nagpur (sh),Big,0.0,0.0,
2018,Nagpur,Nagpur (sh),Medium,0.0,0.0,
2018,Nagpur,Nagpur (sh),Small,0.0,0.0,
2018,Nagpur,Narkhed,Big,0.0,0.0,
2018,Nagpur,Narkhed,Medium,0.0,0.0,
2018,Nagpur,Narkhed,Small,1500.0,987.0,
2018,Nagpur,Parashivani,Big,83076.0,60990.0,
2018,Nagpur,Parashivani,Medium,0.0,0.0,
2018,Nagpur,Parashivani,Small,4507.0,2003.0,
2018,Nagpur,Ramtech,Big,0.0,0.0,
2018,Nagpur,Ramtech,Medium,0.0,0.0,
2018,Nagpur,Ramtech,Small,3649.0,399.0,
2018,Nagpur,Sawner,Big,0.0,0.0,
2018,Nagpur,Sawner,Medium,10124.0,12410.0,
2018,Nagpur,Sawner,Small,3478.0,1457.0,
2018,Nagpur,Umred,Big,6667.0,7423.0,
2018,Nagpur,Umred,Medium,5669.0,6268.0,
2018,Nagpur,Umred,Small,6634.0,3876.0,
2018,Nashik,Malegaon,Big,0.0,0.0,
2018,Nashik,Malegaon,Medium,0.0,0.0,
2018,Nashik,Malegaon,Small,3400.0,6846.0,
2018,Nashik,Baglan,Big,0.0,0.0,
2018,Nashik,Baglan,Medium,23534.0,3138.0,
2018,Nashik,Baglan,Small,2588.0,2018.0,
2018,Nashik,Chandwad,Big,715.0,0.0,
2018,Nashik,Chandwad,Medium,0.0,0.0,
2018,Nashik,Chandwad,Small,2655.0,6008.0,
2018,Nashik,Devala,Big,0.0,0.0,
2018,Nashik,Devala,Medium,0.0,0.0,
2018,Nashik,Devala,Small,1641.0,1313.0,
2018,Nashik,Dindori,Big,101983.0,76167.0,
2018,Nashik,Dindori,Medium,9034.0,2296.0,
2018,Nashik,Dindori,Small,4804.0,3667.0,
2018,Nashik,Igatpuri,Big,113450.0,25726.0,
2018,Nashik,Igatpuri,Medium,0.0,0.0,
2018,Nashik,Igatpuri,Small,2044.0,1194.0,
2018,Nashik,Kalwan,Big,53539.0,10861.0,
2018,Nashik,Kalwan,Medium,0.0,0.0,
2018,Nashik,Kalwan,Small,3346.0,2426.0,
2018,Nashik,Nandgaon,Big,106588.0,22356.0,
2018,Nashik,Nandgaon,Medium,7673.0,1410.0,
2018,Nashik,Nandgaon,Small,2497.0,4768.0,
2018,Nashik,Nashik,Big,30400.0,5487.0,
2018,Nashik,Nashik,Medium,12725.0,699.0,
2018,Nashik,Nashik,Small,2618.0,1178.0,
2018,Nashik,Nifad,Big,0.0,0.0,
2018,Nashik,Nifad,Medium,0.0,0.0,
2018,Nashik,Nifad,Small,1422.0,2138.0,
2018,Nashik,Peth,Big,0.0,0.0,
2018,Nashik,Peth,Medium,0.0,0.0,
2018,Nashik,Peth,Small,3149.0,2587.0,
2018,Nashik,Sinner,Big,0.0,0.0,
2018,Nashik,Sinner,Medium,5260.0,327.0,
2018,Nashik,Sinner,Small,3050.0,8440.0,
2018,Nashik,Surgana,Big,0.0,0.0,
2018,Nashik,Surgana,Medium,0.0,0.0,
2018,Nashik,Surgana,Small,649.0,535.0,
2018,Nashik,Trimbak,Big,0.0,0.0,
2018,Nashik,Trimbak,Medium,0.0,0.0,
2018,Nashik,Trimbak,Small,2605.0,1503.0,
2018,Nashik,Yewala,Big,0.0,0.0,
2018,Nashik,Yewala,Medium,0.0,0.0,
2018,Nashik,Yewala,Small,953.0,4649.0,
2018,Raigad,Karjat,Medium,3190.0,622.0,
2018,Raigad,Karjat,Small,4367.0,2242.0,
2018,Raigad,Alibag,Medium,6088.0,2528.0,
2018,Raigad,Alibag,Small,885.0,1307.0,
2018,Raigad,Khalapur,Small,1144.0,782.0,
2018,Raigad,Mahad,Small,800.0,88.0,
2018,Raigad,Mangaon,Big,14274.0,843.0,
2018,Raigad,Mangaon,Small,8422.0,1207.0,
2018,Raigad,Mhasala,Small,308.0,68.0,
2018,Raigad,Murud,Small,275.0,155.0,
2018,Raigad,Panwel,Small,349.0,156.0,
2018,Raigad,Pen,Medium,6095.0,1124.0,
2018,Raigad,Pen,Small,11157.0,227.0,
2018,Raigad,Poladpur,Small,258.0,0.0,
2018,Raigad,Roha,Medium,277.0,84.0,
2018,Raigad,Roha,Small,992.0,475.0,
2018,Raigad,Shreevardhan,Small,398.0,63.0,
2018,Raigad,Sudhagad,Small,1077.0,148.0,
2018,Raigad,Tala,Small,302.0,83.0,
2018,Raigad,Uran,Small,105.0,0.0,
2018,Sangli,Aatpadi,Big,22240.0,1767.0,
2018,Sangli,Aatpadi,Medium,942.0,150.0,
2018,Sangli,Aatpadi,Small,14894.0,11376.0,
2018,Sangli,Jat,Big,22889.0,1964.0,
2018,Sangli,Jat,Medium,5174.0,3325.0,
2018,Sangli,Jat,Small,21532.0,16411.0,
2018,Sangli,Kadegaon,Big,27901.0,26403.0,
2018,Sangli,Kadegaon,Medium,0.0,0.0,
2018,Sangli,Kadegaon,Small,7630.0,4962.0,
2018,Sangli,Khanapur,Big,33151.0,5730.0,
2018,Sangli,Khanapur,Medium,0.0,0.0,
2018,Sangli,Khanapur,Small,8883.0,5692.0,
2018,Sangli,Ku. Mahakal,Big,27472.0,12869.0,
2018,Sangli,Ku. Mahakal,Medium,499.0,366.0,
2018,Sangli,Ku. Mahakal,Small,7577.0,7165.0,
2018,Sangli,Miraj,Big,31454.0,22839.0,
2018,Sangli,Miraj,Medium,0.0,0.0,
2018,Sangli,Miraj,Small,15414.0,27326.0,
2018,Sangli,Palus,Big,3029.0,1569.0,
2018,Sangli,Palus,Medium,3675.0,2543.0,
2018,Sangli,Palus,Small,16979.0,18124.0,
2018,Sangli,Shirala,Big,0.0,0.0,
2018,Sangli,Shirala,Medium,2566.0,1696.0,
2018,Sangli,Shirala,Small,3917.0,2904.0,
2018,Sangli,Tasgaon,Big,38887.0,17654.0,
2018,Sangli,Tasgaon,Medium,4692.0,3419.0,
2018,Sangli,Tasgaon,Small,7678.0,10021.0,
2018,Sangli,Valava,Big,129.0,81.0,
2018,Sangli,Valava,Medium,2440.0,1689.0,
2018,Sangli,Valava,Small,31187.0,41263.0,
2018,Satara,Faltan,Big,58970.0,30256.0,
2018,Satara,Faltan,Medium,0.0,0.0,
2018,Satara,Faltan,Small,1744.0,1164.0,
2018,Satara,Javali,Big,2200.0,2200.0,
2018,Satara,Javali,Medium,8523.0,0.0,
2018,Satara,Javali,Small,0.0,0.0,
2018,Satara,Karad,Big,47149.0,44119.0,
2018,Satara,Karad,Medium,20871.0,5201.0,
2018,Satara,Karad,Small,6250.0,7966.0,
2018,Satara,Khandala,Big,23129.0,8526.0,
2018,Satara,Khandala,Medium,0.0,0.0,
2018,Satara,Khandala,Small,370.0,82.0,
2018,Satara,Khatav,Big,35002.0,8011.0,
2018,Satara,Khatav,Medium,6673.0,4211.0,
2018,Satara,Khatav,Small,1365.0,0.0,
2018,Satara,Koregaon,Big,20999.0,21333.0,
2018,Satara,Koregaon,Medium,11932.0,0.0,
2018,Satara,Koregaon,Small,2045.0,445.0,
2018,Satara,Mahableshwar,Big,0.0,0.0,
2018,Satara,Mahableshwar,Medium,0.0,0.0,
2018,Satara,Mahableshwar,Small,0.0,0.0,
2018,Satara,Man,Big,39102.0,0.0,
2018,Satara,Man,Medium,6640.0,2011.0,
2018,Satara,Man,Small,1673.0,610.0,
2018,Satara,Patan,Big,25787.0,17462.0,
2018,Satara,Patan,Medium,10536.0,1125.0,
2018,Satara,Patan,Small,12925.0,8122.0,
2018,Satara,Satara,Big,30530.0,22898.0,
2018,Satara,Satara,Medium,0.0,0.0,
2018,Satara,Satara,Small,5107.0,3612.0,
2018,Satara,Vai,Big,26981.0,17893.0,
2018,Satara,Vai,Medium,5784.0,3211.0,
2018,Satara,Vai,Small,346.0,0.0,
2018,Sindhudurg,Devgad,Big,0.0,0.0,
2018,Sindhudurg,Devgad,Medium,0.0,0.0,
2018,Sindhudurg,Devgad,Small,1357.0,614.0,
2018,Sindhudurg,Dodamarg,Big,6676.0,2724.0,
2018,Sindhudurg,Dodamarg,Medium,0.0,0.0,
2018,Sindhudurg,Dodamarg,Small,2010.0,395.0,
2018,Sindhudurg,Kankavali,Big,0.0,0.0,
2018,Sindhudurg,Kankavali,Medium,8122.0,169.0,
2018,Sindhudurg,Kankavali,Small,6171.0,1357.0,
2018,Sindhudurg,Kudal,Big,28900.0,0.0,
2018,Sindhudurg,Kudal,Medium,0.0,0.0,
2018,Sindhudurg,Kudal,Small,4934.0,1546.0,
2018,Sindhudurg,Malvan,Big,0.0,0.0,
2018,Sindhudurg,Malvan,Medium,0.0,0.0,
2018,Sindhudurg,Malvan,Small,3475.0,1493.0,
2018,Sindhudurg,Sawantwadi,Big,0.0,0.0,
2018,Sindhudurg,Sawantwadi,Medium,5505.0,0.0,
2018,Sindhudurg,Sawantwadi,Small,7736.0,4083.0,
2018,Sindhudurg,Vaibhavwadi,Big,0.0,0.0,
2018,Sindhudurg,Vaibhavwadi,Medium,11705.0,0.0,
2018,Sindhudurg,Vaibhavwadi,Small,2836.0,273.0,
2018,Sindhudurg,Vengurla,Big,0.0,0.0,
2018,Sindhudurg,Vengurla,Medium,0.0,0.0,
2018,Sindhudurg,Vengurla,Small,1165.0,324.0,
2018,Thane,Ambarnath,Big,0.0,0.0,
2018,Thane,Ambarnath,Medium,0.0,0.0,
2018,Thane,Ambarnath,Small,797.0,73.72,
2018,Thane,Bhivandi,Big,4166.0,5099.0,
2018,Thane,Bhivandi,Medium,0.0,0.0,
2018,Thane,Bhivandi,Small,1578.0,64.0,
2018,Thane,Kalyan,Big,0.0,70.0,
2018,Thane,Kalyan,Medium,0.0,0.0,
2018,Thane,Kalyan,Small,589.0,53.0,
2018,Thane,Murbad,Big,0.0,0.0,
2018,Thane,Murbad,Medium,0.0,0.0,
2018,Thane,Murbad,Small,3921.0,1101.0,
2018,Thane,Shahapur,Big,5024.0,3084.0,
2018,Thane,Shahapur,Medium,0.0,0.0,
2018,Thane,Shahapur,Small,4352.0,1646.0,
2018,Thane,Thane,Big,0.0,0.0,
2018,Thane,Thane,Medium,0.0,0.0,
2018,Thane,Thane,Small,0.0,0.0,
2018,Thane,Ulhasnagar,Big,0.0,0.0,
2018,Thane,Ulhasnagar,Medium,0.0,0.0,
2018,Thane,Ulhasnagar,Small,0.0,0.0,
2018,Wardha,Karanja,Big,0.0,0.0,
2018,Wardha,Karanja,Medium,10364.0,238.8,
2018,Wardha,Karanja,Small,1065.7,535.65,
2018,Wardha,Aarvi,Big,0.0,0.0,
2018,Wardha,Aarvi,Medium,15783.0,3636.0,
2018,Wardha,Aarvi,Small,7984.0,4749.0,
2018,Wardha,Ashti,Big,0.0,0.0,
2018,Wardha,Ashti,Medium,0.0,0.0,
2018,Wardha,Ashti,Small,1450.0,1024.0,
2018,Wardha,Hinganghat,Big,35940.0,0.0,
2018,Wardha,Hinganghat,Medium,0.0,0.0,
2018,Wardha,Hinganghat,Small,410.2,179.2,
2018,Wardha,Samudrapur,Big,0.0,0.0,
2018,Wardha,Samudrapur,Medium,5209.0,4406.0,
2018,Wardha,Samudrapur,Small,14.75,14.75,
2018,Wardha,Selu,Big,35584.0,7425.0,
2018,Wardha,Selu,Medium,8909.0,3450.0,
2018,Wardha,Selu,Small,4333.4,2367.4,
2018,Wardha,Wardha,Big,0.0,0.0,
2018,Wardha,Wardha,Medium,0.0,0.0,
2018,Wardha,Wardha,Small,2800.0,1478.0,
2018,Wardha,Devali,Big,0.0,0.0,
2018,Wardha,Devali,Medium,0.0,0.0,
2018,Wardha,Devali,Small,11.0,11.0,
2018,Yavatmal,Kalamb,Big,0.0,0.0,
2018,Yavatmal,Kalamb,Medium,0.0,0.0,
2018,Yavatmal,Kalamb,Small,3545.0,8.0,
2018,Yavatmal,Aarni,Big,0.0,0.0,
2018,Yavatmal,Aarni,Medium,0.0,0.0,
2018,Yavatmal,Aarni,Small,1668.0,0.0,
2018,Yavatmal,Babhulgaon,Big,65866.0,14621.0,
2018,Yavatmal,Babhulgaon,Medium,7855.0,0.0,
2018,Yavatmal,Babhulgaon,Small,2212.0,1175.0,
2018,Yavatmal,Darvha,Big,0.0,0.0,
2018,Yavatmal,Darvha,Medium,27234.0,7819.0,
2018,Yavatmal,Darvha,Small,1484.0,1484.0,
2018,Yavatmal,Digras,Big,30170.0,13658.0,
2018,Yavatmal,Digras,Medium,0.0,0.0,
2018,Yavatmal,Digras,Small,0.0,0.0,
2018,Yavatmal,Ghantaji,Big,218129.0,0.0,
2018,Yavatmal,Ghantaji,Medium,0.0,0.0,
2018,Yavatmal,Ghantaji,Small,296.0,0.0,
2018,Yavatmal,Kelapur,Big,0.0,0.0,
2018,Yavatmal,Kelapur,Medium,4865.0,4539.0,
2018,Yavatmal,Kelapur,Small,2745.0,2222.0,
2018,Yavatmal,Mahagaon,Big,0.0,0.0,
2018,Yavatmal,Mahagaon,Medium,10732.0,3569.0,
2018,Yavatmal,Mahagaon,Small,2221.0,1543.0,
2018,Yavatmal,Maregaon,Big,0.0,0.0,
2018,Yavatmal,Maregaon,Medium,2878.0,1353.0,
2018,Yavatmal,Maregaon,Small,1767.0,278.0,
2018,Yavatmal,Ner,Big,0.0,0.0,
2018,Yavatmal,Ner,Medium,0.0,0.0,
2018,Yavatmal,Ner,Small,2797.0,2797.0,
2018,Yavatmal,Pusad,Big,44940.0,17800.0,
2018,Yavatmal,Pusad,Medium,0.0,0.0,
2018,Yavatmal,Pusad,Small,441.0,354.0,
2018,Yavatmal,Ralegaon,Big,0.0,0.0,
2018,Yavatmal,Ralegaon,Medium,0.0,0.0,
2018,Yavatmal,Ralegaon,Small,7544.0,2231.0,
2018,Yavatmal,Umarkhed,Big,0.0,0.0,
2018,Yavatmal,Umarkhed,Medium,0.0,0.0,
2018,Yavatmal,Umarkhed,Small,2783.0,305.0,
2018,Yavatmal,Vani,Big,0.0,0.0,
2018,Yavatmal,Vani,Medium,0.0,0.0,
2018,Yavatmal,Vani,Small,1555.0,0.0,
2018,Yavatmal,Yavatmal,Big,0.0,0.0,
2018,Yavatmal,Yavatmal,Medium,15276.0,4395.0,
2018,Yavatmal,Yavatmal,Small,629.0,629.0,
2018,Yavatmal,Zari Jamani,Big,0.0,0.0,
2018,Yavatmal,Zari Jamani,Medium,0.0,0.0,
2018,Yavatmal,Zari Jamani,Small,1730.0,1730.0,
2018,Beed,Ashti,Big,0.0,0.0,
2018,Beed,Ashti,Medium,9048.0,0.0,
2018,Beed,Ashti,Small,8577.0,1514.0,
2018,Beed,Ambajogai,Big,0.0,0.0,
2018,Beed,Ambajogai,Medium,0.0,0.0,
2018,Beed,Ambajogai,Small,5495.0,743.0,
2018,Beed,Beed,Big,0.0,0.0,
2018,Beed,Beed,Medium,1288.0,0.0,
2018,Beed,Beed,Small,11562.0,134.0,
2018,Beed,Cage,Big,14189.0,,
2018,Beed,Cage,Medium,769.0,0.0,
2018,Beed,Cage,Small,5887.0,156.0,
2018,Beed,Dharur,Big,0.0,0.0,
2018,Beed,Dharur,Medium,1230.0,241.0,
2018,Beed,Dharur,Small,2745.0,15.0,
2018,Beed,Gevrai,Big,0.0,0.0,
2018,Beed,Gevrai,Medium,0.0,0.0,
2018,Beed,Gevrai,Small,2822.0,106.0,
2018,Beed,Majalgaon,Big,39220.0,20514.0,
2018,Beed,Majalgaon,Medium,0.0,0.0,
2018,Beed,Majalgaon,Small,1818.0,0.0,
2018,Beed,Parli,Big,0.0,0.0,
2018,Beed,Parli,Medium,12285.0,0.0,
2018,Beed,Parli,Small,4104.0,404.0,
2018,Beed,Patoda,Big,0.0,0.0,
2018,Beed,Patoda,Medium,3036.0,0.0,
2018,Beed,Patoda,Small,11521.0,603.0,
2018,Beed,Shirur Kasar,Big,0.0,0.0,
2018,Beed,Shirur Kasar,Medium,1782.0,0.0,
2018,Beed,Shirur Kasar,Small,5466.0,0.0,
2018,Beed,Wadwani,Big,0.0,0.0,
2018,Beed,Wadwani,Medium,1797.0,1100.0,
2018,Beed,Wadwani,Small,3341.0,2.0,
2018,Buldhana,Buldhana,Big,0.0,0.0,
2018,Buldhana,Buldhana,Medium,0.0,0.0,
2018,Buldhana,Buldhana,Small,4296.0,435.0,
2018,Buldhana,Chikhali,Big,4500.0,0.0,
2018,Buldhana,Chikhali,Medium,0.0,0.0,
2018,Buldhana,Chikhali,Small,4092.0,0.0,
2018,Buldhana,Deulgaon Raja,Big,10919.0,1700.0,
2018,Buldhana,Deulgaon Raja,Medium,0.0,0.0,
2018,Buldhana,Deulgaon Raja,Small,1697.0,0.0,
2018,Buldhana,Jalgaon Jamod,Big,16758.0,0.0,
2018,Buldhana,Jalgaon Jamod,Medium,0.0,0.0,
2018,Buldhana,Jalgaon Jamod,Small,1348.0,0.0,
2018,Buldhana,Khamgaon,Big,24923.0,0.0,
2018,Buldhana,Khamgaon,Medium,9913.0,51.0,
2018,Buldhana,Khamgaon,Small,4277.0,0.0,
2018,Buldhana,Lonar,Big,0.0,0.0,
2018,Buldhana,Lonar,Medium,1721.0,0.0,
2018,Buldhana,Lonar,Small,5196.0,930.0,
2018,Buldhana,Malkapur,Big,10021.0,125.0,
2018,Buldhana,Malkapur,Medium,0.0,0.0,
2018,Buldhana,Malkapur,Small,176.0,0.0,
2018,Buldhana,Mehkar,Big,13292.0,805.0,
2018,Buldhana,Mehkar,Medium,1439.0,113.0,
2018,Buldhana,Mehkar,Small,2983.0,1061.0,
2018,Buldhana,Motala,Big,1700.0,0.0,
2018,Buldhana,Motala,Medium,2415.0,0.0,
2018,Buldhana,Motala,Small,3721.0,0.0,
2018,Buldhana,Nandura,Big,37201.0,0.0,
2018,Buldhana,Nandura,Medium,180.0,0.0,
2018,Buldhana,Nandura,Small,509.0,0.0,
2018,Buldhana,Sangrampur,Big,11250.0,1180.0,
2018,Buldhana,Sangrampur,Medium,0.0,0.0,
2018,Buldhana,Sangrampur,Small,0.0,0.0,
2018,Buldhana,Shegaon,Big,37573.0,0.0,
2018,Buldhana,Shegaon,Medium,6347.0,0.0,
2018,Buldhana,Shegaon,Small,990.0,0.0,
2018,Buldhana,Sindkhed Raja,Big,5500.0,372.0,
2018,Buldhana,Sindkhed Raja,Medium,0.0,0.0,
2018,Buldhana,Sindkhed Raja,Small,5168.0,150.0,
2018,Parbhani,Selu,Big,53933.0,5032.0,
2018,Parbhani,Selu,Medium,0.0,0.0,
2018,Parbhani,Selu,Small,1751.0,84.0,
2018,Parbhani,Gangakhed,Big,8347.0,2057.0,
2018,Parbhani,Gangakhed,Medium,6320.0,513.0,
2018,Parbhani,Gangakhed,Small,4924.0,103.0,
2018,Parbhani,Jintur,Big,0.0,0.0,
2018,Parbhani,Jintur,Medium,3818.0,1593.0,
2018,Parbhani,Jintur,Small,8508.0,156.0,
2018,Parbhani,Manvat,Big,11039.0,6456.0,
2018,Parbhani,Manvat,Medium,0.0,0.0,
2018,Parbhani,Manvat,Small,1020.0,115.0,
2018,Parbhani,Palam,Big,0.0,0.0,
2018,Parbhani,Palam,Medium,4812.0,1235.0,
2018,Parbhani,Palam,Small,2630.0,79.0,
2018,Parbhani,Parbhani,Big,34301.0,29670.0,
2018,Parbhani,Parbhani,Medium,0.0,0.0,
2018,Parbhani,Parbhani,Small,3278.0,363.0,
2018,Parbhani,Pathari,Big,32996.0,16902.0,
2018,Parbhani,Pathari,Medium,4149.0,852.0,
2018,Parbhani,Pathari,Small,919.0,5.0,
2018,Parbhani,Purna,Big,34616.0,14295.0,
2018,Parbhani,Purna,Medium,0.0,0.0,
2018,Parbhani,Purna,Small,978.0,60.0,
2018,Parbhani,Sonpeth,Big,0.0,0.0,
2018,Parbhani,Sonpeth,Medium,0.0,0.0,
2018,Parbhani,Sonpeth,Small,267.0,42.0,
2018,Nanded,Andhrapur,Big,0.0,0.0,
2018,Nanded,Andhrapur,Medium,0.0,0.0,
2018,Nanded,Andhrapur,Small,0.0,0.0,
2018,Nanded,Bhokar,Big,0.0,0.0,
2018,Nanded,Bhokar,Medium,405.0,434.0,
2018,Nanded,Bhokar,Small,4440.0,2679.0,
2018,Nanded,Biloli,Big,0.0,0.0,
2018,Nanded,Biloli,Medium,0.0,0.0,
2018,Nanded,Biloli,Small,1447.0,414.0,
2018,Nanded,Deglur,Big,0.0,0.0,
2018,Nanded,Deglur,Medium,1781.0,253.0,
2018,Nanded,Deglur,Small,3080.0,574.0,
2018,Nanded,Dharmabad,Big,0.0,0.0,
2018,Nanded,Dharmabad,Medium,9995.0,1040.0,
2018,Nanded,Dharmabad,Small,0.0,0.0,
2018,Nanded,Hadgaon,Big,0.0,0.0,
2018,Nanded,Hadgaon,Medium,0.0,0.0,
2018,Nanded,Hadgaon,Small,5722.0,2473.0,
2018,Nanded,Himalay Nagar,Big,0.0,0.0,
2018,Nanded,Himalay Nagar,Medium,0.0,0.0,
2018,Nanded,Himalay Nagar,Small,2577.0,1282.0,
2018,Nanded,Kandhar,Big,23310.0,2151.0,
2018,Nanded,Kandhar,Medium,2290.0,668.0,
2018,Nanded,Kandhar,Small,2000.0,717.0,
2018,Nanded,Kinvat,Big,0.0,0.0,
2018,Nanded,Kinvat,Medium,5183.0,2319.0,
2018,Nanded,Kinvat,Small,6914.0,2030.0,
2018,Nanded,Loha,Big,0.0,0.0,
2018,Nanded,Loha,Medium,820.0,2674.0,
2018,Nanded,Loha,Small,2180.0,844.0,
2018,Nanded,Mahur,Big,0.0,0.0,
2018,Nanded,Mahur,Medium,0.0,0.0,
2018,Nanded,Mahur,Small,2250.0,721.0,
2018,Nanded,Mudkhed,Big,1116.0,6887.0,
2018,Nanded,Mudkhed,Medium,0.0,0.0,
2018,Nanded,Mudkhed,Small,287.0,92.0,
2018,Nanded,Mukhed,Big,32410.0,26924.0,
2018,Nanded,Mukhed,Medium,1012.0,55.0,
2018,Nanded,Mukhed,Small,4114.0,614.0,
2018,Nanded,Nanded,Big,33725.0,16117.0,
2018,Nanded,Nanded,Medium,0.0,0.0,
2018,Nanded,Nanded,Small,0.0,0.0,
2018,Nanded,Naygaon,Big,0.0,0.0,
2018,Nanded,Naygaon,Medium,0.0,0.0,
2018,Nanded,Naygaon,Small,814.0,298.0,
2018,Nanded,Umari,Big,0.0,0.0,
2018,Nanded,Umari,Medium,1600.0,3438.0,
2018,Nanded,Umari,Small,1690.0,920.0,
2018,Palghar,Dahanu,Big,6141.0,4433.0,
2018,Palghar,Dahanu,Medium,0.0,0.0,
2018,Palghar,Dahanu,Small,323.0,88.04,
2018,Palghar,Javhar,Big,0.0,0.0,
2018,Palghar,Javhar,Medium,0.0,0.0,
2018,Palghar,Javhar,Small,150.0,10.0,
2018,Palghar,Mokhada,Big,0.0,0.0,
2018,Palghar,Mokhada,Medium,0.0,0.0,
2018,Palghar,Mokhada,Small,144.0,0.0,
2018,Palghar,Palghar,Big,8525.0,7455.0,
2018,Palghar,Palghar,Medium,4088.0,2904.31,
2018,Palghar,Palghar,Small,1037.0,275.82,
2018,Palghar,Talasari,Big,0.0,0.0,
2018,Palghar,Talasari,Medium,0.0,0.0,
2018,Palghar,Talasari,Small,0.0,0.0,
2018,Palghar,Vasai,Big,0.0,0.0,
2018,Palghar,Vasai,Medium,0.0,0.0,
2018,Palghar,Vasai,Small,0.0,0.0,
2018,Palghar,Vikramgad,Big,30.0,44.42,
2018,Palghar,Vikramgad,Medium,0.0,0.0,
2018,Palghar,Vikramgad,Small,578.0,308.68,
2018,Palghar,Wada,Big,0.0,0.0,
2018,Palghar,Wada,Medium,0.0,0.0,
2018,Palghar,Wada,Small,299.0,0.0,
2019,Nandurbar,Akkalkuva,Big,0.0,0.0,
2019,Nandurbar,Akkalkuva,Medium,4857.0,0.0,
2019,Nandurbar,Akkalkuva,Small,1045.0,706.0,
2019,Nandurbar,Akrani,Big,0.0,0.0,
2019,Nandurbar,Akrani,Medium,0.0,0.0,
2019,Nandurbar,Akrani,Small,182.0,110.0,
2019,Nandurbar,Nandurbar,Big,0.0,0.0,
2019,Nandurbar,Nandurbar,Medium,5395.0,0.0,
2019,Nandurbar,Nandurbar,Small,8915.0,3440.0,
2019,Nandurbar,Navapur,Big,0.0,0.0,
2019,Nandurbar,Navapur,Medium,15210.0,4538.0,
2019,Nandurbar,Navapur,Small,8597.0,4163.0,
2019,Nandurbar,Shahada,Big,0.0,0.0,
2019,Nandurbar,Shahada,Medium,26163.0,4428.0,
2019,Nandurbar,Shahada,Small,23021.0,3540.0,
2019,Nandurbar,Taloda,Big,0.0,0.0,
2019,Nandurbar,Taloda,Medium,0.0,0.0,
2019,Nandurbar,Taloda,Small,1527.0,999.0,
2019,Ratnagiri,Chiplun,Big,0.0,0.0,
2019,Ratnagiri,Chiplun,Medium,0.0,0.0,
2019,Ratnagiri,Chiplun,Small,1934.0,633.0,
2019,Ratnagiri,Dapoli,Big,0.0,0.0,
2019,Ratnagiri,Dapoli,Medium,0.0,0.0,
2019,Ratnagiri,Dapoli,Small,1910.0,239.0,
2019,Ratnagiri,Guhagar,Big,0.0,0.0,
2019,Ratnagiri,Guhagar,Medium,0.0,0.0,
2019,Ratnagiri,Guhagar,Small,273.0,136.0,
2019,Ratnagiri,Khed,Big,0.0,0.0,
2019,Ratnagiri,Khed,Medium,2050.0,1244.0,
2019,Ratnagiri,Khed,Small,3896.0,517.0,
2019,Ratnagiri,Lanja,Big,0.0,0.0,
2019,Ratnagiri,Lanja,Medium,0.0,0.0,
2019,Ratnagiri,Lanja,Small,2355.0,569.0,
2019,Ratnagiri,Mandangad,Big,0.0,0.0,
2019,Ratnagiri,Mandangad,Medium,0.0,0.0,
2019,Ratnagiri,Mandangad,Small,966.0,60.0,
2019,Ratnagiri,Rajapur,Big,0.0,0.0,
2019,Ratnagiri,Rajapur,Medium,12107.0,209.0,
2019,Ratnagiri,Rajapur,Small,1363.0,593.0,
2019,Ratnagiri,Ratnagiri,Big,0.0,0.0,
2019,Ratnagiri,Ratnagiri,Medium,0.0,0.0,
2019,Ratnagiri,Ratnagiri,Small,0.0,0.0,
2019,Ratnagiri,Sangameshwar,Big,0.0,0.0,
2019,Ratnagiri,Sangameshwar,Medium,3971.0,150.0,
2019,Ratnagiri,Sangameshwar,Small,2593.0,696.0,
2019,Washim,Karanja,Big,0.0,0.0,
2019,Washim,Karanja,Medium,0.0,0.0,
2019,Washim,Karanja,Small,2746.0,2551.7,
2019,Washim,Malegaon,Big,0.0,0.0,
2019,Washim,Malegaon,Medium,4370.0,2961.0,
2019,Washim,Malegaon,Small,3918.64,3608.64,
2019,Washim,Mangrulpir,Big,0.0,0.0,
2019,Washim,Mangrulpir,Medium,0.0,0.0,
2019,Washim,Mangrulpir,Small,4135.0,3347.04,
2019,Washim,Manora,Big,0.0,0.0,
2019,Washim,Manora,Medium,0.0,0.0,
2019,Washim,Manora,Small,3418.5,3137.1,
2019,Washim,Resod,Big,0.0,0.0,
2019,Washim,Resod,Medium,0.0,,
2019,Washim,Resod,Small,3459.49,2696.49,
2019,Washim,Washim,Big,0.0,0.0,
2019,Washim,Washim,Medium,2961.0,835.0,
2019,Washim,Washim,Small,3375.94,3023.94,
2019,Pune,Khed,Big,21911.0,46428.0,
2019,Pune,Khed,Medium,2105.0,87.0,
2019,Pune,Khed,Small,12748.0,9456.0,
2019,Pune,Aambegaon,Big,15418.0,11913.0,
2019,Pune,Aambegaon,Medium,3820.0,0.0,
2019,Pune,Aambegaon,Small,12298.0,19556.0,
2019,Pune,Baramati,Big,47736.0,66456.0,
2019,Pune,Baramati,Medium,3600.0,1522.0,
2019,Pune,Baramati,Small,17928.0,22077.0,
2019,Pune,Bhor,Big,3295.0,99.0,
2019,Pune,Bhor,Medium,0.0,0.0,
2019,Pune,Bhor,Small,4735.0,10046.0,
2019,Pune,Daund,Big,20084.0,1460.0,
2019,Pune,Daund,Medium,0.0,0.0,
2019,Pune,Daund,Small,22219.0,606.0,
2019,Pune,Haveli,Big,15451.0,23317.0,
2019,Pune,Haveli,Medium,1500.0,0.0,
2019,Pune,Haveli,Small,8394.0,3723.0,
2019,Pune,Indapur,Big,50196.0,75215.0,
2019,Pune,Indapur,Medium,1920.0,1576.0,
2019,Pune,Indapur,Small,9174.0,13064.0,
2019,Pune,Junnar,Big,27115.0,44044.0,
2019,Pune,Junnar,Medium,8318.0,6372.0,
2019,Pune,Junnar,Small,13580.0,19656.0,
2019,Pune,Maval,Big,6365.0,5195.0,
2019,Pune,Maval,Medium,10353.0,15733.0,
2019,Pune,Maval,Small,7385.0,2599.0,
2019,Pune,Mulashi,Big,1000.0,176.0,
2019,Pune,Mulashi,Medium,2832.0,5458.0,
2019,Pune,Mulashi,Small,12750.0,10091.0,
2019,Pune,Pune City,Big,0.0,0.0,
2019,Pune,Pune City,Medium,0.0,0.0,
2019,Pune,Pune City,Small,0.0,0.0,
2019,Pune,Purandar,Big,62355.0,67635.0,
2019,Pune,Purandar,Medium,2790.0,2457.0,
2019,Pune,Purandar,Small,8769.0,48842.0,
2019,Pune,Shirur,Big,62548.0,63849.0,
2019,Pune,Shirur,Medium,0.0,0.0,
2019,Pune,Shirur,Small,22147.0,30214.0,
2019,Pune,Welhe,Big,0.0,0.0,
2019,Pune,Welhe,Medium,0.0,0.0,
2019,Pune,Welhe,Small,4785.0,3009.0,
2019,Ahilyanagar,Akole,Big,8853.0,5261.0,
2019,Ahilyanagar,Akole,Medium,2178.0,1850.0,
2019,Ahilyanagar,Akole,Small,17461.0,5693.0,
2019,Ahilyanagar,Jamkhed,Big,0.0,0.0,
2019,Ahilyanagar,Jamkhed,Medium,2718.0,856.0,
2019,Ahilyanagar,Jamkhed,Small,5235.0,1799.0,
2019,Ahilyanagar,Karjat,Big,29990.0,0.0,
2019,Ahilyanagar,Karjat,Medium,8445.0,1178.0,
2019,Ahilyanagar,Karjat,Small,4779.0,2157.0,
2019,Ahilyanagar,Kopargaon,Big,25883.0,18598.0,
2019,Ahilyanagar,Kopargaon,Medium,0.0,0.0,
2019,Ahilyanagar,Kopargaon,Small,0.0,0.0,
2019,Ahilyanagar,Nagar,Big,11178.0,435.0,
2019,Ahilyanagar,Nagar,Medium,0.0,0.0,
2019,Ahilyanagar,Nagar,Small,6787.0,2198.0,
2019,Ahilyanagar,Nevasa,Big,84304.0,90122.0,
2019,Ahilyanagar,Nevasa,Medium,0.0,0.0,
2019,Ahilyanagar,Nevasa,Small,3481.0,589.0,
2019,Ahilyanagar,Parner,Big,14379.0,17661.0,
2019,Ahilyanagar,Parner,Medium,2266.0,1068.0,
2019,Ahilyanagar,Parner,Small,8927.0,5226.0,
2019,Ahilyanagar,Pathardi,Big,22315.0,9729.0,
2019,Ahilyanagar,Pathardi,Medium,1548.0,590.0,
2019,Ahilyanagar,Pathardi,Small,1292.0,539.0,
2019,Ahilyanagar,Rahata,Big,29359.0,10835.0,
2019,Ahilyanagar,Rahata,Medium,0.0,0.0,
2019,Ahilyanagar,Rahata,Small,0.0,0.0,
2019,Ahilyanagar,Rahuri,Big,37940.0,36654.0,
2019,Ahilyanagar,Rahuri,Medium,0.0,0.0,
2019,Ahilyanagar,Rahuri,Small,3730.0,978.0,
2019,Ahilyanagar,Sangamner,Big,29992.0,5754.0,
2019,Ahilyanagar,Sangamner,Medium,3066.0,567.0,
2019,Ahilyanagar,Sangamner,Small,5406.0,2122.0,
2019,Ahilyanagar,Shevgaon,Big,22372.0,28705.0,
2019,Ahilyanagar,Shevgaon,Medium,0.0,0.0,
2019,Ahilyanagar,Shevgaon,Small,809.0,458.0,
2019,Ahilyanagar,Srigonda,Big,72468.0,51108.0,
2019,Ahilyanagar,Srigonda,Medium,5369.0,6809.0,
2019,Ahilyanagar,Srigonda,Small,1941.0,3970.0,
2019,Ahilyanagar,Srirampur,Big,28971.0,8161.0,
2019,Ahilyanagar,Srirampur,Medium,0.0,0.0,
2019,Ahilyanagar,Srirampur,Small,6343.0,2526.0,
2019,Akola,Akola,Big,0.0,0.0,
2019,Akola,Akola,Medium,0.0,0.0,
2019,Akola,Akola,Small,111.0,0.0,
2019,Akola,Akot,Big,0.0,0.0,
2019,Akola,Akot,Medium,0.0,0.0,
2019,Akola,Akot,Small,112.0,0.0,
2019,Akola,Balapur,Big,0.0,0.0,
2019,Akola,Balapur,Medium,0.0,0.0,
2019,Akola,Balapur,Small,260.0,145.0,
2019,Akola,Barshitakali,Big,13996.0,5058.0,
2019,Akola,Barshitakali,Medium,0.0,0.0,
2019,Akola,Barshitakali,Small,351.0,30.0,
2019,Akola,Murtijapur,Big,0.0,0.0,
2019,Akola,Murtijapur,Medium,3168.0,173.0,
2019,Akola,Murtijapur,Small,1356.0,672.0,
2019,Akola,Patur,Big,0.0,0.0,
2019,Akola,Patur,Medium,16316.0,2201.0,
2019,Akola,Patur,Small,1789.0,846.0,
2019,Akola,Telhara,Big,22525.0,5811.0,
2019,Akola,Telhara,Medium,0.0,0.0,
2019,Akola,Telhara,Small,112.0,0.0,
2019,Amravati,Achalpur,Big,0.0,0.0,
2019,Amravati,Achalpur,Medium,21785.0,14562.0,
2019,Amravati,Achalpur,Small,3089.0,1678.0,
2019,Amravati,Amravati,Big,0.0,0.0,
2019,Amravati,Amravati,Medium,0.0,0.0,
2019,Amravati,Amravati,Small,2814.0,2273.0,
2019,Amravati,Anjangaon Su,Big,0.0,0.0,
2019,Amravati,Anjangaon Su,Medium,6775.0,4738.0,
2019,Amravati,Anjangaon Su,Small,645.0,465.0,
2019,Amravati,Bhatkuli,Big,0.0,0.0,
2019,Amravati,Bhatkuli,Medium,0.0,0.0,
2019,Amravati,Bhatkuli,Small,65.0,65.0,
2019,Amravati,Chandur Railway,Big,3288.0,2770.0,
2019,Amravati,Chandur Railway,Medium,0.0,0.0,
2019,Amravati,Chandur Railway,Small,7565.0,4195.0,
2019,Amravati,Chandurbazar,Big,0.0,0.0,
2019,Amravati,Chandurbazar,Medium,8963.0,6275.0,
2019,Amravati,Chandurbazar,Small,2737.0,1900.0,
2019,Amravati,Chikhraldara,Big,0.0,0.0,
2019,Amravati,Chikhraldara,Medium,0.0,0.0,
2019,Amravati,Chikhraldara,Small,1135.0,1135.0,
2019,Amravati,Daryapur,Big,0.0,0.0,
2019,Amravati,Daryapur,Medium,0.0,0.0,
2019,Amravati,Daryapur,Small,303.0,303.0,
2019,Amravati,Dhamangaon Re,Big,43365.0,36529.0,
2019,Amravati,Dhamangaon Re,Medium,0.0,0.0,
2019,Amravati,Dhamangaon Re,Small,31.0,31.0,
2019,Amravati,Dharani,Big,0.0,0.0,
2019,Amravati,Dharani,Medium,0.0,0.0,
2019,Amravati,Dharani,Small,9362.0,6195.0,
2019,Amravati,Morshi,Big,2872.0,2420.0,
2019,Amravati,Morshi,Medium,0.0,0.0,
2019,Amravati,Morshi,Small,2811.0,1907.0,
2019,Amravati,Nandgaon Kh,Big,0.0,0.0,
2019,Amravati,Nandgaon Kh,Medium,0.0,0.0,
2019,Amravati,Nandgaon Kh,Small,3024.0,1991.0,
2019,Amravati,Tivas,Big,14671.0,12358.0,
2019,Amravati,Tivas,Medium,0.0,0.0,
2019,Amravati,Tivas,Small,2213.0,1538.0,
2019,Amravati,Warud,Big,0.0,0.0,
2019,Amravati,Warud,Medium,0.0,0.0,
2019,Amravati,Warud,Small,8369.0,5673.0,
2019,Bhandara,Bhandara,Small,3658.0,1940.0,
2019,Bhandara,Lakhandur,Small,1916.0,2190.0,
2019,Bhandara,Lakhani,Small,3242.0,2260.0,
2019,Bhandara,Mohadi,Medium,3555.0,2146.0,
2019,Bhandara,Mohadi,Small,2146.0,1828.0,
2019,Bhandara,Pavani,Big,71775.0,47557.0,
2019,Bhandara,Pavani,Small,1276.0,1093.0,
2019,Bhandara,Sakoli,Small,8377.0,6416.0,
2019,Bhandara,Tumsar,Big,39459.0,20829.0,
2019,Bhandara,Tumsar,Medium,17634.0,12330.0,
2019,Bhandara,Tumsar,Small,13716.0,1815.0,
2019,Chandrapur,Ballarpur,Big,0.0,0.0,
2019,Chandrapur,Ballarpur,Medium,0.0,0.0,
2019,Chandrapur,Ballarpur,Small,2627.0,2315.0,
2019,Chandrapur,Bhadravati,Big,0.0,0.0,
2019,Chandrapur,Bhadravati,Medium,0.0,0.0,
2019,Chandrapur,Bhadravati,Small,660.0,618.0,
2019,Chandrapur,Bramhapuri,Big,0.0,0.0,
2019,Chandrapur,Bramhapuri,Medium,0.0,0.0,
2019,Chandrapur,Bramhapuri,Small,1923.0,1658.0,
2019,Chandrapur,Chandrapur,Big,0.0,0.0,
2019,Chandrapur,Chandrapur,Medium,0.0,0.0,
2019,Chandrapur,Chandrapur,Small,350.0,162.0,
2019,Chandrapur,Chimur,Big,0.0,0.0,
2019,Chandrapur,Chimur,Medium,0.0,0.0,
2019,Chandrapur,Chimur,Small,4594.0,3279.0,
2019,Chandrapur,Gondpipari,Big,0.0,0.0,
2019,Chandrapur,Gondpipari,Medium,0.0,0.0,
2019,Chandrapur,Gondpipari,Small,1495.0,1395.0,
2019,Chandrapur,Jivati,Big,0.0,0.0,
2019,Chandrapur,Jivati,Medium,0.0,0.0,
2019,Chandrapur,Jivati,Small,0.0,0.0,
2019,Chandrapur,Korpana,Big,0.0,0.0,
2019,Chandrapur,Korpana,Medium,10865.0,5900.0,
2019,Chandrapur,Korpana,Small,0.0,0.0,
2019,Chandrapur,Mul,Big,0.0,0.0,
2019,Chandrapur,Mul,Medium,0.0,0.0,
2019,Chandrapur,Mul,Small,8110.0,7184.0,
2019,Chandrapur,Nagbhid,Big,0.0,0.0,
2019,Chandrapur,Nagbhid,Medium,19607.0,5900.0,
2019,Chandrapur,Nagbhid,Small,7126.0,6337.0,
2019,Chandrapur,Ponbhurna,Big,0.0,0.0,
2019,Chandrapur,Ponbhurna,Medium,0.0,0.0,
2019,Chandrapur,Ponbhurna,Small,1482.0,1105.0,
2019,Chandrapur,Rajura,Big,0.0,0.0,
2019,Chandrapur,Rajura,Medium,0.0,0.0,
2019,Chandrapur,Rajura,Small,1255.0,972.0,
2019,Chandrapur,Savali,Big,50858.0,9919.0,
2019,Chandrapur,Savali,Medium,0.0,0.0,
2019,Chandrapur,Savali,Small,3584.0,2687.0,
2019,Chandrapur,Sindevahi,Big,0.0,0.0,
2019,Chandrapur,Sindevahi,Medium,7064.0,1688.0,
2019,Chandrapur,Sindevahi,Small,5766.0,5162.0,
2019,Chandrapur,Varora,Big,0.0,0.0,
2019,Chandrapur,Varora,Medium,8146.0,5377.0,
2019,Chandrapur,Varora,Small,10148.0,7930.0,
2019,Dharashiv,Bhum,Big,0.0,0.0,
2019,Dharashiv,Bhum,Medium,4932.0,1404.0,
2019,Dharashiv,Bhum,Small,4281.0,1315.0,
2019,Dharashiv,Dharashiv,Big,0.0,0.0,
2019,Dharashiv,Dharashiv,Medium,5646.0,274.0,
2019,Dharashiv,Dharashiv,Small,13252.0,1574.0,
2019,Dharashiv,Kalamb,Big,0.0,0.0,
2019,Dharashiv,Kalamb,Medium,2040.0,0.0,
2019,Dharashiv,Kalamb,Small,3900.0,524.0,
2019,Dharashiv,Lohara,Big,830.0,830.0,
2019,Dharashiv,Lohara,Medium,0.0,0.0,
2019,Dharashiv,Lohara,Small,3536.0,3536.0,
2019,Dharashiv,Paranda,Big,12100.0,0.0,
2019,Dharashiv,Paranda,Medium,9595.0,0.0,
2019,Dharashiv,Paranda,Small,2937.0,0.0,
2019,Dharashiv,Tuljapur,Big,0.0,0.0,
2019,Dharashiv,Tuljapur,Medium,7973.0,2734.0,
2019,Dharashiv,Tuljapur,Small,21981.0,21981.0,
2019,Dharashiv,Umaraga,Big,0.0,0.0,
2019,Dharashiv,Umaraga,Medium,5296.0,1633.0,
2019,Dharashiv,Umaraga,Small,12225.0,12225.0,
2019,Dharashiv,Washi,Big,0.0,0.0,
2019,Dharashiv,Washi,Medium,0.0,0.0,
2019,Dharashiv,Washi,Small,4015.0,290.0,
2019,Dhule,Dhule,Big,0.0,0.0,
2019,Dhule,Dhule,Medium,2105.0,2977.0,
2019,Dhule,Dhule,Small,23871.0,16400.0,
2019,Dhule,Sakri,Big,0.0,0.0,
2019,Dhule,Sakri,Medium,36812.0,17010.0,
2019,Dhule,Sakri,Small,7312.0,4123.0,
2019,Dhule,Shindkheda,Big,0.0,0.0,
2019,Dhule,Shindkheda,Medium,26415.0,8509.0,
2019,Dhule,Shindkheda,Small,5922.0,4221.0,
2019,Dhule,Shirpur,Big,0.0,0.0,
2019,Dhule,Shirpur,Medium,20672.0,21004.0,
2019,Dhule,Shirpur,Small,4294.0,5416.0,
2019,Gadchiroli,Aarmori,Big,30590.0,0.0,
2019,Gadchiroli,Aarmori,Medium,2812.0,0.0,
2019,Gadchiroli,Aarmori,Small,318.0,222.1,
2019,Gadchiroli,Aheri,Big,0.0,0.0,
2019,Gadchiroli,Aheri,Medium,0.0,0.0,
2019,Gadchiroli,Aheri,Small,571.27,544.79,
2019,Gadchiroli,Bhamragad,Big,0.0,0.0,
2019,Gadchiroli,Bhamragad,Medium,0.0,0.0,
2019,Gadchiroli,Bhamragad,Small,0.0,0.0,
2019,Gadchiroli,Chomoshi,Big,12656.0,10992.2,
2019,Gadchiroli,Chomoshi,Medium,14803.0,0.0,
2019,Gadchiroli,Chomoshi,Small,1214.0,1391.07,
2019,Gadchiroli,Desaiganj,Big,9378.0,9535.0,
2019,Gadchiroli,Desaiganj,Medium,0.0,0.0,
2019,Gadchiroli,Desaiganj,Small,1281.36,934.55,
2019,Gadchiroli,Dhanora,Big,0.0,0.0,
2019,Gadchiroli,Dhanora,Medium,5250.0,0.0,
2019,Gadchiroli,Dhanora,Small,197.0,69.19,
2019,Gadchiroli,Etapalli,Big,0.0,0.0,
2019,Gadchiroli,Etapalli,Medium,0.0,0.0,
2019,Gadchiroli,Etapalli,Small,0.0,0.0,
2019,Gadchiroli,Gadchiroli,Big,0.0,0.0,
2019,Gadchiroli,Gadchiroli,Medium,5779.0,0.0,
2019,Gadchiroli,Gadchiroli,Small,805.0,601.13,
2019,Gadchiroli,Korachi,Big,0.0,0.0,
2019,Gadchiroli,Korachi,Medium,0.0,0.0,
2019,Gadchiroli,Korachi,Small,0.0,0.0,
2019,Gadchiroli,Kurkheda,Big,0.0,0.0,
2019,Gadchiroli,Kurkheda,Medium,0.0,0.0,
2019,Gadchiroli,Kurkheda,Small,512.0,45.0,
2019,Gadchiroli,Mulchera,Big,0.0,0.0,
2019,Gadchiroli,Mulchera,Medium,2342.0,0.0,
2019,Gadchiroli,Mulchera,Small,320.0,308.54,
2019,Gadchiroli,Sironcha,Big,0.0,0.0,
2019,Gadchiroli,Sironcha,Medium,3283.0,0.0,
2019,Gadchiroli,Sironcha,Small,560.0,262.92,
2019,Gondia,Aamgaon,Big,13725.0,6844.0,
2019,Gondia,Aamgaon,Medium,0.0,0.0,
2019,Gondia,Aamgaon,Small,0.0,0.0,
2019,Gondia,Arjuni Morgaon,Big,20508.0,11490.0,
2019,Gondia,Arjuni Morgaon,Medium,0.0,0.0,
2019,Gondia,Arjuni Morgaon,Small,6434.0,3157.0,
2019,Gondia,Devari,Big,457.0,0.0,
2019,Gondia,Devari,Medium,0.0,0.0,
2019,Gondia,Devari,Small,3190.0,443.0,
2019,Gondia,Gondia,Big,22874.0,16332.0,
2019,Gondia,Gondia,Medium,15425.0,6211.0,
2019,Gondia,Gondia,Small,1277.0,751.0,
2019,Gondia,Goregaon,Big,0.0,0.0,
2019,Gondia,Goregaon,Medium,18718.0,2605.0,
2019,Gondia,Goregaon,Small,1734.0,1040.0,
2019,Gondia,Sadak Arjuni,Big,0.0,0.0,
2019,Gondia,Sadak Arjuni,Medium,3500.0,821.0,
2019,Gondia,Sadak Arjuni,Small,2509.0,173.0,
2019,Gondia,Salekasa,Big,8693.0,7088.0,
2019,Gondia,Salekasa,Medium,5008.0,1029.0,
2019,Gondia,Salekasa,Small,460.0,16.0,
2019,Gondia,Tiroda,Big,0.0,0.0,
2019,Gondia,Tiroda,Medium,43694.0,7198.0,
2019,Gondia,Tiroda,Small,2181.0,1195.0,
2019,Hingoli,Aundha Na,Big,8136.0,2136.0,
2019,Hingoli,Aundha Na,Small,496.5,496.5,
2019,Hingoli,Hingoli,Small,959.0,959.0,
2019,Hingoli,Kalamanuri,Big,9870.0,10175.0,
2019,Hingoli,Kalamanuri,Small,719.0,719.0,
2019,Hingoli,Sengaon,Small,1359.5,625.0,
2019,Hingoli,Vasamat,Big,36305.0,8166.0,
2019,Hingoli,Vasamat,Small,502.0,224.0,
2019,Kolhapur,Ajara,Big,0.0,0.0,
2019,Kolhapur,Ajara,Medium,6940.0,5537.0,
2019,Kolhapur,Ajara,Small,1080.0,948.0,
2019,Kolhapur,Bhudargad,Big,2751.0,2024.0,
2019,Kolhapur,Bhudargad,Medium,10512.0,8523.0,
2019,Kolhapur,Bhudargad,Small,2637.0,2315.0,
2019,Kolhapur,Chandgad,Big,0.0,0.0,
2019,Kolhapur,Chandgad,Medium,14377.0,11034.0,
2019,Kolhapur,Chandgad,Small,8935.0,7755.0,
2019,Kolhapur,Gadhinglaj,Big,0.0,0.0,
2019,Kolhapur,Gadhinglaj,Medium,6577.0,4513.0,
2019,Kolhapur,Gadhinglaj,Small,3398.0,2973.0,
2019,Kolhapur,Gaganbavada,Big,0.0,0.0,
2019,Kolhapur,Gaganbavada,Medium,5586.0,5249.0,
2019,Kolhapur,Gaganbavada,Small,1463.0,1315.0,
2019,Kolhapur,Hatkanangale,Big,25116.0,17202.0,
2019,Kolhapur,Hatkanangale,Medium,0.0,0.0,
2019,Kolhapur,Hatkanangale,Small,632.0,531.0,
2019,Kolhapur,Kagal,Big,19393.0,14270.0,
2019,Kolhapur,Kagal,Medium,5943.0,4874.0,
2019,Kolhapur,Kagal,Small,2296.0,2041.0,
2019,Kolhapur,Karveer,Big,28587.0,18374.0,
2019,Kolhapur,Karveer,Medium,1774.0,1685.0,
2019,Kolhapur,Karveer,Small,1863.0,1577.0,
2019,Kolhapur,Panhala,Big,9291.0,6690.0,
2019,Kolhapur,Panhala,Medium,9898.0,9255.0,
2019,Kolhapur,Panhala,Small,2221.0,1913.0,
2019,Kolhapur,Radhanagari,Big,15487.0,10660.0,
2019,Kolhapur,Radhanagari,Medium,397.0,318.0,
2019,Kolhapur,Radhanagari,Small,1006.0,871.0,
2019,Kolhapur,Shahuwadi,Big,6820.0,4830.0,
2019,Kolhapur,Shahuwadi,Medium,13129.0,12281.0,
2019,Kolhapur,Shahuwadi,Small,6394.0,5174.0,
2019,Kolhapur,Shirol,Big,25869.0,20470.0,
2019,Kolhapur,Shirol,Medium,0.0,0.0,
2019,Kolhapur,Shirol,Small,0.0,0.0,
2019,Latur,Ahamadpur,Big,0.0,0.0,
2019,Latur,Ahamadpur,Medium,0.0,0.0,
2019,Latur,Ahamadpur,Small,19515.0,5330.0,
2019,Latur,Aosa,Big,2517.0,1590.0,
2019,Latur,Aosa,Medium,0.0,0.0,
2019,Latur,Aosa,Small,10141.0,4567.0,
2019,Latur,Chakur,Big,0.0,0.0,
2019,Latur,Chakur,Medium,0.0,0.0,
2019,Latur,Chakur,Small,11424.0,3209.0,
2019,Latur,Devani,Big,0.0,0.0,
2019,Latur,Devani,Medium,0.0,0.0,
2019,Latur,Devani,Small,6597.0,639.0,
2019,Latur,Jalkot,Big,0.0,0.0,
2019,Latur,Jalkot,Medium,0.0,0.0,
2019,Latur,Jalkot,Small,9096.0,3596.0,
2019,Latur,Latur,Big,6977.0,544.0,
2019,Latur,Latur,Medium,4103.0,64.0,
2019,Latur,Latur,Small,5549.0,2769.0,
2019,Latur,Nilanga,Big,6286.0,908.0,
2019,Latur,Nilanga,Medium,1664.0,192.0,
2019,Latur,Nilanga,Small,10780.0,3641.0,
2019,Latur,Renapur,Big,5902.0,920.0,
2019,Latur,Renapur,Medium,5653.0,987.0,
2019,Latur,Renapur,Small,5167.0,1628.0,
2019,Latur,Shirur-Anantpal,Big,0.0,0.0,
2019,Latur,Shirur-Anantpal,Medium,7923.0,987.0,
2019,Latur,Shirur-Anantpal,Small,889.0,8863.0,
2019,Latur,Udgir,Big,0.0,0.0,
2019,Latur,Udgir,Medium,5825.0,1837.0,
2019,Latur,Udgir,Small,9400.0,3754.0,
2019,Nagpur,Bhiwapur,Big,0.0,0.0,
2019,Nagpur,Bhiwapur,Medium,0.0,0.0,
2019,Nagpur,Bhiwapur,Small,5239.0,3119.0,
2019,Nagpur,Hingana,Big,0.0,0.0,
2019,Nagpur,Hingana,Medium,3669.0,1520.0,
2019,Nagpur,Hingana,Small,2521.0,1064.0,
2019,Nagpur,Kalameshwar,Big,0.0,0.0,
2019,Nagpur,Kalameshwar,Medium,960.0,892.0,
2019,Nagpur,Kalameshwar,Small,1559.0,1403.0,
2019,Nagpur,Kamathi,Big,0.0,0.0,
2019,Nagpur,Kamathi,Medium,0.0,0.0,
2019,Nagpur,Kamathi,Small,0.0,0.0,
2019,Nagpur,Katol,Big,0.0,0.0,
2019,Nagpur,Katol,Medium,8473.0,6931.0,
2019,Nagpur,Katol,Small,1693.0,1616.0,
2019,Nagpur,Kuhi,Big,11195.0,8927.0,
2019,Nagpur,Kuhi,Medium,0.0,0.0,
2019,Nagpur,Kuhi,Small,936.0,39.0,
2019,Nagpur,Mauda,Big,0.0,0.0,
2019,Nagpur,Mauda,Medium,0.0,0.0,
2019,Nagpur,Mauda,Small,194.0,91.0,
2019,Nagpur,Nagpur (gra),Big,0.0,0.0,
2019,Nagpur,Nagpur (gra),Medium,1214.0,135.0,
2019,Nagpur,Nagpur (gra),Small,509.0,144.0,
2019,Nagpur,Nagpur (sh),Big,0.0,0.0,
2019,Nagpur,Nagpur (sh),Medium,0.0,0.0,
2019,Nagpur,Nagpur (sh),Small,0.0,0.0,
2019,Nagpur,Narkhed,Big,0.0,0.0,
2019,Nagpur,Narkhed,Medium,0.0,0.0,
2019,Nagpur,Narkhed,Small,3379.0,987.0,
2019,Nagpur,Parashivani,Big,83076.0,60990.0,
2019,Nagpur,Parashivani,Medium,0.0,0.0,
2019,Nagpur,Parashivani,Small,1008.0,2003.0,
2019,Nagpur,Ramtech,Big,0.0,0.0,
2019,Nagpur,Ramtech,Medium,0.0,0.0,
2019,Nagpur,Ramtech,Small,1901.0,399.0,
2019,Nagpur,Sawner,Big,0.0,0.0,
2019,Nagpur,Sawner,Medium,10124.0,11105.0,
2019,Nagpur,Sawner,Small,1502.0,1421.0,
2019,Nagpur,Umred,Big,6667.0,5096.0,
2019,Nagpur,Umred,Medium,5669.0,5033.0,
2019,Nagpur,Umred,Small,6600.0,4107.0,
2019,Nashik,Malegaon,Big,11593.0,2684.0,
2019,Nashik,Malegaon,Medium,6126.0,1408.0,
2019,Nashik,Malegaon,Small,9363.0,3995.0,
2019,Nashik,Baglan,Big,7572.0,7001.0,
2019,Nashik,Baglan,Medium,12038.0,5337.0,
2019,Nashik,Baglan,Small,5796.0,2763.0,
2019,Nashik,Chandwad,Big,7042.0,2123.0,
2019,Nashik,Chandwad,Medium,0.0,0.0,
2019,Nashik,Chandwad,Small,6077.0,3344.0,
2019,Nashik,Devala,Big,8307.0,5251.0,
2019,Nashik,Devala,Medium,0.0,0.0,
2019,Nashik,Devala,Small,3056.0,813.0,
2019,Nashik,Dindori,Big,14311.0,12140.0,
2019,Nashik,Dindori,Medium,118.0,317.11,
2019,Nashik,Dindori,Small,6927.0,5646.0,
2019,Nashik,Igatpuri,Big,151.0,2726.0,
2019,Nashik,Igatpuri,Medium,0.0,1886.0,
2019,Nashik,Igatpuri,Small,3667.0,2842.0,
2019,Nashik,Kalwan,Big,5057.0,4884.0,
2019,Nashik,Kalwan,Medium,0.0,0.0,
2019,Nashik,Kalwan,Small,9316.0,3764.0,
2019,Nashik,Nandgaon,Big,0.0,0.0,
2019,Nashik,Nandgaon,Medium,4813.0,3720.0,
2019,Nashik,Nandgaon,Small,6253.0,4256.0,
2019,Nashik,Nashik,Big,11732.0,3698.0,
2019,Nashik,Nashik,Medium,18163.0,3217.0,
2019,Nashik,Nashik,Small,2425.0,1743.0,
2019,Nashik,Nifad,Big,59536.0,19173.0,
2019,Nashik,Nifad,Medium,0.0,0.0,
2019,Nashik,Nifad,Small,660.0,158.0,
2019,Nashik,Peth,Big,0.0,0.0,
2019,Nashik,Peth,Medium,0.0,0.0,
2019,Nashik,Peth,Small,2031.0,1015.0,
2019,Nashik,Sinner,Big,6547.0,2784.0,
2019,Nashik,Sinner,Medium,4500.0,870.1,
2019,Nashik,Sinner,Small,4292.0,1924.0,
2019,Nashik,Surgana,Big,0.0,0.0,
2019,Nashik,Surgana,Medium,0.0,0.0,
2019,Nashik,Surgana,Small,4607.0,2906.0,
2019,Nashik,Trimbak,Big,0.0,51.0,
2019,Nashik,Trimbak,Medium,6219.0,530.49,
2019,Nashik,Trimbak,Small,2826.0,2225.0,
2019,Nashik,Yewala,Big,19730.0,10977.0,
2019,Nashik,Yewala,Medium,0.0,0.0,
2019,Nashik,Yewala,Small,2756.0,973.0,
2019,Raigad,Karjat,Medium,3190.0,622.0,
2019,Raigad,Karjat,Small,4367.0,2254.0,
2019,Raigad,Alibag,Medium,6088.0,2528.0,
2019,Raigad,Alibag,Small,885.0,733.0,
2019,Raigad,Khalapur,Small,1144.0,885.0,
2019,Raigad,Mahad,Small,800.0,154.0,
2019,Raigad,Mangaon,Big,14274.0,714.0,
2019,Raigad,Mangaon,Small,8422.0,1078.0,
2019,Raigad,Mhasala,Small,308.0,67.0,
2019,Raigad,Murud,Small,275.0,218.0,
2019,Raigad,Panwel,Small,349.0,116.0,
2019,Raigad,Pen,Medium,11028.0,6056.0,
2019,Raigad,Pen,Small,11157.0,6191.0,
2019,Raigad,Poladpur,Small,258.0,0.0,
2019,Raigad,Roha,Medium,277.0,84.0,
2019,Raigad,Roha,Small,992.0,604.0,
2019,Raigad,Shreevardhan,Small,398.0,22.0,
2019,Raigad,Sudhagad,Small,1077.0,407.0,
2019,Raigad,Tala,Small,302.0,105.0,
2019,Raigad,Uran,Small,105.0,0.0,
2019,Sangli,Aatpadi,Big,22240.0,962.0,
2019,Sangli,Aatpadi,Medium,942.0,0.0,
2019,Sangli,Aatpadi,Small,14931.0,9261.0,
2019,Sangli,Jat,Big,22889.0,1780.0,
2019,Sangli,Jat,Medium,5174.0,1924.0,
2019,Sangli,Jat,Small,21535.0,14038.0,
2019,Sangli,Kadegaon,Big,27901.0,17716.0,
2019,Sangli,Kadegaon,Medium,0.0,0.0,
2019,Sangli,Kadegaon,Small,7630.0,5222.0,
2019,Sangli,Khanapur,Big,33151.0,5214.0,
2019,Sangli,Khanapur,Medium,0.0,0.0,
2019,Sangli,Khanapur,Small,8915.0,5463.0,
2019,Sangli,Ku. Mahakal,Big,27472.0,10196.0,
2019,Sangli,Ku. Mahakal,Medium,499.0,294.0,
2019,Sangli,Ku. Mahakal,Small,7578.0,6476.0,
2019,Sangli,Miraj,Big,31454.0,21212.0,
2019,Sangli,Miraj,Medium,0.0,0.0,
2019,Sangli,Miraj,Small,15414.0,27074.0,
2019,Sangli,Palus,Big,3029.0,1293.0,
2019,Sangli,Palus,Medium,3675.0,2542.0,
2019,Sangli,Palus,Small,16979.0,18331.0,
2019,Sangli,Shirala,Big,0.0,0.0,
2019,Sangli,Shirala,Medium,2566.0,1928.0,
2019,Sangli,Shirala,Small,3917.0,2960.0,
2019,Sangli,Tasgaon,Big,38887.0,24013.0,
2019,Sangli,Tasgaon,Medium,4692.0,2756.0,
2019,Sangli,Tasgaon,Small,7689.0,9103.0,
2019,Sangli,Valava,Big,129.0,84.0,
2019,Sangli,Valava,Medium,2440.0,1688.0,
2019,Sangli,Valava,Small,31187.0,32158.0,
2019,Satara,Faltan,Big,58970.0,30256.0,
2019,Satara,Faltan,Medium,0.0,0.0,
2019,Satara,Faltan,Small,1744.0,1164.0,
2019,Satara,Javali,Big,2200.0,2200.0,
2019,Satara,Javali,Medium,8523.0,0.0,
2019,Satara,Javali,Small,0.0,0.0,
2019,Satara,Karad,Big,47149.0,44119.0,
2019,Satara,Karad,Medium,20871.0,5201.0,
2019,Satara,Karad,Small,5678.0,5827.0,
2019,Satara,Khandala,Big,23129.0,8526.0,
2019,Satara,Khandala,Medium,0.0,0.0,
2019,Satara,Khandala,Small,370.0,165.0,
2019,Satara,Khatav,Big,35002.0,8011.0,
2019,Satara,Khatav,Medium,7336.0,7851.0,
2019,Satara,Khatav,Small,2343.0,2889.0,
2019,Satara,Koregaon,Big,20999.0,21333.0,
2019,Satara,Koregaon,Medium,9060.0,326.0,
2019,Satara,Koregaon,Small,1742.0,2512.0,
2019,Satara,Mahableshwar,Big,0.0,0.0,
2019,Satara,Mahableshwar,Medium,0.0,0.0,
2019,Satara,Mahableshwar,Small,0.0,0.0,
2019,Satara,Man,Big,39102.0,0.0,
2019,Satara,Man,Medium,3415.0,2897.0,
2019,Satara,Man,Small,2134.0,2955.0,
2019,Satara,Patan,Big,25787.0,17462.0,
2019,Satara,Patan,Medium,10536.0,1125.0,
2019,Satara,Patan,Small,5365.0,15463.0,
2019,Satara,Satara,Big,30530.0,22898.0,
2019,Satara,Satara,Medium,0.0,0.0,
2019,Satara,Satara,Small,3100.0,2829.0,
2019,Satara,Vai,Big,26981.0,17893.0,
2019,Satara,Vai,Medium,5784.0,3211.0,
2019,Satara,Vai,Small,346.0,0.0,
2019,Sindhudurg,Devgad,Big,0.0,0.0,
2019,Sindhudurg,Devgad,Medium,3703.0,550.0,
2019,Sindhudurg,Devgad,Small,1331.0,532.0,
2019,Sindhudurg,Dodamarg,Big,6676.0,2724.0,
2019,Sindhudurg,Dodamarg,Medium,0.0,0.0,
2019,Sindhudurg,Dodamarg,Small,1804.0,298.0,
2019,Sindhudurg,Kankavali,Big,0.0,0.0,
2019,Sindhudurg,Kankavali,Medium,19668.0,2272.0,
2019,Sindhudurg,Kankavali,Small,6001.0,1919.0,
2019,Sindhudurg,Kudal,Big,26285.0,0.0,
2019,Sindhudurg,Kudal,Medium,0.0,0.0,
2019,Sindhudurg,Kudal,Small,4009.0,688.0,
2019,Sindhudurg,Malvan,Big,0.0,0.0,
2019,Sindhudurg,Malvan,Medium,0.0,0.0,
2019,Sindhudurg,Malvan,Small,3409.0,1387.0,
2019,Sindhudurg,Sawantwadi,Big,0.0,0.0,
2019,Sindhudurg,Sawantwadi,Medium,7464.0,0.0,
2019,Sindhudurg,Sawantwadi,Small,5463.0,3703.0,
2019,Sindhudurg,Vaibhavwadi,Big,0.0,0.0,
2019,Sindhudurg,Vaibhavwadi,Medium,7185.0,0.0,
2019,Sindhudurg,Vaibhavwadi,Small,2692.0,429.0,
2019,Sindhudurg,Vengurla,Big,0.0,0.0,
2019,Sindhudurg,Vengurla,Medium,0.0,0.0,
2019,Sindhudurg,Vengurla,Small,1158.0,330.0,
2019,Thane,Ambarnath,Big,0.0,0.0,
2019,Thane,Ambarnath,Medium,0.0,0.0,
2019,Thane,Ambarnath,Small,694.0,64.0,
2019,Thane,Bhivandi,Big,4166.0,4166.0,
2019,Thane,Bhivandi,Medium,0.0,0.0,
2019,Thane,Bhivandi,Small,1498.0,64.0,
2019,Thane,Kalyan,Big,0.0,70.0,
2019,Thane,Kalyan,Medium,0.0,0.0,
2019,Thane,Kalyan,Small,527.0,53.0,
2019,Thane,Murbad,Big,0.0,0.0,
2019,Thane,Murbad,Medium,0.0,0.0,
2019,Thane,Murbad,Small,3606.0,787.0,
2019,Thane,Shahapur,Big,5024.0,3300.0,
2019,Thane,Shahapur,Medium,0.0,0.0,
2019,Thane,Shahapur,Small,2755.0,1188.0,
2019,Thane,Thane,Big,0.0,0.0,
2019,Thane,Thane,Medium,0.0,0.0,
2019,Thane,Thane,Small,0.0,0.0,
2019,Thane,Ulhasnagar,Big,0.0,0.0,
2019,Thane,Ulhasnagar,Medium,0.0,0.0,
2019,Thane,Ulhasnagar,Small,0.0,0.0,
2019,Wardha,Karanja,Big,0.0,0.0,
2019,Wardha,Karanja,Medium,10364.0,1960.0,
2019,Wardha,Karanja,Small,2398.0,1872.0,
2019,Wardha,Aarvi,Big,0.0,0.0,
2019,Wardha,Aarvi,Medium,19313.0,7905.0,
2019,Wardha,Aarvi,Small,8792.0,5668.0,
2019,Wardha,Ashti,Big,0.0,0.0,
2019,Wardha,Ashti,Medium,0.0,0.0,
2019,Wardha,Ashti,Small,1833.0,1435.0,
2019,Wardha,Hinganghat,Big,35940.0,0.0,
2019,Wardha,Hinganghat,Medium,0.0,0.0,
2019,Wardha,Hinganghat,Small,540.0,222.0,
2019,Wardha,Samudrapur,Big,0.0,0.0,
2019,Wardha,Samudrapur,Medium,13811.0,3604.0,
2019,Wardha,Samudrapur,Small,70.0,42.0,
2019,Wardha,Selu,Big,35584.0,9107.0,
2019,Wardha,Selu,Medium,4854.0,2106.0,
2019,Wardha,Selu,Small,4333.4,2387.0,
2019,Wardha,Wardha,Big,0.0,0.0,
2019,Wardha,Wardha,Medium,0.0,0.0,
2019,Wardha,Wardha,Small,3221.0,1910.0,
2019,Wardha,Devali,Big,0.0,0.0,
2019,Wardha,Devali,Medium,0.0,0.0,
2019,Wardha,Devali,Small,147.0,87.0,
2019,Yavatmal,Kalamb,Big,0.0,0.0,
2019,Yavatmal,Kalamb,Medium,0.0,0.0,
2019,Yavatmal,Kalamb,Small,3545.0,8.0,
2019,Yavatmal,Aarni,Big,0.0,0.0,
2019,Yavatmal,Aarni,Medium,0.0,0.0,
2019,Yavatmal,Aarni,Small,1668.0,0.0,
2019,Yavatmal,Babhulgaon,Big,67813.0,14621.0,
2019,Yavatmal,Babhulgaon,Medium,7855.0,0.0,
2019,Yavatmal,Babhulgaon,Small,2212.0,1175.0,
2019,Yavatmal,Darvha,Big,0.0,0.0,
2019,Yavatmal,Darvha,Medium,27234.0,7711.0,
2019,Yavatmal,Darvha,Small,1484.0,1484.0,
2019,Yavatmal,Digras,Big,30170.0,786.0,
2019,Yavatmal,Digras,Medium,0.0,0.0,
2019,Yavatmal,Digras,Small,0.0,0.0,
2019,Yavatmal,Ghantaji,Big,218129.0,0.0,
2019,Yavatmal,Ghantaji,Medium,0.0,0.0,
2019,Yavatmal,Ghantaji,Small,296.0,0.0,
2019,Yavatmal,Kelapur,Big,0.0,0.0,
2019,Yavatmal,Kelapur,Medium,4865.0,2551.0,
2019,Yavatmal,Kelapur,Small,2745.0,2222.0,
2019,Yavatmal,Mahagaon,Big,0.0,0.0,
2019,Yavatmal,Mahagaon,Medium,10732.0,6197.0,
2019,Yavatmal,Mahagaon,Small,2221.0,1543.0,
2019,Yavatmal,Maregaon,Big,0.0,0.0,
2019,Yavatmal,Maregaon,Medium,2878.0,1229.0,
2019,Yavatmal,Maregaon,Small,1767.0,278.0,
2019,Yavatmal,Ner,Big,0.0,0.0,
2019,Yavatmal,Ner,Medium,0.0,0.0,
2019,Yavatmal,Ner,Small,5075.0,4566.0,
2019,Yavatmal,Pusad,Big,41199.0,18317.0,
2019,Yavatmal,Pusad,Medium,0.0,0.0,
2019,Yavatmal,Pusad,Small,441.0,354.0,
2019,Yavatmal,Ralegaon,Big,0.0,0.0,
2019,Yavatmal,Ralegaon,Medium,0.0,0.0,
2019,Yavatmal,Ralegaon,Small,7544.0,2231.0,
2019,Yavatmal,Umarkhed,Big,0.0,0.0,
2019,Yavatmal,Umarkhed,Medium,0.0,0.0,
2019,Yavatmal,Umarkhed,Small,2783.0,305.0,
2019,Yavatmal,Vani,Big,0.0,0.0,
2019,Yavatmal,Vani,Medium,0.0,0.0,
2019,Yavatmal,Vani,Small,1555.0,0.0,
2019,Yavatmal,Yavatmal,Big,0.0,0.0,
2019,Yavatmal,Yavatmal,Medium,15276.0,4295.0,
2019,Yavatmal,Yavatmal,Small,629.0,629.0,
2019,Yavatmal,Zari Jamani,Big,0.0,0.0,
2019,Yavatmal,Zari Jamani,Medium,0.0,0.0,
2019,Yavatmal,Zari Jamani,Small,1730.0,1730.0,
2019,Beed,Ashti,Big,0.0,0.0,
2019,Beed,Ashti,Medium,9048.0,0.0,
2019,Beed,Ashti,Small,8577.0,1886.0,
2019,Beed,Ambajogai,Big,0.0,0.0,
2019,Beed,Ambajogai,Medium,0.0,0.0,
2019,Beed,Ambajogai,Small,5495.0,743.0,
2019,Beed,Beed,Big,0.0,0.0,
2019,Beed,Beed,Medium,1288.0,77.0,
2019,Beed,Beed,Small,11562.0,2234.0,
2019,Beed,Cage,Big,14189.0,,
2019,Beed,Cage,Medium,769.0,0.0,
2019,Beed,Cage,Small,5887.0,156.0,
2019,Beed,Dharur,Big,0.0,0.0,
2019,Beed,Dharur,Medium,1880.0,241.0,
2019,Beed,Dharur,Small,2745.0,15.0,
2019,Beed,Gevrai,Big,21250.0,12923.0,
2019,Beed,Gevrai,Medium,0.0,0.0,
2019,Beed,Gevrai,Small,2822.0,562.0,
2019,Beed,Majalgaon,Big,38142.0,12443.0,
2019,Beed,Majalgaon,Medium,0.0,0.0,
2019,Beed,Majalgaon,Small,1818.0,0.0,
2019,Beed,Parli,Big,9232.0,2845.0,
2019,Beed,Parli,Medium,12285.0,0.0,
2019,Beed,Parli,Small,4136.0,372.0,
2019,Beed,Patoda,Big,0.0,0.0,
2019,Beed,Patoda,Medium,3036.0,240.0,
2019,Beed,Patoda,Small,11521.0,979.0,
2019,Beed,Shirur Kasar,Big,0.0,0.0,
2019,Beed,Shirur Kasar,Medium,1782.0,65.0,
2019,Beed,Shirur Kasar,Small,5466.0,730.0,
2019,Beed,Wadwani,Big,0.0,0.0,
2019,Beed,Wadwani,Medium,1797.0,1100.0,
2019,Beed,Wadwani,Small,3341.0,332.0,
2019,Buldhana,Buldhana,Big,0.0,0.0,
2019,Buldhana,Buldhana,Medium,0.0,0.0,
2019,Buldhana,Buldhana,Small,4528.0,3144.0,
2019,Buldhana,Chikhali,Big,4500.0,0.0,
2019,Buldhana,Chikhali,Medium,0.0,1675.0,
2019,Buldhana,Chikhali,Small,4188.0,2232.0,
2019,Buldhana,Deulgaon Raja,Big,10919.0,0.0,
2019,Buldhana,Deulgaon Raja,Medium,0.0,0.0,
2019,Buldhana,Deulgaon Raja,Small,2303.0,562.0,
2019,Buldhana,Jalgaon Jamod,Big,16758.0,0.0,
2019,Buldhana,Jalgaon Jamod,Medium,0.0,0.0,
2019,Buldhana,Jalgaon Jamod,Small,1348.0,625.0,
2019,Buldhana,Khamgaon,Big,24923.0,6797.0,
2019,Buldhana,Khamgaon,Medium,9913.0,0.0,
2019,Buldhana,Khamgaon,Small,5558.0,1200.0,
2019,Buldhana,Lonar,Big,0.0,0.0,
2019,Buldhana,Lonar,Medium,1721.0,758.0,
2019,Buldhana,Lonar,Small,5937.0,1977.0,
2019,Buldhana,Malkapur,Big,10021.0,761.0,
2019,Buldhana,Malkapur,Medium,0.0,0.0,
2019,Buldhana,Malkapur,Small,0.0,18.0,
2019,Buldhana,Mehkar,Big,13292.0,0.0,
2019,Buldhana,Mehkar,Medium,1439.0,2600.0,
2019,Buldhana,Mehkar,Small,2714.0,1499.0,
2019,Buldhana,Motala,Big,1700.0,0.0,
2019,Buldhana,Motala,Medium,2415.0,689.0,
2019,Buldhana,Motala,Small,3415.0,755.0,
2019,Buldhana,Nandura,Big,37201.0,2120.0,
2019,Buldhana,Nandura,Medium,180.0,180.0,
2019,Buldhana,Nandura,Small,509.0,132.0,
2019,Buldhana,Sangrampur,Big,11250.0,0.0,
2019,Buldhana,Sangrampur,Medium,0.0,0.0,
2019,Buldhana,Sangrampur,Small,0.0,0.0,
2019,Buldhana,Shegaon,Big,37573.0,1180.0,
2019,Buldhana,Shegaon,Medium,6347.0,1611.0,
2019,Buldhana,Shegaon,Small,330.0,99.0,
2019,Buldhana,Sindkhed Raja,Big,5500.0,0.0,
2019,Buldhana,Sindkhed Raja,Medium,0.0,0.0,
2019,Buldhana,Sindkhed Raja,Small,4792.0,1855.0,
2019,Jalna,Ambad,Medium,3440.0,1031.6,
2019,Jalna,Ambad,Small,11268.0,6856.0,
2019,Jalna,Badnapur,Medium,5708.0,85.9,
2019,Jalna,Badnapur,Small,6219.0,4497.0,
2019,Jalna,Bhokardan,Medium,5725.0,1080.4,
2019,Jalna,Bhokardan,Small,7845.0,5788.0,
2019,Jalna,Ghansawangi,Small,9475.0,4464.0,
2019,Jalna,Jaffrabad,Medium,3237.0,445.9,
2019,Jalna,Jaffrabad,Small,5957.0,5261.0,
2019,Jalna,Jalna,Medium,5381.0,0.0,
2019,Jalna,Jalna,Small,10710.0,5920.0,
2019,Jalna,Mantha,Small,11052.0,7586.0,
2019,Jalna,Partur,Big,47988.0,3520.0,
2019,Jalna,Partur,Small,5930.0,3039.0,
2019,Parbhani,Selu,Big,53933.0,5032.0,
2019,Parbhani,Selu,Medium,0.0,0.0,
2019,Parbhani,Selu,Small,1751.0,84.0,
2019,Parbhani,Gangakhed,Big,8347.0,2057.0,
2019,Parbhani,Gangakhed,Medium,6320.0,1044.0,
2019,Parbhani,Gangakhed,Small,4924.0,359.0,
2019,Parbhani,Jintur,Big,0.0,0.0,
2019,Parbhani,Jintur,Medium,3818.0,1593.0,
2019,Parbhani,Jintur,Small,8508.0,156.0,
2019,Parbhani,Manvat,Big,11039.0,6456.0,
2019,Parbhani,Manvat,Medium,0.0,0.0,
2019,Parbhani,Manvat,Small,1020.0,115.0,
2019,Parbhani,Palam,Big,0.0,0.0,
2019,Parbhani,Palam,Medium,4812.0,1235.0,
2019,Parbhani,Palam,Small,2630.0,79.0,
2019,Parbhani,Parbhani,Big,34301.0,29670.0,
2019,Parbhani,Parbhani,Medium,0.0,0.0,
2019,Parbhani,Parbhani,Small,3278.0,363.0,
2019,Parbhani,Pathari,Big,32996.0,16902.0,
2019,Parbhani,Pathari,Medium,4149.0,852.0,
2019,Parbhani,Pathari,Small,919.0,5.0,
2019,Parbhani,Purna,Big,34616.0,14295.0,
2019,Parbhani,Purna,Medium,0.0,0.0,
2019,Parbhani,Purna,Small,978.0,60.0,
2019,Parbhani,Sonpeth,Big,0.0,0.0,
2019,Parbhani,Sonpeth,Medium,0.0,0.0,
2019,Parbhani,Sonpeth,Small,267.0,61.0,
2019,Nanded,Andhrapur,Big,0.0,0.0,
2019,Nanded,Andhrapur,Medium,0.0,0.0,
2019,Nanded,Andhrapur,Small,0.0,0.0,
2019,Nanded,Bhokar,Big,0.0,0.0,
2019,Nanded,Bhokar,Medium,0.0,0.0,
2019,Nanded,Bhokar,Small,4149.0,3510.0,
2019,Nanded,Biloli,Big,11753.0,2399.0,
2019,Nanded,Biloli,Medium,0.0,0.0,
2019,Nanded,Biloli,Small,1430.0,442.0,
2019,Nanded,Deglur,Big,0.0,0.0,
2019,Nanded,Deglur,Medium,1781.0,482.0,
2019,Nanded,Deglur,Small,2920.0,1202.0,
2019,Nanded,Dharmabad,Big,0.0,0.0,
2019,Nanded,Dharmabad,Medium,6395.0,5432.0,
2019,Nanded,Dharmabad,Small,0.0,0.0,
2019,Nanded,Hadgaon,Big,0.0,0.0,
2019,Nanded,Hadgaon,Medium,0.0,0.0,
2019,Nanded,Hadgaon,Small,5549.0,1772.0,
2019,Nanded,Himalay Nagar,Big,0.0,0.0,
2019,Nanded,Himalay Nagar,Medium,0.0,0.0,
2019,Nanded,Himalay Nagar,Small,2577.0,1623.0,
2019,Nanded,Kandhar,Big,4927.0,3477.0,
2019,Nanded,Kandhar,Medium,2297.0,262.0,
2019,Nanded,Kandhar,Small,1801.0,792.0,
2019,Nanded,Kinvat,Big,0.0,0.0,
2019,Nanded,Kinvat,Medium,5201.0,3169.0,
2019,Nanded,Kinvat,Small,5981.0,5981.0,
2019,Nanded,Loha,Big,0.0,0.0,
2019,Nanded,Loha,Medium,6000.0,4785.0,
2019,Nanded,Loha,Small,2304.0,1086.0,
2019,Nanded,Mahur,Big,0.0,0.0,
2019,Nanded,Mahur,Medium,0.0,0.0,
2019,Nanded,Mahur,Small,1459.0,1459.0,
2019,Nanded,Mudkhed,Big,1116.0,6887.0,
2019,Nanded,Mudkhed,Medium,1575.0,1002.0,
2019,Nanded,Mudkhed,Small,287.0,110.0,
2019,Nanded,Mukhed,Big,32420.0,12182.0,
2019,Nanded,Mukhed,Medium,3012.0,726.0,
2019,Nanded,Mukhed,Small,3778.0,2770.0,
2019,Nanded,Nanded,Big,33725.0,28340.0,
2019,Nanded,Nanded,Medium,0.0,0.0,
2019,Nanded,Nanded,Small,0.0,0.0,
2019,Nanded,Naygaon,Big,6620.0,3936.0,
2019,Nanded,Naygaon,Medium,0.0,0.0,
2019,Nanded,Naygaon,Small,679.0,298.0,
2019,Nanded,Umari,Big,0.0,0.0,
2019,Nanded,Umari,Medium,2005.0,2000.0,
2019,Nanded,Umari,Small,1690.0,905.0,
2019,Palghar,Dahanu,Big,6141.0,4867.36,
2019,Palghar,Dahanu,Medium,0.0,0.0,
2019,Palghar,Dahanu,Small,323.0,83.69,
2019,Palghar,Javhar,Big,0.0,0.0,
2019,Palghar,Javhar,Medium,0.0,0.0,
2019,Palghar,Javhar,Small,150.0,0.0,
2019,Palghar,Mokhada,Big,0.0,0.0,
2019,Palghar,Mokhada,Medium,0.0,0.0,
2019,Palghar,Mokhada,Small,144.0,0.0,
2019,Palghar,Palghar,Big,8525.0,7209.27,
2019,Palghar,Palghar,Medium,4088.0,2234.0,
2019,Palghar,Palghar,Small,986.0,226.7,
2019,Palghar,Talasari,Big,0.0,0.0,
2019,Palghar,Talasari,Medium,0.0,0.0,
2019,Palghar,Talasari,Small,0.0,0.0,
2019,Palghar,Vasai,Big,0.0,0.0,
2019,Palghar,Vasai,Medium,0.0,0.0,
2019,Palghar,Vasai,Small,0.0,0.0,
2019,Palghar,Vikramgad,Big,30.0,45.68,
2019,Palghar,Vikramgad,Medium,0.0,0.0,
2019,Palghar,Vikramgad,Small,578.0,145.5,
2019,Palghar,Wada,Big,0.0,0.0,
2019,Palghar,Wada,Medium,0.0,0.0,
2019,Palghar,Wada,Small,299.0,3.0,
2020,Nandurbar,Akkalkuva,Big,0.0,0.0,
2020,Nandurbar,Akkalkuva,Medium,4857.0,0.0,
2020,Nandurbar,Akkalkuva,Small,1045.0,555.0,
2020,Nandurbar,Akrani,Big,0.0,0.0,
2020,Nandurbar,Akrani,Medium,0.0,0.0,
2020,Nandurbar,Akrani,Small,182.0,60.0,
2020,Nandurbar,Nandurbar,Big,0.0,0.0,
2020,Nandurbar,Nandurbar,Medium,5375.0,0.0,
2020,Nandurbar,Nandurbar,Small,8915.0,1446.0,
2020,Nandurbar,Navapur,Big,0.0,0.0,
2020,Nandurbar,Navapur,Medium,15210.0,4567.0,
2020,Nandurbar,Navapur,Small,8597.0,2093.0,
2020,Nandurbar,Shahada,Big,0.0,0.0,
2020,Nandurbar,Shahada,Medium,26163.0,8313.0,
2020,Nandurbar,Shahada,Small,23021.0,2406.0,
2020,Nandurbar,Taloda,Big,0.0,0.0,
2020,Nandurbar,Taloda,Medium,0.0,0.0,
2020,Nandurbar,Taloda,Small,1527.0,609.0,
2020,Washim,Karanja,Big,0.0,0.0,
2020,Washim,Karanja,Medium,0.0,0.0,
2020,Washim,Karanja,Small,2442.0,2442.0,
2020,Washim,Malegaon,Big,0.0,0.0,
2020,Washim,Malegaon,Medium,3156.0,2610.0,
2020,Washim,Malegaon,Small,3497.64,3497.64,
2020,Washim,Mangrulpir,Big,0.0,0.0,
2020,Washim,Mangrulpir,Medium,0.0,0.0,
2020,Washim,Mangrulpir,Small,3095.06,3095.06,
2020,Washim,Manora,Big,0.0,0.0,
2020,Washim,Manora,Medium,0.0,0.0,
2020,Washim,Manora,Small,3093.5,3093.5,
2020,Washim,Resod,Big,0.0,0.0,
2020,Washim,Resod,Medium,0.0,,
2020,Washim,Resod,Small,2462.49,2462.49,
2020,Washim,Washim,Big,0.0,0.0,
2020,Washim,Washim,Medium,2429.0,1009.0,
2020,Washim,Washim,Small,2961.94,2961.94,
2020,Pune,Khed,Big,35898.0,35740.0,
2020,Pune,Khed,Medium,3345.0,134.0,
2020,Pune,Khed,Small,11691.0,9472.0,
2020,Pune,Aambegaon,Big,29405.0,9810.0,
2020,Pune,Aambegaon,Medium,4595.0,0.0,
2020,Pune,Aambegaon,Small,12650.0,19899.0,
2020,Pune,Baramati,Big,61723.0,43028.0,
2020,Pune,Baramati,Medium,3477.0,1386.0,
2020,Pune,Baramati,Small,13200.0,14361.0,
2020,Pune,Bhor,Big,3294.0,150.0,
2020,Pune,Bhor,Medium,0.0,0.0,
2020,Pune,Bhor,Small,3720.0,9299.0,
2020,Pune,Daund,Big,34071.0,10283.0,
2020,Pune,Daund,Medium,0.0,0.0,
2020,Pune,Daund,Small,22219.0,4637.0,
2020,Pune,Haveli,Big,29438.0,14080.0,
2020,Pune,Haveli,Medium,2275.0,0.0,
2020,Pune,Haveli,Small,8591.0,2882.0,
2020,Pune,Indapur,Big,64183.0,62164.0,
2020,Pune,Indapur,Medium,2133.0,959.0,
2020,Pune,Indapur,Small,8023.0,13920.0,
2020,Pune,Junnar,Big,41102.0,37778.0,
2020,Pune,Junnar,Medium,8735.0,5940.0,
2020,Pune,Junnar,Small,14704.0,21905.0,
2020,Pune,Maval,Big,20352.0,9762.0,
2020,Pune,Maval,Medium,11128.0,9562.0,
2020,Pune,Maval,Small,5733.0,2561.0,
2020,Pune,Mulashi,Big,14987.0,1025.0,
2020,Pune,Mulashi,Medium,3607.0,2485.0,
2020,Pune,Mulashi,Small,11963.0,9898.0,
2020,Pune,Pune City,Big,0.0,0.0,
2020,Pune,Pune City,Medium,0.0,0.0,
2020,Pune,Pune City,Small,0.0,0.0,
2020,Pune,Purandar,Big,76342.0,46886.0,
2020,Pune,Purandar,Medium,2249.0,1403.0,
2020,Pune,Purandar,Small,8122.0,17773.0,
2020,Pune,Shirur,Big,76535.0,48455.0,
2020,Pune,Shirur,Medium,0.0,0.0,
2020,Pune,Shirur,Small,21972.0,30179.0,
2020,Pune,Welhe,Big,0.0,0.0,
2020,Pune,Welhe,Medium,0.0,0.0,
2020,Pune,Welhe,Small,5755.0,2345.0,
2020,Ahilyanagar,Akole,Big,8853.0,10361.0,
2020,Ahilyanagar,Akole,Medium,2178.0,2005.0,
2020,Ahilyanagar,Akole,Small,17461.0,5617.0,
2020,Ahilyanagar,Jamkhed,Big,0.0,0.0,
2020,Ahilyanagar,Jamkhed,Medium,2718.0,1299.0,
2020,Ahilyanagar,Jamkhed,Small,5235.0,2912.0,
2020,Ahilyanagar,Karjat,Big,29990.0,12455.0,
2020,Ahilyanagar,Karjat,Medium,8445.0,2361.0,
2020,Ahilyanagar,Karjat,Small,8210.0,4162.0,
2020,Ahilyanagar,Kopargaon,Big,25094.0,569.0,
2020,Ahilyanagar,Kopargaon,Medium,0.0,0.0,
2020,Ahilyanagar,Kopargaon,Small,0.0,0.0,
2020,Ahilyanagar,Nagar,Big,3089.0,435.0,
2020,Ahilyanagar,Nagar,Medium,0.0,0.0,
2020,Ahilyanagar,Nagar,Small,6787.0,1147.0,
2020,Ahilyanagar,Nevasa,Big,84304.0,65257.0,
2020,Ahilyanagar,Nevasa,Medium,0.0,0.0,
2020,Ahilyanagar,Nevasa,Small,3481.0,1246.0,
2020,Ahilyanagar,Parner,Big,14739.0,15897.0,
2020,Ahilyanagar,Parner,Medium,2266.0,1388.0,
2020,Ahilyanagar,Parner,Small,8927.0,6860.0,
2020,Ahilyanagar,Pathardi,Big,22315.0,8236.0,
2020,Ahilyanagar,Pathardi,Medium,1548.0,1137.0,
2020,Ahilyanagar,Pathardi,Small,1292.0,1124.0,
2020,Ahilyanagar,Rahata,Big,29359.0,14924.0,
2020,Ahilyanagar,Rahata,Medium,0.0,0.0,
2020,Ahilyanagar,Rahata,Small,0.0,303.0,
2020,Ahilyanagar,Rahuri,Big,46029.0,27047.0,
2020,Ahilyanagar,Rahuri,Medium,0.0,0.0,
2020,Ahilyanagar,Rahuri,Small,3730.0,2817.0,
2020,Ahilyanagar,Sangamner,Big,31931.0,22785.0,
2020,Ahilyanagar,Sangamner,Medium,1491.0,1128.0,
2020,Ahilyanagar,Sangamner,Small,5406.0,4066.0,
2020,Ahilyanagar,Shevgaon,Big,22093.0,15705.0,
2020,Ahilyanagar,Shevgaon,Medium,0.0,0.0,
2020,Ahilyanagar,Shevgaon,Small,809.0,458.0,
2020,Ahilyanagar,Srigonda,Big,44440.0,28082.0,
2020,Ahilyanagar,Srigonda,Medium,5369.0,9834.0,
2020,Ahilyanagar,Srigonda,Small,1941.0,4560.0,
2020,Ahilyanagar,Srirampur,Big,28971.0,18515.0,
2020,Ahilyanagar,Srirampur,Medium,0.0,0.0,
2020,Ahilyanagar,Srirampur,Small,6343.0,1224.0,
2020,Akola,Akola,Big,0.0,0.0,
2020,Akola,Akola,Medium,0.0,0.0,
2020,Akola,Akola,Small,902.0,474.0,
2020,Akola,Akot,Big,0.0,0.0,
2020,Akola,Akot,Medium,0.0,0.0,
2020,Akola,Akot,Small,2417.0,1588.0,
2020,Akola,Balapur,Big,0.0,0.0,
2020,Akola,Balapur,Medium,0.0,0.0,
2020,Akola,Balapur,Small,522.0,95.0,
2020,Akola,Barshitakali,Big,13996.0,4340.0,
2020,Akola,Barshitakali,Medium,0.0,0.0,
2020,Akola,Barshitakali,Small,2570.0,30.0,
2020,Akola,Murtijapur,Big,0.0,0.0,
2020,Akola,Murtijapur,Medium,3168.0,1577.0,
2020,Akola,Murtijapur,Small,2161.0,761.0,
2020,Akola,Patur,Big,0.0,0.0,
2020,Akola,Patur,Medium,16316.0,5943.0,
2020,Akola,Patur,Small,2191.0,95.0,
2020,Akola,Telhara,Big,19177.0,11758.0,
2020,Akola,Telhara,Medium,0.0,0.0,
2020,Akola,Telhara,Small,112.0,0.0,
2020,Amravati,Achalpur,Big,0.0,0.0,
2020,Amravati,Achalpur,Medium,27677.0,14411.0,
2020,Amravati,Achalpur,Small,3072.0,929.0,
2020,Amravati,Amravati,Big,0.0,0.0,
2020,Amravati,Amravati,Medium,0.0,0.0,
2020,Amravati,Amravati,Small,2814.0,1487.0,
2020,Amravati,Anjangaon Su,Big,0.0,0.0,
2020,Amravati,Anjangaon Su,Medium,6775.0,1960.0,
2020,Amravati,Anjangaon Su,Small,645.0,229.0,
2020,Amravati,Bhatkuli,Big,0.0,0.0,
2020,Amravati,Bhatkuli,Medium,0.0,0.0,
2020,Amravati,Bhatkuli,Small,1115.0,958.0,
2020,Amravati,Chandur Railway,Big,3288.0,2770.0,
2020,Amravati,Chandur Railway,Medium,0.0,0.0,
2020,Amravati,Chandur Railway,Small,11043.0,3745.0,
2020,Amravati,Chandurbazar,Big,0.0,0.0,
2020,Amravati,Chandurbazar,Medium,8963.0,1166.0,
2020,Amravati,Chandurbazar,Small,6719.0,4264.0,
2020,Amravati,Chikhraldara,Big,0.0,0.0,
2020,Amravati,Chikhraldara,Medium,0.0,0.0,
2020,Amravati,Chikhraldara,Small,2426.0,2291.0,
2020,Amravati,Daryapur,Big,0.0,0.0,
2020,Amravati,Daryapur,Medium,0.0,0.0,
2020,Amravati,Daryapur,Small,4909.0,4739.0,
2020,Amravati,Dhamangaon Re,Big,43365.0,36529.0,
2020,Amravati,Dhamangaon Re,Medium,0.0,0.0,
2020,Amravati,Dhamangaon Re,Small,17.0,17.0,
2020,Amravati,Dharani,Big,0.0,0.0,
2020,Amravati,Dharani,Medium,6548.0,4281.0,
2020,Amravati,Dharani,Small,12086.0,4280.0,
2020,Amravati,Morshi,Big,2872.0,2420.0,
2020,Amravati,Morshi,Medium,0.0,0.0,
2020,Amravati,Morshi,Small,2811.0,1108.0,
2020,Amravati,Nandgaon Kh,Big,0.0,0.0,
2020,Amravati,Nandgaon Kh,Medium,0.0,0.0,
2020,Amravati,Nandgaon Kh,Small,5010.0,2869.0,
2020,Amravati,Tivas,Big,14671.0,12358.0,
2020,Amravati,Tivas,Medium,0.0,0.0,
2020,Amravati,Tivas,Small,9322.0,7581.0,
2020,Amravati,Warud,Big,0.0,0.0,
2020,Amravati,Warud,Medium,11686.0,9191.0,
2020,Amravati,Warud,Small,12207.0,6203.0,
2020,Bhandara,Bhandara,Medium,9340.0,4751.0,
2020,Bhandara,Bhandara,Small,3658.0,1938.0,
2020,Bhandara,Lakhandur,Small,1916.0,1587.0,
2020,Bhandara,Lakhani,Small,3242.0,2040.0,
2020,Bhandara,Mohadi,Medium,3555.0,1972.0,
2020,Bhandara,Mohadi,Small,2146.0,1633.0,
2020,Bhandara,Pavani,Big,71775.0,47557.0,
2020,Bhandara,Pavani,Small,1276.0,1120.0,
2020,Bhandara,Sakoli,Small,8377.0,4901.0,
2020,Bhandara,Tumsar,Big,39459.0,19155.0,
2020,Bhandara,Tumsar,Medium,17634.0,12317.0,
2020,Bhandara,Tumsar,Small,13716.0,1230.0,
2020,Chandrapur,Ballarpur,Big,0.0,0.0,
2020,Chandrapur,Ballarpur,Medium,0.0,0.0,
2020,Chandrapur,Ballarpur,Small,1262.0,1129.0,
2020,Chandrapur,Bhadravati,Big,0.0,0.0,
2020,Chandrapur,Bhadravati,Medium,0.0,0.0,
2020,Chandrapur,Bhadravati,Small,360.0,421.0,
2020,Chandrapur,Bramhapuri,Big,0.0,0.0,
2020,Chandrapur,Bramhapuri,Medium,0.0,0.0,
2020,Chandrapur,Bramhapuri,Small,1571.0,1535.0,
2020,Chandrapur,Chandrapur,Big,0.0,0.0,
2020,Chandrapur,Chandrapur,Medium,0.0,0.0,
2020,Chandrapur,Chandrapur,Small,2101.0,2039.0,
2020,Chandrapur,Chimur,Big,0.0,0.0,
2020,Chandrapur,Chimur,Medium,0.0,0.0,
2020,Chandrapur,Chimur,Small,2942.0,2856.0,
2020,Chandrapur,Gondpipari,Big,0.0,0.0,
2020,Chandrapur,Gondpipari,Medium,0.0,0.0,
2020,Chandrapur,Gondpipari,Small,1873.0,1888.0,
2020,Chandrapur,Jivati,Big,0.0,0.0,
2020,Chandrapur,Jivati,Medium,0.0,0.0,
2020,Chandrapur,Jivati,Small,0.0,0.0,
2020,Chandrapur,Korpana,Big,0.0,0.0,
2020,Chandrapur,Korpana,Medium,0.0,0.0,
2020,Chandrapur,Korpana,Small,364.0,364.0,
2020,Chandrapur,Mul,Big,0.0,0.0,
2020,Chandrapur,Mul,Medium,0.0,0.0,
2020,Chandrapur,Mul,Small,2705.0,3236.0,
2020,Chandrapur,Nagbhid,Big,0.0,0.0,
2020,Chandrapur,Nagbhid,Medium,19607.0,5833.0,
2020,Chandrapur,Nagbhid,Small,2835.0,2792.0,
2020,Chandrapur,Ponbhurna,Big,0.0,0.0,
2020,Chandrapur,Ponbhurna,Medium,0.0,0.0,
2020,Chandrapur,Ponbhurna,Small,1091.0,1100.0,
2020,Chandrapur,Rajura,Big,0.0,0.0,
2020,Chandrapur,Rajura,Medium,0.0,0.0,
2020,Chandrapur,Rajura,Small,496.0,538.0,
2020,Chandrapur,Savali,Big,50858.0,10500.0,
2020,Chandrapur,Savali,Medium,0.0,0.0,
2020,Chandrapur,Savali,Small,2397.0,2612.0,
2020,Chandrapur,Sindevahi,Big,0.0,0.0,
2020,Chandrapur,Sindevahi,Medium,7064.0,2866.0,
2020,Chandrapur,Sindevahi,Small,4199.0,4204.0,
2020,Chandrapur,Varora,Big,0.0,0.0,
2020,Chandrapur,Varora,Medium,0.0,0.0,
2020,Chandrapur,Varora,Small,1614.0,1501.0,
2020,Dharashiv,Bhum,Big,0.0,0.0,
2020,Dharashiv,Bhum,Medium,4932.0,1526.4,
2020,Dharashiv,Bhum,Small,4062.0,1469.3,
2020,Dharashiv,Dharashiv,Big,0.0,0.0,
2020,Dharashiv,Dharashiv,Medium,5646.0,851.2,
2020,Dharashiv,Dharashiv,Small,14761.0,3632.36,
2020,Dharashiv,Kalamb,Big,0.0,0.0,
2020,Dharashiv,Kalamb,Medium,2040.0,110.7,
2020,Dharashiv,Kalamb,Small,3873.0,737.86,
2020,Dharashiv,Lohara,Big,830.0,830.0,
2020,Dharashiv,Lohara,Medium,0.0,0.0,
2020,Dharashiv,Lohara,Small,3536.0,3536.0,
2020,Dharashiv,Paranda,Big,12100.0,4063.0,
2020,Dharashiv,Paranda,Medium,9595.0,2072.1,
2020,Dharashiv,Paranda,Small,3783.0,1226.8,
2020,Dharashiv,Tuljapur,Big,0.0,0.0,
2020,Dharashiv,Tuljapur,Medium,7973.0,3828.0,
2020,Dharashiv,Tuljapur,Small,21981.0,21981.0,
2020,Dharashiv,Umaraga,Big,0.0,0.0,
2020,Dharashiv,Umaraga,Medium,5296.0,2305.0,
2020,Dharashiv,Umaraga,Small,12225.0,12225.0,
2020,Dharashiv,Washi,Big,0.0,0.0,
2020,Dharashiv,Washi,Medium,0.0,0.0,
2020,Dharashiv,Washi,Small,4334.0,840.5,
2020,Dhule,Dhule,Big,0.0,0.0,
2020,Dhule,Dhule,Medium,2105.0,1835.0,
2020,Dhule,Dhule,Small,23871.0,10015.0,
2020,Dhule,Sakri,Big,0.0,0.0,
2020,Dhule,Sakri,Medium,36812.0,15852.0,
2020,Dhule,Sakri,Small,7312.0,2104.0,
2020,Dhule,Shindkheda,Big,0.0,0.0,
2020,Dhule,Shindkheda,Medium,26415.0,7904.0,
2020,Dhule,Shindkheda,Small,5922.0,1269.0,
2020,Dhule,Shirpur,Big,0.0,0.0,
2020,Dhule,Shirpur,Medium,20672.0,11725.0,
2020,Dhule,Shirpur,Small,4294.0,3572.0,
2020,Gadchiroli,Aarmori,Big,30590.0,0.0,
2020,Gadchiroli,Aarmori,Medium,2039.0,0.0,
2020,Gadchiroli,Aarmori,Small,218.0,222.0,
2020,Gadchiroli,Aheri,Big,0.0,0.0,
2020,Gadchiroli,Aheri,Medium,0.0,0.0,
2020,Gadchiroli,Aheri,Small,571.27,535.05,
2020,Gadchiroli,Bhamragad,Big,0.0,0.0,
2020,Gadchiroli,Bhamragad,Medium,0.0,0.0,
2020,Gadchiroli,Bhamragad,Small,0.0,0.0,
2020,Gadchiroli,Chomoshi,Big,12656.0,11036.0,
2020,Gadchiroli,Chomoshi,Medium,12084.0,0.0,
2020,Gadchiroli,Chomoshi,Small,1259.89,1375.66,
2020,Gadchiroli,Desaiganj,Big,9378.0,6567.0,
2020,Gadchiroli,Desaiganj,Medium,0.0,0.0,
2020,Gadchiroli,Desaiganj,Small,1143.75,978.44,
2020,Gadchiroli,Dhanora,Big,0.0,0.0,
2020,Gadchiroli,Dhanora,Medium,3890.0,0.0,
2020,Gadchiroli,Dhanora,Small,197.0,65.0,
2020,Gadchiroli,Etapalli,Big,0.0,0.0,
2020,Gadchiroli,Etapalli,Medium,0.0,0.0,
2020,Gadchiroli,Etapalli,Small,0.0,0.0,
2020,Gadchiroli,Gadchiroli,Big,0.0,0.0,
2020,Gadchiroli,Gadchiroli,Medium,4127.0,0.0,
2020,Gadchiroli,Gadchiroli,Small,761.73,557.13,
2020,Gadchiroli,Korachi,Big,0.0,0.0,
2020,Gadchiroli,Korachi,Medium,0.0,0.0,
2020,Gadchiroli,Korachi,Small,0.0,0.0,
2020,Gadchiroli,Kurkheda,Big,0.0,0.0,
2020,Gadchiroli,Kurkheda,Medium,0.0,0.0,
2020,Gadchiroli,Kurkheda,Small,515.0,280.0,
2020,Gadchiroli,Mulchera,Big,0.0,0.0,
2020,Gadchiroli,Mulchera,Medium,2230.0,0.0,
2020,Gadchiroli,Mulchera,Small,316.72,301.0,
2020,Gadchiroli,Sironcha,Big,0.0,0.0,
2020,Gadchiroli,Sironcha,Medium,2280.0,0.0,
2020,Gadchiroli,Sironcha,Small,539.17,262.92,
2020,Gondia,Aamgaon,Big,13725.0,9113.0,
2020,Gondia,Aamgaon,Medium,0.0,0.0,
2020,Gondia,Aamgaon,Small,0.0,0.0,
2020,Gondia,Arjuni Morgaon,Big,7178.0,6236.0,
2020,Gondia,Arjuni Morgaon,Medium,0.0,0.0,
2020,Gondia,Arjuni Morgaon,Small,6434.0,2111.0,
2020,Gondia,Devari,Big,457.0,0.0,
2020,Gondia,Devari,Medium,0.0,0.0,
2020,Gondia,Devari,Small,3190.0,2072.0,
2020,Gondia,Gondia,Big,22874.0,15188.0,
2020,Gondia,Gondia,Medium,10250.0,2905.0,
2020,Gondia,Gondia,Small,1277.0,765.0,
2020,Gondia,Goregaon,Big,0.0,0.0,
2020,Gondia,Goregaon,Medium,2500.0,75.0,
2020,Gondia,Goregaon,Small,1734.0,1214.0,
2020,Gondia,Sadak Arjuni,Big,0.0,,
2020,Gondia,Sadak Arjuni,Medium,19718.0,2773.0,
2020,Gondia,Sadak Arjuni,Small,2509.0,329.0,
2020,Gondia,Salekasa,Big,8693.0,5771.0,
2020,Gondia,Salekasa,Medium,5008.0,936.0,
2020,Gondia,Salekasa,Small,460.0,428.0,
2020,Gondia,Tiroda,Big,0.0,0.0,
2020,Gondia,Tiroda,Medium,48869.0,12472.0,
2020,Gondia,Tiroda,Small,2181.0,1209.0,
2020,Hingoli,Aundha Na,Big,8119.0,2995.0,
2020,Hingoli,Aundha Na,Small,884.5,366.0,
2020,Hingoli,Hingoli,Small,1698.0,342.0,
2020,Hingoli,Kalamanuri,Big,9269.0,7531.0,
2020,Hingoli,Kalamanuri,Small,993.0,238.0,
2020,Hingoli,Sengaon,Small,2119.5,754.0,
2020,Hingoli,Vasamat,Big,36305.0,21629.0,
2020,Hingoli,Vasamat,Small,747.0,216.0,
2020,Kolhapur,Ajara,Big,0.0,0.0,
2020,Kolhapur,Ajara,Medium,6940.0,5537.0,
2020,Kolhapur,Ajara,Small,1080.0,948.0,
2020,Kolhapur,Bhudargad,Big,2751.0,2024.0,
2020,Kolhapur,Bhudargad,Medium,10512.0,8523.0,
2020,Kolhapur,Bhudargad,Small,2637.0,2315.0,
2020,Kolhapur,Chandgad,Big,0.0,0.0,
2020,Kolhapur,Chandgad,Medium,14377.0,11034.0,
2020,Kolhapur,Chandgad,Small,8935.0,7755.0,
2020,Kolhapur,Gadhinglaj,Big,0.0,0.0,
2020,Kolhapur,Gadhinglaj,Medium,6577.0,4513.0,
2020,Kolhapur,Gadhinglaj,Small,3398.0,2973.0,
2020,Kolhapur,Gaganbavada,Big,0.0,0.0,
2020,Kolhapur,Gaganbavada,Medium,5586.0,5249.0,
2020,Kolhapur,Gaganbavada,Small,1463.0,1315.0,
2020,Kolhapur,Hatkanangale,Big,25116.0,17202.0,
2020,Kolhapur,Hatkanangale,Medium,0.0,0.0,
2020,Kolhapur,Hatkanangale,Small,632.0,531.0,
2020,Kolhapur,Kagal,Big,19393.0,14270.0,
2020,Kolhapur,Kagal,Medium,5943.0,4874.0,
2020,Kolhapur,Kagal,Small,2296.0,2041.0,
2020,Kolhapur,Karveer,Big,28587.0,18374.0,
2020,Kolhapur,Karveer,Medium,1774.0,1685.0,
2020,Kolhapur,Karveer,Small,1863.0,1577.0,
2020,Kolhapur,Panhala,Big,9291.0,6690.0,
2020,Kolhapur,Panhala,Medium,9898.0,9255.0,
2020,Kolhapur,Panhala,Small,2221.0,1913.0,
2020,Kolhapur,Radhanagari,Big,15487.0,10660.0,
2020,Kolhapur,Radhanagari,Medium,397.0,318.0,
2020,Kolhapur,Radhanagari,Small,1006.0,871.0,
2020,Kolhapur,Shahuwadi,Big,6820.0,4830.0,
2020,Kolhapur,Shahuwadi,Medium,13129.0,12281.0,
2020,Kolhapur,Shahuwadi,Small,6394.0,5174.0,
2020,Kolhapur,Shirol,Big,25869.0,20470.0,
2020,Kolhapur,Shirol,Medium,0.0,0.0,
2020,Kolhapur,Shirol,Small,0.0,0.0,
2020,Latur,Ahamadpur,Big,0.0,0.0,
2020,Latur,Ahamadpur,Medium,0.0,0.0,
2020,Latur,Ahamadpur,Small,19515.0,8306.0,
2020,Latur,Aosa,Big,2517.0,1611.0,
2020,Latur,Aosa,Medium,0.0,0.0,
2020,Latur,Aosa,Small,10141.0,2956.0,
2020,Latur,Chakur,Big,0.0,0.0,
2020,Latur,Chakur,Medium,0.0,0.0,
2020,Latur,Chakur,Small,11424.0,2540.0,
2020,Latur,Devani,Big,0.0,0.0,
2020,Latur,Devani,Medium,0.0,0.0,
2020,Latur,Devani,Small,6597.0,1905.0,
2020,Latur,Jalkot,Big,0.0,0.0,
2020,Latur,Jalkot,Medium,0.0,0.0,
2020,Latur,Jalkot,Small,9096.0,5072.0,
2020,Latur,Latur,Big,6977.0,686.0,
2020,Latur,Latur,Medium,4103.0,386.0,
2020,Latur,Latur,Small,5549.0,1615.0,
2020,Latur,Nilanga,Big,6286.0,842.0,
2020,Latur,Nilanga,Medium,1664.0,631.0,
2020,Latur,Nilanga,Small,10780.0,6402.0,
2020,Latur,Renapur,Big,5902.0,1139.0,
2020,Latur,Renapur,Medium,5653.0,514.0,
2020,Latur,Renapur,Small,5167.0,750.0,
2020,Latur,Shirur-Anantpal,Big,0.0,0.0,
2020,Latur,Shirur-Anantpal,Medium,7923.0,739.0,
2020,Latur,Shirur-Anantpal,Small,889.0,701.0,
2020,Latur,Udgir,Big,0.0,0.0,
2020,Latur,Udgir,Medium,5825.0,2781.0,
2020,Latur,Udgir,Small,0.0,3466.0,
2020,Nagpur,Bhiwapur,Big,0.0,0.0,
2020,Nagpur,Bhiwapur,Medium,0.0,0.0,
2020,Nagpur,Bhiwapur,Small,5239.0,3119.0,
2020,Nagpur,Hingana,Big,0.0,0.0,
2020,Nagpur,Hingana,Medium,3669.0,1816.0,
2020,Nagpur,Hingana,Small,2521.0,1064.0,
2020,Nagpur,Kalameshwar,Big,0.0,0.0,
2020,Nagpur,Kalameshwar,Medium,960.0,910.0,
2020,Nagpur,Kalameshwar,Small,1559.0,1403.0,
2020,Nagpur,Kamathi,Big,0.0,0.0,
2020,Nagpur,Kamathi,Medium,0.0,0.0,
2020,Nagpur,Kamathi,Small,0.0,0.0,
2020,Nagpur,Katol,Big,0.0,0.0,
2020,Nagpur,Katol,Medium,8473.0,6562.0,
2020,Nagpur,Katol,Small,1693.0,1616.0,
2020,Nagpur,Kuhi,Big,11195.0,9013.0,
2020,Nagpur,Kuhi,Medium,0.0,0.0,
2020,Nagpur,Kuhi,Small,936.0,39.0,
2020,Nagpur,Mauda,Big,0.0,0.0,
2020,Nagpur,Mauda,Medium,0.0,0.0,
2020,Nagpur,Mauda,Small,194.0,91.0,
2020,Nagpur,Nagpur (gra),Big,0.0,0.0,
2020,Nagpur,Nagpur (gra),Medium,1214.0,156.0,
2020,Nagpur,Nagpur (gra),Small,509.0,144.0,
2020,Nagpur,Nagpur (sh),Big,0.0,0.0,
2020,Nagpur,Nagpur (sh),Medium,0.0,0.0,
2020,Nagpur,Nagpur (sh),Small,0.0,0.0,
2020,Nagpur,Narkhed,Big,0.0,0.0,
2020,Nagpur,Narkhed,Medium,0.0,0.0,
2020,Nagpur,Narkhed,Small,3379.0,987.0,
2020,Nagpur,Parashivani,Big,83076.0,62590.0,
2020,Nagpur,Parashivani,Medium,0.0,0.0,
2020,Nagpur,Parashivani,Small,1008.0,2003.0,
2020,Nagpur,Ramtech,Big,0.0,0.0,
2020,Nagpur,Ramtech,Medium,0.0,0.0,
2020,Nagpur,Ramtech,Small,1901.0,399.0,
2020,Nagpur,Sawner,Big,0.0,0.0,
2020,Nagpur,Sawner,Medium,10124.0,10903.0,
2020,Nagpur,Sawner,Small,1502.0,1421.0,
2020,Nagpur,Umred,Big,6667.0,6290.0,
2020,Nagpur,Umred,Medium,5669.0,4560.0,
2020,Nagpur,Umred,Small,6600.0,4107.0,
2020,Nashik,Malegaon,Big,11593.0,4073.0,
2020,Nashik,Malegaon,Medium,6126.0,1017.0,
2020,Nashik,Malegaon,Small,10113.0,4804.0,
2020,Nashik,Baglan,Big,2734.0,1800.0,
2020,Nashik,Baglan,Medium,12038.0,3323.0,
2020,Nashik,Baglan,Small,5796.0,2495.0,
2020,Nashik,Chandwad,Big,7042.0,2123.0,
2020,Nashik,Chandwad,Medium,0.0,0.0,
2020,Nashik,Chandwad,Small,6077.0,3225.0,
2020,Nashik,Devala,Big,10240.0,7037.0,
2020,Nashik,Devala,Medium,0.0,0.0,
2020,Nashik,Devala,Small,3713.0,1666.0,
2020,Nashik,Dindori,Big,14311.0,12140.0,
2020,Nashik,Dindori,Medium,118.0,226.0,
2020,Nashik,Dindori,Small,7999.0,5570.0,
2020,Nashik,Igatpuri,Big,1912.0,5361.0,
2020,Nashik,Igatpuri,Medium,,1905.0,
2020,Nashik,Igatpuri,Small,3667.0,2858.0,
2020,Nashik,Kalwan,Big,7962.0,7509.0,
2020,Nashik,Kalwan,Medium,0.0,0.0,
2020,Nashik,Kalwan,Small,9576.0,3975.0,
2020,Nashik,Nandgaon,Big,0.0,0.0,
2020,Nashik,Nandgaon,Medium,4813.0,4298.0,
2020,Nashik,Nandgaon,Small,6253.0,3909.0,
2020,Nashik,Nashik,Big,11732.0,3250.0,
2020,Nashik,Nashik,Medium,24382.0,3283.0,
2020,Nashik,Nashik,Small,2425.0,1756.0,
2020,Nashik,Nifad,Big,47868.0,16560.0,
2020,Nashik,Nifad,Medium,0.0,0.0,
2020,Nashik,Nifad,Small,660.0,158.0,
2020,Nashik,Peth,Big,0.0,0.0,
2020,Nashik,Peth,Medium,0.0,0.0,
2020,Nashik,Peth,Small,5178.0,4162.0,
2020,Nashik,Sinner,Big,20632.0,4011.0,
2020,Nashik,Sinner,Medium,4500.0,0.0,
2020,Nashik,Sinner,Small,6835.0,2007.0,
2020,Nashik,Surgana,Big,0.0,0.0,
2020,Nashik,Surgana,Medium,0.0,0.0,
2020,Nashik,Surgana,Small,4741.0,3051.0,
2020,Nashik,Trimbak,Big,0.0,59.0,
2020,Nashik,Trimbak,Medium,6219.0,531.0,
2020,Nashik,Trimbak,Small,4594.0,3950.0,
2020,Nashik,Yewala,Big,20090.0,11136.0,
2020,Nashik,Yewala,Medium,0.0,0.0,
2020,Nashik,Yewala,Small,4559.0,973.0,
2020,Raigad,Karjat,Medium,2542.0,350.0,
2020,Raigad,Karjat,Small,4367.0,2242.0,
2020,Raigad,Alibag,Medium,6088.0,2528.0,
2020,Raigad,Alibag,Small,6973.0,1307.0,
2020,Raigad,Khalapur,Small,1144.0,782.0,
2020,Raigad,Mahad,Small,3180.0,884.0,
2020,Raigad,Mangaon,Big,7930.0,714.0,
2020,Raigad,Mangaon,Small,8422.0,1207.0,
2020,Raigad,Mhasala,Small,308.0,68.0,
2020,Raigad,Murud,Small,275.0,155.0,
2020,Raigad,Panwel,Small,349.0,156.0,
2020,Raigad,Pen,Medium,9628.0,4268.0,
2020,Raigad,Pen,Small,11157.0,227.0,
2020,Raigad,Poladpur,Small,986.0,0.0,
2020,Raigad,Roha,Medium,277.0,84.0,
2020,Raigad,Roha,Small,992.0,475.0,
2020,Raigad,Shreevardhan,Small,398.0,63.0,
2020,Raigad,Sudhagad,Small,1077.0,148.0,
2020,Raigad,Tala,Small,302.0,83.0,
2020,Raigad,Uran,Small,105.0,0.0,
2020,Sangli,Aatpadi,Big,8670.0,12019.0,
2020,Sangli,Aatpadi,Medium,942.0,80.0,
2020,Sangli,Aatpadi,Small,15120.0,13509.0,
2020,Sangli,Jat,Big,9789.0,3694.0,
2020,Sangli,Jat,Medium,5174.0,284.0,
2020,Sangli,Jat,Small,22341.0,14317.0,
2020,Sangli,Kadegaon,Big,19050.0,12938.0,
2020,Sangli,Kadegaon,Medium,0.0,0.0,
2020,Sangli,Kadegaon,Small,7579.0,5360.0,
2020,Sangli,Khanapur,Big,18673.0,11484.0,
2020,Sangli,Khanapur,Medium,0.0,0.0,
2020,Sangli,Khanapur,Small,8995.0,5012.0,
2020,Sangli,Ku. Mahakal,Big,19316.0,11912.0,
2020,Sangli,Ku. Mahakal,Medium,499.0,218.0,
2020,Sangli,Ku. Mahakal,Small,7578.0,6102.0,
2020,Sangli,Miraj,Big,33616.0,18423.0,
2020,Sangli,Miraj,Medium,0.0,0.0,
2020,Sangli,Miraj,Small,15439.0,27112.0,
2020,Sangli,Palus,Big,2258.0,1645.0,
2020,Sangli,Palus,Medium,3675.0,2659.0,
2020,Sangli,Palus,Small,16979.0,24055.0,
2020,Sangli,Shirala,Big,0.0,0.0,
2020,Sangli,Shirala,Medium,2566.0,1997.0,
2020,Sangli,Shirala,Small,4220.0,3374.0,
2020,Sangli,Tasgaon,Big,37982.0,13708.0,
2020,Sangli,Tasgaon,Medium,4692.0,2715.0,
2020,Sangli,Tasgaon,Small,7722.0,9611.0,
2020,Sangli,Valava,Big,129.0,32.0,
2020,Sangli,Valava,Medium,2440.0,2136.0,
2020,Sangli,Valava,Small,31218.0,35776.0,
2020,Satara,Faltan,Big,27495.0,0.0,
2020,Satara,Faltan,Medium,0.0,0.0,
2020,Satara,Faltan,Small,1744.0,1201.0,
2020,Satara,Javali,Big,2200.0,4481.0,
2020,Satara,Javali,Medium,5327.0,0.0,
2020,Satara,Javali,Small,0.0,0.0,
2020,Satara,Karad,Big,43484.0,49137.0,
2020,Satara,Karad,Medium,16818.0,9077.0,
2020,Satara,Karad,Small,5678.0,5655.0,
2020,Satara,Khandala,Big,97986.0,128896.0,
2020,Satara,Khandala,Medium,0.0,0.0,
2020,Satara,Khandala,Small,374.0,374.0,
2020,Satara,Khatav,Big,27700.0,8254.0,
2020,Satara,Khatav,Medium,7690.0,2295.0,
2020,Satara,Khatav,Small,2343.0,2608.0,
2020,Satara,Koregaon,Big,20999.0,49440.0,
2020,Satara,Koregaon,Medium,9060.0,1637.0,
2020,Satara,Koregaon,Small,1742.0,2389.0,
2020,Satara,Mahableshwar,Big,0.0,0.0,
2020,Satara,Mahableshwar,Medium,0.0,0.0,
2020,Satara,Mahableshwar,Small,0.0,0.0,
2020,Satara,Man,Big,31800.0,0.0,
2020,Satara,Man,Medium,2591.0,2360.0,
2020,Satara,Man,Small,2134.0,1998.0,
2020,Satara,Patan,Big,41598.0,12002.0,
2020,Satara,Patan,Medium,7547.0,1574.0,
2020,Satara,Patan,Small,5365.0,13287.0,
2020,Satara,Satara,Big,30116.0,38019.0,
2020,Satara,Satara,Medium,0.0,0.0,
2020,Satara,Satara,Small,3100.0,2798.0,
2020,Satara,Vai,Big,7809.0,14450.0,
2020,Satara,Vai,Medium,6340.0,0.0,
2020,Satara,Vai,Small,346.0,0.0,
2020,Sindhudurg,Devgad,Big,0.0,0.0,
2020,Sindhudurg,Devgad,Medium,2569.0,367.0,
2020,Sindhudurg,Devgad,Small,1413.0,535.0,
2020,Sindhudurg,Dodamarg,Big,7180.0,2431.0,
2020,Sindhudurg,Dodamarg,Medium,0.0,0.0,
2020,Sindhudurg,Dodamarg,Small,1822.0,260.0,
2020,Sindhudurg,Kankavali,Big,0.0,0.0,
2020,Sindhudurg,Kankavali,Medium,14021.0,24.0,
2020,Sindhudurg,Kankavali,Small,4922.0,1698.0,
2020,Sindhudurg,Kudal,Big,26285.0,0.0,
2020,Sindhudurg,Kudal,Medium,0.0,0.0,
2020,Sindhudurg,Kudal,Small,3969.0,688.0,
2020,Sindhudurg,Malvan,Big,0.0,0.0,
2020,Sindhudurg,Malvan,Medium,0.0,0.0,
2020,Sindhudurg,Malvan,Small,3301.0,1435.0,
2020,Sindhudurg,Sawantwadi,Big,0.0,0.0,
2020,Sindhudurg,Sawantwadi,Medium,6190.0,0.0,
2020,Sindhudurg,Sawantwadi,Small,5189.0,3727.0,
2020,Sindhudurg,Vaibhavwadi,Big,0.0,0.0,
2020,Sindhudurg,Vaibhavwadi,Medium,7185.0,0.0,
2020,Sindhudurg,Vaibhavwadi,Small,1729.0,330.0,
2020,Sindhudurg,Vengurla,Big,0.0,0.0,
2020,Sindhudurg,Vengurla,Medium,0.0,0.0,
2020,Sindhudurg,Vengurla,Small,1217.0,393.0,
2020,Thane,Ambarnath,Big,0.0,8137.0,
2020,Thane,Ambarnath,Medium,0.0,0.0,
2020,Thane,Ambarnath,Small,729.0,10.0,
2020,Thane,Bhivandi,Big,4166.0,8137.0,
2020,Thane,Bhivandi,Medium,0.0,0.0,
2020,Thane,Bhivandi,Small,1502.0,59.0,
2020,Thane,Kalyan,Big,0.0,8137.0,
2020,Thane,Kalyan,Medium,0.0,0.0,
2020,Thane,Kalyan,Small,718.0,56.0,
2020,Thane,Murbad,Big,0.0,8137.0,
2020,Thane,Murbad,Medium,0.0,0.0,
2020,Thane,Murbad,Small,3836.0,396.0,
2020,Thane,Shahapur,Big,5024.0,8137.0,
2020,Thane,Shahapur,Medium,0.0,0.0,
2020,Thane,Shahapur,Small,2935.0,501.0,
2020,Thane,Thane,Big,0.0,8137.0,
2020,Thane,Thane,Medium,0.0,0.0,
2020,Thane,Thane,Small,0.0,0.0,
2020,Thane,Ulhasnagar,Big,0.0,8137.0,
2020,Thane,Ulhasnagar,Medium,0.0,0.0,
2020,Thane,Ulhasnagar,Small,0.0,49.0,
2020,Wardha,Karanja,Big,0.0,0.0,
2020,Wardha,Karanja,Medium,10897.0,2000.0,
2020,Wardha,Karanja,Small,2402.7,1880.5,
2020,Wardha,Aarvi,Big,0.0,0.0,
2020,Wardha,Aarvi,Medium,19313.0,11487.2,
2020,Wardha,Aarvi,Small,9770.3,6904.4,
2020,Wardha,Ashti,Big,0.0,0.0,
2020,Wardha,Ashti,Medium,0.0,0.0,
2020,Wardha,Ashti,Small,1833.0,1435.0,
2020,Wardha,Hinganghat,Big,35940.0,0.0,
2020,Wardha,Hinganghat,Medium,0.0,0.0,
2020,Wardha,Hinganghat,Small,780.1,482.7,
2020,Wardha,Samudrapur,Big,0.0,0.0,
2020,Wardha,Samudrapur,Medium,16873.0,5821.8,
2020,Wardha,Samudrapur,Small,70.3,42.8,
2020,Wardha,Selu,Big,35584.0,11014.5,
2020,Wardha,Selu,Medium,4854.0,2274.3,
2020,Wardha,Selu,Small,4333.4,2396.2,
2020,Wardha,Wardha,Big,0.0,0.0,
2020,Wardha,Wardha,Medium,0.0,0.0,
2020,Wardha,Wardha,Small,3221.8,1910.4,
2020,Wardha,Devali,Big,0.0,0.0,
2020,Wardha,Devali,Medium,0.0,0.0,
2020,Wardha,Devali,Small,182.0,102.0,
2020,Yavatmal,Kalamb,Big,0.0,0.0,
2020,Yavatmal,Kalamb,Medium,0.0,0.0,
2020,Yavatmal,Kalamb,Small,5525.0,1075.0,
2020,Yavatmal,Aarni,Big,0.0,0.0,
2020,Yavatmal,Aarni,Medium,0.0,0.0,
2020,Yavatmal,Aarni,Small,2171.0,827.0,
2020,Yavatmal,Babhulgaon,Big,67813.0,23327.0,
2020,Yavatmal,Babhulgaon,Medium,7855.0,0.0,
2020,Yavatmal,Babhulgaon,Small,3362.0,897.0,
2020,Yavatmal,Darvha,Big,0.0,0.0,
2020,Yavatmal,Darvha,Medium,27234.0,7770.0,
2020,Yavatmal,Darvha,Small,4028.0,1889.0,
2020,Yavatmal,Digras,Big,24135.0,10774.0,
2020,Yavatmal,Digras,Medium,0.0,0.0,
2020,Yavatmal,Digras,Small,395.0,247.0,
2020,Yavatmal,Ghantaji,Big,218129.0,0.0,
2020,Yavatmal,Ghantaji,Medium,0.0,0.0,
2020,Yavatmal,Ghantaji,Small,1653.0,465.0,
2020,Yavatmal,Kelapur,Big,0.0,0.0,
2020,Yavatmal,Kelapur,Medium,4865.0,2551.0,
2020,Yavatmal,Kelapur,Small,3312.0,894.0,
2020,Yavatmal,Mahagaon,Big,0.0,0.0,
2020,Yavatmal,Mahagaon,Medium,10732.0,6197.0,
2020,Yavatmal,Mahagaon,Small,4918.0,2958.0,
2020,Yavatmal,Maregaon,Big,0.0,0.0,
2020,Yavatmal,Maregaon,Medium,2574.0,967.0,
2020,Yavatmal,Maregaon,Small,2966.0,571.0,
2020,Yavatmal,Ner,Big,0.0,0.0,
2020,Yavatmal,Ner,Medium,0.0,0.0,
2020,Yavatmal,Ner,Small,4875.0,2581.0,
2020,Yavatmal,Pusad,Big,44940.0,18985.0,
2020,Yavatmal,Pusad,Medium,0.0,0.0,
2020,Yavatmal,Pusad,Small,268.0,152.0,
2020,Yavatmal,Ralegaon,Big,0.0,0.0,
2020,Yavatmal,Ralegaon,Medium,0.0,0.0,
2020,Yavatmal,Ralegaon,Small,5390.0,1536.0,
2020,Yavatmal,Umarkhed,Big,0.0,0.0,
2020,Yavatmal,Umarkhed,Medium,0.0,0.0,
2020,Yavatmal,Umarkhed,Small,3047.0,2817.0,
2020,Yavatmal,Vani,Big,0.0,0.0,
2020,Yavatmal,Vani,Medium,0.0,0.0,
2020,Yavatmal,Vani,Small,829.0,89.0,
2020,Yavatmal,Yavatmal,Big,0.0,0.0,
2020,Yavatmal,Yavatmal,Medium,15276.0,4295.0,
2020,Yavatmal,Yavatmal,Small,2504.0,805.0,
2020,Yavatmal,Zari Jamani,Big,0.0,0.0,
2020,Yavatmal,Zari Jamani,Medium,0.0,0.0,
2020,Yavatmal,Zari Jamani,Small,4551.0,988.0,
2020,Beed,Ashti,Big,0.0,0.0,
2020,Beed,Ashti,Medium,9048.0,1860.0,
2020,Beed,Ashti,Small,7884.0,3663.0,
2020,Beed,Ambajogai,Big,0.0,0.0,
2020,Beed,Ambajogai,Medium,0.0,0.0,
2020,Beed,Ambajogai,Small,5583.0,852.0,
2020,Beed,Beed,Big,,60.0,
2020,Beed,Beed,Medium,1288.0,100.0,
2020,Beed,Beed,Small,11863.0,2099.0,
2020,Beed,Cage,Big,14189.0,,
2020,Beed,Cage,Medium,769.0,0.0,
2020,Beed,Cage,Small,5887.0,156.0,
2020,Beed,Dharur,Big,0.0,0.0,
2020,Beed,Dharur,Medium,1880.0,241.0,
2020,Beed,Dharur,Small,2955.0,15.0,
2020,Beed,Gevrai,Big,21250.0,9600.0,
2020,Beed,Gevrai,Medium,0.0,0.0,
2020,Beed,Gevrai,Small,2822.0,443.0,
2020,Beed,Majalgaon,Big,38142.0,12644.0,
2020,Beed,Majalgaon,Medium,0.0,0.0,
2020,Beed,Majalgaon,Small,1818.0,0.0,
2020,Beed,Parli,Big,9232.0,2845.0,
2020,Beed,Parli,Medium,12285.0,0.0,
2020,Beed,Parli,Small,3975.0,243.0,
2020,Beed,Patoda,Big,0.0,0.0,
2020,Beed,Patoda,Medium,3036.0,118.0,
2020,Beed,Patoda,Small,11792.0,2127.0,
2020,Beed,Shirur Kasar,Big,0.0,0.0,
2020,Beed,Shirur Kasar,Medium,1782.0,573.0,
2020,Beed,Shirur Kasar,Small,5576.0,928.0,
2020,Beed,Wadwani,Big,,404.0,
2020,Beed,Wadwani,Medium,1797.0,1100.0,
2020,Beed,Wadwani,Small,3341.0,138.0,
2020,Buldhana,Buldhana,Big,0.0,0.0,
2020,Buldhana,Buldhana,Medium,0.0,0.0,
2020,Buldhana,Buldhana,Small,6211.0,2707.0,
2020,Buldhana,Chikhali,Big,8445.0,5231.0,
2020,Buldhana,Chikhali,Medium,0.0,0.0,
2020,Buldhana,Chikhali,Small,5773.0,4708.0,
2020,Buldhana,Deulgaon Raja,Big,10919.0,1823.0,
2020,Buldhana,Deulgaon Raja,Medium,0.0,0.0,
2020,Buldhana,Deulgaon Raja,Small,3040.0,2361.0,
2020,Buldhana,Jalgaon Jamod,Big,16758.0,0.0,
2020,Buldhana,Jalgaon Jamod,Medium,0.0,0.0,
2020,Buldhana,Jalgaon Jamod,Small,1805.0,1765.0,
2020,Buldhana,Khamgaon,Big,24923.0,0.0,
2020,Buldhana,Khamgaon,Medium,9913.0,6054.0,
2020,Buldhana,Khamgaon,Small,6903.0,2904.0,
2020,Buldhana,Lonar,Big,0.0,0.0,
2020,Buldhana,Lonar,Medium,1721.0,981.0,
2020,Buldhana,Lonar,Small,6731.0,2247.0,
2020,Buldhana,Malkapur,Big,10021.0,2051.0,
2020,Buldhana,Malkapur,Medium,0.0,0.0,
2020,Buldhana,Malkapur,Small,1196.0,815.0,
2020,Buldhana,Mehkar,Big,13292.0,10256.0,
2020,Buldhana,Mehkar,Medium,1439.0,1033.0,
2020,Buldhana,Mehkar,Small,4396.0,3756.0,
2020,Buldhana,Motala,Big,1700.0,1302.0,
2020,Buldhana,Motala,Medium,2415.0,1016.0,
2020,Buldhana,Motala,Small,4521.0,2324.0,
2020,Buldhana,Nandura,Big,37201.0,1673.0,
2020,Buldhana,Nandura,Medium,180.0,165.0,
2020,Buldhana,Nandura,Small,1179.0,653.0,
2020,Buldhana,Sangrampur,Big,11250.0,0.0,
2020,Buldhana,Sangrampur,Medium,0.0,0.0,
2020,Buldhana,Sangrampur,Small,1296.0,1037.0,
2020,Buldhana,Shegaon,Big,37573.0,0.0,
2020,Buldhana,Shegaon,Medium,6347.0,3344.0,
2020,Buldhana,Shegaon,Small,542.0,372.0,
2020,Buldhana,Sindkhed Raja,Big,5500.0,45.0,
2020,Buldhana,Sindkhed Raja,Medium,0.0,0.0,
2020,Buldhana,Sindkhed Raja,Small,6020.0,4551.0,
2020,Jalna,Ambad,Medium,3440.0,916.0,
2020,Jalna,Ambad,Small,17209.0,14370.0,
2020,Jalna,Badnapur,Medium,5708.0,245.7,
2020,Jalna,Badnapur,Small,10707.0,9794.6,
2020,Jalna,Bhokardan,Medium,5725.0,940.9,
2020,Jalna,Bhokardan,Small,19275.0,17295.8,
2020,Jalna,Ghansawangi,Small,12383.0,10891.9,
2020,Jalna,Jaffrabad,Medium,3237.0,505.2,
2020,Jalna,Jaffrabad,Small,11365.0,10208.2,
2020,Jalna,Jalna,Medium,5381.0,260.96,
2020,Jalna,Jalna,Small,14691.0,13704.4,
2020,Jalna,Mantha,Big,0.0,0.0,
2020,Jalna,Mantha,Small,16581.0,14278.0,
2020,Jalna,Partur,Big,47988.0,3600.0,
2020,Jalna,Partur,Small,8442.0,6519.0,
2020,Parbhani,Selu,Big,53933.0,5032.0,
2020,Parbhani,Selu,Medium,0.0,0.0,
2020,Parbhani,Selu,Small,768.0,139.0,
2020,Parbhani,Gangakhed,Big,8347.0,1188.0,
2020,Parbhani,Gangakhed,Medium,7122.0,2095.0,
2020,Parbhani,Gangakhed,Small,5412.0,2671.0,
2020,Parbhani,Jintur,Big,0.0,0.0,
2020,Parbhani,Jintur,Medium,3818.0,1766.0,
2020,Parbhani,Jintur,Small,8712.0,1835.0,
2020,Parbhani,Manvat,Big,11039.0,9495.0,
2020,Parbhani,Manvat,Medium,0.0,0.0,
2020,Parbhani,Manvat,Small,842.0,387.0,
2020,Parbhani,Palam,Big,0.0,0.0,
2020,Parbhani,Palam,Medium,4812.0,1235.0,
2020,Parbhani,Palam,Small,898.0,566.0,
2020,Parbhani,Parbhani,Big,34301.0,28336.0,
2020,Parbhani,Parbhani,Medium,0.0,0.0,
2020,Parbhani,Parbhani,Small,1367.0,449.0,
2020,Parbhani,Pathari,Big,32996.0,19469.0,
2020,Parbhani,Pathari,Medium,9189.0,852.0,
2020,Parbhani,Pathari,Small,693.0,202.0,
2020,Parbhani,Purna,Big,34616.0,12731.0,
2020,Parbhani,Purna,Medium,0.0,0.0,
2020,Parbhani,Purna,Small,1247.0,580.0,
2020,Parbhani,Sonpeth,Big,0.0,0.0,
2020,Parbhani,Sonpeth,Medium,0.0,0.0,
2020,Parbhani,Sonpeth,Small,668.0,89.0,
2020,Nanded,Andhrapur,Big,0.0,0.0,
2020,Nanded,Andhrapur,Medium,0.0,0.0,
2020,Nanded,Andhrapur,Small,0.0,0.0,
2020,Nanded,Bhokar,Big,0.0,0.0,
2020,Nanded,Bhokar,Medium,405.0,401.0,
2020,Nanded,Bhokar,Small,4149.0,4149.0,
2020,Nanded,Biloli,Big,0.0,0.0,
2020,Nanded,Biloli,Medium,0.0,0.0,
2020,Nanded,Biloli,Small,1430.0,444.0,
2020,Nanded,Deglur,Big,0.0,0.0,
2020,Nanded,Deglur,Medium,1781.0,484.0,
2020,Nanded,Deglur,Small,2920.0,1205.0,
2020,Nanded,Dharmabad,Big,0.0,0.0,
2020,Nanded,Dharmabad,Medium,9995.0,2516.0,
2020,Nanded,Dharmabad,Small,0.0,0.0,
2020,Nanded,Hadgaon,Big,0.0,0.0,
2020,Nanded,Hadgaon,Medium,0.0,0.0,
2020,Nanded,Hadgaon,Small,5549.0,1778.0,
2020,Nanded,Himalay Nagar,Big,0.0,0.0,
2020,Nanded,Himalay Nagar,Medium,0.0,0.0,
2020,Nanded,Himalay Nagar,Small,2546.0,1626.0,
2020,Nanded,Kandhar,Big,23310.0,10510.0,
2020,Nanded,Kandhar,Medium,2290.0,1098.0,
2020,Nanded,Kandhar,Small,1801.0,805.0,
2020,Nanded,Kinvat,Big,0.0,0.0,
2020,Nanded,Kinvat,Medium,5183.0,1694.0,
2020,Nanded,Kinvat,Small,5987.0,3386.0,
2020,Nanded,Loha,Big,0.0,0.0,
2020,Nanded,Loha,Medium,6000.0,5943.0,
2020,Nanded,Loha,Small,2304.0,1088.0,
2020,Nanded,Mahur,Big,0.0,0.0,
2020,Nanded,Mahur,Medium,0.0,0.0,
2020,Nanded,Mahur,Small,1429.0,1429.0,
2020,Nanded,Mudkhed,Big,1116.0,2280.0,
2020,Nanded,Mudkhed,Medium,0.0,0.0,
2020,Nanded,Mudkhed,Small,287.0,110.0,
2020,Nanded,Mukhed,Big,32410.0,26926.0,
2020,Nanded,Mukhed,Medium,1012.0,728.0,
2020,Nanded,Mukhed,Small,3778.0,2780.0,
2020,Nanded,Nanded,Big,33725.0,15914.0,
2020,Nanded,Nanded,Medium,0.0,0.0,
2020,Nanded,Nanded,Small,0.0,0.0,
2020,Nanded,Naygaon,Big,0.0,0.0,
2020,Nanded,Naygaon,Medium,0.0,0.0,
2020,Nanded,Naygaon,Small,679.0,300.0,
2020,Nanded,Umari,Big,0.0,0.0,
2020,Nanded,Umari,Medium,1600.0,2442.0,
2020,Nanded,Umari,Small,1690.0,907.0,
2020,Palghar,Dahanu,Big,6141.0,4047.32,
2020,Palghar,Dahanu,Medium,0.0,0.0,
2020,Palghar,Dahanu,Small,323.0,91.84,
2020,Palghar,Javhar,Big,0.0,0.0,
2020,Palghar,Javhar,Medium,0.0,0.0,
2020,Palghar,Javhar,Small,150.0,2.4,
2020,Palghar,Mokhada,Big,0.0,0.0,
2020,Palghar,Mokhada,Medium,0.0,0.0,
2020,Palghar,Mokhada,Small,144.0,0.0,
2020,Palghar,Palghar,Big,8525.0,7158.92,
2020,Palghar,Palghar,Medium,4088.0,2565.0,
2020,Palghar,Palghar,Small,986.0,100.31,
2020,Palghar,Talasari,Big,0.0,0.0,
2020,Palghar,Talasari,Medium,0.0,0.0,
2020,Palghar,Talasari,Small,0.0,0.0,
2020,Palghar,Vasai,Big,0.0,0.0,
2020,Palghar,Vasai,Medium,0.0,0.0,
2020,Palghar,Vasai,Small,0.0,0.0,
2020,Palghar,Vikramgad,Big,30.0,47.0,
2020,Palghar,Vikramgad,Medium,0.0,0.0,
2020,Palghar,Vikramgad,Small,578.0,89.82,
2020,Palghar,Wada,Big,0.0,0.0,
2020,Palghar,Wada,Medium,0.0,0.0,
2020,Palghar,Wada,Small,299.0,12.0,
2021,Nandurbar,Akkalkuva,Big,0.0,0.0,
2021,Nandurbar,Akkalkuva,Medium,3706.0,0.0,
2021,Nandurbar,Akkalkuva,Small,1045.0,550.0,
2021,Nandurbar,Akrani,Big,0.0,0.0,
2021,Nandurbar,Akrani,Medium,0.0,0.0,
2021,Nandurbar,Akrani,Small,182.0,60.0,
2021,Nandurbar,Nandurbar,Big,0.0,0.0,
2021,Nandurbar,Nandurbar,Medium,4299.0,0.0,
2021,Nandurbar,Nandurbar,Small,9542.0,2123.0,
2021,Nandurbar,Navapur,Big,0.0,0.0,
2021,Nandurbar,Navapur,Medium,11916.0,3472.39,
2021,Nandurbar,Navapur,Small,9520.0,4103.0,
2021,Nandurbar,Shahada,Big,0.0,0.0,
2021,Nandurbar,Shahada,Medium,23105.0,5701.0,
2021,Nandurbar,Shahada,Small,22264.0,2361.0,
2021,Nandurbar,Taloda,Big,0.0,0.0,
2021,Nandurbar,Taloda,Medium,0.0,0.0,
2021,Nandurbar,Taloda,Small,1527.0,626.0,
2021,Ratnagiri,Chiplun,Big,0.0,0.0,
2021,Ratnagiri,Chiplun,Medium,0.0,0.0,
2021,Ratnagiri,Chiplun,Small,1934.0,643.0,
2021,Ratnagiri,Dapoli,Big,0.0,0.0,
2021,Ratnagiri,Dapoli,Medium,0.0,0.0,
2021,Ratnagiri,Dapoli,Small,1910.0,239.0,
2021,Ratnagiri,Guhagar,Big,0.0,0.0,
2021,Ratnagiri,Guhagar,Medium,0.0,0.0,
2021,Ratnagiri,Guhagar,Small,273.0,136.0,
2021,Ratnagiri,Khed,Big,0.0,0.0,
2021,Ratnagiri,Khed,Medium,2390.0,1156.0,
2021,Ratnagiri,Khed,Small,3896.0,517.0,
2021,Ratnagiri,Lanja,Big,0.0,0.0,
2021,Ratnagiri,Lanja,Medium,0.0,0.0,
2021,Ratnagiri,Lanja,Small,3525.0,587.0,
2021,Ratnagiri,Mandangad,Big,0.0,0.0,
2021,Ratnagiri,Mandangad,Medium,0.0,0.0,
2021,Ratnagiri,Mandangad,Small,1470.0,60.0,
2021,Ratnagiri,Rajapur,Big,0.0,0.0,
2021,Ratnagiri,Rajapur,Medium,12107.0,1000.0,
2021,Ratnagiri,Rajapur,Small,1363.0,587.0,
2021,Ratnagiri,Ratnagiri,Big,0.0,0.0,
2021,Ratnagiri,Ratnagiri,Medium,0.0,0.0,
2021,Ratnagiri,Ratnagiri,Small,0.0,0.0,
2021,Ratnagiri,Sangameshwar,Big,0.0,0.0,
2021,Ratnagiri,Sangameshwar,Medium,3578.0,150.0,
2021,Ratnagiri,Sangameshwar,Small,2593.0,699.0,
2021,Washim,Karanja,Big,0.0,0.0,
2021,Washim,Karanja,Medium,0.0,0.0,
2021,Washim,Karanja,Small,2502.0,2502.0,
2021,Washim,Malegaon,Big,0.0,0.0,
2021,Washim,Malegaon,Medium,3156.0,3200.0,
2021,Washim,Malegaon,Small,3548.6,3548.6,
2021,Washim,Mangrulpir,Big,0.0,0.0,
2021,Washim,Mangrulpir,Medium,0.0,0.0,
2021,Washim,Mangrulpir,Small,3180.6,3180.6,
2021,Washim,Manora,Big,0.0,0.0,
2021,Washim,Manora,Medium,0.0,0.0,
2021,Washim,Manora,Small,3142.5,3142.5,
2021,Washim,Resod,Big,0.0,0.0,
2021,Washim,Resod,Medium,0.0,0.0,
2021,Washim,Resod,Small,2513.5,2513.5,
2021,Washim,Washim,Big,0.0,0.0,
2021,Washim,Washim,Medium,2429.0,1300.0,
2021,Washim,Washim,Small,4015.97,4015.97,
2021,Pune,Khed,Big,27663.0,21911.0,
2021,Pune,Khed,Medium,7035.0,116.0,
2021,Pune,Khed,Small,12748.0,15124.0,
2021,Pune,Aambegaon,Big,15418.0,13210.0,
2021,Pune,Aambegaon,Medium,4184.0,0.0,
2021,Pune,Aambegaon,Small,11511.0,10220.0,
2021,Pune,Baramati,Big,98731.0,49163.0,
2021,Pune,Baramati,Medium,3442.0,0.0,
2021,Pune,Baramati,Small,16880.0,22668.0,
2021,Pune,Bhor,Big,6575.0,100.0,
2021,Pune,Bhor,Medium,0.0,0.0,
2021,Pune,Bhor,Small,4888.0,9079.0,
2021,Pune,Daund,Big,107608.0,66665.0,
2021,Pune,Daund,Medium,0.0,0.0,
2021,Pune,Daund,Small,42681.0,48878.0,
2021,Pune,Haveli,Big,42208.0,21028.0,
2021,Pune,Haveli,Medium,1500.0,0.0,
2021,Pune,Haveli,Small,9658.0,5758.0,
2021,Pune,Indapur,Big,103532.0,58480.0,
2021,Pune,Indapur,Medium,1014.0,1833.0,
2021,Pune,Indapur,Small,12831.0,12797.0,
2021,Pune,Junnar,Big,46150.0,27115.0,
2021,Pune,Junnar,Medium,8318.0,0.0,
2021,Pune,Junnar,Small,17492.0,14704.0,
2021,Pune,Maval,Big,12730.0,12188.0,
2021,Pune,Maval,Medium,16025.0,16061.0,
2021,Pune,Maval,Small,9235.0,2863.0,
2021,Pune,Mulashi,Big,12724.0,376.0,
2021,Pune,Mulashi,Medium,5149.0,3755.0,
2021,Pune,Mulashi,Small,14108.0,9625.0,
2021,Pune,Pune City,Big,0.0,0.0,
2021,Pune,Pune City,Medium,0.0,0.0,
2021,Pune,Pune City,Small,0.0,0.0,
2021,Pune,Purandar,Big,62911.0,41380.0,
2021,Pune,Purandar,Medium,3195.0,0.0,
2021,Pune,Purandar,Small,9371.0,17365.0,
2021,Pune,Shirur,Big,60939.0,58697.0,
2021,Pune,Shirur,Medium,0.0,0.0,
2021,Pune,Shirur,Small,17668.0,13524.0,
2021,Pune,Welhe,Big,0.0,0.0,
2021,Pune,Welhe,Medium,0.0,0.0,
2021,Pune,Welhe,Small,4785.0,2782.0,
2021,Ahilyanagar,Akole,Big,8853.0,10361.0,
2021,Ahilyanagar,Akole,Medium,2178.0,2005.0,
2021,Ahilyanagar,Akole,Small,17461.0,5617.0,
2021,Ahilyanagar,Jamkhed,Big,0.0,0.0,
2021,Ahilyanagar,Jamkhed,Medium,2718.0,1299.0,
2021,Ahilyanagar,Jamkhed,Small,5235.0,2912.0,
2021,Ahilyanagar,Karjat,Big,29990.0,12455.0,
2021,Ahilyanagar,Karjat,Medium,8445.0,2361.0,
2021,Ahilyanagar,Karjat,Small,8210.0,4162.0,
2021,Ahilyanagar,Kopargaon,Big,25094.0,569.0,
2021,Ahilyanagar,Kopargaon,Medium,0.0,0.0,
2021,Ahilyanagar,Kopargaon,Small,0.0,0.0,
2021,Ahilyanagar,Nagar,Big,3089.0,435.0,
2021,Ahilyanagar,Nagar,Medium,0.0,0.0,
2021,Ahilyanagar,Nagar,Small,6787.0,1147.0,
2021,Ahilyanagar,Nevasa,Big,84304.0,65257.0,
2021,Ahilyanagar,Nevasa,Medium,0.0,0.0,
2021,Ahilyanagar,Nevasa,Small,3481.0,1246.0,
2021,Ahilyanagar,Parner,Big,14739.0,15897.0,
2021,Ahilyanagar,Parner,Medium,2266.0,1388.0,
2021,Ahilyanagar,Parner,Small,8927.0,6860.0,
2021,Ahilyanagar,Pathardi,Big,22315.0,8236.0,
2021,Ahilyanagar,Pathardi,Medium,1548.0,1137.0,
2021,Ahilyanagar,Pathardi,Small,1292.0,1124.0,
2021,Ahilyanagar,Rahata,Big,29359.0,14924.0,
2021,Ahilyanagar,Rahata,Medium,0.0,0.0,
2021,Ahilyanagar,Rahata,Small,0.0,303.0,
2021,Ahilyanagar,Rahuri,Big,46029.0,27047.0,
2021,Ahilyanagar,Rahuri,Medium,0.0,0.0,
2021,Ahilyanagar,Rahuri,Small,3730.0,2817.0,
2021,Ahilyanagar,Sangamner,Big,31931.0,22785.0,
2021,Ahilyanagar,Sangamner,Medium,1491.0,1128.0,
2021,Ahilyanagar,Sangamner,Small,5406.0,4066.0,
2021,Ahilyanagar,Shevgaon,Big,22093.0,15705.0,
2021,Ahilyanagar,Shevgaon,Medium,0.0,0.0,
2021,Ahilyanagar,Shevgaon,Small,809.0,458.0,
2021,Ahilyanagar,Srigonda,Big,44440.0,28082.0,
2021,Ahilyanagar,Srigonda,Medium,5369.0,9834.0,
2021,Ahilyanagar,Srigonda,Small,1941.0,4560.0,
2021,Ahilyanagar,Srirampur,Big,28971.0,18515.0,
2021,Ahilyanagar,Srirampur,Medium,0.0,0.0,
2021,Ahilyanagar,Srirampur,Small,6343.0,1224.0,
2021,Akola,Akola,Big,0.0,0.0,
2021,Akola,Akola,Medium,0.0,0.0,
2021,Akola,Akola,Small,819.0,111.0,
2021,Akola,Akot,Big,0.0,0.0,
2021,Akola,Akot,Medium,0.0,0.0,
2021,Akola,Akot,Small,2500.0,1626.0,
2021,Akola,Balapur,Big,0.0,0.0,
2021,Akola,Balapur,Medium,0.0,0.0,
2021,Akola,Balapur,Small,2722.0,1945.0,
2021,Akola,Barshitakali,Big,13996.0,6452.0,
2021,Akola,Barshitakali,Medium,0.0,0.0,
2021,Akola,Barshitakali,Small,7850.0,5077.0,
2021,Akola,Murtijapur,Big,0.0,0.0,
2021,Akola,Murtijapur,Medium,3168.0,1672.0,
2021,Akola,Murtijapur,Small,3850.0,1879.0,
2021,Akola,Patur,Big,0.0,0.0,
2021,Akola,Patur,Medium,16316.0,4891.0,
2021,Akola,Patur,Small,6422.0,3794.0,
2021,Akola,Telhara,Big,19177.0,10652.0,
2021,Akola,Telhara,Medium,0.0,0.0,
2021,Akola,Telhara,Small,112.0,0.0,
2021,Amravati,Achalpur,Big,0.0,0.0,
2021,Amravati,Achalpur,Medium,18450.0,5366.0,
2021,Amravati,Achalpur,Small,1696.0,1696.0,
2021,Amravati,Amravati,Big,0.0,0.0,
2021,Amravati,Amravati,Medium,0.0,0.0,
2021,Amravati,Amravati,Small,3319.0,2273.0,
2021,Amravati,Anjangaon Su,Big,0.0,0.0,
2021,Amravati,Anjangaon Su,Medium,6775.0,2374.0,
2021,Amravati,Anjangaon Su,Small,465.0,465.0,
2021,Amravati,Bhatkuli,Big,0.0,0.0,
2021,Amravati,Bhatkuli,Medium,0.0,0.0,
2021,Amravati,Bhatkuli,Small,1115.0,65.0,
2021,Amravati,Chandur Railway,Big,5958.0,4933.0,
2021,Amravati,Chandur Railway,Medium,0.0,0.0,
2021,Amravati,Chandur Railway,Small,9371.0,1334.0,
2021,Amravati,Chandurbazar,Big,0.0,0.0,
2021,Amravati,Chandurbazar,Medium,8963.0,2578.0,
2021,Amravati,Chandurbazar,Small,6140.0,927.0,
2021,Amravati,Chikhraldara,Big,0.0,0.0,
2021,Amravati,Chikhraldara,Medium,0.0,0.0,
2021,Amravati,Chikhraldara,Small,2918.0,1420.0,
2021,Amravati,Daryapur,Big,0.0,0.0,
2021,Amravati,Daryapur,Medium,0.0,0.0,
2021,Amravati,Daryapur,Small,5142.0,303.0,
2021,Amravati,Dhamangaon Re,Big,43365.0,36529.0,
2021,Amravati,Dhamangaon Re,Medium,0.0,0.0,
2021,Amravati,Dhamangaon Re,Small,65.0,65.0,
2021,Amravati,Dharani,Big,0.0,0.0,
2021,Amravati,Dharani,Medium,6548.0,0.0,
2021,Amravati,Dharani,Small,9442.0,2829.0,
2021,Amravati,Morshi,Big,2872.0,2420.0,
2021,Amravati,Morshi,Medium,0.0,0.0,
2021,Amravati,Morshi,Small,2321.0,1345.0,
2021,Amravati,Nandgaon Kh,Big,0.0,0.0,
2021,Amravati,Nandgaon Kh,Medium,0.0,0.0,
2021,Amravati,Nandgaon Kh,Small,5825.0,1810.0,
2021,Amravati,Tivas,Big,37950.0,19467.0,
2021,Amravati,Tivas,Medium,0.0,0.0,
2021,Amravati,Tivas,Small,9764.0,1855.0,
2021,Amravati,Warud,Big,0.0,0.0,
2021,Amravati,Warud,Medium,11686.0,124.0,
2021,Amravati,Warud,Small,10858.0,5628.0,
2021,Bhandara,Bhandara,Medium,9340.0,4440.0,
2021,Bhandara,Bhandara,Small,3658.0,2008.0,
2021,Bhandara,Lakhandur,Small,1916.0,1549.0,
2021,Bhandara,Lakhani,Small,3242.0,2036.0,
2021,Bhandara,Mohadi,Medium,3555.0,1955.0,
2021,Bhandara,Mohadi,Small,2146.0,1556.0,
2021,Bhandara,Pavani,Big,87648.0,29521.0,
2021,Bhandara,Pavani,Small,1276.0,1097.0,
2021,Bhandara,Sakoli,Small,8377.0,4949.0,
2021,Bhandara,Tumsar,Big,39459.0,19220.0,
2021,Bhandara,Tumsar,Medium,17634.0,13290.0,
2021,Bhandara,Tumsar,Small,13716.0,1175.0,
2021,Chandrapur,Ballarpur,Big,0.0,0.0,
2021,Chandrapur,Ballarpur,Medium,0.0,0.0,
2021,Chandrapur,Ballarpur,Small,1262.0,1129.0,
2021,Chandrapur,Bhadravati,Big,0.0,0.0,
2021,Chandrapur,Bhadravati,Medium,0.0,0.0,
2021,Chandrapur,Bhadravati,Small,360.0,421.0,
2021,Chandrapur,Bramhapuri,Big,0.0,0.0,
2021,Chandrapur,Bramhapuri,Medium,0.0,0.0,
2021,Chandrapur,Bramhapuri,Small,1571.0,1535.0,
2021,Chandrapur,Chandrapur,Big,0.0,0.0,
2021,Chandrapur,Chandrapur,Medium,0.0,0.0,
2021,Chandrapur,Chandrapur,Small,2101.0,2039.0,
2021,Chandrapur,Chimur,Big,0.0,0.0,
2021,Chandrapur,Chimur,Medium,0.0,0.0,
2021,Chandrapur,Chimur,Small,2942.0,2856.0,
2021,Chandrapur,Gondpipari,Big,0.0,0.0,
2021,Chandrapur,Gondpipari,Medium,0.0,0.0,
2021,Chandrapur,Gondpipari,Small,1873.0,1888.0,
2021,Chandrapur,Jivati,Big,0.0,0.0,
2021,Chandrapur,Jivati,Medium,0.0,0.0,
2021,Chandrapur,Jivati,Small,0.0,0.0,
2021,Chandrapur,Korpana,Big,0.0,0.0,
2021,Chandrapur,Korpana,Medium,10865.0,5718.0,
2021,Chandrapur,Korpana,Small,364.0,364.0,
2021,Chandrapur,Mul,Big,0.0,0.0,
2021,Chandrapur,Mul,Medium,0.0,0.0,
2021,Chandrapur,Mul,Small,2705.0,3236.0,
2021,Chandrapur,Nagbhid,Big,0.0,0.0,
2021,Chandrapur,Nagbhid,Medium,19607.0,5985.0,
2021,Chandrapur,Nagbhid,Small,2835.0,2792.0,
2021,Chandrapur,Ponbhurna,Big,0.0,0.0,
2021,Chandrapur,Ponbhurna,Medium,0.0,0.0,
2021,Chandrapur,Ponbhurna,Small,1091.0,1100.0,
2021,Chandrapur,Rajura,Big,0.0,0.0,
2021,Chandrapur,Rajura,Medium,0.0,0.0,
2021,Chandrapur,Rajura,Small,496.0,538.0,
2021,Chandrapur,Savali,Big,50858.0,10505.0,
2021,Chandrapur,Savali,Medium,0.0,0.0,
2021,Chandrapur,Savali,Small,2397.0,2612.0,
2021,Chandrapur,Sindevahi,Big,0.0,0.0,
2021,Chandrapur,Sindevahi,Medium,7064.0,2987.0,
2021,Chandrapur,Sindevahi,Small,4199.0,4204.0,
2021,Chandrapur,Varora,Big,0.0,0.0,
2021,Chandrapur,Varora,Medium,8146.0,5873.0,
2021,Chandrapur,Varora,Small,1614.0,1501.0,
2021,Dharashiv,Bhum,Big,0.0,0.0,
2021,Dharashiv,Bhum,Medium,4932.0,1468.0,
2021,Dharashiv,Bhum,Small,4062.0,1469.3,
2021,Dharashiv,Dharashiv,Big,0.0,0.0,
2021,Dharashiv,Dharashiv,Medium,5646.0,2225.0,
2021,Dharashiv,Dharashiv,Small,14761.0,3632.4,
2021,Dharashiv,Kalamb,Big,0.0,0.0,
2021,Dharashiv,Kalamb,Medium,2040.0,203.0,
2021,Dharashiv,Kalamb,Small,3873.0,737.86,
2021,Dharashiv,Lohara,Big,830.0,830.0,
2021,Dharashiv,Lohara,Medium,0.0,0.0,
2021,Dharashiv,Lohara,Small,3536.0,3536.0,
2021,Dharashiv,Paranda,Big,12100.0,11666.0,
2021,Dharashiv,Paranda,Medium,9595.0,3917.1,
2021,Dharashiv,Paranda,Small,3783.0,1226.8,
2021,Dharashiv,Tuljapur,Big,0.0,0.0,
2021,Dharashiv,Tuljapur,Medium,7973.0,4506.0,
2021,Dharashiv,Tuljapur,Small,21981.0,21981.0,
2021,Dharashiv,Umaraga,Big,0.0,0.0,
2021,Dharashiv,Umaraga,Medium,5296.0,2714.0,
2021,Dharashiv,Umaraga,Small,12225.0,12225.0,
2021,Dharashiv,Washi,Big,0.0,0.0,
2021,Dharashiv,Washi,Medium,0.0,0.0,
2021,Dharashiv,Washi,Small,4334.0,840.5,
2021,Dhule,Dhule,Big,0.0,0.0,
2021,Dhule,Dhule,Medium,2105.0,1835.0,
2021,Dhule,Dhule,Small,23871.0,10015.0,
2021,Dhule,Sakri,Big,0.0,0.0,
2021,Dhule,Sakri,Medium,36812.0,15852.0,
2021,Dhule,Sakri,Small,7312.0,2104.0,
2021,Dhule,Shindkheda,Big,0.0,0.0,
2021,Dhule,Shindkheda,Medium,26415.0,7904.0,
2021,Dhule,Shindkheda,Small,5922.0,1269.0,
2021,Dhule,Shirpur,Big,0.0,0.0,
2021,Dhule,Shirpur,Medium,20672.0,11725.0,
2021,Dhule,Shirpur,Small,4294.0,3572.0,
2021,Gadchiroli,Aarmori,Big,30590.0,0.0,
2021,Gadchiroli,Aarmori,Medium,2039.0,0.0,
2021,Gadchiroli,Aarmori,Small,218.0,222.1,
2021,Gadchiroli,Aheri,Big,0.0,0.0,
2021,Gadchiroli,Aheri,Medium,0.0,0.0,
2021,Gadchiroli,Aheri,Small,571.27,544.79,
2021,Gadchiroli,Bhamragad,Big,0.0,0.0,
2021,Gadchiroli,Bhamragad,Medium,0.0,0.0,
2021,Gadchiroli,Bhamragad,Small,0.0,0.0,
2021,Gadchiroli,Chomoshi,Big,12656.0,11014.66,
2021,Gadchiroli,Chomoshi,Medium,11540.0,0.0,
2021,Gadchiroli,Chomoshi,Small,1259.89,1391.07,
2021,Gadchiroli,Desaiganj,Big,9378.0,6532.0,
2021,Gadchiroli,Desaiganj,Medium,0.0,0.0,
2021,Gadchiroli,Desaiganj,Small,1143.75,1053.17,
2021,Gadchiroli,Dhanora,Big,0.0,0.0,
2021,Gadchiroli,Dhanora,Medium,3890.0,0.0,
2021,Gadchiroli,Dhanora,Small,197.0,69.19,
2021,Gadchiroli,Etapalli,Big,0.0,0.0,
2021,Gadchiroli,Etapalli,Medium,0.0,0.0,
2021,Gadchiroli,Etapalli,Small,0.0,0.0,
2021,Gadchiroli,Gadchiroli,Big,0.0,0.0,
2021,Gadchiroli,Gadchiroli,Medium,4127.0,0.0,
2021,Gadchiroli,Gadchiroli,Small,761.73,601.13,
2021,Gadchiroli,Korachi,Big,0.0,0.0,
2021,Gadchiroli,Korachi,Medium,0.0,0.0,
2021,Gadchiroli,Korachi,Small,0.0,0.0,
2021,Gadchiroli,Kurkheda,Big,0.0,0.0,
2021,Gadchiroli,Kurkheda,Medium,0.0,0.0,
2021,Gadchiroli,Kurkheda,Small,515.0,0.0,
2021,Gadchiroli,Mulchera,Big,0.0,0.0,
2021,Gadchiroli,Mulchera,Medium,2230.0,0.0,
2021,Gadchiroli,Mulchera,Small,316.72,340.63,
2021,Gadchiroli,Sironcha,Big,0.0,0.0,
2021,Gadchiroli,Sironcha,Medium,2280.0,0.0,
2021,Gadchiroli,Sironcha,Small,539.17,262.92,
2021,Gondia,Aamgaon,Big,13725.0,9113.0,
2021,Gondia,Aamgaon,Medium,0.0,0.0,
2021,Gondia,Aamgaon,Small,0.0,0.0,
2021,Gondia,Arjuni Morgaon,Big,7178.0,6236.0,
2021,Gondia,Arjuni Morgaon,Medium,0.0,0.0,
2021,Gondia,Arjuni Morgaon,Small,6434.0,2823.0,
2021,Gondia,Devari,Big,457.0,0.0,
2021,Gondia,Devari,Medium,0.0,0.0,
2021,Gondia,Devari,Small,3190.0,2119.0,
2021,Gondia,Gondia,Big,22874.0,15188.0,
2021,Gondia,Gondia,Medium,10250.0,3375.0,
2021,Gondia,Gondia,Small,1277.0,813.0,
2021,Gondia,Goregaon,Big,0.0,0.0,
2021,Gondia,Goregaon,Medium,2500.0,75.0,
2021,Gondia,Goregaon,Small,1734.0,1190.0,
2021,Gondia,Sadak Arjuni,Big,0.0,0.0,
2021,Gondia,Sadak Arjuni,Medium,19718.0,3325.0,
2021,Gondia,Sadak Arjuni,Small,2509.0,227.0,
2021,Gondia,Salekasa,Big,8693.0,5771.0,
2021,Gondia,Salekasa,Medium,5008.0,991.0,
2021,Gondia,Salekasa,Small,460.0,449.0,
2021,Gondia,Tiroda,Big,0.0,0.0,
2021,Gondia,Tiroda,Medium,48869.0,10016.0,
2021,Gondia,Tiroda,Small,2181.0,1219.0,
2021,Hingoli,Aundha Na,Big,8319.0,3732.0,
2021,Hingoli,Hingoli,Small,490.0,111.0,
2021,Hingoli,Kalamanuri,Big,9469.0,9031.0,
2021,Hingoli,Vasamat,Big,36505.0,23129.0,
2021,Kolhapur,Ajara,Big,0.0,0.0,
2021,Kolhapur,Ajara,Medium,25122.0,17403.0,
2021,Kolhapur,Ajara,Small,426.0,315.0,
2021,Kolhapur,Bhudargad,Big,2751.0,2024.0,
2021,Kolhapur,Bhudargad,Medium,9998.0,11158.0,
2021,Kolhapur,Bhudargad,Small,1610.0,1758.0,
2021,Kolhapur,Chandgad,Big,0.0,0.0,
2021,Kolhapur,Chandgad,Medium,17066.0,15929.0,
2021,Kolhapur,Chandgad,Small,9597.0,4037.0,
2021,Kolhapur,Gadhinglaj,Big,0.0,0.0,
2021,Kolhapur,Gadhinglaj,Medium,9924.0,8764.0,
2021,Kolhapur,Gadhinglaj,Small,2973.0,1289.0,
2021,Kolhapur,Gaganbavada,Big,0.0,0.0,
2021,Kolhapur,Gaganbavada,Medium,5586.0,5249.0,
2021,Kolhapur,Gaganbavada,Small,1463.0,1315.0,
2021,Kolhapur,Hatkanangale,Big,25116.0,17202.0,
2021,Kolhapur,Hatkanangale,Medium,0.0,0.0,
2021,Kolhapur,Hatkanangale,Small,632.0,531.0,
2021,Kolhapur,Kagal,Big,19393.0,27022.0,
2021,Kolhapur,Kagal,Medium,7890.0,8187.0,
2021,Kolhapur,Kagal,Small,1157.0,1376.0,
2021,Kolhapur,Karveer,Big,28587.0,18374.0,
2021,Kolhapur,Karveer,Medium,1774.0,1685.0,
2021,Kolhapur,Karveer,Small,1863.0,1577.0,
2021,Kolhapur,Panhala,Big,9291.0,6690.0,
2021,Kolhapur,Panhala,Medium,9898.0,9255.0,
2021,Kolhapur,Panhala,Small,2221.0,1913.0,
2021,Kolhapur,Radhanagari,Big,15487.0,10660.0,
2021,Kolhapur,Radhanagari,Medium,397.0,318.0,
2021,Kolhapur,Radhanagari,Small,1006.0,871.0,
2021,Kolhapur,Shahuwadi,Big,6820.0,4830.0,
2021,Kolhapur,Shahuwadi,Medium,13129.0,12281.0,
2021,Kolhapur,Shahuwadi,Small,6394.0,5174.0,
2021,Kolhapur,Shirol,Big,25869.0,20470.0,
2021,Kolhapur,Shirol,Medium,0.0,0.0,
2021,Kolhapur,Shirol,Small,0.0,0.0,
2021,Latur,Ahamadpur,Big,0.0,0.0,
2021,Latur,Ahamadpur,Medium,0.0,669.0,
2021,Latur,Ahamadpur,Small,4340.0,481.0,
2021,Latur,Aosa,Big,2517.0,2638.0,
2021,Latur,Aosa,Medium,0.0,0.0,
2021,Latur,Aosa,Small,3322.0,,
2021,Latur,Chakur,Big,0.0,0.0,
2021,Latur,Chakur,Medium,0.0,0.0,
2021,Latur,Chakur,Small,3167.0,747.0,
2021,Latur,Devani,Big,0.0,0.0,
2021,Latur,Devani,Medium,0.0,0.0,
2021,Latur,Devani,Small,1877.0,49.0,
2021,Latur,Jalkot,Big,0.0,0.0,
2021,Latur,Jalkot,Medium,0.0,348.0,
2021,Latur,Jalkot,Small,2315.0,261.0,
2021,Latur,Latur,Big,6977.0,5932.0,
2021,Latur,Latur,Medium,4103.0,1083.0,
2021,Latur,Latur,Small,2204.0,299.0,
2021,Latur,Nilanga,Big,6286.0,1886.0,
2021,Latur,Nilanga,Medium,1664.0,631.0,
2021,Latur,Nilanga,Small,2187.0,227.0,
2021,Latur,Renapur,Big,5902.0,2489.0,
2021,Latur,Renapur,Medium,5653.0,866.0,
2021,Latur,Renapur,Small,1080.0,333.0,
2021,Latur,Shirur-Anantpal,Big,0.0,0.0,
2021,Latur,Shirur-Anantpal,Medium,7923.0,3329.0,
2021,Latur,Shirur-Anantpal,Small,1329.0,193.0,
2021,Latur,Udgir,Big,0.0,0.0,
2021,Latur,Udgir,Medium,5825.0,2524.0,
2021,Latur,Udgir,Small,4864.0,1096.0,
2021,Nagpur,Bhiwapur,Big,0.0,0.0,
2021,Nagpur,Bhiwapur,Medium,0.0,0.0,
2021,Nagpur,Bhiwapur,Small,4693.0,1515.0,
2021,Nagpur,Hingana,Big,0.0,0.0,
2021,Nagpur,Hingana,Medium,3669.0,1276.0,
2021,Nagpur,Hingana,Small,3196.0,970.0,
2021,Nagpur,Kalameshwar,Big,0.0,0.0,
2021,Nagpur,Kalameshwar,Medium,960.0,905.0,
2021,Nagpur,Kalameshwar,Small,2235.0,1719.0,
2021,Nagpur,Kamathi,Big,0.0,0.0,
2021,Nagpur,Kamathi,Medium,0.0,0.0,
2021,Nagpur,Kamathi,Small,0.0,0.0,
2021,Nagpur,Katol,Big,0.0,0.0,
2021,Nagpur,Katol,Medium,8473.0,6032.0,
2021,Nagpur,Katol,Small,3089.0,3636.0,
2021,Nagpur,Kuhi,Big,11195.0,3717.0,
2021,Nagpur,Kuhi,Medium,0.0,0.0,
2021,Nagpur,Kuhi,Small,936.0,6.0,
2021,Nagpur,Mauda,Big,0.0,0.0,
2021,Nagpur,Mauda,Medium,0.0,0.0,
2021,Nagpur,Mauda,Small,194.0,156.0,
2021,Nagpur,Nagpur (gra),Big,0.0,0.0,
2021,Nagpur,Nagpur (gra),Medium,1214.0,82.0,
2021,Nagpur,Nagpur (gra),Small,509.0,141.0,
2021,Nagpur,Nagpur (sh),Big,0.0,0.0,
2021,Nagpur,Nagpur (sh),Medium,0.0,0.0,
2021,Nagpur,Nagpur (sh),Small,0.0,0.0,
2021,Nagpur,Narkhed,Big,0.0,0.0,
2021,Nagpur,Narkhed,Medium,0.0,0.0,
2021,Nagpur,Narkhed,Small,3869.0,1315.0,
2021,Nagpur,Parashivani,Big,83076.0,60990.0,
2021,Nagpur,Parashivani,Medium,0.0,0.0,
2021,Nagpur,Parashivani,Small,1008.0,761.0,
2021,Nagpur,Ramtech,Big,0.0,0.0,
2021,Nagpur,Ramtech,Medium,0.0,0.0,
2021,Nagpur,Ramtech,Small,1904.0,559.0,
2021,Nagpur,Sawner,Big,0.0,0.0,
2021,Nagpur,Sawner,Medium,10124.0,9740.0,
2021,Nagpur,Sawner,Small,1706.0,1706.0,
2021,Nagpur,Umred,Big,6667.0,5026.0,
2021,Nagpur,Umred,Medium,5669.0,3399.0,
2021,Nagpur,Umred,Small,6634.0,2447.0,
2021,Nashik,Malegaon,Big,9258.0,846.18,
2021,Nashik,Malegaon,Medium,7067.0,359.4,
2021,Nashik,Malegaon,Small,8585.0,4619.2,
2021,Nashik,Baglan,Big,2262.0,1086.91,
2021,Nashik,Baglan,Medium,7329.0,2673.5,
2021,Nashik,Baglan,Small,4573.0,2501.0,
2021,Nashik,Chandwad,Big,7042.0,2123.0,
2021,Nashik,Chandwad,Medium,0.0,0.0,
2021,Nashik,Chandwad,Small,6077.0,3225.0,
2021,Nashik,Devala,Big,8917.0,5552.06,
2021,Nashik,Devala,Medium,0.0,0.0,
2021,Nashik,Devala,Small,2974.0,1641.91,
2021,Nashik,Dindori,Big,14311.0,12278.0,
2021,Nashik,Dindori,Medium,118.0,167.0,
2021,Nashik,Dindori,Small,8233.0,6124.0,
2021,Nashik,Igatpuri,Big,1912.0,2501.0,
2021,Nashik,Igatpuri,Medium,6219.0,2165.0,
2021,Nashik,Igatpuri,Small,3667.0,2858.0,
2021,Nashik,Kalwan,Big,7674.0,7304.9,
2021,Nashik,Kalwan,Medium,0.0,0.0,
2021,Nashik,Kalwan,Small,6868.0,4167.15,
2021,Nashik,Nandgaon,Big,0.0,0.0,
2021,Nashik,Nandgaon,Medium,3537.0,3586.6,
2021,Nashik,Nandgaon,Small,5128.0,4516.5,
2021,Nashik,Nashik,Big,11732.0,3716.0,
2021,Nashik,Nashik,Medium,24382.0,3847.0,
2021,Nashik,Nashik,Small,2425.0,1756.0,
2021,Nashik,Nifad,Big,47868.0,24393.0,
2021,Nashik,Nifad,Medium,0.0,0.0,
2021,Nashik,Nifad,Small,660.0,158.0,
2021,Nashik,Peth,Big,0.0,0.0,
2021,Nashik,Peth,Medium,0.0,0.0,
2021,Nashik,Peth,Small,5178.0,2708.6,
2021,Nashik,Sinner,Big,20632.0,1683.0,
2021,Nashik,Sinner,Medium,4500.0,50.0,
2021,Nashik,Sinner,Small,2335.0,1574.0,
2021,Nashik,Surgana,Big,0.0,0.0,
2021,Nashik,Surgana,Medium,0.0,0.0,
2021,Nashik,Surgana,Small,4546.0,3039.83,
2021,Nashik,Trimbak,Big,0.0,0.0,
2021,Nashik,Trimbak,Medium,0.0,0.0,
2021,Nashik,Trimbak,Small,5090.0,3396.5,
2021,Nashik,Yewala,Big,20090.0,10463.0,
2021,Nashik,Yewala,Medium,0.0,0.0,
2021,Nashik,Yewala,Small,2756.0,973.0,
2021,Raigad,Karjat,Medium,2542.0,750.0,
2021,Raigad,Karjat,Small,255.0,68.0,
2021,Raigad,Alibag,Small,194.0,55.0,
2021,Raigad,Khalapur,Small,548.0,225.0,
2021,Raigad,Mahad,Small,3180.0,1493.0,
2021,Raigad,Mangaon,Big,7930.0,645.0,
2021,Raigad,Mangaon,Small,569.0,287.0,
2021,Raigad,Mhasala,Small,252.0,12.0,
2021,Raigad,Murud,Small,1113.0,687.0,
2021,Raigad,Panwel,Small,255.0,22.0,
2021,Raigad,Pen,Medium,11674.0,4363.0,
2021,Raigad,Pen,Small,226.0,0.0,
2021,Raigad,Poladpur,Small,986.0,491.0,
2021,Raigad,Roha,Medium,84.0,65.0,
2021,Raigad,Roha,Small,529.0,145.0,
2021,Raigad,Shreevardhan,Small,397.0,26.0,
2021,Raigad,Sudhagad,Small,942.0,247.0,
2021,Raigad,Tala,Small,222.0,100.0,
2021,Raigad,Uran,Small,105.0,0.0,
2021,Sangli,Aatpadi,Big,20035.0,13126.0,
2021,Sangli,Aatpadi,Medium,942.0,550.0,
2021,Sangli,Aatpadi,Small,15122.0,14441.0,
2021,Sangli,Jat,Big,22155.0,2853.0,
2021,Sangli,Jat,Medium,5174.0,2000.0,
2021,Sangli,Jat,Small,,15672.0,
2021,Sangli,Kadegaon,Big,27753.0,17383.0,
2021,Sangli,Kadegaon,Medium,0.0,0.0,
2021,Sangli,Kadegaon,Small,7590.0,5701.0,
2021,Sangli,Khanapur,Big,28991.0,4764.0,
2021,Sangli,Khanapur,Medium,0.0,0.0,
2021,Sangli,Khanapur,Small,8995.0,5404.0,
2021,Sangli,Ku. Mahakal,Big,24819.0,15228.0,
2021,Sangli,Ku. Mahakal,Medium,499.0,0.0,
2021,Sangli,Ku. Mahakal,Small,7578.0,5946.0,
2021,Sangli,Miraj,Big,31306.0,25732.0,
2021,Sangli,Miraj,Medium,0.0,0.0,
2021,Sangli,Miraj,Small,15439.0,26359.0,
2021,Sangli,Palus,Big,2877.0,1610.0,
2021,Sangli,Palus,Medium,3675.0,4370.0,
2021,Sangli,Palus,Small,16979.0,25088.0,
2021,Sangli,Shirala,Big,0.0,0.0,
2021,Sangli,Shirala,Medium,2566.0,1930.0,
2021,Sangli,Shirala,Small,4221.0,3460.0,
2021,Sangli,Tasgaon,Big,37062.0,14383.0,
2021,Sangli,Tasgaon,Medium,4692.0,1071.0,
2021,Sangli,Tasgaon,Small,7730.0,9683.0,
2021,Sangli,Valava,Big,380.0,25.0,
2021,Sangli,Valava,Medium,2440.0,2036.0,
2021,Sangli,Valava,Small,31225.0,36948.0,
2021,Satara,Faltan,Big,60581.0,1120.0,
2021,Satara,Faltan,Medium,0.0,0.0,
2021,Satara,Faltan,Small,1744.0,1302.0,
2021,Satara,Javali,Big,0.0,0.0,
2021,Satara,Javali,Medium,6955.0,0.0,
2021,Satara,Javali,Small,0.0,0.0,
2021,Satara,Karad,Big,44318.0,31836.0,
2021,Satara,Karad,Medium,10523.0,4352.0,
2021,Satara,Karad,Small,3796.0,4969.0,
2021,Satara,Khandala,Big,22264.0,22264.0,
2021,Satara,Khandala,Medium,0.0,0.0,
2021,Satara,Khandala,Small,374.0,374.0,
2021,Satara,Khatav,Big,16000.0,10477.0,
2021,Satara,Khatav,Medium,10205.0,8640.0,
2021,Satara,Khatav,Small,2343.0,2139.0,
2021,Satara,Koregaon,Big,59450.0,0.0,
2021,Satara,Koregaon,Medium,10962.0,326.4,
2021,Satara,Koregaon,Small,1918.0,1686.0,
2021,Satara,Mahableshwar,Big,0.0,0.0,
2021,Satara,Mahableshwar,Medium,0.0,0.0,
2021,Satara,Mahableshwar,Small,0.0,0.0,
2021,Satara,Man,Big,16000.0,0.0,
2021,Satara,Man,Medium,10780.0,2890.0,
2021,Satara,Man,Small,2334.0,2334.0,
2021,Satara,Patan,Big,38072.0,22660.0,
2021,Satara,Patan,Medium,21086.0,12812.0,
2021,Satara,Patan,Small,6841.0,16039.0,
2021,Satara,Satara,Big,52945.0,52438.0,
2021,Satara,Satara,Medium,0.0,0.0,
2021,Satara,Satara,Small,3100.0,1574.0,
2021,Satara,Vai,Big,101947.0,54407.0,
2021,Satara,Vai,Medium,8419.0,1233.0,
2021,Satara,Vai,Small,346.0,0.0,
2021,Sindhudurg,Devgad,Big,0.0,0.0,
2021,Sindhudurg,Devgad,Medium,2569.0,1095.0,
2021,Sindhudurg,Devgad,Small,1410.0,535.0,
2021,Sindhudurg,Dodamarg,Big,6676.0,2350.0,
2021,Sindhudurg,Dodamarg,Medium,0.0,0.0,
2021,Sindhudurg,Dodamarg,Small,2102.0,1605.0,
2021,Sindhudurg,Kankavali,Big,0.0,0.0,
2021,Sindhudurg,Kankavali,Medium,14021.0,410.0,
2021,Sindhudurg,Kankavali,Small,5970.0,3145.0,
2021,Sindhudurg,Kudal,Big,26285.0,0.0,
2021,Sindhudurg,Kudal,Medium,0.0,0.0,
2021,Sindhudurg,Kudal,Small,4455.0,1120.0,
2021,Sindhudurg,Malvan,Big,0.0,0.0,
2021,Sindhudurg,Malvan,Medium,0.0,0.0,
2021,Sindhudurg,Malvan,Small,3461.0,1492.0,
2021,Sindhudurg,Sawantwadi,Big,0.0,0.0,
2021,Sindhudurg,Sawantwadi,Medium,7464.0,0.0,
2021,Sindhudurg,Sawantwadi,Small,5457.0,3727.0,
2021,Sindhudurg,Vaibhavwadi,Big,0.0,0.0,
2021,Sindhudurg,Vaibhavwadi,Medium,7185.0,0.0,
2021,Sindhudurg,Vaibhavwadi,Small,2642.0,660.0,
2021,Sindhudurg,Vengurla,Big,0.0,0.0,
2021,Sindhudurg,Vengurla,Medium,0.0,0.0,
2021,Sindhudurg,Vengurla,Small,1198.0,404.0,
2021,Thane,Ambarnath,Big,0.0,0.0,
2021,Thane,Ambarnath,Medium,0.0,0.0,
2021,Thane,Ambarnath,Small,599.0,49.0,
2021,Thane,Bhivandi,Big,4166.0,4166.0,
2021,Thane,Bhivandi,Medium,0.0,0.0,
2021,Thane,Bhivandi,Small,1606.0,57.0,
2021,Thane,Kalyan,Big,0.0,0.0,
2021,Thane,Kalyan,Medium,0.0,0.0,
2021,Thane,Kalyan,Small,789.0,58.0,
2021,Thane,Murbad,Big,0.0,0.0,
2021,Thane,Murbad,Medium,0.0,0.0,
2021,Thane,Murbad,Small,4242.0,655.0,
2021,Thane,Shahapur,Big,5024.0,3300.0,
2021,Thane,Shahapur,Medium,0.0,0.0,
2021,Thane,Shahapur,Small,4777.0,1244.0,
2021,Thane,Thane,Big,0.0,0.0,
2021,Thane,Thane,Medium,0.0,0.0,
2021,Thane,Thane,Small,0.0,0.0,
2021,Thane,Ulhasnagar,Big,0.0,0.0,
2021,Thane,Ulhasnagar,Medium,0.0,0.0,
2021,Thane,Ulhasnagar,Small,0.0,0.0,
2021,Wardha,Karanja,Big,0.0,0.0,
2021,Wardha,Karanja,Medium,10897.0,2000.0,
2021,Wardha,Karanja,Small,2402.7,1880.5,
2021,Wardha,Aarvi,Big,0.0,0.0,
2021,Wardha,Aarvi,Medium,19313.0,11510.1,
2021,Wardha,Aarvi,Small,9770.3,6904.4,
2021,Wardha,Ashti,Big,0.0,0.0,
2021,Wardha,Ashti,Medium,0.0,0.0,
2021,Wardha,Ashti,Small,1833.0,1435.0,
2021,Wardha,Hinganghat,Big,35940.0,0.0,
2021,Wardha,Hinganghat,Medium,0.0,0.0,
2021,Wardha,Hinganghat,Small,780.1,482.7,
2021,Wardha,Samudrapur,Big,0.0,0.0,
2021,Wardha,Samudrapur,Medium,16873.0,4734.9,
2021,Wardha,Samudrapur,Small,70.3,42.8,
2021,Wardha,Selu,Big,35584.0,11577.5,
2021,Wardha,Selu,Medium,4854.0,2406.0,
2021,Wardha,Selu,Small,4333.4,2396.2,
2021,Wardha,Wardha,Big,0.0,0.0,
2021,Wardha,Wardha,Medium,0.0,0.0,
2021,Wardha,Wardha,Small,3221.8,1910.4,
2021,Wardha,Devali,Big,0.0,0.0,
2021,Wardha,Devali,Medium,0.0,0.0,
2021,Wardha,Devali,Small,182.0,102.0,
2021,Yavatmal,Kalamb,Big,0.0,0.0,
2021,Yavatmal,Kalamb,Medium,0.0,0.0,
2021,Yavatmal,Kalamb,Small,7500.0,1574.0,
2021,Yavatmal,Aarni,Big,0.0,0.0,
2021,Yavatmal,Aarni,Medium,0.0,0.0,
2021,Yavatmal,Aarni,Small,2792.0,912.0,
2021,Yavatmal,Babhulgaon,Big,65866.0,26358.0,
2021,Yavatmal,Babhulgaon,Medium,7855.0,0.0,
2021,Yavatmal,Babhulgaon,Small,4466.0,2442.0,
2021,Yavatmal,Darvha,Big,0.0,0.0,
2021,Yavatmal,Darvha,Medium,27234.0,7240.0,
2021,Yavatmal,Darvha,Small,4945.0,2902.0,
2021,Yavatmal,Digras,Big,24135.0,7655.0,
2021,Yavatmal,Digras,Medium,0.0,0.0,
2021,Yavatmal,Digras,Small,991.0,329.0,
2021,Yavatmal,Ghantaji,Big,227271.0,0.0,
2021,Yavatmal,Ghantaji,Medium,0.0,0.0,
2021,Yavatmal,Ghantaji,Small,2831.0,659.0,
2021,Yavatmal,Kelapur,Big,0.0,0.0,
2021,Yavatmal,Kelapur,Medium,4865.0,2194.0,
2021,Yavatmal,Kelapur,Small,4940.0,2118.0,
2021,Yavatmal,Mahagaon,Big,0.0,0.0,
2021,Yavatmal,Mahagaon,Medium,10732.0,4680.0,
2021,Yavatmal,Mahagaon,Small,3181.0,253.0,
2021,Yavatmal,Maregaon,Big,0.0,0.0,
2021,Yavatmal,Maregaon,Medium,2574.0,950.0,
2021,Yavatmal,Maregaon,Small,4143.0,974.0,
2021,Yavatmal,Ner,Big,0.0,0.0,
2021,Yavatmal,Ner,Medium,0.0,0.0,
2021,Yavatmal,Ner,Small,6988.0,4374.0,
2021,Yavatmal,Pusad,Big,41202.0,19273.0,
2021,Yavatmal,Pusad,Medium,0.0,0.0,
2021,Yavatmal,Pusad,Small,3499.0,406.0,
2021,Yavatmal,Ralegaon,Big,0.0,0.0,
2021,Yavatmal,Ralegaon,Medium,0.0,0.0,
2021,Yavatmal,Ralegaon,Small,6348.0,1903.0,
2021,Yavatmal,Umarkhed,Big,0.0,0.0,
2021,Yavatmal,Umarkhed,Medium,0.0,0.0,
2021,Yavatmal,Umarkhed,Small,2116.0,1545.0,
2021,Yavatmal,Vani,Big,0.0,0.0,
2021,Yavatmal,Vani,Medium,0.0,0.0,
2021,Yavatmal,Vani,Small,1498.0,217.0,
2021,Yavatmal,Yavatmal,Big,0.0,0.0,
2021,Yavatmal,Yavatmal,Medium,15276.0,3483.0,
2021,Yavatmal,Yavatmal,Small,4842.0,2069.0,
2021,Yavatmal,Zari Jamani,Big,0.0,0.0,
2021,Yavatmal,Zari Jamani,Medium,0.0,0.0,
2021,Yavatmal,Zari Jamani,Small,5224.0,3031.0,
2021,Beed,Ashti,Big,0.0,0.0,
2021,Beed,Ashti,Medium,9048.0,2899.0,
2021,Beed,Ashti,Small,7884.0,3907.0,
2021,Beed,Ambajogai,Big,3776.0,1859.0,
2021,Beed,Ambajogai,Medium,0.0,0.0,
2021,Beed,Ambajogai,Small,5583.0,852.0,
2021,Beed,Beed,Big,,60.0,
2021,Beed,Beed,Medium,1288.0,170.0,
2021,Beed,Beed,Small,11863.0,3402.0,
2021,Beed,Cage,Big,941.0,1067.0,
2021,Beed,Cage,Medium,690.0,0.0,
2021,Beed,Cage,Small,5887.0,156.0,
2021,Beed,Dharur,Big,0.0,0.0,
2021,Beed,Dharur,Medium,1880.0,241.0,
2021,Beed,Dharur,Small,2955.0,15.0,
2021,Beed,Gevrai,Big,21250.0,10983.0,
2021,Beed,Gevrai,Medium,0.0,0.0,
2021,Beed,Gevrai,Small,2822.0,720.0,
2021,Beed,Majalgaon,Big,38142.0,12755.0,
2021,Beed,Majalgaon,Medium,0.0,0.0,
2021,Beed,Majalgaon,Small,1818.0,0.0,
2021,Beed,Parli,Big,9232.0,2845.0,
2021,Beed,Parli,Medium,10577.0,0.0,
2021,Beed,Parli,Small,3975.0,243.0,
2021,Beed,Patoda,Big,0.0,0.0,
2021,Beed,Patoda,Medium,3036.0,514.0,
2021,Beed,Patoda,Small,11792.0,2244.0,
2021,Beed,Shirur Kasar,Big,0.0,0.0,
2021,Beed,Shirur Kasar,Medium,1782.0,719.0,
2021,Beed,Shirur Kasar,Small,5576.0,1667.0,
2021,Beed,Wadwani,Big,,404.0,
2021,Beed,Wadwani,Medium,5270.0,1100.0,
2021,Beed,Wadwani,Small,3341.0,243.0,
2021,Buldhana,Buldhana,Big,0.0,0.0,
2021,Buldhana,Buldhana,Medium,0.0,0.0,
2021,Buldhana,Buldhana,Small,7818.0,5764.0,
2021,Buldhana,Chikhali,Big,8445.0,5231.0,
2021,Buldhana,Chikhali,Medium,0.0,0.0,
2021,Buldhana,Chikhali,Small,10219.0,7956.0,
2021,Buldhana,Deulgaon Raja,Big,10919.0,1823.0,
2021,Buldhana,Deulgaon Raja,Medium,0.0,0.0,
2021,Buldhana,Deulgaon Raja,Small,5783.0,3241.0,
2021,Buldhana,Jalgaon Jamod,Big,16758.0,0.0,
2021,Buldhana,Jalgaon Jamod,Medium,0.0,0.0,
2021,Buldhana,Jalgaon Jamod,Small,3537.0,2289.0,
2021,Buldhana,Khamgaon,Big,24923.0,0.0,
2021,Buldhana,Khamgaon,Medium,9913.0,6054.0,
2021,Buldhana,Khamgaon,Small,7371.0,4628.0,
2021,Buldhana,Lonar,Big,0.0,0.0,
2021,Buldhana,Lonar,Medium,1721.0,981.0,
2021,Buldhana,Lonar,Small,9778.0,4846.0,
2021,Buldhana,Malkapur,Big,10021.0,2051.0,
2021,Buldhana,Malkapur,Medium,0.0,0.0,
2021,Buldhana,Malkapur,Small,1182.0,825.0,
2021,Buldhana,Mehkar,Big,13292.0,10256.0,
2021,Buldhana,Mehkar,Medium,1439.0,1033.0,
2021,Buldhana,Mehkar,Small,8024.0,5755.0,
2021,Buldhana,Motala,Big,1700.0,1302.0,
2021,Buldhana,Motala,Medium,2415.0,1016.0,
2021,Buldhana,Motala,Small,6598.0,2677.0,
2021,Buldhana,Nandura,Big,37201.0,1673.0,
2021,Buldhana,Nandura,Medium,180.0,165.0,
2021,Buldhana,Nandura,Small,1313.0,809.0,
2021,Buldhana,Sangrampur,Big,11250.0,0.0,
2021,Buldhana,Sangrampur,Medium,0.0,0.0,
2021,Buldhana,Sangrampur,Small,5938.0,1037.0,
2021,Buldhana,Shegaon,Big,37573.0,0.0,
2021,Buldhana,Shegaon,Medium,6347.0,3344.0,
2021,Buldhana,Shegaon,Small,1463.0,378.0,
2021,Buldhana,Sindkhed Raja,Big,5500.0,45.0,
2021,Buldhana,Sindkhed Raja,Medium,0.0,0.0,
2021,Buldhana,Sindkhed Raja,Small,10846.0,7471.0,
2021,Jalna,Ambad,Medium,3440.0,147.05,
2021,Jalna,Ambad,Small,17237.0,14243.3,
2021,Jalna,Badnapur,Medium,5708.0,217.0,
2021,Jalna,Badnapur,Small,10797.0,9860.6,
2021,Jalna,Bhokardan,Medium,5725.0,901.8,
2021,Jalna,Bhokardan,Small,19203.0,17252.9,
2021,Jalna,Ghansawangi,Small,12422.0,10933.0,
2021,Jalna,Jaffrabad,Medium,3237.0,447.9,
2021,Jalna,Jaffrabad,Small,11401.0,10500.6,
2021,Jalna,Jalna,Medium,5381.0,207.3,
2021,Jalna,Jalna,Small,14731.0,13954.65,
2021,Jalna,Mantha,Big,0.0,0.0,
2021,Jalna,Mantha,Small,16631.0,14135.0,
2021,Jalna,Partur,Big,47988.0,0.0,
2021,Jalna,Partur,Small,8360.0,6462.0,
2021,Parbhani,Selu,Big,53933.0,5032.0,
2021,Parbhani,Selu,Medium,0.0,0.0,
2021,Parbhani,Selu,Small,0.0,0.0,
2021,Parbhani,Gangakhed,Big,0.0,0.0,
2021,Parbhani,Gangakhed,Medium,7122.0,1270.0,
2021,Parbhani,Gangakhed,Small,2489.0,556.0,
2021,Parbhani,Jintur,Big,0.0,0.0,
2021,Parbhani,Jintur,Medium,3818.0,1365.0,
2021,Parbhani,Jintur,Small,7467.0,1668.0,
2021,Parbhani,Manvat,Big,0.0,0.0,
2021,Parbhani,Manvat,Medium,0.0,0.0,
2021,Parbhani,Manvat,Small,840.0,387.0,
2021,Parbhani,Palam,Big,0.0,0.0,
2021,Parbhani,Palam,Medium,4812.0,1235.0,
2021,Parbhani,Palam,Small,650.0,250.0,
2021,Parbhani,Parbhani,Big,129300.0,44883.0,
2021,Parbhani,Parbhani,Medium,0.0,0.0,
2021,Parbhani,Parbhani,Small,500.0,140.0,
2021,Parbhani,Pathari,Big,0.0,0.0,
2021,Parbhani,Pathari,Medium,9189.0,1373.0,
2021,Parbhani,Pathari,Small,650.0,270.0,
2021,Parbhani,Purna,Big,0.0,0.0,
2021,Parbhani,Purna,Medium,0.0,0.0,
2021,Parbhani,Purna,Small,500.0,200.0,
2021,Parbhani,Sonpeth,Big,0.0,0.0,
2021,Parbhani,Sonpeth,Medium,0.0,0.0,
2021,Parbhani,Sonpeth,Small,500.0,200.0,
2021,Nanded,Andhrapur,Big,0.0,0.0,
2021,Nanded,Andhrapur,Medium,0.0,0.0,
2021,Nanded,Andhrapur,Small,1190.0,497.0,
2021,Nanded,Bhokar,Big,0.0,0.0,
2021,Nanded,Bhokar,Medium,405.0,405.0,
2021,Nanded,Bhokar,Small,5472.18,4345.0,
2021,Nanded,Biloli,Big,0.0,0.0,
2021,Nanded,Biloli,Medium,0.0,0.0,
2021,Nanded,Biloli,Small,2233.0,1079.0,
2021,Nanded,Deglur,Big,0.0,0.0,
2021,Nanded,Deglur,Medium,1781.0,1781.0,
2021,Nanded,Deglur,Small,4274.52,2187.0,
2021,Nanded,Dharmabad,Big,0.0,0.0,
2021,Nanded,Dharmabad,Medium,9995.0,6395.0,
2021,Nanded,Dharmabad,Small,386.0,300.71,
2021,Nanded,Hadgaon,Big,0.0,0.0,
2021,Nanded,Hadgaon,Medium,0.0,0.0,
2021,Nanded,Hadgaon,Small,5766.0,2599.0,
2021,Nanded,Himalay Nagar,Big,0.0,0.0,
2021,Nanded,Himalay Nagar,Medium,1940.0,1570.0,
2021,Nanded,Himalay Nagar,Small,2964.0,1377.0,
2021,Nanded,Kandhar,Big,23310.0,23310.0,
2021,Nanded,Kandhar,Medium,2297.0,2297.0,
2021,Nanded,Kandhar,Small,3377.87,1746.0,
2021,Nanded,Kinvat,Big,0.0,0.0,
2021,Nanded,Kinvat,Medium,8511.0,5903.0,
2021,Nanded,Kinvat,Small,8408.12,8061.0,
2021,Nanded,Loha,Big,0.0,0.0,
2021,Nanded,Loha,Medium,6000.0,6000.0,
2021,Nanded,Loha,Small,3693.792,2162.0,
2021,Nanded,Mahur,Big,0.0,0.0,
2021,Nanded,Mahur,Medium,1936.0,1600.0,
2021,Nanded,Mahur,Small,2641.36,2523.0,
2021,Nanded,Mudkhed,Big,0.0,0.0,
2021,Nanded,Mudkhed,Medium,1116.0,1002.0,
2021,Nanded,Mudkhed,Small,935.0,610.0,
2021,Nanded,Mukhed,Big,0.0,0.0,
2021,Nanded,Mukhed,Medium,1012.0,1012.0,
2021,Nanded,Mukhed,Small,6933.73,5643.0,
2021,Nanded,Nanded,Big,33725.0,28340.0,
2021,Nanded,Nanded,Medium,0.0,0.0,
2021,Nanded,Nanded,Small,120.0,93.61,
2021,Nanded,Naygaon,Big,0.0,0.0,
2021,Nanded,Naygaon,Medium,0.0,0.0,
2021,Nanded,Naygaon,Small,1433.0,815.0,
2021,Nanded,Umari,Big,0.0,0.0,
2021,Nanded,Umari,Medium,1600.0,1600.0,
2021,Nanded,Umari,Small,2177.0,1306.0,
2021,Palghar,Dahanu,Big,6141.0,0.0,
2021,Palghar,Dahanu,Medium,0.0,0.0,
2021,Palghar,Dahanu,Small,142.0,35.85,
2021,Palghar,Javhar,Big,0.0,0.0,
2021,Palghar,Javhar,Medium,0.0,0.0,
2021,Palghar,Javhar,Small,150.0,0.0,
2021,Palghar,Mokhada,Big,0.0,0.0,
2021,Palghar,Mokhada,Medium,0.0,0.0,
2021,Palghar,Mokhada,Small,144.0,5.35,
2021,Palghar,Palghar,Big,8525.0,0.0,
2021,Palghar,Palghar,Medium,2044.0,0.0,
2021,Palghar,Palghar,Small,284.0,12.0,
2021,Palghar,Talasari,Big,0.0,0.0,
2021,Palghar,Talasari,Medium,0.0,0.0,
2021,Palghar,Talasari,Small,0.0,0.0,
2021,Palghar,Vasai,Big,0.0,0.0,
2021,Palghar,Vasai,Medium,0.0,0.0,
2021,Palghar,Vasai,Small,0.0,0.0,
2021,Palghar,Vikramgad,Big,30.0,0.0,
2021,Palghar,Vikramgad,Medium,0.0,0.0,
2021,Palghar,Vikramgad,Small,0.0,0.0,
2021,Palghar,Wada,Big,0.0,0.0,
2021,Palghar,Wada,Medium,0.0,0.0,
2021,Palghar,Wada,Small,299.0,1.53,
