Year,District,Taluka,All Tubewells,High Capacity Tubewells,Successful Tubewells,Hand Pumps,Electric Pumps
2012,Ahilyanagar,Akole,10.0,1.0,9.0,9.0,0.0
2012,Ahilyanagar,Sangamner,19.0,5.0,12.0,12.0,0.0
2012,Ahilyanagar,Kopargaon,5.0,0.0,5.0,5.0,0.0
2012,Ahilyanagar,Rahata,9.0,2.0,6.0,6.0,0.0
2012,Ahilyanagar,Srirampur,27.0,4.0,27.0,27.0,0.0
2012,Ahilyanagar,Nevasa,8.0,6.0,8.0,8.0,0.0
2012,Ahilyanagar,Shevgaon,13.0,4.0,12.0,12.0,0.0
2012,Ahilyanagar,Pathardi,49.0,3.0,38.0,38.0,0.0
2012,Ahilyanagar,Nagar,13.0,0.0,11.0,11.0,0.0
2012,Ahilyanagar,Rahuri,24.0,9.0,21.0,21.0,0.0
2012,Ahilyanagar,Parner,7.0,1.0,7.0,7.0,0.0
2012,Ahilyanagar,Srigonda,13.0,2.0,12.0,12.0,0.0
2012,Ahilyanagar,Karjat,25.0,8.0,25.0,25.0,0.0
2012,Ahilyanagar,Jamkhed,13.0,1.0,13.0,13.0,0.0
2013,Ahilyanagar,Akole,3.0,0.0,3.0,3.0,0.0
2013,Ahilyanagar,Sangamner,14.0,2.0,11.0,11.0,0.0
2013,Ahilyanagar,Kopargaon,6.0,0.0,4.0,4.0,0.0
2013,Ahilyanagar,Rahata,2.0,1.0,1.0,1.0,0.0
2013,Ahilyanagar,Srirampur,3.0,2.0,3.0,3.0,0.0
2013,Ahilyanagar,Nevasa,5.0,3.0,2.0,2.0,0.0
2013,Ahilyanagar,Shevgaon,2.0,1.0,1.0,1.0,0.0
2013,Ahilyanagar,Pathardi,3.0,2.0,1.0,1.0,0.0
2013,Ahilyanagar,Nagar,8.0,0.0,6.0,6.0,0.0
2013,Ahilyanagar,Rahuri,5.0,4.0,1.0,1.0,0.0
2013,Ahilyanagar,Parner,4.0,0.0,3.0,3.0,0.0
2013,Ahilyanagar,Srigonda,0.0,0.0,0.0,0.0,0.0
2013,Ahilyanagar,Karjat,2.0,3.0,3.0,3.0,0.0
2013,Ahilyanagar,Jamkhed,3.0,0.0,3.0,3.0,0.0
2014,Ahilyanagar,Akole,0.0,0.0,0.0,0.0,0.0
2014,Ahilyanagar,Sangamner,16.0,0.0,16.0,16.0,0.0
2014,Ahilyanagar,Kopargaon,10.0,1.0,10.0,10.0,0.0
2014,Ahilyanagar,Rahata,2.0,0.0,2.0,2.0,0.0
2014,Ahilyanagar,Srirampur,12.0,0.0,12.0,12.0,0.0
2014,Ahilyanagar,Nevasa,15.0,0.0,15.0,15.0,0.0
2014,Ahilyanagar,Shevgaon,14.0,1.0,14.0,14.0,0.0
2014,Ahilyanagar,Pathardi,1.0,0.0,1.0,1.0,0.0
2014,Ahilyanagar,Nagar,6.0,0.0,6.0,6.0,0.0
2014,Ahilyanagar,Rahuri,6.0,0.0,6.0,6.0,0.0
2014,Ahilyanagar,Parner,11.0,0.0,11.0,11.0,0.0
2014,Ahilyanagar,Srigonda,43.0,0.0,42.0,42.0,0.0
2014,Ahilyanagar,Karjat,11.0,0.0,11.0,11.0,0.0
2014,Ahilyanagar,Jamkhed,3.0,0.0,3.0,3.0,0.0
2015,Ahilyanagar,Akole,0.0,0.0,0.0,0.0,0.0
2015,Ahilyanagar,Sangamner,16.0,2.0,16.0,16.0,0.0
2015,Ahilyanagar,Kopargaon,10.0,0.0,10.0,10.0,0.0
2015,Ahilyanagar,Rahata,2.0,0.0,2.0,2.0,0.0
2015,Ahilyanagar,Srirampur,12.0,1.0,12.0,12.0,0.0
2015,Ahilyanagar,Nevasa,15.0,3.0,15.0,15.0,0.0
2015,Ahilyanagar,Shevgaon,21.0,4.0,21.0,21.0,0.0
2015,Ahilyanagar,Pathardi,1.0,0.0,1.0,1.0,0.0
2015,Ahilyanagar,Nagar,6.0,0.0,6.0,6.0,0.0
2015,Ahilyanagar,Rahuri,6.0,1.0,6.0,6.0,0.0
2015,Ahilyanagar,Parner,11.0,2.0,11.0,11.0,0.0
2015,Ahilyanagar,Srigonda,47.0,5.0,46.0,46.0,0.0
2015,Ahilyanagar,Karjat,11.0,0.0,11.0,11.0,0.0
2015,Ahilyanagar,Jamkhed,3.0,0.0,3.0,3.0,0.0
2016,Ahilyanagar,Akole,1.0,0.0,1.0,1.0,0.0
2016,Ahilyanagar,Sangamner,1.0,0.0,0.0,0.0,0.0
2016,Ahilyanagar,Kopargaon,29.0,0.0,13.0,13.0,0.0
2016,Ahilyanagar,Rahata,9.0,0.0,8.0,7.0,0.0
2016,Ahilyanagar,Srirampur,10.0,0.0,9.0,8.0,0.0
2016,Ahilyanagar,Nevasa,7.0,0.0,6.0,6.0,0.0
2016,Ahilyanagar,Shevgaon,2.0,0.0,0.0,0.0,0.0
2016,Ahilyanagar,Pathardi,4.0,0.0,4.0,4.0,0.0
2016,Ahilyanagar,Nagar,24.0,0.0,22.0,22.0,0.0
2016,Ahilyanagar,Rahuri,4.0,0.0,3.0,3.0,0.0
2016,Ahilyanagar,Parner,0.0,0.0,0.0,0.0,0.0
2016,Ahilyanagar,Srigonda,7.0,0.0,7.0,7.0,0.0
2016,Ahilyanagar,Karjat,6.0,0.0,2.0,2.0,0.0
2016,Ahilyanagar,Jamkhed,3.0,0.0,1.0,1.0,0.0
2017,Ahilyanagar,Akole,0.0,0.0,0.0,0.0,0.0
2017,Ahilyanagar,Sangamner,4.0,0.0,4.0,4.0,0.0
2017,Ahilyanagar,Kopargaon,9.0,0.0,9.0,9.0,0.0
2017,Ahilyanagar,Rahata,8.0,0.0,8.0,8.0,0.0
2017,Ahilyanagar,Srirampur,3.0,0.0,3.0,3.0,0.0
2017,Ahilyanagar,Nevasa,15.0,0.0,15.0,15.0,0.0
2017,Ahilyanagar,Shevgaon,8.0,0.0,4.0,4.0,0.0
2017,Ahilyanagar,Pathardi,16.0,0.0,11.0,11.0,0.0
2017,Ahilyanagar,Nagar,3.0,0.0,2.0,2.0,0.0
2017,Ahilyanagar,Rahuri,0.0,0.0,0.0,0.0,0.0
2017,Ahilyanagar,Parner,0.0,0.0,0.0,0.0,0.0
2017,Ahilyanagar,Srigonda,10.0,0.0,9.0,9.0,0.0
2017,Ahilyanagar,Karjat,13.0,0.0,9.0,9.0,0.0
2017,Ahilyanagar,Jamkhed,0.0,0.0,0.0,0.0,0.0
2018,Ahilyanagar,Akole,0.0,0.0,0.0,0.0,0.0
2018,Ahilyanagar,Sangamner,0.0,0.0,0.0,0.0,0.0
2018,Ahilyanagar,Kopargaon,0.0,0.0,0.0,0.0,0.0
2018,Ahilyanagar,Rahata,0.0,0.0,0.0,0.0,0.0
2018,Ahilyanagar,Srirampur,0.0,0.0,0.0,0.0,0.0
2018,Ahilyanagar,Nevasa,0.0,0.0,0.0,0.0,0.0
2018,Ahilyanagar,Shevgaon,0.0,0.0,0.0,0.0,0.0
2018,Ahilyanagar,Pathardi,0.0,0.0,0.0,0.0,0.0
2018,Ahilyanagar,Nagar,0.0,0.0,0.0,0.0,0.0
2018,Ahilyanagar,Rahuri,0.0,0.0,0.0,0.0,0.0
2018,Ahilyanagar,Parner,0.0,0.0,0.0,0.0,0.0
2018,Ahilyanagar,Srigonda,0.0,0.0,0.0,0.0,0.0
2018,Ahilyanagar,Karjat,0.0,0.0,0.0,0.0,0.0
2018,Ahilyanagar,Jamkhed,0.0,0.0,0.0,0.0,0.0
2019,Ahilyanagar,Akole,0.0,0.0,0.0,0.0,0.0
2019,Ahilyanagar,Sangamner,0.0,0.0,0.0,0.0,0.0
2019,Ahilyanagar,Kopargaon,0.0,0.0,0.0,0.0,0.0
2019,Ahilyanagar,Rahata,0.0,0.0,0.0,0.0,0.0
2019,Ahilyanagar,Srirampur,0.0,0.0,0.0,0.0,0.0
2019,Ahilyanagar,Nevasa,0.0,0.0,0.0,0.0,0.0
2019,Ahilyanagar,Shevgaon,0.0,0.0,0.0,0.0,0.0
2019,Ahilyanagar,Pathardi,4.0,0.0,4.0,4.0,0.0
2019,Ahilyanagar,Nagar,0.0,0.0,0.0,0.0,0.0
2019,Ahilyanagar,Rahuri,3.0,0.0,3.0,3.0,0.0
2019,Ahilyanagar,Parner,0.0,0.0,0.0,0.0,0.0
2019,Ahilyanagar,Srigonda,0.0,0.0,0.0,0.0,0.0
2019,Ahilyanagar,Karjat,0.0,0.0,0.0,0.0,0.0
2019,Ahilyanagar,Jamkhed,0.0,0.0,0.0,0.0,0.0
2020,Ahilyanagar,Akole,0.0,0.0,0.0,0.0,0.0
2020,Ahilyanagar,Sangamner,0.0,0.0,0.0,0.0,0.0
2020,Ahilyanagar,Kopargaon,0.0,0.0,0.0,0.0,0.0
2020,Ahilyanagar,Rahata,0.0,0.0,0.0,0.0,0.0
2020,Ahilyanagar,Srirampur,0.0,0.0,0.0,0.0,0.0
2020,Ahilyanagar,Nevasa,0.0,0.0,0.0,0.0,0.0
2020,Ahilyanagar,Shevgaon,0.0,0.0,0.0,0.0,0.0
2020,Ahilyanagar,Pathardi,0.0,0.0,0.0,0.0,0.0
2020,Ahilyanagar,Nagar,0.0,0.0,0.0,0.0,0.0
2020,Ahilyanagar,Rahuri,0.0,0.0,0.0,0.0,0.0
2020,Ahilyanagar,Parner,0.0,0.0,0.0,0.0,0.0
2020,Ahilyanagar,Srigonda,0.0,0.0,0.0,0.0,0.0
2020,Ahilyanagar,Karjat,0.0,0.0,0.0,0.0,0.0
2020,Ahilyanagar,Jamkhed,0.0,0.0,0.0,0.0,0.0
2021,Ahilyanagar,Akole,0.0,0.0,0.0,0.0,0.0
2021,Ahilyanagar,Sangamner,0.0,0.0,0.0,0.0,0.0
2021,Ahilyanagar,Kopargaon,0.0,0.0,0.0,0.0,0.0
2021,Ahilyanagar,Rahata,0.0,0.0,0.0,0.0,0.0
2021,Ahilyanagar,Srirampur,0.0,0.0,0.0,0.0,0.0
2021,Ahilyanagar,Nevasa,0.0,0.0,0.0,0.0,0.0
2021,Ahilyanagar,Shevgaon,0.0,0.0,0.0,0.0,0.0
2021,Ahilyanagar,Pathardi,0.0,0.0,0.0,0.0,0.0
2021,Ahilyanagar,Nagar,0.0,0.0,0.0,0.0,0.0
2021,Ahilyanagar,Rahuri,0.0,0.0,0.0,0.0,0.0
2021,Ahilyanagar,Parner,0.0,0.0,0.0,0.0,0.0
2021,Ahilyanagar,Srigonda,0.0,0.0,0.0,0.0,0.0
2021,Ahilyanagar,Karjat,0.0,0.0,0.0,0.0,0.0
2021,Ahilyanagar,Jamkhed,0.0,0.0,0.0,0.0,0.0
2012,Akola,Telhara,25.0,25.0,25.0,0.0,0.0
2012,Akola,Akot,46.0,46.0,43.0,1.0,0.0
2012,Akola,Balapur,19.0,18.0,18.0,0.0,0.0
2012,Akola,Akola,23.0,23.0,22.0,1.0,0.0
2012,Akola,Murtijapur,17.0,17.0,15.0,1.0,0.0
2012,Akola,Patur,37.0,34.0,29.0,0.0,0.0
2012,Akola,Barshitakali,6.0,6.0,6.0,0.0,0.0
2013,Akola,Telhara,25.0,25.0,25.0,0.0,0.0
2013,Akola,Akot,46.0,46.0,43.0,1.0,0.0
2013,Akola,Balapur,19.0,18.0,18.0,0.0,0.0
2013,Akola,Akola,26.0,26.0,25.0,4.0,0.0
2013,Akola,Murtijapur,19.0,17.0,17.0,3.0,0.0
2013,Akola,Patur,38.0,34.0,7.0,1.0,0.0
2013,Akola,Barshitakali,9.0,6.0,32.0,3.0,0.0
2014,Akola,Telhara,,,,,
2014,Akola,Akot,,,,,
2014,Akola,Balapur,,,,,
2014,Akola,Akola,3.0,3.0,3.0,3.0,
2014,Akola,Murtijapur,2.0,2.0,2.0,2.0,
2014,Akola,Patur,1.0,1.0,1.0,1.0,
2014,Akola,Barshitakali,3.0,3.0,3.0,3.0,
2015,Akola,Telhara,,,,,
2015,Akola,Akot,,,,,
2015,Akola,Balapur,,,,,
2015,Akola,Akola,3.0,3.0,3.0,3.0,
2015,Akola,Murtijapur,2.0,2.0,2.0,2.0,
2015,Akola,Patur,1.0,1.0,1.0,1.0,
2015,Akola,Barshitakali,3.0,3.0,3.0,3.0,
2016,Akola,Telhara,38.0,38.0,38.0,35.0,3.0
2016,Akola,Akot,16.0,16.0,16.0,16.0,0.0
2016,Akola,Balapur,32.0,32.0,32.0,29.0,3.0
2016,Akola,Akola,38.0,37.0,37.0,37.0,0.0
2016,Akola,Murtijapur,19.0,19.0,19.0,16.0,3.0
2016,Akola,Patur,31.0,27.0,27.0,27.0,0.0
2016,Akola,Barshitakali,15.0,13.0,13.0,13.0,0.0
2017,Akola,Telhara,42.0,41.0,41.0,33.0,5.0
2017,Akola,Akot,29.0,26.0,26.0,20.0,3.0
2017,Akola,Balapur,67.0,63.0,63.0,60.0,3.0
2017,Akola,Akola,76.0,75.0,75.0,64.0,4.0
2017,Akola,Murtijapur,14.0,14.0,14.0,14.0,0.0
2017,Akola,Patur,35.0,30.0,30.0,29.0,0.0
2017,Akola,Barshitakali,60.0,59.0,59.0,58.0,1.0
2018,Akola,Telhara,28.0,28.0,28.0,23.0,2.0
2018,Akola,Akot,47.0,45.0,45.0,26.0,8.0
2018,Akola,Balapur,13.0,13.0,13.0,8.0,3.0
2018,Akola,Akola,32.0,32.0,32.0,29.0,0.0
2018,Akola,Murtijapur,9.0,9.0,9.0,5.0,3.0
2018,Akola,Patur,12.0,12.0,12.0,7.0,0.0
2018,Akola,Barshitakali,21.0,21.0,21.0,17.0,0.0
2019,Akola,Telhara,24.0,24.0,24.0,17.0,2.0
2019,Akola,Akot,11.0,11.0,11.0,9.0,8.0
2019,Akola,Balapur,5.0,5.0,5.0,3.0,3.0
2019,Akola,Akola,15.0,15.0,15.0,14.0,0.0
2019,Akola,Murtijapur,4.0,4.0,4.0,4.0,3.0
2019,Akola,Patur,7.0,7.0,7.0,5.0,0.0
2019,Akola,Barshitakali,2.0,2.0,2.0,2.0,0.0
2020,Akola,Telhara,49.0,48.0,48.0,32.0,16.0
2020,Akola,Akot,37.0,36.0,36.0,26.0,10.0
2020,Akola,Balapur,7.0,7.0,7.0,5.0,2.0
2020,Akola,Akola,30.0,29.0,29.0,29.0,0.0
2020,Akola,Murtijapur,34.0,33.0,33.0,32.0,1.0
2020,Akola,Patur,8.0,5.0,5.0,5.0,0.0
2020,Akola,Barshitakali,25.0,21.0,21.0,20.0,1.0
2021,Akola,Telhara,5.0,5.0,5.0,5.0,0.0
2021,Akola,Akot,5.0,5.0,5.0,5.0,0.0
2021,Akola,Balapur,0.0,0.0,0.0,0.0,0.0
2021,Akola,Akola,0.0,0.0,0.0,0.0,0.0
2021,Akola,Murtijapur,0.0,0.0,0.0,0.0,0.0
2021,Akola,Patur,0.0,0.0,0.0,0.0,0.0
2021,Akola,Barshitakali,0.0,0.0,0.0,0.0,0.0
2012,Amravati,Dharani,0.0,0.0,0.0,0.0,0.0
2012,Amravati,Chikhraldara,0.0,0.0,0.0,0.0,0.0
2012,Amravati,Anjangaon Su,0.0,0.0,0.0,0.0,0.0
2012,Amravati,Achalpur,10.0,2.0,10.0,7.0,1.0
2012,Amravati,Chandurbazar,9.0,3.0,9.0,7.0,1.0
2012,Amravati,Morshi,0.0,0.0,0.0,0.0,0.0
2012,Amravati,Warud,0.0,0.0,0.0,0.0,0.0
2012,Amravati,Tivas,6.0,1.0,4.0,4.0,0.0
2012,Amravati,Amravati,3.0,0.0,3.0,3.0,0.0
2012,Amravati,Bhatkuli,1.0,0.0,1.0,1.0,0.0
2012,Amravati,Daryapur,0.0,0.0,0.0,0.0,0.0
2012,Amravati,Nandgaon Kh,0.0,0.0,0.0,0.0,0.0
2012,Amravati,Chandur Railway,0.0,0.0,0.0,0.0,0.0
2012,Amravati,Dhamangaon Re,4.0,0.0,2.0,2.0,0.0
2013,Amravati,Dharani,0.0,0.0,0.0,0.0,0.0
2013,Amravati,Chikhraldara,0.0,0.0,0.0,0.0,0.0
2013,Amravati,Anjangaon Su,0.0,0.0,0.0,0.0,0.0
2013,Amravati,Achalpur,6.0,1.0,6.0,2.0,3.0
2013,Amravati,Chandurbazar,16.0,5.0,16.0,12.0,4.0
2013,Amravati,Morshi,0.0,0.0,0.0,0.0,0.0
2013,Amravati,Warud,0.0,0.0,0.0,0.0,0.0
2013,Amravati,Tivas,0.0,0.0,0.0,0.0,0.0
2013,Amravati,Amravati,0.0,0.0,0.0,0.0,0.0
2013,Amravati,Bhatkuli,0.0,0.0,0.0,0.0,0.0
2013,Amravati,Daryapur,0.0,0.0,0.0,0.0,0.0
2013,Amravati,Nandgaon Kh,0.0,0.0,0.0,0.0,0.0
2013,Amravati,Chandur Railway,0.0,0.0,0.0,0.0,0.0
2013,Amravati,Dhamangaon Re,0.0,0.0,0.0,0.0,0.0
2014,Amravati,Dharani,9.0,1.0,7.0,7.0,0.0
2014,Amravati,Chikhraldara,11.0,1.0,8.0,8.0,0.0
2014,Amravati,Anjangaon Su,1.0,0.0,1.0,1.0,0.0
2014,Amravati,Achalpur,14.0,7.0,14.0,11.0,1.0
2014,Amravati,Chandurbazar,13.0,6.0,13.0,12.0,0.0
2014,Amravati,Morshi,2.0,0.0,2.0,2.0,0.0
2014,Amravati,Warud,2.0,0.0,2.0,1.0,0.0
2014,Amravati,Tivas,1.0,0.0,1.0,1.0,0.0
2014,Amravati,Amravati,9.0,1.0,9.0,7.0,2.0
2014,Amravati,Bhatkuli,5.0,1.0,5.0,5.0,0.0
2014,Amravati,Daryapur,0.0,0.0,0.0,0.0,0.0
2014,Amravati,Nandgaon Kh,8.0,0.0,8.0,6.0,2.0
2014,Amravati,Chandur Railway,1.0,0.0,0.0,0.0,0.0
2014,Amravati,Dhamangaon Re,14.0,2.0,14.0,13.0,1.0
2015,Amravati,Dharani,10.0,0.0,7.0,7.0,0.0
2015,Amravati,Chikhraldara,10.0,1.0,9.0,9.0,0.0
2015,Amravati,Anjangaon Su,4.0,0.0,4.0,4.0,0.0
2015,Amravati,Achalpur,25.0,6.0,24.0,22.0,2.0
2015,Amravati,Chandurbazar,22.0,10.0,21.0,15.0,6.0
2015,Amravati,Morshi,6.0,1.0,6.0,5.0,1.0
2015,Amravati,Warud,3.0,0.0,2.0,2.0,0.0
2015,Amravati,Tivas,3.0,0.0,3.0,3.0,0.0
2015,Amravati,Amravati,43.0,5.0,40.0,36.0,2.0
2015,Amravati,Bhatkuli,15.0,5.0,14.0,14.0,0.0
2015,Amravati,Daryapur,1.0,0.0,1.0,1.0,0.0
2015,Amravati,Nandgaon Kh,32.0,3.0,28.0,25.0,1.0
2015,Amravati,Chandur Railway,10.0,1.0,10.0,9.0,1.0
2015,Amravati,Dhamangaon Re,20.0,3.0,18.0,14.0,3.0
2016,Amravati,Dharani,9.0,0.0,8.0,7.0,0.0
2016,Amravati,Chikhraldara,3.0,1.0,2.0,1.0,0.0
2016,Amravati,Anjangaon Su,1.0,1.0,1.0,1.0,0.0
2016,Amravati,Achalpur,23.0,10.0,22.0,14.0,5.0
2016,Amravati,Chandurbazar,16.0,6.0,15.0,7.0,7.0
2016,Amravati,Morshi,3.0,1.0,2.0,1.0,1.0
2016,Amravati,Warud,0.0,0.0,0.0,0.0,0.0
2016,Amravati,Tivas,2.0,1.0,1.0,0.0,1.0
2016,Amravati,Amravati,15.0,6.0,14.0,10.0,3.0
2016,Amravati,Bhatkuli,3.0,0.0,3.0,3.0,0.0
2016,Amravati,Daryapur,0.0,0.0,0.0,0.0,0.0
2016,Amravati,Nandgaon Kh,5.0,0.0,5.0,3.0,0.0
2016,Amravati,Chandur Railway,3.0,0.0,2.0,1.0,0.0
2016,Amravati,Dhamangaon Re,2.0,0.0,2.0,2.0,0.0
2017,Amravati,Dharani,12.0,0.0,10.0,7.0,1.0
2017,Amravati,Chikhraldara,26.0,1.0,24.0,24.0,0.0
2017,Amravati,Anjangaon Su,10.0,4.0,10.0,9.0,0.0
2017,Amravati,Achalpur,35.0,19.0,35.0,25.0,9.0
2017,Amravati,Chandurbazar,15.0,5.0,14.0,6.0,8.0
2017,Amravati,Morshi,8.0,0.0,7.0,4.0,2.0
2017,Amravati,Warud,0.0,0.0,0.0,0.0,0.0
2017,Amravati,Tivas,9.0,0.0,7.0,7.0,0.0
2017,Amravati,Amravati,31.0,5.0,29.0,22.0,5.0
2017,Amravati,Bhatkuli,21.0,3.0,20.0,20.0,0.0
2017,Amravati,Daryapur,1.0,1.0,1.0,1.0,0.0
2017,Amravati,Nandgaon Kh,21.0,0.0,21.0,19.0,2.0
2017,Amravati,Chandur Railway,10.0,0.0,8.0,8.0,0.0
2017,Amravati,Dhamangaon Re,8.0,4.0,8.0,7.0,1.0
2018,Amravati,Dharani,9.0,0.0,8.0,6.0,0.0
2018,Amravati,Chikhraldara,40.0,0.0,32.0,29.0,0.0
2018,Amravati,Anjangaon Su,17.0,4.0,17.0,16.0,1.0
2018,Amravati,Achalpur,58.0,22.0,58.0,44.0,7.0
2018,Amravati,Chandurbazar,47.0,20.0,46.0,31.0,10.0
2018,Amravati,Morshi,28.0,2.0,21.0,20.0,1.0
2018,Amravati,Warud,0.0,0.0,0.0,0.0,0.0
2018,Amravati,Tivas,19.0,0.0,16.0,14.0,2.0
2018,Amravati,Amravati,46.0,4.0,41.0,35.0,3.0
2018,Amravati,Bhatkuli,59.0,17.0,59.0,59.0,0.0
2018,Amravati,Daryapur,33.0,14.0,33.0,33.0,0.0
2018,Amravati,Nandgaon Kh,23.0,0.0,20.0,20.0,0.0
2018,Amravati,Chandur Railway,16.0,0.0,12.0,9.0,2.0
2018,Amravati,Dhamangaon Re,10.0,0.0,7.0,5.0,1.0
2019,Amravati,Dharani,23.0,1.0,19.0,15.0,1.0
2019,Amravati,Chikhraldara,18.0,1.0,14.0,11.0,1.0
2019,Amravati,Anjangaon Su,25.0,7.0,25.0,18.0,1.0
2019,Amravati,Achalpur,47.0,21.0,47.0,21.0,20.0
2019,Amravati,Chandurbazar,54.0,21.0,53.0,32.0,15.0
2019,Amravati,Morshi,24.0,3.0,23.0,11.0,8.0
2019,Amravati,Warud,0.0,0.0,0.0,0.0,0.0
2019,Amravati,Tivas,13.0,11.0,12.0,11.0,0.0
2019,Amravati,Amravati,42.0,8.0,42.0,37.0,3.0
2019,Amravati,Bhatkuli,15.0,18.0,14.0,14.0,0.0
2019,Amravati,Daryapur,41.0,0.0,39.0,38.0,0.0
2019,Amravati,Nandgaon Kh,21.0,0.0,19.0,18.0,0.0
2019,Amravati,Chandur Railway,11.0,0.0,11.0,11.0,0.0
2019,Amravati,Dhamangaon Re,12.0,0.0,12.0,12.0,0.0
2020,Amravati,Dharani,0.0,0.0,0.0,0.0,0.0
2020,Amravati,Chikhraldara,0.0,0.0,0.0,0.0,0.0
2020,Amravati,Anjangaon Su,0.0,0.0,0.0,0.0,0.0
2020,Amravati,Achalpur,7.0,3.0,7.0,6.0,1.0
2020,Amravati,Chandurbazar,6.0,2.0,6.0,5.0,1.0
2020,Amravati,Morshi,1.0,0.0,1.0,0.0,0.0
2020,Amravati,Warud,0.0,0.0,0.0,0.0,0.0
2020,Amravati,Tivas,5.0,1.0,5.0,5.0,0.0
2020,Amravati,Amravati,5.0,1.0,5.0,5.0,0.0
2020,Amravati,Bhatkuli,2.0,0.0,2.0,2.0,0.0
2020,Amravati,Daryapur,0.0,0.0,0.0,0.0,0.0
2020,Amravati,Nandgaon Kh,5.0,0.0,5.0,4.0,0.0
2020,Amravati,Chandur Railway,9.0,0.0,9.0,8.0,0.0
2020,Amravati,Dhamangaon Re,11.0,0.0,11.0,11.0,0.0
2021,Amravati,Dharani,2.0,0.0,2.0,2.0,0.0
2021,Amravati,Chikhraldara,7.0,0.0,7.0,7.0,0.0
2021,Amravati,Anjangaon Su,5.0,0.0,5.0,5.0,0.0
2021,Amravati,Achalpur,7.0,1.0,7.0,6.0,1.0
2021,Amravati,Chandurbazar,8.0,1.0,8.0,7.0,1.0
2021,Amravati,Morshi,4.0,0.0,4.0,4.0,0.0
2021,Amravati,Warud,0.0,0.0,0.0,0.0,0.0
2021,Amravati,Tivas,11.0,1.0,11.0,10.0,1.0
2021,Amravati,Amravati,13.0,2.0,13.0,9.0,4.0
2021,Amravati,Bhatkuli,5.0,0.0,5.0,5.0,0.0
2021,Amravati,Daryapur,0.0,0.0,0.0,0.0,0.0
2021,Amravati,Nandgaon Kh,10.0,0.0,9.0,9.0,0.0
2021,Amravati,Chandur Railway,15.0,0.0,15.0,14.0,0.0
2021,Amravati,Dhamangaon Re,14.0,0.0,14.0,14.0,0.0
2013,Beed,Ashti,13.0,0.0,13.0,11.0,0.0
2013,Beed,Patoda,59.0,1.0,56.0,21.0,1.0
2013,Beed,Shirur Kasar,24.0,0.0,23.0,18.0,0.0
2013,Beed,Gevrai,52.0,0.0,47.0,29.0,0.0
2013,Beed,Majalgaon,65.0,0.0,63.0,30.0,0.0
2013,Beed,Wadwani,22.0,0.0,21.0,17.0,0.0
2013,Beed,Beed,61.0,0.0,58.0,35.0,0.0
2013,Beed,Cage,36.0,0.0,36.0,24.0,0.0
2013,Beed,Dharur,50.0,2.0,47.0,15.0,2.0
2013,Beed,Parli,63.0,3.0,57.0,46.0,3.0
2013,Beed,Ambajogai,97.0,3.0,92.0,24.0,3.0
2014,Beed,Ashti,84.0,3.0,84.0,81.0,0.0
2014,Beed,Patoda,62.0,4.0,62.0,48.0,0.0
2014,Beed,Shirur Kasar,23.0,2.0,23.0,23.0,0.0
2014,Beed,Gevrai,42.0,2.0,42.0,40.0,0.0
2014,Beed,Majalgaon,46.0,3.0,46.0,35.0,0.0
2014,Beed,Wadwani,31.0,2.0,31.0,29.0,0.0
2014,Beed,Beed,82.0,4.0,82.0,73.0,0.0
2014,Beed,Cage,29.0,3.0,29.0,23.0,0.0
2014,Beed,Dharur,38.0,3.0,38.0,25.0,0.0
2014,Beed,Parli,85.0,5.0,85.0,65.0,0.0
2014,Beed,Ambajogai,93.0,6.0,93.0,71.0,0.0
2015,Beed,Ashti,162.0,4.0,162.0,84.0,0.0
2015,Beed,Patoda,160.0,3.0,160.0,35.0,0.0
2015,Beed,Shirur Kasar,31.0,1.0,31.0,16.0,0.0
2015,Beed,Gevrai,47.0,2.0,47.0,26.0,0.0
2015,Beed,Majalgaon,103.0,3.0,103.0,11.0,0.0
2015,Beed,Wadwani,25.0,1.0,25.0,4.0,0.0
2015,Beed,Beed,183.0,4.0,183.0,62.0,0.0
2015,Beed,Cage,73.0,2.0,73.0,11.0,0.0
2015,Beed,Dharur,28.0,1.0,28.0,0.0,0.0
2015,Beed,Parli,57.0,2.0,57.0,20.0,0.0
2015,Beed,Ambajogai,37.0,1.0,37.0,5.0,0.0
2016,Beed,Ashti,148.0,24.0,148.0,148.0,0.0
2016,Beed,Patoda,118.0,20.0,118.0,118.0,0.0
2016,Beed,Shirur Kasar,31.0,5.0,31.0,31.0,0.0
2016,Beed,Gevrai,33.0,7.0,33.0,33.0,0.0
2016,Beed,Majalgaon,40.0,5.0,40.0,40.0,0.0
2016,Beed,Wadwani,20.0,3.0,20.0,20.0,0.0
2016,Beed,Beed,138.0,15.0,138.0,138.0,0.0
2016,Beed,Cage,40.0,7.0,40.0,40.0,0.0
2016,Beed,Dharur,24.0,5.0,24.0,24.0,0.0
2016,Beed,Parli,39.0,4.0,39.0,39.0,0.0
2016,Beed,Ambajogai,14.0,6.0,14.0,14.0,0.0
2017,Beed,Ashti,9.0,8.0,8.0,8.0,0.0
2017,Beed,Patoda,3.0,3.0,3.0,3.0,0.0
2017,Beed,Shirur Kasar,0.0,0.0,0.0,0.0,0.0
2017,Beed,Gevrai,0.0,0.0,0.0,0.0,0.0
2017,Beed,Majalgaon,0.0,0.0,0.0,0.0,0.0
2017,Beed,Wadwani,0.0,0.0,0.0,0.0,0.0
2017,Beed,Beed,9.0,9.0,9.0,9.0,0.0
2017,Beed,Cage,8.0,8.0,8.0,8.0,0.0
2017,Beed,Dharur,0.0,0.0,0.0,0.0,0.0
2017,Beed,Parli,0.0,0.0,0.0,0.0,0.0
2017,Beed,Ambajogai,12.0,4.0,4.0,3.0,0.0
2018,Beed,Ashti,0.0,0.0,0.0,0.0,0.0
2018,Beed,Patoda,0.0,0.0,0.0,0.0,0.0
2018,Beed,Shirur Kasar,3.0,3.0,3.0,3.0,0.0
2018,Beed,Gevrai,2.0,2.0,2.0,2.0,0.0
2018,Beed,Majalgaon,0.0,0.0,0.0,0.0,0.0
2018,Beed,Wadwani,0.0,0.0,0.0,0.0,0.0
2018,Beed,Beed,1.0,1.0,1.0,1.0,0.0
2018,Beed,Cage,1.0,1.0,1.0,0.0,0.0
2018,Beed,Dharur,0.0,0.0,0.0,0.0,0.0
2018,Beed,Parli,4.0,4.0,4.0,4.0,0.0
2018,Beed,Ambajogai,1.0,1.0,1.0,1.0,0.0
2019,Beed,Ashti,0.0,0.0,0.0,0.0,0.0
2019,Beed,Patoda,0.0,0.0,0.0,0.0,0.0
2019,Beed,Shirur Kasar,0.0,0.0,0.0,0.0,0.0
2019,Beed,Gevrai,0.0,0.0,0.0,0.0,0.0
2019,Beed,Majalgaon,0.0,0.0,0.0,0.0,0.0
2019,Beed,Wadwani,0.0,0.0,0.0,0.0,0.0
2019,Beed,Beed,0.0,0.0,0.0,0.0,0.0
2019,Beed,Cage,0.0,0.0,0.0,0.0,0.0
2019,Beed,Dharur,0.0,0.0,0.0,0.0,0.0
2019,Beed,Parli,0.0,0.0,0.0,0.0,0.0
2019,Beed,Ambajogai,0.0,0.0,0.0,0.0,0.0
2020,Beed,Ashti,0.0,0.0,0.0,0.0,0.0
2020,Beed,Patoda,0.0,0.0,0.0,0.0,0.0
2020,Beed,Shirur Kasar,0.0,0.0,0.0,0.0,0.0
2020,Beed,Gevrai,0.0,0.0,0.0,0.0,0.0
2020,Beed,Majalgaon,0.0,0.0,0.0,0.0,0.0
2020,Beed,Wadwani,0.0,0.0,0.0,0.0,0.0
2020,Beed,Beed,0.0,0.0,0.0,0.0,0.0
2020,Beed,Cage,0.0,0.0,0.0,0.0,0.0
2020,Beed,Dharur,0.0,0.0,0.0,0.0,0.0
2020,Beed,Parli,0.0,0.0,0.0,0.0,0.0
2020,Beed,Ambajogai,0.0,0.0,0.0,0.0,0.0
2021,Beed,Ashti,0.0,0.0,0.0,0.0,0.0
2021,Beed,Patoda,0.0,0.0,0.0,0.0,0.0
2021,Beed,Shirur Kasar,0.0,0.0,0.0,0.0,0.0
2021,Beed,Gevrai,0.0,0.0,0.0,0.0,0.0
2021,Beed,Majalgaon,0.0,0.0,0.0,0.0,0.0
2021,Beed,Wadwani,0.0,0.0,0.0,0.0,0.0
2021,Beed,Beed,0.0,0.0,0.0,0.0,0.0
2021,Beed,Cage,0.0,0.0,0.0,0.0,0.0
2021,Beed,Dharur,0.0,0.0,0.0,0.0,0.0
2021,Beed,Parli,0.0,0.0,0.0,0.0,0.0
2021,Beed,Ambajogai,0.0,0.0,0.0,0.0,0.0
2012,Bhandara,Tumsar,10.0,0.0,10.0,10.0,0.0
2012,Bhandara,Mohadi,2.0,0.0,2.0,2.0,0.0
2012,Bhandara,Bhandara,3.0,2.0,3.0,1.0,2.0
2012,Bhandara,Sakoli,11.0,2.0,7.0,7.0,0.0
2012,Bhandara,Lakhani,4.0,1.0,4.0,4.0,0.0
2012,Bhandara,Pavani,0.0,0.0,0.0,0.0,0.0
2012,Bhandara,Lakhandur,0.0,0.0,0.0,0.0,0.0
2013,Bhandara,Tumsar,19.0,2.0,18.0,18.0,0.0
2013,Bhandara,Mohadi,6.0,0.0,6.0,6.0,0.0
2013,Bhandara,Bhandara,14.0,2.0,14.0,14.0,0.0
2013,Bhandara,Sakoli,23.0,2.0,23.0,23.0,0.0
2013,Bhandara,Lakhani,6.0,2.0,6.0,6.0,0.0
2013,Bhandara,Pavani,8.0,0.0,8.0,8.0,0.0
2013,Bhandara,Lakhandur,8.0,0.0,8.0,8.0,0.0
2014,Bhandara,Tumsar,6.0,2.0,6.0,6.0,0.0
2014,Bhandara,Mohadi,2.0,0.0,2.0,2.0,0.0
2014,Bhandara,Bhandara,17.0,2.0,17.0,17.0,0.0
2014,Bhandara,Sakoli,15.0,2.0,15.0,15.0,0.0
2014,Bhandara,Lakhani,11.0,2.0,11.0,11.0,0.0
2014,Bhandara,Pavani,1.0,1.0,1.0,1.0,0.0
2014,Bhandara,Lakhandur,7.0,1.0,7.0,7.0,0.0
2015,Bhandara,Tumsar,31.0,6.0,31.0,31.0,0.0
2015,Bhandara,Mohadi,7.0,1.0,7.0,7.0,0.0
2015,Bhandara,Bhandara,28.0,5.0,28.0,28.0,0.0
2015,Bhandara,Sakoli,39.0,4.0,39.0,39.0,0.0
2015,Bhandara,Lakhani,19.0,3.0,19.0,19.0,0.0
2015,Bhandara,Pavani,46.0,7.0,46.0,46.0,0.0
2015,Bhandara,Lakhandur,26.0,5.0,26.0,26.0,0.0
2016,Bhandara,Tumsar,35.0,2.0,35.0,33.0,2.0
2016,Bhandara,Mohadi,33.0,6.0,33.0,33.0,0.0
2016,Bhandara,Bhandara,72.0,6.0,72.0,72.0,0.0
2016,Bhandara,Sakoli,37.0,1.0,37.0,37.0,0.0
2016,Bhandara,Lakhani,11.0,2.0,11.0,11.0,0.0
2016,Bhandara,Pavani,37.0,0.0,37.0,37.0,0.0
2016,Bhandara,Lakhandur,24.0,3.0,24.0,24.0,0.0
2017,Bhandara,Tumsar,133.0,21.0,133.0,132.0,1.0
2017,Bhandara,Mohadi,95.0,12.0,95.0,94.0,1.0
2017,Bhandara,Bhandara,116.0,23.0,116.0,114.0,2.0
2017,Bhandara,Sakoli,89.0,17.0,89.0,88.0,1.0
2017,Bhandara,Lakhani,43.0,8.0,43.0,43.0,0.0
2017,Bhandara,Pavani,74.0,10.0,74.0,74.0,0.0
2017,Bhandara,Lakhandur,61.0,9.0,61.0,61.0,0.0
2018,Bhandara,Tumsar,111.0,15.0,111.0,111.0,0.0
2018,Bhandara,Mohadi,77.0,10.0,77.0,77.0,0.0
2018,Bhandara,Bhandara,88.0,12.0,88.0,88.0,0.0
2018,Bhandara,Sakoli,42.0,8.0,42.0,42.0,0.0
2018,Bhandara,Lakhani,46.0,7.0,46.0,46.0,0.0
2018,Bhandara,Pavani,68.0,10.0,68.0,68.0,0.0
2018,Bhandara,Lakhandur,56.0,7.0,56.0,56.0,0.0
2019,Bhandara,Tumsar,104.0,15.0,104.0,104.0,0.0
2019,Bhandara,Mohadi,79.0,10.0,79.0,79.0,0.0
2019,Bhandara,Bhandara,87.0,12.0,87.0,87.0,0.0
2019,Bhandara,Sakoli,41.0,8.0,41.0,41.0,0.0
2019,Bhandara,Lakhani,45.0,7.0,45.0,45.0,0.0
2019,Bhandara,Pavani,68.0,10.0,68.0,68.0,0.0
2019,Bhandara,Lakhandur,55.0,7.0,55.0,55.0,0.0
2020,Bhandara,Tumsar,53.0,11.0,53.0,53.0,0.0
2020,Bhandara,Mohadi,34.0,4.0,34.0,34.0,0.0
2020,Bhandara,Bhandara,47.0,8.0,47.0,47.0,0.0
2020,Bhandara,Sakoli,37.0,8.0,37.0,37.0,0.0
2020,Bhandara,Lakhani,25.0,7.0,25.0,25.0,0.0
2020,Bhandara,Pavani,34.0,10.0,34.0,34.0,0.0
2020,Bhandara,Lakhandur,35.0,7.0,35.0,35.0,0.0
2021,Bhandara,Tumsar,19.0,2.0,19.0,19.0,0.0
2021,Bhandara,Mohadi,18.0,3.0,18.0,18.0,0.0
2021,Bhandara,Bhandara,23.0,3.0,23.0,23.0,0.0
2021,Bhandara,Sakoli,17.0,1.0,17.0,17.0,0.0
2021,Bhandara,Lakhani,10.0,0.0,10.0,10.0,0.0
2021,Bhandara,Pavani,19.0,2.0,19.0,19.0,0.0
2021,Bhandara,Lakhandur,11.0,0.0,11.0,11.0,0.0
2013,Buldhana,Jalgaon Jamod,1.0,1.0,1.0,1.0,0.0
2013,Buldhana,Sangrampur,18.0,5.0,18.0,14.0,4.0
2013,Buldhana,Shegaon,28.0,15.0,27.0,24.0,3.0
2013,Buldhana,Nandura,10.0,1.0,10.0,9.0,1.0
2013,Buldhana,Malkapur,4.0,0.0,4.0,3.0,0.0
2013,Buldhana,Motala,8.0,2.0,5.0,3.0,1.0
2013,Buldhana,Khamgaon,23.0,2.0,20.0,18.0,1.0
2013,Buldhana,Mehkar,24.0,0.0,24.0,24.0,0.0
2013,Buldhana,Chikhali,21.0,1.0,20.0,14.0,1.0
2013,Buldhana,Buldhana,54.0,9.0,41.0,29.0,9.0
2013,Buldhana,Deulgaon Raja,22.0,5.0,18.0,14.0,2.0
2013,Buldhana,Sindkhed Raja,24.0,1.0,20.0,17.0,0.0
2013,Buldhana,Lonar,12.0,3.0,11.0,9.0,0.0
2014,Buldhana,Jalgaon Jamod,8.0,1.0,8.0,6.0,0.0
2014,Buldhana,Sangrampur,4.0,2.0,4.0,4.0,0.0
2014,Buldhana,Shegaon,4.0,0.0,4.0,4.0,0.0
2014,Buldhana,Nandura,0.0,0.0,0.0,0.0,0.0
2014,Buldhana,Malkapur,0.0,0.0,0.0,0.0,0.0
2014,Buldhana,Motala,19.0,0.0,17.0,17.0,0.0
2014,Buldhana,Khamgaon,10.0,0.0,10.0,9.0,0.0
2014,Buldhana,Mehkar,3.0,0.0,3.0,3.0,0.0
2014,Buldhana,Chikhali,19.0,0.0,19.0,15.0,0.0
2014,Buldhana,Buldhana,38.0,0.0,34.0,29.0,0.0
2014,Buldhana,Deulgaon Raja,10.0,0.0,10.0,10.0,0.0
2014,Buldhana,Sindkhed Raja,17.0,0.0,16.0,16.0,0.0
2014,Buldhana,Lonar,9.0,0.0,6.0,6.0,0.0
2015,Buldhana,Jalgaon Jamod,7.0,0.0,7.0,6.0,0.0
2015,Buldhana,Sangrampur,21.0,4.0,21.0,21.0,0.0
2015,Buldhana,Shegaon,14.0,0.0,14.0,12.0,0.0
2015,Buldhana,Nandura,7.0,0.0,7.0,6.0,0.0
2015,Buldhana,Malkapur,1.0,0.0,1.0,0.0,0.0
2015,Buldhana,Motala,22.0,0.0,19.0,17.0,0.0
2015,Buldhana,Khamgaon,16.0,0.0,16.0,15.0,0.0
2015,Buldhana,Mehkar,25.0,0.0,24.0,19.0,0.0
2015,Buldhana,Chikhali,25.0,0.0,25.0,17.0,0.0
2015,Buldhana,Buldhana,33.0,0.0,29.0,24.0,0.0
2015,Buldhana,Deulgaon Raja,27.0,0.0,27.0,21.0,0.0
2015,Buldhana,Sindkhed Raja,43.0,0.0,42.0,36.0,0.0
2015,Buldhana,Lonar,25.0,0.0,22.0,17.0,0.0
2016,Buldhana,Jalgaon Jamod,5.0,0.0,5.0,4.0,0.0
2016,Buldhana,Sangrampur,9.0,0.0,9.0,9.0,0.0
2016,Buldhana,Shegaon,13.0,2.0,13.0,11.0,0.0
2016,Buldhana,Nandura,4.0,0.0,4.0,2.0,0.0
2016,Buldhana,Malkapur,0.0,0.0,0.0,0.0,0.0
2016,Buldhana,Motala,6.0,0.0,6.0,4.0,0.0
2016,Buldhana,Khamgaon,4.0,0.0,4.0,4.0,0.0
2016,Buldhana,Mehkar,9.0,0.0,9.0,8.0,0.0
2016,Buldhana,Chikhali,17.0,0.0,17.0,15.0,0.0
2016,Buldhana,Buldhana,5.0,0.0,5.0,4.0,0.0
2016,Buldhana,Deulgaon Raja,9.0,0.0,9.0,8.0,0.0
2016,Buldhana,Sindkhed Raja,15.0,0.0,15.0,15.0,0.0
2016,Buldhana,Lonar,8.0,0.0,8.0,7.0,0.0
2017,Buldhana,Jalgaon Jamod,11.0,0.0,11.0,9.0,0.0
2017,Buldhana,Sangrampur,4.0,1.0,4.0,3.0,0.0
2017,Buldhana,Shegaon,28.0,1.0,28.0,25.0,0.0
2017,Buldhana,Nandura,11.0,0.0,11.0,9.0,0.0
2017,Buldhana,Malkapur,0.0,0.0,0.0,0.0,0.0
2017,Buldhana,Motala,22.0,0.0,19.0,15.0,0.0
2017,Buldhana,Khamgaon,25.0,0.0,25.0,22.0,0.0
2017,Buldhana,Mehkar,9.0,0.0,9.0,8.0,0.0
2017,Buldhana,Chikhali,22.0,0.0,22.0,22.0,0.0
2017,Buldhana,Buldhana,23.0,0.0,23.0,20.0,0.0
2017,Buldhana,Deulgaon Raja,9.0,0.0,9.0,7.0,0.0
2017,Buldhana,Sindkhed Raja,9.0,0.0,9.0,9.0,0.0
2017,Buldhana,Lonar,2.0,0.0,2.0,0.0,0.0
2018,Buldhana,Jalgaon Jamod,18.0,4.0,18.0,14.0,0.0
2018,Buldhana,Sangrampur,8.0,4.0,8.0,8.0,0.0
2018,Buldhana,Shegaon,22.0,3.0,22.0,20.0,0.0
2018,Buldhana,Nandura,12.0,2.0,11.0,6.0,0.0
2018,Buldhana,Malkapur,21.0,3.0,16.0,11.0,0.0
2018,Buldhana,Motala,34.0,3.0,29.0,29.0,0.0
2018,Buldhana,Khamgaon,48.0,4.0,48.0,36.0,0.0
2018,Buldhana,Mehkar,14.0,0.0,14.0,14.0,0.0
2018,Buldhana,Chikhali,17.0,0.0,16.0,15.0,0.0
2018,Buldhana,Buldhana,32.0,2.0,26.0,16.0,0.0
2018,Buldhana,Deulgaon Raja,8.0,0.0,8.0,8.0,0.0
2018,Buldhana,Sindkhed Raja,20.0,2.0,20.0,17.0,0.0
2018,Buldhana,Lonar,17.0,1.0,17.0,16.0,0.0
2019,Buldhana,Jalgaon Jamod,14.0,5.0,14.0,14.0,0.0
2019,Buldhana,Sangrampur,0.0,0.0,0.0,0.0,0.0
2019,Buldhana,Shegaon,1.0,1.0,1.0,1.0,0.0
2019,Buldhana,Nandura,1.0,0.0,1.0,1.0,0.0
2019,Buldhana,Malkapur,2.0,1.0,2.0,2.0,0.0
2019,Buldhana,Motala,8.0,1.0,8.0,8.0,0.0
2019,Buldhana,Khamgaon,1.0,0.0,1.0,1.0,0.0
2019,Buldhana,Mehkar,11.0,2.0,11.0,11.0,0.0
2019,Buldhana,Chikhali,0.0,0.0,0.0,0.0,0.0
2019,Buldhana,Buldhana,6.0,1.0,6.0,6.0,0.0
2019,Buldhana,Deulgaon Raja,6.0,0.0,6.0,6.0,0.0
2019,Buldhana,Sindkhed Raja,24.0,4.0,24.0,24.0,0.0
2019,Buldhana,Lonar,8.0,0.0,4.0,4.0,0.0
2020,Buldhana,Jalgaon Jamod,9.0,4.0,9.0,9.0,0.0
2020,Buldhana,Sangrampur,12.0,5.0,12.0,12.0,0.0
2020,Buldhana,Shegaon,5.0,2.0,5.0,5.0,0.0
2020,Buldhana,Nandura,2.0,1.0,2.0,2.0,0.0
2020,Buldhana,Malkapur,1.0,0.0,1.0,1.0,0.0
2020,Buldhana,Motala,15.0,3.0,15.0,15.0,0.0
2020,Buldhana,Khamgaon,5.0,0.0,5.0,5.0,0.0
2020,Buldhana,Mehkar,13.0,3.0,13.0,13.0,0.0
2020,Buldhana,Chikhali,9.0,2.0,9.0,9.0,0.0
2020,Buldhana,Buldhana,39.0,5.0,39.0,39.0,0.0
2020,Buldhana,Deulgaon Raja,21.0,6.0,21.0,21.0,0.0
2020,Buldhana,Sindkhed Raja,19.0,4.0,19.0,19.0,0.0
2020,Buldhana,Lonar,5.0,1.0,5.0,5.0,0.0
2021,Buldhana,Jalgaon Jamod,14.0,3.0,14.0,14.0,0.0
2021,Buldhana,Sangrampur,29.0,15.0,29.0,29.0,0.0
2021,Buldhana,Shegaon,25.0,8.0,25.0,24.0,1.0
2021,Buldhana,Nandura,7.0,1.0,7.0,7.0,0.0
2021,Buldhana,Malkapur,1.0,0.0,1.0,1.0,0.0
2021,Buldhana,Motala,3.0,0.0,3.0,3.0,0.0
2021,Buldhana,Khamgaon,10.0,0.0,10.0,10.0,0.0
2021,Buldhana,Mehkar,29.0,8.0,29.0,29.0,0.0
2021,Buldhana,Chikhali,12.0,0.0,12.0,12.0,0.0
2021,Buldhana,Buldhana,36.0,8.0,36.0,36.0,0.0
2021,Buldhana,Deulgaon Raja,15.0,4.0,15.0,15.0,0.0
2021,Buldhana,Sindkhed Raja,28.0,4.0,28.0,28.0,0.0
2021,Buldhana,Lonar,3.0,0.0,3.0,3.0,0.0
2012,Chandrapur,Varora,11.0,5.0,11.0,10.0,1.0
2012,Chandrapur,Chimur,42.0,2.0,42.0,41.0,1.0
2012,Chandrapur,Nagbhid,6.0,1.0,6.0,6.0,0.0
2012,Chandrapur,Bramhapuri,29.0,3.0,29.0,29.0,0.0
2012,Chandrapur,Savali,41.0,15.0,41.0,40.0,1.0
2012,Chandrapur,Sindevahi,55.0,4.0,55.0,55.0,0.0
2012,Chandrapur,Bhadravati,16.0,7.0,16.0,16.0,0.0
2012,Chandrapur,Chandrapur,30.0,8.0,30.0,30.0,0.0
2012,Chandrapur,Mul,41.0,2.0,41.0,41.0,0.0
2012,Chandrapur,Ponbhurna,9.0,3.0,9.0,9.0,0.0
2012,Chandrapur,Ballarpur,34.0,4.0,34.0,33.0,1.0
2012,Chandrapur,Korpana,11.0,1.0,11.0,10.0,1.0
2012,Chandrapur,Rajura,10.0,5.0,10.0,10.0,0.0
2012,Chandrapur,Gondpipari,6.0,1.0,6.0,5.0,1.0
2012,Chandrapur,Jivati,6.0,1.0,6.0,4.0,2.0
2013,Chandrapur,Varora,35.0,8.0,35.0,32.0,3.0
2013,Chandrapur,Chimur,48.0,11.0,48.0,48.0,0.0
2013,Chandrapur,Nagbhid,31.0,6.0,31.0,31.0,0.0
2013,Chandrapur,Bramhapuri,26.0,5.0,26.0,26.0,0.0
2013,Chandrapur,Savali,29.0,9.0,29.0,29.0,0.0
2013,Chandrapur,Sindevahi,33.0,14.0,33.0,33.0,0.0
2013,Chandrapur,Bhadravati,45.0,25.0,45.0,44.0,1.0
2013,Chandrapur,Chandrapur,46.0,20.0,46.0,45.0,1.0
2013,Chandrapur,Mul,13.0,3.0,13.0,13.0,0.0
2013,Chandrapur,Ponbhurna,8.0,5.0,8.0,8.0,0.0
2013,Chandrapur,Ballarpur,8.0,4.0,8.0,7.0,1.0
2013,Chandrapur,Korpana,24.0,2.0,24.0,22.0,2.0
2013,Chandrapur,Rajura,18.0,8.0,18.0,18.0,0.0
2013,Chandrapur,Gondpipari,16.0,7.0,16.0,15.0,1.0
2013,Chandrapur,Jivati,80.0,8.0,80.0,52.0,28.0
2014,Chandrapur,Varora,36.0,12.0,36.0,36.0,0.0
2014,Chandrapur,Chimur,26.0,5.0,26.0,26.0,0.0
2014,Chandrapur,Nagbhid,13.0,5.0,13.0,13.0,0.0
2014,Chandrapur,Bramhapuri,26.0,8.0,26.0,26.0,0.0
2014,Chandrapur,Savali,24.0,3.0,24.0,24.0,0.0
2014,Chandrapur,Sindevahi,15.0,9.0,15.0,15.0,0.0
2014,Chandrapur,Bhadravati,9.0,5.0,9.0,9.0,0.0
2014,Chandrapur,Chandrapur,40.0,21.0,40.0,40.0,0.0
2014,Chandrapur,Mul,46.0,25.0,46.0,45.0,1.0
2014,Chandrapur,Ponbhurna,15.0,4.0,15.0,13.0,2.0
2014,Chandrapur,Ballarpur,13.0,12.0,13.0,13.0,0.0
2014,Chandrapur,Korpana,24.0,2.0,24.0,21.0,3.0
2014,Chandrapur,Rajura,21.0,13.0,21.0,20.0,1.0
2014,Chandrapur,Gondpipari,19.0,2.0,19.0,15.0,4.0
2014,Chandrapur,Jivati,46.0,3.0,46.0,36.0,10.0
2015,Chandrapur,Varora,46.0,12.0,46.0,46.0,0.0
2015,Chandrapur,Chimur,3.0,0.0,3.0,2.0,0.0
2015,Chandrapur,Nagbhid,10.0,3.0,10.0,9.0,1.0
2015,Chandrapur,Bramhapuri,18.0,6.0,18.0,18.0,0.0
2015,Chandrapur,Savali,13.0,3.0,13.0,12.0,0.0
2015,Chandrapur,Sindevahi,11.0,0.0,11.0,9.0,0.0
2015,Chandrapur,Bhadravati,25.0,14.0,21.0,21.0,0.0
2015,Chandrapur,Chandrapur,38.0,17.0,37.0,36.0,1.0
2015,Chandrapur,Mul,72.0,17.0,71.0,69.0,2.0
2015,Chandrapur,Ponbhurna,35.0,10.0,35.0,35.0,0.0
2015,Chandrapur,Ballarpur,36.0,29.0,36.0,34.0,1.0
2015,Chandrapur,Korpana,6.0,0.0,6.0,6.0,0.0
2015,Chandrapur,Rajura,11.0,5.0,11.0,9.0,2.0
2015,Chandrapur,Gondpipari,3.0,1.0,3.0,3.0,0.0
2015,Chandrapur,Jivati,15.0,6.0,13.0,13.0,0.0
2016,Chandrapur,Varora,32.0,6.0,32.0,32.0,0.0
2016,Chandrapur,Chimur,6.0,1.0,6.0,6.0,0.0
2016,Chandrapur,Nagbhid,4.0,0.0,4.0,4.0,0.0
2016,Chandrapur,Bramhapuri,12.0,1.0,12.0,12.0,0.0
2016,Chandrapur,Savali,3.0,0.0,3.0,3.0,0.0
2016,Chandrapur,Sindevahi,2.0,0.0,2.0,2.0,0.0
2016,Chandrapur,Bhadravati,5.0,3.0,5.0,5.0,0.0
2016,Chandrapur,Chandrapur,27.0,11.0,27.0,27.0,0.0
2016,Chandrapur,Mul,26.0,9.0,26.0,26.0,0.0
2016,Chandrapur,Ponbhurna,8.0,2.0,8.0,8.0,0.0
2016,Chandrapur,Ballarpur,37.0,33.0,37.0,37.0,0.0
2016,Chandrapur,Korpana,2.0,0.0,2.0,2.0,0.0
2016,Chandrapur,Rajura,25.0,11.0,25.0,25.0,0.0
2016,Chandrapur,Gondpipari,23.0,2.0,23.0,23.0,0.0
2016,Chandrapur,Jivati,13.0,0.0,13.0,13.0,0.0
2017,Chandrapur,Varora,39.0,17.0,39.0,38.0,1.0
2017,Chandrapur,Chimur,15.0,1.0,15.0,15.0,0.0
2017,Chandrapur,Nagbhid,16.0,2.0,16.0,16.0,0.0
2017,Chandrapur,Bramhapuri,15.0,0.0,14.0,12.0,2.0
2017,Chandrapur,Savali,19.0,3.0,19.0,19.0,0.0
2017,Chandrapur,Sindevahi,8.0,2.0,8.0,7.0,1.0
2017,Chandrapur,Bhadravati,26.0,13.0,24.0,24.0,0.0
2017,Chandrapur,Chandrapur,57.0,22.0,57.0,55.0,2.0
2017,Chandrapur,Mul,50.0,12.0,50.0,49.0,1.0
2017,Chandrapur,Ponbhurna,55.0,9.0,54.0,54.0,0.0
2017,Chandrapur,Ballarpur,17.0,11.0,17.0,17.0,0.0
2017,Chandrapur,Korpana,25.0,4.0,20.0,20.0,0.0
2017,Chandrapur,Rajura,35.0,16.0,32.0,31.0,1.0
2017,Chandrapur,Gondpipari,60.0,16.0,54.0,54.0,0.0
2017,Chandrapur,Jivati,20.0,1.0,10.0,10.0,0.0
2018,Chandrapur,Varora,10.0,3.0,10.0,10.0,0.0
2018,Chandrapur,Chimur,16.0,2.0,16.0,13.0,3.0
2018,Chandrapur,Nagbhid,17.0,4.0,17.0,10.0,7.0
2018,Chandrapur,Bramhapuri,22.0,7.0,21.0,19.0,2.0
2018,Chandrapur,Savali,29.0,1.0,29.0,29.0,0.0
2018,Chandrapur,Sindevahi,15.0,4.0,15.0,12.0,3.0
2018,Chandrapur,Bhadravati,7.0,3.0,7.0,7.0,0.0
2018,Chandrapur,Chandrapur,42.0,9.0,42.0,37.0,5.0
2018,Chandrapur,Mul,46.0,9.0,46.0,44.0,2.0
2018,Chandrapur,Ponbhurna,30.0,2.0,30.0,30.0,0.0
2018,Chandrapur,Ballarpur,30.0,15.0,30.0,30.0,0.0
2018,Chandrapur,Korpana,26.0,3.0,26.0,26.0,0.0
2018,Chandrapur,Rajura,49.0,16.0,47.0,47.0,0.0
2018,Chandrapur,Gondpipari,23.0,8.0,23.0,22.0,1.0
2018,Chandrapur,Jivati,20.0,2.0,18.0,18.0,0.0
2019,Chandrapur,Varora,31.0,11.0,28.0,27.0,1.0
2019,Chandrapur,Chimur,8.0,0.0,8.0,8.0,0.0
2019,Chandrapur,Nagbhid,3.0,0.0,3.0,3.0,0.0
2019,Chandrapur,Bramhapuri,10.0,1.0,10.0,10.0,0.0
2019,Chandrapur,Savali,17.0,6.0,17.0,17.0,0.0
2019,Chandrapur,Sindevahi,12.0,2.0,12.0,10.0,2.0
2019,Chandrapur,Bhadravati,24.0,14.0,24.0,23.0,1.0
2019,Chandrapur,Chandrapur,64.0,31.0,62.0,59.0,3.0
2019,Chandrapur,Mul,43.0,8.0,43.0,43.0,0.0
2019,Chandrapur,Ponbhurna,42.0,8.0,41.0,41.0,0.0
2019,Chandrapur,Ballarpur,36.0,25.0,36.0,35.0,1.0
2019,Chandrapur,Korpana,9.0,3.0,9.0,9.0,0.0
2019,Chandrapur,Rajura,35.0,10.0,32.0,32.0,0.0
2019,Chandrapur,Gondpipari,23.0,7.0,23.0,23.0,0.0
2019,Chandrapur,Jivati,30.0,1.0,26.0,26.0,0.0
2020,Chandrapur,Varora,38.0,16.0,38.0,38.0,0.0
2020,Chandrapur,Chimur,11.0,2.0,11.0,11.0,0.0
2020,Chandrapur,Nagbhid,4.0,0.0,4.0,4.0,0.0
2020,Chandrapur,Bramhapuri,9.0,0.0,9.0,9.0,0.0
2020,Chandrapur,Savali,18.0,6.0,18.0,18.0,0.0
2020,Chandrapur,Sindevahi,18.0,4.0,18.0,18.0,0.0
2020,Chandrapur,Bhadravati,17.0,7.0,17.0,17.0,0.0
2020,Chandrapur,Chandrapur,60.0,33.0,60.0,59.0,1.0
2020,Chandrapur,Mul,61.0,13.0,61.0,61.0,0.0
2020,Chandrapur,Ponbhurna,21.0,3.0,21.0,21.0,0.0
2020,Chandrapur,Ballarpur,13.0,9.0,13.0,13.0,0.0
2020,Chandrapur,Korpana,35.0,8.0,33.0,33.0,0.0
2020,Chandrapur,Rajura,37.0,14.0,36.0,36.0,0.0
2020,Chandrapur,Gondpipari,11.0,4.0,10.0,10.0,0.0
2020,Chandrapur,Jivati,31.0,2.0,22.0,22.0,0.0
2021,Chandrapur,Varora,0.0,0.0,0.0,0.0,0.0
2021,Chandrapur,Chimur,0.0,0.0,0.0,0.0,0.0
2021,Chandrapur,Nagbhid,0.0,0.0,0.0,0.0,0.0
2021,Chandrapur,Bramhapuri,1.0,0.0,1.0,0.0,1.0
2021,Chandrapur,Savali,16.0,3.0,16.0,16.0,0.0
2021,Chandrapur,Sindevahi,10.0,1.0,10.0,10.0,0.0
2021,Chandrapur,Bhadravati,0.0,0.0,0.0,0.0,0.0
2021,Chandrapur,Chandrapur,17.0,7.0,17.0,16.0,1.0
2021,Chandrapur,Mul,8.0,5.0,8.0,7.0,1.0
2021,Chandrapur,Ponbhurna,13.0,5.0,13.0,13.0,0.0
2021,Chandrapur,Ballarpur,15.0,13.0,15.0,13.0,2.0
2021,Chandrapur,Korpana,11.0,0.0,10.0,10.0,0.0
2021,Chandrapur,Rajura,14.0,1.0,14.0,13.0,1.0
2021,Chandrapur,Gondpipari,17.0,3.0,17.0,17.0,0.0
2021,Chandrapur,Jivati,20.0,7.0,17.0,17.0,0.0
2011,Dhule,Shirpur,19.0,2.0,9.0,9.0,0.0
2011,Dhule,Shindkheda,7.0,1.0,3.0,3.0,0.0
2011,Dhule,Sakri,12.0,0.0,2.0,2.0,0.0
2011,Dhule,Dhule,3.0,0.0,1.0,1.0,0.0
2012,Dhule,Shirpur,65.0,6.0,38.0,25.0,6.0
2012,Dhule,Shindkheda,7.0,2.0,5.0,2.0,2.0
2012,Dhule,Sakri,54.0,7.0,23.0,13.0,7.0
2012,Dhule,Dhule,75.0,0.0,40.0,40.0,0.0
2013,Dhule,Shirpur,0.0,0.0,0.0,0.0,0.0
2013,Dhule,Shindkheda,0.0,0.0,0.0,0.0,0.0
2013,Dhule,Sakri,2.0,0.0,2.0,2.0,0.0
2013,Dhule,Dhule,0.0,0.0,0.0,0.0,0.0
2014,Dhule,Shirpur,20.0,3.0,16.0,13.0,3.0
2014,Dhule,Shindkheda,4.0,0.0,3.0,3.0,0.0
2014,Dhule,Sakri,12.0,0.0,3.0,3.0,0.0
2014,Dhule,Dhule,24.0,0.0,10.0,10.0,0.0
2015,Dhule,Shirpur,0.0,0.0,0.0,0.0,0.0
2015,Dhule,Shindkheda,3.0,0.0,2.0,2.0,0.0
2015,Dhule,Sakri,7.0,0.0,7.0,7.0,0.0
2015,Dhule,Dhule,0.0,0.0,0.0,0.0,0.0
2016,Dhule,Shirpur,6.0,0.0,6.0,6.0,0.0
2016,Dhule,Shindkheda,3.0,0.0,3.0,3.0,0.0
2016,Dhule,Sakri,0.0,0.0,0.0,0.0,0.0
2016,Dhule,Dhule,3.0,0.0,3.0,3.0,0.0
2017,Dhule,Shirpur,0.0,0.0,0.0,0.0,0.0
2017,Dhule,Shindkheda,3.0,0.0,0.0,0.0,0.0
2017,Dhule,Sakri,0.0,0.0,0.0,0.0,0.0
2017,Dhule,Dhule,1.0,0.0,0.0,0.0,0.0
2018,Dhule,Shirpur,0.0,0.0,0.0,0.0,0.0
2018,Dhule,Shindkheda,0.0,0.0,0.0,0.0,0.0
2018,Dhule,Sakri,0.0,0.0,0.0,0.0,0.0
2018,Dhule,Dhule,2.0,0.0,0.0,0.0,0.0
2019,Dhule,Shirpur,0.0,0.0,0.0,0.0,0.0
2019,Dhule,Shindkheda,0.0,0.0,0.0,0.0,0.0
2019,Dhule,Sakri,0.0,0.0,0.0,0.0,0.0
2019,Dhule,Dhule,0.0,0.0,0.0,0.0,0.0
2020,Dhule,Shirpur,0.0,0.0,0.0,0.0,0.0
2020,Dhule,Shindkheda,0.0,0.0,0.0,0.0,0.0
2020,Dhule,Sakri,0.0,0.0,0.0,0.0,0.0
2020,Dhule,Dhule,0.0,0.0,0.0,0.0,0.0
2021,Dhule,Shirpur,0.0,0.0,0.0,0.0,0.0
2021,Dhule,Shindkheda,0.0,0.0,0.0,0.0,0.0
2021,Dhule,Sakri,0.0,0.0,0.0,0.0,0.0
2021,Dhule,Dhule,0.0,0.0,0.0,0.0,0.0
2012,Gadchiroli,Desaiganj,20.0,3.0,20.0,20.0,0.0
2012,Gadchiroli,Aarmori,49.0,7.0,49.0,49.0,0.0
2012,Gadchiroli,Kurkheda,0.0,0.0,0.0,0.0,0.0
2012,Gadchiroli,Korachi,0.0,0.0,0.0,0.0,0.0
2012,Gadchiroli,Dhanora,15.0,4.0,15.0,15.0,0.0
2012,Gadchiroli,Gadchiroli,45.0,12.0,45.0,45.0,0.0
2012,Gadchiroli,Chomoshi,185.0,35.0,185.0,185.0,0.0
2012,Gadchiroli,Mulchera,0.0,0.0,0.0,0.0,0.0
2012,Gadchiroli,Etapalli,0.0,0.0,0.0,0.0,0.0
2012,Gadchiroli,Bhamragad,36.0,16.0,36.0,36.0,0.0
2012,Gadchiroli,Aheri,12.0,0.0,12.0,12.0,0.0
2012,Gadchiroli,Sironcha,45.0,32.0,45.0,45.0,0.0
2013,Gadchiroli,Desaiganj,9.0,0.0,9.0,9.0,0.0
2013,Gadchiroli,Aarmori,17.0,0.0,17.0,17.0,0.0
2013,Gadchiroli,Kurkheda,15.0,0.0,15.0,15.0,0.0
2013,Gadchiroli,Korachi,5.0,0.0,5.0,5.0,0.0
2013,Gadchiroli,Dhanora,15.0,0.0,15.0,15.0,0.0
2013,Gadchiroli,Gadchiroli,35.0,0.0,35.0,35.0,0.0
2013,Gadchiroli,Chomoshi,60.0,0.0,60.0,60.0,0.0
2013,Gadchiroli,Mulchera,8.0,0.0,8.0,8.0,0.0
2013,Gadchiroli,Etapalli,14.0,0.0,14.0,14.0,0.0
2013,Gadchiroli,Bhamragad,4.0,0.0,4.0,4.0,0.0
2013,Gadchiroli,Aheri,29.0,0.0,29.0,29.0,0.0
2013,Gadchiroli,Sironcha,25.0,20.0,25.0,25.0,0.0
2014,Gadchiroli,Desaiganj,11.0,4.0,11.0,11.0,0.0
2014,Gadchiroli,Aarmori,54.0,11.0,54.0,54.0,0.0
2014,Gadchiroli,Kurkheda,19.0,4.0,19.0,19.0,0.0
2014,Gadchiroli,Korachi,0.0,0.0,0.0,0.0,0.0
2014,Gadchiroli,Dhanora,7.0,2.0,7.0,7.0,0.0
2014,Gadchiroli,Gadchiroli,21.0,9.0,21.0,21.0,0.0
2014,Gadchiroli,Chomoshi,0.0,0.0,0.0,0.0,0.0
2014,Gadchiroli,Mulchera,56.0,12.0,56.0,56.0,0.0
2014,Gadchiroli,Etapalli,11.0,2.0,11.0,11.0,0.0
2014,Gadchiroli,Bhamragad,3.0,0.0,3.0,3.0,0.0
2014,Gadchiroli,Aheri,29.0,8.0,29.0,29.0,0.0
2014,Gadchiroli,Sironcha,157.0,0.0,157.0,157.0,0.0
2015,Gadchiroli,Desaiganj,8.0,2.0,8.0,8.0,0.0
2015,Gadchiroli,Aarmori,17.0,7.0,17.0,17.0,0.0
2015,Gadchiroli,Kurkheda,36.0,12.0,36.0,36.0,0.0
2015,Gadchiroli,Korachi,0.0,0.0,0.0,0.0,0.0
2015,Gadchiroli,Dhanora,16.0,2.0,16.0,16.0,0.0
2015,Gadchiroli,Gadchiroli,107.0,19.0,107.0,107.0,0.0
2015,Gadchiroli,Chomoshi,128.0,0.0,128.0,128.0,0.0
2015,Gadchiroli,Mulchera,0.0,0.0,0.0,0.0,0.0
2015,Gadchiroli,Etapalli,22.0,2.0,22.0,22.0,0.0
2015,Gadchiroli,Bhamragad,0.0,0.0,0.0,0.0,0.0
2015,Gadchiroli,Aheri,0.0,0.0,0.0,0.0,0.0
2015,Gadchiroli,Sironcha,0.0,0.0,0.0,0.0,0.0
2016,Gadchiroli,Desaiganj,7.0,2.0,7.0,7.0,0.0
2016,Gadchiroli,Aarmori,6.0,1.0,6.0,6.0,0.0
2016,Gadchiroli,Kurkheda,17.0,4.0,17.0,17.0,0.0
2016,Gadchiroli,Korachi,4.0,1.0,4.0,4.0,0.0
2016,Gadchiroli,Dhanora,7.0,2.0,7.0,7.0,0.0
2016,Gadchiroli,Gadchiroli,11.0,1.0,11.0,11.0,0.0
2016,Gadchiroli,Chomoshi,14.0,3.0,14.0,14.0,0.0
2016,Gadchiroli,Mulchera,8.0,3.0,8.0,8.0,0.0
2016,Gadchiroli,Etapalli,12.0,4.0,12.0,12.0,0.0
2016,Gadchiroli,Bhamragad,9.0,2.0,9.0,9.0,0.0
2016,Gadchiroli,Aheri,66.0,11.0,66.0,66.0,0.0
2016,Gadchiroli,Sironcha,7.0,4.0,7.0,7.0,0.0
2017,Gadchiroli,Desaiganj,16.0,3.0,16.0,16.0,0.0
2017,Gadchiroli,Aarmori,33.0,7.0,33.0,33.0,0.0
2017,Gadchiroli,Kurkheda,26.0,9.0,26.0,26.0,0.0
2017,Gadchiroli,Korachi,0.0,0.0,0.0,0.0,0.0
2017,Gadchiroli,Dhanora,11.0,1.0,11.0,11.0,0.0
2017,Gadchiroli,Gadchiroli,38.0,11.0,38.0,38.0,0.0
2017,Gadchiroli,Chomoshi,54.0,16.0,54.0,54.0,0.0
2017,Gadchiroli,Mulchera,66.0,9.0,66.0,66.0,0.0
2017,Gadchiroli,Etapalli,17.0,2.0,17.0,17.0,0.0
2017,Gadchiroli,Bhamragad,0.0,0.0,0.0,0.0,0.0
2017,Gadchiroli,Aheri,217.0,23.0,217.0,217.0,0.0
2017,Gadchiroli,Sironcha,60.0,27.0,60.0,60.0,0.0
2018,Gadchiroli,Desaiganj,19.0,4.0,19.0,19.0,0.0
2018,Gadchiroli,Aarmori,0.0,0.0,0.0,0.0,0.0
2018,Gadchiroli,Kurkheda,31.0,7.0,31.0,31.0,0.0
2018,Gadchiroli,Korachi,19.0,9.0,19.0,19.0,0.0
2018,Gadchiroli,Dhanora,150.0,15.0,150.0,150.0,0.0
2018,Gadchiroli,Gadchiroli,33.0,3.0,33.0,33.0,0.0
2018,Gadchiroli,Chomoshi,25.0,6.0,25.0,25.0,0.0
2018,Gadchiroli,Mulchera,8.0,2.0,8.0,8.0,0.0
2018,Gadchiroli,Etapalli,19.0,8.0,19.0,19.0,0.0
2018,Gadchiroli,Bhamragad,26.0,5.0,26.0,26.0,0.0
2018,Gadchiroli,Aheri,143.0,34.0,143.0,143.0,0.0
2018,Gadchiroli,Sironcha,10.0,4.0,5.0,5.0,0.0
2019,Gadchiroli,Desaiganj,12.0,2.0,12.0,12.0,0.0
2019,Gadchiroli,Aarmori,8.0,1.0,8.0,8.0,0.0
2019,Gadchiroli,Kurkheda,0.0,0.0,0.0,0.0,0.0
2019,Gadchiroli,Korachi,5.0,0.0,5.0,5.0,0.0
2019,Gadchiroli,Dhanora,128.0,12.0,128.0,128.0,0.0
2019,Gadchiroli,Gadchiroli,37.0,2.0,37.0,37.0,0.0
2019,Gadchiroli,Chomoshi,53.0,7.0,53.0,53.0,0.0
2019,Gadchiroli,Mulchera,10.0,0.0,10.0,10.0,0.0
2019,Gadchiroli,Etapalli,0.0,0.0,0.0,0.0,0.0
2019,Gadchiroli,Bhamragad,17.0,0.0,17.0,17.0,0.0
2019,Gadchiroli,Aheri,2.0,0.0,2.0,2.0,0.0
2019,Gadchiroli,Sironcha,0.0,0.0,0.0,0.0,0.0
2020,Gadchiroli,Desaiganj,3.0,1.0,3.0,3.0,0.0
2020,Gadchiroli,Aarmori,0.0,0.0,0.0,0.0,0.0
2020,Gadchiroli,Kurkheda,0.0,0.0,0.0,0.0,0.0
2020,Gadchiroli,Korachi,13.0,0.0,13.0,13.0,0.0
2020,Gadchiroli,Dhanora,5.0,0.0,5.0,5.0,0.0
2020,Gadchiroli,Gadchiroli,5.0,2.0,5.0,5.0,0.0
2020,Gadchiroli,Chomoshi,11.0,0.0,11.0,11.0,0.0
2020,Gadchiroli,Mulchera,0.0,0.0,0.0,0.0,0.0
2020,Gadchiroli,Etapalli,0.0,0.0,0.0,0.0,0.0
2020,Gadchiroli,Bhamragad,0.0,0.0,0.0,0.0,0.0
2020,Gadchiroli,Aheri,14.0,0.0,14.0,14.0,0.0
2020,Gadchiroli,Sironcha,10.0,10.0,10.0,10.0,0.0
2021,Gadchiroli,Desaiganj,9.0,2.0,9.0,9.0,0.0
2021,Gadchiroli,Aarmori,1.0,0.0,1.0,1.0,0.0
2021,Gadchiroli,Kurkheda,6.0,1.0,6.0,6.0,0.0
2021,Gadchiroli,Korachi,29.0,1.0,29.0,29.0,0.0
2021,Gadchiroli,Dhanora,40.0,0.0,40.0,40.0,0.0
2021,Gadchiroli,Gadchiroli,7.0,2.0,7.0,7.0,0.0
2021,Gadchiroli,Chomoshi,17.0,0.0,17.0,17.0,0.0
2021,Gadchiroli,Mulchera,6.0,0.0,6.0,6.0,0.0
2021,Gadchiroli,Etapalli,31.0,0.0,30.0,30.0,0.0
2021,Gadchiroli,Bhamragad,6.0,1.0,6.0,6.0,0.0
2021,Gadchiroli,Aheri,56.0,2.0,56.0,56.0,0.0
2021,Gadchiroli,Sironcha,21.0,21.0,21.0,21.0,0.0
2012,Gondia,Tiroda,34.0,0.0,34.0,34.0,0.0
2012,Gondia,Goregaon,34.0,0.0,34.0,34.0,0.0
2012,Gondia,Gondia,79.0,0.0,79.0,79.0,0.0
2012,Gondia,Aamgaon,15.0,0.0,15.0,15.0,0.0
2012,Gondia,Salekasa,78.0,0.0,78.0,78.0,0.0
2012,Gondia,Sadak Arjuni,19.0,0.0,19.0,19.0,0.0
2012,Gondia,Arjuni Morgaon,24.0,0.0,24.0,24.0,0.0
2012,Gondia,Devari,17.0,0.0,17.0,17.0,0.0
2013,Gondia,Tiroda,19.0,14.0,19.0,19.0,0.0
2013,Gondia,Goregaon,50.0,32.0,50.0,50.0,0.0
2013,Gondia,Gondia,110.0,62.0,110.0,110.0,0.0
2013,Gondia,Aamgaon,16.0,12.0,16.0,16.0,0.0
2013,Gondia,Salekasa,21.0,13.0,21.0,21.0,0.0
2013,Gondia,Sadak Arjuni,25.0,16.0,25.0,25.0,0.0
2013,Gondia,Arjuni Morgaon,30.0,21.0,30.0,30.0,0.0
2013,Gondia,Devari,13.0,8.0,13.0,13.0,0.0
2014,Gondia,Tiroda,27.0,5.0,27.0,27.0,0.0
2014,Gondia,Goregaon,23.0,5.0,23.0,23.0,0.0
2014,Gondia,Gondia,100.0,28.0,100.0,100.0,0.0
2014,Gondia,Aamgaon,39.0,4.0,39.0,39.0,0.0
2014,Gondia,Salekasa,34.0,4.0,34.0,34.0,0.0
2014,Gondia,Sadak Arjuni,12.0,2.0,12.0,12.0,0.0
2014,Gondia,Arjuni Morgaon,17.0,4.0,17.0,17.0,0.0
2014,Gondia,Devari,33.0,3.0,33.0,33.0,0.0
2015,Gondia,Tiroda,40.0,3.0,40.0,38.0,0.0
2015,Gondia,Goregaon,26.0,5.0,26.0,24.0,0.0
2015,Gondia,Gondia,98.0,15.0,98.0,96.0,0.0
2015,Gondia,Aamgaon,81.0,8.0,80.0,79.0,0.0
2015,Gondia,Salekasa,52.0,5.0,51.0,50.0,0.0
2015,Gondia,Sadak Arjuni,31.0,9.0,31.0,30.0,0.0
2015,Gondia,Arjuni Morgaon,33.0,6.0,33.0,31.0,0.0
2015,Gondia,Devari,48.0,4.0,48.0,47.0,0.0
2016,Gondia,Tiroda,30.0,2.0,30.0,30.0,0.0
2016,Gondia,Goregaon,37.0,4.0,37.0,37.0,0.0
2016,Gondia,Gondia,125.0,12.0,125.0,125.0,0.0
2016,Gondia,Aamgaon,62.0,8.0,62.0,62.0,0.0
2016,Gondia,Salekasa,50.0,4.0,50.0,50.0,0.0
2016,Gondia,Sadak Arjuni,46.0,13.0,46.0,46.0,0.0
2016,Gondia,Arjuni Morgaon,39.0,6.0,39.0,39.0,0.0
2016,Gondia,Devari,23.0,3.0,23.0,23.0,0.0
2017,Gondia,Tiroda,8.0,3.0,8.0,8.0,0.0
2017,Gondia,Goregaon,12.0,4.0,12.0,12.0,0.0
2017,Gondia,Gondia,47.0,15.0,47.0,47.0,0.0
2017,Gondia,Aamgaon,22.0,7.0,22.0,22.0,0.0
2017,Gondia,Salekasa,29.0,8.0,29.0,29.0,0.0
2017,Gondia,Sadak Arjuni,17.0,6.0,17.0,17.0,0.0
2017,Gondia,Arjuni Morgaon,7.0,2.0,7.0,7.0,0.0
2017,Gondia,Devari,16.0,3.0,16.0,16.0,0.0
2018,Gondia,Tiroda,48.0,15.0,48.0,48.0,0.0
2018,Gondia,Goregaon,18.0,5.0,18.0,18.0,0.0
2018,Gondia,Gondia,225.0,83.0,225.0,225.0,0.0
2018,Gondia,Aamgaon,44.0,11.0,44.0,44.0,0.0
2018,Gondia,Salekasa,16.0,9.0,16.0,16.0,0.0
2018,Gondia,Sadak Arjuni,45.0,17.0,45.0,45.0,0.0
2018,Gondia,Arjuni Morgaon,7.0,2.0,7.0,7.0,0.0
2018,Gondia,Devari,41.0,19.0,41.0,41.0,0.0
2019,Gondia,Tiroda,37.0,13.0,37.0,37.0,0.0
2019,Gondia,Goregaon,23.0,8.0,23.0,23.0,0.0
2019,Gondia,Gondia,83.0,32.0,83.0,83.0,0.0
2019,Gondia,Aamgaon,42.0,17.0,42.0,42.0,0.0
2019,Gondia,Salekasa,17.0,8.0,17.0,17.0,0.0
2019,Gondia,Sadak Arjuni,40.0,19.0,40.0,40.0,0.0
2019,Gondia,Arjuni Morgaon,11.0,2.0,11.0,11.0,0.0
2019,Gondia,Devari,63.0,23.0,63.0,63.0,0.0
2020,Gondia,Tiroda,50.0,17.0,50.0,50.0,0.0
2020,Gondia,Goregaon,36.0,12.0,36.0,36.0,0.0
2020,Gondia,Gondia,31.0,9.0,31.0,31.0,0.0
2020,Gondia,Aamgaon,26.0,10.0,26.0,26.0,0.0
2020,Gondia,Salekasa,23.0,7.0,23.0,23.0,0.0
2020,Gondia,Sadak Arjuni,20.0,8.0,20.0,20.0,0.0
2020,Gondia,Arjuni Morgaon,23.0,6.0,23.0,23.0,0.0
2020,Gondia,Devari,7.0,2.0,7.0,7.0,0.0
2021,Gondia,Tiroda,43.0,13.0,43.0,43.0,0.0
2021,Gondia,Goregaon,30.0,9.0,30.0,30.0,0.0
2021,Gondia,Gondia,125.0,38.0,125.0,125.0,0.0
2021,Gondia,Aamgaon,14.0,4.0,14.0,14.0,0.0
2021,Gondia,Salekasa,21.0,6.0,21.0,21.0,0.0
2021,Gondia,Sadak Arjuni,43.0,13.0,43.0,43.0,0.0
2021,Gondia,Arjuni Morgaon,15.0,5.0,15.0,15.0,0.0
2021,Gondia,Devari,19.0,6.0,19.0,19.0,0.0
2012,Hingoli,Sengaon,980.0,43.0,937.0,894.0,43.0
2012,Hingoli,Hingoli,1038.0,51.0,987.0,936.0,51.0
2012,Hingoli,Aundha Na,814.0,38.0,776.0,738.0,38.0
2012,Hingoli,Kalamanuri,1314.0,51.0,1263.0,1212.0,51.0
2012,Hingoli,Vasamat,1100.0,51.0,1049.0,998.0,51.0
2013,Hingoli,Sengaon,,,,,
2013,Hingoli,Hingoli,,,,,
2013,Hingoli,Aundha Na,,,,,
2013,Hingoli,Kalamanuri,,,,,
2013,Hingoli,Vasamat,,,,,
2014,Hingoli,Sengaon,983.0,108.0,983.0,940.0,43.0
2014,Hingoli,Hingoli,1047.0,116.0,1047.0,996.0,51.0
2014,Hingoli,Aundha Na,860.0,102.0,860.0,822.0,38.0
2014,Hingoli,Kalamanuri,1331.0,148.0,1331.0,1280.0,51.0
2014,Hingoli,Vasamat,1228.0,134.0,1228.0,1177.0,51.0
2015,Hingoli,Sengaon,983.0,108.0,983.0,940.0,43.0
2015,Hingoli,Hingoli,1047.0,116.0,1047.0,996.0,51.0
2015,Hingoli,Aundha Na,860.0,102.0,860.0,822.0,38.0
2015,Hingoli,Kalamanuri,1331.0,148.0,1331.0,1280.0,51.0
2015,Hingoli,Vasamat,1228.0,134.0,1228.0,1177.0,51.0
2016,Hingoli,Sengaon,,,,,
2016,Hingoli,Hingoli,,,,,
2016,Hingoli,Aundha Na,,,,,
2016,Hingoli,Kalamanuri,,,,,
2016,Hingoli,Vasamat,,,,,
2017,Hingoli,Sengaon,24.0,2.0,23.0,21.0,0.0
2017,Hingoli,Hingoli,21.0,1.0,21.0,20.0,0.0
2017,Hingoli,Aundha Na,17.0,0.0,16.0,16.0,0.0
2017,Hingoli,Kalamanuri,18.0,0.0,18.0,18.0,0.0
2017,Hingoli,Vasamat,10.0,1.0,10.0,9.0,0.0
2018,Hingoli,Sengaon,49.0,7.0,29.0,42.0,0.0
2018,Hingoli,Hingoli,34.0,3.0,28.0,27.0,0.0
2018,Hingoli,Aundha Na,52.0,5.0,43.0,45.0,2.0
2018,Hingoli,Kalamanuri,73.0,6.0,63.0,67.0,0.0
2018,Hingoli,Vasamat,56.0,5.0,47.0,48.0,0.0
2019,Hingoli,Sengaon,30.0,5.0,30.0,30.0,0.0
2019,Hingoli,Hingoli,26.0,4.0,26.0,26.0,0.0
2019,Hingoli,Aundha Na,0.0,0.0,0.0,0.0,0.0
2019,Hingoli,Kalamanuri,14.0,2.0,14.0,14.0,0.0
2019,Hingoli,Vasamat,0.0,0.0,0.0,0.0,0.0
2020,Hingoli,Sengaon,35.0,5.0,35.0,35.0,0.0
2020,Hingoli,Hingoli,31.0,4.0,31.0,31.0,0.0
2020,Hingoli,Aundha Na,6.0,2.0,6.0,6.0,0.0
2020,Hingoli,Kalamanuri,18.0,2.0,18.0,18.0,0.0
2020,Hingoli,Vasamat,6.0,2.0,6.0,6.0,0.0
2021,Hingoli,Sengaon,42.0,5.0,42.0,42.0,0.0
2021,Hingoli,Hingoli,35.0,4.0,35.0,35.0,0.0
2021,Hingoli,Aundha Na,15.0,5.0,15.0,15.0,0.0
2021,Hingoli,Kalamanuri,24.0,3.0,24.0,24.0,0.0
2021,Hingoli,Vasamat,13.0,9.0,13.0,13.0,0.0
2013,Jalna,Bhokardan,33.0,1.0,33.0,33.0,1.0
2013,Jalna,Jaffrabad,18.0,0.0,18.0,18.0,0.0
2013,Jalna,Jalna,33.0,3.0,33.0,33.0,3.0
2013,Jalna,Badnapur,11.0,1.0,11.0,11.0,1.0
2013,Jalna,Ambad,24.0,0.0,24.0,24.0,0.0
2013,Jalna,Ghansawangi,24.0,2.0,24.0,24.0,2.0
2013,Jalna,Partur,6.0,0.0,6.0,6.0,0.0
2013,Jalna,Mantha,1.0,0.0,1.0,1.0,0.0
2014,Jalna,Bhokardan,2.0,0.0,2.0,2.0,0.0
2014,Jalna,Jaffrabad,2.0,0.0,2.0,2.0,0.0
2014,Jalna,Jalna,21.0,0.0,21.0,21.0,0.0
2014,Jalna,Badnapur,6.0,0.0,6.0,6.0,0.0
2014,Jalna,Ambad,8.0,0.0,8.0,8.0,0.0
2014,Jalna,Ghansawangi,9.0,0.0,9.0,9.0,0.0
2014,Jalna,Partur,0.0,0.0,0.0,0.0,0.0
2014,Jalna,Mantha,12.0,0.0,12.0,12.0,0.0
2015,Jalna,Bhokardan,2.0,,2.0,2.0,
2015,Jalna,Jaffrabad,2.0,,2.0,2.0,
2015,Jalna,Jalna,20.0,,20.0,20.0,
2015,Jalna,Badnapur,7.0,,7.0,7.0,
2015,Jalna,Ambad,9.0,,9.0,9.0,
2015,Jalna,Ghansawangi,5.0,,5.0,5.0,
2015,Jalna,Partur,15.0,,15.0,15.0,
2015,Jalna,Mantha,24.0,,24.0,24.0,
2016,Jalna,Bhokardan,,,,,
2016,Jalna,Jaffrabad,,,,,
2016,Jalna,Jalna,,,,,
2016,Jalna,Badnapur,,,,,
2016,Jalna,Ambad,,,,,
2016,Jalna,Ghansawangi,,,,,
2016,Jalna,Partur,,,,,
2016,Jalna,Mantha,,,,,
2017,Jalna,Bhokardan,6.0,,6.0,6.0,
2017,Jalna,Jaffrabad,11.0,,11.0,11.0,
2017,Jalna,Jalna,4.0,,4.0,4.0,
2017,Jalna,Badnapur,3.0,,3.0,3.0,
2017,Jalna,Ambad,8.0,,8.0,8.0,
2017,Jalna,Ghansawangi,1.0,,1.0,1.0,
2017,Jalna,Partur,1.0,,1.0,1.0,
2017,Jalna,Mantha,0.0,,0.0,0.0,
2018,Jalna,Bhokardan,,,,,
2018,Jalna,Jaffrabad,,,,,
2018,Jalna,Jalna,,,,,
2018,Jalna,Badnapur,,,,,
2018,Jalna,Ambad,,,,,
2018,Jalna,Ghansawangi,,,,,
2018,Jalna,Partur,,,,,
2018,Jalna,Mantha,,,,,
2019,Jalna,Bhokardan,0.0,,0.0,0.0,
2019,Jalna,Jaffrabad,0.0,,0.0,0.0,
2019,Jalna,Jalna,97.0,,97.0,97.0,
2019,Jalna,Badnapur,0.0,,0.0,0.0,
2019,Jalna,Ambad,2.0,,2.0,2.0,
2019,Jalna,Ghansawangi,4.0,,4.0,4.0,
2019,Jalna,Partur,0.0,,0.0,0.0,
2019,Jalna,Mantha,0.0,,0.0,0.0,
2020,Jalna,Bhokardan,0.0,,0.0,0.0,
2020,Jalna,Jaffrabad,0.0,,0.0,0.0,
2020,Jalna,Jalna,0.0,,0.0,0.0,
2020,Jalna,Badnapur,0.0,,0.0,0.0,
2020,Jalna,Ambad,0.0,,0.0,0.0,
2020,Jalna,Ghansawangi,0.0,,0.0,0.0,
2020,Jalna,Partur,0.0,,0.0,0.0,
2020,Jalna,Mantha,0.0,,0.0,0.0,
2021,Jalna,Bhokardan,0.0,,0.0,0.0,
2021,Jalna,Jaffrabad,0.0,,0.0,0.0,
2021,Jalna,Jalna,0.0,,0.0,0.0,
2021,Jalna,Badnapur,0.0,,0.0,0.0,
2021,Jalna,Ambad,0.0,,0.0,0.0,
2021,Jalna,Ghansawangi,0.0,,0.0,0.0,
2021,Jalna,Partur,0.0,,0.0,0.0,
2021,Jalna,Mantha,0.0,,0.0,0.0,
2012,Kolhapur,Shahuwadi,5.0,2.0,3.0,3.0,0.0
2012,Kolhapur,Panhala,7.0,3.0,5.0,3.0,0.0
2012,Kolhapur,Hatkanangale,53.0,5.0,39.0,35.0,0.0
2012,Kolhapur,Shirol,21.0,5.0,17.0,13.0,0.0
2012,Kolhapur,Karveer,19.0,5.0,17.0,16.0,0.0
2012,Kolhapur,Gaganbavada,1.0,0.0,1.0,0.0,0.0
2012,Kolhapur,Radhanagari,3.0,2.0,3.0,3.0,0.0
2012,Kolhapur,Kagal,13.0,3.0,10.0,10.0,0.0
2012,Kolhapur,Bhudargad,5.0,4.0,4.0,3.0,0.0
2012,Kolhapur,Ajara,11.0,1.0,6.0,5.0,0.0
2012,Kolhapur,Gadhinglaj,25.0,5.0,18.0,15.0,0.0
2012,Kolhapur,Chandgad,7.0,2.0,6.0,5.0,0.0
2013,Kolhapur,Shahuwadi,21.0,0.0,16.0,11.0,0.0
2013,Kolhapur,Panhala,2.0,0.0,1.0,1.0,0.0
2013,Kolhapur,Hatkanangale,80.0,23.0,68.0,64.0,0.0
2013,Kolhapur,Shirol,8.0,0.0,7.0,6.0,0.0
2013,Kolhapur,Karveer,8.0,0.0,6.0,3.0,0.0
2013,Kolhapur,Gaganbavada,0.0,0.0,0.0,0.0,0.0
2013,Kolhapur,Radhanagari,0.0,0.0,0.0,0.0,0.0
2013,Kolhapur,Kagal,11.0,0.0,4.0,4.0,0.0
2013,Kolhapur,Bhudargad,2.0,0.0,2.0,0.0,0.0
2013,Kolhapur,Ajara,0.0,0.0,0.0,0.0,0.0
2013,Kolhapur,Gadhinglaj,16.0,1.0,7.0,6.0,0.0
2013,Kolhapur,Chandgad,0.0,0.0,0.0,0.0,0.0
2014,Kolhapur,Shahuwadi,17.0,0.0,16.0,14.0,0.0
2014,Kolhapur,Panhala,5.0,0.0,3.0,3.0,0.0
2014,Kolhapur,Hatkanangale,26.0,11.0,25.0,25.0,0.0
2014,Kolhapur,Shirol,11.0,4.0,10.0,9.0,0.0
2014,Kolhapur,Karveer,16.0,2.0,13.0,9.0,0.0
2014,Kolhapur,Gaganbavada,1.0,1.0,1.0,0.0,0.0
2014,Kolhapur,Radhanagari,2.0,0.0,2.0,2.0,0.0
2014,Kolhapur,Kagal,10.0,0.0,7.0,5.0,0.0
2014,Kolhapur,Bhudargad,4.0,0.0,4.0,2.0,0.0
2014,Kolhapur,Ajara,8.0,0.0,8.0,1.0,0.0
2014,Kolhapur,Gadhinglaj,10.0,0.0,7.0,4.0,0.0
2014,Kolhapur,Chandgad,2.0,2.0,2.0,2.0,0.0
2015,Kolhapur,Shahuwadi,6.0,1.0,5.0,3.0,0.0
2015,Kolhapur,Panhala,10.0,2.0,9.0,7.0,0.0
2015,Kolhapur,Hatkanangale,29.0,3.0,21.0,21.0,0.0
2015,Kolhapur,Shirol,14.0,4.0,13.0,8.0,0.0
2015,Kolhapur,Karveer,19.0,1.0,12.0,9.0,0.0
2015,Kolhapur,Gaganbavada,0.0,0.0,0.0,0.0,0.0
2015,Kolhapur,Radhanagari,4.0,0.0,4.0,2.0,0.0
2015,Kolhapur,Kagal,12.0,4.0,9.0,4.0,0.0
2015,Kolhapur,Bhudargad,2.0,0.0,2.0,2.0,0.0
2015,Kolhapur,Ajara,5.0,1.0,4.0,2.0,0.0
2015,Kolhapur,Gadhinglaj,7.0,1.0,7.0,2.0,0.0
2015,Kolhapur,Chandgad,8.0,3.0,7.0,6.0,0.0
2016,Kolhapur,Shahuwadi,9.0,2.0,9.0,9.0,0.0
2016,Kolhapur,Panhala,0.0,0.0,0.0,0.0,0.0
2016,Kolhapur,Hatkanangale,8.0,1.0,7.0,5.0,0.0
2016,Kolhapur,Shirol,3.0,0.0,3.0,2.0,0.0
2016,Kolhapur,Karveer,14.0,2.0,14.0,5.0,0.0
2016,Kolhapur,Gaganbavada,5.0,1.0,5.0,5.0,0.0
2016,Kolhapur,Radhanagari,30.0,3.0,21.0,16.0,0.0
2016,Kolhapur,Kagal,11.0,4.0,10.0,4.0,0.0
2016,Kolhapur,Bhudargad,9.0,2.0,7.0,5.0,0.0
2016,Kolhapur,Ajara,3.0,0.0,2.0,2.0,0.0
2016,Kolhapur,Gadhinglaj,5.0,0.0,5.0,4.0,0.0
2016,Kolhapur,Chandgad,11.0,5.0,10.0,6.0,0.0
2017,Kolhapur,Shahuwadi,24.0,4.0,22.0,18.0,4.0
2017,Kolhapur,Panhala,12.0,0.0,12.0,12.0,0.0
2017,Kolhapur,Hatkanangale,4.0,0.0,4.0,3.0,0.0
2017,Kolhapur,Shirol,10.0,7.0,7.0,4.0,3.0
2017,Kolhapur,Karveer,1.0,1.0,1.0,0.0,1.0
2017,Kolhapur,Gaganbavada,0.0,0.0,0.0,0.0,0.0
2017,Kolhapur,Radhanagari,9.0,1.0,7.0,5.0,1.0
2017,Kolhapur,Kagal,2.0,1.0,1.0,1.0,0.0
2017,Kolhapur,Bhudargad,13.0,7.0,13.0,6.0,2.0
2017,Kolhapur,Ajara,4.0,1.0,4.0,3.0,0.0
2017,Kolhapur,Gadhinglaj,2.0,0.0,1.0,0.0,0.0
2017,Kolhapur,Chandgad,2.0,1.0,1.0,1.0,0.0
2018,Kolhapur,Shahuwadi,17.0,10.0,15.0,10.0,0.0
2018,Kolhapur,Panhala,4.0,1.0,3.0,3.0,0.0
2018,Kolhapur,Hatkanangale,5.0,0.0,4.0,3.0,0.0
2018,Kolhapur,Shirol,6.0,5.0,6.0,1.0,0.0
2018,Kolhapur,Karveer,13.0,3.0,11.0,6.0,0.0
2018,Kolhapur,Gaganbavada,2.0,1.0,2.0,2.0,0.0
2018,Kolhapur,Radhanagari,14.0,5.0,10.0,4.0,0.0
2018,Kolhapur,Kagal,8.0,3.0,5.0,2.0,0.0
2018,Kolhapur,Bhudargad,7.0,1.0,6.0,0.0,0.0
2018,Kolhapur,Ajara,0.0,0.0,0.0,0.0,0.0
2018,Kolhapur,Gadhinglaj,6.0,1.0,5.0,3.0,0.0
2018,Kolhapur,Chandgad,3.0,2.0,3.0,1.0,0.0
2019,Kolhapur,Shahuwadi,7.0,0.0,6.0,6.0,0.0
2019,Kolhapur,Panhala,8.0,0.0,8.0,8.0,0.0
2019,Kolhapur,Hatkanangale,7.0,0.0,7.0,7.0,0.0
2019,Kolhapur,Shirol,4.0,0.0,3.0,2.0,0.0
2019,Kolhapur,Karveer,4.0,0.0,3.0,1.0,0.0
2019,Kolhapur,Gaganbavada,3.0,0.0,3.0,3.0,0.0
2019,Kolhapur,Radhanagari,19.0,0.0,12.0,6.0,0.0
2019,Kolhapur,Kagal,6.0,0.0,4.0,4.0,0.0
2019,Kolhapur,Bhudargad,5.0,0.0,5.0,5.0,0.0
2019,Kolhapur,Ajara,9.0,0.0,7.0,4.0,0.0
2019,Kolhapur,Gadhinglaj,4.0,0.0,4.0,3.0,0.0
2019,Kolhapur,Chandgad,4.0,0.0,3.0,3.0,0.0
2020,Kolhapur,Shahuwadi,6.0,0.0,5.0,2.0,0.0
2020,Kolhapur,Panhala,4.0,2.0,3.0,0.0,0.0
2020,Kolhapur,Hatkanangale,2.0,0.0,2.0,2.0,0.0
2020,Kolhapur,Shirol,1.0,1.0,1.0,1.0,0.0
2020,Kolhapur,Karveer,3.0,2.0,3.0,0.0,0.0
2020,Kolhapur,Gaganbavada,2.0,1.0,1.0,1.0,0.0
2020,Kolhapur,Radhanagari,0.0,0.0,0.0,0.0,0.0
2020,Kolhapur,Kagal,1.0,0.0,1.0,0.0,0.0
2020,Kolhapur,Bhudargad,1.0,0.0,1.0,1.0,0.0
2020,Kolhapur,Ajara,3.0,0.0,3.0,3.0,0.0
2020,Kolhapur,Gadhinglaj,6.0,3.0,6.0,1.0,0.0
2020,Kolhapur,Chandgad,0.0,0.0,0.0,0.0,0.0
2021,Kolhapur,Shahuwadi,2.0,1.0,2.0,1.0,0.0
2021,Kolhapur,Panhala,4.0,0.0,3.0,3.0,0.0
2021,Kolhapur,Hatkanangale,12.0,1.0,11.0,11.0,0.0
2021,Kolhapur,Shirol,5.0,4.0,5.0,5.0,0.0
2021,Kolhapur,Karveer,5.0,0.0,2.0,2.0,0.0
2021,Kolhapur,Gaganbavada,4.0,2.0,4.0,4.0,0.0
2021,Kolhapur,Radhanagari,1.0,1.0,1.0,0.0,0.0
2021,Kolhapur,Kagal,1.0,0.0,1.0,1.0,0.0
2021,Kolhapur,Bhudargad,3.0,0.0,1.0,0.0,0.0
2021,Kolhapur,Ajara,1.0,1.0,1.0,1.0,0.0
2021,Kolhapur,Gadhinglaj,5.0,4.0,3.0,2.0,0.0
2021,Kolhapur,Chandgad,6.0,6.0,6.0,3.0,0.0
2012,Latur,Latur,37.0,6.0,36.0,27.0,5.0
2012,Latur,Renapur,21.0,7.0,21.0,10.0,0.0
2012,Latur,Ahamadpur,51.0,1.0,21.0,30.0,11.0
2012,Latur,Jalkot,1.0,0.0,1.0,1.0,0.0
2012,Latur,Chakur,0.0,0.0,0.0,0.0,0.0
2012,Latur,Shirur-Anantpal,0.0,0.0,0.0,0.0,0.0
2012,Latur,Aosa,27.0,0.0,20.0,2.0,20.0
2012,Latur,Nilanga,86.0,52.0,83.0,19.0,60.0
2012,Latur,Devani,14.0,7.0,14.0,13.0,1.0
2012,Latur,Udgir,253.0,160.0,231.0,74.0,150.0
2013,Latur,Latur,76.0,19.0,73.0,35.0,17.0
2013,Latur,Renapur,13.0,4.0,13.0,5.0,2.0
2013,Latur,Ahamadpur,43.0,12.0,50.0,31.0,15.0
2013,Latur,Jalkot,16.0,2.0,16.0,12.0,0.0
2013,Latur,Chakur,1.0,1.0,1.0,1.0,0.0
2013,Latur,Shirur-Anantpal,16.0,1.0,13.0,7.0,1.0
2013,Latur,Aosa,76.0,14.0,68.0,10.0,36.0
2013,Latur,Nilanga,123.0,76.0,94.0,26.0,73.0
2013,Latur,Devani,10.0,2.0,10.0,3.0,1.0
2013,Latur,Udgir,256.0,52.0,44.0,20.0,9.0
2014,Latur,Latur,114.0,32.0,98.0,44.0,22.0
2014,Latur,Renapur,17.0,3.0,17.0,8.0,1.0
2014,Latur,Ahamadpur,98.0,34.0,74.0,53.0,21.0
2014,Latur,Jalkot,3.0,1.0,3.0,3.0,0.0
2014,Latur,Chakur,40.0,14.0,37.0,9.0,11.0
2014,Latur,Shirur-Anantpal,13.0,3.0,13.0,6.0,0.0
2014,Latur,Aosa,91.0,17.0,64.0,7.0,48.0
2014,Latur,Nilanga,102.0,26.0,91.0,7.0,76.0
2014,Latur,Devani,22.0,9.0,20.0,6.0,5.0
2014,Latur,Udgir,35.0,17.0,31.0,6.0,7.0
2015,Latur,Latur,1096.0,364.0,775.0,323.0,452.0
2015,Latur,Renapur,5.0,3.0,5.0,2.0,3.0
2015,Latur,Ahamadpur,16.0,6.0,16.0,10.0,6.0
2015,Latur,Jalkot,60.0,14.0,10.0,8.0,2.0
2015,Latur,Chakur,78.0,18.0,68.0,38.0,30.0
2015,Latur,Shirur-Anantpal,14.0,4.0,10.0,5.0,5.0
2015,Latur,Aosa,68.0,30.0,63.0,3.0,60.0
2015,Latur,Nilanga,23.0,4.0,13.0,7.0,6.0
2015,Latur,Devani,2.0,1.0,2.0,2.0,0.0
2015,Latur,Udgir,195.0,176.0,176.0,57.0,119.0
2016,Latur,Latur,1089.0,366.0,766.0,321.0,445.0
2016,Latur,Renapur,104.0,59.0,100.0,81.0,19.0
2016,Latur,Ahamadpur,31.0,8.0,31.0,10.0,21.0
2016,Latur,Jalkot,32.0,11.0,11.0,5.0,6.0
2016,Latur,Chakur,1.0,1.0,1.0,1.0,0.0
2016,Latur,Shirur-Anantpal,32.0,12.0,17.0,5.0,12.0
2016,Latur,Aosa,81.0,60.0,81.0,0.0,59.0
2016,Latur,Nilanga,93.0,14.0,77.0,0.0,76.0
2016,Latur,Devani,25.0,11.0,11.0,1.0,10.0
2016,Latur,Udgir,232.0,16.0,192.0,42.0,150.0
2017,Latur,Latur,1368.0,1015.0,1368.0,353.0,1015.0
2017,Latur,Renapur,104.0,61.0,100.0,81.0,19.0
2017,Latur,Ahamadpur,40.0,19.0,37.0,9.0,28.0
2017,Latur,Jalkot,34.0,4.0,30.0,26.0,4.0
2017,Latur,Chakur,54.0,35.0,49.0,12.0,36.0
2017,Latur,Shirur-Anantpal,37.0,18.0,30.0,12.0,18.0
2017,Latur,Aosa,73.0,34.0,67.0,3.0,63.0
2017,Latur,Nilanga,75.0,8.0,68.0,0.0,68.0
2017,Latur,Devani,28.0,14.0,15.0,1.0,14.0
2017,Latur,Udgir,257.0,104.0,249.0,57.0,188.0
2018,Latur,Latur,1478.0,643.0,0.0,357.0,1053.0
2018,Latur,Renapur,14.0,10.0,0.0,0.0,10.0
2018,Latur,Ahamadpur,38.0,12.0,0.0,7.0,12.0
2018,Latur,Jalkot,21.0,5.0,0.0,16.0,5.0
2018,Latur,Chakur,13.0,6.0,0.0,0.0,6.0
2018,Latur,Shirur-Anantpal,40.0,18.0,0.0,9.0,18.0
2018,Latur,Aosa,95.0,52.0,0.0,12.0,72.0
2018,Latur,Nilanga,97.0,39.0,0.0,5.0,82.0
2018,Latur,Devani,29.0,12.0,0.0,4.0,16.0
2018,Latur,Udgir,234.0,10.0,0.0,57.0,173.0
2019,Latur,Latur,1403.0,942.0,1401.0,358.0,1039.0
2019,Latur,Renapur,120.0,11.0,110.0,90.0,20.0
2019,Latur,Ahamadpur,15.0,9.0,14.0,0.0,13.0
2019,Latur,Jalkot,40.0,8.0,40.0,32.0,4.0
2019,Latur,Chakur,54.0,15.0,54.0,12.0,42.0
2019,Latur,Shirur-Anantpal,75.0,53.0,63.0,9.0,54.0
2019,Latur,Aosa,54.0,38.0,44.0,0.0,39.0
2019,Latur,Nilanga,77.0,24.0,76.0,1.0,74.0
2019,Latur,Devani,18.0,10.0,16.0,0.0,16.0
2019,Latur,Udgir,235.0,179.0,234.0,55.0,179.0
2020,Latur,Latur,1400.0,938.0,1398.0,356.0,1039.0
2020,Latur,Renapur,71.0,10.0,69.0,61.0,8.0
2020,Latur,Ahamadpur,4.0,4.0,4.0,0.0,4.0
2020,Latur,Jalkot,2.0,0.0,2.0,1.0,0.0
2020,Latur,Chakur,54.0,15.0,54.0,12.0,42.0
2020,Latur,Shirur-Anantpal,56.0,32.0,43.0,7.0,32.0
2020,Latur,Aosa,8.0,6.0,8.0,0.0,5.0
2020,Latur,Nilanga,74.0,28.0,74.0,0.0,71.0
2020,Latur,Devani,19.0,9.0,16.0,0.0,15.0
2020,Latur,Udgir,3.0,1.0,3.0,0.0,1.0
2021,Latur,Latur,1305.0,1160.0,1305.0,254.0,1051.0
2021,Latur,Renapur,124.0,14.0,114.0,90.0,24.0
2021,Latur,Ahamadpur,6.0,4.0,4.0,0.0,4.0
2021,Latur,Jalkot,3.0,2.0,3.0,0.0,2.0
2021,Latur,Chakur,3.0,2.0,3.0,0.0,3.0
2021,Latur,Shirur-Anantpal,43.0,24.0,31.0,7.0,24.0
2021,Latur,Aosa,4.0,4.0,4.0,0.0,2.0
2021,Latur,Nilanga,19.0,5.0,19.0,0.0,17.0
2021,Latur,Devani,13.0,4.0,11.0,0.0,11.0
2021,Latur,Udgir,14.0,14.0,14.0,0.0,14.0
2013,Mumbai,Mumbai City,493.0,493.0,493.0,0.0,493.0
2014,Mumbai,Mumbai City,500.0,500.0,500.0,0.0,500.0
2015,Mumbai,Mumbai City,556.0,556.0,556.0,0.0,556.0
2016,Mumbai,Mumbai City,601.0,601.0,601.0,0.0,601.0
2017,Mumbai,Mumbai City,148.0,148.0,148.0,0.0,148.0
2018,Mumbai,Mumbai City,85.0,85.0,85.0,0.0,85.0
2019,Mumbai,Mumbai City,121.0,121.0,121.0,0.0,121.0
2020,Mumbai,Mumbai City,37.0,37.0,37.0,0.0,37.0
2021,Mumbai,Mumbai City,47.0,47.0,47.0,0.0,47.0
2016,Mumbai Suburban,Adheri,109.0,109.0,109.0,0.0,109.0
2016,Mumbai Suburban,Borivali,193.0,193.0,193.0,0.0,193.0
2016,Mumbai Suburban,Kurla,166.0,166.0,166.0,0.0,166.0
2017,Mumbai Suburban,Adheri,140.0,140.0,140.0,0.0,140.0
2017,Mumbai Suburban,Borivali,155.0,155.0,155.0,0.0,155.0
2017,Mumbai Suburban,Kurla,118.0,166.0,118.0,0.0,118.0
2018,Mumbai Suburban,Adheri,126.0,126.0,126.0,0.0,126.0
2018,Mumbai Suburban,Borivali,186.0,186.0,186.0,0.0,186.0
2018,Mumbai Suburban,Kurla,132.0,132.0,132.0,0.0,132.0
2019,Mumbai Suburban,Adheri,24.0,24.0,24.0,0.0,24.0
2019,Mumbai Suburban,Borivali,68.0,68.0,68.0,0.0,68.0
2019,Mumbai Suburban,Kurla,50.0,50.0,50.0,0.0,50.0
2020,Mumbai Suburban,Adheri,33.0,33.0,33.0,0.0,33.0
2020,Mumbai Suburban,Borivali,109.0,109.0,109.0,0.0,109.0
2020,Mumbai Suburban,Kurla,82.0,82.0,82.0,0.0,82.0
2021,Mumbai Suburban,Adheri,76.0,76.0,76.0,0.0,76.0
2021,Mumbai Suburban,Borivali,221.0,221.0,221.0,0.0,221.0
2021,Mumbai Suburban,Kurla,136.0,136.0,136.0,0.0,136.0
2012,Nagpur,Narkhed,471.0,19.0,462.0,7.0,2.0
2012,Nagpur,Katol,436.0,0.0,436.0,0.0,0.0
2012,Nagpur,Kalameshwar,451.0,10.0,443.0,0.0,0.0
2012,Nagpur,Sawner,468.0,33.0,459.0,0.0,13.0
2012,Nagpur,Parashivani,512.0,28.0,497.0,1.0,16.0
2012,Nagpur,Ramtech,1020.0,50.0,946.0,87.0,25.0
2012,Nagpur,Mauda,703.0,12.0,685.0,1.0,0.0
2012,Nagpur,Kamathi,716.0,45.0,681.0,0.0,21.0
2012,Nagpur,Nagpur (gra),1390.0,48.0,1174.0,8.0,19.0
2012,Nagpur,Nagpur (sh),210.0,0.0,210.0,210.0,0.0
2012,Nagpur,Hingana,875.0,12.0,762.0,0.0,3.0
2012,Nagpur,Umred,427.0,29.0,376.0,0.0,4.0
2012,Nagpur,Kuhi,840.0,34.0,702.0,0.0,1.0
2012,Nagpur,Bhiwapur,442.0,36.0,393.0,0.0,7.0
2013,Nagpur,Narkhed,471.0,19.0,462.0,27.0,4.0
2013,Nagpur,Katol,436.0,0.0,436.0,68.0,0.0
2013,Nagpur,Kalameshwar,451.0,10.0,443.0,84.0,2.0
2013,Nagpur,Sawner,468.0,33.0,459.0,50.0,6.0
2013,Nagpur,Parashivani,512.0,28.0,497.0,51.0,4.0
2013,Nagpur,Ramtech,1020.0,50.0,946.0,98.0,7.0
2013,Nagpur,Mauda,703.0,12.0,685.0,55.0,1.0
2013,Nagpur,Kamathi,716.0,45.0,681.0,69.0,8.0
2013,Nagpur,Nagpur (gra),1390.0,48.0,1174.0,117.0,3.0
2013,Nagpur,Nagpur (sh),329.0,0.0,329.0,445.0,0.0
2013,Nagpur,Hingana,875.0,12.0,762.0,148.0,1.0
2013,Nagpur,Umred,427.0,29.0,376.0,62.0,1.0
2013,Nagpur,Kuhi,840.0,34.0,702.0,92.0,2.0
2013,Nagpur,Bhiwapur,442.0,36.0,393.0,54.0,4.0
2014,Nagpur,Narkhed,475.0,19.0,465.0,27.0,4.0
2014,Nagpur,Katol,447.0,0.0,438.0,68.0,0.0
2014,Nagpur,Kalameshwar,454.0,10.0,446.0,84.0,2.0
2014,Nagpur,Sawner,477.0,33.0,464.0,50.0,6.0
2014,Nagpur,Parashivani,516.0,28.0,501.0,51.0,4.0
2014,Nagpur,Ramtech,1025.0,50.0,949.0,98.0,7.0
2014,Nagpur,Mauda,714.0,12.0,683.0,55.0,1.0
2014,Nagpur,Kamathi,737.0,45.0,684.0,69.0,8.0
2014,Nagpur,Nagpur (gra),1408.0,48.0,1181.0,117.0,3.0
2014,Nagpur,Nagpur (sh),329.0,0.0,331.0,445.0,0.0
2014,Nagpur,Hingana,897.0,12.0,765.0,148.0,1.0
2014,Nagpur,Umred,435.0,29.0,378.0,62.0,1.0
2014,Nagpur,Kuhi,844.0,34.0,706.0,92.0,2.0
2014,Nagpur,Bhiwapur,482.0,36.0,395.0,54.0,4.0
2015,Nagpur,Narkhed,551.0,19.0,525.0,36.0,0.0
2015,Nagpur,Katol,398.0,0.0,398.0,20.0,0.0
2015,Nagpur,Kalameshwar,479.0,10.0,471.0,25.0,0.0
2015,Nagpur,Sawner,544.0,33.0,531.0,67.0,46.0
2015,Nagpur,Parashivani,590.0,28.0,516.0,15.0,0.0
2015,Nagpur,Ramtech,1098.0,50.0,1022.0,73.0,9.0
2015,Nagpur,Mauda,764.0,12.0,733.0,50.0,0.0
2015,Nagpur,Kamathi,768.0,45.0,714.0,32.0,0.0
2015,Nagpur,Nagpur (gra),1688.0,48.0,1461.0,280.0,0.0
2015,Nagpur,Nagpur (sh),0.0,0.0,0.0,65.0,0.0
2015,Nagpur,Hingana,1082.0,12.0,932.0,158.0,0.0
2015,Nagpur,Umred,460.0,29.0,397.0,19.0,0.0
2015,Nagpur,Kuhi,721.0,34.0,761.0,55.0,0.0
2015,Nagpur,Bhiwapur,528.0,42.0,441.0,46.0,0.0
2016,Nagpur,Narkhed,33.0,0.0,33.0,33.0,6.0
2016,Nagpur,Katol,83.0,0.0,83.0,32.0,0.0
2016,Nagpur,Kalameshwar,25.0,0.0,25.0,25.0,0.0
2016,Nagpur,Sawner,37.0,3.0,37.0,43.0,0.0
2016,Nagpur,Parashivani,22.0,0.0,22.0,22.0,11.0
2016,Nagpur,Ramtech,42.0,2.0,42.0,59.0,0.0
2016,Nagpur,Mauda,79.0,0.0,79.0,79.0,0.0
2016,Nagpur,Kamathi,58.0,0.0,58.0,53.0,0.0
2016,Nagpur,Nagpur (gra),46.0,3.0,46.0,46.0,0.0
2016,Nagpur,Nagpur (sh),0.0,0.0,60.0,60.0,0.0
2016,Nagpur,Hingana,147.0,0.0,146.0,146.0,0.0
2016,Nagpur,Umred,49.0,2.0,45.0,45.0,0.0
2016,Nagpur,Kuhi,85.0,6.0,84.0,84.0,0.0
2016,Nagpur,Bhiwapur,69.0,3.0,65.0,69.0,0.0
2017,Nagpur,Narkhed,56.0,0.0,56.0,54.0,0.0
2017,Nagpur,Katol,92.0,2.0,92.0,88.0,0.0
2017,Nagpur,Kalameshwar,54.0,0.0,54.0,54.0,0.0
2017,Nagpur,Sawner,17.0,4.0,17.0,17.0,0.0
2017,Nagpur,Parashivani,37.0,5.0,37.0,34.0,0.0
2017,Nagpur,Ramtech,18.0,2.0,18.0,17.0,0.0
2017,Nagpur,Mauda,72.0,0.0,72.0,72.0,0.0
2017,Nagpur,Kamathi,58.0,0.0,58.0,53.0,0.0
2017,Nagpur,Nagpur (gra),145.0,3.0,145.0,144.0,0.0
2017,Nagpur,Nagpur (sh),60.0,0.0,60.0,60.0,0.0
2017,Nagpur,Hingana,114.0,3.0,114.0,109.0,0.0
2017,Nagpur,Umred,51.0,2.0,51.0,49.0,0.0
2017,Nagpur,Kuhi,45.0,4.0,45.0,45.0,2.0
2017,Nagpur,Bhiwapur,59.0,3.0,59.0,58.0,0.0
2018,Nagpur,Narkhed,82.0,0.0,79.0,79.0,0.0
2018,Nagpur,Katol,91.0,0.0,87.0,87.0,0.0
2018,Nagpur,Kalameshwar,12.0,0.0,10.0,8.0,0.0
2018,Nagpur,Sawner,79.0,4.0,74.0,71.0,1.0
2018,Nagpur,Parashivani,36.0,5.0,35.0,35.0,0.0
2018,Nagpur,Ramtech,4.0,0.0,4.0,4.0,0.0
2018,Nagpur,Mauda,83.0,3.0,83.0,80.0,1.0
2018,Nagpur,Kamathi,26.0,1.0,26.0,25.0,0.0
2018,Nagpur,Nagpur (gra),36.0,0.0,35.0,35.0,0.0
2018,Nagpur,Nagpur (sh),50.0,21.0,50.0,36.0,2.0
2018,Nagpur,Hingana,109.0,3.0,104.0,101.0,2.0
2018,Nagpur,Umred,33.0,0.0,33.0,33.0,0.0
2018,Nagpur,Kuhi,59.0,2.0,59.0,59.0,0.0
2018,Nagpur,Bhiwapur,45.0,0.0,45.0,45.0,0.0
2019,Nagpur,Narkhed,16.0,1.0,16.0,15.0,4.0
2019,Nagpur,Katol,15.0,0.0,15.0,15.0,10.0
2019,Nagpur,Kalameshwar,16.0,2.0,16.0,16.0,9.0
2019,Nagpur,Sawner,35.0,3.0,34.0,34.0,16.0
2019,Nagpur,Parashivani,8.0,0.0,7.0,7.0,6.0
2019,Nagpur,Ramtech,7.0,2.0,7.0,7.0,8.0
2019,Nagpur,Mauda,17.0,4.0,17.0,16.0,6.0
2019,Nagpur,Kamathi,14.0,3.0,14.0,14.0,5.0
2019,Nagpur,Nagpur (gra),16.0,1.0,16.0,16.0,12.0
2019,Nagpur,Nagpur (sh),454.0,454.0,454.0,441.0,0.0
2019,Nagpur,Hingana,48.0,0.0,48.0,48.0,29.0
2019,Nagpur,Umred,8.0,0.0,8.0,7.0,3.0
2019,Nagpur,Kuhi,8.0,1.0,8.0,8.0,6.0
2019,Nagpur,Bhiwapur,0.0,0.0,0.0,0.0,0.0
2020,Nagpur,Narkhed,0.0,0.0,0.0,0.0,0.0
2020,Nagpur,Katol,0.0,0.0,0.0,0.0,0.0
2020,Nagpur,Kalameshwar,0.0,0.0,0.0,0.0,0.0
2020,Nagpur,Sawner,0.0,0.0,0.0,0.0,0.0
2020,Nagpur,Parashivani,0.0,0.0,0.0,0.0,0.0
2020,Nagpur,Ramtech,0.0,0.0,0.0,0.0,0.0
2020,Nagpur,Mauda,0.0,0.0,0.0,0.0,0.0
2020,Nagpur,Kamathi,0.0,0.0,0.0,0.0,0.0
2020,Nagpur,Nagpur (gra),0.0,0.0,0.0,0.0,0.0
2020,Nagpur,Nagpur (sh),0.0,0.0,0.0,0.0,0.0
2020,Nagpur,Hingana,0.0,0.0,0.0,0.0,0.0
2020,Nagpur,Umred,0.0,0.0,0.0,0.0,0.0
2020,Nagpur,Kuhi,0.0,0.0,0.0,0.0,0.0
2020,Nagpur,Bhiwapur,0.0,0.0,0.0,0.0,0.0
2021,Nagpur,Narkhed,0.0,0.0,0.0,0.0,0.0
2021,Nagpur,Katol,0.0,0.0,0.0,0.0,0.0
2021,Nagpur,Kalameshwar,0.0,0.0,0.0,0.0,0.0
2021,Nagpur,Sawner,0.0,0.0,0.0,0.0,0.0
2021,Nagpur,Parashivani,0.0,0.0,0.0,0.0,0.0
2021,Nagpur,Ramtech,0.0,0.0,0.0,0.0,0.0
2021,Nagpur,Mauda,0.0,0.0,0.0,0.0,0.0
2021,Nagpur,Kamathi,0.0,0.0,0.0,0.0,0.0
2021,Nagpur,Nagpur (gra),0.0,0.0,0.0,0.0,0.0
2021,Nagpur,Nagpur (sh),0.0,0.0,0.0,0.0,0.0
2021,Nagpur,Hingana,0.0,0.0,0.0,0.0,0.0
2021,Nagpur,Umred,0.0,0.0,0.0,0.0,0.0
2021,Nagpur,Kuhi,0.0,0.0,0.0,0.0,0.0
2021,Nagpur,Bhiwapur,0.0,0.0,0.0,0.0,0.0
2014,Nanded,Mahur,294.0,39.0,294.0,275.0,15.0
2014,Nanded,Kinvat,815.0,101.0,815.0,793.0,25.0
2014,Nanded,Himalay Nagar,530.0,19.0,530.0,505.0,19.0
2014,Nanded,Hadgaon,883.0,28.0,883.0,846.0,27.0
2014,Nanded,Andhrapur,415.0,25.0,415.0,360.0,24.0
2014,Nanded,Nanded,561.0,47.0,561.0,530.0,33.0
2014,Nanded,Mudkhed,291.0,14.0,291.0,282.0,12.0
2014,Nanded,Bhokar,435.0,20.0,435.0,423.0,18.0
2014,Nanded,Umari,399.0,35.0,399.0,359.0,34.0
2014,Nanded,Dharmabad,331.0,27.0,331.0,308.0,26.0
2014,Nanded,Biloli,637.0,35.0,637.0,609.0,29.0
2014,Nanded,Naygaon,756.0,45.0,756.0,708.0,44.0
2014,Nanded,Loha,737.0,73.0,737.0,665.0,72.0
2014,Nanded,Kandhar,707.0,80.0,707.0,633.0,74.0
2014,Nanded,Mukhed,778.0,19.0,778.0,760.0,18.0
2014,Nanded,Deglur,556.0,40.0,556.0,518.0,38.0
2015,Nanded,Mahur,294.0,39.0,294.0,275.0,15.0
2015,Nanded,Kinvat,815.0,101.0,815.0,790.0,25.0
2015,Nanded,Himalay Nagar,530.0,19.0,530.0,505.0,19.0
2015,Nanded,Hadgaon,883.0,28.0,883.0,846.0,27.0
2015,Nanded,Andhrapur,423.0,25.0,423.0,360.0,29.0
2015,Nanded,Nanded,566.0,47.0,566.0,530.0,33.0
2015,Nanded,Mudkhed,297.0,14.0,297.0,282.0,12.0
2015,Nanded,Bhokar,461.0,20.0,461.0,423.0,27.0
2015,Nanded,Umari,399.0,35.0,399.0,359.0,34.0
2015,Nanded,Dharmabad,340.0,27.0,340.0,308.0,30.0
2015,Nanded,Biloli,643.0,35.0,643.0,609.0,31.0
2015,Nanded,Naygaon,757.0,45.0,757.0,708.0,45.0
2015,Nanded,Loha,737.0,73.0,737.0,665.0,72.0
2015,Nanded,Kandhar,707.0,80.0,707.0,633.0,74.0
2015,Nanded,Mukhed,778.0,19.0,778.0,760.0,18.0
2015,Nanded,Deglur,556.0,40.0,556.0,518.0,38.0
2016,Nanded,Mahur,294.0,39.0,294.0,274.0,15.0
2016,Nanded,Kinvat,817.0,102.0,817.0,793.0,25.0
2016,Nanded,Himalay Nagar,571.0,33.0,560.0,536.0,19.0
2016,Nanded,Hadgaon,918.0,34.0,916.0,874.0,27.0
2016,Nanded,Andhrapur,436.0,34.0,435.0,367.0,24.0
2016,Nanded,Nanded,612.0,53.0,608.0,562.0,33.0
2016,Nanded,Mudkhed,308.0,17.0,306.0,281.0,12.0
2016,Nanded,Bhokar,478.0,25.0,462.0,423.0,18.0
2016,Nanded,Umari,420.0,40.0,419.0,378.0,34.0
2016,Nanded,Dharmabad,377.0,33.0,375.0,343.0,26.0
2016,Nanded,Biloli,667.0,42.0,662.0,615.0,29.0
2016,Nanded,Naygaon,778.0,54.0,778.0,712.0,44.0
2016,Nanded,Loha,752.0,73.0,751.0,676.0,72.0
2016,Nanded,Kandhar,713.0,80.0,711.0,636.0,74.0
2016,Nanded,Mukhed,778.0,19.0,778.0,760.0,18.0
2016,Nanded,Deglur,556.0,40.0,556.0,518.0,38.0
2017,Nanded,Mahur,294.0,39.0,294.0,274.0,15.0
2017,Nanded,Kinvat,817.0,102.0,817.0,793.0,25.0
2017,Nanded,Himalay Nagar,610.0,33.0,594.0,536.0,19.0
2017,Nanded,Hadgaon,933.0,34.0,930.0,874.0,27.0
2017,Nanded,Andhrapur,463.0,34.0,459.0,367.0,24.0
2017,Nanded,Nanded,758.0,53.0,748.0,715.0,33.0
2017,Nanded,Mudkhed,308.0,17.0,306.0,281.0,12.0
2017,Nanded,Bhokar,478.0,25.0,462.0,423.0,18.0
2017,Nanded,Umari,420.0,40.0,419.0,378.0,34.0
2017,Nanded,Dharmabad,377.0,33.0,375.0,343.0,26.0
2017,Nanded,Biloli,669.0,42.0,662.0,615.0,29.0
2017,Nanded,Naygaon,778.0,54.0,778.0,712.0,44.0
2017,Nanded,Loha,752.0,73.0,751.0,676.0,72.0
2017,Nanded,Kandhar,713.0,80.0,711.0,636.0,74.0
2017,Nanded,Mukhed,790.0,19.0,788.0,760.0,18.0
2017,Nanded,Deglur,561.0,40.0,560.0,518.0,38.0
2018,Nanded,Mahur,328.0,45.0,306.0,304.0,2.0
2018,Nanded,Kinvat,839.0,115.0,820.0,814.0,6.0
2018,Nanded,Himalay Nagar,635.0,90.0,610.0,581.0,29.0
2018,Nanded,Hadgaon,948.0,105.0,944.0,918.0,26.0
2018,Nanded,Andhrapur,463.0,99.0,460.0,392.0,68.0
2018,Nanded,Nanded,758.0,105.0,748.0,715.0,33.0
2018,Nanded,Mudkhed,335.0,89.0,315.0,281.0,34.0
2018,Nanded,Bhokar,551.0,102.0,531.0,488.0,43.0
2018,Nanded,Umari,441.0,78.0,427.0,404.0,23.0
2018,Nanded,Dharmabad,399.0,103.0,380.0,364.0,16.0
2018,Nanded,Biloli,702.0,93.0,695.0,656.0,39.0
2018,Nanded,Naygaon,821.0,95.0,802.0,765.0,37.0
2018,Nanded,Loha,770.0,89.0,759.0,696.0,63.0
2018,Nanded,Kandhar,717.0,95.0,711.0,639.0,72.0
2018,Nanded,Mukhed,799.0,87.0,778.0,766.0,12.0
2018,Nanded,Deglur,561.0,75.0,560.0,558.0,2.0
2019,Nanded,Mahur,371.0,53.0,347.0,345.0,2.0
2019,Nanded,Kinvat,869.0,123.0,850.0,844.0,6.0
2019,Nanded,Himalay Nagar,668.0,98.0,642.0,613.0,29.0
2019,Nanded,Hadgaon,960.0,108.0,955.0,929.0,26.0
2019,Nanded,Andhrapur,501.0,107.0,493.0,425.0,68.0
2019,Nanded,Nanded,821.0,117.0,808.0,775.0,33.0
2019,Nanded,Mudkhed,360.0,94.0,339.0,305.0,34.0
2019,Nanded,Bhokar,611.0,114.0,586.0,543.0,43.0
2019,Nanded,Umari,458.0,82.0,443.0,420.0,23.0
2019,Nanded,Dharmabad,424.0,108.0,405.0,389.0,16.0
2019,Nanded,Biloli,737.0,100.0,726.0,687.0,39.0
2019,Nanded,Naygaon,852.0,101.0,825.0,788.0,37.0
2019,Nanded,Loha,812.0,97.0,799.0,736.0,63.0
2019,Nanded,Kandhar,723.0,97.0,717.0,645.0,72.0
2019,Nanded,Mukhed,802.0,88.0,781.0,769.0,12.0
2019,Nanded,Deglur,616.0,85.0,615.0,613.0,2.0
2020,Nanded,Mahur,381.0,56.0,357.0,342.0,15.0
2020,Nanded,Kinvat,883.0,126.0,864.0,839.0,25.0
2020,Nanded,Himalay Nagar,685.0,105.0,659.0,640.0,19.0
2020,Nanded,Hadgaon,978.0,111.0,1013.0,986.0,27.0
2020,Nanded,Andhrapur,524.0,107.0,514.0,490.0,24.0
2020,Nanded,Nanded,833.0,120.0,820.0,787.0,33.0
2020,Nanded,Mudkhed,375.0,96.0,354.0,342.0,12.0
2020,Nanded,Bhokar,649.0,114.0,624.0,606.0,18.0
2020,Nanded,Umari,472.0,82.0,457.0,423.0,34.0
2020,Nanded,Dharmabad,446.0,111.0,427.0,401.0,26.0
2020,Nanded,Biloli,758.0,100.0,747.0,718.0,29.0
2020,Nanded,Naygaon,870.0,108.0,843.0,799.0,44.0
2020,Nanded,Loha,837.0,101.0,824.0,752.0,72.0
2020,Nanded,Kandhar,728.0,97.0,722.0,648.0,74.0
2020,Nanded,Mukhed,802.0,88.0,781.0,763.0,18.0
2020,Nanded,Deglur,616.0,85.0,615.0,577.0,38.0
2021,Nanded,Mahur,11.0,3.0,11.0,11.0,0.0
2021,Nanded,Kinvat,1.0,1.0,1.0,1.0,0.0
2021,Nanded,Himalay Nagar,11.0,4.0,11.0,10.0,0.0
2021,Nanded,Hadgaon,2.0,2.0,2.0,0.0,0.0
2021,Nanded,Andhrapur,13.0,7.0,13.0,13.0,0.0
2021,Nanded,Nanded,26.0,16.0,26.0,24.0,0.0
2021,Nanded,Mudkhed,9.0,3.0,9.0,9.0,0.0
2021,Nanded,Bhokar,27.0,9.0,27.0,27.0,0.0
2021,Nanded,Umari,0.0,0.0,0.0,0.0,0.0
2021,Nanded,Dharmabad,14.0,7.0,14.0,14.0,0.0
2021,Nanded,Biloli,20.0,11.0,20.0,20.0,0.0
2021,Nanded,Naygaon,26.0,8.0,26.0,24.0,0.0
2021,Nanded,Loha,7.0,1.0,7.0,7.0,0.0
2021,Nanded,Kandhar,2.0,0.0,2.0,2.0,0.0
2021,Nanded,Mukhed,5.0,1.0,5.0,5.0,0.0
2021,Nanded,Deglur,9.0,2.0,9.0,9.0,0.0
2006,Nandurbar,Akkalkuva,,,34.0,31.0,0.0
2006,Nandurbar,Akrani,,,54.0,50.0,0.0
2006,Nandurbar,Taloda,,,11.0,11.0,0.0
2006,Nandurbar,Shahada,,,7.0,7.0,0.0
2006,Nandurbar,Nandurbar,,,9.0,8.0,0.0
2006,Nandurbar,Navapur,,,31.0,30.0,0.0
2008,Nandurbar,Akkalkuva,,,35.0,35.0,0.0
2008,Nandurbar,Akrani,,,32.0,32.0,0.0
2008,Nandurbar,Taloda,,,2.0,2.0,0.0
2008,Nandurbar,Shahada,,,0.0,0.0,0.0
2008,Nandurbar,Nandurbar,,,12.0,12.0,0.0
2008,Nandurbar,Navapur,,,39.0,39.0,0.0
2009,Nandurbar,Akkalkuva,106.0,0.0,106.0,106.0,0.0
2009,Nandurbar,Akrani,192.0,0.0,192.0,192.0,0.0
2009,Nandurbar,Taloda,43.0,0.0,43.0,33.0,22.0
2009,Nandurbar,Shahada,78.0,2.0,78.0,34.0,44.0
2009,Nandurbar,Nandurbar,7.0,0.0,5.0,110.0,52.0
2009,Nandurbar,Navapur,103.0,0.0,103.0,193.0,31.0
2010,Nandurbar,Akkalkuva,114.0,0.0,114.0,114.0,0.0
2010,Nandurbar,Akrani,192.0,0.0,192.0,192.0,0.0
2010,Nandurbar,Taloda,25.0,0.0,25.0,25.0,22.0
2010,Nandurbar,Shahada,29.0,0.0,29.0,29.0,44.0
2010,Nandurbar,Nandurbar,7.0,0.0,5.0,5.0,52.0
2010,Nandurbar,Navapur,110.0,0.0,110.0,110.0,31.0
2011,Nandurbar,Akkalkuva,117.0,0.0,115.0,115.0,0.0
2011,Nandurbar,Akrani,155.0,0.0,152.0,152.0,0.0
2011,Nandurbar,Taloda,23.0,4.0,19.0,18.0,4.0
2011,Nandurbar,Shahada,45.0,3.0,36.0,33.0,3.0
2011,Nandurbar,Nandurbar,46.0,0.0,42.0,39.0,0.0
2011,Nandurbar,Navapur,179.0,0.0,173.0,173.0,0.0
2012,Nandurbar,Akkalkuva,131.0,4.0,123.0,119.0,4.0
2012,Nandurbar,Akrani,93.0,2.0,88.0,86.0,2.0
2012,Nandurbar,Taloda,18.0,14.0,16.0,10.0,4.0
2012,Nandurbar,Shahada,40.0,10.0,33.0,23.0,10.0
2012,Nandurbar,Nandurbar,66.0,2.0,58.0,54.0,2.0
2012,Nandurbar,Navapur,258.0,8.0,240.0,232.0,8.0
2013,Nandurbar,Akkalkuva,1268.0,18.0,1268.0,1243.0,18.0
2013,Nandurbar,Akrani,1247.0,4.0,1247.0,1232.0,4.0
2013,Nandurbar,Taloda,552.0,82.0,552.0,460.0,82.0
2013,Nandurbar,Shahada,963.0,219.0,963.0,661.0,219.0
2013,Nandurbar,Nandurbar,1020.0,131.0,1020.0,793.0,131.0
2013,Nandurbar,Navapur,1754.0,38.0,1754.0,1702.0,38.0
2014,Nandurbar,Akkalkuva,59.0,0.0,50.0,50.0,0.0
2014,Nandurbar,Akrani,93.0,0.0,93.0,93.0,0.0
2014,Nandurbar,Taloda,7.0,0.0,7.0,7.0,0.0
2014,Nandurbar,Shahada,27.0,0.0,26.0,26.0,0.0
2014,Nandurbar,Nandurbar,3.0,0.0,3.0,3.0,0.0
2014,Nandurbar,Navapur,97.0,0.0,97.0,97.0,0.0
2015,Nandurbar,Akkalkuva,122.0,0.0,122.0,122.0,0.0
2015,Nandurbar,Akrani,117.0,0.0,117.0,117.0,0.0
2015,Nandurbar,Taloda,38.0,0.0,38.0,38.0,0.0
2015,Nandurbar,Shahada,55.0,0.0,51.0,51.0,0.0
2015,Nandurbar,Nandurbar,9.0,0.0,9.0,9.0,0.0
2015,Nandurbar,Navapur,150.0,0.0,146.0,146.0,0.0
2016,Nandurbar,Akkalkuva,379.0,0.0,377.0,377.0,0.0
2016,Nandurbar,Akrani,154.0,0.0,150.0,150.0,0.0
2016,Nandurbar,Taloda,1.0,0.0,1.0,1.0,0.0
2016,Nandurbar,Shahada,19.0,0.0,17.0,17.0,0.0
2016,Nandurbar,Nandurbar,7.0,0.0,5.0,5.0,0.0
2016,Nandurbar,Navapur,34.0,0.0,34.0,34.0,0.0
2017,Nandurbar,Akkalkuva,356.0,0.0,354.0,354.0,0.0
2017,Nandurbar,Akrani,340.0,0.0,336.0,336.0,0.0
2017,Nandurbar,Taloda,45.0,0.0,45.0,45.0,0.0
2017,Nandurbar,Shahada,59.0,0.0,57.0,57.0,0.0
2017,Nandurbar,Nandurbar,35.0,0.0,32.0,32.0,0.0
2017,Nandurbar,Navapur,158.0,0.0,155.0,155.0,0.0
2018,Nandurbar,Akkalkuva,468.0,0.0,447.0,447.0,0.0
2018,Nandurbar,Akrani,505.0,0.0,466.0,466.0,0.0
2018,Nandurbar,Taloda,66.0,0.0,65.0,65.0,0.0
2018,Nandurbar,Shahada,74.0,0.0,71.0,71.0,0.0
2018,Nandurbar,Nandurbar,65.0,0.0,61.0,61.0,0.0
2018,Nandurbar,Navapur,158.0,0.0,155.0,155.0,0.0
2019,Nandurbar,Akkalkuva,51.0,0.0,51.0,51.0,0.0
2019,Nandurbar,Akrani,93.0,0.0,93.0,93.0,0.0
2019,Nandurbar,Taloda,17.0,0.0,17.0,17.0,0.0
2019,Nandurbar,Shahada,21.0,0.0,21.0,21.0,0.0
2019,Nandurbar,Nandurbar,56.0,0.0,56.0,56.0,0.0
2019,Nandurbar,Navapur,30.0,0.0,30.0,30.0,0.0
2020,Nandurbar,Akkalkuva,28.0,10.0,28.0,28.0,0.0
2020,Nandurbar,Akrani,31.0,8.0,31.0,31.0,0.0
2020,Nandurbar,Taloda,9.0,9.0,9.0,9.0,0.0
2020,Nandurbar,Shahada,11.0,8.0,11.0,11.0,0.0
2020,Nandurbar,Nandurbar,27.0,8.0,27.0,27.0,0.0
2020,Nandurbar,Navapur,30.0,15.0,30.0,30.0,0.0
2021,Nandurbar,Akkalkuva,,,,,
2021,Nandurbar,Akrani,,,,,
2021,Nandurbar,Taloda,,,,,
2021,Nandurbar,Shahada,,,,,
2021,Nandurbar,Nandurbar,,,,,
2021,Nandurbar,Navapur,,,,,
2012,Nashik,Surgana,10.0,1.0,6.0,6.0,
2012,Nashik,Kalwan,8.0,2.0,8.0,8.0,
2012,Nashik,Devala,12.0,,9.0,9.0,
2012,Nashik,Baglan,15.0,1.0,12.0,12.0,
2012,Nashik,Malegaon,12.0,1.0,11.0,11.0,
2012,Nashik,Nandgaon,10.0,1.0,9.0,8.0,
2012,Nashik,Chandwad,11.0,,10.0,10.0,
2012,Nashik,Dindori,24.0,2.0,15.0,14.0,1.0
2012,Nashik,Peth,,,,,
2012,Nashik,Trimbak,13.0,1.0,11.0,11.0,
2012,Nashik,Nashik,12.0,1.0,9.0,9.0,
2012,Nashik,Igatpuri,10.0,1.0,7.0,7.0,
2012,Nashik,Sinner,10.0,1.0,8.0,8.0,
2012,Nashik,Nifad,17.0,2.0,16.0,15.0,1.0
2012,Nashik,Yewala,19.0,1.0,10.0,10.0,
2013,Nashik,Surgana,20.0,4.0,15.0,15.0,0.0
2013,Nashik,Kalwan,16.0,4.0,14.0,14.0,0.0
2013,Nashik,Devala,0.0,0.0,0.0,0.0,0.0
2013,Nashik,Baglan,19.0,1.0,19.0,19.0,0.0
2013,Nashik,Malegaon,7.0,1.0,7.0,7.0,0.0
2013,Nashik,Nandgaon,9.0,1.0,9.0,9.0,0.0
2013,Nashik,Chandwad,8.0,0.0,7.0,7.0,0.0
2013,Nashik,Dindori,10.0,2.0,7.0,7.0,0.0
2013,Nashik,Peth,6.0,0.0,5.0,5.0,0.0
2013,Nashik,Trimbak,21.0,5.0,19.0,19.0,0.0
2013,Nashik,Nashik,26.0,8.0,18.0,18.0,0.0
2013,Nashik,Igatpuri,45.0,5.0,29.0,29.0,0.0
2013,Nashik,Sinner,35.0,2.0,26.0,26.0,0.0
2013,Nashik,Nifad,21.0,5.0,18.0,18.0,0.0
2013,Nashik,Yewala,13.0,1.0,7.0,7.0,0.0
2014,Nashik,Surgana,9.0,0.0,7.0,7.0,0.0
2014,Nashik,Kalwan,13.0,5.0,12.0,12.0,0.0
2014,Nashik,Devala,8.0,1.0,8.0,8.0,0.0
2014,Nashik,Baglan,11.0,2.0,11.0,10.0,1.0
2014,Nashik,Malegaon,5.0,0.0,5.0,5.0,0.0
2014,Nashik,Nandgaon,13.0,2.0,12.0,12.0,0.0
2014,Nashik,Chandwad,8.0,1.0,8.0,8.0,0.0
2014,Nashik,Dindori,25.0,4.0,16.0,15.0,1.0
2014,Nashik,Peth,8.0,0.0,7.0,7.0,0.0
2014,Nashik,Trimbak,7.0,0.0,4.0,4.0,0.0
2014,Nashik,Nashik,2.0,0.0,1.0,1.0,0.0
2014,Nashik,Igatpuri,16.0,0.0,8.0,8.0,0.0
2014,Nashik,Sinner,16.0,1.0,10.0,9.0,1.0
2014,Nashik,Nifad,26.0,6.0,22.0,12.0,2.0
2014,Nashik,Yewala,8.0,0.0,5.0,5.0,0.0
2015,Nashik,Surgana,10.0,2.0,10.0,10.0,0.0
2015,Nashik,Kalwan,9.0,1.0,8.0,8.0,0.0
2015,Nashik,Devala,8.0,0.0,7.0,7.0,0.0
2015,Nashik,Baglan,10.0,1.0,10.0,10.0,0.0
2015,Nashik,Malegaon,15.0,0.0,10.0,10.0,0.0
2015,Nashik,Nandgaon,10.0,0.0,6.0,6.0,0.0
2015,Nashik,Chandwad,3.0,0.0,3.0,3.0,0.0
2015,Nashik,Dindori,8.0,1.0,6.0,6.0,0.0
2015,Nashik,Peth,0.0,0.0,0.0,0.0,0.0
2015,Nashik,Trimbak,8.0,0.0,5.0,5.0,0.0
2015,Nashik,Nashik,3.0,0.0,3.0,3.0,0.0
2015,Nashik,Igatpuri,18.0,2.0,15.0,15.0,0.0
2015,Nashik,Sinner,20.0,0.0,14.0,13.0,1.0
2015,Nashik,Nifad,18.0,2.0,15.0,14.0,1.0
2015,Nashik,Yewala,3.0,0.0,2.0,2.0,0.0
2016,Nashik,Surgana,12.0,1.0,11.0,11.0,0.0
2016,Nashik,Kalwan,4.0,1.0,4.0,4.0,0.0
2016,Nashik,Devala,4.0,0.0,4.0,4.0,0.0
2016,Nashik,Baglan,5.0,1.0,5.0,5.0,0.0
2016,Nashik,Malegaon,6.0,0.0,6.0,6.0,0.0
2016,Nashik,Nandgaon,4.0,1.0,4.0,4.0,0.0
2016,Nashik,Chandwad,6.0,0.0,3.0,3.0,0.0
2016,Nashik,Dindori,2.0,0.0,1.0,1.0,0.0
2016,Nashik,Peth,6.0,0.0,6.0,6.0,0.0
2016,Nashik,Trimbak,1.0,0.0,0.0,0.0,0.0
2016,Nashik,Nashik,3.0,0.0,2.0,2.0,0.0
2016,Nashik,Igatpuri,4.0,0.0,3.0,3.0,0.0
2016,Nashik,Sinner,2.0,0.0,1.0,1.0,0.0
2016,Nashik,Nifad,13.0,2.0,12.0,12.0,0.0
2016,Nashik,Yewala,10.0,0.0,5.0,5.0,0.0
2017,Nashik,Surgana,10.0,0.0,9.0,9.0,0.0
2017,Nashik,Kalwan,7.0,0.0,7.0,6.0,0.0
2017,Nashik,Devala,5.0,0.0,5.0,5.0,0.0
2017,Nashik,Baglan,8.0,0.0,8.0,8.0,0.0
2017,Nashik,Malegaon,3.0,0.0,3.0,3.0,0.0
2017,Nashik,Nandgaon,4.0,0.0,3.0,3.0,0.0
2017,Nashik,Chandwad,0.0,0.0,0.0,0.0,0.0
2017,Nashik,Dindori,3.0,0.0,3.0,3.0,0.0
2017,Nashik,Peth,7.0,0.0,5.0,5.0,0.0
2017,Nashik,Trimbak,6.0,0.0,3.0,3.0,0.0
2017,Nashik,Nashik,9.0,0.0,6.0,5.0,0.0
2017,Nashik,Igatpuri,6.0,0.0,6.0,6.0,0.0
2017,Nashik,Sinner,6.0,0.0,6.0,6.0,0.0
2017,Nashik,Nifad,1.0,0.0,1.0,0.0,0.0
2017,Nashik,Yewala,3.0,0.0,3.0,3.0,0.0
2018,Nashik,Surgana,8.0,0.0,6.0,6.0,0.0
2018,Nashik,Kalwan,6.0,0.0,6.0,6.0,0.0
2018,Nashik,Devala,0.0,0.0,0.0,0.0,0.0
2018,Nashik,Baglan,4.0,0.0,4.0,4.0,0.0
2018,Nashik,Malegaon,0.0,0.0,0.0,0.0,0.0
2018,Nashik,Nandgaon,4.0,0.0,4.0,4.0,0.0
2018,Nashik,Chandwad,0.0,0.0,0.0,0.0,0.0
2018,Nashik,Dindori,6.0,0.0,5.0,5.0,0.0
2018,Nashik,Peth,0.0,0.0,0.0,0.0,0.0
2018,Nashik,Trimbak,0.0,0.0,0.0,0.0,0.0
2018,Nashik,Nashik,0.0,0.0,0.0,0.0,0.0
2018,Nashik,Igatpuri,3.0,0.0,1.0,1.0,0.0
2018,Nashik,Sinner,0.0,0.0,0.0,0.0,0.0
2018,Nashik,Nifad,22.0,2.0,22.0,22.0,0.0
2018,Nashik,Yewala,0.0,0.0,0.0,0.0,0.0
2019,Nashik,Surgana,15.0,1.0,15.0,15.0,0.0
2019,Nashik,Kalwan,4.0,0.0,4.0,4.0,0.0
2019,Nashik,Devala,14.0,1.0,14.0,14.0,0.0
2019,Nashik,Baglan,10.0,1.0,10.0,10.0,0.0
2019,Nashik,Malegaon,10.0,0.0,10.0,10.0,0.0
2019,Nashik,Nandgaon,0.0,0.0,0.0,0.0,0.0
2019,Nashik,Chandwad,7.0,0.0,7.0,7.0,0.0
2019,Nashik,Dindori,11.0,2.0,11.0,11.0,0.0
2019,Nashik,Peth,0.0,0.0,0.0,0.0,0.0
2019,Nashik,Trimbak,0.0,0.0,0.0,0.0,0.0
2019,Nashik,Nashik,4.0,0.0,3.0,3.0,0.0
2019,Nashik,Igatpuri,17.0,2.0,12.0,12.0,0.0
2019,Nashik,Sinner,3.0,0.0,2.0,2.0,0.0
2019,Nashik,Nifad,29.0,3.0,29.0,29.0,0.0
2019,Nashik,Yewala,4.0,0.0,3.0,3.0,0.0
2020,Nashik,Surgana,1.0,0.0,0.0,0.0,0.0
2020,Nashik,Kalwan,0.0,0.0,0.0,0.0,0.0
2020,Nashik,Devala,0.0,0.0,0.0,0.0,0.0
2020,Nashik,Baglan,0.0,0.0,0.0,0.0,0.0
2020,Nashik,Malegaon,0.0,0.0,0.0,0.0,0.0
2020,Nashik,Nandgaon,0.0,0.0,0.0,0.0,0.0
2020,Nashik,Chandwad,0.0,0.0,0.0,0.0,0.0
2020,Nashik,Dindori,0.0,0.0,0.0,0.0,0.0
2020,Nashik,Peth,0.0,0.0,0.0,0.0,0.0
2020,Nashik,Trimbak,0.0,0.0,0.0,0.0,0.0
2020,Nashik,Nashik,0.0,0.0,0.0,0.0,0.0
2020,Nashik,Igatpuri,0.0,0.0,0.0,0.0,0.0
2020,Nashik,Sinner,0.0,0.0,0.0,0.0,0.0
2020,Nashik,Nifad,0.0,0.0,0.0,0.0,0.0
2020,Nashik,Yewala,0.0,0.0,0.0,0.0,0.0
2021,Nashik,Surgana,0.0,0.0,0.0,0.0,0.0
2021,Nashik,Kalwan,2.0,0.0,2.0,2.0,0.0
2021,Nashik,Devala,0.0,0.0,0.0,0.0,0.0
2021,Nashik,Baglan,5.0,0.0,5.0,5.0,0.0
2021,Nashik,Malegaon,4.0,0.0,4.0,4.0,0.0
2021,Nashik,Nandgaon,10.0,0.0,10.0,10.0,0.0
2021,Nashik,Chandwad,2.0,0.0,2.0,2.0,0.0
2021,Nashik,Dindori,0.0,0.0,0.0,0.0,0.0
2021,Nashik,Peth,0.0,0.0,0.0,0.0,0.0
2021,Nashik,Trimbak,0.0,0.0,0.0,0.0,0.0
2021,Nashik,Nashik,0.0,0.0,0.0,0.0,0.0
2021,Nashik,Igatpuri,12.0,0.0,10.0,10.0,0.0
2021,Nashik,Sinner,1.0,0.0,1.0,1.0,0.0
2021,Nashik,Nifad,7.0,0.0,6.0,6.0,0.0
2021,Nashik,Yewala,9.0,0.0,8.0,8.0,0.0
2012,Dharashiv,Paranda,58.0,8.0,56.0,48.0,8.0
2012,Dharashiv,Bhum,67.0,6.0,54.0,48.0,6.0
2012,Dharashiv,Washi,16.0,8.0,16.0,8.0,8.0
2012,Dharashiv,Kalamb,38.0,22.0,25.0,3.0,22.0
2012,Dharashiv,Dharashiv,74.0,39.0,47.0,8.0,39.0
2012,Dharashiv,Tuljapur,45.0,24.0,34.0,10.0,24.0
2012,Dharashiv,Lohara,19.0,13.0,18.0,5.0,13.0
2012,Dharashiv,Umaraga,31.0,20.0,27.0,7.0,20.0
2013,Dharashiv,Paranda,133.0,21.0,129.0,118.0,11.0
2013,Dharashiv,Bhum,91.0,6.0,59.0,53.0,6.0
2013,Dharashiv,Washi,72.0,2.0,72.0,70.0,2.0
2013,Dharashiv,Kalamb,62.0,17.0,35.0,18.0,17.0
2013,Dharashiv,Dharashiv,0.0,0.0,0.0,0.0,0.0
2013,Dharashiv,Tuljapur,0.0,0.0,0.0,0.0,0.0
2013,Dharashiv,Lohara,0.0,0.0,0.0,0.0,0.0
2013,Dharashiv,Umaraga,65.0,37.0,59.0,20.0,39.0
2014,Dharashiv,Paranda,9.0,0.0,9.0,9.0,0.0
2014,Dharashiv,Bhum,24.0,0.0,24.0,24.0,0.0
2014,Dharashiv,Washi,4.0,0.0,4.0,4.0,0.0
2014,Dharashiv,Kalamb,46.0,12.0,46.0,34.0,12.0
2014,Dharashiv,Dharashiv,74.0,39.0,47.0,8.0,39.0
2014,Dharashiv,Tuljapur,45.0,24.0,34.0,10.0,24.0
2014,Dharashiv,Lohara,11.0,13.0,18.0,5.0,13.0
2014,Dharashiv,Umaraga,31.0,20.0,27.0,7.0,20.0
2015,Dharashiv,Paranda,64.0,12.0,54.0,42.0,12.0
2015,Dharashiv,Bhum,49.0,4.0,41.0,22.0,4.0
2015,Dharashiv,Washi,4.0,0.0,4.0,4.0,0.0
2015,Dharashiv,Kalamb,43.0,42.0,43.0,1.0,39.0
2015,Dharashiv,Dharashiv,190.0,121.0,189.0,68.0,119.0
2015,Dharashiv,Tuljapur,45.0,24.0,34.0,10.0,24.0
2015,Dharashiv,Lohara,20.0,14.0,19.0,5.0,14.0
2015,Dharashiv,Umaraga,33.0,20.0,27.0,7.0,20.0
2016,Dharashiv,Paranda,60.0,5.0,60.0,50.0,10.0
2016,Dharashiv,Bhum,47.0,6.0,47.0,41.0,6.0
2016,Dharashiv,Washi,35.0,2.0,35.0,25.0,10.0
2016,Dharashiv,Kalamb,39.0,26.0,39.0,4.0,35.0
2016,Dharashiv,Dharashiv,114.0,101.0,114.0,1.0,101.0
2016,Dharashiv,Tuljapur,28.0,5.0,23.0,5.0,18.0
2016,Dharashiv,Lohara,42.0,1.0,42.0,8.0,34.0
2016,Dharashiv,Umaraga,59.0,48.0,59.0,11.0,48.0
2017,Dharashiv,Paranda,61.0,11.0,61.0,50.0,11.0
2017,Dharashiv,Bhum,35.0,6.0,35.0,29.0,6.0
2017,Dharashiv,Washi,27.0,4.0,27.0,23.0,4.0
2017,Dharashiv,Kalamb,60.0,35.0,60.0,0.0,60.0
2017,Dharashiv,Dharashiv,110.0,98.0,98.0,0.0,98.0
2017,Dharashiv,Tuljapur,51.0,3.0,23.0,5.0,18.0
2017,Dharashiv,Lohara,35.0,2.0,33.0,0.0,33.0
2017,Dharashiv,Umaraga,1.0,1.0,1.0,0.0,1.0
2018,Dharashiv,Paranda,8.0,0.0,8.0,8.0,0.0
2018,Dharashiv,Bhum,3.0,0.0,3.0,3.0,0.0
2018,Dharashiv,Washi,0.0,0.0,0.0,0.0,0.0
2018,Dharashiv,Kalamb,5.0,3.0,4.0,3.0,1.0
2018,Dharashiv,Dharashiv,14.0,11.0,12.0,4.0,8.0
2018,Dharashiv,Tuljapur,0.0,0.0,0.0,0.0,0.0
2018,Dharashiv,Lohara,28.0,16.0,27.0,10.0,17.0
2018,Dharashiv,Umaraga,3.0,2.0,3.0,0.0,3.0
2019,Dharashiv,Paranda,1.0,1.0,1.0,0.0,1.0
2019,Dharashiv,Bhum,0.0,0.0,0.0,0.0,0.0
2019,Dharashiv,Washi,0.0,0.0,0.0,0.0,0.0
2019,Dharashiv,Kalamb,7.0,7.0,7.0,0.0,7.0
2019,Dharashiv,Dharashiv,2.0,2.0,2.0,0.0,2.0
2019,Dharashiv,Tuljapur,0.0,0.0,0.0,0.0,0.0
2019,Dharashiv,Lohara,1.0,1.0,1.0,0.0,1.0
2019,Dharashiv,Umaraga,11.0,11.0,11.0,0.0,11.0
2020,Dharashiv,Paranda,1.0,1.0,1.0,0.0,1.0
2020,Dharashiv,Bhum,0.0,0.0,0.0,0.0,0.0
2020,Dharashiv,Washi,0.0,0.0,0.0,0.0,0.0
2020,Dharashiv,Kalamb,0.0,0.0,0.0,0.0,0.0
2020,Dharashiv,Dharashiv,0.0,0.0,0.0,0.0,0.0
2020,Dharashiv,Tuljapur,0.0,0.0,0.0,0.0,0.0
2020,Dharashiv,Lohara,0.0,0.0,0.0,0.0,0.0
2020,Dharashiv,Umaraga,0.0,0.0,0.0,0.0,0.0
2021,Dharashiv,Paranda,7.0,7.0,7.0,3.0,4.0
2021,Dharashiv,Bhum,1.0,1.0,1.0,0.0,1.0
2021,Dharashiv,Washi,1.0,1.0,1.0,0.0,1.0
2021,Dharashiv,Kalamb,10.0,10.0,10.0,0.0,10.0
2021,Dharashiv,Dharashiv,11.0,11.0,11.0,0.0,11.0
2021,Dharashiv,Tuljapur,0.0,0.0,0.0,0.0,0.0
2021,Dharashiv,Lohara,2.0,2.0,2.0,0.0,2.0
2021,Dharashiv,Umaraga,4.0,4.0,4.0,0.0,4.0
2014,Palghar,Talasari,41.0,12.0,39.0,39.0,0.0
2014,Palghar,Dahanu,26.0,3.0,24.0,24.0,0.0
2014,Palghar,Vikramgad,47.0,8.0,43.0,43.0,0.0
2014,Palghar,Javhar,0.0,0.0,0.0,0.0,0.0
2014,Palghar,Mokhada,24.0,4.0,23.0,23.0,0.0
2014,Palghar,Wada,0.0,0.0,0.0,0.0,0.0
2014,Palghar,Palghar,19.0,7.0,18.0,18.0,0.0
2014,Palghar,Vasai,22.0,4.0,16.0,16.0,0.0
2015,Palghar,Talasari,58.0,8.0,58.0,57.0,1.0
2015,Palghar,Dahanu,37.0,6.0,37.0,36.0,1.0
2015,Palghar,Vikramgad,48.0,10.0,48.0,48.0,0.0
2015,Palghar,Javhar,3.0,0.0,3.0,3.0,0.0
2015,Palghar,Mokhada,19.0,4.0,19.0,19.0,0.0
2015,Palghar,Wada,3.0,0.0,3.0,3.0,0.0
2015,Palghar,Palghar,38.0,9.0,38.0,38.0,0.0
2015,Palghar,Vasai,57.0,11.0,57.0,51.0,6.0
2016,Palghar,Talasari,8.0,4.0,8.0,8.0,0.0
2016,Palghar,Dahanu,33.0,10.0,25.0,25.0,0.0
2016,Palghar,Vikramgad,6.0,2.0,6.0,6.0,0.0
2016,Palghar,Javhar,4.0,0.0,4.0,4.0,0.0
2016,Palghar,Mokhada,2.0,0.0,2.0,2.0,0.0
2016,Palghar,Wada,93.0,11.0,83.0,83.0,0.0
2016,Palghar,Palghar,34.0,8.0,33.0,33.0,0.0
2016,Palghar,Vasai,10.0,6.0,10.0,10.0,0.0
2017,Palghar,Talasari,20.0,4.0,19.0,19.0,0.0
2017,Palghar,Dahanu,53.0,10.0,48.0,48.0,0.0
2017,Palghar,Vikramgad,51.0,9.0,38.0,38.0,0.0
2017,Palghar,Javhar,6.0,0.0,3.0,3.0,0.0
2017,Palghar,Mokhada,5.0,0.0,3.0,3.0,0.0
2017,Palghar,Wada,70.0,11.0,57.0,51.0,0.0
2017,Palghar,Palghar,62.0,8.0,58.0,57.0,0.0
2017,Palghar,Vasai,40.0,6.0,37.0,36.0,0.0
2018,Palghar,Talasari,29.0,0.0,25.0,25.0,0.0
2018,Palghar,Dahanu,70.0,0.0,56.0,55.0,0.0
2018,Palghar,Vikramgad,44.0,0.0,30.0,29.0,0.0
2018,Palghar,Javhar,23.0,0.0,17.0,12.0,1.0
2018,Palghar,Mokhada,10.0,0.0,5.0,5.0,0.0
2018,Palghar,Wada,84.0,0.0,59.0,52.0,4.0
2018,Palghar,Palghar,59.0,0.0,55.0,50.0,0.0
2018,Palghar,Vasai,44.0,0.0,38.0,34.0,2.0
2019,Palghar,Talasari,3.0,0.0,3.0,3.0,0.0
2019,Palghar,Dahanu,34.0,3.0,32.0,32.0,0.0
2019,Palghar,Vikramgad,17.0,2.0,14.0,14.0,0.0
2019,Palghar,Javhar,10.0,0.0,9.0,9.0,0.0
2019,Palghar,Mokhada,0.0,0.0,0.0,0.0,0.0
2019,Palghar,Wada,34.0,1.0,30.0,30.0,0.0
2019,Palghar,Palghar,41.0,3.0,38.0,38.0,0.0
2019,Palghar,Vasai,19.0,2.0,17.0,17.0,0.0
2020,Palghar,Talasari,37.0,7.0,37.0,37.0,0.0
2020,Palghar,Dahanu,78.0,4.0,76.0,76.0,0.0
2020,Palghar,Vikramgad,60.0,4.0,55.0,55.0,0.0
2020,Palghar,Javhar,21.0,0.0,18.0,18.0,0.0
2020,Palghar,Mokhada,5.0,0.0,5.0,5.0,0.0
2020,Palghar,Wada,90.0,6.0,87.0,87.0,0.0
2020,Palghar,Palghar,39.0,5.0,36.0,36.0,0.0
2020,Palghar,Vasai,13.0,0.0,13.0,13.0,0.0
2021,Palghar,Talasari,38.0,2.0,33.0,33.0,0.0
2021,Palghar,Dahanu,78.0,8.0,78.0,78.0,0.0
2021,Palghar,Vikramgad,60.0,3.0,52.0,52.0,0.0
2021,Palghar,Javhar,21.0,0.0,17.0,17.0,0.0
2021,Palghar,Mokhada,5.0,0.0,4.0,4.0,0.0
2021,Palghar,Wada,87.0,4.0,79.0,79.0,0.0
2021,Palghar,Palghar,39.0,5.0,36.0,36.0,0.0
2021,Palghar,Vasai,13.0,1.0,13.0,13.0,0.0
2013,Parbhani,Selu,82.0,0.0,82.0,82.0,0.0
2013,Parbhani,Jintur,243.0,0.0,243.0,243.0,0.0
2013,Parbhani,Parbhani,81.0,0.0,81.0,81.0,0.0
2013,Parbhani,Manvat,24.0,0.0,24.0,24.0,0.0
2013,Parbhani,Pathari,60.0,0.0,60.0,60.0,0.0
2013,Parbhani,Sonpeth,147.0,0.0,147.0,147.0,0.0
2013,Parbhani,Gangakhed,104.0,0.0,104.0,104.0,0.0
2013,Parbhani,Palam,41.0,0.0,41.0,41.0,0.0
2013,Parbhani,Purna,82.0,0.0,82.0,82.0,0.0
2014,Parbhani,Selu,2.0,0.0,2.0,2.0,0.0
2014,Parbhani,Jintur,10.0,0.0,10.0,10.0,0.0
2014,Parbhani,Parbhani,10.0,0.0,9.0,9.0,0.0
2014,Parbhani,Manvat,8.0,0.0,8.0,8.0,0.0
2014,Parbhani,Pathari,12.0,0.0,12.0,12.0,0.0
2014,Parbhani,Sonpeth,16.0,0.0,15.0,15.0,0.0
2014,Parbhani,Gangakhed,10.0,0.0,9.0,9.0,0.0
2014,Parbhani,Palam,13.0,0.0,12.0,12.0,0.0
2014,Parbhani,Purna,0.0,0.0,0.0,0.0,0.0
2015,Parbhani,Selu,13.0,0.0,10.0,10.0,0.0
2015,Parbhani,Jintur,9.0,0.0,9.0,7.0,1.0
2015,Parbhani,Parbhani,11.0,0.0,11.0,10.0,0.0
2015,Parbhani,Manvat,17.0,0.0,17.0,16.0,0.0
2015,Parbhani,Pathari,15.0,0.0,15.0,15.0,0.0
2015,Parbhani,Sonpeth,5.0,0.0,5.0,5.0,0.0
2015,Parbhani,Gangakhed,8.0,0.0,8.0,8.0,0.0
2015,Parbhani,Palam,18.0,0.0,16.0,15.0,1.0
2015,Parbhani,Purna,20.0,0.0,17.0,16.0,0.0
2016,Parbhani,Selu,10.0,0.0,10.0,10.0,0.0
2016,Parbhani,Jintur,0.0,0.0,0.0,0.0,0.0
2016,Parbhani,Parbhani,0.0,0.0,0.0,0.0,0.0
2016,Parbhani,Manvat,0.0,0.0,0.0,0.0,0.0
2016,Parbhani,Pathari,13.0,0.0,13.0,13.0,0.0
2016,Parbhani,Sonpeth,15.0,0.0,15.0,14.0,0.0
2016,Parbhani,Gangakhed,22.0,0.0,19.0,19.0,0.0
2016,Parbhani,Palam,45.0,0.0,42.0,42.0,0.0
2016,Parbhani,Purna,30.0,0.0,30.0,30.0,0.0
2017,Parbhani,Selu,0.0,0.0,0.0,0.0,0.0
2017,Parbhani,Jintur,0.0,0.0,0.0,0.0,0.0
2017,Parbhani,Parbhani,0.0,0.0,0.0,0.0,0.0
2017,Parbhani,Manvat,0.0,0.0,0.0,0.0,0.0
2017,Parbhani,Pathari,0.0,0.0,0.0,0.0,0.0
2017,Parbhani,Sonpeth,0.0,0.0,0.0,0.0,0.0
2017,Parbhani,Gangakhed,0.0,0.0,0.0,0.0,0.0
2017,Parbhani,Palam,0.0,0.0,0.0,0.0,0.0
2017,Parbhani,Purna,0.0,0.0,0.0,0.0,0.0
2018,Parbhani,Selu,27.0,0.0,27.0,27.0,0.0
2018,Parbhani,Jintur,48.0,0.0,47.0,47.0,0.0
2018,Parbhani,Parbhani,7.0,0.0,7.0,6.0,1.0
2018,Parbhani,Manvat,0.0,0.0,0.0,0.0,0.0
2018,Parbhani,Pathari,36.0,0.0,36.0,36.0,0.0
2018,Parbhani,Sonpeth,7.0,0.0,7.0,7.0,0.0
2018,Parbhani,Gangakhed,1.0,0.0,1.0,0.0,1.0
2018,Parbhani,Palam,0.0,0.0,0.0,0.0,0.0
2018,Parbhani,Purna,42.0,0.0,42.0,40.0,2.0
2019,Parbhani,Selu,7.0,0.0,7.0,7.0,0.0
2019,Parbhani,Jintur,32.0,0.0,32.0,32.0,0.0
2019,Parbhani,Parbhani,3.0,0.0,3.0,3.0,0.0
2019,Parbhani,Manvat,5.0,0.0,5.0,5.0,0.0
2019,Parbhani,Pathari,16.0,0.0,15.0,15.0,0.0
2019,Parbhani,Sonpeth,11.0,0.0,10.0,10.0,0.0
2019,Parbhani,Gangakhed,17.0,0.0,17.0,17.0,0.0
2019,Parbhani,Palam,3.0,0.0,3.0,3.0,0.0
2019,Parbhani,Purna,12.0,0.0,10.0,10.0,0.0
2020,Parbhani,Selu,34.0,3.0,34.0,31.0,3.0
2020,Parbhani,Jintur,42.0,2.0,42.0,37.0,5.0
2020,Parbhani,Parbhani,24.0,2.0,24.0,21.0,3.0
2020,Parbhani,Manvat,28.0,4.0,28.0,28.0,0.0
2020,Parbhani,Pathari,9.0,0.0,9.0,9.0,0.0
2020,Parbhani,Sonpeth,14.0,0.0,14.0,14.0,0.0
2020,Parbhani,Gangakhed,12.0,0.0,12.0,12.0,0.0
2020,Parbhani,Palam,25.0,0.0,25.0,25.0,0.0
2020,Parbhani,Purna,11.0,0.0,11.0,11.0,0.0
2021,Parbhani,Selu,34.0,3.0,34.0,31.0,3.0
2021,Parbhani,Jintur,44.0,2.0,44.0,38.0,6.0
2021,Parbhani,Parbhani,29.0,2.0,29.0,26.0,3.0
2021,Parbhani,Manvat,28.0,4.0,28.0,28.0,0.0
2021,Parbhani,Pathari,9.0,0.0,9.0,9.0,0.0
2021,Parbhani,Sonpeth,17.0,0.0,17.0,17.0,0.0
2021,Parbhani,Gangakhed,22.0,0.0,22.0,22.0,0.0
2021,Parbhani,Palam,29.0,0.0,29.0,29.0,0.0
2021,Parbhani,Purna,30.0,0.0,30.0,30.0,0.0
2011,Pune,Junnar,64.0,2.0,64.0,64.0,0.0
2011,Pune,Aambegaon,25.0,0.0,5.0,22.0,20.0
2011,Pune,Shirur,38.0,18.0,38.0,28.0,11.0
2011,Pune,Khed,33.0,0.0,23.0,77.0,10.0
2011,Pune,Maval,26.0,0.0,16.0,26.0,15.0
2011,Pune,Mulashi,0.0,0.0,0.0,0.0,0.0
2011,Pune,Haveli,14.0,2.0,14.0,14.0,0.0
2011,Pune,Pune City,263.0,3.0,217.0,178.0,70.0
2011,Pune,Daund,226.0,140.0,226.0,226.0,0.0
2011,Pune,Purandar,139.0,0.0,95.0,92.0,6.0
2011,Pune,Welhe,10.0,0.0,10.0,10.0,0.0
2011,Pune,Bhor,52.0,0.0,50.0,50.0,0.0
2011,Pune,Baramati,190.0,3.0,190.0,190.0,0.0
2011,Pune,Indapur,387.0,6.0,290.0,290.0,0.0
2012,Pune,Junnar,75.0,27.0,62.0,65.0,13.0
2012,Pune,Aambegaon,25.0,2.0,25.0,25.0,12.0
2012,Pune,Shirur,68.0,18.0,48.0,58.0,26.0
2012,Pune,Khed,40.0,6.0,27.0,32.0,14.0
2012,Pune,Maval,70.0,61.0,69.0,69.0,6.0
2012,Pune,Mulashi,0.0,0.0,0.0,0.0,10.0
2012,Pune,Haveli,0.0,0.0,0.0,0.0,2.0
2012,Pune,Pune City,286.0,9.0,236.0,185.0,82.0
2012,Pune,Daund,15.0,1.0,15.0,15.0,2.0
2012,Pune,Purandar,85.0,0.0,81.0,78.0,7.0
2012,Pune,Welhe,6.0,0.0,6.0,6.0,2.0
2012,Pune,Bhor,51.0,0.0,71.0,71.0,13.0
2012,Pune,Baramati,253.0,23.0,253.0,214.0,48.0
2012,Pune,Indapur,421.0,8.0,331.0,331.0,12.0
2013,Pune,Junnar,97.0,27.0,84.0,84.0,0.0
2013,Pune,Aambegaon,27.0,2.0,27.0,27.0,0.0
2013,Pune,Shirur,92.0,21.0,91.0,79.0,12.0
2013,Pune,Khed,45.0,0.0,45.0,45.0,0.0
2013,Pune,Maval,6.0,0.0,6.0,6.0,0.0
2013,Pune,Mulashi,2.0,0.0,2.0,2.0,0.0
2013,Pune,Haveli,19.0,0.0,19.0,19.0,0.0
2013,Pune,Pune City,26.0,0.0,26.0,7.0,19.0
2013,Pune,Daund,49.0,1.0,49.0,49.0,0.0
2013,Pune,Purandar,164.0,5.0,164.0,156.0,8.0
2013,Pune,Welhe,11.0,0.0,11.0,11.0,0.0
2013,Pune,Bhor,73.0,0.0,71.0,71.0,0.0
2013,Pune,Baramati,61.0,1.0,61.0,61.0,0.0
2013,Pune,Indapur,165.0,5.0,165.0,165.0,0.0
2014,Pune,Junnar,123.0,3.0,123.0,123.0,0.0
2014,Pune,Aambegaon,48.0,2.0,48.0,48.0,0.0
2014,Pune,Shirur,108.0,0.0,108.0,108.0,0.0
2014,Pune,Khed,59.0,0.0,59.0,59.0,0.0
2014,Pune,Maval,29.0,0.0,29.0,29.0,0.0
2014,Pune,Mulashi,0.0,0.0,0.0,0.0,0.0
2014,Pune,Haveli,111.0,6.0,111.0,99.0,12.0
2014,Pune,Pune City,49.0,4.0,46.0,17.0,26.0
2014,Pune,Daund,34.0,1.0,34.0,34.0,0.0
2014,Pune,Purandar,51.0,0.0,51.0,48.0,3.0
2014,Pune,Welhe,3.0,0.0,3.0,3.0,0.0
2014,Pune,Bhor,76.0,0.0,74.0,74.0,0.0
2014,Pune,Baramati,0.0,0.0,0.0,0.0,0.0
2014,Pune,Indapur,132.0,5.0,132.0,132.0,0.0
2015,Pune,Junnar,23.0,1.0,17.0,17.0,0.0
2015,Pune,Aambegaon,9.0,0.0,6.0,6.0,0.0
2015,Pune,Shirur,69.0,2.0,67.0,67.0,0.0
2015,Pune,Khed,31.0,1.0,30.0,30.0,0.0
2015,Pune,Maval,15.0,0.0,14.0,28.0,0.0
2015,Pune,Mulashi,15.0,0.0,14.0,14.0,0.0
2015,Pune,Haveli,144.0,33.0,108.0,24.0,15.0
2015,Pune,Pune City,20.0,0.0,18.0,2.0,16.0
2015,Pune,Daund,23.0,1.0,20.0,20.0,0.0
2015,Pune,Purandar,231.0,9.0,202.0,190.0,14.0
2015,Pune,Welhe,20.0,0.0,8.0,8.0,0.0
2015,Pune,Bhor,62.0,0.0,59.0,59.0,0.0
2015,Pune,Baramati,37.0,2.0,36.0,36.0,0.0
2015,Pune,Indapur,22.0,2.0,22.0,22.0,0.0
2016,Pune,Junnar,35.0,1.0,35.0,35.0,0.0
2016,Pune,Aambegaon,0.0,0.0,0.0,0.0,0.0
2016,Pune,Shirur,55.0,21.0,54.0,42.0,12.0
2016,Pune,Khed,120.0,32.0,85.0,32.0,7.0
2016,Pune,Maval,13.0,0.0,13.0,13.0,0.0
2016,Pune,Mulashi,10.0,0.0,10.0,10.0,0.0
2016,Pune,Haveli,20.0,6.0,20.0,8.0,12.0
2016,Pune,Pune City,10.0,7.0,9.0,2.0,7.0
2016,Pune,Daund,0.0,0.0,0.0,0.0,0.0
2016,Pune,Purandar,226.0,9.0,191.0,179.0,12.0
2016,Pune,Welhe,20.0,0.0,8.0,8.0,0.0
2016,Pune,Bhor,52.0,0.0,50.0,50.0,0.0
2016,Pune,Baramati,0.0,0.0,0.0,0.0,0.0
2016,Pune,Indapur,0.0,0.0,0.0,0.0,0.0
2017,Pune,Junnar,19.0,1.0,19.0,19.0,0.0
2017,Pune,Aambegaon,0.0,0.0,0.0,0.0,0.0
2017,Pune,Shirur,36.0,0.0,36.0,36.0,0.0
2017,Pune,Khed,20.0,12.0,20.0,8.0,0.0
2017,Pune,Maval,45.0,32.0,34.0,82.0,0.0
2017,Pune,Mulashi,10.0,0.0,10.0,10.0,0.0
2017,Pune,Haveli,8.0,0.0,2.0,2.0,6.0
2017,Pune,Pune City,41.0,7.0,40.0,4.0,36.0
2017,Pune,Daund,0.0,0.0,0.0,0.0,0.0
2017,Pune,Purandar,221.0,8.0,189.0,178.0,13.0
2017,Pune,Welhe,3.0,0.0,3.0,3.0,0.0
2017,Pune,Bhor,0.0,0.0,0.0,0.0,0.0
2017,Pune,Baramati,148.0,0.0,148.0,148.0,0.0
2017,Pune,Indapur,327.0,0.0,327.0,327.0,0.0
2018,Pune,Junnar,52.0,16.0,40.0,47.0,0.0
2018,Pune,Aambegaon,26.0,0.0,22.0,22.0,0.0
2018,Pune,Shirur,39.0,0.0,37.0,37.0,0.0
2018,Pune,Khed,98.0,7.0,82.0,78.0,13.0
2018,Pune,Maval,44.0,32.0,31.0,80.0,0.0
2018,Pune,Mulashi,10.0,0.0,8.0,8.0,0.0
2018,Pune,Haveli,15.0,0.0,8.0,8.0,6.0
2018,Pune,Pune City,0.0,0.0,0.0,0.0,0.0
2018,Pune,Daund,238.0,0.0,10.0,10.0,0.0
2018,Pune,Purandar,141.0,18.0,133.0,139.0,10.0
2018,Pune,Welhe,13.0,0.0,11.0,11.0,0.0
2018,Pune,Bhor,78.0,0.0,54.0,76.0,1.0
2018,Pune,Baramati,27.0,0.0,27.0,27.0,0.0
2018,Pune,Indapur,181.0,1.0,181.0,180.0,1.0
2019,Pune,Junnar,82.0,13.0,79.0,74.0,5.0
2019,Pune,Aambegaon,28.0,0.0,24.0,24.0,0.0
2019,Pune,Shirur,101.0,20.0,93.0,79.0,14.0
2019,Pune,Khed,174.0,12.0,135.0,83.0,7.0
2019,Pune,Maval,57.0,32.0,44.0,35.0,0.0
2019,Pune,Mulashi,15.0,0.0,13.0,13.0,0.0
2019,Pune,Haveli,37.0,0.0,32.0,26.0,6.0
2019,Pune,Pune City,141.0,30.0,141.0,82.0,59.0
2019,Pune,Daund,41.0,0.0,36.0,36.0,0.0
2019,Pune,Purandar,145.0,93.0,120.0,103.0,17.0
2019,Pune,Welhe,0.0,0.0,0.0,0.0,0.0
2019,Pune,Bhor,52.0,6.0,52.0,52.0,0.0
2019,Pune,Baramati,156.0,0.0,144.0,144.0,0.0
2019,Pune,Indapur,365.0,1.0,361.0,360.0,1.0
2020,Pune,Junnar,91.0,13.0,83.0,76.0,5.0
2020,Pune,Aambegaon,46.0,0.0,42.0,42.0,0.0
2020,Pune,Shirur,144.0,21.0,129.0,115.0,14.0
2020,Pune,Khed,166.0,14.0,124.0,84.0,7.0
2020,Pune,Maval,61.0,32.0,47.0,91.0,0.0
2020,Pune,Mulashi,29.0,0.0,24.0,24.0,0.0
2020,Pune,Haveli,39.0,0.0,34.0,26.0,6.0
2020,Pune,Pune City,147.0,32.0,141.0,82.0,51.0
2020,Pune,Daund,240.0,0.0,183.0,51.0,0.0
2020,Pune,Purandar,133.0,97.0,121.0,119.0,8.0
2020,Pune,Welhe,5.0,0.0,4.0,4.0,0.0
2020,Pune,Bhor,52.0,7.0,52.0,34.0,0.0
2020,Pune,Baramati,173.0,1.0,147.0,144.0,0.0
2020,Pune,Indapur,173.0,1.0,159.0,113.0,1.0
2021,Pune,Junnar,31.0,12.0,23.0,18.0,5.0
2021,Pune,Aambegaon,0.0,0.0,0.0,0.0,0.0
2021,Pune,Shirur,62.0,21.0,54.0,40.0,14.0
2021,Pune,Khed,124.0,13.0,194.0,34.0,7.0
2021,Pune,Maval,4.0,0.0,15.0,2.0,0.0
2021,Pune,Mulashi,0.0,0.0,0.0,0.0,0.0
2021,Pune,Haveli,12.0,0.0,12.0,5.0,7.0
2021,Pune,Pune City,148.0,25.0,148.0,77.0,71.0
2021,Pune,Daund,184.0,4.0,55.0,1.0,0.0
2021,Pune,Purandar,26.0,0.0,26.0,23.0,3.0
2021,Pune,Welhe,5.0,0.0,5.0,2.0,3.0
2021,Pune,Bhor,4.0,0.0,4.0,4.0,0.0
2021,Pune,Baramati,2.0,0.0,2.0,2.0,0.0
2021,Pune,Indapur,143.0,1.0,143.0,125.0,4.0
2012,Raigad,Uran,0.0,0.0,0.0,0.0,0.0
2012,Raigad,Panwel,2.0,0.0,1.0,1.0,0.0
2012,Raigad,Karjat,30.0,0.0,24.0,23.0,0.0
2012,Raigad,Khalapur,27.0,0.0,15.0,14.0,0.0
2012,Raigad,Pen,8.0,0.0,4.0,3.0,0.0
2012,Raigad,Alibag,26.0,0.0,22.0,21.0,0.0
2012,Raigad,Murud,18.0,4.0,13.0,10.0,0.0
2012,Raigad,Roha,33.0,5.0,24.0,18.0,0.0
2012,Raigad,Sudhagad,16.0,1.0,11.0,9.0,0.0
2012,Raigad,Mangaon,30.0,0.0,22.0,21.0,0.0
2012,Raigad,Tala,14.0,0.0,11.0,10.0,0.0
2012,Raigad,Shreevardhan,27.0,0.0,24.0,22.0,0.0
2012,Raigad,Mhasala,3.0,0.0,2.0,2.0,0.0
2012,Raigad,Mahad,16.0,0.0,13.0,12.0,0.0
2012,Raigad,Poladpur,61.0,7.0,35.0,35.0,0.0
2013,Raigad,Uran,1.0,0.0,1.0,1.0,0.0
2013,Raigad,Panwel,2.0,0.0,2.0,2.0,0.0
2013,Raigad,Karjat,1.0,0.0,1.0,1.0,0.0
2013,Raigad,Khalapur,13.0,0.0,6.0,3.0,0.0
2013,Raigad,Pen,1.0,0.0,1.0,1.0,0.0
2013,Raigad,Alibag,22.0,0.0,22.0,22.0,0.0
2013,Raigad,Murud,1.0,4.0,1.0,1.0,0.0
2013,Raigad,Roha,3.0,5.0,3.0,3.0,0.0
2013,Raigad,Sudhagad,0.0,1.0,0.0,0.0,0.0
2013,Raigad,Mangaon,1.0,0.0,1.0,1.0,0.0
2013,Raigad,Tala,2.0,0.0,1.0,1.0,0.0
2013,Raigad,Shreevardhan,0.0,0.0,0.0,0.0,0.0
2013,Raigad,Mhasala,0.0,0.0,0.0,0.0,0.0
2013,Raigad,Mahad,25.0,0.0,16.0,16.0,0.0
2013,Raigad,Poladpur,0.0,7.0,0.0,0.0,0.0
2014,Raigad,Uran,0.0,0.0,0.0,0.0,0.0
2014,Raigad,Panwel,7.0,0.0,4.0,2.0,1.0
2014,Raigad,Karjat,31.0,5.0,22.0,7.0,1.0
2014,Raigad,Khalapur,22.0,0.0,13.0,6.0,0.0
2014,Raigad,Pen,9.0,0.0,8.0,6.0,0.0
2014,Raigad,Alibag,7.0,0.0,6.0,4.0,0.0
2014,Raigad,Murud,0.0,0.0,0.0,0.0,0.0
2014,Raigad,Roha,12.0,0.0,7.0,5.0,0.0
2014,Raigad,Sudhagad,0.0,0.0,0.0,0.0,0.0
2014,Raigad,Mangaon,23.0,0.0,18.0,8.0,1.0
2014,Raigad,Tala,1.0,0.0,0.0,0.0,0.0
2014,Raigad,Shreevardhan,23.0,0.0,18.0,16.0,1.0
2014,Raigad,Mhasala,6.0,0.0,3.0,2.0,0.0
2014,Raigad,Mahad,36.0,4.0,26.0,16.0,0.0
2014,Raigad,Poladpur,8.0,0.0,5.0,0.0,0.0
2015,Raigad,Uran,6.0,0.0,4.0,4.0,0.0
2015,Raigad,Panwel,12.0,0.0,11.0,10.0,1.0
2015,Raigad,Karjat,3.0,0.0,3.0,1.0,0.0
2015,Raigad,Khalapur,15.0,0.0,7.0,5.0,0.0
2015,Raigad,Pen,1.0,0.0,0.0,0.0,0.0
2015,Raigad,Alibag,24.0,0.0,24.0,18.0,0.0
2015,Raigad,Murud,11.0,0.0,11.0,9.0,0.0
2015,Raigad,Roha,15.0,0.0,12.0,11.0,0.0
2015,Raigad,Sudhagad,12.0,0.0,6.0,5.0,1.0
2015,Raigad,Mangaon,24.0,0.0,20.0,18.0,0.0
2015,Raigad,Tala,2.0,0.0,2.0,2.0,0.0
2015,Raigad,Shreevardhan,12.0,0.0,11.0,9.0,0.0
2015,Raigad,Mhasala,6.0,0.0,6.0,6.0,0.0
2015,Raigad,Mahad,16.0,0.0,12.0,12.0,0.0
2015,Raigad,Poladpur,18.0,0.0,12.0,11.0,1.0
2016,Raigad,Uran,0.0,0.0,0.0,0.0,0.0
2016,Raigad,Panwel,13.0,0.0,9.0,7.0,2.0
2016,Raigad,Karjat,6.0,0.0,6.0,6.0,0.0
2016,Raigad,Khalapur,4.0,0.0,4.0,4.0,0.0
2016,Raigad,Pen,3.0,0.0,1.0,1.0,0.0
2016,Raigad,Alibag,20.0,0.0,20.0,15.0,0.0
2016,Raigad,Murud,3.0,0.0,3.0,3.0,0.0
2016,Raigad,Roha,14.0,0.0,11.0,11.0,0.0
2016,Raigad,Sudhagad,11.0,0.0,8.0,7.0,0.0
2016,Raigad,Mangaon,7.0,0.0,6.0,5.0,0.0
2016,Raigad,Tala,4.0,0.0,1.0,1.0,0.0
2016,Raigad,Shreevardhan,10.0,0.0,9.0,9.0,0.0
2016,Raigad,Mhasala,0.0,0.0,0.0,0.0,0.0
2016,Raigad,Mahad,4.0,0.0,4.0,3.0,1.0
2016,Raigad,Poladpur,10.0,0.0,9.0,9.0,0.0
2017,Raigad,Uran,0.0,0.0,0.0,0.0,0.0
2017,Raigad,Panwel,5.0,0.0,3.0,2.0,1.0
2017,Raigad,Karjat,19.0,0.0,16.0,14.0,0.0
2017,Raigad,Khalapur,11.0,0.0,9.0,9.0,0.0
2017,Raigad,Pen,0.0,0.0,0.0,0.0,0.0
2017,Raigad,Alibag,16.0,0.0,15.0,15.0,0.0
2017,Raigad,Murud,7.0,0.0,7.0,7.0,0.0
2017,Raigad,Roha,28.0,0.0,26.0,23.0,0.0
2017,Raigad,Sudhagad,13.0,0.0,10.0,9.0,0.0
2017,Raigad,Mangaon,6.0,0.0,4.0,4.0,0.0
2017,Raigad,Tala,6.0,0.0,6.0,6.0,0.0
2017,Raigad,Shreevardhan,0.0,0.0,0.0,0.0,0.0
2017,Raigad,Mhasala,4.0,0.0,4.0,4.0,0.0
2017,Raigad,Mahad,32.0,0.0,20.0,16.0,0.0
2017,Raigad,Poladpur,4.0,0.0,3.0,3.0,0.0
2018,Raigad,Uran,0.0,0.0,0.0,0.0,0.0
2018,Raigad,Panwel,0.0,0.0,0.0,0.0,0.0
2018,Raigad,Karjat,10.0,0.0,8.0,8.0,0.0
2018,Raigad,Khalapur,10.0,0.0,5.0,5.0,0.0
2018,Raigad,Pen,18.0,0.0,13.0,13.0,0.0
2018,Raigad,Alibag,10.0,0.0,10.0,10.0,0.0
2018,Raigad,Murud,6.0,0.0,6.0,6.0,0.0
2018,Raigad,Roha,8.0,0.0,8.0,8.0,0.0
2018,Raigad,Sudhagad,9.0,0.0,4.0,4.0,0.0
2018,Raigad,Mangaon,15.0,0.0,9.0,9.0,0.0
2018,Raigad,Tala,5.0,0.0,2.0,2.0,0.0
2018,Raigad,Shreevardhan,9.0,0.0,7.0,5.0,2.0
2018,Raigad,Mhasala,6.0,0.0,6.0,6.0,0.0
2018,Raigad,Mahad,49.0,0.0,42.0,42.0,0.0
2018,Raigad,Poladpur,8.0,0.0,8.0,8.0,0.0
2019,Raigad,Uran,0.0,0.0,0.0,0.0,0.0
2019,Raigad,Panwel,3.0,0.0,3.0,2.0,1.0
2019,Raigad,Karjat,9.0,0.0,8.0,5.0,3.0
2019,Raigad,Khalapur,6.0,0.0,2.0,2.0,0.0
2019,Raigad,Pen,14.0,0.0,12.0,12.0,0.0
2019,Raigad,Alibag,15.0,0.0,13.0,13.0,0.0
2019,Raigad,Murud,0.0,0.0,0.0,0.0,0.0
2019,Raigad,Roha,9.0,0.0,6.0,6.0,0.0
2019,Raigad,Sudhagad,9.0,0.0,7.0,7.0,0.0
2019,Raigad,Mangaon,9.0,0.0,7.0,7.0,0.0
2019,Raigad,Tala,8.0,0.0,5.0,5.0,0.0
2019,Raigad,Shreevardhan,5.0,0.0,2.0,2.0,0.0
2019,Raigad,Mhasala,5.0,0.0,2.0,1.0,1.0
2019,Raigad,Mahad,21.0,0.0,17.0,17.0,0.0
2019,Raigad,Poladpur,4.0,0.0,3.0,1.0,2.0
2020,Raigad,Uran,0.0,0.0,0.0,0.0,0.0
2020,Raigad,Panwel,0.0,0.0,0.0,0.0,0.0
2020,Raigad,Karjat,13.0,0.0,12.0,12.0,0.0
2020,Raigad,Khalapur,3.0,0.0,3.0,3.0,0.0
2020,Raigad,Pen,0.0,0.0,0.0,0.0,0.0
2020,Raigad,Alibag,11.0,0.0,11.0,11.0,0.0
2020,Raigad,Murud,0.0,0.0,0.0,0.0,0.0
2020,Raigad,Roha,4.0,0.0,4.0,4.0,0.0
2020,Raigad,Sudhagad,0.0,0.0,0.0,0.0,0.0
2020,Raigad,Mangaon,5.0,0.0,2.0,2.0,0.0
2020,Raigad,Tala,1.0,0.0,1.0,1.0,0.0
2020,Raigad,Shreevardhan,0.0,0.0,0.0,0.0,0.0
2020,Raigad,Mhasala,0.0,0.0,0.0,0.0,0.0
2020,Raigad,Mahad,3.0,0.0,3.0,3.0,0.0
2020,Raigad,Poladpur,4.0,0.0,4.0,4.0,0.0
2021,Raigad,Uran,0.0,0.0,0.0,0.0,0.0
2021,Raigad,Panwel,0.0,0.0,0.0,0.0,0.0
2021,Raigad,Karjat,21.0,0.0,21.0,21.0,0.0
2021,Raigad,Khalapur,0.0,0.0,0.0,0.0,0.0
2021,Raigad,Pen,0.0,0.0,0.0,0.0,0.0
2021,Raigad,Alibag,11.0,0.0,11.0,11.0,0.0
2021,Raigad,Murud,0.0,0.0,0.0,0.0,0.0
2021,Raigad,Roha,4.0,0.0,3.0,2.0,0.0
2021,Raigad,Sudhagad,0.0,0.0,0.0,0.0,0.0
2021,Raigad,Mangaon,5.0,0.0,2.0,2.0,0.0
2021,Raigad,Tala,1.0,0.0,1.0,1.0,0.0
2021,Raigad,Shreevardhan,0.0,0.0,0.0,0.0,0.0
2021,Raigad,Mhasala,0.0,0.0,0.0,0.0,0.0
2021,Raigad,Mahad,5.0,0.0,1.0,0.0,0.0
2021,Raigad,Poladpur,3.0,0.0,3.0,3.0,0.0
2006,Ratnagiri,Mandangad,,,4.0,4.0,
2006,Ratnagiri,Dapoli,,,7.0,7.0,
2006,Ratnagiri,Khed,,,17.0,17.0,
2006,Ratnagiri,Chiplun,,,3.0,3.0,
2006,Ratnagiri,Guhagar,,,8.0,8.0,
2006,Ratnagiri,Ratnagiri,,,9.0,9.0,
2006,Ratnagiri,Sangameshwar,,,11.0,11.0,
2006,Ratnagiri,Lanja,,,4.0,3.0,1.0
2006,Ratnagiri,Rajapur,,,13.0,12.0,1.0
2008,Ratnagiri,Mandangad,,,6.0,5.0,
2008,Ratnagiri,Dapoli,,,10.0,7.0,
2008,Ratnagiri,Khed,,,15.0,12.0,
2008,Ratnagiri,Chiplun,,,9.0,7.0,
2008,Ratnagiri,Guhagar,,,2.0,2.0,
2008,Ratnagiri,Ratnagiri,,,14.0,12.0,2.0
2008,Ratnagiri,Sangameshwar,,,17.0,12.0,1.0
2008,Ratnagiri,Lanja,,,6.0,5.0,1.0
2008,Ratnagiri,Rajapur,,,18.0,11.0,7.0
2009,Ratnagiri,Mandangad,5.0,0.0,4.0,4.0,0.0
2009,Ratnagiri,Dapoli,21.0,1.0,12.0,12.0,0.0
2009,Ratnagiri,Khed,38.0,6.0,25.0,24.0,0.0
2009,Ratnagiri,Chiplun,13.0,3.0,10.0,10.0,0.0
2009,Ratnagiri,Guhagar,11.0,3.0,8.0,5.0,3.0
2009,Ratnagiri,Ratnagiri,32.0,4.0,21.0,17.0,1.0
2009,Ratnagiri,Sangameshwar,19.0,4.0,13.0,9.0,1.0
2009,Ratnagiri,Lanja,12.0,6.0,11.0,9.0,0.0
2009,Ratnagiri,Rajapur,19.0,7.0,15.0,10.0,5.0
2010,Ratnagiri,Mandangad,2.0,0.0,2.0,2.0,0.0
2010,Ratnagiri,Dapoli,12.0,2.0,10.0,10.0,0.0
2010,Ratnagiri,Khed,19.0,3.0,16.0,16.0,0.0
2010,Ratnagiri,Chiplun,31.0,6.0,24.0,21.0,0.0
2010,Ratnagiri,Guhagar,21.0,8.0,15.0,12.0,0.0
2010,Ratnagiri,Ratnagiri,22.0,3.0,17.0,15.0,0.0
2010,Ratnagiri,Sangameshwar,28.0,5.0,18.0,12.0,0.0
2010,Ratnagiri,Lanja,30.0,8.0,21.0,18.0,0.0
2010,Ratnagiri,Rajapur,24.0,7.0,19.0,13.0,0.0
2011,Ratnagiri,Mandangad,3.0,0.0,1.0,1.0,0.0
2011,Ratnagiri,Dapoli,37.0,7.0,34.0,32.0,1.0
2011,Ratnagiri,Khed,61.0,40.0,57.0,59.0,6.0
2011,Ratnagiri,Chiplun,9.0,1.0,8.0,8.0,0.0
2011,Ratnagiri,Guhagar,11.0,0.0,9.0,9.0,0.0
2011,Ratnagiri,Ratnagiri,15.0,0.0,9.0,6.0,0.0
2011,Ratnagiri,Sangameshwar,16.0,0.0,11.0,9.0,0.0
2011,Ratnagiri,Lanja,11.0,3.0,8.0,8.0,0.0
2011,Ratnagiri,Rajapur,46.0,13.0,41.0,36.0,3.0
2012,Ratnagiri,Mandangad,5.0,0.0,1.0,1.0,0.0
2012,Ratnagiri,Dapoli,36.0,2.0,29.0,30.0,5.0
2012,Ratnagiri,Khed,60.0,47.0,51.0,56.0,2.0
2012,Ratnagiri,Chiplun,18.0,1.0,16.0,27.0,4.0
2012,Ratnagiri,Guhagar,1.0,0.0,0.0,0.0,6.0
2012,Ratnagiri,Ratnagiri,15.0,0.0,9.0,6.0,0.0
2012,Ratnagiri,Sangameshwar,38.0,8.0,27.0,21.0,12.0
2012,Ratnagiri,Lanja,9.0,1.0,6.0,6.0,13.0
2012,Ratnagiri,Rajapur,38.0,10.0,34.0,31.0,12.0
2013,Ratnagiri,Mandangad,6.0,0.0,28.0,4.0,0.0
2013,Ratnagiri,Dapoli,13.0,2.0,10.0,9.0,1.0
2013,Ratnagiri,Khed,16.0,0.0,13.0,9.0,0.0
2013,Ratnagiri,Chiplun,54.0,2.0,26.0,24.0,2.0
2013,Ratnagiri,Guhagar,0.0,0.0,0.0,0.0,0.0
2013,Ratnagiri,Ratnagiri,16.0,2.0,12.0,8.0,0.0
2013,Ratnagiri,Sangameshwar,31.0,5.0,20.0,12.0,8.0
2013,Ratnagiri,Lanja,4.0,1.0,3.0,3.0,1.0
2013,Ratnagiri,Rajapur,26.0,1.0,26.0,23.0,3.0
2014,Ratnagiri,Mandangad,8.0,3.0,6.0,3.0,3.0
2014,Ratnagiri,Dapoli,9.0,2.0,7.0,6.0,1.0
2014,Ratnagiri,Khed,16.0,4.0,9.0,5.0,3.0
2014,Ratnagiri,Chiplun,44.0,1.0,21.0,19.0,1.0
2014,Ratnagiri,Guhagar,6.0,3.0,6.0,6.0,0.0
2014,Ratnagiri,Ratnagiri,8.0,1.0,7.0,5.0,0.0
2014,Ratnagiri,Sangameshwar,37.0,8.0,26.0,18.0,8.0
2014,Ratnagiri,Lanja,38.0,6.0,26.0,24.0,1.0
2014,Ratnagiri,Rajapur,36.0,2.0,34.0,28.0,5.0
2015,Ratnagiri,Mandangad,0.0,0.0,0.0,0.0,0.0
2015,Ratnagiri,Dapoli,61.0,22.0,48.0,47.0,1.0
2015,Ratnagiri,Khed,30.0,0.0,18.0,16.0,2.0
2015,Ratnagiri,Chiplun,47.0,0.0,25.0,25.0,0.0
2015,Ratnagiri,Guhagar,9.0,0.0,6.0,5.0,0.0
2015,Ratnagiri,Ratnagiri,26.0,2.0,16.0,16.0,0.0
2015,Ratnagiri,Sangameshwar,43.0,5.0,24.0,15.0,9.0
2015,Ratnagiri,Lanja,32.0,1.0,14.0,12.0,2.0
2015,Ratnagiri,Rajapur,33.0,24.0,30.0,23.0,6.0
2016,Ratnagiri,Mandangad,15.0,3.0,13.0,11.0,1.0
2016,Ratnagiri,Dapoli,38.0,24.0,37.0,29.0,3.0
2016,Ratnagiri,Khed,82.0,4.0,73.0,51.0,8.0
2016,Ratnagiri,Chiplun,49.0,0.0,29.0,48.0,0.0
2016,Ratnagiri,Guhagar,20.0,3.0,18.0,11.0,2.0
2016,Ratnagiri,Ratnagiri,31.0,1.0,28.0,17.0,1.0
2016,Ratnagiri,Sangameshwar,37.0,8.0,26.0,14.0,11.0
2016,Ratnagiri,Lanja,18.0,5.0,15.0,9.0,6.0
2016,Ratnagiri,Rajapur,39.0,13.0,25.0,22.0,4.0
2017,Ratnagiri,Mandangad,3.0,0.0,2.0,2.0,0.0
2017,Ratnagiri,Dapoli,32.0,25.0,30.0,30.0,0.0
2017,Ratnagiri,Khed,30.0,6.0,24.0,20.0,1.0
2017,Ratnagiri,Chiplun,38.0,2.0,18.0,1.0,1.0
2017,Ratnagiri,Guhagar,15.0,1.0,10.0,10.0,1.0
2017,Ratnagiri,Ratnagiri,21.0,0.0,20.0,21.0,3.0
2017,Ratnagiri,Sangameshwar,50.0,8.0,36.0,26.0,8.0
2017,Ratnagiri,Lanja,18.0,3.0,14.0,11.0,3.0
2017,Ratnagiri,Rajapur,37.0,12.0,22.0,19.0,6.0
2018,Ratnagiri,Mandangad,9.0,0.0,5.0,5.0,0.0
2018,Ratnagiri,Dapoli,9.0,1.0,5.0,5.0,0.0
2018,Ratnagiri,Khed,15.0,2.0,9.0,9.0,1.0
2018,Ratnagiri,Chiplun,3.0,0.0,2.0,1.0,1.0
2018,Ratnagiri,Guhagar,8.0,1.0,5.0,4.0,1.0
2018,Ratnagiri,Ratnagiri,9.0,0.0,4.0,3.0,1.0
2018,Ratnagiri,Sangameshwar,2.0,1.0,2.0,1.0,0.0
2018,Ratnagiri,Lanja,20.0,2.0,13.0,10.0,5.0
2018,Ratnagiri,Rajapur,19.0,3.0,6.0,2.0,6.0
2019,Ratnagiri,Mandangad,10.0,1.0,9.0,8.0,1.0
2019,Ratnagiri,Dapoli,61.0,15.0,40.0,25.0,15.0
2019,Ratnagiri,Khed,5.0,2.0,4.0,2.0,2.0
2019,Ratnagiri,Chiplun,14.0,5.0,10.0,5.0,5.0
2019,Ratnagiri,Guhagar,5.0,2.0,2.0,0.0,2.0
2019,Ratnagiri,Ratnagiri,9.0,5.0,8.0,3.0,5.0
2019,Ratnagiri,Sangameshwar,1.0,1.0,1.0,0.0,1.0
2019,Ratnagiri,Lanja,15.0,3.0,8.0,5.0,3.0
2019,Ratnagiri,Rajapur,23.0,5.0,12.0,7.0,5.0
2020,Ratnagiri,Mandangad,,,,,
2020,Ratnagiri,Dapoli,,,,,
2020,Ratnagiri,Khed,,,,,
2020,Ratnagiri,Chiplun,,,,,
2020,Ratnagiri,Guhagar,,,,,
2020,Ratnagiri,Ratnagiri,,,,,
2020,Ratnagiri,Sangameshwar,,,,,
2020,Ratnagiri,Lanja,,,,,
2020,Ratnagiri,Rajapur,,,,,
2021,Ratnagiri,Mandangad,10.0,2.0,10.0,5.0,5.0
2021,Ratnagiri,Dapoli,32.0,4.0,25.0,13.0,12.0
2021,Ratnagiri,Khed,26.0,3.0,19.0,10.0,9.0
2021,Ratnagiri,Chiplun,5.0,1.0,5.0,1.0,4.0
2021,Ratnagiri,Guhagar,5.0,1.0,5.0,2.0,3.0
2021,Ratnagiri,Ratnagiri,18.0,2.0,15.0,2.0,13.0
2021,Ratnagiri,Sangameshwar,29.0,5.0,25.0,9.0,16.0
2021,Ratnagiri,Lanja,7.0,1.0,7.0,4.0,3.0
2021,Ratnagiri,Rajapur,7.0,1.0,6.0,4.0,2.0
2012,Sangli,Shirala,,,,,
2012,Sangli,Valava,,,,,
2012,Sangli,Palus,,,,,
2012,Sangli,Kadegaon,9.0,1.0,8.0,7.0,
2012,Sangli,Khanapur,32.0,3.0,29.0,26.0,1.0
2012,Sangli,Aatpadi,42.0,4.0,38.0,30.0,
2012,Sangli,Tasgaon,,,,,
2012,Sangli,Miraj,51.0,3.0,48.0,38.0,1.0
2012,Sangli,Ku. Mahakal,22.0,2.0,20.0,18.0,2.0
2012,Sangli,Jat,88.0,5.0,83.0,76.0,1.0
2013,Sangli,Shirala,2.0,1.0,2.0,2.0,0.0
2013,Sangli,Valava,0.0,0.0,0.0,0.0,0.0
2013,Sangli,Palus,,,,,
2013,Sangli,Kadegaon,9.0,1.0,8.0,7.0,
2013,Sangli,Khanapur,32.0,3.0,29.0,26.0,1.0
2013,Sangli,Aatpadi,42.0,4.0,38.0,30.0,
2013,Sangli,Tasgaon,,,,,
2013,Sangli,Miraj,51.0,3.0,48.0,38.0,1.0
2013,Sangli,Ku. Mahakal,22.0,2.0,20.0,18.0,2.0
2013,Sangli,Jat,88.0,5.0,83.0,76.0,1.0
2014,Sangli,Shirala,0.0,0.0,0.0,0.0,0.0
2014,Sangli,Valava,5.0,1.0,3.0,2.0,0.0
2014,Sangli,Palus,2.0,0.0,2.0,2.0,0.0
2014,Sangli,Kadegaon,0.0,0.0,0.0,0.0,0.0
2014,Sangli,Khanapur,2.0,0.0,2.0,2.0,0.0
2014,Sangli,Aatpadi,0.0,0.0,0.0,0.0,0.0
2014,Sangli,Tasgaon,0.0,0.0,0.0,0.0,0.0
2014,Sangli,Miraj,2.0,1.0,2.0,2.0,0.0
2014,Sangli,Ku. Mahakal,0.0,0.0,0.0,0.0,0.0
2014,Sangli,Jat,0.0,0.0,0.0,0.0,0.0
2015,Sangli,Shirala,0.0,0.0,0.0,0.0,0.0
2015,Sangli,Valava,5.0,1.0,3.0,2.0,0.0
2015,Sangli,Palus,2.0,0.0,2.0,2.0,0.0
2015,Sangli,Kadegaon,0.0,0.0,0.0,0.0,0.0
2015,Sangli,Khanapur,2.0,0.0,2.0,2.0,0.0
2015,Sangli,Aatpadi,0.0,0.0,0.0,0.0,0.0
2015,Sangli,Tasgaon,0.0,0.0,0.0,0.0,0.0
2015,Sangli,Miraj,2.0,1.0,2.0,2.0,0.0
2015,Sangli,Ku. Mahakal,0.0,0.0,0.0,0.0,0.0
2015,Sangli,Jat,0.0,0.0,0.0,0.0,0.0
2016,Sangli,Shirala,0.0,0.0,0.0,0.0,0.0
2016,Sangli,Valava,5.0,1.0,3.0,2.0,0.0
2016,Sangli,Palus,2.0,0.0,2.0,2.0,0.0
2016,Sangli,Kadegaon,0.0,0.0,0.0,0.0,0.0
2016,Sangli,Khanapur,2.0,0.0,2.0,2.0,0.0
2016,Sangli,Aatpadi,0.0,0.0,0.0,0.0,0.0
2016,Sangli,Tasgaon,0.0,0.0,0.0,0.0,0.0
2016,Sangli,Miraj,2.0,1.0,2.0,2.0,0.0
2016,Sangli,Ku. Mahakal,0.0,0.0,0.0,0.0,0.0
2016,Sangli,Jat,0.0,0.0,0.0,0.0,0.0
2017,Sangli,Shirala,0.0,0.0,0.0,0.0,0.0
2017,Sangli,Valava,5.0,1.0,3.0,2.0,0.0
2017,Sangli,Palus,2.0,0.0,2.0,2.0,0.0
2017,Sangli,Kadegaon,0.0,0.0,0.0,0.0,0.0
2017,Sangli,Khanapur,5.0,0.0,2.0,2.0,0.0
2017,Sangli,Aatpadi,0.0,0.0,0.0,0.0,0.0
2017,Sangli,Tasgaon,0.0,0.0,0.0,0.0,0.0
2017,Sangli,Miraj,2.0,1.0,2.0,2.0,0.0
2017,Sangli,Ku. Mahakal,0.0,0.0,0.0,0.0,0.0
2017,Sangli,Jat,0.0,0.0,0.0,0.0,0.0
2018,Sangli,Shirala,1.0,0.0,1.0,1.0,0.0
2018,Sangli,Valava,8.0,0.0,8.0,8.0,0.0
2018,Sangli,Palus,2.0,0.0,2.0,2.0,0.0
2018,Sangli,Kadegaon,8.0,3.0,8.0,8.0,0.0
2018,Sangli,Khanapur,7.0,1.0,7.0,6.0,1.0
2018,Sangli,Aatpadi,0.0,0.0,0.0,0.0,0.0
2018,Sangli,Tasgaon,4.0,0.0,4.0,4.0,0.0
2018,Sangli,Miraj,1.0,0.0,1.0,1.0,0.0
2018,Sangli,Ku. Mahakal,0.0,0.0,0.0,0.0,0.0
2018,Sangli,Jat,6.0,0.0,4.0,4.0,0.0
2019,Sangli,Shirala,0.0,0.0,0.0,0.0,0.0
2019,Sangli,Valava,0.0,0.0,0.0,0.0,0.0
2019,Sangli,Palus,0.0,0.0,0.0,0.0,0.0
2019,Sangli,Kadegaon,0.0,0.0,0.0,0.0,0.0
2019,Sangli,Khanapur,0.0,0.0,0.0,0.0,0.0
2019,Sangli,Aatpadi,0.0,0.0,0.0,0.0,0.0
2019,Sangli,Tasgaon,0.0,0.0,0.0,0.0,0.0
2019,Sangli,Miraj,0.0,0.0,0.0,0.0,0.0
2019,Sangli,Ku. Mahakal,0.0,0.0,0.0,0.0,0.0
2019,Sangli,Jat,3.0,0.0,3.0,3.0,0.0
2020,Sangli,Shirala,0.0,0.0,0.0,0.0,0.0
2020,Sangli,Valava,0.0,0.0,0.0,0.0,0.0
2020,Sangli,Palus,0.0,0.0,0.0,0.0,0.0
2020,Sangli,Kadegaon,0.0,0.0,0.0,0.0,0.0
2020,Sangli,Khanapur,0.0,0.0,0.0,0.0,0.0
2020,Sangli,Aatpadi,0.0,0.0,0.0,0.0,0.0
2020,Sangli,Tasgaon,0.0,0.0,0.0,0.0,0.0
2020,Sangli,Miraj,0.0,0.0,0.0,0.0,0.0
2020,Sangli,Ku. Mahakal,0.0,0.0,0.0,0.0,0.0
2020,Sangli,Jat,3.0,0.0,3.0,3.0,0.0
2021,Sangli,Shirala,5.0,4.0,5.0,5.0,0.0
2021,Sangli,Valava,3.0,3.0,3.0,3.0,0.0
2021,Sangli,Palus,3.0,3.0,3.0,3.0,0.0
2021,Sangli,Kadegaon,9.0,5.0,6.0,6.0,0.0
2021,Sangli,Khanapur,1.0,1.0,1.0,1.0,0.0
2021,Sangli,Aatpadi,0.0,0.0,0.0,0.0,0.0
2021,Sangli,Tasgaon,3.0,3.0,3.0,0.0,3.0
2021,Sangli,Miraj,46.0,40.0,44.0,32.0,12.0
2021,Sangli,Ku. Mahakal,10.0,5.0,10.0,10.0,0.0
2021,Sangli,Jat,0.0,0.0,0.0,0.0,0.0
2012,Satara,Mahableshwar,148.0,39.0,10.0,7.0,3.0
2012,Satara,Vai,363.0,24.0,6.0,6.0,0.0
2012,Satara,Khandala,402.0,27.0,1.0,1.0,0.0
2012,Satara,Faltan,1233.0,43.0,22.0,21.0,1.0
2012,Satara,Man,1703.0,100.0,21.0,19.0,2.0
2012,Satara,Khatav,1851.0,155.0,54.0,48.0,6.0
2012,Satara,Koregaon,911.0,55.0,61.0,61.0,0.0
2012,Satara,Satara,950.0,73.0,0.0,0.0,0.0
2012,Satara,Javali,523.0,37.0,4.0,4.0,0.0
2012,Satara,Patan,800.0,45.0,4.0,4.0,0.0
2012,Satara,Karad,1889.0,157.0,12.0,12.0,0.0
2013,Satara,Mahableshwar,151.0,42.0,3.0,3.0,0.0
2013,Satara,Vai,364.0,24.0,1.0,1.0,0.0
2013,Satara,Khandala,403.0,27.0,0.0,0.0,0.0
2013,Satara,Faltan,1234.0,43.0,1.0,1.0,0.0
2013,Satara,Man,1716.0,102.0,13.0,11.0,0.0
2013,Satara,Khatav,1871.0,159.0,18.0,18.0,0.0
2013,Satara,Koregaon,921.0,58.0,9.0,9.0,0.0
2013,Satara,Satara,955.0,74.0,5.0,5.0,0.0
2013,Satara,Javali,523.0,37.0,0.0,0.0,0.0
2013,Satara,Patan,802.0,45.0,2.0,2.0,0.0
2013,Satara,Karad,1901.0,161.0,11.0,10.0,0.0
2014,Satara,Mahableshwar,153.0,42.0,1.0,1.0,0.0
2014,Satara,Vai,364.0,24.0,0.0,0.0,0.0
2014,Satara,Khandala,414.0,32.0,10.0,9.0,1.0
2014,Satara,Faltan,1247.0,43.0,12.0,11.0,0.0
2014,Satara,Man,1740.0,104.0,21.0,20.0,0.0
2014,Satara,Khatav,1872.0,159.0,1.0,1.0,0.0
2014,Satara,Koregaon,922.0,58.0,1.0,1.0,0.0
2014,Satara,Satara,955.0,74.0,0.0,0.0,0.0
2014,Satara,Javali,523.0,37.0,0.0,0.0,0.0
2014,Satara,Patan,804.0,45.0,2.0,2.0,0.0
2014,Satara,Karad,1901.0,161.0,0.0,0.0,0.0
2015,Satara,Mahableshwar,174.0,45.0,17.0,15.0,0.0
2015,Satara,Vai,370.0,25.0,6.0,5.0,0.0
2015,Satara,Khandala,418.0,34.0,3.0,2.0,1.0
2015,Satara,Faltan,1276.0,47.0,29.0,29.0,0.0
2015,Satara,Man,1815.0,113.0,67.0,59.0,2.0
2015,Satara,Khatav,1892.0,167.0,18.0,17.0,0.0
2015,Satara,Koregaon,945.0,62.0,18.0,16.0,2.0
2015,Satara,Satara,966.0,76.0,8.0,7.0,1.0
2015,Satara,Javali,523.0,37.0,0.0,0.0,0.0
2015,Satara,Patan,841.0,52.0,33.0,31.0,2.0
2015,Satara,Karad,1923.0,166.0,21.0,20.0,1.0
2016,Satara,Mahableshwar,0.0,0.0,0.0,0.0,0.0
2016,Satara,Vai,1.0,0.0,1.0,1.0,0.0
2016,Satara,Khandala,5.0,1.0,4.0,4.0,0.0
2016,Satara,Faltan,9.0,1.0,7.0,5.0,2.0
2016,Satara,Man,19.0,2.0,15.0,14.0,0.0
2016,Satara,Khatav,2.0,1.0,2.0,2.0,0.0
2016,Satara,Koregaon,6.0,0.0,6.0,6.0,0.0
2016,Satara,Satara,0.0,0.0,0.0,0.0,0.0
2016,Satara,Javali,0.0,0.0,0.0,0.0,0.0
2016,Satara,Patan,0.0,0.0,0.0,0.0,0.0
2016,Satara,Karad,7.0,0.0,6.0,6.0,0.0
2017,Satara,Mahableshwar,0.0,0.0,0.0,0.0,0.0
2017,Satara,Vai,0.0,0.0,0.0,0.0,0.0
2017,Satara,Khandala,1.0,0.0,0.0,0.0,0.0
2017,Satara,Faltan,8.0,3.0,8.0,8.0,0.0
2017,Satara,Man,0.0,0.0,0.0,0.0,0.0
2017,Satara,Khatav,0.0,0.0,0.0,0.0,0.0
2017,Satara,Koregaon,2.0,2.0,2.0,2.0,0.0
2017,Satara,Satara,2.0,0.0,2.0,2.0,0.0
2017,Satara,Javali,0.0,0.0,0.0,0.0,0.0
2017,Satara,Patan,8.0,4.0,8.0,8.0,0.0
2017,Satara,Karad,0.0,0.0,0.0,0.0,0.0
2018,Satara,Mahableshwar,2.0,1.0,2.0,1.0,1.0
2018,Satara,Vai,2.0,0.0,2.0,2.0,0.0
2018,Satara,Khandala,5.0,0.0,5.0,5.0,0.0
2018,Satara,Faltan,13.0,1.0,11.0,10.0,1.0
2018,Satara,Man,0.0,0.0,0.0,0.0,0.0
2018,Satara,Khatav,1.0,0.0,1.0,1.0,0.0
2018,Satara,Koregaon,16.0,0.0,16.0,14.0,0.0
2018,Satara,Satara,0.0,0.0,0.0,0.0,0.0
2018,Satara,Javali,0.0,0.0,0.0,0.0,0.0
2018,Satara,Patan,16.0,2.0,15.0,13.0,2.0
2018,Satara,Karad,8.0,0.0,7.0,6.0,0.0
2019,Satara,Mahableshwar,0.0,0.0,0.0,0.0,1.0
2019,Satara,Vai,0.0,0.0,0.0,0.0,0.0
2019,Satara,Khandala,0.0,0.0,0.0,0.0,0.0
2019,Satara,Faltan,2.0,2.0,2.0,2.0,1.0
2019,Satara,Man,0.0,0.0,0.0,0.0,0.0
2019,Satara,Khatav,0.0,0.0,0.0,0.0,0.0
2019,Satara,Koregaon,0.0,0.0,0.0,0.0,0.0
2019,Satara,Satara,2.0,1.0,2.0,2.0,0.0
2019,Satara,Javali,0.0,0.0,0.0,0.0,0.0
2019,Satara,Patan,13.0,5.0,12.0,11.0,1.0
2019,Satara,Karad,0.0,0.0,0.0,0.0,0.0
2020,Satara,Mahableshwar,1.0,0.0,1.0,1.0,0.0
2020,Satara,Vai,0.0,0.0,0.0,0.0,0.0
2020,Satara,Khandala,0.0,0.0,0.0,0.0,0.0
2020,Satara,Faltan,0.0,0.0,0.0,0.0,0.0
2020,Satara,Man,5.0,1.0,5.0,5.0,0.0
2020,Satara,Khatav,0.0,0.0,0.0,0.0,0.0
2020,Satara,Koregaon,23.0,5.0,22.0,18.0,0.0
2020,Satara,Satara,0.0,0.0,0.0,0.0,0.0
2020,Satara,Javali,0.0,0.0,0.0,0.0,0.0
2020,Satara,Patan,3.0,0.0,3.0,3.0,0.0
2020,Satara,Karad,1.0,0.0,1.0,1.0,0.0
2021,Satara,Mahableshwar,0.0,0.0,0.0,0.0,0.0
2021,Satara,Vai,1.0,0.0,1.0,0.0,0.0
2021,Satara,Khandala,0.0,0.0,0.0,0.0,0.0
2021,Satara,Faltan,3.0,1.0,3.0,1.0,0.0
2021,Satara,Man,0.0,0.0,3.0,1.0,0.0
2021,Satara,Khatav,0.0,0.0,0.0,0.0,0.0
2021,Satara,Koregaon,0.0,0.0,6.0,1.0,0.0
2021,Satara,Satara,2.0,1.0,2.0,2.0,0.0
2021,Satara,Javali,1.0,0.0,1.0,0.0,0.0
2021,Satara,Patan,13.0,6.0,13.0,5.0,0.0
2021,Satara,Karad,0.0,0.0,0.0,0.0,0.0
2012,Sindhudurg,Devgad,17.0,0.0,16.0,16.0,0.0
2012,Sindhudurg,Vaibhavwadi,3.0,0.0,3.0,3.0,0.0
2012,Sindhudurg,Kankavali,13.0,0.0,10.0,10.0,0.0
2012,Sindhudurg,Malvan,10.0,0.0,10.0,10.0,0.0
2012,Sindhudurg,Vengurla,12.0,0.0,11.0,11.0,0.0
2012,Sindhudurg,Kudal,18.0,0.0,15.0,15.0,0.0
2012,Sindhudurg,Sawantwadi,26.0,0.0,23.0,23.0,0.0
2012,Sindhudurg,Dodamarg,2.0,0.0,1.0,1.0,0.0
2013,Sindhudurg,Devgad,11.0,0.0,11.0,11.0,0.0
2013,Sindhudurg,Vaibhavwadi,3.0,0.0,2.0,2.0,0.0
2013,Sindhudurg,Kankavali,17.0,0.0,17.0,17.0,0.0
2013,Sindhudurg,Malvan,0.0,0.0,0.0,0.0,0.0
2013,Sindhudurg,Vengurla,12.0,0.0,11.0,11.0,0.0
2013,Sindhudurg,Kudal,9.0,0.0,9.0,9.0,0.0
2013,Sindhudurg,Sawantwadi,42.0,0.0,36.0,36.0,0.0
2013,Sindhudurg,Dodamarg,6.0,0.0,6.0,6.0,0.0
2014,Sindhudurg,Devgad,16.0,0.0,15.0,15.0,0.0
2014,Sindhudurg,Vaibhavwadi,6.0,0.0,6.0,6.0,0.0
2014,Sindhudurg,Kankavali,33.0,0.0,32.0,32.0,0.0
2014,Sindhudurg,Malvan,6.0,0.0,6.0,6.0,0.0
2014,Sindhudurg,Vengurla,17.0,0.0,16.0,16.0,0.0
2014,Sindhudurg,Kudal,15.0,0.0,14.0,14.0,0.0
2014,Sindhudurg,Sawantwadi,9.0,0.0,6.0,6.0,0.0
2014,Sindhudurg,Dodamarg,8.0,0.0,7.0,7.0,0.0
2015,Sindhudurg,Devgad,26.0,1.0,26.0,22.0,0.0
2015,Sindhudurg,Vaibhavwadi,7.0,1.0,7.0,6.0,1.0
2015,Sindhudurg,Kankavali,9.0,0.0,9.0,8.0,0.0
2015,Sindhudurg,Malvan,1.0,1.0,1.0,1.0,0.0
2015,Sindhudurg,Vengurla,4.0,3.0,4.0,4.0,0.0
2015,Sindhudurg,Kudal,4.0,1.0,3.0,1.0,1.0
2015,Sindhudurg,Sawantwadi,13.0,3.0,11.0,11.0,0.0
2015,Sindhudurg,Dodamarg,10.0,1.0,9.0,8.0,0.0
2016,Sindhudurg,Devgad,17.0,0.0,15.0,15.0,0.0
2016,Sindhudurg,Vaibhavwadi,2.0,0.0,2.0,2.0,0.0
2016,Sindhudurg,Kankavali,14.0,2.0,10.0,8.0,2.0
2016,Sindhudurg,Malvan,7.0,2.0,6.0,4.0,2.0
2016,Sindhudurg,Vengurla,5.0,1.0,3.0,2.0,1.0
2016,Sindhudurg,Kudal,5.0,1.0,5.0,4.0,1.0
2016,Sindhudurg,Sawantwadi,5.0,1.0,5.0,4.0,1.0
2016,Sindhudurg,Dodamarg,0.0,0.0,0.0,0.0,0.0
2017,Sindhudurg,Devgad,17.0,1.0,13.0,12.0,1.0
2017,Sindhudurg,Vaibhavwadi,10.0,0.0,7.0,7.0,0.0
2017,Sindhudurg,Kankavali,11.0,2.0,9.0,7.0,2.0
2017,Sindhudurg,Malvan,6.0,3.0,6.0,3.0,3.0
2017,Sindhudurg,Vengurla,6.0,0.0,4.0,4.0,0.0
2017,Sindhudurg,Kudal,7.0,2.0,5.0,3.0,2.0
2017,Sindhudurg,Sawantwadi,13.0,1.0,12.0,11.0,1.0
2017,Sindhudurg,Dodamarg,5.0,0.0,3.0,3.0,0.0
2018,Sindhudurg,Devgad,7.0,5.0,7.0,2.0,5.0
2018,Sindhudurg,Vaibhavwadi,1.0,0.0,1.0,1.0,0.0
2018,Sindhudurg,Kankavali,2.0,2.0,2.0,0.0,2.0
2018,Sindhudurg,Malvan,6.0,6.0,6.0,0.0,6.0
2018,Sindhudurg,Vengurla,5.0,1.0,5.0,4.0,1.0
2018,Sindhudurg,Kudal,3.0,2.0,3.0,1.0,2.0
2018,Sindhudurg,Sawantwadi,6.0,3.0,5.0,2.0,3.0
2018,Sindhudurg,Dodamarg,0.0,0.0,0.0,0.0,0.0
2019,Sindhudurg,Devgad,13.0,2.0,9.0,4.0,5.0
2019,Sindhudurg,Vaibhavwadi,7.0,2.0,6.0,0.0,6.0
2019,Sindhudurg,Kankavali,13.0,2.0,7.0,3.0,4.0
2019,Sindhudurg,Malvan,6.0,1.0,6.0,1.0,5.0
2019,Sindhudurg,Vengurla,2.0,1.0,2.0,0.0,2.0
2019,Sindhudurg,Kudal,9.0,3.0,9.0,3.0,6.0
2019,Sindhudurg,Sawantwadi,7.0,3.0,6.0,3.0,3.0
2019,Sindhudurg,Dodamarg,2.0,0.0,1.0,1.0,0.0
2020,Sindhudurg,Devgad,11.0,5.0,11.0,6.0,5.0
2020,Sindhudurg,Vaibhavwadi,6.0,0.0,6.0,6.0,0.0
2020,Sindhudurg,Kankavali,9.0,3.0,8.0,2.0,3.0
2020,Sindhudurg,Malvan,7.0,6.0,7.0,1.0,6.0
2020,Sindhudurg,Vengurla,5.0,3.0,5.0,2.0,3.0
2020,Sindhudurg,Kudal,11.0,6.0,10.0,3.0,6.0
2020,Sindhudurg,Sawantwadi,4.0,2.0,4.0,2.0,2.0
2020,Sindhudurg,Dodamarg,7.0,1.0,7.0,6.0,1.0
2021,Sindhudurg,Devgad,3.0,2.0,2.0,0.0,2.0
2021,Sindhudurg,Vaibhavwadi,2.0,1.0,1.0,0.0,1.0
2021,Sindhudurg,Kankavali,4.0,2.0,3.0,1.0,2.0
2021,Sindhudurg,Malvan,2.0,1.0,2.0,1.0,1.0
2021,Sindhudurg,Vengurla,0.0,0.0,0.0,0.0,0.0
2021,Sindhudurg,Kudal,1.0,1.0,1.0,0.0,1.0
2021,Sindhudurg,Sawantwadi,0.0,0.0,0.0,0.0,0.0
2021,Sindhudurg,Dodamarg,12.0,12.0,12.0,0.0,12.0
2012,Thane,Thane,0.0,0.0,0.0,0.0,0.0
2012,Thane,Bhivandi,28.0,2.0,26.0,26.0,0.0
2012,Thane,Shahapur,25.0,5.0,20.0,20.0,0.0
2012,Thane,Kalyan,13.0,2.0,9.0,7.0,0.0
2012,Thane,Ulhasnagar,0.0,0.0,0.0,0.0,0.0
2012,Thane,Ambarnath,17.0,3.0,9.0,5.0,0.0
2012,Thane,Murbad,38.0,1.0,29.0,23.0,0.0
2013,Thane,Thane,0.0,0.0,0.0,0.0,0.0
2013,Thane,Bhivandi,30.0,4.0,22.0,22.0,0.0
2013,Thane,Shahapur,48.0,3.0,28.0,28.0,0.0
2013,Thane,Kalyan,34.0,8.0,30.0,30.0,0.0
2013,Thane,Ulhasnagar,0.0,0.0,0.0,0.0,0.0
2013,Thane,Ambarnath,9.0,3.0,8.0,8.0,0.0
2013,Thane,Murbad,49.0,8.0,29.0,29.0,0.0
2014,Thane,Thane,0.0,0.0,0.0,0.0,0.0
2014,Thane,Bhivandi,24.0,5.0,21.0,21.0,0.0
2014,Thane,Shahapur,23.0,6.0,14.0,14.0,0.0
2014,Thane,Kalyan,9.0,0.0,7.0,7.0,0.0
2014,Thane,Ulhasnagar,0.0,0.0,0.0,0.0,0.0
2014,Thane,Ambarnath,15.0,0.0,13.0,13.0,0.0
2014,Thane,Murbad,14.0,1.0,14.0,14.0,0.0
2015,Thane,Thane,0.0,0.0,0.0,0.0,0.0
2015,Thane,Bhivandi,23.0,4.0,17.0,15.0,0.0
2015,Thane,Shahapur,31.0,2.0,19.0,19.0,0.0
2015,Thane,Kalyan,3.0,0.0,2.0,2.0,0.0
2015,Thane,Ulhasnagar,0.0,0.0,0.0,0.0,0.0
2015,Thane,Ambarnath,4.0,0.0,2.0,2.0,0.0
2015,Thane,Murbad,28.0,5.0,19.0,19.0,0.0
2016,Thane,Thane,0.0,0.0,0.0,0.0,0.0
2016,Thane,Bhivandi,22.0,4.0,22.0,22.0,0.0
2016,Thane,Shahapur,10.0,1.0,10.0,10.0,0.0
2016,Thane,Kalyan,0.0,0.0,0.0,0.0,0.0
2016,Thane,Ulhasnagar,0.0,0.0,0.0,0.0,0.0
2016,Thane,Ambarnath,2.0,1.0,0.0,0.0,0.0
2016,Thane,Murbad,14.0,4.0,14.0,14.0,0.0
2017,Thane,Thane,0.0,0.0,0.0,0.0,0.0
2017,Thane,Bhivandi,50.0,43.0,42.0,42.0,0.0
2017,Thane,Shahapur,72.0,0.0,34.0,34.0,0.0
2017,Thane,Kalyan,12.0,0.0,10.0,10.0,0.0
2017,Thane,Ulhasnagar,0.0,0.0,0.0,0.0,0.0
2017,Thane,Ambarnath,11.0,0.0,7.0,7.0,0.0
2017,Thane,Murbad,43.0,0.0,30.0,30.0,0.0
2018,Thane,Thane,0.0,0.0,0.0,0.0,0.0
2018,Thane,Bhivandi,58.0,18.0,53.0,53.0,0.0
2018,Thane,Shahapur,45.0,8.0,30.0,30.0,0.0
2018,Thane,Kalyan,15.0,2.0,8.0,8.0,0.0
2018,Thane,Ulhasnagar,0.0,0.0,0.0,0.0,0.0
2018,Thane,Ambarnath,15.0,1.0,11.0,11.0,0.0
2018,Thane,Murbad,33.0,9.0,22.0,22.0,0.0
2019,Thane,Thane,0.0,0.0,0.0,0.0,0.0
2019,Thane,Bhivandi,71.0,17.0,65.0,65.0,0.0
2019,Thane,Shahapur,41.0,8.0,29.0,29.0,0.0
2019,Thane,Kalyan,20.0,2.0,16.0,12.0,0.0
2019,Thane,Ulhasnagar,0.0,0.0,0.0,0.0,0.0
2019,Thane,Ambarnath,20.0,5.0,15.0,15.0,0.0
2019,Thane,Murbad,26.0,4.0,18.0,18.0,0.0
2020,Thane,Thane,0.0,0.0,0.0,0.0,0.0
2020,Thane,Bhivandi,166.0,30.0,145.0,145.0,0.0
2020,Thane,Shahapur,86.0,22.0,72.0,72.0,0.0
2020,Thane,Kalyan,33.0,14.0,24.0,24.0,0.0
2020,Thane,Ulhasnagar,0.0,0.0,0.0,0.0,0.0
2020,Thane,Ambarnath,43.0,18.0,40.0,40.0,0.0
2020,Thane,Murbad,90.0,38.0,75.0,75.0,0.0
2021,Thane,Thane,0.0,0.0,0.0,0.0,0.0
2021,Thane,Bhivandi,84.0,22.0,59.0,59.0,0.0
2021,Thane,Shahapur,88.0,17.0,67.0,67.0,0.0
2021,Thane,Kalyan,27.0,12.0,20.0,20.0,0.0
2021,Thane,Ulhasnagar,0.0,0.0,0.0,0.0,0.0
2021,Thane,Ambarnath,8.0,4.0,8.0,8.0,0.0
2021,Thane,Murbad,81.0,28.0,50.0,50.0,0.0
2012,Wardha,Ashti,10.0,1.0,8.0,8.0,0.0
2012,Wardha,Karanja,6.0,1.0,5.0,4.0,1.0
2012,Wardha,Aarvi,8.0,1.0,8.0,7.0,0.0
2012,Wardha,Selu,3.0,0.0,3.0,3.0,0.0
2012,Wardha,Wardha,34.0,6.0,31.0,28.0,3.0
2012,Wardha,Devali,26.0,6.0,24.0,24.0,0.0
2012,Wardha,Hinganghat,11.0,1.0,9.0,8.0,1.0
2012,Wardha,Samudrapur,33.0,14.0,31.0,30.0,0.0
2013,Wardha,Ashti,10.0,1.0,10.0,10.0,0.0
2013,Wardha,Karanja,4.0,1.0,4.0,4.0,0.0
2013,Wardha,Aarvi,2.0,1.0,2.0,2.0,0.0
2013,Wardha,Selu,0.0,0.0,0.0,0.0,0.0
2013,Wardha,Wardha,43.0,2.0,43.0,43.0,0.0
2013,Wardha,Devali,17.0,0.0,17.0,17.0,0.0
2013,Wardha,Hinganghat,9.0,1.0,9.0,9.0,0.0
2013,Wardha,Samudrapur,13.0,1.0,13.0,13.0,0.0
2014,Wardha,Ashti,1.0,1.0,1.0,1.0,0.0
2014,Wardha,Karanja,3.0,1.0,3.0,3.0,0.0
2014,Wardha,Aarvi,9.0,1.0,7.0,7.0,0.0
2014,Wardha,Selu,16.0,1.0,15.0,15.0,0.0
2014,Wardha,Wardha,42.0,1.0,38.0,38.0,0.0
2014,Wardha,Devali,19.0,1.0,19.0,19.0,0.0
2014,Wardha,Hinganghat,8.0,1.0,8.0,7.0,0.0
2014,Wardha,Samudrapur,1.0,0.0,1.0,0.0,0.0
2015,Wardha,Ashti,1.0,1.0,1.0,1.0,0.0
2015,Wardha,Karanja,3.0,1.0,2.0,1.0,0.0
2015,Wardha,Aarvi,7.0,0.0,7.0,7.0,0.0
2015,Wardha,Selu,13.0,2.0,13.0,12.0,0.0
2015,Wardha,Wardha,64.0,4.0,59.0,56.0,0.0
2015,Wardha,Devali,21.0,3.0,20.0,20.0,0.0
2015,Wardha,Hinganghat,25.0,7.0,25.0,22.0,0.0
2015,Wardha,Samudrapur,17.0,4.0,17.0,17.0,0.0
2016,Wardha,Ashti,15.0,4.0,15.0,14.0,0.0
2016,Wardha,Karanja,9.0,0.0,8.0,7.0,0.0
2016,Wardha,Aarvi,24.0,8.0,23.0,23.0,0.0
2016,Wardha,Selu,23.0,8.0,23.0,23.0,0.0
2016,Wardha,Wardha,51.0,7.0,50.0,47.0,0.0
2016,Wardha,Devali,20.0,7.0,20.0,20.0,0.0
2016,Wardha,Hinganghat,61.0,16.0,59.0,48.0,0.0
2016,Wardha,Samudrapur,18.0,6.0,16.0,15.0,0.0
2017,Wardha,Ashti,0.0,0.0,0.0,0.0,0.0
2017,Wardha,Karanja,0.0,0.0,0.0,0.0,0.0
2017,Wardha,Aarvi,11.0,0.0,9.0,9.0,0.0
2017,Wardha,Selu,6.0,0.0,6.0,6.0,0.0
2017,Wardha,Wardha,49.0,0.0,47.0,43.0,0.0
2017,Wardha,Devali,5.0,1.0,5.0,5.0,0.0
2017,Wardha,Hinganghat,25.0,7.0,25.0,24.0,0.0
2017,Wardha,Samudrapur,10.0,0.0,9.0,9.0,0.0
2018,Wardha,Ashti,13.0,0.0,13.0,13.0,0.0
2018,Wardha,Karanja,2.0,0.0,2.0,2.0,0.0
2018,Wardha,Aarvi,26.0,2.0,24.0,24.0,0.0
2018,Wardha,Selu,20.0,2.0,18.0,18.0,0.0
2018,Wardha,Wardha,53.0,3.0,51.0,51.0,0.0
2018,Wardha,Devali,11.0,1.0,11.0,11.0,0.0
2018,Wardha,Hinganghat,28.0,2.0,25.0,25.0,0.0
2018,Wardha,Samudrapur,15.0,0.0,15.0,15.0,0.0
2019,Wardha,Ashti,15.0,0.0,13.0,12.0,0.0
2019,Wardha,Karanja,14.0,0.0,12.0,9.0,0.0
2019,Wardha,Aarvi,33.0,1.0,31.0,27.0,0.0
2019,Wardha,Selu,19.0,0.0,19.0,19.0,0.0
2019,Wardha,Wardha,108.0,0.0,101.0,95.0,0.0
2019,Wardha,Devali,29.0,0.0,28.0,25.0,0.0
2019,Wardha,Hinganghat,38.0,1.0,37.0,34.0,0.0
2019,Wardha,Samudrapur,31.0,0.0,29.0,25.0,0.0
2020,Wardha,Ashti,8.0,0.0,7.0,7.0,0.0
2020,Wardha,Karanja,4.0,0.0,4.0,3.0,0.0
2020,Wardha,Aarvi,12.0,0.0,11.0,11.0,0.0
2020,Wardha,Selu,4.0,0.0,4.0,4.0,0.0
2020,Wardha,Wardha,22.0,1.0,22.0,21.0,1.0
2020,Wardha,Devali,5.0,0.0,5.0,5.0,0.0
2020,Wardha,Hinganghat,9.0,0.0,8.0,8.0,0.0
2020,Wardha,Samudrapur,5.0,0.0,5.0,4.0,0.0
2021,Wardha,Ashti,18.0,0.0,17.0,16.0,0.0
2021,Wardha,Karanja,4.0,0.0,3.0,3.0,0.0
2021,Wardha,Aarvi,5.0,0.0,5.0,5.0,0.0
2021,Wardha,Selu,1.0,0.0,1.0,0.0,1.0
2021,Wardha,Wardha,17.0,1.0,17.0,17.0,0.0
2021,Wardha,Devali,15.0,0.0,15.0,15.0,0.0
2021,Wardha,Hinganghat,20.0,0.0,20.0,19.0,1.0
2021,Wardha,Samudrapur,10.0,0.0,10.0,9.0,1.0
2008,Washim,Malegaon,11.0,11.0,,,
2008,Washim,Mangrulpir,29.0,29.0,,,
2008,Washim,Karanja,45.0,45.0,2.0,,
2008,Washim,Manora,36.0,36.0,,,
2008,Washim,Washim,7.0,7.0,,,
2008,Washim,Resod,2.0,2.0,,,
2009,Washim,Malegaon,6.0,,5.0,5.0,
2009,Washim,Mangrulpir,13.0,1.0,13.0,13.0,
2009,Washim,Karanja,41.0,1.0,41.0,41.0,
2009,Washim,Manora,12.0,,12.0,12.0,
2009,Washim,Washim,9.0,1.0,9.0,8.0,
2009,Washim,Resod,5.0,,5.0,5.0,
2010,Washim,Malegaon,,,,,
2010,Washim,Mangrulpir,,,,,
2010,Washim,Karanja,7.0,,7.0,6.0,
2010,Washim,Manora,7.0,,7.0,7.0,
2010,Washim,Washim,2.0,,2.0,2.0,
2010,Washim,Resod,,,,,
2011,Washim,Malegaon,16.0,,10.0,9.0,
2011,Washim,Mangrulpir,7.0,,6.0,6.0,
2011,Washim,Karanja,14.0,2.0,14.0,14.0,
2011,Washim,Manora,23.0,4.0,23.0,23.0,
2011,Washim,Washim,11.0,,8.0,8.0,
2011,Washim,Resod,9.0,1.0,9.0,8.0,
2012,Washim,Malegaon,2.0,0.0,1.0,1.0,
2012,Washim,Mangrulpir,6.0,2.0,5.0,5.0,
2012,Washim,Karanja,10.0,3.0,9.0,9.0,
2012,Washim,Manora,2.0,0.0,1.0,1.0,
2012,Washim,Washim,9.0,2.0,9.0,7.0,1.0
2012,Washim,Resod,6.0,1.0,5.0,5.0,
2013,Washim,Malegaon,4.0,0.0,4.0,4.0,
2013,Washim,Mangrulpir,3.0,1.0,3.0,3.0,
2013,Washim,Karanja,3.0,0.0,3.0,3.0,
2013,Washim,Manora,20.0,4.0,20.0,20.0,
2013,Washim,Washim,6.0,1.0,6.0,6.0,
2013,Washim,Resod,4.0,1.0,4.0,4.0,
2014,Washim,Malegaon,14.0,,11.0,11.0,
2014,Washim,Mangrulpir,10.0,,9.0,9.0,
2014,Washim,Karanja,11.0,,11.0,11.0,
2014,Washim,Manora,9.0,,9.0,9.0,
2014,Washim,Washim,5.0,,5.0,5.0,
2014,Washim,Resod,8.0,,6.0,6.0,
2015,Washim,Malegaon,11.0,1.0,10.0,9.0,1.0
2015,Washim,Mangrulpir,8.0,,8.0,8.0,
2015,Washim,Karanja,10.0,,6.0,6.0,
2015,Washim,Manora,26.0,,21.0,21.0,
2015,Washim,Washim,12.0,,11.0,11.0,
2015,Washim,Resod,7.0,1.0,5.0,4.0,1.0
2016,Washim,Malegaon,,,,,
2016,Washim,Mangrulpir,,,,,
2016,Washim,Karanja,4.0,,4.0,4.0,
2016,Washim,Manora,1.0,,1.0,1.0,
2016,Washim,Washim,,,,,
2016,Washim,Resod,,,,,
2017,Washim,Malegaon,,,,,
2017,Washim,Mangrulpir,,,,,
2017,Washim,Karanja,,,,,
2017,Washim,Manora,,,,,
2017,Washim,Washim,,,,,
2017,Washim,Resod,,,,,
2018,Washim,Malegaon,,,,,
2018,Washim,Mangrulpir,,,,,
2018,Washim,Karanja,,,,,
2018,Washim,Manora,,,,,
2018,Washim,Washim,,,,,
2018,Washim,Resod,,,,,
2019,Washim,Malegaon,0.0,0.0,0.0,0.0,0.0
2019,Washim,Mangrulpir,0.0,0.0,0.0,0.0,0.0
2019,Washim,Karanja,0.0,0.0,0.0,0.0,0.0
2019,Washim,Manora,0.0,0.0,0.0,0.0,0.0
2019,Washim,Washim,1.0,0.0,1.0,1.0,0.0
2019,Washim,Resod,0.0,0.0,0.0,0.0,0.0
2020,Washim,Malegaon,0.0,0.0,0.0,0.0,0.0
2020,Washim,Mangrulpir,0.0,0.0,0.0,0.0,0.0
2020,Washim,Karanja,4.0,0.0,4.0,3.0,1.0
2020,Washim,Manora,0.0,0.0,0.0,0.0,0.0
2020,Washim,Washim,1.0,0.0,1.0,1.0,0.0
2020,Washim,Resod,0.0,0.0,0.0,0.0,0.0
2021,Washim,Malegaon,0.0,0.0,0.0,0.0,0.0
2021,Washim,Mangrulpir,0.0,0.0,0.0,0.0,0.0
2021,Washim,Karanja,0.0,0.0,0.0,0.0,0.0
2021,Washim,Manora,0.0,0.0,0.0,0.0,0.0
2021,Washim,Washim,0.0,0.0,0.0,0.0,0.0
2021,Washim,Resod,0.0,0.0,0.0,0.0,0.0
2012,Yavatmal,Ner,5.0,,5.0,5.0,
2012,Yavatmal,Babhulgaon,5.0,,5.0,5.0,
2012,Yavatmal,Kalamb,6.0,1.0,6.0,6.0,
2012,Yavatmal,Yavatmal,37.0,,35.0,34.0,1.0
2012,Yavatmal,Darvha,23.0,,20.0,19.0,1.0
2012,Yavatmal,Digras,10.0,1.0,8.0,8.0,
2012,Yavatmal,Pusad,6.0,,6.0,6.0,
2012,Yavatmal,Umarkhed,45.0,2.0,36.0,34.0,2.0
2012,Yavatmal,Mahagaon,14.0,1.0,14.0,13.0,1.0
2012,Yavatmal,Aarni,13.0,,13.0,13.0,
2012,Yavatmal,Ghantaji,10.0,,9.0,9.0,
2012,Yavatmal,Kelapur,14.0,,9.0,9.0,
2012,Yavatmal,Ralegaon,12.0,,12.0,12.0,
2012,Yavatmal,Maregaon,6.0,,6.0,5.0,1.0
2012,Yavatmal,Zari Jamani,9.0,,6.0,6.0,
2012,Yavatmal,Vani,8.0,4.0,8.0,8.0,
2013,Yavatmal,Ner,16.0,1.0,15.0,14.0,1.0
2013,Yavatmal,Babhulgaon,4.0,0.0,3.0,3.0,0.0
2013,Yavatmal,Kalamb,6.0,2.0,6.0,4.0,2.0
2013,Yavatmal,Yavatmal,45.0,1.0,36.0,35.0,1.0
2013,Yavatmal,Darvha,9.0,0.0,7.0,7.0,0.0
2013,Yavatmal,Digras,2.0,0.0,2.0,2.0,0.0
2013,Yavatmal,Pusad,5.0,0.0,5.0,5.0,0.0
2013,Yavatmal,Umarkhed,3.0,0.0,3.0,3.0,0.0
2013,Yavatmal,Mahagaon,2.0,0.0,1.0,1.0,0.0
2013,Yavatmal,Aarni,7.0,0.0,4.0,4.0,0.0
2013,Yavatmal,Ghantaji,1.0,0.0,1.0,1.0,0.0
2013,Yavatmal,Kelapur,5.0,0.0,5.0,5.0,0.0
2013,Yavatmal,Ralegaon,4.0,0.0,3.0,3.0,0.0
2013,Yavatmal,Maregaon,2.0,1.0,2.0,1.0,1.0
2013,Yavatmal,Zari Jamani,0.0,0.0,0.0,0.0,0.0
2013,Yavatmal,Vani,3.0,0.0,3.0,3.0,0.0
2014,Yavatmal,Ner,8.0,0.0,8.0,8.0,0.0
2014,Yavatmal,Babhulgaon,4.0,0.0,3.0,3.0,0.0
2014,Yavatmal,Kalamb,2.0,0.0,2.0,2.0,0.0
2014,Yavatmal,Yavatmal,24.0,2.0,24.0,22.0,2.0
2014,Yavatmal,Darvha,5.0,0.0,5.0,5.0,0.0
2014,Yavatmal,Digras,8.0,0.0,8.0,8.0,0.0
2014,Yavatmal,Pusad,5.0,0.0,3.0,3.0,0.0
2014,Yavatmal,Umarkhed,5.0,0.0,5.0,5.0,0.0
2014,Yavatmal,Mahagaon,1.0,0.0,1.0,1.0,0.0
2014,Yavatmal,Aarni,13.0,0.0,13.0,13.0,0.0
2014,Yavatmal,Ghantaji,9.0,0.0,9.0,9.0,0.0
2014,Yavatmal,Kelapur,2.0,0.0,2.0,2.0,0.0
2014,Yavatmal,Ralegaon,9.0,2.0,9.0,7.0,2.0
2014,Yavatmal,Maregaon,3.0,0.0,3.0,3.0,0.0
2014,Yavatmal,Zari Jamani,0.0,0.0,0.0,0.0,0.0
2014,Yavatmal,Vani,2.0,0.0,2.0,2.0,0.0
2015,Yavatmal,Ner,10.0,0.0,9.0,9.0,0.0
2015,Yavatmal,Babhulgaon,6.0,0.0,6.0,6.0,0.0
2015,Yavatmal,Kalamb,7.0,0.0,7.0,7.0,0.0
2015,Yavatmal,Yavatmal,54.0,3.0,53.0,49.0,3.0
2015,Yavatmal,Darvha,3.0,0.0,3.0,3.0,0.0
2015,Yavatmal,Digras,4.0,0.0,4.0,4.0,0.0
2015,Yavatmal,Pusad,6.0,0.0,6.0,6.0,0.0
2015,Yavatmal,Umarkhed,7.0,0.0,6.0,6.0,0.0
2015,Yavatmal,Mahagaon,27.0,0.0,27.0,27.0,0.0
2015,Yavatmal,Aarni,13.0,0.0,11.0,11.0,0.0
2015,Yavatmal,Ghantaji,14.0,0.0,11.0,11.0,0.0
2015,Yavatmal,Kelapur,4.0,0.0,4.0,4.0,0.0
2015,Yavatmal,Ralegaon,5.0,1.0,5.0,4.0,1.0
2015,Yavatmal,Maregaon,8.0,0.0,8.0,8.0,0.0
2015,Yavatmal,Zari Jamani,3.0,0.0,3.0,3.0,0.0
2015,Yavatmal,Vani,5.0,1.0,5.0,4.0,1.0
2016,Yavatmal,Ner,17.0,0.0,17.0,17.0,0.0
2016,Yavatmal,Babhulgaon,11.0,0.0,11.0,11.0,0.0
2016,Yavatmal,Kalamb,29.0,0.0,29.0,27.0,2.0
2016,Yavatmal,Yavatmal,125.0,0.0,125.0,120.0,5.0
2016,Yavatmal,Darvha,17.0,0.0,17.0,16.0,1.0
2016,Yavatmal,Digras,17.0,0.0,17.0,17.0,0.0
2016,Yavatmal,Pusad,13.0,0.0,13.0,13.0,0.0
2016,Yavatmal,Umarkhed,24.0,0.0,24.0,24.0,0.0
2016,Yavatmal,Mahagaon,13.0,0.0,13.0,13.0,0.0
2016,Yavatmal,Aarni,31.0,0.0,31.0,29.0,2.0
2016,Yavatmal,Ghantaji,29.0,0.0,29.0,28.0,1.0
2016,Yavatmal,Kelapur,7.0,0.0,7.0,7.0,0.0
2016,Yavatmal,Ralegaon,16.0,0.0,16.0,13.0,3.0
2016,Yavatmal,Maregaon,23.0,0.0,23.0,20.0,3.0
2016,Yavatmal,Zari Jamani,17.0,0.0,17.0,16.0,1.0
2016,Yavatmal,Vani,13.0,0.0,13.0,11.0,2.0
2017,Yavatmal,Ner,6.0,0.0,6.0,6.0,0.0
2017,Yavatmal,Babhulgaon,5.0,0.0,5.0,5.0,0.0
2017,Yavatmal,Kalamb,0.0,0.0,0.0,0.0,0.0
2017,Yavatmal,Yavatmal,12.0,0.0,12.0,12.0,0.0
2017,Yavatmal,Darvha,0.0,0.0,0.0,0.0,0.0
2017,Yavatmal,Digras,0.0,0.0,0.0,0.0,0.0
2017,Yavatmal,Pusad,1.0,0.0,1.0,1.0,0.0
2017,Yavatmal,Umarkhed,4.0,0.0,4.0,4.0,0.0
2017,Yavatmal,Mahagaon,0.0,0.0,0.0,0.0,0.0
2017,Yavatmal,Aarni,3.0,0.0,3.0,3.0,0.0
2017,Yavatmal,Ghantaji,1.0,0.0,1.0,1.0,0.0
2017,Yavatmal,Kelapur,0.0,0.0,0.0,0.0,0.0
2017,Yavatmal,Ralegaon,0.0,0.0,0.0,0.0,0.0
2017,Yavatmal,Maregaon,1.0,0.0,1.0,1.0,0.0
2017,Yavatmal,Zari Jamani,1.0,0.0,1.0,1.0,0.0
2017,Yavatmal,Vani,1.0,0.0,1.0,1.0,0.0
2018,Yavatmal,Ner,0.0,0.0,0.0,0.0,0.0
2018,Yavatmal,Babhulgaon,0.0,0.0,0.0,0.0,0.0
2018,Yavatmal,Kalamb,4.0,0.0,4.0,4.0,0.0
2018,Yavatmal,Yavatmal,13.0,0.0,13.0,13.0,0.0
2018,Yavatmal,Darvha,2.0,0.0,2.0,2.0,0.0
2018,Yavatmal,Digras,0.0,0.0,0.0,0.0,0.0
2018,Yavatmal,Pusad,1.0,0.0,1.0,1.0,0.0
2018,Yavatmal,Umarkhed,0.0,0.0,0.0,0.0,0.0
2018,Yavatmal,Mahagaon,0.0,0.0,0.0,0.0,0.0
2018,Yavatmal,Aarni,3.0,0.0,3.0,3.0,0.0
2018,Yavatmal,Ghantaji,0.0,0.0,0.0,0.0,0.0
2018,Yavatmal,Kelapur,0.0,0.0,0.0,0.0,0.0
2018,Yavatmal,Ralegaon,1.0,0.0,1.0,1.0,0.0
2018,Yavatmal,Maregaon,0.0,0.0,0.0,0.0,0.0
2018,Yavatmal,Zari Jamani,0.0,0.0,0.0,0.0,0.0
2018,Yavatmal,Vani,2.0,1.0,2.0,1.0,1.0
2019,Yavatmal,Ner,2.0,0.0,2.0,2.0,0.0
2019,Yavatmal,Babhulgaon,2.0,0.0,2.0,2.0,0.0
2019,Yavatmal,Kalamb,1.0,0.0,1.0,1.0,0.0
2019,Yavatmal,Yavatmal,3.0,0.0,3.0,2.0,1.0
2019,Yavatmal,Darvha,0.0,0.0,0.0,0.0,0.0
2019,Yavatmal,Digras,1.0,0.0,1.0,1.0,0.0
2019,Yavatmal,Pusad,0.0,0.0,0.0,0.0,0.0
2019,Yavatmal,Umarkhed,2.0,0.0,2.0,2.0,0.0
2019,Yavatmal,Mahagaon,5.0,0.0,5.0,5.0,0.0
2019,Yavatmal,Aarni,0.0,0.0,0.0,0.0,0.0
2019,Yavatmal,Ghantaji,1.0,0.0,1.0,1.0,0.0
2019,Yavatmal,Kelapur,0.0,0.0,0.0,0.0,0.0
2019,Yavatmal,Ralegaon,0.0,0.0,0.0,0.0,0.0
2019,Yavatmal,Maregaon,0.0,0.0,0.0,0.0,0.0
2019,Yavatmal,Zari Jamani,0.0,0.0,0.0,0.0,0.0
2019,Yavatmal,Vani,0.0,0.0,0.0,0.0,0.0
2020,Yavatmal,Ner,0.0,0.0,0.0,0.0,0.0
2020,Yavatmal,Babhulgaon,0.0,0.0,0.0,0.0,0.0
2020,Yavatmal,Kalamb,0.0,0.0,0.0,0.0,0.0
2020,Yavatmal,Yavatmal,0.0,0.0,0.0,0.0,0.0
2020,Yavatmal,Darvha,0.0,0.0,0.0,0.0,0.0
2020,Yavatmal,Digras,0.0,0.0,0.0,0.0,0.0
2020,Yavatmal,Pusad,0.0,0.0,0.0,0.0,0.0
2020,Yavatmal,Umarkhed,0.0,0.0,0.0,0.0,0.0
2020,Yavatmal,Mahagaon,0.0,0.0,0.0,0.0,0.0
2020,Yavatmal,Aarni,0.0,0.0,0.0,0.0,0.0
2020,Yavatmal,Ghantaji,0.0,0.0,0.0,0.0,0.0
2020,Yavatmal,Kelapur,0.0,0.0,0.0,0.0,0.0
2020,Yavatmal,Ralegaon,0.0,0.0,0.0,0.0,0.0
2020,Yavatmal,Maregaon,0.0,0.0,0.0,0.0,0.0
2020,Yavatmal,Zari Jamani,0.0,0.0,0.0,0.0,0.0
2020,Yavatmal,Vani,1.0,0.0,1.0,1.0,0.0
2021,Yavatmal,Ner,0.0,0.0,0.0,0.0,0.0
2021,Yavatmal,Babhulgaon,0.0,0.0,0.0,0.0,0.0
2021,Yavatmal,Kalamb,1.0,0.0,0.0,0.0,0.0
2021,Yavatmal,Yavatmal,0.0,0.0,0.0,0.0,0.0
2021,Yavatmal,Darvha,0.0,0.0,0.0,0.0,0.0
2021,Yavatmal,Digras,0.0,0.0,0.0,0.0,0.0
2021,Yavatmal,Pusad,0.0,0.0,0.0,0.0,0.0
2021,Yavatmal,Umarkhed,0.0,0.0,0.0,0.0,0.0
2021,Yavatmal,Mahagaon,0.0,0.0,0.0,0.0,0.0
2021,Yavatmal,Aarni,0.0,0.0,0.0,0.0,0.0
2021,Yavatmal,Ghantaji,1.0,0.0,1.0,1.0,0.0
2021,Yavatmal,Kelapur,0.0,0.0,0.0,0.0,0.0
2021,Yavatmal,Ralegaon,0.0,0.0,0.0,0.0,0.0
2021,Yavatmal,Maregaon,0.0,0.0,0.0,0.0,0.0
2021,Yavatmal,Zari Jamani,0.0,0.0,0.0,0.0,0.0
2021,Yavatmal,Vani,0.0,0.0,0.0,0.0,0.0
