Year,District,Taluka,Ponds or Village Lakes,Storage Dams,Irrigation Wells,Diesel Pumps,Electric Pumps
2009,Nandurbar,Akkalkuva,0.0,6,191.0,0,1908.0
2009,Nandurbar,Akrani,0.0,8,60.0,80,260.0
2009,Nandurbar,Nandurbar,0.0,47,236.0,633,11908.0
2009,Nandurbar,Navapur,0.0,10,192.0,597,6494.0
2009,Nandurbar,Shahada,0.0,11,121.0,673,12470.0
2009,Nandurbar,Taloda,0.0,4,9.0,0,4220.0
2009,Ratnagiri,Chiplun,0.0,51,73.0,30,
2009,Ratnagiri,Dapoli,2.0,56,1218.0,75,
2009,Ratnagiri,Guhagar,2.0,48,2021.0,31,
2009,Ratnagiri,Khed,1.0,82,49.0,47,
2009,Ratnagiri,Lanja,0.0,31,1070.0,103,
2009,Ratnagiri,Mandangad,1.0,16,232.0,50,
2009,Ratnagiri,Rajapur,2.0,17,787.0,34,
2009,Ratnagiri,Ratnagiri,0.0,39,1981.0,220,
2009,Ratnagiri,Sangameshwar,9.0,77,103.0,46,
2009,Washim,Karanja,11.0,--,3146.0,87,476.0
2009,Washim,Malegaon,30.0,--,2222.0,191,1112.0
2009,Washim,Mangrulpir,25.0,--,3215.0,134,1823.0
2009,Washim,Manora,16.0,--,896.0,84,812.0
2009,Washim,Resod,11.0,--,1951.0,195,1758.0
2009,Washim,Washim,30.0,--,2776.0,265,1250.0
2010,Nandurbar,Akkalkuva,0.0,6,191.0,40,1908.0
2010,Nandurbar,Akrani,0.0,20,60.0,80,260.0
2010,Nandurbar,Nandurbar,0.0,38,236.0,633,11979.0
2010,Nandurbar,Navapur,0.0,13,192.0,597,6494.0
2010,Nandurbar,Shahada,0.0,24,121.0,673,12582.0
2010,Nandurbar,Taloda,0.0,5,9.0,33,4220.0
2010,Ratnagiri,Chiplun,0.0,48,73.0,30,
2010,Ratnagiri,Dapoli,2.0,57,1218.0,75,
2010,Ratnagiri,Guhagar,2.0,57,2021.0,31,
2010,Ratnagiri,Khed,1.0,83,49.0,47,
2010,Ratnagiri,Lanja,0.0,31,1070.0,103,
2010,Ratnagiri,Mandangad,1.0,17,232.0,50,
2010,Ratnagiri,Rajapur,2.0,19,787.0,34,
2010,Ratnagiri,Ratnagiri,0.0,79,1981.0,220,
2010,Ratnagiri,Sangameshwar,3.0,41,103.0,46,
2010,Washim,Karanja,12.0,--,3146.0,87,476.0
2010,Washim,Malegaon,34.0,--,2222.0,191,1112.0
2010,Washim,Mangrulpir,26.0,--,3215.0,134,1823.0
2010,Washim,Manora,18.0,--,896.0,84,812.0
2010,Washim,Resod,15.0,--,1951.0,195,1758.0
2010,Washim,Washim,35.0,--,2776.0,265,1250.0
2011,Nandurbar,Akkalkuva,0.0,32,236.0,49,1560.0
2011,Nandurbar,Akrani,0.0,42,13.0,91,661.0
2011,Nandurbar,Nandurbar,0.0,111,304.0,689,13132.0
2011,Nandurbar,Navapur,0.0,93,113.0,621,7469.0
2011,Nandurbar,Shahada,0.0,69,108.0,708,13579.0
2011,Nandurbar,Taloda,0.0,21,8.0,43,5228.0
2011,Pune,Aambegaon,1.0,3,147.0,88,59.0
2011,Pune,Baramati,0.0,10,211.0,127,84.0
2011,Pune,Bhor,0.0,7,136.0,82,54.0
2011,Pune,Daund,0.0,5,141.0,85,56.0
2011,Pune,Haveli,0.0,0,61.0,37,24.0
2011,Pune,Indapur,0.0,2,184.0,110,74.0
2011,Pune,Junnar,0.0,18,143.0,86,57.0
2011,Pune,Khed,2.0,1,172.0,103,69.0
2011,Pune,Maval,0.0,3,45.0,27,18.0
2011,Pune,Mulashi,0.0,1,17.0,10,7.0
2011,Pune,Pune City,0.0,0,0.0,0,0.0
2011,Pune,Purandar,0.0,7,115.0,69,46.0
2011,Pune,Shirur,2.0,3,123.0,74,49.0
2011,Pune,Welhe,0.0,2,106.0,64,42.0
2011,Ratnagiri,Chiplun,0.0,49,73.0,30,
2011,Ratnagiri,Dapoli,2.0,58,1218.0,75,
2011,Ratnagiri,Guhagar,2.0,57,2021.0,31,
2011,Ratnagiri,Khed,1.0,83,49.0,47,
2011,Ratnagiri,Lanja,0.0,32,1070.0,103,
2011,Ratnagiri,Mandangad,1.0,17,232.0,50,
2011,Ratnagiri,Rajapur,2.0,19,787.0,34,
2011,Ratnagiri,Ratnagiri,0.0,79,1981.0,220,
2011,Ratnagiri,Sangameshwar,3.0,41,103.0,46,
2011,Washim,Karanja,12.0,2,3146.0,87,476.0
2011,Washim,Malegaon,34.0,0,2222.0,191,1112.0
2011,Washim,Mangrulpir,26.0,0,3215.0,134,1823.0
2011,Washim,Manora,18.0,0,896.0,84,812.0
2011,Washim,Resod,15.0,1,1951.0,195,1758.0
2011,Washim,Washim,35.0,1,2776.0,265,1250.0
2012,Ahilyanagar,Akole,115.0,222,725.0,430,2463.0
2012,Ahilyanagar,Jamkhed,99.0,61,758.0,30,2650.0
2012,Ahilyanagar,Karjat,141.0,84,745.0,192,11230.0
2012,Ahilyanagar,Kopargaon,32.0,60,576.0,0,4190.0
2012,Ahilyanagar,Nagar,224.0,96,503.0,50,14950.0
2012,Ahilyanagar,Nevasa,12.0,77,518.0,0,19021.0
2012,Ahilyanagar,Parner,346.0,95,545.0,120,8380.0
2012,Ahilyanagar,Pathardi,144.0,146,782.0,166,9295.0
2012,Ahilyanagar,Rahata,0.0,25,104.0,0,8799.0
2012,Ahilyanagar,Rahuri,45.0,34,377.0,42,14325.0
2012,Ahilyanagar,Sangamner,168.0,136,950.0,150,13330.0
2012,Ahilyanagar,Shevgaon,41.0,69,832.0,102,4275.0
2012,Ahilyanagar,Srigonda,201.0,71,408.0,340,10005.0
2012,Ahilyanagar,Srirampur,19.0,53,297.0,0,9987.0
2012,Akola,Akola,2.0,0,1709.0,88,4031.0
2012,Akola,Akot,7.0,3,1026.0,29,7667.0
2012,Akola,Balapur,5.0,0,1158.0,52,4387.0
2012,Akola,Barshitakali,25.0,0,1550.0,49,6686.0
2012,Akola,Murtijapur,6.0,0,2246.0,42,4066.0
2012,Akola,Patur,11.0,0,2684.0,74,5855.0
2012,Akola,Telhara,3.0,0,5711.0,50,9067.0
2012,Amravati,Achalpur,11.0,54,8115.0,0,3580.0
2012,Amravati,Amravati,9.0,24,3374.0,0,3331.0
2012,Amravati,Anjangaon Su,1.0,3,1723.0,0,1723.0
2012,Amravati,Bhatkuli,,17,0.0,4,200.0
2012,Amravati,Chandur Railway,3.0,101,2935.0,0,2810.0
2012,Amravati,Chandurbazar,4.0,40,6371.0,5022,5721.0
2012,Amravati,Chikhraldara,28.0,182,90.0,465,428.0
2012,Amravati,Daryapur,1.0,26,0.0,0,0.0
2012,Amravati,Dhamangaon Re,2.0,7,2308.0,55,711.0
2012,Amravati,Dharani,15.0,143,132.0,8,15.0
2012,Amravati,Morshi,4.0,62,10920.0,15,10604.0
2012,Amravati,Nandgaon Kh,9.0,53,3252.0,15,2455.0
2012,Amravati,Tivas,9.0,39,3624.0,36,3630.0
2012,Amravati,Warud,15.0,56,20206.0,7,0.0
2012,Bhandara,Bhandara,5.0,10,1593.0,189,565.0
2012,Bhandara,Lakhandur,0.0,14,3335.0,108,3542.0
2012,Bhandara,Lakhani,2.0,20,2058.0,60,483.0
2012,Bhandara,Mohadi,3.0,14,2610.0,423,1575.0
2012,Bhandara,Pavani,2.0,15,1067.0,582,3455.0
2012,Bhandara,Sakoli,0.0,38,1714.0,120,920.0
2012,Bhandara,Tumsar,3.0,34,2968.0,731,2442.0
2012,Chandrapur,Ballarpur,1.0,0,1841.0,210,1296.0
2012,Chandrapur,Bhadravati,0.0,0,2486.0,461,1945.0
2012,Chandrapur,Bramhapuri,0.0,0,3456.0,399,2910.0
2012,Chandrapur,Chandrapur,1.0,0,2347.0,327,1990.0
2012,Chandrapur,Chimur,0.0,0,4825.0,491,4012.0
2012,Chandrapur,Gondpipari,0.0,0,2201.0,481,1712.0
2012,Chandrapur,Jivati,0.0,0,345.0,32,267.0
2012,Chandrapur,Korpana,0.0,0,5146.0,527,4573.0
2012,Chandrapur,Mul,0.0,0,2011.0,321,1581.0
2012,Chandrapur,Nagbhid,0.0,0,3129.0,277,2654.0
2012,Chandrapur,Ponbhurna,0.0,0,1329.0,213,1075.0
2012,Chandrapur,Rajura,0.0,0,5046.0,476,4467.0
2012,Chandrapur,Savali,0.0,0,1355.0,261,985.0
2012,Chandrapur,Sindevahi,0.0,0,3010.0,467,2514.0
2012,Chandrapur,Varora,3.0,0,6311.0,518,5201.0
2012,Dharashiv,Bhum,191.0,69,502.0,10,70.0
2012,Dharashiv,Dharashiv,231.0,240,631.0,89,128.0
2012,Dharashiv,Kalamb,194.0,185,962.0,31,143.0
2012,Dharashiv,Lohara,49.0,70,186.0,43,75.0
2012,Dharashiv,Paranda,187.0,77,684.0,151,62.0
2012,Dharashiv,Tuljapur,276.0,113,632.0,260,93.0
2012,Dharashiv,Umaraga,87.0,216,563.0,83,152.0
2012,Dharashiv,Washi,102.0,52,253.0,175,76.0
2012,Dhule,Dhule,385.0,245,4519.0,0,1875.0
2012,Dhule,Sakri,459.0,557,2143.0,700,1738.0
2012,Dhule,Shindkheda,223.0,113,5280.0,0,2302.0
2012,Dhule,Shirpur,176.0,118,5533.0,25,5185.0
2012,Gadchiroli,Aarmori,0.0,0,833.0,107,1305.0
2012,Gadchiroli,Aheri,0.0,0,957.0,314,163.0
2012,Gadchiroli,Bhamragad,0.0,0,309.0,159,3.0
2012,Gadchiroli,Chomoshi,0.0,0,1221.0,142,1254.0
2012,Gadchiroli,Desaiganj,0.0,0,634.0,37,1413.0
2012,Gadchiroli,Dhanora,0.0,0,867.0,391,150.0
2012,Gadchiroli,Etapalli,0.0,0,929.0,358,19.0
2012,Gadchiroli,Gadchiroli,0.0,0,1292.0,412,745.0
2012,Gadchiroli,Korachi,0.0,0,324.0,66,75.0
2012,Gadchiroli,Kurkheda,0.0,0,1726.0,699,1729.0
2012,Gadchiroli,Mulchera,0.0,0,574.0,165,145.0
2012,Gadchiroli,Sironcha,0.0,0,1272.0,84,1605.0
2012,Gondia,Aamgaon,6.0,47,655.0,444,2050.0
2012,Gondia,Arjuni Morgaon,,112,1028.0,299,3103.0
2012,Gondia,Devari,2.0,118,563.0,271,1715.0
2012,Gondia,Gondia,6.0,130,1051.0,721,3405.0
2012,Gondia,Goregaon,4.0,134,734.0,431,1423.0
2012,Gondia,Sadak Arjuni,,102,779.0,409,2843.0
2012,Gondia,Salekasa,6.0,127,805.0,190,1387.0
2012,Gondia,Tiroda,2.0,191,766.0,174,2879.0
2012,Hingoli,Aundha Na,11.0,,3224.0,156,
2012,Hingoli,Hingoli,17.0,,3039.0,294,
2012,Hingoli,Kalamanuri,19.0,,1990.0,314,
2012,Hingoli,Sengaon,51.0,43,7351.0,75,
2012,Hingoli,Vasamat,13.0,,5441.0,79,
2012,Kolhapur,Ajara,7.0,,529.0,,3519.0
2012,Kolhapur,Bhudargad,4.0,,1540.0,,4227.0
2012,Kolhapur,Chandgad,11.0,,922.0,,7083.0
2012,Kolhapur,Gadhinglaj,20.0,,3946.0,,10177.0
2012,Kolhapur,Gaganbavada,0.0,,306.0,,1816.0
2012,Kolhapur,Hatkanangale,17.0,,7283.0,,20914.0
2012,Kolhapur,Kagal,22.0,,4008.0,,11937.0
2012,Kolhapur,Karveer,10.0,,3494.0,,12707.0
2012,Kolhapur,Panhala,11.0,,1524.0,,11157.0
2012,Kolhapur,Radhanagari,9.0,,1259.0,,4582.0
2012,Kolhapur,Shahuwadi,32.0,,638.0,,3506.0
2012,Kolhapur,Shirol,4.0,,3429.0,,15138.0
2012,Latur,Ahamadpur,29.0,,,110,111.0
2012,Latur,Aosa,54.0,,,182,324.0
2012,Latur,Chakur,8.0,,,156,133.0
2012,Latur,Devani,9.0,,,153,44.0
2012,Latur,Jalkot,49.0,,,176,105.0
2012,Latur,Latur,33.0,,,126,191.0
2012,Latur,Nilanga,18.0,,,125,248.0
2012,Latur,Renapur,13.0,,,66,95.0
2012,Latur,Shirur-Anantpal,1.0,,,75,92.0
2012,Latur,Udgir,46.0,,,304,242.0
2012,Nagpur,Bhiwapur,3.0,59,4040.0,19,4176.0
2012,Nagpur,Hingana,4.0,69,3953.0,88,6924.0
2012,Nagpur,Kalameshwar,3.0,37,6511.0,50,9008.0
2012,Nagpur,Kamathi,0.0,25,2141.0,51,528.0
2012,Nagpur,Katol,16.0,147,11800.0,80,10561.0
2012,Nagpur,Kuhi,8.0,43,7302.0,126,7489.0
2012,Nagpur,Mauda,0.0,67,1266.0,69,5692.0
2012,Nagpur,Nagpur (gra),0.0,19,2035.0,40,2900.0
2012,Nagpur,Nagpur (sh),0.0,0,64.0,26,268.0
2012,Nagpur,Narkhed,15.0,120,14175.0,101,15401.0
2012,Nagpur,Parashivani,5.0,57,1319.0,138,2481.0
2012,Nagpur,Ramtech,0.0,139,1235.0,151,4043.0
2012,Nagpur,Sawner,1.0,47,5454.0,40,6365.0
2012,Nagpur,Umred,1.0,129,3591.0,31,3843.0
2012,Nandurbar,Akkalkuva,0.0,32,477.0,75,1569.0
2012,Nandurbar,Akrani,0.0,42,108.0,101,729.0
2012,Nandurbar,Nandurbar,0.0,111,240.0,698,13336.0
2012,Nandurbar,Navapur,0.0,93,166.0,653,7771.0
2012,Nandurbar,Shahada,0.0,69,243.0,753,14057.0
2012,Nandurbar,Taloda,0.0,21,9.0,51,5164.0
2012,Nashik,Baglan,104.0,,22691.0,427,16625.0
2012,Nashik,Chandwad,42.0,114,8932.0,92,8331.0
2012,Nashik,Devala,5.0,,1021.0,0,0.0
2012,Nashik,Dindori,37.0,,16684.0,394,12981.0
2012,Nashik,Igatpuri,14.0,,1052.0,226,84.0
2012,Nashik,Kalwan,80.0,,9212.0,21,8927.0
2012,Nashik,Malegaon,157.0,124,13948.0,1618,6078.0
2012,Nashik,Nandgaon,44.0,63,7795.0,2237,1470.0
2012,Nashik,Nashik,16.0,,12098.0,5,10098.0
2012,Nashik,Nifad,4.0,92,30370.0,220,27605.0
2012,Nashik,Peth,30.0,,425.0,35,0.0
2012,Nashik,Sinner,66.0,62,24493.0,19,195.0
2012,Nashik,Surgana,48.0,,299.0,0,0.0
2012,Nashik,Trimbak,5.0,,1291.0,65,315.0
2012,Nashik,Yewala,40.0,83,3560.0,0,3500.0
2012,Pune,Aambegaon,5.0,15,147.0,102,45.0
2012,Pune,Baramati,0.0,11,235.0,164,71.0
2012,Pune,Bhor,0.0,8,136.0,95,41.0
2012,Pune,Daund,0.0,8,148.0,103,45.0
2012,Pune,Haveli,0.0,2,61.0,42,19.0
2012,Pune,Indapur,0.0,9,203.0,142,61.0
2012,Pune,Junnar,1.0,31,154.0,107,47.0
2012,Pune,Khed,4.0,1,172.0,120,52.0
2012,Pune,Maval,0.0,7,45.0,31,14.0
2012,Pune,Mulashi,0.0,2,17.0,11,6.0
2012,Pune,Pune City,0.0,0,0.0,0,0.0
2012,Pune,Purandar,1.0,7,116.0,81,35.0
2012,Pune,Shirur,3.0,10,123.0,86,37.0
2012,Pune,Welhe,0.0,3,106.0,74,32.0
2012,Raigad,Alibag,3.0,9,2612.0,22,5339.0
2012,Raigad,Karjat,5.0,37,129.0,0,1101.0
2012,Raigad,Khalapur,8.0,5,60.0,6,314.0
2012,Raigad,Mahad,0.0,0,15.0,0,223.0
2012,Raigad,Mangaon,7.0,0,0.0,17,371.0
2012,Raigad,Mhasala,2.0,0,7.0,3,211.0
2012,Raigad,Murud,1.0,0,547.0,60,1501.0
2012,Raigad,Panwel,2.0,1,784.0,91,1011.0
2012,Raigad,Pen,1.0,3,31.0,0,258.0
2012,Raigad,Poladpur,0.0,0,4.0,0,146.0
2012,Raigad,Roha,6.0,0,10.0,0,562.0
2012,Raigad,Shreevardhan,0.0,0,1152.0,107,1700.0
2012,Raigad,Sudhagad,3.0,2,25.0,0,362.0
2012,Raigad,Tala,0.0,0,32.0,0,79.0
2012,Raigad,Uran,0.0,0,18.0,26,175.0
2012,Ratnagiri,Chiplun,0.0,70,73.0,30,
2012,Ratnagiri,Dapoli,2.0,58,1218.0,75,
2012,Ratnagiri,Guhagar,2.0,65,2021.0,31,
2012,Ratnagiri,Khed,1.0,83,49.0,47,
2012,Ratnagiri,Lanja,0.0,31,1070.0,103,
2012,Ratnagiri,Mandangad,1.0,17,232.0,50,
2012,Ratnagiri,Rajapur,2.0,19,787.0,34,
2012,Ratnagiri,Ratnagiri,0.0,70,1981.0,220,
2012,Ratnagiri,Sangameshwar,9.0,60,103.0,46,
2012,Sangli,Aatpadi,201.0,98,2675.0,210,12257.0
2012,Sangli,Jat,172.0,15,10466.0,1350,28830.0
2012,Sangli,Kadegaon,59.0,0,,,15156.0
2012,Sangli,Khanapur,71.0,5,9226.0,580,9616.0
2012,Sangli,Ku. Mahakal,143.0,20,7100.0,555,15981.0
2012,Sangli,Miraj,48.0,0,9294.0,1020,26420.0
2012,Sangli,Palus,7.0,0,,,14065.0
2012,Sangli,Shirala,50.0,0,2641.0,540,5900.0
2012,Sangli,Tasgaon,65.0,3,7910.0,430,22076.0
2012,Sangli,Valava,26.0,0,4752.0,30,28184.0
2012,Satara,Faltan,90.0,109,10552.0,4204,21047.0
2012,Satara,Javali,6.0,7,590.0,283,2431.0
2012,Satara,Karad,56.0,18,5529.0,6270,24794.0
2012,Satara,Khandala,51.0,41,2445.0,371,9013.0
2012,Satara,Khatav,162.0,35,6599.0,801,21919.0
2012,Satara,Koregaon,110.0,33,6516.0,1220,17177.0
2012,Satara,Mahableshwar,0.0,0,249.0,36,1845.0
2012,Satara,Man,213.0,69,4637.0,303,14495.0
2012,Satara,Patan,15.0,41,1405.0,139,2876.0
2012,Satara,Satara,12.0,2,2853.0,377,14092.0
2012,Satara,Vai,22.0,33,5191.0,42,9048.0
2012,Sindhudurg,Devgad,0.0,12,2882.0,47,
2012,Sindhudurg,Dodamarg,1.0,0,429.0,69,
2012,Sindhudurg,Kankavali,4.0,24,3106.0,69,
2012,Sindhudurg,Kudal,2.0,0,3741.0,148,
2012,Sindhudurg,Malvan,2.0,4,2094.0,136,
2012,Sindhudurg,Sawantwadi,0.0,8,1814.0,244,
2012,Sindhudurg,Vaibhavwadi,1.0,4,93.0,66,
2012,Sindhudurg,Vengurla,0.0,4,2646.0,114,
2012,Thane,Ambarnath,10.0,0,278.0,0,
2012,Thane,Bhivandi,2.0,0,770.0,28,
2012,Thane,Kalyan,7.0,0,284.0,6,
2012,Thane,Murbad,29.0,0,464.0,5,
2012,Thane,Shahapur,15.0,0,606.0,21,
2012,Thane,Thane,0.0,0,0.0,6,
2012,Thane,Ulhasnagar,0.0,0,0.0,0,
2012,Wardha,Aarvi,15.0,14,3848.0,80,5312.0
2012,Wardha,Ashti,2.0,6,4369.0,112,6905.0
2012,Wardha,Devali,3.0,9,2727.0,59,7888.0
2012,Wardha,Hinganghat,1.0,12,3526.0,198,7885.0
2012,Wardha,Karanja,13.0,17,4409.0,286,3707.0
2012,Wardha,Samudrapur,4.0,8,3041.0,561,5677.0
2012,Wardha,Selu,1.0,12,4403.0,85,6502.0
2012,Wardha,Wardha,6.0,14,4103.0,178,11002.0
2012,Washim,Karanja,12.0,0,3146.0,87,476.0
2012,Washim,Malegaon,37.0,2,2222.0,191,112.0
2012,Washim,Mangrulpir,26.0,4,3215.0,134,1823.0
2012,Washim,Manora,20.0,0,896.0,84,812.0
2012,Washim,Resod,15.0,1,1951.0,195,1758.0
2012,Washim,Washim,35.0,0,2776.0,265,1250.0
2012,Yavatmal,Aarni,7.0,,21.0,,6915.0
2012,Yavatmal,Babhulgaon,6.0,,197.0,,4389.0
2012,Yavatmal,Darvha,20.0,,182.0,,6951.0
2012,Yavatmal,Digras,7.0,,67.0,,4917.0
2012,Yavatmal,Ghantaji,14.0,2,397.0,,5725.0
2012,Yavatmal,Kalamb,16.0,,234.0,,2794.0
2012,Yavatmal,Kelapur,16.0,,64.0,,3329.0
2012,Yavatmal,Mahagaon,18.0,,1453.0,,10618.0
2012,Yavatmal,Maregaon,10.0,,81.0,,1687.0
2012,Yavatmal,Ner,18.0,,126.0,,5621.0
2012,Yavatmal,Pusad,39.0,4,2055.0,,12007.0
2012,Yavatmal,Ralegaon,21.0,,304.0,,3385.0
2012,Yavatmal,Umarkhed,15.0,,482.0,,11957.0
2012,Yavatmal,Vani,4.0,,76.0,,3430.0
2012,Yavatmal,Yavatmal,31.0,,888.0,,5897.0
2012,Yavatmal,Zari Jamani,9.0,,102.0,,3685.0
2013,Ahilyanagar,Akole,115.0,223,3660.0,430,2648.0
2013,Ahilyanagar,Jamkhed,99.0,64,6023.0,51,4783.0
2013,Ahilyanagar,Karjat,141.0,86,14559.0,110,11792.0
2013,Ahilyanagar,Kopargaon,32.0,63,4647.0,0,4400.0
2013,Ahilyanagar,Nagar,224.0,99,19504.0,50,17383.0
2013,Ahilyanagar,Nevasa,12.0,73,11603.0,0,9972.0
2013,Ahilyanagar,Parner,346.0,90,18263.0,92,14511.0
2013,Ahilyanagar,Pathardi,144.0,136,10735.0,166,9676.0
2013,Ahilyanagar,Rahata,0.0,25,16541.0,0,12239.0
2013,Ahilyanagar,Rahuri,45.0,38,22254.0,71,19041.0
2013,Ahilyanagar,Sangamner,168.0,94,14129.0,150,12997.0
2013,Ahilyanagar,Shevgaon,41.0,68,7021.0,102,5814.0
2013,Ahilyanagar,Srigonda,201.0,65,8006.0,288,6205.0
2013,Ahilyanagar,Srirampur,19.0,42,10316.0,0,9366.0
2013,Akola,Akola,2.0,0,1839.0,88,4297.0
2013,Akola,Akot,7.0,3,1073.0,29,7881.0
2013,Akola,Balapur,5.0,0,1361.0,52,4813.0
2013,Akola,Barshitakali,25.0,0,1550.0,49,6903.0
2013,Akola,Murtijapur,6.0,0,2459.0,42,4307.0
2013,Akola,Patur,11.0,0,2744.0,74,6248.0
2013,Akola,Telhara,3.0,0,5711.0,50,9968.0
2013,Amravati,Achalpur,8.0,9,668.0,,307.0
2013,Amravati,Amravati,8.0,0,694.0,,125.0
2013,Amravati,Anjangaon Su,1.0,4,1728.0,,921.0
2013,Amravati,Bhatkuli,0.0,2,358.0,,
2013,Amravati,Chandur Railway,4.0,1,915.0,,174.0
2013,Amravati,Chandurbazar,6.0,2,201.0,,
2013,Amravati,Chikhraldara,12.0,2,139.0,,
2013,Amravati,Daryapur,1.0,4,48.0,,
2013,Amravati,Dhamangaon Re,1.0,0,539.0,,
2013,Amravati,Dharani,14.0,0,466.0,,228.0
2013,Amravati,Morshi,4.0,3,401.0,,
2013,Amravati,Nandgaon Kh,4.0,1,1157.0,,131.0
2013,Amravati,Tivas,7.0,2,591.0,,84.0
2013,Amravati,Warud,13.0,2,1459.0,,90.0
2013,Beed,Ambajogai,68.0,0,56.0,25,9880.0
2013,Beed,Ashti,44.0,0,119.0,115,400.0
2013,Beed,Beed,42.0,0,178.0,355,7500.0
2013,Beed,Cage,110.0,0,111.0,272,3210.0
2013,Beed,Dharur,94.0,0,23.0,30,1500.0
2013,Beed,Gevrai,4.0,0,0.0,25,500.0
2013,Beed,Majalgaon,12.0,0,60.0,23,2394.0
2013,Beed,Parli,55.0,0,73.0,0,980.0
2013,Beed,Patoda,43.0,0,59.0,70,2600.0
2013,Beed,Shirur Kasar,40.0,0,71.0,0,400.0
2013,Beed,Wadwani,12.0,0,45.0,105,510.0
2013,Bhandara,Bhandara,5.0,10,1593.0,189,3466.0
2013,Bhandara,Lakhandur,0.0,41,1563.0,839,4823.0
2013,Bhandara,Lakhani,2.0,35,2058.0,60,4327.0
2013,Bhandara,Mohadi,3.0,14,2610.0,423,4806.0
2013,Bhandara,Pavani,2.0,18,1067.0,582,7250.0
2013,Bhandara,Sakoli,0.0,70,1737.0,202,4332.0
2013,Bhandara,Tumsar,3.0,38,2968.0,731,4924.0
2013,Buldhana,Buldhana,6.0,,,,14795.0
2013,Buldhana,Chikhali,24.0,,,,13429.0
2013,Buldhana,Deulgaon Raja,11.0,,,,9015.0
2013,Buldhana,Jalgaon Jamod,4.0,,,,9026.0
2013,Buldhana,Khamgaon,7.0,,,,13754.0
2013,Buldhana,Lonar,7.0,,,,7967.0
2013,Buldhana,Malkapur,2.0,,,,6862.0
2013,Buldhana,Mehkar,11.0,,,,10605.0
2013,Buldhana,Motala,8.0,,,,11358.0
2013,Buldhana,Nandura,0.0,,,,8797.0
2013,Buldhana,Sangrampur,2.0,,,,8704.0
2013,Buldhana,Shegaon,0.0,,,,2321.0
2013,Buldhana,Sindkhed Raja,28.0,,,,12475.0
2013,Chandrapur,Ballarpur,1.0,0,1845.0,213,1297.0
2013,Chandrapur,Bhadravati,0.0,0,2487.0,463,1946.0
2013,Chandrapur,Bramhapuri,0.0,0,3457.0,400,2911.0
2013,Chandrapur,Chandrapur,1.0,0,2350.0,329,1991.0
2013,Chandrapur,Chimur,0.0,0,4828.0,492,4015.0
2013,Chandrapur,Gondpipari,0.0,0,2202.0,481,1713.0
2013,Chandrapur,Jivati,0.0,0,348.0,35,268.0
2013,Chandrapur,Korpana,0.0,0,5148.0,528,4574.0
2013,Chandrapur,Mul,0.0,0,2017.0,325,1583.0
2013,Chandrapur,Nagbhid,0.0,0,3129.0,277,2654.0
2013,Chandrapur,Ponbhurna,0.0,0,1333.0,215,1076.0
2013,Chandrapur,Rajura,0.0,0,5044.0,476,4467.0
2013,Chandrapur,Savali,0.0,0,1356.0,261,986.0
2013,Chandrapur,Sindevahi,0.0,0,3011.0,468,2515.0
2013,Chandrapur,Varora,3.0,0,6313.0,519,5203.0
2013,Dharashiv,Bhum,256.0,124,549.0,17,110.0
2013,Dharashiv,Dharashiv,311.0,240,1229.0,189,626.0
2013,Dharashiv,Kalamb,249.0,185,1048.0,57,203.0
2013,Dharashiv,Lohara,75.0,70,343.0,83,192.0
2013,Dharashiv,Paranda,304.0,83,880.0,201,208.0
2013,Dharashiv,Tuljapur,415.0,137,703.0,281,143.0
2013,Dharashiv,Umaraga,124.0,228,642.0,103,211.0
2013,Dharashiv,Washi,125.0,52,253.0,175,76.0
2013,Dhule,Dhule,385.0,249,4519.0,0,1875.0
2013,Dhule,Sakri,464.0,573,2143.0,700,1738.0
2013,Dhule,Shindkheda,223.0,113,5280.0,0,2302.0
2013,Dhule,Shirpur,176.0,124,5533.0,25,5185.0
2013,Gadchiroli,Aarmori,0.0,0,1813.0,107,1305.0
2013,Gadchiroli,Aheri,0.0,0,405.0,314,163.0
2013,Gadchiroli,Bhamragad,0.0,0,248.0,159,3.0
2013,Gadchiroli,Chomoshi,0.0,0,1941.0,142,1254.0
2013,Gadchiroli,Desaiganj,0.0,0,673.0,37,1413.0
2013,Gadchiroli,Dhanora,0.0,0,2554.0,391,150.0
2013,Gadchiroli,Etapalli,0.0,0,515.0,358,19.0
2013,Gadchiroli,Gadchiroli,0.0,0,1515.0,412,745.0
2013,Gadchiroli,Korachi,0.0,0,479.0,66,75.0
2013,Gadchiroli,Kurkheda,0.0,0,2438.0,699,1729.0
2013,Gadchiroli,Mulchera,0.0,0,265.0,165,145.0
2013,Gadchiroli,Sironcha,0.0,0,1190.0,84,1605.0
2013,Gondia,Aamgaon,6.0,50,756.0,444,2323.0
2013,Gondia,Arjuni Morgaon,,126,1056.0,299,3327.0
2013,Gondia,Devari,2.0,164,652.0,271,1804.0
2013,Gondia,Gondia,6.0,152,1086.0,721,3590.0
2013,Gondia,Goregaon,4.0,167,770.0,431,1632.0
2013,Gondia,Sadak Arjuni,,110,875.0,409,3245.0
2013,Gondia,Salekasa,6.0,143,895.0,190,1561.0
2013,Gondia,Tiroda,2.0,208,955.0,174,3003.0
2013,Hingoli,Aundha Na,,,,,
2013,Hingoli,Hingoli,,,,,
2013,Hingoli,Kalamanuri,,,,,
2013,Hingoli,Sengaon,,,,,
2013,Hingoli,Vasamat,,,,,
2013,Jalna,Ambad,207.0,23,281.0,83,364.0
2013,Jalna,Badnapur,160.0,46,120.0,0,120.0
2013,Jalna,Bhokardan,140.0,84,212.0,5,217.0
2013,Jalna,Ghansawangi,82.0,18,187.0,16,203.0
2013,Jalna,Jaffrabad,165.0,45,86.0,0,86.0
2013,Jalna,Jalna,212.0,44,194.0,18,212.0
2013,Jalna,Mantha,302.0,9,69.0,17,86.0
2013,Jalna,Partur,104.0,9,251.0,31,282.0
2013,Kolhapur,Ajara,7.0,,529.0,,4047.0
2013,Kolhapur,Bhudargad,4.0,,1540.0,,4735.0
2013,Kolhapur,Chandgad,11.0,,922.0,,7521.0
2013,Kolhapur,Gadhinglaj,20.0,,3946.0,,10515.0
2013,Kolhapur,Gaganbavada,0.0,,306.0,,2700.0
2013,Kolhapur,Hatkanangale,17.0,,7283.0,,21558.0
2013,Kolhapur,Kagal,22.0,,4008.0,,12445.0
2013,Kolhapur,Karveer,10.0,,3494.0,,13197.0
2013,Kolhapur,Panhala,11.0,,1524.0,,11897.0
2013,Kolhapur,Radhanagari,9.0,,1259.0,,5523.0
2013,Kolhapur,Shahuwadi,32.0,,638.0,,4606.0
2013,Kolhapur,Shirol,4.0,,3429.0,,16409.0
2013,Latur,Ahamadpur,29.0,,,,4421.0
2013,Latur,Aosa,54.0,,,,2230.0
2013,Latur,Chakur,9.0,,,,5300.0
2013,Latur,Devani,9.0,,,51,853.0
2013,Latur,Jalkot,50.0,,,12,770.0
2013,Latur,Latur,33.0,,,38,5875.0
2013,Latur,Nilanga,18.0,,,48,4510.0
2013,Latur,Renapur,13.0,,,,1390.0
2013,Latur,Shirur-Anantpal,1.0,,,7,27.0
2013,Latur,Udgir,46.0,,,,1774.0
2013,Nagpur,Bhiwapur,3.0,59,4040.0,17,4134.0
2013,Nagpur,Hingana,4.0,77,4187.0,88,6320.0
2013,Nagpur,Kalameshwar,3.0,37,6517.0,50,8682.0
2013,Nagpur,Kamathi,0.0,26,2265.0,39,1641.0
2013,Nagpur,Katol,18.0,150,14157.0,106,10080.0
2013,Nagpur,Kuhi,8.0,48,7302.0,27,7395.0
2013,Nagpur,Mauda,0.0,83,1266.0,16,5394.0
2013,Nagpur,Nagpur (gra),0.0,28,2044.0,40,3194.0
2013,Nagpur,Nagpur (sh),0.0,0,64.0,26,218.0
2013,Nagpur,Narkhed,15.0,124,14175.0,100,15114.0
2013,Nagpur,Parashivani,5.0,58,1322.0,88,1946.0
2013,Nagpur,Ramtech,0.0,139,1239.0,50,3936.0
2013,Nagpur,Sawner,1.0,54,5454.0,40,4735.0
2013,Nagpur,Umred,1.0,154,3591.0,31,3644.0
2013,Nandurbar,Akkalkuva,0.0,,,,
2013,Nandurbar,Akrani,0.0,42,114.0,101,733.0
2013,Nandurbar,Nandurbar,52.0,225,448.0,698,13457.0
2013,Nandurbar,Navapur,58.0,93,401.0,653,8076.0
2013,Nandurbar,Shahada,0.0,69,251.0,753,14191.0
2013,Nandurbar,Taloda,0.0,21,11.0,51,5100.0
2013,Nashik,Baglan,104.0,,22691.0,427,16625.0
2013,Nashik,Chandwad,74.0,160,8932.0,92,8331.0
2013,Nashik,Devala,10.0,,1021.0,0,0.0
2013,Nashik,Dindori,38.0,,16684.0,394,12981.0
2013,Nashik,Igatpuri,17.0,,1052.0,226,84.0
2013,Nashik,Kalwan,82.0,,9212.0,21,8927.0
2013,Nashik,Malegaon,157.0,168,13948.0,1618,6078.0
2013,Nashik,Nandgaon,74.0,100,7795.0,2237,1470.0
2013,Nashik,Nashik,16.0,,12098.0,5,10098.0
2013,Nashik,Nifad,16.0,119,30370.0,220,27605.0
2013,Nashik,Peth,35.0,,425.0,35,0.0
2013,Nashik,Sinner,96.0,114,24493.0,19,195.0
2013,Nashik,Surgana,48.0,,299.0,0,0.0
2013,Nashik,Trimbak,11.0,,1291.0,65,315.0
2013,Nashik,Yewala,63.0,131,3560.0,0,3500.0
2013,Parbhani,Gangakhed,38.0,45,3519.0,15,2768.0
2013,Parbhani,Jintur,41.0,64,5369.0,33,5860.0
2013,Parbhani,Manvat,1.0,10,3186.0,14,2518.0
2013,Parbhani,Palam,7.0,11,6549.0,10,1755.0
2013,Parbhani,Parbhani,15.0,31,12141.0,31,5581.0
2013,Parbhani,Pathari,0.0,6,5445.0,18,3304.0
2013,Parbhani,Purna,1.0,21,2760.0,19,3469.0
2013,Parbhani,Selu,10.0,10,4545.0,18,3338.0
2013,Parbhani,Sonpeth,7.0,2,619.0,9,1576.0
2013,Pune,Aambegaon,1.0,5,158.0,111,47.0
2013,Pune,Baramati,1.0,13,238.0,167,71.0
2013,Pune,Bhor,1.0,5,136.0,95,41.0
2013,Pune,Daund,0.0,10,205.0,143,62.0
2013,Pune,Haveli,0.0,12,61.0,43,18.0
2013,Pune,Indapur,1.0,1,203.0,142,61.0
2013,Pune,Junnar,0.0,24,194.0,136,58.0
2013,Pune,Khed,1.0,19,176.0,123,53.0
2013,Pune,Maval,0.0,4,45.0,31,14.0
2013,Pune,Mulashi,1.0,3,17.0,12,5.0
2013,Pune,Pune City,0.0,0,0.0,0,0.0
2013,Pune,Purandar,0.0,9,116.0,81,35.0
2013,Pune,Shirur,1.0,8,123.0,86,37.0
2013,Pune,Welhe,0.0,0,106.0,74,32.0
2013,Raigad,Alibag,3.0,9,2612.0,22,5339.0
2013,Raigad,Karjat,5.0,37,129.0,0,1101.0
2013,Raigad,Khalapur,8.0,5,60.0,6,314.0
2013,Raigad,Mahad,0.0,0,15.0,0,223.0
2013,Raigad,Mangaon,6.0,0,0.0,17,371.0
2013,Raigad,Mhasala,2.0,0,7.0,3,211.0
2013,Raigad,Murud,1.0,0,547.0,60,1501.0
2013,Raigad,Panwel,2.0,1,784.0,91,1011.0
2013,Raigad,Pen,1.0,3,31.0,0,258.0
2013,Raigad,Poladpur,0.0,0,4.0,0,146.0
2013,Raigad,Roha,6.0,0,10.0,0,562.0
2013,Raigad,Shreevardhan,0.0,0,1152.0,107,1700.0
2013,Raigad,Sudhagad,3.0,2,25.0,0,362.0
2013,Raigad,Tala,1.0,0,32.0,0,79.0
2013,Raigad,Uran,0.0,0,18.0,26,175.0
2013,Ratnagiri,Chiplun,0.0,91,73.0,30,
2013,Ratnagiri,Dapoli,2.0,60,1218.0,75,
2013,Ratnagiri,Guhagar,3.0,68,2021.0,31,
2013,Ratnagiri,Khed,1.0,85,49.0,47,
2013,Ratnagiri,Lanja,0.0,32,1070.0,103,
2013,Ratnagiri,Mandangad,1.0,17,232.0,50,
2013,Ratnagiri,Rajapur,2.0,20,787.0,34,
2013,Ratnagiri,Ratnagiri,0.0,81,1981.0,220,
2013,Ratnagiri,Sangameshwar,9.0,43,103.0,46,
2013,Sangli,Aatpadi,243.0,98,2675.0,210,12257.0
2013,Sangli,Jat,180.0,15,10466.0,1350,28830.0
2013,Sangli,Kadegaon,60.0,0,,,15156.0
2013,Sangli,Khanapur,74.0,6,9226.0,580,9616.0
2013,Sangli,Ku. Mahakal,145.0,21,7100.0,555,15981.0
2013,Sangli,Miraj,51.0,0,9294.0,1020,26420.0
2013,Sangli,Palus,7.0,0,,,14065.0
2013,Sangli,Shirala,50.0,0,2641.0,540,5900.0
2013,Sangli,Tasgaon,68.0,9,7910.0,430,22076.0
2013,Sangli,Valava,26.0,0,4752.0,30,28184.0
2013,Satara,Faltan,90.0,109,10552.0,4204,21193.0
2013,Satara,Javali,6.0,7,590.0,283,2947.0
2013,Satara,Karad,56.0,18,5529.0,6270,26793.0
2013,Satara,Khandala,51.0,41,2445.0,371,10154.0
2013,Satara,Khatav,163.0,35,6599.0,801,22502.0
2013,Satara,Koregaon,110.0,33,6516.0,1220,19680.0
2013,Satara,Mahableshwar,0.0,0,249.0,36,1819.0
2013,Satara,Man,213.0,69,4637.0,303,15394.0
2013,Satara,Patan,15.0,41,1405.0,139,2737.0
2013,Satara,Satara,12.0,2,2853.0,377,13709.0
2013,Satara,Vai,22.0,33,5191.0,42,9427.0
2013,Sindhudurg,Devgad,0.0,12,246.0,48,57.0
2013,Sindhudurg,Dodamarg,1.0,0,82.0,9,526.0
2013,Sindhudurg,Kankavali,4.0,25,614.0,0,0.0
2013,Sindhudurg,Kudal,2.0,0,872.0,121,936.0
2013,Sindhudurg,Malvan,2.0,5,609.0,20,183.0
2013,Sindhudurg,Sawantwadi,0.0,8,884.0,51,67.0
2013,Sindhudurg,Vaibhavwadi,1.0,4,234.0,0,0.0
2013,Sindhudurg,Vengurla,0.0,4,372.0,68,443.0
2013,Thane,Ambarnath,10.0,0,17.0,2,5.0
2013,Thane,Bhivandi,2.0,0,240.0,28,12.0
2013,Thane,Kalyan,7.0,0,35.0,0,0.0
2013,Thane,Murbad,30.0,0,128.0,37,77.0
2013,Thane,Shahapur,15.0,0,0.0,0,0.0
2013,Thane,Thane,0.0,0,55.0,0,0.0
2013,Thane,Ulhasnagar,0.0,0,0.0,0,0.0
2013,Wardha,Aarvi,15.0,17,3552.0,89,5812.0
2013,Wardha,Ashti,2.0,8,5172.0,112,7205.0
2013,Wardha,Devali,3.0,9,2727.0,59,8141.0
2013,Wardha,Hinganghat,1.0,13,6323.0,228,8385.0
2013,Wardha,Karanja,13.0,19,4409.0,286,4007.0
2013,Wardha,Samudrapur,4.0,10,3041.0,591,5877.0
2013,Wardha,Selu,1.0,12,4403.0,85,6802.0
2013,Wardha,Wardha,6.0,17,5641.0,178,11002.0
2013,Washim,Karanja,12.0,2,3146.0,87,476.0
2013,Washim,Malegaon,37.0,0,2222.0,191,112.0
2013,Washim,Mangrulpir,26.0,0,3215.0,134,1823.0
2013,Washim,Manora,20.0,0,896.0,84,812.0
2013,Washim,Resod,15.0,1,1951.0,195,1758.0
2013,Washim,Washim,35.0,1,2776.0,265,1250.0
2013,Yavatmal,Aarni,7.0,0,21.0,,7133.0
2013,Yavatmal,Babhulgaon,6.0,1,197.0,,4209.0
2013,Yavatmal,Darvha,20.0,0,222.0,,7069.0
2013,Yavatmal,Digras,8.0,0,67.0,,5152.0
2013,Yavatmal,Ghantaji,13.0,3,457.0,,5745.0
2013,Yavatmal,Kalamb,17.0,0,234.0,,2690.0
2013,Yavatmal,Kelapur,16.0,0,64.0,,3487.0
2013,Yavatmal,Mahagaon,18.0,1,1501.0,,9737.0
2013,Yavatmal,Maregaon,10.0,0,81.0,,1850.0
2013,Yavatmal,Ner,19.0,0,126.0,,5850.0
2013,Yavatmal,Pusad,39.0,1,2105.0,,10303.0
2013,Yavatmal,Ralegaon,24.0,0,335.0,,3260.0
2013,Yavatmal,Umarkhed,15.0,0,512.0,,11622.0
2013,Yavatmal,Vani,4.0,5,101.0,,3548.0
2013,Yavatmal,Yavatmal,32.0,0,928.0,,5045.0
2013,Yavatmal,Zari Jamani,9.0,1,102.0,,3794.0
2014,Ahilyanagar,Akole,115.0,223,3745.0,412,2752.0
2014,Ahilyanagar,Jamkhed,99.0,64,14981.0,53,4796.0
2014,Ahilyanagar,Karjat,141.0,86,9437.0,127,11795.0
2014,Ahilyanagar,Kopargaon,32.0,63,4769.0,0,4752.0
2014,Ahilyanagar,Nagar,224.0,99,11913.0,49,17387.0
2014,Ahilyanagar,Nevasa,12.0,73,7928.0,0,9987.0
2014,Ahilyanagar,Parner,346.0,90,23418.0,87,14524.0
2014,Ahilyanagar,Pathardi,144.0,136,8711.0,158,9678.0
2014,Ahilyanagar,Rahata,0.0,25,16743.0,0,12309.0
2014,Ahilyanagar,Rahuri,45.0,38,19785.0,74,19043.0
2014,Ahilyanagar,Sangamner,168.0,94,15234.0,147,12877.0
2014,Ahilyanagar,Shevgaon,41.0,68,12397.0,102,5837.0
2014,Ahilyanagar,Srigonda,201.0,65,18790.0,197,6367.0
2014,Ahilyanagar,Srirampur,19.0,42,11417.0,0,9571.0
2014,Akola,Akola,2.0,0,2369.0,26,1460.0
2014,Akola,Akot,7.0,3,2941.0,8,1811.0
2014,Akola,Balapur,5.0,0,3195.0,165,2095.0
2014,Akola,Barshitakali,25.0,0,2119.0,19,1685.0
2014,Akola,Murtijapur,6.0,0,3021.0,104,2559.0
2014,Akola,Patur,11.0,0,6322.0,125,5007.0
2014,Akola,Telhara,3.0,0,4164.0,0,3859.0
2014,Amravati,Achalpur,8.0,8,362.0,,
2014,Amravati,Amravati,8.0,0,528.0,,
2014,Amravati,Anjangaon Su,1.0,6,465.0,,
2014,Amravati,Bhatkuli,0.0,2,388.0,,
2014,Amravati,Chandur Railway,4.0,0,739.0,,
2014,Amravati,Chandurbazar,6.0,2,209.0,,
2014,Amravati,Chikhraldara,12.0,2,148.0,,
2014,Amravati,Daryapur,1.0,7,85.0,,
2014,Amravati,Dhamangaon Re,1.0,0,606.0,,
2014,Amravati,Dharani,14.0,0,171.0,,
2014,Amravati,Morshi,4.0,0,208.0,,
2014,Amravati,Nandgaon Kh,4.0,0,1062.0,,
2014,Amravati,Tivas,7.0,0,509.0,,
2014,Amravati,Warud,13.0,0,0.0,,
2014,Beed,Ambajogai,68.0,0,56.0,25,9880.0
2014,Beed,Ashti,44.0,0,119.0,115,400.0
2014,Beed,Beed,42.0,0,178.0,355,7500.0
2014,Beed,Cage,110.0,0,111.0,272,3210.0
2014,Beed,Dharur,94.0,0,23.0,30,1500.0
2014,Beed,Gevrai,4.0,0,0.0,25,500.0
2014,Beed,Majalgaon,12.0,0,60.0,23,2394.0
2014,Beed,Parli,55.0,0,73.0,0,980.0
2014,Beed,Patoda,43.0,0,59.0,70,2600.0
2014,Beed,Shirur Kasar,40.0,0,71.0,0,400.0
2014,Beed,Wadwani,12.0,0,45.0,105,510.0
2014,Bhandara,Bhandara,5.0,10,2824.0,176,3658.0
2014,Bhandara,Lakhandur,0.0,41,3477.0,785,5329.0
2014,Bhandara,Lakhani,2.0,35,2650.0,61,4853.0
2014,Bhandara,Mohadi,3.0,14,2824.0,419,4992.0
2014,Bhandara,Pavani,2.0,19,4950.0,560,7926.0
2014,Bhandara,Sakoli,0.0,70,2320.0,194,4843.0
2014,Bhandara,Tumsar,3.0,41,3085.0,659,5086.0
2014,Buldhana,Buldhana,6.0,,3401.0,0,14329.0
2014,Buldhana,Chikhali,26.0,,6687.0,53,14389.0
2014,Buldhana,Deulgaon Raja,11.0,,3171.0,20,9502.0
2014,Buldhana,Jalgaon Jamod,4.0,,3057.0,613,9428.0
2014,Buldhana,Khamgaon,7.0,,7130.0,38,13376.0
2014,Buldhana,Lonar,13.0,,9355.0,5,8366.0
2014,Buldhana,Malkapur,2.0,,2596.0,673,7459.0
2014,Buldhana,Mehkar,13.0,,1991.0,149,12362.0
2014,Buldhana,Motala,10.0,,3962.0,5,10822.0
2014,Buldhana,Nandura,0.0,,3024.0,539,8927.0
2014,Buldhana,Sangrampur,2.0,,1588.0,51,9238.0
2014,Buldhana,Shegaon,0.0,,1918.0,85,3963.0
2014,Buldhana,Sindkhed Raja,32.0,,5451.0,4,12231.0
2014,Chandrapur,Ballarpur,1.0,0,1847.0,218,1312.0
2014,Chandrapur,Bhadravati,0.0,0,2494.0,469,1976.0
2014,Chandrapur,Bramhapuri,0.0,0,3464.0,420,2929.0
2014,Chandrapur,Chandrapur,1.0,1,2374.0,340,2007.0
2014,Chandrapur,Chimur,0.0,0,4830.0,504,4024.0
2014,Chandrapur,Gondpipari,0.0,0,2212.0,490,1734.0
2014,Chandrapur,Jivati,0.0,0,351.0,41,268.0
2014,Chandrapur,Korpana,0.0,0,5159.0,530,4594.0
2014,Chandrapur,Mul,0.0,0,2025.0,339,1594.0
2014,Chandrapur,Nagbhid,0.0,0,3132.0,282,2655.0
2014,Chandrapur,Ponbhurna,0.0,0,1340.0,220,1086.0
2014,Chandrapur,Rajura,0.0,0,5048.0,484,4476.0
2014,Chandrapur,Savali,0.0,0,1365.0,274,1001.0
2014,Chandrapur,Sindevahi,0.0,0,3015.0,470,2520.0
2014,Chandrapur,Varora,3.0,0,6320.0,525,5218.0
2014,Dharashiv,Bhum,78.0,74,549.0,17,110.0
2014,Dharashiv,Dharashiv,81.0,13,1229.0,189,626.0
2014,Dharashiv,Kalamb,57.0,21,1048.0,57,203.0
2014,Dharashiv,Lohara,27.0,15,343.0,83,192.0
2014,Dharashiv,Paranda,118.0,45,880.0,201,208.0
2014,Dharashiv,Tuljapur,141.0,42,703.0,281,143.0
2014,Dharashiv,Umaraga,39.0,26,642.0,103,211.0
2014,Dharashiv,Washi,25.0,19,253.0,175,76.0
2014,Dhule,Dhule,129.0,271,4519.0,0,1875.0
2014,Dhule,Sakri,135.0,587,2143.0,700,1738.0
2014,Dhule,Shindkheda,57.0,180,5280.0,0,2302.0
2014,Dhule,Shirpur,63.0,123,5533.0,25,5185.0
2014,Gadchiroli,Aarmori,0.0,0,1813.0,110,1826.0
2014,Gadchiroli,Aheri,0.0,0,405.0,342,333.0
2014,Gadchiroli,Bhamragad,0.0,0,270.0,160,18.0
2014,Gadchiroli,Chomoshi,0.0,0,1960.0,289,2413.0
2014,Gadchiroli,Desaiganj,0.0,0,673.0,37,1945.0
2014,Gadchiroli,Dhanora,0.0,0,2554.0,412,382.0
2014,Gadchiroli,Etapalli,0.0,0,540.0,396,61.0
2014,Gadchiroli,Gadchiroli,0.0,0,1694.0,480,1039.0
2014,Gadchiroli,Korachi,0.0,0,523.0,66,190.0
2014,Gadchiroli,Kurkheda,0.0,0,2438.0,701,2109.0
2014,Gadchiroli,Mulchera,0.0,0,265.0,215,416.0
2014,Gadchiroli,Sironcha,0.0,0,1210.0,84,1904.0
2014,Gondia,Aamgaon,102.0,53,756.0,444,2543.0
2014,Gondia,Arjuni Morgaon,257.0,142,1056.0,299,3750.0
2014,Gondia,Devari,220.0,181,652.0,271,2061.0
2014,Gondia,Gondia,241.0,232,1086.0,721,3863.0
2014,Gondia,Goregaon,248.0,200,770.0,431,2007.0
2014,Gondia,Sadak Arjuni,88.0,137,875.0,409,3959.0
2014,Gondia,Salekasa,169.0,161,895.0,190,1838.0
2014,Gondia,Tiroda,125.0,245,955.0,174,3338.0
2014,Hingoli,Aundha Na,15.0,,4306.0,164,10883.0
2014,Hingoli,Hingoli,11.0,,4138.0,305,11142.0
2014,Hingoli,Kalamanuri,15.0,,4106.0,322,12404.0
2014,Hingoli,Sengaon,20.0,,7454.0,80,12079.0
2014,Hingoli,Vasamat,9.0,,5581.0,85,20133.0
2014,Jalna,Ambad,207.0,23,281.0,83,364.0
2014,Jalna,Badnapur,160.0,46,120.0,0,120.0
2014,Jalna,Bhokardan,140.0,84,212.0,5,217.0
2014,Jalna,Ghansawangi,82.0,18,187.0,16,203.0
2014,Jalna,Jaffrabad,165.0,45,86.0,0,86.0
2014,Jalna,Jalna,212.0,44,194.0,18,212.0
2014,Jalna,Mantha,302.0,9,69.0,17,86.0
2014,Jalna,Partur,104.0,9,251.0,31,282.0
2014,Kolhapur,Ajara,10.0,0,2027.0,0,4362.0
2014,Kolhapur,Bhudargad,7.0,0,1788.0,139,5793.0
2014,Kolhapur,Chandgad,18.0,0,4410.0,2223,8835.0
2014,Kolhapur,Gadhinglaj,22.0,7,5288.0,986,6592.0
2014,Kolhapur,Gaganbavada,0.0,0,190.0,84,2277.0
2014,Kolhapur,Hatkanangale,16.0,0,7691.0,510,28459.0
2014,Kolhapur,Kagal,32.0,7,3494.0,1142,15548.0
2014,Kolhapur,Karveer,11.0,0,5067.0,630,14219.0
2014,Kolhapur,Panhala,14.0,0,1695.0,322,13380.0
2014,Kolhapur,Radhanagari,9.0,0,375.0,470,5618.0
2014,Kolhapur,Shahuwadi,32.0,0,1226.0,632,4162.0
2014,Kolhapur,Shirol,4.0,11,430.0,428,11726.0
2014,Latur,Ahamadpur,29.0,,4463.0,0,4421.0
2014,Latur,Aosa,54.0,,5525.0,0,2230.0
2014,Latur,Chakur,9.0,,2108.0,0,5300.0
2014,Latur,Devani,9.0,,1875.0,51,853.0
2014,Latur,Jalkot,51.0,,1255.0,12,770.0
2014,Latur,Latur,33.0,,3160.0,38,5875.0
2014,Latur,Nilanga,18.0,,6309.0,48,4510.0
2014,Latur,Renapur,13.0,,3550.0,0,1390.0
2014,Latur,Shirur-Anantpal,1.0,,262.0,7,27.0
2014,Latur,Udgir,46.0,,3378.0,0,1774.0
2014,Nagpur,Bhiwapur,3.0,59,4042.0,17,4362.0
2014,Nagpur,Hingana,4.0,77,4187.0,88,6582.0
2014,Nagpur,Kalameshwar,3.0,37,6517.0,50,8922.0
2014,Nagpur,Kamathi,0.0,26,2272.0,39,413.0
2014,Nagpur,Katol,18.0,150,14157.0,106,10386.0
2014,Nagpur,Kuhi,8.0,48,7302.0,27,8221.0
2014,Nagpur,Mauda,0.0,83,1266.0,16,5624.0
2014,Nagpur,Nagpur (gra),0.0,28,2044.0,40,5340.0
2014,Nagpur,Nagpur (sh),0.0,0,64.0,26,459.0
2014,Nagpur,Narkhed,15.0,124,14178.0,100,15519.0
2014,Nagpur,Parashivani,5.0,58,1322.0,88,2085.0
2014,Nagpur,Ramtech,0.0,139,1239.0,50,4292.0
2014,Nagpur,Sawner,1.0,54,5454.0,40,6295.0
2014,Nagpur,Umred,1.0,154,3591.0,31,3838.0
2014,Nanded,Andhrapur,2.0,,1382.0,62,7065.0
2014,Nanded,Bhokar,5.0,,1235.0,67,5724.0
2014,Nanded,Biloli,3.0,,2219.0,117,6427.0
2014,Nanded,Deglur,3.0,,995.0,113,4687.0
2014,Nanded,Dharmabad,2.0,,1082.0,74,6111.0
2014,Nanded,Hadgaon,4.0,,2785.0,99,11880.0
2014,Nanded,Himalay Nagar,2.0,,1589.0,71,7290.0
2014,Nanded,Kandhar,16.0,,1135.0,169,7488.0
2014,Nanded,Kinvat,9.0,,1884.0,138,6408.0
2014,Nanded,Loha,8.0,,1045.0,151,13820.0
2014,Nanded,Mahur,3.0,,2537.0,134,10230.0
2014,Nanded,Mudkhed,5.0,,2055.0,111,3148.0
2014,Nanded,Mukhed,22.0,,1005.0,101,6989.0
2014,Nanded,Nanded,0.0,,1306.0,104,7216.0
2014,Nanded,Naygaon,8.0,,820.0,99,3070.0
2014,Nanded,Umari,2.0,,1172.0,65,3525.0
2014,Nandurbar,Akkalkuva,0.0,47,567.0,187,2247.0
2014,Nandurbar,Akrani,9.0,42,114.0,101,933.0
2014,Nandurbar,Nandurbar,61.0,405,448.0,698,17144.0
2014,Nandurbar,Navapur,58.0,93,401.0,653,11510.0
2014,Nandurbar,Shahada,24.0,69,251.0,753,18070.0
2014,Nandurbar,Taloda,3.0,21,11.0,51,6500.0
2014,Nashik,Baglan,104.0,0,22691.0,427,16625.0
2014,Nashik,Chandwad,79.0,180,8932.0,92,8331.0
2014,Nashik,Devala,10.0,0,1021.0,0,0.0
2014,Nashik,Dindori,38.0,0,16684.0,394,12981.0
2014,Nashik,Igatpuri,17.0,0,1052.0,226,84.0
2014,Nashik,Kalwan,82.0,0,9212.0,21,8927.0
2014,Nashik,Malegaon,157.0,186,13948.0,1618,6078.0
2014,Nashik,Nandgaon,74.0,106,7795.0,2237,1470.0
2014,Nashik,Nashik,16.0,0,12098.0,5,10098.0
2014,Nashik,Nifad,16.0,135,30370.0,220,27605.0
2014,Nashik,Peth,35.0,0,425.0,35,0.0
2014,Nashik,Sinner,96.0,140,24493.0,19,195.0
2014,Nashik,Surgana,48.0,0,299.0,0,0.0
2014,Nashik,Trimbak,11.0,0,1291.0,65,315.0
2014,Nashik,Yewala,63.0,151,3560.0,0,3500.0
2014,Palghar,Dahanu,7.0,0,132.0,0,0.0
2014,Palghar,Javhar,10.0,0,222.0,0,67.0
2014,Palghar,Mokhada,0.0,0,192.0,30,85.0
2014,Palghar,Palghar,0.0,0,0.0,0,0.0
2014,Palghar,Talasari,13.0,0,360.0,0,360.0
2014,Palghar,Vasai,11.0,0,74.0,43,31.0
2014,Palghar,Vikramgad,2.0,0,1432.0,400,1032.0
2014,Palghar,Wada,6.0,0,0.0,0,0.0
2014,Parbhani,Gangakhed,30.0,56,3072.0,15,2768.0
2014,Parbhani,Jintur,21.0,85,6512.0,33,5860.0
2014,Parbhani,Manvat,1.0,11,2798.0,14,2518.0
2014,Parbhani,Palam,1.0,16,1951.0,10,1755.0
2014,Parbhani,Parbhani,4.0,41,6198.0,31,5581.0
2014,Parbhani,Pathari,0.0,7,3673.0,18,3304.0
2014,Parbhani,Purna,0.0,29,3850.0,19,3469.0
2014,Parbhani,Selu,5.0,13,3698.0,18,3338.0
2014,Parbhani,Sonpeth,1.0,3,1749.0,9,1576.0
2014,Pune,Aambegaon,76.0,33,11602.0,111,47.0
2014,Pune,Baramati,307.0,19,29795.0,166,72.0
2014,Pune,Bhor,16.0,17,2874.0,95,41.0
2014,Pune,Daund,65.0,49,10560.0,143,62.0
2014,Pune,Haveli,30.0,9,8657.0,43,18.0
2014,Pune,Indapur,73.0,64,13977.0,142,61.0
2014,Pune,Junnar,53.0,33,14087.0,164,70.0
2014,Pune,Khed,96.0,25,10969.0,123,53.0
2014,Pune,Maval,3.0,16,2161.0,31,14.0
2014,Pune,Mulashi,13.0,3,1645.0,11,6.0
2014,Pune,Pune City,0.0,0,0.0,0,0.0
2014,Pune,Purandar,118.0,9,12165.0,81,35.0
2014,Pune,Shirur,150.0,44,20733.0,87,36.0
2014,Pune,Welhe,0.0,2,326.0,74,32.0
2014,Raigad,Alibag,3.0,9,2612.0,22,5339.0
2014,Raigad,Karjat,5.0,37,129.0,0,1101.0
2014,Raigad,Khalapur,8.0,5,60.0,6,314.0
2014,Raigad,Mahad,0.0,0,15.0,0,223.0
2014,Raigad,Mangaon,6.0,0,0.0,17,371.0
2014,Raigad,Mhasala,2.0,0,7.0,3,211.0
2014,Raigad,Murud,1.0,1,547.0,60,1501.0
2014,Raigad,Panwel,2.0,1,784.0,91,1011.0
2014,Raigad,Pen,1.0,3,31.0,0,258.0
2014,Raigad,Poladpur,0.0,0,4.0,0,146.0
2014,Raigad,Roha,6.0,0,10.0,0,562.0
2014,Raigad,Shreevardhan,0.0,0,1152.0,107,1700.0
2014,Raigad,Sudhagad,3.0,3,25.0,0,362.0
2014,Raigad,Tala,1.0,0,32.0,0,79.0
2014,Raigad,Uran,0.0,0,18.0,26,175.0
2014,Ratnagiri,Chiplun,0.0,90,73.0,30,
2014,Ratnagiri,Dapoli,2.0,60,1218.0,75,
2014,Ratnagiri,Guhagar,2.0,54,2021.0,31,
2014,Ratnagiri,Khed,1.0,80,49.0,47,
2014,Ratnagiri,Lanja,0.0,31,1070.0,103,
2014,Ratnagiri,Mandangad,1.0,16,232.0,50,
2014,Ratnagiri,Rajapur,2.0,20,787.0,34,
2014,Ratnagiri,Ratnagiri,0.0,41,1981.0,220,
2014,Ratnagiri,Sangameshwar,3.0,82,103.0,46,
2014,Sangli,Aatpadi,246.0,1,864.0,0,13527.0
2014,Sangli,Jat,182.0,7,2270.0,0,32459.0
2014,Sangli,Kadegaon,60.0,0,491.0,0,11147.0
2014,Sangli,Khanapur,76.0,1,1070.0,0,16423.0
2014,Sangli,Ku. Mahakal,146.0,0,1668.0,0,18179.0
2014,Sangli,Miraj,51.0,0,4460.0,0,29212.0
2014,Sangli,Palus,7.0,0,2249.0,0,16186.0
2014,Sangli,Shirala,50.0,0,1146.0,0,6516.0
2014,Sangli,Tasgaon,68.0,0,1592.0,0,24523.0
2014,Sangli,Valava,27.0,0,7357.0,0,31395.0
2014,Satara,Faltan,148.0,0,12942.0,192,22615.0
2014,Satara,Javali,7.0,0,3600.0,102,3272.0
2014,Satara,Karad,62.0,0,1180.0,229,28247.0
2014,Satara,Khandala,77.0,0,2690.0,385,11135.0
2014,Satara,Khatav,221.0,0,6637.0,97,25289.0
2014,Satara,Koregaon,123.0,0,2690.0,385,21142.0
2014,Satara,Mahableshwar,2.0,0,286.0,42,1941.0
2014,Satara,Man,401.0,0,10670.0,314,16948.0
2014,Satara,Patan,18.0,0,11716.0,568,2972.0
2014,Satara,Satara,16.0,0,6836.0,398,14709.0
2014,Satara,Vai,23.0,0,8050.0,0,10165.0
2014,Sindhudurg,Devgad,0.0,12,1737.0,48,57.0
2014,Sindhudurg,Dodamarg,1.0,0,535.0,9,526.0
2014,Sindhudurg,Kankavali,4.0,26,0.0,0,0.0
2014,Sindhudurg,Kudal,2.0,0,1137.0,121,936.0
2014,Sindhudurg,Malvan,2.0,5,330.0,20,183.0
2014,Sindhudurg,Sawantwadi,0.0,8,118.0,51,67.0
2014,Sindhudurg,Vaibhavwadi,1.0,4,0.0,0,0.0
2014,Sindhudurg,Vengurla,0.0,4,915.0,68,443.0
2014,Thane,Ambarnath,10.0,0,17.0,2,5.0
2014,Thane,Bhivandi,2.0,0,240.0,28,12.0
2014,Thane,Kalyan,7.0,0,35.0,0,0.0
2014,Thane,Murbad,30.0,0,128.0,37,77.0
2014,Thane,Shahapur,14.0,0,0.0,0,0.0
2014,Thane,Thane,0.0,0,55.0,0,0.0
2014,Thane,Ulhasnagar,0.0,0,0.0,0,0.0
2014,Wardha,Aarvi,15.0,19,3552.0,89,5812.0
2014,Wardha,Ashti,2.0,13,5172.0,112,7205.0
2014,Wardha,Devali,3.0,12,2727.0,59,8141.0
2014,Wardha,Hinganghat,1.0,15,6323.0,228,8385.0
2014,Wardha,Karanja,13.0,26,4409.0,286,4007.0
2014,Wardha,Samudrapur,4.0,10,3041.0,591,5877.0
2014,Wardha,Selu,1.0,17,4403.0,85,6802.0
2014,Wardha,Wardha,6.0,24,5641.0,178,11002.0
2014,Washim,Karanja,12.0,0,166.0,,
2014,Washim,Malegaon,37.0,2,115.0,,
2014,Washim,Mangrulpir,26.0,4,181.0,,
2014,Washim,Manora,20.0,0,115.0,,
2014,Washim,Resod,15.0,1,270.0,,
2014,Washim,Washim,35.0,0,288.0,,
2014,Yavatmal,Aarni,7.0,0,,,7512.0
2014,Yavatmal,Babhulgaon,6.0,1,,,4454.0
2014,Yavatmal,Darvha,20.0,0,,,7244.0
2014,Yavatmal,Digras,8.0,0,,,5251.0
2014,Yavatmal,Ghantaji,13.0,3,,,5972.0
2014,Yavatmal,Kalamb,17.0,0,,,2754.0
2014,Yavatmal,Kelapur,16.0,0,,,3634.0
2014,Yavatmal,Mahagaon,18.0,1,,,10208.0
2014,Yavatmal,Maregaon,10.0,0,,,2041.0
2014,Yavatmal,Ner,19.0,0,,,5850.0
2014,Yavatmal,Pusad,39.0,1,,,10624.0
2014,Yavatmal,Ralegaon,24.0,0,,,3635.0
2014,Yavatmal,Umarkhed,15.0,0,,,11941.0
2014,Yavatmal,Vani,4.0,5,,,3794.0
2014,Yavatmal,Yavatmal,32.0,0,,,5135.0
2014,Yavatmal,Zari Jamani,9.0,1,,,3940.0
2015,Ahilyanagar,Akole,45.0,233,1775.0,0,2193.0
2015,Ahilyanagar,Jamkhed,56.0,67,0.0,0,0.0
2015,Ahilyanagar,Karjat,106.0,89,0.0,0,0.0
2015,Ahilyanagar,Kopargaon,31.0,64,0.0,0,0.0
2015,Ahilyanagar,Nagar,111.0,104,0.0,0,0.0
2015,Ahilyanagar,Nevasa,10.0,92,2350.0,0,350.0
2015,Ahilyanagar,Parner,130.0,103,675.0,0,250.0
2015,Ahilyanagar,Pathardi,76.0,139,495.0,0,386.0
2015,Ahilyanagar,Rahata,0.0,27,4942.0,0,35.0
2015,Ahilyanagar,Rahuri,38.0,41,6270.0,0,114.0
2015,Ahilyanagar,Sangamner,88.0,99,7000.0,0,1570.0
2015,Ahilyanagar,Shevgaon,36.0,70,0.0,0,0.0
2015,Ahilyanagar,Srigonda,98.0,71,0.0,0,0.0
2015,Ahilyanagar,Srirampur,12.0,45,9795.0,0,370.0
2015,Akola,Akola,2.0,9,0.0,0,2369.0
2015,Akola,Akot,7.0,9,3.0,0,2941.0
2015,Akola,Balapur,5.0,11,0.0,0,3195.0
2015,Akola,Barshitakali,25.0,32,0.0,0,2119.0
2015,Akola,Murtijapur,6.0,63,0.0,0,3021.0
2015,Akola,Patur,11.0,85,0.0,0,6322.0
2015,Akola,Telhara,3.0,0,0.0,0,4164.0
2015,Amravati,Achalpur,7.0,8,407.0,,16602.0
2015,Amravati,Amravati,8.0,0,573.0,,6912.0
2015,Amravati,Anjangaon Su,1.0,7,471.0,,11030.0
2015,Amravati,Bhatkuli,0.0,2,420.0,,1672.0
2015,Amravati,Chandur Railway,4.0,0,896.0,,5930.0
2015,Amravati,Chandurbazar,6.0,2,212.0,,7400.0
2015,Amravati,Chikhraldara,12.0,7,163.0,,2626.0
2015,Amravati,Daryapur,1.0,7,186.0,,3257.0
2015,Amravati,Dhamangaon Re,1.0,0,741.0,,8071.0
2015,Amravati,Dharani,15.0,2,282.0,,3080.0
2015,Amravati,Morshi,4.0,2,228.0,,13510.0
2015,Amravati,Nandgaon Kh,5.0,0,1066.0,,10394.0
2015,Amravati,Tivas,6.0,0,615.0,,7330.0
2015,Amravati,Warud,8.0,0,0.0,,20121.0
2015,Beed,Ambajogai,30.0,0,56.0,25,9880.0
2015,Beed,Ashti,312.0,0,119.0,115,400.0
2015,Beed,Beed,158.0,0,178.0,355,7500.0
2015,Beed,Cage,72.0,0,111.0,272,3210.0
2015,Beed,Dharur,36.0,0,23.0,30,1500.0
2015,Beed,Gevrai,73.0,0,0.0,25,500.0
2015,Beed,Majalgaon,21.0,0,60.0,23,2394.0
2015,Beed,Parli,29.0,0,73.0,0,980.0
2015,Beed,Patoda,180.0,0,59.0,70,2600.0
2015,Beed,Shirur Kasar,142.0,0,71.0,0,400.0
2015,Beed,Wadwani,34.0,0,45.0,105,510.0
2015,Bhandara,Bhandara,5.0,10,3100.0,176,3934.0
2015,Bhandara,Lakhandur,0.0,50,3518.0,988,5370.0
2015,Bhandara,Lakhani,2.0,35,3300.0,61,5503.0
2015,Bhandara,Mohadi,3.0,39,3246.0,532,5414.0
2015,Bhandara,Pavani,2.0,22,5392.0,578,8368.0
2015,Bhandara,Sakoli,0.0,70,2981.0,194,5504.0
2015,Bhandara,Tumsar,3.0,43,3174.0,659,5175.0
2015,Buldhana,Buldhana,8.0,,,,16077.0
2015,Buldhana,Chikhali,29.0,,,,14451.0
2015,Buldhana,Deulgaon Raja,11.0,,,,9588.0
2015,Buldhana,Jalgaon Jamod,4.0,,,,9996.0
2015,Buldhana,Khamgaon,8.0,,,,15617.0
2015,Buldhana,Lonar,13.0,,,,9204.0
2015,Buldhana,Malkapur,2.0,,,,7617.0
2015,Buldhana,Mehkar,14.0,,,,12820.0
2015,Buldhana,Motala,10.0,,,,12618.0
2015,Buldhana,Nandura,0.0,,,,9811.0
2015,Buldhana,Sangrampur,2.0,,,,9923.0
2015,Buldhana,Shegaon,0.0,,,,3204.0
2015,Buldhana,Sindkhed Raja,33.0,,,,13589.0
2015,Chandrapur,Ballarpur,1.0,0,1820.0,218,1318.0
2015,Chandrapur,Bhadravati,0.0,0,2517.0,474,1985.0
2015,Chandrapur,Bramhapuri,0.0,0,3483.0,416,2941.0
2015,Chandrapur,Chandrapur,1.0,1,2377.0,336,2021.0
2015,Chandrapur,Chimur,0.0,0,4811.0,496,4031.0
2015,Chandrapur,Gondpipari,0.0,0,2242.0,496,1739.0
2015,Chandrapur,Jivati,0.0,0,352.0,36,275.0
2015,Chandrapur,Korpana,0.0,0,5188.0,536,4614.0
2015,Chandrapur,Mul,0.0,0,2032.0,343,1605.0
2015,Chandrapur,Nagbhid,0.0,0,3115.0,289,2662.0
2015,Chandrapur,Ponbhurna,0.0,0,1353.0,231,1092.0
2015,Chandrapur,Rajura,0.0,0,5045.0,486,4484.0
2015,Chandrapur,Savali,0.0,0,1386.0,278,1014.0
2015,Chandrapur,Sindevahi,0.0,0,3015.0,462,2535.0
2015,Chandrapur,Varora,3.0,0,6306.0,525,5220.0
2015,Dharashiv,Bhum,55.0,74,4325.0,492,3857.0
2015,Dharashiv,Dharashiv,177.0,13,9774.0,277,3215.0
2015,Dharashiv,Kalamb,54.0,21,2300.0,625,3000.0
2015,Dharashiv,Lohara,24.0,15,843.0,40,1312.0
2015,Dharashiv,Paranda,119.0,45,3344.0,13,4133.0
2015,Dharashiv,Tuljapur,147.0,42,5674.0,127,7152.0
2015,Dharashiv,Umaraga,36.0,26,10586.0,310,7189.0
2015,Dharashiv,Washi,24.0,19,4846.0,45,5585.0
2015,Dhule,Dhule,129.0,319,4519.0,0,1875.0
2015,Dhule,Sakri,135.0,643,2143.0,700,1738.0
2015,Dhule,Shindkheda,57.0,215,5280.0,0,2302.0
2015,Dhule,Shirpur,63.0,147,5533.0,25,5185.0
2015,Gadchiroli,Aarmori,0.0,0,1793.0,610,1906.0
2015,Gadchiroli,Aheri,0.0,0,396.0,255,351.0
2015,Gadchiroli,Bhamragad,0.0,0,284.0,300,24.0
2015,Gadchiroli,Chomoshi,0.0,1,1972.0,527,2883.0
2015,Gadchiroli,Desaiganj,0.0,0,546.0,201,2068.0
2015,Gadchiroli,Dhanora,0.0,0,2554.0,718,483.0
2015,Gadchiroli,Etapalli,0.0,0,545.0,118,71.0
2015,Gadchiroli,Gadchiroli,0.0,1,1745.0,325,1198.0
2015,Gadchiroli,Korachi,0.0,0,523.0,0,199.0
2015,Gadchiroli,Kurkheda,0.0,0,2387.0,920,2305.0
2015,Gadchiroli,Mulchera,0.0,0,265.0,396,457.0
2015,Gadchiroli,Sironcha,0.0,0,1195.0,265,1966.0
2015,Gondia,Aamgaon,105.0,57,1436.0,0,2932.0
2015,Gondia,Arjuni Morgaon,261.0,145,869.0,147,4331.0
2015,Gondia,Devari,226.0,183,1025.0,140,2252.0
2015,Gondia,Gondia,245.0,243,2671.0,824,4217.0
2015,Gondia,Goregaon,251.0,205,2255.0,0,2285.0
2015,Gondia,Sadak Arjuni,91.0,141,1869.0,134,4570.0
2015,Gondia,Salekasa,173.0,166,576.0,216,2090.0
2015,Gondia,Tiroda,127.0,251,1080.0,0,3659.0
2015,Hingoli,Aundha Na,15.0,,3374.0,315,2909.0
2015,Hingoli,Hingoli,13.0,,6330.0,540,5655.0
2015,Hingoli,Kalamanuri,16.0,,4650.0,905,3270.0
2015,Hingoli,Sengaon,23.0,,4030.0,205,3585.0
2015,Hingoli,Vasamat,10.0,,7535.0,150,6690.0
2015,Jalna,Ambad,210.0,45,281.0,83,264.0
2015,Jalna,Badnapur,160.0,72,120.0,0,233.0
2015,Jalna,Bhokardan,140.0,130,212.0,5,280.0
2015,Jalna,Ghansawangi,85.0,74,187.0,16,180.0
2015,Jalna,Jaffrabad,165.0,60,86.0,0,233.0
2015,Jalna,Jalna,212.0,78,194.0,18,293.0
2015,Jalna,Mantha,302.0,36,69.0,17,341.0
2015,Jalna,Partur,104.0,31,251.0,31,136.0
2015,Kolhapur,Ajara,8.0,0,2027.0,0,4370.0
2015,Kolhapur,Bhudargad,6.0,0,1788.0,139,5799.0
2015,Kolhapur,Chandgad,12.0,0,4410.0,2223,8974.0
2015,Kolhapur,Gadhinglaj,21.0,0,5288.0,986,11536.0
2015,Kolhapur,Gaganbavada,0.0,0,190.0,84,4941.0
2015,Kolhapur,Hatkanangale,16.0,0,7691.0,510,22873.0
2015,Kolhapur,Kagal,27.0,0,3494.0,1142,15456.0
2015,Kolhapur,Karveer,10.0,0,5067.0,630,14718.0
2015,Kolhapur,Panhala,13.0,0,1695.0,322,9775.0
2015,Kolhapur,Radhanagari,8.0,0,375.0,470,7218.0
2015,Kolhapur,Shahuwadi,29.0,0,1226.0,632,4176.0
2015,Kolhapur,Shirol,4.0,0,430.0,428,16650.0
2015,Latur,Ahamadpur,31.0,,3760.0,160,2300.0
2015,Latur,Aosa,54.0,,6975.0,55,4510.0
2015,Latur,Chakur,10.0,,4662.0,0,4383.0
2015,Latur,Devani,9.0,,1001.0,60,889.0
2015,Latur,Jalkot,51.0,,1072.0,10,790.0
2015,Latur,Latur,33.0,,11688.0,30,10200.0
2015,Latur,Nilanga,18.0,,3696.0,92,1844.0
2015,Latur,Renapur,13.0,,2781.0,0,1386.0
2015,Latur,Shirur-Anantpal,1.0,,364.0,0,232.0
2015,Latur,Udgir,47.0,,2303.0,0,1800.0
2015,Nagpur,Bhiwapur,3.0,64,4131.0,0,3002.0
2015,Nagpur,Hingana,4.0,83,4539.0,12,3407.0
2015,Nagpur,Kalameshwar,3.0,43,12763.0,82,6736.0
2015,Nagpur,Kamathi,0.0,29,5765.0,438,309.0
2015,Nagpur,Katol,18.0,192,14087.0,0,10383.0
2015,Nagpur,Kuhi,8.0,52,5804.0,425,3693.0
2015,Nagpur,Mauda,0.0,93,1540.0,26,1163.0
2015,Nagpur,Nagpur (gra),0.0,42,3869.0,65,2869.0
2015,Nagpur,Nagpur (sh),0.0,0,0.0,0,0.0
2015,Nagpur,Narkhed,15.0,136,15320.0,12,7061.0
2015,Nagpur,Parashivani,10.0,63,2281.0,0,2034.0
2015,Nagpur,Ramtech,5.0,158,1532.0,240,1218.0
2015,Nagpur,Sawner,1.0,59,7012.0,46,5958.0
2015,Nagpur,Umred,1.0,178,1775.0,130,1084.0
2015,Nanded,Andhrapur,2.0,,1382.0,62,7065.0
2015,Nanded,Bhokar,5.0,,1235.0,67,5724.0
2015,Nanded,Biloli,3.0,,2219.0,117,6427.0
2015,Nanded,Deglur,3.0,,995.0,113,4687.0
2015,Nanded,Dharmabad,2.0,,1082.0,74,6111.0
2015,Nanded,Hadgaon,4.0,,2785.0,99,11880.0
2015,Nanded,Himalay Nagar,2.0,,1589.0,71,7290.0
2015,Nanded,Kandhar,16.0,,1135.0,169,7488.0
2015,Nanded,Kinvat,9.0,,1884.0,138,6410.0
2015,Nanded,Loha,8.0,,1045.0,151,13820.0
2015,Nanded,Mahur,3.0,,2537.0,134,10230.0
2015,Nanded,Mudkhed,5.0,,2055.0,111,3148.0
2015,Nanded,Mukhed,22.0,,1005.0,101,6989.0
2015,Nanded,Nanded,0.0,,1306.0,104,7220.0
2015,Nanded,Naygaon,8.0,,820.0,99,3072.0
2015,Nanded,Umari,2.0,,1172.0,65,3525.0
2015,Nandurbar,Akkalkuva,0.0,61,1240.0,112,1851.0
2015,Nandurbar,Akrani,9.0,42,225.0,80,85.0
2015,Nandurbar,Nandurbar,61.0,414,12675.0,966,12109.0
2015,Nandurbar,Navapur,58.0,111,289.0,485,501.0
2015,Nandurbar,Shahada,24.0,79,4505.0,195,4102.0
2015,Nandurbar,Taloda,3.0,21,2610.0,162,1508.0
2015,Nashik,Baglan,105.0,0,22691.0,427,16625.0
2015,Nashik,Chandwad,79.0,212,8932.0,92,8331.0
2015,Nashik,Devala,12.0,0,1021.0,0,0.0
2015,Nashik,Dindori,41.0,0,16684.0,394,12981.0
2015,Nashik,Igatpuri,22.0,0,1052.0,226,84.0
2015,Nashik,Kalwan,84.0,0,9212.0,21,8927.0
2015,Nashik,Malegaon,157.0,203,13948.0,1618,6078.0
2015,Nashik,Nandgaon,74.0,117,7795.0,2237,1470.0
2015,Nashik,Nashik,16.0,0,12098.0,5,10098.0
2015,Nashik,Nifad,16.0,151,30370.0,220,27605.0
2015,Nashik,Peth,35.0,0,425.0,35,0.0
2015,Nashik,Sinner,96.0,162,24493.0,19,195.0
2015,Nashik,Surgana,48.0,0,299.0,0,0.0
2015,Nashik,Trimbak,11.0,0,1291.0,65,315.0
2015,Nashik,Yewala,63.0,172,3560.0,0,3500.0
2015,Palghar,Dahanu,7.0,0,132.0,0,0.0
2015,Palghar,Javhar,10.0,0,222.0,0,67.0
2015,Palghar,Mokhada,0.0,0,192.0,30,85.0
2015,Palghar,Palghar,0.0,0,0.0,0,0.0
2015,Palghar,Talasari,13.0,0,360.0,0,360.0
2015,Palghar,Vasai,11.0,0,74.0,43,31.0
2015,Palghar,Vikramgad,2.0,0,1432.0,400,1032.0
2015,Palghar,Wada,6.0,0,0.0,0,0.0
2015,Parbhani,Gangakhed,43.0,58,4110.0,15,2768.0
2015,Parbhani,Jintur,41.0,101,9030.0,33,5860.0
2015,Parbhani,Manvat,1.0,22,4160.0,14,2518.0
2015,Parbhani,Palam,7.0,17,2780.0,10,1755.0
2015,Parbhani,Parbhani,15.0,45,8730.0,31,5581.0
2015,Parbhani,Pathari,0.0,14,4910.0,18,3304.0
2015,Parbhani,Purna,1.0,41,5520.0,19,3469.0
2015,Parbhani,Selu,10.0,16,5160.0,18,3338.0
2015,Parbhani,Sonpeth,8.0,26,2640.0,9,1576.0
2015,Pune,Aambegaon,80.0,31,158.0,0,0.0
2015,Pune,Baramati,306.0,22,377.0,0,296.0
2015,Pune,Bhor,18.0,17,136.0,0,0.0
2015,Pune,Daund,66.0,42,13503.0,0,16705.0
2015,Pune,Haveli,32.0,16,2364.0,0,3654.0
2015,Pune,Indapur,73.0,49,2730.0,86,3329.0
2015,Pune,Junnar,52.0,31,234.0,0,0.0
2015,Pune,Khed,100.0,25,1347.0,60,2384.0
2015,Pune,Maval,3.0,18,45.0,0,1408.0
2015,Pune,Mulashi,13.0,3,17.0,0,194.0
2015,Pune,Pune City,0.0,0,0.0,0,0.0
2015,Pune,Purandar,119.0,21,116.0,0,0.0
2015,Pune,Shirur,151.0,49,2771.0,0,5532.0
2015,Pune,Welhe,2.0,3,106.0,0,219.0
2015,Raigad,Alibag,3.0,9,2612.0,22,5339.0
2015,Raigad,Karjat,5.0,37,129.0,0,1101.0
2015,Raigad,Khalapur,8.0,5,60.0,6,314.0
2015,Raigad,Mahad,0.0,0,15.0,0,223.0
2015,Raigad,Mangaon,6.0,0,0.0,17,371.0
2015,Raigad,Mhasala,2.0,0,7.0,3,211.0
2015,Raigad,Murud,0.0,1,547.0,60,1501.0
2015,Raigad,Panwel,2.0,1,784.0,91,1011.0
2015,Raigad,Pen,1.0,3,31.0,0,258.0
2015,Raigad,Poladpur,0.0,0,4.0,0,146.0
2015,Raigad,Roha,6.0,0,10.0,0,562.0
2015,Raigad,Shreevardhan,0.0,0,1152.0,107,1700.0
2015,Raigad,Sudhagad,2.0,3,25.0,0,362.0
2015,Raigad,Tala,1.0,0,32.0,0,79.0
2015,Raigad,Uran,0.0,0,18.0,26,175.0
2015,Ratnagiri,Chiplun,0.0,122,73.0,30,
2015,Ratnagiri,Dapoli,2.0,62,1218.0,75,
2015,Ratnagiri,Guhagar,2.0,54,2021.0,31,
2015,Ratnagiri,Khed,1.0,81,49.0,47,
2015,Ratnagiri,Lanja,0.0,31,1070.0,103,
2015,Ratnagiri,Mandangad,1.0,16,232.0,50,
2015,Ratnagiri,Rajapur,2.0,20,787.0,34,
2015,Ratnagiri,Ratnagiri,0.0,42,1981.0,220,
2015,Ratnagiri,Sangameshwar,3.0,82,103.0,46,
2015,Sangli,Aatpadi,253.0,1,864.0,0,14293.0
2015,Sangli,Jat,183.0,7,2270.0,0,33325.0
2015,Sangli,Kadegaon,60.0,0,1832.0,0,16112.0
2015,Sangli,Khanapur,77.0,1,1697.0,0,17271.0
2015,Sangli,Ku. Mahakal,146.0,0,7907.0,0,18950.0
2015,Sangli,Miraj,50.0,0,19702.0,0,30591.0
2015,Sangli,Palus,7.0,0,3040.0,0,12153.0
2015,Sangli,Shirala,50.0,0,1146.0,0,6832.0
2015,Sangli,Tasgaon,68.0,0,11517.0,0,26324.0
2015,Sangli,Valava,27.0,0,7542.0,0,32430.0
2015,Satara,Faltan,180.0,0,12948.0,192,23158.0
2015,Satara,Javali,28.0,0,3600.0,102,3601.0
2015,Satara,Karad,82.0,0,11716.0,229,28390.0
2015,Satara,Khandala,99.0,0,2702.0,390,11610.0
2015,Satara,Khatav,216.0,0,6637.0,97,26272.0
2015,Satara,Koregaon,159.0,0,2695.0,385,22278.0
2015,Satara,Mahableshwar,8.0,0,286.0,42,2018.0
2015,Satara,Man,308.0,0,12393.0,329,17550.0
2015,Satara,Patan,39.0,0,1180.0,568,4060.0
2015,Satara,Satara,28.0,0,6973.0,405,15468.0
2015,Satara,Vai,34.0,0,8050.0,0,10758.0
2015,Sindhudurg,Devgad,0.0,12,1737.0,38,43.0
2015,Sindhudurg,Dodamarg,1.0,1,535.0,0,28.0
2015,Sindhudurg,Kankavali,4.0,27,0.0,0,97.0
2015,Sindhudurg,Kudal,2.0,1,1137.0,44,42.0
2015,Sindhudurg,Malvan,2.0,6,330.0,53,152.0
2015,Sindhudurg,Sawantwadi,0.0,9,118.0,6,45.0
2015,Sindhudurg,Vaibhavwadi,1.0,4,0.0,5,42.0
2015,Sindhudurg,Vengurla,0.0,4,915.0,11,120.0
2015,Thane,Ambarnath,10.0,0,17.0,2,5.0
2015,Thane,Bhivandi,2.0,0,240.0,28,12.0
2015,Thane,Kalyan,7.0,0,35.0,0,0.0
2015,Thane,Murbad,30.0,0,128.0,37,77.0
2015,Thane,Shahapur,14.0,0,0.0,0,0.0
2015,Thane,Thane,0.0,0,55.0,0,0.0
2015,Thane,Ulhasnagar,0.0,0,0.0,0,0.0
2015,Wardha,Aarvi,15.0,21,4038.0,100,4566.0
2015,Wardha,Ashti,2.0,13,5454.0,101,5480.0
2015,Wardha,Devali,3.0,12,5840.0,675,4158.0
2015,Wardha,Hinganghat,1.0,17,6669.0,384,3656.0
2015,Wardha,Karanja,13.0,28,7670.0,286,4007.0
2015,Wardha,Samudrapur,4.0,14,3041.0,591,6552.0
2015,Wardha,Selu,1.0,17,5200.0,90,2212.0
2015,Wardha,Wardha,6.0,24,6447.0,178,11750.0
2015,Washim,Karanja,12.0,2,171.0,,
2015,Washim,Malegaon,30.0,2,128.0,,
2015,Washim,Mangrulpir,26.0,4,186.0,,
2015,Washim,Manora,20.0,0,125.0,,
2015,Washim,Resod,15.0,2,281.0,,
2015,Washim,Washim,35.0,1,307.0,,
2015,Yavatmal,Aarni,7.0,6,78.0,,8033.0
2015,Yavatmal,Babhulgaon,6.0,1,0.0,,5165.0
2015,Yavatmal,Darvha,21.0,17,92.0,,8200.0
2015,Yavatmal,Digras,8.0,12,2711.0,,5864.0
2015,Yavatmal,Ghantaji,13.0,8,35.0,,6841.0
2015,Yavatmal,Kalamb,17.0,13,0.0,,3762.0
2015,Yavatmal,Kelapur,16.0,11,69.0,,4089.0
2015,Yavatmal,Mahagaon,18.0,6,40.0,,10851.0
2015,Yavatmal,Maregaon,10.0,3,0.0,,2527.0
2015,Yavatmal,Ner,19.0,2,9.0,,6513.0
2015,Yavatmal,Pusad,39.0,11,143.0,,11539.0
2015,Yavatmal,Ralegaon,24.0,1,15.0,,4101.0
2015,Yavatmal,Umarkhed,15.0,12,8.0,,13089.0
2015,Yavatmal,Vani,4.0,6,11.0,,4305.0
2015,Yavatmal,Yavatmal,33.0,4,142.0,,5225.0
2015,Yavatmal,Zari Jamani,9.0,2,0.0,,4359.0
2016,Ahilyanagar,Akole,45.0,233,1775.0,0,2193.0
2016,Ahilyanagar,Jamkhed,56.0,70,0.0,0,0.0
2016,Ahilyanagar,Karjat,106.0,95,0.0,0,0.0
2016,Ahilyanagar,Kopargaon,31.0,65,0.0,0,0.0
2016,Ahilyanagar,Nagar,111.0,109,0.0,0,0.0
2016,Ahilyanagar,Nevasa,10.0,93,2350.0,0,350.0
2016,Ahilyanagar,Parner,131.0,116,675.0,0,250.0
2016,Ahilyanagar,Pathardi,76.0,140,495.0,0,386.0
2016,Ahilyanagar,Rahata,0.0,27,4942.0,0,35.0
2016,Ahilyanagar,Rahuri,38.0,41,6270.0,0,114.0
2016,Ahilyanagar,Sangamner,88.0,104,7000.0,0,1570.0
2016,Ahilyanagar,Shevgaon,36.0,71,0.0,0,0.0
2016,Ahilyanagar,Srigonda,98.0,76,0.0,0,0.0
2016,Ahilyanagar,Srirampur,12.0,46,9795.0,0,370.0
2016,Akola,Akola,1.0,15,2369.0,26,1460.0
2016,Akola,Akot,7.0,6,2941.0,20,1790.0
2016,Akola,Balapur,1.0,12,3195.0,165,2095.0
2016,Akola,Barshitakali,17.0,11,2119.0,19,1685.0
2016,Akola,Murtijapur,3.0,27,4070.0,109,2600.0
2016,Akola,Patur,9.0,0,6322.0,125,5220.0
2016,Akola,Telhara,3.0,0,4164.0,0,3859.0
2016,Amravati,Achalpur,7.0,8,455.0,,15882.0
2016,Amravati,Amravati,8.0,0,643.0,,10404.0
2016,Amravati,Anjangaon Su,1.0,7,473.0,,10325.0
2016,Amravati,Bhatkuli,0.0,2,477.0,,2819.0
2016,Amravati,Chandur Railway,4.0,0,1002.0,,4990.0
2016,Amravati,Chandurbazar,6.0,2,300.0,,15860.0
2016,Amravati,Chikhraldara,12.0,7,204.0,,1010.0
2016,Amravati,Daryapur,1.0,7,210.0,,3470.0
2016,Amravati,Dhamangaon Re,1.0,0,795.0,,8867.0
2016,Amravati,Dharani,15.0,3,388.0,,4236.0
2016,Amravati,Morshi,4.0,2,270.0,,16196.0
2016,Amravati,Nandgaon Kh,5.0,0,1090.0,,10701.0
2016,Amravati,Tivas,6.0,0,731.0,,11077.0
2016,Amravati,Warud,8.0,1,0.0,,23897.0
2016,Beed,Ambajogai,30.0,0,8665.0,0,0.0
2016,Beed,Ashti,312.0,0,15343.0,0,0.0
2016,Beed,Beed,158.0,0,7918.0,0,0.0
2016,Beed,Cage,73.0,0,8552.0,0,0.0
2016,Beed,Dharur,36.0,0,2705.0,0,0.0
2016,Beed,Gevrai,73.0,0,8113.0,0,0.0
2016,Beed,Majalgaon,21.0,0,6663.0,0,0.0
2016,Beed,Parli,29.0,0,7529.0,0,0.0
2016,Beed,Patoda,180.0,0,4206.0,0,0.0
2016,Beed,Shirur Kasar,142.0,0,3135.0,0,0.0
2016,Beed,Wadwani,34.0,0,934.0,0,0.0
2016,Bhandara,Bhandara,5.0,10,3100.0,176,4344.0
2016,Bhandara,Lakhandur,0.0,50,3611.0,1081,5753.0
2016,Bhandara,Lakhani,2.0,35,3300.0,61,6327.0
2016,Bhandara,Mohadi,3.0,39,3246.0,574,5853.0
2016,Bhandara,Pavani,2.0,23,5425.0,611,8839.0
2016,Bhandara,Sakoli,0.0,70,2981.0,194,6157.0
2016,Bhandara,Tumsar,3.0,57,3174.0,659,5431.0
2016,Buldhana,Buldhana,31.0,4,3401.0,0,16382.0
2016,Buldhana,Chikhali,76.0,11,5894.0,53,14755.0
2016,Buldhana,Deulgaon Raja,27.0,15,3171.0,20,9640.0
2016,Buldhana,Jalgaon Jamod,9.0,10,2873.0,613,10320.0
2016,Buldhana,Khamgaon,33.0,7,6945.0,38,11487.0
2016,Buldhana,Lonar,34.0,4,7848.0,5,9282.0
2016,Buldhana,Malkapur,5.0,11,2506.0,613,7766.0
2016,Buldhana,Mehkar,33.0,0,1947.0,149,13009.0
2016,Buldhana,Motala,23.0,8,3515.0,5,12762.0
2016,Buldhana,Nandura,0.0,6,2966.0,539,9908.0
2016,Buldhana,Sangrampur,8.0,9,896.0,51,10676.0
2016,Buldhana,Shegaon,3.0,0,1535.0,85,3289.0
2016,Buldhana,Sindkhed Raja,61.0,14,5440.0,4,13681.0
2016,Chandrapur,Ballarpur,1.0,0,643.0,0,0.0
2016,Chandrapur,Bhadravati,0.0,0,675.0,0,0.0
2016,Chandrapur,Bramhapuri,0.0,0,533.0,1,0.0
2016,Chandrapur,Chandrapur,1.0,1,1011.0,1,0.0
2016,Chandrapur,Chimur,0.0,0,279.0,0,0.0
2016,Chandrapur,Gondpipari,0.0,0,184.0,0,0.0
2016,Chandrapur,Jivati,0.0,0,74.0,0,0.0
2016,Chandrapur,Korpana,0.0,0,900.0,0,0.0
2016,Chandrapur,Mul,0.0,0,893.0,0,0.0
2016,Chandrapur,Nagbhid,0.0,0,438.0,0,0.0
2016,Chandrapur,Ponbhurna,0.0,0,285.0,0,0.0
2016,Chandrapur,Rajura,0.0,0,492.0,1,0.0
2016,Chandrapur,Savali,0.0,0,636.0,0,0.0
2016,Chandrapur,Sindevahi,0.0,0,518.0,0,0.0
2016,Chandrapur,Varora,3.0,0,540.0,0,0.0
2016,Dharashiv,Bhum,56.0,148,4325.0,492,3857.0
2016,Dharashiv,Dharashiv,109.0,100,9774.0,277,3215.0
2016,Dharashiv,Kalamb,54.0,119,2300.0,625,3000.0
2016,Dharashiv,Lohara,25.0,47,843.0,40,1312.0
2016,Dharashiv,Paranda,120.0,105,3344.0,13,4133.0
2016,Dharashiv,Tuljapur,116.0,144,5674.0,127,7152.0
2016,Dharashiv,Umaraga,38.0,118,10586.0,310,7189.0
2016,Dharashiv,Washi,24.0,49,4846.0,45,5585.0
2016,Dhule,Dhule,129.0,379,4519.0,0,1875.0
2016,Dhule,Sakri,135.0,650,2143.0,700,1738.0
2016,Dhule,Shindkheda,57.0,215,5280.0,0,2302.0
2016,Dhule,Shirpur,63.0,147,5533.0,25,5185.0
2016,Gadchiroli,Aarmori,0.0,0,298.0,610,2157.0
2016,Gadchiroli,Aheri,0.0,0,258.0,255,497.0
2016,Gadchiroli,Bhamragad,0.0,0,161.0,300,85.0
2016,Gadchiroli,Chomoshi,0.0,0,380.0,527,3736.0
2016,Gadchiroli,Desaiganj,0.0,0,316.0,201,2262.0
2016,Gadchiroli,Dhanora,0.0,0,129.0,718,788.0
2016,Gadchiroli,Etapalli,0.0,0,228.0,118,184.0
2016,Gadchiroli,Gadchiroli,0.0,0,231.0,325,1535.0
2016,Gadchiroli,Korachi,0.0,0,184.0,0,300.0
2016,Gadchiroli,Kurkheda,0.0,0,291.0,920,2748.0
2016,Gadchiroli,Mulchera,0.0,0,324.0,396,608.0
2016,Gadchiroli,Sironcha,0.0,0,363.0,265,2063.0
2016,Gondia,Aamgaon,104.0,80,1436.0,0,3210.0
2016,Gondia,Arjuni Morgaon,269.0,147,869.0,147,4702.0
2016,Gondia,Devari,223.0,203,1025.0,140,2548.0
2016,Gondia,Gondia,246.0,276,2671.0,824,4852.0
2016,Gondia,Goregaon,250.0,210,2255.0,0,2651.0
2016,Gondia,Sadak Arjuni,103.0,167,1869.0,134,5228.0
2016,Gondia,Salekasa,168.0,164,576.0,216,2304.0
2016,Gondia,Tiroda,130.0,276,1080.0,0,4023.0
2016,Hingoli,Aundha Na,,,,,
2016,Hingoli,Hingoli,,,,,
2016,Hingoli,Kalamanuri,,,,,
2016,Hingoli,Sengaon,,,,,
2016,Hingoli,Vasamat,,,,,
2016,Jalna,Ambad,,,,,
2016,Jalna,Badnapur,,,,,
2016,Jalna,Bhokardan,,,,,
2016,Jalna,Ghansawangi,,,,,
2016,Jalna,Jaffrabad,,,,,
2016,Jalna,Jalna,,,,,
2016,Jalna,Mantha,,,,,
2016,Jalna,Partur,,,,,
2016,Kolhapur,Ajara,8.0,0,2027.0,0,4916.0
2016,Kolhapur,Bhudargad,6.0,0,1788.0,139,5730.0
2016,Kolhapur,Chandgad,12.0,0,4410.0,2223,9725.0
2016,Kolhapur,Gadhinglaj,21.0,0,5288.0,986,12175.0
2016,Kolhapur,Gaganbavada,0.0,0,190.0,84,2416.0
2016,Kolhapur,Hatkanangale,16.0,0,7691.0,510,22177.0
2016,Kolhapur,Kagal,27.0,0,3494.0,1142,15994.0
2016,Kolhapur,Karveer,10.0,0,5067.0,630,18750.0
2016,Kolhapur,Panhala,13.0,0,1695.0,322,12424.0
2016,Kolhapur,Radhanagari,8.0,0,375.0,470,6092.0
2016,Kolhapur,Shahuwadi,29.0,0,1226.0,632,5154.0
2016,Kolhapur,Shirol,4.0,0,430.0,428,19281.0
2016,Latur,Ahamadpur,134.0,0,3760.0,160,2300.0
2016,Latur,Aosa,111.0,0,6975.0,55,4510.0
2016,Latur,Chakur,82.0,0,4662.0,0,4383.0
2016,Latur,Devani,67.0,0,1001.0,60,889.0
2016,Latur,Jalkot,76.0,0,1072.0,10,790.0
2016,Latur,Latur,78.0,0,11688.0,30,10200.0
2016,Latur,Nilanga,61.0,0,3696.0,92,1844.0
2016,Latur,Renapur,29.0,0,2781.0,0,1386.0
2016,Latur,Shirur-Anantpal,42.0,0,364.0,0,232.0
2016,Latur,Udgir,130.0,0,2303.0,0,1800.0
2016,Mumbai Suburban,Adheri,,,,,
2016,Mumbai Suburban,Borivali,,,,,
2016,Mumbai Suburban,Kurla,,,,,
2016,Nagpur,Bhiwapur,3.0,65,4131.0,0,3002.0
2016,Nagpur,Hingana,4.0,74,4539.0,12,3407.0
2016,Nagpur,Kalameshwar,3.0,45,12763.0,82,6736.0
2016,Nagpur,Kamathi,0.0,29,5765.0,438,309.0
2016,Nagpur,Katol,18.0,160,14087.0,0,10383.0
2016,Nagpur,Kuhi,8.0,52,5804.0,425,3693.0
2016,Nagpur,Mauda,0.0,88,1540.0,26,1163.0
2016,Nagpur,Nagpur (gra),0.0,30,3869.0,65,2869.0
2016,Nagpur,Nagpur (sh),0.0,0,0.0,0,0.0
2016,Nagpur,Narkhed,15.0,136,15320.0,12,7061.0
2016,Nagpur,Parashivani,0.0,66,2281.0,0,2034.0
2016,Nagpur,Ramtech,5.0,159,1532.0,240,1218.0
2016,Nagpur,Sawner,1.0,67,7012.0,46,5958.0
2016,Nagpur,Umred,1.0,162,1775.0,130,1084.0
2016,Nanded,Andhrapur,2.0,,1442.0,62,8491.0
2016,Nanded,Bhokar,5.0,,1595.0,67,7423.0
2016,Nanded,Biloli,3.0,,2264.0,117,3770.0
2016,Nanded,Deglur,5.0,,1248.0,113,8548.0
2016,Nanded,Dharmabad,1.0,,1093.0,74,4582.0
2016,Nanded,Hadgaon,4.0,,3155.0,99,16079.0
2016,Nanded,Himalay Nagar,1.0,,1757.0,71,9611.0
2016,Nanded,Kandhar,19.0,,1841.0,169,8256.0
2016,Nanded,Kinvat,9.0,,2115.0,138,8646.0
2016,Nanded,Loha,8.0,,1189.0,151,13536.0
2016,Nanded,Mahur,3.0,,2665.0,134,5490.0
2016,Nanded,Mudkhed,5.0,,2132.0,111,9017.0
2016,Nanded,Mukhed,17.0,,1168.0,101,7009.0
2016,Nanded,Nanded,4.0,,1372.0,104,11829.0
2016,Nanded,Naygaon,8.0,,894.0,99,6590.0
2016,Nanded,Umari,3.0,,1263.0,65,3825.0
2016,Nandurbar,Akkalkuva,0.0,89,1240.0,112,1851.0
2016,Nandurbar,Akrani,9.0,42,225.0,80,85.0
2016,Nandurbar,Nandurbar,61.0,425,12675.0,966,12109.0
2016,Nandurbar,Navapur,58.0,137,289.0,485,501.0
2016,Nandurbar,Shahada,24.0,122,4505.0,195,4102.0
2016,Nandurbar,Taloda,3.0,21,2610.0,162,1508.0
2016,Nashik,Baglan,106.0,0,22691.0,427,16625.0
2016,Nashik,Chandwad,79.0,226,8932.0,92,8331.0
2016,Nashik,Devala,12.0,0,1021.0,0,0.0
2016,Nashik,Dindori,41.0,0,16684.0,394,12981.0
2016,Nashik,Igatpuri,25.0,0,1052.0,226,84.0
2016,Nashik,Kalwan,85.0,0,9212.0,21,8927.0
2016,Nashik,Malegaon,157.0,218,13948.0,1618,6078.0
2016,Nashik,Nandgaon,74.0,118,7795.0,2237,1470.0
2016,Nashik,Nashik,16.0,0,12098.0,5,10098.0
2016,Nashik,Nifad,16.0,155,30370.0,220,27605.0
2016,Nashik,Peth,35.0,0,425.0,35,0.0
2016,Nashik,Sinner,96.0,176,24493.0,19,195.0
2016,Nashik,Surgana,48.0,0,299.0,0,0.0
2016,Nashik,Trimbak,11.0,0,1291.0,65,315.0
2016,Nashik,Yewala,63.0,187,3560.0,0,3500.0
2016,Palghar,Dahanu,2.0,0,1432.0,400,1032.0
2016,Palghar,Javhar,10.0,0,222.0,0,67.0
2016,Palghar,Mokhada,6.0,0,0.0,0,0.0
2016,Palghar,Palghar,13.0,0,360.0,0,360.0
2016,Palghar,Talasari,0.0,0,192.0,30,85.0
2016,Palghar,Vasai,7.0,0,132.0,0,0.0
2016,Palghar,Vikramgad,0.0,0,0.0,0,0.0
2016,Palghar,Wada,11.0,0,74.0,43,31.0
2016,Parbhani,Gangakhed,43.0,58,4109.0,10,3753.0
2016,Parbhani,Jintur,41.0,124,9022.0,22,8323.0
2016,Parbhani,Manvat,1.0,40,4151.0,10,3859.0
2016,Parbhani,Palam,7.0,17,2779.0,8,2548.0
2016,Parbhani,Parbhani,15.0,45,8721.0,28,8049.0
2016,Parbhani,Pathari,0.0,25,4901.0,14,4513.0
2016,Parbhani,Purna,1.0,41,5510.0,16,5083.0
2016,Parbhani,Selu,10.0,34,5155.0,10,4769.0
2016,Parbhani,Sonpeth,8.0,26,2638.0,8,2446.0
2016,Pune,Aambegaon,79.0,40,161.0,111,47.0
2016,Pune,Baramati,308.0,69,1299.0,166,369.0
2016,Pune,Bhor,18.0,19,136.0,95,41.0
2016,Pune,Daund,65.0,96,13503.0,143,16838.0
2016,Pune,Haveli,31.0,29,2364.0,43,3721.0
2016,Pune,Indapur,72.0,95,2805.0,228,3512.0
2016,Pune,Junnar,52.0,61,234.0,164,70.0
2016,Pune,Khed,102.0,37,176.0,123,53.0
2016,Pune,Maval,3.0,14,45.0,31,1446.0
2016,Pune,Mulashi,13.0,14,17.0,11,212.0
2016,Pune,Pune City,0.0,0,0.0,0,0.0
2016,Pune,Purandar,167.0,35,914.0,81,1103.0
2016,Pune,Shirur,151.0,65,541.0,87,1617.0
2016,Pune,Welhe,2.0,5,106.0,74,257.0
2016,Raigad,Alibag,3.0,9,2612.0,22,5339.0
2016,Raigad,Karjat,5.0,37,129.0,0,1101.0
2016,Raigad,Khalapur,8.0,5,60.0,6,314.0
2016,Raigad,Mahad,0.0,0,15.0,0,223.0
2016,Raigad,Mangaon,6.0,0,0.0,17,371.0
2016,Raigad,Mhasala,2.0,0,7.0,3,211.0
2016,Raigad,Murud,0.0,1,547.0,60,1501.0
2016,Raigad,Panwel,2.0,1,784.0,91,1011.0
2016,Raigad,Pen,1.0,3,31.0,0,258.0
2016,Raigad,Poladpur,0.0,0,4.0,0,146.0
2016,Raigad,Roha,6.0,0,10.0,0,562.0
2016,Raigad,Shreevardhan,0.0,0,1152.0,107,1700.0
2016,Raigad,Sudhagad,2.0,3,25.0,0,362.0
2016,Raigad,Tala,1.0,0,32.0,0,79.0
2016,Raigad,Uran,0.0,0,18.0,26,175.0
2016,Ratnagiri,Chiplun,0.0,122,73.0,30,
2016,Ratnagiri,Dapoli,2.0,62,1218.0,75,
2016,Ratnagiri,Guhagar,2.0,54,2021.0,31,
2016,Ratnagiri,Khed,1.0,81,49.0,47,
2016,Ratnagiri,Lanja,0.0,31,1070.0,103,
2016,Ratnagiri,Mandangad,1.0,16,232.0,50,
2016,Ratnagiri,Rajapur,2.0,20,787.0,34,
2016,Ratnagiri,Ratnagiri,0.0,42,1981.0,220,
2016,Ratnagiri,Sangameshwar,3.0,82,103.0,46,
2016,Sangli,Aatpadi,256.0,1,987.0,0,14671.0
2016,Sangli,Jat,183.0,7,2413.0,0,34529.0
2016,Sangli,Kadegaon,60.0,0,2032.0,0,16649.0
2016,Sangli,Khanapur,81.0,1,1801.0,0,18002.0
2016,Sangli,Ku. Mahakal,146.0,0,8179.0,0,19460.0
2016,Sangli,Miraj,50.0,0,20016.0,0,31753.0
2016,Sangli,Palus,7.0,0,3240.0,0,12625.0
2016,Sangli,Shirala,50.0,0,1146.0,0,7180.0
2016,Sangli,Tasgaon,68.0,0,11743.0,0,27209.0
2016,Sangli,Valava,27.0,0,7794.0,0,33651.0
2016,Satara,Faltan,180.0,0,12948.0,192,28359.0
2016,Satara,Javali,28.0,0,3600.0,102,4288.0
2016,Satara,Karad,83.0,0,11716.0,229,34057.0
2016,Satara,Khandala,99.0,0,2702.0,390,14098.0
2016,Satara,Khatav,217.0,0,6637.0,97,29502.0
2016,Satara,Koregaon,159.0,0,2695.0,385,26020.0
2016,Satara,Mahableshwar,8.0,0,286.0,42,2405.0
2016,Satara,Man,298.0,0,12393.0,329,20906.0
2016,Satara,Patan,40.0,0,1180.0,568,3921.0
2016,Satara,Satara,28.0,0,6973.0,405,17900.0
2016,Satara,Vai,34.0,0,8050.0,0,12674.0
2016,Sindhudurg,Devgad,0.0,12,1737.0,48,57.0
2016,Sindhudurg,Dodamarg,1.0,2,535.0,9,526.0
2016,Sindhudurg,Kankavali,4.0,27,0.0,0,0.0
2016,Sindhudurg,Kudal,2.0,1,1137.0,121,936.0
2016,Sindhudurg,Malvan,2.0,8,330.0,20,183.0
2016,Sindhudurg,Sawantwadi,0.0,9,118.0,51,67.0
2016,Sindhudurg,Vaibhavwadi,1.0,6,0.0,0,0.0
2016,Sindhudurg,Vengurla,0.0,4,915.0,68,443.0
2016,Thane,Ambarnath,10.0,0,17.0,2,5.0
2016,Thane,Bhivandi,2.0,0,240.0,28,12.0
2016,Thane,Kalyan,7.0,0,35.0,0,0.0
2016,Thane,Murbad,30.0,0,128.0,37,77.0
2016,Thane,Shahapur,14.0,0,0.0,0,0.0
2016,Thane,Thane,0.0,0,55.0,0,0.0
2016,Thane,Ulhasnagar,0.0,0,0.0,0,0.0
2016,Wardha,Aarvi,15.0,46,1330.0,10,7949.0
2016,Wardha,Ashti,2.0,22,0.0,6,4660.0
2016,Wardha,Devali,3.0,17,0.0,8,8979.0
2016,Wardha,Hinganghat,1.0,42,0.0,10,10482.0
2016,Wardha,Karanja,13.0,42,316.0,10,8252.0
2016,Wardha,Samudrapur,4.0,24,165.0,10,7714.0
2016,Wardha,Selu,1.0,20,2221.0,7,12601.0
2016,Wardha,Wardha,6.0,35,1062.0,8,7571.0
2016,Washim,Karanja,12.0,2,175.0,,
2016,Washim,Malegaon,30.0,2,132.0,,
2016,Washim,Mangrulpir,24.0,4,190.0,,
2016,Washim,Manora,19.0,0,125.0,,
2016,Washim,Resod,15.0,2,287.0,,
2016,Washim,Washim,34.0,1,318.0,,
2016,Yavatmal,Aarni,7.0,19,78.0,,8747.0
2016,Yavatmal,Babhulgaon,6.0,7,0.0,,5748.0
2016,Yavatmal,Darvha,21.0,48,92.0,,9111.0
2016,Yavatmal,Digras,8.0,20,2711.0,,6105.0
2016,Yavatmal,Ghantaji,13.0,13,35.0,,7217.0
2016,Yavatmal,Kalamb,17.0,32,37.0,,3988.0
2016,Yavatmal,Kelapur,16.0,21,93.0,,4420.0
2016,Yavatmal,Mahagaon,18.0,9,40.0,,11594.0
2016,Yavatmal,Maregaon,10.0,7,47.0,,2713.0
2016,Yavatmal,Ner,19.0,20,9.0,,7020.0
2016,Yavatmal,Pusad,39.0,14,143.0,,12267.0
2016,Yavatmal,Ralegaon,24.0,6,127.0,,4472.0
2016,Yavatmal,Umarkhed,15.0,15,8.0,,13637.0
2016,Yavatmal,Vani,4.0,6,11.0,,4469.0
2016,Yavatmal,Yavatmal,33.0,20,142.0,,5624.0
2016,Yavatmal,Zari Jamani,9.0,5,0.0,,4567.0
2017,Ahilyanagar,Akole,45.0,37,233.0,0,1775.0
2017,Ahilyanagar,Jamkhed,56.0,14,74.0,0,0.0
2017,Ahilyanagar,Karjat,106.0,30,101.0,0,0.0
2017,Ahilyanagar,Kopargaon,31.0,10,66.0,0,0.0
2017,Ahilyanagar,Nagar,111.0,32,120.0,0,0.0
2017,Ahilyanagar,Nevasa,10.0,20,96.0,0,2350.0
2017,Ahilyanagar,Parner,131.0,19,126.0,0,675.0
2017,Ahilyanagar,Pathardi,76.0,20,145.0,0,495.0
2017,Ahilyanagar,Rahata,0.0,2,27.0,0,4942.0
2017,Ahilyanagar,Rahuri,38.0,10,43.0,1,6270.0
2017,Ahilyanagar,Sangamner,88.0,25,107.0,0,7000.0
2017,Ahilyanagar,Shevgaon,36.0,16,71.0,0,0.0
2017,Ahilyanagar,Srigonda,98.0,13,79.0,0,0.0
2017,Ahilyanagar,Srirampur,12.0,11,49.0,0,9795.0
2017,Akola,Akola,3.0,19,1554.0,26,1460.0
2017,Akola,Akot,7.0,21,3277.0,20,2136.0
2017,Akola,Balapur,3.0,14,3195.0,165,2095.0
2017,Akola,Barshitakali,17.0,8,2406.0,165,2075.0
2017,Akola,Murtijapur,1.0,18,3505.0,112,2600.0
2017,Akola,Patur,9.0,18,6548.0,130,5220.0
2017,Akola,Telhara,6.0,13,1226.0,0,933.0
2017,Amravati,Achalpur,12.0,9,487.0,,16165.0
2017,Amravati,Amravati,8.0,0,881.0,,10498.0
2017,Amravati,Anjangaon Su,1.0,9,638.0,,10651.0
2017,Amravati,Bhatkuli,0.0,2,553.0,,2943.0
2017,Amravati,Chandur Railway,5.0,2,1112.0,,5079.0
2017,Amravati,Chandurbazar,10.0,5,399.0,,15993.0
2017,Amravati,Chikhraldara,29.0,8,383.0,,1035.0
2017,Amravati,Daryapur,1.0,7,301.0,,3852.0
2017,Amravati,Dhamangaon Re,1.0,1,954.0,,9175.0
2017,Amravati,Dharani,17.0,3,792.0,,4524.0
2017,Amravati,Morshi,7.0,2,407.0,,16624.0
2017,Amravati,Nandgaon Kh,11.0,0,1224.0,,10840.0
2017,Amravati,Tivas,14.0,1,995.0,,11186.0
2017,Amravati,Warud,16.0,1,0.0,,24213.0
2017,Beed,Ambajogai,102.0,235,22751.0,59,22751.0
2017,Beed,Ashti,483.0,229,26876.0,51,26876.0
2017,Beed,Beed,117.0,348,14663.0,16,14663.0
2017,Beed,Cage,115.0,208,23420.0,24,23420.0
2017,Beed,Dharur,44.0,109,4506.0,15,4506.0
2017,Beed,Gevrai,194.0,200,25046.0,25,25046.0
2017,Beed,Majalgaon,10.0,129,26300.0,31,26300.0
2017,Beed,Parli,92.0,270,11220.0,27,11220.0
2017,Beed,Patoda,325.0,174,6510.0,17,6510.0
2017,Beed,Shirur Kasar,68.0,187,7467.0,0,7467.0
2017,Beed,Wadwani,35.0,74,2970.0,21,2970.0
2017,Bhandara,Bhandara,5.0,10,3113.0,179,4532.0
2017,Bhandara,Lakhandur,0.0,50,1736.0,1088,6253.0
2017,Bhandara,Lakhani,2.0,35,3312.0,63,6645.0
2017,Bhandara,Mohadi,3.0,39,2949.0,579,6253.0
2017,Bhandara,Pavani,2.0,24,2004.0,611,9204.0
2017,Bhandara,Sakoli,0.0,70,3004.0,196,6460.0
2017,Bhandara,Tumsar,3.0,61,3184.0,662,5611.0
2017,Buldhana,Buldhana,34.0,8,7467.0,8,17096.0
2017,Buldhana,Chikhali,98.0,13,12150.0,230,15639.0
2017,Buldhana,Deulgaon Raja,37.0,23,3759.0,0,9840.0
2017,Buldhana,Jalgaon Jamod,13.0,48,9034.0,5,10692.0
2017,Buldhana,Khamgaon,38.0,14,6350.0,10,16656.0
2017,Buldhana,Lonar,42.0,4,8375.0,222,9875.0
2017,Buldhana,Malkapur,6.0,11,5980.0,13,8219.0
2017,Buldhana,Mehkar,43.0,0,4906.0,26,13718.0
2017,Buldhana,Motala,30.0,8,9209.0,40,13383.0
2017,Buldhana,Nandura,0.0,6,3858.0,0,10468.0
2017,Buldhana,Sangrampur,8.0,30,720.0,65,10607.0
2017,Buldhana,Shegaon,3.0,3,1361.0,62,3443.0
2017,Buldhana,Sindkhed Raja,92.0,20,8000.0,160,14347.0
2017,Chandrapur,Ballarpur,1.0,0,321.0,122,2074.0
2017,Chandrapur,Bhadravati,0.0,0,767.0,660,3780.0
2017,Chandrapur,Bramhapuri,0.0,0,1126.0,412,5585.0
2017,Chandrapur,Chandrapur,1.0,1,654.0,387,3255.0
2017,Chandrapur,Chimur,0.0,0,506.0,76,6216.0
2017,Chandrapur,Gondpipari,0.0,0,655.0,48,2954.0
2017,Chandrapur,Jivati,0.0,0,93.0,402,778.0
2017,Chandrapur,Korpana,0.0,0,306.0,402,5606.0
2017,Chandrapur,Mul,0.0,0,826.0,465,2604.0
2017,Chandrapur,Nagbhid,0.0,0,1134.0,676,4206.0
2017,Chandrapur,Ponbhurna,0.0,0,777.0,606,1842.0
2017,Chandrapur,Rajura,0.0,0,630.0,520,5279.0
2017,Chandrapur,Savali,0.0,0,614.0,1884,2383.0
2017,Chandrapur,Sindevahi,0.0,0,786.0,648,3550.0
2017,Chandrapur,Varora,3.0,0,1105.0,0,8353.0
2017,Dharashiv,Bhum,77.0,148,4325.0,492,3857.0
2017,Dharashiv,Dharashiv,160.0,104,9774.0,277,3215.0
2017,Dharashiv,Kalamb,100.0,119,2300.0,625,3000.0
2017,Dharashiv,Lohara,24.0,47,843.0,40,1312.0
2017,Dharashiv,Paranda,119.0,105,3344.0,13,4133.0
2017,Dharashiv,Tuljapur,115.0,146,5674.0,127,7152.0
2017,Dharashiv,Umaraga,36.0,118,10586.0,310,7189.0
2017,Dharashiv,Washi,38.0,49,4846.0,45,5585.0
2017,Dhule,Dhule,129.0,381,4519.0,0,1875.0
2017,Dhule,Sakri,135.0,746,2143.0,700,1738.0
2017,Dhule,Shindkheda,57.0,236,5280.0,0,2302.0
2017,Dhule,Shirpur,63.0,181,5533.0,25,5185.0
2017,Gadchiroli,Aarmori,0.0,0,1412.0,295,2360.0
2017,Gadchiroli,Aheri,0.0,0,1248.0,826,536.0
2017,Gadchiroli,Bhamragad,0.0,0,576.0,0,94.0
2017,Gadchiroli,Chomoshi,0.0,0,1603.0,603,4130.0
2017,Gadchiroli,Desaiganj,0.0,0,1195.0,150,2418.0
2017,Gadchiroli,Dhanora,0.0,0,906.0,560,851.0
2017,Gadchiroli,Etapalli,0.0,0,1114.0,198,261.0
2017,Gadchiroli,Gadchiroli,0.0,0,1235.0,420,1706.0
2017,Gadchiroli,Korachi,0.0,0,951.0,0,316.0
2017,Gadchiroli,Kurkheda,0.0,0,1541.0,102,3198.0
2017,Gadchiroli,Mulchera,0.0,0,1155.0,396,657.0
2017,Gadchiroli,Sironcha,0.0,0,1156.0,265,2175.0
2017,Gondia,Aamgaon,104.0,93,1669.0,0,3305.0
2017,Gondia,Arjuni Morgaon,269.0,149,933.0,278,5168.0
2017,Gondia,Devari,223.0,233,1025.0,733,2887.0
2017,Gondia,Gondia,246.0,282,2671.0,824,5903.0
2017,Gondia,Goregaon,250.0,211,2255.0,375,3236.0
2017,Gondia,Sadak Arjuni,103.0,174,3092.0,172,5986.0
2017,Gondia,Salekasa,168.0,168,576.0,295,2627.0
2017,Gondia,Tiroda,130.0,282,1810.0,0,4422.0
2017,Hingoli,Aundha Na,17.0,5,27300.0,825,26475.0
2017,Hingoli,Hingoli,14.0,5,2150.0,25,950.0
2017,Hingoli,Kalamanuri,17.0,9,1250.0,215,600.0
2017,Hingoli,Sengaon,25.0,6,10660.0,270,10200.0
2017,Hingoli,Vasamat,10.0,2,5581.0,85,4912.0
2017,Jalna,Ambad,261.0,202,281.0,83,364.0
2017,Jalna,Badnapur,238.0,244,120.0,-,120.0
2017,Jalna,Bhokardan,241.0,277,212.0,5,280.0
2017,Jalna,Ghansawangi,113.0,228,187.0,16,203.0
2017,Jalna,Jaffrabad,212.0,151,86.0,-,233.0
2017,Jalna,Jalna,289.0,288,194.0,18,253.0
2017,Jalna,Mantha,407.0,424,69.0,17,86.0
2017,Jalna,Partur,129.0,194,251.0,31,282.0
2017,Kolhapur,Ajara,6.0,0,1712.0,,5087.0
2017,Kolhapur,Bhudargad,2.0,0,2025.0,,5904.0
2017,Kolhapur,Chandgad,8.0,2,461.0,,10142.0
2017,Kolhapur,Gadhinglaj,3.0,12,5446.0,,12367.0
2017,Kolhapur,Gaganbavada,1.0,0,204.0,,2489.0
2017,Kolhapur,Hatkanangale,5.0,0,1874.0,,22804.0
2017,Kolhapur,Kagal,9.0,3,3954.0,,16706.0
2017,Kolhapur,Karveer,2.0,3,6450.0,,19307.0
2017,Kolhapur,Panhala,5.0,5,4037.0,,12872.0
2017,Kolhapur,Radhanagari,3.0,2,3543.0,,6265.0
2017,Kolhapur,Shahuwadi,1.0,0,1615.0,,5297.0
2017,Kolhapur,Shirol,0.0,0,1498.0,,19749.0
2017,Latur,Ahamadpur,166.0,34,4463.0,,4421.0
2017,Latur,Aosa,187.0,83,6664.0,77,6200.0
2017,Latur,Chakur,93.0,54,4834.0,,3532.0
2017,Latur,Devani,78.0,37,1054.0,60,2572.0
2017,Latur,Jalkot,130.0,29,,,
2017,Latur,Latur,123.0,67,3922.0,38,7611.0
2017,Latur,Nilanga,104.0,51,1110.0,630,110.0
2017,Latur,Renapur,44.0,37,3140.0,,1450.0
2017,Latur,Shirur-Anantpal,48.0,22,,,
2017,Latur,Udgir,177.0,72,3385.0,,2625.0
2017,Mumbai Suburban,Adheri,,,,,
2017,Mumbai Suburban,Borivali,,,,,
2017,Mumbai Suburban,Kurla,,,,,
2017,Nagpur,Bhiwapur,6.0,132,0.0,0,3002.0
2017,Nagpur,Hingana,8.0,155,4632.0,912,3407.0
2017,Nagpur,Kalameshwar,6.0,92,6538.0,99,6736.0
2017,Nagpur,Kamathi,0.0,104,2781.0,0,309.0
2017,Nagpur,Katol,34.0,370,12759.0,0,10383.0
2017,Nagpur,Kuhi,16.0,110,5780.0,425,3693.0
2017,Nagpur,Mauda,0.0,186,2322.0,95,1163.0
2017,Nagpur,Nagpur (gra),0.0,70,3500.0,65,2869.0
2017,Nagpur,Nagpur (sh),0.0,0,0.0,0,0.0
2017,Nagpur,Narkhed,30.0,272,35157.0,42,7061.0
2017,Nagpur,Parashivani,1.0,136,2960.0,41,2034.0
2017,Nagpur,Ramtech,10.0,325,1662.0,502,1218.0
2017,Nagpur,Sawner,2.0,132,5549.0,52,5958.0
2017,Nagpur,Umred,2.0,367,1530.0,130,1084.0
2017,Nanded,Andhrapur,2.0,,1502.0,17,7742.0
2017,Nanded,Bhokar,4.0,,1674.0,1300,7086.0
2017,Nanded,Biloli,3.0,,2306.0,0,3529.0
2017,Nanded,Deglur,5.0,,1320.0,2345,8651.0
2017,Nanded,Dharmabad,1.0,,1104.0,0,4173.0
2017,Nanded,Hadgaon,4.0,,3250.0,205,15328.0
2017,Nanded,Himalay Nagar,1.0,,1820.0,28,9059.0
2017,Nanded,Kandhar,19.0,,1927.0,45,7807.0
2017,Nanded,Kinvat,12.0,,2198.0,305,8232.0
2017,Nanded,Loha,8.0,,1268.0,0,12736.0
2017,Nanded,Mahur,4.0,,2725.0,70,5311.0
2017,Nanded,Mudkhed,5.0,,2184.0,44,7312.0
2017,Nanded,Mukhed,18.0,,1220.0,40,6747.0
2017,Nanded,Nanded,,,1438.0,0,10841.0
2017,Nanded,Naygaon,8.0,,968.0,12,6202.0
2017,Nanded,Umari,2.0,,1302.0,6,3729.0
2017,Nandurbar,Akkalkuva,0.0,89,1240.0,112,1851.0
2017,Nandurbar,Akrani,9.0,42,225.0,80,85.0
2017,Nandurbar,Nandurbar,61.0,425,12675.0,966,12109.0
2017,Nandurbar,Navapur,58.0,137,289.0,485,501.0
2017,Nandurbar,Shahada,24.0,122,4505.0,195,4102.0
2017,Nandurbar,Taloda,3.0,21,2610.0,162,1508.0
2017,Nashik,Baglan,109.0,0,22691.0,427,16625.0
2017,Nashik,Chandwad,79.0,226,8932.0,92,8331.0
2017,Nashik,Devala,12.0,0,1021.0,0,0.0
2017,Nashik,Dindori,45.0,0,16684.0,394,12981.0
2017,Nashik,Igatpuri,34.0,0,1052.0,226,84.0
2017,Nashik,Kalwan,88.0,0,9212.0,21,8927.0
2017,Nashik,Malegaon,157.0,218,13948.0,1618,6078.0
2017,Nashik,Nandgaon,74.0,118,7795.0,2237,1470.0
2017,Nashik,Nashik,16.0,0,12098.0,5,10098.0
2017,Nashik,Nifad,16.0,155,30370.0,220,27605.0
2017,Nashik,Peth,35.0,0,425.0,35,0.0
2017,Nashik,Sinner,96.0,176,24493.0,19,195.0
2017,Nashik,Surgana,48.0,0,299.0,0,0.0
2017,Nashik,Trimbak,11.0,0,1291.0,65,315.0
2017,Nashik,Yewala,63.0,187,3560.0,0,3500.0
2017,Palghar,Dahanu,2.0,0,1432.0,400,1032.0
2017,Palghar,Javhar,10.0,0,222.0,0,67.0
2017,Palghar,Mokhada,6.0,0,0.0,0,0.0
2017,Palghar,Palghar,13.0,0,360.0,0,360.0
2017,Palghar,Talasari,0.0,0,192.0,30,85.0
2017,Palghar,Vasai,7.0,0,132.0,0,0.0
2017,Palghar,Vikramgad,0.0,0,0.0,0,0.0
2017,Palghar,Wada,11.0,0,74.0,43,31.0
2017,Parbhani,Gangakhed,43.0,58,4109.0,10,3753.0
2017,Parbhani,Jintur,41.0,124,9022.0,22,8323.0
2017,Parbhani,Manvat,1.0,40,4151.0,10,3859.0
2017,Parbhani,Palam,7.0,17,2779.0,8,2548.0
2017,Parbhani,Parbhani,15.0,45,8721.0,28,8049.0
2017,Parbhani,Pathari,0.0,25,4901.0,14,4513.0
2017,Parbhani,Purna,1.0,41,5510.0,16,5083.0
2017,Parbhani,Selu,10.0,34,5155.0,10,4769.0
2017,Parbhani,Sonpeth,8.0,26,2638.0,8,2446.0
2017,Pune,Aambegaon,79.0,40,161.0,111,47.0
2017,Pune,Baramati,308.0,69,1299.0,166,369.0
2017,Pune,Bhor,18.0,19,136.0,95,41.0
2017,Pune,Daund,65.0,96,13503.0,143,16838.0
2017,Pune,Haveli,31.0,29,2364.0,43,3721.0
2017,Pune,Indapur,72.0,95,2805.0,228,3512.0
2017,Pune,Junnar,52.0,61,234.0,164,70.0
2017,Pune,Khed,102.0,37,176.0,123,53.0
2017,Pune,Maval,3.0,14,45.0,31,1446.0
2017,Pune,Mulashi,13.0,14,17.0,11,212.0
2017,Pune,Pune City,0.0,0,0.0,0,0.0
2017,Pune,Purandar,167.0,35,914.0,81,1103.0
2017,Pune,Shirur,151.0,65,541.0,87,1617.0
2017,Pune,Welhe,2.0,5,106.0,74,257.0
2017,Raigad,Alibag,3.0,9,2612.0,22,6620.0
2017,Raigad,Karjat,5.0,37,129.0,0,1333.0
2017,Raigad,Khalapur,8.0,5,60.0,6,671.0
2017,Raigad,Mahad,0.0,0,15.0,0,510.0
2017,Raigad,Mangaon,6.0,0,0.0,17,640.0
2017,Raigad,Mhasala,2.0,0,7.0,3,313.0
2017,Raigad,Murud,0.0,1,547.0,60,1766.0
2017,Raigad,Panwel,2.0,1,784.0,91,687.0
2017,Raigad,Pen,1.0,3,31.0,0,377.0
2017,Raigad,Poladpur,0.0,0,4.0,0,329.0
2017,Raigad,Roha,6.0,0,10.0,0,732.0
2017,Raigad,Shreevardhan,0.0,0,1152.0,107,1954.0
2017,Raigad,Sudhagad,2.0,3,25.0,0,609.0
2017,Raigad,Tala,1.0,0,32.0,0,190.0
2017,Raigad,Uran,0.0,0,18.0,26,238.0
2017,Ratnagiri,Chiplun,0.0,122,73.0,30,
2017,Ratnagiri,Dapoli,2.0,62,1218.0,75,
2017,Ratnagiri,Guhagar,2.0,54,2021.0,31,
2017,Ratnagiri,Khed,1.0,81,49.0,47,
2017,Ratnagiri,Lanja,0.0,31,1070.0,103,
2017,Ratnagiri,Mandangad,1.0,16,232.0,50,
2017,Ratnagiri,Rajapur,2.0,20,787.0,34,
2017,Ratnagiri,Ratnagiri,0.0,42,1981.0,220,
2017,Ratnagiri,Sangameshwar,3.0,82,103.0,46,
2017,Sangli,Aatpadi,257.0,1,987.0,0,14837.0
2017,Sangli,Jat,184.0,7,2413.0,0,34688.0
2017,Sangli,Kadegaon,60.0,0,2032.0,0,16920.0
2017,Sangli,Khanapur,81.0,1,1801.0,0,18219.0
2017,Sangli,Ku. Mahakal,146.0,0,8179.0,0,19707.0
2017,Sangli,Miraj,50.0,0,20016.0,0,32206.0
2017,Sangli,Palus,7.0,0,3240.0,0,12923.0
2017,Sangli,Shirala,50.0,0,1146.0,0,7243.0
2017,Sangli,Tasgaon,69.0,0,11743.0,0,27470.0
2017,Sangli,Valava,27.0,0,7794.0,0,34338.0
2017,Satara,Faltan,180.0,0,12948.0,192,28359.0
2017,Satara,Javali,28.0,0,3600.0,102,4288.0
2017,Satara,Karad,83.0,0,11716.0,229,34057.0
2017,Satara,Khandala,99.0,0,2702.0,390,14098.0
2017,Satara,Khatav,217.0,0,6637.0,97,29502.0
2017,Satara,Koregaon,159.0,0,2695.0,385,26020.0
2017,Satara,Mahableshwar,8.0,0,286.0,42,2405.0
2017,Satara,Man,298.0,0,12393.0,329,20906.0
2017,Satara,Patan,40.0,0,1180.0,568,3921.0
2017,Satara,Satara,28.0,0,6973.0,405,17900.0
2017,Satara,Vai,34.0,0,8050.0,0,12674.0
2017,Sindhudurg,Devgad,0.0,16,1737.0,48,57.0
2017,Sindhudurg,Dodamarg,1.0,2,535.0,9,526.0
2017,Sindhudurg,Kankavali,4.0,27,0.0,0,0.0
2017,Sindhudurg,Kudal,2.0,1,1137.0,121,936.0
2017,Sindhudurg,Malvan,2.0,8,330.0,20,183.0
2017,Sindhudurg,Sawantwadi,0.0,11,118.0,51,67.0
2017,Sindhudurg,Vaibhavwadi,1.0,6,0.0,0,0.0
2017,Sindhudurg,Vengurla,0.0,6,915.0,68,443.0
2017,Thane,Ambarnath,10.0,0,17.0,2,5.0
2017,Thane,Bhivandi,2.0,0,240.0,28,12.0
2017,Thane,Kalyan,7.0,0,35.0,0,0.0
2017,Thane,Murbad,30.0,0,128.0,37,77.0
2017,Thane,Shahapur,14.0,0,0.0,0,0.0
2017,Thane,Thane,0.0,0,55.0,0,0.0
2017,Thane,Ulhasnagar,0.0,0,0.0,0,0.0
2017,Wardha,Aarvi,15.0,53,4133.0,84,9880.0
2017,Wardha,Ashti,2.0,28,5454.0,100,5042.0
2017,Wardha,Devali,3.0,21,5768.0,675,6420.0
2017,Wardha,Hinganghat,1.0,38,8401.0,854,11156.0
2017,Wardha,Karanja,13.0,50,11841.0,0,8461.0
2017,Wardha,Samudrapur,4.0,39,134.0,0,8355.0
2017,Wardha,Selu,1.0,24,5383.0,113,7765.0
2017,Wardha,Wardha,6.0,43,6445.0,0,14602.0
2017,Washim,Karanja,12.0,2,180.0,,
2017,Washim,Malegaon,30.0,3,156.0,,
2017,Washim,Mangrulpir,24.0,4,199.0,,
2017,Washim,Manora,19.0,0,134.0,,
2017,Washim,Resod,15.0,2,307.0,,
2017,Washim,Washim,34.0,1,330.0,,
2017,Yavatmal,Aarni,7.0,19,78.0,,8790.0
2017,Yavatmal,Babhulgaon,6.0,7,0.0,,5992.0
2017,Yavatmal,Darvha,21.0,48,92.0,,9123.0
2017,Yavatmal,Digras,8.0,20,2711.0,,6242.0
2017,Yavatmal,Ghantaji,13.0,13,35.0,,7313.0
2017,Yavatmal,Kalamb,17.0,32,37.0,,3316.0
2017,Yavatmal,Kelapur,16.0,21,93.0,,4434.0
2017,Yavatmal,Mahagaon,18.0,9,40.0,,11773.0
2017,Yavatmal,Maregaon,10.0,7,47.0,,2794.0
2017,Yavatmal,Ner,19.0,20,9.0,,7170.0
2017,Yavatmal,Pusad,39.0,14,143.0,,12279.0
2017,Yavatmal,Ralegaon,24.0,6,127.0,,4586.0
2017,Yavatmal,Umarkhed,15.0,15,8.0,,13772.0
2017,Yavatmal,Vani,4.0,6,11.0,,4484.0
2017,Yavatmal,Yavatmal,33.0,20,142.0,,6227.0
2017,Yavatmal,Zari Jamani,9.0,5,0.0,,4633.0
2018,Ahilyanagar,Akole,45.0,256,1775.0,0,2257.0
2018,Ahilyanagar,Jamkhed,56.0,75,0.0,0,0.0
2018,Ahilyanagar,Karjat,106.0,108,0.0,0,0.0
2018,Ahilyanagar,Kopargaon,31.0,67,0.0,0,0.0
2018,Ahilyanagar,Nagar,111.0,124,0.0,0,0.0
2018,Ahilyanagar,Nevasa,10.0,97,2350.0,0,358.0
2018,Ahilyanagar,Parner,131.0,135,675.0,0,250.0
2018,Ahilyanagar,Pathardi,76.0,157,495.0,0,386.0
2018,Ahilyanagar,Rahata,0.0,29,4942.0,0,35.0
2018,Ahilyanagar,Rahuri,38.0,45,6270.0,0,115.0
2018,Ahilyanagar,Sangamner,88.0,109,7000.0,0,1611.0
2018,Ahilyanagar,Shevgaon,36.0,74,0.0,0,0.0
2018,Ahilyanagar,Srigonda,98.0,83,0.0,0,0.0
2018,Ahilyanagar,Srirampur,12.0,50,9795.0,0,394.0
2018,Akola,Akola,35.0,79,2383.0,27,1475.0
2018,Akola,Akot,26.0,15,4043.0,51,2136.0
2018,Akola,Balapur,25.0,28,3345.0,240,2290.0
2018,Akola,Barshitakali,38.0,39,2119.0,240,2282.0
2018,Akola,Murtijapur,30.0,29,3807.0,167,2763.0
2018,Akola,Patur,28.0,31,7699.0,175,5521.0
2018,Akola,Telhara,40.0,0,3863.0,0,933.0
2018,Amravati,Achalpur,22.0,9,487.0,,18355.0
2018,Amravati,Amravati,8.0,0,881.0,,7771.0
2018,Amravati,Anjangaon Su,2.0,10,638.0,,12170.0
2018,Amravati,Bhatkuli,0.0,2,568.0,,2207.0
2018,Amravati,Chandur Railway,11.0,2,1112.0,,6585.0
2018,Amravati,Chandurbazar,28.0,8,396.0,,8371.0
2018,Amravati,Chikhraldara,94.0,11,406.0,,2782.0
2018,Amravati,Daryapur,3.0,7,301.0,,5023.0
2018,Amravati,Dhamangaon Re,2.0,0,954.0,,9204.0
2018,Amravati,Dharani,19.0,8,807.0,,3764.0
2018,Amravati,Morshi,10.0,1,407.0,,14706.0
2018,Amravati,Nandgaon Kh,12.0,0,1224.0,,11493.0
2018,Amravati,Tivas,16.0,1,1008.0,,7819.0
2018,Amravati,Warud,19.0,3,0.0,,21181.0
2018,Beed,Ambajogai,137.0,1,591.0,4,15064.0
2018,Beed,Ashti,794.0,7,904.0,3,19258.0
2018,Beed,Beed,270.0,1,1246.0,3,25670.0
2018,Beed,Cage,188.0,0,908.0,20,19855.0
2018,Beed,Dharur,80.0,0,257.0,1,10190.0
2018,Beed,Gevrai,265.0,0,942.0,7,25107.0
2018,Beed,Majalgaon,31.0,0,806.0,3,11276.0
2018,Beed,Parli,121.0,1,775.0,2,13776.0
2018,Beed,Patoda,503.0,6,810.0,32,7457.0
2018,Beed,Shirur Kasar,210.0,1,162.0,3,9953.0
2018,Beed,Wadwani,69.0,0,466.0,2,13398.0
2018,Bhandara,Bhandara,206.0,91,3139.0,179,4558.0
2018,Bhandara,Lakhandur,127.0,64,1736.0,1088,6253.0
2018,Bhandara,Lakhani,248.0,106,3383.0,63,6716.0
2018,Bhandara,Mohadi,76.0,64,2995.0,579,6299.0
2018,Bhandara,Pavani,195.0,60,2009.0,611,9209.0
2018,Bhandara,Sakoli,188.0,27,3053.0,196,6509.0
2018,Bhandara,Tumsar,129.0,55,3198.0,662,5625.0
2018,Buldhana,Buldhana,34.0,9,8732.0,8,17739.0
2018,Buldhana,Chikhali,98.0,16,14355.0,230,16597.0
2018,Buldhana,Deulgaon Raja,37.0,23,4145.0,0,10164.0
2018,Buldhana,Jalgaon Jamod,13.0,90,10596.0,7,11095.0
2018,Buldhana,Khamgaon,38.0,26,6626.0,10,17175.0
2018,Buldhana,Lonar,42.0,14,8754.0,158,10306.0
2018,Buldhana,Malkapur,7.0,16,7904.0,0,8624.0
2018,Buldhana,Mehkar,43.0,8,6129.0,26,14454.0
2018,Buldhana,Motala,30.0,11,10707.0,40,13940.0
2018,Buldhana,Nandura,0.0,14,9966.0,0,11177.0
2018,Buldhana,Sangrampur,8.0,63,1523.0,70,10953.0
2018,Buldhana,Shegaon,3.0,9,2318.0,1180,3655.0
2018,Buldhana,Sindkhed Raja,95.0,26,10224.0,16,14873.0
2018,Chandrapur,Ballarpur,1.0,0,414.0,128,4657.0
2018,Chandrapur,Bhadravati,0.0,0,1001.0,660,4393.0
2018,Chandrapur,Bramhapuri,0.0,0,1406.0,430,5291.0
2018,Chandrapur,Chandrapur,1.0,1,834.0,402,2634.0
2018,Chandrapur,Chimur,3.0,0,852.0,5,3039.0
2018,Chandrapur,Gondpipari,1.0,0,797.0,916,512.0
2018,Chandrapur,Jivati,3.0,0,138.0,376,5468.0
2018,Chandrapur,Korpana,2.0,0,462.0,365,8011.0
2018,Chandrapur,Mul,0.0,0,1110.0,485,2186.0
2018,Chandrapur,Nagbhid,0.0,0,1383.0,676,3791.0
2018,Chandrapur,Ponbhurna,3.0,0,1361.0,650,3355.0
2018,Chandrapur,Rajura,6.0,0,818.0,61,1887.0
2018,Chandrapur,Savali,3.0,0,847.0,1884,1638.0
2018,Chandrapur,Sindevahi,0.0,0,940.0,648,3674.0
2018,Chandrapur,Varora,8.0,0,1397.0,1078,1539.0
2018,Dharashiv,Bhum,68.0,80,2911.0,28,2651.0
2018,Dharashiv,Dharashiv,80.0,98,3175.0,1580,1350.0
2018,Dharashiv,Kalamb,55.0,92,7588.0,80,6778.0
2018,Dharashiv,Lohara,26.0,39,1955.0,,840.0
2018,Dharashiv,Paranda,127.0,63,17670.0,66,13444.0
2018,Dharashiv,Tuljapur,145.0,101,,,
2018,Dharashiv,Umaraga,37.0,110,,,
2018,Dharashiv,Washi,23.0,27,2411.0,60,2260.0
2018,Dhule,Dhule,129.0,378,4330.0,0,28346.0
2018,Dhule,Sakri,135.0,786,3074.0,700,27002.0
2018,Dhule,Shindkheda,56.0,211,2989.0,0,19484.0
2018,Dhule,Shirpur,63.0,118,1033.0,25,15987.0
2018,Gadchiroli,Aarmori,0.0,2,1530.0,295,2518.0
2018,Gadchiroli,Aheri,0.0,21,1295.0,826,548.0
2018,Gadchiroli,Bhamragad,0.0,4,738.0,0,94.0
2018,Gadchiroli,Chomoshi,0.0,14,1607.0,603,4304.0
2018,Gadchiroli,Desaiganj,0.0,0,1205.0,150,2446.0
2018,Gadchiroli,Dhanora,0.0,8,1003.0,560,970.0
2018,Gadchiroli,Etapalli,0.0,0,992.0,198,269.0
2018,Gadchiroli,Gadchiroli,0.0,0,1304.0,420,1849.0
2018,Gadchiroli,Korachi,0.0,18,1048.0,0,311.0
2018,Gadchiroli,Kurkheda,0.0,8,1620.0,102,3276.0
2018,Gadchiroli,Mulchera,0.0,29,1154.0,396,704.0
2018,Gadchiroli,Sironcha,0.0,14,1241.0,265,2315.0
2018,Gondia,Aamgaon,106.0,108,1804.0,486,3333.0
2018,Gondia,Arjuni Morgaon,281.0,157,1456.0,705,5270.0
2018,Gondia,Devari,224.0,241,1315.0,1172,2929.0
2018,Gondia,Gondia,251.0,288,3847.0,1262,5993.0
2018,Gondia,Goregaon,252.0,213,3204.0,752,3395.0
2018,Gondia,Sadak Arjuni,118.0,176,2632.0,326,6017.0
2018,Gondia,Salekasa,169.0,173,1208.0,405,2759.0
2018,Gondia,Tiroda,135.0,296,1572.0,195,4558.0
2018,Hingoli,Aundha Na,37.0,10,27300.0,825,26475.0
2018,Hingoli,Hingoli,31.0,11,2150.0,25,950.0
2018,Hingoli,Kalamanuri,42.0,11,1250.0,215,600.0
2018,Hingoli,Sengaon,46.0,16,10660.0,270,10200.0
2018,Hingoli,Vasamat,26.0,9,5581.0,85,4912.0
2018,Jalna,Ambad,,,,,
2018,Jalna,Badnapur,,,,,
2018,Jalna,Bhokardan,,,,,
2018,Jalna,Ghansawangi,,,,,
2018,Jalna,Jaffrabad,,,,,
2018,Jalna,Jalna,,,,,
2018,Jalna,Mantha,,,,,
2018,Jalna,Partur,,,,,
2018,Kolhapur,Ajara,8.0,0,1712.0,,5252.0
2018,Kolhapur,Bhudargad,6.0,0,2025.0,,6234.0
2018,Kolhapur,Chandgad,12.0,0,461.0,,10738.0
2018,Kolhapur,Gadhinglaj,21.0,0,5446.0,,12594.0
2018,Kolhapur,Gaganbavada,0.0,0,204.0,,2635.0
2018,Kolhapur,Hatkanangale,16.0,0,1874.0,,23757.0
2018,Kolhapur,Kagal,27.0,0,3954.0,,17597.0
2018,Kolhapur,Karveer,10.0,0,6450.0,,19824.0
2018,Kolhapur,Panhala,13.0,0,4037.0,,13181.0
2018,Kolhapur,Radhanagari,8.0,0,3543.0,,6569.0
2018,Kolhapur,Shahuwadi,29.0,0,1615.0,,5436.0
2018,Kolhapur,Shirol,4.0,0,1498.0,,19845.0
2018,Latur,Ahamadpur,143.0,0,78.0,0,9934.0
2018,Latur,Aosa,133.0,0,0.0,0,24644.0
2018,Latur,Chakur,88.0,0,3.0,0,11901.0
2018,Latur,Devani,69.0,0,12.0,0,5352.0
2018,Latur,Jalkot,78.0,0,47.0,0,9498.0
2018,Latur,Latur,90.0,0,0.0,0,23322.0
2018,Latur,Nilanga,86.0,0,0.0,0,18552.0
2018,Latur,Renapur,31.0,0,129.0,0,12029.0
2018,Latur,Shirur-Anantpal,47.0,0,31.0,0,5270.0
2018,Latur,Udgir,133.0,0,251.0,0,8743.0
2018,Mumbai Suburban,Adheri,,,,,
2018,Mumbai Suburban,Borivali,,,,,
2018,Mumbai Suburban,Kurla,,,,,
2018,Nagpur,Bhiwapur,5.0,67,0.0,0,5590.0
2018,Nagpur,Hingana,7.0,87,4632.0,18,6245.0
2018,Nagpur,Kalameshwar,6.0,46,6538.0,99,10121.0
2018,Nagpur,Kamathi,0.0,77,2771.0,168,498.0
2018,Nagpur,Katol,20.0,209,12881.0,0,18782.0
2018,Nagpur,Kuhi,15.0,58,5827.0,1022,9318.0
2018,Nagpur,Mauda,0.0,99,2332.0,577,6603.0
2018,Nagpur,Nagpur (gra),0.0,40,3553.0,212,6016.0
2018,Nagpur,Nagpur (sh),0.0,0,0.0,0,423.0
2018,Nagpur,Narkhed,18.0,136,31191.0,67,10735.0
2018,Nagpur,Parashivani,2.0,66,2980.0,0,2546.0
2018,Nagpur,Ramtech,7.0,162,1560.0,659,5115.0
2018,Nagpur,Sawner,1.0,68,5549.0,94,7330.0
2018,Nagpur,Umred,15.0,206,1570.0,330,4968.0
2018,Nanded,Andhrapur,0.0,5,2864.0,17,8491.0
2018,Nanded,Bhokar,5.0,6,1639.0,1300,7423.0
2018,Nanded,Biloli,3.0,1,57.0,0,3770.0
2018,Nanded,Deglur,12.0,0,441.0,2345,8548.0
2018,Nanded,Dharmabad,1.0,1,61.0,0,4582.0
2018,Nanded,Hadgaon,4.0,11,1909.0,205,16079.0
2018,Nanded,Himalay Nagar,1.0,1,1732.0,28,9611.0
2018,Nanded,Kandhar,19.0,11,4007.0,45,8256.0
2018,Nanded,Kinvat,9.0,31,2941.0,305,8646.0
2018,Nanded,Loha,8.0,11,4874.0,0,13536.0
2018,Nanded,Mahur,2.0,3,1475.0,70,5490.0
2018,Nanded,Mudkhed,5.0,6,3269.0,44,9017.0
2018,Nanded,Mukhed,18.0,6,565.0,40,7009.0
2018,Nanded,Nanded,2.0,7,2758.0,0,11829.0
2018,Nanded,Naygaon,8.0,8,1011.0,12,6590.0
2018,Nanded,Umari,2.0,0,291.0,6,3825.0
2018,Nandurbar,Akkalkuva,16.0,259,1240.0,112,1841.0
2018,Nandurbar,Akrani,9.0,300,225.0,80,631.0
2018,Nandurbar,Nandurbar,61.0,452,12675.0,966,15638.0
2018,Nandurbar,Navapur,58.0,341,289.0,485,10677.0
2018,Nandurbar,Shahada,32.0,228,4505.0,195,16357.0
2018,Nandurbar,Taloda,18.0,50,2610.0,162,6110.0
2018,Nashik,Baglan,128.0,315,22691.0,427,16625.0
2018,Nashik,Chandwad,79.0,244,8932.0,92,8331.0
2018,Nashik,Devala,10.0,107,1021.0,0,0.0
2018,Nashik,Dindori,205.0,197,16684.0,394,12981.0
2018,Nashik,Igatpuri,200.0,87,1052.0,226,84.0
2018,Nashik,Kalwan,145.0,175,9212.0,21,8927.0
2018,Nashik,Malegaon,96.0,247,13948.0,1618,6078.0
2018,Nashik,Nandgaon,74.0,122,7795.0,2237,1470.0
2018,Nashik,Nashik,158.0,87,12098.0,5,10098.0
2018,Nashik,Nifad,16.0,169,30370.0,220,27605.0
2018,Nashik,Peth,311.0,72,425.0,35,0.0
2018,Nashik,Sinner,96.0,192,24493.0,19,195.0
2018,Nashik,Surgana,118.0,92,299.0,0,0.0
2018,Nashik,Trimbak,60.0,119,1291.0,65,315.0
2018,Nashik,Yewala,63.0,196,3560.0,0,3500.0
2018,Palghar,Dahanu,2.0,0,26.0,0,6985.0
2018,Palghar,Javhar,10.0,0,714.0,95,389.0
2018,Palghar,Mokhada,6.0,0,0.0,0,74.0
2018,Palghar,Palghar,13.0,0,947.0,0,8658.0
2018,Palghar,Talasari,0.0,0,250.0,0,563.0
2018,Palghar,Vasai,7.0,0,9000.0,0,54.0
2018,Palghar,Vikramgad,0.0,0,718.0,0,508.0
2018,Palghar,Wada,11.0,0,0.0,0,67.0
2018,Parbhani,Gangakhed,43.0,58,4109.0,10,3753.0
2018,Parbhani,Jintur,41.0,124,9022.0,22,8323.0
2018,Parbhani,Manvat,1.0,40,4151.0,10,3859.0
2018,Parbhani,Palam,7.0,17,2779.0,8,2548.0
2018,Parbhani,Parbhani,15.0,45,8721.0,28,8049.0
2018,Parbhani,Pathari,0.0,25,4901.0,14,4513.0
2018,Parbhani,Purna,1.0,41,5510.0,16,5083.0
2018,Parbhani,Selu,10.0,34,5155.0,10,4769.0
2018,Parbhani,Sonpeth,8.0,26,2638.0,8,2446.0
2018,Pune,Aambegaon,79.0,40,161.0,111,47.0
2018,Pune,Baramati,308.0,69,1299.0,166,369.0
2018,Pune,Bhor,18.0,19,136.0,95,41.0
2018,Pune,Daund,65.0,96,13503.0,143,16838.0
2018,Pune,Haveli,31.0,29,2364.0,43,3721.0
2018,Pune,Indapur,72.0,95,2805.0,228,3512.0
2018,Pune,Junnar,52.0,61,234.0,164,70.0
2018,Pune,Khed,102.0,37,176.0,123,53.0
2018,Pune,Maval,3.0,14,45.0,31,1446.0
2018,Pune,Mulashi,13.0,14,17.0,11,212.0
2018,Pune,Pune City,0.0,0,0.0,0,0.0
2018,Pune,Purandar,167.0,35,914.0,81,1103.0
2018,Pune,Shirur,151.0,65,541.0,87,1617.0
2018,Pune,Welhe,2.0,5,106.0,74,257.0
2018,Raigad,Alibag,3.0,9,100.0,0,100.0
2018,Raigad,Karjat,5.0,37,51.0,1,50.0
2018,Raigad,Khalapur,8.0,5,47.0,0,47.0
2018,Raigad,Mahad,0.0,0,45.0,3,42.0
2018,Raigad,Mangaon,6.0,0,38.0,3,35.0
2018,Raigad,Mhasala,2.0,0,26.0,0,26.0
2018,Raigad,Murud,0.0,1,48.0,0,48.0
2018,Raigad,Panwel,2.0,1,39.0,0,39.0
2018,Raigad,Pen,1.0,3,15.0,0,15.0
2018,Raigad,Poladpur,0.0,0,25.0,0,25.0
2018,Raigad,Roha,6.0,0,32.0,0,32.0
2018,Raigad,Shreevardhan,0.0,0,54.0,1,53.0
2018,Raigad,Sudhagad,2.0,3,51.0,0,51.0
2018,Raigad,Tala,1.0,0,3.0,0,3.0
2018,Raigad,Uran,0.0,0,6.0,0,6.0
2018,Ratnagiri,Chiplun,0.0,122,73.0,30,1514.0
2018,Ratnagiri,Dapoli,2.0,62,1218.0,75,2595.0
2018,Ratnagiri,Guhagar,2.0,54,2021.0,31,2513.0
2018,Ratnagiri,Khed,1.0,81,49.0,47,648.0
2018,Ratnagiri,Lanja,0.0,31,1070.0,103,1236.0
2018,Ratnagiri,Mandangad,1.0,16,232.0,50,988.0
2018,Ratnagiri,Rajapur,2.0,20,787.0,34,2239.0
2018,Ratnagiri,Ratnagiri,0.0,42,1981.0,220,4452.0
2018,Ratnagiri,Sangameshwar,3.0,82,103.0,46,1322.0
2018,Sangli,Aatpadi,257.0,1,987.0,0,15505.0
2018,Sangli,Jat,185.0,7,2413.0,0,35533.0
2018,Sangli,Kadegaon,60.0,0,2032.0,0,18454.0
2018,Sangli,Khanapur,81.0,1,1801.0,0,18883.0
2018,Sangli,Ku. Mahakal,146.0,0,8179.0,0,20556.0
2018,Sangli,Miraj,50.0,0,20016.0,0,33272.0
2018,Sangli,Palus,7.0,0,3240.0,0,13426.0
2018,Sangli,Shirala,50.0,0,1146.0,0,7628.0
2018,Sangli,Tasgaon,68.0,0,11743.0,0,28272.0
2018,Sangli,Valava,27.0,0,7794.0,0,35360.0
2018,Satara,Faltan,180.0,4,12948.0,192,28359.0
2018,Satara,Javali,29.0,2,3600.0,102,4288.0
2018,Satara,Karad,84.0,16,11716.0,229,34057.0
2018,Satara,Khandala,99.0,4,2702.0,390,14098.0
2018,Satara,Khatav,217.0,1,6637.0,97,29502.0
2018,Satara,Koregaon,159.0,13,2695.0,385,26020.0
2018,Satara,Mahableshwar,8.0,35,286.0,42,2405.0
2018,Satara,Man,299.0,0,12393.0,329,20906.0
2018,Satara,Patan,40.0,3,1180.0,568,3921.0
2018,Satara,Satara,28.0,12,6973.0,405,17900.0
2018,Satara,Vai,34.0,6,8050.0,0,12674.0
2018,Sindhudurg,Devgad,0.0,16,1737.0,48,57.0
2018,Sindhudurg,Dodamarg,1.0,3,535.0,9,526.0
2018,Sindhudurg,Kankavali,4.0,27,0.0,0,0.0
2018,Sindhudurg,Kudal,2.0,1,1137.0,121,936.0
2018,Sindhudurg,Malvan,2.0,8,330.0,20,183.0
2018,Sindhudurg,Sawantwadi,0.0,11,118.0,51,67.0
2018,Sindhudurg,Vaibhavwadi,1.0,6,0.0,0,0.0
2018,Sindhudurg,Vengurla,0.0,6,915.0,68,443.0
2018,Thane,Ambarnath,15.0,32,17.0,2,5.0
2018,Thane,Bhivandi,8.0,249,240.0,28,12.0
2018,Thane,Kalyan,7.0,32,35.0,0,0.0
2018,Thane,Murbad,39.0,233,128.0,37,77.0
2018,Thane,Shahapur,19.0,178,0.0,0,0.0
2018,Thane,Thane,0.0,0,55.0,0,0.0
2018,Thane,Ulhasnagar,0.0,0,0.0,0,0.0
2018,Wardha,Aarvi,15.0,53,4151.0,88,8077.0
2018,Wardha,Ashti,2.0,28,5454.0,100,5207.0
2018,Wardha,Devali,3.0,21,6000.0,653,8977.0
2018,Wardha,Hinganghat,1.0,38,8991.0,854,11093.0
2018,Wardha,Karanja,13.0,50,1674.0,0,9449.0
2018,Wardha,Samudrapur,4.0,39,0.0,76,8968.0
2018,Wardha,Selu,1.0,24,5396.0,117,8162.0
2018,Wardha,Wardha,6.0,43,9242.0,0,12923.0
2018,Washim,Karanja,,,,,
2018,Washim,Malegaon,,,,,
2018,Washim,Mangrulpir,,,,,
2018,Washim,Manora,,,,,
2018,Washim,Resod,,,,,
2018,Washim,Washim,,,,,
2018,Yavatmal,Aarni,7.0,61,5128.0,54,5727.0
2018,Yavatmal,Babhulgaon,6.0,14,2405.0,91,4247.0
2018,Yavatmal,Darvha,21.0,149,5997.0,255,6134.0
2018,Yavatmal,Digras,8.0,52,3418.0,146,3213.0
2018,Yavatmal,Ghantaji,16.0,83,3246.0,12,5867.0
2018,Yavatmal,Kalamb,18.0,81,4753.0,579,2527.0
2018,Yavatmal,Kelapur,16.0,51,1282.0,288,3708.0
2018,Yavatmal,Mahagaon,18.0,42,5158.0,140,8507.0
2018,Yavatmal,Maregaon,10.0,20,2165.0,201,2738.0
2018,Yavatmal,Ner,20.0,64,3573.0,388,4847.0
2018,Yavatmal,Pusad,39.0,38,3754.0,0,7509.0
2018,Yavatmal,Ralegaon,28.0,31,4422.0,178,3638.0
2018,Yavatmal,Umarkhed,15.0,53,6184.0,403,8757.0
2018,Yavatmal,Vani,4.0,51,1861.0,208,4272.0
2018,Yavatmal,Yavatmal,33.0,77,5918.0,398,4296.0
2018,Yavatmal,Zari Jamani,9.0,20,725.0,117,3906.0
2019,Ahilyanagar,Akole,45.0,240,1775.0,0,2257.0
2019,Ahilyanagar,Jamkhed,56.0,78,0.0,0,0.0
2019,Ahilyanagar,Karjat,106.0,123,0.0,0,0.0
2019,Ahilyanagar,Kopargaon,31.0,67,0.0,0,0.0
2019,Ahilyanagar,Nagar,111.0,133,0.0,0,0.0
2019,Ahilyanagar,Nevasa,10.0,100,2350.0,0,358.0
2019,Ahilyanagar,Parner,131.0,143,675.0,0,250.0
2019,Ahilyanagar,Pathardi,76.0,169,495.0,0,386.0
2019,Ahilyanagar,Rahata,0.0,29,4942.0,0,35.0
2019,Ahilyanagar,Rahuri,38.0,45,6270.0,0,115.0
2019,Ahilyanagar,Sangamner,88.0,113,7000.0,0,1611.0
2019,Ahilyanagar,Shevgaon,36.0,78,0.0,0,0.0
2019,Ahilyanagar,Srigonda,98.0,86,0.0,0,0.0
2019,Ahilyanagar,Srirampur,12.0,52,9795.0,0,394.0
2019,Akola,Akola,2.0,79,2383.0,27,1475.0
2019,Akola,Akot,0.0,15,4043.0,51,2136.0
2019,Akola,Balapur,4.0,28,3345.0,240,2290.0
2019,Akola,Barshitakali,3.0,39,2119.0,240,2282.0
2019,Akola,Murtijapur,4.0,29,3807.0,167,2763.0
2019,Akola,Patur,0.0,31,7699.0,175,5521.0
2019,Akola,Telhara,3.0,0,3863.0,0,933.0
2019,Amravati,Achalpur,22.0,10,487.0,,18593.0
2019,Amravati,Amravati,8.0,0,881.0,,7796.0
2019,Amravati,Anjangaon Su,2.0,10,638.0,,12435.0
2019,Amravati,Bhatkuli,0.0,2,568.0,,2307.0
2019,Amravati,Chandur Railway,11.0,3,1112.0,,6712.0
2019,Amravati,Chandurbazar,28.0,8,396.0,,8496.0
2019,Amravati,Chikhraldara,94.0,14,406.0,,2831.0
2019,Amravati,Daryapur,3.0,7,301.0,,5253.0
2019,Amravati,Dhamangaon Re,2.0,2,954.0,,9448.0
2019,Amravati,Dharani,19.0,20,807.0,,3790.0
2019,Amravati,Morshi,10.0,1,407.0,,14922.0
2019,Amravati,Nandgaon Kh,12.0,0,1224.0,,11726.0
2019,Amravati,Tivas,16.0,1,1008.0,,8000.0
2019,Amravati,Warud,20.0,4,0.0,,21363.0
2019,Beed,Ambajogai,138.0,0,591.0,0,15065.0
2019,Beed,Ashti,795.0,8,819.0,0,19658.0
2019,Beed,Beed,276.0,5,1151.0,0,25780.0
2019,Beed,Cage,188.0,0,908.0,0,19952.0
2019,Beed,Dharur,80.0,0,257.0,0,10253.0
2019,Beed,Gevrai,267.0,0,914.0,0,25607.0
2019,Beed,Majalgaon,31.0,0,806.0,0,11312.0
2019,Beed,Parli,121.0,0,775.0,0,13801.0
2019,Beed,Patoda,505.0,5,772.0,0,7553.0
2019,Beed,Shirur Kasar,210.0,3,132.0,0,9998.0
2019,Beed,Wadwani,69.0,0,460.0,0,13456.0
2019,Bhandara,Bhandara,206.0,59,3324.0,179,4743.0
2019,Bhandara,Lakhandur,127.0,71,1838.0,1088,6355.0
2019,Bhandara,Lakhani,248.0,62,3720.0,63,7053.0
2019,Bhandara,Mohadi,76.0,84,3393.0,579,6697.0
2019,Bhandara,Pavani,195.0,34,2229.0,611,9429.0
2019,Bhandara,Sakoli,188.0,111,3247.0,196,6703.0
2019,Bhandara,Tumsar,129.0,113,3288.0,662,5715.0
2019,Buldhana,Buldhana,34.0,9,7832.0,5,16439.0
2019,Buldhana,Chikhali,98.0,16,13360.0,230,16250.0
2019,Buldhana,Deulgaon Raja,37.0,23,8331.0,0,9650.0
2019,Buldhana,Jalgaon Jamod,13.0,90,7895.0,7,10789.0
2019,Buldhana,Khamgaon,38.0,26,7765.0,10,17123.0
2019,Buldhana,Lonar,42.0,14,8064.0,259,8773.0
2019,Buldhana,Malkapur,7.0,16,7510.0,2,7686.0
2019,Buldhana,Mehkar,43.0,8,6129.0,26,14086.0
2019,Buldhana,Motala,30.0,11,10722.0,38,11674.0
2019,Buldhana,Nandura,0.0,14,9965.0,0,11247.0
2019,Buldhana,Sangrampur,8.0,63,871.0,0,10303.0
2019,Buldhana,Shegaon,3.0,9,2250.0,125,3666.0
2019,Buldhana,Sindkhed Raja,95.0,26,10347.0,160,13714.0
2019,Chandrapur,Ballarpur,1.0,0,513.0,128,1565.0
2019,Chandrapur,Bhadravati,0.0,0,1234.0,660,3369.0
2019,Chandrapur,Bramhapuri,0.0,0,1686.0,430,5374.0
2019,Chandrapur,Chandrapur,1.0,1,1016.0,402,2679.0
2019,Chandrapur,Chimur,3.0,0,1198.0,5,5791.0
2019,Chandrapur,Gondpipari,1.0,0,962.0,916,3069.0
2019,Chandrapur,Jivati,3.0,0,183.0,376,540.0
2019,Chandrapur,Korpana,2.0,0,618.0,365,4683.0
2019,Chandrapur,Mul,0.0,0,1402.0,485,2278.0
2019,Chandrapur,Nagbhid,0.0,0,1636.0,676,3838.0
2019,Chandrapur,Ponbhurna,3.0,0,1946.0,650,1936.0
2019,Chandrapur,Rajura,6.0,0,1009.0,61,4433.0
2019,Chandrapur,Savali,3.0,0,1083.0,1884,1686.0
2019,Chandrapur,Sindevahi,0.0,0,1116.0,648,3717.0
2019,Chandrapur,Varora,8.0,0,1689.0,1078,8165.0
2019,Dharashiv,Bhum,68.0,90,2911.0,28,13222.0
2019,Dharashiv,Dharashiv,75.0,98,3175.0,1580,35034.0
2019,Dharashiv,Kalamb,56.0,92,7588.0,80,23759.0
2019,Dharashiv,Lohara,24.0,54,1955.0,,11316.0
2019,Dharashiv,Paranda,112.0,67,17670.0,66,18291.0
2019,Dharashiv,Tuljapur,111.0,101,,,21134.0
2019,Dharashiv,Umaraga,36.0,155,,,14237.0
2019,Dharashiv,Washi,19.0,27,2411.0,60,9971.0
2019,Dhule,Dhule,190.0,424,4569.0,0,28361.0
2019,Dhule,Sakri,207.0,802,3322.0,700,27069.0
2019,Dhule,Shindkheda,158.0,254,3315.0,0,19592.0
2019,Dhule,Shirpur,130.0,210,1171.0,25,16141.0
2019,Gadchiroli,Aarmori,0.0,2,1530.0,895,2587.0
2019,Gadchiroli,Aheri,0.0,29,1295.0,905,614.0
2019,Gadchiroli,Bhamragad,0.0,12,738.0,0,94.0
2019,Gadchiroli,Chomoshi,0.0,20,1607.0,630,4540.0
2019,Gadchiroli,Desaiganj,0.0,4,1205.0,150,2559.0
2019,Gadchiroli,Dhanora,0.0,26,1003.0,560,974.0
2019,Gadchiroli,Etapalli,0.0,0,992.0,198,271.0
2019,Gadchiroli,Gadchiroli,0.0,9,1304.0,430,1866.0
2019,Gadchiroli,Korachi,0.0,21,1048.0,19,345.0
2019,Gadchiroli,Kurkheda,0.0,10,1620.0,79,3429.0
2019,Gadchiroli,Mulchera,0.0,33,1154.0,412,725.0
2019,Gadchiroli,Sironcha,0.0,18,1241.0,265,2359.0
2019,Gondia,Aamgaon,104.0,111,1649.0,336,3414.0
2019,Gondia,Arjuni Morgaon,269.0,160,1456.0,705,5624.0
2019,Gondia,Devari,223.0,244,1315.0,1172,3053.0
2019,Gondia,Gondia,248.0,293,3875.0,1262,6204.0
2019,Gondia,Goregaon,250.0,213,2797.0,787,3628.0
2019,Gondia,Sadak Arjuni,103.0,178,2655.0,330,6217.0
2019,Gondia,Salekasa,168.0,172,1208.0,405,2859.0
2019,Gondia,Tiroda,130.0,297,1578.0,204,4862.0
2019,Hingoli,Aundha Na,37.0,10,28654.0,995,26125.0
2019,Hingoli,Hingoli,31.0,11,2547.0,133,1587.0
2019,Hingoli,Kalamanuri,42.0,11,1786.0,532,1254.0
2019,Hingoli,Sengaon,46.0,16,11548.0,358,10987.0
2019,Hingoli,Vasamat,26.0,9,6547.0,158,5216.0
2019,Jalna,Ambad,264.0,211,624.0,83,20689.0
2019,Jalna,Badnapur,257.0,248,641.0,0,12571.0
2019,Jalna,Bhokardan,251.0,319,1108.0,5,30918.0
2019,Jalna,Ghansawangi,128.0,275,217.0,16,18500.0
2019,Jalna,Jaffrabad,246.0,193,801.0,0,19037.0
2019,Jalna,Jalna,298.0,296,543.0,18,22134.0
2019,Jalna,Mantha,426.0,436,354.0,17,12271.0
2019,Jalna,Partur,132.0,191,251.0,31,12660.0
2019,Kolhapur,Ajara,8.0,0,1717.0,,6050.0
2019,Kolhapur,Bhudargad,6.0,0,2033.0,,6393.0
2019,Kolhapur,Chandgad,12.0,0,463.0,,11496.0
2019,Kolhapur,Gadhinglaj,21.0,0,5452.0,,12782.0
2019,Kolhapur,Gaganbavada,0.0,0,204.0,,2704.0
2019,Kolhapur,Hatkanangale,16.0,0,1875.0,,24456.0
2019,Kolhapur,Kagal,27.0,0,3954.0,,17635.0
2019,Kolhapur,Karveer,10.0,0,6452.0,,20363.0
2019,Kolhapur,Panhala,13.0,0,4042.0,,13643.0
2019,Kolhapur,Radhanagari,8.0,0,3545.0,,6583.0
2019,Kolhapur,Shahuwadi,29.0,0,1610.0,,5569.0
2019,Kolhapur,Shirol,4.0,0,1496.0,,20919.0
2019,Latur,Ahamadpur,172.0,0,90.0,0,7848.0
2019,Latur,Aosa,187.0,0,0.0,0,17811.0
2019,Latur,Chakur,97.0,0,35.0,0,10665.0
2019,Latur,Devani,78.0,0,23.0,0,5076.0
2019,Latur,Jalkot,130.0,0,63.0,0,8788.0
2019,Latur,Latur,123.0,0,0.0,0,25660.0
2019,Latur,Nilanga,104.0,0,0.0,0,25800.0
2019,Latur,Renapur,44.0,0,129.0,0,11271.0
2019,Latur,Shirur-Anantpal,48.0,0,31.0,0,4968.0
2019,Latur,Udgir,179.0,0,251.0,0,8165.0
2019,Mumbai Suburban,Adheri,,,,,
2019,Mumbai Suburban,Borivali,,,,,
2019,Mumbai Suburban,Kurla,,,,,
2019,Nagpur,Bhiwapur,3.0,65,0.0,0,5730.0
2019,Nagpur,Hingana,0.0,75,4632.0,18,6245.0
2019,Nagpur,Kalameshwar,3.0,43,6500.0,99,10230.0
2019,Nagpur,Kamathi,0.0,29,2781.0,168,502.0
2019,Nagpur,Katol,17.0,162,13075.0,0,19046.0
2019,Nagpur,Kuhi,8.0,52,5827.0,1022,9508.0
2019,Nagpur,Mauda,0.0,87,2412.0,577,6864.0
2019,Nagpur,Nagpur (gra),0.0,30,3550.0,212,6016.0
2019,Nagpur,Nagpur (sh),0.0,0,0.0,0,423.0
2019,Nagpur,Narkhed,15.0,136,31191.0,67,10978.0
2019,Nagpur,Parashivani,0.0,66,3001.0,55,2633.0
2019,Nagpur,Ramtech,5.0,164,1752.0,659,5402.0
2019,Nagpur,Sawner,1.0,63,5549.0,100,7435.0
2019,Nagpur,Umred,1.0,163,1580.0,335,5107.0
2019,Nanded,Andhrapur,1.0,5,2893.0,17,8491.0
2019,Nanded,Bhokar,5.0,6,1766.0,1300,7423.0
2019,Nanded,Biloli,3.0,1,113.0,0,3770.0
2019,Nanded,Deglur,12.0,0,470.0,2345,8548.0
2019,Nanded,Dharmabad,1.0,1,131.0,0,4582.0
2019,Nanded,Hadgaon,4.0,11,1974.0,205,16079.0
2019,Nanded,Himalay Nagar,1.0,1,1780.0,28,9611.0
2019,Nanded,Kandhar,19.0,11,4259.0,45,8256.0
2019,Nanded,Kinvat,10.0,31,2998.0,305,8646.0
2019,Nanded,Loha,8.0,11,4914.0,0,13536.0
2019,Nanded,Mahur,2.0,3,1500.0,70,5490.0
2019,Nanded,Mudkhed,5.0,6,3315.0,44,9017.0
2019,Nanded,Mukhed,18.0,6,599.0,40,7009.0
2019,Nanded,Nanded,2.0,7,2759.0,0,11829.0
2019,Nanded,Naygaon,8.0,8,1045.0,12,6590.0
2019,Nanded,Umari,2.0,0,396.0,6,3825.0
2019,Nandurbar,Akkalkuva,16.0,247,1240.0,112,2027.0
2019,Nandurbar,Akrani,9.0,295,225.0,80,629.0
2019,Nandurbar,Nandurbar,61.0,453,12675.0,966,15585.0
2019,Nandurbar,Navapur,58.0,303,289.0,485,11341.0
2019,Nandurbar,Shahada,32.0,236,4505.0,195,16600.0
2019,Nandurbar,Taloda,18.0,58,2610.0,162,6495.0
2019,Nashik,Baglan,220.0,361,22691.0,427,16625.0
2019,Nashik,Chandwad,312.0,337,8932.0,92,8331.0
2019,Nashik,Devala,46.0,167,1021.0,0,0.0
2019,Nashik,Dindori,250.0,308,16684.0,394,12981.0
2019,Nashik,Igatpuri,233.0,119,1052.0,226,84.0
2019,Nashik,Kalwan,186.0,216,9212.0,21,8927.0
2019,Nashik,Malegaon,306.0,480,13948.0,1618,6078.0
2019,Nashik,Nandgaon,213.0,260,7795.0,2237,1470.0
2019,Nashik,Nashik,185.0,98,12098.0,5,10098.0
2019,Nashik,Nifad,42.0,212,30370.0,220,27605.0
2019,Nashik,Peth,375.0,100,425.0,35,0.0
2019,Nashik,Sinner,315.0,299,24493.0,19,195.0
2019,Nashik,Surgana,222.0,185,299.0,0,0.0
2019,Nashik,Trimbak,106.0,147,1291.0,65,315.0
2019,Nashik,Yewala,175.0,373,3560.0,0,3500.0
2019,Palghar,Dahanu,2.0,0,26.0,0,6985.0
2019,Palghar,Javhar,10.0,0,714.0,95,389.0
2019,Palghar,Mokhada,6.0,0,0.0,0,74.0
2019,Palghar,Palghar,13.0,0,947.0,0,8658.0
2019,Palghar,Talasari,0.0,0,250.0,0,563.0
2019,Palghar,Vasai,7.0,0,9000.0,0,10.0
2019,Palghar,Vikramgad,0.0,0,718.0,0,508.0
2019,Palghar,Wada,11.0,0,0.0,0,15.0
2019,Parbhani,Gangakhed,43.0,103,4109.0,10,9046.0
2019,Parbhani,Jintur,41.0,239,9022.0,22,16566.0
2019,Parbhani,Manvat,1.0,61,4151.0,10,7941.0
2019,Parbhani,Palam,7.0,44,2779.0,8,6229.0
2019,Parbhani,Parbhani,15.0,112,8721.0,28,17011.0
2019,Parbhani,Pathari,0.0,74,4901.0,14,10332.0
2019,Parbhani,Purna,1.0,130,5510.0,16,10900.0
2019,Parbhani,Selu,10.0,62,5155.0,10,8864.0
2019,Parbhani,Sonpeth,8.0,113,2638.0,8,4805.0
2019,Pune,Aambegaon,80.0,180,1684.0,111,21277.0
2019,Pune,Baramati,308.0,182,1160.0,166,33969.0
2019,Pune,Bhor,18.0,171,136.0,95,3499.0
2019,Pune,Daund,66.0,178,205.0,143,35013.0
2019,Pune,Haveli,31.0,87,539.0,43,15287.0
2019,Pune,Indapur,72.0,165,203.0,142,46808.0
2019,Pune,Junnar,53.0,202,2375.0,164,39790.0
2019,Pune,Khed,103.0,99,3107.0,123,18505.0
2019,Pune,Maval,3.0,55,45.0,31,5875.0
2019,Pune,Mulashi,13.0,46,17.0,11,5013.0
2019,Pune,Pune City,0.0,0,0.0,0,0.0
2019,Pune,Purandar,119.0,151,914.0,81,21195.0
2019,Pune,Shirur,151.0,142,6482.0,87,36982.0
2019,Pune,Welhe,2.0,37,106.0,74,5339.0
2019,Raigad,Alibag,3.0,9,17.0,0,17.0
2019,Raigad,Karjat,5.0,37,36.0,3,33.0
2019,Raigad,Khalapur,8.0,5,3.0,0,3.0
2019,Raigad,Mahad,0.0,0,2.0,0,2.0
2019,Raigad,Mangaon,6.0,0,3.0,0,3.0
2019,Raigad,Mhasala,2.0,0,6.0,0,6.0
2019,Raigad,Murud,0.0,1,15.0,0,15.0
2019,Raigad,Panwel,2.0,1,39.0,0,39.0
2019,Raigad,Pen,1.0,3,2.0,0,2.0
2019,Raigad,Poladpur,0.0,0,1.0,0,1.0
2019,Raigad,Roha,6.0,0,9.0,3,6.0
2019,Raigad,Shreevardhan,0.0,0,5.0,0,5.0
2019,Raigad,Sudhagad,2.0,3,4.0,0,4.0
2019,Raigad,Tala,1.0,0,2.0,0,2.0
2019,Raigad,Uran,0.0,0,6.0,0,6.0
2019,Ratnagiri,Chiplun,0.0,122,73.0,30,1530.0
2019,Ratnagiri,Dapoli,2.0,62,1218.0,75,2606.0
2019,Ratnagiri,Guhagar,2.0,54,2021.0,31,2567.0
2019,Ratnagiri,Khed,1.0,81,49.0,47,654.0
2019,Ratnagiri,Lanja,0.0,31,1070.0,103,1130.0
2019,Ratnagiri,Mandangad,1.0,16,232.0,50,990.0
2019,Ratnagiri,Rajapur,2.0,20,787.0,34,2225.0
2019,Ratnagiri,Ratnagiri,0.0,42,1981.0,220,4457.0
2019,Ratnagiri,Sangameshwar,3.0,82,103.0,46,1329.0
2019,Sangli,Aatpadi,265.0,63,987.0,0,15739.0
2019,Sangli,Jat,188.0,161,2413.0,0,36073.0
2019,Sangli,Kadegaon,75.0,3,2032.0,0,18732.0
2019,Sangli,Khanapur,81.0,20,1801.0,0,19034.0
2019,Sangli,Ku. Mahakal,166.0,6,8179.0,0,20587.0
2019,Sangli,Miraj,61.0,4,20016.0,0,33509.0
2019,Sangli,Palus,13.0,2,3240.0,0,13462.0
2019,Sangli,Shirala,50.0,9,1146.0,0,7719.0
2019,Sangli,Tasgaon,92.0,36,11743.0,0,28360.0
2019,Sangli,Valava,50.0,9,7794.0,0,35548.0
2019,Satara,Faltan,180.0,4,12948.0,192,28359.0
2019,Satara,Javali,29.0,2,3600.0,102,4288.0
2019,Satara,Karad,85.0,16,11716.0,229,34057.0
2019,Satara,Khandala,99.0,4,2702.0,390,14098.0
2019,Satara,Khatav,217.0,1,6637.0,97,29502.0
2019,Satara,Koregaon,159.0,13,2695.0,385,26020.0
2019,Satara,Mahableshwar,8.0,35,286.0,42,2405.0
2019,Satara,Man,299.0,0,12393.0,329,20906.0
2019,Satara,Patan,40.0,3,1180.0,568,3921.0
2019,Satara,Satara,28.0,12,6973.0,405,17900.0
2019,Satara,Vai,34.0,6,8050.0,0,12674.0
2019,Sindhudurg,Devgad,0.0,16,246.0,48,3026.0
2019,Sindhudurg,Dodamarg,1.0,3,82.0,9,1061.0
2019,Sindhudurg,Kankavali,4.0,27,614.0,0,1747.0
2019,Sindhudurg,Kudal,2.0,1,872.0,121,5276.0
2019,Sindhudurg,Malvan,2.0,8,609.0,20,5932.0
2019,Sindhudurg,Sawantwadi,0.0,11,884.0,51,2469.0
2019,Sindhudurg,Vaibhavwadi,1.0,6,234.0,0,1348.0
2019,Sindhudurg,Vengurla,0.0,6,372.0,68,3378.0
2019,Thane,Ambarnath,15.0,35,17.0,2,5.0
2019,Thane,Bhivandi,8.0,253,240.0,28,12.0
2019,Thane,Kalyan,8.0,35,35.0,0,0.0
2019,Thane,Murbad,39.0,246,128.0,37,77.0
2019,Thane,Shahapur,19.0,203,0.0,0,0.0
2019,Thane,Thane,0.0,0,55.0,0,0.0
2019,Thane,Ulhasnagar,0.0,0,0.0,0,0.0
2019,Wardha,Aarvi,17.0,53,4421.0,103,8835.0
2019,Wardha,Ashti,5.0,28,5459.0,100,5250.0
2019,Wardha,Devali,8.0,21,5876.0,650,9640.0
2019,Wardha,Hinganghat,16.0,42,9501.0,974,11690.0
2019,Wardha,Karanja,18.0,50,1674.0,0,8325.0
2019,Wardha,Samudrapur,7.0,39,277.0,76,8839.0
2019,Wardha,Selu,3.0,24,5476.0,176,7907.0
2019,Wardha,Wardha,13.0,47,9230.0,0,13166.0
2019,Washim,Karanja,13.0,0,182.0,0,658.0
2019,Washim,Malegaon,31.0,3,178.0,0,4878.0
2019,Washim,Mangrulpir,27.0,4,214.0,0,1097.0
2019,Washim,Manora,19.0,0,153.0,0,1021.0
2019,Washim,Resod,15.0,1,318.0,0,1983.0
2019,Washim,Washim,40.0,0,346.0,0,4587.0
2019,Yavatmal,Aarni,7.0,61,5819.0,20,5857.0
2019,Yavatmal,Babhulgaon,6.0,14,2412.0,95,4307.0
2019,Yavatmal,Darvha,21.0,149,5997.0,255,6304.0
2019,Yavatmal,Digras,8.0,52,4808.0,145,3383.0
2019,Yavatmal,Ghantaji,16.0,83,3246.0,12,6027.0
2019,Yavatmal,Kalamb,18.0,81,4753.0,579,2587.0
2019,Yavatmal,Kelapur,16.0,51,1282.0,288,3888.0
2019,Yavatmal,Mahagaon,18.0,42,5158.0,140,8767.0
2019,Yavatmal,Maregaon,10.0,20,2178.0,220,2858.0
2019,Yavatmal,Ner,20.0,64,3573.0,379,4917.0
2019,Yavatmal,Pusad,39.0,38,3754.0,0,7789.0
2019,Yavatmal,Ralegaon,28.0,31,4187.0,967,3768.0
2019,Yavatmal,Umarkhed,15.0,53,6275.0,415,9387.0
2019,Yavatmal,Vani,4.0,51,1872.0,212,4434.0
2019,Yavatmal,Yavatmal,33.0,77,8819.0,504,4756.0
2019,Yavatmal,Zari Jamani,9.0,20,956.0,70,3986.0
2020,Ahilyanagar,Akole,45.0,240,1775.0,0,2257.0
2020,Ahilyanagar,Jamkhed,56.0,78,0.0,0,0.0
2020,Ahilyanagar,Karjat,106.0,126,0.0,0,0.0
2020,Ahilyanagar,Kopargaon,31.0,67,0.0,0,0.0
2020,Ahilyanagar,Nagar,111.0,140,0.0,0,0.0
2020,Ahilyanagar,Nevasa,10.0,101,2350.0,0,358.0
2020,Ahilyanagar,Parner,131.0,150,675.0,0,250.0
2020,Ahilyanagar,Pathardi,76.0,174,495.0,0,386.0
2020,Ahilyanagar,Rahata,0.0,29,4942.0,0,35.0
2020,Ahilyanagar,Rahuri,38.0,45,6270.0,0,115.0
2020,Ahilyanagar,Sangamner,88.0,116,7000.0,0,1611.0
2020,Ahilyanagar,Shevgaon,36.0,81,0.0,0,0.0
2020,Ahilyanagar,Srigonda,98.0,89,0.0,0,0.0
2020,Ahilyanagar,Srirampur,12.0,55,9795.0,0,394.0
2020,Akola,Akola,33.0,79,2383.0,27,1475.0
2020,Akola,Akot,27.0,15,4043.0,51,2135.0
2020,Akola,Balapur,20.0,28,3345.0,239,2290.0
2020,Akola,Barshitakali,38.0,39,2119.0,240,2274.0
2020,Akola,Murtijapur,26.0,29,3807.0,167,2761.0
2020,Akola,Patur,28.0,31,7699.0,173,5519.0
2020,Akola,Telhara,38.0,0,3863.0,0,933.0
2020,Amravati,Achalpur,57.0,10,4713.0,,18805.0
2020,Amravati,Amravati,13.0,0,1041.0,,7837.0
2020,Amravati,Anjangaon Su,4.0,10,748.0,,12556.0
2020,Amravati,Bhatkuli,10.0,2,568.0,,2333.0
2020,Amravati,Chandur Railway,18.0,3,1176.0,,6758.0
2020,Amravati,Chandurbazar,55.0,10,1650.0,,8664.0
2020,Amravati,Chikhraldara,256.0,19,406.0,,2846.0
2020,Amravati,Daryapur,21.0,7,301.0,,5300.0
2020,Amravati,Dhamangaon Re,2.0,3,954.0,,9563.0
2020,Amravati,Dharani,72.0,23,1041.0,,3851.0
2020,Amravati,Morshi,21.0,1,502.0,,15000.0
2020,Amravati,Nandgaon Kh,15.0,0,1257.0,,11860.0
2020,Amravati,Tivas,22.0,1,1195.0,,8084.0
2020,Amravati,Warud,28.0,4,642.0,,21491.0
2020,Beed,Ambajogai,138.0,0,591.0,0,15335.0
2020,Beed,Ashti,795.0,0,819.0,0,19770.0
2020,Beed,Beed,276.0,0,1151.0,0,25918.0
2020,Beed,Cage,188.0,0,908.0,0,20464.0
2020,Beed,Dharur,80.0,0,257.0,0,10379.0
2020,Beed,Gevrai,267.0,0,914.0,0,25656.0
2020,Beed,Majalgaon,31.0,0,806.0,0,11358.0
2020,Beed,Parli,121.0,0,775.0,0,13861.0
2020,Beed,Patoda,505.0,0,772.0,0,7552.0
2020,Beed,Shirur Kasar,210.0,0,132.0,0,10220.0
2020,Beed,Wadwani,69.0,0,460.0,0,13542.0
2020,Bhandara,Bhandara,206.0,62,4046.0,0,4950.0
2020,Bhandara,Lakhandur,127.0,78,5636.0,143,6482.0
2020,Bhandara,Lakhani,248.0,63,3736.0,375,7334.0
2020,Bhandara,Mohadi,76.0,84,2582.0,256,6904.0
2020,Bhandara,Pavani,195.0,35,6925.0,837,9608.0
2020,Bhandara,Sakoli,188.0,115,5211.0,0,7022.0
2020,Bhandara,Tumsar,129.0,121,3314.0,419,5875.0
2020,Buldhana,Buldhana,34.0,32,,5,17972.0
2020,Buldhana,Chikhali,103.0,22,,230,16731.0
2020,Buldhana,Deulgaon Raja,37.0,25,,0,10285.0
2020,Buldhana,Jalgaon Jamod,13.0,90,,7,11255.0
2020,Buldhana,Khamgaon,39.0,40,,10,17420.0
2020,Buldhana,Lonar,42.0,21,,259,10504.0
2020,Buldhana,Malkapur,6.0,28,,2,8728.0
2020,Buldhana,Mehkar,43.0,17,,26,14657.0
2020,Buldhana,Motala,30.0,20,,38,14188.0
2020,Buldhana,Nandura,0.0,17,,0,11310.0
2020,Buldhana,Sangrampur,8.0,63,,0,11124.0
2020,Buldhana,Shegaon,3.0,9,,125,3724.0
2020,Buldhana,Sindkhed Raja,92.0,44,,160,15017.0
2020,Chandrapur,Ballarpur,1.0,0,546.0,128,1615.0
2020,Chandrapur,Bhadravati,0.0,0,1344.0,660,3493.0
2020,Chandrapur,Bramhapuri,0.0,0,1845.0,430,5657.0
2020,Chandrapur,Chandrapur,1.0,1,1070.0,402,2741.0
2020,Chandrapur,Chimur,3.0,0,1450.0,5,5998.0
2020,Chandrapur,Gondpipari,1.0,0,1080.0,916,3325.0
2020,Chandrapur,Jivati,3.0,0,209.0,376,641.0
2020,Chandrapur,Korpana,2.0,0,707.0,365,4840.0
2020,Chandrapur,Mul,0.0,0,1502.0,485,2325.0
2020,Chandrapur,Nagbhid,0.0,0,1819.0,676,4033.0
2020,Chandrapur,Ponbhurna,3.0,0,1998.0,650,2063.0
2020,Chandrapur,Rajura,6.0,0,1153.0,61,4633.0
2020,Chandrapur,Savali,3.0,0,1191.0,1884,1800.0
2020,Chandrapur,Sindevahi,0.0,0,1227.0,648,3980.0
2020,Chandrapur,Varora,8.0,0,1850.0,1078,8567.0
2020,Dharashiv,Bhum,68.0,90,2965.0,28,2226.0
2020,Dharashiv,Dharashiv,75.0,98,3367.0,1580,2744.0
2020,Dharashiv,Kalamb,56.0,92,7775.0,95,11070.0
2020,Dharashiv,Lohara,24.0,55,783.0,,573.0
2020,Dharashiv,Paranda,112.0,70,16949.0,68,50720.0
2020,Dharashiv,Tuljapur,111.0,108,,,
2020,Dharashiv,Umaraga,36.0,175,,,
2020,Dharashiv,Washi,19.0,27,5539.0,55,2213.0
2020,Dhule,Dhule,190.0,408,34770.0,24,33460.0
2020,Dhule,Sakri,207.0,790,21845.0,247,20114.0
2020,Dhule,Shindkheda,157.0,258,18659.0,23,17937.0
2020,Dhule,Shirpur,130.0,236,14743.0,3252,11038.0
2020,Gadchiroli,Aarmori,1.0,2,1530.0,895,2637.0
2020,Gadchiroli,Aheri,0.0,29,1295.0,905,619.0
2020,Gadchiroli,Bhamragad,1.0,12,738.0,0,98.0
2020,Gadchiroli,Chomoshi,2.0,20,1607.0,630,4564.0
2020,Gadchiroli,Desaiganj,0.0,4,1205.0,210,2623.0
2020,Gadchiroli,Dhanora,4.0,28,1003.0,450,981.0
2020,Gadchiroli,Etapalli,0.0,0,992.0,198,272.0
2020,Gadchiroli,Gadchiroli,2.0,9,1304.0,430,1908.0
2020,Gadchiroli,Korachi,2.0,24,1048.0,19,345.0
2020,Gadchiroli,Kurkheda,0.0,10,1620.0,79,3439.0
2020,Gadchiroli,Mulchera,1.0,33,1154.0,498,745.0
2020,Gadchiroli,Sironcha,1.0,18,1241.0,265,2387.0
2020,Gondia,Aamgaon,104.0,112,1912.0,247,3463.0
2020,Gondia,Arjuni Morgaon,269.0,164,2300.0,2770,5774.0
2020,Gondia,Devari,223.0,245,1272.0,1109,3141.0
2020,Gondia,Gondia,248.0,296,4233.0,1203,6346.0
2020,Gondia,Goregaon,250.0,214,2881.0,787,3729.0
2020,Gondia,Sadak Arjuni,103.0,179,2641.0,328,6307.0
2020,Gondia,Salekasa,168.0,173,790.0,524,2941.0
2020,Gondia,Tiroda,130.0,297,1587.0,204,5043.0
2020,Hingoli,Aundha Na,37.0,29,29488.0,995,26125.0
2020,Hingoli,Hingoli,31.0,15,4035.0,133,1587.0
2020,Hingoli,Kalamanuri,42.0,13,2549.0,532,1254.0
2020,Hingoli,Sengaon,46.0,21,12708.0,358,10987.0
2020,Hingoli,Vasamat,26.0,22,7132.0,158,5216.0
2020,Jalna,Ambad,380.0,119,624.0,83,20689.0
2020,Jalna,Badnapur,356.0,163,641.0,0,12571.0
2020,Jalna,Bhokardan,343.0,290,1108.0,5,30918.0
2020,Jalna,Ghansawangi,249.0,191,217.0,16,18500.0
2020,Jalna,Jaffrabad,289.0,172,801.0,0,19037.0
2020,Jalna,Jalna,411.0,222,543.0,18,22134.0
2020,Jalna,Mantha,765.0,114,354.0,17,12271.0
2020,Jalna,Partur,207.0,130,251.0,31,12660.0
2020,Kolhapur,Ajara,9.0,,1717.0,,6238.0
2020,Kolhapur,Bhudargad,6.0,,2033.0,,6595.0
2020,Kolhapur,Chandgad,13.0,,463.0,,11731.0
2020,Kolhapur,Gadhinglaj,22.0,,5452.0,,12962.0
2020,Kolhapur,Gaganbavada,0.0,,204.0,,2768.0
2020,Kolhapur,Hatkanangale,16.0,,1875.0,,24932.0
2020,Kolhapur,Kagal,28.0,,3954.0,,17998.0
2020,Kolhapur,Karveer,11.0,,6452.0,,20678.0
2020,Kolhapur,Panhala,13.0,,4042.0,,13940.0
2020,Kolhapur,Radhanagari,10.0,,3545.0,,6826.0
2020,Kolhapur,Shahuwadi,29.0,,1610.0,,5732.0
2020,Kolhapur,Shirol,4.0,,1496.0,,21199.0
2020,Latur,Ahamadpur,187.0,0,90.0,0,11325.0
2020,Latur,Aosa,208.0,0,0.0,0,26243.0
2020,Latur,Chakur,104.0,0,40.0,0,12104.0
2020,Latur,Devani,82.0,0,26.0,0,5388.0
2020,Latur,Jalkot,181.0,0,63.0,0,3363.0
2020,Latur,Latur,129.0,0,210.0,18,26877.0
2020,Latur,Nilanga,123.0,0,410.0,0,19869.0
2020,Latur,Renapur,47.0,0,767.0,19,12102.0
2020,Latur,Shirur-Anantpal,54.0,0,31.0,0,5217.0
2020,Latur,Udgir,226.0,0,251.0,0,10304.0
2020,Mumbai Suburban,Adheri,,,,,
2020,Mumbai Suburban,Borivali,,,,,
2020,Mumbai Suburban,Kurla,,,,,
2020,Nagpur,Bhiwapur,3.0,65,1034.0,0,5741.0
2020,Nagpur,Hingana,0.0,75,4632.0,18,6245.0
2020,Nagpur,Kalameshwar,3.0,43,6600.0,99,10395.0
2020,Nagpur,Kamathi,0.0,29,2813.0,188,518.0
2020,Nagpur,Katol,17.0,162,13092.0,0,19280.0
2020,Nagpur,Kuhi,8.0,52,5845.0,1022,9562.0
2020,Nagpur,Mauda,0.0,87,2412.0,591,6934.0
2020,Nagpur,Nagpur (gra),0.0,30,3593.0,271,6016.0
2020,Nagpur,Nagpur (sh),0.0,0,0.0,0,423.0
2020,Nagpur,Narkhed,15.0,136,31192.0,67,11039.0
2020,Nagpur,Parashivani,0.0,66,3001.0,61,2729.0
2020,Nagpur,Ramtech,5.0,164,1852.0,659,5545.0
2020,Nagpur,Sawner,1.0,63,5681.0,100,7534.0
2020,Nagpur,Umred,1.0,163,1590.0,350,5187.0
2020,Nanded,Andhrapur,1.0,5,2919.0,45,9841.0
2020,Nanded,Bhokar,5.0,6,1841.0,1435,8532.0
2020,Nanded,Biloli,3.0,1,122.0,51,4361.0
2020,Nanded,Deglur,12.0,0,501.0,2359,10541.0
2020,Nanded,Dharmabad,1.0,1,172.0,44,5421.0
2020,Nanded,Hadgaon,4.0,11,2091.0,513,18643.0
2020,Nanded,Himalay Nagar,1.0,1,1858.0,52,10751.0
2020,Nanded,Kandhar,19.0,11,4384.0,403,10542.0
2020,Nanded,Kinvat,10.0,31,3053.0,375,9503.0
2020,Nanded,Loha,8.0,11,5001.0,116,14509.0
2020,Nanded,Mahur,2.0,3,1565.0,85,6486.0
2020,Nanded,Mudkhed,5.0,6,3364.0,47,9714.0
2020,Nanded,Mukhed,18.0,6,631.0,89,9825.0
2020,Nanded,Nanded,2.0,7,2768.0,12,12465.0
2020,Nanded,Naygaon,8.0,8,1070.0,35,7201.0
2020,Nanded,Umari,2.0,0,456.0,56,4259.0
2020,Nandurbar,Akkalkuva,16.0,260,2735.0,142,2079.0
2020,Nandurbar,Akrani,9.0,295,877.0,216,609.0
2020,Nandurbar,Nandurbar,61.0,453,16691.0,465,15741.0
2020,Nandurbar,Navapur,58.0,303,12241.0,275,11568.0
2020,Nandurbar,Shahada,32.0,236,21085.0,4154,16673.0
2020,Nandurbar,Taloda,18.0,58,6891.0,40,6661.0
2020,Nashik,Baglan,220.0,397,256.0,0,34606.0
2020,Nashik,Chandwad,312.0,337,230.0,0,27124.0
2020,Nashik,Devala,48.0,176,184.0,0,14352.0
2020,Nashik,Dindori,250.0,316,468.0,0,20244.0
2020,Nashik,Igatpuri,233.0,122,352.0,0,8586.0
2020,Nashik,Kalwan,187.0,233,213.0,0,14373.0
2020,Nashik,Malegaon,306.0,437,0.0,0,41637.0
2020,Nashik,Nandgaon,213.0,272,295.0,0,18938.0
2020,Nashik,Nashik,185.0,105,5464.0,0,21256.0
2020,Nashik,Nifad,42.0,213,6396.0,0,35306.0
2020,Nashik,Peth,375.0,115,0.0,0,7604.0
2020,Nashik,Sinner,317.0,300,7072.0,0,40702.0
2020,Nashik,Surgana,222.0,190,0.0,0,2741.0
2020,Nashik,Trimbak,106.0,157,125.0,0,2722.0
2020,Nashik,Yewala,185.0,377,60.0,0,30599.0
2020,Palghar,Dahanu,1.0,0,26.0,0,3463.0
2020,Palghar,Javhar,3.0,0,714.0,95,377.0
2020,Palghar,Mokhada,3.0,0,0.0,0,77.0
2020,Palghar,Palghar,5.0,0,947.0,0,8556.0
2020,Palghar,Talasari,0.0,0,250.0,0,573.0
2020,Palghar,Vasai,2.0,0,9000.0,0,24.0
2020,Palghar,Vikramgad,5.0,0,718.0,0,507.0
2020,Palghar,Wada,11.0,0,0.0,0,22.0
2020,Parbhani,Gangakhed,48.0,104,4109.0,10,9116.0
2020,Parbhani,Jintur,44.0,231,9022.0,22,17861.0
2020,Parbhani,Manvat,1.0,62,4151.0,10,7999.0
2020,Parbhani,Palam,9.0,44,2779.0,8,6266.0
2020,Parbhani,Parbhani,15.0,118,8721.0,28,18193.0
2020,Parbhani,Pathari,0.0,79,4901.0,14,10502.0
2020,Parbhani,Purna,1.0,121,5510.0,16,11037.0
2020,Parbhani,Selu,10.0,58,5155.0,10,10648.0
2020,Parbhani,Sonpeth,8.0,112,2638.0,8,4859.0
2020,Pune,Aambegaon,80.0,180,1684.0,115,21722.0
2020,Pune,Baramati,308.0,206,1160.0,170,33996.0
2020,Pune,Bhor,18.0,186,136.0,98,3504.0
2020,Pune,Daund,66.0,209,205.0,149,35078.0
2020,Pune,Haveli,31.0,100,539.0,49,15291.0
2020,Pune,Indapur,72.0,177,203.0,150,46870.0
2020,Pune,Junnar,53.0,209,2375.0,171,40358.0
2020,Pune,Khed,103.0,106,3107.0,130,18740.0
2020,Pune,Maval,,,,,
2020,Pune,Mulashi,,,,,
2020,Pune,Pune City,0.0,0,0.0,0,1510.0
2020,Pune,Purandar,119.0,158,914.0,91,21227.0
2020,Pune,Shirur,151.0,146,6482.0,90,37055.0
2020,Pune,Welhe,2.0,38,106.0,74,1170.0
2020,Raigad,Alibag,3.0,9,138.0,0,138.0
2020,Raigad,Karjat,5.0,37,17.0,1,16.0
2020,Raigad,Khalapur,8.0,5,22.0,0,22.0
2020,Raigad,Mahad,0.0,0,54.0,3,51.0
2020,Raigad,Mangaon,6.0,0,33.0,3,30.0
2020,Raigad,Mhasala,2.0,0,6.0,0,6.0
2020,Raigad,Murud,0.0,1,21.0,0,21.0
2020,Raigad,Panwel,2.0,1,14.0,0,14.0
2020,Raigad,Pen,1.0,3,5.0,0,5.0
2020,Raigad,Poladpur,0.0,0,24.0,0,24.0
2020,Raigad,Roha,6.0,0,43.0,0,43.0
2020,Raigad,Shreevardhan,0.0,0,36.0,1,35.0
2020,Raigad,Sudhagad,2.0,3,21.0,0,21.0
2020,Raigad,Tala,1.0,0,5.0,0,5.0
2020,Raigad,Uran,0.0,0,6.0,0,6.0
2020,Ratnagiri,Chiplun,,,,,
2020,Ratnagiri,Dapoli,,,,,
2020,Ratnagiri,Guhagar,,,,,
2020,Ratnagiri,Khed,,,,,
2020,Ratnagiri,Lanja,,,,,
2020,Ratnagiri,Mandangad,,,,,
2020,Ratnagiri,Rajapur,,,,,
2020,Ratnagiri,Ratnagiri,,,,,
2020,Ratnagiri,Sangameshwar,,,,,
2020,Sangli,Aatpadi,265.0,69,987.0,0,15925.0
2020,Sangli,Jat,188.0,168,2413.0,0,36862.0
2020,Sangli,Kadegaon,75.0,7,2032.0,0,19005.0
2020,Sangli,Khanapur,82.0,24,1801.0,0,19306.0
2020,Sangli,Ku. Mahakal,166.0,6,8179.0,0,20976.0
2020,Sangli,Miraj,61.0,5,20016.0,0,33880.0
2020,Sangli,Palus,13.0,2,3240.0,0,13550.0
2020,Sangli,Shirala,52.0,9,1146.0,0,7754.0
2020,Sangli,Tasgaon,93.0,37,11743.0,0,28675.0
2020,Sangli,Valava,51.0,13,7794.0,0,35692.0
2020,Satara,Faltan,180.0,4,12948.0,192,28359.0
2020,Satara,Javali,29.0,2,3600.0,102,4288.0
2020,Satara,Karad,85.0,16,11716.0,229,34057.0
2020,Satara,Khandala,99.0,4,2702.0,390,14098.0
2020,Satara,Khatav,217.0,1,6637.0,97,29502.0
2020,Satara,Koregaon,159.0,13,2695.0,385,26020.0
2020,Satara,Mahableshwar,8.0,35,286.0,42,2405.0
2020,Satara,Man,299.0,0,12393.0,329,20906.0
2020,Satara,Patan,40.0,3,1180.0,568,3921.0
2020,Satara,Satara,28.0,12,6973.0,405,17900.0
2020,Satara,Vai,34.0,6,8050.0,0,12674.0
2020,Sindhudurg,Devgad,0.0,16,246.0,38,3143.0
2020,Sindhudurg,Dodamarg,1.0,6,82.0,0,1193.0
2020,Sindhudurg,Kankavali,4.0,29,614.0,0,1852.0
2020,Sindhudurg,Kudal,2.0,2,872.0,44,5830.0
2020,Sindhudurg,Malvan,2.0,8,609.0,53,6155.0
2020,Sindhudurg,Sawantwadi,0.0,15,884.0,6,2821.0
2020,Sindhudurg,Vaibhavwadi,1.0,6,234.0,5,1410.0
2020,Sindhudurg,Vengurla,0.0,17,372.0,11,3678.0
2020,Thane,Ambarnath,15.0,43,17.0,2,5.0
2020,Thane,Bhivandi,8.0,260,240.0,28,12.0
2020,Thane,Kalyan,8.0,41,35.0,0,0.0
2020,Thane,Murbad,39.0,271,128.0,37,77.0
2020,Thane,Shahapur,19.0,226,0.0,0,0.0
2020,Thane,Thane,0.0,0,55.0,0,0.0
2020,Thane,Ulhasnagar,0.0,0,0.0,0,0.0
2020,Wardha,Aarvi,18.0,73,4453.0,103,9455.0
2020,Wardha,Ashti,5.0,29,5459.0,100,5320.0
2020,Wardha,Devali,8.0,23,0.0,0,9245.0
2020,Wardha,Hinganghat,16.0,44,9501.0,974,11930.0
2020,Wardha,Karanja,20.0,64,12555.0,0,8883.0
2020,Wardha,Samudrapur,7.0,38,9348.0,7622,8943.0
2020,Wardha,Selu,4.0,29,7098.0,164,7986.0
2020,Wardha,Wardha,13.0,53,7648.0,323,13305.0
2020,Washim,Karanja,13.0,2,184.0,0,658.0
2020,Washim,Malegaon,31.0,3,201.0,0,4878.0
2020,Washim,Mangrulpir,27.0,4,229.0,0,1097.0
2020,Washim,Manora,19.0,0,172.0,0,1021.0
2020,Washim,Resod,15.0,2,329.0,0,1983.0
2020,Washim,Washim,40.0,1,362.0,0,4587.0
2020,Yavatmal,Aarni,7.0,61,5819.0,20,9131.0
2020,Yavatmal,Babhulgaon,6.0,14,2412.0,98,6545.0
2020,Yavatmal,Darvha,21.0,149,3183.0,708,9675.0
2020,Yavatmal,Digras,8.0,52,4950.0,150,6375.0
2020,Yavatmal,Ghantaji,16.0,83,3246.0,12,7607.0
2020,Yavatmal,Kalamb,18.0,81,4753.0,579,3409.0
2020,Yavatmal,Kelapur,16.0,51,1282.0,288,4575.0
2020,Yavatmal,Mahagaon,18.0,42,5158.0,140,12274.0
2020,Yavatmal,Maregaon,10.0,20,2178.0,223,3215.0
2020,Yavatmal,Ner,20.0,64,3586.0,372,7677.0
2020,Yavatmal,Pusad,39.0,38,3754.0,0,12748.0
2020,Yavatmal,Ralegaon,28.0,31,4187.0,967,5043.0
2020,Yavatmal,Umarkhed,15.0,53,6275.0,415,14435.0
2020,Yavatmal,Vani,4.0,51,1930.0,212,4745.0
2020,Yavatmal,Yavatmal,33.0,77,6563.0,504,6442.0
2020,Yavatmal,Zari Jamani,9.0,20,1227.0,57,4891.0
2021,Ahilyanagar,Akole,45.0,240,1775.0,0,2257.0
2021,Ahilyanagar,Jamkhed,56.0,78,0.0,0,0.0
2021,Ahilyanagar,Karjat,106.0,126,0.0,0,0.0
2021,Ahilyanagar,Kopargaon,31.0,67,0.0,0,0.0
2021,Ahilyanagar,Nagar,111.0,140,0.0,0,0.0
2021,Ahilyanagar,Nevasa,10.0,101,2350.0,0,358.0
2021,Ahilyanagar,Parner,131.0,150,675.0,0,250.0
2021,Ahilyanagar,Pathardi,76.0,174,495.0,0,386.0
2021,Ahilyanagar,Rahata,0.0,29,4942.0,0,35.0
2021,Ahilyanagar,Rahuri,38.0,45,6270.0,0,115.0
2021,Ahilyanagar,Sangamner,88.0,116,7000.0,0,1611.0
2021,Ahilyanagar,Shevgaon,36.0,81,0.0,0,0.0
2021,Ahilyanagar,Srigonda,98.0,89,0.0,0,0.0
2021,Ahilyanagar,Srirampur,12.0,55,9795.0,0,394.0
2021,Akola,Akola,33.0,79,2383.0,30,1475.0
2021,Akola,Akot,26.0,16,4043.0,51,2135.0
2021,Akola,Balapur,20.0,28,3345.0,239,2290.0
2021,Akola,Barshitakali,38.0,40,2119.0,240,2274.0
2021,Akola,Murtijapur,26.0,29,3800.0,167,2765.0
2021,Akola,Patur,28.0,31,7699.0,173,5519.0
2021,Akola,Telhara,38.0,0,3863.0,0,933.0
2021,Amravati,Achalpur,57.0,9,3488.0,,19333.0
2021,Amravati,Amravati,12.0,0,881.0,,9708.0
2021,Amravati,Anjangaon Su,4.0,10,1388.0,,12895.0
2021,Amravati,Bhatkuli,9.0,2,568.0,,2838.0
2021,Amravati,Chandur Railway,16.0,3,1118.0,,7628.0
2021,Amravati,Chandurbazar,55.0,9,1925.0,,9284.0
2021,Amravati,Chikhraldara,256.0,21,406.0,,3044.0
2021,Amravati,Daryapur,18.0,7,301.0,,5948.0
2021,Amravati,Dhamangaon Re,2.0,2,954.0,,10387.0
2021,Amravati,Dharani,72.0,26,1171.0,,4272.0
2021,Amravati,Morshi,21.0,1,502.0,,15827.0
2021,Amravati,Nandgaon Kh,14.0,0,1254.0,,12864.0
2021,Amravati,Tivas,22.0,1,1008.0,,8498.0
2021,Amravati,Warud,26.0,5,118.0,,24189.0
2021,Beed,Ambajogai,138.0,0,1161.0,0,15567.0
2021,Beed,Ashti,795.0,0,819.0,0,20028.0
2021,Beed,Beed,283.0,0,1151.0,0,26065.0
2021,Beed,Cage,188.0,0,1129.0,0,20936.0
2021,Beed,Dharur,82.0,0,257.0,0,10582.0
2021,Beed,Gevrai,267.0,0,914.0,0,26020.0
2021,Beed,Majalgaon,31.0,0,806.0,0,11471.0
2021,Beed,Parli,131.0,0,775.0,0,13952.0
2021,Beed,Patoda,505.0,0,772.0,0,7680.0
2021,Beed,Shirur Kasar,210.0,0,132.0,0,10325.0
2021,Beed,Wadwani,75.0,0,460.0,0,13638.0
2021,Bhandara,Bhandara,206.0,66,4046.0,0,5003.0
2021,Bhandara,Lakhandur,127.0,78,5636.0,143,6605.0
2021,Bhandara,Lakhani,248.0,63,5378.0,250,7487.0
2021,Bhandara,Mohadi,76.0,87,2917.0,187,7030.0
2021,Bhandara,Pavani,195.0,37,6925.0,837,9781.0
2021,Bhandara,Sakoli,188.0,115,5211.0,0,7247.0
2021,Bhandara,Tumsar,129.0,127,3314.0,419,6022.0
2021,Buldhana,Buldhana,35.0,34,7832.0,5,18148.0
2021,Buldhana,Chikhali,103.0,22,13360.0,230,16850.0
2021,Buldhana,Deulgaon Raja,37.0,25,8331.0,0,10340.0
2021,Buldhana,Jalgaon Jamod,13.0,90,7895.0,7,11398.0
2021,Buldhana,Khamgaon,39.0,40,7765.0,10,17710.0
2021,Buldhana,Lonar,44.0,21,8064.0,259,10872.0
2021,Buldhana,Malkapur,7.0,28,7510.0,2,8863.0
2021,Buldhana,Mehkar,44.0,18,6129.0,26,14791.0
2021,Buldhana,Motala,30.0,21,10722.0,38,14259.0
2021,Buldhana,Nandura,0.0,18,9965.0,0,11397.0
2021,Buldhana,Sangrampur,8.0,63,871.0,0,11187.0
2021,Buldhana,Shegaon,3.0,10,2250.0,125,3802.0
2021,Buldhana,Sindkhed Raja,92.0,49,10347.0,160,15048.0
2021,Chandrapur,Ballarpur,1.0,51,645.0,745,1625.0
2021,Chandrapur,Bhadravati,0.0,98,1586.0,542,3535.0
2021,Chandrapur,Bramhapuri,0.0,195,2208.0,1078,5966.0
2021,Chandrapur,Chandrapur,1.0,82,1257.0,230,2833.0
2021,Chandrapur,Chimur,3.0,207,1827.0,91,6100.0
2021,Chandrapur,Gondpipari,1.0,112,1247.0,376,3370.0
2021,Chandrapur,Jivati,3.0,92,256.0,42,700.0
2021,Chandrapur,Korpana,2.0,46,863.0,785,4971.0
2021,Chandrapur,Mul,0.0,120,1820.0,770,2406.0
2021,Chandrapur,Nagbhid,0.0,258,2097.0,660,4204.0
2021,Chandrapur,Ponbhurna,3.0,66,2583.0,485,2248.0
2021,Chandrapur,Rajura,6.0,102,1344.0,365,4700.0
2021,Chandrapur,Savali,3.0,175,1436.0,10,1846.0
2021,Chandrapur,Sindevahi,0.0,129,1448.0,1884,4319.0
2021,Chandrapur,Varora,8.0,74,2155.0,410,8788.0
2021,Dharashiv,Bhum,68.0,94,2911.0,28,13630.0
2021,Dharashiv,Dharashiv,75.0,102,3175.0,1580,35815.0
2021,Dharashiv,Kalamb,56.0,94,7690.0,95,24361.0
2021,Dharashiv,Lohara,24.0,57,783.0,,11735.0
2021,Dharashiv,Paranda,112.0,74,16880.0,68,18735.0
2021,Dharashiv,Tuljapur,111.0,123,,,21796.0
2021,Dharashiv,Umaraga,36.0,176,,,14476.0
2021,Dharashiv,Washi,19.0,27,5506.0,55,10366.0
2021,Dhule,Dhule,190.0,408,34770.0,24,33460.0
2021,Dhule,Sakri,207.0,790,21845.0,247,20114.0
2021,Dhule,Shindkheda,157.0,258,18659.0,23,17937.0
2021,Dhule,Shirpur,130.0,236,14743.0,3252,11038.0
2021,Gadchiroli,Aarmori,1.0,2,1530.0,895,2725.0
2021,Gadchiroli,Aheri,0.0,29,1295.0,905,629.0
2021,Gadchiroli,Bhamragad,1.0,12,738.0,0,94.0
2021,Gadchiroli,Chomoshi,2.0,20,1607.0,630,4596.0
2021,Gadchiroli,Desaiganj,0.0,4,1205.0,210,2808.0
2021,Gadchiroli,Dhanora,4.0,28,1003.0,450,981.0
2021,Gadchiroli,Etapalli,0.0,0,992.0,198,271.0
2021,Gadchiroli,Gadchiroli,2.0,9,1304.0,430,1919.0
2021,Gadchiroli,Korachi,2.0,24,1048.0,389,350.0
2021,Gadchiroli,Kurkheda,0.0,10,1620.0,90,3844.0
2021,Gadchiroli,Mulchera,1.0,33,1154.0,504,761.0
2021,Gadchiroli,Sironcha,1.0,18,1241.0,280,2433.0
2021,Gondia,Aamgaon,104.0,114,2047.0,350,3619.0
2021,Gondia,Arjuni Morgaon,269.0,164,2244.0,831,6004.0
2021,Gondia,Devari,223.0,250,1337.0,1017,3286.0
2021,Gondia,Gondia,248.0,299,3308.0,1376,6707.0
2021,Gondia,Goregaon,250.0,215,2708.0,465,3994.0
2021,Gondia,Sadak Arjuni,103.0,179,3314.0,616,6506.0
2021,Gondia,Salekasa,168.0,176,1000.0,555,3139.0
2021,Gondia,Tiroda,130.0,297,2234.0,313,5328.0
2021,Hingoli,Aundha Na,37.0,29,29488.0,995,26125.0
2021,Hingoli,Hingoli,31.0,15,4035.0,133,1587.0
2021,Hingoli,Kalamanuri,42.0,13,2549.0,532,1254.0
2021,Hingoli,Sengaon,46.0,21,12708.0,358,10987.0
2021,Hingoli,Vasamat,26.0,22,7132.0,158,5216.0
2021,Jalna,Ambad,378.0,136,624.0,83,18880.0
2021,Jalna,Badnapur,356.0,173,641.0,0,11794.0
2021,Jalna,Bhokardan,343.0,299,1108.0,5,26448.0
2021,Jalna,Ghansawangi,252.0,209,217.0,16,17864.0
2021,Jalna,Jaffrabad,289.0,178,801.0,0,15669.0
2021,Jalna,Jalna,411.0,235,543.0,18,19808.0
2021,Jalna,Mantha,765.0,117,354.0,17,11233.0
2021,Jalna,Partur,207.0,132,251.0,31,11553.0
2021,Kolhapur,Ajara,9.0,,1806.0,414,6369.0
2021,Kolhapur,Bhudargad,6.0,,2035.0,360,6772.0
2021,Kolhapur,Chandgad,13.0,,475.0,135,11838.0
2021,Kolhapur,Gadhinglaj,22.0,,5460.0,985,13147.0
2021,Kolhapur,Gaganbavada,0.0,,210.0,5,2788.0
2021,Kolhapur,Hatkanangale,18.0,,1902.0,150,25378.0
2021,Kolhapur,Kagal,28.0,,4260.0,275,18203.0
2021,Kolhapur,Karveer,11.0,,6500.0,145,21028.0
2021,Kolhapur,Panhala,13.0,,4045.0,80,14233.0
2021,Kolhapur,Radhanagari,10.0,,3545.0,569,6947.0
2021,Kolhapur,Shahuwadi,31.0,,1515.0,275,5910.0
2021,Kolhapur,Shirol,4.0,,1508.0,22,21252.0
2021,Latur,Ahamadpur,187.0,73,90.0,0,8264.0
2021,Latur,Aosa,208.0,114,0.0,0,20426.0
2021,Latur,Chakur,104.0,76,40.0,0,10965.0
2021,Latur,Devani,82.0,66,26.0,0,5182.0
2021,Latur,Jalkot,181.0,35,63.0,0,9151.0
2021,Latur,Latur,129.0,104,210.0,18,31475.0
2021,Latur,Nilanga,123.0,125,410.0,0,19079.0
2021,Latur,Renapur,47.0,71,767.0,19,11411.0
2021,Latur,Shirur-Anantpal,54.0,44,31.0,0,5123.0
2021,Latur,Udgir,226.0,104,251.0,0,8433.0
2021,Mumbai Suburban,Adheri,,,,,
2021,Mumbai Suburban,Borivali,,,,,
2021,Mumbai Suburban,Kurla,,,,,
2021,Nagpur,Bhiwapur,3.0,67,1034.0,0,6024.0
2021,Nagpur,Hingana,12.0,87,4632.0,18,6245.0
2021,Nagpur,Kalameshwar,6.0,47,6600.0,99,10660.0
2021,Nagpur,Kamathi,0.0,80,2813.0,188,518.0
2021,Nagpur,Katol,28.0,212,13092.0,0,19674.0
2021,Nagpur,Kuhi,14.0,58,5845.0,1022,9562.0
2021,Nagpur,Mauda,0.0,99,2412.0,591,7144.0
2021,Nagpur,Nagpur (gra),0.0,40,3593.0,271,6016.0
2021,Nagpur,Nagpur (sh),0.0,0,0.0,0,423.0
2021,Nagpur,Narkhed,18.0,136,31192.0,67,11265.0
2021,Nagpur,Parashivani,1.0,66,3001.0,61,2729.0
2021,Nagpur,Ramtech,7.0,164,1852.0,659,5676.0
2021,Nagpur,Sawner,1.0,74,5681.0,100,7627.0
2021,Nagpur,Umred,1.0,209,1590.0,350,5330.0
2021,Nanded,Andhrapur,0.0,0,2919.0,45,7913.0
2021,Nanded,Bhokar,5.0,1,1841.0,1435,7586.0
2021,Nanded,Biloli,8.0,28,122.0,51,3801.0
2021,Nanded,Deglur,18.0,24,501.0,2359,9013.0
2021,Nanded,Dharmabad,1.0,39,172.0,44,4383.0
2021,Nanded,Hadgaon,8.0,3,2091.0,513,16407.0
2021,Nanded,Himalay Nagar,1.0,0,1858.0,52,9694.0
2021,Nanded,Kandhar,19.0,2,4384.0,403,8286.0
2021,Nanded,Kinvat,10.0,4,3053.0,375,8730.0
2021,Nanded,Loha,11.0,1,5001.0,116,13327.0
2021,Nanded,Mahur,6.0,0,1565.0,85,5538.0
2021,Nanded,Mudkhed,5.0,0,3364.0,47,7580.0
2021,Nanded,Mukhed,25.0,1,631.0,89,7003.0
2021,Nanded,Nanded,2.0,1,2768.0,12,11317.0
2021,Nanded,Naygaon,11.0,0,1070.0,35,6481.0
2021,Nanded,Umari,5.0,2,456.0,56,4386.0
2021,Nandurbar,Akkalkuva,16.0,307,1687.0,142,2104.0
2021,Nandurbar,Akrani,9.0,328,203.0,27,592.0
2021,Nandurbar,Nandurbar,61.0,448,12466.0,73,15926.0
2021,Nandurbar,Navapur,58.0,310,7113.0,275,11834.0
2021,Nandurbar,Shahada,32.0,252,15537.0,4214,17074.0
2021,Nandurbar,Taloda,18.0,73,942.0,40,6759.0
2021,Nashik,Baglan,220.0,429,1614.0,0,35652.0
2021,Nashik,Chandwad,298.0,371,230.0,0,28369.0
2021,Nashik,Devala,48.0,180,203.0,0,14523.0
2021,Nashik,Dindori,250.0,332,468.0,0,15961.0
2021,Nashik,Igatpuri,43.0,127,352.0,0,8107.0
2021,Nashik,Kalwan,187.0,241,213.0,0,15068.0
2021,Nashik,Malegaon,265.0,327,2327.0,0,42589.0
2021,Nashik,Nandgaon,217.0,274,808.0,0,20076.0
2021,Nashik,Nashik,40.0,105,5464.0,0,23685.0
2021,Nashik,Nifad,111.0,197,6396.0,0,42526.0
2021,Nashik,Peth,106.0,124,0.0,0,7275.0
2021,Nashik,Sinner,311.0,245,7072.0,0,33577.0
2021,Nashik,Surgana,222.0,195,0.0,0,2513.0
2021,Nashik,Trimbak,71.0,164,125.0,0,3183.0
2021,Nashik,Yewala,175.0,323,60.0,0,31377.0
2021,Palghar,Dahanu,1.0,0,26.0,0,3677.0
2021,Palghar,Javhar,3.0,0,714.0,95,467.0
2021,Palghar,Mokhada,3.0,0,0.0,0,73.0
2021,Palghar,Palghar,5.0,0,947.0,0,9136.0
2021,Palghar,Talasari,0.0,0,250.0,0,649.0
2021,Palghar,Vasai,2.0,0,9000.0,0,2766.0
2021,Palghar,Vikramgad,5.0,0,718.0,0,620.0
2021,Palghar,Wada,11.0,0,0.0,0,1133.0
2021,Parbhani,Gangakhed,48.0,108,4109.0,9,9117.0
2021,Parbhani,Jintur,44.0,236,9022.0,16,17867.0
2021,Parbhani,Manvat,1.0,62,4151.0,7,8002.0
2021,Parbhani,Palam,9.0,44,2779.0,8,6266.0
2021,Parbhani,Parbhani,15.0,124,8721.0,18,18203.0
2021,Parbhani,Pathari,0.0,81,4901.0,9,10507.0
2021,Parbhani,Purna,1.0,129,5510.0,11,11042.0
2021,Parbhani,Selu,10.0,58,5155.0,8,10650.0
2021,Parbhani,Sonpeth,8.0,112,2638.0,8,4859.0
2021,Pune,Aambegaon,79.0,180,1684.0,,21366.0
2021,Pune,Baramati,308.0,197,1160.0,,35987.0
2021,Pune,Bhor,18.0,181,136.0,,4138.0
2021,Pune,Daund,66.0,218,205.0,,21754.0
2021,Pune,Haveli,31.0,90,539.0,,31630.0
2021,Pune,Indapur,72.0,184,203.0,,48658.0
2021,Pune,Junnar,52.0,217,2375.0,,39796.0
2021,Pune,Khed,103.0,103,3107.0,,18605.0
2021,Pune,Maval,3.0,60,45.0,,5895.0
2021,Pune,Mulashi,13.0,46,17.0,,5032.0
2021,Pune,Pune City,0.0,0,0.0,,38052.0
2021,Pune,Purandar,121.0,160,914.0,,534.0
2021,Pune,Shirur,151.0,144,6482.0,,38083.0
2021,Pune,Welhe,2.0,38,106.0,,3873.0
2021,Raigad,Alibag,3.0,9,371.0,0,371.0
2021,Raigad,Karjat,5.0,37,46.0,1,45.0
2021,Raigad,Khalapur,8.0,5,41.0,0,41.0
2021,Raigad,Mahad,0.0,0,75.0,0,75.0
2021,Raigad,Mangaon,6.0,0,102.0,3,99.0
2021,Raigad,Mhasala,2.0,0,42.0,0,42.0
2021,Raigad,Murud,0.0,1,58.0,0,58.0
2021,Raigad,Panwel,2.0,1,14.0,0,14.0
2021,Raigad,Pen,1.0,3,16.0,0,16.0
2021,Raigad,Poladpur,0.0,0,31.0,0,31.0
2021,Raigad,Roha,6.0,0,71.0,0,71.0
2021,Raigad,Shreevardhan,0.0,0,66.0,1,65.0
2021,Raigad,Sudhagad,2.0,3,109.0,0,109.0
2021,Raigad,Tala,1.0,0,39.0,0,39.0
2021,Raigad,Uran,0.0,0,86.0,0,86.0
2021,Ratnagiri,Chiplun,0.0,122,1650.0,30,1697.0
2021,Ratnagiri,Dapoli,0.0,62,2768.0,75,2781.0
2021,Ratnagiri,Guhagar,1.0,54,2632.0,31,2725.0
2021,Ratnagiri,Khed,0.0,81,752.0,47,823.0
2021,Ratnagiri,Lanja,0.0,31,1285.0,103,1264.0
2021,Ratnagiri,Mandangad,0.0,16,1074.0,50,1077.0
2021,Ratnagiri,Rajapur,0.0,20,2398.0,34,2295.0
2021,Ratnagiri,Ratnagiri,0.0,42,5130.0,220,4616.0
2021,Ratnagiri,Sangameshwar,6.0,82,1454.0,46,1443.0
2021,Sangli,Aatpadi,265.0,71,987.0,0,16344.0
2021,Sangli,Jat,188.0,171,2413.0,0,38423.0
2021,Sangli,Kadegaon,75.0,10,2032.0,0,19644.0
2021,Sangli,Khanapur,82.0,24,1801.0,0,20640.0
2021,Sangli,Ku. Mahakal,166.0,6,8179.0,0,21656.0
2021,Sangli,Miraj,61.0,5,20016.0,0,34875.0
2021,Sangli,Palus,13.0,2,3240.0,0,13977.0
2021,Sangli,Shirala,52.0,10,1146.0,0,8015.0
2021,Sangli,Tasgaon,93.0,38,11743.0,0,29850.0
2021,Sangli,Valava,51.0,15,7794.0,0,36588.0
2021,Satara,Faltan,181.0,5,12948.0,192,30164.0
2021,Satara,Javali,29.0,2,3600.0,102,3765.0
2021,Satara,Karad,85.0,16,11716.0,229,29066.0
2021,Satara,Khandala,99.0,4,2702.0,390,9069.0
2021,Satara,Khatav,217.0,1,6637.0,97,29343.0
2021,Satara,Koregaon,159.0,13,2695.0,385,25348.0
2021,Satara,Mahableshwar,8.0,35,286.0,42,1996.0
2021,Satara,Man,299.0,0,12393.0,329,20352.0
2021,Satara,Patan,40.0,3,1180.0,568,5029.0
2021,Satara,Satara,28.0,12,6973.0,405,18014.0
2021,Satara,Vai,34.0,6,8050.0,0,11720.0
2021,Sindhudurg,Devgad,7.0,16,246.0,38,3419.0
2021,Sindhudurg,Dodamarg,0.0,8,82.0,0,1218.0
2021,Sindhudurg,Kankavali,10.0,34,614.0,0,1882.0
2021,Sindhudurg,Kudal,29.0,2,872.0,44,6154.0
2021,Sindhudurg,Malvan,5.0,8,609.0,53,6170.0
2021,Sindhudurg,Sawantwadi,18.0,17,884.0,6,2879.0
2021,Sindhudurg,Vaibhavwadi,7.0,6,234.0,5,1479.0
2021,Sindhudurg,Vengurla,14.0,17,372.0,11,3694.0
2021,Thane,Ambarnath,15.0,44,17.0,2,1055.0
2021,Thane,Bhivandi,8.0,262,240.0,28,2532.0
2021,Thane,Kalyan,8.0,41,35.0,0,534.0
2021,Thane,Murbad,39.0,286,128.0,37,1682.0
2021,Thane,Shahapur,19.0,248,0.0,0,1361.0
2021,Thane,Thane,0.0,0,55.0,0,90.0
2021,Thane,Ulhasnagar,0.0,0,0.0,0,0.0
2021,Wardha,Aarvi,18.0,73,10608.0,72,10194.0
2021,Wardha,Ashti,5.0,30,5567.0,61,5057.0
2021,Wardha,Devali,8.0,23,8101.0,0,8101.0
2021,Wardha,Hinganghat,16.0,44,13120.0,900,12220.0
2021,Wardha,Karanja,21.0,64,10605.0,0,9768.0
2021,Wardha,Samudrapur,7.0,38,9387.0,0,9387.0
2021,Wardha,Selu,4.0,29,10115.0,112,9948.0
2021,Wardha,Wardha,13.0,54,15068.0,131,14457.0
2021,Washim,Karanja,13.0,6,194.0,0,275.0
2021,Washim,Malegaon,31.0,5,230.0,0,2109.0
2021,Washim,Mangrulpir,28.0,7,249.0,0,980.0
2021,Washim,Manora,19.0,3,201.0,0,417.0
2021,Washim,Resod,15.0,3,351.0,0,164.0
2021,Washim,Washim,40.0,5,381.0,0,3725.0
2021,Yavatmal,Aarni,9.0,0,6103.0,27,9272.0
2021,Yavatmal,Babhulgaon,13.0,0,3954.0,31,6629.0
2021,Yavatmal,Darvha,39.0,0,3516.0,708,9757.0
2021,Yavatmal,Digras,13.0,0,6386.0,411,6424.0
2021,Yavatmal,Ghantaji,18.0,2,5153.0,168,7700.0
2021,Yavatmal,Kalamb,30.0,0,4220.0,1912,3480.0
2021,Yavatmal,Kelapur,19.0,0,5493.0,295,4697.0
2021,Yavatmal,Mahagaon,24.0,0,5384.0,140,12477.0
2021,Yavatmal,Maregaon,16.0,0,2434.0,235,3371.0
2021,Yavatmal,Ner,31.0,0,6377.0,40,7769.0
2021,Yavatmal,Pusad,57.0,4,3044.0,0,12902.0
2021,Yavatmal,Ralegaon,27.0,0,4478.0,967,5171.0
2021,Yavatmal,Umarkhed,18.0,0,6538.0,415,14671.0
2021,Yavatmal,Vani,8.0,0,2014.0,190,4871.0
2021,Yavatmal,Yavatmal,48.0,0,6544.0,737,6487.0
2021,Yavatmal,Zari Jamani,15.0,0,1411.0,57,5113.0
2022,Ahilyanagar,Akole,45.0,240,13607.0,0,19593.0
2022,Ahilyanagar,Jamkhed,56.0,80,6750.0,0,14456.0
2022,Ahilyanagar,Karjat,106.0,159,9567.0,0,28426.0
2022,Ahilyanagar,Kopargaon,31.0,67,17850.0,0,18139.0
2022,Ahilyanagar,Nagar,111.0,163,13191.0,0,25695.0
2022,Ahilyanagar,Nevasa,10.0,101,19896.0,0,39704.0
2022,Ahilyanagar,Parner,131.0,183,14809.0,0,31153.0
2022,Ahilyanagar,Pathardi,76.0,179,10858.0,0,23933.0
2022,Ahilyanagar,Rahata,0.0,29,11915.0,0,33125.0
2022,Ahilyanagar,Rahuri,38.0,45,15923.0,0,31575.0
2022,Ahilyanagar,Sangamner,88.0,116,24882.0,0,41542.0
2022,Ahilyanagar,Shevgaon,36.0,83,14617.0,0,28988.0
2022,Ahilyanagar,Srigonda,98.0,94,9560.0,0,39807.0
2022,Ahilyanagar,Srirampur,12.0,55,10061.0,0,18152.0
2022,Akola,Akola,35.0,79,2292.0,0,1238.0
2022,Akola,Akot,26.0,16,3019.0,305,2080.0
2022,Akola,Balapur,25.0,28,3430.0,247,2275.0
2022,Akola,Barshitakali,41.0,40,11989.0,0,10850.0
2022,Akola,Murtijapur,30.0,29,4734.0,196,3731.0
2022,Akola,Patur,28.0,31,8567.0,853,3846.0
2022,Akola,Telhara,41.0,0,1717.0,0,831.0
2022,Amravati,Achalpur,57.0,9,16132.0,0,17619.0
2022,Amravati,Amravati,9.0,0,5046.0,4789,10103.0
2022,Amravati,Anjangaon Su,4.0,10,5301.0,0,10257.0
2022,Amravati,Bhatkuli,4.0,2,192.0,0,3383.0
2022,Amravati,Chandur Railway,16.0,3,6745.0,65,5582.0
2022,Amravati,Chandurbazar,55.0,9,16179.0,0,15608.0
2022,Amravati,Chikhraldara,257.0,24,1680.0,863,1306.0
2022,Amravati,Daryapur,18.0,7,532.0,0,5540.0
2022,Amravati,Dhamangaon Re,2.0,2,7268.0,106,9654.0
2022,Amravati,Dharani,73.0,25,3629.0,562,5256.0
2022,Amravati,Morshi,21.0,1,13435.0,209,16737.0
2022,Amravati,Nandgaon Kh,14.0,0,10778.0,481,9715.0
2022,Amravati,Tivas,22.0,1,7042.0,28,9737.0
2022,Amravati,Warud,23.0,6,18795.0,0,22556.0
2022,Beed,Ambajogai,188.0,0,1129.0,0,20936.0
2022,Beed,Ashti,795.0,0,819.0,0,20028.0
2022,Beed,Beed,283.0,0,1151.0,0,26065.0
2022,Beed,Cage,138.0,0,1161.0,0,15567.0
2022,Beed,Dharur,82.0,0,257.0,0,10582.0
2022,Beed,Gevrai,267.0,0,914.0,0,26020.0
2022,Beed,Majalgaon,31.0,0,806.0,0,11471.0
2022,Beed,Parli,131.0,0,775.0,0,13952.0
2022,Beed,Patoda,505.0,0,772.0,0,7680.0
2022,Beed,Shirur Kasar,210.0,0,132.0,0,10325.0
2022,Beed,Wadwani,75.0,0,460.0,0,13638.0
2022,Bhandara,Bhandara,206.0,68,3132.0,0,5313.0
2022,Bhandara,Lakhandur,81.0,194,0.0,0,0.0
2022,Bhandara,Lakhani,67.0,250,0.0,0,0.0
2022,Bhandara,Mohadi,33.0,3052,7456.0,0,0.0
2022,Bhandara,Pavani,195.0,42,6925.0,837,10064.0
2022,Bhandara,Sakoli,116.0,5211,7674.0,0,0.0
2022,Bhandara,Tumsar,129.0,128,3314.0,419,6366.0
2022,Buldhana,Buldhana,35.0,35,7832.0,5,18324.0
2022,Buldhana,Chikhali,103.0,22,13360.0,230,17005.0
2022,Buldhana,Deulgaon Raja,37.0,25,8331.0,0,10420.0
2022,Buldhana,Jalgaon Jamod,13.0,90,7895.0,7,11493.0
2022,Buldhana,Khamgaon,39.0,40,7765.0,10,18020.0
2022,Buldhana,Lonar,44.0,22,8064.0,259,11013.0
2022,Buldhana,Malkapur,7.0,28,7510.0,2,8937.0
2022,Buldhana,Mehkar,44.0,19,6129.0,26,15110.0
2022,Buldhana,Motala,30.0,24,10722.0,38,14428.0
2022,Buldhana,Nandura,0.0,18,9965.0,0,11504.0
2022,Buldhana,Sangrampur,8.0,63,871.0,0,11276.0
2022,Buldhana,Shegaon,3.0,10,2250.0,125,3888.0
2022,Buldhana,Sindkhed Raja,92.0,49,10347.0,160,15221.0
2022,Chandrapur,Ballarpur,1.0,51,645.0,745,1702.0
2022,Chandrapur,Bhadravati,0.0,100,1586.0,542,3648.0
2022,Chandrapur,Bramhapuri,0.0,195,2208.0,1078,6294.0
2022,Chandrapur,Chandrapur,1.0,82,1257.0,230,2854.0
2022,Chandrapur,Chimur,3.0,210,1827.0,91,6276.0
2022,Chandrapur,Gondpipari,1.0,114,1247.0,376,3440.0
2022,Chandrapur,Jivati,3.0,92,256.0,42,720.0
2022,Chandrapur,Korpana,2.0,46,863.0,785,5175.0
2022,Chandrapur,Mul,0.0,121,1820.0,770,2484.0
2022,Chandrapur,Nagbhid,0.0,259,2097.0,660,4417.0
2022,Chandrapur,Ponbhurna,3.0,67,2583.0,485,2329.0
2022,Chandrapur,Rajura,6.0,103,1344.0,365,4767.0
2022,Chandrapur,Savali,3.0,173,1436.0,10,1918.0
2022,Chandrapur,Sindevahi,0.0,134,1448.0,1884,4482.0
2022,Chandrapur,Varora,8.0,78,2155.0,410,9064.0
2022,Chh. Sambhaji Nagar,Chhatrapati Sambhajinagar,445.0,124,11228.0,695,30660.0
2022,Chh. Sambhaji Nagar,Gangapur,160.0,96,10260.0,771,28101.0
2022,Chh. Sambhaji Nagar,Kannad,363.0,83,14913.0,992,31604.0
2022,Chh. Sambhaji Nagar,Khuldabad,260.0,39,11715.0,328,11063.0
2022,Chh. Sambhaji Nagar,Paithan,148.0,137,13885.0,1325,29718.0
2022,Chh. Sambhaji Nagar,Phulambri,287.0,53,9829.0,390,18732.0
2022,Chh. Sambhaji Nagar,Sillod,324.0,101,12035.0,1105,39300.0
2022,Chh. Sambhaji Nagar,Soegaon,143.0,41,6308.0,482,9452.0
2022,Chh. Sambhaji Nagar,Vaijapur,395.0,94,15280.0,869,34833.0
2022,Dharashiv,Bhum,68.0,95,2911.0,28,14124.0
2022,Dharashiv,Dharashiv,75.0,102,3175.0,1580,36681.0
2022,Dharashiv,Kalamb,56.0,94,7690.0,95,25682.0
2022,Dharashiv,Lohara,24.0,70,783.0,0,12507.0
2022,Dharashiv,Paranda,112.0,79,16880.0,68,19342.0
2022,Dharashiv,Tuljapur,111.0,148,1.0,1,23473.0
2022,Dharashiv,Umaraga,36.0,198,1.0,1,15042.0
2022,Dharashiv,Washi,19.0,27,5506.0,55,10743.0
2022,Dhule,Dhule,190.0,361,34770.0,24,29625.0
2022,Dhule,Sakri,157.0,207,21845.0,247,28623.0
2022,Dhule,Shindkheda,207.0,688,18659.0,23,20014.0
2022,Dhule,Shirpur,130.0,174,14743.0,3252,17239.0
2022,Gadchiroli,Aarmori,1.0,2,1530.0,895,2858.0
2022,Gadchiroli,Aheri,0.0,29,1295.0,906,638.0
2022,Gadchiroli,Bhamragad,1.0,12,738.0,5,97.0
2022,Gadchiroli,Chomoshi,2.0,20,1607.0,631,4861.0
2022,Gadchiroli,Desaiganj,0.0,4,1205.0,210,2987.0
2022,Gadchiroli,Dhanora,4.0,28,1003.0,450,1004.0
2022,Gadchiroli,Etapalli,0.0,4,992.0,199,273.0
2022,Gadchiroli,Gadchiroli,2.0,9,1304.0,430,2069.0
2022,Gadchiroli,Korachi,2.0,24,1048.0,390,362.0
2022,Gadchiroli,Kurkheda,0.0,10,1620.0,90,4136.0
2022,Gadchiroli,Mulchera,1.0,33,1154.0,505,836.0
2022,Gadchiroli,Sironcha,1.0,18,1241.0,282,2544.0
2022,Gondia,Aamgaon,104.0,114,1867.0,476,4340.0
2022,Gondia,Arjuni Morgaon,270.0,167,2247.0,250,6634.0
2022,Gondia,Devari,223.0,250,1337.0,1017,3713.0
2022,Gondia,Gondia,248.0,301,2820.0,834,7009.0
2022,Gondia,Goregaon,251.0,215,2708.0,465,4516.0
2022,Gondia,Sadak Arjuni,104.0,179,3314.0,616,6934.0
2022,Gondia,Salekasa,168.0,176,1075.0,535,3434.0
2022,Gondia,Tiroda,130.0,298,2384.0,205,6043.0
2022,Hingoli,Aundha Na,38.0,36,29488.0,995,26125.0
2022,Hingoli,Hingoli,31.0,15,4035.0,133,1587.0
2022,Hingoli,Kalamanuri,42.0,13,2549.0,532,1254.0
2022,Hingoli,Sengaon,46.0,21,12708.0,358,10987.0
2022,Hingoli,Vasamat,27.0,31,7132.0,158,5216.0
2022,Jalgaon,Amalner,64.0,149,0.0,0,28.0
2022,Jalgaon,Bhadgaon,42.0,145,0.0,0,324.0
2022,Jalgaon,Bhusawal,37.0,189,119.0,0,0.0
2022,Jalgaon,Bodwad,47.0,166,98.0,0,0.0
2022,Jalgaon,Chalisgaon,87.0,326,0.0,0,622.0
2022,Jalgaon,Chopda,55.0,139,3558.0,0,0.0
2022,Jalgaon,Dharangaon,14.0,152,0.0,0,116.0
2022,Jalgaon,Erandol,24.0,188,0.0,0,289.0
2022,Jalgaon,Jalgaon,68.0,255,0.0,0,35.0
2022,Jalgaon,Jamner,89.0,234,814.0,0,0.0
2022,Jalgaon,Muktainagar,76.0,165,0.0,0,0.0
2022,Jalgaon,Pachora,44.0,244,620.0,0,0.0
2022,Jalgaon,Parola,49.0,167,0.0,0,373.0
2022,Jalgaon,Raver,39.0,236,123.0,0,0.0
2022,Jalgaon,Yawal,19.0,178,675.0,0,0.0
2022,Jalna,Ambad,378.0,158,9948.0,2827,19245.0
2022,Jalna,Badnapur,356.0,183,8972.0,1151,12058.0
2022,Jalna,Bhokardan,343.0,302,9278.0,1050,27486.0
2022,Jalna,Ghansawangi,252.0,229,9010.0,720,18198.0
2022,Jalna,Jaffrabad,289.0,181,7910.0,1203,16735.0
2022,Jalna,Jalna,413.0,260,17612.0,1894,20022.0
2022,Jalna,Mantha,766.0,133,7018.0,735,11709.0
2022,Jalna,Partur,208.0,137,8184.0,576,11765.0
2022,Kolhapur,Ajara,4.0,6,1806.0,414,6782.0
2022,Kolhapur,Bhudargad,1.0,4,2035.0,360,7232.0
2022,Kolhapur,Chandgad,4.0,8,475.0,135,12317.0
2022,Kolhapur,Gadhinglaj,2.0,9,5460.0,985,13676.0
2022,Kolhapur,Gaganbavada,0.0,1,210.0,5,2943.0
2022,Kolhapur,Hatkanangale,1.0,5,1902.0,150,26311.0
2022,Kolhapur,Kagal,4.0,12,4260.0,275,19136.0
2022,Kolhapur,Karveer,1.0,3,6500.0,145,21911.0
2022,Kolhapur,Panhala,13.0,0,4045.0,80,14908.0
2022,Kolhapur,Radhanagari,2.0,3,3545.0,569,7338.0
2022,Kolhapur,Shahuwadi,31.0,0,1515.0,275,6235.0
2022,Kolhapur,Shirol,0.0,0,1508.0,22,21942.0
2022,Latur,Ahamadpur,187.0,85,90.0,0,18682.0
2022,Latur,Aosa,208.0,114,0.0,0,13847.0
2022,Latur,Chakur,104.0,78,40.0,0,10757.0
2022,Latur,Devani,82.0,66,26.0,0,5978.0
2022,Latur,Jalkot,181.0,40,63.0,0,6506.0
2022,Latur,Latur,129.0,114,210.0,18,32710.0
2022,Latur,Nilanga,123.0,125,410.0,0,28519.0
2022,Latur,Renapur,47.0,73,767.0,19,13280.0
2022,Latur,Shirur-Anantpal,54.0,45,31.0,0,6412.0
2022,Latur,Udgir,226.0,104,251.0,0,7796.0
2022,Nagpur,Bhiwapur,3.0,67,1034.0,0,6298.0
2022,Nagpur,Hingana,12.0,87,4632.0,18,8233.0
2022,Nagpur,Kalameshwar,6.0,47,6600.0,99,11011.0
2022,Nagpur,Kamathi,0.0,80,2813.0,188,531.0
2022,Nagpur,Katol,28.0,212,13092.0,0,20252.0
2022,Nagpur,Kuhi,14.0,58,5845.0,1022,9852.0
2022,Nagpur,Mauda,0.0,99,2412.0,591,7520.0
2022,Nagpur,Nagpur (gra),0.0,0,0.0,0,119.0
2022,Nagpur,Nagpur (sh),0.0,40,3593.0,271,2288.0
2022,Nagpur,Narkhed,18.0,136,31192.0,67,11775.0
2022,Nagpur,Parashivani,1.0,66,3001.0,61,2776.0
2022,Nagpur,Ramtech,7.0,164,1852.0,659,5890.0
2022,Nagpur,Sawner,1.0,74,5681.0,100,7841.0
2022,Nagpur,Umred,1.0,209,1590.0,350,5470.0
2022,Nanded,Andhrapur,0.0,69,0.0,0,0.0
2022,Nanded,Bhokar,21.0,132,1841.0,0,7607.0
2022,Nanded,Biloli,8.0,85,122.0,0,3825.0
2022,Nanded,Deglur,24.0,112,501.0,0,9048.0
2022,Nanded,Dharmabad,2.0,78,0.0,0,0.0
2022,Nanded,Hadgaon,12.0,117,2091.0,0,16582.0
2022,Nanded,Himalay Nagar,3.0,74,0.0,0,0.0
2022,Nanded,Kandhar,41.0,94,0.0,0,0.0
2022,Nanded,Kinvat,16.0,121,0.0,0,0.0
2022,Nanded,Loha,19.0,90,0.0,0,0.0
2022,Nanded,Mahur,8.0,110,0.0,0,0.0
2022,Nanded,Mudkhed,7.0,42,3364.0,0,7621.0
2022,Nanded,Mukhed,43.0,115,631.0,0,7050.0
2022,Nanded,Nanded,6.0,66,2768.0,0,11401.0
2022,Nanded,Naygaon,18.0,46,0.0,0,0.0
2022,Nanded,Umari,5.0,44,0.0,0,0.0
2022,Nandurbar,Akkalkuva,58.0,658,1687.0,142,2293.0
2022,Nandurbar,Akrani,193.0,608,203.0,27,584.0
2022,Nandurbar,Nandurbar,165.0,858,12466.0,73,16066.0
2022,Nandurbar,Navapur,140.0,814,7113.0,275,12978.0
2022,Nandurbar,Shahada,89.0,560,15537.0,4214,17564.0
2022,Nandurbar,Taloda,17.0,160,942.0,40,7214.0
2022,Nashik,Baglan,220.0,441,1615.0,0,36571.0
2022,Nashik,Chandwad,313.0,355,232.0,0,28369.0
2022,Nashik,Devala,48.0,194,203.0,0,18901.0
2022,Nashik,Dindori,250.0,330,483.0,0,16124.0
2022,Nashik,Igatpuri,233.0,127,356.0,0,8107.0
2022,Nashik,Kalwan,187.0,245,214.0,10,17686.0
2022,Nashik,Malegaon,306.0,561,2327.0,0,40323.0
2022,Nashik,Nandgaon,213.0,392,808.0,0,24686.0
2022,Nashik,Nashik,185.0,106,5460.0,0,24208.0
2022,Nashik,Nifad,42.0,214,6396.0,0,42729.0
2022,Nashik,Peth,386.0,128,3.0,0,7275.0
2022,Nashik,Sinner,319.0,302,6880.0,0,33577.0
2022,Nashik,Surgana,222.0,212,8.0,5,2772.0
2022,Nashik,Trimbak,108.0,187,125.0,0,3363.0
2022,Nashik,Yewala,175.0,379,60.0,0,31377.0
2022,Palghar,Dahanu,1.0,0,293.0,13,994.0
2022,Palghar,Javhar,4.0,0,194.0,0,397.0
2022,Palghar,Mokhada,3.0,0,141.0,6,58.0
2022,Palghar,Palghar,6.0,0,209.0,14,7414.0
2022,Palghar,Talasari,0.0,0,94.0,1,409.0
2022,Palghar,Vasai,3.0,0,54.0,20,1383.0
2022,Palghar,Vikramgad,5.0,0,252.0,16,486.0
2022,Palghar,Wada,10.0,0,252.0,10,1552.0
2022,Parbhani,Gangakhed,48.0,108,4109.0,9,9269.0
2022,Parbhani,Jintur,44.0,255,9022.0,16,18359.0
2022,Parbhani,Manvat,1.0,62,4151.0,7,8097.0
2022,Parbhani,Palam,9.0,44,2779.0,8,6588.0
2022,Parbhani,Parbhani,15.0,124,8721.0,18,18475.0
2022,Parbhani,Pathari,0.0,81,4901.0,9,10693.0
2022,Parbhani,Purna,1.0,129,5510.0,11,11261.0
2022,Parbhani,Selu,10.0,61,5155.0,8,11006.0
2022,Parbhani,Sonpeth,8.0,112,2638.0,8,4987.0
2022,Pune,Aambegaon,16.0,31,2564.0,0,26531.0
2022,Pune,Baramati,7.0,9,1686.0,0,37934.0
2022,Pune,Bhor,11.0,1,0.0,0,4554.0
2022,Pune,Daund,5.0,2,2617.0,0,39828.0
2022,Pune,Haveli,0.0,0,139.0,0,11685.0
2022,Pune,Indapur,3.0,18,450.0,0,50465.0
2022,Pune,Junnar,4.0,7,2909.0,0,45237.0
2022,Pune,Khed,14.0,2,321.0,0,4345.0
2022,Pune,Maval,0.0,0,0.0,0,22211.0
2022,Pune,Mulashi,2.0,1,0.0,0,10719.0
2022,Pune,Pune City,0.0,0,0.0,0,34.0
2022,Pune,Purandar,15.0,8,429.0,0,24438.0
2022,Pune,Shirur,18.0,13,1376.0,0,43831.0
2022,Pune,Welhe,2.0,1,0.0,0,5298.0
2022,Ratnagiri,Chiplun,0.0,123,58.0,7,1849.0
2022,Ratnagiri,Dapoli,2.0,63,1736.0,295,2895.0
2022,Ratnagiri,Guhagar,3.0,55,1259.0,19,2900.0
2022,Ratnagiri,Khed,1.0,87,49.0,0,964.0
2022,Ratnagiri,Lanja,0.0,31,475.0,49,1340.0
2022,Ratnagiri,Mandangad,1.0,16,193.0,17,1172.0
2022,Ratnagiri,Rajapur,3.0,21,1290.0,14,2355.0
2022,Ratnagiri,Ratnagiri,0.0,44,642.0,38,4729.0
2022,Ratnagiri,Sangameshwar,9.0,83,375.0,13,1499.0
2022,Sangli,Aatpadi,266.0,73,987.0,0,1030.0
2022,Sangli,Jat,188.0,173,2413.0,0,3126.0
2022,Sangli,Kadegaon,75.0,11,2032.0,0,1160.0
2022,Sangli,Khanapur,82.0,24,1801.0,0,1277.0
2022,Sangli,Ku. Mahakal,166.0,6,8179.0,0,735.0
2022,Sangli,Miraj,61.0,5,20016.0,0,1179.0
2022,Sangli,Palus,13.0,2,3240.0,0,583.0
2022,Sangli,Shirala,52.0,10,1146.0,0,283.0
2022,Sangli,Tasgaon,93.0,38,11743.0,0,1394.0
2022,Sangli,Valava,51.0,17,7794.0,0,874.0
2022,Satara,Faltan,181.0,5,12948.0,192,33180.0
2022,Satara,Javali,29.0,2,3600.0,102,4142.0
2022,Satara,Karad,85.0,16,11716.0,229,31973.0
2022,Satara,Khandala,99.0,4,2702.0,390,9976.0
2022,Satara,Khatav,217.0,1,6637.0,97,32277.0
2022,Satara,Koregaon,159.0,13,2695.0,385,27883.0
2022,Satara,Mahableshwar,8.0,35,286.0,42,2196.0
2022,Satara,Man,299.0,0,12393.0,329,22387.0
2022,Satara,Patan,40.0,3,1180.0,568,5532.0
2022,Satara,Satara,28.0,12,6973.0,405,19815.0
2022,Satara,Vai,34.0,6,8050.0,0,12892.0
2022,Sindhudurg,Devgad,7.0,16,1630.0,12,1595.0
2022,Sindhudurg,Dodamarg,0.0,8,343.0,13,304.0
2022,Sindhudurg,Kankavali,10.0,34,857.0,27,735.0
2022,Sindhudurg,Kudal,29.0,2,1524.0,19,1223.0
2022,Sindhudurg,Malvan,5.0,8,1724.0,81,1164.0
2022,Sindhudurg,Sawantwadi,18.0,17,1896.0,145,1631.0
2022,Sindhudurg,Vaibhavwadi,7.0,6,94.0,3,76.0
2022,Sindhudurg,Vengurla,14.0,19,1832.0,65,1613.0
2022,Solapur,Akkalkot,173.0,142,3536.0,0,24153.0
2022,Solapur,Barshi,238.0,444,1115.0,0,30950.0
2022,Solapur,Karmala,162.0,253,8519.0,0,36040.0
2022,Solapur,Madha,275.0,251,9280.0,49,49465.0
2022,Solapur,Malshiras,140.0,282,3300.0,0,49030.0
2022,Solapur,Mangalwedha,165.0,241,2373.0,0,24195.0
2022,Solapur,Mohol,469.0,228,5381.0,29,38905.0
2022,Solapur,North Solapur,96.0,126,1190.0,7,13697.0
2022,Solapur,Pandharpur,48.0,173,9541.0,230,51429.0
2022,Solapur,Sangole,360.0,369,814.0,290,34359.0
2022,Solapur,South Solapur,118.0,172,2309.0,0,28188.0
2022,Thane,Ambarnath,15.0,45,17.0,2,1055.0
2022,Thane,Bhivandi,8.0,266,240.0,28,2532.0
2022,Thane,Kalyan,8.0,42,35.0,0,534.0
2022,Thane,Murbad,39.0,309,128.0,37,1682.0
2022,Thane,Shahapur,19.0,261,0.0,0,1361.0
2022,Thane,Thane,0.0,0,55.0,0,90.0
2022,Thane,Ulhasnagar,0.0,0,0.0,0,0.0
2022,Wardha,Aarvi,18.0,73,10752.0,180,10200.0
2022,Wardha,Ashti,5.0,30,5642.0,100,5093.0
2022,Wardha,Devali,8.0,23,8667.0,517,8150.0
2022,Wardha,Hinganghat,16.0,44,13187.0,922,12265.0
2022,Wardha,Karanja,21.0,64,10637.0,0,9800.0
2022,Wardha,Samudrapur,7.0,38,9442.0,0,9442.0
2022,Wardha,Selu,4.0,29,10183.0,176,9952.0
2022,Wardha,Wardha,13.0,54,15262.0,323,14462.0
2022,Washim,Karanja,9.0,75,194.0,0,302.0
2022,Washim,Malegaon,21.0,20,227.0,0,2447.0
2022,Washim,Mangrulpir,17.0,62,214.0,0,618.0
2022,Washim,Manora,12.0,44,201.0,0,428.0
2022,Washim,Resod,4.0,29,348.0,0,260.0
2022,Washim,Washim,30.0,55,382.0,0,3370.0
2022,Yavatmal,Aarni,9.0,0,6130.0,23,9428.0
2022,Yavatmal,Babhulgaon,13.0,0,2937.0,96,6747.0
2022,Yavatmal,Darvha,39.0,0,5912.0,708,9829.0
2022,Yavatmal,Digras,13.0,0,8982.0,379,6488.0
2022,Yavatmal,Ghantaji,18.0,2,4678.0,290,7830.0
2022,Yavatmal,Kalamb,30.0,0,5725.0,1162,3549.0
2022,Yavatmal,Kelapur,19.0,0,5888.0,295,4815.0
2022,Yavatmal,Mahagaon,24.0,0,7411.0,119,12604.0
2022,Yavatmal,Maregaon,16.0,0,2603.0,208,3604.0
2022,Yavatmal,Ner,31.0,0,6876.0,40,7841.0
2022,Yavatmal,Pusad,57.0,4,3356.0,0,13004.0
2022,Yavatmal,Ralegaon,27.0,0,4860.0,967,5273.0
2022,Yavatmal,Umarkhed,18.0,0,7297.0,453,14857.0
2022,Yavatmal,Vani,8.0,0,2126.0,170,4881.0
2022,Yavatmal,Yavatmal,48.0,3,8025.0,617,6601.0
2022,Yavatmal,Zari Jamani,15.0,0,1552.0,57,5312.0
2023,Ahilyanagar,Akole,45.0,240,13607.0,0,2257.0
2023,Ahilyanagar,Jamkhed,0.0,20,0.0,6750,0.0
2023,Ahilyanagar,Karjat,106.0,168,9567.0,0,830.0
2023,Ahilyanagar,Kopargaon,31.0,67,17850.0,0,0.0
2023,Ahilyanagar,Nagar,111.0,163,13191.0,0,454.0
2023,Ahilyanagar,Nevasa,10.0,101,19896.0,0,358.0
2023,Ahilyanagar,Parner,131.0,198,14809.0,0,354.0
2023,Ahilyanagar,Pathardi,76.0,181,10858.0,0,386.0
2023,Ahilyanagar,Rahata,0.0,29,11915.0,0,35.0
2023,Ahilyanagar,Rahuri,38.0,45,15923.0,0,115.0
2023,Ahilyanagar,Sangamner,88.0,116,24882.0,0,1611.0
2023,Ahilyanagar,Shevgaon,36.0,88,14617.0,0,0.0
2023,Ahilyanagar,Srigonda,98.0,96,9560.0,0,2365.0
2023,Ahilyanagar,Srirampur,12.0,55,10061.0,0,394.0
2023,Akola,Akola,2.0,79,4135.0,512,7926.0
2023,Akola,Akot,0.0,15,3650.0,0,10462.0
2023,Akola,Balapur,4.0,28,3430.0,135,8484.0
2023,Akola,Barshitakali,3.0,39,11989.0,0,10895.0
2023,Akola,Murtijapur,4.0,29,4487.0,207,8531.0
2023,Akola,Patur,0.0,31,9567.0,950,9382.0
2023,Akola,Telhara,3.0,0,1285.0,152,13437.0
2023,Amravati,Achalpur,67.0,12,16132.0,0,21371.0
2023,Amravati,Amravati,12.0,0,5046.0,4789,10305.0
2023,Amravati,Anjangaon Su,5.0,12,6059.0,0,13261.0
2023,Amravati,Bhatkuli,6.0,2,1735.0,14,3126.0
2023,Amravati,Chandur Railway,16.0,3,6985.0,83,8284.0
2023,Amravati,Chandurbazar,63.0,14,16179.0,0,9978.0
2023,Amravati,Chikhraldara,258.0,27,1894.0,475,3192.0
2023,Amravati,Daryapur,20.0,7,532.0,0,6492.0
2023,Amravati,Dhamangaon Re,2.0,2,7268.0,106,11342.0
2023,Amravati,Dharani,77.0,29,3730.0,771,5169.0
2023,Amravati,Morshi,21.0,2,13803.0,224,16697.0
2023,Amravati,Nandgaon Kh,22.0,0,11512.0,435,13975.0
2023,Amravati,Tivas,18.0,1,7100.0,0,8934.0
2023,Amravati,Warud,23.0,8,19404.0,0,25171.0
2023,Beed,Ambajogai,188.0,0,1129.0,0,23104.0
2023,Beed,Ashti,795.0,8,819.0,0,21124.0
2023,Beed,Beed,283.0,5,1151.0,0,948.0
2023,Beed,Cage,138.0,0,1161.0,0,16827.0
2023,Beed,Dharur,82.0,0,257.0,0,11959.0
2023,Beed,Gevrai,267.0,0,914.0,0,27128.0
2023,Beed,Majalgaon,31.0,0,806.0,0,11990.0
2023,Beed,Parli,131.0,0,775.0,0,14177.0
2023,Beed,Patoda,505.0,5,772.0,0,8232.0
2023,Beed,Shirur Kasar,210.0,3,132.0,0,10775.0
2023,Beed,Wadwani,75.0,0,460.0,0,14201.0
2023,Bhandara,Bhandara,206.0,68,3764.0,216,5895.0
2023,Bhandara,Lakhandur,127.0,82,6036.0,0,7705.0
2023,Bhandara,Lakhani,248.0,67,5979.0,337,8743.0
2023,Bhandara,Mohadi,76.0,89,3329.0,451,8343.0
2023,Bhandara,Pavani,195.0,42,4746.0,42,10616.0
2023,Bhandara,Sakoli,37.0,24,1.0,6745,0.0
2023,Bhandara,Tumsar,129.0,133,2620.0,199,6838.0
2023,Buldhana,Buldhana,35.0,35,7832.0,5,18969.0
2023,Buldhana,Chikhali,102.0,21,13360.0,230,17609.0
2023,Buldhana,Deulgaon Raja,36.0,25,8331.0,0,10733.0
2023,Buldhana,Jalgaon Jamod,13.0,92,7895.0,7,11826.0
2023,Buldhana,Khamgaon,39.0,43,7765.0,10,18601.0
2023,Buldhana,Lonar,44.0,18,8064.0,259,11695.0
2023,Buldhana,Malkapur,7.0,28,7510.0,2,9181.0
2023,Buldhana,Mehkar,44.0,19,6129.0,26,15802.0
2023,Buldhana,Motala,30.0,25,10722.0,38,15035.0
2023,Buldhana,Nandura,0.0,16,9965.0,0,11834.0
2023,Buldhana,Sangrampur,8.0,63,871.0,0,11533.0
2023,Buldhana,Shegaon,3.0,10,2250.0,125,3985.0
2023,Buldhana,Sindkhed Raja,92.0,49,10347.0,160,15653.0
2023,Chandrapur,Ballarpur,1.0,51,645.0,745,58.0
2023,Chandrapur,Bhadravati,0.0,100,1586.0,542,273.0
2023,Chandrapur,Bramhapuri,0.0,195,2208.0,1078,403.0
2023,Chandrapur,Chandrapur,1.0,82,1257.0,230,157.0
2023,Chandrapur,Chimur,3.0,210,1827.0,91,349.0
2023,Chandrapur,Gondpipari,1.0,114,1247.0,376,314.0
2023,Chandrapur,Jivati,3.0,92,256.0,42,41.0
2023,Chandrapur,Korpana,2.0,46,863.0,785,283.0
2023,Chandrapur,Mul,121.0,1820,134.0,0,0.0
2023,Chandrapur,Nagbhid,0.0,259,2097.0,660,225.0
2023,Chandrapur,Ponbhurna,3.0,67,2583.0,485,94.0
2023,Chandrapur,Rajura,6.0,103,1344.0,365,248.0
2023,Chandrapur,Savali,3.0,173,1436.0,10,61.0
2023,Chandrapur,Sindevahi,0.0,134,1448.0,1884,150.0
2023,Chandrapur,Varora,8.0,78,2155.0,410,341.0
2023,Chh. Sambhaji Nagar,Chhatrapati Sambhajinagar,445.0,131,11235.0,944,30974.0
2023,Chh. Sambhaji Nagar,Gangapur,160.0,101,10264.0,862,29632.0
2023,Chh. Sambhaji Nagar,Kannad,363.0,89,14925.0,1254,32712.0
2023,Chh. Sambhaji Nagar,Khuldabad,260.0,47,11722.0,985,11284.0
2023,Chh. Sambhaji Nagar,Paithan,148.0,158,13893.0,1167,30173.0
2023,Chh. Sambhaji Nagar,Phulambri,287.0,55,9832.0,826,19258.0
2023,Chh. Sambhaji Nagar,Sillod,325.0,110,12045.0,1012,29279.0
2023,Chh. Sambhaji Nagar,Soegaon,143.0,44,6312.0,530,10107.0
2023,Chh. Sambhaji Nagar,Vaijapur,395.0,97,15286.0,1284,42121.0
2023,Dharashiv,Bhum,68.0,96,2911.0,28,2226.0
2023,Dharashiv,Dharashiv,75.0,102,3175.0,1580,2744.0
2023,Dharashiv,Kalamb,56.0,94,7690.0,95,11070.0
2023,Dharashiv,Lohara,24.0,83,783.0,0,840.0
2023,Dharashiv,Paranda,112.0,84,16880.0,68,50720.0
2023,Dharashiv,Tuljapur,111.0,173,0.0,0,0.0
2023,Dharashiv,Umaraga,36.0,220,0.0,0,0.0
2023,Dharashiv,Washi,19.0,27,5506.0,55,2213.0
2023,Dhule,Dhule,385.0,497,34770.0,24,37217.0
2023,Dhule,Sakri,495.0,909,21845.0,247,30935.0
2023,Dhule,Shindkheda,221.0,299,18659.0,23,15110.0
2023,Dhule,Shirpur,176.0,289,14743.0,3252,18234.0
2023,Gadchiroli,Aarmori,1.0,2,1530.0,880,3063.0
2023,Gadchiroli,Aheri,0.0,29,1295.0,900,483.0
2023,Gadchiroli,Bhamragad,1.0,12,738.0,15,84.0
2023,Gadchiroli,Chomoshi,2.0,20,1607.0,600,4697.0
2023,Gadchiroli,Desaiganj,0.0,4,1205.0,200,2958.0
2023,Gadchiroli,Dhanora,4.0,28,1003.0,435,953.0
2023,Gadchiroli,Etapalli,0.0,4,992.0,190,198.0
2023,Gadchiroli,Gadchiroli,2.0,9,1304.0,421,1951.0
2023,Gadchiroli,Korachi,2.0,24,1048.0,370,340.0
2023,Gadchiroli,Kurkheda,0.0,10,1620.0,80,4430.0
2023,Gadchiroli,Mulchera,1.0,33,1154.0,500,933.0
2023,Gadchiroli,Sironcha,1.0,18,1241.0,280,2494.0
2023,Gondia,Aamgaon,137.0,114,1875.0,476,5171.0
2023,Gondia,Arjuni Morgaon,275.0,167,2261.0,831,7189.0
2023,Gondia,Devari,291.0,251,1337.0,1017,3974.0
2023,Gondia,Gondia,256.0,302,3992.0,834,7284.0
2023,Gondia,Goregaon,232.0,216,2187.0,462,4963.0
2023,Gondia,Sadak Arjuni,196.0,181,1593.0,159,7243.0
2023,Gondia,Salekasa,159.0,177,956.0,604,3686.0
2023,Gondia,Tiroda,145.0,298,2403.0,211,6742.0
2023,Hingoli,Aundha Na,39.0,29,29488.0,995,26125.0
2023,Hingoli,Hingoli,19.0,15,4035.0,133,1587.0
2023,Hingoli,Kalamanuri,34.0,13,2549.0,532,1254.0
2023,Hingoli,Sengaon,43.0,21,12708.0,358,10987.0
2023,Hingoli,Vasamat,18.0,22,7132.0,158,5216.0
2023,Jalgaon,Amalner,1.0,85,0.0,0,683.0
2023,Jalgaon,Bhadgaon,0.0,60,4775.0,55,4720.0
2023,Jalgaon,Bhusawal,1.0,94,3054.0,31,3023.0
2023,Jalgaon,Bodwad,0.0,59,68.0,1,67.0
2023,Jalgaon,Chalisgaon,0.0,162,222.0,7,795.0
2023,Jalgaon,Chopda,0.0,139,0.0,0,0.0
2023,Jalgaon,Dharangaon,1.0,127,573.0,43,2592.0
2023,Jalgaon,Erandol,0.0,136,2705.0,10,3077.0
2023,Jalgaon,Jalgaon,0.0,177,260.0,3,292.0
2023,Jalgaon,Jamner,4.0,115,714.0,7,1262.0
2023,Jalgaon,Muktainagar,0.0,125,64.0,1,63.0
2023,Jalgaon,Pachora,0.0,173,2658.0,27,3081.0
2023,Jalgaon,Parola,0.0,229,293.0,0,293.0
2023,Jalgaon,Raver,1.0,70,1340.0,13,1327.0
2023,Jalgaon,Yawal,0.0,178,1641.0,16,1625.0
2023,Jalna,Ambad,378.0,188,9984.0,2827,19504.0
2023,Jalna,Badnapur,356.0,209,8972.0,1151,12334.0
2023,Jalna,Bhokardan,343.0,314,9278.0,1050,28210.0
2023,Jalna,Ghansawangi,252.0,262,9025.0,705,18459.0
2023,Jalna,Jaffrabad,289.0,191,7910.0,1203,16934.0
2023,Jalna,Jalna,413.0,321,17612.0,1894,20477.0
2023,Jalna,Mantha,766.0,165,7018.0,735,11927.0
2023,Jalna,Partur,208.0,155,9385.0,690,11883.0
2023,Kolhapur,Ajara,4.0,6,1807.0,319,7001.0
2023,Kolhapur,Bhudargad,1.0,4,2037.0,330,7457.0
2023,Kolhapur,Chandgad,4.0,8,476.0,105,12532.0
2023,Kolhapur,Gadhinglaj,2.0,9,5464.0,792,14034.0
2023,Kolhapur,Gaganbavada,0.0,1,210.0,5,3006.0
2023,Kolhapur,Hatkanangale,1.0,7,1905.0,130,27043.0
2023,Kolhapur,Kagal,4.0,12,4263.0,255,19670.0
2023,Kolhapur,Karveer,1.0,4,6504.0,98,22523.0
2023,Kolhapur,Panhala,13.0,0,4048.0,75,15293.0
2023,Kolhapur,Radhanagari,2.0,3,3547.0,443,7503.0
2023,Kolhapur,Shahuwadi,31.0,0,1517.0,210,6397.0
2023,Kolhapur,Shirol,0.0,0,1510.0,13,22373.0
2023,Latur,Ahamadpur,187.0,95,90.0,0,19346.0
2023,Latur,Aosa,227.0,131,0.0,0,22927.0
2023,Latur,Chakur,104.0,79,40.0,0,11198.0
2023,Latur,Devani,82.0,82,26.0,0,6033.0
2023,Latur,Jalkot,181.0,48,63.0,0,7125.0
2023,Latur,Latur,146.0,124,210.0,18,33959.0
2023,Latur,Nilanga,125.0,148,410.0,0,21366.0
2023,Latur,Renapur,47.0,92,129.0,19,13132.0
2023,Latur,Shirur-Anantpal,56.0,49,31.0,0,5921.0
2023,Latur,Udgir,226.0,117,251.0,0,8195.0
2023,Nagpur,Bhiwapur,5.0,72,1501.0,0,6556.0
2023,Nagpur,Hingana,13.0,91,3880.0,129,4682.0
2023,Nagpur,Kalameshwar,10.0,55,12321.0,0,11295.0
2023,Nagpur,Kamathi,1.0,96,8526.0,0,5898.0
2023,Nagpur,Katol,22.0,261,12053.0,0,15534.0
2023,Nagpur,Kuhi,12.0,60,1692.0,217,10313.0
2023,Nagpur,Mauda,4.0,108,3481.0,227,7900.0
2023,Nagpur,Nagpur (gra),0.0,0,0.0,0,0.0
2023,Nagpur,Nagpur (sh),6.0,39,3550.0,40,5204.0
2023,Nagpur,Narkhed,15.0,175,31318.0,42,17225.0
2023,Nagpur,Parashivani,2.0,67,2295.0,321,2978.0
2023,Nagpur,Ramtech,8.0,193,3025.0,0,6246.0
2023,Nagpur,Sawner,5.0,66,7775.0,1345,8109.0
2023,Nagpur,Umred,3.0,198,1887.0,176,5592.0
2023,Nanded,Andhrapur,0.0,71,148.0,0,8034.0
2023,Nanded,Bhokar,21.0,132,834.0,0,7932.0
2023,Nanded,Biloli,8.0,85,578.0,0,4080.0
2023,Nanded,Deglur,24.0,112,411.0,0,9275.0
2023,Nanded,Dharmabad,2.0,78,11.0,0,4659.0
2023,Nanded,Hadgaon,12.0,117,542.0,0,17808.0
2023,Nanded,Himalay Nagar,3.0,74,156.0,0,10232.0
2023,Nanded,Kandhar,41.0,94,236.0,0,8766.0
2023,Nanded,Kinvat,16.0,123,803.0,0,9028.0
2023,Nanded,Loha,19.0,92,847.0,0,13850.0
2023,Nanded,Mahur,8.0,112,125.0,0,5690.0
2023,Nanded,Mudkhed,7.0,42,265.0,0,7732.0
2023,Nanded,Mukhed,43.0,115,340.0,0,7223.0
2023,Nanded,Nanded,6.0,68,4536.0,0,11626.0
2023,Nanded,Naygaon,18.0,46,636.0,0,6821.0
2023,Nanded,Umari,5.0,49,857.0,0,4889.0
2023,Nandurbar,Akkalkuva,16.0,313,157.0,29,2327.0
2023,Nandurbar,Akrani,9.0,338,630.0,67,584.0
2023,Nandurbar,Nandurbar,61.0,495,12817.0,33,16325.0
2023,Nandurbar,Navapur,58.0,318,7125.0,282,13177.0
2023,Nandurbar,Shahada,32.0,267,4613.0,127,17810.0
2023,Nandurbar,Taloda,18.0,82,954.0,46,7280.0
2023,Nashik,Baglan,251.0,455,3430.0,295,3117.0
2023,Nashik,Chandwad,219.0,365,6359.0,102,6185.0
2023,Nashik,Devala,104.0,207,3079.0,49,3017.0
2023,Nashik,Dindori,269.0,334,7674.0,22,7638.0
2023,Nashik,Igatpuri,348.0,127,4069.0,198,3861.0
2023,Nashik,Kalwan,192.0,251,5349.0,17,5329.0
2023,Nashik,Malegaon,290.0,584,11763.0,54,11693.0
2023,Nashik,Nandgaon,277.0,453,8699.0,93,8580.0
2023,Nashik,Nashik,191.0,106,615.0,83,530.0
2023,Nashik,Nifad,91.0,214,9239.0,112,8927.0
2023,Nashik,Peth,357.0,131,165.0,0,164.0
2023,Nashik,Sinner,295.0,302,3020.0,16,3002.0
2023,Nashik,Surgana,193.0,229,1561.0,199,1341.0
2023,Nashik,Trimbak,89.0,187,1909.0,188,1700.0
2023,Nashik,Yewala,175.0,379,4761.0,61,4685.0
2023,Palghar,Dahanu,1.0,0,4194.0,18,4175.0
2023,Palghar,Javhar,4.0,0,419.0,41,378.0
2023,Palghar,Mokhada,3.0,0,351.0,193,127.0
2023,Palghar,Palghar,6.0,0,1782.0,56,1726.0
2023,Palghar,Talasari,0.0,0,650.0,1,649.0
2023,Palghar,Vasai,3.0,0,870.0,158,711.0
2023,Palghar,Vikramgad,5.0,0,925.0,49,876.0
2023,Palghar,Wada,10.0,0,820.0,0,820.0
2023,Parbhani,Gangakhed,50.0,108,0.0,0,0.0
2023,Parbhani,Jintur,164.0,255,0.0,0,0.0
2023,Parbhani,Manvat,2.0,62,0.0,0,0.0
2023,Parbhani,Palam,10.0,45,0.0,0,0.0
2023,Parbhani,Parbhani,16.0,127,0.0,0,0.0
2023,Parbhani,Pathari,0.0,81,0.0,0,0.0
2023,Parbhani,Purna,7.0,130,0.0,0,0.0
2023,Parbhani,Selu,37.0,61,0.0,0,0.0
2023,Parbhani,Sonpeth,8.0,112,0.0,0,0.0
2023,Pune,Aambegaon,16.0,29,4237.0,0,25729.0
2023,Pune,Baramati,7.0,10,2155.0,0,36603.0
2023,Pune,Bhor,11.0,3,0.0,0,4154.0
2023,Pune,Daund,5.0,2,2223.0,0,37126.0
2023,Pune,Haveli,0.0,0,52.0,0,17109.0
2023,Pune,Indapur,3.0,23,582.0,0,49086.0
2023,Pune,Junnar,4.0,9,5330.0,0,47502.0
2023,Pune,Khed,14.0,4,424.0,0,21462.0
2023,Pune,Maval,0.0,0,0.0,0,6641.0
2023,Pune,Mulashi,2.0,1,0.0,0,5571.0
2023,Pune,Pune City,0.0,0,0.0,0,40.0
2023,Pune,Purandar,15.0,12,819.0,0,25412.0
2023,Pune,Shirur,18.0,16,5286.0,0,45135.0
2023,Pune,Welhe,2.0,2,0.0,0,6238.0
2023,Raigad,Alibag,6.0,11,2217.0,0,879.0
2023,Raigad,Karjat,10.0,86,286.0,24,216.0
2023,Raigad,Khalapur,16.0,10,422.0,1,388.0
2023,Raigad,Mahad,0.0,1,337.0,2,214.0
2023,Raigad,Mangaon,12.0,3,243.0,7,232.0
2023,Raigad,Mhasala,4.0,1,119.0,1,118.0
2023,Raigad,Murud,0.0,2,1516.0,7,1177.0
2023,Raigad,Panwel,4.0,3,164.0,4,71.0
2023,Raigad,Pen,2.0,6,129.0,16,86.0
2023,Raigad,Poladpur,0.0,0,46.0,1,43.0
2023,Raigad,Roha,12.0,1,448.0,35,402.0
2023,Raigad,Shreevardhan,0.0,1,1566.0,2,1560.0
2023,Raigad,Sudhagad,4.0,10,309.0,1,297.0
2023,Raigad,Tala,2.0,0,141.0,8,133.0
2023,Raigad,Uran,0.0,0,111.0,0,48.0
2023,Ratnagiri,Chiplun,0.0,125,58.0,7,1898.0
2023,Ratnagiri,Dapoli,2.0,63,1736.0,295,2921.0
2023,Ratnagiri,Guhagar,3.0,55,1259.0,19,3934.0
2023,Ratnagiri,Khed,1.0,89,49.0,0,1032.0
2023,Ratnagiri,Lanja,0.0,31,475.0,49,1430.0
2023,Ratnagiri,Mandangad,1.0,16,193.0,17,1230.0
2023,Ratnagiri,Rajapur,3.0,21,1290.0,14,2205.0
2023,Ratnagiri,Ratnagiri,0.0,54,642.0,38,4200.0
2023,Ratnagiri,Sangameshwar,11.0,85,375.0,13,1441.0
2023,Sangli,Aatpadi,266.0,89,987.0,0,712.0
2023,Sangli,Jat,189.0,187,2413.0,0,1791.0
2023,Sangli,Kadegaon,75.0,22,2032.0,0,539.0
2023,Sangli,Khanapur,69.0,30,1801.0,0,802.0
2023,Sangli,Ku. Mahakal,166.0,6,8179.0,0,840.0
2023,Sangli,Miraj,61.0,6,20016.0,0,1046.0
2023,Sangli,Palus,13.0,2,3240.0,0,531.0
2023,Sangli,Shirala,52.0,11,1146.0,0,279.0
2023,Sangli,Tasgaon,93.0,39,11743.0,0,1088.0
2023,Sangli,Valava,51.0,17,7794.0,0,796.0
2023,Satara,Faltan,7.0,5,12948.0,192,29008.0
2023,Satara,Javali,1.0,2,3600.0,102,5077.0
2023,Satara,Karad,1.0,16,11716.0,229,37692.0
2023,Satara,Khandala,0.0,4,2702.0,390,14998.0
2023,Satara,Khatav,2.0,1,6637.0,97,83771.0
2023,Satara,Koregaon,1.0,13,2695.0,385,29746.0
2023,Satara,Mahableshwar,2.0,35,286.0,42,2308.0
2023,Satara,Man,6.0,0,12393.0,329,22830.0
2023,Satara,Patan,1.0,3,1180.0,568,3933.0
2023,Satara,Satara,1.0,12,6973.0,405,21108.0
2023,Satara,Vai,1.0,6,8050.0,0,13500.0
2023,Sindhudurg,Devgad,7.0,16,1630.0,12,1595.0
2023,Sindhudurg,Dodamarg,1.0,8,343.0,13,304.0
2023,Sindhudurg,Kankavali,14.0,34,857.0,27,735.0
2023,Sindhudurg,Kudal,31.0,2,1524.0,19,1223.0
2023,Sindhudurg,Malvan,7.0,8,1724.0,81,1164.0
2023,Sindhudurg,Sawantwadi,18.0,17,1896.0,145,1631.0
2023,Sindhudurg,Vaibhavwadi,8.0,6,94.0,3,76.0
2023,Sindhudurg,Vengurla,14.0,19,1832.0,65,1613.0
2023,Solapur,Akkalkot,168.0,145,1198.0,0,25468.0
2023,Solapur,Barshi,233.0,420,2068.0,0,33488.0
2023,Solapur,Karmala,109.0,258,5786.0,0,37457.0
2023,Solapur,Madha,256.0,260,8240.0,50,52833.0
2023,Solapur,Malshiras,119.0,288,2557.0,0,50614.0
2023,Solapur,Mangalwedha,149.0,242,2496.0,0,25358.0
2023,Solapur,Mohol,403.0,227,4783.0,30,39735.0
2023,Solapur,North Solapur,86.0,129,633.0,7,13697.0
2023,Solapur,Pandharpur,42.0,174,9118.0,182,52561.0
2023,Solapur,Sangole,345.0,371,694.0,248,35615.0
2023,Solapur,South Solapur,0.0,70,0.0,1752,29352.0
2023,Thane,Ambarnath,15.0,55,1167.0,64,1050.0
2023,Thane,Bhivandi,8.0,271,1896.0,0,5.0
2023,Thane,Kalyan,9.0,44,845.0,28,746.0
2023,Thane,Murbad,39.0,347,167.0,26,106.0
2023,Thane,Shahapur,19.0,286,516.0,253,174.0
2023,Thane,Thane,0.0,0,171.0,17,152.0
2023,Thane,Ulhasnagar,0.0,0,0.0,0,0.0
2023,Wardha,Aarvi,18.0,64,11006.0,180,10454.0
2023,Wardha,Ashti,5.0,36,5894.0,100,5345.0
2023,Wardha,Devali,8.0,46,9181.0,517,8664.0
2023,Wardha,Hinganghat,16.0,63,13668.0,922,12746.0
2023,Wardha,Karanja,21.0,72,10834.0,0,9997.0
2023,Wardha,Samudrapur,7.0,56,9888.0,0,9888.0
2023,Wardha,Selu,4.0,46,10353.0,176,10122.0
2023,Wardha,Wardha,13.0,73,15546.0,323,14746.0
2023,Washim,Karanja,72.0,9369,7885.0,0,0.0
2023,Washim,Malegaon,21.0,20,6510.0,301,4678.0
2023,Washim,Mangrulpir,69.0,7282,6910.0,0,0.0
2023,Washim,Manora,42.0,3192,3299.0,0,0.0
2023,Washim,Resod,28.0,8850,7460.0,0,0.0
2023,Washim,Washim,31.0,54,2412.0,59,3539.0
2023,Yavatmal,Aarni,9.0,0,6259.0,0,9783.0
2023,Yavatmal,Babhulgaon,13.0,3,3795.0,31,7098.0
2023,Yavatmal,Darvha,42.0,3,5019.0,708,10287.0
2023,Yavatmal,Digras,13.0,17,8849.0,385,6745.0
2023,Yavatmal,Ghantaji,19.0,5,4669.0,193,8345.0
2023,Yavatmal,Kalamb,31.0,0,6914.0,374,3781.0
2023,Yavatmal,Kelapur,19.0,0,2377.0,213,5177.0
2023,Yavatmal,Mahagaon,24.0,5,5273.0,140,13274.0
2023,Yavatmal,Maregaon,20.0,2,2303.0,208,4014.0
2023,Yavatmal,Ner,35.0,2,6398.0,40,8368.0
2023,Yavatmal,Pusad,62.0,4,5863.0,460,13695.0
2023,Yavatmal,Ralegaon,27.0,0,4581.0,967,5616.0
2023,Yavatmal,Umarkhed,18.0,4,6848.0,510,15579.0
2023,Yavatmal,Vani,41.0,0,1991.0,170,5308.0
2023,Yavatmal,Yavatmal,48.0,2,8586.0,637,6712.0
2023,Yavatmal,Zari Jamani,22.0,0,1480.0,72,5727.0
2024,Ahilyanagar,Akole,45.0,240,2273.0,0,2345.0
2024,Ahilyanagar,Jamkhed,56.0,84,1050.0,0,925.0
2024,Ahilyanagar,Karjat,106.0,173,857.0,0,830.0
2024,Ahilyanagar,Kopargaon,31.0,67,0.0,0,0.0
2024,Ahilyanagar,Nagar,111.0,164,0.0,0,559.0
2024,Ahilyanagar,Nevasa,10.0,101,1865.0,0,397.0
2024,Ahilyanagar,Parner,131.0,198,634.0,2,355.0
2024,Ahilyanagar,Pathardi,76.0,184,219.0,0,386.0
2024,Ahilyanagar,Rahata,0.0,29,2242.0,0,42.0
2024,Ahilyanagar,Rahuri,38.0,45,4320.0,0,129.0
2024,Ahilyanagar,Sangamner,88.0,116,1758.0,0,1611.0
2024,Ahilyanagar,Shevgaon,36.0,88,0.0,0,0.0
2024,Ahilyanagar,Srigonda,98.0,99,2404.0,0,2365.0
2024,Ahilyanagar,Srirampur,12.0,55,4026.0,0,415.0
2024,Akola,Akola,2.0,79,4237.0,512,11057.0
2024,Akola,Akot,0.0,15,3932.0,0,12851.0
2024,Akola,Balapur,4.0,28,3430.0,135,11936.0
2024,Akola,Barshitakali,3.0,39,11989.0,0,21908.0
2024,Akola,Murtijapur,4.0,29,4487.0,207,13237.0
2024,Akola,Patur,0.0,31,9567.0,954,17553.0
2024,Akola,Telhara,3.0,0,1285.0,152,14892.0
2024,Amravati,Achalpur,57.0,17,16182.0,0,21421.0
2024,Amravati,Amravati,9.0,0,5046.0,4789,10325.0
2024,Amravati,Anjangaon Su,4.0,14,6476.0,0,13311.0
2024,Amravati,Bhatkuli,0.0,4,1722.0,76,3176.0
2024,Amravati,Chandur Railway,16.0,3,6749.0,52,8334.0
2024,Amravati,Chandurbazar,55.0,18,16179.0,0,10028.0
2024,Amravati,Chikhraldara,258.0,37,2541.0,646,3242.0
2024,Amravati,Daryapur,18.0,8,585.0,11,6542.0
2024,Amravati,Dhamangaon Re,2.0,3,7585.0,174,11392.0
2024,Amravati,Dharani,73.0,36,3812.0,794,5249.0
2024,Amravati,Morshi,21.0,4,21850.0,0,16747.0
2024,Amravati,Nandgaon Kh,15.0,3,11391.0,1112,14025.0
2024,Amravati,Tivas,22.0,1,7491.0,93,8984.0
2024,Amravati,Warud,23.0,8,21046.0,12,25221.0
2024,Beed,Ambajogai,188.0,21,908.0,0,23325.0
2024,Beed,Ashti,796.0,8,819.0,0,21191.0
2024,Beed,Beed,286.0,5,1151.0,0,26964.0
2024,Beed,Cage,143.0,15,591.0,0,17140.0
2024,Beed,Dharur,83.0,0,263.0,0,12014.0
2024,Beed,Gevrai,272.0,0,914.0,0,27198.0
2024,Beed,Majalgaon,33.0,0,806.0,0,12074.0
2024,Beed,Parli,142.0,7,775.0,0,14219.0
2024,Beed,Patoda,508.0,5,772.0,0,8247.0
2024,Beed,Shirur Kasar,213.0,3,132.0,0,10795.0
2024,Beed,Wadwani,76.0,0,515.0,0,14250.0
2024,Bhandara,Bhandara,206.0,70,3764.0,216,5931.0
2024,Bhandara,Lakhandur,130.0,91,6036.0,0,7841.0
2024,Bhandara,Lakhani,249.0,72,5979.0,337,8804.0
2024,Bhandara,Mohadi,76.0,97,3329.0,451,8444.0
2024,Bhandara,Pavani,195.0,48,4746.0,42,10761.0
2024,Bhandara,Sakoli,189.0,127,6745.0,0,8580.0
2024,Bhandara,Tumsar,129.0,146,2620.0,199,6990.0
2024,Buldhana,Buldhana,35.0,35,7832.0,5,19041.0
2024,Buldhana,Chikhali,102.0,21,13360.0,230,7642.0
2024,Buldhana,Deulgaon Raja,36.0,25,8331.0,0,10795.0
2024,Buldhana,Jalgaon Jamod,13.0,92,7895.0,7,11948.0
2024,Buldhana,Khamgaon,39.0,43,7765.0,10,20018.0
2024,Buldhana,Lonar,44.0,18,8064.0,259,11755.0
2024,Buldhana,Malkapur,7.0,28,7510.0,2,9226.0
2024,Buldhana,Mehkar,44.0,19,6129.0,26,15955.0
2024,Buldhana,Motala,30.0,34,10722.0,38,15114.0
2024,Buldhana,Nandura,0.0,16,9965.0,0,11921.0
2024,Buldhana,Sangrampur,8.0,63,871.0,0,11617.0
2024,Buldhana,Shegaon,3.0,10,2250.0,125,4015.0
2024,Buldhana,Sindkhed Raja,92.0,49,10347.0,160,15714.0
2024,Chandrapur,Ballarpur,1.0,51,645.0,745,34.0
2024,Chandrapur,Bhadravati,0.0,103,1586.0,542,158.0
2024,Chandrapur,Bramhapuri,0.0,201,2208.0,1078,181.0
2024,Chandrapur,Chandrapur,1.0,87,1257.0,230,65.0
2024,Chandrapur,Chimur,3.0,213,1827.0,91,155.0
2024,Chandrapur,Gondpipari,1.0,115,1247.0,376,225.0
2024,Chandrapur,Jivati,3.0,92,256.0,42,19.0
2024,Chandrapur,Korpana,2.0,52,863.0,785,123.0
2024,Chandrapur,Mul,0.0,122,1820.0,770,25.0
2024,Chandrapur,Nagbhid,0.0,267,2097.0,660,43.0
2024,Chandrapur,Ponbhurna,3.0,71,2583.0,485,87.0
2024,Chandrapur,Rajura,6.0,103,1344.0,365,154.0
2024,Chandrapur,Savali,3.0,183,1436.0,10,37.0
2024,Chandrapur,Sindevahi,0.0,142,1448.0,1884,57.0
2024,Chandrapur,Varora,8.0,83,2155.0,410,315.0
2024,Chh. Sambhaji Nagar,Chhatrapati Sambhajinagar,445.0,137,10262.0,1150,30984.0
2024,Chh. Sambhaji Nagar,Gangapur,160.0,104,9568.0,930,29718.0
2024,Chh. Sambhaji Nagar,Kannad,363.0,98,16749.0,1430,32842.0
2024,Chh. Sambhaji Nagar,Khuldabad,260.0,147,1204.0,1022,11401.0
2024,Chh. Sambhaji Nagar,Paithan,148.0,171,16775.0,1245,30273.0
2024,Chh. Sambhaji Nagar,Phulambri,287.0,85,10301.0,910,19302.0
2024,Chh. Sambhaji Nagar,Sillod,325.0,170,16852.0,1130,29430.0
2024,Chh. Sambhaji Nagar,Soegaon,143.0,47,4418.0,609,10128.0
2024,Chh. Sambhaji Nagar,Vaijapur,395.0,102,15849.0,1430,42354.0
2024,Dharashiv,Bhum,68.0,96,2911.0,28,2226.0
2024,Dharashiv,Dharashiv,75.0,102,3175.0,1580,2744.0
2024,Dharashiv,Kalamb,56.0,94,7690.0,95,11070.0
2024,Dharashiv,Lohara,24.0,83,783.0,0,840.0
2024,Dharashiv,Paranda,112.0,84,16880.0,68,50720.0
2024,Dharashiv,Tuljapur,111.0,173,0.0,0,0.0
2024,Dharashiv,Umaraga,36.0,220,0.0,0,0.0
2024,Dharashiv,Washi,19.0,27,5506.0,55,2213.0
2024,Dhule,Dhule,385.0,521,0.0,0,37306.0
2024,Dhule,Sakri,495.0,960,0.0,0,31046.0
2024,Dhule,Shindkheda,221.0,310,0.0,0,15168.0
2024,Dhule,Shirpur,176.0,328,0.0,0,18367.0
2024,Gadchiroli,Aarmori,1.0,2,1530.0,880,3416.0
2024,Gadchiroli,Aheri,0.0,38,1295.0,900,506.0
2024,Gadchiroli,Bhamragad,1.0,19,738.0,15,88.0
2024,Gadchiroli,Chomoshi,2.0,20,1607.0,600,5295.0
2024,Gadchiroli,Desaiganj,0.0,7,1205.0,200,3310.0
2024,Gadchiroli,Dhanora,4.0,28,1003.0,435,991.0
2024,Gadchiroli,Etapalli,0.0,13,992.0,190,202.0
2024,Gadchiroli,Gadchiroli,2.0,9,1304.0,421,2047.0
2024,Gadchiroli,Korachi,2.0,32,1048.0,370,361.0
2024,Gadchiroli,Kurkheda,0.0,11,1620.0,80,4924.0
2024,Gadchiroli,Mulchera,1.0,33,1154.0,500,992.0
2024,Gadchiroli,Sironcha,1.0,26,1241.0,280,2763.0
2024,Gondia,Aamgaon,137.0,116,2444.0,553,5892.0
2024,Gondia,Arjuni Morgaon,275.0,167,2972.0,781,7819.0
2024,Gondia,Devari,291.0,252,1363.0,1034,4401.0
2024,Gondia,Gondia,256.0,304,5265.0,493,7586.0
2024,Gondia,Goregaon,232.0,216,2442.0,400,5485.0
2024,Gondia,Sadak Arjuni,196.0,181,1713.0,322,7671.0
2024,Gondia,Salekasa,159.0,178,1069.0,521,3981.0
2024,Gondia,Tiroda,145.0,300,2447.0,34,7457.0
2024,Hingoli,Aundha Na,39.0,15,29488.0,995,26125.0
2024,Hingoli,Hingoli,19.0,2,4035.0,133,1587.0
2024,Hingoli,Kalamanuri,34.0,0,2549.0,532,1254.0
2024,Hingoli,Sengaon,43.0,2,12708.0,358,10987.0
2024,Hingoli,Vasamat,18.0,0,7132.0,158,5216.0
2024,Jalgaon,Amalner,1.0,79,0.0,0,735.0
2024,Jalgaon,Bhadgaon,0.0,44,5004.0,62,5803.0
2024,Jalgaon,Bhusawal,1.0,83,3189.0,32,3208.0
2024,Jalgaon,Bodwad,0.0,49,72.0,0,68.0
2024,Jalgaon,Chalisgaon,0.0,149,367.0,8,836.0
2024,Jalgaon,Chopda,0.0,50,0.0,0,0.0
2024,Jalgaon,Dharangaon,1.0,110,622.0,52,2500.0
2024,Jalgaon,Erandol,0.0,117,2961.0,8,3155.0
2024,Jalgaon,Jalgaon,0.0,151,287.0,3,398.0
2024,Jalgaon,Jamner,4.0,85,796.0,4,1398.0
2024,Jalgaon,Muktainagar,0.0,118,78.0,1,89.0
2024,Jalgaon,Pachora,0.0,156,2839.0,22,3461.0
2024,Jalgaon,Parola,0.0,211,293.0,0,387.0
2024,Jalgaon,Raver,1.0,39,1425.0,13,1563.0
2024,Jalgaon,Yawal,0.0,65,1682.0,12,1608.0
2024,Jalna,Ambad,377.0,198,9984.0,2827,19245.0
2024,Jalna,Badnapur,338.0,220,8972.0,1151,12058.0
2024,Jalna,Bhokardan,343.0,315,9278.0,1050,27486.0
2024,Jalna,Ghansawangi,252.0,269,9025.0,705,8125.0
2024,Jalna,Jaffrabad,263.0,204,7910.0,1203,16735.0
2024,Jalna,Jalna,406.0,333,17612.0,1894,20022.0
2024,Jalna,Mantha,750.0,151,7018.0,735,11709.0
2024,Jalna,Partur,206.0,156,9385.0,690,12390.0
2024,Kolhapur,Ajara,9.0,0,1910.0,495,7103.0
2024,Kolhapur,Bhudargad,6.0,0,2127.0,507,7552.0
2024,Kolhapur,Chandgad,13.0,0,2575.0,435,12669.0
2024,Kolhapur,Gadhinglaj,22.0,0,5613.0,985,14104.0
2024,Kolhapur,Gaganbavada,0.0,0,245.0,45,3048.0
2024,Kolhapur,Hatkanangale,19.0,0,1985.0,170,27260.0
2024,Kolhapur,Kagal,28.0,0,4350.0,315,19793.0
2024,Kolhapur,Karveer,11.0,0,6710.0,165,22668.0
2024,Kolhapur,Panhala,13.0,0,4180.0,85,15348.0
2024,Kolhapur,Radhanagari,10.0,0,3615.0,595,7610.0
2024,Kolhapur,Shahuwadi,31.0,0,1560.0,295,6487.0
2024,Kolhapur,Shirol,4.0,0,1610.0,35,22567.0
2024,Latur,Ahamadpur,233.0,95,90.0,0,19680.0
2024,Latur,Aosa,259.0,152,0.0,0,23405.0
2024,Latur,Chakur,135.0,114,40.0,0,11393.0
2024,Latur,Devani,95.0,83,26.0,0,6076.0
2024,Latur,Jalkot,212.0,58,63.0,0,7228.0
2024,Latur,Latur,184.0,131,0.0,0,34404.0
2024,Latur,Nilanga,148.0,147,0.0,0,21000.0
2024,Latur,Renapur,49.0,90,129.0,0,13341.0
2024,Latur,Shirur-Anantpal,56.0,52,31.0,0,6013.0
2024,Latur,Udgir,259.0,126,251.0,0,8344.0
2024,Nagpur,Bhiwapur,5.0,72,1501.0,0,6556.0
2024,Nagpur,Hingana,13.0,94,3880.0,129,4682.0
2024,Nagpur,Kalameshwar,10.0,56,12321.0,0,11295.0
2024,Nagpur,Kamathi,1.0,96,8526.0,0,5898.0
2024,Nagpur,Katol,22.0,261,12053.0,0,15534.0
2024,Nagpur,Kuhi,12.0,60,1692.0,217,10313.0
2024,Nagpur,Mauda,4.0,115,3481.0,227,7900.0
2024,Nagpur,Nagpur (gra),0.0,0,0.0,0,0.0
2024,Nagpur,Nagpur (sh),6.0,39,3550.0,40,5204.0
2024,Nagpur,Narkhed,16.0,176,31318.0,42,17225.0
2024,Nagpur,Parashivani,2.0,71,2295.0,321,2978.0
2024,Nagpur,Ramtech,8.0,200,3025.0,0,6246.0
2024,Nagpur,Sawner,5.0,70,7775.0,1345,8109.0
2024,Nagpur,Umred,3.0,200,1887.0,176,5592.0
2024,Nanded,Andhrapur,0.0,70,151.0,0,8050.0
2024,Nanded,Bhokar,21.0,132,841.0,0,8149.0
2024,Nanded,Biloli,8.0,85,588.0,0,4119.0
2024,Nanded,Deglur,24.0,112,426.0,0,9539.0
2024,Nanded,Dharmabad,2.0,78,17.0,0,4771.0
2024,Nanded,Hadgaon,12.0,126,545.0,0,18102.0
2024,Nanded,Himalay Nagar,3.0,76,159.0,0,10528.0
2024,Nanded,Kandhar,41.0,96,249.0,0,8985.0
2024,Nanded,Kinvat,16.0,142,805.0,0,9202.0
2024,Nanded,Loha,19.0,92,861.0,0,14385.0
2024,Nanded,Mahur,8.0,120,129.0,0,5778.0
2024,Nanded,Mudkhed,7.0,43,270.0,0,7763.0
2024,Nanded,Mukhed,43.0,123,353.0,0,7467.0
2024,Nanded,Nanded,6.0,74,4561.0,0,11678.0
2024,Nanded,Naygaon,18.0,46,648.0,0,6920.0
2024,Nanded,Umari,5.0,49,866.0,0,4980.0
2024,Nandurbar,Akkalkuva,16.0,316,1655.0,112,822.0
2024,Nandurbar,Akrani,9.0,341,630.0,67,528.0
2024,Nandurbar,Nandurbar,61.0,506,12925.0,33,10987.0
2024,Nandurbar,Navapur,58.0,319,7125.0,282,6075.0
2024,Nandurbar,Shahada,32.0,269,3827.0,98,3845.0
2024,Nandurbar,Taloda,18.0,84,959.0,46,727.0
2024,Nashik,Baglan,220.0,457,3430.0,295,3117.0
2024,Nashik,Chandwad,313.0,355,6359.0,102,6185.0
2024,Nashik,Devala,48.0,205,3079.0,49,3017.0
2024,Nashik,Dindori,250.0,334,7674.0,22,7638.0
2024,Nashik,Igatpuri,233.0,127,4069.0,198,3861.0
2024,Nashik,Kalwan,187.0,256,5349.0,17,5329.0
2024,Nashik,Malegaon,306.0,602,11763.0,54,11693.0
2024,Nashik,Nandgaon,213.0,324,8699.0,93,8580.0
2024,Nashik,Nashik,185.0,106,615.0,83,530.0
2024,Nashik,Nifad,42.0,214,9239.0,112,8927.0
2024,Nashik,Peth,375.0,123,165.0,0,164.0
2024,Nashik,Sinner,319.0,302,3020.0,16,3002.0
2024,Nashik,Surgana,222.0,222,1561.0,199,1341.0
2024,Nashik,Trimbak,108.0,175,1909.0,188,1700.0
2024,Nashik,Yewala,175.0,379,4761.0,61,4685.0
2024,Palghar,Dahanu,1.0,0,4194.0,18,4175.0
2024,Palghar,Javhar,4.0,0,419.0,41,378.0
2024,Palghar,Mokhada,3.0,0,351.0,193,127.0
2024,Palghar,Palghar,6.0,0,1782.0,56,1726.0
2024,Palghar,Talasari,0.0,0,650.0,1,649.0
2024,Palghar,Vasai,3.0,0,870.0,158,711.0
2024,Palghar,Vikramgad,5.0,0,925.0,49,876.0
2024,Palghar,Wada,10.0,0,820.0,0,820.0
2024,Parbhani,Gangakhed,52.0,115,4109.0,9,9541.0
2024,Parbhani,Jintur,164.0,271,9022.0,16,19007.0
2024,Parbhani,Manvat,2.0,62,4151.0,7,8249.0
2024,Parbhani,Palam,10.0,47,2779.0,8,6833.0
2024,Parbhani,Parbhani,16.0,135,8721.0,18,18866.0
2024,Parbhani,Pathari,0.0,81,4901.0,9,11260.0
2024,Parbhani,Purna,7.0,130,5510.0,11,11342.0
2024,Parbhani,Selu,37.0,64,5155.0,8,11253.0
2024,Parbhani,Sonpeth,8.0,112,2638.0,8,5107.0
2024,Pune,Aambegaon,16.0,34,4237.0,0,25872.0
2024,Pune,Baramati,7.0,13,2155.0,0,36603.0
2024,Pune,Bhor,11.0,1,0.0,0,4154.0
2024,Pune,Daund,5.0,7,2223.0,0,37126.0
2024,Pune,Haveli,0.0,0,52.0,0,17203.0
2024,Pune,Indapur,3.0,25,582.0,0,49086.0
2024,Pune,Junnar,4.0,23,5330.0,0,47900.0
2024,Pune,Khed,14.0,19,424.0,0,21779.0
2024,Pune,Maval,0.0,5,0.0,0,6663.0
2024,Pune,Mulashi,2.0,1,0.0,0,5669.0
2024,Pune,Pune City,0.0,0,0.0,0,4294.0
2024,Pune,Purandar,15.0,13,819.0,0,25412.0
2024,Pune,Shirur,18.0,22,5890.0,0,45978.0
2024,Pune,Welhe,2.0,2,0.0,0,6060.0
2024,Raigad,Alibag,0.0,0,2217.0,0,879.0
2024,Raigad,Karjat,0.0,7,286.0,24,216.0
2024,Raigad,Khalapur,0.0,0,422.0,1,388.0
2024,Raigad,Mahad,0.0,0,337.0,2,214.0
2024,Raigad,Mangaon,0.0,1,243.0,7,232.0
2024,Raigad,Mhasala,0.0,0,119.0,1,118.0
2024,Raigad,Murud,0.0,1,1516.0,7,1177.0
2024,Raigad,Panwel,0.0,0,164.0,4,71.0
2024,Raigad,Pen,0.0,1,129.0,16,86.0
2024,Raigad,Poladpur,0.0,0,46.0,1,43.0
2024,Raigad,Roha,0.0,0,448.0,35,402.0
2024,Raigad,Shreevardhan,0.0,0,1566.0,2,1560.0
2024,Raigad,Sudhagad,0.0,0,309.0,1,297.0
2024,Raigad,Tala,0.0,0,141.0,8,133.0
2024,Raigad,Uran,0.0,0,111.0,0,48.0
2024,Ratnagiri,Chiplun,1.0,127,58.0,7,2007.0
2024,Ratnagiri,Dapoli,2.0,67,1736.0,295,3021.0
2024,Ratnagiri,Guhagar,3.0,55,1259.0,19,3020.0
2024,Ratnagiri,Khed,1.0,90,49.0,0,1076.0
2024,Ratnagiri,Lanja,0.0,34,475.0,49,1475.0
2024,Ratnagiri,Mandangad,1.0,16,193.0,17,1287.0
2024,Ratnagiri,Rajapur,3.0,23,1290.0,14,2229.0
2024,Ratnagiri,Ratnagiri,0.0,86,642.0,38,4983.0
2024,Ratnagiri,Sangameshwar,11.0,57,375.0,13,1444.0
2024,Sangli,Aatpadi,266.0,100,987.0,0,86.0
2024,Sangli,Jat,189.0,200,2413.0,0,416.0
2024,Sangli,Kadegaon,75.0,23,2032.0,0,411.0
2024,Sangli,Khanapur,69.0,38,1801.0,0,337.0
2024,Sangli,Ku. Mahakal,166.0,9,8179.0,0,317.0
2024,Sangli,Miraj,61.0,7,20016.0,0,468.0
2024,Sangli,Palus,13.0,2,3240.0,0,241.0
2024,Sangli,Shirala,52.0,11,1146.0,0,78.0
2024,Sangli,Tasgaon,93.0,42,11743.0,0,440.0
2024,Sangli,Valava,51.0,17,7794.0,0,395.0
2024,Satara,Faltan,247.0,6,12948.0,192,29208.0
2024,Satara,Javali,31.0,2,3600.0,102,5153.0
2024,Satara,Karad,90.0,12,11716.0,229,38047.0
2024,Satara,Khandala,120.0,15,2702.0,390,15109.0
2024,Satara,Khatav,274.0,6,6637.0,97,35701.0
2024,Satara,Koregaon,150.0,2,2695.0,385,30193.0
2024,Satara,Mahableshwar,10.0,34,286.0,42,2318.0
2024,Satara,Man,515.0,13,12393.0,329,22991.0
2024,Satara,Patan,68.0,6,1180.0,568,3958.0
2024,Satara,Satara,30.0,13,6973.0,405,21458.0
2024,Satara,Vai,35.0,13,8050.0,0,13630.0
2024,Sindhudurg,Devgad,7.0,17,1630.0,12,1595.0
2024,Sindhudurg,Dodamarg,1.0,9,343.0,13,304.0
2024,Sindhudurg,Kankavali,14.0,34,857.0,27,735.0
2024,Sindhudurg,Kudal,31.0,7,1524.0,19,1223.0
2024,Sindhudurg,Malvan,7.0,8,1724.0,81,1164.0
2024,Sindhudurg,Sawantwadi,18.0,19,1896.0,145,1631.0
2024,Sindhudurg,Vaibhavwadi,8.0,6,94.0,3,76.0
2024,Sindhudurg,Vengurla,14.0,21,1832.0,65,1613.0
2024,Solapur,Akkalkot,174.0,146,1198.0,0,25939.0
2024,Solapur,Barshi,241.0,424,2068.0,0,34107.0
2024,Solapur,Karmala,159.0,260,5989.0,0,38057.0
2024,Solapur,Madha,275.0,262,8777.0,55,53744.0
2024,Solapur,Malshiras,140.0,293,3075.0,0,51097.0
2024,Solapur,Mangalwedha,165.0,242,3099.0,0,25727.0
2024,Solapur,Mohol,470.0,228,4716.0,33,40718.0
2024,Solapur,North Solapur,96.0,131,633.0,7,14655.0
2024,Solapur,Pandharpur,48.0,174,9562.0,180,53202.0
2024,Solapur,Sangole,361.0,373,1681.0,245,36195.0
2024,Solapur,South Solapur,118.0,214,1755.0,0,30099.0
2024,Thane,Ambarnath,15.0,57,1167.0,64,1050.0
2024,Thane,Bhivandi,8.0,273,1896.0,0,5.0
2024,Thane,Kalyan,8.0,44,845.0,28,746.0
2024,Thane,Murbad,39.0,392,167.0,26,106.0
2024,Thane,Shahapur,19.0,313,516.0,253,174.0
2024,Thane,Thane,0.0,0,171.0,17,152.0
2024,Thane,Ulhasnagar,0.0,0,0.0,0,0.0
2024,Wardha,Aarvi,18.0,65,11010.0,165,10460.0
2024,Wardha,Ashti,5.0,40,6010.0,90,6244.0
2024,Wardha,Devali,8.0,47,9185.0,502,12467.0
2024,Wardha,Hinganghat,16.0,73,13702.0,912,13223.0
2024,Wardha,Karanja,21.0,72,10900.0,0,10000.0
2024,Wardha,Samudrapur,7.0,66,9890.0,0,10111.0
2024,Wardha,Selu,4.0,51,10362.0,170,10127.0
2024,Wardha,Wardha,13.0,77,15580.0,313,14752.0
2024,Washim,Karanja,9.0,87,9896.0,131,8084.0
2024,Washim,Malegaon,21.0,26,6670.0,375,4940.0
2024,Washim,Mangrulpir,16.0,73,7282.0,201,6910.0
2024,Washim,Manora,12.0,56,7347.0,29,6029.0
2024,Washim,Resod,4.0,31,8895.0,72,7525.0
2024,Washim,Washim,30.0,63,3500.0,35,3539.0
2024,Yavatmal,Aarni,9.0,1,6119.0,481,5000.0
2024,Yavatmal,Babhulgaon,13.0,0,3804.0,31,2745.0
2024,Yavatmal,Darvha,42.0,53,5526.0,708,6319.0
2024,Yavatmal,Digras,13.0,21,11250.0,385,5401.0
2024,Yavatmal,Ghantaji,19.0,4,4812.0,186,4836.0
2024,Yavatmal,Kalamb,31.0,1,5780.0,263,5244.0
2024,Yavatmal,Kelapur,19.0,4,5636.0,294,5774.0
2024,Yavatmal,Mahagaon,24.0,8,5273.0,140,5586.0
2024,Yavatmal,Maregaon,20.0,5,2374.0,208,3322.0
2024,Yavatmal,Ner,35.0,46,6602.0,40,6787.0
2024,Yavatmal,Pusad,62.0,14,7012.0,422,7682.0
2024,Yavatmal,Ralegaon,27.0,0,4792.0,967,4333.0
2024,Yavatmal,Umarkhed,18.0,3,6856.0,520,8595.0
2024,Yavatmal,Vani,41.0,6,1913.0,152,2226.0
2024,Yavatmal,Yavatmal,48.0,2,8733.0,641,9111.0
2024,Yavatmal,Zari Jamani,22.0,9,1556.0,72,2535.0
