Year,District,Taluka,Road Material,Length
2012,Ahilyanagar,Akole,Unpaved,5.21
2012,Ahilyanagar,Akole,Rock,7.19
2012,Ahilyanagar,Akole,Asphalt/Cement/Concrete,396.44
2012,Ahilyanagar,Sangamner,Unpaved,161.26
2012,Ahilyanagar,Sangamner,Rock,39.54
2012,Ahilyanagar,Sangamner,Asphalt/Cement/Concrete,320.05
2012,Ahilyanagar,Kopargaon,Unpaved,0
2012,Ahilyanagar,Kopargaon,Rock,3.4
2012,Ahilyanagar,Kopargaon,Asphalt/Cement/Concrete,186.1
2012,Ahilyanagar,Rahata,Unpaved,0
2012,Ahilyanagar,Rahata,Rock,0
2012,Ahilyanagar,Rahata,Asphalt/Cement/Concrete,151.96
2012,Ahilyanagar,Srirampur,Unpaved,0.62
2012,Ahilyanagar,Srirampur,Rock,24.78
2012,Ahilyanagar,Srirampur,Asphalt/Cement/Concrete,171.1
2012,Ahilyanagar,Nevasa,Unpaved,171.65
2012,Ahilyanagar,Nevasa,Rock,442.65
2012,Ahilyanagar,Nevasa,Asphalt/Cement/Concrete,293
2012,Ahilyanagar,Shevgaon,Unpaved,18.44
2012,Ahilyanagar,Shevgaon,Rock,73.06
2012,Ahilyanagar,Shevgaon,Asphalt/Cement/Concrete,103.4
2012,Ahilyanagar,Pathardi,Unpaved,36.09
2012,Ahilyanagar,Pathardi,Rock,178.21
2012,Ahilyanagar,Pathardi,Asphalt/Cement/Concrete,323.8
2012,Ahilyanagar,Nagar,Unpaved,0
2012,Ahilyanagar,Nagar,Rock,42.5
2012,Ahilyanagar,Nagar,Asphalt/Cement/Concrete,336.82
2012,Ahilyanagar,Rahuri,Unpaved,423.51
2012,Ahilyanagar,Rahuri,Rock,268.8
2012,Ahilyanagar,Rahuri,Asphalt/Cement/Concrete,275.29
2012,Ahilyanagar,Parner,Unpaved,3.93
2012,Ahilyanagar,Parner,Rock,38.87
2012,Ahilyanagar,Parner,Asphalt/Cement/Concrete,333.04
2012,Ahilyanagar,Srigonda,Unpaved,7.52
2012,Ahilyanagar,Srigonda,Rock,59.88
2012,Ahilyanagar,Srigonda,Asphalt/Cement/Concrete,389.15
2012,Ahilyanagar,Karjat,Unpaved,1
2012,Ahilyanagar,Karjat,Rock,28.44
2012,Ahilyanagar,Karjat,Asphalt/Cement/Concrete,286.54
2012,Ahilyanagar,Jamkhed,Unpaved,4.21
2012,Ahilyanagar,Jamkhed,Rock,26.85
2012,Ahilyanagar,Jamkhed,Asphalt/Cement/Concrete,211.84
2013,Ahilyanagar,Akole,Unpaved,187.21
2013,Ahilyanagar,Akole,Rock,292
2013,Ahilyanagar,Akole,Asphalt/Cement/Concrete,581.63
2013,Ahilyanagar,Sangamner,Unpaved,161.26
2013,Ahilyanagar,Sangamner,Rock,224.54
2013,Ahilyanagar,Sangamner,Asphalt/Cement/Concrete,620.62
2013,Ahilyanagar,Kopargaon,Unpaved,88.21
2013,Ahilyanagar,Kopargaon,Rock,40.59
2013,Ahilyanagar,Kopargaon,Asphalt/Cement/Concrete,86.3
2013,Ahilyanagar,Rahata,Unpaved,58.29
2013,Ahilyanagar,Rahata,Rock,65.27
2013,Ahilyanagar,Rahata,Asphalt/Cement/Concrete,70
2013,Ahilyanagar,Srirampur,Unpaved,54.16
2013,Ahilyanagar,Srirampur,Rock,101.2
2013,Ahilyanagar,Srirampur,Asphalt/Cement/Concrete,195.74
2013,Ahilyanagar,Nevasa,Unpaved,171.65
2013,Ahilyanagar,Nevasa,Rock,442.65
2013,Ahilyanagar,Nevasa,Asphalt/Cement/Concrete,377.7
2013,Ahilyanagar,Shevgaon,Unpaved,349.3
2013,Ahilyanagar,Shevgaon,Rock,269.7
2013,Ahilyanagar,Shevgaon,Asphalt/Cement/Concrete,539.4
2013,Ahilyanagar,Pathardi,Unpaved,148.21
2013,Ahilyanagar,Pathardi,Rock,178.21
2013,Ahilyanagar,Pathardi,Asphalt/Cement/Concrete,364.31
2013,Ahilyanagar,Nagar,Unpaved,52.61
2013,Ahilyanagar,Nagar,Rock,42.5
2013,Ahilyanagar,Nagar,Asphalt/Cement/Concrete,360.14
2013,Ahilyanagar,Rahuri,Unpaved,123.51
2013,Ahilyanagar,Rahuri,Rock,268.8
2013,Ahilyanagar,Rahuri,Asphalt/Cement/Concrete,279.04
2013,Ahilyanagar,Parner,Unpaved,83.93
2013,Ahilyanagar,Parner,Rock,138.87
2013,Ahilyanagar,Parner,Asphalt/Cement/Concrete,189.54
2013,Ahilyanagar,Srigonda,Unpaved,107.52
2013,Ahilyanagar,Srigonda,Rock,59.88
2013,Ahilyanagar,Srigonda,Asphalt/Cement/Concrete,289.14
2013,Ahilyanagar,Karjat,Unpaved,211
2013,Ahilyanagar,Karjat,Rock,28.44
2013,Ahilyanagar,Karjat,Asphalt/Cement/Concrete,101.61
2013,Ahilyanagar,Jamkhed,Unpaved,144.21
2013,Ahilyanagar,Jamkhed,Rock,26.85
2013,Ahilyanagar,Jamkhed,Asphalt/Cement/Concrete,73.07
2014,Ahilyanagar,Akole,Unpaved,319.06
2014,Ahilyanagar,Akole,Rock,303.82
2014,Ahilyanagar,Akole,Asphalt/Cement/Concrete,951.82
2014,Ahilyanagar,Sangamner,Unpaved,570.2
2014,Ahilyanagar,Sangamner,Rock,359.12
2014,Ahilyanagar,Sangamner,Asphalt/Cement/Concrete,929.28
2014,Ahilyanagar,Kopargaon,Unpaved,441.2
2014,Ahilyanagar,Kopargaon,Rock,441.08
2014,Ahilyanagar,Kopargaon,Asphalt/Cement/Concrete,817.62
2014,Ahilyanagar,Rahata,Unpaved,242.4
2014,Ahilyanagar,Rahata,Rock,240.2
2014,Ahilyanagar,Rahata,Asphalt/Cement/Concrete,783.42
2014,Ahilyanagar,Srirampur,Unpaved,331.2
2014,Ahilyanagar,Srirampur,Rock,320.7
2014,Ahilyanagar,Srirampur,Asphalt/Cement/Concrete,942.2
2014,Ahilyanagar,Nevasa,Unpaved,379.24
2014,Ahilyanagar,Nevasa,Rock,377.45
2014,Ahilyanagar,Nevasa,Asphalt/Cement/Concrete,819.67
2014,Ahilyanagar,Shevgaon,Unpaved,407.7
2014,Ahilyanagar,Shevgaon,Rock,343.65
2014,Ahilyanagar,Shevgaon,Asphalt/Cement/Concrete,879.45
2014,Ahilyanagar,Pathardi,Unpaved,321.5
2014,Ahilyanagar,Pathardi,Rock,282.5
2014,Ahilyanagar,Pathardi,Asphalt/Cement/Concrete,733.22
2014,Ahilyanagar,Nagar,Unpaved,546.95
2014,Ahilyanagar,Nagar,Rock,574.59
2014,Ahilyanagar,Nagar,Asphalt/Cement/Concrete,998.42
2014,Ahilyanagar,Rahuri,Unpaved,351.46
2014,Ahilyanagar,Rahuri,Rock,317.7
2014,Ahilyanagar,Rahuri,Asphalt/Cement/Concrete,705.69
2014,Ahilyanagar,Parner,Unpaved,726.39
2014,Ahilyanagar,Parner,Rock,320.93
2014,Ahilyanagar,Parner,Asphalt/Cement/Concrete,849.45
2014,Ahilyanagar,Srigonda,Unpaved,651.17
2014,Ahilyanagar,Srigonda,Rock,307.25
2014,Ahilyanagar,Srigonda,Asphalt/Cement/Concrete,690.22
2014,Ahilyanagar,Karjat,Unpaved,421.2
2014,Ahilyanagar,Karjat,Rock,463.64
2014,Ahilyanagar,Karjat,Asphalt/Cement/Concrete,485.96
2014,Ahilyanagar,Jamkhed,Unpaved,290.31
2014,Ahilyanagar,Jamkhed,Rock,289.25
2014,Ahilyanagar,Jamkhed,Asphalt/Cement/Concrete,464.89
2015,Ahilyanagar,Akole,Unpaved,371.35
2015,Ahilyanagar,Akole,Rock,305.06
2015,Ahilyanagar,Akole,Asphalt/Cement/Concrete,1116.2
2015,Ahilyanagar,Sangamner,Unpaved,633.69
2015,Ahilyanagar,Sangamner,Rock,460.76
2015,Ahilyanagar,Sangamner,Asphalt/Cement/Concrete,825.74
2015,Ahilyanagar,Kopargaon,Unpaved,476.42
2015,Ahilyanagar,Kopargaon,Rock,519.01
2015,Ahilyanagar,Kopargaon,Asphalt/Cement/Concrete,587.1
2015,Ahilyanagar,Rahata,Unpaved,123.12
2015,Ahilyanagar,Rahata,Rock,223.26
2015,Ahilyanagar,Rahata,Asphalt/Cement/Concrete,627.52
2015,Ahilyanagar,Srirampur,Unpaved,167.07
2015,Ahilyanagar,Srirampur,Rock,217.74
2015,Ahilyanagar,Srirampur,Asphalt/Cement/Concrete,612.85
2015,Ahilyanagar,Nevasa,Unpaved,407.94
2015,Ahilyanagar,Nevasa,Rock,480.89
2015,Ahilyanagar,Nevasa,Asphalt/Cement/Concrete,815.53
2015,Ahilyanagar,Shevgaon,Unpaved,447.1
2015,Ahilyanagar,Shevgaon,Rock,246.89
2015,Ahilyanagar,Shevgaon,Asphalt/Cement/Concrete,584.85
2015,Ahilyanagar,Pathardi,Unpaved,309
2015,Ahilyanagar,Pathardi,Rock,285.74
2015,Ahilyanagar,Pathardi,Asphalt/Cement/Concrete,651.42
2015,Ahilyanagar,Nagar,Unpaved,324.77
2015,Ahilyanagar,Nagar,Rock,583.14
2015,Ahilyanagar,Nagar,Asphalt/Cement/Concrete,1572.91
2015,Ahilyanagar,Rahuri,Unpaved,328.14
2015,Ahilyanagar,Rahuri,Rock,307.64
2015,Ahilyanagar,Rahuri,Asphalt/Cement/Concrete,691.6
2015,Ahilyanagar,Parner,Unpaved,912.69
2015,Ahilyanagar,Parner,Rock,228.8
2015,Ahilyanagar,Parner,Asphalt/Cement/Concrete,1248.08
2015,Ahilyanagar,Srigonda,Unpaved,957.77
2015,Ahilyanagar,Srigonda,Rock,216.76
2015,Ahilyanagar,Srigonda,Asphalt/Cement/Concrete,785.82
2015,Ahilyanagar,Karjat,Unpaved,474.96
2015,Ahilyanagar,Karjat,Rock,569.85
2015,Ahilyanagar,Karjat,Asphalt/Cement/Concrete,544.9
2015,Ahilyanagar,Jamkhed,Unpaved,329.83
2015,Ahilyanagar,Jamkhed,Rock,192.53
2015,Ahilyanagar,Jamkhed,Asphalt/Cement/Concrete,420.42
2016,Ahilyanagar,Akole,Unpaved,394.41
2016,Ahilyanagar,Akole,Rock,296.32
2016,Ahilyanagar,Akole,Asphalt/Cement/Concrete,1042.71
2016,Ahilyanagar,Sangamner,Unpaved,579.75
2016,Ahilyanagar,Sangamner,Rock,441.6
2016,Ahilyanagar,Sangamner,Asphalt/Cement/Concrete,915.14
2016,Ahilyanagar,Kopargaon,Unpaved,54.75
2016,Ahilyanagar,Kopargaon,Rock,465.11
2016,Ahilyanagar,Kopargaon,Asphalt/Cement/Concrete,533.81
2016,Ahilyanagar,Rahata,Unpaved,198.6
2016,Ahilyanagar,Rahata,Rock,265.45
2016,Ahilyanagar,Rahata,Asphalt/Cement/Concrete,767.41
2016,Ahilyanagar,Srirampur,Unpaved,203.5
2016,Ahilyanagar,Srirampur,Rock,367.05
2016,Ahilyanagar,Srirampur,Asphalt/Cement/Concrete,563.9
2016,Ahilyanagar,Nevasa,Unpaved,313
2016,Ahilyanagar,Nevasa,Rock,648.76
2016,Ahilyanagar,Nevasa,Asphalt/Cement/Concrete,716.26
2016,Ahilyanagar,Shevgaon,Unpaved,440.1
2016,Ahilyanagar,Shevgaon,Rock,247.5
2016,Ahilyanagar,Shevgaon,Asphalt/Cement/Concrete,585.7
2016,Ahilyanagar,Pathardi,Unpaved,313.5
2016,Ahilyanagar,Pathardi,Rock,290.8
2016,Ahilyanagar,Pathardi,Asphalt/Cement/Concrete,761.32
2016,Ahilyanagar,Nagar,Unpaved,506
2016,Ahilyanagar,Nagar,Rock,389.18
2016,Ahilyanagar,Nagar,Asphalt/Cement/Concrete,1044.16
2016,Ahilyanagar,Rahuri,Unpaved,388.92
2016,Ahilyanagar,Rahuri,Rock,457.07
2016,Ahilyanagar,Rahuri,Asphalt/Cement/Concrete,671.93
2016,Ahilyanagar,Parner,Unpaved,909.29
2016,Ahilyanagar,Parner,Rock,225.34
2016,Ahilyanagar,Parner,Asphalt/Cement/Concrete,905.94
2016,Ahilyanagar,Srigonda,Unpaved,862.61
2016,Ahilyanagar,Srigonda,Rock,298
2016,Ahilyanagar,Srigonda,Asphalt/Cement/Concrete,708.66
2016,Ahilyanagar,Karjat,Unpaved,432.5
2016,Ahilyanagar,Karjat,Rock,588.24
2016,Ahilyanagar,Karjat,Asphalt/Cement/Concrete,567.41
2016,Ahilyanagar,Jamkhed,Unpaved,332.46
2016,Ahilyanagar,Jamkhed,Rock,197.39
2016,Ahilyanagar,Jamkhed,Asphalt/Cement/Concrete,413.1
2017,Ahilyanagar,Akole,Unpaved,418.91
2017,Ahilyanagar,Akole,Rock,279.74
2017,Ahilyanagar,Akole,Asphalt/Cement/Concrete,1063.56
2017,Ahilyanagar,Sangamner,Unpaved,579.15
2017,Ahilyanagar,Sangamner,Rock,363.4
2017,Ahilyanagar,Sangamner,Asphalt/Cement/Concrete,1098.74
2017,Ahilyanagar,Kopargaon,Unpaved,51.4
2017,Ahilyanagar,Kopargaon,Rock,406.74
2017,Ahilyanagar,Kopargaon,Asphalt/Cement/Concrete,579.1
2017,Ahilyanagar,Rahata,Unpaved,208.9
2017,Ahilyanagar,Rahata,Rock,262.05
2017,Ahilyanagar,Rahata,Asphalt/Cement/Concrete,767.56
2017,Ahilyanagar,Srirampur,Unpaved,213.7
2017,Ahilyanagar,Srirampur,Rock,367.05
2017,Ahilyanagar,Srirampur,Asphalt/Cement/Concrete,655.5
2017,Ahilyanagar,Nevasa,Unpaved,313
2017,Ahilyanagar,Nevasa,Rock,678.91
2017,Ahilyanagar,Nevasa,Asphalt/Cement/Concrete,679.01
2017,Ahilyanagar,Shevgaon,Unpaved,440.1
2017,Ahilyanagar,Shevgaon,Rock,247.5
2017,Ahilyanagar,Shevgaon,Asphalt/Cement/Concrete,558.5
2017,Ahilyanagar,Pathardi,Unpaved,395.85
2017,Ahilyanagar,Pathardi,Rock,271.07
2017,Ahilyanagar,Pathardi,Asphalt/Cement/Concrete,757.17
2017,Ahilyanagar,Nagar,Unpaved,549.45
2017,Ahilyanagar,Nagar,Rock,330.4
2017,Ahilyanagar,Nagar,Asphalt/Cement/Concrete,1088.85
2017,Ahilyanagar,Rahuri,Unpaved,290
2017,Ahilyanagar,Rahuri,Rock,461.17
2017,Ahilyanagar,Rahuri,Asphalt/Cement/Concrete,712.69
2017,Ahilyanagar,Parner,Unpaved,934.29
2017,Ahilyanagar,Parner,Rock,218.94
2017,Ahilyanagar,Parner,Asphalt/Cement/Concrete,907.24
2017,Ahilyanagar,Srigonda,Unpaved,873.11
2017,Ahilyanagar,Srigonda,Rock,290.5
2017,Ahilyanagar,Srigonda,Asphalt/Cement/Concrete,684.79
2017,Ahilyanagar,Karjat,Unpaved,520.19
2017,Ahilyanagar,Karjat,Rock,473.2
2017,Ahilyanagar,Karjat,Asphalt/Cement/Concrete,633.67
2017,Ahilyanagar,Jamkhed,Unpaved,351.03
2017,Ahilyanagar,Jamkhed,Rock,150.19
2017,Ahilyanagar,Jamkhed,Asphalt/Cement/Concrete,423.63
2018,Ahilyanagar,Akole,Unpaved,396.45
2018,Ahilyanagar,Akole,Rock,293.35
2018,Ahilyanagar,Sangamner,Unpaved,584.1
2018,Ahilyanagar,Sangamner,Rock,431.28
2018,Ahilyanagar,Kopargaon,Unpaved,55.7
2018,Ahilyanagar,Kopargaon,Rock,396.64
2018,Ahilyanagar,Rahata,Unpaved,257.29
2018,Ahilyanagar,Rahata,Rock,272.96
2018,Ahilyanagar,Srirampur,Unpaved,212.35
2018,Ahilyanagar,Srirampur,Rock,369.4
2018,Ahilyanagar,Nevasa,Unpaved,391.5
2018,Ahilyanagar,Nevasa,Rock,694.56
2018,Ahilyanagar,Shevgaon,Unpaved,449.13
2018,Ahilyanagar,Shevgaon,Rock,223.3
2018,Ahilyanagar,Pathardi,Unpaved,406.05
2018,Ahilyanagar,Pathardi,Rock,263.37
2018,Ahilyanagar,Nagar,Unpaved,546.5
2018,Ahilyanagar,Nagar,Rock,330
2018,Ahilyanagar,Rahuri,Unpaved,372.12
2018,Ahilyanagar,Rahuri,Rock,457.72
2018,Ahilyanagar,Parner,Unpaved,924.79
2018,Ahilyanagar,Parner,Rock,212.84
2018,Ahilyanagar,Srigonda,Unpaved,880.11
2018,Ahilyanagar,Srigonda,Rock,297
2018,Ahilyanagar,Karjat,Unpaved,540.67
2018,Ahilyanagar,Karjat,Rock,464.38
2018,Ahilyanagar,Jamkhed,Unpaved,345.13
2018,Ahilyanagar,Jamkhed,Rock,142.29
2019,Ahilyanagar,Akole,Unpaved,406.65
2019,Ahilyanagar,Akole,Rock,273.72
2019,Ahilyanagar,Sangamner,Unpaved,577.6
2019,Ahilyanagar,Sangamner,Rock,360.02
2019,Ahilyanagar,Kopargaon,Unpaved,61.83
2019,Ahilyanagar,Kopargaon,Rock,447.17
2019,Ahilyanagar,Rahata,Unpaved,255.55
2019,Ahilyanagar,Rahata,Rock,273.29
2019,Ahilyanagar,Srirampur,Unpaved,200
2019,Ahilyanagar,Srirampur,Rock,352.55
2019,Ahilyanagar,Nevasa,Unpaved,308.29
2019,Ahilyanagar,Nevasa,Rock,662.09
2019,Ahilyanagar,Shevgaon,Unpaved,450.05
2019,Ahilyanagar,Shevgaon,Rock,232.5
2019,Ahilyanagar,Pathardi,Unpaved,407.5
2019,Ahilyanagar,Pathardi,Rock,278.4
2019,Ahilyanagar,Nagar,Unpaved,517.56
2019,Ahilyanagar,Nagar,Rock,387.2
2019,Ahilyanagar,Rahuri,Unpaved,386
2019,Ahilyanagar,Rahuri,Rock,463.08
2019,Ahilyanagar,Parner,Unpaved,979.69
2019,Ahilyanagar,Parner,Rock,219.94
2019,Ahilyanagar,Srigonda,Unpaved,959.05
2019,Ahilyanagar,Srigonda,Rock,203.49
2019,Ahilyanagar,Karjat,Unpaved,582.87
2019,Ahilyanagar,Karjat,Rock,371.18
2019,Ahilyanagar,Jamkhed,Unpaved,314.73
2019,Ahilyanagar,Jamkhed,Rock,204.46
2020,Ahilyanagar,Akole,Unpaved,401.42
2020,Ahilyanagar,Akole,Rock,269.66
2020,Ahilyanagar,Sangamner,Unpaved,545.45
2020,Ahilyanagar,Sangamner,Rock,335.57
2020,Ahilyanagar,Kopargaon,Unpaved,61.83
2020,Ahilyanagar,Kopargaon,Rock,442.67
2020,Ahilyanagar,Rahata,Unpaved,263.55
2020,Ahilyanagar,Rahata,Rock,272.29
2020,Ahilyanagar,Srirampur,Unpaved,209
2020,Ahilyanagar,Srirampur,Rock,367.95
2020,Ahilyanagar,Nevasa,Unpaved,388.14
2020,Ahilyanagar,Nevasa,Rock,677.37
2020,Ahilyanagar,Shevgaon,Unpaved,467.05
2020,Ahilyanagar,Shevgaon,Rock,224.95
2020,Ahilyanagar,Pathardi,Unpaved,396.5
2020,Ahilyanagar,Pathardi,Rock,291.8
2020,Ahilyanagar,Nagar,Unpaved,487.49
2020,Ahilyanagar,Nagar,Rock,317.29
2020,Ahilyanagar,Rahuri,Unpaved,305.47
2020,Ahilyanagar,Rahuri,Rock,418.42
2020,Ahilyanagar,Parner,Unpaved,1037.95
2020,Ahilyanagar,Parner,Rock,219.94
2020,Ahilyanagar,Srigonda,Unpaved,949.51
2020,Ahilyanagar,Srigonda,Rock,199.66
2020,Ahilyanagar,Karjat,Unpaved,592.87
2020,Ahilyanagar,Karjat,Rock,432.88
2020,Ahilyanagar,Jamkhed,Unpaved,329.39
2020,Ahilyanagar,Jamkhed,Rock,159.09
2021,Ahilyanagar,Akole,Unpaved,401.42
2021,Ahilyanagar,Akole,Rock,269.66
2021,Ahilyanagar,Sangamner,Unpaved,545.45
2021,Ahilyanagar,Sangamner,Rock,335.57
2021,Ahilyanagar,Kopargaon,Unpaved,61.83
2021,Ahilyanagar,Kopargaon,Rock,442.67
2021,Ahilyanagar,Rahata,Unpaved,263.55
2021,Ahilyanagar,Rahata,Rock,272.29
2021,Ahilyanagar,Srirampur,Unpaved,209
2021,Ahilyanagar,Srirampur,Rock,367.95
2021,Ahilyanagar,Nevasa,Unpaved,388.14
2021,Ahilyanagar,Nevasa,Rock,677.37
2021,Ahilyanagar,Shevgaon,Unpaved,467.05
2021,Ahilyanagar,Shevgaon,Rock,224.95
2021,Ahilyanagar,Pathardi,Unpaved,396.5
2021,Ahilyanagar,Pathardi,Rock,291.8
2021,Ahilyanagar,Nagar,Unpaved,487.49
2021,Ahilyanagar,Nagar,Rock,317.29
2021,Ahilyanagar,Rahuri,Unpaved,305.47
2021,Ahilyanagar,Rahuri,Rock,418.42
2021,Ahilyanagar,Parner,Unpaved,1037.95
2021,Ahilyanagar,Parner,Rock,219.94
2021,Ahilyanagar,Srigonda,Unpaved,949.51
2021,Ahilyanagar,Srigonda,Rock,199.66
2021,Ahilyanagar,Karjat,Unpaved,592.87
2021,Ahilyanagar,Karjat,Rock,432.88
2021,Ahilyanagar,Jamkhed,Unpaved,329.39
2021,Ahilyanagar,Jamkhed,Rock,159.09
2012,Akola,Telhara,Unpaved,2.2
2012,Akola,Telhara,Rock,51.12
2012,Akola,Telhara,Asphalt/Cement/Concrete,142.7
2012,Akola,Akot,Unpaved,11.4
2012,Akola,Akot,Rock,76.38
2012,Akola,Akot,Asphalt/Cement/Concrete,175.7
2012,Akola,Balapur,Unpaved,0.8
2012,Akola,Balapur,Rock,21.9
2012,Akola,Balapur,Asphalt/Cement/Concrete,139.4
2012,Akola,Akola,Unpaved,28.9
2012,Akola,Akola,Rock,71.51
2012,Akola,Akola,Asphalt/Cement/Concrete,250.9
2012,Akola,Murtijapur,Unpaved,2
2012,Akola,Murtijapur,Rock,47.1
2012,Akola,Murtijapur,Asphalt/Cement/Concrete,245.4
2012,Akola,Patur,Unpaved,7.8
2012,Akola,Patur,Rock,24.05
2012,Akola,Patur,Asphalt/Cement/Concrete,191.7
2012,Akola,Barshitakali,Unpaved,0
2012,Akola,Barshitakali,Rock,39.4
2012,Akola,Barshitakali,Asphalt/Cement/Concrete,225.7
2013,Akola,Telhara,Unpaved,9
2013,Akola,Telhara,Rock,56
2013,Akola,Telhara,Asphalt/Cement/Concrete,159.25
2013,Akola,Akot,Unpaved,11.4
2013,Akola,Akot,Rock,76.38
2013,Akola,Akot,Asphalt/Cement/Concrete,206.38
2013,Akola,Balapur,Unpaved,2.9
2013,Akola,Balapur,Rock,29.95
2013,Akola,Balapur,Asphalt/Cement/Concrete,147.62
2013,Akola,Akola,Unpaved,28.9
2013,Akola,Akola,Rock,95.6
2013,Akola,Akola,Asphalt/Cement/Concrete,250.9
2013,Akola,Murtijapur,Unpaved,4.7
2013,Akola,Murtijapur,Rock,47.1
2013,Akola,Murtijapur,Asphalt/Cement/Concrete,390.74
2013,Akola,Patur,Unpaved,7.9
2013,Akola,Patur,Rock,26.9
2013,Akola,Patur,Asphalt/Cement/Concrete,191.7
2013,Akola,Barshitakali,Unpaved,3
2013,Akola,Barshitakali,Rock,39.4
2013,Akola,Barshitakali,Asphalt/Cement/Concrete,243.67
2014,Akola,Telhara,Unpaved,21.7
2014,Akola,Telhara,Rock,46.98
2014,Akola,Telhara,Asphalt/Cement/Concrete,159.25
2014,Akola,Akot,Unpaved,11.4
2014,Akola,Akot,Rock,76.38
2014,Akola,Akot,Asphalt/Cement/Concrete,206.38
2014,Akola,Balapur,Unpaved,2.9
2014,Akola,Balapur,Rock,34.95
2014,Akola,Balapur,Asphalt/Cement/Concrete,185.1
2014,Akola,Akola,Unpaved,28.9
2014,Akola,Akola,Rock,108.1
2014,Akola,Akola,Asphalt/Cement/Concrete,258.32
2014,Akola,Murtijapur,Unpaved,4.7
2014,Akola,Murtijapur,Rock,46.55
2014,Akola,Murtijapur,Asphalt/Cement/Concrete,390.74
2014,Akola,Patur,Unpaved,7.9
2014,Akola,Patur,Rock,33.8
2014,Akola,Patur,Asphalt/Cement/Concrete,191.7
2014,Akola,Barshitakali,Unpaved,3
2014,Akola,Barshitakali,Rock,35.9
2014,Akola,Barshitakali,Asphalt/Cement/Concrete,243.67
2015,Akola,Telhara,Unpaved,251.53
2015,Akola,Telhara,Rock,56
2015,Akola,Telhara,Asphalt/Cement/Concrete,159.3
2015,Akola,Akot,Unpaved,188.44
2015,Akola,Akot,Rock,76.38
2015,Akola,Akot,Asphalt/Cement/Concrete,214 .4
2015,Akola,Balapur,Unpaved,112.3
2015,Akola,Balapur,Rock,29.95
2015,Akola,Balapur,Asphalt/Cement/Concrete,173
2015,Akola,Akola,Unpaved,223
2015,Akola,Akola,Rock,95.6
2015,Akola,Akola,Asphalt/Cement/Concrete,276.9
2015,Akola,Murtijapur,Unpaved,172.3
2015,Akola,Murtijapur,Rock,62.95
2015,Akola,Murtijapur,Asphalt/Cement/Concrete,390.7
2015,Akola,Patur,Unpaved,156.2
2015,Akola,Patur,Rock,29.1
2015,Akola,Patur,Asphalt/Cement/Concrete,191.7
2015,Akola,Barshitakali,Unpaved,221.9
2015,Akola,Barshitakali,Rock,45
2015,Akola,Barshitakali,Asphalt/Cement/Concrete,254.2
2016,Akola,Telhara,Unpaved,265.13
2016,Akola,Telhara,Rock,360.88
2016,Akola,Telhara,Asphalt/Cement/Concrete,588.7
2016,Akola,Akot,Unpaved,345
2016,Akola,Akot,Rock,377.68
2016,Akola,Akot,Asphalt/Cement/Concrete,665.1
2016,Akola,Balapur,Unpaved,241.3
2016,Akola,Balapur,Rock,355.45
2016,Akola,Balapur,Asphalt/Cement/Concrete,610.3
2016,Akola,Akola,Unpaved,375.7
2016,Akola,Akola,Rock,469.52
2016,Akola,Akola,Asphalt/Cement/Concrete,788.6
2016,Akola,Murtijapur,Unpaved,295.28
2016,Akola,Murtijapur,Rock,430.1
2016,Akola,Murtijapur,Asphalt/Cement/Concrete,641.9
2016,Akola,Patur,Unpaved,289.46
2016,Akola,Patur,Rock,385.89
2016,Akola,Patur,Asphalt/Cement/Concrete,588.9
2016,Akola,Barshitakali,Unpaved,310.55
2016,Akola,Barshitakali,Rock,389.7
2016,Akola,Barshitakali,Asphalt/Cement/Concrete,510.7
2017,Akola,Telhara,Unpaved,265.13
2017,Akola,Telhara,Rock,156.42
2017,Akola,Telhara,Asphalt/Cement/Concrete,596.63
2017,Akola,Akot,Unpaved,345.3
2017,Akola,Akot,Rock,229.9
2017,Akola,Akot,Asphalt/Cement/Concrete,669.81
2017,Akola,Balapur,Unpaved,222.94
2017,Akola,Balapur,Rock,136.98
2017,Akola,Balapur,Asphalt/Cement/Concrete,618.75
2017,Akola,Akola,Unpaved,345.7
2017,Akola,Akola,Rock,362.59
2017,Akola,Akola,Asphalt/Cement/Concrete,757.17
2017,Akola,Murtijapur,Unpaved,295.28
2017,Akola,Murtijapur,Rock,173.94
2017,Akola,Murtijapur,Asphalt/Cement/Concrete,542.96
2017,Akola,Patur,Unpaved,289.46
2017,Akola,Patur,Rock,135.89
2017,Akola,Patur,Asphalt/Cement/Concrete,550.75
2017,Akola,Barshitakali,Unpaved,310.55
2017,Akola,Barshitakali,Rock,159.62
2017,Akola,Barshitakali,Asphalt/Cement/Concrete,413.78
2018,Akola,Telhara,Unpaved,489.67
2018,Akola,Telhara,Rock,172.8
2018,Akola,Akot,Unpaved,501.3
2018,Akola,Akot,Rock,229.9
2018,Akola,Balapur,Unpaved,279.3
2018,Akola,Balapur,Rock,136.98
2018,Akola,Akola,Unpaved,582.72
2018,Akola,Akola,Rock,479.23
2018,Akola,Murtijapur,Unpaved,376.46
2018,Akola,Murtijapur,Rock,173.94
2018,Akola,Patur,Unpaved,378.32
2018,Akola,Patur,Rock,135.89
2018,Akola,Barshitakali,Unpaved,355.47
2018,Akola,Barshitakali,Rock,159.62
2019,Akola,Telhara,Unpaved,491.66
2019,Akola,Telhara,Rock,177.77
2019,Akola,Akot,Unpaved,502.33
2019,Akola,Akot,Rock,237.93
2019,Akola,Balapur,Unpaved,280.32
2019,Akola,Balapur,Rock,145.98
2019,Akola,Akola,Unpaved,583.72
2019,Akola,Akola,Rock,479.73
2019,Akola,Murtijapur,Unpaved,376.49
2019,Akola,Murtijapur,Rock,177.94
2019,Akola,Patur,Unpaved,379.33
2019,Akola,Patur,Rock,138.89
2019,Akola,Barshitakali,Unpaved,356.49
2019,Akola,Barshitakali,Rock,177.72
2020,Akola,Telhara,Unpaved,494.38
2020,Akola,Telhara,Rock,182.34
2020,Akola,Akot,Unpaved,504.23
2020,Akola,Akot,Rock,239.25
2020,Akola,Balapur,Unpaved,286.69
2020,Akola,Balapur,Rock,158.24
2020,Akola,Akola,Unpaved,597.42
2020,Akola,Akola,Rock,457.24
2020,Akola,Murtijapur,Unpaved,379.22
2020,Akola,Murtijapur,Rock,183.25
2020,Akola,Patur,Unpaved,383.54
2020,Akola,Patur,Rock,138.56
2020,Akola,Barshitakali,Unpaved,358.24
2020,Akola,Barshitakali,Rock,179.83
2021,Akola,Telhara,Unpaved,496.52
2021,Akola,Telhara,Rock,182.34
2021,Akola,Akot,Unpaved,507.32
2021,Akola,Akot,Rock,241.35
2021,Akola,Balapur,Unpaved,289.59
2021,Akola,Balapur,Rock,158.24
2021,Akola,Akola,Unpaved,601.35
2021,Akola,Akola,Rock,457.32
2021,Akola,Murtijapur,Unpaved,381.54
2021,Akola,Murtijapur,Rock,185.35
2021,Akola,Patur,Unpaved,390.75
2021,Akola,Patur,Rock,140.49
2021,Akola,Barshitakali,Unpaved,361.97
2021,Akola,Barshitakali,Rock,187.83
2012,Amravati,Dharani,Unpaved,91.32
2012,Amravati,Dharani,Rock,390.63
2012,Amravati,Dharani,Asphalt/Cement/Concrete,413.64
2012,Amravati,Chikhraldara,Unpaved,141.03
2012,Amravati,Chikhraldara,Rock,337.01
2012,Amravati,Chikhraldara,Asphalt/Cement/Concrete,543.31
2012,Amravati,Anjangaon Su,Unpaved,32.7
2012,Amravati,Anjangaon Su,Rock,60.96
2012,Amravati,Anjangaon Su,Asphalt/Cement/Concrete,267.6
2012,Amravati,Achalpur,Unpaved,3.7
2012,Amravati,Achalpur,Rock,76.55
2012,Amravati,Achalpur,Asphalt/Cement/Concrete,466.34
2012,Amravati,Chandurbazar,Unpaved,220.55
2012,Amravati,Chandurbazar,Rock,73.75
2012,Amravati,Chandurbazar,Asphalt/Cement/Concrete,413.64
2012,Amravati,Morshi,Unpaved,45.45
2012,Amravati,Morshi,Rock,31
2012,Amravati,Morshi,Asphalt/Cement/Concrete,432.2
2012,Amravati,Warud,Unpaved,17.8
2012,Amravati,Warud,Rock,50.6
2012,Amravati,Warud,Asphalt/Cement/Concrete,462.91
2012,Amravati,Tivas,Unpaved,47
2012,Amravati,Tivas,Rock,49.1
2012,Amravati,Tivas,Asphalt/Cement/Concrete,280.95
2012,Amravati,Amravati,Unpaved,42.5
2012,Amravati,Amravati,Rock,38.3
2012,Amravati,Amravati,Asphalt/Cement/Concrete,485.11
2012,Amravati,Bhatkuli,Unpaved,49
2012,Amravati,Bhatkuli,Rock,35.7
2012,Amravati,Bhatkuli,Asphalt/Cement/Concrete,374.7
2012,Amravati,Daryapur,Unpaved,105.9
2012,Amravati,Daryapur,Rock,25.2
2012,Amravati,Daryapur,Asphalt/Cement/Concrete,445.28
2012,Amravati,Nandgaon Kh,Unpaved,48.75
2012,Amravati,Nandgaon Kh,Rock,181.65
2012,Amravati,Nandgaon Kh,Asphalt/Cement/Concrete,467.72
2012,Amravati,Chandur Railway,Unpaved,52.4
2012,Amravati,Chandur Railway,Rock,40.7
2012,Amravati,Chandur Railway,Asphalt/Cement/Concrete,298.65
2012,Amravati,Dhamangaon Re,Unpaved,22
2012,Amravati,Dhamangaon Re,Rock,37.9
2012,Amravati,Dhamangaon Re,Asphalt/Cement/Concrete,386.65
2013,Amravati,Dharani,Unpaved,107.92
2013,Amravati,Dharani,Rock,377.33
2013,Amravati,Dharani,Asphalt/Cement/Concrete,448.25
2013,Amravati,Chikhraldara,Unpaved,152.48
2013,Amravati,Chikhraldara,Rock,330.75
2013,Amravati,Chikhraldara,Asphalt/Cement/Concrete,483.26
2013,Amravati,Anjangaon Su,Unpaved,37.2
2013,Amravati,Anjangaon Su,Rock,58.9
2013,Amravati,Anjangaon Su,Asphalt/Cement/Concrete,268.6
2013,Amravati,Achalpur,Unpaved,23.2
2013,Amravati,Achalpur,Rock,78.85
2013,Amravati,Achalpur,Asphalt/Cement/Concrete,510.39
2013,Amravati,Chandurbazar,Unpaved,235.95
2013,Amravati,Chandurbazar,Rock,73.75
2013,Amravati,Chandurbazar,Asphalt/Cement/Concrete,399.18
2013,Amravati,Morshi,Unpaved,45.45
2013,Amravati,Morshi,Rock,31
2013,Amravati,Morshi,Asphalt/Cement/Concrete,379.75
2013,Amravati,Warud,Unpaved,17.8
2013,Amravati,Warud,Rock,50.6
2013,Amravati,Warud,Asphalt/Cement/Concrete,508.31
2013,Amravati,Tivas,Unpaved,47
2013,Amravati,Tivas,Rock,49.1
2013,Amravati,Tivas,Asphalt/Cement/Concrete,294.95
2013,Amravati,Amravati,Unpaved,37.15
2013,Amravati,Amravati,Rock,34.3
2013,Amravati,Amravati,Asphalt/Cement/Concrete,484.36
2013,Amravati,Bhatkuli,Unpaved,49
2013,Amravati,Bhatkuli,Rock,35.7
2013,Amravati,Bhatkuli,Asphalt/Cement/Concrete,430.5
2013,Amravati,Daryapur,Unpaved,96.9
2013,Amravati,Daryapur,Rock,26.2
2013,Amravati,Daryapur,Asphalt/Cement/Concrete,437.1
2013,Amravati,Nandgaon Kh,Unpaved,38.25
2013,Amravati,Nandgaon Kh,Rock,162.65
2013,Amravati,Nandgaon Kh,Asphalt/Cement/Concrete,537.4
2013,Amravati,Chandur Railway,Unpaved,44.9
2013,Amravati,Chandur Railway,Rock,36.2
2013,Amravati,Chandur Railway,Asphalt/Cement/Concrete,315.55
2013,Amravati,Dhamangaon Re,Unpaved,22
2013,Amravati,Dhamangaon Re,Rock,34.3
2013,Amravati,Dhamangaon Re,Asphalt/Cement/Concrete,351.05
2014,Amravati,Dharani,Unpaved,91.95
2014,Amravati,Dharani,Rock,390.23
2014,Amravati,Dharani,Asphalt/Cement/Concrete,449.4
2014,Amravati,Chikhraldara,Unpaved,124.68
2014,Amravati,Chikhraldara,Rock,365.65
2014,Amravati,Chikhraldara,Asphalt/Cement/Concrete,477.26
2014,Amravati,Anjangaon Su,Unpaved,40.5
2014,Amravati,Anjangaon Su,Rock,51.7
2014,Amravati,Anjangaon Su,Asphalt/Cement/Concrete,273.1
2014,Amravati,Achalpur,Unpaved,55.1
2014,Amravati,Achalpur,Rock,83.75
2014,Amravati,Achalpur,Asphalt/Cement/Concrete,502.79
2014,Amravati,Chandurbazar,Unpaved,82.1
2014,Amravati,Chandurbazar,Rock,63.75
2014,Amravati,Chandurbazar,Asphalt/Cement/Concrete,389.58
2014,Amravati,Morshi,Unpaved,61.85
2014,Amravati,Morshi,Rock,31
2014,Amravati,Morshi,Asphalt/Cement/Concrete,377.25
2014,Amravati,Warud,Unpaved,24
2014,Amravati,Warud,Rock,54.6
2014,Amravati,Warud,Asphalt/Cement/Concrete,513.41
2014,Amravati,Tivas,Unpaved,49
2014,Amravati,Tivas,Rock,51.4
2014,Amravati,Tivas,Asphalt/Cement/Concrete,269.45
2014,Amravati,Amravati,Unpaved,60.75
2014,Amravati,Amravati,Rock,35.8
2014,Amravati,Amravati,Asphalt/Cement/Concrete,453.21
2014,Amravati,Bhatkuli,Unpaved,50
2014,Amravati,Bhatkuli,Rock,40.9
2014,Amravati,Bhatkuli,Asphalt/Cement/Concrete,441.1
2014,Amravati,Daryapur,Unpaved,159.6
2014,Amravati,Daryapur,Rock,31.4
2014,Amravati,Daryapur,Asphalt/Cement/Concrete,437.5
2014,Amravati,Nandgaon Kh,Unpaved,70.95
2014,Amravati,Nandgaon Kh,Rock,168.75
2014,Amravati,Nandgaon Kh,Asphalt/Cement/Concrete,535.5
2014,Amravati,Chandur Railway,Unpaved,41.5
2014,Amravati,Chandur Railway,Rock,43.6
2014,Amravati,Chandur Railway,Asphalt/Cement/Concrete,331.25
2014,Amravati,Dhamangaon Re,Unpaved,18
2014,Amravati,Dhamangaon Re,Rock,38.3
2014,Amravati,Dhamangaon Re,Asphalt/Cement/Concrete,351.05
2015,Amravati,Dharani,Unpaved,91.95
2015,Amravati,Dharani,Rock,390.2
2015,Amravati,Dharani,Asphalt/Cement/Concrete,449.4
2015,Amravati,Chikhraldara,Unpaved,124.68
2015,Amravati,Chikhraldara,Rock,365.7
2015,Amravati,Chikhraldara,Asphalt/Cement/Concrete,477.26
2015,Amravati,Anjangaon Su,Unpaved,40.5
2015,Amravati,Anjangaon Su,Rock,50.7
2015,Amravati,Anjangaon Su,Asphalt/Cement/Concrete,274.1
2015,Amravati,Achalpur,Unpaved,55.1
2015,Amravati,Achalpur,Rock,84.75
2015,Amravati,Achalpur,Asphalt/Cement/Concrete,501.79
2015,Amravati,Chandurbazar,Unpaved,82.1
2015,Amravati,Chandurbazar,Rock,63.75
2015,Amravati,Chandurbazar,Asphalt/Cement/Concrete,389.58
2015,Amravati,Morshi,Unpaved,45.45
2015,Amravati,Morshi,Rock,31
2015,Amravati,Morshi,Asphalt/Cement/Concrete,377.25
2015,Amravati,Warud,Unpaved,15.3
2015,Amravati,Warud,Rock,54.6
2015,Amravati,Warud,Asphalt/Cement/Concrete,513.41
2015,Amravati,Tivas,Unpaved,46
2015,Amravati,Tivas,Rock,54.4
2015,Amravati,Tivas,Asphalt/Cement/Concrete,269.45
2015,Amravati,Amravati,Unpaved,308.75
2015,Amravati,Amravati,Rock,226.8
2015,Amravati,Amravati,Asphalt/Cement/Concrete,1198.7
2015,Amravati,Bhatkuli,Unpaved,50
2015,Amravati,Bhatkuli,Rock,40.9
2015,Amravati,Bhatkuli,Asphalt/Cement/Concrete,441.1
2015,Amravati,Daryapur,Unpaved,159.6
2015,Amravati,Daryapur,Rock,31.4
2015,Amravati,Daryapur,Asphalt/Cement/Concrete,437.5
2015,Amravati,Nandgaon Kh,Unpaved,56.95
2015,Amravati,Nandgaon Kh,Rock,182.8
2015,Amravati,Nandgaon Kh,Asphalt/Cement/Concrete,535.5
2015,Amravati,Chandur Railway,Unpaved,35
2015,Amravati,Chandur Railway,Rock,50.1
2015,Amravati,Chandur Railway,Asphalt/Cement/Concrete,331.25
2015,Amravati,Dhamangaon Re,Unpaved,11
2015,Amravati,Dhamangaon Re,Rock,45.3
2015,Amravati,Dhamangaon Re,Asphalt/Cement/Concrete,351.05
2016,Amravati,Dharani,Unpaved,86.36
2016,Amravati,Dharani,Rock,261.39
2016,Amravati,Dharani,Asphalt/Cement/Concrete,570.16
2016,Amravati,Chikhraldara,Unpaved,118.64
2016,Amravati,Chikhraldara,Rock,276.72
2016,Amravati,Chikhraldara,Asphalt/Cement/Concrete,530.23
2016,Amravati,Anjangaon Su,Unpaved,8.4
2016,Amravati,Anjangaon Su,Rock,47.15
2016,Amravati,Anjangaon Su,Asphalt/Cement/Concrete,305
2016,Amravati,Achalpur,Unpaved,28.1
2016,Amravati,Achalpur,Rock,67.05
2016,Amravati,Achalpur,Asphalt/Cement/Concrete,501.44
2016,Amravati,Chandurbazar,Unpaved,43.75
2016,Amravati,Chandurbazar,Rock,51.95
2016,Amravati,Chandurbazar,Asphalt/Cement/Concrete,431.53
2016,Amravati,Morshi,Unpaved,24.3
2016,Amravati,Morshi,Rock,48.25
2016,Amravati,Morshi,Asphalt/Cement/Concrete,463.45
2016,Amravati,Warud,Unpaved,56.25
2016,Amravati,Warud,Rock,101.45
2016,Amravati,Warud,Asphalt/Cement/Concrete,476.41
2016,Amravati,Tivas,Unpaved,0
2016,Amravati,Tivas,Rock,33.1
2016,Amravati,Tivas,Asphalt/Cement/Concrete,330.8
2016,Amravati,Amravati,Unpaved,51.07
2016,Amravati,Amravati,Rock,69.86
2016,Amravati,Amravati,Asphalt/Cement/Concrete,625.64
2016,Amravati,Bhatkuli,Unpaved,18.7
2016,Amravati,Bhatkuli,Rock,45.5
2016,Amravati,Bhatkuli,Asphalt/Cement/Concrete,413.6
2016,Amravati,Daryapur,Unpaved,60.4
2016,Amravati,Daryapur,Rock,47.6
2016,Amravati,Daryapur,Asphalt/Cement/Concrete,474.5
2016,Amravati,Nandgaon Kh,Unpaved,62.5
2016,Amravati,Nandgaon Kh,Rock,142.5
2016,Amravati,Nandgaon Kh,Asphalt/Cement/Concrete,525.7
2016,Amravati,Chandur Railway,Unpaved,61
2016,Amravati,Chandur Railway,Rock,46.15
2016,Amravati,Chandur Railway,Asphalt/Cement/Concrete,383.5
2016,Amravati,Dhamangaon Re,Unpaved,4.5
2016,Amravati,Dhamangaon Re,Rock,20.7
2016,Amravati,Dhamangaon Re,Asphalt/Cement/Concrete,410.25
2017,Amravati,Dharani,Unpaved,70.36
2017,Amravati,Dharani,Rock,283.14
2017,Amravati,Dharani,Asphalt/Cement/Concrete,501.8
2017,Amravati,Chikhraldara,Unpaved,105.19
2017,Amravati,Chikhraldara,Rock,251.62
2017,Amravati,Chikhraldara,Asphalt/Cement/Concrete,586.64
2017,Amravati,Anjangaon Su,Unpaved,9.2
2017,Amravati,Anjangaon Su,Rock,44.15
2017,Amravati,Anjangaon Su,Asphalt/Cement/Concrete,303.7
2017,Amravati,Achalpur,Unpaved,8.1
2017,Amravati,Achalpur,Rock,62.85
2017,Amravati,Achalpur,Asphalt/Cement/Concrete,511.29
2017,Amravati,Chandurbazar,Unpaved,17.75
2017,Amravati,Chandurbazar,Rock,52.99
2017,Amravati,Chandurbazar,Asphalt/Cement/Concrete,425.29
2017,Amravati,Morshi,Unpaved,24.3
2017,Amravati,Morshi,Rock,48.25
2017,Amravati,Morshi,Asphalt/Cement/Concrete,445.4
2017,Amravati,Warud,Unpaved,61.25
2017,Amravati,Warud,Rock,101.45
2017,Amravati,Warud,Asphalt/Cement/Concrete,477.71
2017,Amravati,Tivas,Unpaved,2.5
2017,Amravati,Tivas,Rock,33.1
2017,Amravati,Tivas,Asphalt/Cement/Concrete,329.1
2017,Amravati,Amravati,Unpaved,49.32
2017,Amravati,Amravati,Rock,42.26
2017,Amravati,Amravati,Asphalt/Cement/Concrete,588.69
2017,Amravati,Bhatkuli,Unpaved,20.9
2017,Amravati,Bhatkuli,Rock,42.6
2017,Amravati,Bhatkuli,Asphalt/Cement/Concrete,431.8
2017,Amravati,Daryapur,Unpaved,60.8
2017,Amravati,Daryapur,Rock,48.4
2017,Amravati,Daryapur,Asphalt/Cement/Concrete,480.1
2017,Amravati,Nandgaon Kh,Unpaved,69.5
2017,Amravati,Nandgaon Kh,Rock,145.7
2017,Amravati,Nandgaon Kh,Asphalt/Cement/Concrete,545.8
2017,Amravati,Chandur Railway,Unpaved,57
2017,Amravati,Chandur Railway,Rock,44.65
2017,Amravati,Chandur Railway,Asphalt/Cement/Concrete,383
2017,Amravati,Dhamangaon Re,Unpaved,4.5
2017,Amravati,Dhamangaon Re,Rock,20.7
2017,Amravati,Dhamangaon Re,Asphalt/Cement/Concrete,388.65
2018,Amravati,Dharani,Unpaved,46.78
2018,Amravati,Dharani,Rock,266.84
2018,Amravati,Chikhraldara,Unpaved,98.11
2018,Amravati,Chikhraldara,Rock,268.12
2018,Amravati,Anjangaon Su,Unpaved,7.87
2018,Amravati,Anjangaon Su,Rock,48.25
2018,Amravati,Achalpur,Unpaved,29.43
2018,Amravati,Achalpur,Rock,33.6
2018,Amravati,Chandurbazar,Unpaved,10.57
2018,Amravati,Chandurbazar,Rock,32.9
2018,Amravati,Morshi,Unpaved,13
2018,Amravati,Morshi,Rock,62.82
2018,Amravati,Warud,Unpaved,70.52
2018,Amravati,Warud,Rock,76.72
2018,Amravati,Tivas,Unpaved,0
2018,Amravati,Tivas,Rock,33.1
2018,Amravati,Amravati,Unpaved,43.41
2018,Amravati,Amravati,Rock,52.62
2018,Amravati,Bhatkuli,Unpaved,12.62
2018,Amravati,Bhatkuli,Rock,24.85
2018,Amravati,Daryapur,Unpaved,53.72
2018,Amravati,Daryapur,Rock,48.4
2018,Amravati,Nandgaon Kh,Unpaved,63.62
2018,Amravati,Nandgaon Kh,Rock,112.9
2018,Amravati,Chandur Railway,Unpaved,39.92
2018,Amravati,Chandur Railway,Rock,39.4
2018,Amravati,Dhamangaon Re,Unpaved,3.5
2018,Amravati,Dhamangaon Re,Rock,20.9
2019,Amravati,Dharani,Unpaved,46.78
2019,Amravati,Dharani,Rock,265.5
2019,Amravati,Chikhraldara,Unpaved,98.11
2019,Amravati,Chikhraldara,Rock,264.64
2019,Amravati,Anjangaon Su,Unpaved,7.87
2019,Amravati,Anjangaon Su,Rock,36.23
2019,Amravati,Achalpur,Unpaved,27.48
2019,Amravati,Achalpur,Rock,27.25
2019,Amravati,Chandurbazar,Unpaved,9.56
2019,Amravati,Chandurbazar,Rock,29.42
2019,Amravati,Morshi,Unpaved,12.15
2019,Amravati,Morshi,Rock,61.59
2019,Amravati,Warud,Unpaved,68.94
2019,Amravati,Warud,Rock,73.55
2019,Amravati,Tivas,Unpaved,0
2019,Amravati,Tivas,Rock,27.22
2019,Amravati,Amravati,Unpaved,33.37
2019,Amravati,Amravati,Rock,38.61
2019,Amravati,Bhatkuli,Unpaved,12.62
2019,Amravati,Bhatkuli,Rock,23.13
2019,Amravati,Daryapur,Unpaved,50.74
2019,Amravati,Daryapur,Rock,42.25
2019,Amravati,Nandgaon Kh,Unpaved,63.62
2019,Amravati,Nandgaon Kh,Rock,96.15
2019,Amravati,Chandur Railway,Unpaved,39.78
2019,Amravati,Chandur Railway,Rock,36.42
2019,Amravati,Dhamangaon Re,Unpaved,3.5
2019,Amravati,Dhamangaon Re,Rock,17.67
2020,Amravati,Dharani,Unpaved,43.67
2020,Amravati,Dharani,Rock,258.04
2020,Amravati,Chikhraldara,Unpaved,98.11
2020,Amravati,Chikhraldara,Rock,262.94
2020,Amravati,Anjangaon Su,Unpaved,11.55
2020,Amravati,Anjangaon Su,Rock,36.23
2020,Amravati,Achalpur,Unpaved,30.7
2020,Amravati,Achalpur,Rock,19.2
2020,Amravati,Chandurbazar,Unpaved,14.85
2020,Amravati,Chandurbazar,Rock,29.1
2020,Amravati,Morshi,Unpaved,27.05
2020,Amravati,Morshi,Rock,95.04
2020,Amravati,Warud,Unpaved,66.1
2020,Amravati,Warud,Rock,82.55
2020,Amravati,Tivas,Unpaved,10.2
2020,Amravati,Tivas,Rock,27.22
2020,Amravati,Amravati,Unpaved,34.23
2020,Amravati,Amravati,Rock,39.45
2020,Amravati,Bhatkuli,Unpaved,12.62
2020,Amravati,Bhatkuli,Rock,21.13
2020,Amravati,Daryapur,Unpaved,50.44
2020,Amravati,Daryapur,Rock,42.55
2020,Amravati,Nandgaon Kh,Unpaved,55.62
2020,Amravati,Nandgaon Kh,Rock,101.41
2020,Amravati,Chandur Railway,Unpaved,38.56
2020,Amravati,Chandur Railway,Rock,38.54
2020,Amravati,Dhamangaon Re,Unpaved,3.5
2020,Amravati,Dhamangaon Re,Rock,19.67
2021,Amravati,Dharani,Unpaved,42.97
2021,Amravati,Dharani,Rock,249.76
2021,Amravati,Chikhraldara,Unpaved,97.99
2021,Amravati,Chikhraldara,Rock,262.94
2021,Amravati,Anjangaon Su,Unpaved,11.55
2021,Amravati,Anjangaon Su,Rock,37.23
2021,Amravati,Achalpur,Unpaved,28.7
2021,Amravati,Achalpur,Rock,18.9
2021,Amravati,Chandurbazar,Unpaved,14.85
2021,Amravati,Chandurbazar,Rock,29.1
2021,Amravati,Morshi,Unpaved,32.85
2021,Amravati,Morshi,Rock,85.34
2021,Amravati,Warud,Unpaved,64.3
2021,Amravati,Warud,Rock,85.35
2021,Amravati,Tivas,Unpaved,8.37
2021,Amravati,Tivas,Rock,28.22
2021,Amravati,Amravati,Unpaved,38.5
2021,Amravati,Amravati,Rock,48.45
2021,Amravati,Bhatkuli,Unpaved,17.62
2021,Amravati,Bhatkuli,Rock,19.39
2021,Amravati,Daryapur,Unpaved,50.44
2021,Amravati,Daryapur,Rock,42.55
2021,Amravati,Nandgaon Kh,Unpaved,54.92
2021,Amravati,Nandgaon Kh,Rock,101.08
2021,Amravati,Chandur Railway,Unpaved,35.36
2021,Amravati,Chandur Railway,Rock,41.14
2021,Amravati,Dhamangaon Re,Unpaved,3.6
2021,Amravati,Dhamangaon Re,Rock,19.67
2012,Chh. Sambhaji Nagar,Kannad,Unpaved,159.8
2012,Chh. Sambhaji Nagar,Kannad,Rock,392.6
2012,Chh. Sambhaji Nagar,Kannad,Asphalt/Cement/Concrete,511
2012,Chh. Sambhaji Nagar,Soyegaon ,Unpaved,0
2012,Chh. Sambhaji Nagar,Soyegaon ,Rock,156
2012,Chh. Sambhaji Nagar,Soyegaon ,Asphalt/Cement/Concrete,284.65
2012,Chh. Sambhaji Nagar,Sillod,Unpaved,51.5
2012,Chh. Sambhaji Nagar,Sillod,Rock,301.3
2012,Chh. Sambhaji Nagar,Sillod,Asphalt/Cement/Concrete,602.7
2012,Chh. Sambhaji Nagar,Phulambri,Unpaved,37.7
2012,Chh. Sambhaji Nagar,Phulambri,Rock,269.75
2012,Chh. Sambhaji Nagar,Phulambri,Asphalt/Cement/Concrete,373.95
2012,Chh. Sambhaji Nagar,Chhatrapati Sambhaji Nagar,Unpaved,79.52
2012,Chh. Sambhaji Nagar,Chhatrapati Sambhaji Nagar,Rock,374.82
2012,Chh. Sambhaji Nagar,Chhatrapati Sambhaji Nagar,Asphalt/Cement/Concrete,2112.59
2012,Chh. Sambhaji Nagar,Khultabad,Unpaved,3
2012,Chh. Sambhaji Nagar,Khultabad,Rock,142.92
2012,Chh. Sambhaji Nagar,Khultabad,Asphalt/Cement/Concrete,289.99
2012,Chh. Sambhaji Nagar,Vaijapur,Unpaved,11.5
2012,Chh. Sambhaji Nagar,Vaijapur,Rock,635.7
2012,Chh. Sambhaji Nagar,Vaijapur,Asphalt/Cement/Concrete,416.37
2012,Chh. Sambhaji Nagar,Gangapur,Unpaved,19.9
2012,Chh. Sambhaji Nagar,Gangapur,Rock,439.7
2012,Chh. Sambhaji Nagar,Gangapur,Asphalt/Cement/Concrete,729.2
2012,Chh. Sambhaji Nagar,Paithan,Unpaved,54.5
2012,Chh. Sambhaji Nagar,Paithan,Rock,309.45
2012,Chh. Sambhaji Nagar,Paithan,Asphalt/Cement/Concrete,763.32
2013,Chh. Sambhaji Nagar,Kannad,Unpaved,159.8
2013,Chh. Sambhaji Nagar,Kannad,Rock,392.6
2013,Chh. Sambhaji Nagar,Kannad,Asphalt/Cement/Concrete,511
2013,Chh. Sambhaji Nagar,Soyegaon ,Unpaved,0
2013,Chh. Sambhaji Nagar,Soyegaon ,Rock,156.9
2013,Chh. Sambhaji Nagar,Soyegaon ,Asphalt/Cement/Concrete,284.65
2013,Chh. Sambhaji Nagar,Sillod,Unpaved,51.5
2013,Chh. Sambhaji Nagar,Sillod,Rock,301.3
2013,Chh. Sambhaji Nagar,Sillod,Asphalt/Cement/Concrete,602.7
2013,Chh. Sambhaji Nagar,Phulambri,Unpaved,37.7
2013,Chh. Sambhaji Nagar,Phulambri,Rock,269.75
2013,Chh. Sambhaji Nagar,Phulambri,Asphalt/Cement/Concrete,293.95
2013,Chh. Sambhaji Nagar,Chhatrapati Sambhaji Nagar,Unpaved,136.67
2013,Chh. Sambhaji Nagar,Chhatrapati Sambhaji Nagar,Rock,1005.08
2013,Chh. Sambhaji Nagar,Chhatrapati Sambhaji Nagar,Asphalt/Cement/Concrete,2339.28
2013,Chh. Sambhaji Nagar,Khultabad,Unpaved,3
2013,Chh. Sambhaji Nagar,Khultabad,Rock,142.92
2013,Chh. Sambhaji Nagar,Khultabad,Asphalt/Cement/Concrete,289.99
2013,Chh. Sambhaji Nagar,Vaijapur,Unpaved,11.5
2013,Chh. Sambhaji Nagar,Vaijapur,Rock,635.7
2013,Chh. Sambhaji Nagar,Vaijapur,Asphalt/Cement/Concrete,477.97
2013,Chh. Sambhaji Nagar,Gangapur,Unpaved,19.9
2013,Chh. Sambhaji Nagar,Gangapur,Rock,439.7
2013,Chh. Sambhaji Nagar,Gangapur,Asphalt/Cement/Concrete,729.2
2013,Chh. Sambhaji Nagar,Paithan,Unpaved,54.5
2013,Chh. Sambhaji Nagar,Paithan,Rock,309.45
2013,Chh. Sambhaji Nagar,Paithan,Asphalt/Cement/Concrete,763.32
2014,Chh. Sambhaji Nagar,Kannad,Unpaved,33.98
2014,Chh. Sambhaji Nagar,Kannad,Rock,490.11
2014,Chh. Sambhaji Nagar,Kannad,Asphalt/Cement/Concrete,890.85
2014,Chh. Sambhaji Nagar,Soyegaon ,Unpaved,99.26
2014,Chh. Sambhaji Nagar,Soyegaon ,Rock,179.77
2014,Chh. Sambhaji Nagar,Soyegaon ,Asphalt/Cement/Concrete,358.82
2014,Chh. Sambhaji Nagar,Sillod,Unpaved,80.3
2014,Chh. Sambhaji Nagar,Sillod,Rock,363.54
2014,Chh. Sambhaji Nagar,Sillod,Asphalt/Cement/Concrete,821.51
2014,Chh. Sambhaji Nagar,Phulambri,Unpaved,117.1
2014,Chh. Sambhaji Nagar,Phulambri,Rock,282.32
2014,Chh. Sambhaji Nagar,Phulambri,Asphalt/Cement/Concrete,413.23
2014,Chh. Sambhaji Nagar,Chhatrapati Sambhaji Nagar,Unpaved,206.3
2014,Chh. Sambhaji Nagar,Chhatrapati Sambhaji Nagar,Rock,1140.93
2014,Chh. Sambhaji Nagar,Chhatrapati Sambhaji Nagar,Asphalt/Cement/Concrete,837.08
2014,Chh. Sambhaji Nagar,Khultabad,Unpaved,35.16
2014,Chh. Sambhaji Nagar,Khultabad,Rock,156.06
2014,Chh. Sambhaji Nagar,Khultabad,Asphalt/Cement/Concrete,440.05
2014,Chh. Sambhaji Nagar,Vaijapur,Unpaved,35
2014,Chh. Sambhaji Nagar,Vaijapur,Rock,682.15
2014,Chh. Sambhaji Nagar,Vaijapur,Asphalt/Cement/Concrete,799.44
2014,Chh. Sambhaji Nagar,Gangapur,Unpaved,6.1
2014,Chh. Sambhaji Nagar,Gangapur,Rock,502.12
2014,Chh. Sambhaji Nagar,Gangapur,Asphalt/Cement/Concrete,665.25
2014,Chh. Sambhaji Nagar,Paithan,Unpaved,160.04
2014,Chh. Sambhaji Nagar,Paithan,Rock,345.2
2014,Chh. Sambhaji Nagar,Paithan,Asphalt/Cement/Concrete,638.67
2015,Chh. Sambhaji Nagar,Kannad,Unpaved,36.78
2015,Chh. Sambhaji Nagar,Kannad,Rock,546.49
2015,Chh. Sambhaji Nagar,Kannad,Asphalt/Cement/Concrete,899.35
2015,Chh. Sambhaji Nagar,Soyegaon ,Unpaved,97.46
2015,Chh. Sambhaji Nagar,Soyegaon ,Rock,187.1
2015,Chh. Sambhaji Nagar,Soyegaon ,Asphalt/Cement/Concrete,382.44
2015,Chh. Sambhaji Nagar,Sillod,Unpaved,80.5
2015,Chh. Sambhaji Nagar,Sillod,Rock,299.11
2015,Chh. Sambhaji Nagar,Sillod,Asphalt/Cement/Concrete,765.19
2015,Chh. Sambhaji Nagar,Phulambri,Unpaved,135.64
2015,Chh. Sambhaji Nagar,Phulambri,Rock,347.2
2015,Chh. Sambhaji Nagar,Phulambri,Asphalt/Cement/Concrete,590.15
2015,Chh. Sambhaji Nagar,Chhatrapati Sambhaji Nagar,Unpaved,188.95
2015,Chh. Sambhaji Nagar,Chhatrapati Sambhaji Nagar,Rock,590.85
2015,Chh. Sambhaji Nagar,Chhatrapati Sambhaji Nagar,Asphalt/Cement/Concrete,726.4
2015,Chh. Sambhaji Nagar,Khultabad,Unpaved,34.19
2015,Chh. Sambhaji Nagar,Khultabad,Rock,214.5
2015,Chh. Sambhaji Nagar,Khultabad,Asphalt/Cement/Concrete,398.2
2015,Chh. Sambhaji Nagar,Vaijapur,Unpaved,16.58
2015,Chh. Sambhaji Nagar,Vaijapur,Rock,694.25
2015,Chh. Sambhaji Nagar,Vaijapur,Asphalt/Cement/Concrete,799.55
2015,Chh. Sambhaji Nagar,Gangapur,Unpaved,15.6
2015,Chh. Sambhaji Nagar,Gangapur,Rock,571.85
2015,Chh. Sambhaji Nagar,Gangapur,Asphalt/Cement/Concrete,702.23
2015,Chh. Sambhaji Nagar,Paithan,Unpaved,167.54
2015,Chh. Sambhaji Nagar,Paithan,Rock,690.85
2015,Chh. Sambhaji Nagar,Paithan,Asphalt/Cement/Concrete,671.11
2016,Chh. Sambhaji Nagar,Kannad,Unpaved,386.34
2016,Chh. Sambhaji Nagar,Kannad,Rock,255.1
2016,Chh. Sambhaji Nagar,Kannad,Asphalt/Cement/Concrete,840.8
2016,Chh. Sambhaji Nagar,Soyegaon ,Unpaved,99.46
2016,Chh. Sambhaji Nagar,Soyegaon ,Rock,157.75
2016,Chh. Sambhaji Nagar,Soyegaon ,Asphalt/Cement/Concrete,287.89
2016,Chh. Sambhaji Nagar,Sillod,Unpaved,112.1
2016,Chh. Sambhaji Nagar,Sillod,Rock,310.31
2016,Chh. Sambhaji Nagar,Sillod,Asphalt/Cement/Concrete,728.89
2016,Chh. Sambhaji Nagar,Phulambri,Unpaved,119.95
2016,Chh. Sambhaji Nagar,Phulambri,Rock,345.4
2016,Chh. Sambhaji Nagar,Phulambri,Asphalt/Cement/Concrete,473.97
2016,Chh. Sambhaji Nagar,Chhatrapati Sambhaji Nagar,Unpaved,456.75
2016,Chh. Sambhaji Nagar,Chhatrapati Sambhaji Nagar,Rock,598.57
2016,Chh. Sambhaji Nagar,Chhatrapati Sambhaji Nagar,Asphalt/Cement/Concrete,2072.12
2016,Chh. Sambhaji Nagar,Khultabad,Unpaved,108.26
2016,Chh. Sambhaji Nagar,Khultabad,Rock,152.5
2016,Chh. Sambhaji Nagar,Khultabad,Asphalt/Cement/Concrete,315.9
2016,Chh. Sambhaji Nagar,Vaijapur,Unpaved,35.5
2016,Chh. Sambhaji Nagar,Vaijapur,Rock,703.21
2016,Chh. Sambhaji Nagar,Vaijapur,Asphalt/Cement/Concrete,763.75
2016,Chh. Sambhaji Nagar,Gangapur,Unpaved,49.3
2016,Chh. Sambhaji Nagar,Gangapur,Rock,580.55
2016,Chh. Sambhaji Nagar,Gangapur,Asphalt/Cement/Concrete,661.35
2016,Chh. Sambhaji Nagar,Paithan,Unpaved,212.74
2016,Chh. Sambhaji Nagar,Paithan,Rock,672.69
2016,Chh. Sambhaji Nagar,Paithan,Asphalt/Cement/Concrete,691.51
2017,Chh. Sambhaji Nagar,Kannad,Unpaved,337.28
2017,Chh. Sambhaji Nagar,Kannad,Rock,251.83
2017,Chh. Sambhaji Nagar,Kannad,Asphalt/Cement/Concrete,912.13
2017,Chh. Sambhaji Nagar,Soyegaon ,Unpaved,109.16
2017,Chh. Sambhaji Nagar,Soyegaon ,Rock,170.2
2017,Chh. Sambhaji Nagar,Soyegaon ,Asphalt/Cement/Concrete,310.74
2017,Chh. Sambhaji Nagar,Sillod,Unpaved,113.5
2017,Chh. Sambhaji Nagar,Sillod,Rock,305.13
2017,Chh. Sambhaji Nagar,Sillod,Asphalt/Cement/Concrete,773
2017,Chh. Sambhaji Nagar,Phulambri,Unpaved,129.8
2017,Chh. Sambhaji Nagar,Phulambri,Rock,351
2017,Chh. Sambhaji Nagar,Phulambri,Asphalt/Cement/Concrete,549.27
2017,Chh. Sambhaji Nagar,Chhatrapati Sambhaji Nagar,Unpaved,732.91
2017,Chh. Sambhaji Nagar,Chhatrapati Sambhaji Nagar,Rock,456.62
2017,Chh. Sambhaji Nagar,Chhatrapati Sambhaji Nagar,Asphalt/Cement/Concrete,1915.84
2017,Chh. Sambhaji Nagar,Khultabad,Unpaved,85.76
2017,Chh. Sambhaji Nagar,Khultabad,Rock,136.85
2017,Chh. Sambhaji Nagar,Khultabad,Asphalt/Cement/Concrete,314.65
2017,Chh. Sambhaji Nagar,Vaijapur,Unpaved,37.5
2017,Chh. Sambhaji Nagar,Vaijapur,Rock,719.51
2017,Chh. Sambhaji Nagar,Vaijapur,Asphalt/Cement/Concrete,732.85
2017,Chh. Sambhaji Nagar,Gangapur,Unpaved,47.14
2017,Chh. Sambhaji Nagar,Gangapur,Rock,569.5
2017,Chh. Sambhaji Nagar,Gangapur,Asphalt/Cement/Concrete,703.59
2017,Chh. Sambhaji Nagar,Paithan,Unpaved,177.58
2017,Chh. Sambhaji Nagar,Paithan,Rock,644.59
2017,Chh. Sambhaji Nagar,Paithan,Asphalt/Cement/Concrete,751.51
2018,Chh. Sambhaji Nagar,Kannad,Unpaved,113
2018,Chh. Sambhaji Nagar,Kannad,Rock,183
2018,Chh. Sambhaji Nagar,Soyegaon ,Unpaved,148
2018,Chh. Sambhaji Nagar,Soyegaon ,Rock,65
2018,Chh. Sambhaji Nagar,Sillod,Unpaved,145
2018,Chh. Sambhaji Nagar,Sillod,Rock,215
2018,Chh. Sambhaji Nagar,Phulambri,Unpaved,215
2018,Chh. Sambhaji Nagar,Phulambri,Rock,149
2018,Chh. Sambhaji Nagar,Chhatrapati Sambhaji Nagar,Unpaved,466
2018,Chh. Sambhaji Nagar,Chhatrapati Sambhaji Nagar,Rock,248
2018,Chh. Sambhaji Nagar,Khultabad,Unpaved,41
2018,Chh. Sambhaji Nagar,Khultabad,Rock,21
2018,Chh. Sambhaji Nagar,Vaijapur,Unpaved,189
2018,Chh. Sambhaji Nagar,Vaijapur,Rock,185
2018,Chh. Sambhaji Nagar,Gangapur,Unpaved,201
2018,Chh. Sambhaji Nagar,Gangapur,Rock,65
2018,Chh. Sambhaji Nagar,Paithan,Unpaved,453
2018,Chh. Sambhaji Nagar,Paithan,Rock,235
2019,Chh. Sambhaji Nagar,Kannad,Unpaved,113
2019,Chh. Sambhaji Nagar,Kannad,Rock,183
2019,Chh. Sambhaji Nagar,Soyegaon ,Unpaved,148
2019,Chh. Sambhaji Nagar,Soyegaon ,Rock,55
2019,Chh. Sambhaji Nagar,Sillod,Unpaved,139
2019,Chh. Sambhaji Nagar,Sillod,Rock,199
2019,Chh. Sambhaji Nagar,Phulambri,Unpaved,152
2019,Chh. Sambhaji Nagar,Phulambri,Rock,152.2
2019,Chh. Sambhaji Nagar,Chhatrapati Sambhaji Nagar,Unpaved,422
2019,Chh. Sambhaji Nagar,Chhatrapati Sambhaji Nagar,Rock,248.76
2019,Chh. Sambhaji Nagar,Khultabad,Unpaved,34
2019,Chh. Sambhaji Nagar,Khultabad,Rock,9.4
2019,Chh. Sambhaji Nagar,Vaijapur,Unpaved,170
2019,Chh. Sambhaji Nagar,Vaijapur,Rock,172
2019,Chh. Sambhaji Nagar,Gangapur,Unpaved,262
2019,Chh. Sambhaji Nagar,Gangapur,Rock,45
2019,Chh. Sambhaji Nagar,Paithan,Unpaved,448
2019,Chh. Sambhaji Nagar,Paithan,Rock,215.64
2020,Chh. Sambhaji Nagar,Kannad,Unpaved,113
2020,Chh. Sambhaji Nagar,Kannad,Rock,171
2020,Chh. Sambhaji Nagar,Soyegaon ,Unpaved,148
2020,Chh. Sambhaji Nagar,Soyegaon ,Rock,55
2020,Chh. Sambhaji Nagar,Sillod,Unpaved,139
2020,Chh. Sambhaji Nagar,Sillod,Rock,183
2020,Chh. Sambhaji Nagar,Phulambri,Unpaved,152
2020,Chh. Sambhaji Nagar,Phulambri,Rock,152.2
2020,Chh. Sambhaji Nagar,Chhatrapati Sambhaji Nagar,Unpaved,845.82
2020,Chh. Sambhaji Nagar,Chhatrapati Sambhaji Nagar,Rock,240.26
2020,Chh. Sambhaji Nagar,Khultabad,Unpaved,34
2020,Chh. Sambhaji Nagar,Khultabad,Rock,9.4
2020,Chh. Sambhaji Nagar,Vaijapur,Unpaved,170
2020,Chh. Sambhaji Nagar,Vaijapur,Rock,162
2020,Chh. Sambhaji Nagar,Gangapur,Unpaved,262
2020,Chh. Sambhaji Nagar,Gangapur,Rock,45
2020,Chh. Sambhaji Nagar,Paithan,Unpaved,448
2020,Chh. Sambhaji Nagar,Paithan,Rock,203.64
2021,Chh. Sambhaji Nagar,Kannad,Unpaved,113
2021,Chh. Sambhaji Nagar,Kannad,Rock,166
2021,Chh. Sambhaji Nagar,Kannad,Asphalt/Cement/Concrete,1004
2021,Chh. Sambhaji Nagar,Soyegaon ,Unpaved,183
2021,Chh. Sambhaji Nagar,Soyegaon ,Rock,55
2021,Chh. Sambhaji Nagar,Soyegaon ,Asphalt/Cement/Concrete,385
2021,Chh. Sambhaji Nagar,Sillod,Unpaved,119.55
2021,Chh. Sambhaji Nagar,Sillod,Rock,177
2021,Chh. Sambhaji Nagar,Sillod,Asphalt/Cement/Concrete,632.08
2021,Chh. Sambhaji Nagar,Phulambri,Unpaved,152
2021,Chh. Sambhaji Nagar,Phulambri,Rock,140.2
2021,Chh. Sambhaji Nagar,Phulambri,Asphalt/Cement/Concrete,640
2021,Chh. Sambhaji Nagar,Chhatrapati Sambhaji Nagar,Unpaved,1055.67
2021,Chh. Sambhaji Nagar,Chhatrapati Sambhaji Nagar,Rock,218.26
2021,Chh. Sambhaji Nagar,Chhatrapati Sambhaji Nagar,Asphalt/Cement/Concrete,1353
2021,Chh. Sambhaji Nagar,Khultabad,Unpaved,21
2021,Chh. Sambhaji Nagar,Khultabad,Rock,9.4
2021,Chh. Sambhaji Nagar,Khultabad,Asphalt/Cement/Concrete,427
2021,Chh. Sambhaji Nagar,Vaijapur,Unpaved,169.99
2021,Chh. Sambhaji Nagar,Vaijapur,Rock,154
2021,Chh. Sambhaji Nagar,Vaijapur,Asphalt/Cement/Concrete,1038
2021,Chh. Sambhaji Nagar,Gangapur,Unpaved,262.4
2021,Chh. Sambhaji Nagar,Gangapur,Rock,45
2021,Chh. Sambhaji Nagar,Gangapur,Asphalt/Cement/Concrete,929
2021,Chh. Sambhaji Nagar,Paithan,Unpaved,448.21
2021,Chh. Sambhaji Nagar,Paithan,Rock,198.64
2021,Chh. Sambhaji Nagar,Paithan,Asphalt/Cement/Concrete,866
2013,Beed,Ashti,Unpaved,229.3
2013,Beed,Ashti,Rock,577.15
2013,Beed,Ashti,Asphalt/Cement/Concrete,747.9
2013,Beed,Patoda,Unpaved,118.5
2013,Beed,Patoda,Rock,170
2013,Beed,Patoda,Asphalt/Cement/Concrete,523.8
2013,Beed,Shirur Kasar,Unpaved,190.5
2013,Beed,Shirur Kasar,Rock,181
2013,Beed,Shirur Kasar,Asphalt/Cement/Concrete,298.7
2013,Beed,Gevrai,Unpaved,327.25
2013,Beed,Gevrai,Rock,306.2
2013,Beed,Gevrai,Asphalt/Cement/Concrete,824.8
2013,Beed,Majalgaon,Unpaved,516.35
2013,Beed,Majalgaon,Rock,272.5
2013,Beed,Majalgaon,Asphalt/Cement/Concrete,810.24
2013,Beed,Wadwani,Unpaved,217.03
2013,Beed,Wadwani,Rock,32.1
2013,Beed,Wadwani,Asphalt/Cement/Concrete,332.45
2013,Beed,Beed,Unpaved,498.17
2013,Beed,Beed,Rock,416.1
2013,Beed,Beed,Asphalt/Cement/Concrete,1286.17
2013,Beed,Cage,Unpaved,124.95
2013,Beed,Cage,Rock,274.25
2013,Beed,Cage,Asphalt/Cement/Concrete,936.1
2013,Beed,Dharur,Unpaved,301.9
2013,Beed,Dharur,Rock,66
2013,Beed,Dharur,Asphalt/Cement/Concrete,331.05
2013,Beed,Parli,Unpaved,305.03
2013,Beed,Parli,Rock,178.19
2013,Beed,Parli,Asphalt/Cement/Concrete,640.82
2013,Beed,Ambajogai,Unpaved,245.65
2013,Beed,Ambajogai,Rock,197.05
2013,Beed,Ambajogai,Asphalt/Cement/Concrete,893.15
2014,Beed,Ashti,Unpaved,229.3
2014,Beed,Ashti,Rock,577.15
2014,Beed,Ashti,Asphalt/Cement/Concrete,762.8
2014,Beed,Patoda,Unpaved,118.5
2014,Beed,Patoda,Rock,170
2014,Beed,Patoda,Asphalt/Cement/Concrete,498.8
2014,Beed,Shirur Kasar,Unpaved,190.5
2014,Beed,Shirur Kasar,Rock,181
2014,Beed,Shirur Kasar,Asphalt/Cement/Concrete,387.7
2014,Beed,Gevrai,Unpaved,327.25
2014,Beed,Gevrai,Rock,306.2
2014,Beed,Gevrai,Asphalt/Cement/Concrete,782
2014,Beed,Majalgaon,Unpaved,516.35
2014,Beed,Majalgaon,Rock,272.5
2014,Beed,Majalgaon,Asphalt/Cement/Concrete,651.35
2014,Beed,Wadwani,Unpaved,217.03
2014,Beed,Wadwani,Rock,32.1
2014,Beed,Wadwani,Asphalt/Cement/Concrete,259.7
2014,Beed,Beed,Unpaved,498.17
2014,Beed,Beed,Rock,416.1
2014,Beed,Beed,Asphalt/Cement/Concrete,1289.17
2014,Beed,Cage,Unpaved,124.95
2014,Beed,Cage,Rock,274.25
2014,Beed,Cage,Asphalt/Cement/Concrete,948.55
2014,Beed,Dharur,Unpaved,301.9
2014,Beed,Dharur,Rock,66
2014,Beed,Dharur,Asphalt/Cement/Concrete,359.15
2014,Beed,Parli,Unpaved,305.03
2014,Beed,Parli,Rock,178.19
2014,Beed,Parli,Asphalt/Cement/Concrete,585.42
2014,Beed,Ambajogai,Unpaved,245.65
2014,Beed,Ambajogai,Rock,197.05
2014,Beed,Ambajogai,Asphalt/Cement/Concrete,873.45
2015,Beed,Ashti,Unpaved,259.3
2015,Beed,Ashti,Rock,648.2
2015,Beed,Ashti,Asphalt/Cement/Concrete,672.45
2015,Beed,Patoda,Unpaved,158.9
2015,Beed,Patoda,Rock,197.75
2015,Beed,Patoda,Asphalt/Cement/Concrete,377.25
2015,Beed,Shirur Kasar,Unpaved,221.6
2015,Beed,Shirur Kasar,Rock,236.1
2015,Beed,Shirur Kasar,Asphalt/Cement/Concrete,303.1
2015,Beed,Gevrai,Unpaved,365.65
2015,Beed,Gevrai,Rock,304.8
2015,Beed,Gevrai,Asphalt/Cement/Concrete,759.9
2015,Beed,Majalgaon,Unpaved,525.35
2015,Beed,Majalgaon,Rock,297.5
2015,Beed,Majalgaon,Asphalt/Cement/Concrete,619.35
2015,Beed,Wadwani,Unpaved,208.03
2015,Beed,Wadwani,Rock,32.1
2015,Beed,Wadwani,Asphalt/Cement/Concrete,247.2
2015,Beed,Beed,Unpaved,727.55
2015,Beed,Beed,Rock,416.1
2015,Beed,Beed,Asphalt/Cement/Concrete,1041.39
2015,Beed,Cage,Unpaved,132.45
2015,Beed,Cage,Rock,280.35
2015,Beed,Cage,Asphalt/Cement/Concrete,951.95
2015,Beed,Dharur,Unpaved,314.6
2015,Beed,Dharur,Rock,67
2015,Beed,Dharur,Asphalt/Cement/Concrete,376.45
2015,Beed,Parli,Unpaved,306.63
2015,Beed,Parli,Rock,183.39
2015,Beed,Parli,Asphalt/Cement/Concrete,579.62
2015,Beed,Ambajogai,Unpaved,273.75
2015,Beed,Ambajogai,Rock,210.77
2015,Beed,Ambajogai,Asphalt/Cement/Concrete,832.5
2016,Beed,Ashti,Unpaved,259.3
2016,Beed,Ashti,Rock,648.2
2016,Beed,Ashti,Asphalt/Cement/Concrete,672.45
2016,Beed,Patoda,Unpaved,158.9
2016,Beed,Patoda,Rock,197.75
2016,Beed,Patoda,Asphalt/Cement/Concrete,377.25
2016,Beed,Shirur Kasar,Unpaved,221.6
2016,Beed,Shirur Kasar,Rock,236.1
2016,Beed,Shirur Kasar,Asphalt/Cement/Concrete,303.1
2016,Beed,Gevrai,Unpaved,364.6
2016,Beed,Gevrai,Rock,301.2
2016,Beed,Gevrai,Asphalt/Cement/Concrete,683.55
2016,Beed,Majalgaon,Unpaved,529.45
2016,Beed,Majalgaon,Rock,292.5
2016,Beed,Majalgaon,Asphalt/Cement/Concrete,561.4
2016,Beed,Wadwani,Unpaved,208.03
2016,Beed,Wadwani,Rock,32.1
2016,Beed,Wadwani,Asphalt/Cement/Concrete,247.2
2016,Beed,Beed,Unpaved,765.55
2016,Beed,Beed,Rock,361.1
2016,Beed,Beed,Asphalt/Cement/Concrete,1061.79
2016,Beed,Cage,Unpaved,134.45
2016,Beed,Cage,Rock,289.85
2016,Beed,Cage,Asphalt/Cement/Concrete,946.95
2016,Beed,Dharur,Unpaved,308.6
2016,Beed,Dharur,Rock,67.25
2016,Beed,Dharur,Asphalt/Cement/Concrete,372.45
2016,Beed,Parli,Unpaved,529.37
2016,Beed,Parli,Rock,183.39
2016,Beed,Parli,Asphalt/Cement/Concrete,579.62
2016,Beed,Ambajogai,Unpaved,273.75
2016,Beed,Ambajogai,Rock,210.77
2016,Beed,Ambajogai,Asphalt/Cement/Concrete,832.5
2017,Beed,Ashti,Unpaved,263.3
2017,Beed,Ashti,Rock,653.2
2017,Beed,Patoda,Unpaved,158.9
2017,Beed,Patoda,Rock,197.75
2017,Beed,Shirur Kasar,Unpaved,227.6
2017,Beed,Shirur Kasar,Rock,236.1
2017,Beed,Gevrai,Unpaved,364.6
2017,Beed,Gevrai,Rock,301.2
2017,Beed,Majalgaon,Unpaved,529.45
2017,Beed,Majalgaon,Rock,292.5
2017,Beed,Wadwani,Unpaved,208.03
2017,Beed,Wadwani,Rock,36.1
2017,Beed,Beed,Unpaved,775.55
2017,Beed,Beed,Rock,371.1
2017,Beed,Cage,Unpaved,134.45
2017,Beed,Cage,Rock,290.85
2017,Beed,Dharur,Unpaved,311.7
2017,Beed,Dharur,Rock,66.52
2017,Beed,Parli,Unpaved,300.85
2017,Beed,Parli,Rock,171.15
2017,Beed,Ambajogai,Unpaved,273.75
2017,Beed,Ambajogai,Rock,210.77
2018,Beed,Ashti,Unpaved,286.1
2018,Beed,Ashti,Rock,699.45
2018,Beed,Patoda,Unpaved,173.2
2018,Beed,Patoda,Rock,192.5
2018,Beed,Shirur Kasar,Unpaved,240.4
2018,Beed,Shirur Kasar,Rock,215.3
2018,Beed,Gevrai,Unpaved,339.75
2018,Beed,Gevrai,Rock,312.7
2018,Beed,Majalgaon,Unpaved,176.65
2018,Beed,Majalgaon,Rock,220.9
2018,Beed,Wadwani,Unpaved,120.7
2018,Beed,Wadwani,Rock,80
2018,Beed,Beed,Unpaved,776.85
2018,Beed,Beed,Rock,384.8
2018,Beed,Cage,Unpaved,507.8
2018,Beed,Cage,Rock,189.6
2018,Beed,Dharur,Unpaved,89.7
2018,Beed,Dharur,Rock,60.5
2018,Beed,Parli,Unpaved,285.18
2018,Beed,Parli,Rock,263.4
2018,Beed,Ambajogai,Unpaved,556.43
2018,Beed,Ambajogai,Rock,227.42
2019,Beed,Ashti,Unpaved,273.41
2019,Beed,Ashti,Rock,563.74
2019,Beed,Patoda,Unpaved,171.7
2019,Beed,Patoda,Rock,211.4
2019,Beed,Shirur Kasar,Unpaved,240.4
2019,Beed,Shirur Kasar,Rock,260.1
2019,Beed,Gevrai,Unpaved,367.9
2019,Beed,Gevrai,Rock,962.16
2019,Beed,Majalgaon,Unpaved,522.45
2019,Beed,Majalgaon,Rock,417.52
2019,Beed,Wadwani,Unpaved,208.3
2019,Beed,Wadwani,Rock,571.48
2019,Beed,Beed,Unpaved,775.65
2019,Beed,Beed,Rock,967.39
2019,Beed,Cage,Unpaved,106.5
2019,Beed,Cage,Rock,313.95
2019,Beed,Dharur,Unpaved,311.7
2019,Beed,Dharur,Rock,1.52
2019,Beed,Parli,Unpaved,297.61
2019,Beed,Parli,Rock,207.14
2019,Beed,Ambajogai,Unpaved,220.93
2019,Beed,Ambajogai,Rock,1270.1
2020,Beed,Ashti,Unpaved,286.21
2020,Beed,Ashti,Rock,522.04
2020,Beed,Patoda,Unpaved,171.7
2020,Beed,Patoda,Rock,192.5
2020,Beed,Shirur Kasar,Unpaved,240.4
2020,Beed,Shirur Kasar,Rock,212.6
2020,Beed,Gevrai,Unpaved,342.1
2020,Beed,Gevrai,Rock,326.68
2020,Beed,Majalgaon,Unpaved,538.65
2020,Beed,Majalgaon,Rock,300.74
2020,Beed,Wadwani,Unpaved,208.03
2020,Beed,Wadwani,Rock,42.1
2020,Beed,Beed,Unpaved,808.05
2020,Beed,Beed,Rock,393.1
2020,Beed,Cage,Unpaved,105.99
2020,Beed,Cage,Rock,287.12
2020,Beed,Dharur,Unpaved,311.7
2020,Beed,Dharur,Rock,66.02
2020,Beed,Parli,Unpaved,300.49
2020,Beed,Parli,Rock,160.35
2020,Beed,Ambajogai,Unpaved,215.53
2020,Beed,Ambajogai,Rock,190.85
2021,Beed,Ashti,Unpaved,286.21
2021,Beed,Ashti,Rock,522.04
2021,Beed,Patoda,Unpaved,171.7
2021,Beed,Patoda,Rock,192.5
2021,Beed,Shirur Kasar,Unpaved,238.9
2021,Beed,Shirur Kasar,Rock,212.6
2021,Beed,Gevrai,Unpaved,342.6
2021,Beed,Gevrai,Rock,326.08
2021,Beed,Majalgaon,Unpaved,532.65
2021,Beed,Majalgaon,Rock,300.74
2021,Beed,Wadwani,Unpaved,208.03
2021,Beed,Wadwani,Rock,42.1
2021,Beed,Beed,Unpaved,808.05
2021,Beed,Beed,Rock,393.1
2021,Beed,Cage,Unpaved,119.99
2021,Beed,Cage,Rock,282.12
2021,Beed,Dharur,Unpaved,317.7
2021,Beed,Dharur,Rock,66.02
2021,Beed,Parli,Unpaved,297.17
2021,Beed,Parli,Rock,157.3
2021,Beed,Ambajogai,Unpaved,217.33
2021,Beed,Ambajogai,Rock,193.07
2012,Bhandara,Tumsar,Unpaved,115.65
2012,Bhandara,Tumsar,Rock,300.68
2012,Bhandara,Tumsar,Asphalt/Cement/Concrete,437.04
2012,Bhandara,Mohadi,Unpaved,46.95
2012,Bhandara,Mohadi,Rock,191.75
2012,Bhandara,Mohadi,Asphalt/Cement/Concrete,322.66
2012,Bhandara,Bhandara,Unpaved,35.1
2012,Bhandara,Bhandara,Rock,176.29
2012,Bhandara,Bhandara,Asphalt/Cement/Concrete,414.38
2012,Bhandara,Sakoli,Unpaved,167.79
2012,Bhandara,Sakoli,Rock,151.91
2012,Bhandara,Sakoli,Asphalt/Cement/Concrete,280.86
2012,Bhandara,Lakhani,Unpaved,164.4
2012,Bhandara,Lakhani,Rock,213.14
2012,Bhandara,Lakhani,Asphalt/Cement/Concrete,359.17
2012,Bhandara,Pavani,Unpaved,25.65
2012,Bhandara,Pavani,Rock,224.33
2012,Bhandara,Pavani,Asphalt/Cement/Concrete,372.1
2012,Bhandara,Lakhandur,Unpaved,52.4
2012,Bhandara,Lakhandur,Rock,156.56
2012,Bhandara,Lakhandur,Asphalt/Cement/Concrete,342.64
2013,Bhandara,Tumsar,Unpaved,405.71
2013,Bhandara,Tumsar,Rock,278.61
2013,Bhandara,Tumsar,Asphalt/Cement/Concrete,523.62
2013,Bhandara,Mohadi,Unpaved,249.45
2013,Bhandara,Mohadi,Rock,172.52
2013,Bhandara,Mohadi,Asphalt/Cement/Concrete,382.45
2013,Bhandara,Bhandara,Unpaved,397.89
2013,Bhandara,Bhandara,Rock,278.67
2013,Bhandara,Bhandara,Asphalt/Cement/Concrete,499.46
2013,Bhandara,Sakoli,Unpaved,333.71
2013,Bhandara,Sakoli,Rock,183.87
2013,Bhandara,Sakoli,Asphalt/Cement/Concrete,373.78
2013,Bhandara,Lakhani,Unpaved,133.8
2013,Bhandara,Lakhani,Rock,305.91
2013,Bhandara,Lakhani,Asphalt/Cement/Concrete,451.75
2013,Bhandara,Pavani,Unpaved,365.9
2013,Bhandara,Pavani,Rock,232.67
2013,Bhandara,Pavani,Asphalt/Cement/Concrete,362.84
2013,Bhandara,Lakhandur,Unpaved,129.91
2013,Bhandara,Lakhandur,Rock,134.98
2013,Bhandara,Lakhandur,Asphalt/Cement/Concrete,315.21
2014,Bhandara,Tumsar,Unpaved,343.8
2014,Bhandara,Tumsar,Rock,270.46
2014,Bhandara,Tumsar,Asphalt/Cement/Concrete,593.69
2014,Bhandara,Mohadi,Unpaved,238.42
2014,Bhandara,Mohadi,Rock,169.3
2014,Bhandara,Mohadi,Asphalt/Cement/Concrete,396.7
2014,Bhandara,Bhandara,Unpaved,384.18
2014,Bhandara,Bhandara,Rock,271.17
2014,Bhandara,Bhandara,Asphalt/Cement/Concrete,520.66
2014,Bhandara,Sakoli,Unpaved,352.47
2014,Bhandara,Sakoli,Rock,181.77
2014,Bhandara,Sakoli,Asphalt/Cement/Concrete,357.12
2014,Bhandara,Lakhani,Unpaved,101.07
2014,Bhandara,Lakhani,Rock,319.03
2014,Bhandara,Lakhani,Asphalt/Cement/Concrete,471.36
2014,Bhandara,Pavani,Unpaved,362.74
2014,Bhandara,Pavani,Rock,225.15
2014,Bhandara,Pavani,Asphalt/Cement/Concrete,373.52
2014,Bhandara,Lakhandur,Unpaved,121.91
2014,Bhandara,Lakhandur,Rock,138.4
2014,Bhandara,Lakhandur,Asphalt/Cement/Concrete,319.79
2015,Bhandara,Tumsar,Unpaved,329.16
2015,Bhandara,Tumsar,Rock,249.28
2015,Bhandara,Tumsar,Asphalt/Cement/Concrete,676.75
2015,Bhandara,Mohadi,Unpaved,202.96
2015,Bhandara,Mohadi,Rock,170.2
2015,Bhandara,Mohadi,Asphalt/Cement/Concrete,401.5
2015,Bhandara,Bhandara,Unpaved,343.79
2015,Bhandara,Bhandara,Rock,241.74
2015,Bhandara,Bhandara,Asphalt/Cement/Concrete,615.37
2015,Bhandara,Sakoli,Unpaved,319.88
2015,Bhandara,Sakoli,Rock,182.07
2015,Bhandara,Sakoli,Asphalt/Cement/Concrete,362.42
2015,Bhandara,Lakhani,Unpaved,144.39
2015,Bhandara,Lakhani,Rock,317.1
2015,Bhandara,Lakhani,Asphalt/Cement/Concrete,473.29
2015,Bhandara,Pavani,Unpaved,309.58
2015,Bhandara,Pavani,Rock,210.56
2015,Bhandara,Pavani,Asphalt/Cement/Concrete,459.24
2015,Bhandara,Lakhandur,Unpaved,133.53
2015,Bhandara,Lakhandur,Rock,138.39
2015,Bhandara,Lakhandur,Asphalt/Cement/Concrete,319.8
2016,Bhandara,Tumsar,Unpaved,329.79
2016,Bhandara,Tumsar,Rock,240.76
2016,Bhandara,Tumsar,Asphalt/Cement/Concrete,685.23
2016,Bhandara,Mohadi,Unpaved,155.58
2016,Bhandara,Mohadi,Rock,174.12
2016,Bhandara,Mohadi,Asphalt/Cement/Concrete,435.79
2016,Bhandara,Bhandara,Unpaved,375.98
2016,Bhandara,Bhandara,Rock,270.6
2016,Bhandara,Bhandara,Asphalt/Cement/Concrete,549.81
2016,Bhandara,Sakoli,Unpaved,308.06
2016,Bhandara,Sakoli,Rock,174.38
2016,Bhandara,Sakoli,Asphalt/Cement/Concrete,441.66
2016,Bhandara,Lakhani,Unpaved,129.17
2016,Bhandara,Lakhani,Rock,300.7
2016,Bhandara,Lakhani,Asphalt/Cement/Concrete,472.42
2016,Bhandara,Pavani,Unpaved,241.8
2016,Bhandara,Pavani,Rock,213.44
2016,Bhandara,Pavani,Asphalt/Cement/Concrete,484.9
2016,Bhandara,Lakhandur,Unpaved,122.16
2016,Bhandara,Lakhandur,Rock,114.72
2016,Bhandara,Lakhandur,Asphalt/Cement/Concrete,335.75
2017,Bhandara,Tumsar,Unpaved,355.66
2017,Bhandara,Tumsar,Rock,197.68
2017,Bhandara,Tumsar,Asphalt/Cement/Concrete,758.74
2017,Bhandara,Mohadi,Unpaved,170.39
2017,Bhandara,Mohadi,Rock,174.12
2017,Bhandara,Mohadi,Asphalt/Cement/Concrete,452.34
2017,Bhandara,Bhandara,Unpaved,336.31
2017,Bhandara,Bhandara,Rock,246.46
2017,Bhandara,Bhandara,Asphalt/Cement/Concrete,636.39
2017,Bhandara,Sakoli,Unpaved,311.91
2017,Bhandara,Sakoli,Rock,171.12
2017,Bhandara,Sakoli,Asphalt/Cement/Concrete,408.88
2017,Bhandara,Lakhani,Unpaved,133.87
2017,Bhandara,Lakhani,Rock,282.67
2017,Bhandara,Lakhani,Asphalt/Cement/Concrete,483.01
2017,Bhandara,Pavani,Unpaved,244.78
2017,Bhandara,Pavani,Rock,183.15
2017,Bhandara,Pavani,Asphalt/Cement/Concrete,469.44
2017,Bhandara,Lakhandur,Unpaved,123.97
2017,Bhandara,Lakhandur,Rock,114.68
2017,Bhandara,Lakhandur,Asphalt/Cement/Concrete,307.77
2018,Bhandara,Tumsar,Unpaved,329.14
2018,Bhandara,Tumsar,Rock,186.12
2018,Bhandara,Mohadi,Unpaved,69.73
2018,Bhandara,Mohadi,Rock,164.28
2018,Bhandara,Bhandara,Unpaved,332.52
2018,Bhandara,Bhandara,Rock,236.16
2018,Bhandara,Sakoli,Unpaved,321.03
2018,Bhandara,Sakoli,Rock,189.26
2018,Bhandara,Lakhani,Unpaved,120.48
2018,Bhandara,Lakhani,Rock,278.19
2018,Bhandara,Pavani,Unpaved,322.43
2018,Bhandara,Pavani,Rock,146.25
2018,Bhandara,Lakhandur,Unpaved,150.97
2018,Bhandara,Lakhandur,Rock,113.35
2019,Bhandara,Tumsar,Unpaved,327.81
2019,Bhandara,Tumsar,Rock,182.68
2019,Bhandara,Mohadi,Unpaved,111.63
2019,Bhandara,Mohadi,Rock,134.43
2019,Bhandara,Bhandara,Unpaved,328.83
2019,Bhandara,Bhandara,Rock,236.92
2019,Bhandara,Sakoli,Unpaved,312.15
2019,Bhandara,Sakoli,Rock,144.67
2019,Bhandara,Lakhani,Unpaved,122.89
2019,Bhandara,Lakhani,Rock,275.78
2019,Bhandara,Pavani,Unpaved,297.89
2019,Bhandara,Pavani,Rock,187.45
2019,Bhandara,Lakhandur,Unpaved,144.52
2019,Bhandara,Lakhandur,Rock,104.14
2020,Bhandara,Tumsar,Unpaved,327.91
2020,Bhandara,Tumsar,Rock,182.68
2020,Bhandara,Mohadi,Unpaved,111.66
2020,Bhandara,Mohadi,Rock,134.43
2020,Bhandara,Bhandara,Unpaved,337.13
2020,Bhandara,Bhandara,Rock,226.63
2020,Bhandara,Sakoli,Unpaved,313.84
2020,Bhandara,Sakoli,Rock,134.37
2020,Bhandara,Lakhani,Unpaved,118.89
2020,Bhandara,Lakhani,Rock,275.78
2020,Bhandara,Pavani,Unpaved,297.89
2020,Bhandara,Pavani,Rock,187.45
2020,Bhandara,Lakhandur,Unpaved,138.4
2020,Bhandara,Lakhandur,Rock,104.14
2021,Bhandara,Tumsar,Unpaved,419.66
2021,Bhandara,Tumsar,Rock,213.89
2021,Bhandara,Mohadi,Unpaved,430.36
2021,Bhandara,Mohadi,Rock,150.77
2021,Bhandara,Bhandara,Unpaved,182.44
2021,Bhandara,Bhandara,Rock,228.05
2021,Bhandara,Sakoli,Unpaved,73.8
2021,Bhandara,Sakoli,Rock,124.63
2021,Bhandara,Lakhani,Unpaved,144.75
2021,Bhandara,Lakhani,Rock,286.11
2021,Bhandara,Pavani,Unpaved,262.97
2021,Bhandara,Pavani,Rock,179.58
2021,Bhandara,Lakhandur,Unpaved,140.12
2021,Bhandara,Lakhandur,Rock,102.96
2013,Buldhana,Jalgaon Jamod,Unpaved,215.9
2013,Buldhana,Jalgaon Jamod,Rock,41.13
2013,Buldhana,Jalgaon Jamod,Asphalt/Cement/Concrete,216.22
2013,Buldhana,Sangrampur,Unpaved,258.56
2013,Buldhana,Sangrampur,Rock,60.77
2013,Buldhana,Sangrampur,Asphalt/Cement/Concrete,196.04
2013,Buldhana,Shegaon,Unpaved,244.69
2013,Buldhana,Shegaon,Rock,45.55
2013,Buldhana,Shegaon,Asphalt/Cement/Concrete,232.08
2013,Buldhana,Nandura,Unpaved,264.31
2013,Buldhana,Nandura,Rock,43
2013,Buldhana,Nandura,Asphalt/Cement/Concrete,255.45
2013,Buldhana,Malkapur,Unpaved,178.63
2013,Buldhana,Malkapur,Rock,46.44
2013,Buldhana,Malkapur,Asphalt/Cement/Concrete,231.03
2013,Buldhana,Motala,Unpaved,225.75
2013,Buldhana,Motala,Rock,49.1
2013,Buldhana,Motala,Asphalt/Cement/Concrete,365.02
2013,Buldhana,Khamgaon,Unpaved,311.65
2013,Buldhana,Khamgaon,Rock,44.3
2013,Buldhana,Khamgaon,Asphalt/Cement/Concrete,452.01
2013,Buldhana,Mehkar,Unpaved,325.2
2013,Buldhana,Mehkar,Rock,72.3
2013,Buldhana,Mehkar,Asphalt/Cement/Concrete,563.16
2013,Buldhana,Chikhali,Unpaved,272.71
2013,Buldhana,Chikhali,Rock,70.04
2013,Buldhana,Chikhali,Asphalt/Cement/Concrete,470.68
2013,Buldhana,Buldhana,Unpaved,186
2013,Buldhana,Buldhana,Rock,80.55
2013,Buldhana,Buldhana,Asphalt/Cement/Concrete,379.57
2013,Buldhana,Deulgaon Raja,Unpaved,149.35
2013,Buldhana,Deulgaon Raja,Rock,46.8
2013,Buldhana,Deulgaon Raja,Asphalt/Cement/Concrete,249.7
2013,Buldhana,Sindkhed Raja,Unpaved,239.7
2013,Buldhana,Sindkhed Raja,Rock,65.6
2013,Buldhana,Sindkhed Raja,Asphalt/Cement/Concrete,390.3
2013,Buldhana,Lonar,Unpaved,241.02
2013,Buldhana,Lonar,Rock,33.05
2013,Buldhana,Lonar,Asphalt/Cement/Concrete,293.69
2014,Buldhana,Jalgaon Jamod,Unpaved,187.2
2014,Buldhana,Jalgaon Jamod,Rock,40.05
2014,Buldhana,Jalgaon Jamod,Asphalt/Cement/Concrete,226.1
2014,Buldhana,Sangrampur,Unpaved,237.73
2014,Buldhana,Sangrampur,Rock,53.92
2014,Buldhana,Sangrampur,Asphalt/Cement/Concrete,207.97
2014,Buldhana,Shegaon,Unpaved,238.5
2014,Buldhana,Shegaon,Rock,39.95
2014,Buldhana,Shegaon,Asphalt/Cement/Concrete,237.68
2014,Buldhana,Nandura,Unpaved,239.21
2014,Buldhana,Nandura,Rock,44
2014,Buldhana,Nandura,Asphalt/Cement/Concrete,255.45
2014,Buldhana,Malkapur,Unpaved,145.2
2014,Buldhana,Malkapur,Rock,45.49
2014,Buldhana,Malkapur,Asphalt/Cement/Concrete,233.78
2014,Buldhana,Motala,Unpaved,194
2014,Buldhana,Motala,Rock,52.2
2014,Buldhana,Motala,Asphalt/Cement/Concrete,358.44
2014,Buldhana,Khamgaon,Unpaved,297.98
2014,Buldhana,Khamgaon,Rock,43
2014,Buldhana,Khamgaon,Asphalt/Cement/Concrete,455.91
2014,Buldhana,Mehkar,Unpaved,278.8
2014,Buldhana,Mehkar,Rock,76.65
2014,Buldhana,Mehkar,Asphalt/Cement/Concrete,563.66
2014,Buldhana,Chikhali,Unpaved,265.91
2014,Buldhana,Chikhali,Rock,53.26
2014,Buldhana,Chikhali,Asphalt/Cement/Concrete,478.75
2014,Buldhana,Buldhana,Unpaved,140.14
2014,Buldhana,Buldhana,Rock,60.68
2014,Buldhana,Buldhana,Asphalt/Cement/Concrete,399.36
2014,Buldhana,Deulgaon Raja,Unpaved,140.13
2014,Buldhana,Deulgaon Raja,Rock,41.7
2014,Buldhana,Deulgaon Raja,Asphalt/Cement/Concrete,265.56
2014,Buldhana,Sindkhed Raja,Unpaved,227.1
2014,Buldhana,Sindkhed Raja,Rock,74
2014,Buldhana,Sindkhed Raja,Asphalt/Cement/Concrete,400.6
2014,Buldhana,Lonar,Unpaved,218.4
2014,Buldhana,Lonar,Rock,36.55
2014,Buldhana,Lonar,Asphalt/Cement/Concrete,311.19
2015,Buldhana,Jalgaon Jamod,Unpaved,199.35
2015,Buldhana,Jalgaon Jamod,Rock,38.45
2015,Buldhana,Jalgaon Jamod,Asphalt/Cement/Concrete,225.35
2015,Buldhana,Sangrampur,Unpaved,259.38
2015,Buldhana,Sangrampur,Rock,53.31
2015,Buldhana,Sangrampur,Asphalt/Cement/Concrete,210.38
2015,Buldhana,Shegaon,Unpaved,242.12
2015,Buldhana,Shegaon,Rock,37
2015,Buldhana,Shegaon,Asphalt/Cement/Concrete,248.17
2015,Buldhana,Nandura,Unpaved,244.84
2015,Buldhana,Nandura,Rock,39.25
2015,Buldhana,Nandura,Asphalt/Cement/Concrete,270.64
2015,Buldhana,Malkapur,Unpaved,178.9
2015,Buldhana,Malkapur,Rock,46.14
2015,Buldhana,Malkapur,Asphalt/Cement/Concrete,227.23
2015,Buldhana,Motala,Unpaved,194
2015,Buldhana,Motala,Rock,53.8
2015,Buldhana,Motala,Asphalt/Cement/Concrete,358.44
2015,Buldhana,Khamgaon,Unpaved,319.19
2015,Buldhana,Khamgaon,Rock,40.4
2015,Buldhana,Khamgaon,Asphalt/Cement/Concrete,444.74
2015,Buldhana,Mehkar,Unpaved,272.8
2015,Buldhana,Mehkar,Rock,82.65
2015,Buldhana,Mehkar,Asphalt/Cement/Concrete,564.46
2015,Buldhana,Chikhali,Unpaved,264.91
2015,Buldhana,Chikhali,Rock,53.78
2015,Buldhana,Chikhali,Asphalt/Cement/Concrete,479.23
2015,Buldhana,Buldhana,Unpaved,140.14
2015,Buldhana,Buldhana,Rock,59.93
2015,Buldhana,Buldhana,Asphalt/Cement/Concrete,400.11
2015,Buldhana,Deulgaon Raja,Unpaved,140.13
2015,Buldhana,Deulgaon Raja,Rock,41.7
2015,Buldhana,Deulgaon Raja,Asphalt/Cement/Concrete,265.56
2015,Buldhana,Sindkhed Raja,Unpaved,227.1
2015,Buldhana,Sindkhed Raja,Rock,72.5
2015,Buldhana,Sindkhed Raja,Asphalt/Cement/Concrete,402.2
2015,Buldhana,Lonar,Unpaved,218.4
2015,Buldhana,Lonar,Rock,36.55
2015,Buldhana,Lonar,Asphalt/Cement/Concrete,311.19
2016,Buldhana,Jalgaon Jamod,Unpaved,191.65
2016,Buldhana,Jalgaon Jamod,Rock,42.75
2016,Buldhana,Jalgaon Jamod,Asphalt/Cement/Concrete,228.75
2016,Buldhana,Sangrampur,Unpaved,257.83
2016,Buldhana,Sangrampur,Rock,51.17
2016,Buldhana,Sangrampur,Asphalt/Cement/Concrete,214.07
2016,Buldhana,Shegaon,Unpaved,242.32
2016,Buldhana,Shegaon,Rock,34.6
2016,Buldhana,Shegaon,Asphalt/Cement/Concrete,250.37
2016,Buldhana,Nandura,Unpaved,233.64
2016,Buldhana,Nandura,Rock,35.65
2016,Buldhana,Nandura,Asphalt/Cement/Concrete,285.44
2016,Buldhana,Malkapur,Unpaved,163.9
2016,Buldhana,Malkapur,Rock,50.14
2016,Buldhana,Malkapur,Asphalt/Cement/Concrete,238.23
2016,Buldhana,Motala,Unpaved,188.5
2016,Buldhana,Motala,Rock,51.1
2016,Buldhana,Motala,Asphalt/Cement/Concrete,365.04
2016,Buldhana,Khamgaon,Unpaved,317.36
2016,Buldhana,Khamgaon,Rock,39.63
2016,Buldhana,Khamgaon,Asphalt/Cement/Concrete,447.34
2016,Buldhana,Mehkar,Unpaved,271.2
2016,Buldhana,Mehkar,Rock,80.95
2016,Buldhana,Mehkar,Asphalt/Cement/Concrete,566.96
2016,Buldhana,Chikhali,Unpaved,264.91
2016,Buldhana,Chikhali,Rock,53.39
2016,Buldhana,Chikhali,Asphalt/Cement/Concrete,459.62
2016,Buldhana,Buldhana,Unpaved,135.82
2016,Buldhana,Buldhana,Rock,64.25
2016,Buldhana,Buldhana,Asphalt/Cement/Concrete,400.1
2016,Buldhana,Deulgaon Raja,Unpaved,137.18
2016,Buldhana,Deulgaon Raja,Rock,36.72
2016,Buldhana,Deulgaon Raja,Asphalt/Cement/Concrete,240.59
2016,Buldhana,Sindkhed Raja,Unpaved,213.6
2016,Buldhana,Sindkhed Raja,Rock,61.5
2016,Buldhana,Sindkhed Raja,Asphalt/Cement/Concrete,426.6
2016,Buldhana,Lonar,Unpaved,214
2016,Buldhana,Lonar,Rock,40.35
2016,Buldhana,Lonar,Asphalt/Cement/Concrete,311.79
2017,Buldhana,Jalgaon Jamod,Unpaved,202.4
2017,Buldhana,Jalgaon Jamod,Rock,47.29
2017,Buldhana,Jalgaon Jamod,Asphalt/Cement/Concrete,283.96
2017,Buldhana,Sangrampur,Unpaved,286.43
2017,Buldhana,Sangrampur,Rock,62.37
2017,Buldhana,Sangrampur,Asphalt/Cement/Concrete,307.27
2017,Buldhana,Shegaon,Unpaved,263.75
2017,Buldhana,Shegaon,Rock,51.9
2017,Buldhana,Shegaon,Asphalt/Cement/Concrete,354.45
2017,Buldhana,Nandura,Unpaved,278.51
2017,Buldhana,Nandura,Rock,38.15
2017,Buldhana,Nandura,Asphalt/Cement/Concrete,334.45
2017,Buldhana,Malkapur,Unpaved,185.3
2017,Buldhana,Malkapur,Rock,56.54
2017,Buldhana,Malkapur,Asphalt/Cement/Concrete,310.83
2017,Buldhana,Motala,Unpaved,188.35
2017,Buldhana,Motala,Rock,46.75
2017,Buldhana,Motala,Asphalt/Cement/Concrete,354.67
2017,Buldhana,Khamgaon,Unpaved,357.55
2017,Buldhana,Khamgaon,Rock,53.73
2017,Buldhana,Khamgaon,Asphalt/Cement/Concrete,580.55
2017,Buldhana,Mehkar,Unpaved,310.9
2017,Buldhana,Mehkar,Rock,82.29
2017,Buldhana,Mehkar,Asphalt/Cement/Concrete,549.61
2017,Buldhana,Chikhali,Unpaved,270.71
2017,Buldhana,Chikhali,Rock,55.71
2017,Buldhana,Chikhali,Asphalt/Cement/Concrete,405.41
2017,Buldhana,Buldhana,Unpaved,140.02
2017,Buldhana,Buldhana,Rock,71.17
2017,Buldhana,Buldhana,Asphalt/Cement/Concrete,342.94
2017,Buldhana,Deulgaon Raja,Unpaved,133.16
2017,Buldhana,Deulgaon Raja,Rock,40.14
2017,Buldhana,Deulgaon Raja,Asphalt/Cement/Concrete,199.43
2017,Buldhana,Sindkhed Raja,Unpaved,215.84
2017,Buldhana,Sindkhed Raja,Rock,66.46
2017,Buldhana,Sindkhed Raja,Asphalt/Cement/Concrete,454.6
2017,Buldhana,Lonar,Unpaved,214.5
2017,Buldhana,Lonar,Rock,40.15
2017,Buldhana,Lonar,Asphalt/Cement/Concrete,244.51
2018,Buldhana,Jalgaon Jamod,Unpaved,198.4
2018,Buldhana,Jalgaon Jamod,Rock,34.68
2018,Buldhana,Sangrampur,Unpaved,232.18
2018,Buldhana,Sangrampur,Rock,42.75
2018,Buldhana,Shegaon,Unpaved,230.66
2018,Buldhana,Shegaon,Rock,43.5
2018,Buldhana,Nandura,Unpaved,303.13
2018,Buldhana,Nandura,Rock,56.95
2018,Buldhana,Malkapur,Unpaved,193.85
2018,Buldhana,Malkapur,Rock,69.94
2018,Buldhana,Motala,Unpaved,188.05
2018,Buldhana,Motala,Rock,50.85
2018,Buldhana,Khamgaon,Unpaved,332.31
2018,Buldhana,Khamgaon,Rock,43.98
2018,Buldhana,Mehkar,Unpaved,272.39
2018,Buldhana,Mehkar,Rock,124.14
2018,Buldhana,Chikhali,Unpaved,273.09
2018,Buldhana,Chikhali,Rock,78.76
2018,Buldhana,Buldhana,Unpaved,140.23
2018,Buldhana,Buldhana,Rock,96.69
2018,Buldhana,Deulgaon Raja,Unpaved,127.58
2018,Buldhana,Deulgaon Raja,Rock,59.92
2018,Buldhana,Sindkhed Raja,Unpaved,207.4
2018,Buldhana,Sindkhed Raja,Rock,89.25
2018,Buldhana,Lonar,Unpaved,212.01
2018,Buldhana,Lonar,Rock,47.55
2019,Buldhana,Jalgaon Jamod,Unpaved,196.4
2019,Buldhana,Jalgaon Jamod,Rock,34.68
2019,Buldhana,Sangrampur,Unpaved,214.78
2019,Buldhana,Sangrampur,Rock,42.75
2019,Buldhana,Shegaon,Unpaved,195.87
2019,Buldhana,Shegaon,Rock,43.5
2019,Buldhana,Nandura,Unpaved,298.13
2019,Buldhana,Nandura,Rock,56.95
2019,Buldhana,Malkapur,Unpaved,187.85
2019,Buldhana,Malkapur,Rock,69.94
2019,Buldhana,Motala,Unpaved,181.05
2019,Buldhana,Motala,Rock,50.85
2019,Buldhana,Khamgaon,Unpaved,324.31
2019,Buldhana,Khamgaon,Rock,43.98
2019,Buldhana,Mehkar,Unpaved,263.39
2019,Buldhana,Mehkar,Rock,124.14
2019,Buldhana,Chikhali,Unpaved,263.09
2019,Buldhana,Chikhali,Rock,78.76
2019,Buldhana,Buldhana,Unpaved,129.23
2019,Buldhana,Buldhana,Rock,96.69
2019,Buldhana,Deulgaon Raja,Unpaved,115.58
2019,Buldhana,Deulgaon Raja,Rock,59.92
2019,Buldhana,Sindkhed Raja,Unpaved,207.4
2019,Buldhana,Sindkhed Raja,Rock,89.25
2019,Buldhana,Lonar,Unpaved,212.01
2019,Buldhana,Lonar,Rock,47.55
2020,Buldhana,Jalgaon Jamod,Unpaved,181.86
2020,Buldhana,Jalgaon Jamod,Rock,31.88
2020,Buldhana,Sangrampur,Unpaved,235.08
2020,Buldhana,Sangrampur,Rock,34.85
2020,Buldhana,Shegaon,Unpaved,217.77
2020,Buldhana,Shegaon,Rock,30.22
2020,Buldhana,Nandura,Unpaved,232.88
2020,Buldhana,Nandura,Rock,52.43
2020,Buldhana,Malkapur,Unpaved,138.05
2020,Buldhana,Malkapur,Rock,58.44
2020,Buldhana,Motala,Unpaved,173.65
2020,Buldhana,Motala,Rock,55.25
2020,Buldhana,Khamgaon,Unpaved,318.06
2020,Buldhana,Khamgaon,Rock,42.63
2020,Buldhana,Mehkar,Unpaved,251.63
2020,Buldhana,Mehkar,Rock,124.88
2020,Buldhana,Chikhali,Unpaved,260.48
2020,Buldhana,Chikhali,Rock,80.23
2020,Buldhana,Buldhana,Unpaved,122.76
2020,Buldhana,Buldhana,Rock,70.15
2020,Buldhana,Deulgaon Raja,Unpaved,104.27
2020,Buldhana,Deulgaon Raja,Rock,53.35
2020,Buldhana,Sindkhed Raja,Unpaved,168.15
2020,Buldhana,Sindkhed Raja,Rock,84.02
2020,Buldhana,Lonar,Unpaved,209.35
2020,Buldhana,Lonar,Rock,40.66
2021,Buldhana,Jalgaon Jamod,Unpaved,209.66
2021,Buldhana,Jalgaon Jamod,Rock,35.14
2021,Buldhana,Sangrampur,Unpaved,230.58
2021,Buldhana,Sangrampur,Rock,37.85
2021,Buldhana,Shegaon,Unpaved,209.1
2021,Buldhana,Shegaon,Rock,30.22
2021,Buldhana,Nandura,Unpaved,199.59
2021,Buldhana,Nandura,Rock,54.43
2021,Buldhana,Malkapur,Unpaved,140.06
2021,Buldhana,Malkapur,Rock,53.18
2021,Buldhana,Motala,Unpaved,347.23
2021,Buldhana,Motala,Rock,55.25
2021,Buldhana,Khamgaon,Unpaved,125.22
2021,Buldhana,Khamgaon,Rock,39.63
2021,Buldhana,Mehkar,Unpaved,248.73
2021,Buldhana,Mehkar,Rock,124.88
2021,Buldhana,Chikhali,Unpaved,243.21
2021,Buldhana,Chikhali,Rock,80.23
2021,Buldhana,Buldhana,Unpaved,185.66
2021,Buldhana,Buldhana,Rock,70.15
2021,Buldhana,Deulgaon Raja,Unpaved,102.07
2021,Buldhana,Deulgaon Raja,Rock,53.35
2021,Buldhana,Sindkhed Raja,Unpaved,169.27
2021,Buldhana,Sindkhed Raja,Rock,84.02
2021,Buldhana,Lonar,Unpaved,204.44
2021,Buldhana,Lonar,Rock,40.66
2012,Chandrapur,Varora,Unpaved,48.4
2012,Chandrapur,Varora,Rock,208.3
2012,Chandrapur,Varora,Asphalt/Cement/Concrete,356.9
2012,Chandrapur,Chimur,Unpaved,48
2012,Chandrapur,Chimur,Rock,478.8
2012,Chandrapur,Chimur,Asphalt/Cement/Concrete,457.3
2012,Chandrapur,Nagbhid,Unpaved,40.2
2012,Chandrapur,Nagbhid,Rock,345.9
2012,Chandrapur,Nagbhid,Asphalt/Cement/Concrete,292.3
2012,Chandrapur,Bramhapuri,Unpaved,37
2012,Chandrapur,Bramhapuri,Rock,339.4
2012,Chandrapur,Bramhapuri,Asphalt/Cement/Concrete,332.6
2012,Chandrapur,Savali,Unpaved,113.9
2012,Chandrapur,Savali,Rock,173.9
2012,Chandrapur,Savali,Asphalt/Cement/Concrete,283.1
2012,Chandrapur,Sindevahi,Unpaved,60.2
2012,Chandrapur,Sindevahi,Rock,133.4
2012,Chandrapur,Sindevahi,Asphalt/Cement/Concrete,289.4
2012,Chandrapur,Bhadravati,Unpaved,40.2
2012,Chandrapur,Bhadravati,Rock,163.6
2012,Chandrapur,Bhadravati,Asphalt/Cement/Concrete,342.4
2012,Chandrapur,Chandrapur,Unpaved,20.1
2012,Chandrapur,Chandrapur,Rock,109.6
2012,Chandrapur,Chandrapur,Asphalt/Cement/Concrete,352.2
2012,Chandrapur,Mul,Unpaved,92
2012,Chandrapur,Mul,Rock,118.3
2012,Chandrapur,Mul,Asphalt/Cement/Concrete,276.7
2012,Chandrapur,Ponbhurna,Unpaved,62.3
2012,Chandrapur,Ponbhurna,Rock,64.6
2012,Chandrapur,Ponbhurna,Asphalt/Cement/Concrete,153.2
2012,Chandrapur,Ballarpur,Unpaved,78.2
2012,Chandrapur,Ballarpur,Rock,76.2
2012,Chandrapur,Ballarpur,Asphalt/Cement/Concrete,185.5
2012,Chandrapur,Korpana,Unpaved,174.5
2012,Chandrapur,Korpana,Rock,120.5
2012,Chandrapur,Korpana,Asphalt/Cement/Concrete,329.2
2012,Chandrapur,Rajura,Unpaved,172.4
2012,Chandrapur,Rajura,Rock,145.6
2012,Chandrapur,Rajura,Asphalt/Cement/Concrete,376.3
2012,Chandrapur,Gondpipari,Unpaved,1.1
2012,Chandrapur,Gondpipari,Rock,112.1
2012,Chandrapur,Gondpipari,Asphalt/Cement/Concrete,284.6
2012,Chandrapur,Jivati,Unpaved,0
2012,Chandrapur,Jivati,Rock,71.2
2012,Chandrapur,Jivati,Asphalt/Cement/Concrete,121.1
2013,Chandrapur,Varora,Unpaved,396.4
2013,Chandrapur,Varora,Rock,73.4
2013,Chandrapur,Varora,Asphalt/Cement/Concrete,561.9
2013,Chandrapur,Chimur,Unpaved,205.4
2013,Chandrapur,Chimur,Rock,300.7
2013,Chandrapur,Chimur,Asphalt/Cement/Concrete,521
2013,Chandrapur,Nagbhid,Unpaved,325.1
2013,Chandrapur,Nagbhid,Rock,230.4
2013,Chandrapur,Nagbhid,Asphalt/Cement/Concrete,359.3
2013,Chandrapur,Bramhapuri,Unpaved,62.6
2013,Chandrapur,Bramhapuri,Rock,218.4
2013,Chandrapur,Bramhapuri,Asphalt/Cement/Concrete,423.3
2013,Chandrapur,Savali,Unpaved,94.4
2013,Chandrapur,Savali,Rock,162.3
2013,Chandrapur,Savali,Asphalt/Cement/Concrete,278.6
2013,Chandrapur,Sindevahi,Unpaved,155.8
2013,Chandrapur,Sindevahi,Rock,128.7
2013,Chandrapur,Sindevahi,Asphalt/Cement/Concrete,257.8
2013,Chandrapur,Bhadravati,Unpaved,276.9
2013,Chandrapur,Bhadravati,Rock,125.1
2013,Chandrapur,Bhadravati,Asphalt/Cement/Concrete,345.6
2013,Chandrapur,Chandrapur,Unpaved,176.1
2013,Chandrapur,Chandrapur,Rock,161.2
2013,Chandrapur,Chandrapur,Asphalt/Cement/Concrete,485.7
2013,Chandrapur,Mul,Unpaved,144.4
2013,Chandrapur,Mul,Rock,125.1
2013,Chandrapur,Mul,Asphalt/Cement/Concrete,256.3
2013,Chandrapur,Ponbhurna,Unpaved,135.6
2013,Chandrapur,Ponbhurna,Rock,91.4
2013,Chandrapur,Ponbhurna,Asphalt/Cement/Concrete,178.3
2013,Chandrapur,Ballarpur,Unpaved,82.2
2013,Chandrapur,Ballarpur,Rock,90.6
2013,Chandrapur,Ballarpur,Asphalt/Cement/Concrete,196.3
2013,Chandrapur,Korpana,Unpaved,175.2
2013,Chandrapur,Korpana,Rock,245.3
2013,Chandrapur,Korpana,Asphalt/Cement/Concrete,267.5
2013,Chandrapur,Rajura,Unpaved,184.2
2013,Chandrapur,Rajura,Rock,161.2
2013,Chandrapur,Rajura,Asphalt/Cement/Concrete,188.3
2013,Chandrapur,Gondpipari,Unpaved,147.4
2013,Chandrapur,Gondpipari,Rock,173.2
2013,Chandrapur,Gondpipari,Asphalt/Cement/Concrete,308.4
2013,Chandrapur,Jivati,Unpaved,34.9
2013,Chandrapur,Jivati,Rock,184.2
2013,Chandrapur,Jivati,Asphalt/Cement/Concrete,267.3
2014,Chandrapur,Varora,Unpaved,396.4
2014,Chandrapur,Varora,Rock,73.4
2014,Chandrapur,Varora,Asphalt/Cement/Concrete,561.9
2014,Chandrapur,Chimur,Unpaved,205.4
2014,Chandrapur,Chimur,Rock,300.7
2014,Chandrapur,Chimur,Asphalt/Cement/Concrete,521
2014,Chandrapur,Nagbhid,Unpaved,325.1
2014,Chandrapur,Nagbhid,Rock,230.4
2014,Chandrapur,Nagbhid,Asphalt/Cement/Concrete,359.3
2014,Chandrapur,Bramhapuri,Unpaved,62.6
2014,Chandrapur,Bramhapuri,Rock,218.4
2014,Chandrapur,Bramhapuri,Asphalt/Cement/Concrete,426.3
2014,Chandrapur,Savali,Unpaved,94.4
2014,Chandrapur,Savali,Rock,162.3
2014,Chandrapur,Savali,Asphalt/Cement/Concrete,278.6
2014,Chandrapur,Sindevahi,Unpaved,155.8
2014,Chandrapur,Sindevahi,Rock,128.7
2014,Chandrapur,Sindevahi,Asphalt/Cement/Concrete,257.8
2014,Chandrapur,Bhadravati,Unpaved,276.9
2014,Chandrapur,Bhadravati,Rock,125.1
2014,Chandrapur,Bhadravati,Asphalt/Cement/Concrete,345.6
2014,Chandrapur,Chandrapur,Unpaved,176.1
2014,Chandrapur,Chandrapur,Rock,161.2
2014,Chandrapur,Chandrapur,Asphalt/Cement/Concrete,483.7
2014,Chandrapur,Mul,Unpaved,144.4
2014,Chandrapur,Mul,Rock,125.1
2014,Chandrapur,Mul,Asphalt/Cement/Concrete,261.3.4 
2014,Chandrapur,Ponbhurna,Unpaved,135.6
2014,Chandrapur,Ponbhurna,Rock,91.4
2014,Chandrapur,Ponbhurna,Asphalt/Cement/Concrete,178.3
2014,Chandrapur,Ballarpur,Unpaved,82.2
2014,Chandrapur,Ballarpur,Rock,90.6
2014,Chandrapur,Ballarpur,Asphalt/Cement/Concrete,196.3
2014,Chandrapur,Korpana,Unpaved,175.2
2014,Chandrapur,Korpana,Rock,245.3
2014,Chandrapur,Korpana,Asphalt/Cement/Concrete,267.5
2014,Chandrapur,Rajura,Unpaved,184.2
2014,Chandrapur,Rajura,Rock,161.2
2014,Chandrapur,Rajura,Asphalt/Cement/Concrete,188.3
2014,Chandrapur,Gondpipari,Unpaved,147.4
2014,Chandrapur,Gondpipari,Rock,173.2
2014,Chandrapur,Gondpipari,Asphalt/Cement/Concrete,308.4
2014,Chandrapur,Jivati,Unpaved,34.9
2014,Chandrapur,Jivati,Rock,184.2
2014,Chandrapur,Jivati,Asphalt/Cement/Concrete,267.3
2015,Chandrapur,Varora,Unpaved,396.4
2015,Chandrapur,Varora,Rock,73.4
2015,Chandrapur,Varora,Asphalt/Cement/Concrete,561.93
2015,Chandrapur,Chimur,Unpaved,205.4
2015,Chandrapur,Chimur,Rock,300.7
2015,Chandrapur,Chimur,Asphalt/Cement/Concrete,520.96
2015,Chandrapur,Nagbhid,Unpaved,325.1
2015,Chandrapur,Nagbhid,Rock,230.4
2015,Chandrapur,Nagbhid,Asphalt/Cement/Concrete,359.3
2015,Chandrapur,Bramhapuri,Unpaved,62.6
2015,Chandrapur,Bramhapuri,Rock,218.4
2015,Chandrapur,Bramhapuri,Asphalt/Cement/Concrete,426.3
2015,Chandrapur,Savali,Unpaved,94.4
2015,Chandrapur,Savali,Rock,162.3
2015,Chandrapur,Savali,Asphalt/Cement/Concrete,278.6
2015,Chandrapur,Sindevahi,Unpaved,155.8
2015,Chandrapur,Sindevahi,Rock,128.7
2015,Chandrapur,Sindevahi,Asphalt/Cement/Concrete,257.8
2015,Chandrapur,Bhadravati,Unpaved,276.9
2015,Chandrapur,Bhadravati,Rock,125.1
2015,Chandrapur,Bhadravati,Asphalt/Cement/Concrete,348.54
2015,Chandrapur,Chandrapur,Unpaved,176.1
2015,Chandrapur,Chandrapur,Rock,161.2
2015,Chandrapur,Chandrapur,Asphalt/Cement/Concrete,487.53
2015,Chandrapur,Mul,Unpaved,144.4
2015,Chandrapur,Mul,Rock,125.1
2015,Chandrapur,Mul,Asphalt/Cement/Concrete,261.4
2015,Chandrapur,Ponbhurna,Unpaved,135.6
2015,Chandrapur,Ponbhurna,Rock,91.4
2015,Chandrapur,Ponbhurna,Asphalt/Cement/Concrete,178.25
2015,Chandrapur,Ballarpur,Unpaved,82.2
2015,Chandrapur,Ballarpur,Rock,90.6
2015,Chandrapur,Ballarpur,Asphalt/Cement/Concrete,198
2015,Chandrapur,Korpana,Unpaved,175.2
2015,Chandrapur,Korpana,Rock,245.3
2015,Chandrapur,Korpana,Asphalt/Cement/Concrete,267.5
2015,Chandrapur,Rajura,Unpaved,184.2
2015,Chandrapur,Rajura,Rock,161.2
2015,Chandrapur,Rajura,Asphalt/Cement/Concrete,188.3
2015,Chandrapur,Gondpipari,Unpaved,147.4
2015,Chandrapur,Gondpipari,Rock,173.2
2015,Chandrapur,Gondpipari,Asphalt/Cement/Concrete,308.42
2015,Chandrapur,Jivati,Unpaved,34.73
2015,Chandrapur,Jivati,Rock,183.93
2015,Chandrapur,Jivati,Asphalt/Cement/Concrete,267.33
2016,Chandrapur,Varora,Unpaved,328.65
2016,Chandrapur,Varora,Rock,77.3
2016,Chandrapur,Varora,Asphalt/Cement/Concrete,542.7
2016,Chandrapur,Chimur,Unpaved,176.7
2016,Chandrapur,Chimur,Rock,280.94
2016,Chandrapur,Chimur,Asphalt/Cement/Concrete,600.41
2016,Chandrapur,Nagbhid,Unpaved,445.87
2016,Chandrapur,Nagbhid,Rock,155.05
2016,Chandrapur,Nagbhid,Asphalt/Cement/Concrete,427.8
2016,Chandrapur,Bramhapuri,Unpaved,97.95
2016,Chandrapur,Bramhapuri,Rock,261.81
2016,Chandrapur,Bramhapuri,Asphalt/Cement/Concrete,400.77
2016,Chandrapur,Savali,Unpaved,90.48
2016,Chandrapur,Savali,Rock,121.05
2016,Chandrapur,Savali,Asphalt/Cement/Concrete,307.77
2016,Chandrapur,Sindevahi,Unpaved,127.65
2016,Chandrapur,Sindevahi,Rock,103.95
2016,Chandrapur,Sindevahi,Asphalt/Cement/Concrete,283.85
2016,Chandrapur,Bhadravati,Unpaved,324.45
2016,Chandrapur,Bhadravati,Rock,61.54
2016,Chandrapur,Bhadravati,Asphalt/Cement/Concrete,380.15
2016,Chandrapur,Chandrapur,Unpaved,190.45
2016,Chandrapur,Chandrapur,Rock,135.46
2016,Chandrapur,Chandrapur,Asphalt/Cement/Concrete,936.08
2016,Chandrapur,Mul,Unpaved,99.5
2016,Chandrapur,Mul,Rock,105.3
2016,Chandrapur,Mul,Asphalt/Cement/Concrete,322.58
2016,Chandrapur,Ponbhurna,Unpaved,86.15
2016,Chandrapur,Ponbhurna,Rock,57.96
2016,Chandrapur,Ponbhurna,Asphalt/Cement/Concrete,283.75
2016,Chandrapur,Ballarpur,Unpaved,39.1
2016,Chandrapur,Ballarpur,Rock,9.9
2016,Chandrapur,Ballarpur,Asphalt/Cement/Concrete,180.8
2016,Chandrapur,Korpana,Unpaved,167.18
2016,Chandrapur,Korpana,Rock,162.45
2016,Chandrapur,Korpana,Asphalt/Cement/Concrete,298.88
2016,Chandrapur,Rajura,Unpaved,86.35
2016,Chandrapur,Rajura,Rock,130.01
2016,Chandrapur,Rajura,Asphalt/Cement/Concrete,364.5
2016,Chandrapur,Gondpipari,Unpaved,128.65
2016,Chandrapur,Gondpipari,Rock,169.47
2016,Chandrapur,Gondpipari,Asphalt/Cement/Concrete,296.33
2016,Chandrapur,Jivati,Unpaved,94.1
2016,Chandrapur,Jivati,Rock,143.5
2016,Chandrapur,Jivati,Asphalt/Cement/Concrete,207.3
2017,Chandrapur,Varora,Unpaved,328.65
2017,Chandrapur,Varora,Rock,62.3
2017,Chandrapur,Varora,Asphalt/Cement/Concrete,499.38
2017,Chandrapur,Chimur,Unpaved,170.2
2017,Chandrapur,Chimur,Rock,255.05
2017,Chandrapur,Chimur,Asphalt/Cement/Concrete,551.3
2017,Chandrapur,Nagbhid,Unpaved,445.87
2017,Chandrapur,Nagbhid,Rock,152.25
2017,Chandrapur,Nagbhid,Asphalt/Cement/Concrete,403.6
2017,Chandrapur,Bramhapuri,Unpaved,95.38
2017,Chandrapur,Bramhapuri,Rock,229.05
2017,Chandrapur,Bramhapuri,Asphalt/Cement/Concrete,394.3
2017,Chandrapur,Savali,Unpaved,90.48
2017,Chandrapur,Savali,Rock,118.67
2017,Chandrapur,Savali,Asphalt/Cement/Concrete,289.15
2017,Chandrapur,Sindevahi,Unpaved,122.25
2017,Chandrapur,Sindevahi,Rock,104.05
2017,Chandrapur,Sindevahi,Asphalt/Cement/Concrete,289.15
2017,Chandrapur,Bhadravati,Unpaved,333.25
2017,Chandrapur,Bhadravati,Rock,57.74
2017,Chandrapur,Bhadravati,Asphalt/Cement/Concrete,370.45
2017,Chandrapur,Chandrapur,Unpaved,153.1
2017,Chandrapur,Chandrapur,Rock,60.4
2017,Chandrapur,Chandrapur,Asphalt/Cement/Concrete,364.8
2017,Chandrapur,Mul,Unpaved,97.5
2017,Chandrapur,Mul,Rock,105.3
2017,Chandrapur,Mul,Asphalt/Cement/Concrete,306.58
2017,Chandrapur,Ponbhurna,Unpaved,81.65
2017,Chandrapur,Ponbhurna,Rock,54.06
2017,Chandrapur,Ponbhurna,Asphalt/Cement/Concrete,211.7
2017,Chandrapur,Ballarpur,Unpaved,39.1
2017,Chandrapur,Ballarpur,Rock,9.9
2017,Chandrapur,Ballarpur,Asphalt/Cement/Concrete,145.8
2017,Chandrapur,Korpana,Unpaved,167.18
2017,Chandrapur,Korpana,Rock,159.95
2017,Chandrapur,Korpana,Asphalt/Cement/Concrete,280.33
2017,Chandrapur,Rajura,Unpaved,81.8
2017,Chandrapur,Rajura,Rock,108.15
2017,Chandrapur,Rajura,Asphalt/Cement/Concrete,345.91
2017,Chandrapur,Gondpipari,Unpaved,130.65
2017,Chandrapur,Gondpipari,Rock,180.97
2017,Chandrapur,Gondpipari,Asphalt/Cement/Concrete,237.83
2017,Chandrapur,Jivati,Unpaved,94.1
2017,Chandrapur,Jivati,Rock,125.5
2017,Chandrapur,Jivati,Asphalt/Cement/Concrete,238.8
2018,Chandrapur,Varora,Unpaved,318.05
2018,Chandrapur,Varora,Rock,48.9
2018,Chandrapur,Chimur,Unpaved,170.2
2018,Chandrapur,Chimur,Rock,253.65
2018,Chandrapur,Nagbhid,Unpaved,438.07
2018,Chandrapur,Nagbhid,Rock,140.4
2018,Chandrapur,Bramhapuri,Unpaved,96.28
2018,Chandrapur,Bramhapuri,Rock,221.6
2018,Chandrapur,Savali,Unpaved,91.98
2018,Chandrapur,Savali,Rock,111.67
2018,Chandrapur,Sindevahi,Unpaved,79.15
2018,Chandrapur,Sindevahi,Rock,105.9
2018,Chandrapur,Bhadravati,Unpaved,305
2018,Chandrapur,Bhadravati,Rock,42.49
2018,Chandrapur,Chandrapur,Unpaved,141.6
2018,Chandrapur,Chandrapur,Rock,56.5
2018,Chandrapur,Mul,Unpaved,100.56
2018,Chandrapur,Mul,Rock,82.29
2018,Chandrapur,Ponbhurna,Unpaved,56.05
2018,Chandrapur,Ponbhurna,Rock,71.41
2018,Chandrapur,Ballarpur,Unpaved,37.1
2018,Chandrapur,Ballarpur,Rock,7.4
2018,Chandrapur,Korpana,Unpaved,164.28
2018,Chandrapur,Korpana,Rock,159.75
2018,Chandrapur,Rajura,Unpaved,68.7
2018,Chandrapur,Rajura,Rock,104.45
2018,Chandrapur,Gondpipari,Unpaved,113.15
2018,Chandrapur,Gondpipari,Rock,171.73
2018,Chandrapur,Jivati,Unpaved,90.6
2018,Chandrapur,Jivati,Rock,122.6
2019,Chandrapur,Varora,Unpaved,308.91
2019,Chandrapur,Varora,Rock,55.34
2019,Chandrapur,Varora,Asphalt/Cement/Concrete,0
2019,Chandrapur,Chimur,Unpaved,167.33
2019,Chandrapur,Chimur,Rock,256.52
2019,Chandrapur,Chimur,Asphalt/Cement/Concrete,0
2019,Chandrapur,Nagbhid,Unpaved,437.87
2019,Chandrapur,Nagbhid,Rock,130.6
2019,Chandrapur,Nagbhid,Asphalt/Cement/Concrete,0
2019,Chandrapur,Bramhapuri,Unpaved,96.36
2019,Chandrapur,Bramhapuri,Rock,214.9
2019,Chandrapur,Bramhapuri,Asphalt/Cement/Concrete,0
2019,Chandrapur,Savali,Unpaved,83.25
2019,Chandrapur,Savali,Rock,118.65
2019,Chandrapur,Savali,Asphalt/Cement/Concrete,0
2019,Chandrapur,Sindevahi,Unpaved,82.15
2019,Chandrapur,Sindevahi,Rock,101.9
2019,Chandrapur,Sindevahi,Asphalt/Cement/Concrete,0
2019,Chandrapur,Bhadravati,Unpaved,296.2
2019,Chandrapur,Bhadravati,Rock,37.99
2019,Chandrapur,Bhadravati,Asphalt/Cement/Concrete,0
2019,Chandrapur,Chandrapur,Unpaved,133.5
2019,Chandrapur,Chandrapur,Rock,47.7
2019,Chandrapur,Chandrapur,Asphalt/Cement/Concrete,0
2019,Chandrapur,Mul,Unpaved,103
2019,Chandrapur,Mul,Rock,77.33
2019,Chandrapur,Mul,Asphalt/Cement/Concrete,0
2019,Chandrapur,Ponbhurna,Unpaved,78.53
2019,Chandrapur,Ponbhurna,Rock,29.75
2019,Chandrapur,Ponbhurna,Asphalt/Cement/Concrete,0
2019,Chandrapur,Ballarpur,Unpaved,30.78
2019,Chandrapur,Ballarpur,Rock,8.4
2019,Chandrapur,Ballarpur,Asphalt/Cement/Concrete,0
2019,Chandrapur,Korpana,Unpaved,140.78
2019,Chandrapur,Korpana,Rock,102.58
2019,Chandrapur,Korpana,Asphalt/Cement/Concrete,0
2019,Chandrapur,Rajura,Unpaved,68.7
2019,Chandrapur,Rajura,Rock,104.45
2019,Chandrapur,Rajura,Asphalt/Cement/Concrete,0
2019,Chandrapur,Gondpipari,Unpaved,108.65
2019,Chandrapur,Gondpipari,Rock,157.49
2019,Chandrapur,Gondpipari,Asphalt/Cement/Concrete,0
2019,Chandrapur,Jivati,Unpaved,86.3
2019,Chandrapur,Jivati,Rock,110.1
2019,Chandrapur,Jivati,Asphalt/Cement/Concrete,0
2020,Chandrapur,Varora,Unpaved,307.75
2020,Chandrapur,Varora,Rock,56.5
2020,Chandrapur,Varora,Asphalt/Cement/Concrete,0
2020,Chandrapur,Chimur,Unpaved,163.33
2020,Chandrapur,Chimur,Rock,260.51
2020,Chandrapur,Chimur,Asphalt/Cement/Concrete,0
2020,Chandrapur,Nagbhid,Unpaved,436.87
2020,Chandrapur,Nagbhid,Rock,132.3
2020,Chandrapur,Nagbhid,Asphalt/Cement/Concrete,0
2020,Chandrapur,Bramhapuri,Unpaved,94.18
2020,Chandrapur,Bramhapuri,Rock,212.24
2020,Chandrapur,Bramhapuri,Asphalt/Cement/Concrete,0
2020,Chandrapur,Savali,Unpaved,82.5
2020,Chandrapur,Savali,Rock,110.08
2020,Chandrapur,Savali,Asphalt/Cement/Concrete,0
2020,Chandrapur,Sindevahi,Unpaved,85.15
2020,Chandrapur,Sindevahi,Rock,99.85
2020,Chandrapur,Sindevahi,Asphalt/Cement/Concrete,0
2020,Chandrapur,Bhadravati,Unpaved,305
2020,Chandrapur,Bhadravati,Rock,40.19
2020,Chandrapur,Bhadravati,Asphalt/Cement/Concrete,0
2020,Chandrapur,Chandrapur,Unpaved,131.5
2020,Chandrapur,Chandrapur,Rock,50.6
2020,Chandrapur,Chandrapur,Asphalt/Cement/Concrete,0
2020,Chandrapur,Mul,Unpaved,100.7
2020,Chandrapur,Mul,Rock,48.63
2020,Chandrapur,Mul,Asphalt/Cement/Concrete,0
2020,Chandrapur,Ponbhurna,Unpaved,78.53
2020,Chandrapur,Ponbhurna,Rock,29.75
2020,Chandrapur,Ponbhurna,Asphalt/Cement/Concrete,0
2020,Chandrapur,Ballarpur,Unpaved,36.1
2020,Chandrapur,Ballarpur,Rock,6.4
2020,Chandrapur,Ballarpur,Asphalt/Cement/Concrete,0
2020,Chandrapur,Korpana,Unpaved,140.78
2020,Chandrapur,Korpana,Rock,98.88
2020,Chandrapur,Korpana,Asphalt/Cement/Concrete,0
2020,Chandrapur,Rajura,Unpaved,68.7
2020,Chandrapur,Rajura,Rock,104.45
2020,Chandrapur,Rajura,Asphalt/Cement/Concrete,0
2020,Chandrapur,Gondpipari,Unpaved,108.65
2020,Chandrapur,Gondpipari,Rock,157.49
2020,Chandrapur,Gondpipari,Asphalt/Cement/Concrete,0
2020,Chandrapur,Jivati,Unpaved,86.3
2020,Chandrapur,Jivati,Rock,108.1
2020,Chandrapur,Jivati,Asphalt/Cement/Concrete,0
2021,Chandrapur,Varora,Unpaved,294.79
2021,Chandrapur,Varora,Rock,58.21
2021,Chandrapur,Varora,Asphalt/Cement/Concrete,0
2021,Chandrapur,Chimur,Unpaved,173.63
2021,Chandrapur,Chimur,Rock,242.85
2021,Chandrapur,Chimur,Asphalt/Cement/Concrete,0
2021,Chandrapur,Nagbhid,Unpaved,437.87
2021,Chandrapur,Nagbhid,Rock,129.3
2021,Chandrapur,Nagbhid,Asphalt/Cement/Concrete,0
2021,Chandrapur,Bramhapuri,Unpaved,97.18
2021,Chandrapur,Bramhapuri,Rock,189.9
2021,Chandrapur,Bramhapuri,Asphalt/Cement/Concrete,0
2021,Chandrapur,Savali,Unpaved,70.7
2021,Chandrapur,Savali,Rock,122.73
2021,Chandrapur,Savali,Asphalt/Cement/Concrete,0
2021,Chandrapur,Sindevahi,Unpaved,85.15
2021,Chandrapur,Sindevahi,Rock,105.4
2021,Chandrapur,Sindevahi,Asphalt/Cement/Concrete,0
2021,Chandrapur,Bhadravati,Unpaved,296.2
2021,Chandrapur,Bhadravati,Rock,48.69
2021,Chandrapur,Bhadravati,Asphalt/Cement/Concrete,0
2021,Chandrapur,Chandrapur,Unpaved,131.5
2021,Chandrapur,Chandrapur,Rock,48.7
2021,Chandrapur,Chandrapur,Asphalt/Cement/Concrete,0
2021,Chandrapur,Mul,Unpaved,92.33
2021,Chandrapur,Mul,Rock,71.35
2021,Chandrapur,Mul,Asphalt/Cement/Concrete,0
2021,Chandrapur,Ponbhurna,Unpaved,49.24
2021,Chandrapur,Ponbhurna,Rock,56.1
2021,Chandrapur,Ponbhurna,Asphalt/Cement/Concrete,0
2021,Chandrapur,Ballarpur,Unpaved,36.1
2021,Chandrapur,Ballarpur,Rock,7.9
2021,Chandrapur,Ballarpur,Asphalt/Cement/Concrete,0
2021,Chandrapur,Korpana,Unpaved,137.58
2021,Chandrapur,Korpana,Rock,103.93
2021,Chandrapur,Korpana,Asphalt/Cement/Concrete,0
2021,Chandrapur,Rajura,Unpaved,73.07
2021,Chandrapur,Rajura,Rock,76.71
2021,Chandrapur,Rajura,Asphalt/Cement/Concrete,0
2021,Chandrapur,Gondpipari,Unpaved,108.65
2021,Chandrapur,Gondpipari,Rock,157.49
2021,Chandrapur,Gondpipari,Asphalt/Cement/Concrete,0
2021,Chandrapur,Jivati,Unpaved,85.7
2021,Chandrapur,Jivati,Rock,97.7
2021,Chandrapur,Jivati,Asphalt/Cement/Concrete,0
2012,Dhule,Shirpur,Unpaved,79.58
2012,Dhule,Shirpur,Rock,54.99
2012,Dhule,Shirpur,Asphalt/Cement/Concrete,869.01
2012,Dhule,Shindkheda,Unpaved,225.12
2012,Dhule,Shindkheda,Rock,456.72
2012,Dhule,Shindkheda,Asphalt/Cement/Concrete,664.73
2012,Dhule,Sakri,Unpaved,104.95
2012,Dhule,Sakri,Rock,247.8
2012,Dhule,Sakri,Asphalt/Cement/Concrete,1061.56
2012,Dhule,Dhule,Unpaved,255.35
2012,Dhule,Dhule,Rock,618.59
2012,Dhule,Dhule,Asphalt/Cement/Concrete,1097.92
2013,Dhule,Shirpur,Unpaved,434.92
2013,Dhule,Shirpur,Rock,187.53
2013,Dhule,Shirpur,Asphalt/Cement/Concrete,941.48
2013,Dhule,Shindkheda,Unpaved,351.38
2013,Dhule,Shindkheda,Rock,362.1
2013,Dhule,Shindkheda,Asphalt/Cement/Concrete,692.65
2013,Dhule,Sakri,Unpaved,254.05
2013,Dhule,Sakri,Rock,576.03
2013,Dhule,Sakri,Asphalt/Cement/Concrete,1216.55
2013,Dhule,Dhule,Unpaved,284.43
2013,Dhule,Dhule,Rock,851.75
2013,Dhule,Dhule,Asphalt/Cement/Concrete,1103.5
2014,Dhule,Shirpur,Unpaved,459.61
2014,Dhule,Shirpur,Rock,182.94
2014,Dhule,Shirpur,Asphalt/Cement/Concrete,915.92
2014,Dhule,Shindkheda,Unpaved,376.69
2014,Dhule,Shindkheda,Rock,359.01
2014,Dhule,Shindkheda,Asphalt/Cement/Concrete,733.66
2014,Dhule,Sakri,Unpaved,336.05
2014,Dhule,Sakri,Rock,576.03
2014,Dhule,Sakri,Asphalt/Cement/Concrete,1134.55
2014,Dhule,Dhule,Unpaved,138.74
2014,Dhule,Dhule,Rock,852.86
2014,Dhule,Dhule,Asphalt/Cement/Concrete,1249.83
2015,Dhule,Shirpur,Unpaved,458.5
2015,Dhule,Shirpur,Rock,182.94
2015,Dhule,Shirpur,Asphalt/Cement/Concrete,927.03
2015,Dhule,Shindkheda,Unpaved,376.69
2015,Dhule,Shindkheda,Rock,359.01
2015,Dhule,Shindkheda,Asphalt/Cement/Concrete,741.6
2015,Dhule,Sakri,Unpaved,336.05
2015,Dhule,Sakri,Rock,576.03
2015,Dhule,Sakri,Asphalt/Cement/Concrete,1102.75
2015,Dhule,Dhule,Unpaved,136.91
2015,Dhule,Dhule,Rock,851.71
2015,Dhule,Dhule,Asphalt/Cement/Concrete,1267.05
2016,Dhule,Shirpur,Unpaved,455.5
2016,Dhule,Shirpur,Rock,181.42
2016,Dhule,Shirpur,Asphalt/Cement/Concrete,996.4
2016,Dhule,Shindkheda,Unpaved,376.69
2016,Dhule,Shindkheda,Rock,359.01
2016,Dhule,Shindkheda,Asphalt/Cement/Concrete,708.07
2016,Dhule,Sakri,Unpaved,336.05
2016,Dhule,Sakri,Rock,576.03
2016,Dhule,Sakri,Asphalt/Cement/Concrete,1115.42
2016,Dhule,Dhule,Unpaved,136.91
2016,Dhule,Dhule,Rock,851.71
2016,Dhule,Dhule,Asphalt/Cement/Concrete,1210.2
2017,Dhule,Shirpur,Unpaved,264.1
2017,Dhule,Shirpur,Rock,217.72
2017,Dhule,Shirpur,Asphalt/Cement/Concrete,898.09
2017,Dhule,Shindkheda,Unpaved,409.28
2017,Dhule,Shindkheda,Rock,399.67
2017,Dhule,Shindkheda,Asphalt/Cement/Concrete,833.2
2017,Dhule,Sakri,Unpaved,131.63
2017,Dhule,Sakri,Rock,619.7
2017,Dhule,Sakri,Asphalt/Cement/Concrete,1311.92
2017,Dhule,Dhule,Unpaved,538.32
2017,Dhule,Dhule,Rock,758.4
2017,Dhule,Dhule,Asphalt/Cement/Concrete,1028.4
2018,Dhule,Shirpur,Unpaved,476.94
2018,Dhule,Shirpur,Rock,174.75
2018,Dhule,Shindkheda,Unpaved,398.74
2018,Dhule,Shindkheda,Rock,423.93
2018,Dhule,Sakri,Unpaved,350.64
2018,Dhule,Sakri,Rock,475.96
2018,Dhule,Dhule,Unpaved,383.38
2018,Dhule,Dhule,Rock,748.75
2019,Dhule,Shirpur,Unpaved,401.02
2019,Dhule,Shirpur,Rock,138.13
2019,Dhule,Shindkheda,Unpaved,529.17
2019,Dhule,Shindkheda,Rock,223.69
2019,Dhule,Sakri,Unpaved,293.53
2019,Dhule,Sakri,Rock,435.8
2019,Dhule,Dhule,Unpaved,288.6
2019,Dhule,Dhule,Rock,888.9
2020,Dhule,Shirpur,Unpaved,449.72
2020,Dhule,Shirpur,Rock,138.1
2020,Dhule,Shindkheda,Unpaved,284.02
2020,Dhule,Shindkheda,Rock,284.07
2020,Dhule,Sakri,Unpaved,314.76
2020,Dhule,Sakri,Rock,432.39
2020,Dhule,Dhule,Unpaved,436.22
2020,Dhule,Dhule,Rock,700.7
2021,Dhule,Shirpur,Unpaved,382.6
2021,Dhule,Shirpur,Rock,134.68
2021,Dhule,Shindkheda,Unpaved,598.7
2021,Dhule,Shindkheda,Rock,272.78
2021,Dhule,Sakri,Unpaved,343.98
2021,Dhule,Sakri,Rock,414.49
2021,Dhule,Dhule,Unpaved,270.35
2021,Dhule,Dhule,Rock,596.25
2012,Gadchiroli,Desaiganj,Unpaved,66
2012,Gadchiroli,Desaiganj,Rock,215
2012,Gadchiroli,Desaiganj,Asphalt/Cement/Concrete,313
2012,Gadchiroli,rmori,Unpaved,243
2012,Gadchiroli,rmori,Rock,267
2012,Gadchiroli,rmori,Asphalt/Cement/Concrete,460
2012,Gadchiroli,Kurkheda,Unpaved,215
2012,Gadchiroli,Kurkheda,Rock,317
2012,Gadchiroli,Kurkheda,Asphalt/Cement/Concrete,382
2012,Gadchiroli,Korachi,Unpaved,270
2012,Gadchiroli,Korachi,Rock,191
2012,Gadchiroli,Korachi,Asphalt/Cement/Concrete,331
2012,Gadchiroli,Dhanora,Unpaved,598
2012,Gadchiroli,Dhanora,Rock,397
2012,Gadchiroli,Dhanora,Asphalt/Cement/Concrete,581
2012,Gadchiroli,Gadchiroli,Unpaved,246
2012,Gadchiroli,Gadchiroli,Rock,242
2012,Gadchiroli,Gadchiroli,Asphalt/Cement/Concrete,483
2012,Gadchiroli,Chomoshi,Unpaved,307
2012,Gadchiroli,Chomoshi,Rock,282
2012,Gadchiroli,Chomoshi,Asphalt/Cement/Concrete,648
2012,Gadchiroli,Mulchera,Unpaved,228
2012,Gadchiroli,Mulchera,Rock,179
2012,Gadchiroli,Mulchera,Asphalt/Cement/Concrete,339
2012,Gadchiroli,Etapalli,Unpaved,785
2012,Gadchiroli,Etapalli,Rock,365
2012,Gadchiroli,Etapalli,Asphalt/Cement/Concrete,365
2012,Gadchiroli,Bhamragad,Unpaved,459
2012,Gadchiroli,Bhamragad,Rock,196
2012,Gadchiroli,Bhamragad,Asphalt/Cement/Concrete,341
2012,Gadchiroli,Aheri,Unpaved,346
2012,Gadchiroli,Aheri,Rock,461
2012,Gadchiroli,Aheri,Asphalt/Cement/Concrete,476
2012,Gadchiroli,Sironcha,Unpaved,245
2012,Gadchiroli,Sironcha,Rock,295
2012,Gadchiroli,Sironcha,Asphalt/Cement/Concrete,344
2013,Gadchiroli,Desaiganj,Unpaved,114
2013,Gadchiroli,Desaiganj,Rock,227
2013,Gadchiroli,Desaiganj,Asphalt/Cement/Concrete,327
2013,Gadchiroli,rmori,Unpaved,227
2013,Gadchiroli,rmori,Rock,279
2013,Gadchiroli,rmori,Asphalt/Cement/Concrete,474
2013,Gadchiroli,Kurkheda,Unpaved,228
2013,Gadchiroli,Kurkheda,Rock,329
2013,Gadchiroli,Kurkheda,Asphalt/Cement/Concrete,396
2013,Gadchiroli,Korachi,Unpaved,290
2013,Gadchiroli,Korachi,Rock,203
2013,Gadchiroli,Korachi,Asphalt/Cement/Concrete,345
2013,Gadchiroli,Dhanora,Unpaved,591
2013,Gadchiroli,Dhanora,Rock,409
2013,Gadchiroli,Dhanora,Asphalt/Cement/Concrete,595
2013,Gadchiroli,Gadchiroli,Unpaved,277
2013,Gadchiroli,Gadchiroli,Rock,254
2013,Gadchiroli,Gadchiroli,Asphalt/Cement/Concrete,497
2013,Gadchiroli,Chomoshi,Unpaved,231
2013,Gadchiroli,Chomoshi,Rock,294
2013,Gadchiroli,Chomoshi,Asphalt/Cement/Concrete,662
2013,Gadchiroli,Mulchera,Unpaved,312
2013,Gadchiroli,Mulchera,Rock,191
2013,Gadchiroli,Mulchera,Asphalt/Cement/Concrete,353
2013,Gadchiroli,Etapalli,Unpaved,814
2013,Gadchiroli,Etapalli,Rock,377
2013,Gadchiroli,Etapalli,Asphalt/Cement/Concrete,379
2013,Gadchiroli,Bhamragad,Unpaved,383
2013,Gadchiroli,Bhamragad,Rock,208
2013,Gadchiroli,Bhamragad,Asphalt/Cement/Concrete,355
2013,Gadchiroli,Aheri,Unpaved,328
2013,Gadchiroli,Aheri,Rock,475
2013,Gadchiroli,Aheri,Asphalt/Cement/Concrete,490
2013,Gadchiroli,Sironcha,Unpaved,346
2013,Gadchiroli,Sironcha,Rock,307
2013,Gadchiroli,Sironcha,Asphalt/Cement/Concrete,360
2014,Gadchiroli,Desaiganj,Unpaved,116
2014,Gadchiroli,Desaiganj,Rock,228
2014,Gadchiroli,Desaiganj,Asphalt/Cement/Concrete,335
2014,Gadchiroli,rmori,Unpaved,229
2014,Gadchiroli,rmori,Rock,281
2014,Gadchiroli,rmori,Asphalt/Cement/Concrete,479
2014,Gadchiroli,Kurkheda,Unpaved,230
2014,Gadchiroli,Kurkheda,Rock,330
2014,Gadchiroli,Kurkheda,Asphalt/Cement/Concrete,404
2014,Gadchiroli,Korachi,Unpaved,292
2014,Gadchiroli,Korachi,Rock,204
2014,Gadchiroli,Korachi,Asphalt/Cement/Concrete,351
2014,Gadchiroli,Dhanora,Unpaved,593
2014,Gadchiroli,Dhanora,Rock,411
2014,Gadchiroli,Dhanora,Asphalt/Cement/Concrete,603
2014,Gadchiroli,Gadchiroli,Unpaved,279
2014,Gadchiroli,Gadchiroli,Rock,256
2014,Gadchiroli,Gadchiroli,Asphalt/Cement/Concrete,508
2014,Gadchiroli,Chomoshi,Unpaved,233
2014,Gadchiroli,Chomoshi,Rock,296
2014,Gadchiroli,Chomoshi,Asphalt/Cement/Concrete,671
2014,Gadchiroli,Mulchera,Unpaved,314
2014,Gadchiroli,Mulchera,Rock,192
2014,Gadchiroli,Mulchera,Asphalt/Cement/Concrete,359
2014,Gadchiroli,Etapalli,Unpaved,816
2014,Gadchiroli,Etapalli,Rock,379
2014,Gadchiroli,Etapalli,Asphalt/Cement/Concrete,383
2014,Gadchiroli,Bhamragad,Unpaved,385
2014,Gadchiroli,Bhamragad,Rock,210
2014,Gadchiroli,Bhamragad,Asphalt/Cement/Concrete,360
2014,Gadchiroli,Aheri,Unpaved,330
2014,Gadchiroli,Aheri,Rock,478
2014,Gadchiroli,Aheri,Asphalt/Cement/Concrete,498
2014,Gadchiroli,Sironcha,Unpaved,348
2014,Gadchiroli,Sironcha,Rock,311
2014,Gadchiroli,Sironcha,Asphalt/Cement/Concrete,368
2015,Gadchiroli,Desaiganj,Unpaved,110.18
2015,Gadchiroli,Desaiganj,Rock,112.16
2015,Gadchiroli,Desaiganj,Asphalt/Cement/Concrete,325.63
2015,Gadchiroli,rmori,Unpaved,149.2
2015,Gadchiroli,rmori,Rock,117.8
2015,Gadchiroli,rmori,Asphalt/Cement/Concrete,408.5
2015,Gadchiroli,Kurkheda,Unpaved,146.03
2015,Gadchiroli,Kurkheda,Rock,138.8
2015,Gadchiroli,Kurkheda,Asphalt/Cement/Concrete,360.51
2015,Gadchiroli,Korachi,Unpaved,211.41
2015,Gadchiroli,Korachi,Rock,125.12
2015,Gadchiroli,Korachi,Asphalt/Cement/Concrete,181
2015,Gadchiroli,Dhanora,Unpaved,537.79
2015,Gadchiroli,Dhanora,Rock,287.56
2015,Gadchiroli,Dhanora,Asphalt/Cement/Concrete,412
2015,Gadchiroli,Gadchiroli,Unpaved,327.72
2015,Gadchiroli,Gadchiroli,Rock,191.55
2015,Gadchiroli,Gadchiroli,Asphalt/Cement/Concrete,449.76
2015,Gadchiroli,Chomoshi,Unpaved,163.51
2015,Gadchiroli,Chomoshi,Rock,201.87
2015,Gadchiroli,Chomoshi,Asphalt/Cement/Concrete,569.3
2015,Gadchiroli,Mulchera,Unpaved,107.66
2015,Gadchiroli,Mulchera,Rock,54.65
2015,Gadchiroli,Mulchera,Asphalt/Cement/Concrete,231
2015,Gadchiroli,Etapalli,Unpaved,694.65
2015,Gadchiroli,Etapalli,Rock,284.95
2015,Gadchiroli,Etapalli,Asphalt/Cement/Concrete,223
2015,Gadchiroli,Bhamragad,Unpaved,394.05
2015,Gadchiroli,Bhamragad,Rock,110.05
2015,Gadchiroli,Bhamragad,Asphalt/Cement/Concrete,115
2015,Gadchiroli,Aheri,Unpaved,354.35
2015,Gadchiroli,Aheri,Rock,228.75
2015,Gadchiroli,Aheri,Asphalt/Cement/Concrete,395
2015,Gadchiroli,Sironcha,Unpaved,124.3
2015,Gadchiroli,Sironcha,Rock,229.83
2015,Gadchiroli,Sironcha,Asphalt/Cement/Concrete,252.51
2016,Gadchiroli,Desaiganj,Unpaved,99.49
2016,Gadchiroli,Desaiganj,Rock,104.98
2016,Gadchiroli,Desaiganj,Asphalt/Cement/Concrete,342
2016,Gadchiroli,rmori,Unpaved,138.2
2016,Gadchiroli,rmori,Rock,113.15
2016,Gadchiroli,rmori,Asphalt/Cement/Concrete,404.1
2016,Gadchiroli,Kurkheda,Unpaved,142.63
2016,Gadchiroli,Kurkheda,Rock,134.3
2016,Gadchiroli,Kurkheda,Asphalt/Cement/Concrete,367.04
2016,Gadchiroli,Korachi,Unpaved,215.76
2016,Gadchiroli,Korachi,Rock,121.77
2016,Gadchiroli,Korachi,Asphalt/Cement/Concrete,182.15
2016,Gadchiroli,Dhanora,Unpaved,537.79
2016,Gadchiroli,Dhanora,Rock,293.31
2016,Gadchiroli,Dhanora,Asphalt/Cement/Concrete,404.28
2016,Gadchiroli,Gadchiroli,Unpaved,326.01
2016,Gadchiroli,Gadchiroli,Rock,194.96
2016,Gadchiroli,Gadchiroli,Asphalt/Cement/Concrete,474.14
2016,Gadchiroli,Chomoshi,Unpaved,163.51
2016,Gadchiroli,Chomoshi,Rock,199.72
2016,Gadchiroli,Chomoshi,Asphalt/Cement/Concrete,572.25
2016,Gadchiroli,Mulchera,Unpaved,104.67
2016,Gadchiroli,Mulchera,Rock,52.5
2016,Gadchiroli,Mulchera,Asphalt/Cement/Concrete,245.68
2016,Gadchiroli,Etapalli,Unpaved,692.6
2016,Gadchiroli,Etapalli,Rock,299.23
2016,Gadchiroli,Etapalli,Asphalt/Cement/Concrete,200.22
2016,Gadchiroli,Bhamragad,Unpaved,394.05
2016,Gadchiroli,Bhamragad,Rock,107.9
2016,Gadchiroli,Bhamragad,Asphalt/Cement/Concrete,115.55
2016,Gadchiroli,Aheri,Unpaved,337.65
2016,Gadchiroli,Aheri,Rock,216.65
2016,Gadchiroli,Aheri,Asphalt/Cement/Concrete,402.9
2016,Gadchiroli,Sironcha,Unpaved,153.6
2016,Gadchiroli,Sironcha,Rock,221.38
2016,Gadchiroli,Sironcha,Asphalt/Cement/Concrete,227.48
2017,Gadchiroli,Desaiganj,Unpaved,102.09
2017,Gadchiroli,Desaiganj,Rock,105.18
2017,Gadchiroli,Desaiganj,Asphalt/Cement/Concrete,340.2
2017,Gadchiroli,rmori,Unpaved,144.2
2017,Gadchiroli,rmori,Rock,114.65
2017,Gadchiroli,rmori,Asphalt/Cement/Concrete,395.6
2017,Gadchiroli,Kurkheda,Unpaved,142.62
2017,Gadchiroli,Kurkheda,Rock,134.3
2017,Gadchiroli,Kurkheda,Asphalt/Cement/Concrete,367.04
2017,Gadchiroli,Korachi,Unpaved,215.76
2017,Gadchiroli,Korachi,Rock,121.77
2017,Gadchiroli,Korachi,Asphalt/Cement/Concrete,182.15
2017,Gadchiroli,Dhanora,Unpaved,537.79
2017,Gadchiroli,Dhanora,Rock,293.31
2017,Gadchiroli,Dhanora,Asphalt/Cement/Concrete,404.28
2017,Gadchiroli,Gadchiroli,Unpaved,321.44
2017,Gadchiroli,Gadchiroli,Rock,197.36
2017,Gadchiroli,Gadchiroli,Asphalt/Cement/Concrete,478.65
2017,Gadchiroli,Chomoshi,Unpaved,163.51
2017,Gadchiroli,Chomoshi,Rock,199.72
2017,Gadchiroli,Chomoshi,Asphalt/Cement/Concrete,572.25
2017,Gadchiroli,Mulchera,Unpaved,104.67
2017,Gadchiroli,Mulchera,Rock,52.5
2017,Gadchiroli,Mulchera,Asphalt/Cement/Concrete,245.68
2017,Gadchiroli,Etapalli,Unpaved,694.65
2017,Gadchiroli,Etapalli,Rock,297.18
2017,Gadchiroli,Etapalli,Asphalt/Cement/Concrete,200.22
2017,Gadchiroli,Bhamragad,Unpaved,394.05
2017,Gadchiroli,Bhamragad,Rock,107.9
2017,Gadchiroli,Bhamragad,Asphalt/Cement/Concrete,115.55
2017,Gadchiroli,Aheri,Unpaved,339.35
2017,Gadchiroli,Aheri,Rock,215.2
2017,Gadchiroli,Aheri,Asphalt/Cement/Concrete,402.4
2017,Gadchiroli,Sironcha,Unpaved,148.6
2017,Gadchiroli,Sironcha,Rock,227.38
2017,Gadchiroli,Sironcha,Asphalt/Cement/Concrete,232.01
2018,Gadchiroli,Desaiganj,Unpaved,96.42
2018,Gadchiroli,Desaiganj,Rock,105.51
2018,Gadchiroli,rmori,Unpaved,146.8
2018,Gadchiroli,rmori,Rock,115.1
2018,Gadchiroli,Kurkheda,Unpaved,132.67
2018,Gadchiroli,Kurkheda,Rock,112.66
2018,Gadchiroli,Korachi,Unpaved,204.71
2018,Gadchiroli,Korachi,Rock,115.59
2018,Gadchiroli,Dhanora,Unpaved,478.69
2018,Gadchiroli,Dhanora,Rock,311.51
2018,Gadchiroli,Gadchiroli,Unpaved,321.11
2018,Gadchiroli,Gadchiroli,Rock,187.28
2018,Gadchiroli,Chomoshi,Unpaved,152.26
2018,Gadchiroli,Chomoshi,Rock,194.59
2018,Gadchiroli,Mulchera,Unpaved,103.97
2018,Gadchiroli,Mulchera,Rock,52.5
2018,Gadchiroli,Etapalli,Unpaved,710.9
2018,Gadchiroli,Etapalli,Rock,282.43
2018,Gadchiroli,Bhamragad,Unpaved,377.65
2018,Gadchiroli,Bhamragad,Rock,115.73
2018,Gadchiroli,Aheri,Unpaved,355.35
2018,Gadchiroli,Aheri,Rock,198.15
2018,Gadchiroli,Sironcha,Unpaved,116.4
2018,Gadchiroli,Sironcha,Rock,219.81
2019,Gadchiroli,Desaiganj,Unpaved,99.42
2019,Gadchiroli,Desaiganj,Rock,104.93
2019,Gadchiroli,Aarmori,Unpaved,146.2
2019,Gadchiroli,Aarmori,Rock,115.1
2019,Gadchiroli,Kurkheda,Unpaved,132.67
2019,Gadchiroli,Kurkheda,Rock,112.36
2019,Gadchiroli,Korachi,Unpaved,204.71
2019,Gadchiroli,Korachi,Rock,115.59
2019,Gadchiroli,Dhanora,Unpaved,478.69
2019,Gadchiroli,Dhanora,Rock,308.76
2019,Gadchiroli,Gadchiroli,Unpaved,323.11
2019,Gadchiroli,Gadchiroli,Rock,183.35
2019,Gadchiroli,Chomoshi,Unpaved,152.26
2019,Gadchiroli,Chomoshi,Rock,194.59
2019,Gadchiroli,Mulchera,Unpaved,103.97
2019,Gadchiroli,Mulchera,Rock,52.5
2019,Gadchiroli,Etapalli,Unpaved,703.45
2019,Gadchiroli,Etapalli,Rock,273.28
2019,Gadchiroli,Bhamragad,Unpaved,379.25
2019,Gadchiroli,Bhamragad,Rock,117.13
2019,Gadchiroli,Aheri,Unpaved,356.95
2019,Gadchiroli,Aheri,Rock,180.35
2019,Gadchiroli,Sironcha,Unpaved,116.4
2019,Gadchiroli,Sironcha,Rock,219.81
2020,Gadchiroli,Desaiganj,Unpaved,95.84
2020,Gadchiroli,Desaiganj,Rock,92.35
2020,Gadchiroli,Aarmori,Unpaved,142.2
2020,Gadchiroli,Aarmori,Rock,92.05
2020,Gadchiroli,Kurkheda,Unpaved,136.07
2020,Gadchiroli,Kurkheda,Rock,109.86
2020,Gadchiroli,Korachi,Unpaved,204.71
2020,Gadchiroli,Korachi,Rock,115.55
2020,Gadchiroli,Dhanora,Unpaved,478.69
2020,Gadchiroli,Dhanora,Rock,304.76
2020,Gadchiroli,Gadchiroli,Unpaved,324.04
2020,Gadchiroli,Gadchiroli,Rock,186.14
2020,Gadchiroli,Chomoshi,Unpaved,144.81
2020,Gadchiroli,Chomoshi,Rock,193.92
2020,Gadchiroli,Mulchera,Unpaved,104.67
2020,Gadchiroli,Mulchera,Rock,54.15
2020,Gadchiroli,Etapalli,Unpaved,702.91
2020,Gadchiroli,Etapalli,Rock,284.33
2020,Gadchiroli,Bhamragad,Unpaved,380.65
2020,Gadchiroli,Bhamragad,Rock,123.83
2020,Gadchiroli,Aheri,Unpaved,358.15
2020,Gadchiroli,Aheri,Rock,180.9
2020,Gadchiroli,Sironcha,Unpaved,116.4
2020,Gadchiroli,Sironcha,Rock,206.91
2021,Gadchiroli,Desaiganj,Unpaved,91.05
2021,Gadchiroli,Desaiganj,Rock,92.36
2021,Gadchiroli,Aarmori,Unpaved,156.4
2021,Gadchiroli,Aarmori,Rock,115.05
2021,Gadchiroli,Kurkheda,Unpaved,136.07
2021,Gadchiroli,Kurkheda,Rock,109.86
2021,Gadchiroli,Korachi,Unpaved,204.71
2021,Gadchiroli,Korachi,Rock,115.55
2021,Gadchiroli,Dhanora,Unpaved,478.69
2021,Gadchiroli,Dhanora,Rock,289.01
2021,Gadchiroli,Gadchiroli,Unpaved,324.05
2021,Gadchiroli,Gadchiroli,Rock,175.17
2021,Gadchiroli,Chomoshi,Unpaved,144.81
2021,Gadchiroli,Chomoshi,Rock,188.92
2021,Gadchiroli,Mulchera,Unpaved,104.66
2021,Gadchiroli,Mulchera,Rock,54.15
2021,Gadchiroli,Etapalli,Unpaved,702.9
2021,Gadchiroli,Etapalli,Rock,284.33
2021,Gadchiroli,Bhamragad,Unpaved,384
2021,Gadchiroli,Bhamragad,Rock,123.68
2021,Gadchiroli,Aheri,Unpaved,358.15
2021,Gadchiroli,Aheri,Rock,180.9
2021,Gadchiroli,Sironcha,Unpaved,116.4
2021,Gadchiroli,Sironcha,Rock,190.91
2012,Gondia,Tiroda,Unpaved,131
2012,Gondia,Tiroda,Rock,276
2012,Gondia,Tiroda,Asphalt/Cement/Concrete,556
2012,Gondia,Goregaon,Unpaved,71
2012,Gondia,Goregaon,Rock,187
2012,Gondia,Goregaon,Asphalt/Cement/Concrete,314
2012,Gondia,Gondia,Unpaved,90
2012,Gondia,Gondia,Rock,230
2012,Gondia,Gondia,Asphalt/Cement/Concrete,797
2012,Gondia,Aamgaon,Unpaved,66
2012,Gondia,Aamgaon,Rock,143
2012,Gondia,Aamgaon,Asphalt/Cement/Concrete,382
2012,Gondia,Salekasa,Unpaved,96
2012,Gondia,Salekasa,Rock,49
2012,Gondia,Salekasa,Asphalt/Cement/Concrete,360
2012,Gondia,Sadak Arjuni,Unpaved,175
2012,Gondia,Sadak Arjuni,Rock,106
2012,Gondia,Sadak Arjuni,Asphalt/Cement/Concrete,436
2012,Gondia,Arjuni Morgaon,Unpaved,235
2012,Gondia,Arjuni Morgaon,Rock,105
2012,Gondia,Arjuni Morgaon,Asphalt/Cement/Concrete,558
2012,Gondia,Devari,Unpaved,224
2012,Gondia,Devari,Rock,207
2012,Gondia,Devari,Asphalt/Cement/Concrete,391
2013,Gondia,Tiroda,Unpaved,322
2013,Gondia,Tiroda,Rock,311
2013,Gondia,Tiroda,Asphalt/Cement/Concrete,534
2013,Gondia,Goregaon,Unpaved,208
2013,Gondia,Goregaon,Rock,176
2013,Gondia,Goregaon,Asphalt/Cement/Concrete,334
2013,Gondia,Gondia,Unpaved,241
2013,Gondia,Gondia,Rock,233
2013,Gondia,Gondia,Asphalt/Cement/Concrete,779
2013,Gondia,Aamgaon,Unpaved,21
2013,Gondia,Aamgaon,Rock,235
2013,Gondia,Aamgaon,Asphalt/Cement/Concrete,437
2013,Gondia,Salekasa,Unpaved,227
2013,Gondia,Salekasa,Rock,44
2013,Gondia,Salekasa,Asphalt/Cement/Concrete,326
2013,Gondia,Sadak Arjuni,Unpaved,199
2013,Gondia,Sadak Arjuni,Rock,138
2013,Gondia,Sadak Arjuni,Asphalt/Cement/Concrete,537
2013,Gondia,Arjuni Morgaon,Unpaved,357
2013,Gondia,Arjuni Morgaon,Rock,121
2013,Gondia,Arjuni Morgaon,Asphalt/Cement/Concrete,550
2013,Gondia,Devari,Unpaved,455
2013,Gondia,Devari,Rock,179
2013,Gondia,Devari,Asphalt/Cement/Concrete,387
2014,Gondia,Tiroda,Unpaved,322
2014,Gondia,Tiroda,Rock,313
2014,Gondia,Tiroda,Asphalt/Cement/Concrete,527
2014,Gondia,Goregaon,Unpaved,190
2014,Gondia,Goregaon,Rock,175
2014,Gondia,Goregaon,Asphalt/Cement/Concrete,336
2014,Gondia,Gondia,Unpaved,223
2014,Gondia,Gondia,Rock,228
2014,Gondia,Gondia,Asphalt/Cement/Concrete,844
2014,Gondia,Aamgaon,Unpaved,33
2014,Gondia,Aamgaon,Rock,259
2014,Gondia,Aamgaon,Asphalt/Cement/Concrete,472
2014,Gondia,Salekasa,Unpaved,251
2014,Gondia,Salekasa,Rock,64
2014,Gondia,Salekasa,Asphalt/Cement/Concrete,353
2014,Gondia,Sadak Arjuni,Unpaved,198
2014,Gondia,Sadak Arjuni,Rock,129
2014,Gondia,Sadak Arjuni,Asphalt/Cement/Concrete,547
2014,Gondia,Arjuni Morgaon,Unpaved,347
2014,Gondia,Arjuni Morgaon,Rock,105
2014,Gondia,Arjuni Morgaon,Asphalt/Cement/Concrete,576
2014,Gondia,Devari,Unpaved,473
2014,Gondia,Devari,Rock,182
2014,Gondia,Devari,Asphalt/Cement/Concrete,364
2015,Gondia,Tiroda,Unpaved,311.44
2015,Gondia,Tiroda,Rock,315.83
2015,Gondia,Tiroda,Asphalt/Cement/Concrete,542.06
2015,Gondia,Goregaon,Unpaved,179.84
2015,Gondia,Goregaon,Rock,173.72
2015,Gondia,Goregaon,Asphalt/Cement/Concrete,368.05
2015,Gondia,Gondia,Unpaved,222.64
2015,Gondia,Gondia,Rock,224.55
2015,Gondia,Gondia,Asphalt/Cement/Concrete,779.73
2015,Gondia,Aamgaon,Unpaved,31.3
2015,Gondia,Aamgaon,Rock,257.42
2015,Gondia,Aamgaon,Asphalt/Cement/Concrete,503.55
2015,Gondia,Salekasa,Unpaved,243.76
2015,Gondia,Salekasa,Rock,43.85
2015,Gondia,Salekasa,Asphalt/Cement/Concrete,395.02
2015,Gondia,Sadak Arjuni,Unpaved,192.78
2015,Gondia,Sadak Arjuni,Rock,131.42
2015,Gondia,Sadak Arjuni,Asphalt/Cement/Concrete,555.42
2015,Gondia,Arjuni Morgaon,Unpaved,335.68
2015,Gondia,Arjuni Morgaon,Rock,103.11
2015,Gondia,Arjuni Morgaon,Asphalt/Cement/Concrete,592.72
2015,Gondia,Devari,Unpaved,439.71
2015,Gondia,Devari,Rock,171.52
2015,Gondia,Devari,Asphalt/Cement/Concrete,401.96
2016,Gondia,Tiroda,Unpaved,325.44
2016,Gondia,Tiroda,Rock,332.43
2016,Gondia,Tiroda,Asphalt/Cement/Concrete,567.63
2016,Gondia,Goregaon,Unpaved,170.79
2016,Gondia,Goregaon,Rock,182.44
2016,Gondia,Goregaon,Asphalt/Cement/Concrete,385.68
2016,Gondia,Gondia,Unpaved,204.09
2016,Gondia,Gondia,Rock,236.45
2016,Gondia,Gondia,Asphalt/Cement/Concrete,971.81
2016,Gondia,Aamgaon,Unpaved,30.4
2016,Gondia,Aamgaon,Rock,241.75
2016,Gondia,Aamgaon,Asphalt/Cement/Concrete,535.89
2016,Gondia,Salekasa,Unpaved,219.01
2016,Gondia,Salekasa,Rock,67.8
2016,Gondia,Salekasa,Asphalt/Cement/Concrete,400.59
2016,Gondia,Sadak Arjuni,Unpaved,213.28
2016,Gondia,Sadak Arjuni,Rock,124.56
2016,Gondia,Sadak Arjuni,Asphalt/Cement/Concrete,578.88
2016,Gondia,Arjuni Morgaon,Unpaved,324.33
2016,Gondia,Arjuni Morgaon,Rock,100.05
2016,Gondia,Arjuni Morgaon,Asphalt/Cement/Concrete,605.2
2016,Gondia,Devari,Unpaved,438.22
2016,Gondia,Devari,Rock,130.4
2016,Gondia,Devari,Asphalt/Cement/Concrete,524.29
2017,Gondia,Tiroda,Unpaved,309.99
2017,Gondia,Tiroda,Rock,326.03
2017,Gondia,Tiroda,Asphalt/Cement/Concrete,563.42
2017,Gondia,Goregaon,Unpaved,175.94
2017,Gondia,Goregaon,Rock,181.7
2017,Gondia,Goregaon,Asphalt/Cement/Concrete,377.6
2017,Gondia,Gondia,Unpaved,207.84
2017,Gondia,Gondia,Rock,242.45
2017,Gondia,Gondia,Asphalt/Cement/Concrete,971.54
2017,Gondia,Aamgaon,Unpaved,23.5
2017,Gondia,Aamgaon,Rock,257.15
2017,Gondia,Aamgaon,Asphalt/Cement/Concrete,464.42
2017,Gondia,Salekasa,Unpaved,222.01
2017,Gondia,Salekasa,Rock,70.8
2017,Gondia,Salekasa,Asphalt/Cement/Concrete,421.59
2017,Gondia,Sadak Arjuni,Unpaved,226.48
2017,Gondia,Sadak Arjuni,Rock,127.56
2017,Gondia,Sadak Arjuni,Asphalt/Cement/Concrete,586.38
2017,Gondia,Arjuni Morgaon,Unpaved,324.33
2017,Gondia,Arjuni Morgaon,Rock,100.05
2017,Gondia,Arjuni Morgaon,Asphalt/Cement/Concrete,610.2
2017,Gondia,Devari,Unpaved,452.07
2017,Gondia,Devari,Rock,144.15
2017,Gondia,Devari,Asphalt/Cement/Concrete,540.57
2018,Gondia,Tiroda,Unpaved,309.99
2018,Gondia,Tiroda,Rock,326.03
2018,Gondia,Goregaon,Unpaved,178.34
2018,Gondia,Goregaon,Rock,185.44
2018,Gondia,Gondia,Unpaved,208.94
2018,Gondia,Gondia,Rock,227.05
2018,Gondia,Aamgaon,Unpaved,32.38
2018,Gondia,Aamgaon,Rock,267.15
2018,Gondia,Salekasa,Unpaved,220.01
2018,Gondia,Salekasa,Rock,75.8
2018,Gondia,Sadak Arjuni,Unpaved,226.48
2018,Gondia,Sadak Arjuni,Rock,133.96
2018,Gondia,Arjuni Morgaon,Unpaved,319.03
2018,Gondia,Arjuni Morgaon,Rock,91
2018,Gondia,Devari,Unpaved,438.22
2018,Gondia,Devari,Rock,129.74
2019,Gondia,Tiroda,Unpaved,309.99
2019,Gondia,Tiroda,Rock,326.03
2019,Gondia,Goregaon,Unpaved,175.34
2019,Gondia,Goregaon,Rock,180.44
2019,Gondia,Gondia,Unpaved,208.94
2019,Gondia,Gondia,Rock,225.25
2019,Gondia,Aamgaon,Unpaved,30.5
2019,Gondia,Aamgaon,Rock,267.15
2019,Gondia,Salekasa,Unpaved,219.01
2019,Gondia,Salekasa,Rock,63.9
2019,Gondia,Sadak Arjuni,Unpaved,226.48
2019,Gondia,Sadak Arjuni,Rock,113.26
2019,Gondia,Arjuni Morgaon,Unpaved,319.03
2019,Gondia,Arjuni Morgaon,Rock,89.1
2019,Gondia,Devari,Unpaved,437.22
2019,Gondia,Devari,Rock,126.74
2020,Gondia,Tiroda,Unpaved,307.49
2020,Gondia,Tiroda,Rock,331.28
2020,Gondia,Goregaon,Unpaved,175.14
2020,Gondia,Goregaon,Rock,181.24
2020,Gondia,Gondia,Unpaved,218.14
2020,Gondia,Gondia,Rock,218.99
2020,Gondia,Aamgaon,Unpaved,26.5
2020,Gondia,Aamgaon,Rock,267.15
2020,Gondia,Salekasa,Unpaved,204.11
2020,Gondia,Salekasa,Rock,66.9
2020,Gondia,Sadak Arjuni,Unpaved,223.48
2020,Gondia,Sadak Arjuni,Rock,120.81
2020,Gondia,Arjuni Morgaon,Unpaved,324.33
2020,Gondia,Arjuni Morgaon,Rock,90.3
2020,Gondia,Devari,Unpaved,438.22
2020,Gondia,Devari,Rock,127.9
2021,Gondia,Tiroda,Unpaved,300.9
2021,Gondia,Tiroda,Rock,330.34
2021,Gondia,Goregaon,Unpaved,160.39
2021,Gondia,Goregaon,Rock,179.99
2021,Gondia,Gondia,Unpaved,199.1
2021,Gondia,Gondia,Rock,217.58
2021,Gondia,Aamgaon,Unpaved,27.62
2021,Gondia,Aamgaon,Rock,204.09
2021,Gondia,Salekasa,Unpaved,119.46
2021,Gondia,Salekasa,Rock,79.4
2021,Gondia,Sadak Arjuni,Unpaved,214.48
2021,Gondia,Sadak Arjuni,Rock,103.76
2021,Gondia,Arjuni Morgaon,Unpaved,324.33
2021,Gondia,Arjuni Morgaon,Rock,89.8
2021,Gondia,Devari,Unpaved,438.22
2021,Gondia,Devari,Rock,128.9
2012,Hingoli,Sengaon,Unpaved,15.42
2012,Hingoli,Sengaon,Rock,7
2012,Hingoli,Sengaon,Asphalt/Cement/Concrete,147.25
2012,Hingoli,Hingoli,Unpaved,22.45
2012,Hingoli,Hingoli,Rock,0
2012,Hingoli,Hingoli,Asphalt/Cement/Concrete,136.2
2012,Hingoli,Aundha na,Unpaved,0
2012,Hingoli,Aundha na,Rock,0
2012,Hingoli,Aundha na,Asphalt/Cement/Concrete,77
2012,Hingoli,Kalamanuri,Unpaved,9.6
2012,Hingoli,Kalamanuri,Rock,3
2012,Hingoli,Kalamanuri,Asphalt/Cement/Concrete,164.4
2012,Hingoli,vasamat,Unpaved,7.6
2012,Hingoli,vasamat,Rock,0
2012,Hingoli,vasamat,Asphalt/Cement/Concrete,141.7
2013,Hingoli,Sengaon,Unpaved,40
2013,Hingoli,Sengaon,Rock,193
2013,Hingoli,Sengaon,Asphalt/Cement/Concrete,558.56
2013,Hingoli,Hingoli,Unpaved,91.4
2013,Hingoli,Hingoli,Rock,189.15
2013,Hingoli,Hingoli,Asphalt/Cement/Concrete,709.75
2013,Hingoli,Aundha na,Unpaved,43.25
2013,Hingoli,Aundha na,Rock,98.8
2013,Hingoli,Aundha na,Asphalt/Cement/Concrete,579
2013,Hingoli,Kalamanuri,Unpaved,51
2013,Hingoli,Kalamanuri,Rock,89.4
2013,Hingoli,Kalamanuri,Asphalt/Cement/Concrete,588.75
2013,Hingoli,vasamat,Unpaved,75.4
2013,Hingoli,vasamat,Rock,103
2013,Hingoli,vasamat,Asphalt/Cement/Concrete,691.7
2014,Hingoli,Sengaon,Unpaved,40
2014,Hingoli,Sengaon,Rock,193
2014,Hingoli,Sengaon,Asphalt/Cement/Concrete,647.2
2014,Hingoli,Hingoli,Unpaved,71.4
2014,Hingoli,Hingoli,Rock,179.15
2014,Hingoli,Hingoli,Asphalt/Cement/Concrete,597.55
2014,Hingoli,Aundha na,Unpaved,43.25
2014,Hingoli,Aundha na,Rock,79.2
2014,Hingoli,Aundha na,Asphalt/Cement/Concrete,561.45
2014,Hingoli,Kalamanuri,Unpaved,49.5
2014,Hingoli,Kalamanuri,Rock,89
2014,Hingoli,Kalamanuri,Asphalt/Cement/Concrete,693.6
2014,Hingoli,vasamat,Unpaved,55.3
2014,Hingoli,vasamat,Rock,103.1
2014,Hingoli,vasamat,Asphalt/Cement/Concrete,708
2015,Hingoli,Sengaon,Unpaved,105.05
2015,Hingoli,Sengaon,Rock,178.46
2015,Hingoli,Sengaon,Asphalt/Cement/Concrete,596.69
2015,Hingoli,Hingoli,Unpaved,143.45
2015,Hingoli,Hingoli,Rock,93.15
2015,Hingoli,Hingoli,Asphalt/Cement/Concrete,611.5
2015,Hingoli,Aundha na,Unpaved,92.25
2015,Hingoli,Aundha na,Rock,126.75
2015,Hingoli,Aundha na,Asphalt/Cement/Concrete,464.9
2015,Hingoli,Kalamanuri,Unpaved,128.35
2015,Hingoli,Kalamanuri,Rock,149.56
2015,Hingoli,Kalamanuri,Asphalt/Cement/Concrete,554.29
2015,Hingoli,vasamat,Unpaved,71.6
2015,Hingoli,vasamat,Rock,168
2015,Hingoli,vasamat,Asphalt/Cement/Concrete,621.3
2016,Hingoli,Sengaon,Unpaved,105.05
2016,Hingoli,Sengaon,Rock,167.35
2016,Hingoli,Sengaon,Asphalt/Cement/Concrete,627.8
2016,Hingoli,Hingoli,Unpaved,143.45
2016,Hingoli,Hingoli,Rock,73.03
2016,Hingoli,Hingoli,Asphalt/Cement/Concrete,636.57
2016,Hingoli,Aundha na,Unpaved,92.25
2016,Hingoli,Aundha na,Rock,128.64
2016,Hingoli,Aundha na,Asphalt/Cement/Concrete,483.01
2016,Hingoli,Kalamanuri,Unpaved,128.35
2016,Hingoli,Kalamanuri,Rock,137.38
2016,Hingoli,Kalamanuri,Asphalt/Cement/Concrete,578.47
2016,Hingoli,vasamat,Unpaved,55
2016,Hingoli,vasamat,Rock,160.89
2016,Hingoli,vasamat,Asphalt/Cement/Concrete,637.61
2017,Hingoli,Sengaon,Unpaved,105.05
2017,Hingoli,Sengaon,Rock,167.35
2017,Hingoli,Sengaon,Asphalt/Cement/Concrete,627.8
2017,Hingoli,Hingoli,Unpaved,143.45
2017,Hingoli,Hingoli,Rock,73.03
2017,Hingoli,Hingoli,Asphalt/Cement/Concrete,636.57
2017,Hingoli,Aundha na,Unpaved,92.25
2017,Hingoli,Aundha na,Rock,128.64
2017,Hingoli,Aundha na,Asphalt/Cement/Concrete,483.01
2017,Hingoli,Kalamanuri,Unpaved,133.35
2017,Hingoli,Kalamanuri,Rock,137.38
2017,Hingoli,Kalamanuri,Asphalt/Cement/Concrete,578.47
2017,Hingoli,vasamat,Unpaved,55
2017,Hingoli,vasamat,Rock,160.89
2017,Hingoli,vasamat,Asphalt/Cement/Concrete,735.81
2018,Hingoli,Sengaon,Unpaved,106.72
2018,Hingoli,Sengaon,Rock,175.86
2018,Hingoli,Hingoli,Unpaved,152.07
2018,Hingoli,Hingoli,Rock,114.89
2018,Hingoli,Aundha na,Unpaved,108.92
2018,Hingoli,Aundha na,Rock,121.64
2018,Hingoli,Kalamanuri,Unpaved,129.27
2018,Hingoli,Kalamanuri,Rock,134.38
2018,Hingoli,vasamat,Unpaved,173.53
2018,Hingoli,vasamat,Rock,183.69
2019,Hingoli,Sengaon,Unpaved,121.16
2019,Hingoli,Sengaon,Rock,175.86
2019,Hingoli,Hingoli,Unpaved,218.6
2019,Hingoli,Hingoli,Rock,115.46
2019,Hingoli,Aundha na,Unpaved,116.42
2019,Hingoli,Aundha na,Rock,121.64
2019,Hingoli,Kalamanuri,Unpaved,135.65
2019,Hingoli,Kalamanuri,Rock,134.38
2019,Hingoli,vasamat,Unpaved,175.89
2019,Hingoli,vasamat,Rock,183.61
2020,Hingoli,Sengaon,Unpaved,122.66
2020,Hingoli,Sengaon,Rock,175.86
2020,Hingoli,Hingoli,Unpaved,243.1
2020,Hingoli,Hingoli,Rock,115.46
2020,Hingoli,Aundha na,Unpaved,116.42
2020,Hingoli,Aundha na,Rock,121.64
2020,Hingoli,Kalamanuri,Unpaved,135.65
2020,Hingoli,Kalamanuri,Rock,134.38
2020,Hingoli,vasamat,Unpaved,175.89
2020,Hingoli,vasamat,Rock,186.38
2021,Hingoli,Sengaon,Unpaved,148.62
2021,Hingoli,Sengaon,Rock,144.13
2021,Hingoli,Hingoli,Unpaved,130.56
2021,Hingoli,Hingoli,Rock,84.23
2021,Hingoli,Aundha na,Unpaved,95.88
2021,Hingoli,Aundha na,Rock,90.41
2021,Hingoli,Kalamanuri,Unpaved,217.91
2021,Hingoli,Kalamanuri,Rock,103.15
2021,Hingoli,vasamat,Unpaved,180.75
2021,Hingoli,vasamat,Rock,155.15
2012,Jalgaon,Chopda ,Unpaved,119.14
2012,Jalgaon,Chopda ,Rock,178.91
2012,Jalgaon,Chopda ,Asphalt/Cement/Concrete,626.47
2012,Jalgaon,Yawal,Unpaved,203.88
2012,Jalgaon,Yawal,Rock,286.18
2012,Jalgaon,Yawal,Asphalt/Cement/Concrete,459.61
2012,Jalgaon,Raver,Unpaved,67.72
2012,Jalgaon,Raver,Rock,170.99
2012,Jalgaon,Raver,Asphalt/Cement/Concrete,614.7
2012,Jalgaon,Muktainagar ,Unpaved,188.2
2012,Jalgaon,Muktainagar ,Rock,114
2012,Jalgaon,Muktainagar ,Asphalt/Cement/Concrete,344.75
2012,Jalgaon,Bodvad,Unpaved,29.75
2012,Jalgaon,Bodvad,Rock,167.1
2012,Jalgaon,Bodvad,Asphalt/Cement/Concrete,166.3
2012,Jalgaon,Bhusawal,Unpaved,15.09
2012,Jalgaon,Bhusawal,Rock,134.7
2012,Jalgaon,Bhusawal,Asphalt/Cement/Concrete,408.35
2012,Jalgaon,Jalgaon ,Unpaved,179.55
2012,Jalgaon,Jalgaon ,Rock,143.15
2012,Jalgaon,Jalgaon ,Asphalt/Cement/Concrete,505.45
2012,Jalgaon,Erandol ,Unpaved,121.55
2012,Jalgaon,Erandol ,Rock,175.12
2012,Jalgaon,Erandol ,Asphalt/Cement/Concrete,312.03
2012,Jalgaon,Dharangoan ,Unpaved,55.17
2012,Jalgaon,Dharangoan ,Rock,141.63
2012,Jalgaon,Dharangoan ,Asphalt/Cement/Concrete,309.48
2012,Jalgaon,Amalner ,Unpaved,168.2
2012,Jalgaon,Amalner ,Rock,281.41
2012,Jalgaon,Amalner ,Asphalt/Cement/Concrete,486.59
2012,Jalgaon,Parola,Unpaved,41.25
2012,Jalgaon,Parola,Rock,165.73
2012,Jalgaon,Parola,Asphalt/Cement/Concrete,399.22
2012,Jalgaon,Bhadgoan,Unpaved,50.5
2012,Jalgaon,Bhadgoan,Rock,200.54
2012,Jalgaon,Bhadgoan,Asphalt/Cement/Concrete,245
2012,Jalgaon,Chalisgoan ,Unpaved,142
2012,Jalgaon,Chalisgoan ,Rock,343
2012,Jalgaon,Chalisgoan ,Asphalt/Cement/Concrete,605.52
2012,Jalgaon,Pachora ,Unpaved,132.2
2012,Jalgaon,Pachora ,Rock,212.45
2012,Jalgaon,Pachora ,Asphalt/Cement/Concrete,392
2012,Jalgaon,Jamner ,Unpaved,193.8
2012,Jalgaon,Jamner ,Rock,267.3
2012,Jalgaon,Jamner ,Asphalt/Cement/Concrete,546.28
2013,Jalgaon,Chopda ,Unpaved,426.78
2013,Jalgaon,Chopda ,Rock,155.98
2013,Jalgaon,Chopda ,Asphalt/Cement/Concrete,599.38
2013,Jalgaon,Yawal,Unpaved,412.14
2013,Jalgaon,Yawal,Rock,266.99
2013,Jalgaon,Yawal,Asphalt/Cement/Concrete,475.55
2013,Jalgaon,Raver,Unpaved,132.53
2013,Jalgaon,Raver,Rock,183.78
2013,Jalgaon,Raver,Asphalt/Cement/Concrete,652.68
2013,Jalgaon,Muktainagar ,Unpaved,149.38
2013,Jalgaon,Muktainagar ,Rock,208.32
2013,Jalgaon,Muktainagar ,Asphalt/Cement/Concrete,332.25
2013,Jalgaon,Bodvad,Unpaved,104.48
2013,Jalgaon,Bodvad,Rock,137.92
2013,Jalgaon,Bodvad,Asphalt/Cement/Concrete,248.2
2013,Jalgaon,Bhusawal,Unpaved,102.28
2013,Jalgaon,Bhusawal,Rock,97.52
2013,Jalgaon,Bhusawal,Asphalt/Cement/Concrete,402.99
2013,Jalgaon,Jalgaon ,Unpaved,461.38
2013,Jalgaon,Jalgaon ,Rock,185.81
2013,Jalgaon,Jalgaon ,Asphalt/Cement/Concrete,886.25
2013,Jalgaon,Erandol ,Unpaved,43.18
2013,Jalgaon,Erandol ,Rock,259.3
2013,Jalgaon,Erandol ,Asphalt/Cement/Concrete,311.34
2013,Jalgaon,Dharangoan ,Unpaved,37.58
2013,Jalgaon,Dharangoan ,Rock,359.36
2013,Jalgaon,Dharangoan ,Asphalt/Cement/Concrete,276.05
2013,Jalgaon,Amalner ,Unpaved,260.68
2013,Jalgaon,Amalner ,Rock,265.72
2013,Jalgaon,Amalner ,Asphalt/Cement/Concrete,502.4
2013,Jalgaon,Parola,Unpaved,2.93
2013,Jalgaon,Parola,Rock,498.62
2013,Jalgaon,Parola,Asphalt/Cement/Concrete,364.86
2013,Jalgaon,Bhadgoan,Unpaved,208.98
2013,Jalgaon,Bhadgoan,Rock,193.02
2013,Jalgaon,Bhadgoan,Asphalt/Cement/Concrete,298.4
2013,Jalgaon,Chalisgoan ,Unpaved,453.18
2013,Jalgaon,Chalisgoan ,Rock,380.62
2013,Jalgaon,Chalisgoan ,Asphalt/Cement/Concrete,670.7
2013,Jalgaon,Pachora ,Unpaved,268.26
2013,Jalgaon,Pachora ,Rock,253.42
2013,Jalgaon,Pachora ,Asphalt/Cement/Concrete,462.02
2013,Jalgaon,Jamner ,Unpaved,349.39
2013,Jalgaon,Jamner ,Rock,236.57
2013,Jalgaon,Jamner ,Asphalt/Cement/Concrete,632.07
2014,Jalgaon,Chopda ,Unpaved,476.08
2014,Jalgaon,Chopda ,Rock,108.07
2014,Jalgaon,Chopda ,Asphalt/Cement/Concrete,537.34
2014,Jalgaon,Yawal,Unpaved,492.31
2014,Jalgaon,Yawal,Rock,244.38
2014,Jalgaon,Yawal,Asphalt/Cement/Concrete,411.57
2014,Jalgaon,Raver,Unpaved,157.95
2014,Jalgaon,Raver,Rock,147.72
2014,Jalgaon,Raver,Asphalt/Cement/Concrete,637.36
2014,Jalgaon,Muktainagar ,Unpaved,158.86
2014,Jalgaon,Muktainagar ,Rock,199.02
2014,Jalgaon,Muktainagar ,Asphalt/Cement/Concrete,332.92
2014,Jalgaon,Bodvad,Unpaved,97.31
2014,Jalgaon,Bodvad,Rock,128.82
2014,Jalgaon,Bodvad,Asphalt/Cement/Concrete,259.87
2014,Jalgaon,Bhusawal,Unpaved,139.76
2014,Jalgaon,Bhusawal,Rock,69.62
2014,Jalgaon,Bhusawal,Asphalt/Cement/Concrete,280.37
2014,Jalgaon,Jalgaon ,Unpaved,484.96
2014,Jalgaon,Jalgaon ,Rock,87
2014,Jalgaon,Jalgaon ,Asphalt/Cement/Concrete,441.59
2014,Jalgaon,Erandol ,Unpaved,127.89
2014,Jalgaon,Erandol ,Rock,230.22
2014,Jalgaon,Erandol ,Asphalt/Cement/Concrete,236.72
2014,Jalgaon,Dharangoan ,Unpaved,68.06
2014,Jalgaon,Dharangoan ,Rock,335.27
2014,Jalgaon,Dharangoan ,Asphalt/Cement/Concrete,270.42
2014,Jalgaon,Amalner ,Unpaved,306.51
2014,Jalgaon,Amalner ,Rock,209.42
2014,Jalgaon,Amalner ,Asphalt/Cement/Concrete,448.62
2014,Jalgaon,Parola,Unpaved,68.96
2014,Jalgaon,Parola,Rock,495.92
2014,Jalgaon,Parola,Asphalt/Cement/Concrete,315.53
2014,Jalgaon,Bhadgoan,Unpaved,258.31
2014,Jalgaon,Bhadgoan,Rock,130.42
2014,Jalgaon,Bhadgoan,Asphalt/Cement/Concrete,272.12
2014,Jalgaon,Chalisgoan ,Unpaved,554.22
2014,Jalgaon,Chalisgoan ,Rock,274.32
2014,Jalgaon,Chalisgoan ,Asphalt/Cement/Concrete,517.13
2014,Jalgaon,Pachora ,Unpaved,322.41
2014,Jalgaon,Pachora ,Rock,200.97
2014,Jalgaon,Pachora ,Asphalt/Cement/Concrete,431.07
2014,Jalgaon,Jamner ,Unpaved,359.1
2014,Jalgaon,Jamner ,Rock,172.05
2014,Jalgaon,Jamner ,Asphalt/Cement/Concrete,624.03
2015,Jalgaon,Chopda ,Unpaved,368.46
2015,Jalgaon,Chopda ,Rock,205.47
2015,Jalgaon,Chopda ,Asphalt/Cement/Concrete,602.71
2015,Jalgaon,Yawal,Unpaved,419.78
2015,Jalgaon,Yawal,Rock,301.45
2015,Jalgaon,Yawal,Asphalt/Cement/Concrete,534.64
2015,Jalgaon,Raver,Unpaved,138.99
2015,Jalgaon,Raver,Rock,174.17
2015,Jalgaon,Raver,Asphalt/Cement/Concrete,651.27
2015,Jalgaon,Muktainagar ,Unpaved,118.17
2015,Jalgaon,Muktainagar ,Rock,215.8
2015,Jalgaon,Muktainagar ,Asphalt/Cement/Concrete,359.24
2015,Jalgaon,Bodvad,Unpaved,89.67
2015,Jalgaon,Bodvad,Rock,140.53
2015,Jalgaon,Bodvad,Asphalt/Cement/Concrete,233.56
2015,Jalgaon,Bhusawal,Unpaved,93.31
2015,Jalgaon,Bhusawal,Rock,76.4
2015,Jalgaon,Bhusawal,Asphalt/Cement/Concrete,478.03
2015,Jalgaon,Jalgaon ,Unpaved,317.17
2015,Jalgaon,Jalgaon ,Rock,285.27
2015,Jalgaon,Jalgaon ,Asphalt/Cement/Concrete,897.4
2015,Jalgaon,Erandol ,Unpaved,162.72
2015,Jalgaon,Erandol ,Rock,152.09
2015,Jalgaon,Erandol ,Asphalt/Cement/Concrete,313.31
2015,Jalgaon,Dharangoan ,Unpaved,94.92
2015,Jalgaon,Dharangoan ,Rock,343.69
2015,Jalgaon,Dharangoan ,Asphalt/Cement/Concrete,234.78
2015,Jalgaon,Amalner ,Unpaved,179.47
2015,Jalgaon,Amalner ,Rock,245.7
2015,Jalgaon,Amalner ,Asphalt/Cement/Concrete,636.73
2015,Jalgaon,Parola,Unpaved,302.07
2015,Jalgaon,Parola,Rock,219.89
2015,Jalgaon,Parola,Asphalt/Cement/Concrete,396.54
2015,Jalgaon,Bhadgoan,Unpaved,198.47
2015,Jalgaon,Bhadgoan,Rock,170.6
2015,Jalgaon,Bhadgoan,Asphalt/Cement/Concrete,343.43
2015,Jalgaon,Chalisgoan ,Unpaved,397.75
2015,Jalgaon,Chalisgoan ,Rock,390.2
2015,Jalgaon,Chalisgoan ,Asphalt/Cement/Concrete,697.35
2015,Jalgaon,Pachora ,Unpaved,224.47
2015,Jalgaon,Pachora ,Rock,275.14
2015,Jalgaon,Pachora ,Asphalt/Cement/Concrete,485.31
2015,Jalgaon,Jamner ,Unpaved,326.02
2015,Jalgaon,Jamner ,Rock,181.98
2015,Jalgaon,Jamner ,Asphalt/Cement/Concrete,743.63
2016,Jalgaon,Chopda ,Unpaved,365.59
2016,Jalgaon,Chopda ,Rock,169.87
2016,Jalgaon,Chopda ,Asphalt/Cement/Concrete,658.49
2016,Jalgaon,Yawal,Unpaved,493.96
2016,Jalgaon,Yawal,Rock,271.4
2016,Jalgaon,Yawal,Asphalt/Cement/Concrete,551.25
2016,Jalgaon,Raver,Unpaved,129.72
2016,Jalgaon,Raver,Rock,172.48
2016,Jalgaon,Raver,Asphalt/Cement/Concrete,682.58
2016,Jalgaon,Muktainagar ,Unpaved,112.3
2016,Jalgaon,Muktainagar ,Rock,209.3
2016,Jalgaon,Muktainagar ,Asphalt/Cement/Concrete,387.55
2016,Jalgaon,Bodvad,Unpaved,103.3
2016,Jalgaon,Bodvad,Rock,136.2
2016,Jalgaon,Bodvad,Asphalt/Cement/Concrete,228.4
2016,Jalgaon,Bhusawal,Unpaved,108.23
2016,Jalgaon,Bhusawal,Rock,63.29
2016,Jalgaon,Bhusawal,Asphalt/Cement/Concrete,480.96
2016,Jalgaon,Jalgaon ,Unpaved,316.2
2016,Jalgaon,Jalgaon ,Rock,279.37
2016,Jalgaon,Jalgaon ,Asphalt/Cement/Concrete,892.87
2016,Jalgaon,Erandol ,Unpaved,163.75
2016,Jalgaon,Erandol ,Rock,128.79
2016,Jalgaon,Erandol ,Asphalt/Cement/Concrete,345.58
2016,Jalgaon,Dharangoan ,Unpaved,80.15
2016,Jalgaon,Dharangoan ,Rock,340.44
2016,Jalgaon,Dharangoan ,Asphalt/Cement/Concrete,313.45
2016,Jalgaon,Amalner ,Unpaved,156.16
2016,Jalgaon,Amalner ,Rock,284.95
2016,Jalgaon,Amalner ,Asphalt/Cement/Concrete,641.39
2016,Jalgaon,Parola,Unpaved,295.6
2016,Jalgaon,Parola,Rock,48.3
2016,Jalgaon,Parola,Asphalt/Cement/Concrete,576.41
2016,Jalgaon,Bhadgoan,Unpaved,158.3
2016,Jalgaon,Bhadgoan,Rock,202
2016,Jalgaon,Bhadgoan,Asphalt/Cement/Concrete,344.2
2016,Jalgaon,Chalisgoan ,Unpaved,391.85
2016,Jalgaon,Chalisgoan ,Rock,407.95
2016,Jalgaon,Chalisgoan ,Asphalt/Cement/Concrete,677.75
2016,Jalgaon,Pachora ,Unpaved,209.1
2016,Jalgaon,Pachora ,Rock,267.77
2016,Jalgaon,Pachora ,Asphalt/Cement/Concrete,536.32
2016,Jalgaon,Jamner ,Unpaved,354.99
2016,Jalgaon,Jamner ,Rock,193.74
2016,Jalgaon,Jamner ,Asphalt/Cement/Concrete,737.05
2017,Jalgaon,Chopda ,Unpaved,517.74
2017,Jalgaon,Chopda ,Rock,153.35
2017,Jalgaon,Chopda ,Asphalt/Cement/Concrete,534.04
2017,Jalgaon,Yawal,Unpaved,252.89
2017,Jalgaon,Yawal,Rock,284.96
2017,Jalgaon,Yawal,Asphalt/Cement/Concrete,787.2
2017,Jalgaon,Raver,Unpaved,131.16
2017,Jalgaon,Raver,Rock,176.32
2017,Jalgaon,Raver,Asphalt/Cement/Concrete,677.6
2017,Jalgaon,Muktainagar ,Unpaved,133.24
2017,Jalgaon,Muktainagar ,Rock,198.3
2017,Jalgaon,Muktainagar ,Asphalt/Cement/Concrete,368.89
2017,Jalgaon,Bodvad,Unpaved,102.3
2017,Jalgaon,Bodvad,Rock,133.2
2017,Jalgaon,Bodvad,Asphalt/Cement/Concrete,245.13
2017,Jalgaon,Bhusawal,Unpaved,117.24
2017,Jalgaon,Bhusawal,Rock,77.86
2017,Jalgaon,Bhusawal,Asphalt/Cement/Concrete,491.93
2017,Jalgaon,Jalgaon ,Unpaved,320.2
2017,Jalgaon,Jalgaon ,Rock,335.55
2017,Jalgaon,Jalgaon ,Asphalt/Cement/Concrete,920.46
2017,Jalgaon,Erandol ,Unpaved,255.1
2017,Jalgaon,Erandol ,Rock,129.65
2017,Jalgaon,Erandol ,Asphalt/Cement/Concrete,385.25
2017,Jalgaon,Dharangoan ,Unpaved,88.85
2017,Jalgaon,Dharangoan ,Rock,317.69
2017,Jalgaon,Dharangoan ,Asphalt/Cement/Concrete,318.95
2017,Jalgaon,Amalner ,Unpaved,216.6
2017,Jalgaon,Amalner ,Rock,281.46
2017,Jalgaon,Amalner ,Asphalt/Cement/Concrete,648.44
2017,Jalgaon,Parola,Unpaved,293.55
2017,Jalgaon,Parola,Rock,175.25
2017,Jalgaon,Parola,Asphalt/Cement/Concrete,464.31
2017,Jalgaon,Bhadgoan,Unpaved,149.8
2017,Jalgaon,Bhadgoan,Rock,150
2017,Jalgaon,Bhadgoan,Asphalt/Cement/Concrete,426.2
2017,Jalgaon,Chalisgoan ,Unpaved,440.5
2017,Jalgaon,Chalisgoan ,Rock,370.45
2017,Jalgaon,Chalisgoan ,Asphalt/Cement/Concrete,692.35
2017,Jalgaon,Pachora ,Unpaved,200.1
2017,Jalgaon,Pachora ,Rock,269.77
2017,Jalgaon,Pachora ,Asphalt/Cement/Concrete,532.52
2017,Jalgaon,Jamner ,Unpaved,416.72
2017,Jalgaon,Jamner ,Rock,171.25
2017,Jalgaon,Jamner ,Asphalt/Cement/Concrete,706.39
2018,Jalgaon,Chopda ,Unpaved,287.19
2018,Jalgaon,Chopda ,Rock,161.9
2018,Jalgaon,Yawal,Unpaved,324.88
2018,Jalgaon,Yawal,Rock,322.18
2018,Jalgaon,Raver,Unpaved,22.16
2018,Jalgaon,Raver,Rock,274.07
2018,Jalgaon,Muktainagar ,Unpaved,308.34
2018,Jalgaon,Muktainagar ,Rock,342.12
2018,Jalgaon,Bodvad,Unpaved,120.4
2018,Jalgaon,Bodvad,Rock,158.45
2018,Jalgaon,Bhusawal,Unpaved,183.2
2018,Jalgaon,Bhusawal,Rock,225.98
2018,Jalgaon,Jalgaon ,Unpaved,392.82
2018,Jalgaon,Jalgaon ,Rock,315.63
2018,Jalgaon,Erandol ,Unpaved,237.2
2018,Jalgaon,Erandol ,Rock,35
2018,Jalgaon,Dharangoan ,Unpaved,232.41
2018,Jalgaon,Dharangoan ,Rock,151.09
2018,Jalgaon,Amalner ,Unpaved,138.65
2018,Jalgaon,Amalner ,Rock,187.2
2018,Jalgaon,Parola,Unpaved,313.74
2018,Jalgaon,Parola,Rock,142.13
2018,Jalgaon,Bhadgoan,Unpaved,131.7
2018,Jalgaon,Bhadgoan,Rock,205.4
2018,Jalgaon,Chalisgoan ,Unpaved,283.1
2018,Jalgaon,Chalisgoan ,Rock,269.4
2018,Jalgaon,Pachora ,Unpaved,332.55
2018,Jalgaon,Pachora ,Rock,138.09
2018,Jalgaon,Jamner ,Unpaved,173.29
2018,Jalgaon,Jamner ,Rock,208.62
2019,Jalgaon,Chopda ,Unpaved,357.16
2019,Jalgaon,Chopda ,Rock,150.55
2019,Jalgaon,Yawal,Unpaved,431.59
2019,Jalgaon,Yawal,Rock,274.76
2019,Jalgaon,Raver,Unpaved,135.04
2019,Jalgaon,Raver,Rock,186.92
2019,Jalgaon,Muktainagar ,Unpaved,124.44
2019,Jalgaon,Muktainagar ,Rock,193.5
2019,Jalgaon,Bodvad,Unpaved,105.62
2019,Jalgaon,Bodvad,Rock,145.4
2019,Jalgaon,Bhusawal,Unpaved,191.9
2019,Jalgaon,Bhusawal,Rock,101.5
2019,Jalgaon,Jalgaon ,Unpaved,361.42
2019,Jalgaon,Jalgaon ,Rock,308.78
2019,Jalgaon,Erandol ,Unpaved,236.1
2019,Jalgaon,Erandol ,Rock,114.25
2019,Jalgaon,Dharangoan ,Unpaved,123.21
2019,Jalgaon,Dharangoan ,Rock,258.55
2019,Jalgaon,Amalner ,Unpaved,188.5
2019,Jalgaon,Amalner ,Rock,174.87
2019,Jalgaon,Parola,Unpaved,281.1
2019,Jalgaon,Parola,Rock,177.26
2019,Jalgaon,Bhadgoan,Unpaved,137.2
2019,Jalgaon,Bhadgoan,Rock,175
2019,Jalgaon,Chalisgoan ,Unpaved,290.9
2019,Jalgaon,Chalisgoan ,Rock,346
2019,Jalgaon,Pachora ,Unpaved,197.49
2019,Jalgaon,Pachora ,Rock,220.61
2019,Jalgaon,Jamner ,Unpaved,325.39
2019,Jalgaon,Jamner ,Rock,140.11
2020,Jalgaon,Chopda ,Unpaved,356.56
2020,Jalgaon,Chopda ,Rock,151.25
2020,Jalgaon,Yawal,Unpaved,431.38
2020,Jalgaon,Yawal,Rock,273.23
2020,Jalgaon,Raver,Unpaved,138.01
2020,Jalgaon,Raver,Rock,178.9
2020,Jalgaon,Muktainagar ,Unpaved,143.23
2020,Jalgaon,Muktainagar ,Rock,188
2020,Jalgaon,Bodvad,Unpaved,101.3
2020,Jalgaon,Bodvad,Rock,150.4
2020,Jalgaon,Bhusawal,Unpaved,142
2020,Jalgaon,Bhusawal,Rock,95.5
2020,Jalgaon,Jalgaon ,Unpaved,456.82
2020,Jalgaon,Jalgaon ,Rock,300.92
2020,Jalgaon,Erandol ,Unpaved,234.3
2020,Jalgaon,Erandol ,Rock,110.8
2020,Jalgaon,Dharangoan ,Unpaved,199.08
2020,Jalgaon,Dharangoan ,Rock,266.17
2020,Jalgaon,Amalner ,Unpaved,180.65
2020,Jalgaon,Amalner ,Rock,186.26
2020,Jalgaon,Parola,Unpaved,286.6
2020,Jalgaon,Parola,Rock,154.4
2020,Jalgaon,Bhadgoan,Unpaved,147.6
2020,Jalgaon,Bhadgoan,Rock,185.65
2020,Jalgaon,Chalisgoan ,Unpaved,288.65
2020,Jalgaon,Chalisgoan ,Rock,346
2020,Jalgaon,Pachora ,Unpaved,197.8
2020,Jalgaon,Pachora ,Rock,212.99
2020,Jalgaon,Jamner ,Unpaved,337.83
2020,Jalgaon,Jamner ,Rock,128.61
2021,Jalgaon,Chopda ,Unpaved,356.56
2021,Jalgaon,Chopda ,Rock,151.25
2021,Jalgaon,Yawal,Unpaved,431.38
2021,Jalgaon,Yawal,Rock,273.23
2021,Jalgaon,Raver,Unpaved,138.01
2021,Jalgaon,Raver,Rock,178.9
2021,Jalgaon,Muktainagar ,Unpaved,143.23
2021,Jalgaon,Muktainagar ,Rock,188
2021,Jalgaon,Bodvad,Unpaved,101.3
2021,Jalgaon,Bodvad,Rock,150.4
2021,Jalgaon,Bhusawal,Unpaved,142
2021,Jalgaon,Bhusawal,Rock,95.5
2021,Jalgaon,Jalgaon ,Unpaved,456.82
2021,Jalgaon,Jalgaon ,Rock,300.92
2021,Jalgaon,Erandol ,Unpaved,234.3
2021,Jalgaon,Erandol ,Rock,110.8
2021,Jalgaon,Dharangoan ,Unpaved,199.08
2021,Jalgaon,Dharangoan ,Rock,266.17
2021,Jalgaon,Amalner ,Unpaved,180.65
2021,Jalgaon,Amalner ,Rock,186.26
2021,Jalgaon,Parola,Unpaved,286.6
2021,Jalgaon,Parola,Rock,154.4
2021,Jalgaon,Bhadgoan,Unpaved,147.6
2021,Jalgaon,Bhadgoan,Rock,185.65
2021,Jalgaon,Chalisgoan ,Unpaved,288.65
2021,Jalgaon,Chalisgoan ,Rock,346
2021,Jalgaon,Pachora ,Unpaved,197.8
2021,Jalgaon,Pachora ,Rock,212.99
2021,Jalgaon,Jamner ,Unpaved,337.83
2021,Jalgaon,Jamner ,Rock,128.61
2012,Jalna,Bhokardan,Unpaved,286.6
2012,Jalna,Bhokardan,Rock,554.2
2012,Jalna,Bhokardan,Asphalt/Cement/Concrete,475.2
2012,Jalna,Jaffrabad,Unpaved,155.1
2012,Jalna,Jaffrabad,Rock,277.4
2012,Jalna,Jaffrabad,Asphalt/Cement/Concrete,293.8
2012,Jalna,Jalna,Unpaved,260.2
2012,Jalna,Jalna,Rock,383.5
2012,Jalna,Jalna,Asphalt/Cement/Concrete,384.4
2012,Jalna,Badnapur,Unpaved,248.1
2012,Jalna,Badnapur,Rock,257.8
2012,Jalna,Badnapur,Asphalt/Cement/Concrete,315.4
2012,Jalna,Ambad,Unpaved,265.5
2012,Jalna,Ambad,Rock,320.4
2012,Jalna,Ambad,Asphalt/Cement/Concrete,409.6
2012,Jalna,Ghansawangi,Unpaved,310.4
2012,Jalna,Ghansawangi,Rock,408.5
2012,Jalna,Ghansawangi,Asphalt/Cement/Concrete,421.7
2012,Jalna,Partur,Unpaved,246.2
2012,Jalna,Partur,Rock,147.6
2012,Jalna,Partur,Asphalt/Cement/Concrete,253.6
2012,Jalna,Mantha,Unpaved,246.1
2012,Jalna,Mantha,Rock,262.2
2012,Jalna,Mantha,Asphalt/Cement/Concrete,357.6
2013,Jalna,Bhokardan,Unpaved,220.9
2013,Jalna,Bhokardan,Rock,43.8
2013,Jalna,Bhokardan,Asphalt/Cement/Concrete,369.3
2013,Jalna,Jaffrabad,Unpaved,175.7
2013,Jalna,Jaffrabad,Rock,21.3
2013,Jalna,Jaffrabad,Asphalt/Cement/Concrete,168.6
2013,Jalna,Jalna,Unpaved,298.7
2013,Jalna,Jalna,Rock,5
2013,Jalna,Jalna,Asphalt/Cement/Concrete,408.7
2013,Jalna,Badnapur,Unpaved,255.5
2013,Jalna,Badnapur,Rock,0
2013,Jalna,Badnapur,Asphalt/Cement/Concrete,173.2
2013,Jalna,Ambad,Unpaved,252.3
2013,Jalna,Ambad,Rock,0
2013,Jalna,Ambad,Asphalt/Cement/Concrete,550
2013,Jalna,Ghansawangi,Unpaved,267.5
2013,Jalna,Ghansawangi,Rock,0
2013,Jalna,Ghansawangi,Asphalt/Cement/Concrete,580
2013,Jalna,Partur,Unpaved,238.6
2013,Jalna,Partur,Rock,0
2013,Jalna,Partur,Asphalt/Cement/Concrete,309
2013,Jalna,Mantha,Unpaved,233.3
2013,Jalna,Mantha,Rock,20
2013,Jalna,Mantha,Asphalt/Cement/Concrete,381.5
2014,Jalna,Bhokardan,Unpaved,257.3
2014,Jalna,Bhokardan,Rock,315.9
2014,Jalna,Bhokardan,Asphalt/Cement/Concrete,697.6
2014,Jalna,Jaffrabad,Unpaved,155.7
2014,Jalna,Jaffrabad,Rock,169.1
2014,Jalna,Jaffrabad,Asphalt/Cement/Concrete,381.6
2014,Jalna,Jalna,Unpaved,284.7
2014,Jalna,Jalna,Rock,276.7
2014,Jalna,Jalna,Asphalt/Cement/Concrete,1054
2014,Jalna,Badnapur,Unpaved,226.3
2014,Jalna,Badnapur,Rock,200.2
2014,Jalna,Badnapur,Asphalt/Cement/Concrete,375.7
2014,Jalna,Ambad,Unpaved,237.2
2014,Jalna,Ambad,Rock,158.4
2014,Jalna,Ambad,Asphalt/Cement/Concrete,949
2014,Jalna,Ghansawangi,Unpaved,220.5
2014,Jalna,Ghansawangi,Rock,156
2014,Jalna,Ghansawangi,Asphalt/Cement/Concrete,1083.8
2014,Jalna,Partur,Unpaved,238.6
2014,Jalna,Partur,Rock,47.7
2014,Jalna,Partur,Asphalt/Cement/Concrete,637.7
2014,Jalna,Mantha,Unpaved,225.3
2014,Jalna,Mantha,Rock,153.8
2014,Jalna,Mantha,Asphalt/Cement/Concrete,592
2015,Jalna,Bhokardan,Unpaved,257.3
2015,Jalna,Bhokardan,Rock,415.7
2015,Jalna,Bhokardan,Asphalt/Cement/Concrete,597.6
2015,Jalna,Jaffrabad,Unpaved,155.7
2015,Jalna,Jaffrabad,Rock,209.1
2015,Jalna,Jaffrabad,Asphalt/Cement/Concrete,381.6
2015,Jalna,Jalna,Unpaved,284.7
2015,Jalna,Jalna,Rock,476.7
2015,Jalna,Jalna,Asphalt/Cement/Concrete,975.1
2015,Jalna,Badnapur,Unpaved,226.3
2015,Jalna,Badnapur,Rock,250.2
2015,Jalna,Badnapur,Asphalt/Cement/Concrete,375.7
2015,Jalna,Ambad,Unpaved,237.2
2015,Jalna,Ambad,Rock,158.4
2015,Jalna,Ambad,Asphalt/Cement/Concrete,899
2015,Jalna,Ghansawangi,Unpaved,220.5
2015,Jalna,Ghansawangi,Rock,164.9
2015,Jalna,Ghansawangi,Asphalt/Cement/Concrete,983.8
2015,Jalna,Partur,Unpaved,285.2
2015,Jalna,Partur,Rock,147.8
2015,Jalna,Partur,Asphalt/Cement/Concrete,577.7
2015,Jalna,Mantha,Unpaved,225.3
2015,Jalna,Mantha,Rock,156.8
2015,Jalna,Mantha,Asphalt/Cement/Concrete,612
2016,Jalna,Bhokardan,Unpaved,263.7
2016,Jalna,Bhokardan,Rock,408.5
2016,Jalna,Bhokardan,Asphalt/Cement/Concrete,642
2016,Jalna,Jaffrabad,Unpaved,139.2
2016,Jalna,Jaffrabad,Rock,227.7
2016,Jalna,Jaffrabad,Asphalt/Cement/Concrete,339.5
2016,Jalna,Jalna,Unpaved,274.6
2016,Jalna,Jalna,Rock,347.4
2016,Jalna,Jalna,Asphalt/Cement/Concrete,992.4
2016,Jalna,Badnapur,Unpaved,226.3
2016,Jalna,Badnapur,Rock,243.7
2016,Jalna,Badnapur,Asphalt/Cement/Concrete,331.2
2016,Jalna,Ambad,Unpaved,241.5
2016,Jalna,Ambad,Rock,211.1
2016,Jalna,Ambad,Asphalt/Cement/Concrete,932.2
2016,Jalna,Ghansawangi,Unpaved,211.2
2016,Jalna,Ghansawangi,Rock,235.1
2016,Jalna,Ghansawangi,Asphalt/Cement/Concrete,1004
2016,Jalna,Partur,Unpaved,229.6
2016,Jalna,Partur,Rock,110.4
2016,Jalna,Partur,Asphalt/Cement/Concrete,577
2016,Jalna,Mantha,Unpaved,211
2016,Jalna,Mantha,Rock,224.9
2016,Jalna,Mantha,Asphalt/Cement/Concrete,590.7
2017,Jalna,Bhokardan,Unpaved,260.8
2017,Jalna,Bhokardan,Rock,390.3
2017,Jalna,Bhokardan,Asphalt/Cement/Concrete,645.9
2017,Jalna,Jaffrabad,Unpaved,134.3
2017,Jalna,Jaffrabad,Rock,230.2
2017,Jalna,Jaffrabad,Asphalt/Cement/Concrete,341.9
2017,Jalna,Jalna,Unpaved,288.2
2017,Jalna,Jalna,Rock,262.9
2017,Jalna,Jalna,Asphalt/Cement/Concrete,1100.8
2017,Jalna,Badnapur,Unpaved,220
2017,Jalna,Badnapur,Rock,291.9
2017,Jalna,Badnapur,Asphalt/Cement/Concrete,333.8
2017,Jalna,Ambad,Unpaved,215
2017,Jalna,Ambad,Rock,210.6
2017,Jalna,Ambad,Asphalt/Cement/Concrete,604.8
2017,Jalna,Ghansawangi,Unpaved,211.2
2017,Jalna,Ghansawangi,Rock,273.3
2017,Jalna,Ghansawangi,Asphalt/Cement/Concrete,662.2
2017,Jalna,Partur,Unpaved,221.7
2017,Jalna,Partur,Rock,130.9
2017,Jalna,Partur,Asphalt/Cement/Concrete,349.1
2017,Jalna,Mantha,Unpaved,208.3
2017,Jalna,Mantha,Rock,204.9
2017,Jalna,Mantha,Asphalt/Cement/Concrete,378
2018,Jalna,Bhokardan,Unpaved,268.98
2018,Jalna,Bhokardan,Rock,395.25
2018,Jalna,Jaffrabad,Unpaved,125.3
2018,Jalna,Jaffrabad,Rock,237.65
2018,Jalna,Jalna,Unpaved,402.12
2018,Jalna,Jalna,Rock,358.2
2018,Jalna,Badnapur,Unpaved,217.21
2018,Jalna,Badnapur,Rock,268.12
2018,Jalna,Ambad,Unpaved,206.4
2018,Jalna,Ambad,Rock,216.2
2018,Jalna,Ghansawangi,Unpaved,210.21
2018,Jalna,Ghansawangi,Rock,235.62
2018,Jalna,Partur,Unpaved,222.15
2018,Jalna,Partur,Rock,113.93
2018,Jalna,Mantha,Unpaved,236.34
2018,Jalna,Mantha,Rock,203.9
2019,Jalna,Bhokardan,Unpaved,250.18
2019,Jalna,Bhokardan,Rock,386.5
2019,Jalna,Jaffrabad,Unpaved,118.9
2019,Jalna,Jaffrabad,Rock,231.4
2019,Jalna,Jalna,Unpaved,389.92
2019,Jalna,Jalna,Rock,390.5
2019,Jalna,Badnapur,Unpaved,217.21
2019,Jalna,Badnapur,Rock,268.12
2019,Jalna,Ambad,Unpaved,184.4
2019,Jalna,Ambad,Rock,237.2
2019,Jalna,Ghansawangi,Unpaved,183.21
2019,Jalna,Ghansawangi,Rock,250.62
2019,Jalna,Partur,Unpaved,198.15
2019,Jalna,Partur,Rock,111.43
2019,Jalna,Mantha,Unpaved,233.94
2019,Jalna,Mantha,Rock,207.3
2020,Jalna,Bhokardan,Unpaved,253.18
2020,Jalna,Bhokardan,Rock,383.5
2020,Jalna,Jaffrabad,Unpaved,118.9
2020,Jalna,Jaffrabad,Rock,228.4
2020,Jalna,Jalna,Unpaved,391.42
2020,Jalna,Jalna,Rock,379.85
2020,Jalna,Badnapur,Unpaved,216.41
2020,Jalna,Badnapur,Rock,268.12
2020,Jalna,Ambad,Unpaved,199.9
2020,Jalna,Ambad,Rock,241.2
2020,Jalna,Ghansawangi,Unpaved,186.21
2020,Jalna,Ghansawangi,Rock,248.12
2020,Jalna,Partur,Unpaved,198.65
2020,Jalna,Partur,Rock,111.93
2020,Jalna,Mantha,Unpaved,233.94
2020,Jalna,Mantha,Rock,207.3
2021,Jalna,Bhokardan,Unpaved,109.75
2021,Jalna,Bhokardan,Rock,390.5
2021,Jalna,Jaffrabad,Unpaved,160.19
2021,Jalna,Jaffrabad,Rock,233.07
2021,Jalna,Jalna,Unpaved,206.37
2021,Jalna,Jalna,Rock,416.61
2021,Jalna,Badnapur,Unpaved,174.2
2021,Jalna,Badnapur,Rock,296.54
2021,Jalna,Ambad,Unpaved,166.78
2021,Jalna,Ambad,Rock,273.42
2021,Jalna,Ghansawangi,Unpaved,159.39
2021,Jalna,Ghansawangi,Rock,264.96
2021,Jalna,Partur,Unpaved,143.41
2021,Jalna,Partur,Rock,143.39
2021,Jalna,Mantha,Unpaved,151.74
2021,Jalna,Mantha,Rock,213.85
2017,Kolhapur,Shahuwadi,Unpaved,136.34
2017,Kolhapur,Shahuwadi,Rock,120.85
2017,Kolhapur,Shahuwadi,Asphalt/Cement/Concrete,542.5
2017,Kolhapur,Panhala,Unpaved,122.75
2017,Kolhapur,Panhala,Rock,46.14
2017,Kolhapur,Panhala,Asphalt/Cement/Concrete,492.25
2017,Kolhapur,Hatkanangale,Unpaved,241.23
2017,Kolhapur,Hatkanangale,Rock,80.24
2017,Kolhapur,Hatkanangale,Asphalt/Cement/Concrete,612.22
2017,Kolhapur,Shirol,Unpaved,123.53
2017,Kolhapur,Shirol,Rock,73.3
2017,Kolhapur,Shirol,Asphalt/Cement/Concrete,497.19
2017,Kolhapur,Karveer,Unpaved,130.6
2017,Kolhapur,Karveer,Rock,72.67
2017,Kolhapur,Karveer,Asphalt/Cement/Concrete,734.16
2017,Kolhapur,Gaganbawda,Unpaved,32.34
2017,Kolhapur,Gaganbawda,Rock,5.8
2017,Kolhapur,Gaganbawda,Asphalt/Cement/Concrete,163.23
2017,Kolhapur,Radhanagari,Unpaved,230.65
2017,Kolhapur,Radhanagari,Rock,131.28
2017,Kolhapur,Radhanagari,Asphalt/Cement/Concrete,503.07
2017,Kolhapur,Kagal,Unpaved,118.78
2017,Kolhapur,Kagal,Rock,69.25
2017,Kolhapur,Kagal,Asphalt/Cement/Concrete,524.97
2017,Kolhapur,Bhudargad,Unpaved,182.6
2017,Kolhapur,Bhudargad,Rock,80.37
2017,Kolhapur,Bhudargad,Asphalt/Cement/Concrete,419.56
2017,Kolhapur,Ajra,Unpaved,160.52
2017,Kolhapur,Ajra,Rock,26.11
2017,Kolhapur,Ajra,Asphalt/Cement/Concrete,403.61
2017,Kolhapur,Gadhinglaj,Unpaved,236.48
2017,Kolhapur,Gadhinglaj,Rock,46.22
2017,Kolhapur,Gadhinglaj,Asphalt/Cement/Concrete,455.75
2017,Kolhapur,Chandgad,Unpaved,114.3
2017,Kolhapur,Chandgad,Rock,113.59
2017,Kolhapur,Chandgad,Asphalt/Cement/Concrete,602.58
2018,Kolhapur,Shahuwadi,Unpaved,138.84
2018,Kolhapur,Shahuwadi,Rock,120.85
2018,Kolhapur,Panhala,Unpaved,119.43
2018,Kolhapur,Panhala,Rock,44.36
2018,Kolhapur,Hatkanangale,Unpaved,229.8
2018,Kolhapur,Hatkanangale,Rock,77.89
2018,Kolhapur,Shirol,Unpaved,113.25
2018,Kolhapur,Shirol,Rock,74.93
2018,Kolhapur,Karveer,Unpaved,132.51
2018,Kolhapur,Karveer,Rock,66.68
2018,Kolhapur,Gaganbawda,Unpaved,32.32
2018,Kolhapur,Gaganbawda,Rock,5.8
2018,Kolhapur,Radhanagari,Unpaved,234.15
2018,Kolhapur,Radhanagari,Rock,131.28
2018,Kolhapur,Kagal,Unpaved,116.68
2018,Kolhapur,Kagal,Rock,68.65
2018,Kolhapur,Bhudargad,Unpaved,187
2018,Kolhapur,Bhudargad,Rock,80.37
2018,Kolhapur,Ajra,Unpaved,140.08
2018,Kolhapur,Ajra,Rock,24.37
2018,Kolhapur,Gadhinglaj,Unpaved,231.72
2018,Kolhapur,Gadhinglaj,Rock,41.03
2018,Kolhapur,Chandgad,Unpaved,113.68
2018,Kolhapur,Chandgad,Rock,110.19
2019,Kolhapur,Shahuwadi,Unpaved,138.84
2019,Kolhapur,Shahuwadi,Rock,115.55
2019,Kolhapur,Panhala,Unpaved,119.5
2019,Kolhapur,Panhala,Rock,44.36
2019,Kolhapur,Hatkanangale,Unpaved,222.36
2019,Kolhapur,Hatkanangale,Rock,75.59
2019,Kolhapur,Shirol,Unpaved,120.19
2019,Kolhapur,Shirol,Rock,78.23
2019,Kolhapur,Karveer,Unpaved,129.41
2019,Kolhapur,Karveer,Rock,68.68
2019,Kolhapur,Gaganbawda,Unpaved,32.32
2019,Kolhapur,Gaganbawda,Rock,5.8
2019,Kolhapur,Radhanagari,Unpaved,234.15
2019,Kolhapur,Radhanagari,Rock,131.28
2019,Kolhapur,Kagal,Unpaved,115.98
2019,Kolhapur,Kagal,Rock,68.65
2019,Kolhapur,Bhudargad,Unpaved,184
2019,Kolhapur,Bhudargad,Rock,80.37
2019,Kolhapur,Ajra,Unpaved,140.08
2019,Kolhapur,Ajra,Rock,24.37
2019,Kolhapur,Gadhinglaj,Unpaved,231.72
2019,Kolhapur,Gadhinglaj,Rock,41.03
2019,Kolhapur,Chandgad,Unpaved,113.67
2019,Kolhapur,Chandgad,Rock,109.49
2020,Kolhapur,Shahuwadi,Unpaved,136.34
2020,Kolhapur,Shahuwadi,Rock,109.4
2020,Kolhapur,Shahuwadi,Asphalt/Cement/Concrete,551.82
2020,Kolhapur,Panhala,Unpaved,119.5
2020,Kolhapur,Panhala,Rock,43.01
2020,Kolhapur,Panhala,Asphalt/Cement/Concrete,509.58
2020,Kolhapur,Hatkanangale,Unpaved,216.26
2020,Kolhapur,Hatkanangale,Rock,77.14
2020,Kolhapur,Hatkanangale,Asphalt/Cement/Concrete,640.43
2020,Kolhapur,Shirol,Unpaved,116.74
2020,Kolhapur,Shirol,Rock,71.73
2020,Kolhapur,Shirol,Asphalt/Cement/Concrete,505.54
2020,Kolhapur,Karveer,Unpaved,128.33
2020,Kolhapur,Karveer,Rock,66.36
2020,Kolhapur,Karveer,Asphalt/Cement/Concrete,748.13
2020,Kolhapur,Gaganbawda,Unpaved,32.32
2020,Kolhapur,Gaganbawda,Rock,5.8
2020,Kolhapur,Gaganbawda,Asphalt/Cement/Concrete,167.33
2020,Kolhapur,Radhanagari,Unpaved,231.95
2020,Kolhapur,Radhanagari,Rock,128.26
2020,Kolhapur,Radhanagari,Asphalt/Cement/Concrete,506.29
2020,Kolhapur,Kagal,Unpaved,96.05
2020,Kolhapur,Kagal,Rock,44.15
2020,Kolhapur,Kagal,Asphalt/Cement/Concrete,575.34
2020,Kolhapur,Bhudargad,Unpaved,181.8
2020,Kolhapur,Bhudargad,Rock,79.87
2020,Kolhapur,Bhudargad,Asphalt/Cement/Concrete,420.86
2020,Kolhapur,Ajra,Unpaved,139.78
2020,Kolhapur,Ajra,Rock,24.27
2020,Kolhapur,Ajra,Asphalt/Cement/Concrete,426.19
2020,Kolhapur,Gadhinglaj,Unpaved,193.25
2020,Kolhapur,Gadhinglaj,Rock,44.83
2020,Kolhapur,Gadhinglaj,Asphalt/Cement/Concrete,500.38
2020,Kolhapur,Chandgad,Unpaved,110.7
2020,Kolhapur,Chandgad,Rock,112.46
2020,Kolhapur,Chandgad,Asphalt/Cement/Concrete,607.32
2021,Kolhapur,Shahuwadi,Unpaved,127.62
2021,Kolhapur,Shahuwadi,Rock,101.48
2021,Kolhapur,Shahuwadi,Asphalt/Cement/Concrete,568.46
2021,Kolhapur,Panhala,Unpaved,118.46
2021,Kolhapur,Panhala,Rock,43.14
2021,Kolhapur,Panhala,Asphalt/Cement/Concrete,510.49
2021,Kolhapur,Hatkanangale,Unpaved,218.76
2021,Kolhapur,Hatkanangale,Rock,77.14
2021,Kolhapur,Hatkanangale,Asphalt/Cement/Concrete,641.59
2021,Kolhapur,Shirol,Unpaved,115.44
2021,Kolhapur,Shirol,Rock,71.73
2021,Kolhapur,Shirol,Asphalt/Cement/Concrete,502.98
2021,Kolhapur,Karveer,Unpaved,123.87
2021,Kolhapur,Karveer,Rock,70.22
2021,Kolhapur,Karveer,Asphalt/Cement/Concrete,751.68
2021,Kolhapur,Gaganbawda,Unpaved,32.32
2021,Kolhapur,Gaganbawda,Rock,5.8
2021,Kolhapur,Gaganbawda,Asphalt/Cement/Concrete,167.93
2021,Kolhapur,Radhanagari,Unpaved,226.95
2021,Kolhapur,Radhanagari,Rock,127.76
2021,Kolhapur,Radhanagari,Asphalt/Cement/Concrete,511.79
2021,Kolhapur,Kagal,Unpaved,80.02
2021,Kolhapur,Kagal,Rock,30.75
2021,Kolhapur,Kagal,Asphalt/Cement/Concrete,602.37
2021,Kolhapur,Bhudargad,Unpaved,181.1
2021,Kolhapur,Bhudargad,Rock,79.87
2021,Kolhapur,Bhudargad,Asphalt/Cement/Concrete,423.96
2021,Kolhapur,Ajra,Unpaved,139.78
2021,Kolhapur,Ajra,Rock,24.27
2021,Kolhapur,Ajra,Asphalt/Cement/Concrete,420.69
2021,Kolhapur,Gadhinglaj,Unpaved,169.58
2021,Kolhapur,Gadhinglaj,Rock,35.93
2021,Kolhapur,Gadhinglaj,Asphalt/Cement/Concrete,532.95
2021,Kolhapur,Chandgad,Unpaved,112.78
2021,Kolhapur,Chandgad,Rock,112.46
2021,Kolhapur,Chandgad,Asphalt/Cement/Concrete,609.04
2012,Latur,Latur,Unpaved,0.6
2012,Latur,Latur,Rock,99.85
2012,Latur,Latur,Asphalt/Cement/Concrete,784.79
2012,Latur,Renapur,Unpaved,0
2012,Latur,Renapur,Rock,45.62
2012,Latur,Renapur,Asphalt/Cement/Concrete,375.53
2012,Latur,Ahamadpur,Unpaved,4.55
2012,Latur,Ahamadpur,Rock,113.16
2012,Latur,Ahamadpur,Asphalt/Cement/Concrete,514.9
2012,Latur,Jalkot,Unpaved,15.1
2012,Latur,Jalkot,Rock,42.85
2012,Latur,Jalkot,Asphalt/Cement/Concrete,198.32
2012,Latur,Chakur,Unpaved,1.1
2012,Latur,Chakur,Rock,107.05
2012,Latur,Chakur,Asphalt/Cement/Concrete,374.04
2012,Latur,Shirur Anantpal,Unpaved,4
2012,Latur,Shirur Anantpal,Rock,64.15
2012,Latur,Shirur Anantpal,Asphalt/Cement/Concrete,224.65
2012,Latur,Aosa,Unpaved,8.5
2012,Latur,Aosa,Rock,95.47
2012,Latur,Aosa,Asphalt/Cement/Concrete,663.85
2012,Latur,Nilanga,Unpaved,15.3
2012,Latur,Nilanga,Rock,223.4
2012,Latur,Nilanga,Asphalt/Cement/Concrete,704.12
2012,Latur,Devani,Unpaved,8
2012,Latur,Devani,Rock,95.15
2012,Latur,Devani,Asphalt/Cement/Concrete,243
2012,Latur,Udgir,Unpaved,51.11
2012,Latur,Udgir,Rock,162.7
2012,Latur,Udgir,Asphalt/Cement/Concrete,469.82
2013,Latur,Latur,Unpaved,0.6
2013,Latur,Latur,Rock,95.85
2013,Latur,Latur,Asphalt/Cement/Concrete,788.19
2013,Latur,Renapur,Unpaved,0.1
2013,Latur,Renapur,Rock,38.62
2013,Latur,Renapur,Asphalt/Cement/Concrete,382.33
2013,Latur,Ahamadpur,Unpaved,4.55
2013,Latur,Ahamadpur,Rock,101.66
2013,Latur,Ahamadpur,Asphalt/Cement/Concrete,521.85
2013,Latur,Jalkot,Unpaved,14.9
2013,Latur,Jalkot,Rock,42.85
2013,Latur,Jalkot,Asphalt/Cement/Concrete,183.62
2013,Latur,Chakur,Unpaved,1.1
2013,Latur,Chakur,Rock,53.35
2013,Latur,Chakur,Asphalt/Cement/Concrete,426.64
2013,Latur,Shirur Anantpal,Unpaved,4
2013,Latur,Shirur Anantpal,Rock,56.55
2013,Latur,Shirur Anantpal,Asphalt/Cement/Concrete,228.25
2013,Latur,Aosa,Unpaved,15.3
2013,Latur,Aosa,Rock,208.4
2013,Latur,Aosa,Asphalt/Cement/Concrete,703.82
2013,Latur,Nilanga,Unpaved,8.5
2013,Latur,Nilanga,Rock,70.27
2013,Latur,Nilanga,Asphalt/Cement/Concrete,680.55
2013,Latur,Devani,Unpaved,8
2013,Latur,Devani,Rock,90.15
2013,Latur,Devani,Asphalt/Cement/Concrete,240
2013,Latur,Udgir,Unpaved,49.13
2013,Latur,Udgir,Rock,149.2
2013,Latur,Udgir,Asphalt/Cement/Concrete,436.17
2014,Latur,Latur,Unpaved,0.55
2014,Latur,Latur,Rock,56.48
2014,Latur,Latur,Asphalt/Cement/Concrete,891.67
2014,Latur,Renapur,Unpaved,0.1
2014,Latur,Renapur,Rock,17.68
2014,Latur,Renapur,Asphalt/Cement/Concrete,403.37
2014,Latur,Ahamadpur,Unpaved,39.65
2014,Latur,Ahamadpur,Rock,88.49
2014,Latur,Ahamadpur,Asphalt/Cement/Concrete,566.13
2014,Latur,Jalkot,Unpaved,11.8
2014,Latur,Jalkot,Rock,59.83
2014,Latur,Jalkot,Asphalt/Cement/Concrete,184.64
2014,Latur,Chakur,Unpaved,0.9
2014,Latur,Chakur,Rock,33.2
2014,Latur,Chakur,Asphalt/Cement/Concrete,448.09
2014,Latur,Shirur Anantpal,Unpaved,3.25
2014,Latur,Shirur Anantpal,Rock,51.09
2014,Latur,Shirur Anantpal,Asphalt/Cement/Concrete,238.46
2014,Latur,Aosa,Unpaved,20.33
2014,Latur,Aosa,Rock,221.48
2014,Latur,Aosa,Asphalt/Cement/Concrete,749.02
2014,Latur,Nilanga,Unpaved,85.25
2014,Latur,Nilanga,Rock,64.51
2014,Latur,Nilanga,Asphalt/Cement/Concrete,695.56
2014,Latur,Devani,Unpaved,7.25
2014,Latur,Devani,Rock,90.9
2014,Latur,Devani,Asphalt/Cement/Concrete,248
2014,Latur,Udgir,Unpaved,59.68
2014,Latur,Udgir,Rock,150.83
2014,Latur,Udgir,Asphalt/Cement/Concrete,545.62
2015,Latur,Latur,Unpaved,79.56
2015,Latur,Latur,Rock,214.9
2015,Latur,Latur,Asphalt/Cement/Concrete,1545.51
2015,Latur,Renapur,Unpaved,141.41
2015,Latur,Renapur,Rock,90.7
2015,Latur,Renapur,Asphalt/Cement/Concrete,414.43
2015,Latur,Ahamadpur,Unpaved,129.36
2015,Latur,Ahamadpur,Rock,89.51
2015,Latur,Ahamadpur,Asphalt/Cement/Concrete,668.38
2015,Latur,Jalkot,Unpaved,102.76
2015,Latur,Jalkot,Rock,87.37
2015,Latur,Jalkot,Asphalt/Cement/Concrete,236.7
2015,Latur,Chakur,Unpaved,185.85
2015,Latur,Chakur,Rock,178.4
2015,Latur,Chakur,Asphalt/Cement/Concrete,405.2
2015,Latur,Shirur Anantpal,Unpaved,105.1
2015,Latur,Shirur Anantpal,Rock,86.62
2015,Latur,Shirur Anantpal,Asphalt/Cement/Concrete,242.95
2015,Latur,Aosa,Unpaved,261.65
2015,Latur,Aosa,Rock,149.69
2015,Latur,Aosa,Asphalt/Cement/Concrete,641.97
2015,Latur,Nilanga,Unpaved,22.47
2015,Latur,Nilanga,Rock,251.5
2015,Latur,Nilanga,Asphalt/Cement/Concrete,790.86
2015,Latur,Devani,Unpaved,100.87
2015,Latur,Devani,Rock,156.02
2015,Latur,Devani,Asphalt/Cement/Concrete,285.75
2015,Latur,Udgir,Unpaved,118.06
2015,Latur,Udgir,Rock,258.65
2015,Latur,Udgir,Asphalt/Cement/Concrete,720.83
2016,Latur,Latur,Unpaved,284.46
2016,Latur,Latur,Rock,103.9
2016,Latur,Latur,Asphalt/Cement/Concrete,1346.68
2016,Latur,Renapur,Unpaved,126.5
2016,Latur,Renapur,Rock,71.7
2016,Latur,Renapur,Asphalt/Cement/Concrete,432.28
2016,Latur,Ahamadpur,Unpaved,42.45
2016,Latur,Ahamadpur,Rock,85.36
2016,Latur,Ahamadpur,Asphalt/Cement/Concrete,708.03
2016,Latur,Jalkot,Unpaved,40.65
2016,Latur,Jalkot,Rock,69.65
2016,Latur,Jalkot,Asphalt/Cement/Concrete,242.3
2016,Latur,Chakur,Unpaved,83.14
2016,Latur,Chakur,Rock,166.9
2016,Latur,Chakur,Asphalt/Cement/Concrete,403.3
2016,Latur,Shirur Anantpal,Unpaved,31.52
2016,Latur,Shirur Anantpal,Rock,70.9
2016,Latur,Shirur Anantpal,Asphalt/Cement/Concrete,248.75
2016,Latur,Aosa,Unpaved,190.24
2016,Latur,Aosa,Rock,221.44
2016,Latur,Aosa,Asphalt/Cement/Concrete,748.12
2016,Latur,Nilanga,Unpaved,226.1
2016,Latur,Nilanga,Rock,155.52
2016,Latur,Nilanga,Asphalt/Cement/Concrete,717.25
2016,Latur,Devani,Unpaved,109.77
2016,Latur,Devani,Rock,147.11
2016,Latur,Devani,Asphalt/Cement/Concrete,287.76
2016,Latur,Udgir,Unpaved,164.98
2016,Latur,Udgir,Rock,230.7
2016,Latur,Udgir,Asphalt/Cement/Concrete,733.42
2017,Latur,Latur,Unpaved,899.86
2017,Latur,Latur,Rock,90.9
2017,Latur,Latur,Asphalt/Cement/Concrete,801.28
2017,Latur,Renapur,Unpaved,123.2
2017,Latur,Renapur,Rock,83.7
2017,Latur,Renapur,Asphalt/Cement/Concrete,503.28
2017,Latur,Ahamadpur,Unpaved,36.65
2017,Latur,Ahamadpur,Rock,90.53
2017,Latur,Ahamadpur,Asphalt/Cement/Concrete,683.28
2017,Latur,Jalkot,Unpaved,42.65
2017,Latur,Jalkot,Rock,67.25
2017,Latur,Jalkot,Asphalt/Cement/Concrete,224.4
2017,Latur,Chakur,Unpaved,50.19
2017,Latur,Chakur,Rock,181.9
2017,Latur,Chakur,Asphalt/Cement/Concrete,398.1
2017,Latur,Shirur Anantpal,Unpaved,25.82
2017,Latur,Shirur Anantpal,Rock,68.4
2017,Latur,Shirur Anantpal,Asphalt/Cement/Concrete,243.6
2017,Latur,Aosa,Unpaved,176.24
2017,Latur,Aosa,Rock,221.25
2017,Latur,Aosa,Asphalt/Cement/Concrete,713.34
2017,Latur,Nilanga,Unpaved,344.1
2017,Latur,Nilanga,Rock,157.12
2017,Latur,Nilanga,Asphalt/Cement/Concrete,699.85
2017,Latur,Devani,Unpaved,104.77
2017,Latur,Devani,Rock,143.91
2017,Latur,Devani,Asphalt/Cement/Concrete,271.56
2017,Latur,Udgir,Unpaved,157.48
2017,Latur,Udgir,Rock,213.65
2017,Latur,Udgir,Asphalt/Cement/Concrete,667.31
2018,Latur,Latur,Unpaved,308.16
2018,Latur,Latur,Rock,115.2
2018,Latur,Renapur,Unpaved,103.7
2018,Latur,Renapur,Rock,89
2018,Latur,Ahamadpur,Unpaved,24.34
2018,Latur,Ahamadpur,Rock,87.14
2018,Latur,Jalkot,Unpaved,36.2
2018,Latur,Jalkot,Rock,83.7
2018,Latur,Chakur,Unpaved,48.59
2018,Latur,Chakur,Rock,194.55
2018,Latur,Shirur Anantpal,Unpaved,14.82
2018,Latur,Shirur Anantpal,Rock,66.2
2018,Latur,Aosa,Unpaved,152.41
2018,Latur,Aosa,Rock,248.61
2018,Latur,Nilanga,Unpaved,177
2018,Latur,Nilanga,Rock,316.77
2018,Latur,Devani,Unpaved,83.95
2018,Latur,Devani,Rock,146.2
2018,Latur,Udgir,Unpaved,137.38
2018,Latur,Udgir,Rock,238.55
2019,Latur,Latur,Unpaved,332.16
2019,Latur,Latur,Rock,120.2
2019,Latur,Renapur,Unpaved,109.9
2019,Latur,Renapur,Rock,86.7
2019,Latur,Ahamadpur,Unpaved,40.14
2019,Latur,Ahamadpur,Rock,82.59
2019,Latur,Jalkot,Unpaved,40.8
2019,Latur,Jalkot,Rock,70
2019,Latur,Chakur,Unpaved,83.84
2019,Latur,Chakur,Rock,152.15
2019,Latur,Shirur Anantpal,Unpaved,19.1
2019,Latur,Shirur Anantpal,Rock,61.2
2019,Latur,Aosa,Unpaved,176.27
2019,Latur,Aosa,Rock,220.76
2019,Latur,Nilanga,Unpaved,324.2
2019,Latur,Nilanga,Rock,169.27
2019,Latur,Devani,Unpaved,102.45
2019,Latur,Devani,Rock,109.5
2019,Latur,Udgir,Unpaved,154.1
2019,Latur,Udgir,Rock,169.2
2020,Latur,Latur,Unpaved,334.16
2020,Latur,Latur,Rock,127.6
2020,Latur,Renapur,Unpaved,110.25
2020,Latur,Renapur,Rock,87.7
2020,Latur,Ahamadpur,Unpaved,32.68
2020,Latur,Ahamadpur,Rock,83.39
2020,Latur,Jalkot,Unpaved,40.8
2020,Latur,Jalkot,Rock,70
2020,Latur,Chakur,Unpaved,83.84
2020,Latur,Chakur,Rock,150.65
2020,Latur,Shirur Anantpal,Unpaved,18.87
2020,Latur,Shirur Anantpal,Rock,65.2
2020,Latur,Aosa,Unpaved,176.52
2020,Latur,Aosa,Rock,217.06
2020,Latur,Nilanga,Unpaved,317
2020,Latur,Nilanga,Rock,168.07
2020,Latur,Devani,Unpaved,102.45
2020,Latur,Devani,Rock,115
2020,Latur,Udgir,Unpaved,155.5
2020,Latur,Udgir,Rock,169.2
2021,Latur,Latur,Unpaved,342.16
2021,Latur,Latur,Rock,163.1
2021,Latur,Renapur,Unpaved,121.3
2021,Latur,Renapur,Rock,147.8
2021,Latur,Ahamadpur,Unpaved,112.98
2021,Latur,Ahamadpur,Rock,126.96
2021,Latur,Jalkot,Unpaved,42.15
2021,Latur,Jalkot,Rock,70.05
2021,Latur,Chakur,Unpaved,89.84
2021,Latur,Chakur,Rock,153.65
2021,Latur,Shirur Anantpal,Unpaved,18.87
2021,Latur,Shirur Anantpal,Rock,61.2
2021,Latur,Aosa,Unpaved,166.38
2021,Latur,Aosa,Rock,213.65
2021,Latur,Nilanga,Unpaved,339.4
2021,Latur,Nilanga,Rock,167.07
2021,Latur,Devani,Unpaved,109.65
2021,Latur,Devani,Rock,120
2021,Latur,Udgir,Unpaved,175.5
2021,Latur,Udgir,Rock,150
2013,Mumbai,Mumbai City,Unpaved,68.28
2013,Mumbai,Mumbai City,Rock,0
2013,Mumbai,Mumbai City,Asphalt/Cement/Concrete,422.55
2014,Mumbai,Mumbai City,Unpaved,0
2014,Mumbai,Mumbai City,Rock,0
2014,Mumbai,Mumbai City,Asphalt/Cement/Concrete,506.47
2015,Mumbai,Mumbai City,Unpaved,0
2015,Mumbai,Mumbai City,Rock,0
2015,Mumbai,Mumbai City,Asphalt/Cement/Concrete,506.46
2016,Mumbai,Mumbai City,Unpaved,0
2016,Mumbai,Mumbai City,Rock,0
2016,Mumbai,Mumbai City,Asphalt/Cement/Concrete,506.46
2017,Mumbai,Mumbai City,Unpaved,0
2017,Mumbai,Mumbai City,Rock,0
2017,Mumbai,Mumbai City,Asphalt/Cement/Concrete,506.46
2018,Mumbai,Mumbai City,Unpaved,0
2018,Mumbai,Mumbai City,Rock,0
2018,Mumbai,Mumbai City,Asphalt/Cement/Concrete,506.46
2019,Mumbai,Mumbai City,Unpaved,0
2019,Mumbai,Mumbai City,Rock,0
2019,Mumbai,Mumbai City,Asphalt/Cement/Concrete,506.46
2020,Mumbai,Mumbai City,Unpaved,8.53
2020,Mumbai,Mumbai City,Rock,0.58
2021,Mumbai,Mumbai City,Unpaved,8.543
2021,Mumbai,Mumbai City,Rock,0.58
2016,Mumbai Suburban,Adheri,Unpaved,8.14
2016,Mumbai Suburban,Adheri,Rock,0
2016,Mumbai Suburban,Adheri,Asphalt/Cement/Concrete,1048.03
2016,Mumbai Suburban,Borivali,Unpaved,11.61
2016,Mumbai Suburban,Borivali,Rock,0
2016,Mumbai Suburban,Borivali,Asphalt/Cement/Concrete,214.49
2016,Mumbai Suburban,Kurla,Unpaved,0
2016,Mumbai Suburban,Kurla,Rock,0
2016,Mumbai Suburban,Kurla,Asphalt/Cement/Concrete,804.75
2017,Mumbai Suburban,Adheri,Unpaved,329.8
2017,Mumbai Suburban,Adheri,Rock,0
2017,Mumbai Suburban,Adheri,Asphalt/Cement/Concrete,848.12
2017,Mumbai Suburban,Borivali,Unpaved,116.1
2017,Mumbai Suburban,Borivali,Rock,0
2017,Mumbai Suburban,Borivali,Asphalt/Cement/Concrete,657.58
2017,Mumbai Suburban,Kurla,Unpaved,0
2017,Mumbai Suburban,Kurla,Rock,0
2017,Mumbai Suburban,Kurla,Asphalt/Cement/Concrete,387.36
2018,Mumbai Suburban,Adheri,Unpaved,174.77
2018,Mumbai Suburban,Adheri,Rock,0
2018,Mumbai Suburban,Borivali,Unpaved,250.65
2018,Mumbai Suburban,Borivali,Rock,0
2018,Mumbai Suburban,Kurla,Unpaved,0
2018,Mumbai Suburban,Kurla,Rock,0
2019,Mumbai Suburban,Adheri,Unpaved,110.96
2019,Mumbai Suburban,Adheri,Rock,0
2019,Mumbai Suburban,Borivali,Unpaved,116.96
2019,Mumbai Suburban,Borivali,Rock,0
2019,Mumbai Suburban,Kurla,Unpaved,0
2019,Mumbai Suburban,Kurla,Rock,0
2020,Mumbai Suburban,Adheri,Unpaved,110.96
2020,Mumbai Suburban,Adheri,Rock,0
2020,Mumbai Suburban,Borivali,Unpaved,116.96
2020,Mumbai Suburban,Borivali,Rock,0
2020,Mumbai Suburban,Kurla,Unpaved,0
2020,Mumbai Suburban,Kurla,Rock,0
2021,Mumbai Suburban,Adheri,Unpaved,82.02
2021,Mumbai Suburban,Adheri,Rock,0
2021,Mumbai Suburban,Borivali,Unpaved,56.72
2021,Mumbai Suburban,Borivali,Rock,0
2021,Mumbai Suburban,Kurla,Unpaved,0
2021,Mumbai Suburban,Kurla,Rock,55.27
2012,Nagpur,Narkhed,Unpaved,19
2012,Nagpur,Narkhed,Rock,81
2012,Nagpur,Narkhed,Asphalt/Cement/Concrete,887
2012,Nagpur,Katol,Unpaved,62
2012,Nagpur,Katol,Rock,180
2012,Nagpur,Katol,Asphalt/Cement/Concrete,872
2012,Nagpur,Kalameshwar,Unpaved,27
2012,Nagpur,Kalameshwar,Rock,127
2012,Nagpur,Kalameshwar,Asphalt/Cement/Concrete,508
2012,Nagpur,Sawner,Unpaved,25
2012,Nagpur,Sawner,Rock,144
2012,Nagpur,Sawner,Asphalt/Cement/Concrete,518
2012,Nagpur,Parashivani,Unpaved,194
2012,Nagpur,Parashivani,Rock,183
2012,Nagpur,Parashivani,Asphalt/Cement/Concrete,355
2012,Nagpur,Ramtech,Unpaved,40
2012,Nagpur,Ramtech,Rock,199
2012,Nagpur,Ramtech,Asphalt/Cement/Concrete,594
2012,Nagpur,Mauda,Unpaved,193
2012,Nagpur,Mauda,Rock,216
2012,Nagpur,Mauda,Asphalt/Cement/Concrete,379
2012,Nagpur,Kamathi,Unpaved,43
2012,Nagpur,Kamathi,Rock,93
2012,Nagpur,Kamathi,Asphalt/Cement/Concrete,450
2012,Nagpur,Nagpur (Gra),Unpaved,36
2012,Nagpur,Nagpur (Gra),Rock,98
2012,Nagpur,Nagpur (Gra),Asphalt/Cement/Concrete,659
2012,Nagpur,Nagpur (Sh),Unpaved,0
2012,Nagpur,Nagpur (Sh),Rock,88
2012,Nagpur,Nagpur (Sh),Asphalt/Cement/Concrete,2196
2012,Nagpur,Hingana,Unpaved,16
2012,Nagpur,Hingana,Rock,112
2012,Nagpur,Hingana,Asphalt/Cement/Concrete,577
2012,Nagpur,Umred,Unpaved,71
2012,Nagpur,Umred,Rock,171
2012,Nagpur,Umred,Asphalt/Cement/Concrete,596
2012,Nagpur,Kuhi,Unpaved,99
2012,Nagpur,Kuhi,Rock,335
2012,Nagpur,Kuhi,Asphalt/Cement/Concrete,981
2012,Nagpur,Bhiwapur,Unpaved,43
2012,Nagpur,Bhiwapur,Rock,149
2012,Nagpur,Bhiwapur,Asphalt/Cement/Concrete,423
2013,Nagpur,Narkhed,Unpaved,474
2013,Nagpur,Narkhed,Rock,81
2013,Nagpur,Narkhed,Asphalt/Cement/Concrete,536
2013,Nagpur,Katol,Unpaved,298
2013,Nagpur,Katol,Rock,180
2013,Nagpur,Katol,Asphalt/Cement/Concrete,806
2013,Nagpur,Kalameshwar,Unpaved,388
2013,Nagpur,Kalameshwar,Rock,127
2013,Nagpur,Kalameshwar,Asphalt/Cement/Concrete,405
2013,Nagpur,Sawner,Unpaved,405
2013,Nagpur,Sawner,Rock,121
2013,Nagpur,Sawner,Asphalt/Cement/Concrete,495
2013,Nagpur,Parashivani,Unpaved,450
2013,Nagpur,Parashivani,Rock,163
2013,Nagpur,Parashivani,Asphalt/Cement/Concrete,340
2013,Nagpur,Ramtech,Unpaved,435
2013,Nagpur,Ramtech,Rock,165
2013,Nagpur,Ramtech,Asphalt/Cement/Concrete,539
2013,Nagpur,Mauda,Unpaved,624
2013,Nagpur,Mauda,Rock,157
2013,Nagpur,Mauda,Asphalt/Cement/Concrete,412
2013,Nagpur,Kamathi,Unpaved,388
2013,Nagpur,Kamathi,Rock,93
2013,Nagpur,Kamathi,Asphalt/Cement/Concrete,641
2013,Nagpur,Nagpur (Gra),Unpaved,274
2013,Nagpur,Nagpur (Gra),Rock,98
2013,Nagpur,Nagpur (Gra),Asphalt/Cement/Concrete,929
2013,Nagpur,Nagpur (Sh),Unpaved,42
2013,Nagpur,Nagpur (Sh),Rock,88
2013,Nagpur,Nagpur (Sh),Asphalt/Cement/Concrete,2168
2013,Nagpur,Hingana,Unpaved,296
2013,Nagpur,Hingana,Rock,112
2013,Nagpur,Hingana,Asphalt/Cement/Concrete,526
2013,Nagpur,Umred,Unpaved,426
2013,Nagpur,Umred,Rock,171
2013,Nagpur,Umred,Asphalt/Cement/Concrete,784
2013,Nagpur,Kuhi,Unpaved,564
2013,Nagpur,Kuhi,Rock,302
2013,Nagpur,Kuhi,Asphalt/Cement/Concrete,577
2013,Nagpur,Bhiwapur,Unpaved,406
2013,Nagpur,Bhiwapur,Rock,149
2013,Nagpur,Bhiwapur,Asphalt/Cement/Concrete,334
2014,Nagpur,Narkhed,Unpaved,442
2014,Nagpur,Narkhed,Rock,99
2014,Nagpur,Narkhed,Asphalt/Cement/Concrete,438
2014,Nagpur,Katol,Unpaved,391
2014,Nagpur,Katol,Rock,245
2014,Nagpur,Katol,Asphalt/Cement/Concrete,580
2014,Nagpur,Kalameshwar,Unpaved,390
2014,Nagpur,Kalameshwar,Rock,162
2014,Nagpur,Kalameshwar,Asphalt/Cement/Concrete,433
2014,Nagpur,Sawner,Unpaved,396
2014,Nagpur,Sawner,Rock,74
2014,Nagpur,Sawner,Asphalt/Cement/Concrete,441
2014,Nagpur,Parashivani,Unpaved,343
2014,Nagpur,Parashivani,Rock,138
2014,Nagpur,Parashivani,Asphalt/Cement/Concrete,504
2014,Nagpur,Ramtech,Unpaved,442
2014,Nagpur,Ramtech,Rock,128
2014,Nagpur,Ramtech,Asphalt/Cement/Concrete,646
2014,Nagpur,Mauda,Unpaved,524
2014,Nagpur,Mauda,Rock,208
2014,Nagpur,Mauda,Asphalt/Cement/Concrete,609
2014,Nagpur,Kamathi,Unpaved,386
2014,Nagpur,Kamathi,Rock,134
2014,Nagpur,Kamathi,Asphalt/Cement/Concrete,526
2014,Nagpur,Nagpur (Gra),Unpaved,257
2014,Nagpur,Nagpur (Gra),Rock,126
2014,Nagpur,Nagpur (Gra),Asphalt/Cement/Concrete,737
2014,Nagpur,Nagpur (Sh),Unpaved,42
2014,Nagpur,Nagpur (Sh),Rock,88
2014,Nagpur,Nagpur (Sh),Asphalt/Cement/Concrete,2297
2014,Nagpur,Hingana,Unpaved,327
2014,Nagpur,Hingana,Rock,97
2014,Nagpur,Hingana,Asphalt/Cement/Concrete,632
2014,Nagpur,Umred,Unpaved,443
2014,Nagpur,Umred,Rock,285
2014,Nagpur,Umred,Asphalt/Cement/Concrete,589
2014,Nagpur,Kuhi,Unpaved,642
2014,Nagpur,Kuhi,Rock,203
2014,Nagpur,Kuhi,Asphalt/Cement/Concrete,650
2014,Nagpur,Bhiwapur,Unpaved,420
2014,Nagpur,Bhiwapur,Rock,120
2014,Nagpur,Bhiwapur,Asphalt/Cement/Concrete,421
2015,Nagpur,Narkhed,Unpaved,442
2015,Nagpur,Narkhed,Rock,99
2015,Nagpur,Narkhed,Asphalt/Cement/Concrete,438
2015,Nagpur,Katol,Unpaved,391
2015,Nagpur,Katol,Rock,245
2015,Nagpur,Katol,Asphalt/Cement/Concrete,580
2015,Nagpur,Kalameshwar,Unpaved,390
2015,Nagpur,Kalameshwar,Rock,162
2015,Nagpur,Kalameshwar,Asphalt/Cement/Concrete,433
2015,Nagpur,Sawner,Unpaved,405
2015,Nagpur,Sawner,Rock,74
2015,Nagpur,Sawner,Asphalt/Cement/Concrete,441
2015,Nagpur,Parashivani,Unpaved,459
2015,Nagpur,Parashivani,Rock,138
2015,Nagpur,Parashivani,Asphalt/Cement/Concrete,504
2015,Nagpur,Ramtech,Unpaved,442
2015,Nagpur,Ramtech,Rock,128
2015,Nagpur,Ramtech,Asphalt/Cement/Concrete,646
2015,Nagpur,Mauda,Unpaved,524
2015,Nagpur,Mauda,Rock,208
2015,Nagpur,Mauda,Asphalt/Cement/Concrete,609
2015,Nagpur,Kamathi,Unpaved,386
2015,Nagpur,Kamathi,Rock,134
2015,Nagpur,Kamathi,Asphalt/Cement/Concrete,526
2015,Nagpur,Nagpur (Gra),Unpaved,265
2015,Nagpur,Nagpur (Gra),Rock,126
2015,Nagpur,Nagpur (Gra),Asphalt/Cement/Concrete,737
2015,Nagpur,Nagpur (Sh),Unpaved,42
2015,Nagpur,Nagpur (Sh),Rock,88
2015,Nagpur,Nagpur (Sh),Asphalt/Cement/Concrete,2297
2015,Nagpur,Hingana,Unpaved,327
2015,Nagpur,Hingana,Rock,97
2015,Nagpur,Hingana,Asphalt/Cement/Concrete,632
2015,Nagpur,Umred,Unpaved,443
2015,Nagpur,Umred,Rock,285
2015,Nagpur,Umred,Asphalt/Cement/Concrete,589
2015,Nagpur,Kuhi,Unpaved,642
2015,Nagpur,Kuhi,Rock,203
2015,Nagpur,Kuhi,Asphalt/Cement/Concrete,650
2015,Nagpur,Bhiwapur,Unpaved,420
2015,Nagpur,Bhiwapur,Rock,120
2015,Nagpur,Bhiwapur,Asphalt/Cement/Concrete,421
2016,Nagpur,Narkhed,Unpaved,450
2016,Nagpur,Narkhed,Rock,63
2016,Nagpur,Narkhed,Asphalt/Cement/Concrete,593
2016,Nagpur,Katol,Unpaved,308
2016,Nagpur,Katol,Rock,135
2016,Nagpur,Katol,Asphalt/Cement/Concrete,826
2016,Nagpur,Kalameshwar,Unpaved,402
2016,Nagpur,Kalameshwar,Rock,93
2016,Nagpur,Kalameshwar,Asphalt/Cement/Concrete,463
2016,Nagpur,Sawner,Unpaved,346
2016,Nagpur,Sawner,Rock,105
2016,Nagpur,Sawner,Asphalt/Cement/Concrete,506
2016,Nagpur,Parashivani,Unpaved,445
2016,Nagpur,Parashivani,Rock,113
2016,Nagpur,Parashivani,Asphalt/Cement/Concrete,408
2016,Nagpur,Ramtech,Unpaved,388
2016,Nagpur,Ramtech,Rock,82
2016,Nagpur,Ramtech,Asphalt/Cement/Concrete,713
2016,Nagpur,Mauda,Unpaved,546
2016,Nagpur,Mauda,Rock,218
2016,Nagpur,Mauda,Asphalt/Cement/Concrete,618
2016,Nagpur,Kamathi,Unpaved,327
2016,Nagpur,Kamathi,Rock,107
2016,Nagpur,Kamathi,Asphalt/Cement/Concrete,610
2016,Nagpur,Nagpur (Gra),Unpaved,338
2016,Nagpur,Nagpur (Gra),Rock,87
2016,Nagpur,Nagpur (Gra),Asphalt/Cement/Concrete,654
2016,Nagpur,Nagpur (Sh),Unpaved,40
2016,Nagpur,Nagpur (Sh),Rock,85
2016,Nagpur,Nagpur (Sh),Asphalt/Cement/Concrete,2379
2016,Nagpur,Hingana,Unpaved,294
2016,Nagpur,Hingana,Rock,66
2016,Nagpur,Hingana,Asphalt/Cement/Concrete,697
2016,Nagpur,Umred,Unpaved,558
2016,Nagpur,Umred,Rock,175
2016,Nagpur,Umred,Asphalt/Cement/Concrete,718
2016,Nagpur,Kuhi,Unpaved,530
2016,Nagpur,Kuhi,Rock,338
2016,Nagpur,Kuhi,Asphalt/Cement/Concrete,547
2016,Nagpur,Bhiwapur,Unpaved,397
2016,Nagpur,Bhiwapur,Rock,111
2016,Nagpur,Bhiwapur,Asphalt/Cement/Concrete,370
2017,Nagpur,Narkhed,Unpaved,450
2017,Nagpur,Narkhed,Rock,95
2017,Nagpur,Narkhed,Asphalt/Cement/Concrete,643
2017,Nagpur,Katol,Unpaved,318
2017,Nagpur,Katol,Rock,145
2017,Nagpur,Katol,Asphalt/Cement/Concrete,876
2017,Nagpur,Kalameshwar,Unpaved,412
2017,Nagpur,Kalameshwar,Rock,115
2017,Nagpur,Kalameshwar,Asphalt/Cement/Concrete,495
2017,Nagpur,Sawner,Unpaved,346
2017,Nagpur,Sawner,Rock,125
2017,Nagpur,Sawner,Asphalt/Cement/Concrete,535
2017,Nagpur,Parashivani,Unpaved,445
2017,Nagpur,Parashivani,Rock,123
2017,Nagpur,Parashivani,Asphalt/Cement/Concrete,448
2017,Nagpur,Ramtech,Unpaved,402
2017,Nagpur,Ramtech,Rock,102
2017,Nagpur,Ramtech,Asphalt/Cement/Concrete,755
2017,Nagpur,Mauda,Unpaved,546
2017,Nagpur,Mauda,Rock,225
2017,Nagpur,Mauda,Asphalt/Cement/Concrete,668
2017,Nagpur,Kamathi,Unpaved,327
2017,Nagpur,Kamathi,Rock,127
2017,Nagpur,Kamathi,Asphalt/Cement/Concrete,652
2017,Nagpur,Nagpur (Gra),Unpaved,338
2017,Nagpur,Nagpur (Gra),Rock,107
2017,Nagpur,Nagpur (Gra),Asphalt/Cement/Concrete,756
2017,Nagpur,Nagpur (Sh),Unpaved,50
2017,Nagpur,Nagpur (Sh),Rock,105
2017,Nagpur,Nagpur (Sh),Asphalt/Cement/Concrete,2550
2017,Nagpur,Hingana,Unpaved,315
2017,Nagpur,Hingana,Rock,106
2017,Nagpur,Hingana,Asphalt/Cement/Concrete,750
2017,Nagpur,Umred,Unpaved,570
2017,Nagpur,Umred,Rock,195
2017,Nagpur,Umred,Asphalt/Cement/Concrete,795
2017,Nagpur,Kuhi,Unpaved,545
2017,Nagpur,Kuhi,Rock,358
2017,Nagpur,Kuhi,Asphalt/Cement/Concrete,607
2017,Nagpur,Bhiwapur,Unpaved,407
2017,Nagpur,Bhiwapur,Rock,131
2017,Nagpur,Bhiwapur,Asphalt/Cement/Concrete,420
2018,Nagpur,Narkhed,Unpaved,566
2018,Nagpur,Narkhed,Rock,59
2018,Nagpur,Katol,Unpaved,476
2018,Nagpur,Katol,Rock,137
2018,Nagpur,Kalameshwar,Unpaved,390
2018,Nagpur,Kalameshwar,Rock,54
2018,Nagpur,Sawner,Unpaved,255
2018,Nagpur,Sawner,Rock,106
2018,Nagpur,Parashivani,Unpaved,398
2018,Nagpur,Parashivani,Rock,86
2018,Nagpur,Ramtech,Unpaved,382
2018,Nagpur,Ramtech,Rock,74
2018,Nagpur,Mauda,Unpaved,470
2018,Nagpur,Mauda,Rock,202
2018,Nagpur,Kamathi,Unpaved,322
2018,Nagpur,Kamathi,Rock,101
2018,Nagpur,Nagpur (Gra),Unpaved,362
2018,Nagpur,Nagpur (Gra),Rock,130
2018,Nagpur,Nagpur (Sh),Unpaved,12
2018,Nagpur,Nagpur (Sh),Rock,85
2018,Nagpur,Hingana,Unpaved,273
2018,Nagpur,Hingana,Rock,75
2018,Nagpur,Umred,Unpaved,487
2018,Nagpur,Umred,Rock,215
2018,Nagpur,Kuhi,Unpaved,487
2018,Nagpur,Kuhi,Rock,268
2018,Nagpur,Bhiwapur,Unpaved,381
2018,Nagpur,Bhiwapur,Rock,115
2019,Nagpur,Narkhed,Unpaved,566
2019,Nagpur,Narkhed,Rock,59
2019,Nagpur,Katol,Unpaved,476
2019,Nagpur,Katol,Rock,132
2019,Nagpur,Kalameshwar,Unpaved,386
2019,Nagpur,Kalameshwar,Rock,54
2019,Nagpur,Sawner,Unpaved,254
2019,Nagpur,Sawner,Rock,106
2019,Nagpur,Parashivani,Unpaved,368
2019,Nagpur,Parashivani,Rock,107
2019,Nagpur,Ramtech,Unpaved,381
2019,Nagpur,Ramtech,Rock,74
2019,Nagpur,Mauda,Unpaved,470
2019,Nagpur,Mauda,Rock,190
2019,Nagpur,Kamathi,Unpaved,322
2019,Nagpur,Kamathi,Rock,108
2019,Nagpur,Nagpur (Gra),Unpaved,362
2019,Nagpur,Nagpur (Gra),Rock,135
2019,Nagpur,Nagpur (Sh),Unpaved,12
2019,Nagpur,Nagpur (Sh),Rock,85
2019,Nagpur,Hingana,Unpaved,258
2019,Nagpur,Hingana,Rock,75
2019,Nagpur,Umred,Unpaved,483
2019,Nagpur,Umred,Rock,207
2019,Nagpur,Kuhi,Unpaved,489
2019,Nagpur,Kuhi,Rock,268
2019,Nagpur,Bhiwapur,Unpaved,382
2019,Nagpur,Bhiwapur,Rock,115
2020,Nagpur,Narkhed,Unpaved,526.96
2020,Nagpur,Narkhed,Rock,51.91
2020,Nagpur,Katol,Unpaved,509.42
2020,Nagpur,Katol,Rock,127.46
2020,Nagpur,Kalameshwar,Unpaved,411.17
2020,Nagpur,Kalameshwar,Rock,72.46
2020,Nagpur,Sawner,Unpaved,254.95
2020,Nagpur,Sawner,Rock,81.7
2020,Nagpur,Parashivani,Unpaved,397.2
2020,Nagpur,Parashivani,Rock,81.35
2020,Nagpur,Ramtech,Unpaved,381.09
2020,Nagpur,Ramtech,Rock,66.52
2020,Nagpur,Mauda,Unpaved,411.65
2020,Nagpur,Mauda,Rock,178.83
2020,Nagpur,Kamathi,Unpaved,365.5
2020,Nagpur,Kamathi,Rock,117.56
2020,Nagpur,Nagpur (Gra),Unpaved,302.3
2020,Nagpur,Nagpur (Gra),Rock,96.8
2020,Nagpur,Nagpur (Sh),Unpaved,10.58
2020,Nagpur,Nagpur (Sh),Rock,148.11
2020,Nagpur,Hingana,Unpaved,346.78
2020,Nagpur,Hingana,Rock,103.13
2020,Nagpur,Umred,Unpaved,527.37
2020,Nagpur,Umred,Rock,227.51
2020,Nagpur,Kuhi,Unpaved,499.53
2020,Nagpur,Kuhi,Rock,229.7
2020,Nagpur,Bhiwapur,Unpaved,386.36
2020,Nagpur,Bhiwapur,Rock,108.15
2021,Nagpur,Narkhed,Unpaved,526.96
2021,Nagpur,Narkhed,Rock,51.91
2021,Nagpur,Katol,Unpaved,509.42
2021,Nagpur,Katol,Rock,127.46
2021,Nagpur,Kalameshwar,Unpaved,411.17
2021,Nagpur,Kalameshwar,Rock,72.46
2021,Nagpur,Sawner,Unpaved,254.95
2021,Nagpur,Sawner,Rock,81.7
2021,Nagpur,Parashivani,Unpaved,395.4
2021,Nagpur,Parashivani,Rock,86.15
2021,Nagpur,Ramtech,Unpaved,383.44
2021,Nagpur,Ramtech,Rock,64.17
2021,Nagpur,Mauda,Unpaved,410.71
2021,Nagpur,Mauda,Rock,179.77
2021,Nagpur,Kamathi,Unpaved,365.5
2021,Nagpur,Kamathi,Rock,117.56
2021,Nagpur,Nagpur (Gra),Unpaved,287.5
2021,Nagpur,Nagpur (Gra),Rock,98.6
2021,Nagpur,Nagpur (Sh),Unpaved,25.51
2021,Nagpur,Nagpur (Sh),Rock,110.31
2021,Nagpur,Hingana,Unpaved,346.78
2021,Nagpur,Hingana,Rock,103.13
2021,Nagpur,Umred,Unpaved,527.37
2021,Nagpur,Umred,Rock,227.51
2021,Nagpur,Kuhi,Unpaved,499.53
2021,Nagpur,Kuhi,Rock,229.7
2021,Nagpur,Bhiwapur,Unpaved,386.36
2021,Nagpur,Bhiwapur,Rock,108.15
2014,Nanded,Mahur,Unpaved,33.16
2014,Nanded,Mahur,Rock,133.78
2014,Nanded,Mahur,Asphalt/Cement/Concrete,239.35
2014,Nanded,Kinvat,Unpaved,41.67
2014,Nanded,Kinvat,Rock,185.6
2014,Nanded,Kinvat,Asphalt/Cement/Concrete,501.84
2014,Nanded,Himalay nagar,Unpaved,10.82
2014,Nanded,Himalay nagar,Rock,195.65
2014,Nanded,Himalay nagar,Asphalt/Cement/Concrete,189.55
2014,Nanded,hadgaon,Unpaved,29.25
2014,Nanded,hadgaon,Rock,265.25
2014,Nanded,hadgaon,Asphalt/Cement/Concrete,449.02
2014,Nanded,andhrapur,Unpaved,29.25
2014,Nanded,andhrapur,Rock,22.43
2014,Nanded,andhrapur,Asphalt/Cement/Concrete,206.64
2014,Nanded,Nanded,Unpaved,11.52
2014,Nanded,Nanded,Rock,110.58
2014,Nanded,Nanded,Asphalt/Cement/Concrete,257.91
2014,Nanded,Mudkhed,Unpaved,6.74
2014,Nanded,Mudkhed,Rock,122.96
2014,Nanded,Mudkhed,Asphalt/Cement/Concrete,264.13
2014,Nanded,bhokar,Unpaved,15.43
2014,Nanded,bhokar,Rock,136.1
2014,Nanded,bhokar,Asphalt/Cement/Concrete,261.02
2014,Nanded,umari,Unpaved,1.77
2014,Nanded,umari,Rock,193.33
2014,Nanded,umari,Asphalt/Cement/Concrete,315.4
2014,Nanded,dharmabad,Unpaved,7.45
2014,Nanded,dharmabad,Rock,130.69
2014,Nanded,dharmabad,Asphalt/Cement/Concrete,288.99
2014,Nanded,biloli,Unpaved,11.35
2014,Nanded,biloli,Rock,123.73
2014,Nanded,biloli,Asphalt/Cement/Concrete,344.92
2014,Nanded,naygaon,Unpaved,16.67
2014,Nanded,naygaon,Rock,156.98
2014,Nanded,naygaon,Asphalt/Cement/Concrete,318.51
2014,Nanded,loha,Unpaved,13.12
2014,Nanded,loha,Rock,278.39
2014,Nanded,loha,Asphalt/Cement/Concrete,590.4
2014,Nanded,kandhar,Unpaved,15.07
2014,Nanded,kandhar,Rock,225.81
2014,Nanded,kandhar,Asphalt/Cement/Concrete,503.4
2014,Nanded,Mukhed,Unpaved,24.82
2014,Nanded,Mukhed,Rock,458.58
2014,Nanded,Mukhed,Asphalt/Cement/Concrete,762.86
2014,Nanded,deglur,Unpaved,36.17
2014,Nanded,deglur,Rock,120.64
2014,Nanded,deglur,Asphalt/Cement/Concrete,820.35
2015,Nanded,Mahur,Unpaved,187
2015,Nanded,Mahur,Rock,173
2015,Nanded,Mahur,Asphalt/Cement/Concrete,154
2015,Nanded,Kinvat,Unpaved,348
2015,Nanded,Kinvat,Rock,345
2015,Nanded,Kinvat,Asphalt/Cement/Concrete,423
2015,Nanded,Himalay nagar,Unpaved,61
2015,Nanded,Himalay nagar,Rock,253
2015,Nanded,Himalay nagar,Asphalt/Cement/Concrete,122
2015,Nanded,hadgaon,Unpaved,165
2015,Nanded,hadgaon,Rock,443
2015,Nanded,hadgaon,Asphalt/Cement/Concrete,389
2015,Nanded,andhrapur,Unpaved,165
2015,Nanded,andhrapur,Rock,31.6
2015,Nanded,andhrapur,Asphalt/Cement/Concrete,133
2015,Nanded,Nanded,Unpaved,65
2015,Nanded,Nanded,Rock,243
2015,Nanded,Nanded,Asphalt/Cement/Concrete,266
2015,Nanded,Mudkhed,Unpaved,38
2015,Nanded,Mudkhed,Rock,159
2015,Nanded,Mudkhed,Asphalt/Cement/Concrete,170
2015,Nanded,bhokar,Unpaved,87
2015,Nanded,bhokar,Rock,276
2015,Nanded,bhokar,Asphalt/Cement/Concrete,268
2015,Nanded,umari,Unpaved,10
2015,Nanded,umari,Rock,280
2015,Nanded,umari,Asphalt/Cement/Concrete,203
2015,Nanded,dharmabad,Unpaved,42
2015,Nanded,dharmabad,Rock,169
2015,Nanded,dharmabad,Asphalt/Cement/Concrete,186
2015,Nanded,biloli,Unpaved,64
2015,Nanded,biloli,Rock,160.1
2015,Nanded,biloli,Asphalt/Cement/Concrete,127
2015,Nanded,naygaon,Unpaved,94
2015,Nanded,naygaon,Rock,156.98
2015,Nanded,naygaon,Asphalt/Cement/Concrete,270
2015,Nanded,loha,Unpaved,74
2015,Nanded,loha,Rock,278.69
2015,Nanded,loha,Asphalt/Cement/Concrete,450
2015,Nanded,kandhar,Unpaved,85
2015,Nanded,kandhar,Rock,225.81
2015,Nanded,kandhar,Asphalt/Cement/Concrete,478
2015,Nanded,Mukhed,Unpaved,140
2015,Nanded,Mukhed,Rock,457.28
2015,Nanded,Mukhed,Asphalt/Cement/Concrete,491
2015,Nanded,deglur,Unpaved,597
2015,Nanded,deglur,Rock,120.64
2015,Nanded,deglur,Asphalt/Cement/Concrete,528
2016,Nanded,Mahur,Unpaved,187
2016,Nanded,Mahur,Rock,98
2016,Nanded,Mahur,Asphalt/Cement/Concrete,464
2016,Nanded,Kinvat,Unpaved,322.3
2016,Nanded,Kinvat,Rock,88
2016,Nanded,Kinvat,Asphalt/Cement/Concrete,808
2016,Nanded,Himalay nagar,Unpaved,10
2016,Nanded,Himalay nagar,Rock,87
2016,Nanded,Himalay nagar,Asphalt/Cement/Concrete,339
2016,Nanded,hadgaon,Unpaved,65
2016,Nanded,hadgaon,Rock,95
2016,Nanded,hadgaon,Asphalt/Cement/Concrete,732
2016,Nanded,andhrapur,Unpaved,165
2016,Nanded,andhrapur,Rock,63
2016,Nanded,andhrapur,Asphalt/Cement/Concrete,252
2016,Nanded,Nanded,Unpaved,65
2016,Nanded,Nanded,Rock,105
2016,Nanded,Nanded,Asphalt/Cement/Concrete,428
2016,Nanded,Mudkhed,Unpaved,22
2016,Nanded,Mudkhed,Rock,75
2016,Nanded,Mudkhed,Asphalt/Cement/Concrete,274
2016,Nanded,bhokar,Unpaved,27
2016,Nanded,bhokar,Rock,73
2016,Nanded,bhokar,Asphalt/Cement/Concrete,474
2016,Nanded,umari,Unpaved,18
2016,Nanded,umari,Rock,68.22
2016,Nanded,umari,Asphalt/Cement/Concrete,383
2016,Nanded,dharmabad,Unpaved,45
2016,Nanded,dharmabad,Rock,95
2016,Nanded,dharmabad,Asphalt/Cement/Concrete,257
2016,Nanded,biloli,Unpaved,90
2016,Nanded,biloli,Rock,79
2016,Nanded,biloli,Asphalt/Cement/Concrete,427
2016,Nanded,naygaon,Unpaved,120
2016,Nanded,naygaon,Rock,65
2016,Nanded,naygaon,Asphalt/Cement/Concrete,414
2016,Nanded,loha,Unpaved,101
2016,Nanded,loha,Rock,95
2016,Nanded,loha,Asphalt/Cement/Concrete,685
2016,Nanded,kandhar,Unpaved,110
2016,Nanded,kandhar,Rock,98.78
2016,Nanded,kandhar,Asphalt/Cement/Concrete,735
2016,Nanded,Mukhed,Unpaved,80
2016,Nanded,Mukhed,Rock,85
2016,Nanded,Mukhed,Asphalt/Cement/Concrete,898
2016,Nanded,deglur,Unpaved,297
2016,Nanded,deglur,Rock,95
2016,Nanded,deglur,Asphalt/Cement/Concrete,663.33
2017,Nanded,Mahur,Unpaved,166.7
2017,Nanded,Mahur,Rock,162
2017,Nanded,Mahur,Asphalt/Cement/Concrete,187.2
2017,Nanded,Kinvat,Unpaved,332.55
2017,Nanded,Kinvat,Rock,130
2017,Nanded,Kinvat,Asphalt/Cement/Concrete,654.12
2017,Nanded,Himalay nagar,Unpaved,57.5
2017,Nanded,Himalay nagar,Rock,133
2017,Nanded,Himalay nagar,Asphalt/Cement/Concrete,247.5
2017,Nanded,hadgaon,Unpaved,165
2017,Nanded,hadgaon,Rock,128
2017,Nanded,hadgaon,Asphalt/Cement/Concrete,705.64
2017,Nanded,andhrapur,Unpaved,26.5
2017,Nanded,andhrapur,Rock,108
2017,Nanded,andhrapur,Asphalt/Cement/Concrete,200.05
2017,Nanded,Nanded,Unpaved,24
2017,Nanded,Nanded,Rock,114.05
2017,Nanded,Nanded,Asphalt/Cement/Concrete,438.16
2017,Nanded,Mudkhed,Unpaved,18.8
2017,Nanded,Mudkhed,Rock,128
2017,Nanded,Mudkhed,Asphalt/Cement/Concrete,221.92
2017,Nanded,bhokar,Unpaved,53.2
2017,Nanded,bhokar,Rock,118
2017,Nanded,bhokar,Asphalt/Cement/Concrete,462.01
2017,Nanded,umari,Unpaved,52
2017,Nanded,umari,Rock,143
2017,Nanded,umari,Asphalt/Cement/Concrete,306.04
2017,Nanded,dharmabad,Unpaved,22
2017,Nanded,dharmabad,Rock,116
2017,Nanded,dharmabad,Asphalt/Cement/Concrete,261.1
2017,Nanded,biloli,Unpaved,90
2017,Nanded,biloli,Rock,146
2017,Nanded,biloli,Asphalt/Cement/Concrete,409.3
2017,Nanded,naygaon,Unpaved,73.5
2017,Nanded,naygaon,Rock,136
2017,Nanded,naygaon,Asphalt/Cement/Concrete,463.6
2017,Nanded,loha,Unpaved,74
2017,Nanded,loha,Rock,133
2017,Nanded,loha,Asphalt/Cement/Concrete,741.94
2017,Nanded,kandhar,Unpaved,84.7
2017,Nanded,kandhar,Rock,137
2017,Nanded,kandhar,Asphalt/Cement/Concrete,829.22
2017,Nanded,Mukhed,Unpaved,140
2017,Nanded,Mukhed,Rock,140
2017,Nanded,Mukhed,Asphalt/Cement/Concrete,953.3
2017,Nanded,deglur,Unpaved,156.5
2017,Nanded,deglur,Rock,137
2017,Nanded,deglur,Asphalt/Cement/Concrete,596.7
2018,Nanded,Mahur,Unpaved,166.7
2018,Nanded,Mahur,Rock,162
2018,Nanded,Kinvat,Unpaved,332.55
2018,Nanded,Kinvat,Rock,130
2018,Nanded,Himalay nagar,Unpaved,57.5
2018,Nanded,Himalay nagar,Rock,133
2018,Nanded,hadgaon,Unpaved,165
2018,Nanded,hadgaon,Rock,128
2018,Nanded,andhrapur,Unpaved,26.5
2018,Nanded,andhrapur,Rock,108
2018,Nanded,Nanded,Unpaved,24
2018,Nanded,Nanded,Rock,114.05
2018,Nanded,Mudkhed,Unpaved,18.8
2018,Nanded,Mudkhed,Rock,128
2018,Nanded,bhokar,Unpaved,53.2
2018,Nanded,bhokar,Rock,118
2018,Nanded,umari,Unpaved,52
2018,Nanded,umari,Rock,143
2018,Nanded,dharmabad,Unpaved,22
2018,Nanded,dharmabad,Rock,116
2018,Nanded,biloli,Unpaved,90
2018,Nanded,biloli,Rock,146
2018,Nanded,naygaon,Unpaved,73.5
2018,Nanded,naygaon,Rock,136
2018,Nanded,loha,Unpaved,74
2018,Nanded,loha,Rock,133
2018,Nanded,kandhar,Unpaved,84.7
2018,Nanded,kandhar,Rock,137
2018,Nanded,Mukhed,Unpaved,140
2018,Nanded,Mukhed,Rock,140
2018,Nanded,deglur,Unpaved,156.5
2018,Nanded,deglur,Rock,140
2019,Nanded,Mahur,Unpaved,166.7
2019,Nanded,Mahur,Rock,162
2019,Nanded,Kinvat,Unpaved,332.55
2019,Nanded,Kinvat,Rock,130
2019,Nanded,Himalay nagar,Unpaved,57.5
2019,Nanded,Himalay nagar,Rock,133
2019,Nanded,hadgaon,Unpaved,165
2019,Nanded,hadgaon,Rock,128
2019,Nanded,andhrapur,Unpaved,26.5
2019,Nanded,andhrapur,Rock,108
2019,Nanded,Nanded,Unpaved,24
2019,Nanded,Nanded,Rock,114.05
2019,Nanded,Mudkhed,Unpaved,18.8
2019,Nanded,Mudkhed,Rock,128
2019,Nanded,bhokar,Unpaved,53.2
2019,Nanded,bhokar,Rock,118
2019,Nanded,umari,Unpaved,52
2019,Nanded,umari,Rock,143
2019,Nanded,dharmabad,Unpaved,22
2019,Nanded,dharmabad,Rock,116
2019,Nanded,biloli,Unpaved,90
2019,Nanded,biloli,Rock,146
2019,Nanded,naygaon,Unpaved,73.5
2019,Nanded,naygaon,Rock,136
2019,Nanded,loha,Unpaved,74
2019,Nanded,loha,Rock,133
2019,Nanded,kandhar,Unpaved,84.7
2019,Nanded,kandhar,Rock,137
2019,Nanded,Mukhed,Unpaved,140
2019,Nanded,Mukhed,Rock,140
2019,Nanded,deglur,Unpaved,156.5
2019,Nanded,deglur,Rock,140
2020,Nanded,Mahur,Unpaved,142.7
2020,Nanded,Mahur,Rock,90.2
2020,Nanded,Kinvat,Unpaved,382.2
2020,Nanded,Kinvat,Rock,130.35
2020,Nanded,Himalay nagar,Unpaved,112
2020,Nanded,Himalay nagar,Rock,105.8
2020,Nanded,hadgaon,Unpaved,165.06
2020,Nanded,hadgaon,Rock,101.25
2020,Nanded,andhrapur,Unpaved,169.89
2020,Nanded,andhrapur,Rock,65.8
2020,Nanded,Nanded,Unpaved,60.65
2020,Nanded,Nanded,Rock,113.45
2020,Nanded,Mudkhed,Unpaved,86.76
2020,Nanded,Mudkhed,Rock,90.4
2020,Nanded,bhokar,Unpaved,71.32
2020,Nanded,bhokar,Rock,100.52
2020,Nanded,umari,Unpaved,83.3
2020,Nanded,umari,Rock,120.1
2020,Nanded,dharmabad,Unpaved,50.95
2020,Nanded,dharmabad,Rock,93.35
2020,Nanded,biloli,Unpaved,88
2020,Nanded,biloli,Rock,133.5
2020,Nanded,naygaon,Unpaved,79.1
2020,Nanded,naygaon,Rock,121.3
2020,Nanded,loha,Unpaved,69.22
2020,Nanded,loha,Rock,97.8
2020,Nanded,kandhar,Unpaved,193.3
2020,Nanded,kandhar,Rock,108
2020,Nanded,Mukhed,Unpaved,253.23
2020,Nanded,Mukhed,Rock,142.98
2020,Nanded,deglur,Unpaved,175.05
2020,Nanded,deglur,Rock,140
2021,Nanded,Mahur,Unpaved,88.5
2021,Nanded,Mahur,Rock,105.2
2021,Nanded,Kinvat,Unpaved,197.64
2021,Nanded,Kinvat,Rock,190.11
2021,Nanded,Himalay nagar,Unpaved,67.25
2021,Nanded,Himalay nagar,Rock,127.17
2021,Nanded,hadgaon,Unpaved,165.06
2021,Nanded,hadgaon,Rock,157.99
2021,Nanded,andhrapur,Unpaved,112.89
2021,Nanded,andhrapur,Rock,117
2021,Nanded,Nanded,Unpaved,60.65
2021,Nanded,Nanded,Rock,156.6
2021,Nanded,Mudkhed,Unpaved,86.76
2021,Nanded,Mudkhed,Rock,84.4
2021,Nanded,bhokar,Unpaved,61.32
2021,Nanded,bhokar,Rock,109.2
2021,Nanded,umari,Unpaved,74.8
2021,Nanded,umari,Rock,141.3
2021,Nanded,dharmabad,Unpaved,50.95
2021,Nanded,dharmabad,Rock,89.25
2021,Nanded,biloli,Unpaved,68
2021,Nanded,biloli,Rock,132.6
2021,Nanded,naygaon,Unpaved,49.3
2021,Nanded,naygaon,Rock,110.45
2021,Nanded,loha,Unpaved,69.22
2021,Nanded,loha,Rock,137.8
2021,Nanded,kandhar,Unpaved,173.85
2021,Nanded,kandhar,Rock,167
2021,Nanded,Mukhed,Unpaved,207.2
2021,Nanded,Mukhed,Rock,217.3
2021,Nanded,deglur,Unpaved,142.9
2021,Nanded,deglur,Rock,200.5
2009,Nandurbar,Akkalkuva,Unpaved,275.52
2009,Nandurbar,Akkalkuva,Rock,88.2
2009,Nandurbar,Akkalkuva,Asphalt/Cement/Concrete,180.96
2009,Nandurbar,Akrani,Unpaved,244.05
2009,Nandurbar,Akrani,Rock,151.34
2009,Nandurbar,Akrani,Asphalt/Cement/Concrete,183.06
2009,Nandurbar,Taloda,Unpaved,34.85
2009,Nandurbar,Taloda,Rock,50.88
2009,Nandurbar,Taloda,Asphalt/Cement/Concrete,269.01
2009,Nandurbar,Shahada,Unpaved,84.32
2009,Nandurbar,Shahada,Rock,190.01
2009,Nandurbar,Shahada,Asphalt/Cement/Concrete,525.24
2009,Nandurbar,Nandurbar,Unpaved,26.4
2009,Nandurbar,Nandurbar,Rock,63.2
2009,Nandurbar,Nandurbar,Asphalt/Cement/Concrete,669.98
2009,Nandurbar,Navapur,Unpaved,40.2
2009,Nandurbar,Navapur,Rock,167.89
2009,Nandurbar,Navapur,Asphalt/Cement/Concrete,555.55
2010,Nandurbar,Akkalkuva,Unpaved,254.17
2010,Nandurbar,Akkalkuva,Rock,88.2
2010,Nandurbar,Akkalkuva,Asphalt/Cement/Concrete,273.99
2010,Nandurbar,Akrani,Unpaved,198
2010,Nandurbar,Akrani,Rock,151.34
2010,Nandurbar,Akrani,Asphalt/Cement/Concrete,236.46
2010,Nandurbar,Taloda,Unpaved,11.54
2010,Nandurbar,Taloda,Rock,51.76
2010,Nandurbar,Taloda,Asphalt/Cement/Concrete,300.02
2010,Nandurbar,Shahada,Unpaved,63.76
2010,Nandurbar,Shahada,Rock,190.01
2010,Nandurbar,Shahada,Asphalt/Cement/Concrete,697.71
2010,Nandurbar,Nandurbar,Unpaved,24.9
2010,Nandurbar,Nandurbar,Rock,63.2
2010,Nandurbar,Nandurbar,Asphalt/Cement/Concrete,821.48
2010,Nandurbar,Navapur,Unpaved,39.8
2010,Nandurbar,Navapur,Rock,159.61
2010,Nandurbar,Navapur,Asphalt/Cement/Concrete,731.76
2011,Nandurbar,Akkalkuva,Unpaved,275.7
2011,Nandurbar,Akkalkuva,Rock,93.7
2011,Nandurbar,Akkalkuva,Asphalt/Cement/Concrete,278.33
2011,Nandurbar,Akrani,Unpaved,219.8
2011,Nandurbar,Akrani,Rock,183.09
2011,Nandurbar,Akrani,Asphalt/Cement/Concrete,239.67
2011,Nandurbar,Taloda,Unpaved,32.54
2011,Nandurbar,Taloda,Rock,65.66
2011,Nandurbar,Taloda,Asphalt/Cement/Concrete,302.57
2011,Nandurbar,Shahada,Unpaved,56.47
2011,Nandurbar,Shahada,Rock,180.16
2011,Nandurbar,Shahada,Asphalt/Cement/Concrete,796.4
2011,Nandurbar,Nandurbar,Unpaved,45.9
2011,Nandurbar,Nandurbar,Rock,61.7
2011,Nandurbar,Nandurbar,Asphalt/Cement/Concrete,822.98
2011,Nandurbar,Navapur,Unpaved,66.13
2011,Nandurbar,Navapur,Rock,158.31
2011,Nandurbar,Navapur,Asphalt/Cement/Concrete,667.72
2012,Nandurbar,Akkalkuva,Unpaved,462.54
2012,Nandurbar,Akkalkuva,Rock,105.25
2012,Nandurbar,Akkalkuva,Asphalt/Cement/Concrete,505.71
2012,Nandurbar,Akrani,Unpaved,724.6
2012,Nandurbar,Akrani,Rock,240.95
2012,Nandurbar,Akrani,Asphalt/Cement/Concrete,477.03
2012,Nandurbar,Taloda,Unpaved,155.8
2012,Nandurbar,Taloda,Rock,51.91
2012,Nandurbar,Taloda,Asphalt/Cement/Concrete,399.51
2012,Nandurbar,Shahada,Unpaved,257.64
2012,Nandurbar,Shahada,Rock,213.73
2012,Nandurbar,Shahada,Asphalt/Cement/Concrete,847.38
2012,Nandurbar,Nandurbar,Unpaved,84.4
2012,Nandurbar,Nandurbar,Rock,83.4
2012,Nandurbar,Nandurbar,Asphalt/Cement/Concrete,1070.62
2012,Nandurbar,Navapur,Unpaved,76.17
2012,Nandurbar,Navapur,Rock,229.04
2012,Nandurbar,Navapur,Asphalt/Cement/Concrete,903.85
2013,Nandurbar,Akkalkuva,Unpaved,455.55
2013,Nandurbar,Akkalkuva,Rock,105.25
2013,Nandurbar,Akkalkuva,Asphalt/Cement/Concrete,529.83
2013,Nandurbar,Akrani,Unpaved,948.47
2013,Nandurbar,Akrani,Rock,273.48
2013,Nandurbar,Akrani,Asphalt/Cement/Concrete,534.14
2013,Nandurbar,Taloda,Unpaved,160.5
2013,Nandurbar,Taloda,Rock,49.92
2013,Nandurbar,Taloda,Asphalt/Cement/Concrete,337.75
2013,Nandurbar,Shahada,Unpaved,262.29
2013,Nandurbar,Shahada,Rock,208.74
2013,Nandurbar,Shahada,Asphalt/Cement/Concrete,855.03
2013,Nandurbar,Nandurbar,Unpaved,88.4
2013,Nandurbar,Nandurbar,Rock,116.43
2013,Nandurbar,Nandurbar,Asphalt/Cement/Concrete,1207.37
2013,Nandurbar,Navapur,Unpaved,79.41
2013,Nandurbar,Navapur,Rock,194.05
2013,Nandurbar,Navapur,Asphalt/Cement/Concrete,918.6
2014,Nandurbar,Akkalkuva,Unpaved,434.6
2014,Nandurbar,Akkalkuva,Rock,124.7
2014,Nandurbar,Akkalkuva,Asphalt/Cement/Concrete,531.33
2014,Nandurbar,Akrani,Unpaved,942.47
2014,Nandurbar,Akrani,Rock,277.67
2014,Nandurbar,Akrani,Asphalt/Cement/Concrete,535.95
2014,Nandurbar,Taloda,Unpaved,155.41
2014,Nandurbar,Taloda,Rock,51.11
2014,Nandurbar,Taloda,Asphalt/Cement/Concrete,357.76
2014,Nandurbar,Shahada,Unpaved,184.56
2014,Nandurbar,Shahada,Rock,236.48
2014,Nandurbar,Shahada,Asphalt/Cement/Concrete,905.01
2014,Nandurbar,Nandurbar,Unpaved,36.14
2014,Nandurbar,Nandurbar,Rock,34.96
2014,Nandurbar,Nandurbar,Asphalt/Cement/Concrete,1385.59
2014,Nandurbar,Navapur,Unpaved,85.81
2014,Nandurbar,Navapur,Rock,202.18
2014,Nandurbar,Navapur,Asphalt/Cement/Concrete,954.07
2015,Nandurbar,Akkalkuva,Unpaved,434.8
2015,Nandurbar,Akkalkuva,Rock,126.2
2015,Nandurbar,Akkalkuva,Asphalt/Cement/Concrete,516.05
2015,Nandurbar,Akrani,Unpaved,929.33
2015,Nandurbar,Akrani,Rock,292.17
2015,Nandurbar,Akrani,Asphalt/Cement/Concrete,534.59
2015,Nandurbar,Taloda,Unpaved,158.76
2015,Nandurbar,Taloda,Rock,57.82
2015,Nandurbar,Taloda,Asphalt/Cement/Concrete,356.79
2015,Nandurbar,Shahada,Unpaved,185.12
2015,Nandurbar,Shahada,Rock,197.24
2015,Nandurbar,Shahada,Asphalt/Cement/Concrete,949.94
2015,Nandurbar,Nandurbar,Unpaved,24.44
2015,Nandurbar,Nandurbar,Rock,33.88
2015,Nandurbar,Nandurbar,Asphalt/Cement/Concrete,1399.87
2015,Nandurbar,Navapur,Unpaved,74.71
2015,Nandurbar,Navapur,Rock,201.14
2015,Nandurbar,Navapur,Asphalt/Cement/Concrete,968.88
2016,Nandurbar,Akkalkuva,Unpaved,430.7
2016,Nandurbar,Akkalkuva,Rock,126.7
2016,Nandurbar,Akkalkuva,Asphalt/Cement/Concrete,509.17
2016,Nandurbar,Akrani,Unpaved,914.82
2016,Nandurbar,Akrani,Rock,302.93
2016,Nandurbar,Akrani,Asphalt/Cement/Concrete,523.14
2016,Nandurbar,Taloda,Unpaved,153.25
2016,Nandurbar,Taloda,Rock,54.17
2016,Nandurbar,Taloda,Asphalt/Cement/Concrete,357.95
2016,Nandurbar,Shahada,Unpaved,180.52
2016,Nandurbar,Shahada,Rock,216.57
2016,Nandurbar,Shahada,Asphalt/Cement/Concrete,970.28
2016,Nandurbar,Nandurbar,Unpaved,42.73
2016,Nandurbar,Nandurbar,Rock,36.65
2016,Nandurbar,Nandurbar,Asphalt/Cement/Concrete,1366.71
2016,Nandurbar,Navapur,Unpaved,80.16
2016,Nandurbar,Navapur,Rock,171.75
2016,Nandurbar,Navapur,Asphalt/Cement/Concrete,988.56
2017,Nandurbar,Akkalkuva,Unpaved,416.36
2017,Nandurbar,Akkalkuva,Rock,145
2017,Nandurbar,Akkalkuva,Asphalt/Cement/Concrete,509.76
2017,Nandurbar,Akrani,Unpaved,920.18
2017,Nandurbar,Akrani,Rock,315.21
2017,Nandurbar,Akrani,Asphalt/Cement/Concrete,523.08
2017,Nandurbar,Taloda,Unpaved,142.41
2017,Nandurbar,Taloda,Rock,55.56
2017,Nandurbar,Taloda,Asphalt/Cement/Concrete,357.32
2017,Nandurbar,Shahada,Unpaved,161.64
2017,Nandurbar,Shahada,Rock,197.85
2017,Nandurbar,Shahada,Asphalt/Cement/Concrete,969.23
2017,Nandurbar,Nandurbar,Unpaved,22.72
2017,Nandurbar,Nandurbar,Rock,29.33
2017,Nandurbar,Nandurbar,Asphalt/Cement/Concrete,1367.6
2017,Nandurbar,Navapur,Unpaved,74.12
2017,Nandurbar,Navapur,Rock,160.85
2017,Nandurbar,Navapur,Asphalt/Cement/Concrete,984.56
2018,Nandurbar,Akkalkuva,Unpaved,397.5
2018,Nandurbar,Akkalkuva,Rock,134
2018,Nandurbar,Akrani,Unpaved,905.32
2018,Nandurbar,Akrani,Rock,323.22
2018,Nandurbar,Taloda,Unpaved,159.51
2018,Nandurbar,Taloda,Rock,54.15
2018,Nandurbar,Shahada,Unpaved,188.4
2018,Nandurbar,Shahada,Rock,183.18
2018,Nandurbar,Nandurbar,Unpaved,15.24
2018,Nandurbar,Nandurbar,Rock,34.85
2018,Nandurbar,Navapur,Unpaved,68.56
2018,Nandurbar,Navapur,Rock,159.53
2019,Nandurbar,Akkalkuva,Unpaved,397.5
2019,Nandurbar,Akkalkuva,Rock,134
2019,Nandurbar,Akrani,Unpaved,905.32
2019,Nandurbar,Akrani,Rock,323.21
2019,Nandurbar,Taloda,Unpaved,159.51
2019,Nandurbar,Taloda,Rock,54.16
2019,Nandurbar,Shahada,Unpaved,189.3
2019,Nandurbar,Shahada,Rock,184.38
2019,Nandurbar,Nandurbar,Unpaved,18.94
2019,Nandurbar,Nandurbar,Rock,40.05
2019,Nandurbar,Navapur,Unpaved,68.56
2019,Nandurbar,Navapur,Rock,159.53
2020,Nandurbar,Akkalkuva,Unpaved,397.5
2020,Nandurbar,Akkalkuva,Rock,134
2020,Nandurbar,Akrani,Unpaved,913.82
2020,Nandurbar,Akrani,Rock,289.41
2020,Nandurbar,Taloda,Unpaved,164.91
2020,Nandurbar,Taloda,Rock,54.16
2020,Nandurbar,Shahada,Unpaved,188.3
2020,Nandurbar,Shahada,Rock,162.55
2020,Nandurbar,Nandurbar,Unpaved,21.44
2020,Nandurbar,Nandurbar,Rock,40.65
2020,Nandurbar,Navapur,Unpaved,68.56
2020,Nandurbar,Navapur,Rock,159.53
2021,Nandurbar,Akkalkuva,Unpaved,397.5
2021,Nandurbar,Akkalkuva,Rock,134
2021,Nandurbar,Akrani,Unpaved,913.82
2021,Nandurbar,Akrani,Rock,289.41
2021,Nandurbar,Taloda,Unpaved,164.91
2021,Nandurbar,Taloda,Rock,54.16
2021,Nandurbar,Shahada,Unpaved,188.3
2021,Nandurbar,Shahada,Rock,162.55
2021,Nandurbar,Nandurbar,Unpaved,21.44
2021,Nandurbar,Nandurbar,Rock,40.65
2021,Nandurbar,Navapur,Unpaved,68.56
2021,Nandurbar,Navapur,Rock,159.53
2012,Nashik,Surgana,Unpaved,365.39
2012,Nashik,Surgana,Rock,210.2
2012,Nashik,Surgana,Asphalt/Cement/Concrete,371.37
2012,Nashik,Kalwan,Unpaved,167.15
2012,Nashik,Kalwan,Rock,164.6
2012,Nashik,Kalwan,Asphalt/Cement/Concrete,556.725
2012,Nashik,Devala,Unpaved,160.2
2012,Nashik,Devala,Rock,147.5
2012,Nashik,Devala,Asphalt/Cement/Concrete,354.58
2012,Nashik,Baglan,Unpaved,202.4
2012,Nashik,Baglan,Rock,296.12
2012,Nashik,Baglan,Asphalt/Cement/Concrete,846.875
2012,Nashik,Malegaon,Unpaved,244
2012,Nashik,Malegaon,Rock,727.16
2012,Nashik,Malegaon,Asphalt/Cement/Concrete,713.69
2012,Nashik,Nandgaon,Unpaved,76.5
2012,Nashik,Nandgaon,Rock,361.3
2012,Nashik,Nandgaon,Asphalt/Cement/Concrete,600.8
2012,Nashik,Chandwad,Unpaved,170.4
2012,Nashik,Chandwad,Rock,64.75
2012,Nashik,Chandwad,Asphalt/Cement/Concrete,781.2
2012,Nashik,Dindori,Unpaved,90.92
2012,Nashik,Dindori,Rock,298.2
2012,Nashik,Dindori,Asphalt/Cement/Concrete,836.54
2012,Nashik,Peth,Unpaved,107.12
2012,Nashik,Peth,Rock,219.26
2012,Nashik,Peth,Asphalt/Cement/Concrete,221.98
2012,Nashik,Trimbak,Unpaved,90.83
2012,Nashik,Trimbak,Rock,158.2
2012,Nashik,Trimbak,Asphalt/Cement/Concrete,300.07
2012,Nashik,Nashik,Unpaved,87.9
2012,Nashik,Nashik,Rock,220
2012,Nashik,Nashik,Asphalt/Cement/Concrete,275.3
2012,Nashik,Igatpuri,Unpaved,187.65
2012,Nashik,Igatpuri,Rock,231.83
2012,Nashik,Igatpuri,Asphalt/Cement/Concrete,417.7
2012,Nashik,Sinner,Unpaved,41.5
2012,Nashik,Sinner,Rock,764.45
2012,Nashik,Sinner,Asphalt/Cement/Concrete,712.42
2012,Nashik,Nifad,Unpaved,9.14
2012,Nashik,Nifad,Rock,266.1
2012,Nashik,Nifad,Asphalt/Cement/Concrete,750.1
2012,Nashik,Yewala,Unpaved,10.97
2012,Nashik,Yewala,Rock,282.9
2012,Nashik,Yewala,Asphalt/Cement/Concrete,1039.5
2013,Nashik,Surgana,Unpaved,365.39
2013,Nashik,Surgana,Rock,210.2
2013,Nashik,Surgana,Asphalt/Cement/Concrete,495.28
2013,Nashik,Kalwan,Unpaved,167.15
2013,Nashik,Kalwan,Rock,122.61
2013,Nashik,Kalwan,Asphalt/Cement/Concrete,653.95
2013,Nashik,Devala,Unpaved,160.2
2013,Nashik,Devala,Rock,192.05
2013,Nashik,Devala,Asphalt/Cement/Concrete,215.55
2013,Nashik,Baglan,Unpaved,202.4
2013,Nashik,Baglan,Rock,292.52
2013,Nashik,Baglan,Asphalt/Cement/Concrete,805.25
2013,Nashik,Malegaon,Unpaved,244
2013,Nashik,Malegaon,Rock,486.3
2013,Nashik,Malegaon,Asphalt/Cement/Concrete,997.36
2013,Nashik,Nandgaon,Unpaved,274.2
2013,Nashik,Nandgaon,Rock,538.5
2013,Nashik,Nandgaon,Asphalt/Cement/Concrete,474.25
2013,Nashik,Chandwad,Unpaved,182.3
2013,Nashik,Chandwad,Rock,449.7
2013,Nashik,Chandwad,Asphalt/Cement/Concrete,699.31
2013,Nashik,Dindori,Unpaved,131.56
2013,Nashik,Dindori,Rock,446.96
2013,Nashik,Dindori,Asphalt/Cement/Concrete,1350.5
2013,Nashik,Peth,Unpaved,110.84
2013,Nashik,Peth,Rock,349.8
2013,Nashik,Peth,Asphalt/Cement/Concrete,430.16
2013,Nashik,Trimbak,Unpaved,263.44
2013,Nashik,Trimbak,Rock,146.28
2013,Nashik,Trimbak,Asphalt/Cement/Concrete,563.58
2013,Nashik,Nashik,Unpaved,65.32
2013,Nashik,Nashik,Rock,163.05
2013,Nashik,Nashik,Asphalt/Cement/Concrete,385.43
2013,Nashik,Igatpuri,Unpaved,192.25
2013,Nashik,Igatpuri,Rock,225.93
2013,Nashik,Igatpuri,Asphalt/Cement/Concrete,524.31
2013,Nashik,Sinner,Unpaved,104.5
2013,Nashik,Sinner,Rock,716.9
2013,Nashik,Sinner,Asphalt/Cement/Concrete,920.66
2013,Nashik,Nifad,Unpaved,152.3
2013,Nashik,Nifad,Rock,156.57
2013,Nashik,Nifad,Asphalt/Cement/Concrete,1546.43
2013,Nashik,Yewala,Unpaved,124.5
2013,Nashik,Yewala,Rock,105.25
2013,Nashik,Yewala,Asphalt/Cement/Concrete,1547.33
2014,Nashik,Surgana,Unpaved,365.39
2014,Nashik,Surgana,Rock,210.2
2014,Nashik,Surgana,Asphalt/Cement/Concrete,495.28
2014,Nashik,Kalwan,Unpaved,167.15
2014,Nashik,Kalwan,Rock,122.61
2014,Nashik,Kalwan,Asphalt/Cement/Concrete,653.95
2014,Nashik,Devala,Unpaved,160.2
2014,Nashik,Devala,Rock,192.05
2014,Nashik,Devala,Asphalt/Cement/Concrete,215.55
2014,Nashik,Baglan,Unpaved,202.4
2014,Nashik,Baglan,Rock,292.52
2014,Nashik,Baglan,Asphalt/Cement/Concrete,805.25
2014,Nashik,Malegaon,Unpaved,244
2014,Nashik,Malegaon,Rock,486.3
2014,Nashik,Malegaon,Asphalt/Cement/Concrete,997.36
2014,Nashik,Nandgaon,Unpaved,274.2
2014,Nashik,Nandgaon,Rock,538.5
2014,Nashik,Nandgaon,Asphalt/Cement/Concrete,474.25
2014,Nashik,Chandwad,Unpaved,182.3
2014,Nashik,Chandwad,Rock,449.7
2014,Nashik,Chandwad,Asphalt/Cement/Concrete,699.31
2014,Nashik,Dindori,Unpaved,131.56
2014,Nashik,Dindori,Rock,446.96
2014,Nashik,Dindori,Asphalt/Cement/Concrete,1350.5
2014,Nashik,Peth,Unpaved,110.84
2014,Nashik,Peth,Rock,349.8
2014,Nashik,Peth,Asphalt/Cement/Concrete,430.16
2014,Nashik,Trimbak,Unpaved,263.44
2014,Nashik,Trimbak,Rock,146.28
2014,Nashik,Trimbak,Asphalt/Cement/Concrete,563.58
2014,Nashik,Nashik,Unpaved,65.32
2014,Nashik,Nashik,Rock,163.05
2014,Nashik,Nashik,Asphalt/Cement/Concrete,385.43
2014,Nashik,Igatpuri,Unpaved,192.25
2014,Nashik,Igatpuri,Rock,225.93
2014,Nashik,Igatpuri,Asphalt/Cement/Concrete,524.31
2014,Nashik,Sinner,Unpaved,104.5
2014,Nashik,Sinner,Rock,716.9
2014,Nashik,Sinner,Asphalt/Cement/Concrete,920.66
2014,Nashik,Nifad,Unpaved,152.3
2014,Nashik,Nifad,Rock,156.57
2014,Nashik,Nifad,Asphalt/Cement/Concrete,1546.43
2014,Nashik,Yewala,Unpaved,124.5
2014,Nashik,Yewala,Rock,105.25
2014,Nashik,Yewala,Asphalt/Cement/Concrete,1547.33
2015,Nashik,Surgana,Unpaved,265.73
2015,Nashik,Surgana,Rock,220.3
2015,Nashik,Surgana,Asphalt/Cement/Concrete,578.67
2015,Nashik,Kalwan,Unpaved,158.55
2015,Nashik,Kalwan,Rock,173.6
2015,Nashik,Kalwan,Asphalt/Cement/Concrete,629.56
2015,Nashik,Devala,Unpaved,157.7
2015,Nashik,Devala,Rock,162.7
2015,Nashik,Devala,Asphalt/Cement/Concrete,252.4
2015,Nashik,Baglan,Unpaved,192.88
2015,Nashik,Baglan,Rock,269.65
2015,Nashik,Baglan,Asphalt/Cement/Concrete,800.74
2015,Nashik,Malegaon,Unpaved,244
2015,Nashik,Malegaon,Rock,719.46
2015,Nashik,Malegaon,Asphalt/Cement/Concrete,775.2
2015,Nashik,Nandgaon,Unpaved,76.5
2015,Nashik,Nandgaon,Rock,680.85
2015,Nashik,Nandgaon,Asphalt/Cement/Concrete,457.45
2015,Nashik,Chandwad,Unpaved,169.4
2015,Nashik,Chandwad,Rock,564
2015,Nashik,Chandwad,Asphalt/Cement/Concrete,593.13
2015,Nashik,Dindori,Unpaved,325.1
2015,Nashik,Dindori,Rock,516.77
2015,Nashik,Dindori,Asphalt/Cement/Concrete,1093.15
2015,Nashik,Peth,Unpaved,270.28
2015,Nashik,Peth,Rock,133.02
2015,Nashik,Peth,Asphalt/Cement/Concrete,494.5
2015,Nashik,Trimbak,Unpaved,269.97
2015,Nashik,Trimbak,Rock,155.68
2015,Nashik,Trimbak,Asphalt/Cement/Concrete,549.65
2015,Nashik,Nashik,Unpaved,15.8
2015,Nashik,Nashik,Rock,176.3
2015,Nashik,Nashik,Asphalt/Cement/Concrete,432.2
2015,Nashik,Igatpuri,Unpaved,180.55
2015,Nashik,Igatpuri,Rock,242.38
2015,Nashik,Igatpuri,Asphalt/Cement/Concrete,528.81
2015,Nashik,Sinner,Unpaved,191.82
2015,Nashik,Sinner,Rock,568.58
2015,Nashik,Sinner,Asphalt/Cement/Concrete,992.16
2015,Nashik,Nifad,Unpaved,496.87
2015,Nashik,Nifad,Rock,421.78
2015,Nashik,Nifad,Asphalt/Cement/Concrete,943.8
2015,Nashik,Yewala,Unpaved,364.05
2015,Nashik,Yewala,Rock,428.78
2015,Nashik,Yewala,Asphalt/Cement/Concrete,980.15
2016,Nashik,Surgana,Unpaved,290.2
2016,Nashik,Surgana,Rock,217.2
2016,Nashik,Surgana,Asphalt/Cement/Concrete,568.1
2016,Nashik,Kalwan,Unpaved,115.2
2016,Nashik,Kalwan,Rock,140.5
2016,Nashik,Kalwan,Asphalt/Cement/Concrete,688.01
2016,Nashik,Devala,Unpaved,128.9
2016,Nashik,Devala,Rock,140.2
2016,Nashik,Devala,Asphalt/Cement/Concrete,286.7
2016,Nashik,Baglan,Unpaved,140.5
2016,Nashik,Baglan,Rock,198.5
2016,Nashik,Baglan,Asphalt/Cement/Concrete,883.27
2016,Nashik,Malegaon,Unpaved,147.2
2016,Nashik,Malegaon,Rock,674.5
2016,Nashik,Malegaon,Asphalt/Cement/Concrete,905.96
2016,Nashik,Nandgaon,Unpaved,65.5
2016,Nashik,Nandgaon,Rock,675.6
2016,Nashik,Nandgaon,Asphalt/Cement/Concrete,384.01
2016,Nashik,Chandwad,Unpaved,153.5
2016,Nashik,Chandwad,Rock,463.4
2016,Nashik,Chandwad,Asphalt/Cement/Concrete,621
2016,Nashik,Dindori,Unpaved,305.25
2016,Nashik,Dindori,Rock,452.75
2016,Nashik,Dindori,Asphalt/Cement/Concrete,1163.96
2016,Nashik,Peth,Unpaved,230
2016,Nashik,Peth,Rock,165.2
2016,Nashik,Peth,Asphalt/Cement/Concrete,520.6
2016,Nashik,Trimbak,Unpaved,216.52
2016,Nashik,Trimbak,Rock,145.5
2016,Nashik,Trimbak,Asphalt/Cement/Concrete,611.28
2016,Nashik,Nashik,Unpaved,10.5
2016,Nashik,Nashik,Rock,169.2
2016,Nashik,Nashik,Asphalt/Cement/Concrete,450.03
2016,Nashik,Igatpuri,Unpaved,115.65
2016,Nashik,Igatpuri,Rock,210.5
2016,Nashik,Igatpuri,Asphalt/Cement/Concrete,616.04
2016,Nashik,Sinner,Unpaved,176.5
2016,Nashik,Sinner,Rock,510.2
2016,Nashik,Sinner,Asphalt/Cement/Concrete,1109.81
2016,Nashik,Nifad,Unpaved,369.2
2016,Nashik,Nifad,Rock,394
2016,Nashik,Nifad,Asphalt/Cement/Concrete,1096.75
2016,Nashik,Yewala,Unpaved,298.5
2016,Nashik,Yewala,Rock,368.4
2016,Nashik,Yewala,Asphalt/Cement/Concrete,1088.7
2017,Nashik,Surgana,Unpaved,285.63
2017,Nashik,Surgana,Rock,206.85
2017,Nashik,Surgana,Asphalt/Cement/Concrete,546.97
2017,Nashik,Kalwan,Unpaved,124.3
2017,Nashik,Kalwan,Rock,129.9
2017,Nashik,Kalwan,Asphalt/Cement/Concrete,796.33
2017,Nashik,Devala,Unpaved,151.1
2017,Nashik,Devala,Rock,137.25
2017,Nashik,Devala,Asphalt/Cement/Concrete,488.15
2017,Nashik,Baglan,Unpaved,184.81
2017,Nashik,Baglan,Rock,249.19
2017,Nashik,Baglan,Asphalt/Cement/Concrete,1430.29
2017,Nashik,Malegaon,Unpaved,242.85
2017,Nashik,Malegaon,Rock,688.35
2017,Nashik,Malegaon,Asphalt/Cement/Concrete,858.65
2017,Nashik,Nandgaon,Unpaved,195.3
2017,Nashik,Nandgaon,Rock,368.3
2017,Nashik,Nandgaon,Asphalt/Cement/Concrete,643.48
2017,Nashik,Chandwad,Unpaved,166.85
2017,Nashik,Chandwad,Rock,544.8
2017,Nashik,Chandwad,Asphalt/Cement/Concrete,578.97
2017,Nashik,Dindori,Unpaved,72.75
2017,Nashik,Dindori,Rock,593.36
2017,Nashik,Dindori,Asphalt/Cement/Concrete,1255.85
2017,Nashik,Peth,Unpaved,90.2
2017,Nashik,Peth,Rock,349.8
2017,Nashik,Peth,Asphalt/Cement/Concrete,475.3
2017,Nashik,Trimbak,Unpaved,188.88
2017,Nashik,Trimbak,Rock,155.18
2017,Nashik,Trimbak,Asphalt/Cement/Concrete,705.54
2017,Nashik,Nashik,Unpaved,30.1
2017,Nashik,Nashik,Rock,163.05
2017,Nashik,Nashik,Asphalt/Cement/Concrete,472.94
2017,Nashik,Igatpuri,Unpaved,192.25
2017,Nashik,Igatpuri,Rock,225.93
2017,Nashik,Igatpuri,Asphalt/Cement/Concrete,524.01
2017,Nashik,Sinner,Unpaved,104.5
2017,Nashik,Sinner,Rock,716.9
2017,Nashik,Sinner,Asphalt/Cement/Concrete,975.11
2017,Nashik,Nifad,Unpaved,486.47
2017,Nashik,Nifad,Rock,404.05
2017,Nashik,Nifad,Asphalt/Cement/Concrete,969.43
2017,Nashik,Yewala,Unpaved,368.02
2017,Nashik,Yewala,Rock,405.32
2017,Nashik,Yewala,Asphalt/Cement/Concrete,990.81
2018,Nashik,Surgana,Unpaved,262.03
2018,Nashik,Surgana,Rock,206.85
2018,Nashik,Kalwan,Unpaved,124.3
2018,Nashik,Kalwan,Rock,129.9
2018,Nashik,Devala,Unpaved,151.1
2018,Nashik,Devala,Rock,137.25
2018,Nashik,Baglan,Unpaved,186.21
2018,Nashik,Baglan,Rock,249.19
2018,Nashik,Malegaon,Unpaved,242.85
2018,Nashik,Malegaon,Rock,688.35
2018,Nashik,Nandgaon,Unpaved,195.3
2018,Nashik,Nandgaon,Rock,368.3
2018,Nashik,Chandwad,Unpaved,166.85
2018,Nashik,Chandwad,Rock,544.8
2018,Nashik,Dindori,Unpaved,246.8
2018,Nashik,Dindori,Rock,593.36
2018,Nashik,Peth,Unpaved,180.6
2018,Nashik,Peth,Rock,349.8
2018,Nashik,Trimbak,Unpaved,232.21
2018,Nashik,Trimbak,Rock,155.18
2018,Nashik,Nashik,Unpaved,36.85
2018,Nashik,Nashik,Rock,163.05
2018,Nashik,Igatpuri,Unpaved,97.45
2018,Nashik,Igatpuri,Rock,225.93
2018,Nashik,Sinner,Unpaved,161.72
2018,Nashik,Sinner,Rock,716.9
2018,Nashik,Nifad,Unpaved,485.17
2018,Nashik,Nifad,Rock,404.05
2018,Nashik,Yewala,Unpaved,358.92
2018,Nashik,Yewala,Rock,405.32
2019,Nashik,Surgana,Unpaved,258.83
2019,Nashik,Surgana,Rock,207.67
2019,Nashik,Kalwan,Unpaved,125.6
2019,Nashik,Kalwan,Rock,119.11
2019,Nashik,Devala,Unpaved,150.6
2019,Nashik,Devala,Rock,132.02
2019,Nashik,Baglan,Unpaved,177.26
2019,Nashik,Baglan,Rock,251.73
2019,Nashik,Malegaon,Unpaved,343.68
2019,Nashik,Malegaon,Rock,848.83
2019,Nashik,Nandgaon,Unpaved,195.3
2019,Nashik,Nandgaon,Rock,362.5
2019,Nashik,Chandwad,Unpaved,167.35
2019,Nashik,Chandwad,Rock,603.71
2019,Nashik,Dindori,Unpaved,253.3
2019,Nashik,Dindori,Rock,517.1
2019,Nashik,Peth,Unpaved,172.23
2019,Nashik,Peth,Rock,151.77
2019,Nashik,Trimbak,Unpaved,229.28
2019,Nashik,Trimbak,Rock,146.29
2019,Nashik,Nashik,Unpaved,25.35
2019,Nashik,Nashik,Rock,440.89
2019,Nashik,Igatpuri,Unpaved,96.65
2019,Nashik,Igatpuri,Rock,179.64
2019,Nashik,Sinner,Unpaved,168.87
2019,Nashik,Sinner,Rock,548.62
2019,Nashik,Nifad,Unpaved,487.86
2019,Nashik,Nifad,Rock,408.62
2019,Nashik,Yewala,Unpaved,353.52
2019,Nashik,Yewala,Rock,450.85
2020,Nashik,Surgana,Unpaved,250.53
2020,Nashik,Surgana,Rock,211.87
2020,Nashik,Kalwan,Unpaved,114.75
2020,Nashik,Kalwan,Rock,190.51
2020,Nashik,Devala,Unpaved,137.7
2020,Nashik,Devala,Rock,150.76
2020,Nashik,Baglan,Unpaved,177.26
2020,Nashik,Baglan,Rock,243.01
2020,Nashik,Malegaon,Unpaved,343.68
2020,Nashik,Malegaon,Rock,820.64
2020,Nashik,Nandgaon,Unpaved,195.3
2020,Nashik,Nandgaon,Rock,366
2020,Nashik,Chandwad,Unpaved,167.35
2020,Nashik,Chandwad,Rock,568.7
2020,Nashik,Dindori,Unpaved,250.9
2020,Nashik,Dindori,Rock,507.9
2020,Nashik,Peth,Unpaved,166.93
2020,Nashik,Peth,Rock,145.97
2020,Nashik,Trimbak,Unpaved,213.94
2020,Nashik,Trimbak,Rock,145.56
2020,Nashik,Nashik,Unpaved,20.35
2020,Nashik,Nashik,Rock,510.2
2020,Nashik,Igatpuri,Unpaved,96.42
2020,Nashik,Igatpuri,Rock,176.83
2020,Nashik,Sinner,Unpaved,167.87
2020,Nashik,Sinner,Rock,540.26
2020,Nashik,Nifad,Unpaved,451.66
2020,Nashik,Nifad,Rock,399.8
2020,Nashik,Yewala,Unpaved,353.22
2020,Nashik,Yewala,Rock,456.24
2021,Nashik,Surgana,Unpaved,250.53
2021,Nashik,Surgana,Rock,205.57
2021,Nashik,Kalwan,Unpaved,114.75
2021,Nashik,Kalwan,Rock,107.21
2021,Nashik,Devala,Unpaved,137.7
2021,Nashik,Devala,Rock,150.76
2021,Nashik,Baglan,Unpaved,185.26
2021,Nashik,Baglan,Rock,229.41
2021,Nashik,Malegaon,Unpaved,343.68
2021,Nashik,Malegaon,Rock,820.64
2021,Nashik,Nandgaon,Unpaved,194.27
2021,Nashik,Nandgaon,Rock,342.21
2021,Nashik,Chandwad,Unpaved,162.85
2021,Nashik,Chandwad,Rock,458.6
2021,Nashik,Dindori,Unpaved,228
2021,Nashik,Dindori,Rock,490.21
2021,Nashik,Peth,Unpaved,163.63
2021,Nashik,Peth,Rock,126.94
2021,Nashik,Trimbak,Unpaved,208.3
2021,Nashik,Trimbak,Rock,141.18
2021,Nashik,Nashik,Unpaved,11.8
2021,Nashik,Nashik,Rock,373.82
2021,Nashik,Igatpuri,Unpaved,94.93
2021,Nashik,Igatpuri,Rock,174.73
2021,Nashik,Sinner,Unpaved,162.32
2021,Nashik,Sinner,Rock,481.04
2021,Nashik,Nifad,Unpaved,411.68
2021,Nashik,Nifad,Rock,283.21
2021,Nashik,Yewala,Unpaved,337.01
2021,Nashik,Yewala,Rock,370.62
2012,Dharashiv,Paranda,Unpaved,164.46
2012,Dharashiv,Paranda,Rock,75.8
2012,Dharashiv,Paranda,Asphalt/Cement/Concrete,478
2012,Dharashiv,Bhum,Unpaved,45.82
2012,Dharashiv,Bhum,Rock,98.95
2012,Dharashiv,Bhum,Asphalt/Cement/Concrete,521
2012,Dharashiv,Washi,Unpaved,117.47
2012,Dharashiv,Washi,Rock,49.35
2012,Dharashiv,Washi,Asphalt/Cement/Concrete,339.5
2012,Dharashiv,Kalamb,Unpaved,61.57
2012,Dharashiv,Kalamb,Rock,143.61
2012,Dharashiv,Kalamb,Asphalt/Cement/Concrete,591
2012,Dharashiv,Dharashiv,Unpaved,258.92
2012,Dharashiv,Dharashiv,Rock,179.7
2012,Dharashiv,Dharashiv,Asphalt/Cement/Concrete,876
2012,Dharashiv,Tuljapur,Unpaved,173.53
2012,Dharashiv,Tuljapur,Rock,314.34
2012,Dharashiv,Tuljapur,Asphalt/Cement/Concrete,765.03
2012,Dharashiv,Lohara,Unpaved,81.08
2012,Dharashiv,Lohara,Rock,186.9
2012,Dharashiv,Lohara,Asphalt/Cement/Concrete,289
2012,Dharashiv,Umaraga,Unpaved,99.05
2012,Dharashiv,Umaraga,Rock,314
2012,Dharashiv,Umaraga,Asphalt/Cement/Concrete,522
2013,Dharashiv,Paranda,Unpaved,204.46
2013,Dharashiv,Paranda,Rock,116.8
2013,Dharashiv,Paranda,Asphalt/Cement/Concrete,518.9
2013,Dharashiv,Bhum,Unpaved,86.82
2013,Dharashiv,Bhum,Rock,139.95
2013,Dharashiv,Bhum,Asphalt/Cement/Concrete,562
2013,Dharashiv,Washi,Unpaved,117.47
2013,Dharashiv,Washi,Rock,105.55
2013,Dharashiv,Washi,Asphalt/Cement/Concrete,367.6
2013,Dharashiv,Kalamb,Unpaved,126.98
2013,Dharashiv,Kalamb,Rock,209.02
2013,Dharashiv,Kalamb,Asphalt/Cement/Concrete,656.4
2013,Dharashiv,Dharashiv,Unpaved,358.92
2013,Dharashiv,Dharashiv,Rock,309.18
2013,Dharashiv,Dharashiv,Asphalt/Cement/Concrete,905.47
2013,Dharashiv,Tuljapur,Unpaved,373.53
2013,Dharashiv,Tuljapur,Rock,314.34
2013,Dharashiv,Tuljapur,Asphalt/Cement/Concrete,820.9
2013,Dharashiv,Lohara,Unpaved,126.08
2013,Dharashiv,Lohara,Rock,186.9
2013,Dharashiv,Lohara,Asphalt/Cement/Concrete,335.12
2013,Dharashiv,Umaraga,Unpaved,215.69
2013,Dharashiv,Umaraga,Rock,305.85
2013,Dharashiv,Umaraga,Asphalt/Cement/Concrete,591.46
2014,Dharashiv,Paranda,Unpaved,175.51
2014,Dharashiv,Paranda,Rock,166.05
2014,Dharashiv,Paranda,Asphalt/Cement/Concrete,1089.95
2014,Dharashiv,Bhum,Unpaved,86.4
2014,Dharashiv,Bhum,Rock,212.13
2014,Dharashiv,Bhum,Asphalt/Cement/Concrete,237.44
2014,Dharashiv,Washi,Unpaved,157.02
2014,Dharashiv,Washi,Rock,95.48
2014,Dharashiv,Washi,Asphalt/Cement/Concrete,253.4
2014,Dharashiv,Kalamb,Unpaved,452.72
2014,Dharashiv,Kalamb,Rock,269.81
2014,Dharashiv,Kalamb,Asphalt/Cement/Concrete,252.17
2014,Dharashiv,Dharashiv,Unpaved,414.72
2014,Dharashiv,Dharashiv,Rock,119.5
2014,Dharashiv,Dharashiv,Asphalt/Cement/Concrete,887.15
2014,Dharashiv,Tuljapur,Unpaved,185.75
2014,Dharashiv,Tuljapur,Rock,353.2
2014,Dharashiv,Tuljapur,Asphalt/Cement/Concrete,979.25
2014,Dharashiv,Lohara,Unpaved,126.53
2014,Dharashiv,Lohara,Rock,128.62
2014,Dharashiv,Lohara,Asphalt/Cement/Concrete,479.6
2014,Dharashiv,Umaraga,Unpaved,117.07
2014,Dharashiv,Umaraga,Rock,347.3
2014,Dharashiv,Umaraga,Asphalt/Cement/Concrete,572.9
2015,Dharashiv,Paranda,Unpaved,145.32
2015,Dharashiv,Paranda,Rock,199.68
2015,Dharashiv,Paranda,Asphalt/Cement/Concrete,497.44
2015,Dharashiv,Bhum,Unpaved,56.21
2015,Dharashiv,Bhum,Rock,245.76
2015,Dharashiv,Bhum,Asphalt/Cement/Concrete,609.72
2015,Dharashiv,Washi,Unpaved,126.83
2015,Dharashiv,Washi,Rock,129.11
2015,Dharashiv,Washi,Asphalt/Cement/Concrete,516.3
2015,Dharashiv,Kalamb,Unpaved,422.53
2015,Dharashiv,Kalamb,Rock,303.44
2015,Dharashiv,Kalamb,Asphalt/Cement/Concrete,345.08
2015,Dharashiv,Dharashiv,Unpaved,384.53
2015,Dharashiv,Dharashiv,Rock,153.13
2015,Dharashiv,Dharashiv,Asphalt/Cement/Concrete,1171.86
2015,Dharashiv,Tuljapur,Unpaved,155.56
2015,Dharashiv,Tuljapur,Rock,386.83
2015,Dharashiv,Tuljapur,Asphalt/Cement/Concrete,614.68
2015,Dharashiv,Lohara,Unpaved,96.34
2015,Dharashiv,Lohara,Rock,162.25
2015,Dharashiv,Lohara,Asphalt/Cement/Concrete,492.53
2015,Dharashiv,Umaraga,Unpaved,86.81
2015,Dharashiv,Umaraga,Rock,380.93
2015,Dharashiv,Umaraga,Asphalt/Cement/Concrete,521.37
2016,Dharashiv,Paranda,Unpaved,185.71
2016,Dharashiv,Paranda,Rock,164.72
2016,Dharashiv,Paranda,Asphalt/Cement/Concrete,503.43
2016,Dharashiv,Bhum,Unpaved,101.1
2016,Dharashiv,Bhum,Rock,201.29
2016,Dharashiv,Bhum,Asphalt/Cement/Concrete,477.88
2016,Dharashiv,Washi,Unpaved,169.82
2016,Dharashiv,Washi,Rock,62.9
2016,Dharashiv,Washi,Asphalt/Cement/Concrete,303.7
2016,Dharashiv,Kalamb,Unpaved,121
2016,Dharashiv,Kalamb,Rock,259.01
2016,Dharashiv,Kalamb,Asphalt/Cement/Concrete,552.09
2016,Dharashiv,Dharashiv,Unpaved,552.39
2016,Dharashiv,Dharashiv,Rock,110.7
2016,Dharashiv,Dharashiv,Asphalt/Cement/Concrete,922.1
2016,Dharashiv,Tuljapur,Unpaved,249.75
2016,Dharashiv,Tuljapur,Rock,336.33
2016,Dharashiv,Tuljapur,Asphalt/Cement/Concrete,828.04
2016,Dharashiv,Lohara,Unpaved,138.69
2016,Dharashiv,Lohara,Rock,108.33
2016,Dharashiv,Lohara,Asphalt/Cement/Concrete,327.91
2016,Dharashiv,Umaraga,Unpaved,160.65
2016,Dharashiv,Umaraga,Rock,344.07
2016,Dharashiv,Umaraga,Asphalt/Cement/Concrete,679.42
2017,Dharashiv,Paranda,Unpaved,196.66
2017,Dharashiv,Paranda,Rock,169.9
2017,Dharashiv,Paranda,Asphalt/Cement/Concrete,539.68
2017,Dharashiv,Bhum,Unpaved,100.77
2017,Dharashiv,Bhum,Rock,205.9
2017,Dharashiv,Bhum,Asphalt/Cement/Concrete,474.42
2017,Dharashiv,Washi,Unpaved,70.4
2017,Dharashiv,Washi,Rock,135.9
2017,Dharashiv,Washi,Asphalt/Cement/Concrete,340.3
2017,Dharashiv,Kalamb,Unpaved,124.2
2017,Dharashiv,Kalamb,Rock,258.7
2017,Dharashiv,Kalamb,Asphalt/Cement/Concrete,538.65
2017,Dharashiv,Dharashiv,Unpaved,492.77
2017,Dharashiv,Dharashiv,Rock,132.3
2017,Dharashiv,Dharashiv,Asphalt/Cement/Concrete,960.12
2017,Dharashiv,Tuljapur,Unpaved,262.85
2017,Dharashiv,Tuljapur,Rock,325.51
2017,Dharashiv,Tuljapur,Asphalt/Cement/Concrete,838.66
2017,Dharashiv,Lohara,Unpaved,109.7
2017,Dharashiv,Lohara,Rock,153.55
2017,Dharashiv,Lohara,Asphalt/Cement/Concrete,335.78
2017,Dharashiv,Umaraga,Unpaved,177.65
2017,Dharashiv,Umaraga,Rock,370.8
2017,Dharashiv,Umaraga,Asphalt/Cement/Concrete,606.37
2018,Dharashiv,Paranda,Unpaved,177.21
2018,Dharashiv,Paranda,Rock,197.32
2018,Dharashiv,Bhum,Unpaved,107.65
2018,Dharashiv,Bhum,Rock,204.16
2018,Dharashiv,Washi,Unpaved,59.9
2018,Dharashiv,Washi,Rock,136.66
2018,Dharashiv,Kalamb,Unpaved,103.7
2018,Dharashiv,Kalamb,Rock,253.4
2018,Dharashiv,Dharashiv,Unpaved,464.37
2018,Dharashiv,Dharashiv,Rock,146.4
2018,Dharashiv,Tuljapur,Unpaved,301.25
2018,Dharashiv,Tuljapur,Rock,347.97
2018,Dharashiv,Lohara,Unpaved,117.13
2018,Dharashiv,Lohara,Rock,114.17
2018,Dharashiv,Umaraga,Unpaved,161.1
2018,Dharashiv,Umaraga,Rock,307.47
2019,Dharashiv,Paranda,Unpaved,172.36
2019,Dharashiv,Paranda,Rock,185.74
2019,Dharashiv,Bhum,Unpaved,98.61
2019,Dharashiv,Bhum,Rock,205.19
2019,Dharashiv,Washi,Unpaved,86.71
2019,Dharashiv,Washi,Rock,135.46
2019,Dharashiv,Kalamb,Unpaved,104.2
2019,Dharashiv,Kalamb,Rock,252.92
2019,Dharashiv,Dharashiv,Unpaved,563.99
2019,Dharashiv,Dharashiv,Rock,105.78
2019,Dharashiv,Tuljapur,Unpaved,129.2
2019,Dharashiv,Tuljapur,Rock,413.57
2019,Dharashiv,Lohara,Unpaved,117.13
2019,Dharashiv,Lohara,Rock,96.6
2019,Dharashiv,Umaraga,Unpaved,115.74
2019,Dharashiv,Umaraga,Rock,285.76
2020,Dharashiv,Paranda,Unpaved,154.91
2020,Dharashiv,Paranda,Rock,191.6
2020,Dharashiv,Bhum,Unpaved,100.46
2020,Dharashiv,Bhum,Rock,204.68
2020,Dharashiv,Washi,Unpaved,68.55
2020,Dharashiv,Washi,Rock,143.35
2020,Dharashiv,Kalamb,Unpaved,104.2
2020,Dharashiv,Kalamb,Rock,245.28
2020,Dharashiv,Dharashiv,Unpaved,457.99
2020,Dharashiv,Dharashiv,Rock,190.88
2020,Dharashiv,Tuljapur,Unpaved,306.89
2020,Dharashiv,Tuljapur,Rock,309.7
2020,Dharashiv,Lohara,Unpaved,106.23
2020,Dharashiv,Lohara,Rock,96.8
2020,Dharashiv,Umaraga,Unpaved,164.93
2020,Dharashiv,Umaraga,Rock,277.65
2021,Dharashiv,Paranda,Unpaved,165.21
2021,Dharashiv,Paranda,Rock,155.12
2021,Dharashiv,Bhum,Unpaved,123.55
2021,Dharashiv,Bhum,Rock,146.64
2021,Dharashiv,Washi,Unpaved,48
2021,Dharashiv,Washi,Rock,151.11
2021,Dharashiv,Kalamb,Unpaved,106.2
2021,Dharashiv,Kalamb,Rock,233.79
2021,Dharashiv,Dharashiv,Unpaved,345.41
2021,Dharashiv,Dharashiv,Rock,229.04
2021,Dharashiv,Tuljapur,Unpaved,312.78
2021,Dharashiv,Tuljapur,Rock,303.76
2021,Dharashiv,Lohara,Unpaved,89.06
2021,Dharashiv,Lohara,Rock,96.3
2021,Dharashiv,Umaraga,Unpaved,145.33
2021,Dharashiv,Umaraga,Rock,277.9
2014,Palghar,Talasari,Unpaved,207
2014,Palghar,Talasari,Rock,140
2014,Palghar,Talasari,Asphalt/Cement/Concrete,807
2014,Palghar,Dahanu,Unpaved,33
2014,Palghar,Dahanu,Rock,82
2014,Palghar,Dahanu,Asphalt/Cement/Concrete,695
2014,Palghar,Vikramgad,Unpaved,112
2014,Palghar,Vikramgad,Rock,239
2014,Palghar,Vikramgad,Asphalt/Cement/Concrete,1255
2014,Palghar,Javhar,Unpaved,124
2014,Palghar,Javhar,Rock,237
2014,Palghar,Javhar,Asphalt/Cement/Concrete,583
2014,Palghar,Mokhada,Unpaved,183
2014,Palghar,Mokhada,Rock,12
2014,Palghar,Mokhada,Asphalt/Cement/Concrete,556
2014,Palghar,Wada,Unpaved,108
2014,Palghar,Wada,Rock,61
2014,Palghar,Wada,Asphalt/Cement/Concrete,532
2014,Palghar,Palghar,Unpaved,70
2014,Palghar,Palghar,Rock,183
2014,Palghar,Palghar,Asphalt/Cement/Concrete,733
2014,Palghar,Vasai,Unpaved,100
2014,Palghar,Vasai,Rock,410
2014,Palghar,Vasai,Asphalt/Cement/Concrete,845
2015,Palghar,Talasari,Unpaved,0
2015,Palghar,Talasari,Rock,140.7
2015,Palghar,Talasari,Asphalt/Cement/Concrete,640.32
2015,Palghar,Dahanu,Unpaved,0
2015,Palghar,Dahanu,Rock,82.42
2015,Palghar,Dahanu,Asphalt/Cement/Concrete,422.5
2015,Palghar,Vikramgad,Unpaved,0
2015,Palghar,Vikramgad,Rock,239.69
2015,Palghar,Vikramgad,Asphalt/Cement/Concrete,1108.15
2015,Palghar,Javhar,Unpaved,9.2
2015,Palghar,Javhar,Rock,240.79
2015,Palghar,Javhar,Asphalt/Cement/Concrete,499.5
2015,Palghar,Mokhada,Unpaved,0
2015,Palghar,Mokhada,Rock,12.13
2015,Palghar,Mokhada,Asphalt/Cement/Concrete,429.53
2015,Palghar,Wada,Unpaved,13.5
2015,Palghar,Wada,Rock,65.48
2015,Palghar,Wada,Asphalt/Cement/Concrete,359.95
2015,Palghar,Palghar,Unpaved,3
2015,Palghar,Palghar,Rock,188.44
2015,Palghar,Palghar,Asphalt/Cement/Concrete,464.73
2015,Palghar,Vasai,Unpaved,0
2015,Palghar,Vasai,Rock,411.35
2015,Palghar,Vasai,Asphalt/Cement/Concrete,629.04
2016,Palghar,Talasari,Unpaved,0
2016,Palghar,Talasari,Rock,12.13
2016,Palghar,Talasari,Asphalt/Cement/Concrete,523.53
2016,Palghar,Dahanu,Unpaved,0
2016,Palghar,Dahanu,Rock,237.95
2016,Palghar,Dahanu,Asphalt/Cement/Concrete,1193.69
2016,Palghar,Vikramgad,Unpaved,0
2016,Palghar,Vikramgad,Rock,180.74
2016,Palghar,Vikramgad,Asphalt/Cement/Concrete,462.43
2016,Palghar,Javhar,Unpaved,11.9
2016,Palghar,Javhar,Rock,255.19
2016,Palghar,Javhar,Asphalt/Cement/Concrete,487.75
2016,Palghar,Mokhada,Unpaved,13.5
2016,Palghar,Mokhada,Rock,65.71
2016,Palghar,Mokhada,Asphalt/Cement/Concrete,365.66
2016,Palghar,Wada,Unpaved,0
2016,Palghar,Wada,Rock,406.16
2016,Palghar,Wada,Asphalt/Cement/Concrete,615.8
2016,Palghar,Palghar,Unpaved,0
2016,Palghar,Palghar,Rock,116.46
2016,Palghar,Palghar,Asphalt/Cement/Concrete,787.44
2016,Palghar,Vasai,Unpaved,0
2016,Palghar,Vasai,Rock,81.7
2016,Palghar,Vasai,Asphalt/Cement/Concrete,506.22
2017,Palghar,Talasari,Unpaved,0
2017,Palghar,Talasari,Rock,12.13
2017,Palghar,Talasari,Asphalt/Cement/Concrete,523.53
2017,Palghar,Dahanu,Unpaved,0
2017,Palghar,Dahanu,Rock,234.56
2017,Palghar,Dahanu,Asphalt/Cement/Concrete,1198.59
2017,Palghar,Vikramgad,Unpaved,0
2017,Palghar,Vikramgad,Rock,173.3
2017,Palghar,Vikramgad,Asphalt/Cement/Concrete,470.17
2017,Palghar,Javhar,Unpaved,11.9
2017,Palghar,Javhar,Rock,202.38
2017,Palghar,Javhar,Asphalt/Cement/Concrete,542.86
2017,Palghar,Mokhada,Unpaved,13.5
2017,Palghar,Mokhada,Rock,37.17
2017,Palghar,Mokhada,Asphalt/Cement/Concrete,407.96
2017,Palghar,Wada,Unpaved,0
2017,Palghar,Wada,Rock,405.33
2017,Palghar,Wada,Asphalt/Cement/Concrete,616.63
2017,Palghar,Palghar,Unpaved,0
2017,Palghar,Palghar,Rock,86.03
2017,Palghar,Palghar,Asphalt/Cement/Concrete,820.18
2017,Palghar,Vasai,Unpaved,0
2017,Palghar,Vasai,Rock,60.91
2017,Palghar,Vasai,Asphalt/Cement/Concrete,513.21
2018,Palghar,Talasari,Unpaved,0
2018,Palghar,Talasari,Rock,12.13
2018,Palghar,Dahanu,Unpaved,0
2018,Palghar,Dahanu,Rock,234.56
2018,Palghar,Vikramgad,Unpaved,3
2018,Palghar,Vikramgad,Rock,178
2018,Palghar,Javhar,Unpaved,9.2
2018,Palghar,Javhar,Rock,184.71
2018,Palghar,Mokhada,Unpaved,13.5
2018,Palghar,Mokhada,Rock,35.34
2018,Palghar,Wada,Unpaved,0
2018,Palghar,Wada,Rock,405.33
2018,Palghar,Palghar,Unpaved,0
2018,Palghar,Palghar,Rock,76.34
2018,Palghar,Vasai,Unpaved,0
2018,Palghar,Vasai,Rock,48.64
2019,Palghar,Talasari,Unpaved,0
2019,Palghar,Talasari,Rock,12.13
2019,Palghar,Dahanu,Unpaved,0
2019,Palghar,Dahanu,Rock,234.56
2019,Palghar,Vikramgad,Unpaved,3
2019,Palghar,Vikramgad,Rock,178
2019,Palghar,Javhar,Unpaved,15.2
2019,Palghar,Javhar,Rock,184.71
2019,Palghar,Mokhada,Unpaved,13.5
2019,Palghar,Mokhada,Rock,35.34
2019,Palghar,Wada,Unpaved,0
2019,Palghar,Wada,Rock,384.92
2019,Palghar,Palghar,Unpaved,0
2019,Palghar,Palghar,Rock,76.34
2019,Palghar,Vasai,Unpaved,0
2019,Palghar,Vasai,Rock,48.64
2020,Palghar,Talasari,Unpaved,0.43
2020,Palghar,Talasari,Rock,12.13
2020,Palghar,Dahanu,Unpaved,4.5
2020,Palghar,Dahanu,Rock,285.01
2020,Palghar,Vikramgad,Unpaved,3
2020,Palghar,Vikramgad,Rock,178
2020,Palghar,Javhar,Unpaved,15
2020,Palghar,Javhar,Rock,217.26
2020,Palghar,Mokhada,Unpaved,13.5
2020,Palghar,Mokhada,Rock,29.93
2020,Palghar,Wada,Unpaved,0
2020,Palghar,Wada,Rock,410.94
2020,Palghar,Palghar,Unpaved,18.19
2020,Palghar,Palghar,Rock,80.46
2020,Palghar,Vasai,Unpaved,0
2020,Palghar,Vasai,Rock,63.67
2021,Palghar,Talasari,Unpaved,183.89
2021,Palghar,Talasari,Rock,12.13
2021,Palghar,Dahanu,Unpaved,108.05
2021,Palghar,Dahanu,Rock,234.56
2021,Palghar,Vikramgad,Unpaved,73.67
2021,Palghar,Vikramgad,Rock,174.45
2021,Palghar,Javhar,Unpaved,138.7
2021,Palghar,Javhar,Rock,77.66
2021,Palghar,Mokhada,Unpaved,77.53
2021,Palghar,Mokhada,Rock,29.63
2021,Palghar,Wada,Unpaved,100.36
2021,Palghar,Wada,Rock,398.2
2021,Palghar,Palghar,Unpaved,126.46
2021,Palghar,Palghar,Rock,117.55
2021,Palghar,Vasai,Unpaved,54.42
2021,Palghar,Vasai,Rock,47.27
2013,Parbhani,Selu,Unpaved,148
2013,Parbhani,Selu,Rock,209.91
2013,Parbhani,Selu,Asphalt/Cement/Concrete,235.76
2013,Parbhani,Jintur,Unpaved,241.48
2013,Parbhani,Jintur,Rock,418.56
2013,Parbhani,Jintur,Asphalt/Cement/Concrete,387.7
2013,Parbhani,Parbhani,Unpaved,164.1
2013,Parbhani,Parbhani,Rock,375.25
2013,Parbhani,Parbhani,Asphalt/Cement/Concrete,429.23
2013,Parbhani,Manvat,Unpaved,27.1
2013,Parbhani,Manvat,Rock,177.83
2013,Parbhani,Manvat,Asphalt/Cement/Concrete,227.27
2013,Parbhani,Pathari,Unpaved,72.45
2013,Parbhani,Pathari,Rock,148.99
2013,Parbhani,Pathari,Asphalt/Cement/Concrete,217.74
2013,Parbhani,Sonpeth,Unpaved,20.19
2013,Parbhani,Sonpeth,Rock,132.56
2013,Parbhani,Sonpeth,Asphalt/Cement/Concrete,149.9
2013,Parbhani,Gangakhed,Unpaved,98.23
2013,Parbhani,Gangakhed,Rock,264
2013,Parbhani,Gangakhed,Asphalt/Cement/Concrete,249.25
2013,Parbhani,Palam,Unpaved,57.5
2013,Parbhani,Palam,Rock,151.75
2013,Parbhani,Palam,Asphalt/Cement/Concrete,273.3
2013,Parbhani,Purna,Unpaved,52.45
2013,Parbhani,Purna,Rock,247.5
2013,Parbhani,Purna,Asphalt/Cement/Concrete,235.91
2014,Parbhani,Selu,Unpaved,148
2014,Parbhani,Selu,Rock,213.91
2014,Parbhani,Selu,Asphalt/Cement/Concrete,260.76
2014,Parbhani,Jintur,Unpaved,241.48
2014,Parbhani,Jintur,Rock,427.56
2014,Parbhani,Jintur,Asphalt/Cement/Concrete,416.7
2014,Parbhani,Parbhani,Unpaved,184.6
2014,Parbhani,Parbhani,Rock,403.75
2014,Parbhani,Parbhani,Asphalt/Cement/Concrete,768.38
2014,Parbhani,Manvat,Unpaved,27.1
2014,Parbhani,Manvat,Rock,182.83
2014,Parbhani,Manvat,Asphalt/Cement/Concrete,171.12
2014,Parbhani,Pathari,Unpaved,72.45
2014,Parbhani,Pathari,Rock,154.99
2014,Parbhani,Pathari,Asphalt/Cement/Concrete,249.74
2014,Parbhani,Sonpeth,Unpaved,20.19
2014,Parbhani,Sonpeth,Rock,136.56
2014,Parbhani,Sonpeth,Asphalt/Cement/Concrete,162.87
2014,Parbhani,Gangakhed,Unpaved,98.23
2014,Parbhani,Gangakhed,Rock,279
2014,Parbhani,Gangakhed,Asphalt/Cement/Concrete,283.25
2014,Parbhani,Palam,Unpaved,57.5
2014,Parbhani,Palam,Rock,151.75
2014,Parbhani,Palam,Asphalt/Cement/Concrete,278.3
2014,Parbhani,Purna,Unpaved,52.45
2014,Parbhani,Purna,Rock,259.5
2014,Parbhani,Purna,Asphalt/Cement/Concrete,275.91
2015,Parbhani,Selu,Unpaved,148
2015,Parbhani,Selu,Rock,109.91
2015,Parbhani,Selu,Asphalt/Cement/Concrete,365.8
2015,Parbhani,Jintur,Unpaved,241.48
2015,Parbhani,Jintur,Rock,118.56
2015,Parbhani,Jintur,Asphalt/Cement/Concrete,576.66
2015,Parbhani,Parbhani,Unpaved,511.26
2015,Parbhani,Parbhani,Rock,244.45
2015,Parbhani,Parbhani,Asphalt/Cement/Concrete,885.76
2015,Parbhani,Manvat,Unpaved,27.1
2015,Parbhani,Manvat,Rock,117.83
2015,Parbhani,Manvat,Asphalt/Cement/Concrete,309.2
2015,Parbhani,Pathari,Unpaved,72.45
2015,Parbhani,Pathari,Rock,148.99
2015,Parbhani,Pathari,Asphalt/Cement/Concrete,349.74
2015,Parbhani,Sonpeth,Unpaved,20.19
2015,Parbhani,Sonpeth,Rock,132.56
2015,Parbhani,Sonpeth,Asphalt/Cement/Concrete,162.87
2015,Parbhani,Gangakhed,Unpaved,98.23
2015,Parbhani,Gangakhed,Rock,114.47
2015,Parbhani,Gangakhed,Asphalt/Cement/Concrete,314.43
2015,Parbhani,Palam,Unpaved,57.5
2015,Parbhani,Palam,Rock,121.75
2015,Parbhani,Palam,Asphalt/Cement/Concrete,278.3
2015,Parbhani,Purna,Unpaved,52.45
2015,Parbhani,Purna,Rock,147.5
2015,Parbhani,Purna,Asphalt/Cement/Concrete,280.85
2016,Parbhani,Selu,Unpaved,148
2016,Parbhani,Selu,Rock,211.66
2016,Parbhani,Selu,Asphalt/Cement/Concrete,244.01
2016,Parbhani,Jintur,Unpaved,241.48
2016,Parbhani,Jintur,Rock,420.01
2016,Parbhani,Jintur,Asphalt/Cement/Concrete,386.25
2016,Parbhani,Parbhani,Unpaved,164.1
2016,Parbhani,Parbhani,Rock,468.25
2016,Parbhani,Parbhani,Asphalt/Cement/Concrete,929.6
2016,Parbhani,Manvat,Unpaved,47.05
2016,Parbhani,Manvat,Rock,182.39
2016,Parbhani,Manvat,Asphalt/Cement/Concrete,153.23
2016,Parbhani,Pathari,Unpaved,90.02
2016,Parbhani,Pathari,Rock,148.99
2016,Parbhani,Pathari,Asphalt/Cement/Concrete,219.7
2016,Parbhani,Sonpeth,Unpaved,17.72
2016,Parbhani,Sonpeth,Rock,132.56
2016,Parbhani,Sonpeth,Asphalt/Cement/Concrete,152.34
2016,Parbhani,Gangakhed,Unpaved,88.71
2016,Parbhani,Gangakhed,Rock,264
2016,Parbhani,Gangakhed,Asphalt/Cement/Concrete,258.77
2016,Parbhani,Palam,Unpaved,56.05
2016,Parbhani,Palam,Rock,151.75
2016,Parbhani,Palam,Asphalt/Cement/Concrete,274.75
2016,Parbhani,Purna,Unpaved,45.78
2016,Parbhani,Purna,Rock,248.88
2016,Parbhani,Purna,Asphalt/Cement/Concrete,241.2
2017,Parbhani,Selu,Unpaved,140
2017,Parbhani,Selu,Rock,206.91
2017,Parbhani,Selu,Asphalt/Cement/Concrete,236.01
2017,Parbhani,Jintur,Unpaved,248.08
2017,Parbhani,Jintur,Rock,420.56
2017,Parbhani,Jintur,Asphalt/Cement/Concrete,416.15
2017,Parbhani,Parbhani,Unpaved,213.03
2017,Parbhani,Parbhani,Rock,467.53
2017,Parbhani,Parbhani,Asphalt/Cement/Concrete,932.07
2017,Parbhani,Manvat,Unpaved,35.1
2017,Parbhani,Manvat,Rock,185.83
2017,Parbhani,Manvat,Asphalt/Cement/Concrete,157.86
2017,Parbhani,Pathari,Unpaved,82.45
2017,Parbhani,Pathari,Rock,166.46
2017,Parbhani,Pathari,Asphalt/Cement/Concrete,224.57
2017,Parbhani,Sonpeth,Unpaved,22.09
2017,Parbhani,Sonpeth,Rock,148.91
2017,Parbhani,Sonpeth,Asphalt/Cement/Concrete,149.87
2017,Parbhani,Gangakhed,Unpaved,99.23
2017,Parbhani,Gangakhed,Rock,280
2017,Parbhani,Gangakhed,Asphalt/Cement/Concrete,256.08
2017,Parbhani,Palam,Unpaved,58.5
2017,Parbhani,Palam,Rock,173.07
2017,Parbhani,Palam,Asphalt/Cement/Concrete,263.3
2017,Parbhani,Purna,Unpaved,54.45
2017,Parbhani,Purna,Rock,252
2017,Parbhani,Purna,Asphalt/Cement/Concrete,235.91
2018,Parbhani,Selu,Unpaved,140
2018,Parbhani,Selu,Rock,200.91
2018,Parbhani,Jintur,Unpaved,248.08
2018,Parbhani,Jintur,Rock,420.56
2018,Parbhani,Parbhani,Unpaved,170.1
2018,Parbhani,Parbhani,Rock,380.25
2018,Parbhani,Manvat,Unpaved,35.1
2018,Parbhani,Manvat,Rock,185.83
2018,Parbhani,Pathari,Unpaved,82.45
2018,Parbhani,Pathari,Rock,166.46
2018,Parbhani,Sonpeth,Unpaved,22.09
2018,Parbhani,Sonpeth,Rock,152.56
2018,Parbhani,Gangakhed,Unpaved,99.23
2018,Parbhani,Gangakhed,Rock,280
2018,Parbhani,Palam,Unpaved,58.5
2018,Parbhani,Palam,Rock,155.75
2018,Parbhani,Purna,Unpaved,54.45
2018,Parbhani,Purna,Rock,257.5
2019,Parbhani,Selu,Unpaved,150.7
2019,Parbhani,Selu,Rock,100.91
2019,Parbhani,Jintur,Unpaved,287.53
2019,Parbhani,Jintur,Rock,220.06
2019,Parbhani,Parbhani,Unpaved,232.55
2019,Parbhani,Parbhani,Rock,280.25
2019,Parbhani,Manvat,Unpaved,74.27
2019,Parbhani,Manvat,Rock,160.95
2019,Parbhani,Pathari,Unpaved,174.69
2019,Parbhani,Pathari,Rock,81.05
2019,Parbhani,Sonpeth,Unpaved,31.09
2019,Parbhani,Sonpeth,Rock,140.48
2019,Parbhani,Gangakhed,Unpaved,106.06
2019,Parbhani,Gangakhed,Rock,180
2019,Parbhani,Palam,Unpaved,100.82
2019,Parbhani,Palam,Rock,130.75
2019,Parbhani,Purna,Unpaved,107.55
2019,Parbhani,Purna,Rock,101.37
2020,Parbhani,Selu,Unpaved,146.2
2020,Parbhani,Selu,Rock,100.91
2020,Parbhani,Jintur,Unpaved,279.53
2020,Parbhani,Jintur,Rock,220.06
2020,Parbhani,Parbhani,Unpaved,214.36
2020,Parbhani,Parbhani,Rock,280.25
2020,Parbhani,Manvat,Unpaved,22.01
2020,Parbhani,Manvat,Rock,160.95
2020,Parbhani,Pathari,Unpaved,173.46
2020,Parbhani,Pathari,Rock,81.05
2020,Parbhani,Sonpeth,Unpaved,27.66
2020,Parbhani,Sonpeth,Rock,140.48
2020,Parbhani,Gangakhed,Unpaved,100.67
2020,Parbhani,Gangakhed,Rock,180.67
2020,Parbhani,Palam,Unpaved,98.62
2020,Parbhani,Palam,Rock,130.75
2020,Parbhani,Purna,Unpaved,105.02
2020,Parbhani,Purna,Rock,101.37
2021,Parbhani,Selu,Unpaved,117.74
2021,Parbhani,Selu,Rock,99.95
2021,Parbhani,Jintur,Unpaved,261.68
2021,Parbhani,Jintur,Rock,199.29
2021,Parbhani,Parbhani,Unpaved,298.15
2021,Parbhani,Parbhani,Rock,288.07
2021,Parbhani,Manvat,Unpaved,13.52
2021,Parbhani,Manvat,Rock,160.95
2021,Parbhani,Pathari,Unpaved,167.92
2021,Parbhani,Pathari,Rock,81.05
2021,Parbhani,Sonpeth,Unpaved,40.89
2021,Parbhani,Sonpeth,Rock,140.48
2021,Parbhani,Gangakhed,Unpaved,78.26
2021,Parbhani,Gangakhed,Rock,180.67
2021,Parbhani,Palam,Unpaved,70.06
2021,Parbhani,Palam,Rock,130.75
2021,Parbhani,Purna,Unpaved,123.29
2021,Parbhani,Purna,Rock,101.37
2017,Pune,Junnar,Unpaved,201.22
2017,Pune,Junnar,Rock,635.86
2017,Pune,Junnar,Asphalt/Cement/Concrete,840.73
2017,Pune,Ambegaon,Unpaved,330.43
2017,Pune,Ambegaon,Rock,247.03
2017,Pune,Ambegaon,Asphalt/Cement/Concrete,798.96
2017,Pune,Shirur,Unpaved,679.35
2017,Pune,Shirur,Rock,162.49
2017,Pune,Shirur,Asphalt/Cement/Concrete,894.11
2017,Pune,Khed,Unpaved,265.89
2017,Pune,Khed,Rock,334.61
2017,Pune,Khed,Asphalt/Cement/Concrete,801.67
2017,Pune,Maval,Unpaved,204.1
2017,Pune,Maval,Rock,120.95
2017,Pune,Maval,Asphalt/Cement/Concrete,585.49
2017,Pune,Mulshi,Unpaved,293.57
2017,Pune,Mulshi,Rock,99.22
2017,Pune,Mulshi,Asphalt/Cement/Concrete,617.11
2017,Pune,Haveli,Unpaved,496.92
2017,Pune,Haveli,Rock,119.61
2017,Pune,Haveli,Asphalt/Cement/Concrete,844.78
2017,Pune,Pune,Unpaved,0
2017,Pune,Pune,Rock,0
2017,Pune,Pune,Asphalt/Cement/Concrete,7.2
2017,Pune,Daund,Unpaved,623.37
2017,Pune,Daund,Rock,161.61
2017,Pune,Daund,Asphalt/Cement/Concrete,730.6
2017,Pune,Purandar,Unpaved,616.26
2017,Pune,Purandar,Rock,127.83
2017,Pune,Purandar,Asphalt/Cement/Concrete,844.28
2017,Pune,Velhe,Unpaved,154.68
2017,Pune,Velhe,Rock,94.36
2017,Pune,Velhe,Asphalt/Cement/Concrete,343.46
2017,Pune,Bhor,Unpaved,176.01
2017,Pune,Bhor,Rock,143.97
2017,Pune,Bhor,Asphalt/Cement/Concrete,707.26
2017,Pune,Baramati,Unpaved,677.25
2017,Pune,Baramati,Rock,257.57
2017,Pune,Baramati,Asphalt/Cement/Concrete,1504 .97
2017,Pune,Indapur,Unpaved,862.62
2017,Pune,Indapur,Rock,191.05
2017,Pune,Indapur,Asphalt/Cement/Concrete,952.88
2018,Pune,Junnar,Unpaved,193.92
2018,Pune,Junnar,Rock,614.21
2018,Pune,Junnar,Asphalt/Cement/Concrete,839.38
2018,Pune,Ambegaon,Unpaved,324.89
2018,Pune,Ambegaon,Rock,228.51
2018,Pune,Ambegaon,Asphalt/Cement/Concrete,873.48
2018,Pune,Shirur,Unpaved,651.52
2018,Pune,Shirur,Rock,143.76
2018,Pune,Shirur,Asphalt/Cement/Concrete,1203.83
2018,Pune,Khed,Unpaved,261.75
2018,Pune,Khed,Rock,282.57
2018,Pune,Khed,Asphalt/Cement/Concrete,885.1
2018,Pune,Maval,Unpaved,183.7
2018,Pune,Maval,Rock,105.5
2018,Pune,Maval,Asphalt/Cement/Concrete,636.04
2018,Pune,Mulshi,Unpaved,280.07
2018,Pune,Mulshi,Rock,86.37
2018,Pune,Mulshi,Asphalt/Cement/Concrete,572.56
2018,Pune,Haveli,Unpaved,487.54
2018,Pune,Haveli,Rock,116.94
2018,Pune,Haveli,Asphalt/Cement/Concrete,983.19
2018,Pune,Pune,Unpaved,0
2018,Pune,Pune,Rock,0
2018,Pune,Pune,Asphalt/Cement/Concrete,7.2
2018,Pune,Daund,Unpaved,563.92
2018,Pune,Daund,Rock,156.95
2018,Pune,Daund,Asphalt/Cement/Concrete,810.61
2018,Pune,Purandar,Unpaved,593.43
2018,Pune,Purandar,Rock,116.95
2018,Pune,Purandar,Asphalt/Cement/Concrete,787.73
2018,Pune,Velhe,Unpaved,151.98
2018,Pune,Velhe,Rock,86.56
2018,Pune,Velhe,Asphalt/Cement/Concrete,353.96
2018,Pune,Bhor,Unpaved,168.65
2018,Pune,Bhor,Rock,130.67
2018,Pune,Bhor,Asphalt/Cement/Concrete,727.92
2018,Pune,Baramati,Unpaved,619.5
2018,Pune,Baramati,Rock,249.3
2018,Pune,Baramati,Asphalt/Cement/Concrete,9198.73
2018,Pune,Indapur,Unpaved,824.81
2018,Pune,Indapur,Rock,179.6
2018,Pune,Indapur,Asphalt/Cement/Concrete,1002.14
2019,Pune,Junnar,Unpaved,172.24
2019,Pune,Junnar,Rock,627.75
2019,Pune,Junnar,Asphalt/Cement/Concrete,811.82
2019,Pune,Ambegaon,Unpaved,316.34
2019,Pune,Ambegaon,Rock,211.12
2019,Pune,Ambegaon,Asphalt/Cement/Concrete,902.42
2019,Pune,Shirur,Unpaved,636.6
2019,Pune,Shirur,Rock,127.53
2019,Pune,Shirur,Asphalt/Cement/Concrete,1253.28
2019,Pune,Khed,Unpaved,246.38
2019,Pune,Khed,Rock,255.53
2019,Pune,Khed,Asphalt/Cement/Concrete,927.51
2019,Pune,Maval,Unpaved,172.34
2019,Pune,Maval,Rock,94.81
2019,Pune,Maval,Asphalt/Cement/Concrete,658.09
2019,Pune,Mulshi,Unpaved,275.44
2019,Pune,Mulshi,Rock,0
2019,Pune,Mulshi,Asphalt/Cement/Concrete,588.9
2019,Pune,Haveli,Unpaved,477.76
2019,Pune,Haveli,Rock,92.28
2019,Pune,Haveli,Asphalt/Cement/Concrete,1029.39
2019,Pune,Pune,Unpaved,0
2019,Pune,Pune,Rock,0
2019,Pune,Pune,Asphalt/Cement/Concrete,7.2
2019,Pune,Daund,Unpaved,554.76
2019,Pune,Daund,Rock,141.06
2019,Pune,Daund,Asphalt/Cement/Concrete,835.66
2019,Pune,Purandar,Unpaved,587
2019,Pune,Purandar,Rock,101.58
2019,Pune,Purandar,Asphalt/Cement/Concrete,809.53
2019,Pune,Velhe,Unpaved,151.7
2019,Pune,Velhe,Rock,79.8
2019,Pune,Velhe,Asphalt/Cement/Concrete,361
2019,Pune,Bhor,Unpaved,164.42
2019,Pune,Bhor,Rock,115.4
2019,Pune,Bhor,Asphalt/Cement/Concrete,747.42
2019,Pune,Baramati,Unpaved,611.44
2019,Pune,Baramati,Rock,224.36
2019,Pune,Baramati,Asphalt/Cement/Concrete,1231.73
2019,Pune,Indapur,Unpaved,811.6
2019,Pune,Indapur,Rock,150.4
2019,Pune,Indapur,Asphalt/Cement/Concrete,1044.55
2020,Pune,Junnar,Unpaved,176.28
2020,Pune,Junnar,Rock,580.02
2020,Pune,Junnar,Asphalt/Cement/Concrete,855.51
2020,Pune,Ambegaon,Unpaved,312.86
2020,Pune,Ambegaon,Rock,205.88
2020,Pune,Ambegaon,Asphalt/Cement/Concrete,857.68
2020,Pune,Shirur,Unpaved,664.4
2020,Pune,Shirur,Rock,124.58
2020,Pune,Shirur,Asphalt/Cement/Concrete,1212.18
2020,Pune,Khed,Unpaved,254.91
2020,Pune,Khed,Rock,242.14
2020,Pune,Khed,Asphalt/Cement/Concrete,869.16
2020,Pune,Maval,Unpaved,166.6
2020,Pune,Maval,Rock,101.31
2020,Pune,Maval,Asphalt/Cement/Concrete,720.84
2020,Pune,Mulshi,Unpaved,265.67
2020,Pune,Mulshi,Rock,59.96
2020,Pune,Mulshi,Asphalt/Cement/Concrete,641.62
2020,Pune,Haveli,Unpaved,489.89
2020,Pune,Haveli,Rock,96.36
2020,Pune,Haveli,Asphalt/Cement/Concrete,964.67
2020,Pune,Pune,Unpaved,0
2020,Pune,Pune,Rock,0
2020,Pune,Pune,Asphalt/Cement/Concrete,4.75
2020,Pune,Daund,Unpaved,529.6
2020,Pune,Daund,Rock,133.55
2020,Pune,Daund,Asphalt/Cement/Concrete,890.93
2020,Pune,Purandar,Unpaved,584.54
2020,Pune,Purandar,Rock,93.78
2020,Pune,Purandar,Asphalt/Cement/Concrete,771.29
2020,Pune,Velhe,Unpaved,151.78
2020,Pune,Velhe,Rock,81.17
2020,Pune,Velhe,Asphalt/Cement/Concrete,359.55
2020,Pune,Bhor,Unpaved,155.04
2020,Pune,Bhor,Rock,115.36
2020,Pune,Bhor,Asphalt/Cement/Concrete,756.84
2020,Pune,Baramati,Unpaved,633.5
2020,Pune,Baramati,Rock,219.12
2020,Pune,Baramati,Asphalt/Cement/Concrete,1214.91
2020,Pune,Indapur,Unpaved,693.81
2020,Pune,Indapur,Rock,133.13
2020,Pune,Indapur,Asphalt/Cement/Concrete,1168.92
2021,Pune,Junnar,Unpaved,123.13
2021,Pune,Junnar,Rock,568.12
2021,Pune,Junnar,Asphalt/Cement/Concrete,926.16
2021,Pune,Ambegaon,Unpaved,259.76
2021,Pune,Ambegaon,Rock,205.88
2021,Pune,Ambegaon,Asphalt/Cement/Concrete,910.78
2021,Pune,Shirur,Unpaved,558
2021,Pune,Shirur,Rock,70.72
2021,Pune,Shirur,Asphalt/Cement/Concrete,1378.47
2021,Pune,Khed,Unpaved,217.69
2021,Pune,Khed,Rock,240.65
2021,Pune,Khed,Asphalt/Cement/Concrete,893.84
2021,Pune,Maval,Unpaved,153.95
2021,Pune,Maval,Rock,101.31
2021,Pune,Maval,Asphalt/Cement/Concrete,727.21
2021,Pune,Mulshi,Unpaved,252.18
2021,Pune,Mulshi,Rock,59.96
2021,Pune,Mulshi,Asphalt/Cement/Concrete,650.58
2021,Pune,Haveli,Unpaved,479.32
2021,Pune,Haveli,Rock,81.73
2021,Pune,Haveli,Asphalt/Cement/Concrete,976.08
2021,Pune,Pune,Unpaved,0
2021,Pune,Pune,Rock,0
2021,Pune,Pune,Asphalt/Cement/Concrete,3.48
2021,Pune,Daund,Unpaved,517.13
2021,Pune,Daund,Rock,127.72
2021,Pune,Daund,Asphalt/Cement/Concrete,910.43
2021,Pune,Purandar,Unpaved,551.54
2021,Pune,Purandar,Rock,68.61
2021,Pune,Purandar,Asphalt/Cement/Concrete,829.46
2021,Pune,Velhe,Unpaved,138.34
2021,Pune,Velhe,Rock,81.17
2021,Pune,Velhe,Asphalt/Cement/Concrete,372.99
2021,Pune,Bhor,Unpaved,117.96
2021,Pune,Bhor,Rock,115.36
2021,Pune,Bhor,Asphalt/Cement/Concrete,793.92
2021,Pune,Baramati,Unpaved,610.18
2021,Pune,Baramati,Rock,152.61
2021,Pune,Baramati,Asphalt/Cement/Concrete,1305.75
2021,Pune,Indapur,Unpaved,545.57
2021,Pune,Indapur,Rock,314.18
2021,Pune,Indapur,Asphalt/Cement/Concrete,1136.11
2012,Raigad,Uran,Unpaved,0
2012,Raigad,Uran,Rock,3.95
2012,Raigad,Uran,Asphalt/Cement/Concrete,150.37
2012,Raigad,Panwel,Unpaved,0
2012,Raigad,Panwel,Rock,31.6
2012,Raigad,Panwel,Asphalt/Cement/Concrete,373.68
2012,Raigad,karjat,Unpaved,0
2012,Raigad,karjat,Rock,74.3
2012,Raigad,karjat,Asphalt/Cement/Concrete,486.14
2012,Raigad,khalapur,Unpaved,0
2012,Raigad,khalapur,Rock,14.35
2012,Raigad,khalapur,Asphalt/Cement/Concrete,278.93
2012,Raigad,pen,Unpaved,0
2012,Raigad,pen,Rock,39.17
2012,Raigad,pen,Asphalt/Cement/Concrete,268.01
2012,Raigad,alibag,Unpaved,0
2012,Raigad,alibag,Rock,16.55
2012,Raigad,alibag,Asphalt/Cement/Concrete,587.63
2012,Raigad,murud,Unpaved,0
2012,Raigad,murud,Rock,32.25
2012,Raigad,murud,Asphalt/Cement/Concrete,210.73
2012,Raigad,roha,Unpaved,0
2012,Raigad,roha,Rock,50.75
2012,Raigad,roha,Asphalt/Cement/Concrete,447.26
2012,Raigad,sudhagad,Unpaved,8
2012,Raigad,sudhagad,Rock,35.37
2012,Raigad,sudhagad,Asphalt/Cement/Concrete,269.95
2012,Raigad,mangaon,Unpaved,0
2012,Raigad,mangaon,Rock,49.55
2012,Raigad,mangaon,Asphalt/Cement/Concrete,599.19
2012,Raigad,tala,Unpaved,0
2012,Raigad,tala,Rock,16.65
2012,Raigad,tala,Asphalt/Cement/Concrete,133.17
2012,Raigad,shreevardhan,Unpaved,0
2012,Raigad,shreevardhan,Rock,3
2012,Raigad,shreevardhan,Asphalt/Cement/Concrete,269.82
2012,Raigad,mhasala,Unpaved,0
2012,Raigad,mhasala,Rock,39.79
2012,Raigad,mhasala,Asphalt/Cement/Concrete,278.91
2012,Raigad,mahad,Unpaved,17.7
2012,Raigad,mahad,Rock,108.95
2012,Raigad,mahad,Asphalt/Cement/Concrete,674.08
2012,Raigad,poladpur,Unpaved,3.1
2012,Raigad,poladpur,Rock,51.05
2012,Raigad,poladpur,Asphalt/Cement/Concrete,309
2013,Raigad,Uran,Unpaved,0
2013,Raigad,Uran,Rock,0
2013,Raigad,Uran,Asphalt/Cement/Concrete,189.54
2013,Raigad,Panwel,Unpaved,0
2013,Raigad,Panwel,Rock,0
2013,Raigad,Panwel,Asphalt/Cement/Concrete,406.28
2013,Raigad,karjat,Unpaved,0
2013,Raigad,karjat,Rock,0
2013,Raigad,karjat,Asphalt/Cement/Concrete,722.1
2013,Raigad,khalapur,Unpaved,0
2013,Raigad,khalapur,Rock,0
2013,Raigad,khalapur,Asphalt/Cement/Concrete,283.7
2013,Raigad,pen,Unpaved,0
2013,Raigad,pen,Rock,0
2013,Raigad,pen,Asphalt/Cement/Concrete,348.91
2013,Raigad,alibag,Unpaved,0
2013,Raigad,alibag,Rock,0
2013,Raigad,alibag,Asphalt/Cement/Concrete,624.88
2013,Raigad,murud,Unpaved,0
2013,Raigad,murud,Rock,0
2013,Raigad,murud,Asphalt/Cement/Concrete,230.11
2013,Raigad,roha,Unpaved,0
2013,Raigad,roha,Rock,0
2013,Raigad,roha,Asphalt/Cement/Concrete,544.11
2013,Raigad,sudhagad,Unpaved,13.6
2013,Raigad,sudhagad,Rock,3.25
2013,Raigad,sudhagad,Asphalt/Cement/Concrete,324.33
2013,Raigad,mangaon,Unpaved,0
2013,Raigad,mangaon,Rock,1.6
2013,Raigad,mangaon,Asphalt/Cement/Concrete,639.72
2013,Raigad,tala,Unpaved,0
2013,Raigad,tala,Rock,0
2013,Raigad,tala,Asphalt/Cement/Concrete,157.17
2013,Raigad,shreevardhan,Unpaved,0
2013,Raigad,shreevardhan,Rock,0
2013,Raigad,shreevardhan,Asphalt/Cement/Concrete,296.14
2013,Raigad,mhasala,Unpaved,0
2013,Raigad,mhasala,Rock,0
2013,Raigad,mhasala,Asphalt/Cement/Concrete,353.08
2013,Raigad,mahad,Unpaved,17.7
2013,Raigad,mahad,Rock,1.5
2013,Raigad,mahad,Asphalt/Cement/Concrete,882.5
2013,Raigad,poladpur,Unpaved,3.1
2013,Raigad,poladpur,Rock,2.7
2013,Raigad,poladpur,Asphalt/Cement/Concrete,389.85
2014,Raigad,Uran,Unpaved,0
2014,Raigad,Uran,Rock,0
2014,Raigad,Uran,Asphalt/Cement/Concrete,204.92
2014,Raigad,Panwel,Unpaved,0
2014,Raigad,Panwel,Rock,0
2014,Raigad,Panwel,Asphalt/Cement/Concrete,454.28
2014,Raigad,karjat,Unpaved,0
2014,Raigad,karjat,Rock,0
2014,Raigad,karjat,Asphalt/Cement/Concrete,806.92
2014,Raigad,khalapur,Unpaved,0
2014,Raigad,khalapur,Rock,0
2014,Raigad,khalapur,Asphalt/Cement/Concrete,361.2
2014,Raigad,pen,Unpaved,0
2014,Raigad,pen,Rock,0
2014,Raigad,pen,Asphalt/Cement/Concrete,410.37
2014,Raigad,alibag,Unpaved,0
2014,Raigad,alibag,Rock,0
2014,Raigad,alibag,Asphalt/Cement/Concrete,650.16
2014,Raigad,murud,Unpaved,0
2014,Raigad,murud,Rock,0
2014,Raigad,murud,Asphalt/Cement/Concrete,257.08
2014,Raigad,roha,Unpaved,0
2014,Raigad,roha,Rock,0
2014,Raigad,roha,Asphalt/Cement/Concrete,536.44
2014,Raigad,sudhagad,Unpaved,13.6
2014,Raigad,sudhagad,Rock,3.25
2014,Raigad,sudhagad,Asphalt/Cement/Concrete,324.33
2014,Raigad,mangaon,Unpaved,0
2014,Raigad,mangaon,Rock,1.6
2014,Raigad,mangaon,Asphalt/Cement/Concrete,595.5
2014,Raigad,tala,Unpaved,0
2014,Raigad,tala,Rock,0
2014,Raigad,tala,Asphalt/Cement/Concrete,144.57
2014,Raigad,shreevardhan,Unpaved,0
2014,Raigad,shreevardhan,Rock,0
2014,Raigad,shreevardhan,Asphalt/Cement/Concrete,316.62
2014,Raigad,mhasala,Unpaved,0
2014,Raigad,mhasala,Rock,0
2014,Raigad,mhasala,Asphalt/Cement/Concrete,345.93
2014,Raigad,mahad,Unpaved,17.7
2014,Raigad,mahad,Rock,1.5
2014,Raigad,mahad,Asphalt/Cement/Concrete,896.31
2014,Raigad,poladpur,Unpaved,3.1
2014,Raigad,poladpur,Rock,2.7
2014,Raigad,poladpur,Asphalt/Cement/Concrete,389.85
2015,Raigad,Uran,Unpaved,0
2015,Raigad,Uran,Rock,0
2015,Raigad,Uran,Asphalt/Cement/Concrete,200.18
2015,Raigad,Panwel,Unpaved,0
2015,Raigad,Panwel,Rock,0
2015,Raigad,Panwel,Asphalt/Cement/Concrete,497.66
2015,Raigad,karjat,Unpaved,0
2015,Raigad,karjat,Rock,0
2015,Raigad,karjat,Asphalt/Cement/Concrete,782.02
2015,Raigad,khalapur,Unpaved,0
2015,Raigad,khalapur,Rock,0
2015,Raigad,khalapur,Asphalt/Cement/Concrete,472.4
2015,Raigad,pen,Unpaved,0
2015,Raigad,pen,Rock,0
2015,Raigad,pen,Asphalt/Cement/Concrete,417.01
2015,Raigad,alibag,Unpaved,0
2015,Raigad,alibag,Rock,0
2015,Raigad,alibag,Asphalt/Cement/Concrete,681.27
2015,Raigad,murud,Unpaved,0
2015,Raigad,murud,Rock,0
2015,Raigad,murud,Asphalt/Cement/Concrete,223.24
2015,Raigad,roha,Unpaved,0
2015,Raigad,roha,Rock,0
2015,Raigad,roha,Asphalt/Cement/Concrete,554.71
2015,Raigad,sudhagad,Unpaved,0
2015,Raigad,sudhagad,Rock,0
2015,Raigad,sudhagad,Asphalt/Cement/Concrete,332.54
2015,Raigad,mangaon,Unpaved,0
2015,Raigad,mangaon,Rock,0
2015,Raigad,mangaon,Asphalt/Cement/Concrete,631.26
2015,Raigad,tala,Unpaved,0
2015,Raigad,tala,Rock,0
2015,Raigad,tala,Asphalt/Cement/Concrete,148.57
2015,Raigad,shreevardhan,Unpaved,0
2015,Raigad,shreevardhan,Rock,0
2015,Raigad,shreevardhan,Asphalt/Cement/Concrete,305.76
2015,Raigad,mhasala,Unpaved,0
2015,Raigad,mhasala,Rock,3.15
2015,Raigad,mhasala,Asphalt/Cement/Concrete,317.11
2015,Raigad,mahad,Unpaved,20.8
2015,Raigad,mahad,Rock,1.5
2015,Raigad,mahad,Asphalt/Cement/Concrete,929.59
2015,Raigad,poladpur,Unpaved,0
2015,Raigad,poladpur,Rock,0
2015,Raigad,poladpur,Asphalt/Cement/Concrete,395.98
2016,Raigad,Uran,Unpaved,0
2016,Raigad,Uran,Rock,0
2016,Raigad,Uran,Asphalt/Cement/Concrete,183.03
2016,Raigad,Panwel,Unpaved,0
2016,Raigad,Panwel,Rock,0
2016,Raigad,Panwel,Asphalt/Cement/Concrete,485.21
2016,Raigad,karjat,Unpaved,0
2016,Raigad,karjat,Rock,0
2016,Raigad,karjat,Asphalt/Cement/Concrete,751.32
2016,Raigad,khalapur,Unpaved,0
2016,Raigad,khalapur,Rock,0
2016,Raigad,khalapur,Asphalt/Cement/Concrete,455.65
2016,Raigad,pen,Unpaved,0
2016,Raigad,pen,Rock,0
2016,Raigad,pen,Asphalt/Cement/Concrete,432.04
2016,Raigad,alibag,Unpaved,0
2016,Raigad,alibag,Rock,0
2016,Raigad,alibag,Asphalt/Cement/Concrete,666.22
2016,Raigad,murud,Unpaved,0
2016,Raigad,murud,Rock,0
2016,Raigad,murud,Asphalt/Cement/Concrete,207.77
2016,Raigad,roha,Unpaved,0
2016,Raigad,roha,Rock,0
2016,Raigad,roha,Asphalt/Cement/Concrete,550.16
2016,Raigad,sudhagad,Unpaved,0
2016,Raigad,sudhagad,Rock,0
2016,Raigad,sudhagad,Asphalt/Cement/Concrete,330.97
2016,Raigad,mangaon,Unpaved,0
2016,Raigad,mangaon,Rock,0
2016,Raigad,mangaon,Asphalt/Cement/Concrete,623.46
2016,Raigad,tala,Unpaved,0
2016,Raigad,tala,Rock,0
2016,Raigad,tala,Asphalt/Cement/Concrete,142.43
2016,Raigad,shreevardhan,Unpaved,0
2016,Raigad,shreevardhan,Rock,0
2016,Raigad,shreevardhan,Asphalt/Cement/Concrete,298.46
2016,Raigad,mhasala,Unpaved,0
2016,Raigad,mhasala,Rock,3.15
2016,Raigad,mhasala,Asphalt/Cement/Concrete,309.07
2016,Raigad,mahad,Unpaved,20.8
2016,Raigad,mahad,Rock,1.5
2016,Raigad,mahad,Asphalt/Cement/Concrete,922.73
2016,Raigad,poladpur,Unpaved,0
2016,Raigad,poladpur,Rock,0
2016,Raigad,poladpur,Asphalt/Cement/Concrete,415.31
2017,Raigad,Uran,Unpaved,10.25
2017,Raigad,Uran,Rock,17.3
2017,Raigad,Uran,Asphalt/Cement/Concrete,157.66
2017,Raigad,Panwel,Unpaved,44.03
2017,Raigad,Panwel,Rock,73.38
2017,Raigad,Panwel,Asphalt/Cement/Concrete,449.85
2017,Raigad,karjat,Unpaved,80.14
2017,Raigad,karjat,Rock,156.86
2017,Raigad,karjat,Asphalt/Cement/Concrete,529.9
2017,Raigad,khalapur,Unpaved,40.53
2017,Raigad,khalapur,Rock,82.56
2017,Raigad,khalapur,Asphalt/Cement/Concrete,338.56
2017,Raigad,pen,Unpaved,38.37
2017,Raigad,pen,Rock,64.45
2017,Raigad,pen,Asphalt/Cement/Concrete,342.8
2017,Raigad,alibag,Unpaved,66.63
2017,Raigad,alibag,Rock,112.56
2017,Raigad,alibag,Asphalt/Cement/Concrete,480.23
2017,Raigad,murud,Unpaved,17.75
2017,Raigad,murud,Rock,30.99
2017,Raigad,murud,Asphalt/Cement/Concrete,174.47
2017,Raigad,roha,Unpaved,52.68
2017,Raigad,roha,Rock,90
2017,Raigad,roha,Asphalt/Cement/Concrete,513.02
2017,Raigad,sudhagad,Unpaved,28.73
2017,Raigad,sudhagad,Rock,47.87
2017,Raigad,sudhagad,Asphalt/Cement/Concrete,267.4
2017,Raigad,mangaon,Unpaved,56.33
2017,Raigad,mangaon,Rock,93.88
2017,Raigad,mangaon,Asphalt/Cement/Concrete,508.44
2017,Raigad,tala,Unpaved,21.77
2017,Raigad,tala,Rock,36.28
2017,Raigad,tala,Asphalt/Cement/Concrete,87.1
2017,Raigad,shreevardhan,Unpaved,25.8
2017,Raigad,shreevardhan,Rock,49.51
2017,Raigad,shreevardhan,Asphalt/Cement/Concrete,222.3
2017,Raigad,mhasala,Unpaved,35.98
2017,Raigad,mhasala,Rock,63.12
2017,Raigad,mhasala,Asphalt/Cement/Concrete,259.29
2017,Raigad,mahad,Unpaved,98.23
2017,Raigad,mahad,Rock,166.18
2017,Raigad,mahad,Asphalt/Cement/Concrete,674.55
2017,Raigad,poladpur,Unpaved,50.22
2017,Raigad,poladpur,Rock,83.7
2017,Raigad,poladpur,Asphalt/Cement/Concrete,302.72
2018,Raigad,Uran,Unpaved,18.31
2018,Raigad,Uran,Rock,16.09
2018,Raigad,Panwel,Unpaved,89.14
2018,Raigad,Panwel,Rock,64.43
2018,Raigad,karjat,Unpaved,87.67
2018,Raigad,karjat,Rock,176.04
2018,Raigad,khalapur,Unpaved,26.04
2018,Raigad,khalapur,Rock,79.13
2018,Raigad,pen,Unpaved,62.27
2018,Raigad,pen,Rock,57.1
2018,Raigad,alibag,Unpaved,82.6
2018,Raigad,alibag,Rock,92.4
2018,Raigad,murud,Unpaved,16.98
2018,Raigad,murud,Rock,27.88
2018,Raigad,roha,Unpaved,84.78
2018,Raigad,roha,Rock,81.77
2018,Raigad,sudhagad,Unpaved,33.07
2018,Raigad,sudhagad,Rock,41.48
2018,Raigad,mangaon,Unpaved,79.1
2018,Raigad,mangaon,Rock,83.43
2018,Raigad,tala,Unpaved,19.91
2018,Raigad,tala,Rock,32.65
2018,Raigad,shreevardhan,Unpaved,16.6
2018,Raigad,shreevardhan,Rock,27.98
2018,Raigad,mhasala,Unpaved,30.61
2018,Raigad,mhasala,Rock,62.88
2018,Raigad,mahad,Unpaved,332.06
2018,Raigad,mahad,Rock,87.8
2018,Raigad,poladpur,Unpaved,64.35
2018,Raigad,poladpur,Rock,79.6
2019,Raigad,Uran,Unpaved,18.77
2019,Raigad,Uran,Rock,16.79
2019,Raigad,Panwel,Unpaved,76.12
2019,Raigad,Panwel,Rock,67.27
2019,Raigad,karjat,Unpaved,137.65
2019,Raigad,karjat,Rock,177.82
2019,Raigad,khalapur,Unpaved,69.87
2019,Raigad,khalapur,Rock,81.74
2019,Raigad,pen,Unpaved,65.7
2019,Raigad,pen,Rock,59.56
2019,Raigad,alibag,Unpaved,93.85
2019,Raigad,alibag,Rock,96.42
2019,Raigad,murud,Unpaved,31.28
2019,Raigad,murud,Rock,29.05
2019,Raigad,roha,Unpaved,90.72
2019,Raigad,roha,Rock,85.17
2019,Raigad,sudhagad,Unpaved,49.01
2019,Raigad,sudhagad,Rock,43.31
2019,Raigad,mangaon,Unpaved,93.85
2019,Raigad,mangaon,Rock,86.94
2019,Raigad,tala,Unpaved,38.58
2019,Raigad,tala,Rock,34.1
2019,Raigad,shreevardhan,Unpaved,44.84
2019,Raigad,shreevardhan,Rock,29.15
2019,Raigad,mhasala,Unpaved,62.57
2019,Raigad,mhasala,Rock,65.22
2019,Raigad,mahad,Unpaved,86.55
2019,Raigad,mahad,Rock,91.04
2019,Raigad,poladpur,Unpaved,133.07
2019,Raigad,poladpur,Rock,82.72
2020,Raigad,Uran,Unpaved,19.79
2020,Raigad,Uran,Rock,17.43
2020,Raigad,Panwel,Unpaved,105.05
2020,Raigad,Panwel,Rock,70.71
2020,Raigad,karjat,Unpaved,145.11
2020,Raigad,karjat,Rock,138.7
2020,Raigad,khalapur,Unpaved,98.46
2020,Raigad,khalapur,Rock,89.63
2020,Raigad,pen,Unpaved,69.26
2020,Raigad,pen,Rock,61.02
2020,Raigad,alibag,Unpaved,98.94
2020,Raigad,alibag,Rock,99.76
2020,Raigad,murud,Unpaved,57.78
2020,Raigad,murud,Rock,22.67
2020,Raigad,roha,Unpaved,95.64
2020,Raigad,roha,Rock,84.27
2020,Raigad,sudhagad,Unpaved,76.47
2020,Raigad,sudhagad,Rock,43.01
2020,Raigad,mangaon,Unpaved,98.94
2020,Raigad,mangaon,Rock,87.17
2020,Raigad,tala,Unpaved,40.68
2020,Raigad,tala,Rock,44.84
2020,Raigad,shreevardhan,Unpaved,47.27
2020,Raigad,shreevardhan,Rock,47.81
2020,Raigad,mhasala,Unpaved,65.96
2020,Raigad,mhasala,Rock,58.11
2020,Raigad,mahad,Unpaved,91.23
2020,Raigad,mahad,Rock,80.39
2020,Raigad,poladpur,Unpaved,38.35
2020,Raigad,poladpur,Rock,148.45
2021,Raigad,Uran,Unpaved,20.38
2021,Raigad,Uran,Rock,17.96
2021,Raigad,Panwel,Unpaved,82.66
2021,Raigad,Panwel,Rock,74.33
2021,Raigad,karjat,Unpaved,149.46
2021,Raigad,karjat,Rock,131.69
2021,Raigad,khalapur,Unpaved,75.86
2021,Raigad,khalapur,Rock,66.84
2021,Raigad,pen,Unpaved,71.33
2021,Raigad,pen,Rock,62.85
2021,Raigad,alibag,Unpaved,101.91
2021,Raigad,alibag,Rock,102.76
2021,Raigad,murud,Unpaved,33.97
2021,Raigad,murud,Rock,29.93
2021,Raigad,roha,Unpaved,98.51
2021,Raigad,roha,Rock,99.19
2021,Raigad,sudhagad,Unpaved,53.22
2021,Raigad,sudhagad,Rock,46.89
2021,Raigad,mangaon,Unpaved,101.91
2021,Raigad,mangaon,Rock,89.79
2021,Raigad,tala,Unpaved,41.9
2021,Raigad,tala,Rock,36.91
2021,Raigad,shreevardhan,Unpaved,48.69
2021,Raigad,shreevardhan,Rock,29.93
2021,Raigad,mhasala,Unpaved,67.94
2021,Raigad,mhasala,Rock,67.01
2021,Raigad,mahad,Unpaved,93.98
2021,Raigad,mahad,Rock,163.6
2021,Raigad,poladpur,Unpaved,90.58
2021,Raigad,poladpur,Rock,97.81
2009,Ratnagiri,Mandangad,Unpaved,1
2009,Ratnagiri,Mandangad,Rock,68
2009,Ratnagiri,Mandangad,Asphalt/Cement/Concrete,306
2009,Ratnagiri,Dapoli,Unpaved,27
2009,Ratnagiri,Dapoli,Rock,187
2009,Ratnagiri,Dapoli,Asphalt/Cement/Concrete,573
2009,Ratnagiri,Khed,Unpaved,34
2009,Ratnagiri,Khed,Rock,121
2009,Ratnagiri,Khed,Asphalt/Cement/Concrete,663
2009,Ratnagiri,Chiplun,Unpaved,10
2009,Ratnagiri,Chiplun,Rock,42
2009,Ratnagiri,Chiplun,Asphalt/Cement/Concrete,632
2009,Ratnagiri,Guhagar,Unpaved,39
2009,Ratnagiri,Guhagar,Rock,198
2009,Ratnagiri,Guhagar,Asphalt/Cement/Concrete,573
2009,Ratnagiri,Ratnagiri,Unpaved,10
2009,Ratnagiri,Ratnagiri,Rock,131
2009,Ratnagiri,Ratnagiri,Asphalt/Cement/Concrete,895
2009,Ratnagiri,Sangameshwar,Unpaved,48
2009,Ratnagiri,Sangameshwar,Rock,252
2009,Ratnagiri,Sangameshwar,Asphalt/Cement/Concrete,769
2009,Ratnagiri,Lanja,Unpaved,26
2009,Ratnagiri,Lanja,Rock,198
2009,Ratnagiri,Lanja,Asphalt/Cement/Concrete,418
2009,Ratnagiri,Rajapur,Unpaved,60
2009,Ratnagiri,Rajapur,Rock,236
2009,Ratnagiri,Rajapur,Asphalt/Cement/Concrete,738
2010,Ratnagiri,Mandangad,Unpaved,0
2010,Ratnagiri,Mandangad,Rock,61
2010,Ratnagiri,Mandangad,Asphalt/Cement/Concrete,314
2010,Ratnagiri,Dapoli,Unpaved,28
2010,Ratnagiri,Dapoli,Rock,145
2010,Ratnagiri,Dapoli,Asphalt/Cement/Concrete,614
2010,Ratnagiri,Khed,Unpaved,29
2010,Ratnagiri,Khed,Rock,114
2010,Ratnagiri,Khed,Asphalt/Cement/Concrete,675
2010,Ratnagiri,Chiplun,Unpaved,28
2010,Ratnagiri,Chiplun,Rock,184
2010,Ratnagiri,Chiplun,Asphalt/Cement/Concrete,706
2010,Ratnagiri,Guhagar,Unpaved,0
2010,Ratnagiri,Guhagar,Rock,46
2010,Ratnagiri,Guhagar,Asphalt/Cement/Concrete,532
2010,Ratnagiri,Ratnagiri,Unpaved,11
2010,Ratnagiri,Ratnagiri,Rock,135
2010,Ratnagiri,Ratnagiri,Asphalt/Cement/Concrete,896
2010,Ratnagiri,Sangameshwar,Unpaved,44
2010,Ratnagiri,Sangameshwar,Rock,225
2010,Ratnagiri,Sangameshwar,Asphalt/Cement/Concrete,809
2010,Ratnagiri,Lanja,Unpaved,27
2010,Ratnagiri,Lanja,Rock,188
2010,Ratnagiri,Lanja,Asphalt/Cement/Concrete,426
2010,Ratnagiri,Rajapur,Unpaved,55
2010,Ratnagiri,Rajapur,Rock,220
2010,Ratnagiri,Rajapur,Asphalt/Cement/Concrete,766
2011,Ratnagiri,Mandangad,Unpaved,0
2011,Ratnagiri,Mandangad,Rock,40
2011,Ratnagiri,Mandangad,Asphalt/Cement/Concrete,319
2011,Ratnagiri,Dapoli,Unpaved,21
2011,Ratnagiri,Dapoli,Rock,120
2011,Ratnagiri,Dapoli,Asphalt/Cement/Concrete,619
2011,Ratnagiri,Khed,Unpaved,22
2011,Ratnagiri,Khed,Rock,73
2011,Ratnagiri,Khed,Asphalt/Cement/Concrete,706
2011,Ratnagiri,Chiplun,Unpaved,33
2011,Ratnagiri,Chiplun,Rock,158
2011,Ratnagiri,Chiplun,Asphalt/Cement/Concrete,836
2011,Ratnagiri,Guhagar,Unpaved,1
2011,Ratnagiri,Guhagar,Rock,99
2011,Ratnagiri,Guhagar,Asphalt/Cement/Concrete,517
2011,Ratnagiri,Ratnagiri,Unpaved,22
2011,Ratnagiri,Ratnagiri,Rock,138
2011,Ratnagiri,Ratnagiri,Asphalt/Cement/Concrete,985
2011,Ratnagiri,Sangameshwar,Unpaved,49
2011,Ratnagiri,Sangameshwar,Rock,212
2011,Ratnagiri,Sangameshwar,Asphalt/Cement/Concrete,827
2011,Ratnagiri,Lanja,Unpaved,27
2011,Ratnagiri,Lanja,Rock,178
2011,Ratnagiri,Lanja,Asphalt/Cement/Concrete,440
2011,Ratnagiri,Rajapur,Unpaved,61
2011,Ratnagiri,Rajapur,Rock,220
2011,Ratnagiri,Rajapur,Asphalt/Cement/Concrete,828
2012,Ratnagiri,Mandangad,Unpaved,2
2012,Ratnagiri,Mandangad,Rock,40
2012,Ratnagiri,Mandangad,Asphalt/Cement/Concrete,319
2012,Ratnagiri,Dapoli,Unpaved,22
2012,Ratnagiri,Dapoli,Rock,120
2012,Ratnagiri,Dapoli,Asphalt/Cement/Concrete,619
2012,Ratnagiri,Khed,Unpaved,24
2012,Ratnagiri,Khed,Rock,73
2012,Ratnagiri,Khed,Asphalt/Cement/Concrete,716
2012,Ratnagiri,Chiplun,Unpaved,31
2012,Ratnagiri,Chiplun,Rock,139
2012,Ratnagiri,Chiplun,Asphalt/Cement/Concrete,871
2012,Ratnagiri,Guhagar,Unpaved,12
2012,Ratnagiri,Guhagar,Rock,99
2012,Ratnagiri,Guhagar,Asphalt/Cement/Concrete,517
2012,Ratnagiri,Ratnagiri,Unpaved,16
2012,Ratnagiri,Ratnagiri,Rock,119
2012,Ratnagiri,Ratnagiri,Asphalt/Cement/Concrete,1020
2012,Ratnagiri,Sangameshwar,Unpaved,48
2012,Ratnagiri,Sangameshwar,Rock,212
2012,Ratnagiri,Sangameshwar,Asphalt/Cement/Concrete,827
2012,Ratnagiri,Lanja,Unpaved,26
2012,Ratnagiri,Lanja,Rock,178
2012,Ratnagiri,Lanja,Asphalt/Cement/Concrete,440
2012,Ratnagiri,Rajapur,Unpaved,52
2012,Ratnagiri,Rajapur,Rock,210
2012,Ratnagiri,Rajapur,Asphalt/Cement/Concrete,838
2013,Ratnagiri,Mandangad,Unpaved,9
2013,Ratnagiri,Mandangad,Rock,67
2013,Ratnagiri,Mandangad,Asphalt/Cement/Concrete,379
2013,Ratnagiri,Dapoli,Unpaved,50
2013,Ratnagiri,Dapoli,Rock,240
2013,Ratnagiri,Dapoli,Asphalt/Cement/Concrete,766
2013,Ratnagiri,Khed,Unpaved,28
2013,Ratnagiri,Khed,Rock,193
2013,Ratnagiri,Khed,Asphalt/Cement/Concrete,919
2013,Ratnagiri,Chiplun,Unpaved,85
2013,Ratnagiri,Chiplun,Rock,438
2013,Ratnagiri,Chiplun,Asphalt/Cement/Concrete,1089
2013,Ratnagiri,Guhagar,Unpaved,11
2013,Ratnagiri,Guhagar,Rock,172
2013,Ratnagiri,Guhagar,Asphalt/Cement/Concrete,534
2013,Ratnagiri,Ratnagiri,Unpaved,86
2013,Ratnagiri,Ratnagiri,Rock,216
2013,Ratnagiri,Ratnagiri,Asphalt/Cement/Concrete,1107
2013,Ratnagiri,Sangameshwar,Unpaved,93
2013,Ratnagiri,Sangameshwar,Rock,286
2013,Ratnagiri,Sangameshwar,Asphalt/Cement/Concrete,992
2013,Ratnagiri,Lanja,Unpaved,70
2013,Ratnagiri,Lanja,Rock,232
2013,Ratnagiri,Lanja,Asphalt/Cement/Concrete,518
2013,Ratnagiri,Rajapur,Unpaved,108
2013,Ratnagiri,Rajapur,Rock,229
2013,Ratnagiri,Rajapur,Asphalt/Cement/Concrete,953
2014,Ratnagiri,Mandangad,Unpaved,5
2014,Ratnagiri,Mandangad,Rock,60
2014,Ratnagiri,Mandangad,Asphalt/Cement/Concrete,396
2014,Ratnagiri,Dapoli,Unpaved,51
2014,Ratnagiri,Dapoli,Rock,227
2014,Ratnagiri,Dapoli,Asphalt/Cement/Concrete,774
2014,Ratnagiri,Khed,Unpaved,26
2014,Ratnagiri,Khed,Rock,175
2014,Ratnagiri,Khed,Asphalt/Cement/Concrete,937
2014,Ratnagiri,Chiplun,Unpaved,18
2014,Ratnagiri,Chiplun,Rock,146
2014,Ratnagiri,Chiplun,Asphalt/Cement/Concrete,1100
2014,Ratnagiri,Guhagar,Unpaved,12
2014,Ratnagiri,Guhagar,Rock,161
2014,Ratnagiri,Guhagar,Asphalt/Cement/Concrete,552
2014,Ratnagiri,Ratnagiri,Unpaved,80
2014,Ratnagiri,Ratnagiri,Rock,208
2014,Ratnagiri,Ratnagiri,Asphalt/Cement/Concrete,1135
2014,Ratnagiri,Sangameshwar,Unpaved,87
2014,Ratnagiri,Sangameshwar,Rock,280
2014,Ratnagiri,Sangameshwar,Asphalt/Cement/Concrete,998
2014,Ratnagiri,Lanja,Unpaved,64
2014,Ratnagiri,Lanja,Rock,226
2014,Ratnagiri,Lanja,Asphalt/Cement/Concrete,529
2014,Ratnagiri,Rajapur,Unpaved,103
2014,Ratnagiri,Rajapur,Rock,223
2014,Ratnagiri,Rajapur,Asphalt/Cement/Concrete,1016
2015,Ratnagiri,Mandangad,Unpaved,9
2015,Ratnagiri,Mandangad,Rock,75
2015,Ratnagiri,Mandangad,Asphalt/Cement/Concrete,383
2015,Ratnagiri,Dapoli,Unpaved,44
2015,Ratnagiri,Dapoli,Rock,199
2015,Ratnagiri,Dapoli,Asphalt/Cement/Concrete,828
2015,Ratnagiri,Khed,Unpaved,57
2015,Ratnagiri,Khed,Rock,117
2015,Ratnagiri,Khed,Asphalt/Cement/Concrete,1063
2015,Ratnagiri,Chiplun,Unpaved,31
2015,Ratnagiri,Chiplun,Rock,145
2015,Ratnagiri,Chiplun,Asphalt/Cement/Concrete,1110
2015,Ratnagiri,Guhagar,Unpaved,9
2015,Ratnagiri,Guhagar,Rock,231
2015,Ratnagiri,Guhagar,Asphalt/Cement/Concrete,598
2015,Ratnagiri,Ratnagiri,Unpaved,167
2015,Ratnagiri,Ratnagiri,Rock,201
2015,Ratnagiri,Ratnagiri,Asphalt/Cement/Concrete,1147
2015,Ratnagiri,Sangameshwar,Unpaved,136
2015,Ratnagiri,Sangameshwar,Rock,232
2015,Ratnagiri,Sangameshwar,Asphalt/Cement/Concrete,1081
2015,Ratnagiri,Lanja,Unpaved,69
2015,Ratnagiri,Lanja,Rock,214
2015,Ratnagiri,Lanja,Asphalt/Cement/Concrete,543
2015,Ratnagiri,Rajapur,Unpaved,106
2015,Ratnagiri,Rajapur,Rock,205
2015,Ratnagiri,Rajapur,Asphalt/Cement/Concrete,1070
2016,Ratnagiri,Mandangad,Unpaved,12
2016,Ratnagiri,Mandangad,Rock,72
2016,Ratnagiri,Mandangad,Asphalt/Cement/Concrete,386
2016,Ratnagiri,Dapoli,Unpaved,42
2016,Ratnagiri,Dapoli,Rock,197
2016,Ratnagiri,Dapoli,Asphalt/Cement/Concrete,834
2016,Ratnagiri,Khed,Unpaved,60.05
2016,Ratnagiri,Khed,Rock,115
2016,Ratnagiri,Khed,Asphalt/Cement/Concrete,1058
2016,Ratnagiri,Chiplun,Unpaved,31
2016,Ratnagiri,Chiplun,Rock,140
2016,Ratnagiri,Chiplun,Asphalt/Cement/Concrete,1119
2016,Ratnagiri,Guhagar,Unpaved,3
2016,Ratnagiri,Guhagar,Rock,225
2016,Ratnagiri,Guhagar,Asphalt/Cement/Concrete,613
2016,Ratnagiri,Ratnagiri,Unpaved,97
2016,Ratnagiri,Ratnagiri,Rock,240
2016,Ratnagiri,Ratnagiri,Asphalt/Cement/Concrete,1235
2016,Ratnagiri,Sangameshwar,Unpaved,178
2016,Ratnagiri,Sangameshwar,Rock,285
2016,Ratnagiri,Sangameshwar,Asphalt/Cement/Concrete,1096
2016,Ratnagiri,Lanja,Unpaved,60
2016,Ratnagiri,Lanja,Rock,212
2016,Ratnagiri,Lanja,Asphalt/Cement/Concrete,553
2016,Ratnagiri,Rajapur,Unpaved,135.62
2016,Ratnagiri,Rajapur,Rock,205
2016,Ratnagiri,Rajapur,Asphalt/Cement/Concrete,1048
2017,Ratnagiri,Mandangad,Unpaved,8
2017,Ratnagiri,Mandangad,Rock,58
2017,Ratnagiri,Mandangad,Asphalt/Cement/Concrete,401
2017,Ratnagiri,Dapoli,Unpaved,44
2017,Ratnagiri,Dapoli,Rock,195
2017,Ratnagiri,Dapoli,Asphalt/Cement/Concrete,835
2017,Ratnagiri,Khed,Unpaved,57
2017,Ratnagiri,Khed,Rock,108
2017,Ratnagiri,Khed,Asphalt/Cement/Concrete,1066
2017,Ratnagiri,Chiplun,Unpaved,32
2017,Ratnagiri,Chiplun,Rock,136
2017,Ratnagiri,Chiplun,Asphalt/Cement/Concrete,1122
2017,Ratnagiri,Guhagar,Unpaved,5
2017,Ratnagiri,Guhagar,Rock,221
2017,Ratnagiri,Guhagar,Asphalt/Cement/Concrete,635
2017,Ratnagiri,Ratnagiri,Unpaved,110
2017,Ratnagiri,Ratnagiri,Rock,240
2017,Ratnagiri,Ratnagiri,Asphalt/Cement/Concrete,1237
2017,Ratnagiri,Sangameshwar,Unpaved,208
2017,Ratnagiri,Sangameshwar,Rock,250
2017,Ratnagiri,Sangameshwar,Asphalt/Cement/Concrete,1098
2017,Ratnagiri,Lanja,Unpaved,68
2017,Ratnagiri,Lanja,Rock,206
2017,Ratnagiri,Lanja,Asphalt/Cement/Concrete,560
2017,Ratnagiri,Rajapur,Unpaved,101
2017,Ratnagiri,Rajapur,Rock,199
2017,Ratnagiri,Rajapur,Asphalt/Cement/Concrete,1071
2018,Ratnagiri,Mandangad,Unpaved,8
2018,Ratnagiri,Mandangad,Rock,50
2018,Ratnagiri,Dapoli,Unpaved,48
2018,Ratnagiri,Dapoli,Rock,169
2018,Ratnagiri,Khed,Unpaved,48
2018,Ratnagiri,Khed,Rock,119
2018,Ratnagiri,Chiplun,Unpaved,35
2018,Ratnagiri,Chiplun,Rock,111
2018,Ratnagiri,Guhagar,Unpaved,11
2018,Ratnagiri,Guhagar,Rock,230
2018,Ratnagiri,Ratnagiri,Unpaved,172
2018,Ratnagiri,Ratnagiri,Rock,278
2018,Ratnagiri,Sangameshwar,Unpaved,109
2018,Ratnagiri,Sangameshwar,Rock,238
2018,Ratnagiri,Lanja,Unpaved,75
2018,Ratnagiri,Lanja,Rock,210
2018,Ratnagiri,Rajapur,Unpaved,107
2018,Ratnagiri,Rajapur,Rock,176
2019,Ratnagiri,Mandangad,Unpaved,8
2019,Ratnagiri,Mandangad,Rock,50
2019,Ratnagiri,Dapoli,Unpaved,48
2019,Ratnagiri,Dapoli,Rock,169
2019,Ratnagiri,Khed,Unpaved,49
2019,Ratnagiri,Khed,Rock,119
2019,Ratnagiri,Chiplun,Unpaved,35
2019,Ratnagiri,Chiplun,Rock,111
2019,Ratnagiri,Guhagar,Unpaved,11
2019,Ratnagiri,Guhagar,Rock,230
2019,Ratnagiri,Ratnagiri,Unpaved,110
2019,Ratnagiri,Ratnagiri,Rock,238
2019,Ratnagiri,Sangameshwar,Unpaved,172
2019,Ratnagiri,Sangameshwar,Rock,278
2019,Ratnagiri,Lanja,Unpaved,75
2019,Ratnagiri,Lanja,Rock,210
2019,Ratnagiri,Rajapur,Unpaved,107
2019,Ratnagiri,Rajapur,Rock,176
2020,Ratnagiri,Mandangad,Unpaved,8
2020,Ratnagiri,Mandangad,Rock,50
2020,Ratnagiri,Dapoli,Unpaved,48
2020,Ratnagiri,Dapoli,Rock,169
2020,Ratnagiri,Khed,Unpaved,49
2020,Ratnagiri,Khed,Rock,119
2020,Ratnagiri,Chiplun,Unpaved,35
2020,Ratnagiri,Chiplun,Rock,111
2020,Ratnagiri,Guhagar,Unpaved,11
2020,Ratnagiri,Guhagar,Rock,230
2020,Ratnagiri,Ratnagiri,Unpaved,110
2020,Ratnagiri,Ratnagiri,Rock,238
2020,Ratnagiri,Sangameshwar,Unpaved,172
2020,Ratnagiri,Sangameshwar,Rock,278
2020,Ratnagiri,Lanja,Unpaved,75
2020,Ratnagiri,Lanja,Rock,210
2020,Ratnagiri,Rajapur,Unpaved,107
2020,Ratnagiri,Rajapur,Rock,176
2021,Ratnagiri,Mandangad,Unpaved,2.85
2021,Ratnagiri,Mandangad,Rock,45.83
2021,Ratnagiri,Dapoli,Unpaved,46.24
2021,Ratnagiri,Dapoli,Rock,149.83
2021,Ratnagiri,Khed,Unpaved,43.61
2021,Ratnagiri,Khed,Rock,115.25
2021,Ratnagiri,Chiplun,Unpaved,31.78
2021,Ratnagiri,Chiplun,Rock,101.57
2021,Ratnagiri,Guhagar,Unpaved,14.64
2021,Ratnagiri,Guhagar,Rock,231.92
2021,Ratnagiri,Ratnagiri,Unpaved,110.68
2021,Ratnagiri,Ratnagiri,Rock,224.27
2021,Ratnagiri,Sangameshwar,Unpaved,163.98
2021,Ratnagiri,Sangameshwar,Rock,252
2021,Ratnagiri,Lanja,Unpaved,72.73
2021,Ratnagiri,Lanja,Rock,198.32
2021,Ratnagiri,Rajapur,Unpaved,106.24
2021,Ratnagiri,Rajapur,Rock,168.16
2011,Sangli ,Shirala,Unpaved,151.4
2011,Sangli ,Shirala,Rock,54.46
2011,Sangli ,Shirala,Asphalt/Cement/Concrete,643.32
2011,Sangli ,Walwa,Unpaved,146.11
2011,Sangli ,Walwa,Rock,140.03
2011,Sangli ,Walwa,Asphalt/Cement/Concrete,873.49
2011,Sangli ,Palus,Unpaved,37.49
2011,Sangli ,Palus,Rock,20.87
2011,Sangli ,Palus,Asphalt/Cement/Concrete,307.69
2011,Sangli ,Kadegaon,Unpaved,96.36
2011,Sangli ,Kadegaon,Rock,61.09
2011,Sangli ,Kadegaon,Asphalt/Cement/Concrete,446.9
2011,Sangli ,Khapur,Unpaved,125.88
2011,Sangli ,Khapur,Rock,112.14
2011,Sangli ,Khapur,Asphalt/Cement/Concrete,553.65
2011,Sangli ,Atpadi,Unpaved,155.41
2011,Sangli ,Atpadi,Rock,125.64
2011,Sangli ,Atpadi,Asphalt/Cement/Concrete,519.6
2011,Sangli ,Tasgaon,Unpaved,166.09
2011,Sangli ,Tasgaon,Rock,91.14
2011,Sangli ,Tasgaon,Asphalt/Cement/Concrete,679.89
2011,Sangli ,Miraj,Unpaved,369.47
2011,Sangli ,Miraj,Rock,185.91
2011,Sangli ,Miraj,Asphalt/Cement/Concrete,1085.61
2011,Sangli ,Kavathe Mahankal,Unpaved,295.52
2011,Sangli ,Kavathe Mahankal,Rock,256.62
2011,Sangli ,Kavathe Mahankal,Asphalt/Cement/Concrete,485.92
2011,Sangli ,Jath,Unpaved,578.75
2011,Sangli ,Jath,Rock,362.38
2011,Sangli ,Jath,Asphalt/Cement/Concrete,840.26
2012,Sangli ,Shirala,Unpaved,312.76
2012,Sangli ,Shirala,Rock,66.6
2012,Sangli ,Shirala,Asphalt/Cement/Concrete,614.9
2012,Sangli ,Walwa,Unpaved,467.79
2012,Sangli ,Walwa,Rock,176.23
2012,Sangli ,Walwa,Asphalt/Cement/Concrete,931.23
2012,Sangli ,Palus,Unpaved,174.09
2012,Sangli ,Palus,Rock,51.6
2012,Sangli ,Palus,Asphalt/Cement/Concrete,330.88
2012,Sangli ,Kadegaon,Unpaved,392.03
2012,Sangli ,Kadegaon,Rock,80.04
2012,Sangli ,Kadegaon,Asphalt/Cement/Concrete,490.68
2012,Sangli ,Khapur,Unpaved,285
2012,Sangli ,Khapur,Rock,140.52
2012,Sangli ,Khapur,Asphalt/Cement/Concrete,625.85
2012,Sangli ,Atpadi,Unpaved,402.2
2012,Sangli ,Atpadi,Rock,139.3
2012,Sangli ,Atpadi,Asphalt/Cement/Concrete,538.85
2012,Sangli ,Tasgaon,Unpaved,686.33
2012,Sangli ,Tasgaon,Rock,98.548
2012,Sangli ,Tasgaon,Asphalt/Cement/Concrete,681.5
2012,Sangli ,Miraj,Unpaved,617.73
2012,Sangli ,Miraj,Rock,301.4
2012,Sangli ,Miraj,Asphalt/Cement/Concrete,1271.4
2012,Sangli ,Kavathe Mahankal,Unpaved,339.1
2012,Sangli ,Kavathe Mahankal,Rock,211.11
2012,Sangli ,Kavathe Mahankal,Asphalt/Cement/Concrete,642.42
2012,Sangli ,Jath,Unpaved,912.51
2012,Sangli ,Jath,Rock,297.46
2012,Sangli ,Jath,Asphalt/Cement/Concrete,953.13
2013,Sangli ,Shirala,Unpaved,236
2013,Sangli ,Shirala,Rock,97
2013,Sangli ,Shirala,Asphalt/Cement/Concrete,782
2013,Sangli ,Walwa,Unpaved,466
2013,Sangli ,Walwa,Rock,139
2013,Sangli ,Walwa,Asphalt/Cement/Concrete,1163
2013,Sangli ,Palus,Unpaved,150
2013,Sangli ,Palus,Rock,66
2013,Sangli ,Palus,Asphalt/Cement/Concrete,429
2013,Sangli ,Kadegaon,Unpaved,361
2013,Sangli ,Kadegaon,Rock,90
2013,Sangli ,Kadegaon,Asphalt/Cement/Concrete,631
2013,Sangli ,Khapur,Unpaved,287
2013,Sangli ,Khapur,Rock,91
2013,Sangli ,Khapur,Asphalt/Cement/Concrete,928
2013,Sangli ,Atpadi,Unpaved,380
2013,Sangli ,Atpadi,Rock,141
2013,Sangli ,Atpadi,Asphalt/Cement/Concrete,703
2013,Sangli ,Tasgaon,Unpaved,678
2013,Sangli ,Tasgaon,Rock,93
2013,Sangli ,Tasgaon,Asphalt/Cement/Concrete,908
2013,Sangli ,Miraj,Unpaved,591
2013,Sangli ,Miraj,Rock,173
2013,Sangli ,Miraj,Asphalt/Cement/Concrete,1644
2013,Sangli ,Kavathe Mahankal,Unpaved,316
2013,Sangli ,Kavathe Mahankal,Rock,220
2013,Sangli ,Kavathe Mahankal,Asphalt/Cement/Concrete,1038
2013,Sangli ,Jath,Unpaved,903
2013,Sangli ,Jath,Rock,295
2013,Sangli ,Jath,Asphalt/Cement/Concrete,1162
2014,Sangli ,Shirala,Unpaved,261.43
2014,Sangli ,Shirala,Rock,67.1
2014,Sangli ,Shirala,Asphalt/Cement/Concrete,626.63
2014,Sangli ,Walwa,Unpaved,472.79
2014,Sangli ,Walwa,Rock,128.59
2014,Sangli ,Walwa,Asphalt/Cement/Concrete,818.55
2014,Sangli ,Palus,Unpaved,134.43
2014,Sangli ,Palus,Rock,52.7
2014,Sangli ,Palus,Asphalt/Cement/Concrete,351.64
2014,Sangli ,Kadegaon,Unpaved,351.18
2014,Sangli ,Kadegaon,Rock,72.54
2014,Sangli ,Kadegaon,Asphalt/Cement/Concrete,525.83
2014,Sangli ,Khapur,Unpaved,296.7
2014,Sangli ,Khapur,Rock,76.26
2014,Sangli ,Khapur,Asphalt/Cement/Concrete,548.39
2014,Sangli ,Atpadi,Unpaved,408.9
2014,Sangli ,Atpadi,Rock,95.47
2014,Sangli ,Atpadi,Asphalt/Cement/Concrete,543.42
2014,Sangli ,Tasgaon,Unpaved,589.78
2014,Sangli ,Tasgaon,Rock,69.3
2014,Sangli ,Tasgaon,Asphalt/Cement/Concrete,757.26
2014,Sangli ,Miraj,Unpaved,593.5
2014,Sangli ,Miraj,Rock,160.72
2014,Sangli ,Miraj,Asphalt/Cement/Concrete,834.15
2014,Sangli ,Kavathe Mahankal,Unpaved,336.1
2014,Sangli ,Kavathe Mahankal,Rock,211.11
2014,Sangli ,Kavathe Mahankal,Asphalt/Cement/Concrete,645.42
2014,Sangli ,Jath,Unpaved,874.39
2014,Sangli ,Jath,Rock,255.16
2014,Sangli ,Jath,Asphalt/Cement/Concrete,1018.26
2015,Sangli ,Shirala,Unpaved,261.43
2015,Sangli ,Shirala,Rock,67.1
2015,Sangli ,Shirala,Asphalt/Cement/Concrete,626.63
2015,Sangli ,Walwa,Unpaved,471.29
2015,Sangli ,Walwa,Rock,126.03
2015,Sangli ,Walwa,Asphalt/Cement/Concrete,822.54
2015,Sangli ,Palus,Unpaved,130.23
2015,Sangli ,Palus,Rock,55.2
2015,Sangli ,Palus,Asphalt/Cement/Concrete,353.34
2015,Sangli ,Kadegaon,Unpaved,347.42
2015,Sangli ,Kadegaon,Rock,72.54
2015,Sangli ,Kadegaon,Asphalt/Cement/Concrete,529.59
2015,Sangli ,Khapur,Unpaved,285.5
2015,Sangli ,Khapur,Rock,77.56
2015,Sangli ,Khapur,Asphalt/Cement/Concrete,558.29
2015,Sangli ,Atpadi,Unpaved,407.1
2015,Sangli ,Atpadi,Rock,95.07
2015,Sangli ,Atpadi,Asphalt/Cement/Concrete,545.62
2015,Sangli ,Tasgaon,Unpaved,574.2
2015,Sangli ,Tasgaon,Rock,64.6
2015,Sangli ,Tasgaon,Asphalt/Cement/Concrete,777.54
2015,Sangli ,Miraj,Unpaved,570.78
2015,Sangli ,Miraj,Rock,149.8
2015,Sangli ,Miraj,Asphalt/Cement/Concrete,869.99
2015,Sangli ,Kavathe Mahankal,Unpaved,336.1
2015,Sangli ,Kavathe Mahankal,Rock,211.11
2015,Sangli ,Kavathe Mahankal,Asphalt/Cement/Concrete,645.42
2015,Sangli ,Jath,Unpaved,874.39
2015,Sangli ,Jath,Rock,255.16
2015,Sangli ,Jath,Asphalt/Cement/Concrete,1018.26
2016,Sangli ,Shirala,Unpaved,248.53
2016,Sangli ,Shirala,Rock,69.1
2016,Sangli ,Shirala,Asphalt/Cement/Concrete,599.13
2016,Sangli ,Walwa,Unpaved,457.79
2016,Sangli ,Walwa,Rock,122.73
2016,Sangli ,Walwa,Asphalt/Cement/Concrete,807.66
2016,Sangli ,Palus,Unpaved,127.39
2016,Sangli ,Palus,Rock,51
2016,Sangli ,Palus,Asphalt/Cement/Concrete,371.04
2016,Sangli ,Kadegaon,Unpaved,342.72
2016,Sangli ,Kadegaon,Rock,65.59
2016,Sangli ,Kadegaon,Asphalt/Cement/Concrete,552.64
2016,Sangli ,Khapur,Unpaved,268.9
2016,Sangli ,Khapur,Rock,66.3
2016,Sangli ,Khapur,Asphalt/Cement/Concrete,565.46
2016,Sangli ,Atpadi,Unpaved,400.83
2016,Sangli ,Atpadi,Rock,89.2
2016,Sangli ,Atpadi,Asphalt/Cement/Concrete,514.47
2016,Sangli ,Tasgaon,Unpaved,558.53
2016,Sangli ,Tasgaon,Rock,57.27
2016,Sangli ,Tasgaon,Asphalt/Cement/Concrete,794.86
2016,Sangli ,Miraj,Unpaved,544.18
2016,Sangli ,Miraj,Rock,149
2016,Sangli ,Miraj,Asphalt/Cement/Concrete,867.59
2016,Sangli ,Kavathe Mahankal,Unpaved,335.05
2016,Sangli ,Kavathe Mahankal,Rock,194.63
2016,Sangli ,Kavathe Mahankal,Asphalt/Cement/Concrete,635.32
2016,Sangli ,Jath,Unpaved,850.92
2016,Sangli ,Jath,Rock,203.5
2016,Sangli ,Jath,Asphalt/Cement/Concrete,1111.96
2017,Sangli ,Shirala,Unpaved,247.53
2017,Sangli ,Shirala,Rock,68.4
2017,Sangli ,Shirala,Asphalt/Cement/Concrete,600.83
2017,Sangli ,Walwa,Unpaved,449.99
2017,Sangli ,Walwa,Rock,110.73
2017,Sangli ,Walwa,Asphalt/Cement/Concrete,829.56
2017,Sangli ,Palus,Unpaved,115.82
2017,Sangli ,Palus,Rock,51.5
2017,Sangli ,Palus,Asphalt/Cement/Concrete,379.15
2017,Sangli ,Kadegaon,Unpaved,345.52
2017,Sangli ,Kadegaon,Rock,59.09
2017,Sangli ,Kadegaon,Asphalt/Cement/Concrete,543.12
2017,Sangli ,Khapur,Unpaved,272.6
2017,Sangli ,Khapur,Rock,54.85
2017,Sangli ,Khapur,Asphalt/Cement/Concrete,606.12
2017,Sangli ,Atpadi,Unpaved,400.08
2017,Sangli ,Atpadi,Rock,84.17
2017,Sangli ,Atpadi,Asphalt/Cement/Concrete,520.25
2017,Sangli ,Tasgaon,Unpaved,540.08
2017,Sangli ,Tasgaon,Rock,36.5
2017,Sangli ,Tasgaon,Asphalt/Cement/Concrete,824.76
2017,Sangli ,Miraj,Unpaved,555.86
2017,Sangli ,Miraj,Rock,157.52
2017,Sangli ,Miraj,Asphalt/Cement/Concrete,844.86
2017,Sangli ,Kavathe Mahankal,Unpaved,332.45
2017,Sangli ,Kavathe Mahankal,Rock,193.53
2017,Sangli ,Kavathe Mahankal,Asphalt/Cement/Concrete,631.82
2017,Sangli ,Jath,Unpaved,835.67
2017,Sangli ,Jath,Rock,188.74
2017,Sangli ,Jath,Asphalt/Cement/Concrete,1133.91
2018,Sangli ,Shirala,Unpaved,227.93
2018,Sangli ,Shirala,Rock,62.2
2018,Sangli ,Walwa,Unpaved,447.48
2018,Sangli ,Walwa,Rock,111.49
2018,Sangli ,Palus,Unpaved,107.5
2018,Sangli ,Palus,Rock,43.2
2018,Sangli ,Kadegaon,Unpaved,323.52
2018,Sangli ,Kadegaon,Rock,57.89
2018,Sangli ,Khapur,Unpaved,267.32
2018,Sangli ,Khapur,Rock,53.01
2018,Sangli ,Atpadi,Unpaved,395.93
2018,Sangli ,Atpadi,Rock,83.46
2018,Sangli ,Tasgaon,Unpaved,537.08
2018,Sangli ,Tasgaon,Rock,36.5
2018,Sangli ,Miraj,Unpaved,769.9
2018,Sangli ,Miraj,Rock,146.32
2018,Sangli ,Kavathe Mahankal,Unpaved,333.05
2018,Sangli ,Kavathe Mahankal,Rock,192.13
2018,Sangli ,Jath,Unpaved,797.53
2018,Sangli ,Jath,Rock,179.77
2019,Sangli ,Shirala,Unpaved,221.63
2019,Sangli ,Shirala,Rock,53.3
2019,Sangli ,Walwa,Unpaved,391.26
2019,Sangli ,Walwa,Rock,86.23
2019,Sangli ,Palus,Unpaved,102.15
2019,Sangli ,Palus,Rock,43.7
2019,Sangli ,Kadegaon,Unpaved,316.74
2019,Sangli ,Kadegaon,Rock,48.19
2019,Sangli ,Khapur,Unpaved,262.29
2019,Sangli ,Khapur,Rock,60.47
2019,Sangli ,Atpadi,Unpaved,376.89
2019,Sangli ,Atpadi,Rock,80.16
2019,Sangli ,Tasgaon,Unpaved,496.09
2019,Sangli ,Tasgaon,Rock,37.1
2019,Sangli ,Miraj,Unpaved,786.44
2019,Sangli ,Miraj,Rock,96.25
2019,Sangli ,Kavathe Mahankal,Unpaved,324
2019,Sangli ,Kavathe Mahankal,Rock,195.13
2019,Sangli ,Jath,Unpaved,779.96
2019,Sangli ,Jath,Rock,158.59
2020,Sangli ,Shirala,Unpaved,221.63
2020,Sangli ,Shirala,Rock,52.3
2020,Sangli ,Walwa,Unpaved,384.08
2020,Sangli ,Walwa,Rock,84.53
2020,Sangli ,Palus,Unpaved,99.38
2020,Sangli ,Palus,Rock,46.47
2020,Sangli ,Kadegaon,Unpaved,323.64
2020,Sangli ,Kadegaon,Rock,43.45
2020,Sangli ,Khapur,Unpaved,265.89
2020,Sangli ,Khapur,Rock,55.34
2020,Sangli ,Atpadi,Unpaved,370.88
2020,Sangli ,Atpadi,Rock,80.16
2020,Sangli ,Tasgaon,Unpaved,496.43
2020,Sangli ,Tasgaon,Rock,28.2
2020,Sangli ,Miraj,Unpaved,775.24
2020,Sangli ,Miraj,Rock,86.1
2020,Sangli ,Kavathe Mahankal,Unpaved,301.85
2020,Sangli ,Kavathe Mahankal,Rock,185.78
2020,Sangli ,Jath,Unpaved,769.42
2020,Sangli ,Jath,Rock,149.49
2021,Sangli ,Shirala,Unpaved,214.73
2021,Sangli ,Shirala,Rock,54.1
2021,Sangli ,Walwa,Unpaved,370.93
2021,Sangli ,Walwa,Rock,123.93
2021,Sangli ,Palus,Unpaved,94.58
2021,Sangli ,Palus,Rock,40.68
2021,Sangli ,Kadegaon,Unpaved,309.54
2021,Sangli ,Kadegaon,Rock,38.99
2021,Sangli ,Khapur,Unpaved,258.56
2021,Sangli ,Khapur,Rock,95.34
2021,Sangli ,Atpadi,Unpaved,335.88
2021,Sangli ,Atpadi,Rock,80.16
2021,Sangli ,Tasgaon,Unpaved,491.03
2021,Sangli ,Tasgaon,Rock,27.2
2021,Sangli ,Miraj,Unpaved,805.19
2021,Sangli ,Miraj,Rock,83
2021,Sangli ,Kavathe Mahankal,Unpaved,290.1
2021,Sangli ,Kavathe Mahankal,Rock,181.73
2021,Sangli ,Jath,Unpaved,816.08
2021,Sangli ,Jath,Rock,140.41
2012,Satara,Mahableshwar,Unpaved,66.5
2012,Satara,Mahableshwar,Rock,109.15
2012,Satara,Mahableshwar,Asphalt/Cement/Concrete,396.14
2012,Satara,Wai,Unpaved,191.55
2012,Satara,Wai,Rock,111.63
2012,Satara,Wai,Asphalt/Cement/Concrete,493.08
2012,Satara,Khandala,Unpaved,93.8
2012,Satara,Khandala,Rock,155.05
2012,Satara,Khandala,Asphalt/Cement/Concrete,369.82
2012,Satara,Phaltan,Unpaved,225
2012,Satara,Phaltan,Rock,612.69
2012,Satara,Phaltan,Asphalt/Cement/Concrete,740.26
2012,Satara,Man,Unpaved,363.75
2012,Satara,Man,Rock,289.98
2012,Satara,Man,Asphalt/Cement/Concrete,699.44
2012,Satara,Khatav,Unpaved,296.05
2012,Satara,Khatav,Rock,349.35
2012,Satara,Khatav,Asphalt/Cement/Concrete,1056.41
2012,Satara,Koregaon,Unpaved,144.75
2012,Satara,Koregaon,Rock,208.98
2012,Satara,Koregaon,Asphalt/Cement/Concrete,617.1
2012,Satara,Satara,Unpaved,318.67
2012,Satara,Satara,Rock,108.82
2012,Satara,Satara,Asphalt/Cement/Concrete,819.75
2012,Satara,Javli,Unpaved,71.63
2012,Satara,Javli,Rock,89.03
2012,Satara,Javli,Asphalt/Cement/Concrete,415.6
2012,Satara,Patan,Unpaved,511.09
2012,Satara,Patan,Rock,197.16
2012,Satara,Patan,Asphalt/Cement/Concrete,879.99
2012,Satara,Karad,Unpaved,148.38
2012,Satara,Karad,Rock,250.6
2012,Satara,Karad,Asphalt/Cement/Concrete,1051.43
2013,Satara,Mahableshwar,Unpaved,66.5
2013,Satara,Mahableshwar,Rock,94.25
2013,Satara,Mahableshwar,Asphalt/Cement/Concrete,411.04
2013,Satara,Wai,Unpaved,177.85
2013,Satara,Wai,Rock,109.23
2013,Satara,Wai,Asphalt/Cement/Concrete,509.18
2013,Satara,Khandala,Unpaved,79.05
2013,Satara,Khandala,Rock,132.8
2013,Satara,Khandala,Asphalt/Cement/Concrete,402.92
2013,Satara,Phaltan,Unpaved,196.05
2013,Satara,Phaltan,Rock,592.08
2013,Satara,Phaltan,Asphalt/Cement/Concrete,802.82
2013,Satara,Man,Unpaved,356.93
2013,Satara,Man,Rock,321.58
2013,Satara,Man,Asphalt/Cement/Concrete,674.66
2013,Satara,Khatav,Unpaved,214.52
2013,Satara,Khatav,Rock,414.3
2013,Satara,Khatav,Asphalt/Cement/Concrete,1068.47
2013,Satara,Koregaon,Unpaved,139.77
2013,Satara,Koregaon,Rock,206.56
2013,Satara,Koregaon,Asphalt/Cement/Concrete,613.5
2013,Satara,Satara,Unpaved,303.07
2013,Satara,Satara,Rock,116.22
2013,Satara,Satara,Asphalt/Cement/Concrete,827.45
2013,Satara,Javli,Unpaved,61.77
2013,Satara,Javli,Rock,91.98
2013,Satara,Javli,Asphalt/Cement/Concrete,422.51
2013,Satara,Patan,Unpaved,488.29
2013,Satara,Patan,Rock,192.14
2013,Satara,Patan,Asphalt/Cement/Concrete,909.11
2013,Satara,Karad,Unpaved,135.84
2013,Satara,Karad,Rock,250.81
2013,Satara,Karad,Asphalt/Cement/Concrete,1067.34
2014,Satara,Mahableshwar,Unpaved,50.61
2014,Satara,Mahableshwar,Rock,100.59
2014,Satara,Mahableshwar,Asphalt/Cement/Concrete,425.24
2014,Satara,Wai,Unpaved,174.08
2014,Satara,Wai,Rock,110.64
2014,Satara,Wai,Asphalt/Cement/Concrete,513.36
2014,Satara,Khandala,Unpaved,85.5
2014,Satara,Khandala,Rock,139.9
2014,Satara,Khandala,Asphalt/Cement/Concrete,400.97
2014,Satara,Phaltan,Unpaved,195.55
2014,Satara,Phaltan,Rock,591.64
2014,Satara,Phaltan,Asphalt/Cement/Concrete,802.46
2014,Satara,Man,Unpaved,357.43
2014,Satara,Man,Rock,292.96
2014,Satara,Man,Asphalt/Cement/Concrete,706.38
2014,Satara,Khatav,Unpaved,200.12
2014,Satara,Khatav,Rock,426.3
2014,Satara,Khatav,Asphalt/Cement/Concrete,1066.47
2014,Satara,Koregaon,Unpaved,138.51
2014,Satara,Koregaon,Rock,194.66
2014,Satara,Koregaon,Asphalt/Cement/Concrete,630.67
2014,Satara,Satara,Unpaved,299.82
2014,Satara,Satara,Rock,111.52
2014,Satara,Satara,Asphalt/Cement/Concrete,821.04
2014,Satara,Javli,Unpaved,59.94
2014,Satara,Javli,Rock,89.68
2014,Satara,Javli,Asphalt/Cement/Concrete,425.64
2014,Satara,Patan,Unpaved,480.29
2014,Satara,Patan,Rock,191.14
2014,Satara,Patan,Asphalt/Cement/Concrete,944.25
2014,Satara,Karad,Unpaved,127.73
2014,Satara,Karad,Rock,202.07
2014,Satara,Karad,Asphalt/Cement/Concrete,1121.18
2015,Satara,Mahableshwar,Unpaved,50.61
2015,Satara,Mahableshwar,Rock,97.39
2015,Satara,Mahableshwar,Asphalt/Cement/Concrete,492.48
2015,Satara,Wai,Unpaved,174.08
2015,Satara,Wai,Rock,108.36
2015,Satara,Wai,Asphalt/Cement/Concrete,570.72
2015,Satara,Khandala,Unpaved,82.44
2015,Satara,Khandala,Rock,135.08
2015,Satara,Khandala,Asphalt/Cement/Concrete,406.25
2015,Satara,Phaltan,Unpaved,143.93
2015,Satara,Phaltan,Rock,472.44
2015,Satara,Phaltan,Asphalt/Cement/Concrete,991.03
2015,Satara,Man,Unpaved,359.03
2015,Satara,Man,Rock,212.65
2015,Satara,Man,Asphalt/Cement/Concrete,614.92
2015,Satara,Khatav,Unpaved,201.32
2015,Satara,Khatav,Rock,382.2
2015,Satara,Khatav,Asphalt/Cement/Concrete,1036.91
2015,Satara,Koregaon,Unpaved,135.51
2015,Satara,Koregaon,Rock,188.97
2015,Satara,Koregaon,Asphalt/Cement/Concrete,590.45
2015,Satara,Satara,Unpaved,291.97
2015,Satara,Satara,Rock,157.52
2015,Satara,Satara,Asphalt/Cement/Concrete,893.78
2015,Satara,Javli,Unpaved,55.24
2015,Satara,Javli,Rock,109.48
2015,Satara,Javli,Asphalt/Cement/Concrete,477.99
2015,Satara,Patan,Unpaved,476.08
2015,Satara,Patan,Rock,184.74
2015,Satara,Patan,Asphalt/Cement/Concrete,965.46
2015,Satara,Karad,Unpaved,120.95
2015,Satara,Karad,Rock,180.32
2015,Satara,Karad,Asphalt/Cement/Concrete,1133.11
2016,Satara,Mahableshwar,Unpaved,48.5
2016,Satara,Mahableshwar,Rock,82.73
2016,Satara,Mahableshwar,Asphalt/Cement/Concrete,447.87
2016,Satara,Wai,Unpaved,174.08
2016,Satara,Wai,Rock,111.16
2016,Satara,Wai,Asphalt/Cement/Concrete,514.34
2016,Satara,Khandala,Unpaved,82.44
2016,Satara,Khandala,Rock,135.08
2016,Satara,Khandala,Asphalt/Cement/Concrete,406.25
2016,Satara,Phaltan,Unpaved,120.5
2016,Satara,Phaltan,Rock,447.12
2016,Satara,Phaltan,Asphalt/Cement/Concrete,1034.58
2016,Satara,Man,Unpaved,399.25
2016,Satara,Man,Rock,283.7
2016,Satara,Man,Asphalt/Cement/Concrete,807.84
2016,Satara,Khatav,Unpaved,172.72
2016,Satara,Khatav,Rock,336.7
2016,Satara,Khatav,Asphalt/Cement/Concrete,1112.68
2016,Satara,Koregaon,Unpaved,130.43
2016,Satara,Koregaon,Rock,179.32
2016,Satara,Koregaon,Asphalt/Cement/Concrete,608.51
2016,Satara,Satara,Unpaved,290.5
2016,Satara,Satara,Rock,113.14
2016,Satara,Satara,Asphalt/Cement/Concrete,827.41
2016,Satara,Javli,Unpaved,64.74
2016,Satara,Javli,Rock,87.98
2016,Satara,Javli,Asphalt/Cement/Concrete,431.28
2016,Satara,Patan,Unpaved,468.48
2016,Satara,Patan,Rock,155.15
2016,Satara,Patan,Asphalt/Cement/Concrete,1055.15
2016,Satara,Karad,Unpaved,120.95
2016,Satara,Karad,Rock,163.97
2016,Satara,Karad,Asphalt/Cement/Concrete,1149.46
2017,Satara,Mahableshwar,Unpaved,98.39
2017,Satara,Mahableshwar,Rock,100.4
2017,Satara,Mahableshwar,Asphalt/Cement/Concrete,528.82
2017,Satara,Wai,Unpaved,174.08
2017,Satara,Wai,Rock,109.66
2017,Satara,Wai,Asphalt/Cement/Concrete,517.56
2017,Satara,Khandala,Unpaved,86.04
2017,Satara,Khandala,Rock,131.2
2017,Satara,Khandala,Asphalt/Cement/Concrete,408.18
2017,Satara,Phaltan,Unpaved,122.7
2017,Satara,Phaltan,Rock,433.82
2017,Satara,Phaltan,Asphalt/Cement/Concrete,1052.73
2017,Satara,Man,Unpaved,337.99
2017,Satara,Man,Rock,247.3
2017,Satara,Man,Asphalt/Cement/Concrete,726.33
2017,Satara,Khatav,Unpaved,205.16
2017,Satara,Khatav,Rock,341.07
2017,Satara,Khatav,Asphalt/Cement/Concrete,1116.37
2017,Satara,Koregaon,Unpaved,127.93
2017,Satara,Koregaon,Rock,175.05
2017,Satara,Koregaon,Asphalt/Cement/Concrete,615.45
2017,Satara,Satara,Unpaved,292.2
2017,Satara,Satara,Rock,105.18
2017,Satara,Satara,Asphalt/Cement/Concrete,828.81
2017,Satara,Javli,Unpaved,113.87
2017,Satara,Javli,Rock,72.57
2017,Satara,Javli,Asphalt/Cement/Concrete,462.34
2017,Satara,Patan,Unpaved,468.99
2017,Satara,Patan,Rock,147.64
2017,Satara,Patan,Asphalt/Cement/Concrete,1052.65
2017,Satara,Karad,Unpaved,129.02
2017,Satara,Karad,Rock,160.96
2017,Satara,Karad,Asphalt/Cement/Concrete,1162.71
2018,Satara,Mahableshwar,Unpaved,56.44
2018,Satara,Mahableshwar,Rock,78.1
2018,Satara,Mahableshwar,Asphalt/Cement/Concrete,447.17
2018,Satara,Wai,Unpaved,165.2
2018,Satara,Wai,Rock,98.7
2018,Satara,Wai,Asphalt/Cement/Concrete,531.65
2018,Satara,Khandala,Unpaved,82.45
2018,Satara,Khandala,Rock,131.2
2018,Satara,Khandala,Asphalt/Cement/Concrete,411.37
2018,Satara,Phaltan,Unpaved,88.3
2018,Satara,Phaltan,Rock,467.12
2018,Satara,Phaltan,Asphalt/Cement/Concrete,1052.02
2018,Satara,Man,Unpaved,375.96
2018,Satara,Man,Rock,230.97
2018,Satara,Man,Asphalt/Cement/Concrete,775.54
2018,Satara,Khatav,Unpaved,228.37
2018,Satara,Khatav,Rock,357.8
2018,Satara,Khatav,Asphalt/Cement/Concrete,1116.32
2018,Satara,Koregaon,Unpaved,130.78
2018,Satara,Koregaon,Rock,156.15
2018,Satara,Koregaon,Asphalt/Cement/Concrete,687.4
2018,Satara,Satara,Unpaved,292.2
2018,Satara,Satara,Rock,97.18
2018,Satara,Satara,Asphalt/Cement/Concrete,843.42
2018,Satara,Javli,Unpaved,115.08
2018,Satara,Javli,Rock,73.87
2018,Satara,Javli,Asphalt/Cement/Concrete,461.34
2018,Satara,Patan,Unpaved,470.1
2018,Satara,Patan,Rock,140.16
2018,Satara,Patan,Asphalt/Cement/Concrete,1055.03
2018,Satara,Karad,Unpaved,147.26
2018,Satara,Karad,Rock,184.71
2018,Satara,Karad,Asphalt/Cement/Concrete,1157.94
2019,Satara,Mahableshwar,Unpaved,179.29
2019,Satara,Mahableshwar,Rock,80.49
2019,Satara,Mahableshwar,Asphalt/Cement/Concrete,490.07
2019,Satara,Wai,Unpaved,101.43
2019,Satara,Wai,Rock,101.72
2019,Satara,Wai,Asphalt/Cement/Concrete,582.66
2019,Satara,Khandala,Unpaved,172.57
2019,Satara,Khandala,Rock,135.21
2019,Satara,Khandala,Asphalt/Cement/Concrete,450.84
2019,Satara,Phaltan,Unpaved,3.09
2019,Satara,Phaltan,Rock,481.4
2019,Satara,Phaltan,Asphalt/Cement/Concrete,1152.95
2019,Satara,Man,Unpaved,332.99
2019,Satara,Man,Rock,238.03
2019,Satara,Man,Asphalt/Cement/Concrete,849.95
2019,Satara,Khatav,Unpaved,243.29
2019,Satara,Khatav,Rock,368.74
2019,Satara,Khatav,Asphalt/Cement/Concrete,1223.42
2019,Satara,Koregaon,Unpaved,132.33
2019,Satara,Koregaon,Rock,160.92
2019,Satara,Koregaon,Asphalt/Cement/Concrete,753.35
2019,Satara,Satara,Unpaved,405.72
2019,Satara,Satara,Rock,100.15
2019,Satara,Satara,Asphalt/Cement/Concrete,924.34
2019,Satara,Javli,Unpaved,207.36
2019,Satara,Javli,Rock,76.13
2019,Satara,Javli,Asphalt/Cement/Concrete,505.6
2019,Satara,Patan,Unpaved,474.5
2019,Satara,Patan,Rock,144.44
2019,Satara,Patan,Asphalt/Cement/Concrete,1256.25
2019,Satara,Karad,Unpaved,76.19
2019,Satara,Karad,Rock,190.36
2019,Satara,Karad,Asphalt/Cement/Concrete,1169.03
2020,Satara,Mahableshwar,Unpaved,179.6
2020,Satara,Mahableshwar,Rock,80.49
2020,Satara,Mahableshwar,Asphalt/Cement/Concrete,489.37
2020,Satara,Wai,Unpaved,101.6
2020,Satara,Wai,Rock,101.72
2020,Satara,Wai,Asphalt/Cement/Concrete,581.82
2020,Satara,Khandala,Unpaved,172.87
2020,Satara,Khandala,Rock,135.21
2020,Satara,Khandala,Asphalt/Cement/Concrete,450.19
2020,Satara,Phaltan,Unpaved,3.1
2020,Satara,Phaltan,Rock,481.4
2020,Satara,Phaltan,Asphalt/Cement/Concrete,1151.3
2020,Satara,Man,Unpaved,333.57
2020,Satara,Man,Rock,238.03
2020,Satara,Man,Asphalt/Cement/Concrete,848.73
2020,Satara,Khatav,Unpaved,243.71
2020,Satara,Khatav,Rock,368.74
2020,Satara,Khatav,Asphalt/Cement/Concrete,1221.66
2020,Satara,Koregaon,Unpaved,132.55
2020,Satara,Koregaon,Rock,160.92
2020,Satara,Koregaon,Asphalt/Cement/Concrete,752.27
2020,Satara,Satara,Unpaved,406.42
2020,Satara,Satara,Rock,100.15
2020,Satara,Satara,Asphalt/Cement/Concrete,923.01
2020,Satara,Javli,Unpaved,207.72
2020,Satara,Javli,Rock,76.13
2020,Satara,Javli,Asphalt/Cement/Concrete,504.88
2020,Satara,Patan,Unpaved,475.31
2020,Satara,Patan,Rock,144.44
2020,Satara,Patan,Asphalt/Cement/Concrete,1254.45
2020,Satara,Karad,Unpaved,76.32
2020,Satara,Karad,Rock,190.36
2020,Satara,Karad,Asphalt/Cement/Concrete,1167.36
2021,Satara,Mahableshwar,Unpaved,176.4
2021,Satara,Mahableshwar,Rock,80.49
2021,Satara,Mahableshwar,Asphalt/Cement/Concrete,492.57
2021,Satara,Wai,Unpaved,97.5
2021,Satara,Wai,Rock,101.72
2021,Satara,Wai,Asphalt/Cement/Concrete,585.93
2021,Satara,Khandala,Unpaved,162.65
2021,Satara,Khandala,Rock,135.22
2021,Satara,Khandala,Asphalt/Cement/Concrete,460.4
2021,Satara,Phaltan,Unpaved,3.1
2021,Satara,Phaltan,Rock,458.7
2021,Satara,Phaltan,Asphalt/Cement/Concrete,1174
2021,Satara,Man,Unpaved,317.25
2021,Satara,Man,Rock,238.03
2021,Satara,Man,Asphalt/Cement/Concrete,865.05
2021,Satara,Khatav,Unpaved,223.25
2021,Satara,Khatav,Rock,347.54
2021,Satara,Khatav,Asphalt/Cement/Concrete,1269.56
2021,Satara,Koregaon,Unpaved,132.56
2021,Satara,Koregaon,Rock,160.93
2021,Satara,Koregaon,Asphalt/Cement/Concrete,752.25
2021,Satara,Satara,Unpaved,392.3
2021,Satara,Satara,Rock,100.16
2021,Satara,Satara,Asphalt/Cement/Concrete,937.13
2021,Satara,Javli,Unpaved,207.72
2021,Satara,Javli,Rock,76.13
2021,Satara,Javli,Asphalt/Cement/Concrete,504.87
2021,Satara,Patan,Unpaved,457.13
2021,Satara,Patan,Rock,144.4
2021,Satara,Patan,Asphalt/Cement/Concrete,1278.11
2021,Satara,Karad,Unpaved,76.33
2021,Satara,Karad,Rock,179.26
2021,Satara,Karad,Asphalt/Cement/Concrete,1180.85
2012,Sindhudurg,Devgad,Unpaved,32
2012,Sindhudurg,Devgad,Rock,105
2012,Sindhudurg,Devgad,Asphalt/Cement/Concrete,586
2012,Sindhudurg,Vaibhavwadi,Unpaved,53
2012,Sindhudurg,Vaibhavwadi,Rock,25
2012,Sindhudurg,Vaibhavwadi,Asphalt/Cement/Concrete,294
2012,Sindhudurg,Kankavali,Unpaved,224
2012,Sindhudurg,Kankavali,Rock,50
2012,Sindhudurg,Kankavali,Asphalt/Cement/Concrete,668
2012,Sindhudurg,Malvan,Unpaved,67
2012,Sindhudurg,Malvan,Rock,80
2012,Sindhudurg,Malvan,Asphalt/Cement/Concrete,643
2012,Sindhudurg,Vengurla,Unpaved,132
2012,Sindhudurg,Vengurla,Rock,53
2012,Sindhudurg,Vengurla,Asphalt/Cement/Concrete,325
2012,Sindhudurg,Kudal,Unpaved,355
2012,Sindhudurg,Kudal,Rock,132
2012,Sindhudurg,Kudal,Asphalt/Cement/Concrete,631
2012,Sindhudurg,Sawantwadi,Unpaved,116
2012,Sindhudurg,Sawantwadi,Rock,151
2012,Sindhudurg,Sawantwadi,Asphalt/Cement/Concrete,482
2012,Sindhudurg,Dodamarg,Unpaved,20
2012,Sindhudurg,Dodamarg,Rock,52
2012,Sindhudurg,Dodamarg,Asphalt/Cement/Concrete,219
2013,Sindhudurg,Devgad,Unpaved,41
2013,Sindhudurg,Devgad,Rock,118
2013,Sindhudurg,Devgad,Asphalt/Cement/Concrete,669
2013,Sindhudurg,Vaibhavwadi,Unpaved,174
2013,Sindhudurg,Vaibhavwadi,Rock,29
2013,Sindhudurg,Vaibhavwadi,Asphalt/Cement/Concrete,360
2013,Sindhudurg,Kankavali,Unpaved,387
2013,Sindhudurg,Kankavali,Rock,58
2013,Sindhudurg,Kankavali,Asphalt/Cement/Concrete,792
2013,Sindhudurg,Malvan,Unpaved,134
2013,Sindhudurg,Malvan,Rock,184
2013,Sindhudurg,Malvan,Asphalt/Cement/Concrete,912
2013,Sindhudurg,Vengurla,Unpaved,0
2013,Sindhudurg,Vengurla,Rock,88
2013,Sindhudurg,Vengurla,Asphalt/Cement/Concrete,390
2013,Sindhudurg,Kudal,Unpaved,418
2013,Sindhudurg,Kudal,Rock,63
2013,Sindhudurg,Kudal,Asphalt/Cement/Concrete,859
2013,Sindhudurg,Sawantwadi,Unpaved,266
2013,Sindhudurg,Sawantwadi,Rock,156
2013,Sindhudurg,Sawantwadi,Asphalt/Cement/Concrete,606
2013,Sindhudurg,Dodamarg,Unpaved,110
2013,Sindhudurg,Dodamarg,Rock,63
2013,Sindhudurg,Dodamarg,Asphalt/Cement/Concrete,229
2014,Sindhudurg,Devgad,Unpaved,273
2014,Sindhudurg,Devgad,Rock,119
2014,Sindhudurg,Devgad,Asphalt/Cement/Concrete,728
2014,Sindhudurg,Vaibhavwadi,Unpaved,161
2014,Sindhudurg,Vaibhavwadi,Rock,29
2014,Sindhudurg,Vaibhavwadi,Asphalt/Cement/Concrete,400
2014,Sindhudurg,Kankavali,Unpaved,406
2014,Sindhudurg,Kankavali,Rock,55
2014,Sindhudurg,Kankavali,Asphalt/Cement/Concrete,724
2014,Sindhudurg,Malvan,Unpaved,211
2014,Sindhudurg,Malvan,Rock,187
2014,Sindhudurg,Malvan,Asphalt/Cement/Concrete,929
2014,Sindhudurg,Vengurla,Unpaved,63
2014,Sindhudurg,Vengurla,Rock,87
2014,Sindhudurg,Vengurla,Asphalt/Cement/Concrete,407
2014,Sindhudurg,Kudal,Unpaved,557
2014,Sindhudurg,Kudal,Rock,62
2014,Sindhudurg,Kudal,Asphalt/Cement/Concrete,749
2014,Sindhudurg,Sawantwadi,Unpaved,411
2014,Sindhudurg,Sawantwadi,Rock,145
2014,Sindhudurg,Sawantwadi,Asphalt/Cement/Concrete,653
2014,Sindhudurg,Dodamarg,Unpaved,213
2014,Sindhudurg,Dodamarg,Rock,61
2014,Sindhudurg,Dodamarg,Asphalt/Cement/Concrete,274
2015,Sindhudurg,Devgad,Unpaved,270
2015,Sindhudurg,Devgad,Rock,114
2015,Sindhudurg,Devgad,Asphalt/Cement/Concrete,736
2015,Sindhudurg,Vaibhavwadi,Unpaved,170
2015,Sindhudurg,Vaibhavwadi,Rock,34
2015,Sindhudurg,Vaibhavwadi,Asphalt/Cement/Concrete,384
2015,Sindhudurg,Kankavali,Unpaved,406
2015,Sindhudurg,Kankavali,Rock,53
2015,Sindhudurg,Kankavali,Asphalt/Cement/Concrete,728
2015,Sindhudurg,Malvan,Unpaved,207
2015,Sindhudurg,Malvan,Rock,189
2015,Sindhudurg,Malvan,Asphalt/Cement/Concrete,932
2015,Sindhudurg,Vengurla,Unpaved,61
2015,Sindhudurg,Vengurla,Rock,74
2015,Sindhudurg,Vengurla,Asphalt/Cement/Concrete,425
2015,Sindhudurg,Kudal,Unpaved,562
2015,Sindhudurg,Kudal,Rock,59
2015,Sindhudurg,Kudal,Asphalt/Cement/Concrete,750
2015,Sindhudurg,Sawantwadi,Unpaved,405
2015,Sindhudurg,Sawantwadi,Rock,152
2015,Sindhudurg,Sawantwadi,Asphalt/Cement/Concrete,644
2015,Sindhudurg,Dodamarg,Unpaved,215
2015,Sindhudurg,Dodamarg,Rock,54
2015,Sindhudurg,Dodamarg,Asphalt/Cement/Concrete,279
2016,Sindhudurg,Devgad,Unpaved,250.15
2016,Sindhudurg,Devgad,Rock,107
2016,Sindhudurg,Devgad,Asphalt/Cement/Concrete,748
2016,Sindhudurg,Vaibhavwadi,Unpaved,170.6
2016,Sindhudurg,Vaibhavwadi,Rock,30
2016,Sindhudurg,Vaibhavwadi,Asphalt/Cement/Concrete,407
2016,Sindhudurg,Kankavali,Unpaved,428
2016,Sindhudurg,Kankavali,Rock,51
2016,Sindhudurg,Kankavali,Asphalt/Cement/Concrete,735
2016,Sindhudurg,Malvan,Unpaved,208
2016,Sindhudurg,Malvan,Rock,185
2016,Sindhudurg,Malvan,Asphalt/Cement/Concrete,904
2016,Sindhudurg,Vengurla,Unpaved,103
2016,Sindhudurg,Vengurla,Rock,67
2016,Sindhudurg,Vengurla,Asphalt/Cement/Concrete,377
2016,Sindhudurg,Kudal,Unpaved,551.62
2016,Sindhudurg,Kudal,Rock,57
2016,Sindhudurg,Kudal,Asphalt/Cement/Concrete,864
2016,Sindhudurg,Sawantwadi,Unpaved,407.93
2016,Sindhudurg,Sawantwadi,Rock,148
2016,Sindhudurg,Sawantwadi,Asphalt/Cement/Concrete,667
2016,Sindhudurg,Dodamarg,Unpaved,213.6
2016,Sindhudurg,Dodamarg,Rock,52
2016,Sindhudurg,Dodamarg,Asphalt/Cement/Concrete,316
2017,Sindhudurg,Devgad,Unpaved,247
2017,Sindhudurg,Devgad,Rock,107
2017,Sindhudurg,Devgad,Asphalt/Cement/Concrete,748
2017,Sindhudurg,Vaibhavwadi,Unpaved,170
2017,Sindhudurg,Vaibhavwadi,Rock,30
2017,Sindhudurg,Vaibhavwadi,Asphalt/Cement/Concrete,407
2017,Sindhudurg,Kankavali,Unpaved,402
2017,Sindhudurg,Kankavali,Rock,47
2017,Sindhudurg,Kankavali,Asphalt/Cement/Concrete,732
2017,Sindhudurg,Malvan,Unpaved,208
2017,Sindhudurg,Malvan,Rock,185
2017,Sindhudurg,Malvan,Asphalt/Cement/Concrete,904
2017,Sindhudurg,Vengurla,Unpaved,84
2017,Sindhudurg,Vengurla,Rock,65
2017,Sindhudurg,Vengurla,Asphalt/Cement/Concrete,375
2017,Sindhudurg,Kudal,Unpaved,539
2017,Sindhudurg,Kudal,Rock,58
2017,Sindhudurg,Kudal,Asphalt/Cement/Concrete,899
2017,Sindhudurg,Sawantwadi,Unpaved,408
2017,Sindhudurg,Sawantwadi,Rock,139
2017,Sindhudurg,Sawantwadi,Asphalt/Cement/Concrete,650
2017,Sindhudurg,Dodamarg,Unpaved,207
2017,Sindhudurg,Dodamarg,Rock,35
2017,Sindhudurg,Dodamarg,Asphalt/Cement/Concrete,336
2018,Sindhudurg,Devgad,Unpaved,245
2018,Sindhudurg,Devgad,Rock,103
2018,Sindhudurg,Devgad,Asphalt/Cement/Concrete,754
2018,Sindhudurg,Vaibhavwadi,Unpaved,169
2018,Sindhudurg,Vaibhavwadi,Rock,30
2018,Sindhudurg,Vaibhavwadi,Asphalt/Cement/Concrete,408
2018,Sindhudurg,Kankavali,Unpaved,401
2018,Sindhudurg,Kankavali,Rock,46
2018,Sindhudurg,Kankavali,Asphalt/Cement/Concrete,734
2018,Sindhudurg,Malvan,Unpaved,227
2018,Sindhudurg,Malvan,Rock,192
2018,Sindhudurg,Malvan,Asphalt/Cement/Concrete,972
2018,Sindhudurg,Vengurla,Unpaved,100
2018,Sindhudurg,Vengurla,Rock,73
2018,Sindhudurg,Vengurla,Asphalt/Cement/Concrete,445
2018,Sindhudurg,Kudal,Unpaved,532
2018,Sindhudurg,Kudal,Rock,56
2018,Sindhudurg,Kudal,Asphalt/Cement/Concrete,908
2018,Sindhudurg,Sawantwadi,Unpaved,430
2018,Sindhudurg,Sawantwadi,Rock,145
2018,Sindhudurg,Sawantwadi,Asphalt/Cement/Concrete,716
2018,Sindhudurg,Dodamarg,Unpaved,205
2018,Sindhudurg,Dodamarg,Rock,34
2018,Sindhudurg,Dodamarg,Asphalt/Cement/Concrete,339
2019,Sindhudurg,Devgad,Unpaved,249
2019,Sindhudurg,Devgad,Rock,107
2019,Sindhudurg,Devgad,Asphalt/Cement/Concrete,834
2019,Sindhudurg,Vaibhavwadi,Unpaved,168
2019,Sindhudurg,Vaibhavwadi,Rock,31
2019,Sindhudurg,Vaibhavwadi,Asphalt/Cement/Concrete,428
2019,Sindhudurg,Kankawali,Unpaved,401
2019,Sindhudurg,Kankawali,Rock,42
2019,Sindhudurg,Kankawali,Asphalt/Cement/Concrete,754
2019,Sindhudurg,Malwan,Unpaved,209
2019,Sindhudurg,Malwan,Rock,184
2019,Sindhudurg,Malwan,Asphalt/Cement/Concrete,901
2019,Sindhudurg,Vengurli,Unpaved,88
2019,Sindhudurg,Vengurli,Rock,70
2019,Sindhudurg,Vengurli,Asphalt/Cement/Concrete,442
2019,Sindhudurg,Kulad,Unpaved,523
2019,Sindhudurg,Kulad,Rock,55
2019,Sindhudurg,Kulad,Asphalt/Cement/Concrete,950
2019,Sindhudurg,Savantwadi,Unpaved,414
2019,Sindhudurg,Savantwadi,Rock,136
2019,Sindhudurg,Savantwadi,Asphalt/Cement/Concrete,692
2019,Sindhudurg,Dodamarg,Unpaved,204
2019,Sindhudurg,Dodamarg,Rock,34
2019,Sindhudurg,Dodamarg,Asphalt/Cement/Concrete,340
2020,Sindhudurg,Devgad,Unpaved,246
2020,Sindhudurg,Devgad,Rock,106
2020,Sindhudurg,Vaibhavwadi,Unpaved,172
2020,Sindhudurg,Vaibhavwadi,Rock,30
2020,Sindhudurg,Kankawali,Unpaved,400
2020,Sindhudurg,Kankawali,Rock,43
2020,Sindhudurg,Malwan,Unpaved,208
2020,Sindhudurg,Malwan,Rock,191
2020,Sindhudurg,Vengurli,Unpaved,80
2020,Sindhudurg,Vengurli,Rock,65
2020,Sindhudurg,Kulad,Unpaved,505
2020,Sindhudurg,Kulad,Rock,53
2020,Sindhudurg,Savantwadi,Unpaved,412
2020,Sindhudurg,Savantwadi,Rock,135
2020,Sindhudurg,Dodamarg,Unpaved,208
2020,Sindhudurg,Dodamarg,Rock,35
2021,Sindhudurg,Devgad,Unpaved,243
2021,Sindhudurg,Devgad,Rock,102
2021,Sindhudurg,Vaibhavwadi,Unpaved,183
2021,Sindhudurg,Vaibhavwadi,Rock,31
2021,Sindhudurg,Kankawali,Unpaved,339
2021,Sindhudurg,Kankawali,Rock,42
2021,Sindhudurg,Malwan,Unpaved,209
2021,Sindhudurg,Malwan,Rock,191
2021,Sindhudurg,Vengurli,Unpaved,145
2021,Sindhudurg,Vengurli,Rock,63
2021,Sindhudurg,Kulad,Unpaved,472
2021,Sindhudurg,Kulad,Rock,48
2021,Sindhudurg,Savantwadi,Unpaved,398
2021,Sindhudurg,Savantwadi,Rock,136
2021,Sindhudurg,Dodamarg,Unpaved,216
2021,Sindhudurg,Dodamarg,Rock,39
2012,Solapur,Karmala,Unpaved,102
2012,Solapur,Karmala,Rock,498
2012,Solapur,Karmala,Asphalt/Cement/Concrete,634.25
2012,Solapur,Madha,Unpaved,85
2012,Solapur,Madha,Rock,769.13
2012,Solapur,Madha,Asphalt/Cement/Concrete,549.17
2012,Solapur,Barsi,Unpaved,107
2012,Solapur,Barsi,Rock,504
2012,Solapur,Barsi,Asphalt/Cement/Concrete,870.26
2012,Solapur,North Solapur,Unpaved,225
2012,Solapur,North Solapur,Rock,367
2012,Solapur,North Solapur,Asphalt/Cement/Concrete,1405
2012,Solapur,Mohol,Unpaved,75
2012,Solapur,Mohol,Rock,385
2012,Solapur,Mohol,Asphalt/Cement/Concrete,561.91
2012,Solapur,Pandharpur,Unpaved,138.18
2012,Solapur,Pandharpur,Rock,333.75
2012,Solapur,Pandharpur,Asphalt/Cement/Concrete,804.81
2012,Solapur,Malsiras,Unpaved,92
2012,Solapur,Malsiras,Rock,271
2012,Solapur,Malsiras,Asphalt/Cement/Concrete,1088.07
2012,Solapur,Sangola,Unpaved,140.49
2012,Solapur,Sangola,Rock,452.58
2012,Solapur,Sangola,Asphalt/Cement/Concrete,902.8
2012,Solapur,Mangal Vedha,Unpaved,96
2012,Solapur,Mangal Vedha,Rock,380
2012,Solapur,Mangal Vedha,Asphalt/Cement/Concrete,643.39
2012,Solapur,South Solapur,Unpaved,77
2012,Solapur,South Solapur,Rock,372
2012,Solapur,South Solapur,Asphalt/Cement/Concrete,606.23
2012,Solapur,Akalkot,Unpaved,100.5
2012,Solapur,Akalkot,Rock,261.39
2012,Solapur,Akalkot,Asphalt/Cement/Concrete,891.21
2013,Solapur,Karmala,Unpaved,339.93
2013,Solapur,Karmala,Rock,
2013,Solapur,Karmala,Asphalt/Cement/Concrete,658.27
2013,Solapur,Madha,Unpaved,62.9
2013,Solapur,Madha,Rock,877.24
2013,Solapur,Madha,Asphalt/Cement/Concrete,578.14
2013,Solapur,Barsi,Unpaved,393.7
2013,Solapur,Barsi,Rock,430.8
2013,Solapur,Barsi,Asphalt/Cement/Concrete,922.37
2013,Solapur,North Solapur,Unpaved,204040
2013,Solapur,North Solapur,Rock,76.45
2013,Solapur,North Solapur,Asphalt/Cement/Concrete,463.81
2013,Solapur,Mohol,Unpaved,416.68
2013,Solapur,Mohol,Rock,455.7
2013,Solapur,Mohol,Asphalt/Cement/Concrete,658.65
2013,Solapur,Pandharpur,Unpaved,330.78
2013,Solapur,Pandharpur,Rock,292.34
2013,Solapur,Pandharpur,Asphalt/Cement/Concrete,775.08
2013,Solapur,Malsiras,Unpaved,57.45
2013,Solapur,Malsiras,Rock,640.9
2013,Solapur,Malsiras,Asphalt/Cement/Concrete,1647.92
2013,Solapur,Sangola,Unpaved,551.64
2013,Solapur,Sangola,Rock,507.12
2013,Solapur,Sangola,Asphalt/Cement/Concrete,788.68
2013,Solapur,Mangal Vedha,Unpaved,246.25
2013,Solapur,Mangal Vedha,Rock,582.92
2013,Solapur,Mangal Vedha,Asphalt/Cement/Concrete,628.6
2013,Solapur,South Solapur,Unpaved,362.48
2013,Solapur,South Solapur,Rock,260.35
2013,Solapur,South Solapur,Asphalt/Cement/Concrete,631.37
2013,Solapur,Akalkot,Unpaved,337.59
2013,Solapur,Akalkot,Rock,472.23
2013,Solapur,Akalkot,Asphalt/Cement/Concrete,690.15
2014,Solapur,Karmala,Unpaved,339.93
2014,Solapur,Karmala,Rock,
2014,Solapur,Karmala,Asphalt/Cement/Concrete,658.27
2014,Solapur,Madha,Unpaved,62.9
2014,Solapur,Madha,Rock,877.24
2014,Solapur,Madha,Asphalt/Cement/Concrete,578.14
2014,Solapur,Barsi,Unpaved,393.7
2014,Solapur,Barsi,Rock,430.8
2014,Solapur,Barsi,Asphalt/Cement/Concrete,922.37
2014,Solapur,North Solapur,Unpaved,204040
2014,Solapur,North Solapur,Rock,76.45
2014,Solapur,North Solapur,Asphalt/Cement/Concrete,463.81
2014,Solapur,Mohol,Unpaved,416.68
2014,Solapur,Mohol,Rock,455.7
2014,Solapur,Mohol,Asphalt/Cement/Concrete,658.65
2014,Solapur,Pandharpur,Unpaved,330.78
2014,Solapur,Pandharpur,Rock,292.34
2014,Solapur,Pandharpur,Asphalt/Cement/Concrete,775.08
2014,Solapur,Malsiras,Unpaved,57.45
2014,Solapur,Malsiras,Rock,640.9
2014,Solapur,Malsiras,Asphalt/Cement/Concrete,1647.92
2014,Solapur,Sangola,Unpaved,551.64
2014,Solapur,Sangola,Rock,507.12
2014,Solapur,Sangola,Asphalt/Cement/Concrete,788.68
2014,Solapur,Mangal Vedha,Unpaved,246.25
2014,Solapur,Mangal Vedha,Rock,582.92
2014,Solapur,Mangal Vedha,Asphalt/Cement/Concrete,628.6
2014,Solapur,South Solapur,Unpaved,362.48
2014,Solapur,South Solapur,Rock,260.35
2014,Solapur,South Solapur,Asphalt/Cement/Concrete,631.37
2014,Solapur,Akalkot,Unpaved,337.59
2014,Solapur,Akalkot,Rock,472.23
2014,Solapur,Akalkot,Asphalt/Cement/Concrete,690.15
2015,Solapur,Karmala,Unpaved,366.45
2015,Solapur,Karmala,Rock,501.19
2015,Solapur,Karmala,Asphalt/Cement/Concrete,692.74
2015,Solapur,Madha,Unpaved,322.15
2015,Solapur,Madha,Rock,891.98
2015,Solapur,Madha,Asphalt/Cement/Concrete,686.11
2015,Solapur,Barsi,Unpaved,331.45
2015,Solapur,Barsi,Rock,493.15
2015,Solapur,Barsi,Asphalt/Cement/Concrete,1145.85
2015,Solapur,North Solapur,Unpaved,553.55
2015,Solapur,North Solapur,Rock,801.86
2015,Solapur,North Solapur,Asphalt/Cement/Concrete,1324.79
2015,Solapur,Mohol,Unpaved,402.26
2015,Solapur,Mohol,Rock,415.62
2015,Solapur,Mohol,Asphalt/Cement/Concrete,691.64
2015,Solapur,Pandharpur,Unpaved,361.43
2015,Solapur,Pandharpur,Rock,343.61
2015,Solapur,Pandharpur,Asphalt/Cement/Concrete,955.27
2015,Solapur,Malsiras,Unpaved,56.2
2015,Solapur,Malsiras,Rock,636.95
2015,Solapur,Malsiras,Asphalt/Cement/Concrete,1620.73
2015,Solapur,Sangola,Unpaved,566.9
2015,Solapur,Sangola,Rock,548.54
2015,Solapur,Sangola,Asphalt/Cement/Concrete,910.5
2015,Solapur,Mangal Vedha,Unpaved,240.7
2015,Solapur,Mangal Vedha,Rock,571.45
2015,Solapur,Mangal Vedha,Asphalt/Cement/Concrete,684.78
2015,Solapur,South Solapur,Unpaved,357.38
2015,Solapur,South Solapur,Rock,258.75
2015,Solapur,South Solapur,Asphalt/Cement/Concrete,645.59
2015,Solapur,Akalkot,Unpaved,342.27
2015,Solapur,Akalkot,Rock,484.29
2015,Solapur,Akalkot,Asphalt/Cement/Concrete,752.34
2016,Solapur,Karmala,Unpaved,407.58
2016,Solapur,Karmala,Rock,468.89
2016,Solapur,Karmala,Asphalt/Cement/Concrete,708.65
2016,Solapur,Madha,Unpaved,321.7
2016,Solapur,Madha,Rock,726.65
2016,Solapur,Madha,Asphalt/Cement/Concrete,680.28
2016,Solapur,Barsi,Unpaved,334.25
2016,Solapur,Barsi,Rock,483.15
2016,Solapur,Barsi,Asphalt/Cement/Concrete,1157.49
2016,Solapur,North Solapur,Unpaved,466.83
2016,Solapur,North Solapur,Rock,745.7
2016,Solapur,North Solapur,Asphalt/Cement/Concrete,1364.63
2016,Solapur,Mohol,Unpaved,432.15
2016,Solapur,Mohol,Rock,412.22
2016,Solapur,Mohol,Asphalt/Cement/Concrete,662.58
2016,Solapur,Pandharpur,Unpaved,374.57
2016,Solapur,Pandharpur,Rock,342.85
2016,Solapur,Pandharpur,Asphalt/Cement/Concrete,991.38
2016,Solapur,Malsiras,Unpaved,72.55
2016,Solapur,Malsiras,Rock,636.35
2016,Solapur,Malsiras,Asphalt/Cement/Concrete,1633.27
2016,Solapur,Sangola,Unpaved,567.72
2016,Solapur,Sangola,Rock,517.54
2016,Solapur,Sangola,Asphalt/Cement/Concrete,939.62
2016,Solapur,Mangal Vedha,Unpaved,265.7
2016,Solapur,Mangal Vedha,Rock,511.1
2016,Solapur,Mangal Vedha,Asphalt/Cement/Concrete,720.67
2016,Solapur,South Solapur,Unpaved,364.55
2016,Solapur,South Solapur,Rock,212.05
2016,Solapur,South Solapur,Asphalt/Cement/Concrete,636.81
2016,Solapur,Akalkot,Unpaved,358.33
2016,Solapur,Akalkot,Rock,451.9
2016,Solapur,Akalkot,Asphalt/Cement/Concrete,707.26
2017,Solapur,Karmala,Unpaved,407.58
2017,Solapur,Karmala,Rock,468.89
2017,Solapur,Karmala,Asphalt/Cement/Concrete,708.65
2017,Solapur,Madha,Unpaved,321.7
2017,Solapur,Madha,Rock,726.65
2017,Solapur,Madha,Asphalt/Cement/Concrete,680.28
2017,Solapur,Barsi,Unpaved,334.25
2017,Solapur,Barsi,Rock,483.15
2017,Solapur,Barsi,Asphalt/Cement/Concrete,1157.49
2017,Solapur,North Solapur,Unpaved,466.83
2017,Solapur,North Solapur,Rock,745.7
2017,Solapur,North Solapur,Asphalt/Cement/Concrete,1364.63
2017,Solapur,Mohol,Unpaved,432.15
2017,Solapur,Mohol,Rock,412.22
2017,Solapur,Mohol,Asphalt/Cement/Concrete,662.58
2017,Solapur,Pandharpur,Unpaved,374.57
2017,Solapur,Pandharpur,Rock,342.85
2017,Solapur,Pandharpur,Asphalt/Cement/Concrete,991.38
2017,Solapur,Malsiras,Unpaved,72.55
2017,Solapur,Malsiras,Rock,636.35
2017,Solapur,Malsiras,Asphalt/Cement/Concrete,1633.27
2017,Solapur,Sangola,Unpaved,567.72
2017,Solapur,Sangola,Rock,517.54
2017,Solapur,Sangola,Asphalt/Cement/Concrete,939362
2017,Solapur,Mangal Vedha,Unpaved,265.7
2017,Solapur,Mangal Vedha,Rock,511.1
2017,Solapur,Mangal Vedha,Asphalt/Cement/Concrete,720.67
2017,Solapur,South Solapur,Unpaved,364.55
2017,Solapur,South Solapur,Rock,212.05
2017,Solapur,South Solapur,Asphalt/Cement/Concrete,636.81
2017,Solapur,Akalkot,Unpaved,358.33
2017,Solapur,Akalkot,Rock,451.9
2017,Solapur,Akalkot,Asphalt/Cement/Concrete,707.26
2018,Solapur,Karmala,Unpaved,347.73
2018,Solapur,Karmala,Rock,437.16
2018,Solapur,Madha,Unpaved,287.2
2018,Solapur,Madha,Rock,686.71
2018,Solapur,Barsi,Unpaved,338.4
2018,Solapur,Barsi,Rock,457.18
2018,Solapur,North Solapur,Unpaved,437.35
2018,Solapur,North Solapur,Rock,680.19
2018,Solapur,Mohol,Unpaved,428.8
2018,Solapur,Mohol,Rock,391.32
2018,Solapur,Pandharpur,Unpaved,368.67
2018,Solapur,Pandharpur,Rock,375.08
2018,Solapur,Malsiras,Unpaved,68
2018,Solapur,Malsiras,Rock,641.72
2018,Solapur,Sangola,Unpaved,572.66
2018,Solapur,Sangola,Rock,507.34
2018,Solapur,Mangal Vedha,Unpaved,259.4
2018,Solapur,Mangal Vedha,Rock,490.39
2018,Solapur,South Solapur,Unpaved,337.25
2018,Solapur,South Solapur,Rock,241.33
2018,Solapur,Akalkot,Unpaved,353.02
2018,Solapur,Akalkot,Rock,455.94
2019,Solapur,Karmala,Unpaved,344.62
2019,Solapur,Karmala,Rock,392.39
2019,Solapur,Madha,Unpaved,331.8
2019,Solapur,Madha,Rock,704.34
2019,Solapur,Barsi,Unpaved,337.4
2019,Solapur,Barsi,Rock,455.13
2019,Solapur,North Solapur,Unpaved,432.42
2019,Solapur,North Solapur,Rock,653.94
2019,Solapur,Mohol,Unpaved,414.76
2019,Solapur,Mohol,Rock,389.27
2019,Solapur,Pandharpur,Unpaved,317.05
2019,Solapur,Pandharpur,Rock,352.96
2019,Solapur,Malsiras,Unpaved,67.1
2019,Solapur,Malsiras,Rock,625.89
2019,Solapur,Sangola,Unpaved,567.7
2019,Solapur,Sangola,Rock,420.3
2019,Solapur,Mangal Vedha,Unpaved,258.4
2019,Solapur,Mangal Vedha,Rock,464.92
2019,Solapur,South Solapur,Unpaved,365.25
2019,Solapur,South Solapur,Rock,210.32
2019,Solapur,Akalkot,Unpaved,353.52
2019,Solapur,Akalkot,Rock,447.98
2020,Solapur,Karmala,Unpaved,344.62
2020,Solapur,Karmala,Rock,392.39
2020,Solapur,Madha,Unpaved,331.8
2020,Solapur,Madha,Rock,704.34
2020,Solapur,Barsi,Unpaved,337.4
2020,Solapur,Barsi,Rock,455.13
2020,Solapur,North Solapur,Unpaved,432.42
2020,Solapur,North Solapur,Rock,653.94
2020,Solapur,Mohol,Unpaved,414.76
2020,Solapur,Mohol,Rock,389.27
2020,Solapur,Pandharpur,Unpaved,317.05
2020,Solapur,Pandharpur,Rock,352.96
2020,Solapur,Malsiras,Unpaved,67.1
2020,Solapur,Malsiras,Rock,625.89
2020,Solapur,Sangola,Unpaved,567.7
2020,Solapur,Sangola,Rock,420.3
2020,Solapur,Mangal Vedha,Unpaved,258.4
2020,Solapur,Mangal Vedha,Rock,464.92
2020,Solapur,South Solapur,Unpaved,365.25
2020,Solapur,South Solapur,Rock,210.32
2020,Solapur,Akalkot,Unpaved,353.52
2020,Solapur,Akalkot,Rock,447.98
2021,Solapur,Karmala,Unpaved,371.11
2021,Solapur,Karmala,Rock,366
2021,Solapur,Madha,Unpaved,326.8
2021,Solapur,Madha,Rock,700.18
2021,Solapur,Barsi,Unpaved,369.9
2021,Solapur,Barsi,Rock,435.35
2021,Solapur,North Solapur,Unpaved,335.71
2021,Solapur,North Solapur,Rock,687
2021,Solapur,Mohol,Unpaved,408.85
2021,Solapur,Mohol,Rock,432.99
2021,Solapur,Pandharpur,Unpaved,308.78
2021,Solapur,Pandharpur,Rock,330.87
2021,Solapur,Malsiras,Unpaved,165.67
2021,Solapur,Malsiras,Rock,651
2021,Solapur,Sangola,Unpaved,582.4
2021,Solapur,Sangola,Rock,426.45
2021,Solapur,Mangal Vedha,Unpaved,251.5
2021,Solapur,Mangal Vedha,Rock,440.72
2021,Solapur,South Solapur,Unpaved,305.19
2021,Solapur,South Solapur,Rock,215.02
2021,Solapur,Akalkot,Unpaved,302.05
2021,Solapur,Akalkot,Rock,466.54
2014,Thane,Thane,Unpaved,0
2014,Thane,Thane,Rock,4.2
2014,Thane,Thane,Asphalt/Cement/Concrete,1323.45
2014,Thane,Bhivandi,Unpaved,12.61
2014,Thane,Bhivandi,Rock,132.42
2014,Thane,Bhivandi,Asphalt/Cement/Concrete,687.27
2014,Thane,Shahapur,Unpaved,35.8
2014,Thane,Shahapur,Rock,596
2014,Thane,Shahapur,Asphalt/Cement/Concrete,767.7
2014,Thane,Kalyan,Unpaved,6.85
2014,Thane,Kalyan,Rock,35.37
2014,Thane,Kalyan,Asphalt/Cement/Concrete,579.85
2014,Thane,Ulhasnagar,Unpaved,0
2014,Thane,Ulhasnagar,Rock,0
2014,Thane,Ulhasnagar,Asphalt/Cement/Concrete,129.1
2014,Thane,Ambarnath,Unpaved,9.38
2014,Thane,Ambarnath,Rock,144.66
2014,Thane,Ambarnath,Asphalt/Cement/Concrete,547.64
2014,Thane,Murbad,Unpaved,1.14
2014,Thane,Murbad,Rock,106.09
2014,Thane,Murbad,Asphalt/Cement/Concrete,683.92
2015,Thane,Thane,Unpaved,0
2015,Thane,Thane,Rock,4.2
2015,Thane,Thane,Asphalt/Cement/Concrete,1323.45
2015,Thane,Bhivandi,Unpaved,12.61
2015,Thane,Bhivandi,Rock,127.6
2015,Thane,Bhivandi,Asphalt/Cement/Concrete,272.62
2015,Thane,Shahapur,Unpaved,0
2015,Thane,Shahapur,Rock,466.89
2015,Thane,Shahapur,Asphalt/Cement/Concrete,779.39
2015,Thane,Kalyan,Unpaved,14.29
2015,Thane,Kalyan,Rock,33.62
2015,Thane,Kalyan,Asphalt/Cement/Concrete,243.08
2015,Thane,Ulhasnagar,Unpaved,0
2015,Thane,Ulhasnagar,Rock,0
2015,Thane,Ulhasnagar,Asphalt/Cement/Concrete,1.85
2015,Thane,Ambarnath,Unpaved,9.38
2015,Thane,Ambarnath,Rock,204.43
2015,Thane,Ambarnath,Asphalt/Cement/Concrete,238.72
2015,Thane,Murbad,Unpaved,1.11
2015,Thane,Murbad,Rock,107.23
2015,Thane,Murbad,Asphalt/Cement/Concrete,608.51
2016,Thane,Thane,Unpaved,2.35
2016,Thane,Thane,Rock,0
2016,Thane,Thane,Asphalt/Cement/Concrete,6.89
2016,Thane,Bhivandi,Unpaved,17.11
2016,Thane,Bhivandi,Rock,128.2
2016,Thane,Bhivandi,Asphalt/Cement/Concrete,586.33
2016,Thane,Shahapur,Unpaved,35.8
2016,Thane,Shahapur,Rock,596
2016,Thane,Shahapur,Asphalt/Cement/Concrete,814.02
2016,Thane,Kalyan,Unpaved,6.85
2016,Thane,Kalyan,Rock,35.37
2016,Thane,Kalyan,Asphalt/Cement/Concrete,254.77
2016,Thane,Ulhasnagar,Unpaved,0
2016,Thane,Ulhasnagar,Rock,0
2016,Thane,Ulhasnagar,Asphalt/Cement/Concrete,1.45
2016,Thane,Ambarnath,Unpaved,9.38
2016,Thane,Ambarnath,Rock,84.19
2016,Thane,Ambarnath,Asphalt/Cement/Concrete,222.46
2016,Thane,Murbad,Unpaved,35.8
2016,Thane,Murbad,Rock,107.23
2016,Thane,Murbad,Asphalt/Cement/Concrete,683.9
2017,Thane,Thane,Unpaved,2.35
2017,Thane,Thane,Rock,0
2017,Thane,Thane,Asphalt/Cement/Concrete,6.89
2017,Thane,Bhivandi,Unpaved,19.44
2017,Thane,Bhivandi,Rock,128.2
2017,Thane,Bhivandi,Asphalt/Cement/Concrete,547.66
2017,Thane,Shahapur,Unpaved,35.8
2017,Thane,Shahapur,Rock,596
2017,Thane,Shahapur,Asphalt/Cement/Concrete,760.06
2017,Thane,Kalyan,Unpaved,6.85
2017,Thane,Kalyan,Rock,35.37
2017,Thane,Kalyan,Asphalt/Cement/Concrete,234.21
2017,Thane,Ulhasnagar,Unpaved,0
2017,Thane,Ulhasnagar,Rock,0
2017,Thane,Ulhasnagar,Asphalt/Cement/Concrete,1.45
2017,Thane,Ambarnath,Unpaved,9.38
2017,Thane,Ambarnath,Rock,84.19
2017,Thane,Ambarnath,Asphalt/Cement/Concrete,222.46
2017,Thane,Murbad,Unpaved,35.8
2017,Thane,Murbad,Rock,107.23
2017,Thane,Murbad,Asphalt/Cement/Concrete,615.33
2018,Thane,Thane,Unpaved,0
2018,Thane,Thane,Rock,0
2018,Thane,Bhivandi,Unpaved,117.69
2018,Thane,Bhivandi,Rock,127.6
2018,Thane,Shahapur,Unpaved,80.85
2018,Thane,Shahapur,Rock,466.89
2018,Thane,Kalyan,Unpaved,143.2
2018,Thane,Kalyan,Rock,29.67
2018,Thane,Ulhasnagar,Unpaved,0
2018,Thane,Ulhasnagar,Rock,0
2018,Thane,Ambarnath,Unpaved,9.38
2018,Thane,Ambarnath,Rock,92.19
2018,Thane,Murbad,Unpaved,135.58
2018,Thane,Murbad,Rock,107.23
2019,Thane,Thane,Unpaved,0
2019,Thane,Thane,Rock,0
2019,Thane,Bhivandi,Unpaved,110.86
2019,Thane,Bhivandi,Rock,127.6
2019,Thane,Shahapur,Unpaved,80.85
2019,Thane,Shahapur,Rock,466.89
2019,Thane,Kalyan,Unpaved,143.2
2019,Thane,Kalyan,Rock,29.67
2019,Thane,Ulhasnagar,Unpaved,0
2019,Thane,Ulhasnagar,Rock,0
2019,Thane,Ambarnath,Unpaved,9.38
2019,Thane,Ambarnath,Rock,92.19
2019,Thane,Murbad,Unpaved,135.58
2019,Thane,Murbad,Rock,107.23
2020,Thane,Thane,Unpaved,2.3
2020,Thane,Thane,Rock,0
2020,Thane,Bhivandi,Unpaved,115.36
2020,Thane,Bhivandi,Rock,211.89
2020,Thane,Shahapur,Unpaved,80.85
2020,Thane,Shahapur,Rock,467.14
2020,Thane,Kalyan,Unpaved,152.47
2020,Thane,Kalyan,Rock,29.67
2020,Thane,Ulhasnagar,Unpaved,0
2020,Thane,Ulhasnagar,Rock,0
2020,Thane,Ambarnath,Unpaved,9.38
2020,Thane,Ambarnath,Rock,92.19
2020,Thane,Murbad,Unpaved,141.52
2020,Thane,Murbad,Rock,118.33
2021,Thane,Thane,Unpaved,0
2021,Thane,Thane,Rock,0
2021,Thane,Bhivandi,Unpaved,221.16
2021,Thane,Bhivandi,Rock,255.2
2021,Thane,Shahapur,Unpaved,161.7
2021,Thane,Shahapur,Rock,934.03
2021,Thane,Kalyan,Unpaved,286.4
2021,Thane,Kalyan,Rock,59.34
2021,Thane,Ulhasnagar,Unpaved,0
2021,Thane,Ulhasnagar,Rock,0
2021,Thane,Ambarnath,Unpaved,18.76
2021,Thane,Ambarnath,Rock,184.38
2021,Thane,Murbad,Unpaved,277.38
2021,Thane,Murbad,Rock,225.56
2012,Wardha,Ashti,Unpaved,23.8
2012,Wardha,Ashti,Rock,55.96
2012,Wardha,Ashti,Asphalt/Cement/Concrete,206.84
2012,Wardha,Karanja,Unpaved,33.5
2012,Wardha,Karanja,Rock,36.85
2012,Wardha,Karanja,Asphalt/Cement/Concrete,344.86
2012,Wardha,Aarvi,Unpaved,42.52
2012,Wardha,Aarvi,Rock,96.7
2012,Wardha,Aarvi,Asphalt/Cement/Concrete,364.75
2012,Wardha,Selu,Unpaved,18.5
2012,Wardha,Selu,Rock,66.07
2012,Wardha,Selu,Asphalt/Cement/Concrete,387.78
2012,Wardha,Wardha,Unpaved,51.5
2012,Wardha,Wardha,Rock,21.27
2012,Wardha,Wardha,Asphalt/Cement/Concrete,502.45
2012,Wardha,Devali,Unpaved,111.26
2012,Wardha,Devali,Rock,2.2
2012,Wardha,Devali,Asphalt/Cement/Concrete,417.34
2012,Wardha,Hinganghat,Unpaved,114.43
2012,Wardha,Hinganghat,Rock,6.15
2012,Wardha,Hinganghat,Asphalt/Cement/Concrete,533.77
2012,Wardha,Samudrapur,Unpaved,35.76
2012,Wardha,Samudrapur,Rock,107.7
2012,Wardha,Samudrapur,Asphalt/Cement/Concrete,418.54
2013,Wardha,Ashti,Unpaved,49.7
2013,Wardha,Ashti,Rock,71.7
2013,Wardha,Ashti,Asphalt/Cement/Concrete,226.75
2013,Wardha,Karanja,Unpaved,41.7
2013,Wardha,Karanja,Rock,51.1
2013,Wardha,Karanja,Asphalt/Cement/Concrete,352.45
2013,Wardha,Aarvi,Unpaved,15.4
2013,Wardha,Aarvi,Rock,69.4
2013,Wardha,Aarvi,Asphalt/Cement/Concrete,345.7
2013,Wardha,Selu,Unpaved,21
2013,Wardha,Selu,Rock,21
2013,Wardha,Selu,Asphalt/Cement/Concrete,456.4
2013,Wardha,Wardha,Unpaved,47.8
2013,Wardha,Wardha,Rock,46.2
2013,Wardha,Wardha,Asphalt/Cement/Concrete,532.12
2013,Wardha,Devali,Unpaved,2
2013,Wardha,Devali,Rock,19.8
2013,Wardha,Devali,Asphalt/Cement/Concrete,498.95
2013,Wardha,Hinganghat,Unpaved,84
2013,Wardha,Hinganghat,Rock,130
2013,Wardha,Hinganghat,Asphalt/Cement/Concrete,479.6
2013,Wardha,Samudrapur,Unpaved,64.4
2013,Wardha,Samudrapur,Rock,106.8
2013,Wardha,Samudrapur,Asphalt/Cement/Concrete,407.1
2014,Wardha,Ashti,Unpaved,58.33
2014,Wardha,Ashti,Rock,27.1
2014,Wardha,Ashti,Asphalt/Cement/Concrete,223.7
2014,Wardha,Karanja,Unpaved,109.55
2014,Wardha,Karanja,Rock,41.6
2014,Wardha,Karanja,Asphalt/Cement/Concrete,375.65
2014,Wardha,Aarvi,Unpaved,50.5
2014,Wardha,Aarvi,Rock,98.72
2014,Wardha,Aarvi,Asphalt/Cement/Concrete,525.7
2014,Wardha,Selu,Unpaved,75.8
2014,Wardha,Selu,Rock,130.3
2014,Wardha,Selu,Asphalt/Cement/Concrete,539.22
2014,Wardha,Wardha,Unpaved,62.26
2014,Wardha,Wardha,Rock,57.73
2014,Wardha,Wardha,Asphalt/Cement/Concrete,601.64
2014,Wardha,Devali,Unpaved,42.2
2014,Wardha,Devali,Rock,49.85
2014,Wardha,Devali,Asphalt/Cement/Concrete,637.45
2014,Wardha,Hinganghat,Unpaved,69.77
2014,Wardha,Hinganghat,Rock,215.5
2014,Wardha,Hinganghat,Asphalt/Cement/Concrete,711
2014,Wardha,Samudrapur,Unpaved,45.12
2014,Wardha,Samudrapur,Rock,135
2014,Wardha,Samudrapur,Asphalt/Cement/Concrete,411.2
2015,Wardha,Ashti,Unpaved,38.05
2015,Wardha,Ashti,Rock,38.5
2015,Wardha,Ashti,Asphalt/Cement/Concrete,420.6
2015,Wardha,Karanja,Unpaved,83.5
2015,Wardha,Karanja,Rock,39.1
2015,Wardha,Karanja,Asphalt/Cement/Concrete,403.5
2015,Wardha,Aarvi,Unpaved,48.2
2015,Wardha,Aarvi,Rock,145.9
2015,Wardha,Aarvi,Asphalt/Cement/Concrete,757.95
2015,Wardha,Selu,Unpaved,57.8
2015,Wardha,Selu,Rock,104
2015,Wardha,Selu,Asphalt/Cement/Concrete,517.34
2015,Wardha,Wardha,Unpaved,62.34
2015,Wardha,Wardha,Rock,67.63
2015,Wardha,Wardha,Asphalt/Cement/Concrete,639.31
2015,Wardha,Devali,Unpaved,55.2
2015,Wardha,Devali,Rock,77.7
2015,Wardha,Devali,Asphalt/Cement/Concrete,447.35
2015,Wardha,Hinganghat,Unpaved,72.26
2015,Wardha,Hinganghat,Rock,224.21
2015,Wardha,Hinganghat,Asphalt/Cement/Concrete,680.45
2015,Wardha,Samudrapur,Unpaved,73.5
2015,Wardha,Samudrapur,Rock,144
2015,Wardha,Samudrapur,Asphalt/Cement/Concrete,347.95
2016,Wardha,Ashti,Unpaved,74.75
2016,Wardha,Ashti,Rock,96.55
2016,Wardha,Ashti,Asphalt/Cement/Concrete,420.6
2016,Wardha,Karanja,Unpaved,101.74
2016,Wardha,Karanja,Rock,46.73
2016,Wardha,Karanja,Asphalt/Cement/Concrete,403.5
2016,Wardha,Aarvi,Unpaved,82.8
2016,Wardha,Aarvi,Rock,184.25
2016,Wardha,Aarvi,Asphalt/Cement/Concrete,757.95
2016,Wardha,Selu,Unpaved,77.41
2016,Wardha,Selu,Rock,141.7
2016,Wardha,Selu,Asphalt/Cement/Concrete,517.34
2016,Wardha,Wardha,Unpaved,88.34
2016,Wardha,Wardha,Rock,105.62
2016,Wardha,Wardha,Asphalt/Cement/Concrete,639.31
2016,Wardha,Devali,Unpaved,43.7
2016,Wardha,Devali,Rock,131.55
2016,Wardha,Devali,Asphalt/Cement/Concrete,453.98
2016,Wardha,Hinganghat,Unpaved,65.76
2016,Wardha,Hinganghat,Rock,283.94
2016,Wardha,Hinganghat,Asphalt/Cement/Concrete,680.45
2016,Wardha,Samudrapur,Unpaved,75.21
2016,Wardha,Samudrapur,Rock,193.56
2016,Wardha,Samudrapur,Asphalt/Cement/Concrete,396.43
2017,Wardha,Ashti,Unpaved,99.7
2017,Wardha,Ashti,Rock,32.06
2017,Wardha,Ashti,Asphalt/Cement/Concrete,420.04
2017,Wardha,Karanja,Unpaved,68.55
2017,Wardha,Karanja,Rock,33.1
2017,Wardha,Karanja,Asphalt/Cement/Concrete,444.3
2017,Wardha,Aarvi,Unpaved,121.6
2017,Wardha,Aarvi,Rock,108.02
2017,Wardha,Aarvi,Asphalt/Cement/Concrete,801.23
2017,Wardha,Selu,Unpaved,124.95
2017,Wardha,Selu,Rock,133.45
2017,Wardha,Selu,Asphalt/Cement/Concrete,523.16
2017,Wardha,Wardha,Unpaved,123.25
2017,Wardha,Wardha,Rock,101.2
2017,Wardha,Wardha,Asphalt/Cement/Concrete,796.1
2017,Wardha,Devali,Unpaved,151.65
2017,Wardha,Devali,Rock,59.6
2017,Wardha,Devali,Asphalt/Cement/Concrete,586.55
2017,Wardha,Hinganghat,Unpaved,176.95
2017,Wardha,Hinganghat,Rock,109.3
2017,Wardha,Hinganghat,Asphalt/Cement/Concrete,760.93
2017,Wardha,Samudrapur,Unpaved,234.96
2017,Wardha,Samudrapur,Rock,135
2017,Wardha,Samudrapur,Asphalt/Cement/Concrete,423.54
2018,Wardha,Ashti,Unpaved,99.7
2018,Wardha,Ashti,Rock,32.06
2018,Wardha,Karanja,Unpaved,68.55
2018,Wardha,Karanja,Rock,33.1
2018,Wardha,Aarvi,Unpaved,123.6
2018,Wardha,Aarvi,Rock,110.02
2018,Wardha,Selu,Unpaved,124.95
2018,Wardha,Selu,Rock,133.45
2018,Wardha,Wardha,Unpaved,127.25
2018,Wardha,Wardha,Rock,103.2
2018,Wardha,Devali,Unpaved,152.65
2018,Wardha,Devali,Rock,60.6
2018,Wardha,Hinganghat,Unpaved,179.95
2018,Wardha,Hinganghat,Rock,111.3
2018,Wardha,Samudrapur,Unpaved,234.96
2018,Wardha,Samudrapur,Rock,135
2019,Wardha,Ashti,Unpaved,99.7
2019,Wardha,Ashti,Rock,48.06
2019,Wardha,Karanja,Unpaved,68.55
2019,Wardha,Karanja,Rock,33.1
2019,Wardha,Aarvi,Unpaved,101.6
2019,Wardha,Aarvi,Rock,108.02
2019,Wardha,Selu,Unpaved,102.33
2019,Wardha,Selu,Rock,133.45
2019,Wardha,Wardha,Unpaved,103.25
2019,Wardha,Wardha,Rock,99.2
2019,Wardha,Devali,Unpaved,151.65
2019,Wardha,Devali,Rock,61.6
2019,Wardha,Hinganghat,Unpaved,146.95
2019,Wardha,Hinganghat,Rock,108.67
2019,Wardha,Samudrapur,Unpaved,234.96
2019,Wardha,Samudrapur,Rock,135
2020,Wardha,Ashti,Unpaved,93.7
2020,Wardha,Ashti,Rock,52.06
2020,Wardha,Karanja,Unpaved,66.55
2020,Wardha,Karanja,Rock,38.1
2020,Wardha,Aarvi,Unpaved,92.6
2020,Wardha,Aarvi,Rock,108.52
2020,Wardha,Selu,Unpaved,92.33
2020,Wardha,Selu,Rock,133.45
2020,Wardha,Wardha,Unpaved,97.08
2020,Wardha,Wardha,Rock,101.2
2020,Wardha,Devali,Unpaved,141.65
2020,Wardha,Devali,Rock,63.6
2020,Wardha,Hinganghat,Unpaved,136.95
2020,Wardha,Hinganghat,Rock,108.67
2020,Wardha,Samudrapur,Unpaved,220.96
2020,Wardha,Samudrapur,Rock,145
2021,Wardha,Ashti,Unpaved,35.14
2021,Wardha,Ashti,Rock,40.06
2021,Wardha,Karanja,Unpaved,89.23
2021,Wardha,Karanja,Rock,47.1
2021,Wardha,Aarvi,Unpaved,125.58
2021,Wardha,Aarvi,Rock,130.34
2021,Wardha,Selu,Unpaved,91.54
2021,Wardha,Selu,Rock,95.27
2021,Wardha,Wardha,Unpaved,58.9
2021,Wardha,Wardha,Rock,55.8
2021,Wardha,Devali,Unpaved,155.75
2021,Wardha,Devali,Rock,83.6
2021,Wardha,Hinganghat,Unpaved,192.75
2021,Wardha,Hinganghat,Rock,178.2
2021,Wardha,Samudrapur,Unpaved,157.96
2021,Wardha,Samudrapur,Rock,115
2009,Washim,Malegaon,Unpaved,229.13
2009,Washim,Malegaon,Rock,118.67
2009,Washim,Malegaon,Asphalt/Cement/Concrete,272.75
2009,Washim,Mangrulpir,Unpaved,209.9
2009,Washim,Mangrulpir,Rock,119.65
2009,Washim,Mangrulpir,Asphalt/Cement/Concrete,372.37
2009,Washim,Karanja,Unpaved,268.96
2009,Washim,Karanja,Rock,27.35
2009,Washim,Karanja,Asphalt/Cement/Concrete,452.85
2009,Washim,Manora,Unpaved,134.3
2009,Washim,Manora,Rock,52.7
2009,Washim,Manora,Asphalt/Cement/Concrete,334.8
2009,Washim,Washim,Unpaved,240.11
2009,Washim,Washim,Rock,136.01
2009,Washim,Washim,Asphalt/Cement/Concrete,377.73
2009,Washim,Resod,Unpaved,220.64
2009,Washim,Resod,Rock,38.42
2009,Washim,Resod,Asphalt/Cement/Concrete,365.75
2010,Washim,Malegaon,Unpaved,222.75
2010,Washim,Malegaon,Rock,71.52
2010,Washim,Malegaon,Asphalt/Cement/Concrete,331.1
2010,Washim,Mangrulpir,Unpaved,271.29
2010,Washim,Mangrulpir,Rock,29.65
2010,Washim,Mangrulpir,Asphalt/Cement/Concrete,385.86
2010,Washim,Karanja,Unpaved,256.46
2010,Washim,Karanja,Rock,14.45
2010,Washim,Karanja,Asphalt/Cement/Concrete,474.25
2010,Washim,Manora,Unpaved,131.9
2010,Washim,Manora,Rock,50.7
2010,Washim,Manora,Asphalt/Cement/Concrete,339.2
2010,Washim,Washim,Unpaved,286.5
2010,Washim,Washim,Rock,72.12
2010,Washim,Washim,Asphalt/Cement/Concrete,457.82
2010,Washim,Resod,Unpaved,206.92
2010,Washim,Resod,Rock,29
2010,Washim,Resod,Asphalt/Cement/Concrete,396.87
2011,Washim,Malegaon,Unpaved,208.65
2011,Washim,Malegaon,Rock,69.62
2011,Washim,Malegaon,Asphalt/Cement/Concrete,412.8
2011,Washim,Mangrulpir,Unpaved,250.69
2011,Washim,Mangrulpir,Rock,32.95
2011,Washim,Mangrulpir,Asphalt/Cement/Concrete,387.06
2011,Washim,Karanja,Unpaved,281.65
2011,Washim,Karanja,Rock,18.55
2011,Washim,Karanja,Asphalt/Cement/Concrete,440.2
2011,Washim,Manora,Unpaved,222.6
2011,Washim,Manora,Rock,44.2
2011,Washim,Manora,Asphalt/Cement/Concrete,384.65
2011,Washim,Washim,Unpaved,201.08
2011,Washim,Washim,Rock,75.32
2011,Washim,Washim,Asphalt/Cement/Concrete,470.72
2011,Washim,Resod,Unpaved,153.62
2011,Washim,Resod,Rock,33
2011,Washim,Resod,Asphalt/Cement/Concrete,404.37
2012,Washim,Malegaon,Unpaved,201.75
2012,Washim,Malegaon,Rock,67.22
2012,Washim,Malegaon,Asphalt/Cement/Concrete,352.8
2012,Washim,Mangrulpir,Unpaved,241.7
2012,Washim,Mangrulpir,Rock,31.95
2012,Washim,Mangrulpir,Asphalt/Cement/Concrete,397.41
2012,Washim,Karanja,Unpaved,267.8
2012,Washim,Karanja,Rock,16.55
2012,Washim,Karanja,Asphalt/Cement/Concrete,456.05
2012,Washim,Manora,Unpaved,223.8
2012,Washim,Manora,Rock,43.2
2012,Washim,Manora,Asphalt/Cement/Concrete,384.65
2012,Washim,Washim,Unpaved,199.24
2012,Washim,Washim,Rock,73.32
2012,Washim,Washim,Asphalt/Cement/Concrete,474.36
2012,Washim,Resod,Unpaved,148.69
2012,Washim,Resod,Rock,32
2012,Washim,Resod,Asphalt/Cement/Concrete,410.5
2013,Washim,Malegaon,Unpaved,344.48
2013,Washim,Malegaon,Rock,70.33
2013,Washim,Malegaon,Asphalt/Cement/Concrete,281.32
2013,Washim,Mangrulpir,Unpaved,351.13
2013,Washim,Mangrulpir,Rock,55.45
2013,Washim,Mangrulpir,Asphalt/Cement/Concrete,200.85
2013,Washim,Karanja,Unpaved,328.35
2013,Washim,Karanja,Rock,22.4
2013,Washim,Karanja,Asphalt/Cement/Concrete,240.85
2013,Washim,Manora,Unpaved,380.64
2013,Washim,Manora,Rock,33.85
2013,Washim,Manora,Asphalt/Cement/Concrete,220.15
2013,Washim,Washim,Unpaved,381.3
2013,Washim,Washim,Rock,48.55
2013,Washim,Washim,Asphalt/Cement/Concrete,266.9
2013,Washim,Resod,Unpaved,266.83
2013,Washim,Resod,Rock,54.35
2013,Washim,Resod,Asphalt/Cement/Concrete,229.4
2014,Washim,Malegaon,Unpaved,356.86
2014,Washim,Malegaon,Rock,73.86
2014,Washim,Malegaon,Asphalt/Cement/Concrete,465.68
2014,Washim,Mangrulpir,Unpaved,361.13
2014,Washim,Mangrulpir,Rock,54.85
2014,Washim,Mangrulpir,Asphalt/Cement/Concrete,374.81
2014,Washim,Karanja,Unpaved,337.3
2014,Washim,Karanja,Rock,20.33
2014,Washim,Karanja,Asphalt/Cement/Concrete,506.31
2014,Washim,Manora,Unpaved,377.64
2014,Washim,Manora,Rock,42.15
2014,Washim,Manora,Asphalt/Cement/Concrete,332.7
2014,Washim,Washim,Unpaved,409.95
2014,Washim,Washim,Rock,46.75
2014,Washim,Washim,Asphalt/Cement/Concrete,478.69
2014,Washim,Resod,Unpaved,291.55
2014,Washim,Resod,Rock,53.79
2014,Washim,Resod,Asphalt/Cement/Concrete,443.31
2015,Washim,Malegaon,Unpaved,342.36
2015,Washim,Malegaon,Rock,68.36
2015,Washim,Malegaon,Asphalt/Cement/Concrete,285.41
2015,Washim,Mangrulpir,Unpaved,351.13
2015,Washim,Mangrulpir,Rock,54.25
2015,Washim,Mangrulpir,Asphalt/Cement/Concrete,202.05
2015,Washim,Karanja,Unpaved,326.3
2015,Washim,Karanja,Rock,20.33
2015,Washim,Karanja,Asphalt/Cement/Concrete,244.97
2015,Washim,Manora,Unpaved,374.24
2015,Washim,Manora,Rock,30.95
2015,Washim,Manora,Asphalt/Cement/Concrete,229.45
2015,Washim,Washim,Unpaved,376.95
2015,Washim,Washim,Rock,47.75
2015,Washim,Washim,Asphalt/Cement/Concrete,272.05
2015,Washim,Resod,Unpaved,266.83
2015,Washim,Resod,Rock,51.99
2015,Washim,Resod,Asphalt/Cement/Concrete,231.76
2016,Washim,Malegaon,Unpaved,10
2016,Washim,Malegaon,Rock,75
2016,Washim,Malegaon,Asphalt/Cement/Concrete,497.19
2016,Washim,Mangrulpir,Unpaved,12.3
2016,Washim,Mangrulpir,Rock,65.9
2016,Washim,Mangrulpir,Asphalt/Cement/Concrete,432.48
2016,Washim,Karanja,Unpaved,26.4
2016,Washim,Karanja,Rock,50.78
2016,Washim,Karanja,Asphalt/Cement/Concrete,546.84
2016,Washim,Manora,Unpaved,5.7
2016,Washim,Manora,Rock,43.59
2016,Washim,Manora,Asphalt/Cement/Concrete,372.91
2016,Washim,Washim,Unpaved,86.95
2016,Washim,Washim,Rock,64.33
2016,Washim,Washim,Asphalt/Cement/Concrete,508.46
2016,Washim,Resod,Unpaved,35.22
2016,Washim,Resod,Rock,62.78
2016,Washim,Resod,Asphalt/Cement/Concrete,448.25
2017,Washim,Malegaon,Unpaved,10
2017,Washim,Malegaon,Rock,73.96
2017,Washim,Malegaon,Asphalt/Cement/Concrete,460.22
2017,Washim,Mangrulpir,Unpaved,12.25
2017,Washim,Mangrulpir,Rock,64.62
2017,Washim,Mangrulpir,Asphalt/Cement/Concrete,370.36
2017,Washim,Karanja,Unpaved,26.4
2017,Washim,Karanja,Rock,46.46
2017,Washim,Karanja,Asphalt/Cement/Concrete,573.13
2017,Washim,Manora,Unpaved,5.7
2017,Washim,Manora,Rock,17.71
2017,Washim,Manora,Asphalt/Cement/Concrete,345.98
2017,Washim,Washim,Unpaved,47.15
2017,Washim,Washim,Rock,57.2
2017,Washim,Washim,Asphalt/Cement/Concrete,540.2
2017,Washim,Resod,Unpaved,35.22
2017,Washim,Resod,Rock,64.08
2017,Washim,Resod,Asphalt/Cement/Concrete,480.15
2018,Washim,Malegaon,Unpaved,8
2018,Washim,Malegaon,Rock,73.32
2018,Washim,Mangrulpir,Unpaved,1.4
2018,Washim,Mangrulpir,Rock,59.24
2018,Washim,Karanja,Unpaved,47.9
2018,Washim,Karanja,Rock,52.91
2018,Washim,Manora,Unpaved,18.02
2018,Washim,Manora,Rock,27.75
2018,Washim,Washim,Unpaved,97.65
2018,Washim,Washim,Rock,59.85
2018,Washim,Resod,Unpaved,32.22
2018,Washim,Resod,Rock,59.79
2019,Washim,Malegaon,Unpaved,8
2019,Washim,Malegaon,Rock,71.89
2019,Washim,Mangrulpir,Unpaved,0
2019,Washim,Mangrulpir,Rock,57.97
2019,Washim,Karanja,Unpaved,54.72
2019,Washim,Karanja,Rock,46.81
2019,Washim,Manora,Unpaved,14.11
2019,Washim,Manora,Rock,34.35
2019,Washim,Washim,Unpaved,98.35
2019,Washim,Washim,Rock,55.5
2019,Washim,Resod,Unpaved,37.72
2019,Washim,Resod,Rock,66.29
2020,Washim,Malegaon,Unpaved,48.9
2020,Washim,Malegaon,Rock,66.98
2020,Washim,Mangrulpir,Unpaved,54.7
2020,Washim,Mangrulpir,Rock,77.26
2020,Washim,Karanja,Unpaved,44.4
2020,Washim,Karanja,Rock,46.81
2020,Washim,Manora,Unpaved,6.12
2020,Washim,Manora,Rock,27.23
2020,Washim,Washim,Unpaved,70.36
2020,Washim,Washim,Rock,73.23
2020,Washim,Resod,Unpaved,38.95
2020,Washim,Resod,Rock,66.64
2021,Washim,Malegaon,Unpaved,87.29
2021,Washim,Malegaon,Rock,66.98
2021,Washim,Mangrulpir,Unpaved,30.62
2021,Washim,Mangrulpir,Rock,73.16
2021,Washim,Karanja,Unpaved,94.9
2021,Washim,Karanja,Rock,55.26
2021,Washim,Manora,Unpaved,39.71
2021,Washim,Manora,Rock,29.05
2021,Washim,Washim,Unpaved,114.54
2021,Washim,Washim,Rock,61.44
2021,Washim,Resod,Unpaved,63.9
2021,Washim,Resod,Rock,64.09
2012,Yavatmal,Ner,Rock,81.32
2012,Yavatmal,Ner,Asphalt/Cement/Concrete,328.2
2012,Yavatmal,Babhulgaon,Unpaved,144.55
2012,Yavatmal,Babhulgaon,Rock,39.2
2012,Yavatmal,Babhulgaon,Asphalt/Cement/Concrete,322.96
2012,Yavatmal,Kalamb,Unpaved,338.1
2012,Yavatmal,Kalamb,Rock,54.6
2012,Yavatmal,Kalamb,Asphalt/Cement/Concrete,389.42
2012,Yavatmal,Yavatmal,Unpaved,330.6
2012,Yavatmal,Yavatmal,Rock,43.65
2012,Yavatmal,Yavatmal,Asphalt/Cement/Concrete,567.47
2012,Yavatmal,Darvha,Unpaved,6
2012,Yavatmal,Darvha,Rock,107.53
2012,Yavatmal,Darvha,Asphalt/Cement/Concrete,453.91
2012,Yavatmal,Digras,Unpaved,22.1
2012,Yavatmal,Digras,Rock,58.5
2012,Yavatmal,Digras,Asphalt/Cement/Concrete,280.83
2012,Yavatmal,Pusad,Unpaved,29.8
2012,Yavatmal,Pusad,Rock,161.83
2012,Yavatmal,Pusad,Asphalt/Cement/Concrete,517.31
2012,Yavatmal,Umarkhed,Unpaved,75.42
2012,Yavatmal,Umarkhed,Rock,193.61
2012,Yavatmal,Umarkhed,Asphalt/Cement/Concrete,429.74
2012,Yavatmal,Mahagaon,Unpaved,71.05
2012,Yavatmal,Mahagaon,Rock,70.58
2012,Yavatmal,Mahagaon,Asphalt/Cement/Concrete,359.83
2012,Yavatmal,Aarni,Rock,81.86
2012,Yavatmal,Aarni,Asphalt/Cement/Concrete,315.4
2012,Yavatmal,Ghantaji,Unpaved,447.52
2012,Yavatmal,Ghantaji,Rock,105.66
2012,Yavatmal,Ghantaji,Asphalt/Cement/Concrete,426.29
2012,Yavatmal,Kelapur,Unpaved,333.95
2012,Yavatmal,Kelapur,Rock,54.1
2012,Yavatmal,Kelapur,Asphalt/Cement/Concrete,347.02
2012,Yavatmal,Ralegaon,Unpaved,369.6
2012,Yavatmal,Ralegaon,Rock,56.82
2012,Yavatmal,Ralegaon,Asphalt/Cement/Concrete,374.9
2012,Yavatmal,Maregaon,Rock,190.09
2012,Yavatmal,Maregaon,Asphalt/Cement/Concrete,440.2
2012,Yavatmal,Zari Jamani,Rock,270.93
2012,Yavatmal,Zari Jamani,Asphalt/Cement/Concrete,381.05
2012,Yavatmal,Vani,Unpaved,299.8
2012,Yavatmal,Vani,Rock,81.35
2012,Yavatmal,Vani,Asphalt/Cement/Concrete,364.84
2013,Yavatmal,Ner,Unpaved,345.63
2013,Yavatmal,Ner,Rock,97.82
2013,Yavatmal,Ner,Asphalt/Cement/Concrete,348.35
2013,Yavatmal,Babhulgaon,Unpaved,145.15
2013,Yavatmal,Babhulgaon,Rock,25.2
2013,Yavatmal,Babhulgaon,Asphalt/Cement/Concrete,339.16
2013,Yavatmal,Kalamb,Unpaved,346.57
2013,Yavatmal,Kalamb,Rock,43.5
2013,Yavatmal,Kalamb,Asphalt/Cement/Concrete,399.8
2013,Yavatmal,Yavatmal,Unpaved,328.58
2013,Yavatmal,Yavatmal,Rock,50.22
2013,Yavatmal,Yavatmal,Asphalt/Cement/Concrete,562.72
2013,Yavatmal,Darvha,Unpaved,303.85
2013,Yavatmal,Darvha,Rock,105.3
2013,Yavatmal,Darvha,Asphalt/Cement/Concrete,520.85
2013,Yavatmal,Digras,Unpaved,209.7
2013,Yavatmal,Digras,Rock,38.5
2013,Yavatmal,Digras,Asphalt/Cement/Concrete,317.3
2013,Yavatmal,Pusad,Unpaved,534.55
2013,Yavatmal,Pusad,Rock,106.49
2013,Yavatmal,Pusad,Asphalt/Cement/Concrete,569.1
2013,Yavatmal,Umarkhed,Unpaved,362.45
2013,Yavatmal,Umarkhed,Rock,231.79
2013,Yavatmal,Umarkhed,Asphalt/Cement/Concrete,453.4
2013,Yavatmal,Mahagaon,Unpaved,323.5
2013,Yavatmal,Mahagaon,Rock,149.55
2013,Yavatmal,Mahagaon,Asphalt/Cement/Concrete,388.6
2013,Yavatmal,Aarni,Unpaved,373.85
2013,Yavatmal,Aarni,Rock,96.91
2013,Yavatmal,Aarni,Asphalt/Cement/Concrete,359.11
2013,Yavatmal,Ghantaji,Unpaved,433.22
2013,Yavatmal,Ghantaji,Rock,84.26
2013,Yavatmal,Ghantaji,Asphalt/Cement/Concrete,460.69
2013,Yavatmal,Kelapur,Unpaved,333.95
2013,Yavatmal,Kelapur,Rock,54.1
2013,Yavatmal,Kelapur,Asphalt/Cement/Concrete,347.02
2013,Yavatmal,Ralegaon,Unpaved,375
2013,Yavatmal,Ralegaon,Rock,53.82
2013,Yavatmal,Ralegaon,Asphalt/Cement/Concrete,381.1
2013,Yavatmal,Maregaon,Unpaved,153.9
2013,Yavatmal,Maregaon,Rock,136.39
2013,Yavatmal,Maregaon,Asphalt/Cement/Concrete,340
2013,Yavatmal,Zari Jamani,Unpaved,182
2013,Yavatmal,Zari Jamani,Rock,93.63
2013,Yavatmal,Zari Jamani,Asphalt/Cement/Concrete,379.85
2013,Yavatmal,Vani,Unpaved,259.1
2013,Yavatmal,Vani,Rock,123.45
2013,Yavatmal,Vani,Asphalt/Cement/Concrete,365.44
2014,Yavatmal,Ner,Unpaved,345.63
2014,Yavatmal,Ner,Rock,97.82
2014,Yavatmal,Ner,Asphalt/Cement/Concrete,348.35
2014,Yavatmal,Babhulgaon,Unpaved,145.15
2014,Yavatmal,Babhulgaon,Rock,25.2
2014,Yavatmal,Babhulgaon,Asphalt/Cement/Concrete,339.16
2014,Yavatmal,Kalamb,Unpaved,346.57
2014,Yavatmal,Kalamb,Rock,43.5
2014,Yavatmal,Kalamb,Asphalt/Cement/Concrete,365.8
2014,Yavatmal,Yavatmal,Unpaved,328.58
2014,Yavatmal,Yavatmal,Rock,50.22
2014,Yavatmal,Yavatmal,Asphalt/Cement/Concrete,527.4
2014,Yavatmal,Darvha,Unpaved,299.85
2014,Yavatmal,Darvha,Rock,105.3
2014,Yavatmal,Darvha,Asphalt/Cement/Concrete,520.85
2014,Yavatmal,Digras,Unpaved,209.7
2014,Yavatmal,Digras,Rock,38.5
2014,Yavatmal,Digras,Asphalt/Cement/Concrete,317.3
2014,Yavatmal,Pusad,Unpaved,534.55
2014,Yavatmal,Pusad,Rock,106.49
2014,Yavatmal,Pusad,Asphalt/Cement/Concrete,569.1
2014,Yavatmal,Umarkhed,Unpaved,362.45
2014,Yavatmal,Umarkhed,Rock,231.79
2014,Yavatmal,Umarkhed,Asphalt/Cement/Concrete,420.8
2014,Yavatmal,Mahagaon,Unpaved,323.5
2014,Yavatmal,Mahagaon,Rock,149.69
2014,Yavatmal,Mahagaon,Asphalt/Cement/Concrete,354.46
2014,Yavatmal,Aarni,Unpaved,373.85
2014,Yavatmal,Aarni,Rock,96.91
2014,Yavatmal,Aarni,Asphalt/Cement/Concrete,326.11
2014,Yavatmal,Ghantaji,Unpaved,432.22
2014,Yavatmal,Ghantaji,Rock,84.26
2014,Yavatmal,Ghantaji,Asphalt/Cement/Concrete,460.69
2014,Yavatmal,Kelapur,Unpaved,333.95
2014,Yavatmal,Kelapur,Rock,54.1
2014,Yavatmal,Kelapur,Asphalt/Cement/Concrete,347.02
2014,Yavatmal,Ralegaon,Unpaved,375
2014,Yavatmal,Ralegaon,Rock,53.82
2014,Yavatmal,Ralegaon,Asphalt/Cement/Concrete,381.1
2014,Yavatmal,Maregaon,Unpaved,151.9
2014,Yavatmal,Maregaon,Rock,136.39
2014,Yavatmal,Maregaon,Asphalt/Cement/Concrete,340
2014,Yavatmal,Zari Jamani,Unpaved,176.5
2014,Yavatmal,Zari Jamani,Rock,93.63
2014,Yavatmal,Zari Jamani,Asphalt/Cement/Concrete,379.85
2014,Yavatmal,Vani,Unpaved,253.1
2014,Yavatmal,Vani,Rock,123.45
2014,Yavatmal,Vani,Asphalt/Cement/Concrete,365.44
2015,Yavatmal,Ner,Unpaved,347.53
2015,Yavatmal,Ner,Rock,97.82
2015,Yavatmal,Ner,Asphalt/Cement/Concrete,348.35
2015,Yavatmal,Babhulgaon,Unpaved,154.75
2015,Yavatmal,Babhulgaon,Rock,25.7
2015,Yavatmal,Babhulgaon,Asphalt/Cement/Concrete,339.16
2015,Yavatmal,Kalamb,Unpaved,344.07
2015,Yavatmal,Kalamb,Rock,43.5
2015,Yavatmal,Kalamb,Asphalt/Cement/Concrete,365.8
2015,Yavatmal,Yavatmal,Unpaved,314.78
2015,Yavatmal,Yavatmal,Rock,50.22
2015,Yavatmal,Yavatmal,Asphalt/Cement/Concrete,527.4
2015,Yavatmal,Darvha,Unpaved,304.8
2015,Yavatmal,Darvha,Rock,105.3
2015,Yavatmal,Darvha,Asphalt/Cement/Concrete,520.85
2015,Yavatmal,Digras,Unpaved,209.2
2015,Yavatmal,Digras,Rock,38.5
2015,Yavatmal,Digras,Asphalt/Cement/Concrete,317.3
2015,Yavatmal,Pusad,Unpaved,535.3
2015,Yavatmal,Pusad,Rock,106.49
2015,Yavatmal,Pusad,Asphalt/Cement/Concrete,569.1
2015,Yavatmal,Umarkhed,Unpaved,362.45
2015,Yavatmal,Umarkhed,Rock,226.29
2015,Yavatmal,Umarkhed,Asphalt/Cement/Concrete,420.8
2015,Yavatmal,Mahagaon,Unpaved,303.4
2015,Yavatmal,Mahagaon,Rock,149.69
2015,Yavatmal,Mahagaon,Asphalt/Cement/Concrete,354.46
2015,Yavatmal,Aarni,Unpaved,367.74
2015,Yavatmal,Aarni,Rock,96.91
2015,Yavatmal,Aarni,Asphalt/Cement/Concrete,326.11
2015,Yavatmal,Ghantaji,Unpaved,407.67
2015,Yavatmal,Ghantaji,Rock,84.26
2015,Yavatmal,Ghantaji,Asphalt/Cement/Concrete,460.69
2015,Yavatmal,Kelapur,Unpaved,294.1
2015,Yavatmal,Kelapur,Rock,54.1
2015,Yavatmal,Kelapur,Asphalt/Cement/Concrete,347.02
2015,Yavatmal,Ralegaon,Unpaved,373
2015,Yavatmal,Ralegaon,Rock,53.82
2015,Yavatmal,Ralegaon,Asphalt/Cement/Concrete,381.1
2015,Yavatmal,Maregaon,Unpaved,158.3
2015,Yavatmal,Maregaon,Rock,136.39
2015,Yavatmal,Maregaon,Asphalt/Cement/Concrete,340
2015,Yavatmal,Zari Jamani,Unpaved,217.7
2015,Yavatmal,Zari Jamani,Rock,93.63
2015,Yavatmal,Zari Jamani,Asphalt/Cement/Concrete,379.85
2015,Yavatmal,Vani,Unpaved,328.21
2015,Yavatmal,Vani,Rock,123.45
2015,Yavatmal,Vani,Asphalt/Cement/Concrete,365.44
2016,Yavatmal,Ner,Unpaved,309.83
2016,Yavatmal,Ner,Rock,85.12
2016,Yavatmal,Ner,Asphalt/Cement/Concrete,403
2016,Yavatmal,Babhulgaon,Unpaved,129.55
2016,Yavatmal,Babhulgaon,Rock,25.9
2016,Yavatmal,Babhulgaon,Asphalt/Cement/Concrete,364.16
2016,Yavatmal,Kalamb,Unpaved,325.27
2016,Yavatmal,Kalamb,Rock,21.8
2016,Yavatmal,Kalamb,Asphalt/Cement/Concrete,429.66
2016,Yavatmal,Yavatmal,Unpaved,271.55
2016,Yavatmal,Yavatmal,Rock,55.46
2016,Yavatmal,Yavatmal,Asphalt/Cement/Concrete,547.24
2016,Yavatmal,Darvha,Unpaved,290.07
2016,Yavatmal,Darvha,Rock,66.65
2016,Yavatmal,Darvha,Asphalt/Cement/Concrete,572.63
2016,Yavatmal,Digras,Unpaved,171.3
2016,Yavatmal,Digras,Rock,38.56
2016,Yavatmal,Digras,Asphalt/Cement/Concrete,348.47
2016,Yavatmal,Pusad,Unpaved,526.15
2016,Yavatmal,Pusad,Rock,60.89
2016,Yavatmal,Pusad,Asphalt/Cement/Concrete,609.65
2016,Yavatmal,Umarkhed,Unpaved,321.65
2016,Yavatmal,Umarkhed,Rock,151.7
2016,Yavatmal,Umarkhed,Asphalt/Cement/Concrete,489.34
2016,Yavatmal,Mahagaon,Unpaved,308.3
2016,Yavatmal,Mahagaon,Rock,107.25
2016,Yavatmal,Mahagaon,Asphalt/Cement/Concrete,438.4
2016,Yavatmal,Aarni,Unpaved,331.75
2016,Yavatmal,Aarni,Rock,76
2016,Yavatmal,Aarni,Asphalt/Cement/Concrete,386.71
2016,Yavatmal,Ghantaji,Unpaved,317.15
2016,Yavatmal,Ghantaji,Rock,77.3
2016,Yavatmal,Ghantaji,Asphalt/Cement/Concrete,560.77
2016,Yavatmal,Kelapur,Unpaved,254.5
2016,Yavatmal,Kelapur,Rock,22
2016,Yavatmal,Kelapur,Asphalt/Cement/Concrete,394.62
2016,Yavatmal,Ralegaon,Unpaved,350.15
2016,Yavatmal,Ralegaon,Rock,36.9
2016,Yavatmal,Ralegaon,Asphalt/Cement/Concrete,432.1
2016,Yavatmal,Maregaon,Unpaved,148.2
2016,Yavatmal,Maregaon,Rock,109.42
2016,Yavatmal,Maregaon,Asphalt/Cement/Concrete,397.37
2016,Yavatmal,Zari Jamani,Unpaved,159.5
2016,Yavatmal,Zari Jamani,Rock,61.8
2016,Yavatmal,Zari Jamani,Asphalt/Cement/Concrete,431.07
2016,Yavatmal,Vani,Unpaved,347.33
2016,Yavatmal,Vani,Rock,83.73
2016,Yavatmal,Vani,Asphalt/Cement/Concrete,429.29
2017,Yavatmal,Ner,Unpaved,307.5
2017,Yavatmal,Ner,Rock,80.07
2017,Yavatmal,Ner,Asphalt/Cement/Concrete,410.38
2017,Yavatmal,Babhulgaon,Unpaved,128.55
2017,Yavatmal,Babhulgaon,Rock,25.9
2017,Yavatmal,Babhulgaon,Asphalt/Cement/Concrete,365.16
2017,Yavatmal,Kalamb,Unpaved,322.27
2017,Yavatmal,Kalamb,Rock,18.75
2017,Yavatmal,Kalamb,Asphalt/Cement/Concrete,435.71
2017,Yavatmal,Yavatmal,Unpaved,269.75
2017,Yavatmal,Yavatmal,Rock,55.46
2017,Yavatmal,Yavatmal,Asphalt/Cement/Concrete,549.04
2017,Yavatmal,Darvha,Unpaved,290.07
2017,Yavatmal,Darvha,Rock,55.35
2017,Yavatmal,Darvha,Asphalt/Cement/Concrete,583.93
2017,Yavatmal,Digras,Unpaved,149.21
2017,Yavatmal,Digras,Rock,60.11
2017,Yavatmal,Digras,Asphalt/Cement/Concrete,349.01
2017,Yavatmal,Pusad,Unpaved,523.5
2017,Yavatmal,Pusad,Rock,63.54
2017,Yavatmal,Pusad,Asphalt/Cement/Concrete,609.65
2017,Yavatmal,Umarkhed,Unpaved,321.65
2017,Yavatmal,Umarkhed,Rock,146.65
2017,Yavatmal,Umarkhed,Asphalt/Cement/Concrete,494.39
2017,Yavatmal,Mahagaon,Unpaved,305.15
2017,Yavatmal,Mahagaon,Rock,99.5
2017,Yavatmal,Mahagaon,Asphalt/Cement/Concrete,449.3
2017,Yavatmal,Aarni,Unpaved,328.1
2017,Yavatmal,Aarni,Rock,73.8
2017,Yavatmal,Aarni,Asphalt/Cement/Concrete,392.56
2017,Yavatmal,Ghantaji,Unpaved,316.15
2017,Yavatmal,Ghantaji,Rock,74.6
2017,Yavatmal,Ghantaji,Asphalt/Cement/Concrete,564.47
2017,Yavatmal,Kelapur,Unpaved,248.5
2017,Yavatmal,Kelapur,Rock,19.1
2017,Yavatmal,Kelapur,Asphalt/Cement/Concrete,403.52
2017,Yavatmal,Ralegaon,Unpaved,337.35
2017,Yavatmal,Ralegaon,Rock,38.7
2017,Yavatmal,Ralegaon,Asphalt/Cement/Concrete,443.1
2017,Yavatmal,Maregaon,Unpaved,147.7
2017,Yavatmal,Maregaon,Rock,108.22
2017,Yavatmal,Maregaon,Asphalt/Cement/Concrete,399.07
2017,Yavatmal,Zari Jamani,Unpaved,159.5
2017,Yavatmal,Zari Jamani,Rock,55.75
2017,Yavatmal,Zari Jamani,Asphalt/Cement/Concrete,437.12
2017,Yavatmal,Vani,Unpaved,342.82
2017,Yavatmal,Vani,Rock,81.11
2017,Yavatmal,Vani,Asphalt/Cement/Concrete,436.42
2018,Yavatmal,Ner,Unpaved,309
2018,Yavatmal,Ner,Rock,102.57
2018,Yavatmal,Babhulgaon,Unpaved,128.55
2018,Yavatmal,Babhulgaon,Rock,26.9
2018,Yavatmal,Kalamb,Unpaved,330.82
2018,Yavatmal,Kalamb,Rock,22.15
2018,Yavatmal,Yavatmal,Unpaved,386.49
2018,Yavatmal,Yavatmal,Rock,101.79
2018,Yavatmal,Darvha,Unpaved,286.07
2018,Yavatmal,Darvha,Rock,67.23
2018,Yavatmal,Digras,Unpaved,174.21
2018,Yavatmal,Digras,Rock,83.59
2018,Yavatmal,Pusad,Unpaved,526
2018,Yavatmal,Pusad,Rock,108.04
2018,Yavatmal,Umarkhed,Unpaved,303.28
2018,Yavatmal,Umarkhed,Rock,211.71
2018,Yavatmal,Mahagaon,Unpaved,299.65
2018,Yavatmal,Mahagaon,Rock,86.33
2018,Yavatmal,Aarni,Unpaved,324.65
2018,Yavatmal,Aarni,Rock,74.22
2018,Yavatmal,Ghantaji,Unpaved,346.15
2018,Yavatmal,Ghantaji,Rock,108.4
2018,Yavatmal,Kelapur,Unpaved,294.95
2018,Yavatmal,Kelapur,Rock,17.9
2018,Yavatmal,Ralegaon,Unpaved,334.8
2018,Yavatmal,Ralegaon,Rock,47.3
2018,Yavatmal,Maregaon,Unpaved,147.7
2018,Yavatmal,Maregaon,Rock,103.62
2018,Yavatmal,Zari Jamani,Unpaved,159.5
2018,Yavatmal,Zari Jamani,Rock,50.75
2018,Yavatmal,Vani,Unpaved,348.57
2018,Yavatmal,Vani,Rock,110.17
2019,Yavatmal,Ner,Unpaved,382.7
2019,Yavatmal,Ner,Rock,103.77
2019,Yavatmal,Babhulgaon,Unpaved,130.25
2019,Yavatmal,Babhulgaon,Rock,26.9
2019,Yavatmal,Kalamb,Unpaved,330.82
2019,Yavatmal,Kalamb,Rock,22.15
2019,Yavatmal,Yavatmal,Unpaved,369.43
2019,Yavatmal,Yavatmal,Rock,95.52
2019,Yavatmal,Darvha,Unpaved,371.57
2019,Yavatmal,Darvha,Rock,68.63
2019,Yavatmal,Digras,Unpaved,165.02
2019,Yavatmal,Digras,Rock,85.13
2019,Yavatmal,Pusad,Unpaved,503.1
2019,Yavatmal,Pusad,Rock,111.04
2019,Yavatmal,Umarkhed,Unpaved,278.63
2019,Yavatmal,Umarkhed,Rock,181.66
2019,Yavatmal,Mahagaon,Unpaved,223.25
2019,Yavatmal,Mahagaon,Rock,85.33
2019,Yavatmal,Aarni,Unpaved,324
2019,Yavatmal,Aarni,Rock,74.87
2019,Yavatmal,Ghantaji,Unpaved,311.05
2019,Yavatmal,Ghantaji,Rock,72.24
2019,Yavatmal,Kelapur,Unpaved,232.88
2019,Yavatmal,Kelapur,Rock,18.48
2019,Yavatmal,Ralegaon,Unpaved,326.98
2019,Yavatmal,Ralegaon,Rock,42.1
2019,Yavatmal,Maregaon,Unpaved,147.7
2019,Yavatmal,Maregaon,Rock,102.69
2019,Yavatmal,Zari Jamani,Unpaved,154
2019,Yavatmal,Zari Jamani,Rock,60.25
2019,Yavatmal,Vani,Unpaved,289.07
2019,Yavatmal,Vani,Rock,107.57
2020,Yavatmal,Ner,Unpaved,375.6
2020,Yavatmal,Ner,Rock,106.27
2020,Yavatmal,Babhulgaon,Unpaved,127.25
2020,Yavatmal,Babhulgaon,Rock,26.9
2020,Yavatmal,Kalamb,Unpaved,328.62
2020,Yavatmal,Kalamb,Rock,21.35
2020,Yavatmal,Yavatmal,Unpaved,385.34
2020,Yavatmal,Yavatmal,Rock,95.56
2020,Yavatmal,Darvha,Unpaved,369.57
2020,Yavatmal,Darvha,Rock,68.13
2020,Yavatmal,Digras,Unpaved,165.01
2020,Yavatmal,Digras,Rock,86.59
2020,Yavatmal,Pusad,Unpaved,502.6
2020,Yavatmal,Pusad,Rock,115.54
2020,Yavatmal,Umarkhed,Unpaved,303.63
2020,Yavatmal,Umarkhed,Rock,196.66
2020,Yavatmal,Mahagaon,Unpaved,221.75
2020,Yavatmal,Mahagaon,Rock,85.83
2020,Yavatmal,Aarni,Unpaved,352.9
2020,Yavatmal,Aarni,Rock,75.87
2020,Yavatmal,Ghantaji,Unpaved,316.37
2020,Yavatmal,Ghantaji,Rock,72.85
2020,Yavatmal,Kelapur,Unpaved,228.78
2020,Yavatmal,Kelapur,Rock,21.98
2020,Yavatmal,Ralegaon,Unpaved,328.32
2020,Yavatmal,Ralegaon,Rock,41.1
2020,Yavatmal,Maregaon,Unpaved,147.7
2020,Yavatmal,Maregaon,Rock,102.69
2020,Yavatmal,Zari Jamani,Unpaved,154
2020,Yavatmal,Zari Jamani,Rock,60.25
2020,Yavatmal,Vani,Unpaved,283.57
2020,Yavatmal,Vani,Rock,103.22
2021,Yavatmal,Ner,Unpaved,375.8
2021,Yavatmal,Ner,Rock,105.04
2021,Yavatmal,Babhulgaon,Unpaved,124.25
2021,Yavatmal,Babhulgaon,Rock,26.9
2021,Yavatmal,Kalamb,Unpaved,328.62
2021,Yavatmal,Kalamb,Rock,21.35
2021,Yavatmal,Yavatmal,Unpaved,369
2021,Yavatmal,Yavatmal,Rock,95.56
2021,Yavatmal,Darvha,Unpaved,367.17
2021,Yavatmal,Darvha,Rock,65.83
2021,Yavatmal,Digras,Unpaved,163.01
2021,Yavatmal,Digras,Rock,86.59
2021,Yavatmal,Pusad,Unpaved,503.1
2021,Yavatmal,Pusad,Rock,122.54
2021,Yavatmal,Umarkhed,Unpaved,304.69
2021,Yavatmal,Umarkhed,Rock,168.7
2021,Yavatmal,Mahagaon,Unpaved,219.75
2021,Yavatmal,Mahagaon,Rock,84.68
2021,Yavatmal,Aarni,Unpaved,332.02
2021,Yavatmal,Aarni,Rock,73.39
2021,Yavatmal,Ghantaji,Unpaved,313.96
2021,Yavatmal,Ghantaji,Rock,72.55
2021,Yavatmal,Kelapur,Unpaved,253.1
2021,Yavatmal,Kelapur,Rock,46.65
2021,Yavatmal,Ralegaon,Unpaved,358.93
2021,Yavatmal,Ralegaon,Rock,41.1
2021,Yavatmal,Maregaon,Unpaved,147.7
2021,Yavatmal,Maregaon,Rock,102.69
2021,Yavatmal,Zari Jamani,Unpaved,154.55
2021,Yavatmal,Zari Jamani,Rock,60
2021,Yavatmal,Vani,Unpaved,325.78
2021,Yavatmal,Vani,Rock,104.26
