District,Year,Taluka,Annual Target for Artificial Insemination,Actual Artificial Insemination Numbers,Percentage of Artificial Insemination Target Achieved
Ahilyanagar,2012,Akole,16721.0,12206.33,73.0
Ahilyanagar,2012,Sangamner,25000.0,18250.0,83.0
Ahilyanagar,2012,Kopargaon,13000.0,9490.0,73.0
Ahilyanagar,2012,Rahata,17000.0,12410.0,78.0
Ahilyanagar,2012,Srirampur,11500.0,8395.0,78.0
Ahilyanagar,2012,Nevasa,23000.0,16790.0,82.0
Ahilyanagar,2012,Shevgaon,17500.0,12775.0,88.0
Ahilyanagar,2012,Pathardi,20000.0,14600.0,82.0
Ahilyanagar,2012,Nagar,26529.0,19366.17,91.0
Ahilyanagar,2012,Rahuri,19500.0,14235.0,82.0
Ahilyanagar,2012,Parner,21400.0,15622.0,96.0
Ahilyanagar,2012,Srigonda,26000.0,18980.0,82.0
Ahilyanagar,2012,Karjat,13091.0,9556.43,88.0
Ahilyanagar,2012,Jamkhed,11870.0,8665.1,94.0
Ahilyanagar,2013,Akole,17668.0,12897.64,73.89
Ahilyanagar,2013,Sangamner,27050.0,19746.5,80.01
Ahilyanagar,2013,Kopargaon,14030.0,10241.9,65.42
Ahilyanagar,2013,Rahata,17310.0,12636.3,79.8
Ahilyanagar,2013,Srirampur,14890.0,10869.7,58.489999999999995
Ahilyanagar,2013,Nevasa,24680.0,18016.4,77.61
Ahilyanagar,2013,Shevgaon,20110.0,14680.3,81.57
Ahilyanagar,2013,Pathardi,21590.0,15760.7,81.74
Ahilyanagar,2013,Nagar,26759.0,19534.07,90.29
Ahilyanagar,2013,Rahuri,23800.0,17374.0,64.52
Ahilyanagar,2013,Parner,24320.0,17753.6,95.24
Ahilyanagar,2013,Srigonda,27210.0,19863.3,84.35
Ahilyanagar,2013,Karjat,17000.0,12410.0,64.14
Ahilyanagar,2013,Jamkhed,13280.0,9694.4,88.52
Ahilyanagar,2014,Akole,17668.0,12897.64,84.33
Ahilyanagar,2014,Sangamner,27050.0,19746.5,80.82
Ahilyanagar,2014,Kopargaon,14030.0,10241.9,66.4
Ahilyanagar,2014,Rahata,17310.0,12636.3,78.51
Ahilyanagar,2014,Srirampur,14890.0,10869.7,64.37
Ahilyanagar,2014,Nevasa,24680.0,18016.4,82.26
Ahilyanagar,2014,Shevgaon,20110.0,14680.3,92.5
Ahilyanagar,2014,Pathardi,21590.0,15760.7,88.93
Ahilyanagar,2014,Nagar,26759.0,19534.07,93.08
Ahilyanagar,2014,Rahuri,23800.0,17374.0,70.69
Ahilyanagar,2014,Parner,24320.0,17753.6,106.37
Ahilyanagar,2014,Srigonda,27210.0,19863.3,87.52
Ahilyanagar,2014,Karjat,17000.0,12410.0,63.83
Ahilyanagar,2014,Jamkhed,13280.0,9694.4,90.8
Ahilyanagar,2015,Akole,26740.0,19520.2,66.3
Ahilyanagar,2015,Sangamner,30424.0,22209.52,67.45
Ahilyanagar,2015,Kopargaon,17499.0,12774.27,58.81000000000001
Ahilyanagar,2015,Rahata,21354.0,15588.42,67.36
Ahilyanagar,2015,Srirampur,18100.0,13213.0,60.29
Ahilyanagar,2015,Nevasa,28135.0,20538.55,58.18
Ahilyanagar,2015,Shevgaon,22388.0,16343.24,77.69
Ahilyanagar,2015,Pathardi,24067.0,17568.91,72.56
Ahilyanagar,2015,Nagar,31493.0,22989.89,71.53
Ahilyanagar,2015,Rahuri,27797.0,20291.81,65.2
Ahilyanagar,2015,Parner,29325.0,21407.25,83.5
Ahilyanagar,2015,Srigonda,30437.0,22219.01,68.29
Ahilyanagar,2015,Karjat,19380.0,14147.4,46.2
Ahilyanagar,2015,Jamkhed,15061.0,10994.53,73.81
Ahilyanagar,2016,Akole,25200.0,18396.0,60.150000000000006
Ahilyanagar,2016,Sangamner,29859.0,21797.07,65.29
Ahilyanagar,2016,Kopargaon,15749.0,11496.77,54.230000000000004
Ahilyanagar,2016,Rahata,19104.0,13945.92,61.59
Ahilyanagar,2016,Srirampur,16541.0,12074.93,50.2
Ahilyanagar,2016,Nevasa,28135.0,20538.55,49.87
Ahilyanagar,2016,Shevgaon,22388.0,16343.24,66.18
Ahilyanagar,2016,Pathardi,24067.0,17568.91,61.1
Ahilyanagar,2016,Nagar,30298.0,22117.54,64.24
Ahilyanagar,2016,Rahuri,26166.0,19101.18,57.489999999999995
Ahilyanagar,2016,Parner,26975.0,19691.75,77.48
Ahilyanagar,2016,Srigonda,30437.0,22219.01,62.33
Ahilyanagar,2016,Karjat,19380.0,14147.4,45.49
Ahilyanagar,2016,Jamkhed,15061.0,10994.53,70.83
Ahilyanagar,2017,Akole,45369.0,33119.37,40.42
Ahilyanagar,2017,Sangamner,111745.0,81573.85,18.44
Ahilyanagar,2017,Kopargaon,45008.0,32855.84,22.0
Ahilyanagar,2017,Rahata,53027.0,38709.71,26.69
Ahilyanagar,2017,Srirampur,52915.0,38627.95,17.95
Ahilyanagar,2017,Nevasa,66922.0,48853.06,24.86
Ahilyanagar,2017,Shevgaon,40772.0,29763.56,37.97
Ahilyanagar,2017,Pathardi,56582.0,41304.86,29.69
Ahilyanagar,2017,Nagar,77019.0,56223.87,24.4
Ahilyanagar,2017,Rahuri,86378.0,63055.94,18.58
Ahilyanagar,2017,Parner,80042.0,58430.66,26.6
Ahilyanagar,2017,Srigonda,88359.0,64502.07,21.95
Ahilyanagar,2017,Karjat,61899.0,45186.27,12.710000000000003
Ahilyanagar,2017,Jamkhed,34368.0,25088.64,35.04
Ahilyanagar,2018,Akole,52205.0,38109.65,30.29
Ahilyanagar,2018,Sangamner,132478.0,96708.94,16.14
Ahilyanagar,2018,Kopargaon,45756.0,33401.88,18.31
Ahilyanagar,2018,Rahata,50912.0,37165.76,22.78
Ahilyanagar,2018,Srirampur,52486.0,38314.78,17.75
Ahilyanagar,2018,Nevasa,79979.0,58384.67,21.55
Ahilyanagar,2018,Shevgaon,48570.0,35456.1,29.2
Ahilyanagar,2018,Pathardi,64418.0,47025.14,26.979999999999997
Ahilyanagar,2018,Nagar,75695.0,55257.35,25.71
Ahilyanagar,2018,Rahuri,85189.0,62187.97,18.55
Ahilyanagar,2018,Parner,87934.0,64191.82,24.62
Ahilyanagar,2018,Srigonda,101030.0,73751.9,18.47
Ahilyanagar,2018,Karjat,73850.0,53910.5,8.66
Ahilyanagar,2018,Jamkhed,41106.0,30007.38,27.62
Ahilyanagar,2019,Akole,25705.0,18764.65,59.24
Ahilyanagar,2019,Sangamner,32759.0,23914.07,61.8
Ahilyanagar,2019,Kopargaon,13257.0,9677.61,58.96
Ahilyanagar,2019,Rahata,18528.0,13525.44,59.39
Ahilyanagar,2019,Srirampur,15554.0,11354.42,55.279999999999994
Ahilyanagar,2019,Nevasa,26623.0,19434.79,51.190000000000005
Ahilyanagar,2019,Shevgaon,21678.0,15824.94,74.37
Ahilyanagar,2019,Pathardi,26049.0,19015.77,79.31
Ahilyanagar,2019,Nagar,30894.0,22552.62,79.17
Ahilyanagar,2019,Rahuri,26214.0,19136.22,64.23
Ahilyanagar,2019,Parner,37839.0,27622.47,62.51
Ahilyanagar,2019,Srigonda,28659.0,20921.07,66.01
Ahilyanagar,2019,Karjat,9100.0,6643.0,112.75
Ahilyanagar,2019,Jamkhed,18500.0,13505.0,41.69
Ahilyanagar,2020,Akole,25705.0,18764.65,54.89999999999999
Ahilyanagar,2020,Sangamner,32759.0,23914.07,56.39999999999999
Ahilyanagar,2020,Kopargaon,13257.0,9677.61,40.7
Ahilyanagar,2020,Rahata,18528.0,13525.44,56.00000000000001
Ahilyanagar,2020,Srirampur,15554.0,11354.42,45.8
Ahilyanagar,2020,Nevasa,26623.0,19434.79,52.400000000000006
Ahilyanagar,2020,Shevgaon,21678.0,15824.94,59.4
Ahilyanagar,2020,Pathardi,26049.0,19015.77,60.199999999999996
Ahilyanagar,2020,Nagar,30894.0,22552.62,56.7
Ahilyanagar,2020,Rahuri,26214.0,19136.22,63.0
Ahilyanagar,2020,Parner,37839.0,27622.47,47.9
Ahilyanagar,2020,Srigonda,28659.0,20921.07,45.7
Ahilyanagar,2020,Karjat,9100.0,6643.0,64.8
Ahilyanagar,2020,Jamkhed,18500.0,13505.0,29.4
Ahilyanagar,2021,Akole,25705.0,18764.65,47.8
Ahilyanagar,2021,Sangamner,32759.0,23914.07,47.8
Ahilyanagar,2021,Kopargaon,13257.0,9677.61,36.1
Ahilyanagar,2021,Rahata,18528.0,13525.44,56.8
Ahilyanagar,2021,Srirampur,15554.0,11354.42,43.5
Ahilyanagar,2021,Nevasa,26623.0,19434.79,48.5
Ahilyanagar,2021,Shevgaon,21678.0,15824.94,47.7
Ahilyanagar,2021,Pathardi,26049.0,19015.77,50.7
Ahilyanagar,2021,Nagar,30894.0,22552.62,47.4
Ahilyanagar,2021,Rahuri,26214.0,19136.22,57.9
Ahilyanagar,2021,Parner,37839.0,27622.47,44.6
Ahilyanagar,2021,Srigonda,28659.0,20921.07,33.7
Ahilyanagar,2021,Karjat,9100.0,6643.0,42.5
Ahilyanagar,2021,Jamkhed,18500.0,13505.0,25.3
Akola,2012,Telhara,5457.0,3983.61,62.0
Akola,2012,Akot,7556.0,5515.88,53.0
Akola,2012,Balapur,5971.0,4358.83,51.0
Akola,2012,Akola,10198.0,7444.54,63.0
Akola,2012,Murtijapur,4737.0,3458.01,64.0
Akola,2012,Patur,4153.0,3031.69,47.0
Akola,2012,Barshitakali,5634.0,4112.82,47.0
Akola,2013,Telhara,5457.0,3983.61,59.040000000000006
Akola,2013,Akot,7556.0,5515.88,50.54
Akola,2013,Balapur,5971.0,4358.83,51.129999999999995
Akola,2013,Akola,10198.0,7444.54,54.6
Akola,2013,Murtijapur,4737.0,3458.01,65.17
Akola,2013,Patur,4153.0,3031.69,50.13999999999999
Akola,2013,Barshitakali,5634.0,4112.82,58.20000000000001
Akola,2014,Telhara,5457.0,3983.61,61.0
Akola,2014,Akot,7556.0,5515.88,51.0
Akola,2014,Balapur,5971.0,4358.83,52.0
Akola,2014,Akola,10198.0,7444.54,56.00000000000001
Akola,2014,Murtijapur,4737.0,3458.01,67.0
Akola,2014,Patur,4153.0,3031.69,52.0
Akola,2014,Barshitakali,5634.0,4112.82,56.99999999999999
Akola,2015,Telhara,5400.0,3942.0,68.0
Akola,2015,Akot,9900.0,7227.0,44.0
Akola,2015,Balapur,9000.0,6570.0,35.0
Akola,2015,Akola,18900.0,13797.0,44.0
Akola,2015,Murtijapur,8100.0,5913.0,20.0
Akola,2015,Patur,7200.0,5256.0,25.0
Akola,2015,Barshitakali,7200.0,5256.0,28.999999999999996
Akola,2016,Telhara,5400.0,3942.0,64.0
Akola,2016,Akot,9900.0,7227.0,42.0
Akola,2016,Balapur,9000.0,6570.0,34.0
Akola,2016,Akola,18900.0,13797.0,44.0
Akola,2016,Murtijapur,8100.0,5913.0,19.0
Akola,2016,Patur,7200.0,5256.0,23.0
Akola,2016,Barshitakali,8100.0,5913.0,25.0
Akola,2017,Telhara,5400.0,3942.0,63.29
Akola,2017,Akot,9900.0,7227.0,38.69
Akola,2017,Balapur,9000.0,6570.0,26.14
Akola,2017,Akola,18900.0,13797.0,38.71
Akola,2017,Murtijapur,8100.0,5913.0,18.71
Akola,2017,Patur,7200.0,5256.0,22.15
Akola,2017,Barshitakali,8100.0,5913.0,29.87
Akola,2018,Telhara,15576.0,11370.48,25.180000000000003
Akola,2018,Akot,18828.0,13744.44,24.81
Akola,2018,Balapur,15161.0,11067.53,15.049999999999999
Akola,2018,Akola,16128.0,11773.44,43.75
Akola,2018,Murtijapur,16793.0,12258.89,8.85
Akola,2018,Patur,11021.0,8045.33,11.89
Akola,2018,Barshitakali,14943.0,10908.39,13.140000000000002
Akola,2019,Telhara,5498.0,4013.54,76.45
Akola,2019,Akot,4631.0,3380.63,86.35
Akola,2019,Balapur,3402.0,2483.46,70.31
Akola,2019,Akola,9620.0,7022.6,71.15
Akola,2019,Murtijapur,2156.0,1573.88,58.26
Akola,2019,Patur,2146.0,1566.58,55.59
Akola,2019,Barshitakali,2746.0,2004.58,62.31
Akola,2020,Telhara,5830.0,4255.9,78.71
Akola,2020,Akot,5596.0,4085.08,86.76
Akola,2020,Balapur,3310.0,2416.3,63.629999999999995
Akola,2020,Akola,11056.0,8070.88,68.3
Akola,2020,Murtijapur,2179.0,1590.67,70.35
Akola,2020,Patur,1893.0,1381.89,61.480000000000004
Akola,2020,Barshitakali,4081.0,2979.13,77.85
Akola,2021,Telhara,5000.0,3650.0,37.02
Akola,2021,Akot,5500.0,4015.0,46.33
Akola,2021,Balapur,4000.0,2920.0,21.23
Akola,2021,Akola,8500.0,6205.0,71.5
Akola,2021,Murtijapur,3500.0,2555.0,15.960000000000003
Akola,2021,Patur,3000.0,2190.0,11.74
Akola,2021,Barshitakali,4395.0,3208.35,29.15
Amravati,2012,Dharani,300.0,219.0,28.999999999999996
Amravati,2012,Chikhraldara,200.0,146.0,15.0
Amravati,2012,Anjangaon Su,2500.0,1825.0,64.0
Amravati,2012,Achalpur,3000.0,2190.0,44.0
Amravati,2012,Chandurbazar,3000.0,2190.0,78.0
Amravati,2012,Morshi,1300.0,949.0,71.0
Amravati,2012,Warud,3100.0,2263.0,70.0
Amravati,2012,Tivas,2000.0,1460.0,68.0
Amravati,2012,Amravati,2500.0,1825.0,60.0
Amravati,2012,Bhatkuli,1900.0,1387.0,50.0
Amravati,2012,Daryapur,2800.0,2044.0,68.0
Amravati,2012,Nandgaon Kh,2000.0,1460.0,50.0
Amravati,2012,Chandur Railway,1200.0,876.0,108.0
Amravati,2012,Dhamangaon Re,2300.0,1679.0,35.0
Amravati,2013,Dharani,300.0,219.0,46.5
Amravati,2013,Chikhraldara,200.0,146.0,25.0
Amravati,2013,Anjangaon Su,4000.0,2920.0,56.49999999999999
Amravati,2013,Achalpur,3000.0,2190.0,70.36
Amravati,2013,Chandurbazar,5000.0,3650.0,81.06
Amravati,2013,Morshi,1800.0,1314.0,76.77
Amravati,2013,Warud,5000.0,3650.0,82.32
Amravati,2013,Tivas,2500.0,1825.0,82.0
Amravati,2013,Amravati,3800.0,2774.0,61.0
Amravati,2013,Bhatkuli,2500.0,1825.0,55.00000000000001
Amravati,2013,Daryapur,4200.0,3066.0,71.0
Amravati,2013,Nandgaon Kh,2500.0,1825.0,57.71999999999999
Amravati,2013,Chandur Railway,1500.0,1095.0,67.53
Amravati,2013,Dhamangaon Re,2000.0,1460.0,54.04
Amravati,2014,Dharani,335.0,244.55,30.45
Amravati,2014,Chikhraldara,335.0,244.55,17.91
Amravati,2014,Anjangaon Su,3779.0,2758.67,61.970000000000006
Amravati,2014,Achalpur,2925.0,2135.25,70.15
Amravati,2014,Chandurbazar,4795.0,3500.35,81.69
Amravati,2014,Morshi,1865.0,1361.45,81.39
Amravati,2014,Warud,4835.0,3529.55,89.89
Amravati,2014,Tivas,2785.0,2033.05,71.17
Amravati,2014,Amravati,3335.0,2434.55,81.44
Amravati,2014,Bhatkuli,2015.0,1470.95,75.03
Amravati,2014,Daryapur,3435.0,2507.55,91.67
Amravati,2014,Nandgaon Kh,2682.0,1957.86,62.75999999999999
Amravati,2014,Chandur Railway,1785.0,1303.05,64.2
Amravati,2014,Dhamangaon Re,2280.0,1664.4,51.800000000000004
Amravati,2015,Dharani,14400.0,10512.0,3.5000000000000004
Amravati,2015,Chikhraldara,16200.0,11826.0,0.72
Amravati,2015,Anjangaon Su,9900.0,7227.0,37.53
Amravati,2015,Achalpur,11700.0,8541.0,26.200000000000003
Amravati,2015,Chandurbazar,11700.0,8541.0,29.24
Amravati,2015,Morshi,9900.0,7227.0,35.1
Amravati,2015,Warud,11700.0,8541.0,42.82
Amravati,2015,Tivas,8100.0,5913.0,36.11
Amravati,2015,Amravati,11700.0,8541.0,40.1
Amravati,2015,Bhatkuli,7200.0,5256.0,28.970000000000002
Amravati,2015,Daryapur,15300.0,11169.0,38.23
Amravati,2015,Nandgaon Kh,9000.0,6570.0,20.05
Amravati,2015,Chandur Railway,7200.0,5256.0,39.15
Amravati,2015,Dhamangaon Re,7200.0,5256.0,20.55
Amravati,2016,Dharani,14400.0,10512.0,2.3
Amravati,2016,Chikhraldara,16200.0,11826.0,0.65
Amravati,2016,Anjangaon Su,9900.0,7227.0,37.2
Amravati,2016,Achalpur,11700.0,8541.0,35.6
Amravati,2016,Chandurbazar,11700.0,8541.0,33.1
Amravati,2016,Morshi,9900.0,7227.0,33.2
Amravati,2016,Warud,11700.0,8541.0,43.4
Amravati,2016,Tivas,8100.0,5913.0,39.0
Amravati,2016,Amravati,11700.0,8541.0,38.6
Amravati,2016,Bhatkuli,7200.0,5256.0,46.0
Amravati,2016,Daryapur,15300.0,11169.0,34.8
Amravati,2016,Nandgaon Kh,9000.0,6570.0,27.500000000000004
Amravati,2016,Chandur Railway,7200.0,5256.0,38.2
Amravati,2016,Dhamangaon Re,7200.0,5256.0,35.4
Amravati,2017,Dharani,20000.0,14600.0,2.0
Amravati,2017,Chikhraldara,21600.0,15768.0,0.52
Amravati,2017,Anjangaon Su,15500.0,11315.0,26.76
Amravati,2017,Achalpur,23000.0,16790.0,21.97
Amravati,2017,Chandurbazar,16890.0,12329.7,26.729999999999997
Amravati,2017,Morshi,21000.0,15330.0,16.0
Amravati,2017,Warud,15700.0,11461.0,35.97
Amravati,2017,Tivas,12500.0,9125.0,29.92
Amravati,2017,Amravati,26500.0,19345.0,18.84
Amravati,2017,Bhatkuli,12600.0,9198.0,21.4
Amravati,2017,Daryapur,23000.0,16790.0,21.28
Amravati,2017,Nandgaon Kh,12000.0,8760.0,23.09
Amravati,2017,Chandur Railway,26000.0,18980.0,10.22
Amravati,2017,Dhamangaon Re,12000.0,8760.0,25.420000000000005
Amravati,2018,Dharani,25000.0,18250.0,1.42
Amravati,2018,Chikhraldara,23600.0,17228.0,0.3
Amravati,2018,Anjangaon Su,18500.0,13505.0,21.76
Amravati,2018,Achalpur,27500.0,20075.0,17.5
Amravati,2018,Chandurbazar,21500.0,15695.0,21.5
Amravati,2018,Morshi,23000.0,16790.0,13.320000000000002
Amravati,2018,Warud,17000.0,12410.0,31.97
Amravati,2018,Tivas,15000.0,10950.0,22.89
Amravati,2018,Amravati,28500.0,20805.0,15.839999999999998
Amravati,2018,Bhatkuli,14500.0,10585.0,18.45
Amravati,2018,Daryapur,24000.0,17520.0,19.38
Amravati,2018,Nandgaon Kh,14328.0,10459.44,19.36
Amravati,2018,Chandur Railway,27000.0,19710.0,8.87
Amravati,2018,Dhamangaon Re,14500.0,10585.0,20.42
Amravati,2019,Dharani,6366.0,4647.18,45.5
Amravati,2019,Chikhraldara,3530.0,2576.9,42.5
Amravati,2019,Anjangaon Su,3390.0,2474.7,78.25
Amravati,2019,Achalpur,5717.0,4173.41,82.3
Amravati,2019,Chandurbazar,6221.0,4541.33,79.7
Amravati,2019,Morshi,4923.0,3593.79,87.2
Amravati,2019,Warud,6941.0,5066.93,82.3
Amravati,2019,Tivas,3460.0,2525.8,79.2
Amravati,2019,Amravati,5927.0,4326.71,87.9
Amravati,2019,Bhatkuli,2674.0,1952.02,86.6
Amravati,2019,Daryapur,4773.0,3484.29,74.3
Amravati,2019,Nandgaon Kh,5044.0,3682.12,62.8
Amravati,2019,Chandur Railway,2481.0,1811.13,81.3
Amravati,2019,Dhamangaon Re,4501.0,3285.73,79.7
Amravati,2020,Dharani,6366.0,4647.18,3.05
Amravati,2020,Chikhraldara,3530.0,2576.9,4.99
Amravati,2020,Anjangaon Su,3390.0,2474.7,153.78
Amravati,2020,Achalpur,5717.0,4173.41,71.84
Amravati,2020,Chandurbazar,6221.0,4541.33,48.55
Amravati,2020,Morshi,4923.0,3593.79,76.52
Amravati,2020,Warud,6941.0,5066.93,76.06
Amravati,2020,Tivas,3460.0,2525.8,71.76
Amravati,2020,Amravati,5927.0,4326.71,96.32
Amravati,2020,Bhatkuli,2674.0,1952.02,55.05
Amravati,2020,Daryapur,4773.0,3484.29,100.51999999999998
Amravati,2020,Nandgaon Kh,5044.0,3682.12,39.95
Amravati,2020,Chandur Railway,2481.0,1811.13,193.23
Amravati,2020,Dhamangaon Re,4501.0,3285.73,50.61
Amravati,2021,Dharani,3926.0,2865.98,5.04
Amravati,2021,Chikhraldara,2304.0,1681.92,3.9
Amravati,2021,Anjangaon Su,3917.0,2859.41,128.9
Amravati,2021,Achalpur,3989.0,2911.97,54.02
Amravati,2021,Chandurbazar,5999.0,4379.27,59.0
Amravati,2021,Morshi,3505.0,2558.65,124.9
Amravati,2021,Warud,6043.0,4411.39,65.05
Amravati,2021,Tivas,4114.0,3003.22,118.02
Amravati,2021,Amravati,4065.0,2967.45,95.0
Amravati,2021,Bhatkuli,3651.0,2665.23,104.5
Amravati,2021,Daryapur,3790.0,2766.7,98.9
Amravati,2021,Nandgaon Kh,4940.0,3606.2,70.0
Amravati,2021,Chandur Railway,2567.0,1873.91,110.1
Amravati,2021,Dhamangaon Re,4230.0,3087.9,78.9
Beed,2013,Ashti,18187.0,13276.51,72.97
Beed,2013,Patoda,8445.0,6164.85,72.49
Beed,2013,Shirur Kasar,3890.0,2839.7,95.16
Beed,2013,Gevrai,3670.0,2679.1,76.29
Beed,2013,Majalgaon,3360.0,2452.8,56.38999999999999
Beed,2013,Wadwani,2000.0,1460.0,39.0
Beed,2013,Beed,16419.0,11985.87,50.84000000000001
Beed,2013,Cage,8690.0,6343.7,98.42
Beed,2013,Dharur,1700.0,1241.0,20.17
Beed,2013,Parli,3670.0,2679.1,73.46
Beed,2013,Ambajogai,7060.0,5153.8,106.0
Beed,2014,Ashti,19791.0,14447.43,72.49
Beed,2014,Patoda,8840.0,6453.2,66.98
Beed,2014,Shirur Kasar,4598.0,3356.54,93.39
Beed,2014,Gevrai,3115.0,2273.95,87.77
Beed,2014,Majalgaon,2810.0,2051.3,72.6
Beed,2014,Wadwani,830.0,605.9,99.64
Beed,2014,Beed,18326.0,13377.98,51.080000000000005
Beed,2014,Cage,12394.0,9047.62,75.21
Beed,2014,Dharur,770.0,562.1,72.99
Beed,2014,Parli,2815.0,2054.95,132.61
Beed,2014,Ambajogai,10505.0,7668.65,82.3
Beed,2015,Ashti,18900.0,13797.0,62.480000000000004
Beed,2015,Patoda,10800.0,7884.0,52.17
Beed,2015,Shirur Kasar,7200.0,5256.0,59.01
Beed,2015,Gevrai,9900.0,7227.0,29.080000000000002
Beed,2015,Majalgaon,9000.0,6570.0,31.97
Beed,2015,Wadwani,5400.0,3942.0,16.89
Beed,2015,Beed,17100.0,12483.0,53.67999999999999
Beed,2015,Cage,15300.0,11169.0,62.13000000000001
Beed,2015,Dharur,4500.0,3285.0,12.04
Beed,2015,Parli,9900.0,7227.0,34.06
Beed,2015,Ambajogai,18000.0,13140.0,46.69
Beed,2016,Ashti,18900.0,13797.0,79.39
Beed,2016,Patoda,10800.0,7884.0,49.55
Beed,2016,Shirur Kasar,7200.0,5256.0,56.00000000000001
Beed,2016,Gevrai,9900.0,7227.0,35.69
Beed,2016,Majalgaon,9000.0,6570.0,35.35
Beed,2016,Wadwani,5400.0,3942.0,14.7
Beed,2016,Beed,17100.0,12483.0,42.1
Beed,2016,Cage,15300.0,11169.0,56.230000000000004
Beed,2016,Dharur,4500.0,3285.0,16.57
Beed,2016,Parli,9900.0,7227.0,38.16
Beed,2016,Ambajogai,18000.0,13140.0,45.62
Beed,2017,Ashti,54321.0,39654.33,31.11
Beed,2017,Patoda,21721.0,15856.33,21.06
Beed,2017,Shirur Kasar,22579.0,16482.67,17.53
Beed,2017,Gevrai,9564.0,6981.72,39.67
Beed,2017,Majalgaon,21687.0,15831.51,20.66
Beed,2017,Wadwani,8931.0,6519.63,11.23
Beed,2017,Beed,35962.0,26252.26,19.95
Beed,2017,Cage,34855.0,25444.15,26.32
Beed,2017,Dharur,16416.0,11983.68,4.32
Beed,2017,Parli,23482.0,17141.86,16.03
Beed,2017,Ambajogai,28519.0,20818.87,16.68
Beed,2018,Ashti,60989.0,44521.97,28.000000000000004
Beed,2018,Patoda,25014.0,18260.22,16.0
Beed,2018,Shirur Kasar,24925.0,18195.25,19.0
Beed,2018,Gevrai,12935.0,9442.55,35.0
Beed,2018,Majalgaon,23470.0,17133.1,20.0
Beed,2018,Wadwani,10004.0,7302.92,12.0
Beed,2018,Beed,41139.0,30031.47,22.0
Beed,2018,Cage,39508.0,28840.84,24.0
Beed,2018,Dharur,17790.0,12986.7,9.0
Beed,2018,Parli,26822.0,19580.06,19.0
Beed,2018,Ambajogai,33595.0,24524.35,28.999999999999996
Beed,2019,Ashti,29010.0,21177.3,73.0
Beed,2019,Patoda,6532.0,4768.36,76.0
Beed,2019,Shirur Kasar,7573.0,5528.29,52.0
Beed,2019,Gevrai,6132.0,4476.36,35.0
Beed,2019,Majalgaon,6187.0,4516.51,61.0
Beed,2019,Wadwani,1735.0,1266.55,85.0
Beed,2019,Beed,13802.0,10075.46,63.0
Beed,2019,Cage,15377.0,11225.21,59.0
Beed,2019,Dharur,2215.0,1616.95,61.0
Beed,2019,Parli,7140.0,5212.2,69.0
Beed,2019,Ambajogai,14191.0,10359.43,68.0
Beed,2020,Ashti,29010.0,21177.3,37.0
Beed,2020,Patoda,6532.0,4768.36,65.0
Beed,2020,Shirur Kasar,7573.0,5528.29,51.0
Beed,2020,Gevrai,6132.0,4476.36,80.0
Beed,2020,Majalgaon,6187.0,4516.51,54.0
Beed,2020,Wadwani,1735.0,1266.55,59.0
Beed,2020,Beed,13802.0,10075.46,59.0
Beed,2020,Cage,15377.0,11225.21,53.0
Beed,2020,Dharur,2215.0,1616.95,31.0
Beed,2020,Parli,7140.0,5212.2,66.0
Beed,2020,Ambajogai,14191.0,10359.43,70.0
Beed,2021,Ashti,29010.0,21177.3,38.8
Beed,2021,Patoda,6532.0,4768.36,60.15999999999999
Beed,2021,Shirur Kasar,7573.0,5528.29,53.0
Beed,2021,Gevrai,6132.0,4476.36,80.0
Beed,2021,Majalgaon,6187.0,4516.51,44.52
Beed,2021,Wadwani,1735.0,1266.55,35.21
Beed,2021,Beed,13802.0,10075.46,53.0
Beed,2021,Cage,15377.0,11225.21,50.0
Beed,2021,Dharur,2215.0,1616.95,46.0
Beed,2021,Parli,7140.0,5212.2,49.0
Beed,2021,Ambajogai,14191.0,10359.43,52.300000000000004
Bhandara,2012,Tumsar,4047.0,2954.31,80.8
Bhandara,2012,Mohadi,5826.0,4252.98,104.5
Bhandara,2012,Bhandara,6648.0,4853.04,120.30000000000001
Bhandara,2012,Sakoli,5152.0,3760.96,98.4
Bhandara,2012,Lakhani,3406.0,2486.38,122.9
Bhandara,2012,Pavani,6962.0,5082.26,117.30000000000001
Bhandara,2012,Lakhandur,4149.0,3028.77,113.7
Bhandara,2013,Tumsar,6521.0,4760.33,58.599999999999994
Bhandara,2013,Mohadi,8379.0,6116.67,88.5
Bhandara,2013,Bhandara,12300.0,8979.0,76.3
Bhandara,2013,Sakoli,9350.0,6825.5,86.3
Bhandara,2013,Lakhani,4900.0,3577.0,61.9
Bhandara,2013,Pavani,13300.0,9709.0,90.6
Bhandara,2013,Lakhandur,7850.0,5730.5,89.2
Bhandara,2014,Tumsar,7530.0,5496.9,51.300000000000004
Bhandara,2014,Mohadi,8115.0,5923.95,97.9
Bhandara,2014,Bhandara,14527.0,10604.71,79.3
Bhandara,2014,Sakoli,8279.0,6043.67,95.2
Bhandara,2014,Lakhani,6825.0,4982.25,84.0
Bhandara,2014,Pavani,13040.0,9519.2,93.3
Bhandara,2014,Lakhandur,8134.0,5937.82,85.5
Bhandara,2015,Tumsar,5600.0,4088.0,75.9
Bhandara,2015,Mohadi,7125.0,5201.25,132.4
Bhandara,2015,Bhandara,12470.0,9103.1,88.2
Bhandara,2015,Sakoli,8325.0,6077.25,84.1
Bhandara,2015,Lakhani,6625.0,4836.25,76.8
Bhandara,2015,Pavani,9165.0,6690.45,158.0
Bhandara,2015,Lakhandur,6690.0,4883.7,112.6
Bhandara,2016,Tumsar,6954.0,5076.42,93.0
Bhandara,2016,Mohadi,8545.0,6237.85,88.7
Bhandara,2016,Bhandara,12632.0,9221.36,95.9
Bhandara,2016,Sakoli,7241.0,5285.93,105.90000000000002
Bhandara,2016,Lakhani,6650.0,4854.5,125.6
Bhandara,2016,Pavani,11636.0,8494.28,140.5
Bhandara,2016,Lakhandur,6347.0,4633.31,107.59999999999998
Bhandara,2017,Tumsar,22116.0,16144.68,24.1
Bhandara,2017,Mohadi,20020.0,14614.6,45.3
Bhandara,2017,Bhandara,23992.0,17514.16,59.20000000000001
Bhandara,2017,Sakoli,14455.0,10552.15,56.99999999999999
Bhandara,2017,Lakhani,12447.0,9086.31,63.1
Bhandara,2017,Pavani,18314.0,13369.22,76.3
Bhandara,2017,Lakhandur,13233.0,9660.09,61.3
Bhandara,2018,Tumsar,25990.0,18972.7,22.65
Bhandara,2018,Mohadi,23626.0,17246.98,36.08
Bhandara,2018,Bhandara,23983.0,17507.59,56.07
Bhandara,2018,Sakoli,16981.0,12396.13,44.61
Bhandara,2018,Lakhani,14163.0,10338.99,61.58
Bhandara,2018,Pavani,21475.0,15676.75,70.01
Bhandara,2018,Lakhandur,15548.0,11350.04,55.93
Bhandara,2019,Tumsar,8749.0,6386.77,63.9
Bhandara,2019,Mohadi,13943.0,10178.39,57.76
Bhandara,2019,Bhandara,20760.0,15154.8,65.6
Bhandara,2019,Sakoli,11609.0,8474.57,61.85000000000001
Bhandara,2019,Lakhani,13202.0,9637.46,73.08
Bhandara,2019,Pavani,19961.0,14571.53,73.14
Bhandara,2019,Lakhandur,13187.0,9626.51,68.26
Bhandara,2020,Tumsar,8152.0,5950.96,84.14
Bhandara,2020,Mohadi,12727.0,9290.71,64.98
Bhandara,2020,Bhandara,20171.0,14724.83,66.05
Bhandara,2020,Sakoli,10976.0,8012.48,67.44
Bhandara,2020,Lakhani,15174.0,11077.02,67.92
Bhandara,2020,Pavani,23133.0,16887.09,60.43999999999999
Bhandara,2020,Lakhandur,13768.0,10050.64,63.89
Bhandara,2021,Tumsar,9412.0,6870.76,61.24000000000001
Bhandara,2021,Mohadi,12851.0,9381.23,58.3
Bhandara,2021,Bhandara,20226.0,14764.98,60.0
Bhandara,2021,Sakoli,10502.0,7666.46,67.54
Bhandara,2021,Lakhani,16775.0,12245.75,59.0
Bhandara,2021,Pavani,23162.0,16908.26,54.32
Bhandara,2021,Lakhandur,12925.0,9435.25,62.92
Buldhana,2013,Jalgaon Jamod,2616.0,1909.68,92.5
Buldhana,2013,Sangrampur,3431.0,2504.63,78.66
Buldhana,2013,Shegaon,3023.0,2206.79,65.46
Buldhana,2013,Nandura,3433.0,2506.09,104.91999999999999
Buldhana,2013,Malkapur,3627.0,2647.71,107.98999999999998
Buldhana,2013,Motala,4848.0,3539.04,52.53
Buldhana,2013,Khamgaon,6809.0,4970.57,54.89999999999999
Buldhana,2013,Mehkar,9871.0,7205.83,47.12
Buldhana,2013,Chikhali,7552.0,5512.96,56.279999999999994
Buldhana,2013,Buldana,6959.0,5080.07,71.45
Buldhana,2013,Deulgaon Raja,2224.0,1623.52,83.54
Buldhana,2013,Sindkhed Raja,3229.0,2357.17,75.78
Buldhana,2013,Lonar,3428.0,2502.44,47.99
Buldhana,2014,Jalgaon Jamod,1798.0,1312.54,110.9
Buldhana,2014,Sangrampur,3754.0,2740.42,81.2
Buldhana,2014,Shegaon,2653.0,1936.69,60.199999999999996
Buldhana,2014,Nandura,3755.0,2741.15,95.1
Buldhana,2014,Malkapur,3346.0,2442.58,106.4
Buldhana,2014,Motala,5308.0,3874.84,42.2
Buldhana,2014,Khamgaon,6855.0,5004.15,59.0
Buldhana,2014,Mehkar,10227.0,7465.71,44.7
Buldhana,2014,Chikhali,7335.0,5354.55,52.2
Buldhana,2014,Buldana,7081.0,5169.13,66.9
Buldhana,2014,Deulgaon Raja,2413.0,1761.49,88.0
Buldhana,2014,Sindkhed Raja,3550.0,2591.5,59.699999999999996
Buldhana,2014,Lonar,3792.0,2768.16,66.3
Buldhana,2015,Jalgaon Jamod,900.0,657.0,100.2
Buldhana,2015,Sangrampur,0.0,0.0,0.0
Buldhana,2015,Shegaon,900.0,657.0,66.2
Buldhana,2015,Nandura,0.0,0.0,0.0
Buldhana,2015,Malkapur,900.0,657.0,56.00000000000001
Buldhana,2015,Motala,0.0,0.0,0.0
Buldhana,2015,Khamgaon,900.0,657.0,45.0
Buldhana,2015,Mehkar,900.0,657.0,44.7
Buldhana,2015,Chikhali,900.0,657.0,0.0
Buldhana,2015,Buldana,900.0,657.0,41.1
Buldhana,2015,Deulgaon Raja,0.0,0.0,0.0
Buldhana,2015,Sindkhed Raja,0.0,0.0,0.0
Buldhana,2015,Lonar,0.0,0.0,0.0
Buldhana,2016,Jalgaon Jamod,12600.0,9198.0,43.09
Buldhana,2016,Sangrampur,13500.0,9855.0,26.47
Buldhana,2016,Shegaon,3600.0,2628.0,74.53
Buldhana,2016,Nandura,6300.0,4599.0,35.05
Buldhana,2016,Malkapur,7200.0,5256.0,16.88
Buldhana,2016,Motala,18900.0,13797.0,24.01
Buldhana,2016,Khamgaon,11700.0,8541.0,30.769999999999996
Buldhana,2016,Mehkar,4500.0,3285.0,48.47
Buldhana,2016,Chikhali,6300.0,4599.0,51.05
Buldhana,2016,Buldana,3600.0,2628.0,39.33
Buldhana,2016,Deulgaon Raja,6300.0,4599.0,51.629999999999995
Buldhana,2016,Sindkhed Raja,6300.0,4599.0,50.35000000000001
Buldhana,2016,Lonar,9000.0,6570.0,45.54
Buldhana,2017,Jalgaon Jamod,3960.0,2890.8,31.06
Buldhana,2017,Sangrampur,6930.0,5058.9,42.91
Buldhana,2017,Shegaon,4950.0,3613.5,35.52
Buldhana,2017,Nandura,6930.0,5058.9,41.79
Buldhana,2017,Malkapur,6930.0,5058.9,45.28
Buldhana,2017,Motala,9900.0,7227.0,46.18
Buldhana,2017,Khamgaon,12870.0,9395.1,28.28
Buldhana,2017,Mehkar,20790.0,15176.7,18.46
Buldhana,2017,Chikhali,14850.0,10840.5,21.12
Buldhana,2017,Buldana,13860.0,10117.8,35.5
Buldhana,2017,Deulgaon Raja,3960.0,2890.8,86.97
Buldhana,2017,Sindkhed Raja,6930.0,5058.9,35.05
Buldhana,2017,Lonar,7920.0,5781.6,18.67
Buldhana,2018,Jalgaon Jamod,12166.0,8881.18,13.320000000000002
Buldhana,2018,Sangrampur,17621.0,12863.33,18.85
Buldhana,2018,Shegaon,11791.0,8607.43,16.73
Buldhana,2018,Nandura,15356.0,11209.88,25.670000000000005
Buldhana,2018,Malkapur,16925.0,12355.25,23.03
Buldhana,2018,Motala,18436.0,13458.28,29.74
Buldhana,2018,Khamgaon,34646.0,25291.58,6.77
Buldhana,2018,Mehkar,21752.0,15878.96,19.9
Buldhana,2018,Chikhali,20876.0,15239.48,18.61
Buldhana,2018,Buldana,19053.0,13908.69,33.7
Buldhana,2018,Deulgaon Raja,13172.0,9615.56,25.989999999999995
Buldhana,2018,Sindkhed Raja,18031.0,13162.63,14.75
Buldhana,2018,Lonar,11911.0,8695.03,15.47
Buldhana,2019,Jalgaon Jamod,12163.0,8878.99,14.529999999999998
Buldhana,2019,Sangrampur,17619.0,12861.87,18.59
Buldhana,2019,Shegaon,11789.0,8605.97,20.49
Buldhana,2019,Nandura,14955.0,10917.15,23.2
Buldhana,2019,Malkapur,16745.0,12223.85,28.559999999999995
Buldhana,2019,Motala,18425.0,13450.25,25.509999999999998
Buldhana,2019,Khamgaon,34653.0,25296.69,7.04
Buldhana,2019,Mehkar,23604.0,17230.92,18.37
Buldhana,2019,Chikhali,24470.0,17863.1,18.73
Buldhana,2019,Buldana,19353.0,14127.69,30.81
Buldhana,2019,Deulgaon Raja,13172.0,9615.56,23.75
Buldhana,2019,Sindkhed Raja,18022.0,13156.06,14.23
Buldhana,2019,Lonar,11910.0,8694.3,13.33
Buldhana,2020,Jalgaon Jamod,12163.0,8878.99,19.37
Buldhana,2020,Sangrampur,17619.0,12861.87,21.86
Buldhana,2020,Shegaon,11789.0,8605.97,12.7
Buldhana,2020,Nandura,14955.0,10917.15,18.0
Buldhana,2020,Malkapur,16745.0,12223.85,24.0
Buldhana,2020,Motala,18425.0,13450.25,22.25
Buldhana,2020,Khamgaon,34653.0,25296.69,7.04
Buldhana,2020,Mehkar,23604.0,17230.92,12.869999999999997
Buldhana,2020,Chikhali,24470.0,17863.1,19.17
Buldhana,2020,Buldana,19353.0,14127.69,31.45
Buldhana,2020,Deulgaon Raja,13172.0,9615.56,33.18
Buldhana,2020,Sindkhed Raja,18022.0,13156.06,13.88
Buldhana,2020,Lonar,11910.0,8694.3,14.71
Buldhana,2021,Jalgaon Jamod,2360.0,1722.8,84.11
Buldhana,2021,Sangrampur,4317.0,3151.41,73.61
Buldhana,2021,Shegaon,3245.0,2368.85,44.68
Buldhana,2021,Nandura,5272.0,3848.56,50.11
Buldhana,2021,Malkapur,2044.0,1492.12,38.65
Buldhana,2021,Motala,2144.0,1565.12,47.41
Buldhana,2021,Khamgaon,3374.0,2463.02,71.04
Buldhana,2021,Mehkar,6020.0,4394.6,51.04
Buldhana,2021,Chikhali,6769.0,4941.37,68.72
Buldhana,2021,Buldana,19353.0,14127.69,24.46
Buldhana,2021,Deulgaon Raja,4034.0,2944.82,78.65
Buldhana,2021,Sindkhed Raja,3567.0,2603.91,61.75999999999999
Buldhana,2021,Lonar,2174.0,1587.02,59.42000000000001
Chandrapur,2012,Varora,3740.0,2730.2,53.7
Chandrapur,2012,Chimur,3130.0,2284.9,63.800000000000004
Chandrapur,2012,Nagbhid,3890.0,2839.7,74.9
Chandrapur,2012,Bramhapuri,3472.0,2534.56,79.5
Chandrapur,2012,Savali,1860.0,1357.8,54.400000000000006
Chandrapur,2012,Sindevahi,1945.0,1419.85,61.5
Chandrapur,2012,Bhadravati,2885.0,2106.05,83.3
Chandrapur,2012,Chandrapur,2690.0,1963.7,61.9
Chandrapur,2012,Mul,2330.0,1700.9,68.0
Chandrapur,2012,Ponbhurna,659.0,481.07,67.5
Chandrapur,2012,Ballarpur,710.0,518.3,45.4
Chandrapur,2012,Korpana,1694.0,1236.62,48.8
Chandrapur,2012,Rajura,2370.0,1730.1,56.39999999999999
Chandrapur,2012,Gondpipari,1450.0,1058.5,52.300000000000004
Chandrapur,2012,Jivati,950.0,693.5,51.1
Chandrapur,2013,Varora,3640.0,2657.2,65.6
Chandrapur,2013,Chimur,3030.0,2211.9,63.9
Chandrapur,2013,Nagbhid,3785.0,2763.05,83.3
Chandrapur,2013,Bramhapuri,3372.0,2461.56,83.1
Chandrapur,2013,Savali,1760.0,1284.8,52.7
Chandrapur,2013,Sindevahi,1945.0,1419.85,62.2
Chandrapur,2013,Bhadravati,2785.0,2033.05,90.1
Chandrapur,2013,Chandrapur,2590.0,1890.7,55.7
Chandrapur,2013,Mul,2330.0,1700.9,67.3
Chandrapur,2013,Ponbhurna,659.0,481.07,3.6000000000000005
Chandrapur,2013,Ballarpur,710.0,518.3,41.6
Chandrapur,2013,Korpana,1654.0,1207.42,69.7
Chandrapur,2013,Rajura,2320.0,1693.6,63.9
Chandrapur,2013,Gondpipari,1440.0,1051.2,53.6
Chandrapur,2013,Jivati,950.0,693.5,43.6
Chandrapur,2014,Varora,4020.0,2934.6,52.6
Chandrapur,2014,Chimur,3310.0,2416.3,55.60000000000001
Chandrapur,2014,Nagbhid,3800.0,2774.0,91.6
Chandrapur,2014,Bramhapuri,3499.0,2554.27,81.9
Chandrapur,2014,Savali,1880.0,1372.4,42.2
Chandrapur,2014,Sindevahi,1970.0,1438.1,64.1
Chandrapur,2014,Bhadravati,3285.0,2398.05,67.2
Chandrapur,2014,Chandrapur,2635.0,1923.55,93.7
Chandrapur,2014,Mul,2405.0,1755.65,62.0
Chandrapur,2014,Ponbhurna,885.0,646.05,64.3
Chandrapur,2014,Ballarpur,678.0,494.94,47.2
Chandrapur,2014,Korpana,2330.0,1700.9,56.99999999999999
Chandrapur,2014,Rajura,2700.0,1971.0,44.9
Chandrapur,2014,Gondpipari,1830.0,1335.9,45.5
Chandrapur,2014,Jivati,1035.0,755.55,38.0
Chandrapur,2015,Varora,3730.0,2722.9,50.0
Chandrapur,2015,Chimur,3690.0,2693.7,49.0
Chandrapur,2015,Nagbhid,3465.0,2529.45,73.0
Chandrapur,2015,Bramhapuri,3335.0,2434.55,85.0
Chandrapur,2015,Savali,2160.0,1576.8,34.0
Chandrapur,2015,Sindevahi,2410.0,1759.3,44.0
Chandrapur,2015,Bhadravati,3450.0,2518.5,51.0
Chandrapur,2015,Chandrapur,2240.0,1635.2,45.0
Chandrapur,2015,Mul,2255.0,1646.15,45.0
Chandrapur,2015,Ponbhurna,1220.0,890.6,28.999999999999996
Chandrapur,2015,Ballarpur,1080.0,788.4,25.0
Chandrapur,2015,Korpana,2710.0,1978.3,56.99999999999999
Chandrapur,2015,Rajura,2535.0,1850.55,40.0
Chandrapur,2015,Gondpipari,2260.0,1649.8,39.0
Chandrapur,2015,Jivati,1460.0,1065.8,33.0
Chandrapur,2016,Varora,4037.0,2947.01,56.8
Chandrapur,2016,Chimur,2805.0,2047.65,60.6
Chandrapur,2016,Nagbhid,3099.0,2262.27,84.4
Chandrapur,2016,Bramhapuri,3506.0,2559.38,90.6
Chandrapur,2016,Savali,1758.0,1283.34,33.3
Chandrapur,2016,Sindevahi,1557.0,1136.61,40.2
Chandrapur,2016,Bhadravati,2242.0,1636.66,62.6
Chandrapur,2016,Chandrapur,2841.0,2073.93,61.8
Chandrapur,2016,Mul,1743.0,1272.39,66.9
Chandrapur,2016,Ponbhurna,805.0,587.65,34.4
Chandrapur,2016,Ballarpur,1210.0,883.3,24.2
Chandrapur,2016,Korpana,2291.0,1672.43,79.0
Chandrapur,2016,Rajura,2118.0,1546.14,53.29999999999999
Chandrapur,2016,Gondpipari,2453.0,1790.69,33.6
Chandrapur,2016,Jivati,1535.0,1120.55,38.4
Chandrapur,2017,Varora,16203.0,11828.19,19.2
Chandrapur,2017,Chimur,16476.0,12027.48,12.0
Chandrapur,2017,Nagbhid,11018.0,8043.14,25.6
Chandrapur,2017,Bramhapuri,12974.0,9471.02,27.0
Chandrapur,2017,Savali,14787.0,10794.51,3.8
Chandrapur,2017,Sindevahi,8136.0,5939.28,8.3
Chandrapur,2017,Bhadravati,12637.0,9225.01,12.1
Chandrapur,2017,Chandrapur,15849.0,11569.77,12.5
Chandrapur,2017,Mul,7470.0,5453.1,17.0
Chandrapur,2017,Ponbhurna,5989.0,4371.97,4.3
Chandrapur,2017,Ballarpur,5568.0,4064.64,6.5
Chandrapur,2017,Korpana,11953.0,8725.69,17.7
Chandrapur,2017,Rajura,11123.0,8119.79,11.3
Chandrapur,2017,Gondpipari,11880.0,8672.4,6.5
Chandrapur,2017,Jivati,10034.0,7324.82,5.3
Chandrapur,2018,Varora,19742.0,14411.66,22.77
Chandrapur,2018,Chimur,18552.0,13542.96,11.65
Chandrapur,2018,Nagbhid,12142.0,8863.66,31.94
Chandrapur,2018,Bramhapuri,14566.0,10633.18,28.22
Chandrapur,2018,Savali,13754.0,10040.42,7.32
Chandrapur,2018,Sindevahi,9204.0,6718.92,13.119999999999997
Chandrapur,2018,Bhadravati,14315.0,10449.95,11.47
Chandrapur,2018,Chandrapur,14925.0,10895.25,15.49
Chandrapur,2018,Mul,10709.0,7817.57,13.94
Chandrapur,2018,Ponbhurna,6775.0,4945.75,5.56
Chandrapur,2018,Ballarpur,6300.0,4599.0,7.9
Chandrapur,2018,Korpana,13521.0,9870.33,19.44
Chandrapur,2018,Rajura,12489.0,9116.97,15.27
Chandrapur,2018,Gondpipari,13439.0,9810.47,7.9
Chandrapur,2018,Jivati,11351.0,8286.23,5.54
Chandrapur,2019,Varora,3802.0,2775.46,124.12
Chandrapur,2019,Chimur,3813.0,2783.49,65.2
Chandrapur,2019,Nagbhid,5104.0,3725.92,69.18
Chandrapur,2019,Bramhapuri,4273.0,3119.29,97.33
Chandrapur,2019,Savali,1909.0,1393.57,64.9
Chandrapur,2019,Sindevahi,1606.0,1172.38,51.239999999999995
Chandrapur,2019,Bhadravati,3344.0,2441.12,47.13
Chandrapur,2019,Chandrapur,3224.0,2353.52,71.02
Chandrapur,2019,Mul,1785.0,1303.05,95.8
Chandrapur,2019,Ponbhurna,781.0,570.13,69.91
Chandrapur,2019,Ballarpur,1299.0,948.27,34.02
Chandrapur,2019,Korpana,1857.0,1355.61,129.45
Chandrapur,2019,Rajura,2448.0,1787.04,86.48
Chandrapur,2019,Gondpipari,1808.0,1319.84,56.25
Chandrapur,2019,Jivati,1104.0,805.92,55.34
Chandrapur,2020,Varora,3978.0,2903.94,122.29999999999998
Chandrapur,2020,Chimur,3950.0,2883.5,59.77
Chandrapur,2020,Nagbhid,5168.0,3772.64,78.17
Chandrapur,2020,Bramhapuri,4283.0,3126.59,98.25
Chandrapur,2020,Savali,2037.0,1487.01,51.24999999999999
Chandrapur,2020,Sindevahi,1688.0,1232.24,69.49
Chandrapur,2020,Bhadravati,3443.0,2513.39,65.52
Chandrapur,2020,Chandrapur,3442.0,2512.66,59.43999999999999
Chandrapur,2020,Mul,1846.0,1347.58,86.62
Chandrapur,2020,Ponbhurna,827.0,603.71,69.53
Chandrapur,2020,Ballarpur,1326.0,967.98,37.71
Chandrapur,2020,Korpana,1966.0,1435.18,119.30000000000001
Chandrapur,2020,Rajura,2669.0,1948.37,97.41
Chandrapur,2020,Gondpipari,1908.0,1392.84,38.42
Chandrapur,2020,Jivati,1159.0,846.07,54.17999999999999
Chandrapur,2021,Varora,5812.0,4242.76,55.44
Chandrapur,2021,Chimur,2772.0,2023.56,62.2
Chandrapur,2021,Nagbhid,5598.0,4086.54,75.03
Chandrapur,2021,Bramhapuri,6542.0,4775.66,57.98
Chandrapur,2021,Savali,1538.0,1122.74,71.13
Chandrapur,2021,Sindevahi,1656.0,1208.88,60.39
Chandrapur,2021,Bhadravati,2831.0,2066.63,68.53
Chandrapur,2021,Chandrapur,2803.0,2046.19,59.650000000000006
Chandrapur,2021,Mul,2290.0,1671.7,52.88
Chandrapur,2021,Ponbhurna,802.0,585.46,106.0
Chandrapur,2021,Ballarpur,634.0,462.82,50.16
Chandrapur,2021,Korpana,2649.0,1933.77,71.73
Chandrapur,2021,Rajura,3446.0,2515.58,54.21
Chandrapur,2021,Gondpipari,506.0,369.38,159.1
Chandrapur,2021,Jivati,831.0,606.63,60.77
Dhule,2012,Shirpur,3457.0,2523.61,0.62
Dhule,2012,Shindkheda,3279.0,2393.67,0.78
Dhule,2012,Sakri,440.0,321.2,0.95
Dhule,2012,Dhule,7868.0,5743.64,0.8500000000000001
Dhule,2013,Shirpur,3791.0,2767.43,0.69
Dhule,2013,Shindkheda,3614.0,2638.22,0.69
Dhule,2013,Sakri,479.0,349.67,0.8699999999999999
Dhule,2013,Dhule,8468.0,6181.64,0.88
Dhule,2014,Shirpur,4261.0,3110.53,53.74
Dhule,2014,Shindkheda,4080.0,2978.4,77.03
Dhule,2014,Sakri,1241.0,905.93,53.82
Dhule,2014,Dhule,8669.0,6328.37,81.46
Dhule,2015,Shirpur,5619.0,4101.87,35.45
Dhule,2015,Shindkheda,5837.0,4261.01,27.01
Dhule,2015,Sakri,1414.0,1032.22,18.38
Dhule,2015,Dhule,10906.0,7961.38,57.06
Dhule,2016,Shirpur,5619.0,4101.87,37.0
Dhule,2016,Shindkheda,5837.0,4261.01,22.0
Dhule,2016,Sakri,1414.0,1032.22,13.0
Dhule,2016,Dhule,41530.0,30316.9,75.0
Dhule,2017,Shirpur,33024.0,24107.52,21.0
Dhule,2017,Shindkheda,25091.0,18316.43,37.0
Dhule,2017,Sakri,54239.0,39594.47,17.0
Dhule,2017,Dhule,55643.0,40619.39,18.0
Dhule,2018,Shirpur,35007.0,25555.11,18.39
Dhule,2018,Shindkheda,29815.0,21764.95,29.12
Dhule,2018,Sakri,56122.0,40969.06,21.0
Dhule,2018,Dhule,68120.0,49727.6,14.16
Dhule,2019,Shirpur,39170.0,28594.1,14.800000000000002
Dhule,2019,Shindkheda,31237.0,22803.01,0.0
Dhule,2019,Sakri,6035.0,4405.55,13.0
Dhule,2019,Dhule,61789.0,45105.97,14.000000000000002
Dhule,2020,Shirpur,9796.0,7151.08,56.10000000000001
Dhule,2020,Shindkheda,11425.0,8340.25,46.4
Dhule,2020,Sakri,14038.0,10247.74,52.300000000000004
Dhule,2020,Dhule,18775.0,13705.75,40.5
Dhule,2021,Shirpur,6211.0,4534.03,87.5
Dhule,2021,Shindkheda,7447.0,5436.31,64.6
Dhule,2021,Sakri,11312.0,8257.76,56.60000000000001
Dhule,2021,Dhule,12663.0,9243.99,55.60000000000001
Gadchiroli,2012,Desaiganj,1250.0,912.5,69.28
Gadchiroli,2012,Aarmori,2300.0,1679.0,61.72
Gadchiroli,2012,Kurkheda,2200.0,1606.0,57.269999999999996
Gadchiroli,2012,Korachi,1100.0,803.0,79.81
Gadchiroli,2012,Dhanora,1950.0,1423.5,65.33
Gadchiroli,2012,Gadchiroli,2300.0,1679.0,61.17
Gadchiroli,2012,Chomoshi,3400.0,2482.0,61.0
Gadchiroli,2012,Mulchera,1000.0,730.0,64.5
Gadchiroli,2012,Etapalli,1300.0,949.0,36.76
Gadchiroli,2012,Bhamragad,700.0,511.0,56.99999999999999
Gadchiroli,2012,Aheri,1400.0,1022.0,95.71
Gadchiroli,2012,Sironcha,1300.0,949.0,65.84
Gadchiroli,2013,Desaiganj,1250.0,912.5,61.12
Gadchiroli,2013,Aarmori,2000.0,1460.0,53.05
Gadchiroli,2013,Kurkheda,1800.0,1314.0,69.5
Gadchiroli,2013,Korachi,1000.0,730.0,44.0
Gadchiroli,2013,Dhanora,1750.0,1277.5,62.17
Gadchiroli,2013,Gadchiroli,2000.0,1460.0,69.65
Gadchiroli,2013,Chomoshi,2900.0,2117.0,63.59
Gadchiroli,2013,Mulchera,1000.0,730.0,70.2
Gadchiroli,2013,Etapalli,950.0,693.5,51.36999999999999
Gadchiroli,2013,Bhamragad,700.0,511.0,66.29
Gadchiroli,2013,Aheri,1100.0,803.0,102.55000000000001
Gadchiroli,2013,Sironcha,900.0,657.0,57.440000000000005
Gadchiroli,2014,Desaiganj,1050.0,766.5,83.6
Gadchiroli,2014,Aarmori,1775.0,1295.75,59.099999999999994
Gadchiroli,2014,Kurkheda,1850.0,1350.5,69.4
Gadchiroli,2014,Korachi,850.0,620.5,51.4
Gadchiroli,2014,Dhanora,1950.0,1423.5,51.1
Gadchiroli,2014,Gadchiroli,1875.0,1368.75,80.1
Gadchiroli,2014,Chomoshi,2800.0,2044.0,69.6
Gadchiroli,2014,Mulchera,950.0,693.5,65.9
Gadchiroli,2014,Etapalli,1750.0,1277.5,25.4
Gadchiroli,2014,Bhamragad,850.0,620.5,68.9
Gadchiroli,2014,Aheri,2200.0,1606.0,58.4
Gadchiroli,2014,Sironcha,1450.0,1058.5,37.4
Gadchiroli,2015,Desaiganj,1900.0,1387.0,49.7
Gadchiroli,2015,Aarmori,2300.0,1679.0,38.8
Gadchiroli,2015,Kurkheda,2300.0,1679.0,51.9
Gadchiroli,2015,Korachi,1100.0,803.0,55.00000000000001
Gadchiroli,2015,Dhanora,1850.0,1350.5,50.5
Gadchiroli,2015,Gadchiroli,2600.0,1898.0,44.8
Gadchiroli,2015,Chomoshi,4000.0,2920.0,39.3
Gadchiroli,2015,Mulchera,1500.0,1095.0,28.6
Gadchiroli,2015,Etapalli,2300.0,1679.0,15.6
Gadchiroli,2015,Bhamragad,1300.0,949.0,56.99999999999999
Gadchiroli,2015,Aheri,2900.0,2117.0,37.2
Gadchiroli,2015,Sironcha,2050.0,1496.5,40.1
Gadchiroli,2016,Desaiganj,1520.0,1109.6,57.24
Gadchiroli,2016,Aarmori,1870.0,1365.1,33.1
Gadchiroli,2016,Kurkheda,1955.0,1427.15,63.12
Gadchiroli,2016,Korachi,1200.0,876.0,60.83
Gadchiroli,2016,Dhanora,1780.0,1299.4,54.72
Gadchiroli,2016,Gadchiroli,2270.0,1657.1,53.92
Gadchiroli,2016,Chomoshi,3330.0,2430.9,40.15
Gadchiroli,2016,Mulchera,1270.0,927.1,41.81
Gadchiroli,2016,Etapalli,1950.0,1423.5,17.17
Gadchiroli,2016,Bhamragad,1150.0,839.5,58.26
Gadchiroli,2016,Aheri,2850.0,2080.5,34.07
Gadchiroli,2016,Sironcha,1900.0,1387.0,36.89
Gadchiroli,2017,Desaiganj,4961.0,3621.53,28.859999999999996
Gadchiroli,2017,Aarmori,8649.0,6313.77,13.0
Gadchiroli,2017,Kurkheda,12463.0,9097.99,13.699999999999998
Gadchiroli,2017,Korachi,7564.0,5521.72,9.7
Gadchiroli,2017,Dhanora,15296.0,11166.08,7.99
Gadchiroli,2017,Gadchiroli,15117.0,11035.41,11.25
Gadchiroli,2017,Chomoshi,19571.0,14286.83,9.41
Gadchiroli,2017,Mulchera,8321.0,6074.33,7.1
Gadchiroli,2017,Etapalli,18488.0,13496.24,3.3000000000000003
Gadchiroli,2017,Bhamragad,10137.0,7400.01,6.800000000000001
Gadchiroli,2017,Aheri,22016.0,16071.68,4.5
Gadchiroli,2017,Sironcha,11713.0,8550.49,8.0
Gadchiroli,2018,Desaiganj,6241.0,4555.93,27.91
Gadchiroli,2018,Aarmori,11794.0,8609.62,11.68
Gadchiroli,2018,Kurkheda,14127.0,10312.71,15.289999999999997
Gadchiroli,2018,Korachi,8630.0,6299.9,8.11
Gadchiroli,2018,Dhanora,17588.0,12839.24,7.07
Gadchiroli,2018,Gadchiroli,15337.0,11196.01,14.150000000000002
Gadchiroli,2018,Chomoshi,23329.0,17030.17,9.22
Gadchiroli,2018,Mulchera,9468.0,6911.64,8.37
Gadchiroli,2018,Etapalli,21034.0,15354.82,3.84
Gadchiroli,2018,Bhamragad,11534.0,8419.82,4.95
Gadchiroli,2018,Aheri,23270.0,16987.1,2.99
Gadchiroli,2018,Sironcha,13233.0,9660.09,6.77
Gadchiroli,2019,Desaiganj,2765.0,2018.45,61.0
Gadchiroli,2019,Aarmori,1984.0,1448.32,90.32
Gadchiroli,2019,Kurkheda,2671.0,1949.83,83.22
Gadchiroli,2019,Korachi,807.0,589.11,111.00000000000001
Gadchiroli,2019,Dhanora,1355.0,989.15,84.87
Gadchiroli,2019,Gadchiroli,2931.0,2139.63,77.65
Gadchiroli,2019,Chomoshi,2735.0,1996.55,75.31
Gadchiroli,2019,Mulchera,951.0,694.23,77.39
Gadchiroli,2019,Etapalli,743.0,542.39,60.0
Gadchiroli,2019,Bhamragad,619.0,451.87,69.62
Gadchiroli,2019,Aheri,803.0,586.19,77.95
Gadchiroli,2019,Sironcha,1079.0,787.67,80.9
Gadchiroli,2020,Desaiganj,2665.0,1945.45,70.61
Gadchiroli,2020,Aarmori,1980.0,1445.4,104.74
Gadchiroli,2020,Kurkheda,2661.0,1942.53,82.41
Gadchiroli,2020,Korachi,805.0,587.65,79.0
Gadchiroli,2020,Dhanora,1350.0,985.5,80.44
Gadchiroli,2020,Gadchiroli,2930.0,2138.9,77.88
Gadchiroli,2020,Chomoshi,2730.0,1992.9,77.69
Gadchiroli,2020,Mulchera,950.0,693.5,67.47
Gadchiroli,2020,Etapalli,743.0,542.39,40.42
Gadchiroli,2020,Bhamragad,612.0,446.76,55.88000000000001
Gadchiroli,2020,Aheri,800.0,584.0,59.37
Gadchiroli,2020,Sironcha,1069.0,780.37,53.0
Gadchiroli,2021,Desaiganj,2395.0,1748.35,83.13
Gadchiroli,2021,Aarmori,2975.0,2171.75,62.480000000000004
Gadchiroli,2021,Kurkheda,2423.0,1768.79,76.68
Gadchiroli,2021,Korachi,580.0,423.4,68.79
Gadchiroli,2021,Dhanora,1213.0,885.49,82.44
Gadchiroli,2021,Gadchiroli,2757.0,2012.61,77.58
Gadchiroli,2021,Chomoshi,3432.0,2505.36,69.9
Gadchiroli,2021,Mulchera,543.0,396.39,82.87
Gadchiroli,2021,Etapalli,561.0,409.53,64.7
Gadchiroli,2021,Bhamragad,441.0,321.93,93.42
Gadchiroli,2021,Aheri,1087.0,793.51,37.44
Gadchiroli,2021,Sironcha,601.0,438.73,68.88
Gondia,2012,Tiroda,3440.0,2511.2,95.8
Gondia,2012,Goregaon,1362.0,994.26,81.6
Gondia,2012,Gondia,5891.0,4300.43,61.199999999999996
Gondia,2012,Aamgaon,2443.0,1783.39,73.6
Gondia,2012,Salekasa,4334.0,3163.82,28.6
Gondia,2012,Sadak Arjuni,1724.0,1258.52,106.69999999999999
Gondia,2012,Arjuni Morgaon,2894.0,2112.62,79.8
Gondia,2012,Devari,1872.0,1366.56,55.00000000000001
Gondia,2013,Tiroda,2834.0,2068.82,96.8
Gondia,2013,Goregaon,938.0,684.74,59.599999999999994
Gondia,2013,Gondia,6600.0,4818.0,77.1
Gondia,2013,Aamgaon,1866.0,1362.18,68.8
Gondia,2013,Salekasa,3161.0,2307.53,71.1
Gondia,2013,Sadak Arjuni,1574.0,1149.02,79.7
Gondia,2013,Arjuni Morgaon,2105.0,1536.65,73.3
Gondia,2013,Devari,1822.0,1330.06,55.60000000000001
Gondia,2014,Tiroda,2500.0,1825.0,147.56
Gondia,2014,Goregaon,1066.0,778.18,151.5
Gondia,2014,Gondia,3836.0,2800.28,96.92
Gondia,2014,Aamgaon,1922.0,1403.06,76.89
Gondia,2014,Salekasa,2168.0,1582.64,57.42
Gondia,2014,Sadak Arjuni,1643.0,1199.39,136.57
Gondia,2014,Arjuni Morgaon,2636.0,1924.28,74.0
Gondia,2014,Devari,1140.0,832.2,43.24
Gondia,2015,Tiroda,5852.0,4271.96,88.1
Gondia,2015,Goregaon,2037.0,1487.01,79.7
Gondia,2015,Gondia,7286.0,5318.78,70.2
Gondia,2015,Aamgaon,3471.0,2533.83,52.7
Gondia,2015,Salekasa,2198.0,1604.54,51.2
Gondia,2015,Sadak Arjuni,2634.0,1922.82,76.8
Gondia,2015,Arjuni Morgaon,3995.0,2916.35,78.8
Gondia,2015,Devari,3042.0,2220.66,40.2
Gondia,2016,Tiroda,5410.0,3949.3,96.0
Gondia,2016,Goregaon,1569.0,1145.37,114.67
Gondia,2016,Gondia,7915.0,5777.95,75.0
Gondia,2016,Aamgaon,4050.0,2956.5,48.45
Gondia,2016,Salekasa,2500.0,1825.0,57.3
Gondia,2016,Sadak Arjuni,2980.0,2175.4,66.0
Gondia,2016,Arjuni Morgaon,4800.0,3504.0,65.77
Gondia,2016,Devari,3866.0,2822.18,46.15
Gondia,2017,Tiroda,20011.0,14608.03,35.0
Gondia,2017,Goregaon,12266.0,8954.18,19.0
Gondia,2017,Gondia,31554.0,23034.42,24.68
Gondia,2017,Aamgaon,13181.0,9622.13,21.44
Gondia,2017,Salekasa,10935.0,7982.55,21.0
Gondia,2017,Sadak Arjuni,10718.0,7824.14,21.0
Gondia,2017,Arjuni Morgaon,15265.0,11143.45,27.0
Gondia,2017,Devari,15027.0,10969.71,14.000000000000002
Gondia,2018,Tiroda,24279.0,17723.67,28.300000000000004
Gondia,2018,Goregaon,13960.0,10190.8,18.4
Gondia,2018,Gondia,35908.0,26212.84,24.4
Gondia,2018,Aamgaon,15112.0,11031.76,25.4
Gondia,2018,Salekasa,12777.0,9327.21,18.8
Gondia,2018,Sadak Arjuni,9125.0,6661.25,33.0
Gondia,2018,Arjuni Morgaon,17717.0,12933.41,25.900000000000002
Gondia,2018,Devari,17872.0,13046.56,15.5
Gondia,2019,Tiroda,24279.0,17723.67,29.100000000000005
Gondia,2019,Goregaon,13960.0,10190.8,17.2
Gondia,2019,Gondia,35908.0,26212.84,25.0
Gondia,2019,Aamgaon,14487.0,10575.51,23.8
Gondia,2019,Salekasa,12777.0,9327.21,21.6
Gondia,2019,Sadak Arjuni,3140.0,2292.2,113.5
Gondia,2019,Arjuni Morgaon,17717.0,12933.41,25.7
Gondia,2019,Devari,17872.0,13046.56,14.499999999999998
Gondia,2020,Tiroda,8796.0,6421.08,77.4
Gondia,2020,Goregaon,2872.0,2096.56,97.6
Gondia,2020,Gondia,11857.0,8655.61,78.4
Gondia,2020,Aamgaon,4117.0,3005.41,98.7
Gondia,2020,Salekasa,3108.0,2268.84,85.1
Gondia,2020,Sadak Arjuni,5105.0,3726.65,84.2
Gondia,2020,Arjuni Morgaon,6382.0,4658.86,77.3
Gondia,2020,Devari,3460.0,2525.8,67.7
Gondia,2021,Tiroda,9011.0,6578.03,76.9
Gondia,2021,Goregaon,3087.0,2253.51,78.4
Gondia,2021,Gondia,12072.0,8812.56,72.8
Gondia,2021,Aamgaon,4332.0,3162.36,73.3
Gondia,2021,Salekasa,3323.0,2425.79,104.1
Gondia,2021,Sadak Arjuni,5320.0,3883.6,65.0
Gondia,2021,Arjuni Morgaon,6597.0,4815.81,72.1
Gondia,2021,Devari,3635.0,2653.55,66.6
Hingoli,2012,Sengaon,4019.0,2933.87,33.0
Hingoli,2012,Hingoli,7052.0,5147.96,22.0
Hingoli,2012,Aundha na,5450.0,3978.5,23.0
Hingoli,2012,Kalamanuri,6895.0,5033.35,35.0
Hingoli,2012,vasamat,6204.0,4528.92,60.0
Hingoli,2013,Sengaon,4050.0,2956.5,64.0
Hingoli,2013,Hingoli,7075.0,5164.75,62.0
Hingoli,2013,Aundha na,5450.0,3978.5,65.0
Hingoli,2013,Kalamanuri,6900.0,5037.0,60.0
Hingoli,2013,vasamat,6225.0,4544.25,63.0
Hingoli,2014,Sengaon,5050.0,3686.5,54.0
Hingoli,2014,Hingoli,7550.0,5511.5,59.0
Hingoli,2014,Aundha na,6079.0,4437.67,56.99999999999999
Hingoli,2014,Kalamanuri,7000.0,5110.0,56.00000000000001
Hingoli,2014,vasamat,7000.0,5110.0,60.0
Hingoli,2015,Sengaon,3500.0,2555.0,73.71
Hingoli,2015,Hingoli,5800.0,4234.0,74.71
Hingoli,2015,Aundha na,4500.0,3285.0,72.98
Hingoli,2015,Kalamanuri,6000.0,4380.0,72.0
Hingoli,2015,vasamat,6000.0,4380.0,87.02
Hingoli,2016,Sengaon,9900.0,7227.0,31.55
Hingoli,2016,Hingoli,14400.0,10512.0,29.719999999999995
Hingoli,2016,Aundha na,9000.0,6570.0,44.71
Hingoli,2016,Kalamanuri,12600.0,9198.0,36.08
Hingoli,2016,vasamat,16200.0,11826.0,40.71
Hingoli,2017,Sengaon,21445.0,15654.85,15.299999999999999
Hingoli,2017,Hingoli,30221.0,22061.33,20.15
Hingoli,2017,Aundha na,19795.0,14450.35,16.08
Hingoli,2017,Kalamanuri,26920.0,19651.6,17.19
Hingoli,2017,vasamat,27831.0,20316.63,21.54
Hingoli,2018,Sengaon,23507.0,17160.11,25.629999999999995
Hingoli,2018,Hingoli,34290.0,25031.7,17.57
Hingoli,2018,Aundha na,22954.0,16756.42,26.26
Hingoli,2018,Kalamanuri,30989.0,22621.97,19.44
Hingoli,2018,vasamat,31889.0,23278.97,18.89
Hingoli,2019,Sengaon,7629.0,5569.17,59.69
Hingoli,2019,Hingoli,8639.0,6306.47,64.28
Hingoli,2019,Aundha na,7734.0,5645.82,58.879999999999995
Hingoli,2019,Kalamanuri,8544.0,6237.12,76.72
Hingoli,2019,vasamat,8650.0,6314.5,75.76
Hingoli,2020,Sengaon,7629.0,5569.17,59.02
Hingoli,2020,Hingoli,8639.0,6306.47,63.82
Hingoli,2020,Aundha na,7734.0,5645.82,68.69
Hingoli,2020,Kalamanuri,8544.0,6237.12,63.0
Hingoli,2020,vasamat,8650.0,6314.5,64.91
Hingoli,2021,Sengaon,7629.0,5569.17,1.33
Hingoli,2021,Hingoli,8639.0,6306.47,1.83
Hingoli,2021,Aundha na,7734.0,5645.82,1.43
Hingoli,2021,Kalamanuri,8544.0,6237.12,1.8399999999999999
Hingoli,2021,vasamat,8650.0,6314.5,2.24
Jalna,2013,Bhokardan,6584.0,4806.32,77.18
Jalna,2013,Jaffrabad,4200.0,3066.0,65.97
Jalna,2013,Jalna,3200.0,2336.0,45.9
Jalna,2013,Badnapur,2800.0,2044.0,63.39
Jalna,2013,Ambad,3200.0,2336.0,83.56
Jalna,2013,Ghansawangi,2900.0,2117.0,45.55
Jalna,2013,Partur,2200.0,1606.0,61.27
Jalna,2013,Mantha,700.0,511.0,65.28
Jalna,2014,Bhokardan,6590.0,4810.7,84.97
Jalna,2014,Jaffrabad,4190.0,3058.7,96.27
Jalna,2014,Jalna,3210.0,2343.3,63.45
Jalna,2014,Badnapur,2800.0,2044.0,72.42
Jalna,2014,Ambad,3210.0,2343.3,84.08
Jalna,2014,Ghansawangi,2874.0,2098.02,45.72
Jalna,2014,Partur,2210.0,1613.3,53.839999999999996
Jalna,2014,Mantha,700.0,511.0,70.0
Jalna,2015,Bhokardan,6590.0,4810.7,66.43
Jalna,2015,Jaffrabad,7200.0,5256.0,57.56
Jalna,2015,Jalna,3300.0,2409.0,64.9
Jalna,2015,Badnapur,3600.0,2628.0,56.11000000000001
Jalna,2015,Ambad,8100.0,5913.0,45.53
Jalna,2015,Ghansawangi,8100.0,5913.0,16.23
Jalna,2015,Partur,6300.0,4599.0,21.68
Jalna,2015,Mantha,3600.0,2628.0,7.19
Jalna,2016,Bhokardan,8100.0,5913.0,56.95
Jalna,2016,Jaffrabad,7200.0,5256.0,69.87
Jalna,2016,Jalna,8100.0,5913.0,30.03
Jalna,2016,Badnapur,3600.0,2628.0,62.13000000000001
Jalna,2016,Ambad,8100.0,5913.0,45.86
Jalna,2016,Ghansawangi,8100.0,5913.0,21.46
Jalna,2016,Partur,6300.0,4599.0,25.09
Jalna,2016,Mantha,3600.0,2628.0,7.519999999999999
Jalna,2017,Bhokardan,12600.0,9198.0,41.95
Jalna,2017,Jaffrabad,11200.0,8176.0,46.01
Jalna,2017,Jalna,12600.0,9198.0,21.23
Jalna,2017,Badnapur,5600.0,4088.0,35.34
Jalna,2017,Ambad,12600.0,9198.0,32.32
Jalna,2017,Ghansawangi,12600.0,9198.0,16.91
Jalna,2017,Partur,9800.0,7154.0,18.97
Jalna,2017,Mantha,5600.0,4088.0,7.519999999999999
Jalna,2018,Bhokardan,16858.0,12306.34,33.67
Jalna,2018,Jaffrabad,8372.0,6111.56,43.32
Jalna,2018,Jalna,16991.0,12403.43,27.65
Jalna,2018,Badnapur,8957.0,6538.61,41.41
Jalna,2018,Ambad,25993.0,18974.89,18.67
Jalna,2018,Ghansawangi,7550.0,5511.5,15.6
Jalna,2018,Partur,5550.0,4051.5,18.78
Jalna,2018,Mantha,17112.0,12491.76,10.64
Jalna,2019,Bhokardan,11233.0,8200.09,87.41
Jalna,2019,Jaffrabad,7120.0,5197.6,77.12
Jalna,2019,Jalna,11702.0,8542.46,45.06
Jalna,2019,Badnapur,6464.0,4718.72,38.91
Jalna,2019,Ambad,12521.0,9140.33,39.32
Jalna,2019,Ghansawangi,7550.0,5511.5,37.0
Jalna,2019,Partur,5550.0,4051.5,38.0
Jalna,2019,Mantha,11216.0,8187.68,9.55
Jalna,2020,Bhokardan,12578.0,9181.94,57.2
Jalna,2020,Jaffrabad,7550.0,5511.5,50.61
Jalna,2020,Jalna,10635.0,7763.55,56.38000000000001
Jalna,2020,Badnapur,5303.0,3871.19,72.86
Jalna,2020,Ambad,12589.0,9189.97,62.49
Jalna,2020,Ghansawangi,7550.0,5511.5,35.95
Jalna,2020,Partur,5550.0,4051.5,34.01
Jalna,2020,Mantha,6450.0,4708.5,40.46
Jalna,2021,Bhokardan,15810.0,11541.3,44.35
Jalna,2021,Jaffrabad,9636.0,7034.28,41.16
Jalna,2021,Jalna,15108.0,11028.84,25.739999999999995
Jalna,2021,Badnapur,7768.0,5670.64,51.38
Jalna,2021,Ambad,15337.0,11196.01,52.88
Jalna,2021,Ghansawangi,11350.0,8285.5,28.09
Jalna,2021,Partur,8609.0,6284.57,31.28
Jalna,2021,Mantha,10672.0,7790.56,25.259999999999998
Latur,2012,Latur,11053.0,8068.69,106.41000000000001
Latur,2012,Renapur,4940.0,3606.2,102.06
Latur,2012,Ahamadpur,7740.0,5650.2,100.61
Latur,2012,Jalkot,1596.0,1165.08,99.69
Latur,2012,Chakur,7007.0,5115.11,114.27000000000001
Latur,2012,Shirur-Anantpal,3180.0,2321.4,97.23
Latur,2012,Aosa,9705.0,7084.65,106.69999999999999
Latur,2012,Nilanga,14668.0,10707.64,103.69999999999999
Latur,2012,Devani,3319.0,2422.87,105.60000000000001
Latur,2012,Udgir,10027.0,7319.71,91.46
Latur,2013,Latur,11053.0,8068.69,97.0
Latur,2013,Renapur,4940.0,3606.2,96.0
Latur,2013,Ahamadpur,7548.0,5510.04,100.0
Latur,2013,Jalkot,3112.0,2271.76,75.0
Latur,2013,Chakur,14248.0,10401.04,60.0
Latur,2013,Shirur-Anantpal,3518.0,2568.14,119.0
Latur,2013,Aosa,10748.0,7846.04,135.0
Latur,2013,Nilanga,17423.0,12718.79,85.0
Latur,2013,Devani,4566.0,3333.18,89.0
Latur,2013,Udgir,10027.0,7319.71,101.0
Latur,2014,Latur,10512.0,7673.76,98.0
Latur,2014,Renapur,5431.0,3964.63,98.0
Latur,2014,Ahamadpur,7548.0,5510.04,96.0
Latur,2014,Jalkot,2573.0,1878.29,79.0
Latur,2014,Chakur,9826.0,7172.98,94.0
Latur,2014,Shirur-Anantpal,3518.0,2568.14,103.0
Latur,2014,Aosa,10748.0,7846.04,92.0
Latur,2014,Nilanga,17423.0,12718.79,104.0
Latur,2014,Devani,4566.0,3333.18,69.0
Latur,2014,Udgir,10027.0,7319.71,100.0
Latur,2015,Latur,14568.0,10634.64,66.0
Latur,2015,Renapur,13778.0,10057.94,75.0
Latur,2015,Ahamadpur,13775.0,10055.75,93.0
Latur,2015,Jalkot,22720.0,16585.6,39.0
Latur,2015,Chakur,10124.0,7390.52,68.0
Latur,2015,Shirur-Anantpal,7310.0,5336.3,73.0
Latur,2015,Aosa,5455.0,3982.15,54.0
Latur,2015,Nilanga,13720.0,10015.6,59.0
Latur,2015,Devani,5510.0,4022.3,53.0
Latur,2015,Udgir,4555.0,3325.15,30.0
Latur,2016,Latur,14568.0,10634.64,67.1
Latur,2016,Renapur,7310.0,5336.3,69.5
Latur,2016,Ahamadpur,10124.0,7390.52,63.4
Latur,2016,Jalkot,4555.0,3325.15,28.199999999999996
Latur,2016,Chakur,13720.0,10015.6,58.70000000000001
Latur,2016,Shirur-Anantpal,5455.0,3982.15,47.3
Latur,2016,Aosa,13778.0,10057.94,73.6
Latur,2016,Nilanga,13775.0,10055.75,88.7
Latur,2016,Devani,5510.0,4022.3,45.3
Latur,2016,Udgir,22720.0,16585.6,38.9
Latur,2017,Latur,18508.0,13510.84,89.0
Latur,2017,Renapur,9310.0,6796.3,89.0
Latur,2017,Ahamadpur,12124.0,8850.52,82.0
Latur,2017,Jalkot,4555.0,3325.15,32.0
Latur,2017,Chakur,13720.0,10015.6,62.0
Latur,2017,Shirur-Anantpal,5455.0,3982.15,73.0
Latur,2017,Aosa,15778.0,11517.94,91.0
Latur,2017,Nilanga,15775.0,11515.75,93.0
Latur,2017,Devani,5510.0,4022.3,56.99999999999999
Latur,2017,Udgir,24720.0,18045.6,40.0
Latur,2018,Latur,39424.0,28779.52,27.0
Latur,2018,Renapur,14021.0,10235.33,45.0
Latur,2018,Ahamadpur,28386.0,20721.78,23.0
Latur,2018,Jalkot,15397.0,11239.81,11.0
Latur,2018,Chakur,29662.0,21653.26,32.0
Latur,2018,Shirur-Anantpal,13869.0,10124.37,28.999999999999996
Latur,2018,Aosa,48002.0,35041.46,19.0
Latur,2018,Nilanga,36497.0,26642.81,37.0
Latur,2018,Devani,10807.0,7889.11,31.0
Latur,2018,Udgir,29720.0,21695.6,28.999999999999996
Latur,2019,Latur,14560.0,10628.8,62.0
Latur,2019,Renapur,9383.0,6849.59,57.99999999999999
Latur,2019,Ahamadpur,10987.0,8020.51,67.0
Latur,2019,Jalkot,2487.0,1815.51,79.0
Latur,2019,Chakur,13724.0,10018.52,59.0
Latur,2019,Shirur-Anantpal,5806.0,4238.38,66.0
Latur,2019,Aosa,15996.0,11677.08,69.0
Latur,2019,Nilanga,19348.0,14124.04,69.0
Latur,2019,Devani,5006.0,3654.38,68.0
Latur,2019,Udgir,12268.0,8955.64,73.0
Latur,2020,Latur,16728.0,12211.44,72.0
Latur,2020,Renapur,10423.0,7608.79,64.0
Latur,2020,Ahamadpur,11462.0,8367.26,74.0
Latur,2020,Jalkot,2732.0,1994.36,63.0
Latur,2020,Chakur,12757.0,9312.61,57.99999999999999
Latur,2020,Shirur-Anantpal,5188.0,3787.24,74.0
Latur,2020,Aosa,19675.0,14362.75,74.0
Latur,2020,Nilanga,21011.0,15338.03,74.0
Latur,2020,Devani,5054.0,3689.42,61.0
Latur,2020,Udgir,15143.0,11054.39,69.0
Latur,2021,Latur,15630.0,11409.9,79.64
Latur,2021,Renapur,9949.0,7262.77,59.25
Latur,2021,Ahamadpur,12361.0,9023.53,65.77
Latur,2021,Jalkot,2732.0,1994.36,56.00000000000001
Latur,2021,Chakur,12757.0,9312.61,54.0
Latur,2021,Shirur-Anantpal,5188.0,3787.24,73.0
Latur,2021,Aosa,19094.0,13938.62,69.39
Latur,2021,Nilanga,21126.0,15421.98,67.76
Latur,2021,Devani,5054.0,3689.42,56.99999999999999
Latur,2021,Udgir,14882.0,10863.86,75.49
Mumbai,2018,Mumbai City,,,0.0
Mumbai,2019,Mumbai City,,,0.0
Mumbai,2020,Mumbai City,,,0.0
Mumbai,2021,Mumbai City,,,0.0
Nagpur,2012,Narkhed,4280.0,,82.1
Nagpur,2012,Katol,3985.0,,52.400000000000006
Nagpur,2012,Kalameshwar,2270.0,,62.5
Nagpur,2012,Sawner,3416.0,,53.7
Nagpur,2012,Parashivani,2240.0,,71.7
Nagpur,2012,Ramtech,2860.0,,39.8
Nagpur,2012,Mauda,3700.0,,103.0
Nagpur,2012,Kamathi,1735.0,,102.0
Nagpur,2012,Nagpur (Gra),3285.0,,82.6
Nagpur,2012,Nagpur (Sh),0.0,,0.0
Nagpur,2012,Hingana,1440.0,,70.0
Nagpur,2012,Umred,2735.0,,61.1
Nagpur,2012,Kuhi,2750.0,,116.5
Nagpur,2012,Bhiwapur,1725.0,,96.0
Nagpur,2013,Narkhed,4295.0,,103.49999999999999
Nagpur,2013,Katol,4000.0,,60.199999999999996
Nagpur,2013,Kalameshwar,2290.0,,83.6
Nagpur,2013,Sawner,3430.0,,48.6
Nagpur,2013,Parashivani,2250.0,,88.1
Nagpur,2013,Ramtech,2875.0,,41.9
Nagpur,2013,Mauda,3700.0,,113.1
Nagpur,2013,Kamathi,1750.0,,118.10000000000001
Nagpur,2013,Nagpur (Gra),3300.0,,95.7
Nagpur,2013,Nagpur (Sh),0.0,,0.0
Nagpur,2013,Hingana,1750.0,,96.0
Nagpur,2013,Umred,2750.0,,81.6
Nagpur,2013,Kuhi,2750.0,,116.6
Nagpur,2013,Bhiwapur,1750.0,,93.3
Nagpur,2014,Narkhed,4520.0,,106.1
Nagpur,2014,Katol,4176.0,,71.0
Nagpur,2014,Kalameshwar,2392.0,,89.0
Nagpur,2014,Sawner,3580.0,,48.2
Nagpur,2014,Parashivani,2426.0,,96.3
Nagpur,2014,Ramtech,3028.0,,45.2
Nagpur,2014,Mauda,3847.0,,132.0
Nagpur,2014,Kamathi,1926.0,,125.4
Nagpur,2014,Nagpur (Gra),3649.0,,80.1
Nagpur,2014,Nagpur (Sh),0.0,,0.0
Nagpur,2014,Hingana,1875.0,,104.69999999999999
Nagpur,2014,Umred,2974.0,,79.8
Nagpur,2014,Kuhi,2975.0,,126.9
Nagpur,2014,Bhiwapur,1926.0,,100.9
Nagpur,2015,Narkhed,4900.0,,66.0
Nagpur,2015,Katol,3000.0,,100.0
Nagpur,2015,Kalameshwar,2100.0,,82.0
Nagpur,2015,Sawner,3300.0,,52.0
Nagpur,2015,Parashivani,2500.0,,77.0
Nagpur,2015,Ramtech,2500.0,,60.0
Nagpur,2015,Mauda,4700.0,,80.0
Nagpur,2015,Kamathi,2600.0,,87.0
Nagpur,2015,Nagpur (Gra),4600.0,,68.0
Nagpur,2015,Nagpur (Sh),0.0,,0.0
Nagpur,2015,Hingana,2170.0,,71.0
Nagpur,2015,Umred,3300.0,,45.0
Nagpur,2015,Kuhi,3400.0,,106.0
Nagpur,2015,Bhiwapur,2580.0,,75.0
Nagpur,2016,Narkhed,3700.0,,91.54
Nagpur,2016,Katol,3020.0,,99.57
Nagpur,2016,Kalameshwar,2000.0,,86.15
Nagpur,2016,Sawner,2100.0,,82.86
Nagpur,2016,Parashivani,2300.0,,89.57
Nagpur,2016,Ramtech,2000.0,,77.65
Nagpur,2016,Mauda,3950.0,,85.19
Nagpur,2016,Kamathi,2530.0,,103.60000000000001
Nagpur,2016,Nagpur (Gra),3850.0,,85.22
Nagpur,2016,Nagpur (Sh),0.0,,0.0
Nagpur,2016,Hingana,1850.0,,88.49
Nagpur,2016,Umred,1887.0,,89.93
Nagpur,2016,Kuhi,3780.0,,101.24
Nagpur,2016,Bhiwapur,2170.0,,80.65
Nagpur,2017,Narkhed,13873.0,,30.47
Nagpur,2017,Katol,11034.0,,27.13
Nagpur,2017,Kalameshwar,5813.0,,36.75
Nagpur,2017,Sawner,6969.0,,31.209999999999997
Nagpur,2017,Parashivani,7568.0,,29.14
Nagpur,2017,Ramtech,11042.0,,20.45
Nagpur,2017,Mauda,8480.0,,63.96000000000001
Nagpur,2017,Kamathi,8407.0,,37.1
Nagpur,2017,Nagpur (Gra),16240.0,,26.63
Nagpur,2017,Nagpur (Sh),0.0,,0.0
Nagpur,2017,Hingana,9119.0,,18.98
Nagpur,2017,Umred,8218.0,,25.33
Nagpur,2017,Kuhi,8786.0,,57.22999999999999
Nagpur,2017,Bhiwapur,4129.0,,47.83
Nagpur,2018,Narkhed,19480.0,,35.0
Nagpur,2018,Katol,22132.0,,35.0
Nagpur,2018,Kalameshwar,12084.0,,35.0
Nagpur,2018,Sawner,14267.0,,36.43
Nagpur,2018,Parashivani,10005.0,,35.16
Nagpur,2018,Ramtech,18161.0,,35.55
Nagpur,2018,Mauda,12321.0,,35.63
Nagpur,2018,Kamathi,8675.0,,35.12
Nagpur,2018,Nagpur (Gra),16808.0,,35.05
Nagpur,2018,Nagpur (Sh),15378.0,,35.0
Nagpur,2018,Hingana,14551.0,,35.15
Nagpur,2018,Umred,13722.0,,35.36
Nagpur,2018,Kuhi,11047.0,,35.0
Nagpur,2018,Bhiwapur,8483.0,,35.15
Nagpur,2019,Narkhed,8174.0,,66.92
Nagpur,2019,Katol,10279.0,,66.95
Nagpur,2019,Kalameshwar,5135.0,,66.99
Nagpur,2019,Sawner,9359.0,,66.94
Nagpur,2019,Parashivani,5320.0,,66.97
Nagpur,2019,Ramtech,5562.0,,66.97
Nagpur,2019,Mauda,16341.0,,66.92
Nagpur,2019,Kamathi,5706.0,,66.82
Nagpur,2019,Nagpur (Gra),7774.0,,66.31
Nagpur,2019,Nagpur (Sh),3235.0,,66.99
Nagpur,2019,Hingana,3911.0,,66.48
Nagpur,2019,Umred,6039.0,,67.05
Nagpur,2019,Kuhi,9900.0,,64.98
Nagpur,2019,Bhiwapur,5520.0,,66.99
Nagpur,2020,Narkhed,8018.0,,77.04
Nagpur,2020,Katol,10123.0,,77.04
Nagpur,2020,Kalameshwar,4979.0,,77.04
Nagpur,2020,Sawner,9203.0,,77.06
Nagpur,2020,Parashivani,5164.0,,77.03
Nagpur,2020,Ramtech,5406.0,,77.04
Nagpur,2020,Mauda,16185.0,,77.04
Nagpur,2020,Kamathi,5550.0,,77.05
Nagpur,2020,Nagpur (Gra),7618.0,,77.04
Nagpur,2020,Nagpur (Sh),3076.0,,77.05
Nagpur,2020,Hingana,3755.0,,77.04
Nagpur,2020,Umred,5883.0,,77.04
Nagpur,2020,Kuhi,9744.0,,77.03
Nagpur,2020,Bhiwapur,5364.0,,77.03
Nagpur,2021,Narkhed,10264.0,,71.09
Nagpur,2021,Katol,6058.0,,65.5
Nagpur,2021,Kalameshwar,2995.0,,69.51
Nagpur,2021,Sawner,2476.0,,75.76
Nagpur,2021,Parashivani,3354.0,,80.86
Nagpur,2021,Ramtech,4569.0,,73.23
Nagpur,2021,Mauda,10493.0,,71.64
Nagpur,2021,Kamathi,5905.0,,65.54
Nagpur,2021,Nagpur (Gra),7502.0,,70.63
Nagpur,2021,Nagpur (Sh),3192.0,,68.23
Nagpur,2021,Hingana,2820.0,,70.64
Nagpur,2021,Umred,4948.0,,68.22
Nagpur,2021,Kuhi,11163.0,,64.14
Nagpur,2021,Bhiwapur,3530.0,,71.24
Nanded,2014,Mahur,1825.0,,35.6
Nanded,2014,Kinvat,6055.0,,36.0
Nanded,2014,Himalay nagar,1910.0,,72.97
Nanded,2014,hadgaon,4650.0,,89.0
Nanded,2014,andhrapur,4350.0,,104.86999999999999
Nanded,2014,Nanded,2700.0,,112.79999999999998
Nanded,2014,Mudkhed,4150.0,,119.0
Nanded,2014,bhokar,2450.0,,90.0
Nanded,2014,umari,2000.0,,93.0
Nanded,2014,dharmabad,1730.0,,50.0
Nanded,2014,biloli,4255.0,,85.0
Nanded,2014,naygaon,3900.0,,62.480000000000004
Nanded,2014,loha,8750.0,,77.0
Nanded,2014,kandhar,7000.0,,71.0
Nanded,2014,Mukhed,5000.0,,64.48
Nanded,2014,deglur,4000.0,,63.0
Nanded,2015,Mahur,9000.0,,4.92
Nanded,2015,Kinvat,25200.0,,6.11
Nanded,2015,Himalay nagar,3600.0,,22.69
Nanded,2015,hadgaon,11700.0,,40.63
Nanded,2015,andhrapur,5400.0,,84.74
Nanded,2015,Nanded,5400.0,,53.92
Nanded,2015,Mudkhed,5400.0,,98.2
Nanded,2015,bhokar,8100.0,,26.82
Nanded,2015,umari,5400.0,,35.35
Nanded,2015,dharmabad,3600.0,,25.3
Nanded,2015,biloli,9900.0,,36.71
Nanded,2015,naygaon,10800.0,,22.45
Nanded,2015,loha,15300.0,,45.96
Nanded,2015,kandhar,14400.0,,27.839999999999996
Nanded,2015,Mukhed,12600.0,,25.370000000000005
Nanded,2015,deglur,14400.0,,16.23
Nanded,2016,Mahur,7000.0,,8.8
Nanded,2016,Kinvat,19600.0,,10.17
Nanded,2016,Himalay nagar,3350.0,,27.339999999999996
Nanded,2016,hadgaon,12870.0,,39.11
Nanded,2016,andhrapur,5940.0,,71.76
Nanded,2016,Nanded,5940.0,,52.2
Nanded,2016,Mudkhed,5940.0,,81.0
Nanded,2016,bhokar,8910.0,,21.88
Nanded,2016,umari,5940.0,,34.46
Nanded,2016,dharmabad,3960.0,,25.0
Nanded,2016,biloli,10980.0,,32.47
Nanded,2016,naygaon,9600.0,,24.46
Nanded,2016,loha,16830.0,,40.95
Nanded,2016,kandhar,15840.0,,23.4
Nanded,2016,Mukhed,13860.0,,29.69
Nanded,2016,deglur,12800.0,,20.69
Nanded,2017,Mahur,17890.0,,14.34
Nanded,2017,Kinvat,50070.0,,15.909999999999998
Nanded,2017,Himalay nagar,7156.0,,23.25
Nanded,2017,hadgaon,23257.0,,48.55
Nanded,2017,andhrapur,13734.0,,39.0
Nanded,2017,Nanded,16734.0,,51.07000000000001
Nanded,2017,Mudkhed,10734.0,,15.24
Nanded,2017,bhokar,16101.0,,19.68
Nanded,2017,umari,10734.0,,14.89
Nanded,2017,dharmabad,10156.0,,19.89
Nanded,2017,biloli,19679.0,,13.54
Nanded,2017,naygaon,24468.0,,29.080000000000002
Nanded,2017,loha,30565.0,,16.35
Nanded,2017,kandhar,31664.0,,17.13
Nanded,2017,Mukhed,25046.0,,17.13
Nanded,2017,deglur,31624.0,,17.85
Nanded,2018,Mahur,8975.0,,8.65
Nanded,2018,Kinvat,21266.0,,23.88
Nanded,2018,Himalay nagar,5077.0,,13.750000000000002
Nanded,2018,hadgaon,28332.0,,53.67999999999999
Nanded,2018,andhrapur,9491.0,,75.46
Nanded,2018,Nanded,13528.0,,49.33
Nanded,2018,Mudkhed,16568.0,,55.3
Nanded,2018,bhokar,13572.0,,26.890000000000004
Nanded,2018,umari,10806.0,,22.34
Nanded,2018,dharmabad,4885.0,,17.68
Nanded,2018,biloli,9864.0,,41.66
Nanded,2018,naygaon,11101.0,,40.31
Nanded,2018,loha,36832.0,,96.8
Nanded,2018,kandhar,26893.0,,50.83
Nanded,2018,Mukhed,26738.0,,40.65
Nanded,2018,deglur,8046.0,,40.57
Nanded,2019,Mahur,3000.0,,28.83
Nanded,2019,Kinvat,6000.0,,39.58
Nanded,2019,Himalay nagar,2500.0,,42.84
Nanded,2019,hadgaon,7000.0,,82.91
Nanded,2019,andhrapur,5500.0,,94.7
Nanded,2019,Nanded,5000.0,,94.34
Nanded,2019,Mudkhed,5000.0,,96.18
Nanded,2019,bhokar,4000.0,,64.95
Nanded,2019,umari,4000.0,,67.9
Nanded,2019,dharmabad,1500.0,,91.33
Nanded,2019,biloli,4000.0,,102.27
Nanded,2019,naygaon,6000.0,,69.18
Nanded,2019,loha,11000.0,,79.8
Nanded,2019,kandhar,9000.0,,56.64
Nanded,2019,Mukhed,10000.0,,40.78
Nanded,2019,deglur,5000.0,,74.36
Nanded,2020,Mahur,3000.0,,30.930000000000003
Nanded,2020,Kinvat,6000.0,,40.32
Nanded,2020,Himalay nagar,2500.0,,47.72
Nanded,2020,hadgaon,7000.0,,84.34
Nanded,2020,andhrapur,5500.0,,88.31
Nanded,2020,Nanded,5000.0,,89.54
Nanded,2020,Mudkhed,5000.0,,101.03999999999999
Nanded,2020,bhokar,4000.0,,58.32999999999999
Nanded,2020,umari,4000.0,,75.75
Nanded,2020,dharmabad,1500.0,,88.53
Nanded,2020,biloli,4000.0,,99.23
Nanded,2020,naygaon,6000.0,,62.68
Nanded,2020,loha,11000.0,,88.47
Nanded,2020,kandhar,9000.0,,63.5
Nanded,2020,Mukhed,10000.0,,40.11
Nanded,2020,deglur,5000.0,,54.6
Nanded,2021,Mahur,3269.0,,16.18
Nanded,2021,Kinvat,10076.0,,15.98
Nanded,2021,Himalay nagar,1612.0,,86.6
Nanded,2021,hadgaon,6505.0,,59.78
Nanded,2021,andhrapur,3229.0,,104.49
Nanded,2021,Nanded,4838.0,,75.34
Nanded,2021,Mudkhed,4750.0,,93.72
Nanded,2021,bhokar,3451.0,,58.93000000000001
Nanded,2021,umari,4090.0,,58.22999999999999
Nanded,2021,dharmabad,3009.0,,35.22
Nanded,2021,biloli,4227.0,,72.15
Nanded,2021,naygaon,5798.0,,39.77
Nanded,2021,loha,8906.0,,82.76
Nanded,2021,kandhar,6614.0,,72.21
Nanded,2021,Mukhed,7062.0,,40.31
Nanded,2021,deglur,5404.0,,30.769999999999996
Nandurbar,2009,Akkalkuva,190.0,,169.0
Nandurbar,2009,Akrani,140.0,,102.0
Nandurbar,2009,Taloda,1420.0,,68.0
Nandurbar,2009,Shahada,2591.0,,81.0
Nandurbar,2009,Nandurbar,299.0,,95.22
Nandurbar,2009,Navapur,1980.0,,63.0
Nandurbar,2010,Akkalkuva,1118.0,,40.0
Nandurbar,2010,Akrani,650.0,,30.0
Nandurbar,2010,Taloda,1499.0,,67.0
Nandurbar,2010,Shahada,6205.0,,76.6
Nandurbar,2010,Nandurbar,4992.0,,80.0
Nandurbar,2010,Navapur,2580.0,,94.0
Nandurbar,2011,Akkalkuva,2211.0,,25.7
Nandurbar,2011,Akrani,1780.0,,11.06
Nandurbar,2011,Taloda,1181.0,,78.2
Nandurbar,2011,Shahada,4965.0,,83.8
Nandurbar,2011,Nandurbar,3535.0,,107.0
Nandurbar,2011,Navapur,3435.0,,56.99999999999999
Nandurbar,2012,Akkalkuva,2211.0,,49.2
Nandurbar,2012,Akrani,1780.0,,17.02
Nandurbar,2012,Taloda,1181.0,,110.66
Nandurbar,2012,Shahada,4965.0,,94.09
Nandurbar,2012,Nandurbar,3535.0,,128.5
Nandurbar,2012,Navapur,3435.0,,77.05
Nandurbar,2013,Akkalkuva,1180.0,,87.54
Nandurbar,2013,Akrani,891.0,,29.410000000000004
Nandurbar,2013,Taloda,1506.0,,90.97
Nandurbar,2013,Shahada,6785.0,,67.96
Nandurbar,2013,Nandurbar,4589.0,,98.28
Nandurbar,2013,Navapur,4539.0,,68.03
Nandurbar,2014,Akkalkuva,1615.0,,65.51
Nandurbar,2014,Akrani,1085.0,,21.38
Nandurbar,2014,Taloda,1798.0,,85.48
Nandurbar,2014,Shahada,6934.0,,74.46
Nandurbar,2014,Nandurbar,5034.0,,85.78
Nandurbar,2014,Navapur,4973.0,,65.71
Nandurbar,2015,Akkalkuva,1414.0,,62.1
Nandurbar,2015,Akrani,942.0,,27.0
Nandurbar,2015,Taloda,1778.0,,88.1
Nandurbar,2015,Shahada,7556.0,,64.6
Nandurbar,2015,Nandurbar,4909.0,,82.6
Nandurbar,2015,Navapur,4801.0,,63.1
Nandurbar,2016,Akkalkuva,4754.0,,24.6
Nandurbar,2016,Akrani,3889.0,,7.6
Nandurbar,2016,Taloda,2752.0,,58.099999999999994
Nandurbar,2016,Shahada,9913.0,,54.6
Nandurbar,2016,Nandurbar,7239.0,,63.6
Nandurbar,2016,Navapur,7173.0,,55.00000000000001
Nandurbar,2017,Akkalkuva,16808.0,,10.3
Nandurbar,2017,Akrani,21652.0,,2.5
Nandurbar,2017,Taloda,19131.0,,7.8
Nandurbar,2017,Shahada,25105.0,,23.8
Nandurbar,2017,Nandurbar,24035.0,,23.5
Nandurbar,2017,Navapur,29690.0,,16.9
Nandurbar,2018,Akkalkuva,16237.0,,10.9
Nandurbar,2018,Akrani,24983.0,,2.2
Nandurbar,2018,Taloda,12424.0,,12.2
Nandurbar,2018,Shahada,33968.0,,17.5
Nandurbar,2018,Nandurbar,27672.0,,20.1
Nandurbar,2018,Navapur,39960.0,,10.3
Nandurbar,2019,Akkalkuva,1788.0,,92.4
Nandurbar,2019,Akrani,1530.0,,60.0
Nandurbar,2019,Taloda,2226.0,,112.99999999999999
Nandurbar,2019,Shahada,9024.0,,70.9
Nandurbar,2019,Nandurbar,9218.0,,72.7
Nandurbar,2019,Navapur,7295.0,,50.9
Nandurbar,2020,Akkalkuva,1798.0,,69.7
Nandurbar,2020,Akrani,1530.0,,45.9
Nandurbar,2020,Taloda,2226.0,,64.5
Nandurbar,2020,Shahada,7919.0,,72.3
Nandurbar,2020,Nandurbar,9210.0,,49.7
Nandurbar,2020,Navapur,7300.0,,38.1
Nandurbar,2021,Akkalkuva,1950.0,,71.0
Nandurbar,2021,Akrani,1330.0,,65.0
Nandurbar,2021,Taloda,2200.0,,72.3
Nandurbar,2021,Shahada,8230.0,,73.8
Nandurbar,2021,Nandurbar,5550.0,,73.9
Nandurbar,2021,Navapur,4034.0,,77.4
Nashik,2012,Surgana,3878.0,,21.5
Nashik,2012,Kalwan,4219.0,,52.900000000000006
Nashik,2012,Devala,4640.0,,77.2
Nashik,2012,Baglan,11499.0,,64.3
Nashik,2012,Malegaon,16214.0,,58.3
Nashik,2012,Nandgaon,5100.0,,43.6
Nashik,2012,Chandwad,13449.0,,63.800000000000004
Nashik,2012,Dindori,15022.0,,77.4
Nashik,2012,Peth,3032.0,,25.6
Nashik,2012,Trimbak,4190.0,,64.1
Nashik,2012,Nashik,10490.0,,92.2
Nashik,2012,Igatpuri,8653.0,,42.3
Nashik,2012,Sinner,18811.0,,63.3
Nashik,2012,Nifad,29123.0,,80.3
Nashik,2012,Yewala,14030.0,,62.7
Nashik,2013,Surgana,3540.0,,33.27
Nashik,2013,Kalwan,4778.0,,75.91
Nashik,2013,Devala,4671.0,,84.56
Nashik,2013,Baglan,12517.0,,66.21
Nashik,2013,Malegaon,26027.0,,57.49999999999999
Nashik,2013,Nandgaon,5684.0,,62.9
Nashik,2013,Chandwad,12449.0,,85.41
Nashik,2013,Dindori,13860.0,,109.15000000000002
Nashik,2013,Peth,3032.0,,34.47
Nashik,2013,Trimbak,4800.0,,85.08
Nashik,2013,Nashik,9869.0,,98.5
Nashik,2013,Igatpuri,7408.0,,78.79
Nashik,2013,Sinner,18596.0,,69.7
Nashik,2013,Nifad,29502.0,,90.0
Nashik,2013,Yewala,15909.0,,75.74
Nashik,2014,Surgana,3926.0,,35.76
Nashik,2014,Kalwan,6636.0,,91.95
Nashik,2014,Devala,4776.0,,85.22
Nashik,2014,Baglan,13355.0,,62.69
Nashik,2014,Malegaon,20266.0,,75.76
Nashik,2014,Nandgaon,8010.0,,52.900000000000006
Nashik,2014,Chandwad,12563.0,,87.31
Nashik,2014,Dindori,14286.0,,98.89
Nashik,2014,Peth,3696.0,,32.9
Nashik,2014,Trimbak,4833.0,,76.04
Nashik,2014,Nashik,10327.0,,96.59
Nashik,2014,Igatpuri,9409.0,,58.3
Nashik,2014,Sinner,18370.0,,85.9
Nashik,2014,Nifad,30048.0,,90.65
Nashik,2014,Yewala,15144.0,,82.55
Nashik,2015,Surgana,4319.0,,39.0
Nashik,2015,Kalwan,7409.0,,67.0
Nashik,2015,Devala,5254.0,,93.0
Nashik,2015,Baglan,14076.0,,69.0
Nashik,2015,Malegaon,22183.0,,97.0
Nashik,2015,Nandgaon,8811.0,,44.0
Nashik,2015,Chandwad,13819.0,,79.0
Nashik,2015,Dindori,15715.0,,101.0
Nashik,2015,Peth,4066.0,,61.0
Nashik,2015,Trimbak,5316.0,,66.0
Nashik,2015,Nashik,12800.0,,98.0
Nashik,2015,Igatpuri,10350.0,,73.0
Nashik,2015,Sinner,20292.0,,61.0
Nashik,2015,Nifad,32943.0,,80.0
Nashik,2015,Yewala,17550.0,,91.0
Nashik,2016,Surgana,2881.0,,56.00000000000001
Nashik,2016,Kalwan,7734.0,,59.0
Nashik,2016,Devala,3910.0,,69.0
Nashik,2016,Baglan,9650.0,,69.0
Nashik,2016,Malegaon,13619.0,,72.0
Nashik,2016,Nandgaon,6019.0,,63.0
Nashik,2016,Chandwad,11528.0,,88.0
Nashik,2016,Dindori,11613.0,,121.0
Nashik,2016,Peth,3669.0,,63.0
Nashik,2016,Trimbak,4979.0,,75.0
Nashik,2016,Nashik,7855.0,,120.0
Nashik,2016,Igatpuri,13324.0,,57.99999999999999
Nashik,2016,Sinner,18068.0,,52.0
Nashik,2016,Nifad,16007.0,,118.0
Nashik,2016,Yewala,13302.0,,93.0
Nashik,2017,Surgana,4138.0,,31.0
Nashik,2017,Kalwan,11296.0,,20.0
Nashik,2017,Devala,8880.0,,25.0
Nashik,2017,Baglan,15146.0,,27.0
Nashik,2017,Malegaon,43227.0,,24.0
Nashik,2017,Nandgaon,12207.0,,24.0
Nashik,2017,Chandwad,21452.0,,25.0
Nashik,2017,Dindori,22787.0,,21.0
Nashik,2017,Peth,4219.0,,25.0
Nashik,2017,Trimbak,8504.0,,26.0
Nashik,2017,Nashik,22920.0,,34.0
Nashik,2017,Igatpuri,12242.0,,26.0
Nashik,2017,Sinner,22541.0,,30.0
Nashik,2017,Nifad,27593.0,,25.0
Nashik,2017,Yewala,23329.0,,25.0
Nashik,2018,Surgana,12044.0,,20.0
Nashik,2018,Kalwan,21831.0,,19.0
Nashik,2018,Devala,21361.0,,23.0
Nashik,2018,Baglan,62238.0,,15.0
Nashik,2018,Malegaon,64860.0,,28.999999999999996
Nashik,2018,Nandgaon,24247.0,,19.0
Nashik,2018,Chandwad,41741.0,,25.0
Nashik,2018,Dindori,54010.0,,25.0
Nashik,2018,Peth,14249.0,,23.0
Nashik,2018,Trimbak,21115.0,,28.000000000000004
Nashik,2018,Nashik,34822.0,,40.0
Nashik,2018,Igatpuri,25746.0,,33.0
Nashik,2018,Sinner,59295.0,,26.0
Nashik,2018,Nifad,53405.0,,43.0
Nashik,2018,Yewala,41870.0,,39.0
Nashik,2019,Surgana,12044.0,,20.0
Nashik,2019,Kalwan,19909.0,,46.0
Nashik,2019,Devala,21361.0,,23.0
Nashik,2019,Baglan,57261.0,,43.0
Nashik,2019,Malegaon,38900.0,,28.000000000000004
Nashik,2019,Nandgaon,24247.0,,24.0
Nashik,2019,Chandwad,41741.0,,20.0
Nashik,2019,Dindori,54010.0,,14.000000000000002
Nashik,2019,Peth,14249.0,,27.0
Nashik,2019,Trimbak,21150.0,,33.0
Nashik,2019,Nashik,28167.0,,48.0
Nashik,2019,Igatpuri,25746.0,,25.0
Nashik,2019,Sinner,54369.0,,26.0
Nashik,2019,Nifad,50005.0,,18.0
Nashik,2019,Yewala,38721.0,,26.0
Nashik,2020,Surgana,12044.0,,22.0
Nashik,2020,Kalwan,19909.0,,16.0
Nashik,2020,Devala,21361.0,,9.0
Nashik,2020,Baglan,57261.0,,13.0
Nashik,2020,Malegaon,38900.0,,20.0
Nashik,2020,Nandgaon,24247.0,,13.0
Nashik,2020,Chandwad,41741.0,,18.0
Nashik,2020,Dindori,54010.0,,22.0
Nashik,2020,Peth,14249.0,,18.0
Nashik,2020,Trimbak,21150.0,,18.0
Nashik,2020,Nashik,28167.0,,45.0
Nashik,2020,Igatpuri,25746.0,,25.0
Nashik,2020,Sinner,54369.0,,24.0
Nashik,2020,Nifad,50005.0,,38.0
Nashik,2020,Yewala,38721.0,,25.0
Nashik,2021,Surgana,3000.0,,62.0
Nashik,2021,Kalwan,4700.0,,62.0
Nashik,2021,Devala,5000.0,,28.999999999999996
Nashik,2021,Baglan,13500.0,,42.0
Nashik,2021,Malegaon,9634.0,,74.0
Nashik,2021,Nandgaon,5600.0,,39.0
Nashik,2021,Chandwad,9800.0,,65.0
Nashik,2021,Dindori,12500.0,,76.0
Nashik,2021,Peth,3240.0,,61.0
Nashik,2021,Trimbak,4500.0,,70.0
Nashik,2021,Nashik,6800.0,,140.0
Nashik,2021,Igatpuri,6000.0,,91.0
Nashik,2021,Sinner,12000.0,,103.0
Nashik,2021,Nifad,12200.0,,124.0
Nashik,2021,Yewala,9000.0,,82.0
Dharashiv,2012,Paranda,2126.0,,81.0
Dharashiv,2012,Bhum,524.0,,93.0
Dharashiv,2012,Washi,0.0,,0.0
Dharashiv,2012,Kalamb,465.0,,100.0
Dharashiv,2012,Dharashiv,467.0,,100.0
Dharashiv,2012,Tuljapur,373.0,,100.0
Dharashiv,2012,Lohara,0.0,,0.0
Dharashiv,2012,Umaraga,1287.0,,100.0
Dharashiv,2013,Paranda,9851.0,,100.0
Dharashiv,2013,Bhum,12501.0,,90.0
Dharashiv,2013,Washi,6660.0,,119.0
Dharashiv,2013,Kalamb,9626.0,,95.0
Dharashiv,2013,Dharashiv,11188.0,,129.0
Dharashiv,2013,Tuljapur,6178.0,,109.00000000000001
Dharashiv,2013,Lohara,5285.0,,107.0
Dharashiv,2013,Umaraga,8966.0,,114.99999999999999
Dharashiv,2014,Paranda,6198.0,,100.0
Dharashiv,2014,Bhum,11050.0,,100.0
Dharashiv,2014,Washi,5300.0,,100.0
Dharashiv,2014,Kalamb,9100.0,,89.85
Dharashiv,2014,Dharashiv,9883.0,,96.18
Dharashiv,2014,Tuljapur,11572.0,,100.0
Dharashiv,2014,Lohara,9457.0,,100.0
Dharashiv,2014,Umaraga,7800.0,,100.0
Dharashiv,2015,Paranda,11974.0,,75.89
Dharashiv,2015,Bhum,13930.0,,92.95
Dharashiv,2015,Washi,9381.0,,92.72
Dharashiv,2015,Kalamb,11047.0,,75.14
Dharashiv,2015,Dharashiv,13919.0,,100.0
Dharashiv,2015,Tuljapur,8121.0,,100.0
Dharashiv,2015,Lohara,6886.0,,78.3
Dharashiv,2015,Umaraga,12285.0,,86.44
Dharashiv,2016,Paranda,13680.0,,61.480000000000004
Dharashiv,2016,Bhum,17823.0,,71.2
Dharashiv,2016,Washi,12361.0,,67.92
Dharashiv,2016,Kalamb,16171.0,,58.72999999999999
Dharashiv,2016,Dharashiv,19234.0,,100.0
Dharashiv,2016,Tuljapur,16727.0,,60.42000000000001
Dharashiv,2016,Lohara,8230.0,,62.029999999999994
Dharashiv,2016,Umaraga,14260.0,,67.46
Dharashiv,2017,Paranda,17999.0,,48.81
Dharashiv,2017,Bhum,25637.0,,48.44
Dharashiv,2017,Washi,17068.0,,48.19
Dharashiv,2017,Kalamb,29410.0,,38.79
Dharashiv,2017,Dharashiv,38373.0,,46.17
Dharashiv,2017,Tuljapur,40817.0,,28.53
Dharashiv,2017,Lohara,18639.0,,32.68
Dharashiv,2017,Umaraga,25676.0,,34.92
Dharashiv,2018,Paranda,24351.0,,35.51
Dharashiv,2018,Bhum,32850.0,,50.79
Dharashiv,2018,Washi,17068.0,,44.34
Dharashiv,2018,Kalamb,33890.0,,25.629999999999995
Dharashiv,2018,Dharashiv,46228.0,,35.79
Dharashiv,2018,Tuljapur,43857.0,,29.92
Dharashiv,2018,Lohara,18639.0,,29.439999999999998
Dharashiv,2018,Umaraga,28145.0,,37.07
Dharashiv,2019,Paranda,15135.0,,49.0
Dharashiv,2019,Bhum,21921.0,,57.99999999999999
Dharashiv,2019,Washi,13486.0,,46.0
Dharashiv,2019,Kalamb,14954.0,,51.0
Dharashiv,2019,Dharashiv,27572.0,,48.0
Dharashiv,2019,Tuljapur,19388.0,,60.0
Dharashiv,2019,Lohara,8631.0,,54.0
Dharashiv,2019,Umaraga,16372.0,,67.0
Dharashiv,2020,Paranda,11892.0,,67.0
Dharashiv,2020,Bhum,18963.0,,57.99999999999999
Dharashiv,2020,Washi,11486.0,,43.0
Dharashiv,2020,Kalamb,11717.0,,71.0
Dharashiv,2020,Dharashiv,23648.0,,56.00000000000001
Dharashiv,2020,Tuljapur,16861.0,,60.0
Dharashiv,2020,Lohara,6631.0,,88.0
Dharashiv,2020,Umaraga,16831.0,,53.0
Dharashiv,2021,Paranda,11892.0,,67.0
Dharashiv,2021,Bhum,18963.0,,68.0
Dharashiv,2021,Washi,11486.0,,43.0
Dharashiv,2021,Kalamb,11717.0,,71.0
Dharashiv,2021,Dharashiv,23648.0,,56.00000000000001
Dharashiv,2021,Tuljapur,16861.0,,60.0
Dharashiv,2021,Lohara,6631.0,,88.0
Dharashiv,2021,Umaraga,16831.0,,53.0
Palghar,2014,Palghar,5040.0,,67.0
Palghar,2014,Vasai,3023.0,,68.0
Palghar,2014,Dahanu,3838.0,,57.99999999999999
Palghar,2014,Javhar,2184.0,,45.0
Palghar,2014,Talasari,1715.0,,56.00000000000001
Palghar,2014,Mokhada,1560.0,,48.0
Palghar,2014,Vikramgad,2020.0,,50.0
Palghar,2014,Wada,3564.0,,52.0
Palghar,2015,Palghar,4180.0,,89.9
Palghar,2015,Vasai,2451.0,,93.96
Palghar,2015,Dahanu,2960.0,,82.73
Palghar,2015,Javhar,1395.0,,80.28
Palghar,2015,Talasari,1215.0,,89.13
Palghar,2015,Mokhada,1065.0,,77.74
Palghar,2015,Vikramgad,1400.0,,79.28
Palghar,2015,Wada,2480.0,,79.47
Palghar,2016,Talasari,2020.0,,66.0
Palghar,2016,Dahanu,4525.0,,53.0
Palghar,2016,Vikramgad,2378.0,,54.0
Palghar,2016,Javhar,2572.0,,47.0
Palghar,2016,Mokhada,1836.0,,51.0
Palghar,2016,Wada,4197.0,,61.0
Palghar,2016,Palghar,5935.0,,67.0
Palghar,2016,Vasai,3560.0,,69.0
Palghar,2017,Talasari,2126.0,,44.0
Palghar,2017,Dahanu,4763.0,,63.0
Palghar,2017,Vikramgad,2503.0,,39.0
Palghar,2017,Javhar,2707.0,,60.0
Palghar,2017,Mokhada,1933.0,,56.00000000000001
Palghar,2017,Wada,4418.0,,61.0
Palghar,2017,Palghar,6247.0,,74.0
Palghar,2017,Vasai,3747.0,,87.0
Palghar,2018,Talasari,8155.0,,13.62
Palghar,2018,Dahanu,23220.0,,16.86
Palghar,2018,Vikramgad,19960.0,,5.83
Palghar,2018,Javhar,13202.0,,10.77
Palghar,2018,Mokhada,9785.0,,8.76
Palghar,2018,Wada,13667.0,,25.95
Palghar,2018,Palghar,19098.0,,23.54
Palghar,2018,Vasai,36413.0,,10.46
Palghar,2019,Talasari,9281.0,,16.82
Palghar,2019,Dahanu,23944.0,,17.8
Palghar,2019,Vikramgad,10471.0,,14.42
Palghar,2019,Javhar,11568.0,,12.91
Palghar,2019,Mokhada,13273.0,,7.470000000000001
Palghar,2019,Wada,14128.0,,37.12
Palghar,2019,Palghar,18921.0,,18.48
Palghar,2019,Vasai,37266.0,,11.31
Palghar,2020,Talasari,1250.0,,64.88
Palghar,2020,Dahanu,4000.0,,62.05
Palghar,2020,Vikramgad,2000.0,,31.45
Palghar,2020,Javhar,1700.0,,28.000000000000004
Palghar,2020,Mokhada,1250.0,,28.000000000000004
Palghar,2020,Wada,3200.0,,68.38
Palghar,2020,Palghar,4550.0,,56.220000000000006
Palghar,2020,Vasai,10550.0,,20.95
Palghar,2021,Talasari,3000.0,,40.1
Palghar,2021,Dahanu,7000.0,,29.830000000000002
Palghar,2021,Vikramgad,4000.0,,16.53
Palghar,2021,Javhar,5550.0,,16.05
Palghar,2021,Mokhada,3000.0,,12.83
Palghar,2021,Wada,7500.0,,30.48
Palghar,2021,Palghar,8000.0,,39.03
Palghar,2021,Vasai,4500.0,,52.89
Parbhani,2013,Selu,3577.0,,66.26
Parbhani,2013,Jintur,6739.0,,78.01
Parbhani,2013,Parbhani,7220.0,,86.52
Parbhani,2013,Manvat,2718.0,,68.03
Parbhani,2013,Pathari,1950.0,,57.69
Parbhani,2013,Sonpeth,2414.0,,96.56
Parbhani,2013,Gangakhed,4060.0,,98.94
Parbhani,2013,Palam,2720.0,,107.1
Parbhani,2013,Purna,4053.0,,96.03
Parbhani,2014,Selu,3577.0,,67.01
Parbhani,2014,Jintur,6739.0,,73.94
Parbhani,2014,Parbhani,7220.0,,94.74
Parbhani,2014,Manvat,2718.0,,63.35999999999999
Parbhani,2014,Pathari,1950.0,,60.099999999999994
Parbhani,2014,Sonpeth,2414.0,,110.52
Parbhani,2014,Gangakhed,4060.0,,78.45
Parbhani,2014,Palam,2720.0,,110.55
Parbhani,2014,Purna,4053.0,,104.07
Parbhani,2015,Selu,3600.0,,25.0
Parbhani,2015,Jintur,900.0,,27.0
Parbhani,2015,Parbhani,0.0,,0.0
Parbhani,2015,Manvat,0.0,,0.0
Parbhani,2015,Pathari,900.0,,44.0
Parbhani,2015,Sonpeth,0.0,,0.0
Parbhani,2015,Gangakhed,900.0,,40.0
Parbhani,2015,Palam,0.0,,0.0
Parbhani,2015,Purna,900.0,,30.0
Parbhani,2016,Selu,7200.0,,22.44
Parbhani,2016,Jintur,17100.0,,23.45
Parbhani,2016,Parbhani,16200.0,,41.82
Parbhani,2016,Manvat,5400.0,,32.65
Parbhani,2016,Pathari,4500.0,,32.07
Parbhani,2016,Sonpeth,6300.0,,45.6
Parbhani,2016,Gangakhed,8100.0,,26.150000000000002
Parbhani,2016,Palam,5400.0,,44.24
Parbhani,2016,Purna,7200.0,,59.650000000000006
Parbhani,2017,Selu,13425.0,,13.390000000000002
Parbhani,2017,Jintur,35458.0,,11.78
Parbhani,2017,Parbhani,26576.0,,29.04
Parbhani,2017,Manvat,10378.0,,20.57
Parbhani,2017,Pathari,10834.0,,14.75
Parbhani,2017,Sonpeth,12108.0,,24.29
Parbhani,2017,Gangakhed,23393.0,,11.33
Parbhani,2017,Palam,10378.0,,30.28
Parbhani,2017,Purna,17634.0,,21.49
Parbhani,2018,Selu,7853.0,,17.37
Parbhani,2018,Jintur,35337.0,,11.81
Parbhani,2018,Parbhani,30164.0,,27.279999999999998
Parbhani,2018,Manvat,11779.0,,21.89
Parbhani,2018,Pathari,7853.0,,15.920000000000002
Parbhani,2018,Sonpeth,13743.0,,21.82
Parbhani,2018,Gangakhed,20879.0,,11.83
Parbhani,2018,Palam,11779.0,,19.86
Parbhani,2018,Purna,14145.0,,27.589999999999996
Parbhani,2019,Selu,2928.0,,76.47
Parbhani,2019,Jintur,7475.0,,62.17
Parbhani,2019,Parbhani,7084.0,,100.0
Parbhani,2019,Manvat,2264.0,,100.0
Parbhani,2019,Pathari,2563.0,,76.59
Parbhani,2019,Sonpeth,2072.0,,100.0
Parbhani,2019,Gangakhed,5273.0,,61.35
Parbhani,2019,Palam,4154.0,,57.70000000000001
Parbhani,2019,Purna,6317.0,,76.06
Parbhani,2020,Selu,0.0,,0.0
Parbhani,2020,Jintur,0.0,,0.0
Parbhani,2020,Parbhani,0.0,,0.0
Parbhani,2020,Manvat,0.0,,0.0
Parbhani,2020,Pathari,0.0,,0.0
Parbhani,2020,Sonpeth,0.0,,0.0
Parbhani,2020,Gangakhed,0.0,,0.0
Parbhani,2020,Palam,0.0,,0.0
Parbhani,2020,Purna,0.0,,0.0
Parbhani,2021,Selu,2565.0,,19.45
Parbhani,2021,Jintur,1000.0,,37.9
Parbhani,2021,Parbhani,0.0,,0.0
Parbhani,2021,Manvat,0.0,,0.0
Parbhani,2021,Pathari,1108.0,,48.92
Parbhani,2021,Sonpeth,0.0,,0.0
Parbhani,2021,Gangakhed,1000.0,,44.3
Parbhani,2021,Palam,0.0,,0.0
Parbhani,2021,Purna,2961.0,,27.46
Raigad,2012,Uran,761.0,,65.18
Raigad,2012,Panwel,1906.0,,44.65
Raigad,2012,karjat,3049.0,,52.47999999999999
Raigad,2012,khalapur,952.0,,77.52
Raigad,2012,pen,1332.0,,93.24
Raigad,2012,alibag,980.0,,158.06
Raigad,2012,murud,950.0,,78.32
Raigad,2012,roha,1712.0,,77.45
Raigad,2012,sudhagad,1143.0,,36.4
Raigad,2012,mangaon,1336.0,,75.67
Raigad,2012,tala,575.0,,57.91
Raigad,2012,shreevardhan,1139.0,,81.56
Raigad,2012,mhasala,762.0,,53.67000000000001
Raigad,2012,mahad,1713.0,,76.3
Raigad,2012,poladpur,762.0,,82.28
Raigad,2013,Uran,801.0,,61.67
Raigad,2013,Panwel,1965.0,,87.79
Raigad,2013,karjat,2466.0,,69.3
Raigad,2013,khalapur,801.0,,88.14
Raigad,2013,pen,1193.0,,94.94
Raigad,2013,alibag,1091.0,,135.47
Raigad,2013,murud,997.0,,74.42
Raigad,2013,roha,1782.0,,82.38
Raigad,2013,sudhagad,1193.0,,31.94
Raigad,2013,mangaon,1389.0,,73.58
Raigad,2013,tala,605.0,,56.36
Raigad,2013,shreevardhan,1193.0,,80.8
Raigad,2013,mhasala,801.0,,51.56
Raigad,2013,mahad,1782.0,,79.74
Raigad,2013,poladpur,801.0,,80.15
Raigad,2014,Uran,577.0,,90.5
Raigad,2014,Panwel,1965.0,,88.4
Raigad,2014,karjat,3319.0,,58.4
Raigad,2014,khalapur,1037.0,,77.1
Raigad,2014,pen,1453.0,,87.1
Raigad,2014,alibag,1038.0,,139.6
Raigad,2014,murud,997.0,,74.4
Raigad,2014,roha,1867.0,,85.0
Raigad,2014,sudhagad,1193.0,,31.900000000000002
Raigad,2014,mangaon,1452.0,,75.8
Raigad,2014,tala,615.0,,47.8
Raigad,2014,shreevardhan,1193.0,,70.7
Raigad,2014,mhasala,832.0,,38.0
Raigad,2014,mahad,1782.0,,73.0
Raigad,2014,poladpur,801.0,,8.0
Raigad,2015,Uran,858.0,,65.0
Raigad,2015,Panwel,2145.0,,81.35
Raigad,2015,karjat,3430.0,,53.32
Raigad,2015,khalapur,1072.0,,63.99
Raigad,2015,pen,1501.0,,83.81
Raigad,2015,alibag,1072.0,,154.9
Raigad,2015,murud,1072.0,,75.93
Raigad,2015,roha,1930.0,,83.0
Raigad,2015,sudhagad,1286.0,,27.440000000000005
Raigad,2015,mangaon,1500.0,,72.0
Raigad,2015,tala,643.0,,44.63
Raigad,2015,shreevardhan,1287.0,,55.24
Raigad,2015,mhasala,858.0,,43.12
Raigad,2015,mahad,1930.0,,55.00000000000001
Raigad,2015,poladpur,858.0,,72.26
Raigad,2016,Uran,821.0,,66.62
Raigad,2016,Panwel,2052.0,,66.61
Raigad,2016,karjat,3283.0,,55.730000000000004
Raigad,2016,khalapur,1026.0,,73.58
Raigad,2016,pen,1436.0,,77.15
Raigad,2016,alibag,1026.0,,187.91
Raigad,2016,murud,1026.0,,67.64
Raigad,2016,roha,1847.0,,86.41
Raigad,2016,sudhagad,1231.0,,21.68
Raigad,2016,mangaon,1436.0,,75.48
Raigad,2016,tala,616.0,,56.49000000000001
Raigad,2016,shreevardhan,1231.0,,47.84
Raigad,2016,mhasala,821.0,,55.28999999999999
Raigad,2016,mahad,1847.0,,75.74
Raigad,2016,poladpur,2507.0,,25.480000000000004
Raigad,2017,Uran,910.0,,67.91
Raigad,2017,Panwel,2275.0,,70.5
Raigad,2017,karjat,3649.0,,63.33
Raigad,2017,khalapur,1137.0,,83.0
Raigad,2017,pen,1592.0,,63.0
Raigad,2017,alibag,1137.0,,171.76
Raigad,2017,murud,1137.0,,53.21
Raigad,2017,roha,2047.0,,85.83
Raigad,2017,sudhagad,1365.0,,36.68
Raigad,2017,mangaon,1592.0,,69.97
Raigad,2017,tala,682.0,,46.18
Raigad,2017,shreevardhan,1365.0,,60.95
Raigad,2017,mhasala,910.0,,46.37
Raigad,2017,mahad,2047.0,,64.72
Raigad,2017,poladpur,2806.0,,11.61
Raigad,2018,Uran,3461.0,,21.84
Raigad,2018,Panwel,8653.0,,24.34
Raigad,2018,karjat,13846.0,,13.019999999999998
Raigad,2018,khalapur,4318.0,,23.22
Raigad,2018,pen,6058.0,,11.1
Raigad,2018,alibag,4318.0,,50.74000000000001
Raigad,2018,murud,4318.0,,17.29
Raigad,2018,roha,7788.0,,25.71
Raigad,2018,sudhagad,5192.0,,13.69
Raigad,2018,mangaon,6058.0,,20.05
Raigad,2018,tala,2596.0,,13.52
Raigad,2018,shreevardhan,5192.0,,16.71
Raigad,2018,mhasala,3461.0,,12.879999999999999
Raigad,2018,mahad,7788.0,,31.45
Raigad,2018,poladpur,3765.0,,18.96
Raigad,2019,Uran,3461.0,,21.84
Raigad,2019,Panwel,8653.0,,24.34
Raigad,2019,karjat,13846.0,,13.019999999999998
Raigad,2019,khalapur,4318.0,,23.22
Raigad,2019,pen,6058.0,,11.1
Raigad,2019,alibag,4318.0,,50.74000000000001
Raigad,2019,murud,4318.0,,17.29
Raigad,2019,roha,7788.0,,25.71
Raigad,2019,sudhagad,5192.0,,13.69
Raigad,2019,mangaon,6058.0,,20.05
Raigad,2019,tala,2596.0,,13.52
Raigad,2019,shreevardhan,5192.0,,16.71
Raigad,2019,mhasala,3461.0,,12.879999999999999
Raigad,2019,mahad,7788.0,,31.45
Raigad,2019,poladpur,3765.0,,18.96
Raigad,2020,Uran,3461.0,,24.5
Raigad,2020,Panwel,8653.0,,20.6
Raigad,2020,karjat,13846.0,,16.48
Raigad,2020,khalapur,4318.0,,22.88
Raigad,2020,pen,6058.0,,63.32
Raigad,2020,alibag,4318.0,,40.96
Raigad,2020,murud,4318.0,,16.92
Raigad,2020,roha,7788.0,,24.38
Raigad,2020,sudhagad,5192.0,,12.3
Raigad,2020,mangaon,6058.0,,16.9
Raigad,2020,tala,2596.0,,10.43
Raigad,2020,shreevardhan,5192.0,,12.36
Raigad,2020,mhasala,3461.0,,11.55
Raigad,2020,mahad,7788.0,,32.96
Raigad,2020,poladpur,3765.0,,13.669999999999998
Raigad,2021,Uran,3461.0,,24.5
Raigad,2021,Panwel,8653.0,,20.6
Raigad,2021,karjat,13846.0,,16.48
Raigad,2021,khalapur,4318.0,,22.88
Raigad,2021,pen,6058.0,,6.35
Raigad,2021,alibag,4318.0,,40.9
Raigad,2021,murud,4318.0,,16.92
Raigad,2021,roha,7788.0,,24.38
Raigad,2021,sudhagad,5192.0,,12.3
Raigad,2021,mangaon,6058.0,,16.9
Raigad,2021,tala,2596.0,,10.43
Raigad,2021,shreevardhan,5192.0,,12.36
Raigad,2021,mhasala,3461.0,,11.55
Raigad,2021,mahad,7788.0,,32.96
Raigad,2021,poladpur,3765.0,,13.669999999999998
Ratnagiri,2009,Mandangad,7860.0,,32.68
Ratnagiri,2009,Dapoli,29118.0,,29.549999999999997
Ratnagiri,2009,Khed,32000.0,,34.09
Ratnagiri,2009,Chiplun,12225.0,,39.0
Ratnagiri,2009,Guhagar,35480.0,,35.7
Ratnagiri,2009,Ratnagiri,2512.0,,37.17
Ratnagiri,2009,Sangameshwar,21739.0,,48.84
Ratnagiri,2009,Lanja,30440.0,,39.44
Ratnagiri,2009,Rajapur,11520.0,,42.89
Ratnagiri,2010,Mandangad,744.0,,90.86
Ratnagiri,2010,Dapoli,4328.0,,29.99
Ratnagiri,2010,Khed,4460.0,,48.03
Ratnagiri,2010,Chiplun,4600.0,,41.15
Ratnagiri,2010,Guhagar,2346.0,,58.82000000000001
Ratnagiri,2010,Ratnagiri,1796.0,,65.97
Ratnagiri,2010,Sangameshwar,4625.0,,115.20000000000002
Ratnagiri,2010,Lanja,2506.0,,65.12
Ratnagiri,2010,Rajapur,2210.0,,51.0
Ratnagiri,2011,Mandangad,744.0,,57.99999999999999
Ratnagiri,2011,Dapoli,4328.0,,33.42
Ratnagiri,2011,Khed,4460.0,,49.6
Ratnagiri,2011,Chiplun,4600.0,,39.3
Ratnagiri,2011,Guhagar,2346.0,,50.23
Ratnagiri,2011,Ratnagiri,1796.0,,90.15
Ratnagiri,2011,Sangameshwar,4625.0,,68.49
Ratnagiri,2011,Lanja,2506.0,,68.91
Ratnagiri,2011,Rajapur,2210.0,,54.79999999999999
Ratnagiri,2012,Mandangad,2100.0,,44.85
Ratnagiri,2012,Dapoli,2800.0,,48.85
Ratnagiri,2012,Khed,4500.0,,52.86
Ratnagiri,2012,Chiplun,6250.0,,54.78000000000001
Ratnagiri,2012,Guhagar,2210.0,,43.46
Ratnagiri,2012,Ratnagiri,6460.0,,76.76
Ratnagiri,2012,Sangameshwar,2150.0,,90.13
Ratnagiri,2012,Lanja,2535.0,,86.15
Ratnagiri,2012,Rajapur,2355.0,,60.33
Ratnagiri,2013,Mandangad,1600.0,,70.12
Ratnagiri,2013,Dapoli,3500.0,,62.12
Ratnagiri,2013,Khed,4079.0,,62.59
Ratnagiri,2013,Chiplun,5038.0,,55.620000000000005
Ratnagiri,2013,Guhagar,2153.0,,60.23
Ratnagiri,2013,Ratnagiri,3683.0,,83.43
Ratnagiri,2013,Sangameshwar,5485.0,,82.26
Ratnagiri,2013,Lanja,3009.0,,87.21
Ratnagiri,2013,Rajapur,2813.0,,50.12
Ratnagiri,2014,Mandangad,2065.0,,50.49
Ratnagiri,2014,Dapoli,3447.0,,50.49
Ratnagiri,2014,Khed,5032.0,,53.839999999999996
Ratnagiri,2014,Chiplun,5503.0,,51.29
Ratnagiri,2014,Guhagar,3120.0,,51.29
Ratnagiri,2014,Ratnagiri,3328.0,,70.56
Ratnagiri,2014,Sangameshwar,5219.0,,76.55
Ratnagiri,2014,Lanja,2812.0,,97.0
Ratnagiri,2014,Rajapur,3965.0,,64.37
Ratnagiri,2015,Mandangad,1412.0,,66.78
Ratnagiri,2015,Dapoli,2546.0,,77.01
Ratnagiri,2015,Khed,3722.0,,68.76
Ratnagiri,2015,Chiplun,4842.0,,70.57
Ratnagiri,2015,Guhagar,2053.0,,51.35999999999999
Ratnagiri,2015,Ratnagiri,5138.0,,83.14
Ratnagiri,2015,Sangameshwar,4260.0,,89.88
Ratnagiri,2015,Lanja,3400.0,,92.26
Ratnagiri,2015,Rajapur,2795.0,,75.24
Ratnagiri,2016,Mandangad,1562.0,,68.0
Ratnagiri,2016,Dapoli,2796.0,,75.0
Ratnagiri,2016,Khed,4072.0,,70.0
Ratnagiri,2016,Chiplun,5242.0,,72.0
Ratnagiri,2016,Guhagar,2203.0,,53.0
Ratnagiri,2016,Ratnagiri,5538.0,,84.0
Ratnagiri,2016,Sangameshwar,4610.0,,87.0
Ratnagiri,2016,Lanja,3750.0,,91.0
Ratnagiri,2016,Rajapur,3007.0,,74.0
Ratnagiri,2017,Mandangad,1915.0,,35.81
Ratnagiri,2017,Dapoli,2870.0,,65.72
Ratnagiri,2017,Khed,4380.0,,66.42
Ratnagiri,2017,Chiplun,5150.0,,58.879999999999995
Ratnagiri,2017,Guhagar,2455.0,,39.39
Ratnagiri,2017,Ratnagiri,4395.0,,60.61
Ratnagiri,2017,Sangameshwar,6210.0,,72.28
Ratnagiri,2017,Lanja,7625.0,,46.45
Ratnagiri,2017,Rajapur,6965.0,,74.0
Ratnagiri,2018,Mandangad,3453.0,,22.5
Ratnagiri,2018,Dapoli,5266.0,,19.16
Ratnagiri,2018,Khed,5239.0,,22.69
Ratnagiri,2018,Chiplun,6190.0,,23.45
Ratnagiri,2018,Guhagar,3025.0,,15.14
Ratnagiri,2018,Ratnagiri,14877.0,,25.83
Ratnagiri,2018,Sangameshwar,5021.0,,51.47999999999999
Ratnagiri,2018,Lanja,11227.0,,31.35
Ratnagiri,2018,Rajapur,15300.0,,15.28
Ratnagiri,2019,Mandangad,1066.0,,75.89
Ratnagiri,2019,Dapoli,1444.0,,69.81
Ratnagiri,2019,Khed,1728.0,,66.49
Ratnagiri,2019,Chiplun,1991.0,,71.82
Ratnagiri,2019,Guhagar,646.0,,56.49999999999999
Ratnagiri,2019,Ratnagiri,5245.0,,78.11
Ratnagiri,2019,Sangameshwar,3820.0,,71.39
Ratnagiri,2019,Lanja,4753.0,,70.73
Ratnagiri,2019,Rajapur,3269.0,,73.33
Ratnagiri,2020,Mandangad,1034.0,,55.32
Ratnagiri,2020,Dapoli,1423.0,,48.7
Ratnagiri,2020,Khed,1599.0,,65.17
Ratnagiri,2020,Chiplun,1979.0,,69.08
Ratnagiri,2020,Guhagar,543.0,,61.33
Ratnagiri,2020,Ratnagiri,5232.0,,71.88
Ratnagiri,2020,Sangameshwar,3661.0,,50.07
Ratnagiri,2020,Lanja,4427.0,,73.07
Ratnagiri,2020,Rajapur,3185.0,,68.16
Ratnagiri,2021,Mandangad,1034.0,,33.75
Ratnagiri,2021,Dapoli,1423.0,,65.0
Ratnagiri,2021,Khed,1599.0,,55.91
Ratnagiri,2021,Chiplun,1979.0,,44.16
Ratnagiri,2021,Guhagar,543.0,,35.73
Ratnagiri,2021,Ratnagiri,5232.0,,22.04
Ratnagiri,2021,Sangameshwar,3661.0,,96.12
Ratnagiri,2021,Lanja,4427.0,,61.870000000000005
Ratnagiri,2021,Rajapur,3185.0,,65.84
Sindhudurg,2012,Devgad,2877.0,,69.0
Sindhudurg,2012,Vaibhavwadi,1391.0,,83.0
Sindhudurg,2012,Kankavali,4346.0,,73.0
Sindhudurg,2012,Malvan,2831.0,,81.0
Sindhudurg,2012,Vengurla,2101.0,,68.0
Sindhudurg,2012,Kudal,4765.0,,79.0
Sindhudurg,2012,Sawantwadi,4231.0,,56.00000000000001
Sindhudurg,2012,Dodamarg,1038.0,,38.0
Sindhudurg,2013,Devgad,3622.0,,61.0
Sindhudurg,2013,Vaibhavwadi,1577.0,,87.0
Sindhudurg,2013,Kankavali,4558.0,,76.0
Sindhudurg,2013,Malvan,2580.0,,96.0
Sindhudurg,2013,Vengurla,1940.0,,65.0
Sindhudurg,2013,Kudal,5190.0,,87.0
Sindhudurg,2013,Sawantwadi,3349.0,,80.0
Sindhudurg,2013,Dodamarg,764.0,,65.0
Sindhudurg,2014,Devgad,3964.0,,54.0
Sindhudurg,2014,Vaibhavwadi,1807.0,,72.0
Sindhudurg,2014,Kankavali,4958.0,,73.0
Sindhudurg,2014,Malvan,2821.0,,97.0
Sindhudurg,2014,Vengurla,2139.0,,56.99999999999999
Sindhudurg,2014,Kudal,5660.0,,92.0
Sindhudurg,2014,Sawantwadi,3489.0,,76.0
Sindhudurg,2014,Dodamarg,1099.0,,59.0
Sindhudurg,2015,Devgad,4380.0,,47.0
Sindhudurg,2015,Vaibhavwadi,1754.0,,57.99999999999999
Sindhudurg,2015,Kankavali,5131.0,,65.0
Sindhudurg,2015,Malvan,3007.0,,86.0
Sindhudurg,2015,Vengurla,1530.0,,90.0
Sindhudurg,2015,Kudal,6620.0,,73.0
Sindhudurg,2015,Sawantwadi,3514.0,,49.0
Sindhudurg,2015,Dodamarg,764.0,,81.0
Sindhudurg,2016,Devgad,2699.0,,66.0
Sindhudurg,2016,Vaibhavwadi,2163.0,,52.0
Sindhudurg,2016,Kankavali,3797.0,,93.0
Sindhudurg,2016,Malvan,2264.0,,100.0
Sindhudurg,2016,Vengurla,1295.0,,97.0
Sindhudurg,2016,Kudal,4658.0,,100.0
Sindhudurg,2016,Sawantwadi,1963.0,,95.0
Sindhudurg,2016,Dodamarg,661.0,,100.0
Sindhudurg,2017,Devgad,9579.0,,27.0
Sindhudurg,2017,Vaibhavwadi,4086.0,,34.0
Sindhudurg,2017,Kankavali,12565.0,,28.999999999999996
Sindhudurg,2017,Malvan,7725.0,,40.0
Sindhudurg,2017,Vengurla,5035.0,,32.0
Sindhudurg,2017,Kudal,15979.0,,33.0
Sindhudurg,2017,Sawantwadi,11019.0,,19.0
Sindhudurg,2017,Dodamarg,3462.0,,18.0
Sindhudurg,2018,Devgad,9579.0,,24.0
Sindhudurg,2018,Vaibhavwadi,4086.0,,30.0
Sindhudurg,2018,Kankavali,12565.0,,31.0
Sindhudurg,2018,Malvan,7725.0,,42.0
Sindhudurg,2018,Vengurla,5035.0,,31.0
Sindhudurg,2018,Kudal,15979.0,,35.0
Sindhudurg,2018,Sawantwadi,11019.0,,21.0
Sindhudurg,2018,Dodamarg,3462.0,,19.0
Sindhudurg,2019,Devgad,2500.0,,95.0
Sindhudurg,2019,Vaibhavwadi,1500.0,,67.0
Sindhudurg,2019,Kankawali,6816.0,,100.0
Sindhudurg,2019,Malwan,4260.0,,70.51
Sindhudurg,2019,Vengurli,3575.0,,53.900000000000006
Sindhudurg,2019,Kulad,4520.0,,100.0
Sindhudurg,2019,Savantwadi,4520.0,,37.87
Sindhudurg,2019,Dodamarg,2220.0,,29.359999999999996
Sindhudurg,2020,Devgad,2500.0,,72.0
Sindhudurg,2020,Vaibhavwadi,1500.0,,73.0
Sindhudurg,2020,Kankawali,6816.0,,62.0
Sindhudurg,2020,Malwan,4260.0,,71.0
Sindhudurg,2020,Vengurli,3575.0,,54.0
Sindhudurg,2020,Kulad,4520.0,,115.99999999999999
Sindhudurg,2020,Savantwadi,4520.0,,39.0
Sindhudurg,2020,Dodamarg,2220.0,,22.0
Sindhudurg,2021,Devgad,2500.0,,76.0
Sindhudurg,2021,Vaibhavwadi,1500.0,,66.0
Sindhudurg,2021,Kankawali,6816.0,,51.0
Sindhudurg,2021,Malwan,4260.0,,67.0
Sindhudurg,2021,Vengurli,3575.0,,69.0
Sindhudurg,2021,Kulad,4520.0,,91.0
Sindhudurg,2021,Savantwadi,4520.0,,40.0
Sindhudurg,2021,Dodamarg,1361.0,,47.0
Thane,2014,Thane,440.0,,104.0
Thane,2014,Bhivandi,2900.0,,98.51
Thane,2014,Shahapur,2850.0,,89.5
Thane,2014,Kalyan,1400.0,,96.71
Thane,2014,Ulhasnagar,0.0,,0.0
Thane,2014,Ambarnath,900.0,,98.0
Thane,2014,Murbad,1980.0,,99.0
Thane,2015,Thane,484.0,,99.79
Thane,2015,Bhivandi,4000.0,,87.0
Thane,2015,Shahapur,3500.0,,85.26
Thane,2015,Kalyan,1652.0,,83.84
Thane,2015,Ulhasnagar,0.0,,0.0
Thane,2015,Ambarnath,1000.0,,99.6
Thane,2015,Murbad,2309.0,,79.77
Thane,2016,Thane,563.0,,124.0
Thane,2016,Bhivandi,4336.0,,94.18
Thane,2016,Shahapur,3962.0,,98.0
Thane,2016,Kalyan,1757.0,,88.0
Thane,2016,Ulhasnagar,0.0,,0.0
Thane,2016,Ambarnath,1706.0,,70.0
Thane,2016,Murbad,2694.0,,81.0
Thane,2017,Thane,849.0,,49.82
Thane,2017,Bhivandi,5978.0,,32.22
Thane,2017,Shahapur,6449.0,,29.43
Thane,2017,Kalyan,2665.0,,30.39
Thane,2017,Ulhasnagar,0.0,,0.0
Thane,2017,Ambarnath,2577.0,,27.9
Thane,2017,Murbad,4078.0,,22.88
Thane,2018,Thane,2958.0,,23.9
Thane,2018,Bhivandi,24807.0,,17.14
Thane,2018,Shahapur,28233.0,,16.55
Thane,2018,Kalyan,9870.0,,24.62
Thane,2018,Ulhasnagar,0.0,,0.0
Thane,2018,Ambarnath,9388.0,,13.8
Thane,2018,Murbad,19000.0,,12.33
Thane,2019,Thane,5666.0,,19.8
Thane,2019,Bhivandi,24807.0,,16.9
Thane,2019,Shahapur,31056.0,,15.5
Thane,2019,Kalyan,9870.0,,20.5
Thane,2019,Ulhasnagar,0.0,,0.0
Thane,2019,Ambarnath,9388.0,,11.7
Thane,2019,Murbad,19000.0,,15.4
Thane,2020,Thane,1260.0,,81.0
Thane,2020,Bhivandi,12140.0,,40.0
Thane,2020,Shahapur,15901.0,,39.0
Thane,2020,Kalyan,3858.0,,42.0
Thane,2020,Ulhasnagar,0.0,,0.0
Thane,2020,Ambarnath,2262.0,,68.0
Thane,2020,Murbad,7863.0,,34.0
Thane,2021,Thane,885.0,,62.0
Thane,2021,Bhivandi,5443.0,,56.99999999999999
Thane,2021,Shahapur,2055.0,,61.0
Thane,2021,Kalyan,6897.0,,67.0
Thane,2021,Ulhasnagar,0.0,,0.0
Thane,2021,Ambarnath,4130.0,,61.0
Thane,2021,Murbad,2212.0,,56.99999999999999
Wardha,2012,Ashti,2343.0,,54.79999999999999
Wardha,2012,Karanja,1478.0,,34.8
Wardha,2012,Aarvi,3919.0,,45.4
Wardha,2012,Selu,2980.0,,46.9
Wardha,2012,Wardha,5938.0,,68.3
Wardha,2012,Devali,2936.0,,66.3
Wardha,2012,Hinganghat,3925.0,,77.3
Wardha,2012,Samudrapur,3568.0,,58.5
Wardha,2013,Ashti,2343.0,,55.8
Wardha,2013,Karanja,1178.0,,56.2
Wardha,2013,Aarvi,3919.0,,59.699999999999996
Wardha,2013,Selu,2780.0,,74.2
Wardha,2013,Wardha,5938.0,,81.1
Wardha,2013,Devali,2936.0,,77.0
Wardha,2013,Hinganghat,3925.0,,80.5
Wardha,2013,Samudrapur,3568.0,,68.8
Wardha,2014,Ashti,2586.0,,53.0
Wardha,2014,Karanja,1302.0,,61.8
Wardha,2014,Aarvi,4326.0,,59.4
Wardha,2014,Selu,3069.0,,72.4
Wardha,2014,Wardha,6554.0,,77.7
Wardha,2014,Devali,3241.0,,61.9
Wardha,2014,Hinganghat,4332.0,,70.1
Wardha,2014,Samudrapur,3938.0,,72.7
Wardha,2015,Ashti,3682.0,,34.68
Wardha,2015,Karanja,3042.0,,26.99
Wardha,2015,Aarvi,5985.0,,41.22
Wardha,2015,Selu,2659.0,,83.19
Wardha,2015,Wardha,5937.0,,87.08
Wardha,2015,Devali,2756.0,,76.09
Wardha,2015,Hinganghat,3937.0,,76.96
Wardha,2015,Samudrapur,3002.0,,88.01
Wardha,2016,Ashti,6345.0,,15.71
Wardha,2016,Karanja,5438.0,,14.91
Wardha,2016,Aarvi,15409.0,,16.31
Wardha,2016,Selu,4532.0,,57.74
Wardha,2016,Wardha,11784.0,,43.1
Wardha,2016,Devali,9065.0,,20.58
Wardha,2016,Hinganghat,12690.0,,23.41
Wardha,2016,Samudrapur,10877.0,,19.64
Wardha,2017,Ashti,18409.0,,10.94
Wardha,2017,Karanja,15953.0,,23.11
Wardha,2017,Aarvi,15953.0,,33.35
Wardha,2017,Selu,19635.0,,24.95
Wardha,2017,Wardha,13499.0,,36.79
Wardha,2017,Devali,22089.0,,14.360000000000001
Wardha,2017,Hinganghat,14726.0,,32.41
Wardha,2017,Samudrapur,8590.0,,40.18
Wardha,2018,Ashti,12007.0,,16.96
Wardha,2018,Karanja,19795.0,,14.49
Wardha,2018,Aarvi,20736.0,,21.56
Wardha,2018,Selu,17641.0,,29.07
Wardha,2018,Wardha,21836.0,,26.85
Wardha,2018,Devali,15283.0,,18.88
Wardha,2018,Hinganghat,19881.0,,25.71
Wardha,2018,Samudrapur,19453.0,,22.75
Wardha,2019,Ashti,2666.0,,86.45
Wardha,2019,Karanja,4026.0,,78.76
Wardha,2019,Aarvi,6340.0,,72.12
Wardha,2019,Selu,7700.0,,108.06
Wardha,2019,Wardha,8508.0,,84.03
Wardha,2019,Devali,3996.0,,81.73
Wardha,2019,Hinganghat,6605.0,,91.46
Wardha,2019,Samudrapur,5606.0,,65.23
Wardha,2020,Ashti,2968.0,,78.5
Wardha,2020,Karanja,3846.0,,79.95
Wardha,2020,Aarvi,6472.0,,78.09
Wardha,2020,Selu,7613.0,,95.98
Wardha,2020,Wardha,7163.0,,98.71
Wardha,2020,Devali,4076.0,,78.97
Wardha,2020,Hinganghat,7170.0,,82.74
Wardha,2020,Samudrapur,5492.0,,81.73
Wardha,2021,Ashti,2624.0,,88.76
Wardha,2021,Karanja,9077.0,,32.72
Wardha,2021,Aarvi,6278.0,,78.54
Wardha,2021,Selu,7292.0,,96.69
Wardha,2021,Wardha,9040.0,,75.42
Wardha,2021,Devali,4117.0,,68.86
Wardha,2021,Hinganghat,8876.0,,66.73
Wardha,2021,Samudrapur,5606.0,,77.27
Washim,2008,Malegaon,3403.0,,45.75
Washim,2008,Mangrulpir,4107.0,,36.86
Washim,2008,Karanja,4115.0,,33.15
Washim,2008,Manora,3403.0,,19.24
Washim,2008,Washim,4207.0,,52.46999999999999
Washim,2008,Resod,3749.0,,47.08
Washim,2009,Malegaon,3403.0,,48.75
Washim,2009,Mangrulpir,4107.0,,43.24
Washim,2009,Karanja,4115.0,,57.81
Washim,2009,Manora,3403.0,,20.65
Washim,2009,Washim,4207.0,,48.71
Washim,2009,Resod,3749.0,,50.18
Washim,2010,Malegaon,3509.0,,50.0
Washim,2010,Mangrulpir,4563.0,,54.0
Washim,2010,Karanja,4508.0,,35.0
Washim,2010,Manora,3508.0,,48.0
Washim,2010,Washim,4172.0,,65.0
Washim,2010,Resod,3993.0,,70.0
Washim,2011,Malegaon,3513.0,,0.45599999999999996
Washim,2011,Mangrulpir,3513.0,,0.436
Washim,2011,Karanja,3530.0,,0.375
Washim,2011,Manora,3513.0,,0.259
Washim,2011,Washim,3513.0,,0.655
Washim,2011,Resod,3513.0,,0.361
Washim,2012,Malegaon,4200.0,,0.564
Washim,2012,Mangrulpir,4300.0,,0.557
Washim,2012,Karanja,4000.0,,0.575
Washim,2012,Manora,4000.0,,0.697
Washim,2012,Washim,4400.0,,0.568
Washim,2012,Resod,3347.0,,0.515
Washim,2013,Malegaon,4800.0,,0.4
Washim,2013,Mangrulpir,5000.0,,0.4050000000000001
Washim,2013,Karanja,5000.0,,0.5
Washim,2013,Manora,4810.0,,0.39
Washim,2013,Washim,5000.0,,0.52
Washim,2013,Resod,5000.0,,0.39
Washim,2014,Malegaon,4800.0,,0.29
Washim,2014,Mangrulpir,5000.0,,0.4
Washim,2014,Karanja,5000.0,,0.64
Washim,2014,Manora,4810.0,,0.22999999999999998
Washim,2014,Washim,5000.0,,0.53
Washim,2014,Resod,5000.0,,0.31
Washim,2015,Malegaon,9000.0,,0.2
Washim,2015,Mangrulpir,9900.0,,0.28
Washim,2015,Karanja,8100.0,,0.33
Washim,2015,Manora,6300.0,,0.19
Washim,2015,Washim,13500.0,,0.19
Washim,2015,Resod,9000.0,,0.16
Washim,2016,Malegaon,9000.0,,26.0
Washim,2016,Mangrulpir,9900.0,,24.67
Washim,2016,Karanja,8100.0,,24.75
Washim,2016,Manora,6300.0,,26.68
Washim,2016,Washim,13500.0,,19.54
Washim,2016,Resod,9000.0,,21.41
Washim,2017,Malegaon,18600.0,,10.18
Washim,2017,Mangrulpir,21500.0,,8.0
Washim,2017,Karanja,16700.0,,9.24
Washim,2017,Manora,13500.0,,9.1
Washim,2017,Washim,31500.0,,6.38
Washim,2017,Resod,19400.0,,7.93
Washim,2018,Malegaon,20480.0,,11.55
Washim,2018,Mangrulpir,25089.0,,8.07
Washim,2018,Karanja,21851.0,,9.69
Washim,2018,Manora,31265.0,,4.18
Washim,2018,Washim,24374.0,,14.24
Washim,2018,Resod,17740.0,,10.98
Washim,2019,Malegaon,2700.0,,105.80000000000001
Washim,2019,Mangrulpir,2793.0,,103.1
Washim,2019,Karanja,3787.0,,70.9
Washim,2019,Manora,2700.0,,111.1
Washim,2019,Washim,3845.0,,117.30000000000001
Washim,2019,Resod,2899.0,,80.7
Washim,2020,Malegaon,2910.0,,89.62
Washim,2020,Mangrulpir,3503.0,,78.36
Washim,2020,Karanja,2917.0,,88.13
Washim,2020,Manora,2040.0,,89.01
Washim,2020,Washim,4535.0,,80.81
Washim,2020,Resod,2819.0,,68.32
Washim,2021,Malegaon,2800.0,,86.92
Washim,2021,Mangrulpir,3393.0,,84.89
Washim,2021,Karanja,3387.0,,77.76
Washim,2021,Manora,2800.0,,62.74999999999999
Washim,2021,Washim,3345.0,,95.4
Washim,2021,Resod,2999.0,,58.31000000000001
Yavatmal,2012,Ner,2830.0,,53.0
Yavatmal,2012,Babhulgaon,2030.0,,72.0
Yavatmal,2012,Kalamb,2910.0,,79.0
Yavatmal,2012,Yavatmal,3140.0,,44.0
Yavatmal,2012,Darvha,4500.0,,56.99999999999999
Yavatmal,2012,Digras,2530.0,,55.00000000000001
Yavatmal,2012,Pusad,4520.0,,72.0
Yavatmal,2012,Umarkhed,3800.0,,60.0
Yavatmal,2012,Mahagaon,2910.0,,28.000000000000004
Yavatmal,2012,Aarni,2815.0,,48.0
Yavatmal,2012,Ghantaji,3045.0,,56.00000000000001
Yavatmal,2012,Kelapur,3275.0,,38.0
Yavatmal,2012,Ralegaon,2355.0,,51.0
Yavatmal,2012,Maregaon,2220.0,,34.0
Yavatmal,2012,Zari Jamani,3000.0,,22.0
Yavatmal,2012,Vani,2775.0,,41.0
Yavatmal,2013,Ner,2684.0,,54.0
Yavatmal,2013,Babhulgaon,1918.0,,80.0
Yavatmal,2013,Kalamb,2876.0,,90.0
Yavatmal,2013,Yavatmal,3685.0,,67.0
Yavatmal,2013,Darvha,4435.0,,65.0
Yavatmal,2013,Digras,2578.0,,70.0
Yavatmal,2013,Pusad,5254.0,,88.0
Yavatmal,2013,Umarkhed,5877.0,,99.0
Yavatmal,2013,Mahagaon,2876.0,,38.0
Yavatmal,2013,Aarni,2685.0,,56.00000000000001
Yavatmal,2013,Ghantaji,3651.0,,83.0
Yavatmal,2013,Kelapur,3414.0,,62.0
Yavatmal,2013,Ralegaon,2301.0,,69.0
Yavatmal,2013,Maregaon,2300.0,,44.0
Yavatmal,2013,Zari Jamani,3258.0,,20.0
Yavatmal,2013,Vani,4102.0,,53.0
Yavatmal,2014,Ner,3628.0,,55.00000000000001
Yavatmal,2014,Babhulgaon,2009.0,,75.0
Yavatmal,2014,Kalamb,2873.0,,99.0
Yavatmal,2014,Yavatmal,4985.0,,38.0
Yavatmal,2014,Darvha,4279.0,,76.0
Yavatmal,2014,Digras,3351.0,,50.0
Yavatmal,2014,Pusad,6761.0,,70.0
Yavatmal,2014,Umarkhed,1007.0,,52.0
Yavatmal,2014,Mahagaon,3704.0,,54.0
Yavatmal,2014,Aarni,4630.0,,45.0
Yavatmal,2014,Ghantaji,4273.0,,40.0
Yavatmal,2014,Kelapur,2444.0,,62.0
Yavatmal,2014,Ralegaon,2390.0,,47.0
Yavatmal,2014,Maregaon,2371.0,,30.0
Yavatmal,2014,Zari Jamani,4555.0,,43.0
Yavatmal,2014,Vani,6570.0,,68.0
Yavatmal,2015,Ner,9000.0,,19.0
Yavatmal,2015,Babhulgaon,8100.0,,20.0
Yavatmal,2015,Kalamb,9900.0,,32.0
Yavatmal,2015,Yavatmal,10800.0,,18.0
Yavatmal,2015,Darvha,17100.0,,16.0
Yavatmal,2015,Digras,9900.0,,17.0
Yavatmal,2015,Pusad,16200.0,,24.0
Yavatmal,2015,Umarkhed,13500.0,,34.0
Yavatmal,2015,Mahagaon,9900.0,,21.0
Yavatmal,2015,Aarni,9900.0,,20.0
Yavatmal,2015,Ghantaji,10800.0,,14.000000000000002
Yavatmal,2015,Kelapur,11700.0,,17.0
Yavatmal,2015,Ralegaon,8100.0,,20.0
Yavatmal,2015,Maregaon,7200.0,,20.0
Yavatmal,2015,Zari Jamani,9900.0,,11.0
Yavatmal,2015,Vani,11700.0,,20.0
Yavatmal,2016,Ner,9950.0,,18.0
Yavatmal,2016,Babhulgaon,7960.0,,21.0
Yavatmal,2016,Kalamb,10945.0,,31.0
Yavatmal,2016,Yavatmal,11940.0,,14.000000000000002
Yavatmal,2016,Darvha,18915.0,,13.0
Yavatmal,2016,Digras,10945.0,,15.0
Yavatmal,2016,Pusad,17920.0,,21.0
Yavatmal,2016,Umarkhed,14935.0,,35.0
Yavatmal,2016,Mahagaon,10945.0,,21.0
Yavatmal,2016,Aarni,10945.0,,17.0
Yavatmal,2016,Ghantaji,11940.0,,11.0
Yavatmal,2016,Kelapur,12935.0,,15.0
Yavatmal,2016,Ralegaon,8955.0,,19.0
Yavatmal,2016,Maregaon,7960.0,,17.0
Yavatmal,2016,Zari Jamani,10945.0,,8.0
Yavatmal,2016,Vani,12935.0,,17.0
Yavatmal,2017,Ner,15750.0,,12.0
Yavatmal,2017,Babhulgaon,12750.0,,14.000000000000002
Yavatmal,2017,Kalamb,17250.0,,20.0
Yavatmal,2017,Yavatmal,18750.0,,10.0
Yavatmal,2017,Darvha,29250.0,,9.0
Yavatmal,2017,Digras,17250.0,,9.0
Yavatmal,2017,Pusad,27750.0,,13.0
Yavatmal,2017,Umarkhed,23250.0,,24.0
Yavatmal,2017,Mahagaon,17250.0,,16.0
Yavatmal,2017,Aarni,17250.0,,10.0
Yavatmal,2017,Ghantaji,18750.0,,7.000000000000001
Yavatmal,2017,Kelapur,20250.0,,11.0
Yavatmal,2017,Ralegaon,14250.0,,13.0
Yavatmal,2017,Maregaon,12750.0,,12.0
Yavatmal,2017,Zari Jamani,17250.0,,6.0
Yavatmal,2017,Vani,20250.0,,12.0
Yavatmal,2018,Ner,19523.0,,12.5
Yavatmal,2018,Babhulgaon,8960.0,,14.3
Yavatmal,2018,Kalamb,17859.0,,20.4
Yavatmal,2018,Yavatmal,19430.0,,10.0
Yavatmal,2018,Darvha,19122.0,,8.6
Yavatmal,2018,Digras,11357.0,,9.3
Yavatmal,2018,Pusad,31418.0,,12.6
Yavatmal,2018,Umarkhed,41917.0,,24.0
Yavatmal,2018,Mahagaon,16589.0,,15.7
Yavatmal,2018,Aarni,23439.0,,10.0
Yavatmal,2018,Ghantaji,20204.0,,7.1
Yavatmal,2018,Kelapur,19044.0,,11.5
Yavatmal,2018,Ralegaon,11268.0,,12.8
Yavatmal,2018,Maregaon,16589.0,,12.3
Yavatmal,2018,Zari Jamani,18455.0,,5.7
Yavatmal,2018,Vani,10116.0,,11.9
Yavatmal,2019,Ner,2999.0,,86.0
Yavatmal,2019,Babhulgaon,2840.0,,78.5
Yavatmal,2019,Kalamb,4089.0,,76.7
Yavatmal,2019,Yavatmal,3890.0,,68.9
Yavatmal,2019,Darvha,4734.0,,67.6
Yavatmal,2019,Digras,2529.0,,75.2
Yavatmal,2019,Pusad,6395.0,,60.0
Yavatmal,2019,Umarkhed,9385.0,,76.0
Yavatmal,2019,Mahagaon,3841.0,,72.0
Yavatmal,2019,Aarni,3055.0,,80.0
Yavatmal,2019,Ghantaji,3255.0,,82.9
Yavatmal,2019,Kelapur,4090.0,,82.5
Yavatmal,2019,Ralegaon,1801.0,,104.4
Yavatmal,2019,Maregaon,2273.0,,90.8
Yavatmal,2019,Zari Jamani,1164.0,,86.3
Yavatmal,2019,Vani,3046.0,,60.4
Yavatmal,2020,Ner,3545.0,,71.9
Yavatmal,2020,Babhulgaon,2994.0,,77.7
Yavatmal,2020,Kalamb,3898.0,,74.3
Yavatmal,2020,Yavatmal,2332.0,,87.2
Yavatmal,2020,Darvha,3691.0,,61.8
Yavatmal,2020,Digras,2134.0,,57.10000000000001
Yavatmal,2020,Pusad,5294.0,,52.300000000000004
Yavatmal,2020,Umarkhed,8074.0,,71.2
Yavatmal,2020,Mahagaon,3943.0,,54.29999999999999
Yavatmal,2020,Aarni,3139.0,,71.3
Yavatmal,2020,Ghantaji,2499.0,,85.5
Yavatmal,2020,Kelapur,3445.0,,65.6
Yavatmal,2020,Ralegaon,2051.0,,79.1
Yavatmal,2020,Maregaon,2303.0,,76.3
Yavatmal,2020,Zari Jamani,1167.0,,82.5
Yavatmal,2020,Vani,1772.0,,75.8
Yavatmal,2021,Ner,3545.0,,52.400000000000006
Yavatmal,2021,Babhulgaon,2994.0,,74.0
Yavatmal,2021,Kalamb,3898.0,,56.3
Yavatmal,2021,Yavatmal,2872.0,,56.49999999999999
Yavatmal,2021,Darvha,3681.0,,48.2
Yavatmal,2021,Digras,2169.0,,40.4
Yavatmal,2021,Pusad,5294.0,,48.1
Yavatmal,2021,Umarkhed,7356.0,,69.5
Yavatmal,2021,Mahagaon,3943.0,,53.5
Yavatmal,2021,Aarni,3139.0,,59.5
Yavatmal,2021,Ghantaji,2499.0,,77.4
Yavatmal,2021,Kelapur,3445.0,,53.1
Yavatmal,2021,Ralegaon,2051.0,,59.699999999999996
Yavatmal,2021,Maregaon,2273.0,,42.4
Yavatmal,2021,Zari Jamani,1164.0,,56.00000000000001
Yavatmal,2021,Vani,2636.0,,55.60000000000001
Kolhapur,2017,Shahuwadi,11009.0,,68.7
Kolhapur,2017,Panhala,16504.0,,54.7
Kolhapur,2017,Hatkanangale,26140.0,,64.1
Kolhapur,2017,Shirol,27361.0,,64.0
Kolhapur,2017,Karveer,24745.0,,64.4
Kolhapur,2017,Gaganbawda,1506.0,,64.1
Kolhapur,2017,Radhanagari,10026.0,,64.2
Kolhapur,2017,Kagal,24156.0,,64.5
Kolhapur,2017,Bhudargad,6254.0,,64.4
Kolhapur,2017,Ajra,6402.0,,64.0
Kolhapur,2017,Gadhinglaj,16646.0,,64.4
Kolhapur,2017,Chandgad,7865.0,,64.3
Kolhapur,2018,Shahuwadi,50090.0,,34.1
Kolhapur,2018,Panhala,60137.0,,68.3
Kolhapur,2018,Hatkanangale,72772.0,,15.2
Kolhapur,2018,Shirol,67434.0,,36.5
Kolhapur,2018,Karveer,110108.0,,84.0
Kolhapur,2018,Gaganbawda,6892.0,,18.8
Kolhapur,2018,Radhanagari,39143.0,,99.1
Kolhapur,2018,Kagal,65498.0,,102.1
Kolhapur,2018,Bhudargad,33536.0,,43.0
Kolhapur,2018,Ajra,28751.0,,80.3
Kolhapur,2018,Gadhinglaj,59606.0,,68.7
Kolhapur,2018,Chandgad,39300.0,,40.3
Kolhapur,2019,Shahuwadi,16171.0,,32.28
Kolhapur,2019,Panhala,27875.0,,46.35
Kolhapur,2019,Hatkanangale,56911.0,,78.2
Kolhapur,2019,Shirol,26564.0,,39.39
Kolhapur,2019,Karveer,40466.0,,36.75
Kolhapur,2019,Gaganbawda,1572.0,,22.81
Kolhapur,2019,Radhanagari,13077.0,,33.41
Kolhapur,2019,Kagal,26000.0,,39.7
Kolhapur,2019,Bhudargad,9329.0,,27.82
Kolhapur,2019,Ajra,10422.0,,36.25
Kolhapur,2019,Gadhinglaj,18942.0,,31.78
Kolhapur,2019,Chandgad,14279.0,,36.33
Kolhapur,2020,Shahuwadi,15337.0,,28.999999999999996
Kolhapur,2020,Panhala,21005.0,,71.0
Kolhapur,2020,Hatkanangale,57100.0,,23.0
Kolhapur,2020,Shirol,27281.0,,56.00000000000001
Kolhapur,2020,Karveer,41151.0,,63.0
Kolhapur,2020,Gaganbawda,1729.0,,104.0
Kolhapur,2020,Radhanagari,13385.0,,180.0
Kolhapur,2020,Kagal,23995.0,,78.0
Kolhapur,2020,Bhudargad,10262.0,,77.0
Kolhapur,2020,Ajra,10464.0,,197.0
Kolhapur,2020,Gadhinglaj,13816.0,,128.0
Kolhapur,2020,Chandgad,13707.0,,46.0
Kolhapur,2021,Shahuwadi,7890.0,,159.0
Kolhapur,2021,Panhala,14289.0,,155.0
Kolhapur,2021,Hatkanangale,65272.0,,21.0
Kolhapur,2021,Shirol,31467.0,,44.0
Kolhapur,2021,Karveer,20997.0,,153.0
Kolhapur,2021,Gaganbavada,1752.0,,96.0
Kolhapur,2021,Radhanagari,17292.0,,128.0
Kolhapur,2021,Kagal,39952.0,,74.0
Kolhapur,2021,Bhudargad,17268.0,,105.0
Kolhapur,2021,Ajara,10464.0,,229.0
Kolhapur,2021,Gadhinglaj,14872.0,,119.0
Kolhapur,2021,Chandgad,10262.0,,100.0
Jalgaon,2008,Chopda,3747.0,,31.3
Jalgaon,2008,Yawal,5188.0,,79.33
Jalgaon,2008,Raver,5463.0,,82.59
Jalgaon,2008,Muktainagar,3930.0,,49.44
Jalgaon,2008,Bodvad,2817.0,,54.24
Jalgaon,2008,Bhusawal,2861.0,,57.70000000000001
Jalgaon,2008,Jalgaon,4067.0,,71.44
Jalgaon,2008,Erandol,2035.0,,45.99
Jalgaon,2008,Dharangoan,6663.0,,52.76
Jalgaon,2008,Amalner,3934.0,,56.96
Jalgaon,2008,Parola,1679.0,,24.48
Jalgaon,2008,Bhadgoan,3694.0,,62.36999999999999
Jalgaon,2008,Chalisgoan,11370.0,,74.3
Jalgaon,2008,Pachora,3965.0,,65.57
Jalgaon,2008,Jamner,4346.0,,47.42
Jalgaon,2009,Chopda,3747.0,,32.79
Jalgaon,2009,Yawal,5188.0,,83.69
Jalgaon,2009,Raver,5463.0,,83.34
Jalgaon,2009,Muktainagar,3930.0,,50.89
Jalgaon,2009,Bodvad,2817.0,,56.08
Jalgaon,2009,Bhusawal,2861.0,,55.47
Jalgaon,2009,Jalgaon,4067.0,,77.4
Jalgaon,2009,Erandol,2035.0,,64.32
Jalgaon,2009,Dharangoan,6663.0,,53.56999999999999
Jalgaon,2009,Amalner,3934.0,,55.87
Jalgaon,2009,Parola,1679.0,,43.95
Jalgaon,2009,Bhadgoan,3694.0,,57.440000000000005
Jalgaon,2009,Chalisgoan,11370.0,,78.33
Jalgaon,2009,Pachora,3965.0,,66.96
Jalgaon,2009,Jamner,4346.0,,54.56999999999999
Jalgaon,2010,Chopda,3754.0,,40.49
Jalgaon,2010,Yawal,5250.0,,77.2
Jalgaon,2010,Raver,5417.0,,83.77
Jalgaon,2010,Muktainagar,3719.0,,65.01
Jalgaon,2010,Bodvad,2200.0,,57.59000000000001
Jalgaon,2010,Bhusawal,2900.0,,60.480000000000004
Jalgaon,2010,Jalgaon,4049.0,,82.02
Jalgaon,2010,Erandol,2400.0,,65.08
Jalgaon,2010,Dharangoan,6421.0,,56.92
Jalgaon,2010,Amalner,4000.0,,58.07
Jalgaon,2010,Parola,1700.0,,48.47
Jalgaon,2010,Bhadgoan,3500.0,,56.61999999999999
Jalgaon,2010,Chalisgoan,11852.0,,70.3
Jalgaon,2010,Pachora,3900.0,,59.12
Jalgaon,2010,Jamner,4697.0,,56.26
Jalgaon,2012,Chopda,3526.0,,75.04
Jalgaon,2012,Yawal,5943.0,,96.31
Jalgaon,2012,Raver,7257.0,,86.42
Jalgaon,2012,Muktainagar,4423.0,,68.84
Jalgaon,2012,Bodvad,2539.0,,55.169999999999995
Jalgaon,2012,Bhusawal,3328.0,,73.37
Jalgaon,2012,Jalgaon,4821.0,,89.93
Jalgaon,2012,Erandol,2760.0,,78.11
Jalgaon,2012,Dharangoan,7936.0,,49.33
Jalgaon,2012,Amalner,4578.0,,84.29
Jalgaon,2012,Parola,1960.0,,71.78
Jalgaon,2012,Bhadgoan,3953.0,,57.82000000000001
Jalgaon,2012,Chalisgoan,10354.0,,99.22
Jalgaon,2012,Pachora,4499.0,,83.5
Jalgaon,2012,Jamner,5361.0,,58.58
Jalgaon,2013,Chopda,3526.0,,89.0
Jalgaon,2013,Yawal,5943.0,,95.6
Jalgaon,2013,Raver,7257.0,,75.5
Jalgaon,2013,Muktainagar,4423.0,,83.0
Jalgaon,2013,Bodvad,2539.0,,57.8
Jalgaon,2013,Bhusawal,3328.0,,84.9
Jalgaon,2013,Jalgaon,4821.0,,91.5
Jalgaon,2013,Erandol,2760.0,,104.0
Jalgaon,2013,Dharangoan,7936.0,,51.83
Jalgaon,2013,Amalner,4578.0,,78.8
Jalgaon,2013,Parola,1960.0,,61.68
Jalgaon,2013,Bhadgoan,3953.0,,49.7
Jalgaon,2013,Chalisgoan,10354.0,,99.7
Jalgaon,2013,Pachora,4499.0,,93.7
Jalgaon,2013,Jamner,5361.0,,63.5
Jalgaon,2014,Chopda,3897.0,,76.72
Jalgaon,2014,Yawal,5943.0,,67.96
Jalgaon,2014,Raver,7257.0,,71.86
Jalgaon,2014,Muktainagar,4390.0,,73.16
Jalgaon,2014,Bodvad,2539.0,,63.88
Jalgaon,2014,Bhusawal,3328.0,,89.51
Jalgaon,2014,Jalgaon,6762.0,,73.23
Jalgaon,2014,Erandol,3730.0,,86.89
Jalgaon,2014,Dharangoan,9387.0,,43.11
Jalgaon,2014,Amalner,4578.0,,75.68
Jalgaon,2014,Parola,1960.0,,67.7
Jalgaon,2014,Bhadgoan,3952.0,,53.68999999999999
Jalgaon,2014,Chalisgoan,12825.0,,78.23
Jalgaon,2014,Pachora,4499.0,,96.77
Jalgaon,2014,Jamner,5465.0,,65.69
Jalgaon,2015,Chopda,4470.0,,70.22
Jalgaon,2015,Yawal,5943.0,,78.59
Jalgaon,2015,Raver,7880.0,,56.72999999999999
Jalgaon,2015,Muktainagar,4963.0,,57.99999999999999
Jalgaon,2015,Bodvad,2539.0,,58.76
Jalgaon,2015,Bhusawal,3328.0,,83.5
Jalgaon,2015,Jalgaon,6762.0,,70.31
Jalgaon,2015,Erandol,3730.0,,69.32
Jalgaon,2015,Dharangoan,9960.0,,32.56
Jalgaon,2015,Amalner,4578.0,,73.39
Jalgaon,2015,Parola,1960.0,,72.85
Jalgaon,2015,Bhadgoan,3952.0,,58.93000000000001
Jalgaon,2015,Chalisgoan,13398.0,,66.89
Jalgaon,2015,Pachora,4499.0,,108.69
Jalgaon,2015,Jamner,6038.0,,56.82000000000001
Jalgaon,2016,Chopda,4400.0,,74.0
Jalgaon,2016,Yawal,6680.0,,75.0
Jalgaon,2016,Raver,13000.0,,69.0
Jalgaon,2016,Muktainagar,1800.0,,70.0
Jalgaon,2016,Bodvad,1760.0,,75.0
Jalgaon,2016,Bhusawal,2900.0,,67.0
Jalgaon,2016,Jalgaon,3100.0,,79.0
Jalgaon,2016,Erandol,0.0,,0.0
Jalgaon,2016,Dharangoan,2140.0,,77.0
Jalgaon,2016,Amalner,2540.0,,78.0
Jalgaon,2016,Parola,3400.0,,73.0
Jalgaon,2016,Bhadgoan,5700.0,,83.0
Jalgaon,2016,Chalisgoan,7240.0,,80.0
Jalgaon,2016,Pachora,8000.0,,74.0
Jalgaon,2016,Jamner,6300.0,,85.0
Jalgaon,2017,Chopda,5330.0,,87.0
Jalgaon,2017,Yawal,5330.0,,104.0
Jalgaon,2017,Raver,9770.0,,96.0
Jalgaon,2017,Muktainagar,1782.0,,88.0
Jalgaon,2017,Bodvad,2660.0,,70.0
Jalgaon,2017,Bhusawal,2660.0,,79.0
Jalgaon,2017,Jalgaon,3550.0,,82.0
Jalgaon,2017,Erandol,888.0,,81.0
Jalgaon,2017,Dharangoan,1780.0,,123.0
Jalgaon,2017,Amalner,3550.0,,76.0
Jalgaon,2017,Parola,3550.0,,75.0
Jalgaon,2017,Bhadgoan,5330.0,,108.0
Jalgaon,2017,Chalisgoan,10660.0,,90.0
Jalgaon,2017,Pachora,5330.0,,139.0
Jalgaon,2017,Jamner,5330.0,,107.0
Jalgaon,2018,Chopda,25039.0,,18.7
Jalgaon,2018,Yawal,25039.0,,19.8
Jalgaon,2018,Raver,31523.0,,15.8
Jalgaon,2018,Muktainagar,21976.0,,19.7
Jalgaon,2018,Bodvad,11202.0,,8.6
Jalgaon,2018,Bhusawal,16103.0,,15.9
Jalgaon,2018,Jalgaon,26653.0,,24.2
Jalgaon,2018,Erandol,15938.0,,19.0
Jalgaon,2018,Dharangoan,17003.0,,14.6
Jalgaon,2018,Amalner,21138.0,,15.4
Jalgaon,2018,Parola,20306.0,,13.3
Jalgaon,2018,Bhadgoan,21960.0,,16.9
Jalgaon,2018,Chalisgoan,49825.0,,20.3
Jalgaon,2018,Pachora,30124.0,,22.5
Jalgaon,2018,Jamner,33242.0,,16.6
Jalgaon,2019,Chopda,18835.0,,64.76
Jalgaon,2019,Yawal,22376.0,,65.24
Jalgaon,2019,Raver,26787.0,,71.37
Jalgaon,2019,Muktainagar,16317.0,,52.47999999999999
Jalgaon,2019,Bodvad,7156.0,,53.63
Jalgaon,2019,Bhusawal,10710.0,,62.84
Jalgaon,2019,Jalgaon,2015.0,,68.58
Jalgaon,2019,Erandol,12175.0,,39.94
Jalgaon,2019,Dharangoan,9385.0,,66.88
Jalgaon,2019,Amalner,12672.0,,69.94
Jalgaon,2019,Parola,10848.0,,52.629999999999995
Jalgaon,2019,Bhadgoan,16864.0,,72.62
Jalgaon,2019,Chalisgoan,35964.0,,70.5
Jalgaon,2019,Pachora,23548.0,,78.51
Jalgaon,2019,Jamner,21805.0,,59.54999999999999
Jalgaon,2020,Chopda,18367.0,,60.53999999999999
Jalgaon,2020,Yawal,21830.0,,65.67
Jalgaon,2020,Raver,25929.0,,72.71
Jalgaon,2020,Muktainagar,16005.0,,52.57999999999999
Jalgaon,2020,Bodvad,5836.0,,61.21
Jalgaon,2020,Bhusawal,9468.0,,62.74999999999999
Jalgaon,2020,Jalgaon,19961.0,,63.24999999999999
Jalgaon,2020,Erandol,11016.0,,42.39
Jalgaon,2020,Dharangoan,8143.0,,74.86
Jalgaon,2020,Amalner,11430.0,,72.63
Jalgaon,2020,Parola,13638.0,,40.89
Jalgaon,2020,Bhadgoan,16396.0,,64.08
Jalgaon,2020,Chalisgoan,35880.0,,73.64
Jalgaon,2020,Pachora,24220.0,,72.86
Jalgaon,2020,Jamner,21337.0,,56.49999999999999
Jalgaon,2021,Chopda,40.7,,4077.0000000000005
Jalgaon,2021,Yawal,53.9,,9724.0
Jalgaon,2021,Raver,62.4,,3619.0
Jalgaon,2021,Muktainagar,42.7,,2675.0
Jalgaon,2021,Bodvad,42.3,,791.0
Jalgaon,2021,Bhusawal,53.4,,1543.0
Jalgaon,2021,Jalgaon,50.9,,2022.0
Jalgaon,2021,Erandol,40.4,,4587.0
Jalgaon,2021,Dharangoan,60.3,,4185.0
Jalgaon,2021,Amalner,53.6,,1404.0
Jalgaon,2021,Parola,49.5,,3269.0
Jalgaon,2021,Bhadgoan,41.4,,6117.0
Jalgaon,2021,Chalisgoan,58.1,,22162.0
Jalgaon,2021,Pachora,63.1,,8895.0
Jalgaon,2021,Jamner,44.4,,5634.0
Sangli,2012,Shirala,26978.0,,76.0
Sangli,2012,Valava,57571.0,,72.0
Sangli,2012,Palus,9488.0,,63.0
Sangli,2012,Kadegaon,11817.0,,96.0
Sangli,2012,Khanapur,15131.0,,75.0
Sangli,2012,Aatpadi,10761.0,,99.0
Sangli,2012,Tasgaon,36626.0,,82.0
Sangli,2012,Miraj,40203.0,,83.0
Sangli,2012,Ku. Mahakal,19329.0,,79.0
Sangli,2012,Jat,31856.0,,43.0
Sangli,2013,Shirala,26978.0,,80.6
Sangli,2013,Valava,57571.0,,81.0
Sangli,2013,Palus,9488.0,,73.0
Sangli,2013,Kadegaon,11817.0,,103.49999999999999
Sangli,2013,Khanapur,15131.0,,105.0
Sangli,2013,Aatpadi,10761.0,,111.6
Sangli,2013,Tasgaon,36626.0,,88.0
Sangli,2013,Miraj,40203.0,,92.0
Sangli,2013,Ku. Mahakal,19326.0,,92.0
Sangli,2013,Jat,31856.0,,92.0
Sangli,2014,Shirala,26978.0,,81.1
Sangli,2014,Valava,57571.0,,82.5
Sangli,2014,Palus,9488.0,,74.0
Sangli,2014,Kadegaon,11817.0,,104.1
Sangli,2014,Khanapur,15131.0,,103.0
Sangli,2014,Aatpadi,10761.0,,112.1
Sangli,2014,Tasgaon,36626.0,,89.1
Sangli,2014,Miraj,40203.0,,94.0
Sangli,2014,Ku. Mahakal,19326.0,,94.0
Sangli,2014,Jat,31856.0,,59.0
Sangli,2015,Shirala,27869.0,,61.3
Sangli,2015,Valava,61283.0,,61.4
Sangli,2015,Palus,11972.0,,28.300000000000004
Sangli,2015,Kadegaon,19092.0,,58.8
Sangli,2015,Khanapur,19612.0,,71.4
Sangli,2015,Aatpadi,20469.0,,39.4
Sangli,2015,Tasgaon,38983.0,,60.9
Sangli,2015,Miraj,46970.0,,60.8
Sangli,2015,Ku. Mahakal,27738.0,,57.3
Sangli,2015,Jat,45812.0,,35.3
Sangli,2016,Shirala,18204.0,,80.0
Sangli,2016,Valava,40009.0,,66.0
Sangli,2016,Palus,6993.0,,85.0
Sangli,2016,Kadegaon,11955.0,,76.0
Sangli,2016,Khanapur,14910.0,,85.0
Sangli,2016,Aatpadi,8532.0,,79.0
Sangli,2016,Tasgaon,21840.0,,73.0
Sangli,2016,Miraj,30369.0,,73.0
Sangli,2016,Ku. Mahakal,16823.0,,91.0
Sangli,2016,Jat,17065.0,,80.0
Sangli,2017,Shirala,42789.0,,34.6
Sangli,2017,Valava,87118.0,,31.2
Sangli,2017,Palus,19063.0,,17.6
Sangli,2017,Kadegaon,31712.0,,26.899999999999995
Sangli,2017,Khanapur,33232.0,,32.3
Sangli,2017,Aatpadi,33124.0,,20.0
Sangli,2017,Tasgaon,68568.0,,20.2
Sangli,2017,Miraj,76932.0,,30.5
Sangli,2017,Ku. Mahakal,41425.0,,36.6
Sangli,2017,Jat,73182.0,,22.4
Sangli,2018,Shirala,50466.0,,27.6
Sangli,2018,Valava,100433.0,,22.3
Sangli,2018,Palus,22390.0,,26.8
Sangli,2018,Kadegaon,37735.0,,24.9
Sangli,2018,Khanapur,38197.0,,30.099999999999998
Sangli,2018,Aatpadi,40714.0,,14.400000000000002
Sangli,2018,Tasgaon,81843.0,,15.299999999999999
Sangli,2018,Miraj,63378.0,,37.1
Sangli,2018,Ku. Mahakal,49643.0,,29.5
Sangli,2018,Jat,92323.0,,17.7
Sangli,2019,Shirala,23805.0,,50.5
Sangli,2019,Valava,38071.0,,52.6
Sangli,2019,Palus,10134.0,,57.2
Sangli,2019,Kadegaon,16010.0,,59.9
Sangli,2019,Khanapur,19232.0,,57.10000000000001
Sangli,2019,Aatpadi,9614.0,,81.1
Sangli,2019,Tasgaon,21166.0,,56.10000000000001
Sangli,2019,Miraj,39714.0,,60.5
Sangli,2019,Ku. Mahakal,24828.0,,58.599999999999994
Sangli,2019,Jat,26862.0,,67.2
Sangli,2020,Shirala,20529.0,,37.8
Sangli,2020,Valava,34080.0,,38.7
Sangli,2020,Palus,9874.0,,56.49999999999999
Sangli,2020,Kadegaon,16260.0,,53.0
Sangli,2020,Khanapur,18504.0,,44.8
Sangli,2020,Aatpadi,12830.0,,31.5
Sangli,2020,Tasgaon,20122.0,,41.2
Sangli,2020,Miraj,40603.0,,47.6
Sangli,2020,Ku. Mahakal,24618.0,,43.7
Sangli,2020,Jat,29983.0,,43.1
Sangli,2021,Shirala,13183.0,,28.58
Sangli,2021,Valava,23275.0,,28.63
Sangli,2021,Palus,9368.0,,19.84
Sangli,2021,Kadegaon,13806.0,,35.12
Sangli,2021,Khanapur,13858.0,,35.82
Sangli,2021,Aatpadi,6675.0,,23.2
Sangli,2021,Tasgaon,14035.0,,14.279999999999998
Sangli,2021,Miraj,32561.0,,37.21
Sangli,2021,Ku. Mahakal,18215.0,,39.22
Sangli,2021,Jat,21311.0,,31.53
Pune,2011,Junnar,23200.0,,65.0
Pune,2011,Aambegaon,23500.0,,40.0
Pune,2011,Shirur,39506.0,,53.0
Pune,2011,Khed,58874.0,,54.0
Pune,2011,Maval,3100.0,,53.0
Pune,2011,Mulashi,2400.0,,85.0
Pune,2011,Haveli,10100.0,,51.0
Pune,2011,Pune City,31874.0,,39.0
Pune,2011,Daund,33043.0,,76.0
Pune,2011,Purandar,11250.0,,93.0
Pune,2011,Welhe,3200.0,,43.0
Pune,2011,Bhor,39015.0,,54.0
Pune,2011,Baramati,23994.0,,57.99999999999999
Pune,2011,Indapur,15694.0,,87.0
Pune,2012,Junnar,23200.0,,84.0
Pune,2012,Aambegaon,23500.0,,65.0
Pune,2012,Shirur,39506.0,,75.0
Pune,2012,Khed,58874.0,,67.0
Pune,2012,Maval,3100.0,,95.0
Pune,2012,Mulashi,2400.0,,93.0
Pune,2012,Haveli,10100.0,,60.0
Pune,2012,Pune City,31874.0,,62.0
Pune,2012,Daund,33043.0,,88.0
Pune,2012,Purandar,11250.0,,95.0
Pune,2012,Welhe,3200.0,,57.99999999999999
Pune,2012,Bhor,39015.0,,56.00000000000001
Pune,2012,Baramati,23994.0,,77.0
Pune,2012,Indapur,15694.0,,99.0
Pune,2013,Junnar,27069.0,,75.0
Pune,2013,Aambegaon,17980.0,,88.0
Pune,2013,Shirur,29506.0,,98.0
Pune,2013,Khed,38874.0,,102.0
Pune,2013,Maval,5021.0,,89.0
Pune,2013,Mulashi,2788.0,,93.0
Pune,2013,Haveli,10100.0,,81.0
Pune,2013,Pune City,31874.0,,56.00000000000001
Pune,2013,Daund,47705.0,,76.0
Pune,2013,Purandar,11250.0,,111.00000000000001
Pune,2013,Welhe,2596.0,,99.0
Pune,2013,Bhor,36538.0,,59.0
Pune,2013,Baramati,23928.0,,94.0
Pune,2013,Indapur,33521.0,,80.0
Pune,2014,Junnar,27000.0,,67.0
Pune,2014,Aambegaon,23500.0,,77.0
Pune,2014,Shirur,29506.0,,103.0
Pune,2014,Khed,38874.0,,112.00000000000001
Pune,2014,Maval,5882.0,,84.0
Pune,2014,Mulashi,3010.0,,92.0
Pune,2014,Haveli,10956.0,,85.0
Pune,2014,Pune City,31874.0,,61.0
Pune,2014,Daund,47705.0,,67.0
Pune,2014,Purandar,14500.0,,90.0
Pune,2014,Welhe,3484.0,,86.0
Pune,2014,Bhor,36538.0,,56.99999999999999
Pune,2014,Baramati,25870.0,,88.0
Pune,2014,Indapur,33521.0,,83.0
Pune,2015,Junnar,28006.0,,46.0
Pune,2015,Aambegaon,26201.0,,44.0
Pune,2015,Shirur,37462.0,,53.0
Pune,2015,Khed,51817.0,,63.0
Pune,2015,Maval,7439.0,,86.0
Pune,2015,Mulashi,4625.0,,80.0
Pune,2015,Haveli,12454.0,,67.0
Pune,2015,Pune City,29252.0,,52.0
Pune,2015,Daund,47705.0,,49.0
Pune,2015,Purandar,20577.0,,49.0
Pune,2015,Welhe,4446.0,,83.0
Pune,2015,Bhor,32221.0,,57.99999999999999
Pune,2015,Baramati,34182.0,,54.0
Pune,2015,Indapur,38731.0,,57.99999999999999
Pune,2016,Junnar,17005.0,,92.0
Pune,2016,Aambegaon,15396.0,,104.0
Pune,2016,Shirur,23248.0,,111.00000000000001
Pune,2016,Khed,36446.0,,107.0
Pune,2016,Maval,4946.0,,150.0
Pune,2016,Mulashi,2840.0,,103.0
Pune,2016,Haveli,7968.0,,103.0
Pune,2016,Pune City,18460.0,,90.0
Pune,2016,Daund,27401.0,,87.0
Pune,2016,Purandar,11087.0,,106.0
Pune,2016,Welhe,2814.0,,130.0
Pune,2016,Bhor,19360.0,,87.0
Pune,2016,Baramati,18879.0,,110.00000000000001
Pune,2016,Indapur,24150.0,,98.0
Pune,2017,Junnar,36450.0,,49.0
Pune,2017,Aambegaon,39950.0,,50.0
Pune,2017,Shirur,67519.0,,35.0
Pune,2017,Khed,96440.0,,40.0
Pune,2017,Maval,16500.0,,48.0
Pune,2017,Mulashi,12500.0,,22.0
Pune,2017,Haveli,28500.0,,31.0
Pune,2017,Pune City,39004.0,,44.0
Pune,2017,Daund,49500.0,,52.0
Pune,2017,Purandar,26500.0,,52.0
Pune,2017,Welhe,11240.0,,32.0
Pune,2017,Bhor,75980.0,,22.0
Pune,2017,Baramati,45020.0,,49.0
Pune,2017,Indapur,47190.0,,51.0
Pune,2018,Junnar,51986.0,,39.0
Pune,2018,Aambegaon,44656.0,,41.0
Pune,2018,Shirur,78066.0,,31.0
Pune,2018,Khed,83132.0,,46.0
Pune,2018,Maval,18506.0,,37.0
Pune,2018,Mulashi,7215.0,,49.0
Pune,2018,Haveli,25558.0,,37.0
Pune,2018,Pune City,30150.0,,52.0
Pune,2018,Daund,59707.0,,46.0
Pune,2018,Purandar,32812.0,,44.0
Pune,2018,Welhe,11545.0,,28.000000000000004
Pune,2018,Bhor,42131.0,,36.0
Pune,2018,Baramati,68798.0,,33.0
Pune,2018,Indapur,120892.0,,20.0
Pune,2019,Junnar,32200.0,,56.99999999999999
Pune,2019,Aambegaon,29976.0,,53.0
Pune,2019,Shirur,44733.0,,50.0
Pune,2019,Khed,58350.0,,65.0
Pune,2019,Maval,10650.0,,56.00000000000001
Pune,2019,Mulashi,5900.0,,59.0
Pune,2019,Haveli,15200.0,,52.0
Pune,2019,Pune City,19927.0,,61.0
Pune,2019,Daund,44680.0,,66.0
Pune,2019,Purandar,23460.0,,56.99999999999999
Pune,2019,Welhe,5400.0,,60.0
Pune,2019,Bhor,32115.0,,41.0
Pune,2019,Baramati,38126.0,,70.0
Pune,2019,Indapur,41303.0,,71.0
Pune,2020,Junnar,37372.0,,40.0
Pune,2020,Aambegaon,30838.0,,46.0
Pune,2020,Shirur,44733.0,,50.0
Pune,2020,Khed,48083.0,,39.0
Pune,2020,Maval,14923.0,,33.0
Pune,2020,Mulashi,7216.0,,48.0
Pune,2020,Haveli,25558.0,,37.0
Pune,2020,Pune City,6000.0,,15.0
Pune,2020,Daund,44675.0,,55.00000000000001
Pune,2020,Purandar,23803.0,,45.0
Pune,2020,Welhe,5382.0,,56.99999999999999
Pune,2020,Bhor,29112.0,,35.0
Pune,2020,Baramati,36863.0,,50.0
Pune,2020,Indapur,40059.0,,52.0
Pune,2021,Junnar,27212.0,,66.0
Pune,2021,Aambegaon,21980.0,,98.0
Pune,2021,Shirur,37630.0,,33.0
Pune,2021,Khed,26430.0,,61.0
Pune,2021,Maval,15698.0,,50.0
Pune,2021,Mulashi,9464.0,,56.99999999999999
Pune,2021,Haveli,14493.0,,67.0
Pune,2021,Pune City,9541.0,,3.0
Pune,2021,Daund,30885.0,,73.0
Pune,2021,Purandar,15355.0,,63.0
Pune,2021,Welhe,5968.0,,45.0
Pune,2021,Bhor,12008.0,,33.0
Pune,2021,Baramati,37360.0,,52.0
Pune,2021,Indapur,48100.0,,49.0
Satara,2012,Mahableshwar,7224.0,,20.0
Satara,2012,Vai,23881.0,,45.91
Satara,2012,Khandala,14377.0,,61.03000000000001
Satara,2012,Faltan,18674.0,,68.0
Satara,2012,Man,30912.0,,54.83
Satara,2012,Khatav,31534.0,,85.85
Satara,2012,Koregaon,29743.0,,54.7
Satara,2012,Satara,31271.0,,72.0
Satara,2012,Javali,15596.0,,58.22999999999999
Satara,2012,Patan,23058.0,,59.53000000000001
Satara,2012,Karad,29728.0,,73.39
Satara,2013,Mahableshwar,7224.0,,28.999999999999996
Satara,2013,Vai,23881.0,,50.19
Satara,2013,Khandala,14476.0,,69.82
Satara,2013,Faltan,18674.0,,77.0
Satara,2013,Man,30912.0,,58.099999999999994
Satara,2013,Khatav,31534.0,,81.0
Satara,2013,Koregaon,31620.0,,54.0
Satara,2013,Satara,29788.0,,80.0
Satara,2013,Javali,15678.0,,53.0
Satara,2013,Patan,22358.0,,65.0
Satara,2013,Karad,29853.0,,64.55
Satara,2014,Mahableshwar,7226.0,,28.48
Satara,2014,Vai,19452.0,,61.61
Satara,2014,Khandala,14377.0,,70.28
Satara,2014,Faltan,57297.0,,25.17
Satara,2014,Man,30912.0,,59.099999999999994
Satara,2014,Khatav,31534.0,,85.89
Satara,2014,Koregaon,29744.0,,57.71000000000001
Satara,2014,Satara,31269.0,,82.26
Satara,2014,Javali,15587.0,,57.86
Satara,2014,Patan,23058.0,,63.35000000000001
Satara,2014,Karad,24728.0,,77.96
Satara,2015,Mahableshwar,4522.0,,53.14
Satara,2015,Vai,14936.0,,81.67
Satara,2015,Khandala,12933.0,,76.4
Satara,2015,Faltan,37501.0,,39.51
Satara,2015,Man,40952.0,,48.54
Satara,2015,Khatav,24027.0,,107.0
Satara,2015,Koregaon,26335.0,,56.00000000000001
Satara,2015,Satara,24678.0,,92.03
Satara,2015,Javali,9330.0,,83.0
Satara,2015,Patan,29357.0,,54.43
Satara,2015,Karad,24235.0,,72.33
Satara,2016,Mahableshwar,2500.0,,116.56
Satara,2016,Vai,11500.0,,118.58999999999999
Satara,2016,Khandala,10000.0,,100.07999999999998
Satara,2016,Faltan,16000.0,,103.64999999999999
Satara,2016,Man,20000.0,,100.64999999999999
Satara,2016,Khatav,25000.0,,100.44
Satara,2016,Koregaon,15000.0,,98.46
Satara,2016,Satara,22000.0,,101.91
Satara,2016,Javali,8000.0,,101.18
Satara,2016,Patan,17000.0,,100.29
Satara,2016,Karad,22000.0,,83.53
Satara,2017,Mahableshwar,2735.0,,107.35
Satara,2017,Vai,12590.0,,113.42000000000002
Satara,2017,Khandala,10945.0,,101.73999999999998
Satara,2017,Faltan,17521.0,,105.06
Satara,2017,Man,21890.0,,94.73
Satara,2017,Khatav,27355.0,,102.18
Satara,2017,Koregaon,16420.0,,101.63
Satara,2017,Satara,24078.0,,102.85
Satara,2017,Javali,8755.0,,92.26
Satara,2017,Patan,18610.0,,104.08999999999999
Satara,2017,Karad,24085.0,,80.04
Satara,2018,Mahableshwar,5990.0,,47.0
Satara,2018,Vai,22779.0,,66.0
Satara,2018,Khandala,18355.0,,59.0
Satara,2018,Faltan,53376.0,,34.0
Satara,2018,Man,59639.0,,39.0
Satara,2018,Khatav,43730.0,,65.0
Satara,2018,Koregaon,41766.0,,41.0
Satara,2018,Satara,40391.0,,59.0
Satara,2018,Javali,15214.0,,50.0
Satara,2018,Patan,54352.0,,30.0
Satara,2018,Karad,46186.0,,42.0
Satara,2019,Mahableshwar,2735.0,,92.0
Satara,2019,Vai,12590.0,,112.00000000000001
Satara,2019,Khandala,10945.0,,92.0
Satara,2019,Faltan,17521.0,,102.0
Satara,2019,Man,21890.0,,98.0
Satara,2019,Khatav,27355.0,,104.0
Satara,2019,Koregaon,16420.0,,104.0
Satara,2019,Satara,24078.0,,98.0
Satara,2019,Javali,8755.0,,84.0
Satara,2019,Patan,18610.0,,82.0
Satara,2019,Karad,24085.0,,73.0
Satara,2020,Mahableshwar,3865.0,,70.0
Satara,2020,Vai,24620.0,,51.0
Satara,2020,Khandala,16340.0,,59.0
Satara,2020,Faltan,29230.0,,56.00000000000001
Satara,2020,Man,34745.0,,41.0
Satara,2020,Khatav,47116.0,,49.0
Satara,2020,Koregaon,28606.0,,59.0
Satara,2020,Satara,39599.0,,54.0
Satara,2020,Javali,12247.0,,54.0
Satara,2020,Patan,25708.0,,60.0
Satara,2020,Karad,29248.0,,51.0
Satara,2021,Mahableshwar,4500.0,,62.0
Satara,2021,Vai,16650.0,,76.0
Satara,2021,Khandala,13550.0,,47.0
Satara,2021,Faltan,23000.0,,71.0
Satara,2021,Man,19000.0,,71.0
Satara,2021,Khatav,26000.0,,88.0
Satara,2021,Koregaon,23000.0,,76.0
Satara,2021,Satara,26000.0,,84.0
Satara,2021,Javali,11000.0,,56.99999999999999
Satara,2021,Patan,20000.0,,70.0
Satara,2021,Karad,36000.0,,90.0
Solapur,2017,Karmala,52281.0,,35.2
Solapur,2017,Madha,61684.0,,24.36
Solapur,2017,Barsi,36989.0,,42.71
Solapur,2017,North Solapur,30956.0,,28.23
Solapur,2017,Mohol,51989.0,,27.699999999999996
Solapur,2017,Pandharpur,89366.0,,29.4
Solapur,2017,Malsiras,105909.0,,32.79
Solapur,2017,Sangola,112084.0,,19.46
Solapur,2017,Mangal Vedha,43616.0,,29.29
Solapur,2017,South Solapur,31698.0,,25.0
Solapur,2017,Akalkot,34439.0,,27.35
Solapur,2018,Karmala,48922.0,,33.6
Solapur,2018,Madha,20687.0,,44.92
Solapur,2018,Barsi,83752.0,,19.59
Solapur,2018,North Solapur,34517.0,,28.910000000000004
Solapur,2018,Mohol,120769.0,,28.57
Solapur,2018,Pandharpur,120329.0,,17.12
Solapur,2018,Malsiras,63131.0,,20.65
Solapur,2018,Sangola,58511.0,,18.25
Solapur,2018,Mangal Vedha,107017.0,,23.88
Solapur,2018,South Solapur,32797.0,,16.73
Solapur,2018,Akalkot,56008.0,,31.19
Solapur,2019,Karmala,25715.0,,79.0
Solapur,2019,Madha,25500.0,,71.0
Solapur,2019,Barsi,25176.0,,67.0
Solapur,2019,North Solapur,14267.0,,59.0
Solapur,2019,Mohol,21069.0,,66.0
Solapur,2019,Pandharpur,39598.0,,63.0
Solapur,2019,Malsiras,53045.0,,68.0
Solapur,2019,Sangola,33410.0,,67.0
Solapur,2019,Mangal Vedha,16334.0,,103.0
Solapur,2019,South Solapur,15072.0,,64.0
Solapur,2019,Akalkot,7598.0,,69.0
Solapur,2020,Karmala,25715.0,,78.33
Solapur,2020,Madha,25500.0,,57.13
Solapur,2020,Barsi,25176.0,,64.02
Solapur,2020,North Solapur,14267.0,,61.0
Solapur,2020,Mohol,21069.0,,60.31999999999999
Solapur,2020,Pandharpur,39598.0,,56.279999999999994
Solapur,2020,Malsiras,53045.0,,55.85
Solapur,2020,Sangola,33410.0,,51.34000000000001
Solapur,2020,Mangal Vedha,16334.0,,85.11
Solapur,2020,South Solapur,15072.0,,58.040000000000006
Solapur,2020,Akalkot,7598.0,,55.720000000000006
Solapur,2021,Karmala,28288.0,,111.05000000000001
Solapur,2021,Madha,22743.0,,97.28
Solapur,2021,Barsi,22050.0,,107.34000000000002
Solapur,2021,North Solapur,12728.0,,116.92
Solapur,2021,Mohol,18465.0,,99.08
Solapur,2021,Pandharpur,32012.0,,97.13
Solapur,2021,Malsiras,42677.0,,88.6
Solapur,2021,Sangola,27876.0,,97.68
Solapur,2021,Mangal Vedha,22643.0,,103.77000000000001
Solapur,2021,South Solapur,12986.0,,97.16
Solapur,2021,Akalkot,5290.0,,77.69
Chh. Sambhaji Nagar,2017,Kannad,31410.0,,22.19
Chh. Sambhaji Nagar,2017,Soyegaon,23034.0,,28.16
Chh. Sambhaji Nagar,2017,Sillod,12564.0,,49.07
Chh. Sambhaji Nagar,2017,Phulambri,16752.0,,7.15
Chh. Sambhaji Nagar,2017,Chh. Sambhaji Nagar,23034.0,,23.34
Chh. Sambhaji Nagar,2017,Khultabad,37938.0,,34.18
Chh. Sambhaji Nagar,2017,Vaijapur,16752.0,,22.17
Chh. Sambhaji Nagar,2017,Gangapur,10470.0,,35.77
Chh. Sambhaji Nagar,2017,Paithan,4188.0,,78.13
Chh. Sambhaji Nagar,2018,Kannad,14075.0,,29.38
Chh. Sambhaji Nagar,2018,Soyegaon,9545.0,,7.77
Chh. Sambhaji Nagar,2018,Sillod,14411.0,,24.82
Chh. Sambhaji Nagar,2018,Phulambri,8069.0,,28.300000000000004
Chh. Sambhaji Nagar,2018,Chh. Sambhaji Nagar,31072.0,,24.07
Chh. Sambhaji Nagar,2018,Khultabad,23746.0,,40.44
Chh. Sambhaji Nagar,2018,Vaijapur,44763.0,,20.12
Chh. Sambhaji Nagar,2018,Gangapur,29206.0,,16.87
Chh. Sambhaji Nagar,2018,Paithan,18870.0,,50.45
Chh. Sambhaji Nagar,2019,Kannad,15697.0,,82.68
Chh. Sambhaji Nagar,2019,Soyegaon,6778.0,,13.94
Chh. Sambhaji Nagar,2019,Sillod,10703.0,,46.19
Chh. Sambhaji Nagar,2019,Phulambri,1784.0,,145.12
Chh. Sambhaji Nagar,2019,Chh. Sambhaji Nagar,9632.0,,81.65
Chh. Sambhaji Nagar,2019,Khultabad,5351.0,,109.87
Chh. Sambhaji Nagar,2019,Vaijapur,12486.0,,38.82
Chh. Sambhaji Nagar,2019,Gangapur,6422.0,,46.26
Chh. Sambhaji Nagar,2019,Paithan,4638.0,,75.57
Chh. Sambhaji Nagar,2020,Kannad,15697.0,,69.75
Chh. Sambhaji Nagar,2020,Soyegaon,6778.0,,11.49
Chh. Sambhaji Nagar,2020,Sillod,10703.0,,45.67
Chh. Sambhaji Nagar,2020,Phulambri,1784.0,,78.03
Chh. Sambhaji Nagar,2020,Chh. Sambhaji Nagar,9632.0,,75.78
Chh. Sambhaji Nagar,2020,Khultabad,5351.0,,104.63
Chh. Sambhaji Nagar,2020,Vaijapur,12486.0,,41.89
Chh. Sambhaji Nagar,2020,Gangapur,6422.0,,42.07
Chh. Sambhaji Nagar,2020,Paithan,4638.0,,66.71
Chh. Sambhaji Nagar,2021,Kannad,15697.0,,51.629999999999995
Chh. Sambhaji Nagar,2021,Soyegaon,6778.0,,6.4
Chh. Sambhaji Nagar,2021,Sillod,10703.0,,34.87
Chh. Sambhaji Nagar,2021,Phulambri,1784.0,,31.33
Chh. Sambhaji Nagar,2021,Chh. Sambhaji Nagar,9632.0,,65.33
Chh. Sambhaji Nagar,2021,Khultabad,5351.0,,103.23
Chh. Sambhaji Nagar,2021,Vaijapur,12486.0,,33.81
Chh. Sambhaji Nagar,2021,Gangapur,6422.0,,36.28
Chh. Sambhaji Nagar,2021,Paithan,4638.0,,55.63
