District,Year,Taluka,Dairy Development Cooperative Societies,Memberships in Dairy Co-op Societies,Milk collected across the year,Average milk collected per day,Number of cold storage units,Cold Storage Capacity,Unnamed: 9,Unnamed: 10,Unnamed: 11
Ahilyanagar,2012,Akole,239.0,12189.0,21778000.0,60000.0,3.0,70000.0,,,
Ahilyanagar,2012,Sangamner,261.0,13311.0,98956000.0,271000.0,1.0,300000.0,,milk,litres
Ahilyanagar,2012,Kopargaon,146.0,7446.0,19559000.0,54000.0,1.0,100000.0,,number,number
Ahilyanagar,2012,Rahata,125.0,6375.0,16594000.0,45000.0,2.0,155000.0,,capacity,litres
Ahilyanagar,2012,Srirampur,110.0,5610.0,2111000.0,6000.0,0.0,0.0,,,
Ahilyanagar,2012,Nevasa,112.0,5712.0,21174000.0,58000.0,1.0,40000.0,,,
Ahilyanagar,2012,Shevgaon,149.0,7599.0,7000.0,1000.0,1.0,10000.0,,,
Ahilyanagar,2012,Pathardi,291.0,14841.0,3646000.0,10000.0,2.0,30000.0,,,
Ahilyanagar,2012,Nagar,232.0,11832.0,1591000.0,4000.0,3.0,120000.0,,,
Ahilyanagar,2012,Rahuri,193.0,9843.0,5396000.0,15000.0,0.0,0.0,,,
Ahilyanagar,2012,Parner,317.0,16167.0,5760000.0,16000.0,2.0,20000.0,,,
Ahilyanagar,2012,Srigonda,187.0,9537.0,5692000.0,15000.0,1.0,20000.0,,,
Ahilyanagar,2012,Karjat,484.0,24684.0,0.0,0.0,2.0,30000.0,,,
Ahilyanagar,2012,Jamkhed,128.0,6528.0,1106000.0,3000.0,1.0,20000.0,,,
Ahilyanagar,2013,Akole,239.0,14579.0,20742000.0,57000.0,3.0,70000.0,,,
Ahilyanagar,2013,Sangamner,261.0,15921.0,97495000.0,267000.0,1.0,300000.0,,,
Ahilyanagar,2013,Kopargaon,154.0,9394.0,18977000.0,52000.0,1.0,100000.0,,,
Ahilyanagar,2013,Rahata,125.0,7625.0,7462000.0,20000.0,2.0,155000.0,,,
Ahilyanagar,2013,Srirampur,110.0,6710.0,1360000.0,4000.0,0.0,0.0,,,
Ahilyanagar,2013,Nevasa,112.0,6832.0,17792000.0,49000.0,1.0,40000.0,,,
Ahilyanagar,2013,Shevgaon,149.0,9089.0,0.0,0.0,1.0,10000.0,,,
Ahilyanagar,2013,Pathardi,291.0,17751.0,3088000.0,9000.0,2.0,30000.0,,,
Ahilyanagar,2013,Nagar,232.0,14152.0,1580000.0,4000.0,3.0,120000.0,,,
Ahilyanagar,2013,Rahuri,193.0,11773.0,5789000.0,16000.0,0.0,0.0,,,
Ahilyanagar,2013,Parner,317.0,19337.0,4290000.0,12000.0,2.0,20000.0,,,
Ahilyanagar,2013,Srigonda,187.0,11407.0,4409000.0,12000.0,1.0,20000.0,,,
Ahilyanagar,2013,Karjat,484.0,29524.0,0.0,0.0,2.0,30000.0,,,
Ahilyanagar,2013,Jamkhed,128.0,8708.0,902000.0,2000.0,1.0,20000.0,,,
Ahilyanagar,2014,Akole,192.0,11712.0,22365000.0,61000.0,2.0,60000.0,,,
Ahilyanagar,2014,Sangamner,257.0,15677.0,92463000.0,253000.0,1.0,300000.0,,,
Ahilyanagar,2014,Kopargaon,132.0,8052.0,17566000.0,48000.0,1.0,100000.0,,,
Ahilyanagar,2014,Rahata,102.0,6222.0,2046000.0,6000.0,1.0,115000.0,,,
Ahilyanagar,2014,Srirampur,65.0,3965.0,1770000.0,5000.0,1.0,10000.0,,,
Ahilyanagar,2014,Nevasa,68.0,4148.0,22428000.0,61000.0,1.0,40000.0,,,
Ahilyanagar,2014,Shevgaon,49.0,2989.0,1564000.0,4000.0,1.0,10000.0,,,
Ahilyanagar,2014,Pathardi,47.0,2867.0,3976000.0,11000.0,1.0,10000.0,,,
Ahilyanagar,2014,Nagar,181.0,8941.0,1678000.0,5000.0,1.0,100000.0,,,
Ahilyanagar,2014,Rahuri,188.0,9028.0,8746000.0,24000.0,1.0,30000.0,,,
Ahilyanagar,2014,Parner,72.0,3782.0,4371000.0,12000.0,0.0,0.0,,,
Ahilyanagar,2014,Srigonda,63.0,3233.0,5445000.0,15000.0,1.0,10000.0,,,
Ahilyanagar,2014,Karjat,45.0,2623.0,15000.0,0.0,0.0,0.0,,,
Ahilyanagar,2014,Jamkhed,46.0,2806.0,1784000.0,5000.0,0.0,0.0,,,
Ahilyanagar,2015,Akole,144.0,7488.0,22162000.0,61000.0,2.0,60000.0,,,
Ahilyanagar,2015,Sangamner,213.0,11076.0,106072000.0,291000.0,1.0,300000.0,,,
Ahilyanagar,2015,Kopargaon,116.0,6032.0,26682000.0,73000.0,1.0,100000.0,,,
Ahilyanagar,2015,Rahata,84.0,4368.0,21376000.0,59000.0,1.0,115000.0,,,
Ahilyanagar,2015,Srirampur,34.0,1768.0,2132000.0,6000.0,1.0,10000.0,,,
Ahilyanagar,2015,Nevasa,30.0,1560.0,8305000.0,23000.0,1.0,40000.0,,,
Ahilyanagar,2015,Shevgaon,33.0,1716.0,3398000.0,9000.0,1.0,10000.0,,,
Ahilyanagar,2015,Pathardi,33.0,1716.0,2644000.0,7000.0,1.0,10000.0,,,
Ahilyanagar,2015,Nagar,48.0,2496.0,963000.0,3000.0,1.0,100000.0,,,
Ahilyanagar,2015,Rahuri,38.0,1976.0,6729000.0,18000.0,1.0,30000.0,,,
Ahilyanagar,2015,Parner,50.0,2600.0,4660000.0,13000.0,0.0,0.0,,,
Ahilyanagar,2015,Srigonda,38.0,1976.0,4138000.0,11000.0,1.0,10000.0,,,
Ahilyanagar,2015,Karjat,48.0,2496.0,695000.0,2000.0,0.0,0.0,,,
Ahilyanagar,2015,Jamkhed,30.0,1560.0,1597000.0,4000.0,0.0,0.0,,,
Ahilyanagar,2016,Akole,148.0,9028.0,19155000.0,52000.0,2.0,60000.0,,,
Ahilyanagar,2016,Sangamner,213.0,12993.0,94645000.0,259000.0,1.0,300000.0,,,
Ahilyanagar,2016,Kopargaon,117.0,7137.0,18704000.0,51000.0,1.0,100000.0,,,
Ahilyanagar,2016,Rahata,86.0,5246.0,15788000.0,43000.0,1.0,115000.0,,,
Ahilyanagar,2016,Srirampur,33.0,2013.0,1893000.0,5000.0,1.0,10000.0,,,
Ahilyanagar,2016,Nevasa,30.0,1830.0,7428000.0,20000.0,1.0,40000.0,,,
Ahilyanagar,2016,Shevgaon,33.0,2013.0,1593000.0,4000.0,1.0,10000.0,,,
Ahilyanagar,2016,Pathardi,31.0,1891.0,2349000.0,6000.0,1.0,10000.0,,,
Ahilyanagar,2016,Nagar,47.0,2867.0,668000.0,1000.0,1.0,100000.0,,,
Ahilyanagar,2016,Rahuri,37.0,2257.0,5977000.0,16000.0,1.0,30000.0,,,
Ahilyanagar,2016,Parner,50.0,3721.0,5878000.0,16000.0,0.0,0.0,,,
Ahilyanagar,2016,Srigonda,39.0,2379.0,3026000.0,8000.0,1.0,10000.0,,,
Ahilyanagar,2016,Karjat,48.0,2928.0,1438000.0,4000.0,0.0,0.0,,,
Ahilyanagar,2016,Jamkhed,30.0,1830.0,1612000.0,4000.0,0.0,0.0,,,
Ahilyanagar,2017,Akole,138.0,7038.0,19963000.0,53000.0,2.0,60000.0,,,
Ahilyanagar,2017,Sangamner,216.0,11016.0,106231000.0,291000.0,1.0,300000.0,,,
Ahilyanagar,2017,Kopargaon,113.0,5763.0,24510000.0,67000.0,1.0,100000.0,,,
Ahilyanagar,2017,Rahata,84.0,4284.0,15058000.0,41000.0,1.0,115000.0,,,
Ahilyanagar,2017,Srirampur,28.0,1428.0,1749000.0,8000.0,1.0,10000.0,,,
Ahilyanagar,2017,Nevasa,28.0,1428.0,9132000.0,25000.0,1.0,40000.0,,,
Ahilyanagar,2017,Shevgaon,27.0,1377.0,1116000.0,3000.0,1.0,10000.0,,,
Ahilyanagar,2017,Pathardi,27.0,1377.0,2020000.0,5000.0,1.0,10000.0,,,
Ahilyanagar,2017,Nagar,39.0,1989.0,909000.0,2000.0,1.0,10000.0,,,
Ahilyanagar,2017,Rahuri,34.0,1734.0,4884000.0,13000.0,1.0,30000.0,,,
Ahilyanagar,2017,Parner,45.0,2295.0,9995000.0,27000.0,0.0,0.0,,,
Ahilyanagar,2017,Srigonda,35.0,1785.0,3270000.0,9000.0,1.0,10000.0,,,
Ahilyanagar,2017,Karjat,46.0,2346.0,1315000.0,4000.0,0.0,0.0,,,
Ahilyanagar,2017,Jamkhed,19.0,969.0,1142000.0,3000.0,0.0,0.0,,,
Ahilyanagar,2018,Akole,137.0,8357.0,20146000.0,55000.0,2.0,60000.0,,,
Ahilyanagar,2018,Sangamner,218.0,13298.0,120195000.0,329000.0,1.0,300000.0,,,
Ahilyanagar,2018,Kopargaon,111.0,6771.0,51425000.0,141000.0,1.0,100000.0,,,
Ahilyanagar,2018,Rahata,83.0,5063.0,12715000.0,35000.0,2.0,155000.0,,,
Ahilyanagar,2018,Srirampur,28.0,1708.0,600000.0,1000.0,1.0,10000.0,,,
Ahilyanagar,2018,Nevasa,28.0,4708.0,5547000.0,15000.0,1.0,50000.0,,,
Ahilyanagar,2018,Shevgaon,28.0,1708.0,0.0,0.0,1.0,10000.0,,,
Ahilyanagar,2018,Pathardi,32.0,1952.0,2513000.0,7000.0,2.0,30000.0,,,
Ahilyanagar,2018,Nagar,40.0,2440.0,185000.0,1000.0,1.0,10000.0,,,
Ahilyanagar,2018,Rahuri,34.0,2074.0,5369000.0,15000.0,1.0,30000.0,,,
Ahilyanagar,2018,Parner,53.0,3233.0,2182000.0,6000.0,0.0,0.0,,,
Ahilyanagar,2018,Srigonda,34.0,2074.0,3039000.0,8000.0,1.0,20000.0,,,
Ahilyanagar,2018,Karjat,41.0,2501.0,1042000.0,3000.0,0.0,0.0,,,
Ahilyanagar,2018,Jamkhed,18.0,1098.0,404000.0,1000.0,0.0,0.0,,,
Ahilyanagar,2019,Akole,136.0,8432.0,22757000.0,62000.0,2.0,60000.0,,,
Ahilyanagar,2019,Sangamner,219.0,13578.0,125107000.0,342000.0,1.0,300000.0,,,
Ahilyanagar,2019,Kopargaon,111.0,6882.0,41249000.0,113000.0,1.0,100000.0,,,
Ahilyanagar,2019,Rahata,83.0,5146.0,5409000.0,14000.0,2.0,155000.0,,,
Ahilyanagar,2019,Srirampur,29.0,1798.0,146000.0,400.0,1.0,10000.0,,,
Ahilyanagar,2019,Nevasa,28.0,1736.0,5642000.0,15000.0,1.0,50000.0,,,
Ahilyanagar,2019,Shevgaon,28.0,1736.0,0.0,0.0,1.0,10000.0,,,
Ahilyanagar,2019,Pathardi,31.0,1922.0,2174000.0,6000.0,2.0,30000.0,,,
Ahilyanagar,2019,Nagar,42.0,2604.0,556000.0,1500.0,1.0,10000.0,,,
Ahilyanagar,2019,Rahuri,34.0,2108.0,6601000.0,18000.0,1.0,30000.0,,,
Ahilyanagar,2019,Parner,62.0,3844.0,1323000.0,3600.0,0.0,0.0,,,
Ahilyanagar,2019,Srigonda,34.0,2108.0,2911000.0,8000.0,1.0,20000.0,,,
Ahilyanagar,2019,Karjat,42.0,2604.0,4723000.0,13000.0,0.0,0.0,,,
Ahilyanagar,2019,Jamkhed,16.0,992.0,12000.0,30.0,0.0,0.0,,,
Ahilyanagar,2020,Akole,136.0,8600.0,24345000.0,67000.0,2.0,60000.0,,,
Ahilyanagar,2020,Sangamner,219.0,19384.0,123682000.0,339000.0,1.0,300000.0,,,
Ahilyanagar,2020,Kopargaon,111.0,7200.0,40538000.0,111000.0,1.0,100000.0,,,
Ahilyanagar,2020,Rahata,83.0,5200.0,15032000.0,42000.0,2.0,155000.0,,,
Ahilyanagar,2020,Srirampur,29.0,1700.0,162000.0,400.0,1.0,10000.0,,,
Ahilyanagar,2020,Nevasa,28.0,1700.0,12132000.0,33000.0,1.0,50000.0,,,
Ahilyanagar,2020,Shevgaon,28.0,4500.0,0.0,0.0,1.0,10000.0,,,
Ahilyanagar,2020,Pathardi,31.0,2000.0,2289000.0,6000.0,2.0,30000.0,,,
Ahilyanagar,2020,Nagar,42.0,2600.0,2177000.0,6000.0,1.0,10000.0,,,
Ahilyanagar,2020,Rahuri,34.0,2600.0,5314000.0,14500.0,1.0,30000.0,,,
Ahilyanagar,2020,Parner,62.0,3800.0,1616000.0,4420.0,0.0,0.0,,,
Ahilyanagar,2020,Srigonda,34.0,2200.0,2600000.0,7100.0,1.0,20000.0,,,
Ahilyanagar,2020,Karjat,42.0,2600.0,5642000.0,15500.0,0.0,0.0,,,
Ahilyanagar,2020,Jamkhed,16.0,1000.0,0.0,0.0,0.0,0.0,,,
Ahilyanagar,2021,Akole,137.0,9020.0,28644000.0,78000.0,2.0,60000.0,,,
Ahilyanagar,2021,Sangamner,218.0,44300.0,113249000.0,310000.0,1.0,300000.0,,,
Ahilyanagar,2021,Kopargaon,110.0,15040.0,46691000.0,127000.0,1.0,100000.0,,,
Ahilyanagar,2021,Rahata,83.0,6280.0,9845000.0,26000.0,2.0,155000.0,,,
Ahilyanagar,2021,Srirampur,26.0,680.0,0.0,0.0,1.0,10000.0,,,
Ahilyanagar,2021,Nevasa,28.0,1628.0,11103000.0,30000.0,1.0,50000.0,,,
Ahilyanagar,2021,Shevgaon,25.0,980.0,0.0,0.0,1.0,10000.0,,,
Ahilyanagar,2021,Pathardi,30.0,1280.0,2913000.0,7000.0,2.0,30000.0,,,
Ahilyanagar,2021,Nagar,42.0,2150.0,2003000.0,5000.0,1.0,10000.0,,,
Ahilyanagar,2021,Rahuri,34.0,1120.0,4204000.0,11000.0,1.0,30000.0,,,
Ahilyanagar,2021,Parner,79.0,3850.0,1169000.0,3000.0,,,,,
Ahilyanagar,2021,Srigonda,34.0,1560.0,2913000.0,7000.0,1.0,20000.0,,,
Ahilyanagar,2021,Karjat,40.0,1150.0,4514000.0,12000.0,,,,,
Ahilyanagar,2021,Jamkhed,16.0,480.0,0.0,0.0,,,,,
Akola,2012,Telhara,25.0,675.0,72000.0,200.0,0.0,0.0,,,
Akola,2012,Akot,46.0,1242.0,292000.0,800.0,1.0,10000.0,,,
Akola,2012,Balapur,23.0,621.0,34000.0,90.0,0.0,0.0,,,
Akola,2012,Akola,49.0,1325.0,84000.0,230.0,1.0,150000.0,,,
Akola,2012,Murtijapur,45.0,1230.0,376000.0,1030.0,1.0,2000.0,,,
Akola,2012,Patur,18.0,486.0,0.0,0.0,0.0,0.0,,,
Akola,2012,Barshitakali,39.0,1051.0,15000.0,40.0,0.0,0.0,,,
Akola,2013,Telhara,25.0,750.0,6597000.0,18000.0,0.0,0.0,,,
Akola,2013,Akot,41.0,1380.0,124100000.0,340000.0,1.0,10000.0,,,
Akola,2013,Balapur,23.0,644.0,0.0,0.0,0.0,0.0,,,
Akola,2013,Akola,49.0,1372.0,45260000.0,124000.0,0.0,0.0,,,
Akola,2013,Murtijapur,45.0,1305.0,273020000.0,748000.0,1.0,5000.0,,,
Akola,2013,Patur,18.0,525.0,0.0,0.0,0.0,0.0,,,
Akola,2013,Barshitakali,39.0,1209.0,51830000.0,142000.0,0.0,0.0,,,
Akola,2014,Telhara,22.0,560.0,14600.0,400.0,0.0,0.0,,,
Akola,2014,Akot,44.0,1150.0,128479.99999999999,350.0,1.0,10000.0,,,
Akola,2014,Balapur,22.0,550.0,8029.999999999999,220.0,0.0,0.0,,,
Akola,2014,Akola,44.0,1080.0,23720.0,6500.0,0.0,0.0,,,
Akola,2014,Murtijapur,36.0,925.0,465740.0,12760.0,1.0,5000.0,,,
Akola,2014,Patur,15.0,375.0,0.0,0.0,0.0,0.0,,,
Akola,2014,Barshitakali,33.0,830.0,35040.0,960.0,0.0,0.0,,,
Akola,2015,Telhara,22.0,560.0,54534000.0,149000.0,0.0,0.0,,,
Akola,2015,Akot,38.0,1000.0,202032000.0,554000.0,1.0,3000.0,,,
Akola,2015,Balapur,21.0,525.0,,,,0.0,,,
Akola,2015,Akola,31.0,730.0,2196000.0,6000.0,1.0,50000.0,,,
Akola,2015,Murtijapur,28.0,730.0,491172000.0,1346000.0,1.0,4000.0,,,
Akola,2015,Patur,5.0,140.0,0.0,0.0,0.0,0.0,,,
Akola,2015,Barshitakali,24.0,605.0,37698000.0,103000.0,1.0,5000.0,,,
Akola,2016,Telhara,22.0,560.0,387200.0,1060.0,0.0,0.0,,,
Akola,2016,Akot,38.0,1000.0,2145800.0,5870.0,1.0,3000.0,,,
Akola,2016,Balapur,22.0,552.0,42700.0,110.0,,0.0,,,
Akola,2016,Akola,32.0,755.0,501500.0,1370.0,1.0,50000.0,,,
Akola,2016,Murtijapur,28.0,730.0,2061800.0000000002,5640.0,1.0,4000.0,,,
Akola,2016,Patur,5.0,140.0,199200.0,540.0,0.0,0.0,,,
Akola,2016,Barshitakali,24.0,605.0,629200.0,1720.0,1.0,5000.0,,,
Akola,2017,Telhara,22.0,560.0,7900.0,20.0,0.0,0.0,,,
Akola,2017,Akot,38.0,1000.0,184900.0,510.0,1.0,3500.0,,,
Akola,2017,Balapur,22.0,552.0,15700.0,40.0,0.0,0.0,,,
Akola,2017,Akola,32.0,755.0,9600.0,30.0,1.0,50000.0,,,
Akola,2017,Murtijapur,28.0,730.0,224600.0,620.0,1.0,4000.0,,,
Akola,2017,Patur,5.0,140.0,4900.0,10.0,0.0,0.0,,,
Akola,2017,Barshitakali,24.0,605.0,16500.0,50.0,1.0,500.0,,,
Akola,2018,Telhara,22.0,560.0,119240.0,327.0,0.0,0.0,,,
Akola,2018,Akot,38.0,1000.0,351571.0,963.0,1.0,3500.0,,,
Akola,2018,Balapur,22.0,552.0,17810.0,49.0,0.0,0.0,,,
Akola,2018,Akola,32.0,755.0,43680.0,120.0,1.0,50000.0,,,
Akola,2018,Murtijapur,28.0,730.0,458658.0,1257.0,1.0,4000.0,,,
Akola,2018,Patur,5.0,140.0,57719.0,158.0,0.0,0.0,,,
Akola,2018,Barshitakali,24.0,605.0,25464.0,70.0,1.0,500.0,,,
Akola,2019,Telhara,22.0,560.0,121350.0,332.0,0.0,0.0,,,
Akola,2019,Akot,38.0,1000.0,355598.0,974.0,1.0,3500.0,,,
Akola,2019,Balapur,22.0,552.0,19520.0,53.0,0.0,0.0,,,
Akola,2019,Akola,32.0,755.0,48720.0,133.0,1.0,50000.0,,,
Akola,2019,Murtijapur,28.0,730.0,462518.0,1267.0,1.0,4000.0,,,
Akola,2019,Patur,5.0,140.0,59622.0,163.0,0.0,0.0,,,
Akola,2019,Barshitakali,24.0,605.0,27396.0,75.0,1.0,500.0,,,
Akola,2020,Telhara,22.0,560.0,116280.0,320.0,0.0,0.0,,,
Akola,2020,Akot,38.0,1000.0,426780.0,1170.0,1.0,3500.0,,,
Akola,2020,Balapur,22.0,552.0,26280.0,70.0,0.0,0.0,,,
Akola,2020,Akola,32.0,755.0,47020.0,130.0,1.0,50000.0,,,
Akola,2020,Murtijapur,28.0,730.0,524320.0,1440.0,1.0,4000.0,,,
Akola,2020,Patur,5.0,140.0,42140.0,120.0,0.0,0.0,,,
Akola,2020,Barshitakali,24.0,605.0,20160.0,60.0,1.0,500.0,,,
Akola,2021,Telhara,2.0,73.0,0.0,0.0,0.0,0.0,,,
Akola,2021,Akot,13.0,416.0,8768000.0,24000.0,1.0,3500.0,,,
Akola,2021,Balapur,5.0,117.0,0.0,0.0,0.0,0.0,,,
Akola,2021,Akola,8.0,189.0,0.0,,1.0,50000.0,,,
Akola,2021,Murtijapur,3.0,82.0,12598000.0,35000.0,1.0,4000.0,,,
Akola,2021,Patur,2.0,44.0,0.0,0.0,0.0,0.0,,,
Akola,2021,Barshitakali,4.0,132.0,0.0,0.0,1.0,500.0,,,
Amravati,2012,Dharani,12.0,494.0,0.0,0.0,0.0,0.0,,,
Amravati,2012,Chikhraldara,32.0,1208.0,185785.0,509.0,1.0,5000.0,,,
Amravati,2012,Anjangaon Su,19.0,676.0,0.0,0.0,0.0,0.0,,,
Amravati,2012,Achalpur,44.0,1104.0,395295.0,1083.0,1.0,5000.0,,,
Amravati,2012,Chandurbazar,68.0,3455.0,4658860.0,12764.0,0.0,0.0,,,
Amravati,2012,Morshi,33.0,893.0,9920700.0,27180.0,1.0,5000.0,,,
Amravati,2012,Warud,30.0,892.0,0.0,0.0,0.0,0.0,,,
Amravati,2012,Tivas,31.0,829.0,4663240.0,12776.0,0.0,0.0,,,
Amravati,2012,Amravati,57.0,2590.0,6205365.0,17001.0,1.0,50000.0,,,
Amravati,2012,Bhatkuli,34.0,1221.0,2506820.0,6868.0,0.0,0.0,,,
Amravati,2012,Daryapur,21.0,755.0,82490.0,226.0,0.0,0.0,,,
Amravati,2012,Nandgaon Kh,41.0,1169.0,8867310.0,24294.0,0.0,0.0,,,
Amravati,2012,Chandur Railway,32.0,1010.0,3045560.0,8344.0,1.0,5000.0,,,
Amravati,2012,Dhamangaon Re,23.0,875.0,0.0,0.0,0.0,0.0,,,
Amravati,2013,Dharani,12.0,494.0,0.0,0.0,0.0,0.0,,,
Amravati,2013,Chikhraldara,32.0,1208.0,0.0,0.0,1.0,5000.0,,,
Amravati,2013,Anjangaon Su,19.0,676.0,958410.0,2630.0,0.0,0.0,,,
Amravati,2013,Achalpur,44.0,1104.0,0.0,0.0,1.0,5000.0,,,
Amravati,2013,Chandurbazar,68.0,3455.0,3839800.0,10520.0,0.0,0.0,,,
Amravati,2013,Morshi,33.0,893.0,637650.0,1750.0,1.0,5000.0,,,
Amravati,2013,Warud,30.0,892.0,0.0,0.0,0.0,0.0,,,
Amravati,2013,Tivas,31.0,829.0,288350.0,790.0,0.0,0.0,,,
Amravati,2013,Amravati,57.0,2590.0,5998770.0,16430.0,1.0,50000.0,,,
Amravati,2013,Bhatkuli,34.0,1221.0,4358830.0,11940.0,0.0,0.0,,,
Amravati,2013,Daryapur,21.0,755.0,36500.0,100.0,0.0,0.0,,,
Amravati,2013,Nandgaon Kh,41.0,1169.0,7312040.0,20030.0,0.0,0.0,,,
Amravati,2013,Chandur Railway,32.0,1010.0,4358830.0,11940.0,1.0,5000.0,,,
Amravati,2013,Dhamangaon Re,23.0,875.0,0.0,0.0,0.0,0.0,,,
Amravati,2014,Dharani,12.0,494.0,0.0,0.0,0.0,0.0,,,
Amravati,2014,Chikhraldara,32.0,1208.0,0.0,0.0,1.0,5000.0,,,
Amravati,2014,Anjangaon Su,19.0,676.0,196730.0,540.0,0.0,0.0,,,
Amravati,2014,Achalpur,44.0,1104.0,381420.0,1040.0,1.0,5000.0,,,
Amravati,2014,Chandurbazar,68.0,3455.0,3819360.0,10460.0,0.0,0.0,,,
Amravati,2014,Morshi,33.0,893.0,732550.0,2009.9999999999998,1.0,5000.0,,,
Amravati,2014,Warud,30.0,892.0,0.0,0.0,0.0,0.0,,,
Amravati,2014,Tivas,31.0,829.0,2513750.0,6890.0,0.0,0.0,,,
Amravati,2014,Amravati,57.0,2590.0,6885360.0,18860.0,1.0,50000.0,,,
Amravati,2014,Bhatkuli,34.0,1221.0,894980.0,2450.0,0.0,0.0,,,
Amravati,2014,Daryapur,21.0,755.0,0.0,0.0,0.0,0.0,,,
Amravati,2014,Nandgaon Kh,41.0,1169.0,7468630.0,20460.0,0.0,0.0,,,
Amravati,2014,Chandur Railway,32.0,1010.0,4805950.0,13170.0,1.0,5000.0,,,
Amravati,2014,Dhamangaon Re,23.0,875.0,0.0,0.0,0.0,0.0,,,
Amravati,2015,Dharani,0.0,0.0,0.0,0.0,0.0,0.0,,,
Amravati,2015,Chikhraldara,1.0,35.0,0.0,0.0,1.0,5000.0,,,
Amravati,2015,Anjangaon Su,6.0,185.0,0.0,0.0,0.0,0.0,,,
Amravati,2015,Achalpur,3.0,75.0,0.0,0.0,1.0,5000.0,,,
Amravati,2015,Chandurbazar,32.0,925.0,537930.0,1470.0,0.0,0.0,,,
Amravati,2015,Morshi,3.0,89.0,76650.0,210.0,1.0,5000.0,,,
Amravati,2015,Warud,1.0,35.0,0.0,0.0,0.0,0.0,,,
Amravati,2015,Tivas,3.0,75.0,100630.0,280.0,0.0,0.0,,,
Amravati,2015,Amravati,11.0,295.0,600860.0,1650.0,1.0,50000.0,,,
Amravati,2015,Bhatkuli,4.0,125.0,47450.0,130.0,0.0,0.0,,,
Amravati,2015,Daryapur,1.0,30.0,9120.0,20.0,0.0,0.0,,,
Amravati,2015,Nandgaon Kh,6.0,178.0,563410.0,1540.0,0.0,0.0,,,
Amravati,2015,Chandur Railway,4.0,110.0,488220.0,1340.0,1.0,5000.0,,,
Amravati,2015,Dhamangaon Re,1.0,25.0,0.0,0.0,0.0,0.0,,,
Amravati,2016,Dharani,0.0,0.0,0.0,0.0,0.0,0.0,,,
Amravati,2016,Chikhraldara,1.0,35.0,0.0,0.0,1.0,5000.0,,,
Amravati,2016,Anjangaon Su,6.0,185.0,0.0,0.0,0.0,0.0,,,
Amravati,2016,Achalpur,3.0,75.0,0.0,0.0,1.0,5000.0,,,
Amravati,2016,Chandurbazar,30.0,867.0,250020.0,680.0,0.0,0.0,,,
Amravati,2016,Morshi,3.0,89.0,33880.0,90.0,1.0,5000.0,,,
Amravati,2016,Warud,0.0,0.0,0.0,0.0,0.0,0.0,,,
Amravati,2016,Tivas,3.0,75.0,49270.0,130.0,0.0,0.0,,,
Amravati,2016,Amravati,10.0,268.0,142310.0,390.0,1.0,50000.0,,,
Amravati,2016,Bhatkuli,4.0,125.0,13350.0,40.0,0.0,0.0,,,
Amravati,2016,Daryapur,1.0,30.0,2220.0,10.0,0.0,0.0,,,
Amravati,2016,Nandgaon Kh,6.0,178.0,145900.0,400.0,0.0,0.0,,,
Amravati,2016,Chandur Railway,4.0,110.0,210020.0,580.0,1.0,5000.0,,,
Amravati,2016,Dhamangaon Re,1.0,25.0,0.0,0.0,0.0,0.0,,,
Amravati,2017,Dharani,0.0,0.0,0.0,0.0,0.0,0.0,,,
Amravati,2017,Chikhraldara,1.0,25.0,0.0,0.0,1.0,5000.0,,,
Amravati,2017,Anjangaon Su,5.0,125.0,0.0,0.0,0.0,0.0,,,
Amravati,2017,Achalpur,1.0,25.0,0.0,0.0,1.0,5000.0,,,
Amravati,2017,Chandurbazar,12.0,275.0,259149.99999999997,710.0,0.0,0.0,,,
Amravati,2017,Morshi,3.0,80.0,94530.0,260.0,1.0,5000.0,,,
Amravati,2017,Warud,0.0,0.0,0.0,0.0,0.0,0.0,,,
Amravati,2017,Tivas,4.0,100.0,59490.0,160.0,0.0,0.0,,,
Amravati,2017,Amravati,6.0,125.0,16059.999999999998,60.0,1.0,50000.0,,,
Amravati,2017,Bhatkuli,0.0,0.0,0.0,0.0,0.0,0.0,,,
Amravati,2017,Daryapur,0.0,0.0,0.0,0.0,0.0,0.0,,,
Amravati,2017,Nandgaon Kh,7.0,175.0,35770.0,90.0,0.0,0.0,,,
Amravati,2017,Chandur Railway,3.0,350.0,177390.0,480.0,1.0,5000.0,,,
Amravati,2017,Dhamangaon Re,1.0,25.0,0.0,0.0,0.0,0.0,,,
Amravati,2018,Dharani,0.0,0.0,0.0,0.0,0.0,0.0,,,
Amravati,2018,Chikhraldara,1.0,25.0,0.0,0.0,1.0,5000.0,,,
Amravati,2018,Anjangaon Su,5.0,125.0,0.0,0.0,0.0,0.0,,,
Amravati,2018,Achalpur,1.0,25.0,0.0,0.0,1.0,5000.0,,,
Amravati,2018,Chandurbazar,13.0,275.0,14640.0,40.0,0.0,0.0,,,
Amravati,2018,Morshi,3.0,80.0,3520.0,10.0,1.0,5000.0,,,
Amravati,2018,Warud,0.0,0.0,0.0,0.0,0.0,0.0,,,
Amravati,2018,Tivas,4.0,100.0,3370.0,10.0,0.0,0.0,,,
Amravati,2018,Amravati,7.0,125.0,3490.0,10.0,1.0,50000.0,,,
Amravati,2018,Bhatkuli,0.0,0.0,1730.0,0.0,0.0,0.0,,,
Amravati,2018,Daryapur,0.0,0.0,0.0,0.0,0.0,0.0,,,
Amravati,2018,Nandgaon Kh,7.0,175.0,4180.0,10.0,0.0,0.0,,,
Amravati,2018,Chandur Railway,3.0,350.0,7120.0,20.0,1.0,5000.0,,,
Amravati,2018,Dhamangaon Re,1.0,25.0,0.0,0.0,0.0,0.0,,,
Amravati,2019,Dharani,0.0,0.0,0.0,0.0,0.0,0.0,,,
Amravati,2019,Chikhraldara,5.0,125.0,0.0,0.0,1.0,5000.0,,,
Amravati,2019,Anjangaon Su,5.0,125.0,0.0,0.0,0.0,0.0,,,
Amravati,2019,Achalpur,1.0,25.0,0.0,0.0,1.0,5000.0,,,
Amravati,2019,Chandurbazar,8.0,200.0,9620.0,20.0,0.0,0.0,,,
Amravati,2019,Morshi,4.0,100.0,1620.0,40.0,1.0,5000.0,,,
Amravati,2019,Warud,0.0,0.0,0.0,0.0,0.0,0.0,,,
Amravati,2019,Tivas,4.0,100.0,2009.9999999999998,50.0,0.0,0.0,,,
Amravati,2019,Amravati,7.0,175.0,3070.0,80.0,1.0,50000.0,,,
Amravati,2019,Bhatkuli,0.0,0.0,1050.0,20.0,0.0,0.0,,,
Amravati,2019,Daryapur,0.0,0.0,0.0,0.0,0.0,0.0,,,
Amravati,2019,Nandgaon Kh,6.0,150.0,1950.0,50.0,0.0,0.0,,,
Amravati,2019,Chandur Railway,3.0,275.0,6070.0,10.0,1.0,5000.0,,,
Amravati,2019,Dhamangaon Re,1.0,25.0,0.0,0.0,0.0,0.0,,,
Amravati,2020,Dharani,,,,,,,,,
Amravati,2020,Chikhraldara,5.0,125.0,,,1.0,5000.0,,,
Amravati,2020,Anjangaon Su,4.0,100.0,,,,,,,
Amravati,2020,Achalpur,,,,,1.0,5000.0,,,
Amravati,2020,Chandurbazar,7.0,200.0,8800.0,24.0,,,,,
Amravati,2020,Morshi,4.0,100.0,900.0,2.0,1.0,5000.0,,,
Amravati,2020,Warud,,,,,,,,,
Amravati,2020,Tivas,4.0,128.0,3980.0,10.0,,,,,
Amravati,2020,Amravati,7.0,175.0,3650.0,10.0,1.0,50000.0,,,
Amravati,2020,Bhatkuli,2.0,50.0,430.0,1.0,,,,,
Amravati,2020,Daryapur,,,,,,,,,
Amravati,2020,Nandgaon Kh,6.0,150.0,3130.0,8.0,,,,,
Amravati,2020,Chandur Railway,4.0,275.0,5540.0,15.0,1.0,5000.0,,,
Amravati,2020,Dhamangaon Re,1.0,25.0,,,,,,,
Amravati,2021,Dharani,,,,,,,,,
Amravati,2021,Chikhraldara,1.0,25.0,,,1.0,5000.0,,,
Amravati,2021,Anjangaon Su,4.0,100.0,,,,,,,
Amravati,2021,Achalpur,,,,,1.0,5000.0,,,
Amravati,2021,Chandurbazar,7.0,200.0,6210.0,17.0,,,,,
Amravati,2021,Morshi,3.0,75.0,,,1.0,5000.0,,,
Amravati,2021,Warud,,,,,,,,,
Amravati,2021,Tivas,5.0,153.0,1790.0,4.0,,,,,
Amravati,2021,Amravati,6.0,150.0,2120.0,5.0,1.0,50000.0,,,
Amravati,2021,Bhatkuli,2.0,50.0,,,,,,,
Amravati,2021,Daryapur,1.0,25.0,,,,,,,
Amravati,2021,Nandgaon Kh,6.0,150.0,1690.0,4.0,,,,,
Amravati,2021,Chandur Railway,4.0,275.0,3280.0,8.0,1.0,5000.0,,,
Beed,2013,Ashti,689.0,35139.0,39148810.0,107260.0,,,,,
Beed,2013,Patoda,81.0,4131.0,9345460.0,25600.0,,,,,
Beed,2013,Shirur Kasar,100.0,5100.0,5141030.0,14090.0,,,,,
Beed,2013,Gevrai,162.0,8262.0,2494780.0,6840.0,,,,,
Beed,2013,Majalgaon,13.0,663.0,0.0,0.0,,,,,
Beed,2013,Wadwani,9.0,459.0,0.0,0.0,,,,,
Beed,2013,Beed,401.0,20451.0,16822850.0,46090.0,,,,,
Beed,2013,Cage,175.0,8925.0,0.0,0.0,,,,,
Beed,2013,Dharur,19.0,969.0,0.0,0.0,,,,,
Beed,2013,Parli,38.0,1938.0,239440.0,660.0,,,,,
Beed,2013,Ambajogai,183.0,9333.0,4818370.0,13200.0,,,,,
Beed,2014,Ashti,424.0,21624.0,43239000.0,118000.0,,,,,
Beed,2014,Patoda,82.0,4182.0,14762000.0,40000.0,,,,,
Beed,2014,Shirur Kasar,100.0,5100.0,7924000.0,22000.0,,,,,
Beed,2014,Gevrai,162.0,8262.0,2425000.0,7000.0,,,,,
Beed,2014,Majalgaon,13.0,663.0,0.0,0.0,,,,,
Beed,2014,Wadwani,9.0,459.0,0.0,0.0,,,,,
Beed,2014,Beed,405.0,20655.0,22148000.0,61000.0,,,,,
Beed,2014,Cage,175.0,8925.0,0.0,0.0,,,,,
Beed,2014,Dharur,19.0,969.0,0.0,0.0,,,,,
Beed,2014,Parli,38.0,1938.0,235000.0,600.0,,,,,
Beed,2014,Ambajogai,184.0,9384.0,5194000.0,14000.0,,,,,
Beed,2015,Ashti,169.0,8619.0,28058000.0,77000.0,,,,,
Beed,2015,Patoda,35.0,1785.0,11215000.0,31000.0,,,,,
Beed,2015,Shirur Kasar,11.0,561.0,4377000.0,12000.0,,,,,
Beed,2015,Gevrai,35.0,1785.0,1711000.0,5000.0,,,,,
Beed,2015,Majalgaon,1.0,51.0,0.0,0.0,,,,,
Beed,2015,Wadwani,0.0,0.0,0.0,0.0,,,,,
Beed,2015,Beed,183.0,9333.0,17347000.0,48000.0,,,,,
Beed,2015,Cage,52.0,2652.0,1774000.0,5000.0,,,,,
Beed,2015,Dharur,2.0,102.0,74000.0,0.0,,,,,
Beed,2015,Parli,14.0,714.0,514000.0,1000.0,,,,,
Beed,2015,Ambajogai,61.0,3111.0,2704000.0,7000.0,,,,,
Beed,2016,Ashti,143.0,7579.0,799360.0,2190.0,2.0,50000.0,,,
Beed,2016,Patoda,17.0,901.0,152170.0,420.0,1.0,50000.0,,,
Beed,2016,Shirur Kasar,11.0,583.0,0.0,0.0,0.0,0.0,,,
Beed,2016,Gevrai,26.0,1378.0,44200.0,120.0,1.0,10000.0,,,
Beed,2016,Majalgaon,1.0,51.0,0.0,0.0,0.0,0.0,,,
Beed,2016,Wadwani,0.0,0.0,0.0,0.0,0.0,0.0,,,
Beed,2016,Beed,179.0,9495.0,471020.0,1290.0,3.0,110000.0,,,
Beed,2016,Cage,49.0,2610.0,0.0,0.0,0.0,0.0,,,
Beed,2016,Dharur,2.0,104.0,0.0,0.0,0.0,0.0,,,
Beed,2016,Parli,14.0,717.0,16630.0,50.0,0.0,0.0,,,
Beed,2016,Ambajogai,52.0,2760.0,72570.0,200.0,1.0,10000.0,,,
Beed,2017,Ashti,110.0,5610.0,19834100.0,54340.0,0.0,0.0,,,
Beed,2017,Patoda,4.0,204.0,1525340.0,4180.0,0.0,0.0,,,
Beed,2017,Shirur Kasar,4.0,204.0,0.0,0.0,0.0,0.0,,,
Beed,2017,Gevrai,21.0,1224.0,1410360.0,3860.0,0.0,0.0,,,
Beed,2017,Majalgaon,1.0,51.0,0.0,0.0,0.0,0.0,,,
Beed,2017,Wadwani,2.0,102.0,0.0,0.0,0.0,0.0,,,
Beed,2017,Beed,153.0,7803.0,19512900.0,53460.0,0.0,0.0,,,
Beed,2017,Cage,43.0,2193.0,0.0,0.0,0.0,0.0,,,
Beed,2017,Dharur,1.0,51.0,0.0,0.0,0.0,0.0,,,
Beed,2017,Parli,14.0,714.0,815410.0,2230.0,0.0,0.0,,,
Beed,2017,Ambajogai,42.0,2142.0,3036800.0,8320.0,0.0,0.0,,,
Beed,2018,Ashti,110.0,5610.0,19647650.0,53830.0,0.0,0.0,,,
Beed,2018,Patoda,15.0,765.0,5438500.0,14900.0,0.0,0.0,,,
Beed,2018,Shirur Kasar,4.0,204.0,766500.0,2100.0,0.0,0.0,,,
Beed,2018,Gevrai,21.0,1224.0,1478460.0,4050.0,0.0,0.0,,,
Beed,2018,Majalgaon,2.0,102.0,295650.0,810.0,0.0,0.0,,,
Beed,2018,Wadwani,2.0,102.0,0.0,0.0,0.0,0.0,,,
Beed,2018,Beed,153.0,7803.0,19734460.0,54070.0,0.0,0.0,,,
Beed,2018,Cage,43.0,2193.0,2500250.0,6850.0,0.0,0.0,,,
Beed,2018,Dharur,1.0,51.0,140160.0,380.0,0.0,0.0,,,
Beed,2018,Parli,14.0,714.0,1569830.0,4300.0,0.0,0.0,,,
Beed,2018,Ambajogai,42.0,2142.0,3692230.0,10100.0,0.0,0.0,,,
Beed,2019,Ashti,105.0,5355.0,21014510.0,57570.0,0.0,0.0,,,
Beed,2019,Patoda,18.0,918.0,3410930.0,9350.0,0.0,0.0,,,
Beed,2019,Shirur Kasar,6.0,306.0,2737500.0,7500.0,0.0,0.0,,,
Beed,2019,Gevrai,21.0,1071.0,1031490.0,2830.0,0.0,0.0,,,
Beed,2019,Majalgaon,2.0,102.0,76650.0,210.0,0.0,0.0,,,
Beed,2019,Wadwani,2.0,102.0,0.0,0.0,0.0,0.0,,,
Beed,2019,Beed,163.0,8313.0,18283580.0,50090.0,0.0,0.0,,,
Beed,2019,Cage,43.0,2193.0,2166640.0,5940.0,0.0,0.0,,,
Beed,2019,Dharur,1.0,51.0,328500.0,900.0,0.0,0.0,,,
Beed,2019,Parli,18.0,918.0,1187710.0,3250.0,0.0,0.0,,,
Beed,2019,Ambajogai,47.0,2397.0,3504730.0,9600.0,1.0,10000.0,,,
Beed,2020,Ashti,107.0,5457.0,30303030.0,83020.0,0.0,0.0,,,
Beed,2020,Patoda,19.0,969.0,17484230.0,47900.0,0.0,0.0,,,
Beed,2020,Shirur Kasar,16.0,816.0,3069650.0,8410.0,0.0,0.0,,,
Beed,2020,Gevrai,21.0,1071.0,2104950.0,5770.0,0.0,0.0,,,
Beed,2020,Majalgaon,2.0,102.0,284700.0,780.0,0.0,0.0,,,
Beed,2020,Wadwani,2.0,102.0,0.0,0.0,0.0,0.0,,,
Beed,2020,Beed,167.0,8517.0,19530780.0,53510.0,0.0,0.0,,,
Beed,2020,Cage,44.0,2244.0,3038620.0,8320.0,0.0,0.0,,,
Beed,2020,Dharur,1.0,51.0,186520.0,510.0,0.0,0.0,,,
Beed,2020,Parli,18.0,918.0,916150.0,2510.0,0.0,0.0,,,
Beed,2020,Ambajogai,51.0,2601.0,2883140.0,7900.0,0.0,0.0,,,
Beed,2021,Ashti,107.0,5457.0,21968620.0,60180.0,0.0,0.0,,,
Beed,2021,Patoda,19.0,969.0,11990620.0,32850.0,0.0,0.0,,,
Beed,2021,Shirur Kasar,16.0,816.0,832570.0,2280.0,0.0,0.0,,,
Beed,2021,Gevrai,21.0,1071.0,1095000.0,3000.0,0.0,0.0,,,
Beed,2021,Majalgaon,2.0,102.0,306600.0,840.0,0.0,0.0,,,
Beed,2021,Wadwani,2.0,102.0,0.0,0.0,0.0,0.0,,,
Beed,2021,Beed,167.0,8517.0,20993390.0,57520.0,0.0,0.0,,,
Beed,2021,Cage,46.0,2346.0,571090.0,1560.0,0.0,0.0,,,
Beed,2021,Dharur,1.0,51.0,205860.0,560.0,0.0,0.0,,,
Beed,2021,Parli,18.0,918.0,1064700.0,2920.0,0.0,0.0,,,
Beed,2021,Ambajogai,51.0,2601.0,2057949.9999999998,5640.0,0.0,0.0,,,
Bhandara,2012,Tumsar,43.0,2743.0,1545000.0,4000.0,,,,,
Bhandara,2012,Mohadi,67.0,3830.0,4478000.0,12000.0,,,,,
Bhandara,2012,Bhandara,79.0,3944.0,5105000.0,14000.0,1.0,100000.0,,,
Bhandara,2012,Sakoli,31.0,1240.0,2652000.0,7000.0,1.0,10000.0,,,
Bhandara,2012,Lakhani,49.0,2699.0,3725000.0,10000.0,,,,,
Bhandara,2012,Pavani,56.0,2966.0,3690000.0,10000.0,1.0,20000.0,,,
Bhandara,2012,Lakhandur,34.0,1734.0,1575000.0,4000.0,,,,,
Bhandara,2013,Tumsar,45.0,1530.0,1021000.0,3000.0,,,,,
Bhandara,2013,Mohadi,67.0,2244.0,3634000.0,10000.0,,,,,
Bhandara,2013,Bhandara,80.0,3009.0,4058000.0,11000.0,1.0,180000.0,,,
Bhandara,2013,Sakoli,31.0,1632.0,2844000.0,8000.0,,,,,
Bhandara,2013,Lakhani,49.0,2142.0,2638000.0,7000.0,,,,,
Bhandara,2013,Pavani,56.0,2295.0,3876000.0,11000.0,1.0,20000.0,,,
Bhandara,2013,Lakhandur,34.0,1071.0,1470000.0,4000.0,,,,,
Bhandara,2014,Tumsar,33.0,2092.0,1227000.0,3360.0,,,,,
Bhandara,2014,Mohadi,48.0,2794.0,4997000.0,13700.0,,,,,
Bhandara,2014,Bhandara,57.0,3446.0,5226000.0,14320.0,1.0,180000.0,,,
Bhandara,2014,Sakoli,30.0,2430.0,3193000.0,8750.0,,,,,
Bhandara,2014,Lakhani,39.0,2531.0,3669000.0,10050.0,,,,,
Bhandara,2014,Pavani,42.0,2836.0,3089000.0,8460.0,1.0,20000.0,,,
Bhandara,2014,Lakhandur,22.0,1393.0,1249000.0,3420.0,,,,,
Bhandara,2015,Tumsar,28.0,1696.0,1370000.0,3750.0,,,,,
Bhandara,2015,Mohadi,48.0,2732.0,6121000.0,16770.0,,,,,
Bhandara,2015,Bhandara,57.0,3395.0,6148000.0,16840.0,1.0,180000.0,,,
Bhandara,2015,Sakoli,32.0,2583.0,2958000.0,8100.0,,,,,
Bhandara,2015,Lakhani,39.0,2531.0,2908000.0,7970.0,,,,,
Bhandara,2015,Pavani,39.0,2582.0,2232000.0,6120.0,1.0,20000.0,,,
Bhandara,2015,Lakhandur,21.0,1292.0,974000.0,2670.0,,,,,
Bhandara,2016,Tumsar,28.0,1127.0,1845000.0,5050.0,,,,,
Bhandara,2016,Mohadi,46.0,2346.0,3497000.0,9580.0,,,,,
Bhandara,2016,Bhandara,58.0,2905.0,4091000.0,11210.0,1.0,180000.0,,,
Bhandara,2016,Sakoli,38.0,1938.0,1978000.0,5420.0,,,,,
Bhandara,2016,Lakhani,36.0,1872.0,2131000.0,5840.0,,,,,
Bhandara,2016,Pavani,39.0,1989.0,1436000.0,3930.0,1.0,20000.0,,,
Bhandara,2016,Lakhandur,19.0,950.0,550000.0,1510.0,,,,,
Bhandara,2017,Tumsar,21.0,1071.0,1267000.0,3470.0,,,,,
Bhandara,2017,Mohadi,34.0,1734.0,5197000.0,14240.0,,,,,
Bhandara,2017,Bhandara,52.0,2652.0,6596000.0,18070.0,1.0,180000.0,,,
Bhandara,2017,Sakoli,25.0,1275.0,5110000.0,14000.0,,,,,
Bhandara,2017,Lakhani,34.0,1734.0,2785000.0,7530.0,,,,,
Bhandara,2017,Pavani,31.0,1581.0,1924000.0,5270.0,1.0,20000.0,,,
Bhandara,2017,Lakhandur,15.0,765.0,1035000.0,2840.0,,,,,
Bhandara,2018,Tumsar,30.0,1091.0,1234000.0,3380.0,,,,,
Bhandara,2018,Mohadi,48.0,2234.0,4757000.0,13030.0,,,,,
Bhandara,2018,Bhandara,62.0,3065.0,6736000.0,18450.0,2.0,200000.0,,,
Bhandara,2018,Sakoli,37.0,1536.0,4104000.0,11240.0,,,,,
Bhandara,2018,Lakhani,40.0,1871.0,2902000.0,7950.0,,,,,
Bhandara,2018,Pavani,41.0,1824.0,2328000.0,6380.0,1.0,20000.0,,,
Bhandara,2018,Lakhandur,25.0,951.0,992000.0,2720.0,,,,,
Bhandara,2019,Tumsar,30.0,1400.0,423270.0,1160.0,,,,,
Bhandara,2019,Mohadi,48.0,3300.0,1740170.0,4770.0,,,,,
Bhandara,2019,Bhandara,62.0,4000.0,2347970.0,6430.0,2.0,200000.0,,,
Bhandara,2019,Sakoli,37.0,1650.0,1105510.0,3030.0,,,,,
Bhandara,2019,Lakhani,40.0,1900.0,1264650.0,3460.0,,,,,
Bhandara,2019,Pavani,41.0,2050.0,1107750.0,3030.0,1.0,20000.0,,,
Bhandara,2019,Lakhandur,25.0,1100.0,490530.0,1340.0,,,,,
Bhandara,2020,Tumsar,30.0,1400.0,733000.0,2000.0,,,,,
Bhandara,2020,Mohadi,48.0,3300.0,2695000.0,7380.0,,,,,
Bhandara,2020,Bhandara,62.0,4000.0,3891000.0,10660.0,2.0,200000.0,,,
Bhandara,2020,Sakoli,37.0,1650.0,2257000.0,6180.0,,,,,
Bhandara,2020,Lakhani,40.0,1900.0,2752000.0,7540.0,,,,,
Bhandara,2020,Pavani,41.0,2050.0,1279000.0,3500.0,1.0,20000.0,,,
Bhandara,2020,Lakhandur,25.0,1100.0,708000.0,1940.0,,,,,
Bhandara,2021,Tumsar,30.0,1400.0,853790.0,2340.0,,,,,
Bhandara,2021,Mohadi,48.0,3300.0,3537620.0,9690.0,,,,,
Bhandara,2021,Bhandara,62.0,4000.0,5091860.0,13950.0,2.0,200000.0,,,
Bhandara,2021,Sakoli,37.0,1650.0,1936010.0,5300.0,,,,,
Bhandara,2021,Lakhani,40.0,1900.0,3484060.0,9550.0,,,,,
Bhandara,2021,Pavani,41.0,2050.0,1677700.0,4600.0,1.0,20000.0,,,
Bhandara,2021,Lakhandur,25.0,1100.0,946760.0,2590.0,,,,,
Buldhana,2013,Jalgaon Jamod,13.0,403.0,,0.0,,,,,
Buldhana,2013,Sangrampur,10.0,1264.0,,146.0,,,,,
Buldhana,2013,Shegaon,5.0,311.0,,,,,,,
Buldhana,2013,Nandura,27.0,1485.0,,,,,,,
Buldhana,2013,Malkapur,12.0,874.0,,,,,,,
Buldhana,2013,Motala,37.0,3320.0,305140.0,836.0,,,,,
Buldhana,2013,Khamgaon,26.0,1488.0,65330.0,179.0,,,,,
Buldhana,2013,Mehkar,26.0,950.0,8029.999999999999,22.0,,,,,
Buldhana,2013,Chikhali,29.0,1921.0,7300.0,20.0,1.0,10000.0,,,
Buldhana,2013,Buldana,30.0,1827.0,1100.0,3.0,,,,,
Buldhana,2013,Deulgaon Raja,60.0,4799.0,1087340.0,2979.0,,,,,
Buldhana,2013,Sindkhed Raja,43.0,1535.0,5470.0,15.0,,,,,
Buldhana,2013,Lonar,20.0,665.0,,,,,,,
Buldhana,2014,Jalgaon Jamod,1.0,27.0,,,,,,,
Buldhana,2014,Sangrampur,3.0,326.0,,,,,,,
Buldhana,2014,Shegaon,0.0,0.0,0.0,0.0,0.0,0.0,,,
Buldhana,2014,Nandura,2.0,648.0,48900.0,130.0,,,,,
Buldhana,2014,Malkapur,0.0,0.0,0.0,0.0,0.0,0.0,,,
Buldhana,2014,Motala,6.0,892.0,,,,,,,
Buldhana,2014,Khamgaon,5.0,135.0,244900.0,670.0,,,,,
Buldhana,2014,Mehkar,4.0,201.0,11300.0,30.0,,,,,
Buldhana,2014,Chikhali,3.0,85.0,2200.0,10.0,1.0,3000.0,,,
Buldhana,2014,Buldana,10.0,667.0,,,,,,,
Buldhana,2014,Deulgaon Raja,20.0,1358.0,1337300.0,3660.0,,,,,
Buldhana,2014,Sindkhed Raja,4.0,163.0,120500.0,330.0,,,,,
Buldhana,2014,Lonar,1.0,67.0,55500.0,150.0,,,,,
Buldhana,2015,Jalgaon Jamod,1.0,27.0,,,,,,,
Buldhana,2015,Sangrampur,3.0,327.0,7660.0,20.0,,,,,
Buldhana,2015,Shegaon,,,,,,,,,
Buldhana,2015,Nandura,2.0,648.0,85770.0,230.0,,,,,
Buldhana,2015,Malkapur,,,,,,,,,
Buldhana,2015,Motala,6.0,876.0,,,,,,,
Buldhana,2015,Khamgaon,5.0,176.0,225930.0,620.0,,,,,
Buldhana,2015,Mehkar,4.0,225.0,178900.0,490.0,,,,,
Buldhana,2015,Chikhali,3.0,85.0,41610.0,110.0,1.0,3000.0,,,
Buldhana,2015,Buldana,10.0,511.0,390.0,0.0,,,,,
Buldhana,2015,Deulgaon Raja,25.0,1489.0,1447950.0,3970.0,,,,,
Buldhana,2015,Sindkhed Raja,4.0,138.0,349300.0,960.0,,,,,
Buldhana,2015,Lonar,4.0,158.0,244550.0,670.0,,,,,
Buldhana,2016,Jalgaon Jamod,1.0,27.0,,,,,,,
Buldhana,2016,Sangrampur,3.0,327.0,7700.0,20.0,,,,,
Buldhana,2016,Shegaon,0.0,0.0,,,,,,,
Buldhana,2016,Nandura,2.0,648.0,,,,,,,
Buldhana,2016,Malkapur,0.0,0.0,,,,,,,
Buldhana,2016,Motala,6.0,876.0,,,,,,,
Buldhana,2016,Khamgaon,6.0,202.0,107700.0,300.0,,,,,
Buldhana,2016,Mehkar,5.0,225.0,91900.0,250.0,,,,,
Buldhana,2016,Chikhali,3.0,85.0,31400.0,90.0,1.0,3000.0,,,
Buldhana,2016,Buldana,11.0,541.0,22600.0,60.0,,,,,
Buldhana,2016,Deulgaon Raja,27.0,1574.0,735800.0,2020.0,,,,,
Buldhana,2016,Sindkhed Raja,4.0,138.0,211700.0,580.0,,,,,
Buldhana,2016,Lonar,4.0,158.0,76700.0,210.0,,,,,
Buldhana,2017,Jalgaon Jamod,1.0,27.0,,,,,,,
Buldhana,2017,Sangrampur,3.0,327.0,31300.0,90.0,,,,,
Buldhana,2017,Shegaon,,,,,,,,,
Buldhana,2017,Nandura,2.0,648.0,,,,,,,
Buldhana,2017,Malkapur,,,,,,,,,
Buldhana,2017,Motala,6.0,876.0,,,,,,,
Buldhana,2017,Khamgaon,6.0,202.0,79900.0,220.0,,,,,
Buldhana,2017,Mehkar,5.0,225.0,71500.0,200.0,,,,,
Buldhana,2017,Chikhali,3.0,85.0,36500.0,100.0,1.0,3000.0,,,
Buldhana,2017,Buldana,11.0,541.0,,,,,,,
Buldhana,2017,Deulgaon Raja,27.0,1574.0,945000.0,2590.0,,,,,
Buldhana,2017,Sindkhed Raja,4.0,138.0,105800.0,290.0,,,,,
Buldhana,2017,Lonar,4.0,158.0,,,,,,,
Buldhana,2018,Jalgaon Jamod,1.0,27.0,0.0,0.0,0.0,0.0,,,
Buldhana,2018,Sangrampur,3.0,327.0,63640.0,200.0,0.0,0.0,,,
Buldhana,2018,Shegaon,0.0,0.0,0.0,0.0,0.0,0.0,,,
Buldhana,2018,Nandura,2.0,648.0,0.0,0.0,0.0,0.0,,,
Buldhana,2018,Malkapur,0.0,0.0,0.0,0.0,0.0,0.0,,,
Buldhana,2018,Motala,6.0,876.0,0.0,0.0,0.0,0.0,,,
Buldhana,2018,Khamgaon,6.0,202.0,216080.0,590.0,0.0,0.0,,,
Buldhana,2018,Mehkar,5.0,225.0,180660.0,490.0,0.0,0.0,,,
Buldhana,2018,Chikhali,6.0,166.0,181440.0,500.0,1.0,3000.0,,,
Buldhana,2018,Buldana,13.0,604.0,13780.0,40.0,0.0,0.0,,,
Buldhana,2018,Deulgaon Raja,28.0,1625.0,1410220.0,3830.0,0.0,0.0,,,
Buldhana,2018,Sindkhed Raja,4.0,138.0,137610.0,380.0,0.0,0.0,,,
Buldhana,2018,Lonar,4.0,158.0,10660.0,30.0,0.0,0.0,,,
Buldhana,2019,Jalgaon Jamod,1.0,27.0,0.0,0.0,0.0,0.0,,,
Buldhana,2019,Sangrampur,3.0,327.0,32850.0,90.0,0.0,0.0,,,
Buldhana,2019,Shegaon,0.0,0.0,0.0,0.0,0.0,0.0,,,
Buldhana,2019,Nandura,2.0,648.0,0.0,0.0,0.0,0.0,,,
Buldhana,2019,Malkapur,0.0,0.0,0.0,0.0,0.0,0.0,,,
Buldhana,2019,Motala,6.0,876.0,0.0,0.0,0.0,0.0,,,
Buldhana,2019,Khamgaon,7.0,233.0,19710.0,60.0,0.0,0.0,,,
Buldhana,2019,Mehkar,5.0,225.0,37600.0,100.0,0.0,0.0,,,
Buldhana,2019,Chikhali,6.0,166.0,46360.0,130.0,1.0,3000.0,,,
Buldhana,2019,Buldana,11.0,541.0,10950.0,30.0,0.0,0.0,,,
Buldhana,2019,Deulgaon Raja,29.0,1676.0,331050.0,910.0,0.0,0.0,,,
Buldhana,2019,Sindkhed Raja,5.0,190.0,113510.0,310.0,0.0,0.0,,,
Buldhana,2019,Lonar,4.0,158.0,2550.0,10.0,0.0,0.0,,,
Buldhana,2020,Jalgaon Jamod,1.0,27.0,0.0,0.0,0.0,0.0,,,
Buldhana,2020,Sangrampur,3.0,78.0,17000.0,50.0,0.0,0.0,,,
Buldhana,2020,Shegaon,0.0,0.0,0.0,0.0,0.0,0.0,,,
Buldhana,2020,Nandura,2.0,648.0,0.0,0.0,0.0,0.0,,,
Buldhana,2020,Malkapur,0.0,0.0,0.0,0.0,0.0,0.0,,,
Buldhana,2020,Motala,6.0,854.0,0.0,0.0,0.0,0.0,,,
Buldhana,2020,Khamgaon,7.0,227.0,2000.0,10.0,0.0,0.0,,,
Buldhana,2020,Mehkar,5.0,225.0,57000.0,160.0,0.0,0.0,,,
Buldhana,2020,Chikhali,6.0,168.0,15000.0,40.0,1.0,3000.0,,,
Buldhana,2020,Buldana,11.0,699.0,22000.0,60.0,0.0,0.0,,,
Buldhana,2020,Deulgaon Raja,29.0,1729.0,548000.0,1500.0,0.0,0.0,,,
Buldhana,2020,Sindkhed Raja,6.0,240.0,121000.0,330.0,0.0,0.0,,,
Buldhana,2020,Lonar,4.0,145.0,7000.0,20.0,0.0,0.0,,,
Buldhana,2021,Jalgaon Jamod,1.0,27.0,0.0,0.0,0.0,0.0,,,
Buldhana,2021,Sangrampur,3.0,327.0,0.0,0.0,0.0,0.0,,,
Buldhana,2021,Shegaon,0.0,0.0,0.0,0.0,0.0,0.0,,,
Buldhana,2021,Nandura,2.0,648.0,0.0,0.0,0.0,0.0,,,
Buldhana,2021,Malkapur,0.0,0.0,0.0,0.0,0.0,0.0,,,
Buldhana,2021,Motala,6.0,854.0,0.0,0.0,0.0,0.0,,,
Buldhana,2021,Khamgaon,7.0,228.0,0.0,0.0,0.0,0.0,,,
Buldhana,2021,Mehkar,5.0,227.0,142860.0,391.0,0.0,0.0,,,
Buldhana,2021,Chikhali,6.0,168.0,0.0,0.0,0.0,0.0,,,
Buldhana,2021,Buldana,11.0,699.0,132020.0,362.0,0.0,0.0,,,
Buldhana,2021,Deulgaon Raja,30.0,1729.0,303580.0,832.0,0.0,0.0,,,
Buldhana,2021,Sindkhed Raja,6.0,240.0,35790.0,98.0,0.0,0.0,,,
Buldhana,2021,Lonar,4.0,145.0,620.0,2.0,0.0,0.0,,,
Chandrapur,2012,Varora,29.0,1758.0,0.0,0.0,1.0,5000.0,,,
Chandrapur,2012,Chimur,28.0,1445.0,0.0,0.0,1.0,5000.0,,,
Chandrapur,2012,Nagbhid,42.0,4237.0,484000.0,1300.0,0.0,0.0,,,
Chandrapur,2012,Bramhapuri,22.0,2769.0,71400.0,200.0,0.0,0.0,,,
Chandrapur,2012,Savali,8.0,718.0,0.0,0.0,0.0,0.0,,,
Chandrapur,2012,Sindevahi,13.0,987.0,0.0,0.0,0.0,0.0,,,
Chandrapur,2012,Bhadravati,15.0,798.0,6100.0,100.0,0.0,0.0,,,
Chandrapur,2012,Chandrapur,23.0,558.0,2700.0,100.0,1.0,50000.0,,,
Chandrapur,2012,Mul,24.0,1471.0,29200.0,100.0,0.0,0.0,,,
Chandrapur,2012,Ponbhurna,2.0,101.0,0.0,0.0,0.0,0.0,,,
Chandrapur,2012,Ballarpur,8.0,190.0,0.0,0.0,0.0,0.0,,,
Chandrapur,2012,Korpana,4.0,215.0,0.0,0.0,0.0,0.0,,,
Chandrapur,2012,Rajura,19.0,1282.0,0.0,0.0,0.0,0.0,,,
Chandrapur,2012,Gondpipari,9.0,557.0,0.0,0.0,0.0,0.0,,,
Chandrapur,2012,Jivati,0.0,0.0,0.0,0.0,0.0,0.0,,,
Chandrapur,2013,Varora,29.0,1758.0,0.0,0.0,1.0,5000.0,,,
Chandrapur,2013,Chimur,28.0,1445.0,0.0,0.0,1.0,5000.0,,,
Chandrapur,2013,Nagbhid,41.0,4237.0,483000.0,1000.0,0.0,0.0,,,
Chandrapur,2013,Bramhapuri,23.0,2763.0,70000.0,0.0,0.0,0.0,,,
Chandrapur,2013,Savali,8.0,718.0,0.0,0.0,0.0,0.0,,,
Chandrapur,2013,Sindevahi,13.0,987.0,0.0,0.0,0.0,0.0,,,
Chandrapur,2013,Bhadravati,15.0,798.0,6000.0,0.0,0.0,0.0,,,
Chandrapur,2013,Chandrapur,27.0,558.0,2000.0,0.0,1.0,50000.0,,,
Chandrapur,2013,Mul,24.0,1471.0,29000.0,0.0,0.0,0.0,,,
Chandrapur,2013,Ponbhurna,1.0,98.0,0.0,0.0,0.0,0.0,,,
Chandrapur,2013,Ballarpur,4.0,190.0,0.0,0.0,0.0,0.0,,,
Chandrapur,2013,Korpana,4.0,215.0,0.0,0.0,0.0,0.0,,,
Chandrapur,2013,Rajura,19.0,1282.0,0.0,0.0,0.0,0.0,,,
Chandrapur,2013,Gondpipari,10.0,557.0,0.0,0.0,0.0,0.0,,,
Chandrapur,2013,Jivati,0.0,0.0,0.0,0.0,0.0,0.0,,,
Chandrapur,2014,Varora,29.0,1758.0,0.0,0.0,1.0,5000.0,,,
Chandrapur,2014,Chimur,28.0,1445.0,0.0,0.0,1.0,5000.0,,,
Chandrapur,2014,Nagbhid,41.0,4237.0,490700.0,1300.0,0.0,0.0,,,
Chandrapur,2014,Bramhapuri,23.0,2763.0,89900.0,200.0,0.0,0.0,,,
Chandrapur,2014,Savali,8.0,718.0,0.0,0.0,0.0,0.0,,,
Chandrapur,2014,Sindevahi,13.0,987.0,0.0,0.0,0.0,0.0,,,
Chandrapur,2014,Bhadravati,15.0,798.0,18300.0,100.0,0.0,0.0,,,
Chandrapur,2014,Chandrapur,27.0,558.0,39400.0,100.0,1.0,50000.0,,,
Chandrapur,2014,Mul,24.0,1471.0,0.0,100.0,0.0,0.0,,,
Chandrapur,2014,Ponbhurna,1.0,98.0,0.0,0.0,0.0,0.0,,,
Chandrapur,2014,Ballarpur,4.0,190.0,0.0,0.0,0.0,0.0,,,
Chandrapur,2014,Korpana,4.0,215.0,0.0,0.0,0.0,0.0,,,
Chandrapur,2014,Rajura,19.0,1282.0,0.0,0.0,0.0,0.0,,,
Chandrapur,2014,Gondpipari,10.0,557.0,0.0,0.0,0.0,0.0,,,
Chandrapur,2014,Jivati,0.0,0.0,0.0,0.0,0.0,0.0,,,
Chandrapur,2015,Varora,29.0,1758.0,0.0,0.0,0.0,0.0,,,
Chandrapur,2015,Chimur,28.0,1445.0,0.0,0.0,0.0,0.0,,,
Chandrapur,2015,Nagbhid,41.0,4237.0,612900.0,1700.0,0.0,0.0,,,
Chandrapur,2015,Bramhapuri,23.0,2763.0,108100.0,300.0,0.0,0.0,,,
Chandrapur,2015,Savali,8.0,718.0,0.0,0.0,0.0,0.0,,,
Chandrapur,2015,Sindevahi,13.0,987.0,0.0,0.0,0.0,0.0,,,
Chandrapur,2015,Bhadravati,15.0,798.0,0.0,0.0,0.0,0.0,,,
Chandrapur,2015,Chandrapur,27.0,558.0,165600.0,500.0,1.0,50000.0,,,
Chandrapur,2015,Mul,24.0,1471.0,0.0,0.0,0.0,0.0,,,
Chandrapur,2015,Ponbhurna,1.0,98.0,0.0,0.0,0.0,0.0,,,
Chandrapur,2015,Ballarpur,4.0,190.0,0.0,0.0,0.0,0.0,,,
Chandrapur,2015,Korpana,4.0,215.0,0.0,0.0,0.0,0.0,,,
Chandrapur,2015,Rajura,19.0,1282.0,0.0,0.0,0.0,0.0,,,
Chandrapur,2015,Gondpipari,10.0,557.0,0.0,0.0,0.0,0.0,,,
Chandrapur,2015,Jivati,0.0,0.0,0.0,0.0,0.0,0.0,,,
Chandrapur,2016,Varora,14.0,790.0,0.0,0.0,0.0,0.0,,,
Chandrapur,2016,Chimur,9.0,468.0,0.0,0.0,0.0,0.0,,,
Chandrapur,2016,Nagbhid,26.0,2629.0,612800.0,1700.0,0.0,0.0,,,
Chandrapur,2016,Bramhapuri,17.0,2091.0,128770.00000000001,400.0,0.0,0.0,,,
Chandrapur,2016,Savali,4.0,365.0,0.0,0.0,0.0,0.0,,,
Chandrapur,2016,Sindevahi,6.0,468.0,0.0,0.0,0.0,0.0,,,
Chandrapur,2016,Bhadravati,3.0,171.0,4380.0,0.0,0.0,0.0,,,
Chandrapur,2016,Chandrapur,8.0,192.0,123440.0,300.0,1.0,50000.0,,,
Chandrapur,2016,Mul,10.0,594.0,0.0,0.0,0.0,0.0,,,
Chandrapur,2016,Ponbhurna,1.0,98.0,0.0,0.0,0.0,0.0,,,
Chandrapur,2016,Ballarpur,5.0,260.0,0.0,0.0,0.0,0.0,,,
Chandrapur,2016,Korpana,0.0,0.0,0.0,0.0,0.0,0.0,,,
Chandrapur,2016,Rajura,7.0,441.0,0.0,0.0,0.0,0.0,,,
Chandrapur,2016,Gondpipari,3.0,178.0,0.0,0.0,0.0,0.0,,,
Chandrapur,2016,Jivati,0.0,0.0,0.0,0.0,0.0,0.0,,,
Chandrapur,2017,Varora,14.0,790.0,0.0,0.0,0.0,0.0,,,
Chandrapur,2017,Chimur,9.0,468.0,0.0,0.0,0.0,0.0,,,
Chandrapur,2017,Nagbhid,26.0,2629.0,574380.0,1600.0,0.0,0.0,,,
Chandrapur,2017,Bramhapuri,17.0,2091.0,135960.0,400.0,0.0,0.0,,,
Chandrapur,2017,Savali,4.0,365.0,0.0,0.0,0.0,0.0,,,
Chandrapur,2017,Sindevahi,6.0,468.0,0.0,0.0,0.0,0.0,,,
Chandrapur,2017,Bhadravati,3.0,171.0,2630.0,0.0,0.0,0.0,,,
Chandrapur,2017,Chandrapur,8.0,192.0,119640.0,300.0,1.0,50000.0,,,
Chandrapur,2017,Mul,10.0,594.0,0.0,0.0,0.0,0.0,,,
Chandrapur,2017,Ponbhurna,1.0,98.0,0.0,0.0,0.0,0.0,,,
Chandrapur,2017,Ballarpur,5.0,260.0,0.0,0.0,0.0,0.0,,,
Chandrapur,2017,Korpana,0.0,0.0,0.0,0.0,0.0,0.0,,,
Chandrapur,2017,Rajura,7.0,441.0,0.0,0.0,0.0,0.0,,,
Chandrapur,2017,Gondpipari,3.0,178.0,0.0,0.0,0.0,0.0,,,
Chandrapur,2017,Jivati,0.0,0.0,0.0,0.0,0.0,0.0,,,
Chandrapur,2018,Varora,14.0,790.0,0.0,0.0,0.0,0.0,,,
Chandrapur,2018,Chimur,9.0,468.0,0.0,0.0,0.0,0.0,,,
Chandrapur,2018,Nagbhid,26.0,2629.0,817700.0,2240.0,1.0,5000.0,,,
Chandrapur,2018,Bramhapuri,17.0,2091.0,234340.0,640.0,0.0,0.0,,,
Chandrapur,2018,Savali,4.0,365.0,0.0,0.0,0.0,0.0,,,
Chandrapur,2018,Sindevahi,6.0,468.0,0.0,0.0,0.0,0.0,,,
Chandrapur,2018,Bhadravati,3.0,171.0,0.0,0.0,0.0,0.0,,,
Chandrapur,2018,Chandrapur,8.0,192.0,0.0,0.0,1.0,50000.0,,,
Chandrapur,2018,Mul,10.0,594.0,0.0,0.0,0.0,0.0,,,
Chandrapur,2018,Ponbhurna,1.0,98.0,0.0,0.0,0.0,0.0,,,
Chandrapur,2018,Ballarpur,5.0,260.0,0.0,0.0,0.0,0.0,,,
Chandrapur,2018,Korpana,0.0,0.0,0.0,0.0,0.0,0.0,,,
Chandrapur,2018,Rajura,7.0,441.0,0.0,0.0,0.0,0.0,,,
Chandrapur,2018,Gondpipari,3.0,178.0,0.0,0.0,0.0,0.0,,,
Chandrapur,2018,Jivati,0.0,0.0,0.0,0.0,0.0,0.0,,,
Chandrapur,2019,Varora,14.0,790.0,0.0,0.0,0.0,0.0,,,
Chandrapur,2019,Chimur,9.0,468.0,0.0,0.0,0.0,0.0,,,
Chandrapur,2019,Nagbhid,26.0,2629.0,678610.0,1860.0,1.0,5000.0,,,
Chandrapur,2019,Bramhapuri,17.0,2091.0,40020.0,110.0,0.0,0.0,,,
Chandrapur,2019,Savali,4.0,365.0,0.0,0.0,0.0,0.0,,,
Chandrapur,2019,Sindevahi,6.0,468.0,0.0,0.0,0.0,0.0,,,
Chandrapur,2019,Bhadravati,3.0,171.0,0.0,0.0,0.0,0.0,,,
Chandrapur,2019,Chandrapur,8.0,192.0,0.0,0.0,1.0,50000.0,,,
Chandrapur,2019,Mul,10.0,594.0,0.0,0.0,0.0,0.0,,,
Chandrapur,2019,Ponbhurna,1.0,98.0,0.0,0.0,0.0,0.0,,,
Chandrapur,2019,Ballarpur,5.0,160.0,0.0,0.0,0.0,0.0,,,
Chandrapur,2019,Korpana,0.0,0.0,0.0,0.0,0.0,0.0,,,
Chandrapur,2019,Rajura,7.0,441.0,0.0,0.0,0.0,0.0,,,
Chandrapur,2019,Gondpipari,3.0,178.0,0.0,0.0,0.0,0.0,,,
Chandrapur,2019,Jivati,0.0,0.0,0.0,0.0,0.0,0.0,,,
Chandrapur,2020,Varora,14.0,790.0,0.0,0.0,0.0,0.0,,,
Chandrapur,2020,Chimur,9.0,468.0,0.0,0.0,0.0,0.0,,,
Chandrapur,2020,Nagbhid,26.0,2629.0,643930.0,1760.0,1.0,5000.0,,,
Chandrapur,2020,Bramhapuri,17.0,2091.0,47430.0,130.0,0.0,0.0,,,
Chandrapur,2020,Savali,4.0,365.0,0.0,0.0,0.0,0.0,,,
Chandrapur,2020,Sindevahi,6.0,468.0,0.0,0.0,0.0,0.0,,,
Chandrapur,2020,Bhadravati,3.0,171.0,0.0,0.0,0.0,0.0,,,
Chandrapur,2020,Chandrapur,8.0,192.0,83070.0,230.0,1.0,50000.0,,,
Chandrapur,2020,Mul,10.0,594.0,0.0,0.0,0.0,0.0,,,
Chandrapur,2020,Ponbhurna,1.0,98.0,0.0,0.0,0.0,0.0,,,
Chandrapur,2020,Ballarpur,5.0,160.0,0.0,0.0,0.0,0.0,,,
Chandrapur,2020,Korpana,0.0,0.0,0.0,0.0,0.0,0.0,,,
Chandrapur,2020,Rajura,7.0,441.0,0.0,0.0,0.0,0.0,,,
Chandrapur,2020,Gondpipari,3.0,178.0,0.0,0.0,0.0,0.0,,,
Chandrapur,2020,Jivati,0.0,0.0,0.0,0.0,0.0,0.0,,,
Chandrapur,2021,Varora,14.0,790.0,0.0,0.0,0.0,0.0,,,
Chandrapur,2021,Chimur,9.0,468.0,0.0,0.0,0.0,0.0,,,
Chandrapur,2021,Nagbhid,26.0,2629.0,557170.0,1540.0,1.0,5000.0,,,
Chandrapur,2021,Bramhapuri,17.0,2091.0,38100.0,100.0,0.0,0.0,,,
Chandrapur,2021,Savali,4.0,365.0,0.0,0.0,0.0,0.0,,,
Chandrapur,2021,Sindevahi,6.0,468.0,0.0,0.0,0.0,0.0,,,
Chandrapur,2021,Bhadravati,3.0,171.0,0.0,0.0,0.0,0.0,,,
Chandrapur,2021,Chandrapur,8.0,192.0,144340.0,400.0,1.0,50000.0,,,
Chandrapur,2021,Mul,10.0,594.0,0.0,0.0,0.0,0.0,,,
Chandrapur,2021,Ponbhurna,1.0,98.0,0.0,0.0,0.0,0.0,,,
Chandrapur,2021,Ballarpur,5.0,160.0,0.0,0.0,0.0,0.0,,,
Chandrapur,2021,Korpana,0.0,0.0,0.0,0.0,0.0,0.0,,,
Chandrapur,2021,Rajura,7.0,441.0,0.0,0.0,0.0,0.0,,,
Chandrapur,2021,Gondpipari,3.0,178.0,0.0,0.0,0.0,0.0,,,
Chandrapur,2021,Jivati,0.0,0.0,0.0,0.0,0.0,0.0,,,
Dhule,2012,Shirpur,77.0,3960.0,1428000.0,3900.0,1.0,30000.0,,,
Dhule,2012,Shindkheda,112.0,5748.0,1490000.0,4400.0,1.0,40000.0,,,
Dhule,2012,Sakri,91.0,4663.0,75000.0,200.0,1.0,20000.0,,,
Dhule,2012,Dhule,85.0,4357.0,890000.0,2400.0,1.0,45000.0,,,
Dhule,2013,Shirpur,85.0,4357.0,712000.0,1950.0,1.0,45000.0,,,
Dhule,2013,Shindkheda,112.0,5738.0,1543000.0,4220.0,1.0,40000.0,,,
Dhule,2013,Sakri,77.0,3959.0,1952000.0,5340.0,1.0,30000.0,,,
Dhule,2013,Dhule,91.0,4662.0,412000.0,1120.0,1.0,20000.0,,,
Dhule,2014,Shirpur,77.0,3969.0,1330000.0,3640.0,1.0,30000.0,,,
Dhule,2014,Shindkheda,112.0,5738.0,1677000.0,4590.0,1.0,40000.0,,,
Dhule,2014,Sakri,91.0,4662.0,292000.0,800.0,1.0,20000.0,,,
Dhule,2014,Dhule,85.0,4357.0,466000.0,1270.0,1.0,45000.0,,,
Dhule,2015,Shirpur,23.0,1495.0,1460000.0,4000.0,1.0,30000.0,,,
Dhule,2015,Shindkheda,43.0,5910.0,2190000.0,6000.0,1.0,40000.0,,,
Dhule,2015,Sakri,29.0,1885.0,365000.0,1000.0,1.0,20000.0,,,
Dhule,2015,Dhule,30.0,2430.0,730000.0,2000.0,1.0,45000.0,,,
Dhule,2016,Shirpur,23.0,1495.0,1145000.0,3140.0,0.0,0.0,,,
Dhule,2016,Shindkheda,43.0,5910.0,1680000.0,4600.0,0.0,0.0,,,
Dhule,2016,Sakri,29.0,1885.0,219000.0,600.0,0.0,0.0,,,
Dhule,2016,Dhule,30.0,2430.0,1258000.0,3450.0,0.0,0.0,,,
Dhule,2017,Shirpur,77.0,3927.0,730000.0,2000.0,0.0,0.0,,,
Dhule,2017,Shindkheda,112.0,5712.0,1825000.0,5000.0,0.0,0.0,,,
Dhule,2017,Sakri,91.0,4641.0,219000.0,600.0,0.0,0.0,,,
Dhule,2017,Dhule,101.0,5596.0,4393000.0,12030.0,0.0,0.0,,,
Dhule,2018,Shirpur,56.0,2856.0,8119.999999999999,200.0,0.0,0.0,,,
Dhule,2018,Shindkheda,111.0,5661.0,16070.0,400.0,0.0,0.0,,,
Dhule,2018,Sakri,61.0,3111.0,3650.0,100.0,0.0,0.0,,,
Dhule,2018,Dhule,93.0,5152.0,11690.0,300.0,0.0,0.0,,,
Dhule,2019,Shirpur,56.0,2856.0,7420.0,200.0,0.0,0.0,,,
Dhule,2019,Shindkheda,111.0,5661.0,15870.0,430.0,0.0,0.0,,,
Dhule,2019,Sakri,61.0,3111.0,0.0,0.0,0.0,0.0,,,
Dhule,2019,Dhule,93.0,5152.0,0.0,0.0,0.0,0.0,,,
Dhule,2020,Shirpur,56.0,2856.0,3880.0,100.0,0.0,0.0,,,
Dhule,2020,Shindkheda,111.0,5661.0,15330.0,400.0,0.0,0.0,,,
Dhule,2020,Sakri,61.0,3111.0,,,0.0,0.0,,,
Dhule,2020,Dhule,93.0,5152.0,,,0.0,0.0,,,
Dhule,2021,Shirpur,56.0,2856.0,3650.0,100.0,0.0,100.0,,,
Dhule,2021,Shindkheda,111.0,5661.0,14600.0,400.0,0.0,0.0,,,
Dhule,2021,Sakri,61.0,3111.0,0.0,0.0,0.0,0.0,,,
Dhule,2021,Dhule,93.0,5152.0,3650.0,100.0,0.0,0.0,,,
Gadchiroli,2012,Desaiganj,13.0,2528.0,229220.0,628.0,0.0,0.0,,,
Gadchiroli,2012,Aarmori,9.0,849.0,169720.0,465.0,0.0,0.0,,,
Gadchiroli,2012,Kurkheda,0.0,0.0,0.0,0.0,0.0,0.0,,,
Gadchiroli,2012,Korachi,0.0,0.0,0.0,0.0,0.0,0.0,,,
Gadchiroli,2012,Dhanora,8.0,409.0,0.0,0.0,0.0,0.0,,,
Gadchiroli,2012,Gadchiroli,10.0,421.0,102200.0,280.0,1.0,5000.0,,,
Gadchiroli,2012,Chomoshi,9.0,504.0,0.0,0.0,0.0,0.0,,,
Gadchiroli,2012,Mulchera,5.0,195.0,0.0,0.0,0.0,0.0,,,
Gadchiroli,2012,Etapalli,0.0,0.0,0.0,0.0,0.0,0.0,,,
Gadchiroli,2012,Bhamragad,0.0,0.0,0.0,0.0,0.0,0.0,,,
Gadchiroli,2012,Aheri,0.0,0.0,0.0,0.0,1.0,5000.0,,,
Gadchiroli,2012,Sironcha,0.0,0.0,0.0,0.0,0.0,0.0,,,
Gadchiroli,2013,Desaiganj,13.0,2528.0,234690.0,643.0,0.0,0.0,,,
Gadchiroli,2013,Aarmori,9.0,849.0,185780.0,509.0,0.0,0.0,,,
Gadchiroli,2013,Kurkheda,0.0,0.0,0.0,0.0,0.0,0.0,,,
Gadchiroli,2013,Korachi,0.0,0.0,0.0,0.0,0.0,0.0,,,
Gadchiroli,2013,Dhanora,8.0,409.0,0.0,0.0,0.0,0.0,,,
Gadchiroli,2013,Gadchiroli,10.0,421.0,95630.0,262.0,1.0,5000.0,,,
Gadchiroli,2013,Chomoshi,9.0,504.0,0.0,0.0,0.0,0.0,,,
Gadchiroli,2013,Mulchera,5.0,195.0,0.0,0.0,0.0,0.0,,,
Gadchiroli,2013,Etapalli,0.0,0.0,0.0,0.0,0.0,0.0,,,
Gadchiroli,2013,Bhamragad,0.0,0.0,0.0,0.0,0.0,0.0,,,
Gadchiroli,2013,Aheri,0.0,0.0,0.0,0.0,1.0,5000.0,,,
Gadchiroli,2013,Sironcha,0.0,0.0,0.0,0.0,0.0,0.0,,,
Gadchiroli,2014,Desaiganj,13.0,2528.0,500000.0,1370.0,0.0,0.0,,,
Gadchiroli,2014,Aarmori,9.0,849.0,204000.0,560.0,0.0,0.0,,,
Gadchiroli,2014,Kurkheda,0.0,0.0,0.0,0.0,0.0,0.0,,,
Gadchiroli,2014,Korachi,0.0,0.0,0.0,0.0,0.0,0.0,,,
Gadchiroli,2014,Dhanora,8.0,409.0,0.0,0.0,0.0,0.0,,,
Gadchiroli,2014,Gadchiroli,10.0,421.0,105000.0,290.0,1.0,5000.0,,,
Gadchiroli,2014,Chomoshi,9.0,504.0,0.0,0.0,0.0,0.0,,,
Gadchiroli,2014,Mulchera,5.0,195.0,0.0,0.0,0.0,0.0,,,
Gadchiroli,2014,Etapalli,0.0,0.0,0.0,0.0,0.0,0.0,,,
Gadchiroli,2014,Bhamragad,0.0,0.0,0.0,0.0,0.0,0.0,,,
Gadchiroli,2014,Aheri,0.0,0.0,0.0,0.0,1.0,5000.0,,,
Gadchiroli,2014,Sironcha,0.0,0.0,0.0,0.0,0.0,0.0,,,
Gadchiroli,2015,Desaiganj,3.0,153.0,17997.0,590.0,0.0,0.0,,,
Gadchiroli,2015,Aarmori,2.0,502.0,5475.0,450.0,0.0,0.0,,,
Gadchiroli,2015,Kurkheda,0.0,0.0,0.0,0.0,0.0,0.0,,,
Gadchiroli,2015,Korachi,0.0,0.0,0.0,0.0,0.0,0.0,,,
Gadchiroli,2015,Dhanora,0.0,0.0,0.0,0.0,0.0,0.0,,,
Gadchiroli,2015,Gadchiroli,0.0,0.0,0.0,0.0,1.0,5000.0,,,
Gadchiroli,2015,Chomoshi,0.0,0.0,0.0,0.0,0.0,0.0,,,
Gadchiroli,2015,Mulchera,0.0,0.0,0.0,0.0,0.0,0.0,,,
Gadchiroli,2015,Etapalli,0.0,0.0,0.0,0.0,0.0,0.0,,,
Gadchiroli,2015,Bhamragad,0.0,0.0,0.0,0.0,0.0,0.0,,,
Gadchiroli,2015,Aheri,0.0,0.0,0.0,0.0,1.0,5000.0,,,
Gadchiroli,2015,Sironcha,0.0,0.0,0.0,0.0,0.0,0.0,,,
Gadchiroli,2016,Desaiganj,7.0,421.0,4752.0,13.0,0.0,0.0,,,
Gadchiroli,2016,Aarmori,2.0,672.0,16560.0,45.0,0.0,0.0,,,
Gadchiroli,2016,Kurkheda,0.0,0.0,0.0,0.0,0.0,0.0,,,
Gadchiroli,2016,Korachi,0.0,0.0,0.0,0.0,0.0,0.0,,,
Gadchiroli,2016,Dhanora,0.0,0.0,0.0,0.0,0.0,0.0,,,
Gadchiroli,2016,Gadchiroli,1.0,209.0,0.0,0.0,0.0,0.0,,,
Gadchiroli,2016,Chomoshi,0.0,0.0,0.0,0.0,0.0,0.0,,,
Gadchiroli,2016,Mulchera,0.0,0.0,0.0,0.0,0.0,0.0,,,
Gadchiroli,2016,Etapalli,0.0,0.0,0.0,0.0,0.0,0.0,,,
Gadchiroli,2016,Bhamragad,0.0,0.0,0.0,0.0,0.0,0.0,,,
Gadchiroli,2016,Aheri,0.0,0.0,0.0,0.0,0.0,0.0,,,
Gadchiroli,2016,Sironcha,0.0,0.0,0.0,0.0,0.0,0.0,,,
Gadchiroli,2017,Desaiganj,6.0,333.0,632000.0,1730.0,0.0,0.0,,,
Gadchiroli,2017,Aarmori,2.0,673.0,162000.0,440.0,0.0,0.0,,,
Gadchiroli,2017,Kurkheda,0.0,0.0,0.0,0.0,0.0,0.0,,,
Gadchiroli,2017,Korachi,0.0,0.0,0.0,0.0,0.0,0.0,,,
Gadchiroli,2017,Dhanora,0.0,0.0,0.0,0.0,0.0,0.0,,,
Gadchiroli,2017,Gadchiroli,2.0,209.0,30000.0,80.0,0.0,0.0,,,
Gadchiroli,2017,Chomoshi,0.0,0.0,0.0,0.0,0.0,0.0,,,
Gadchiroli,2017,Mulchera,0.0,0.0,0.0,0.0,0.0,0.0,,,
Gadchiroli,2017,Etapalli,0.0,0.0,0.0,0.0,0.0,0.0,,,
Gadchiroli,2017,Bhamragad,0.0,0.0,0.0,0.0,0.0,0.0,,,
Gadchiroli,2017,Aheri,0.0,0.0,0.0,0.0,0.0,0.0,,,
Gadchiroli,2017,Sironcha,0.0,0.0,0.0,0.0,0.0,0.0,,,
Gadchiroli,2018,Desaiganj,6.0,333.0,428000.0,1170.0,0.0,0.0,,,
Gadchiroli,2018,Aarmori,2.0,673.0,178000.0,490.0,0.0,0.0,,,
Gadchiroli,2018,Kurkheda,0.0,0.0,0.0,0.0,0.0,0.0,,,
Gadchiroli,2018,Korachi,0.0,0.0,0.0,0.0,0.0,0.0,,,
Gadchiroli,2018,Dhanora,0.0,0.0,0.0,0.0,0.0,0.0,,,
Gadchiroli,2018,Gadchiroli,2.0,209.0,107000.0,290.0,0.0,0.0,,,
Gadchiroli,2018,Chomoshi,0.0,0.0,0.0,0.0,0.0,0.0,,,
Gadchiroli,2018,Mulchera,0.0,0.0,0.0,0.0,0.0,0.0,,,
Gadchiroli,2018,Etapalli,0.0,0.0,0.0,0.0,0.0,0.0,,,
Gadchiroli,2018,Bhamragad,0.0,0.0,0.0,0.0,0.0,0.0,,,
Gadchiroli,2018,Aheri,0.0,0.0,0.0,0.0,0.0,0.0,,,
Gadchiroli,2018,Sironcha,0.0,0.0,0.0,0.0,0.0,0.0,,,
Gadchiroli,2019,Desaiganj,6.0,333.0,493000.0,1350.0,0.0,0.0,,,
Gadchiroli,2019,Aarmori,2.0,673.0,153000.0,420.0,0.0,0.0,,,
Gadchiroli,2019,Kurkheda,0.0,0.0,0.0,0.0,0.0,0.0,,,
Gadchiroli,2019,Korachi,0.0,0.0,0.0,0.0,0.0,0.0,,,
Gadchiroli,2019,Dhanora,0.0,0.0,0.0,0.0,0.0,0.0,,,
Gadchiroli,2019,Gadchiroli,2.0,209.0,42000.0,110.0,0.0,0.0,,,
Gadchiroli,2019,Chomoshi,0.0,0.0,0.0,0.0,0.0,0.0,,,
Gadchiroli,2019,Mulchera,0.0,0.0,0.0,0.0,0.0,0.0,,,
Gadchiroli,2019,Etapalli,0.0,0.0,0.0,0.0,0.0,0.0,,,
Gadchiroli,2019,Bhamragad,0.0,0.0,0.0,0.0,0.0,0.0,,,
Gadchiroli,2019,Aheri,0.0,0.0,0.0,0.0,0.0,0.0,,,
Gadchiroli,2019,Sironcha,0.0,0.0,0.0,0.0,0.0,0.0,,,
Gadchiroli,2020,Desaiganj,6.0,320.0,329000.0,900.0,0.0,0.0,,,
Gadchiroli,2020,Aarmori,2.0,675.0,137000.0,380.0,0.0,0.0,,,
Gadchiroli,2020,Kurkheda,0.0,0.0,0.0,0.0,0.0,0.0,,,
Gadchiroli,2020,Korachi,0.0,0.0,0.0,0.0,0.0,0.0,,,
Gadchiroli,2020,Dhanora,0.0,0.0,0.0,0.0,0.0,0.0,,,
Gadchiroli,2020,Gadchiroli,2.0,185.0,82000.0,220.0,0.0,0.0,,,
Gadchiroli,2020,Chomoshi,0.0,0.0,0.0,0.0,0.0,0.0,,,
Gadchiroli,2020,Mulchera,0.0,0.0,0.0,0.0,0.0,0.0,,,
Gadchiroli,2020,Etapalli,0.0,0.0,0.0,0.0,0.0,0.0,,,
Gadchiroli,2020,Bhamragad,0.0,0.0,0.0,0.0,0.0,0.0,,,
Gadchiroli,2020,Aheri,0.0,0.0,0.0,0.0,0.0,0.0,,,
Gadchiroli,2020,Sironcha,0.0,0.0,0.0,0.0,0.0,0.0,,,
Gadchiroli,2021,Desaiganj,6.0,298.0,296000.0,810.0,0.0,0.0,,,
Gadchiroli,2021,Aarmori,2.0,594.0,122000.0,330.0,0.0,0.0,,,
Gadchiroli,2021,Kurkheda,0.0,0.0,0.0,0.0,0.0,0.0,,,
Gadchiroli,2021,Korachi,0.0,0.0,0.0,0.0,0.0,0.0,,,
Gadchiroli,2021,Dhanora,0.0,0.0,0.0,0.0,0.0,0.0,,,
Gadchiroli,2021,Gadchiroli,2.0,170.0,72000.0,200.0,0.0,0.0,,,
Gadchiroli,2021,Chomoshi,0.0,0.0,0.0,0.0,0.0,0.0,,,
Gadchiroli,2021,Mulchera,0.0,0.0,0.0,0.0,0.0,0.0,,,
Gadchiroli,2021,Etapalli,0.0,0.0,0.0,0.0,0.0,0.0,,,
Gadchiroli,2021,Bhamragad,0.0,0.0,0.0,0.0,0.0,0.0,,,
Gadchiroli,2021,Aheri,0.0,0.0,0.0,0.0,0.0,0.0,,,
Gadchiroli,2021,Sironcha,0.0,0.0,0.0,0.0,0.0,0.0,,,
Gondia,2012,Tiroda,23.0,1173.0,589000.0,1614.0,,,,,
Gondia,2012,Goregaon,37.0,1887.0,807000.0,2212.0,,,,,
Gondia,2012,Gondia,63.0,3213.0,3913000.0,10723.0,1.0,20000.0,,,
Gondia,2012,Aamgaon,30.0,1530.0,662000.0,1815.0,,,,,
Gondia,2012,Salekasa,6.0,306.0,474000.0,1300.0,1.0,5000.0,,,
Gondia,2012,Sadak Arjuni,25.0,1250.0,1015000.0,2782.0,1.0,10000.0,,,
Gondia,2012,Arjuni Morgaon,11.0,561.0,546000.0,1496.0,,,,,
Gondia,2012,Devari,2.0,100.0,223000.0,6.0,,,,,
Gondia,2013,Tiroda,23.0,1173.0,459000.0,1260.0,,,,,
Gondia,2013,Goregaon,37.0,1887.0,709000.0,1940.0,,,,,
Gondia,2013,Gondia,66.0,3366.0,2388000.0,6540.0,1.0,20000.0,,,
Gondia,2013,Aamgaon,28.0,1428.0,576000.0,1580.0,,,,,
Gondia,2013,Salekasa,8.0,408.0,608000.0,1670.0,1.0,5000.0,,,
Gondia,2013,Sadak Arjuni,25.0,1275.0,1022000.0,2800.0,1.0,10000.0,,,
Gondia,2013,Arjuni Morgaon,11.0,561.0,523000.0,1430.0,,,,,
Gondia,2013,Devari,2.0,105.0,8000.0,20.0,,,,,
Gondia,2014,Tiroda,23.0,1173.0,304000.0,840.0,0.0,0.0,,,
Gondia,2014,Goregaon,24.0,1224.0,665000.0,1820.0,0.0,0.0,,,
Gondia,2014,Gondia,45.0,2295.0,1153000.0,3160.0,1.0,20000.0,,,
Gondia,2014,Aamgaon,25.0,1275.0,322000.0,880.0,0.0,0.0,,,
Gondia,2014,Salekasa,12.0,612.0,573000.0,1570.0,1.0,5000.0,,,
Gondia,2014,Sadak Arjuni,30.0,1530.0,843000.0,2310.0,1.0,10000.0,,,
Gondia,2014,Arjuni Morgaon,12.0,612.0,428000.0,1170.0,0.0,0.0,,,
Gondia,2014,Devari,4.0,205.0,25000.0,70.0,0.0,0.0,,,
Gondia,2015,Tiroda,21.0,1357.0,452000.0,1240.0,0.0,0.0,,,
Gondia,2015,Goregaon,20.0,1040.0,674000.0,1850.0,0.0,0.0,,,
Gondia,2015,Gondia,42.0,2634.0,1257000.0,3440.0,1.0,20000.0,,,
Gondia,2015,Aamgaon,19.0,1046.0,304000.0,830.0,0.0,0.0,,,
Gondia,2015,Salekasa,6.0,306.0,532000.0,1460.0,1.0,5000.0,,,
Gondia,2015,Sadak Arjuni,22.0,1022.0,754000.0,2070.0,1.0,10000.0,,,
Gondia,2015,Arjuni Morgaon,11.0,951.0,506000.0,1390.0,0.0,0.0,,,
Gondia,2015,Devari,2.0,102.0,21000.0,60.0,0.0,0.0,,,
Gondia,2016,Tiroda,21.0,1071.0,375000.0,1030.0,0.0,0.0,,,
Gondia,2016,Goregaon,20.0,1020.0,473000.0,1290.0,0.0,0.0,,,
Gondia,2016,Gondia,37.0,1887.0,786000.0,2150.0,1.0,20000.0,,,
Gondia,2016,Aamgaon,17.0,867.0,170000.0,470.0,0.0,0.0,,,
Gondia,2016,Salekasa,7.0,357.0,255000.0,700.0,1.0,5000.0,,,
Gondia,2016,Sadak Arjuni,20.0,1020.0,429000.0,1170.0,1.0,10000.0,,,
Gondia,2016,Arjuni Morgaon,11.0,561.0,443000.0,1210.0,0.0,0.0,,,
Gondia,2016,Devari,2.0,102.0,162000.0,440.0,0.0,0.0,,,
Gondia,2017,Tiroda,22.0,1122.0,305000.0,840.0,0.0,0.0,,,
Gondia,2017,Goregaon,20.0,1020.0,263000.0,720.0,0.0,0.0,,,
Gondia,2017,Gondia,44.0,2244.0,625000.0,1710.0,1.0,20000.0,,,
Gondia,2017,Aamgaon,19.0,969.0,25000.0,70.0,0.0,0.0,,,
Gondia,2017,Salekasa,6.0,306.0,199000.0,540.0,1.0,5000.0,,,
Gondia,2017,Sadak Arjuni,22.0,1122.0,337000.0,920.0,1.0,10000.0,,,
Gondia,2017,Arjuni Morgaon,11.0,561.0,462000.0,1260.0,0.0,0.0,,,
Gondia,2017,Devari,2.0,102.0,16000.0,40.0,0.0,0.0,,,
Gondia,2018,Tiroda,14.0,700.0,560000.0,1530.0,,,,,
Gondia,2018,Goregaon,15.0,750.0,370000.0,1010.0,,,,,
Gondia,2018,Gondia,24.0,1200.0,708000.0,1940.0,1.0,20000.0,,,
Gondia,2018,Aamgaon,2.0,100.0,20000.0,50.0,,,,,
Gondia,2018,Salekasa,1.0,50.0,18000.0,50.0,1.0,5000.0,,,
Gondia,2018,Sadak Arjuni,14.0,700.0,503000.0,1380.0,1.0,10000.0,,,
Gondia,2018,Arjuni Morgaon,8.0,400.0,812000.0,2230.0,,,,,
Gondia,2018,Devari,2.0,100.0,28000.0,60.0,,,,,
Gondia,2019,Tiroda,12.0,600.0,249000.0,680.0,,,,,
Gondia,2019,Goregaon,17.0,850.0,116000.0,320.0,,,,,
Gondia,2019,Gondia,17.0,850.0,206000.0,560.0,1.0,20000.0,,,
Gondia,2019,Aamgaon,,,,,,,,,
Gondia,2019,Salekasa,4.0,200.0,177000.0,480.0,1.0,5000.0,,,
Gondia,2019,Sadak Arjuni,7.0,350.0,153000.0,420.0,1.0,10000.0,,,
Gondia,2019,Arjuni Morgaon,7.0,350.0,288000.0,790.0,,,,,
Gondia,2019,Devari,2.0,100.0,5000.0,10.0,,,,,
Gondia,2020,Tiroda,10.0,500.0,262000.0,710.0,,,,,
Gondia,2020,Goregaon,5.0,250.0,17000.0,40.0,,,,,
Gondia,2020,Gondia,13.0,650.0,297000.0,810.0,1.0,20000.0,,,
Gondia,2020,Aamgaon,2.0,100.0,23000.0,60.0,,,,,
Gondia,2020,Salekasa,4.0,200.0,37000.0,100.0,1.0,5000.0,,,
Gondia,2020,Sadak Arjuni,11.0,550.0,152000.0,420.0,1.0,10000.0,,,
Gondia,2020,Arjuni Morgaon,6.0,300.0,141000.0,390.0,,,,,
Gondia,2020,Devari,2.0,100.0,10000.0,30.0,,,,,
Gondia,2021,Tiroda,5.0,250.0,182000.0,500.0,,,,,
Gondia,2021,Goregaon,0.0,0.0,0.0,0.0,,,,,
Gondia,2021,Gondia,9.0,459.0,355000.0,1000.0,1.0,20000.0,,,
Gondia,2021,Aamgaon,2.0,100.0,26000.0,70.0,,,,,
Gondia,2021,Salekasa,4.0,200.0,33000.0,90.0,1.0,5000.0,,,
Gondia,2021,Sadak Arjuni,0.0,0.0,0.0,0.0,1.0,10000.0,,,
Gondia,2021,Arjuni Morgaon,0.0,0.0,0.0,0.0,,,,,
Gondia,2021,Devari,1.0,50.0,13000.0,30.0,,,,,
Hingoli,2012,Sengaon,22.0,895.0,95200.0,260.0,,,,,
Hingoli,2012,Hingoli,8.0,358.0,43500.0,120.0,1.0,200.0,,,
Hingoli,2012,Aundha na,18.0,725.0,88540.0,240.0,,,,,
Hingoli,2012,Kalamanuri,15.0,640.0,10550.0,30.0,,,,,
Hingoli,2012,vasamat,19.0,779.0,29000.0,80.0,,,,,
Hingoli,2013,Sengaon,22.0,895.0,148555000.0,407000.0,0.0,0.0,,,
Hingoli,2013,Hingoli,18.0,725.0,91250000.0,250000.0,0.0,0.0,,,
Hingoli,2013,Aundha na,18.0,725.0,146000000.0,400000.0,0.0,0.0,,,
Hingoli,2013,Kalamanuri,15.0,640.0,18250000.0,50000.0,0.0,0.0,,,
Hingoli,2013,vasamat,19.0,779.0,36500000.0,100000.0,0.0,0.0,,,
Hingoli,2014,Sengaon,,,,,0.0,0.0,,,
Hingoli,2014,Hingoli,3.0,725.0,219000000.0,600000.0,0.0,0.0,,,
Hingoli,2014,Aundha na,2.0,725.0,273750000.0,750000.0,0.0,0.0,,,
Hingoli,2014,Kalamanuri,,,,,0.0,0.0,,,
Hingoli,2014,vasamat,5.0,779.0,129275000.0,354000.0,0.0,0.0,,,
Hingoli,2015,Sengaon,,,,,0.0,0.0,,,
Hingoli,2015,Hingoli,3.0,725.0,255500000.0,700000.0,0.0,0.0,,,
Hingoli,2015,Aundha na,2.0,725.0,273750000.0,750000.0,0.0,0.0,,,
Hingoli,2015,Kalamanuri,,,,,0.0,0.0,,,
Hingoli,2015,vasamat,4.0,204.0,127020000.0,348000.0,0.0,0.0,,,
Hingoli,2016,Sengaon,,,,,0.0,0.0,,,
Hingoli,2016,Hingoli,4.0,204.0,136875.0,375.0,0.0,0.0,,,
Hingoli,2016,Aundha na,2.0,102.0,198925.0,545.0,0.0,0.0,,,
Hingoli,2016,Kalamanuri,,,,,0.0,0.0,,,
Hingoli,2016,vasamat,3.0,153.0,106580.0,292.0,0.0,0.0,,,
Hingoli,2017,Sengaon,1.0,51.0,182500.0,500.0,1.0,1000.0,,,
Hingoli,2017,Hingoli,2.0,102.0,487640.0,1340.0,1.0,2000.0,,,
Hingoli,2017,Aundha na,4.0,204.0,292000.0,800000.0,1.0,1000.0,,,
Hingoli,2017,Kalamanuri,,,,,,,,,
Hingoli,2017,vasamat,5.0,255.0,547500.0,1500.0,0.0,0.0,,,
Hingoli,2018,Sengaon,1.0,51.0,,,1.0,1000.0,,,
Hingoli,2018,Hingoli,5.0,255.0,654755.0,1790.0,1.0,2000.0,,,
Hingoli,2018,Aundha na,4.0,204.0,1035170.0000000001,2840.0,1.0,1000.0,,,
Hingoli,2018,Kalamanuri,0.0,0.0,0.0,0.0,0.0,0.0,,,
Hingoli,2018,vasamat,8.0,408.0,669035.0,1830.0,0.0,0.0,,,
Hingoli,2019,Sengaon,1.0,51.0,0.0,0.0,1.0,1000.0,,,
Hingoli,2019,Hingoli,5.0,255.0,519000.0,1420.0,1.0,2000.0,,,
Hingoli,2019,Aundha na,4.0,204.0,455000.0,1240.0,1.0,1000.0,,,
Hingoli,2019,Kalamanuri,0.0,0.0,0.0,0.0,0.0,0.0,,,
Hingoli,2019,vasamat,7.0,357.0,414000.0,1130.0,0.0,0.0,,,
Hingoli,2020,Sengaon,1.0,51.0,0.0,0.0,1.0,1000.0,,,
Hingoli,2020,Hingoli,2.0,102.0,381430.0,1050.0,1.0,2000.0,,,
Hingoli,2020,Aundha na,3.0,153.0,528250.0,1450.0,1.0,1000.0,,,
Hingoli,2020,Kalamanuri,0.0,0.0,0.0,0.0,0.0,0.0,,,
Hingoli,2020,vasamat,6.0,306.0,379600.0,1040.0,0.0,0.0,,,
Hingoli,2021,Sengaon,0.0,0.0,0.0,0.0,0.0,0.0,,,
Hingoli,2021,Hingoli,2.0,102.0,640210.0,1754.0,1.0,2000.0,,,
Hingoli,2021,Aundha na,3.0,153.0,237250.0,650.0,1.0,1000.0,,,
Hingoli,2021,Kalamanuri,0.0,0.0,0.0,0.0,0.0,0.0,,,
Hingoli,2021,vasamat,4.0,204.0,255500.0,700.0,0.0,0.0,,,
Jalna,2013,Bhokardan,15.0,600.0,365000.0,1000.0,0.0,0.0,,,
Jalna,2013,Jaffrabad,11.0,440.0,94900.0,260.0,1.0,10000.0,,,
Jalna,2013,Jalna,9.0,360.0,186150.0,510.0,1.0,10000.0,,,
Jalna,2013,Badnapur,6.0,240.0,438000.0,1200.0,0.0,0.0,,,
Jalna,2013,Ambad,22.0,880.0,438000.0,1200.0,2.0,20000.0,,,
Jalna,2013,Ghansawangi,1.0,40.0,182500.0,500.0,0.0,0.0,,,
Jalna,2013,Partur,0.0,0.0,0.0,0.0,0.0,0.0,,,
Jalna,2013,Mantha,0.0,0.0,0.0,0.0,0.0,0.0,,,
Jalna,2014,Bhokardan,12.0,440.0,350000.0,960.0,0.0,0.0,,,
Jalna,2014,Jaffrabad,7.0,40.0,161000.0,440.0,1.0,4000.0,,,
Jalna,2014,Jalna,5.0,240.0,257000.0,700.0,1.0,10000.0,,,
Jalna,2014,Badnapur,5.0,200.0,507000.0,1390.0,0.0,0.0,,,
Jalna,2014,Ambad,22.0,440.0,383000.0,1050.0,2.0,20000.0,,,
Jalna,2014,Ghansawangi,1.0,40.0,209000.0,570.0,0.0,0.0,,,
Jalna,2014,Partur,2.0,80.0,398000.0,1090.0,0.0,0.0,,,
Jalna,2014,Mantha,0.0,0.0,0.0,0.0,0.0,0.0,,,
Jalna,2015,Bhokardan,12.0,440.0,722000.0,1980.0,0.0,0.0,,,
Jalna,2015,Jaffrabad,7.0,40.0,407000.0,1120.0,1.0,4000.0,,,
Jalna,2015,Jalna,5.0,240.0,391000.0,1070.0,1.0,10000.0,,,
Jalna,2015,Badnapur,5.0,200.0,468000.0,1280.0,0.0,0.0,,,
Jalna,2015,Ambad,22.0,440.0,1246000.0,3410.0,2.0,20000.0,,,
Jalna,2015,Ghansawangi,1.0,40.0,348000.0,950.0,0.0,0.0,,,
Jalna,2015,Partur,2.0,80.0,572000.0,1570.0,0.0,0.0,,,
Jalna,2015,Mantha,0.0,0.0,0.0,0.0,0.0,0.0,,,
Jalna,2016,Bhokardan,15.0,440.0,656000.0,1800.0,0.0,0.0,,,
Jalna,2016,Jaffrabad,6.0,40.0,600910.0,1650.0,1.0,10000.0,,,
Jalna,2016,Jalna,4.0,240.0,227670.0,620.0,1.0,10000.0,,,
Jalna,2016,Badnapur,5.0,200.0,316910.0,870.0,0.0,0.0,,,
Jalna,2016,Ambad,15.0,440.0,1066000.0,2920.0,2.0,20000.0,,,
Jalna,2016,Ghansawangi,1.0,40.0,158000.0,430.0,0.0,0.0,,,
Jalna,2016,Partur,2.0,80.0,327800.0,900.0,0.0,0.0,,,
Jalna,2016,Mantha,0.0,0.0,0.0,0.0,0.0,0.0,,,
Jalna,2017,Bhokardan,19.0,440.0,2150210.0,5890.0,0.0,0.0,,,
Jalna,2017,Jaffrabad,10.0,310.0,821250.0,2250.0,1.0,10000.0,,,
Jalna,2017,Jalna,5.0,270.0,941700.0,2580.0,1.0,10000.0,,,
Jalna,2017,Badnapur,7.0,262.0,1204500.0,3300.0,0.0,0.0,,,
Jalna,2017,Ambad,19.0,560.0,8000.0,20.0,2.0,20000.0,,,
Jalna,2017,Ghansawangi,3.0,102.0,44000.0,1200.0,0.0,0.0,,,
Jalna,2017,Partur,2.0,80.0,8980.0,740.0,0.0,0.0,,,
Jalna,2017,Mantha,0.0,0.0,0.0,0.0,0.0,0.0,,,
Jalna,2018,Bhokardan,34.0,918.0,3471000.0,9510.0,0.0,0.0,,,
Jalna,2018,Jaffrabad,16.0,432.0,1599000.0,4380.0,1.0,10000.0,,,
Jalna,2018,Jalna,11.0,297.0,3321500.0,9100.0,1.0,10000.0,,,
Jalna,2018,Badnapur,18.0,486.0,1493000.0,4090.0,0.0,0.0,,,
Jalna,2018,Ambad,25.0,675.0,1223000.0,3350.0,2.0,20000.0,,,
Jalna,2018,Ghansawangi,4.0,108.0,401500.0,1100.0,0.0,0.0,,,
Jalna,2018,Partur,1.0,27.0,301000.0,820.0,0.0,0.0,,,
Jalna,2018,Mantha,1.0,27.0,0.0,0.0,0.0,0.0,,,
Jalna,2019,Bhokardan,34.0,918.0,1909810.0,5230.0,,,,,
Jalna,2019,Jaffrabad,17.0,459.0,1205070.0,3300.0,1.0,10000.0,,,
Jalna,2019,Jalna,11.0,297.0,1452530.0,3980.0,1.0,10000.0,,,
Jalna,2019,Badnapur,15.0,409.0,1043069.9999999999,2860.0,,,,,
Jalna,2019,Ambad,24.0,650.0,1062360.0,2910.0,2.0,20000.0,,,
Jalna,2019,Ghansawangi,4.0,108.0,56360.0,150.0,,,,,
Jalna,2019,Partur,1.0,27.0,77050.0,210.0,,,,,
Jalna,2019,Mantha,1.0,27.0,0.0,0.0,,,,,
Jalna,2020,Bhokardan,33.0,1033.0,649510.0,1780.0,,,,,
Jalna,2020,Jaffrabad,14.0,402.0,421760.0,1160.0,1.0,10000.0,,,
Jalna,2020,Jalna,11.0,327.0,1342640.0,3680.0,1.0,10000.0,,,
Jalna,2020,Badnapur,15.0,402.0,939400.0,2570.0,,,,,
Jalna,2020,Ambad,22.0,602.0,344000.0,940.0,2.0,20000.0,,,
Jalna,2020,Ghansawangi,4.0,126.0,183500.0,500.0,,,,,
Jalna,2020,Partur,1.0,25.0,0.0,0.0,,,,,
Jalna,2020,Mantha,1.0,25.0,0.0,0.0,,,,,
Jalna,2021,Bhokardan,33.0,1216.0,713940.0,1960.0,,,,,
Jalna,2021,Jaffrabad,15.0,559.0,148560.0,410.0,1.0,10000.0,,,
Jalna,2021,Jalna,11.0,775.0,836210.0,2290.0,1.0,10000.0,,,
Jalna,2021,Badnapur,15.0,656.0,446390.0,1220.0,,,,,
Jalna,2021,Ambad,22.0,854.0,0.0,0.0,2.0,20000.0,,,
Jalna,2021,Ghansawangi,4.0,190.0,304050.0,830.0,,,,,
Jalna,2021,Partur,1.0,50.0,0.0,0.0,,,,,
Jalna,2021,Mantha,1.0,50.0,0.0,0.0,,,,,
Latur,2012,Latur,102.0,5202.0,1266100.0,3470.0,1.0,50000.0,,,
Latur,2012,Renapur,55.0,2805.0,241600.0,660.0,,,,,
Latur,2012,Ahamadpur,65.0,3315.0,754000.0,2070.0,2.0,4000.0,,,
Latur,2012,Jalkot,20.0,1020.0,334300.0,920.0,,,,,
Latur,2012,Chakur,34.0,1734.0,275500.0,750.0,,,,,
Latur,2012,Shirur-Anantpal,30.0,1530.0,97000.0,270.0,,,,,
Latur,2012,Aosa,113.0,5763.0,492300.0,1350.0,1.0,2000.0,,,
Latur,2012,Nilanga,158.0,8058.0,2941500.0,8050.000000000001,1.0,10000.0,,,
Latur,2012,Devani,55.0,2805.0,361700.0,990.0,,,,,
Latur,2012,Udgir,60.0,3060.0,565000.0,1550.0,2.0,150000.0,,,
Latur,2013,Latur,102.0,5202.0,4682200.0,12830.0,1.0,50000.0,,,
Latur,2013,Renapur,56.0,2856.0,802500.0,2200.0,,,,,
Latur,2013,Ahamadpur,70.0,3570.0,2578400.0,7060.0,2.0,4000.0,,,
Latur,2013,Jalkot,20.0,1020.0,640200.0,1750.0,,,,,
Latur,2013,Chakur,34.0,1734.0,630700.0,1730.0,,,,,
Latur,2013,Shirur-Anantpal,30.0,1530.0,343400.0,940.0,,,,,
Latur,2013,Aosa,113.0,5763.0,1357400.0,3720.0,1.0,2000.0,,,
Latur,2013,Nilanga,162.0,8262.0,9618200.0,26350.0,1.0,10000.0,,,
Latur,2013,Devani,56.0,2856.0,799800.0,2190.0,,,,,
Latur,2013,Udgir,60.0,3060.0,1301200.0,3560.0,2.0,150000.0,,,
Latur,2014,Latur,102.0,5202.0,3718300.0,10190.0,1.0,50000.0,,,
Latur,2014,Renapur,57.0,2907.0,591600.0,1620.0,0.0,0.0,,,
Latur,2014,Ahamadpur,71.0,3621.0,2200200.0,6030.0,2.0,4000.0,,,
Latur,2014,Jalkot,20.0,1020.0,458100.0,1260.0,0.0,0.0,,,
Latur,2014,Chakur,34.0,1734.0,421700.0,1160.0,0.0,0.0,,,
Latur,2014,Shirur-Anantpal,30.0,1530.0,256000.0,700.0,0.0,0.0,,,
Latur,2014,Aosa,113.0,5763.0,689200.0,1890.0,1.0,2000.0,,,
Latur,2014,Nilanga,163.0,8313.0,7396400.0,20260.0,1.0,10000.0,,,
Latur,2014,Devani,57.0,2907.0,512600.0,1400.0,0.0,0.0,,,
Latur,2014,Udgir,61.0,3111.0,1032200.0,2830.0,2.0,150000.0,,,
Latur,2015,Latur,102.0,5202.0,797920.0,2190.0,1.0,50000.0,,,
Latur,2015,Renapur,57.0,2907.0,248400.0,680.0,0.0,0.0,,,
Latur,2015,Ahamadpur,71.0,3621.0,365580.0,1000.0,2.0,4000.0,,,
Latur,2015,Jalkot,20.0,1020.0,249250.0,680.0,0.0,0.0,,,
Latur,2015,Chakur,34.0,1734.0,175320.0,480.0,0.0,0.0,,,
Latur,2015,Shirur-Anantpal,30.0,1530.0,154870.0,420.0,0.0,0.0,,,
Latur,2015,Aosa,113.0,5763.0,344170.0,940.0,1.0,2000.0,,,
Latur,2015,Nilanga,163.0,8313.0,2038110.0,5580.0,1.0,10000.0,,,
Latur,2015,Devani,57.0,2907.0,224870.0,620.0,0.0,0.0,,,
Latur,2015,Udgir,61.0,3111.0,368190.0,1010.0,2.0,150000.0,,,
Latur,2016,Latur,14.0,714.0,490880.0,1340.0,1.0,50000.0,,,
Latur,2016,Renapur,13.0,663.0,137610.0,380.0,0.0,0.0,,,
Latur,2016,Ahamadpur,27.0,1377.0,186260.0,510.0,2.0,4000.0,,,
Latur,2016,Jalkot,5.0,255.0,116060.0,320.0,0.0,0.0,,,
Latur,2016,Chakur,8.0,408.0,127940.0,350.0,0.0,0.0,,,
Latur,2016,Shirur-Anantpal,9.0,459.0,186470.0,510.0,0.0,0.0,,,
Latur,2016,Aosa,46.0,2346.0,371040.0,1020.0,1.0,2000.0,,,
Latur,2016,Nilanga,71.0,3621.0,1900160.0,5210.0,1.0,10000.0,,,
Latur,2016,Devani,19.0,969.0,121150.0,330.0,0.0,0.0,,,
Latur,2016,Udgir,20.0,1020.0,490740.0,1340.0,2.0,150000.0,,,
Latur,2017,Latur,14.0,714.0,330770.0,910.0,1.0,50000.0,,,
Latur,2017,Renapur,13.0,663.0,87350.0,240.0,0.0,0.0,,,
Latur,2017,Ahamadpur,27.0,1377.0,475300.0,1300.0,2.0,4000.0,,,
Latur,2017,Jalkot,5.0,255.0,115820.0,320.0,0.0,0.0,,,
Latur,2017,Chakur,8.0,408.0,174910.0,480.0,0.0,0.0,,,
Latur,2017,Shirur-Anantpal,9.0,459.0,194460.0,530.0,0.0,0.0,,,
Latur,2017,Aosa,46.0,2346.0,636700.0,1740.0,1.0,2000.0,,,
Latur,2017,Nilanga,71.0,3621.0,288500.0,790.0,1.0,10000.0,,,
Latur,2017,Devani,19.0,969.0,126920.0,350.0,0.0,0.0,,,
Latur,2017,Udgir,20.0,1020.0,802670.0,2200.0,2.0,150000.0,,,
Latur,2018,Latur,14.0,714.0,163160.0,450.0,1.0,50000.0,,,
Latur,2018,Renapur,9.0,459.0,160090.0,440.0,0.0,0.0,,,
Latur,2018,Ahamadpur,22.0,1122.0,1028940.0,2820.0,2.0,4000.0,,,
Latur,2018,Jalkot,5.0,255.0,78110.0,210.0,0.0,0.0,,,
Latur,2018,Chakur,5.0,255.0,85410.0,230.0,0.0,0.0,,,
Latur,2018,Shirur-Anantpal,7.0,357.0,115710.0,320.0,0.0,0.0,,,
Latur,2018,Aosa,30.0,1530.0,1650170.0,4520.0,1.0,2000.0,,,
Latur,2018,Nilanga,17.0,867.0,2661200.0,7290.0,1.0,10000.0,,,
Latur,2018,Devani,14.0,714.0,76290.0,210.0,0.0,0.0,,,
Latur,2018,Udgir,16.0,816.0,1281880.0,3510.0,2.0,150000.0,,,
Latur,2019,Latur,15.0,714.0,119450.0,330.0,1.0,50000.0,,,
Latur,2019,Renapur,9.0,459.0,78850.0,220.0,0.0,0.0,,,
Latur,2019,Ahamadpur,22.0,1122.0,338890.0,930.0,2.0,4000.0,,,
Latur,2019,Jalkot,5.0,255.0,118130.0,320.0,0.0,0.0,,,
Latur,2019,Chakur,6.0,408.0,69190.0,190.0,0.0,0.0,,,
Latur,2019,Shirur-Anantpal,8.0,357.0,83050.0,230.0,0.0,0.0,,,
Latur,2019,Aosa,31.0,1530.0,1160080.0,3180.0,1.0,2000.0,,,
Latur,2019,Nilanga,46.0,2244.0,3000750.0,8220.0,1.0,10000.0,,,
Latur,2019,Devani,15.0,714.0,96850.0,270.0,0.0,0.0,,,
Latur,2019,Udgir,20.0,1020.0,1016320.0,2780.0,2.0,150000.0,,,
Latur,2020,Latur,15.0,714.0,77180.0,210.0,1.0,50000.0,,,
Latur,2020,Renapur,9.0,459.0,82150.0,230.0,0.0,0.0,,,
Latur,2020,Ahamadpur,23.0,1173.0,39300.0,110.0,2.0,4000.0,,,
Latur,2020,Jalkot,5.0,255.0,55410.0,150.0,0.0,0.0,,,
Latur,2020,Chakur,6.0,306.0,21890.0,60.0,0.0,0.0,,,
Latur,2020,Shirur-Anantpal,8.0,408.0,44580.0,120.0,0.0,0.0,,,
Latur,2020,Aosa,31.0,1581.0,297700.0,820.0,1.0,2000.0,,,
Latur,2020,Nilanga,46.0,2346.0,2665220.0,7300.0,1.0,10000.0,,,
Latur,2020,Devani,15.0,765.0,45440.0,120.0,0.0,0.0,,,
Latur,2020,Udgir,19.0,969.0,513909.99999999994,1410.0,2.0,150000.0,,,
Latur,2021,Latur,15.0,714.0,0.0,0.0,1.0,50000.0,,,
Latur,2021,Renapur,9.0,459.0,144180.0,400.0,0.0,0.0,,,
Latur,2021,Ahamadpur,23.0,1173.0,86510.0,240.0,0.0,0.0,,,
Latur,2021,Jalkot,5.0,255.0,37960.0,100.0,0.0,0.0,,,
Latur,2021,Chakur,6.0,306.0,39790.0,110.0,0.0,0.0,,,
Latur,2021,Shirur-Anantpal,8.0,408.0,46720.0,130.0,0.0,0.0,,,
Latur,2021,Aosa,31.0,1581.0,269740.0,740.0,1.0,2000.0,,,
Latur,2021,Nilanga,46.0,2346.0,1655640.0,4540.0,1.0,10000.0,,,
Latur,2021,Devani,15.0,765.0,77750.0,210.0,0.0,0.0,,,
Latur,2021,Udgir,19.0,969.0,144910.0,400.0,1.0,50000.0,,,
Mumbai Suburban,2016,Adheri,,,,,,,,,
Mumbai Suburban,2016,Borivali,,,,,,,,,
Mumbai Suburban,2016,Kurla,,,,,,,,,
Mumbai Suburban,2017,Adheri,0.0,0.0,0.0,0.0,0.0,0.0,,,
Mumbai Suburban,2017,Borivali,6.0,330.0,74800.0,200.0,0.0,0.0,,,
Mumbai Suburban,2017,Kurla,0.0,0.0,0.0,0.0,0.0,0.0,,,
Mumbai Suburban,2018,Adheri,0.0,0.0,0.0,0.0,0.0,0.0,,,
Mumbai Suburban,2018,Borivali,6.0,330.0,73000.0,200.0,0.0,0.0,,,
Mumbai Suburban,2018,Kurla,0.0,0.0,0.0,0.0,0.0,0.0,,,
Mumbai Suburban,2019,Adheri,0.0,0.0,0.0,0.0,0.0,0.0,,,
Mumbai Suburban,2019,Borivali,6.0,190.0,30000.0,100.0,0.0,0.0,,,
Mumbai Suburban,2019,Kurla,0.0,0.0,0.0,0.0,0.0,0.0,,,
Mumbai Suburban,2020,Adheri,0.0,0.0,0.0,0.0,0.0,0.0,,,
Mumbai Suburban,2020,Borivali,6.0,162.0,10000.0,1000.0,0.0,0.0,,,
Mumbai Suburban,2020,Kurla,0.0,0.0,0.0,0.0,0.0,0.0,,,
Mumbai Suburban,2021,Adheri,0.0,0.0,0.0,0.0,0.0,0.0,,,
Mumbai Suburban,2021,Borivali,6.0,162.0,10000.0,1000.0,0.0,0.0,,,
Mumbai Suburban,2021,Kurla,0.0,0.0,0.0,0.0,0.0,0.0,,,
Nagpur,2012,Narkhed,33.0,1424.0,384000.0,1050.0,0.0,0.0,,,
Nagpur,2012,Katol,39.0,1866.0,872000.0,2390.0,1.0,10000.0,,,
Nagpur,2012,Kalameshwar,18.0,876.0,380000.0,1040.0,0.0,0.0,,,
Nagpur,2012,Sawner,24.0,2641.0,1556000.0,4260.0,1.0,20000.0,,,
Nagpur,2012,Parashivani,9.0,680.0,130000.0,360.0,0.0,0.0,,,
Nagpur,2012,Ramtech,17.0,997.0,1287000.0,3530.0,1.0,10000.0,,,
Nagpur,2012,Mauda,21.0,806.0,182000.0,500.0,0.0,0.0,,,
Nagpur,2012,Kamathi,5.0,246.0,214000.0,590.0,3.0,170000.0,,,
Nagpur,2012,Nagpur (Gra),17.0,645.0,0.0,0.0,2.0,160000.0,,,
Nagpur,2012,Nagpur (Sh),0.0,0.0,0.0,0.0,3.0,350000.0,,,
Nagpur,2012,Hingana,11.0,578.0,271000.0,740.0,2.0,20000.0,,,
Nagpur,2012,Umred,7.0,392.0,198000.0,540.0,1.0,10000.0,,,
Nagpur,2012,Kuhi,9.0,430.0,139000.0,380.0,0.0,0.0,,,
Nagpur,2012,Bhiwapur,10.0,476.0,164000.0,440.0,0.0,0.0,,,
Nagpur,2013,Narkhed,33.0,1424.0,366000.0,1000.0,0.0,0.0,,,
Nagpur,2013,Katol,39.0,1866.0,780000.0,2140.0,1.0,10000.0,,,
Nagpur,2013,Kalameshwar,18.0,876.0,442000.0,1210.0,0.0,0.0,,,
Nagpur,2013,Sawner,24.0,2641.0,1619000.0,4440.0,1.0,20000.0,,,
Nagpur,2013,Parashivani,9.0,680.0,108000.0,300.0,0.0,0.0,,,
Nagpur,2013,Ramtech,17.0,997.0,892000.0,2440.0,1.0,10000.0,,,
Nagpur,2013,Mauda,21.0,806.0,249000.0,680.0,0.0,0.0,,,
Nagpur,2013,Kamathi,5.0,246.0,175000.0,480.0,3.0,170000.0,,,
Nagpur,2013,Nagpur (Gra),17.0,645.0,5000.0,10.0,2.0,160000.0,,,
Nagpur,2013,Nagpur (Sh),0.0,0.0,0.0,0.0,3.0,350000.0,,,
Nagpur,2013,Hingana,11.0,578.0,247000.0,680.0,2.0,20000.0,,,
Nagpur,2013,Umred,7.0,392.0,149000.0,410.0,1.0,10000.0,,,
Nagpur,2013,Kuhi,9.0,430.0,146000.0,400.0,0.0,0.0,,,
Nagpur,2013,Bhiwapur,10.0,476.0,168000.0,460.0,0.0,0.0,,,
Nagpur,2014,Narkhed,33.0,1424.0,276000.0,800.0,0.0,0.0,,,
Nagpur,2014,Katol,39.0,1866.0,681000.0,1900.0,1.0,10000.0,,,
Nagpur,2014,Kalameshwar,18.0,876.0,531000.0,1500.0,0.0,0.0,,,
Nagpur,2014,Sawner,24.0,2641.0,779000.0,2100.0,1.0,20000.0,,,
Nagpur,2014,Parashivani,9.0,680.0,47000.0,100.0,0.0,0.0,,,
Nagpur,2014,Ramtech,17.0,997.0,390000.0,1100.0,1.0,10000.0,,,
Nagpur,2014,Mauda,21.0,806.0,63000.0,200.0,0.0,0.0,,,
Nagpur,2014,Kamathi,5.0,246.0,8000.0,20.0,3.0,170000.0,,,
Nagpur,2014,Nagpur (Gra),17.0,645.0,0.0,0.0,2.0,160000.0,,,
Nagpur,2014,Nagpur (Sh),0.0,0.0,3000.0,0.0,3.0,350000.0,,,
Nagpur,2014,Hingana,11.0,578.0,205000.0,600.0,2.0,20000.0,,,
Nagpur,2014,Umred,7.0,392.0,64000.0,200.0,1.0,10000.0,,,
Nagpur,2014,Kuhi,9.0,430.0,251000.0,700.0,0.0,0.0,,,
Nagpur,2014,Bhiwapur,10.0,476.0,198000.0,500.0,0.0,0.0,,,
Nagpur,2015,Narkhed,33.0,1424.0,359700.0,990.0,,,,,
Nagpur,2015,Katol,39.0,1866.0,874320.0,2400.0,,,,,
Nagpur,2015,Kalameshwar,18.0,876.0,574350.0,1570.0,,,,,
Nagpur,2015,Sawner,24.0,2641.0,887630.0,2430.0,1.0,20000.0,,,
Nagpur,2015,Parashivani,9.0,680.0,166240.0,460.0,,,,,
Nagpur,2015,Ramtech,17.0,997.0,392490.0,1080.0,1.0,10000.0,,,
Nagpur,2015,Mauda,21.0,806.0,28650.0,80.0,,,,,
Nagpur,2015,Kamathi,5.0,246.0,,,,,,,
Nagpur,2015,Nagpur (Gra),17.0,645.0,,,1.0,50000.0,,,
Nagpur,2015,Nagpur (Sh),0.0,0.0,0.0,0.0,,,,,
Nagpur,2015,Hingana,11.0,578.0,147030.0,400.0,,,,,
Nagpur,2015,Umred,7.0,392.0,238620.0,650.0,1.0,10000.0,,,
Nagpur,2015,Kuhi,9.0,430.0,290990.0,800.0,,,,,
Nagpur,2015,Bhiwapur,10.0,476.0,227770.0,620.0,,,,,
Nagpur,2016,Narkhed,33.0,1424.0,353460.0,970.0,,,,,
Nagpur,2016,Katol,39.0,1866.0,815730.0,2230.0,,,,,
Nagpur,2016,Kalameshwar,18.0,876.0,525620.0,1440.0,,,,,
Nagpur,2016,Sawner,24.0,2641.0,786560.0,2150.0,1.0,20000.0,,,
Nagpur,2016,Parashivani,9.0,680.0,115110.0,320.0,,,,,
Nagpur,2016,Ramtech,17.0,997.0,345590.0,950.0,1.0,10000.0,,,
Nagpur,2016,Mauda,21.0,806.0,,,,,,,
Nagpur,2016,Kamathi,5.0,246.0,,,,,,,
Nagpur,2016,Nagpur (Gra),17.0,645.0,,,1.0,50000.0,,,
Nagpur,2016,Nagpur (Sh),0.0,0.0,,,,,,,
Nagpur,2016,Hingana,11.0,578.0,123310.0,340.0,,,,,
Nagpur,2016,Umred,7.0,392.0,130169.99999999999,360.0,1.0,10000.0,,,
Nagpur,2016,Kuhi,9.0,430.0,179020.0,490.0,,,,,
Nagpur,2016,Bhiwapur,10.0,476.0,350190.0,960.0,,,,,
Nagpur,2017,Narkhed,33.0,1424.0,315103.0,863.0,,,,,
Nagpur,2017,Katol,39.0,1866.0,470360.0,1289.0,5.0,,,,
Nagpur,2017,Kalameshwar,18.0,476.0,600814.0,1646.0,,,,,
Nagpur,2017,Sawner,24.0,2641.0,930133.0,2548.0,1.0,20000.0,,,
Nagpur,2017,Parashivani,9.0,680.0,84900.0,233.0,,,,,
Nagpur,2017,Ramtech,18.0,997.0,227712.0,624.0,1.0,5000.0,,,
Nagpur,2017,Mauda,21.0,806.0,,,,,,,
Nagpur,2017,Kamathi,5.0,246.0,,,,,,,
Nagpur,2017,Nagpur (Gra),17.0,645.0,,,1.0,50000.0,,,
Nagpur,2017,Nagpur (Sh),,,,,,,,,
Nagpur,2017,Hingana,11.0,578.0,117731.0,323.0,,,,,
Nagpur,2017,Umred,7.0,392.0,84680.0,232.0,1.0,5000.0,,,
Nagpur,2017,Kuhi,9.0,430.0,234026.0,641.0,,,,,
Nagpur,2017,Bhiwapur,11.0,476.0,295047.0,808.0,,,,,
Nagpur,2018,Narkhed,10.0,343.0,367390.0,1006.9999999999999,,,,,
Nagpur,2018,Katol,16.0,615.0,1030960.0,2824.0,1.0,5000.0,,,
Nagpur,2018,Kalameshwar,7.0,286.0,768520.0,2106.0,,,,,
Nagpur,2018,Sawner,9.0,583.0,1162440.0,3185.0,1.0,20000.0,,,
Nagpur,2018,Parashivani,2.0,49.0,139100.0,381.0,,,,,
Nagpur,2018,Ramtech,7.0,198.0,474660.0,1300.0,1.0,5000.0,,,
Nagpur,2018,Mauda,,,,,,,,,
Nagpur,2018,Kamathi,,,,,,,,,
Nagpur,2018,Nagpur (Gra),,,,,,,,,
Nagpur,2018,Nagpur (Sh),1.0,,,,1.0,50000.0,,,
Nagpur,2018,Hingana,2.0,62.0,156270.0,428.0,,,,,
Nagpur,2018,Umred,3.0,59.0,130860.00000000001,359.0,1.0,5000.0,,,
Nagpur,2018,Kuhi,3.0,29.0,86440.0,237.0,,,,,
Nagpur,2018,Bhiwapur,4.0,165.0,472380.0,1294.0,,,,,
Nagpur,2019,Narkhed,10.0,343.0,299480.0,820.0,,,,,
Nagpur,2019,Katol,15.0,590.0,878150.0,2405.0,1.0,5000.0,,,
Nagpur,2019,Kalameshwar,6.0,261.0,586180.0,1606.0,,,,,
Nagpur,2019,Sawner,9.0,583.0,958250.0,2625.0,1.0,20000.0,,,
Nagpur,2019,Parashivani,2.0,49.0,95920.0,262.0,,,,,
Nagpur,2019,Ramtech,6.0,173.0,351660.0,963.0,1.0,5000.0,,,
Nagpur,2019,Mauda,0.0,0.0,0.0,0.0,,,,,
Nagpur,2019,Kamathi,0.0,0.0,0.0,0.0,,,,,
Nagpur,2019,Nagpur (Gra),0.0,0.0,0.0,0.0,,,,,
Nagpur,2019,Nagpur (Sh),0.0,0.0,0.0,0.0,1.0,50000.0,,,
Nagpur,2019,Hingana,2.0,62.0,83800.0,229.0,,,,,
Nagpur,2019,Umred,3.0,59.0,86120.0,235.0,1.0,5000.0,,,
Nagpur,2019,Kuhi,2.0,25.0,34050.0,93.0,,,,,
Nagpur,2019,Bhiwapur,4.0,165.0,250570.0,686.0,,,,,
Nagpur,2020,Narkhed,10.0,343.0,287630.0,788.0,,,,,
Nagpur,2020,Katol,10.0,470.0,821270.0,2250.0,1.0,5000.0,,,
Nagpur,2020,Kalameshwar,5.0,240.0,439470.0,1204.0,,,,,
Nagpur,2020,Sawner,9.0,583.0,703840.0,1928.0,1.0,20000.0,,,
Nagpur,2020,Parashivani,1.0,29.0,71540.0,196.0,,,,,
Nagpur,2020,Ramtech,5.0,149.0,385430.0,1056.0,1.0,5000.0,,,
Nagpur,2020,Mauda,0.0,0.0,0.0,0.0,,,,,
Nagpur,2020,Kamathi,0.0,0.0,0.0,0.0,,,,,
Nagpur,2020,Nagpur (Gra),0.0,0.0,0.0,0.0,,,,,
Nagpur,2020,Nagpur (Sh),1.0,47.0,0.0,0.0,1.0,50000.0,,,
Nagpur,2020,Hingana,1.0,41.0,29210.0,80.0,,,,,
Nagpur,2020,Umred,2.0,32.0,69250.0,190.0,1.0,5000.0,,,
Nagpur,2020,Kuhi,1.0,20.0,42520.0,116.0,,,,,
Nagpur,2020,Bhiwapur,4.0,165.0,211220.0,579.0,,,,,
Nagpur,2021,Narkhed,10.0,343.0,182500.0,500.0,,,,,
Nagpur,2021,Katol,10.0,470.0,529250.0,1450.0,1.0,10000.0,,,
Nagpur,2021,Kalameshwar,5.0,240.0,292000.0,800.0,,,,,
Nagpur,2021,Sawner,9.0,583.0,401500.0,1100.0,1.0,20000.0,,,
Nagpur,2021,Parashivani,1.0,29.0,40150.0,110.0,,,,,
Nagpur,2021,Ramtech,5.0,149.0,255000.0,700.0,1.0,10000.0,,,
Nagpur,2021,Mauda,0.0,0.0,0.0,0.0,,,,,
Nagpur,2021,Kamathi,0.0,0.0,0.0,0.0,,,,,
Nagpur,2021,Nagpur (Gra),0.0,0.0,0.0,0.0,,,,,
Nagpur,2021,Nagpur (Sh),1.0,47.0,0.0,0.0,1.0,50000.0,,,
Nagpur,2021,Hingana,1.0,41.0,40150.0,110.0,,,,,
Nagpur,2021,Umred,2.0,52.0,43800.0,120.0,1.0,10000.0,,,
Nagpur,2021,Kuhi,1.0,20.0,32850.0,90.0,,,,,
Nagpur,2021,Bhiwapur,4.0,165.0,171550.0,470.0,,,,,
Nanded,2014,Mahur,0.0,0.0,0.0,0.0,0.0,0.0,,,
Nanded,2014,Kinvat,0.0,0.0,0.0,0.0,0.0,0.0,,,
Nanded,2014,Himalay nagar,1.0,51.0,413000.0,34000.0,1.0,500.0,,,
Nanded,2014,hadgaon,13.0,663.0,5557000.0,463000.0,0.0,0.0,,,
Nanded,2014,andhrapur,7.0,357.0,2989000.0,249000.0,1.0,100000.0,,,
Nanded,2014,Nanded,3.0,153.0,2620000.0,218000.0,0.0,0.0,,,
Nanded,2014,Mudkhed,3.0,153.0,3180000.0,265000.0,0.0,0.0,,,
Nanded,2014,bhokar,1.0,51.0,894000.0,75000.0,0.0,0.0,,,
Nanded,2014,umari,0.0,0.0,0.0,0.0,0.0,0.0,,,
Nanded,2014,dharmabad,0.0,0.0,0.0,0.0,0.0,0.0,,,
Nanded,2014,biloli,1.0,51.0,65000.0,16000.0,0.0,0.0,,,
Nanded,2014,naygaon,3.0,153.0,1721000.0,143000.0,1.0,500.0,,,
Nanded,2014,loha,17.0,867.0,14097000.0,1175000.0,1.0,4000.0,,,
Nanded,2014,kandhar,0.0,0.0,0.0,0.0,0.0,0.0,,,
Nanded,2014,Mukhed,0.0,0.0,0.0,0.0,0.0,0.0,,,
Nanded,2014,deglur,21.0,1071.0,5278000.0,440000.0,1.0,1000.0,,,
Nanded,2015,Mahur,0.0,0.0,0.0,0.0,0.0,0.0,,,
Nanded,2015,Kinvat,0.0,0.0,0.0,0.0,0.0,0.0,,,
Nanded,2015,Himalay nagar,1.0,51.0,0.0,0.0,0.0,140.0,,,
Nanded,2015,hadgaon,14.0,610.0,5182000.0,14200.0,1.0,500.0,,,
Nanded,2015,andhrapur,7.0,357.0,3475000.0,9500.0,0.0,0.0,,,
Nanded,2015,Nanded,4.0,173.0,1164000.0,3200.0,1.0,100000.0,,,
Nanded,2015,Mudkhed,3.0,153.0,5604000.0,15400.0,0.0,0.0,,,
Nanded,2015,bhokar,1.0,51.0,824000.0,2300.0,0.0,0.0,,,
Nanded,2015,umari,0.0,0.0,0.0,0.0,0.0,0.0,,,
Nanded,2015,dharmabad,0.0,0.0,0.0,0.0,0.0,0.0,,,
Nanded,2015,biloli,1.0,51.0,286000.0,800.0,0.0,0.0,,,
Nanded,2015,naygaon,4.0,172.0,3988000.0,10900.0,1.0,500.0,,,
Nanded,2015,loha,17.0,865.0,13613000.0,37300.0,1.0,4000.0,,,
Nanded,2015,kandhar,0.0,102.0,15000.0,0.0,0.0,0.0,,,
Nanded,2015,Mukhed,0.0,0.0,0.0,0.0,0.0,0.0,,,
Nanded,2015,deglur,21.0,1011.0,4102000.0,11200.0,1.0,1000.0,,,
Nanded,2016,Mahur,0.0,0.0,0.0,0.0,0.0,0.0,,,
Nanded,2016,Kinvat,0.0,0.0,0.0,0.0,0.0,0.0,,,
Nanded,2016,Himalay nagar,1.0,51.0,0.0,0.0,0.0,0.0,,,
Nanded,2016,hadgaon,13.0,663.0,244000.0,670.0,0.0,0.0,,,
Nanded,2016,andhrapur,10.0,510.0,123000.0,340.0,2.0,1000.0,,,
Nanded,2016,Nanded,3.0,153.0,33000.0,90.0,0.0,0.0,,,
Nanded,2016,Mudkhed,3.0,153.0,43000.0,120.0,0.0,0.0,,,
Nanded,2016,bhokar,1.0,51.0,29000.0,80.0,0.0,0.0,,,
Nanded,2016,umari,0.0,0.0,0.0,0.0,0.0,0.0,,,
Nanded,2016,dharmabad,0.0,0.0,0.0,0.0,0.0,0.0,,,
Nanded,2016,biloli,3.0,153.0,1028000.0,2820.0,0.0,0.0,,,
Nanded,2016,naygaon,7.0,357.0,84000.0,230.0,0.0,0.0,,,
Nanded,2016,loha,18.0,918.0,276000.0,760.0,3.0,500.0,,,
Nanded,2016,kandhar,0.0,0.0,0.0,0.0,0.0,0.0,,,
Nanded,2016,Mukhed,1.0,51.0,0.0,0.0,0.0,0.0,,,
Nanded,2016,deglur,14.0,714.0,108000.0,300.0,0.0,0.0,,,
Nanded,2017,Mahur,0.0,0.0,0.0,0.0,0.0,0.0,,,
Nanded,2017,Kinvat,0.0,0.0,0.0,0.0,0.0,0.0,,,
Nanded,2017,Himalay nagar,1.0,51.0,0.0,0.0,0.0,0.0,,,
Nanded,2017,hadgaon,1.0,51.0,0.0,0.0,1.0,500.0,,,
Nanded,2017,andhrapur,10.0,510.0,46169.0,130.0,1.0,1000.0,,,
Nanded,2017,Nanded,2.0,102.0,0.0,0.0,1.0,3000.0,,,
Nanded,2017,Mudkhed,2.0,102.0,1513.0,0.0,2.0,1500.0,,,
Nanded,2017,bhokar,0.0,0.0,0.0,0.0,0.0,0.0,,,
Nanded,2017,umari,0.0,0.0,0.0,0.0,0.0,0.0,,,
Nanded,2017,dharmabad,0.0,0.0,0.0,0.0,0.0,0.0,,,
Nanded,2017,biloli,2.0,102.0,0.0,0.0,0.0,0.0,,,
Nanded,2017,naygaon,6.0,306.0,45563.0,120.0,2.0,1500.0,,,
Nanded,2017,loha,17.0,867.0,546867.0,1500.0,3.0,1500.0,,,
Nanded,2017,kandhar,1.0,51.0,0.0,0.0,0.0,0.0,,,
Nanded,2017,Mukhed,0.0,0.0,0.0,0.0,0.0,0.0,,,
Nanded,2017,deglur,7.0,357.0,134401.0,370.0,2.0,1500.0,,,
Nanded,2018,Mahur,0.0,0.0,0.0,0.0,0.0,0.0,,,
Nanded,2018,Kinvat,0.0,0.0,0.0,0.0,0.0,0.0,,,
Nanded,2018,Himalay nagar,0.0,0.0,0.0,0.0,0.0,0.0,,,
Nanded,2018,hadgaon,0.0,0.0,0.0,0.0,0.0,0.0,,,
Nanded,2018,andhrapur,2.0,102.0,105120.0,290.0,2.0,1000.0,,,
Nanded,2018,Nanded,2.0,102.0,0.0,0.0,1.0,3000.0,,,
Nanded,2018,Mudkhed,0.0,0.0,0.0,0.0,2.0,1500.0,,,
Nanded,2018,bhokar,0.0,0.0,0.0,0.0,0.0,0.0,,,
Nanded,2018,umari,0.0,0.0,0.0,0.0,0.0,0.0,,,
Nanded,2018,dharmabad,0.0,0.0,0.0,0.0,0.0,0.0,,,
Nanded,2018,biloli,1.0,51.0,0.0,,0.0,0.0,,,
Nanded,2018,naygaon,8.0,408.0,64599.99999999999,180.0,2.0,1500.0,,,
Nanded,2018,loha,16.0,816.0,837310.0,2290.0,2.0,1500.0,,,
Nanded,2018,kandhar,0.0,0.0,0.0,0.0,0.0,0.0,,,
Nanded,2018,Mukhed,0.0,0.0,0.0,0.0,0.0,0.0,,,
Nanded,2018,deglur,4.0,204.0,93440.0,260.0,2.0,1500.0,,,
Nanded,2019,Mahur,0.0,0.0,0.0,0.0,0.0,0.0,,,
Nanded,2019,Kinvat,0.0,0.0,0.0,0.0,0.0,0.0,,,
Nanded,2019,Himalay nagar,0.0,0.0,0.0,0.0,0.0,0.0,,,
Nanded,2019,hadgaon,0.0,0.0,0.0,0.0,0.0,0.0,,,
Nanded,2019,andhrapur,3.0,153.0,23740.0,65.0,2.0,2000.0,,,
Nanded,2019,Nanded,2.0,102.0,0.0,0.0,1.0,3000.0,,,
Nanded,2019,Mudkhed,0.0,0.0,0.0,0.0,2.0,1500.0,,,
Nanded,2019,bhokar,0.0,0.0,0.0,0.0,0.0,0.0,,,
Nanded,2019,umari,0.0,0.0,0.0,0.0,0.0,0.0,,,
Nanded,2019,dharmabad,0.0,0.0,0.0,0.0,0.0,0.0,,,
Nanded,2019,biloli,1.0,51.0,0.0,,0.0,0.0,,,
Nanded,2019,naygaon,8.0,408.0,44620.0,122.0,2.0,1500.0,,,
Nanded,2019,loha,16.0,816.0,322419.0,883.0,1.0,500.0,,,
Nanded,2019,kandhar,0.0,0.0,0.0,0.0,0.0,0.0,,,
Nanded,2019,Mukhed,0.0,0.0,0.0,0.0,0.0,0.0,,,
Nanded,2019,deglur,6.0,306.0,44616.0,122.0,2.0,1500.0,,,
Nanded,2020,Mahur,0.0,0.0,0.0,0.0,0.0,0.0,,,
Nanded,2020,Kinvat,0.0,0.0,0.0,0.0,0.0,0.0,,,
Nanded,2020,Himalay nagar,0.0,0.0,0.0,0.0,0.0,0.0,,,
Nanded,2020,hadgaon,0.0,0.0,0.0,0.0,0.0,0.0,,,
Nanded,2020,andhrapur,3.0,153.0,13500.0,37.0,2.0,2000.0,,,
Nanded,2020,Nanded,2.0,102.0,0.0,0.0,1.0,3000.0,,,
Nanded,2020,Mudkhed,0.0,0.0,0.0,0.0,2.0,1500.0,,,
Nanded,2020,bhokar,0.0,0.0,0.0,0.0,0.0,0.0,,,
Nanded,2020,umari,0.0,0.0,0.0,0.0,0.0,0.0,,,
Nanded,2020,dharmabad,0.0,0.0,0.0,0.0,0.0,0.0,,,
Nanded,2020,biloli,1.0,51.0,0.0,,0.0,0.0,,,
Nanded,2020,naygaon,5.0,255.0,15330.0,42.0,2.0,1500.0,,,
Nanded,2020,loha,14.0,714.0,242725.0,665.0,1.0,500.0,,,
Nanded,2020,kandhar,0.0,0.0,0.0,0.0,0.0,0.0,,,
Nanded,2020,Mukhed,0.0,0.0,0.0,0.0,0.0,0.0,,,
Nanded,2020,deglur,4.0,204.0,79570.0,218.0,2.0,1500.0,,,
Nanded,2021,Mahur,0.0,0.0,0.0,0.0,0.0,0.0,,,
Nanded,2021,Kinvat,0.0,0.0,0.0,0.0,0.0,0.0,,,
Nanded,2021,Himalay nagar,0.0,0.0,0.0,0.0,0.0,0.0,,,
Nanded,2021,hadgaon,0.0,0.0,0.0,0.0,0.0,0.0,,,
Nanded,2021,andhrapur,3.0,153.0,9000.0,25.0,2.0,2000.0,,,
Nanded,2021,Nanded,2.0,102.0,0.0,0.0,1.0,8000.0,,,
Nanded,2021,Mudkhed,0.0,0.0,0.0,0.0,2.0,1500.0,,,
Nanded,2021,bhokar,0.0,0.0,0.0,0.0,0.0,0.0,,,
Nanded,2021,umari,0.0,0.0,0.0,0.0,0.0,0.0,,,
Nanded,2021,dharmabad,0.0,0.0,0.0,0.0,0.0,0.0,,,
Nanded,2021,biloli,1.0,51.0,0.0,,0.0,0.0,,,
Nanded,2021,naygaon,5.0,255.0,10580.0,29.0,2.0,1500.0,,,
Nanded,2021,loha,14.0,714.0,148185.0,406.0,0.0,0.0,,,
Nanded,2021,kandhar,0.0,0.0,0.0,0.0,0.0,0.0,,,
Nanded,2021,Mukhed,0.0,0.0,0.0,0.0,0.0,0.0,,,
Nanded,2021,deglur,4.0,204.0,66430.0,182.0,1.0,500.0,,,
Nandurbar,2006,Akkalkuva,16.0,1600.0,0.0,0.0,0.0,0.0,,,
Nandurbar,2006,Akrani,1.0,100.0,0.0,0.0,0.0,0.0,,,
Nandurbar,2006,Taloda,45.0,4500.0,0.0,0.0,1.0,10000.0,,,
Nandurbar,2006,Shahada,148.0,14800.0,20460000.0,56000.0,1.0,30000.0,,,
Nandurbar,2006,Nandurbar,93.0,9300.0,5136000.0,14000.0,1.0,50000.0,,,
Nandurbar,2006,Navapur,47.0,4700.0,0.0,0.0,0.0,0.0,,,
Nandurbar,2008,Akkalkuva,16.0,1600.0,0.0,0.0,0.0,0.0,,,
Nandurbar,2008,Akrani,1.0,100.0,0.0,,0.0,0.0,,,
Nandurbar,2008,Taloda,46.0,4600.0,0.0,0.0,1.0,10000.0,,,
Nandurbar,2008,Shahada,148.0,14800.0,18000.0,50.0,1.0,30000.0,,,
Nandurbar,2008,Nandurbar,94.0,9400.0,789000.0,2160.0,1.0,50000.0,,,
Nandurbar,2008,Navapur,49.0,4900.0,0.0,0.0,0.0,0.0,,,
Nandurbar,2009,Akkalkuva,16.0,1600.0,0.0,0.0,0.0,0.0,,,
Nandurbar,2009,Akrani,1.0,100.0,0.0,0.0,0.0,0.0,,,
Nandurbar,2009,Taloda,46.0,4600.0,0.0,0.0,1.0,10000.0,,,
Nandurbar,2009,Shahada,148.0,14800.0,560.0,150.0,1.0,30000.0,,,
Nandurbar,2009,Nandurbar,94.0,9400.0,0.0,0.0,1.0,50000.0,,,
Nandurbar,2009,Navapur,49.0,4900.0,0.0,0.0,0.0,0.0,,,
Nandurbar,2010,Akkalkuva,0.0,0.0,0.0,0.0,0.0,0.0,,,
Nandurbar,2010,Akrani,0.0,0.0,0.0,0.0,0.0,0.0,,,
Nandurbar,2010,Taloda,44.0,4400.0,0.0,0.0,1.0,20000.0,,,
Nandurbar,2010,Shahada,116.0,11600.0,0.0,0.0,1.0,20000.0,,,
Nandurbar,2010,Nandurbar,81.0,8100.0,0.0,0.0,1.0,50000.0,,,
Nandurbar,2010,Navapur,3.0,300.0,0.0,0.0,0.0,0.0,,,
Nandurbar,2011,Akkalkuva,0.0,0.0,0.0,0.0,0.0,0.0,,,
Nandurbar,2011,Akrani,0.0,0.0,0.0,0.0,0.0,0.0,,,
Nandurbar,2011,Taloda,44.0,2292.0,0.0,0.0,1.0,10000.0,,,
Nandurbar,2011,Shahada,118.0,6148.0,0.0,0.0,1.0,30000.0,,,
Nandurbar,2011,Nandurbar,18.0,938.0,0.0,0.0,1.0,50000.0,,,
Nandurbar,2011,Navapur,3.0,178.0,0.0,0.0,0.0,0.0,,,
Nandurbar,2012,Akkalkuva,0.0,0.0,0.0,0.0,0.0,0.0,,,
Nandurbar,2012,Akrani,0.0,0.0,0.0,0.0,0.0,0.0,,,
Nandurbar,2012,Taloda,44.0,2270.0,0.0,0.0,1.0,10000.0,,,
Nandurbar,2012,Shahada,116.0,5953.0,0.0,0.0,1.0,30000.0,,,
Nandurbar,2012,Nandurbar,18.0,932.0,0.0,0.0,1.0,50000.0,,,
Nandurbar,2012,Navapur,3.0,161.0,0.0,0.0,0.0,0.0,,,
Nandurbar,2013,Akkalkuva,0.0,0.0,0.0,0.0,0.0,0.0,,,
Nandurbar,2013,Akrani,0.0,0.0,0.0,0.0,0.0,0.0,,,
Nandurbar,2013,Taloda,44.0,2270.0,0.0,0.0,1.0,10000.0,,,
Nandurbar,2013,Shahada,116.0,5953.0,0.0,0.0,1.0,30000.0,,,
Nandurbar,2013,Nandurbar,21.0,1092.0,0.0,0.0,1.0,50000.0,,,
Nandurbar,2013,Navapur,3.0,161.0,0.0,0.0,0.0,0.0,,,
Nandurbar,2014,Akkalkuva,0.0,0.0,0.0,0.0,0.0,0.0,,,
Nandurbar,2014,Akrani,0.0,0.0,0.0,0.0,0.0,0.0,,,
Nandurbar,2014,Taloda,44.0,2270.0,0.0,0.0,1.0,10000.0,,,
Nandurbar,2014,Shahada,116.0,5953.0,0.0,0.0,1.0,30000.0,,,
Nandurbar,2014,Nandurbar,87.0,4959.0,0.0,0.0,1.0,50000.0,,,
Nandurbar,2014,Navapur,3.0,161.0,0.0,0.0,0.0,0.0,,,
Nandurbar,2015,Akkalkuva,0.0,0.0,0.0,0.0,0.0,0.0,,,
Nandurbar,2015,Akrani,0.0,0.0,0.0,0.0,0.0,0.0,,,
Nandurbar,2015,Taloda,5.0,311.0,0.0,0.0,1.0,10000.0,,,
Nandurbar,2015,Shahada,11.0,1683.0,0.0,0.0,1.0,30000.0,,,
Nandurbar,2015,Nandurbar,10.0,1534.0,0.0,0.0,1.0,50000.0,,,
Nandurbar,2015,Navapur,2.0,115.0,0.0,0.0,0.0,0.0,,,
Nandurbar,2016,Akkalkuva,0.0,0.0,0.0,0.0,0.0,0.0,,,
Nandurbar,2016,Akrani,0.0,0.0,0.0,0.0,0.0,0.0,,,
Nandurbar,2016,Taloda,5.0,311.0,0.0,0.0,0.0,0.0,,,
Nandurbar,2016,Shahada,11.0,1683.0,0.0,0.0,1.0,20000.0,,,
Nandurbar,2016,Nandurbar,10.0,1534.0,0.0,0.0,0.0,0.0,,,
Nandurbar,2016,Navapur,2.0,115.0,0.0,0.0,0.0,0.0,,,
Nandurbar,2017,Akkalkuva,0.0,0.0,0.0,0.0,0.0,0.0,,,
Nandurbar,2017,Akrani,0.0,0.0,0.0,0.0,0.0,0.0,,,
Nandurbar,2017,Taloda,5.0,311.0,0.0,0.0,0.0,0.0,,,
Nandurbar,2017,Shahada,11.0,1683.0,0.0,0.0,1.0,20000.0,,,
Nandurbar,2017,Nandurbar,10.0,1534.0,0.0,0.0,0.0,0.0,,,
Nandurbar,2017,Navapur,2.0,115.0,0.0,0.0,0.0,0.0,,,
Nandurbar,2018,Akkalkuva,0.0,0.0,0.0,0.0,0.0,0.0,,,
Nandurbar,2018,Akrani,0.0,0.0,0.0,0.0,0.0,0.0,,,
Nandurbar,2018,Taloda,5.0,311.0,0.0,0.0,0.0,0.0,,,
Nandurbar,2018,Shahada,11.0,1683.0,0.0,0.0,1.0,20000.0,,,
Nandurbar,2018,Nandurbar,10.0,1534.0,0.0,0.0,0.0,0.0,,,
Nandurbar,2018,Navapur,2.0,115.0,0.0,0.0,0.0,0.0,,,
Nandurbar,2019,Akkalkuva,0.0,0.0,0.0,0.0,0.0,0.0,,,
Nandurbar,2019,Akrani,0.0,0.0,0.0,0.0,0.0,0.0,,,
Nandurbar,2019,Taloda,5.0,311.0,0.0,0.0,0.0,0.0,,,
Nandurbar,2019,Shahada,11.0,1683.0,0.0,0.0,1.0,20000.0,,,
Nandurbar,2019,Nandurbar,10.0,1534.0,0.0,0.0,0.0,0.0,,,
Nandurbar,2019,Navapur,2.0,115.0,0.0,0.0,0.0,0.0,,,
Nandurbar,2020,Akkalkuva,0.0,0.0,0.0,0.0,0.0,0.0,,,
Nandurbar,2020,Akrani,0.0,0.0,0.0,0.0,0.0,0.0,,,
Nandurbar,2020,Taloda,37.0,2105.0,0.0,0.0,0.0,0.0,,,
Nandurbar,2020,Shahada,100.0,5300.0,0.0,0.0,0.0,0.0,,,
Nandurbar,2020,Nandurbar,87.0,4437.0,0.0,0.0,0.0,0.0,,,
Nandurbar,2020,Navapur,2.0,105.0,0.0,0.0,0.0,0.0,,,
Nandurbar,2021,Akkalkuva,0.0,0.0,0.0,0.0,0.0,0.0,,,
Nandurbar,2021,Akrani,0.0,0.0,0.0,0.0,0.0,0.0,,,
Nandurbar,2021,Taloda,37.0,2105.0,0.0,0.0,0.0,0.0,,,
Nandurbar,2021,Shahada,100.0,5300.0,0.0,0.0,0.0,0.0,,,
Nandurbar,2021,Nandurbar,87.0,4437.0,0.0,0.0,0.0,0.0,,,
Nandurbar,2021,Navapur,2.0,105.0,0.0,0.0,0.0,0.0,,,
Nashik,2012,Surgana,2.0,102.0,,,,,,,
Nashik,2012,Kalwan,17.0,867.0,,,,,,,
Nashik,2012,Devala,19.0,969.0,,,,,,,
Nashik,2012,Baglan,12.0,612.0,,,,,,,
Nashik,2012,Malegaon,79.0,4029.0,,,1.0,20000.0,,,
Nashik,2012,Nandgaon,21.0,1071.0,,,,,,,
Nashik,2012,Chandwad,38.0,1938.0,682000000.0,1869000.0,1.0,10000.0,,,
Nashik,2012,Dindori,67.0,3417.0,524500000.0,1437000.0,1.0,20000.0,,,
Nashik,2012,Peth,,,,,,,,,
Nashik,2012,Trimbak,1.0,51.0,,,,,,,
Nashik,2012,Nashik,26.0,1326.0,2167005000.0,5937000.0,3.0,65000.0,,,
Nashik,2012,Igatpuri,11.0,561.0,,,1.0,10000.0,,,
Nashik,2012,Sinner,134.0,6834.0,13834230000.0,37902000.0,2.0,40000.0,,,
Nashik,2012,Nifad,106.0,5406.0,1172000000.0,3211000.0,1.0,10000.0,,,
Nashik,2012,Yewala,120.0,6120.0,898250000.0,2461000.0,0.0,0.0,,,
Nashik,2013,Surgana,16.0,816.0,1734115000.0,4751000.0,0.0,0.0,,,
Nashik,2013,Kalwan,17.0,871.0,0.0,0.0,0.0,0.0,,,
Nashik,2013,Devala,19.0,973.0,0.0,0.0,0.0,0.0,,,
Nashik,2013,Baglan,13.0,663.0,0.0,0.0,0.0,0.0,,,
Nashik,2013,Malegaon,80.0,4094.0,0.0,0.0,0.0,0.0,,,
Nashik,2013,Nandgaon,21.0,1071.0,0.0,0.0,0.0,0.0,,,
Nashik,2013,Chandwad,31.0,1590.0,715400000.0,1960000.0,0.0,0.0,,,
Nashik,2013,Dindori,67.0,3431.0,127385000.0,349000.0,0.0,0.0,,,
Nashik,2013,Peth,0.0,0.0,0.0,0.0,0.0,0.0,,,
Nashik,2013,Trimbak,41.0,2091.0,0.0,0.0,0.0,0.0,,,
Nashik,2013,Nashik,22.0,1129.0,594950000.0,1630000.0,3.0,65000.0,,,
Nashik,2013,Igatpuri,46.0,2346.0,0.0,0.0,1.0,10000.0,,,
Nashik,2013,Sinner,135.0,6893.0,16466345000.0,45113000.0,2.0,30000.0,,,
Nashik,2013,Nifad,108.0,5521.0,1000830000.0,2742000.0,1.0,10000.0,,,
Nashik,2013,Yewala,102.0,5217.0,1153400000.0,3160000.0,0.0,0.0,,,
Nashik,2014,Surgana,17.0,867.0,832200000.0,2280000.0,0.0,0.0,,,
Nashik,2014,Kalwan,0.0,0.0,0.0,0.0,0.0,0.0,,,
Nashik,2014,Devala,7.0,357.0,401500000.0,1110000.0,0.0,0.0,,,
Nashik,2014,Baglan,5.0,255.0,0.0,0.0,0.0,0.0,,,
Nashik,2014,Malegaon,26.0,1326.0,0.0,0.0,0.0,0.0,,,
Nashik,2014,Nandgaon,12.0,612.0,0.0,0.0,0.0,0.0,,,
Nashik,2014,Chandwad,19.0,969.0,521950000.0,1430000.0,0.0,0.0,,,
Nashik,2014,Dindori,14.0,714.0,152570000.0,418000.0,0.0,0.0,,,
Nashik,2014,Peth,1.0,51.0,0.0,0.0,0.0,0.0,,,
Nashik,2014,Trimbak,44.0,2244.0,0.0,0.0,0.0,0.0,,,
Nashik,2014,Nashik,9.0,459.0,107675000.0,295000.0,0.0,0.0,,,
Nashik,2014,Igatpuri,46.0,2346.0,0.0,0.0,1.0,0.0,,,
Nashik,2014,Sinner,58.0,2958.0,15108080000.0,41392000.0,2.0,0.0,,,
Nashik,2014,Nifad,53.0,2703.0,535820000.0,1468000.0,1.0,0.0,,,
Nashik,2014,Yewala,64.0,3264.0,0.0,0.0,0.0,0.0,,,
Nashik,2015,Surgana,19.0,969.0,843150000.0,2310000.0,0.0,0.0,,,
Nashik,2015,Kalwan,2.0,102.0,0.0,0.0,0.0,0.0,,,
Nashik,2015,Devala,4.0,204.0,584000000.0,1600000.0,0.0,0.0,,,
Nashik,2015,Baglan,2.0,102.0,0.0,0.0,0.0,0.0,,,
Nashik,2015,Malegaon,34.0,1734.0,0.0,0.0,0.0,0.0,,,
Nashik,2015,Nandgaon,11.0,561.0,0.0,0.0,0.0,0.0,,,
Nashik,2015,Chandwad,15.0,765.0,437200000.0,1280000.0,0.0,0.0,,,
Nashik,2015,Dindori,15.0,765.0,94170000.0,258000.0,0.0,0.0,,,
Nashik,2015,Peth,0.0,0.0,0.0,0.0,0.0,0.0,,,
Nashik,2015,Trimbak,45.0,2295.0,0.0,0.0,0.0,0.0,,,
Nashik,2015,Nashik,9.0,459.0,114245000.0,313000.0,0.0,0.0,,,
Nashik,2015,Igatpuri,42.0,2142.0,0.0,0.0,0.0,0.0,,,
Nashik,2015,Sinner,48.0,2448.0,12270935000.0,33619000.0,0.0,0.0,,,
Nashik,2015,Nifad,73.0,3723.0,422305000.0,1157000.0,0.0,0.0,,,
Nashik,2015,Yewala,46.0,2346.0,0.0,0.0,0.0,0.0,,,
Nashik,2016,Surgana,18.0,1236.0,310250000.0,850000.0,0.0,0.0,,,
Nashik,2016,Kalwan,1.0,49.0,0.0,0.0,0.0,0.0,,,
Nashik,2016,Devala,7.0,368.0,0.0,0.0,0.0,0.0,,,
Nashik,2016,Baglan,1.0,51.0,0.0,0.0,0.0,0.0,,,
Nashik,2016,Malegaon,19.0,1152.0,0.0,0.0,1.0,50000.0,,,
Nashik,2016,Nandgaon,11.0,639.0,0.0,0.0,0.0,0.0,,,
Nashik,2016,Chandwad,12.0,1241.0,456250000.0,1250000.0,1.0,10000.0,,,
Nashik,2016,Dindori,11.0,953.0,0.0,0.0,1.0,20000.0,,,
Nashik,2016,Peth,0.0,0.0,0.0,0.0,0.0,0.0,,,
Nashik,2016,Trimbak,44.0,1138.0,0.0,0.0,0.0,0.0,,,
Nashik,2016,Nashik,7.0,562.0,109500000.0,300000.0,1.0,50000.0,,,
Nashik,2016,Igatpuri,50.0,1016.0,0.0,0.0,0.0,0.0,,,
Nashik,2016,Sinner,48.0,2858.0,10986500000.0,30100000.0,2.0,70000.0,,,
Nashik,2016,Nifad,28.0,1647.0,511000000.0,1400000.0,1.0,5000.0,,,
Nashik,2016,Yewala,60.0,2197.0,0.0,0.0,0.0,0.0,,,
Nashik,2017,Surgana,18.0,1540.0,1971000000.0,5400000.0,0.0,0.0,,,
Nashik,2017,Kalwan,1.0,53.0,127750000.0,350000.0,0.0,0.0,,,
Nashik,2017,Devala,7.0,435.0,766500000.0,2100000.0,0.0,0.0,,,
Nashik,2017,Baglan,1.0,56.0,109500000.0,300000.0,0.0,0.0,,,
Nashik,2017,Malegaon,20.0,1080.0,2190000000.0,6000000.0,3.0,50000.0,,,
Nashik,2017,Nandgaon,17.0,886.0,1861500000.0,5100000.0,0.0,0.0,,,
Nashik,2017,Chandwad,12.0,638.0,1752000000.0,4800000.0,0.0,0.0,,,
Nashik,2017,Dindori,11.0,590.0,1095000000.0,3000000.0,0.0,0.0,,,
Nashik,2017,Peth,0.0,0.0,0.0,0.0,0.0,0.0,,,
Nashik,2017,Trimbak,44.0,2244.0,803000000.0,2200000.0,0.0,0.0,,,
Nashik,2017,Nashik,7.0,398.0,766500000.0,2100000.0,1.0,0.0,,,
Nashik,2017,Igatpuri,51.0,2601.0,657000000.0,1800000.0,1.0,10000.0,,,
Nashik,2017,Sinner,51.0,2628.0,13450250000.0,36850000.0,2.0,10000.0,,,
Nashik,2017,Nifad,28.0,1522.0,3066000000.0,8400000.0,0.0,0.0,,,
Nashik,2017,Yewala,61.0,3213.0,4380000000.0,12000000.0,0.0,0.0,,,
Nashik,2018,Surgana,12.0,612.0,1116900.0,3060.0,0.0,0.0,,,
Nashik,2018,Kalwan,1.0,51.0,93080.0,260.0,0.0,0.0,,,
Nashik,2018,Devala,3.0,153.0,279230.0,770.0,0.0,0.0,,,
Nashik,2018,Baglan,1.0,51.0,93080.0,260.0,0.0,0.0,,,
Nashik,2018,Malegaon,15.0,765.0,1396130.0,3830.0,3.0,60000.0,,,
Nashik,2018,Nandgaon,20.0,1020.0,1861500.0,5100.0,0.0,0.0,,,
Nashik,2018,Chandwad,8.0,408.0,744600.0,2040.0,0.0,0.0,,,
Nashik,2018,Dindori,9.0,459.0,837680.0,2300.0,0.0,0.0,,,
Nashik,2018,Peth,0.0,0.0,0.0,0.0,0.0,0.0,,,
Nashik,2018,Trimbak,35.0,1785.0,3257630.0,8930.0,0.0,0.0,,,
Nashik,2018,Nashik,6.0,306.0,558450.0,1530.0,1.0,0.0,,,
Nashik,2018,Igatpuri,39.0,1989.0,3629930.0,9950.0,1.0,10000.0,,,
Nashik,2018,Sinner,37.0,1887.0,3443780.0,9440.0,2.0,10000.0,,,
Nashik,2018,Nifad,15.0,765.0,1396130.0,3830.0,0.0,0.0,,,
Nashik,2018,Yewala,52.0,2652.0,4839900.0,13260.0,0.0,0.0,,,
Nashik,2019,Surgana,12.0,636.0,930750.0,2550.0,0.0,0.0,,,
Nashik,2019,Kalwan,1.0,53.0,2775620.0,7600.0,0.0,0.0,,,
Nashik,2019,Devala,3.0,159.0,2326870.0,6370.0,0.0,0.0,,,
Nashik,2019,Baglan,1.0,52.0,7756250.0,21250.0,0.0,0.0,,,
Nashik,2019,Malegaon,15.0,780.0,17520000.0,48000.0,3.0,50000.0,,,
Nashik,2019,Nandgaon,21.0,1021.0,4818000.0,13200.0,0.0,0.0,,,
Nashik,2019,Chandwad,8.0,408.0,6020150.0,16490.0,0.0,0.0,,,
Nashik,2019,Dindori,9.0,459.0,5475000.0,15000.0,0.0,0.0,,,
Nashik,2019,Peth,0.0,0.0,0.0,0.0,0.0,0.0,,,
Nashik,2019,Trimbak,35.0,1785.0,2714680.0,7440.0,0.0,0.0,,,
Nashik,2019,Nashik,7.0,364.0,7452500.0,20420.0,1.0,0.0,,,
Nashik,2019,Igatpuri,39.0,1989.0,3024930.0,8290.0,0.0,0.0,,,
Nashik,2019,Sinner,38.0,1938.0,38004530.0,104120.0,2.0,20000.0,,,
Nashik,2019,Nifad,17.0,867.0,20440000.0,56000.0,0.0,0.0,,,
Nashik,2019,Yewala,56.0,2856.0,7125530.0,19520.0,1.0,0.0,,,
Nashik,2020,Surgana,12.0,636.0,0.0,0.0,0.0,0.0,,,
Nashik,2020,Kalwan,1.0,53.0,0.0,0.0,0.0,0.0,,,
Nashik,2020,Devala,3.0,159.0,1460000.0,4000.0,1.0,5000.0,,,
Nashik,2020,Baglan,1.0,52.0,0.0,0.0,0.0,0.0,,,
Nashik,2020,Malegaon,15.0,780.0,18615000.0,51000.0,3.0,50000.0,,,
Nashik,2020,Nandgaon,21.0,1021.0,9125000.0,25000.0,2.0,10000.0,,,
Nashik,2020,Chandwad,8.0,408.0,0.0,0.0,0.0,0.0,,,
Nashik,2020,Dindori,9.0,459.0,8395000.0,23000.0,3.0,30000.0,,,
Nashik,2020,Peth,0.0,0.0,0.0,0.0,0.0,0.0,,,
Nashik,2020,Trimbak,35.0,1785.0,0.0,0.0,0.0,0.0,,,
Nashik,2020,Nashik,7.0,364.0,10585000.0,29000.0,4.0,50000.0,,,
Nashik,2020,Igatpuri,39.0,1989.0,730000.0,2000.0,1.0,10000.0,,,
Nashik,2020,Sinner,38.0,1938.0,40880000.0,112000.0,5.0,50000.0,,,
Nashik,2020,Nifad,18.0,923.0,41610000.0,114000.0,6.0,60000.0,,,
Nashik,2020,Yewala,56.0,2856.0,25550000.0,70000.0,4.0,40000.0,,,
Nashik,2021,Surgana,12.0,636.0,0.0,0.0,0.0,0.0,,,
Nashik,2021,Kalwan,1.0,53.0,0.0,0.0,0.0,0.0,,,
Nashik,2021,Devala,3.0,159.0,1468000.0,4000.0,1.0,5000.0,,,
Nashik,2021,Baglan,1.0,52.0,0.0,0.0,0.0,0.0,,,
Nashik,2021,Malegaon,15.0,890.0,13525000.0,37000.0,3.0,50000.0,,,
Nashik,2021,Nandgaon,21.0,1075.0,8514000.0,23000.0,2.0,10000.0,,,
Nashik,2021,Chandwad,8.0,408.0,0.0,0.0,0.0,0.0,,,
Nashik,2021,Dindori,9.0,459.0,10101000.0,28000.0,3.0,30000.0,,,
Nashik,2021,Peth,0.0,0.0,0.0,0.0,0.0,0.0,,,
Nashik,2021,Trimbak,35.0,1785.0,0.0,0.0,0.0,0.0,,,
Nashik,2021,Nashik,7.0,364.0,16069000.0,44000.0,4.0,50000.0,,,
Nashik,2021,Igatpuri,39.0,2143.0,944000.0,3000.0,1.0,10000.0,,,
Nashik,2021,Sinner,38.0,1938.0,45630000.0,125000.0,5.0,50000.0,,,
Nashik,2021,Nifad,18.0,923.0,43582000.0,119000.0,6.0,60000.0,,,
Nashik,2021,Yewala,56.0,2856.0,24836000.0,68000.0,4.0,40000.0,,,
Dharashiv,2012,Paranda,314.0,16014.0,1749000.0,4790.0,1.0,20000.0,,,
Dharashiv,2012,Bhum,360.0,18309.0,8062000.0,22090.0,2.0,80000.0,,,
Dharashiv,2012,Washi,138.0,6987.0,511000.0,1400.0,0.0,0.0,,,
Dharashiv,2012,Kalamb,222.0,11322.0,2474000.0,6780.0,1.0,30000.0,,,
Dharashiv,2012,Dharashiv,301.0,15249.0,1667000.0,4570.0,2.0,30000.0,,,
Dharashiv,2012,Tuljapur,52.0,2652.0,347000.0,950.0,0.0,0.0,,,
Dharashiv,2012,Lohara,54.0,2754.0,404000.0,1110.0,0.0,0.0,,,
Dharashiv,2012,Umaraga,83.0,4233.0,1087000.0,2980.0,1.0,4000.0,,,
Dharashiv,2013,Paranda,314.0,16014.0,1876000.0,5140.0,1.0,20000.0,,,
Dharashiv,2013,Bhum,360.0,18309.0,3971000.0,10880.0,2.0,80000.0,,,
Dharashiv,2013,Washi,137.0,6987.0,978000.0,2680.0,0.0,0.0,,,
Dharashiv,2013,Kalamb,222.0,11322.0,1677000.0,4600.0,1.0,30000.0,,,
Dharashiv,2013,Dharashiv,299.0,15249.0,768000.0,2100.0,2.0,30000.0,,,
Dharashiv,2013,Tuljapur,52.0,2652.0,407000.0,1110.0,0.0,0.0,,,
Dharashiv,2013,Lohara,54.0,2754.0,860000.0,2360.0,0.0,0.0,,,
Dharashiv,2013,Umaraga,83.0,4233.0,1562000.0,4280.0,1.0,4000.0,,,
Dharashiv,2014,Paranda,314.0,16014.0,44000.0,120.0,1.0,20000.0,,,
Dharashiv,2014,Bhum,360.0,18309.0,385000.0,1050.0,2.0,80000.0,,,
Dharashiv,2014,Washi,137.0,6987.0,514000.0,1410.0,0.0,0.0,,,
Dharashiv,2014,Kalamb,222.0,11322.0,147000.0,400.0,1.0,30000.0,,,
Dharashiv,2014,Dharashiv,299.0,15249.0,146000.0,400.0,2.0,30000.0,,,
Dharashiv,2014,Tuljapur,52.0,2652.0,0.0,0.0,0.0,0.0,,,
Dharashiv,2014,Lohara,54.0,2754.0,296000.0,810.0,0.0,0.0,,,
Dharashiv,2014,Umaraga,83.0,4233.0,120000.0,330.0,1.0,4000.0,,,
Dharashiv,2015,Paranda,2.0,102.0,64605000.0,177000.0,1.0,20000.0,,,
Dharashiv,2015,Bhum,4.0,204.0,528494000.0,1448000.0,2.0,80000.0,,,
Dharashiv,2015,Washi,5.0,255.0,445710000.0,1221000.0,0.0,0.0,,,
Dharashiv,2015,Kalamb,5.0,255.0,9855000.0,27000.0,1.0,30000.0,,,
Dharashiv,2015,Dharashiv,7.0,357.0,0.0,0.0,2.0,30000.0,,,
Dharashiv,2015,Tuljapur,10.0,510.0,0.0,0.0,0.0,0.0,,,
Dharashiv,2015,Lohara,3.0,153.0,323233000.0,886000.0,0.0,0.0,,,
Dharashiv,2015,Umaraga,2.0,102.0,25986000.0,71000.0,1.0,4000.0,,,
Dharashiv,2016,Paranda,3.0,201.0,64610.0,180.0,1.0,20000.0,,,
Dharashiv,2016,Bhum,9.0,459.0,485960.0,1330.0,2.0,80000.0,,,
Dharashiv,2016,Washi,5.0,455.0,87810.0,240.0,0.0,0.0,,,
Dharashiv,2016,Kalamb,5.0,342.0,128479.99999999999,350.0,1.0,30000.0,,,
Dharashiv,2016,Dharashiv,7.0,148.0,96730.0,270.0,2.0,30000.0,,,
Dharashiv,2016,Tuljapur,10.0,1153.0,0.0,0.0,0.0,0.0,,,
Dharashiv,2016,Lohara,4.0,153.0,294570.0,810.0,0.0,0.0,,,
Dharashiv,2016,Umaraga,3.0,205.0,76050.0,210.0,1.0,4000.0,,,
Dharashiv,2017,Paranda,7.0,405.0,115770.0,320.0,1.0,20000.0,,,
Dharashiv,2017,Bhum,17.0,867.0,658180.0,1800.0,2.0,80000.0,,,
Dharashiv,2017,Washi,5.0,455.0,0.0,0.0,0.0,0.0,,,
Dharashiv,2017,Kalamb,5.0,342.0,0.0,0.0,1.0,30000.0,,,
Dharashiv,2017,Dharashiv,8.0,1459.0,0.0,0.0,2.0,30000.0,,,
Dharashiv,2017,Tuljapur,10.0,1153.0,0.0,0.0,0.0,0.0,,,
Dharashiv,2017,Lohara,5.0,255.0,314700.0,860.0,0.0,0.0,,,
Dharashiv,2017,Umaraga,3.0,256.0,94440.0,260.0,1.0,4000.0,,,
Dharashiv,2018,Paranda,9.0,507.0,347100.0,950.0,1.0,20000.0,,,
Dharashiv,2018,Bhum,38.0,2035.0,2124000.0,5800.0,2.0,80000.0,,,
Dharashiv,2018,Washi,5.0,455.0,0.0,0.0,0.0,0.0,,,
Dharashiv,2018,Kalamb,2.0,177.0,0.0,0.0,1.0,30000.0,,,
Dharashiv,2018,Dharashiv,6.0,1269.0,0.0,0.0,2.0,30000.0,,,
Dharashiv,2018,Tuljapur,10.0,1153.0,0.0,0.0,0.0,0.0,,,
Dharashiv,2018,Lohara,5.0,255.0,602600.0,1700.0,0.0,0.0,,,
Dharashiv,2018,Umaraga,4.0,307.0,226000.0,620.0,1.0,4000.0,,,
Dharashiv,2019,Paranda,9.0,507.0,80000.0,220.0,1.0,20000.0,,,
Dharashiv,2019,Bhum,42.0,2239.0,504000.0,1380.0,2.0,80000.0,,,
Dharashiv,2019,Washi,5.0,455.0,0.0,0.0,0.0,0.0,,,
Dharashiv,2019,Kalamb,2.0,177.0,0.0,0.0,1.0,30000.0,,,
Dharashiv,2019,Dharashiv,6.0,1269.0,0.0,0.0,2.0,30000.0,,,
Dharashiv,2019,Tuljapur,10.0,1153.0,0.0,0.0,0.0,0.0,,,
Dharashiv,2019,Lohara,5.0,255.0,273000.0,750.0,0.0,0.0,,,
Dharashiv,2019,Umaraga,4.0,307.0,142000.0,390.0,1.0,4000.0,,,
Dharashiv,2020,Paranda,9.0,507.0,18060.0,50.0,1.0,20000.0,,,
Dharashiv,2020,Bhum,45.0,2652.0,293030.0,800.0,2.0,80000.0,,,
Dharashiv,2020,Washi,5.0,455.0,0.0,0.0,0.0,0.0,,,
Dharashiv,2020,Kalamb,2.0,177.0,0.0,0.0,1.0,30000.0,,,
Dharashiv,2020,Dharashiv,6.0,1269.0,0.0,0.0,2.0,30000.0,,,
Dharashiv,2020,Tuljapur,10.0,1153.0,0.0,0.0,0.0,0.0,,,
Dharashiv,2020,Lohara,5.0,102.0,182500.0,500.0,0.0,0.0,,,
Dharashiv,2020,Umaraga,4.0,255.0,105850.0,290.0,1.0,2000.0,,,
Dharashiv,2021,Paranda,6.0,385.0,0.0,0.0,1.0,20000.0,,,
Dharashiv,2021,Bhum,45.0,3906.0,0.0,0.0,2.0,80000.0,,,
Dharashiv,2021,Washi,6.0,372.0,0.0,0.0,0.0,0.0,,,
Dharashiv,2021,Kalamb,3.0,180.0,0.0,0.0,1.0,30000.0,,,
Dharashiv,2021,Dharashiv,6.0,372.0,0.0,0.0,2.0,30000.0,,,
Dharashiv,2021,Tuljapur,10.0,690.0,0.0,0.0,0.0,0.0,,,
Dharashiv,2021,Lohara,2.0,105.0,202900.0,560.0,0.0,0.0,,,
Dharashiv,2021,Umaraga,8.0,440.0,150043.0,410.0,1.0,2000.0,,,
Palghar,2014,Palghar,8.0,246.0,105000.0,287.0,0.0,0.0,,,
Palghar,2014,Vasai,4.0,103.0,90000.0,246.0,0.0,0.0,,,
Palghar,2014,Dahanu,5.0,159.0,105000.0,287.0,0.0,0.0,,,
Palghar,2014,Javhar,10.0,255.0,120000.0,328.0,0.0,0.0,,,
Palghar,2014,Talasari,0.0,0.0,0.0,0.0,0.0,0.0,,,
Palghar,2014,Mokhada,4.0,173.0,25000.0,68.0,0.0,0.0,,,
Palghar,2014,Vikramgad,3.0,90.0,70000.0,191.0,0.0,0.0,,,
Palghar,2014,Wada,15.0,380.0,220000.0,602.0,0.0,0.0,,,
Palghar,2015,Talasari,2.0,52.0,200000.0,540.0,0.0,0.0,,,
Palghar,2015,Dahanu,2.0,52.0,50000.0,130.0,0.0,0.0,,,
Palghar,2015,Vikramgad,1.0,98.0,135000.0,360.0,0.0,0.0,,,
Palghar,2015,Javhar,0.0,0.0,0.0,0.0,0.0,0.0,,,
Palghar,2015,Mokhada,0.0,0.0,0.0,0.0,0.0,0.0,,,
Palghar,2015,Wada,1.0,26.0,0.0,0.0,0.0,0.0,,,
Palghar,2015,Palghar,1.0,26.0,5000.0,10.0,0.0,0.0,,,
Palghar,2015,Vasai,5.0,127.0,145000.0,397.0,0.0,0.0,,,
Palghar,2016,Talasari,0.0,0.0,0.0,0.0,0.0,0.0,,,
Palghar,2016,Dahanu,1.0,98.0,135000.0,360.0,0.0,0.0,,,
Palghar,2016,Vikramgad,1.0,26.0,5000.0,10.0,0.0,0.0,,,
Palghar,2016,Javhar,0.0,0.0,0.0,0.0,0.0,0.0,,,
Palghar,2016,Mokhada,1.0,16.0,0.0,0.0,0.0,0.0,,,
Palghar,2016,Wada,5.0,127.0,145000.0,400.0,0.0,0.0,,,
Palghar,2016,Palghar,2.0,52.0,200000.0,540.0,0.0,0.0,,,
Palghar,2016,Vasai,2.0,52.0,50000.0,130.0,0.0,0.0,,,
Palghar,2017,Talasari,1.0,80.0,70000.0,200.0,0.0,0.0,,,
Palghar,2017,Dahanu,2.0,90.0,50000.0,110.0,0.0,0.0,,,
Palghar,2017,Vikramgad,1.0,80.0,40000.0,200.0,0.0,0.0,,,
Palghar,2017,Javhar,1.0,90.0,50000.0,200.0,0.0,0.0,,,
Palghar,2017,Mokhada,0.0,0.0,0.0,0.0,0.0,0.0,,,
Palghar,2017,Wada,5.0,120.0,100000.0,500.0,0.0,0.0,,,
Palghar,2017,Palghar,2.0,50.0,200000.0,500.0,0.0,0.0,,,
Palghar,2017,Vasai,2.0,50.0,50000.0,100.0,0.0,0.0,,,
Palghar,2018,Talasari,0.0,0.0,0.0,0.0,0.0,0.0,,,
Palghar,2018,Dahanu,1.0,98.0,48000.0,130.0,0.0,0.0,,,
Palghar,2018,Vikramgad,2.0,61.0,4000.0,10.0,0.0,0.0,,,
Palghar,2018,Javhar,11.0,308.0,7000.0,10.0,0.0,0.0,,,
Palghar,2018,Mokhada,1.0,26.0,0.0,0.0,0.0,0.0,,,
Palghar,2018,Wada,4.0,102.0,9000.0,20.0,0.0,0.0,,,
Palghar,2018,Palghar,2.0,54.0,10000.0,20.0,0.0,0.0,,,
Palghar,2018,Vasai,2.0,82.0,7000.0,10.0,0.0,0.0,,,
Palghar,2019,Talasari,0.0,0.0,0.0,0.0,0.0,0.0,,,
Palghar,2019,Dahanu,1.0,98.0,50000.0,130.0,1.0,10000.0,,,
Palghar,2019,Vikramgad,2.0,61.0,5000.0,10.0,0.0,0.0,,,
Palghar,2019,Javhar,11.0,308.0,8000.0,20.0,0.0,0.0,,,
Palghar,2019,Mokhada,1.0,26.0,0.0,0.0,0.0,0.0,,,
Palghar,2019,Wada,4.0,102.0,10000.0,20.0,0.0,0.0,,,
Palghar,2019,Palghar,2.0,54.0,10000.0,20.0,0.0,0.0,,,
Palghar,2019,Vasai,2.0,82.0,9000.0,20.0,0.0,0.0,,,
Palghar,2020,Talasari,0.0,0.0,0.0,0.0,0.0,0.0,,,
Palghar,2020,Dahanu,1.0,104.0,50000.0,150.0,1.0,10000.0,,,
Palghar,2020,Vikramgad,2.0,1482.0,5000.0,10.0,0.0,0.0,,,
Palghar,2020,Javhar,11.0,286.0,8000.0,20.0,0.0,0.0,,,
Palghar,2020,Mokhada,1.0,26.0,0.0,0.0,0.0,0.0,,,
Palghar,2020,Wada,4.0,104.0,10000.0,20.0,0.0,0.0,,,
Palghar,2020,Palghar,2.0,628.0,10000.0,20.0,0.0,0.0,,,
Palghar,2020,Vasai,2.0,90.0,10000.0,20.0,0.0,0.0,,,
Palghar,2021,Talasari,0.0,0.0,0.0,0.0,0.0,0.0,,,
Palghar,2021,Dahanu,1.0,104.0,1100.0,30.0,0.0,0.0,,,
Palghar,2021,Vikramgad,2.0,1482.0,1150.0,40.0,0.0,0.0,,,
Palghar,2021,Javhar,11.0,286.0,1100.0,30.0,0.0,0.0,,,
Palghar,2021,Mokhada,1.0,26.0,1100.0,30.0,0.0,0.0,,,
Palghar,2021,Wada,4.0,104.0,1100.0,30.0,0.0,0.0,,,
Palghar,2021,Palghar,2.0,628.0,1100.0,30.0,0.0,0.0,,,
Palghar,2021,Vasai,2.0,90.0,1100.0,30.0,0.0,0.0,,,
Parbhani,2013,Selu,5.0,255.0,219000000.0,600000.0,,,,,
Parbhani,2013,Jintur,1.0,51.0,255500000.0,700000.0,,,,,
Parbhani,2013,Parbhani,17.0,867.0,762120000.0,2089000.0,,,,,
Parbhani,2013,Manvat,6.0,306.0,146000000.0,400000.0,,,,,
Parbhani,2013,Pathari,6.0,306.0,331785000.0,909000.0,,,,,
Parbhani,2013,Sonpeth,2.0,102.0,36500000.0,100000.0,,,,,
Parbhani,2013,Gangakhed,22.0,1122.0,537645000.0,1473000.0,,,,,
Parbhani,2013,Palam,3.0,153.0,237250000.0,650000.0,,,,,
Parbhani,2013,Purna,1.0,51.0,182500000.0,500000.0,,,,,
Parbhani,2014,Selu,4.0,204.0,547500000.0,1500000.0,0.0,0.0,,,
Parbhani,2014,Jintur,2.0,102.0,255500000.0,700000.0,0.0,0.0,,,
Parbhani,2014,Parbhani,24.0,1224.0,1137340000.0,3116000.0,1.0,50000000.0,,,
Parbhani,2014,Manvat,5.0,255.0,237250000.0,650000.0,0.0,0.0,,,
Parbhani,2014,Pathari,3.0,153.0,539470000.0,1478000.0,1.0,2000000.0,,,
Parbhani,2014,Sonpeth,4.0,204.0,91250000.0,250000.0,0.0,0.0,,,
Parbhani,2014,Gangakhed,19.0,969.0,666490000.0,1826000.0,1.0,10000000.0,,,
Parbhani,2014,Palam,4.0,204.0,200750000.0,550000.0,0.0,0.0,,,
Parbhani,2014,Purna,2.0,102.0,273750000.0,750000.0,0.0,0.0,,,
Parbhani,2015,Selu,7.0,357.0,1039155000.0,2847000.0,0.0,0.0,,,
Parbhani,2015,Jintur,1.0,51.0,328500000.0,900000.0,0.0,0.0,,,
Parbhani,2015,Parbhani,25.0,1275.0,1277500000.0,3500000.0,1.0,50000000.0,,,
Parbhani,2015,Manvat,6.0,306.0,365000000.0,1000000.0,0.0,0.0,,,
Parbhani,2015,Pathari,7.0,357.0,912500000.0,2500000.0,1.0,2000000.0,,,
Parbhani,2015,Sonpeth,3.0,153.0,219000000.0,600000.0,0.0,0.0,,,
Parbhani,2015,Gangakhed,25.0,1275.0,956665000.0,2621000.0,1.0,10000000.0,,,
Parbhani,2015,Palam,5.0,255.0,346750000.0,950000.0,0.0,0.0,,,
Parbhani,2015,Purna,3.0,153.0,894980000.0,2452000.0,0.0,0.0,,,
Parbhani,2016,Selu,6.0,306.0,547500.0,1500.0,0.0,0.0,,,
Parbhani,2016,Jintur,1.0,51.0,127750.0,350.0,0.0,0.0,,,
Parbhani,2016,Parbhani,24.0,1224.0,1253775.0,3435.0,1.0,50000.0,,,
Parbhani,2016,Manvat,4.0,204.0,91250.0,250.0,0.0,0.0,,,
Parbhani,2016,Pathari,9.0,459.0,928560.0,2544.0,1.0,2000.0,,,
Parbhani,2016,Sonpeth,4.0,204.0,109500.0,300.0,0.0,0.0,,,
Parbhani,2016,Gangakhed,21.0,1071.0,1053025.0,2885.0,1.0,10000.0,,,
Parbhani,2016,Palam,4.0,204.0,219000.0,600.0,0.0,0.0,,,
Parbhani,2016,Purna,2.0,102.0,255500.0,700.0,0.0,0.0,,,
Parbhani,2017,Selu,6.0,306.0,471500.0,1290.0,0.0,0.0,,,
Parbhani,2017,Jintur,2.0,102.0,129470.0,350.0,0.0,0.0,,,
Parbhani,2017,Parbhani,28.0,1428.0,1849270.0,5070.0,1.0,50000.0,,,
Parbhani,2017,Manvat,4.0,204.0,198060.0,540.0,0.0,0.0,,,
Parbhani,2017,Pathari,18.0,918.0,2356520.0,6460.0,1.0,4000.0,,,
Parbhani,2017,Sonpeth,3.0,153.0,72460.0,200.0,0.0,0.0,,,
Parbhani,2017,Gangakhed,35.0,1785.0,1090820.0,2990.0,1.0,10000.0,,,
Parbhani,2017,Palam,7.0,357.0,199030.0,550.0,0.0,0.0,,,
Parbhani,2017,Purna,2.0,102.0,90820.0,250.0,0.0,0.0,,,
Parbhani,2018,Selu,6.0,306.0,912500.0,2500.0,0.0,0.0,,,
Parbhani,2018,Jintur,2.0,102.0,216080.0,590.0,0.0,0.0,,,
Parbhani,2018,Parbhani,41.0,2091.0,3787970.0,10380.0,1.0,40000.0,,,
Parbhani,2018,Manvat,5.0,255.0,538740.0,1480.0,0.0,0.0,,,
Parbhani,2018,Pathari,32.0,1632.0,5103430.0,13980.0,1.0,10000.0,,,
Parbhani,2018,Sonpeth,4.0,204.0,58400.0,160.0,0.0,0.0,,,
Parbhani,2018,Gangakhed,42.0,2142.0,2318480.0,6350.0,1.0,10000.0,,,
Parbhani,2018,Palam,7.0,357.0,262800.0,720.0,0.0,0.0,,,
Parbhani,2018,Purna,3.0,153.0,221920.0,610.0,0.0,0.0,,,
Parbhani,2019,Selu,9.0,204.0,327690.0,900.0,0.0,0.0,,,
Parbhani,2019,Jintur,3.0,51.0,33480.0,90.0,0.0,0.0,,,
Parbhani,2019,Parbhani,45.0,1275.0,2929830.0,8029.999999999999,1.0,40000.0,,,
Parbhani,2019,Manvat,14.0,153.0,261029.99999999997,720.0,0.0,0.0,,,
Parbhani,2019,Pathari,20.0,1020.0,2421300.0,6630.0,1.0,10000.0,,,
Parbhani,2019,Sonpeth,4.0,102.0,52700.0,140.0,0.0,0.0,,,
Parbhani,2019,Gangakhed,38.0,1275.0,1704100.0,4670.0,1.0,10000.0,,,
Parbhani,2019,Palam,8.0,204.0,81620.0,220.0,0.0,0.0,,,
Parbhani,2019,Purna,10.0,102.0,154820.0,420.0,0.0,0.0,,,
Parbhani,2020,Selu,9.0,459.0,45630.0,130.0,0.0,0.0,,,
Parbhani,2020,Jintur,3.0,153.0,0.0,0.0,0.0,0.0,,,
Parbhani,2020,Parbhani,47.0,2397.0,1430070.0,3920.0,1.0,40000.0,,,
Parbhani,2020,Manvat,14.0,714.0,54750.0,150.0,0.0,0.0,,,
Parbhani,2020,Pathari,20.0,1020.0,200750.0,550.0,2.0,15000.0,,,
Parbhani,2020,Sonpeth,4.0,204.0,40150.0,110.0,0.0,0.0,,,
Parbhani,2020,Gangakhed,38.0,1938.0,718690.0,1970.0,1.0,10000.0,,,
Parbhani,2020,Palam,8.0,408.0,63880.0,180.0,0.0,0.0,,,
Parbhani,2020,Purna,11.0,561.0,127750.0,350.0,0.0,0.0,,,
Parbhani,2021,Selu,9.0,153.0,68990.0,190.0,0.0,0.0,,,
Parbhani,2021,Jintur,6.0,510.0,75090.0,210.0,0.0,0.0,,,
Parbhani,2021,Parbhani,50.0,18999.0,949000.0,2600.0,1.0,40000.0,,,
Parbhani,2021,Manvat,14.0,510.0,255500.0,700.0,0.0,0.0,,,
Parbhani,2021,Pathari,22.0,1403.0,693500.0,1900.0,2.0,15000.0,,,
Parbhani,2021,Sonpeth,4.0,102.0,0.0,0.0,0.0,0.0,,,
Parbhani,2021,Gangakhed,38.0,1530.0,207320.0,570.0,1.0,10000.0,,,
Parbhani,2021,Palam,8.0,255.0,0.0,0.0,0.0,0.0,,,
Parbhani,2021,Purna,12.0,278.0,91250.0,250.0,0.0,0.0,,,
Raigad,2012,Uran,4.0,241.0,,,,,,,
Raigad,2012,Panwel,18.0,763.0,,,,,,,
Raigad,2012,karjat,14.0,823.0,22990.0,63.0,,,,,
Raigad,2012,khalapur,6.0,689.0,164980.0,452.0,1.0,20000.0,,,
Raigad,2012,pen,8.0,638.0,110960.0,304.0,,,,,
Raigad,2012,alibag,6.0,1321.0,58770.0,161.0,,,,,
Raigad,2012,murud,,,,,,,,,
Raigad,2012,roha,7.0,385.0,14970.0,41.0,,,,,
Raigad,2012,sudhagad,26.0,1342.0,188340.0,516.0,,,,,
Raigad,2012,mangaon,8.0,602.0,20070.0,55.0,,,,,
Raigad,2012,tala,,,,,,,,,
Raigad,2012,shreevardhan,,,,,,,,,
Raigad,2012,mhasala,1.0,31.0,2920.0,8.0,,,,,
Raigad,2012,mahad,21.0,3163.0,39420.0,108.0,1.0,20000.0,,,
Raigad,2012,poladpur,7.0,423.0,,,,,,,
Raigad,2013,Uran,4.0,241.0,0.0,0.0,0.0,0.0,,,
Raigad,2013,Panwel,18.0,763.0,0.0,0.0,0.0,0.0,,,
Raigad,2013,karjat,14.0,848.0,0.0,0.0,0.0,0.0,,,
Raigad,2013,khalapur,6.0,689.0,242000.0,660.0,1.0,20000.0,,,
Raigad,2013,pen,8.0,638.0,50000.0,140.0,0.0,0.0,,,
Raigad,2013,alibag,6.0,1321.0,54750.0,150.0,0.0,0.0,,,
Raigad,2013,murud,0.0,0.0,0.0,0.0,0.0,0.0,,,
Raigad,2013,roha,7.0,385.0,0.0,0.0,0.0,0.0,,,
Raigad,2013,sudhagad,26.0,1342.0,300210.0,820.0,0.0,0.0,,,
Raigad,2013,mangaon,8.0,602.0,16059.999999999998,40.0,0.0,0.0,,,
Raigad,2013,tala,0.0,0.0,0.0,0.0,0.0,0.0,,,
Raigad,2013,shreevardhan,0.0,0.0,0.0,0.0,0.0,0.0,,,
Raigad,2013,mhasala,1.0,31.0,0.0,0.0,0.0,0.0,,,
Raigad,2013,mahad,21.0,3163.0,4380.0,10.0,1.0,20000.0,,,
Raigad,2013,poladpur,7.0,423.0,0.0,0.0,0.0,0.0,,,
Raigad,2014,Uran,0.0,0.0,0.0,0.0,0.0,0.0,,,
Raigad,2014,Panwel,2.0,86.0,0.0,0.0,0.0,0.0,,,
Raigad,2014,karjat,6.0,175.0,0.0,0.0,0.0,0.0,,,
Raigad,2014,khalapur,1.0,294.0,173370.0,470.0,1.0,20000.0,,,
Raigad,2014,pen,6.0,297.0,0.0,0.0,0.0,0.0,,,
Raigad,2014,alibag,2.0,312.0,85770.0,230.0,0.0,0.0,,,
Raigad,2014,murud,0.0,0.0,0.0,0.0,0.0,0.0,,,
Raigad,2014,roha,3.0,228.0,0.0,0.0,0.0,0.0,,,
Raigad,2014,sudhagad,8.0,240.0,229950.0,630.0,0.0,0.0,,,
Raigad,2014,mangaon,1.0,32.0,18250.0,50.0,0.0,0.0,,,
Raigad,2014,tala,0.0,0.0,0.0,0.0,0.0,0.0,,,
Raigad,2014,shreevardhan,0.0,0.0,0.0,0.0,0.0,0.0,,,
Raigad,2014,mhasala,1.0,31.0,10220.0,30.0,0.0,0.0,,,
Raigad,2014,mahad,3.0,266.0,0.0,0.0,1.0,20000.0,,,
Raigad,2014,poladpur,0.0,0.0,0.0,0.0,0.0,0.0,,,
Raigad,2015,Uran,0.0,0.0,0.0,0.0,0.0,0.0,,,
Raigad,2015,Panwel,1.0,25.0,9125.0,25.0,0.0,0.0,,,
Raigad,2015,karjat,4.0,125.0,0.0,0.0,0.0,0.0,,,
Raigad,2015,khalapur,1.0,294.0,200365.0,549.0,1.0,20000.0,,,
Raigad,2015,pen,4.0,237.0,0.0,0.0,0.0,0.0,,,
Raigad,2015,alibag,2.0,312.0,54750.0,150.0,0.0,0.0,,,
Raigad,2015,murud,0.0,0.0,0.0,0.0,0.0,0.0,,,
Raigad,2015,roha,2.0,203.0,0.0,0.0,0.0,0.0,,,
Raigad,2015,sudhagad,6.0,190.0,299300.0,820.0,0.0,0.0,,,
Raigad,2015,mangaon,1.0,32.0,9125.0,25.0,0.0,0.0,,,
Raigad,2015,tala,0.0,0.0,0.0,0.0,0.0,0.0,,,
Raigad,2015,shreevardhan,0.0,0.0,0.0,0.0,0.0,0.0,,,
Raigad,2015,mhasala,0.0,0.0,0.0,0.0,0.0,0.0,,,
Raigad,2015,mahad,2.0,216.0,0.0,0.0,1.0,20000.0,,,
Raigad,2015,poladpur,0.0,0.0,0.0,0.0,0.0,0.0,,,
Raigad,2016,Uran,0.0,0.0,,,,,,,
Raigad,2016,Panwel,1.0,25.0,,,,,,,
Raigad,2016,karjat,4.0,125.0,,,,,,,
Raigad,2016,khalapur,1.0,294.0,1000.0,3.0,1.0,20000.0,,,
Raigad,2016,pen,4.0,237.0,,,,,,,
Raigad,2016,alibag,2.0,312.0,1000.0,3.0,,,,,
Raigad,2016,murud,,,,,,,,,
Raigad,2016,roha,2.0,203.0,,,,,,,
Raigad,2016,sudhagad,6.0,190.0,6000.0,16.0,,,,,
Raigad,2016,mangaon,1.0,32.0,,,,,,,
Raigad,2016,tala,,,,,,,,,
Raigad,2016,shreevardhan,,,,,,,,,
Raigad,2016,mhasala,,,,,,,,,
Raigad,2016,mahad,2.0,216.0,,,1.0,20000.0,,,
Raigad,2016,poladpur,,,,,,,,,
Raigad,2017,Uran,0.0,0.0,,,,,,,
Raigad,2017,Panwel,1.0,30.0,,,,,,,
Raigad,2017,karjat,3.0,88.0,,,,,,,
Raigad,2017,khalapur,1.0,276.0,227030.0,622.0,1.0,20000.0,,,
Raigad,2017,pen,1.0,25.0,,,,,,,
Raigad,2017,alibag,2.0,223.0,76060.0,208.0,,,,,
Raigad,2017,murud,,,,,,,,,
Raigad,2017,roha,3.0,285.0,,,,,,,
Raigad,2017,sudhagad,7.0,305.0,241450.0,662.0,,,,,
Raigad,2017,mangaon,1.0,165.0,36500.0,100.0,,,,,
Raigad,2017,tala,,,,,,,,,
Raigad,2017,shreevardhan,,,,,,,,,
Raigad,2017,mhasala,,,,,,,,,
Raigad,2017,mahad,2.0,295.0,,,1.0,20000.0,,,
Raigad,2017,poladpur,,,,,,,,,
Raigad,2018,Uran,0.0,0.0,,,,,,,
Raigad,2018,Panwel,2.0,55.0,23730.0,65.0,,,,,
Raigad,2018,karjat,1.0,35.0,24090.0,66.0,,,,,
Raigad,2018,khalapur,1.0,276.0,227460.0,623.0,1.0,5000.0,,,
Raigad,2018,pen,2.0,131.0,49280.0,135.0,,,,,
Raigad,2018,alibag,2.0,223.0,63145.0,173.0,,,,,
Raigad,2018,murud,,,,,,,,,
Raigad,2018,roha,1.0,25.0,14600.0,40.0,,,,,
Raigad,2018,sudhagad,6.0,270.0,285065.0,781.0,,,,,
Raigad,2018,mangaon,1.0,165.0,18250.0,50.0,,,,,
Raigad,2018,tala,,,,,,,,,
Raigad,2018,shreevardhan,,,,,,,,,
Raigad,2018,mhasala,,,,,,,,,
Raigad,2018,mahad,1.0,221.0,23730.0,65.0,,,,,
Raigad,2018,poladpur,,,,,,,,,
Raigad,2019,Uran,,,,,,,,,
Raigad,2019,Panwel,2.0,55.0,25550.0,70.0,,,,,
Raigad,2019,karjat,1.0,35.0,18250.0,50.0,,,,,
Raigad,2019,khalapur,1.0,276.0,164250.0,450.0,1.0,5000.0,,,
Raigad,2019,pen,2.0,131.0,51100.0,140.0,,,,,
Raigad,2019,alibag,2.0,223.0,49640.0,140.0,,,,,
Raigad,2019,murud,,,,,,,,,
Raigad,2019,roha,1.0,25.0,10220.0,30.0,,,,,
Raigad,2019,sudhagad,6.0,270.0,226300.0,620.0,,,,,
Raigad,2019,mangaon,1.0,165.0,127750.0,350.0,,,,,
Raigad,2019,tala,,,,,,,,,
Raigad,2019,shreevardhan,,,,,,,,,
Raigad,2019,mhasala,,,,,,,,,
Raigad,2019,mahad,1.0,221.0,14600.0,40.0,,,,,
Raigad,2019,poladpur,,,,,,,,,
Raigad,2020,Uran,,,,,,,,,
Raigad,2020,Panwel,2.0,55.0,25550.0,70.0,,,,,
Raigad,2020,karjat,1.0,35.0,18250.0,50.0,,,,,
Raigad,2020,khalapur,2.0,443.0,174030.0,480.0,1.0,5000.0,,,
Raigad,2020,pen,2.0,131.0,36500.0,100.0,,,,,
Raigad,2020,alibag,2.0,223.0,13140.0,40.0,,,,,
Raigad,2020,murud,,,,,,,,,
Raigad,2020,roha,1.0,25.0,10950.0,30.0,,,,,
Raigad,2020,sudhagad,6.0,270.0,197100.0,540.0,,,,,
Raigad,2020,mangaon,1.0,165.0,23730.0,70.0,,,,,
Raigad,2020,tala,,,,,,,,,
Raigad,2020,shreevardhan,,,,,,,,,
Raigad,2020,mhasala,,,,,,,,,
Raigad,2020,mahad,1.0,221.0,14600.0,40.0,,,,,
Raigad,2020,poladpur,,,,,,,,,
Raigad,2021,Uran,,,,,,,,,
Raigad,2021,Panwel,2.0,55.0,25550.0,70.0,,,,,
Raigad,2021,karjat,1.0,35.0,14600.0,40.0,,,,,
Raigad,2021,khalapur,2.0,443.0,157300.0,430.0,1.0,5000.0,,,
Raigad,2021,pen,2.0,131.0,37600.0,100.0,,,,,
Raigad,2021,alibag,2.0,223.0,87970.0,240.0,,,,,
Raigad,2021,murud,,,,,,,,,
Raigad,2021,roha,1.0,25.0,10950.0,30.0,,,,,
Raigad,2021,sudhagad,6.0,270.0,233970.0,640.0,,,,,
Raigad,2021,mangaon,1.0,165.0,21900.0,60.0,,,,,
Raigad,2021,tala,,,,,,,,,
Raigad,2021,shreevardhan,,,,,,,,,
Raigad,2021,mhasala,,,,,,,,,
Raigad,2021,mahad,1.0,221.0,32850.0,90.0,,,,,
Raigad,2021,poladpur,,,,,,,,,
Ratnagiri,2006,Mandangad,4.0,152.0,,,,,,,
Ratnagiri,2006,Dapoli,11.0,771.0,84000.0,229.0,,,,,
Ratnagiri,2006,Khed,55.0,6869.0,834000.0,2286.0,,,,,
Ratnagiri,2006,Chiplun,48.0,4527.0,653000.0,1790.0,1.0,40000.0,,,
Ratnagiri,2006,Guhagar,5.0,217.0,20000.0,55.0,,,,,
Ratnagiri,2006,Ratnagiri,1.0,32.0,,,1.0,20000.0,,,
Ratnagiri,2006,Sangameshwar,44.0,6420.0,896000.0,2456.0,1.0,5000.0,,,
Ratnagiri,2006,Lanja,23.0,3349.0,334000.0,916.0,1.0,5000.0,,,
Ratnagiri,2006,Rajapur,17.0,2329.0,16000.0,45.0,,,,,
Ratnagiri,2008,Mandangad,4.0,152.0,,0.0,,,,,
Ratnagiri,2008,Dapoli,11.0,771.0,136000.0,373.0,,,,,
Ratnagiri,2008,Khed,61.0,7267.0,699000.0,1915.0,,,,,
Ratnagiri,2008,Chiplun,49.0,4562.0,584000.0,1600.0,1.0,40000.0,,,
Ratnagiri,2008,Guhagar,6.0,242.0,15000.0,41.0,,,,,
Ratnagiri,2008,Ratnagiri,1.0,32.0,,0.0,1.0,20000.0,,,
Ratnagiri,2008,Sangameshwar,44.0,6420.0,943000.0,2584.0,1.0,5000.0,,,
Ratnagiri,2008,Lanja,22.0,3324.0,392000.0,1074.0,1.0,5000.0,,,
Ratnagiri,2008,Rajapur,17.0,2329.0,27000.0,74.0,,,,,
Ratnagiri,2009,Mandangad,4.0,152.0,,,,,,,
Ratnagiri,2009,Dapoli,11.0,781.0,121000.0,330.0,,,,,
Ratnagiri,2009,Khed,65.0,7340.0,556000.0,1520.0,,,,,
Ratnagiri,2009,Chiplun,50.0,4620.0,496000.0,1360.0,1.0,40000.0,,,
Ratnagiri,2009,Guhagar,7.0,242.0,,,,,,,
Ratnagiri,2009,Ratnagiri,1.0,32.0,,,1.0,20000.0,,,
Ratnagiri,2009,Sangameshwar,44.0,6450.0,1572000.0,4310.0,1.0,5000.0,,,
Ratnagiri,2009,Lanja,22.0,3300.0,606000.0,1660.0,1.0,5000.0,,,
Ratnagiri,2009,Rajapur,17.0,2320.0,32000.0,90.0,,,,,
Ratnagiri,2010,Mandangad,4.0,152.0,,,,,,,
Ratnagiri,2010,Dapoli,11.0,781.0,134000.0,370.0,,,,,
Ratnagiri,2010,Khed,65.0,6573.0,517000.0,1420.0,,,,,
Ratnagiri,2010,Chiplun,50.0,4654.0,509000.0,1390.0,1.0,40000.0,,,
Ratnagiri,2010,Guhagar,7.0,180.0,,,,,,,
Ratnagiri,2010,Ratnagiri,1.0,32.0,,,1.0,20000.0,,,
Ratnagiri,2010,Sangameshwar,44.0,6490.0,830000.0,2270.0,1.0,5000.0,,,
Ratnagiri,2010,Lanja,23.0,3353.0,303000.0,830.0,1.0,5000.0,,,
Ratnagiri,2010,Rajapur,17.0,1520.0,21000.0,60.0,,,,,
Ratnagiri,2011,Mandangad,4.0,152.0,,,,,,,
Ratnagiri,2011,Dapoli,11.0,781.0,124000.0,340.0,,,,,
Ratnagiri,2011,Khed,65.0,7273.0,572000.0,1570.0,,,,,
Ratnagiri,2011,Chiplun,50.0,5254.0,541000.0,1480.0,1.0,40000.0,,,
Ratnagiri,2011,Guhagar,7.0,180.0,,,,,,,
Ratnagiri,2011,Ratnagiri,1.0,32.0,,,1.0,20000.0,,,
Ratnagiri,2011,Sangameshwar,44.0,7190.0,852000.0,2330.0,1.0,5000.0,,,
Ratnagiri,2011,Lanja,23.0,3853.0,487000.0,1330.0,1.0,5000.0,,,
Ratnagiri,2011,Rajapur,17.0,1740.0,27000.0,80.0,,,,,
Ratnagiri,2012,Mandangad,4.0,640.0,,,,,,,
Ratnagiri,2012,Dapoli,11.0,1448.0,109000.0,300.0,,,,,
Ratnagiri,2012,Khed,63.0,9742.0,636000.0,1740.0,,,,,
Ratnagiri,2012,Chiplun,50.0,5130.0,575000.0,1570.0,1.0,40000.0,,,
Ratnagiri,2012,Guhagar,7.0,744.0,,,,,,,
Ratnagiri,2012,Ratnagiri,1.0,130.0,,,1.0,20000.0,,,
Ratnagiri,2012,Sangameshwar,44.0,3520.0,781000.0,2140.0,1.0,5000.0,,,
Ratnagiri,2012,Lanja,23.0,3860.0,372000.0,1020.0,1.0,5000.0,,,
Ratnagiri,2012,Rajapur,17.0,2114.0,,,,,,,
Ratnagiri,2013,Mandangad,4.0,640.0,,,,,,,
Ratnagiri,2013,Dapoli,11.0,1448.0,142000.0,390.0,,,,,
Ratnagiri,2013,Khed,65.0,9765.0,576000.0,1580.0,,,,,
Ratnagiri,2013,Chiplun,50.0,5130.0,545000.0,1490.0,1.0,40000.0,,,
Ratnagiri,2013,Guhagar,7.0,744.0,,,,,,,
Ratnagiri,2013,Ratnagiri,1.0,130.0,,,1.0,20000.0,,,
Ratnagiri,2013,Sangameshwar,44.0,3520.0,793000.0,2170.0,1.0,5000.0,,,
Ratnagiri,2013,Lanja,23.0,3860.0,545000.0,1490.0,1.0,5000.0,,,
Ratnagiri,2013,Rajapur,17.0,2114.0,,,,,,,
Ratnagiri,2014,Mandangad,4.0,640.0,,,,,,,
Ratnagiri,2014,Dapoli,11.0,1448.0,127000.0,350.0,,,,,
Ratnagiri,2014,Khed,65.0,9625.0,301000.0,820.0,,,,,
Ratnagiri,2014,Chiplun,50.0,5130.0,463000.0,1270.0,1.0,40000.0,,,
Ratnagiri,2014,Guhagar,7.0,744.0,,,,,,,
Ratnagiri,2014,Ratnagiri,1.0,130.0,,,1.0,20000.0,,,
Ratnagiri,2014,Sangameshwar,44.0,3520.0,758000.0,2080.0,1.0,5000.0,,,
Ratnagiri,2014,Lanja,23.0,3860.0,521000.0,1430.0,1.0,5000.0,,,
Ratnagiri,2014,Rajapur,17.0,2114.0,,,,,,,
Ratnagiri,2015,Mandangad,4.0,640.0,,,,,,,
Ratnagiri,2015,Dapoli,11.0,1448.0,177000.0,480.0,,,,,
Ratnagiri,2015,Khed,65.0,9625.0,290000.0,790.0,,,,,
Ratnagiri,2015,Chiplun,50.0,5130.0,293000.0,800.0,1.0,40000.0,,,
Ratnagiri,2015,Guhagar,7.0,744.0,,,,,,,
Ratnagiri,2015,Ratnagiri,1.0,130.0,,,1.0,20000.0,,,
Ratnagiri,2015,Sangameshwar,44.0,3520.0,825000.0,2260.0,1.0,5000.0,,,
Ratnagiri,2015,Lanja,23.0,3860.0,579000.0,1590.0,1.0,5000.0,,,
Ratnagiri,2015,Rajapur,17.0,2114.0,,,,,,,
Ratnagiri,2016,Mandangad,4.0,640.0,,,,,,,
Ratnagiri,2016,Dapoli,11.0,1448.0,169000.0,460.0,,,,,
Ratnagiri,2016,Khed,65.0,9325.0,134000.0,370.0,,,,,
Ratnagiri,2016,Chiplun,50.0,5130.0,258000.0,710.0,1.0,40000.0,,,
Ratnagiri,2016,Guhagar,7.0,744.0,,,,,,,
Ratnagiri,2016,Ratnagiri,1.0,130.0,,,1.0,20000.0,,,
Ratnagiri,2016,Sangameshwar,44.0,3420.0,1153000.0,3160.0,1.0,5000.0,,,
Ratnagiri,2016,Lanja,23.0,3860.0,756000.0,2070.0,1.0,5000.0,,,
Ratnagiri,2016,Rajapur,19.0,218.0,,,,,,,
Ratnagiri,2017,Mandangad,4.0,640.0,,,,,,,
Ratnagiri,2017,Dapoli,11.0,1448.0,272000.0,750.0,,,,,
Ratnagiri,2017,Khed,65.0,9325.0,229000.0,630.0,,,,,
Ratnagiri,2017,Chiplun,50.0,5130.0,364000.0,1000.0,1.0,40000.0,,,
Ratnagiri,2017,Guhagar,7.0,744.0,,,,,,,
Ratnagiri,2017,Ratnagiri,1.0,130.0,30000.0,80.0,1.0,20000.0,,,
Ratnagiri,2017,Sangameshwar,44.0,3420.0,968000.0,2650.0,1.0,5000.0,,,
Ratnagiri,2017,Lanja,23.0,3860.0,791000.0,2170.0,1.0,5000.0,,,
Ratnagiri,2017,Rajapur,19.0,218.0,,,,,,,
Ratnagiri,2018,Mandangad,4.0,640.0,6200.0,0.0,0.0,0.0,,,
Ratnagiri,2018,Dapoli,12.0,1448.0,11200.0,1040.0,0.0,0.0,,,
Ratnagiri,2018,Khed,65.0,9325.0,10900.0,1400.0,0.0,0.0,,,
Ratnagiri,2018,Chiplun,51.0,5150.0,12800.0,1460.0,1.0,40000.0,,,
Ratnagiri,2018,Guhagar,9.0,744.0,3900.0,0.0,0.0,0.0,,,
Ratnagiri,2018,Ratnagiri,1.0,130.0,13500.0,80.0,1.0,20000.0,,,
Ratnagiri,2018,Sangameshwar,47.0,3438.0,26800.0,3580.0,1.0,5000.0,,,
Ratnagiri,2018,Lanja,27.0,3885.0,14100.0,3670.0,1.0,5000.0,,,
Ratnagiri,2018,Rajapur,19.0,218.0,11000.0,0.0,0.0,0.0,,,
Ratnagiri,2019,Mandangad,4.0,640.0,0.0,0.0,0.0,0.0,,,
Ratnagiri,2019,Dapoli,11.0,1448.0,345000.0,940.0,0.0,0.0,,,
Ratnagiri,2019,Khed,65.0,9325.0,239000.0,650.0,0.0,0.0,,,
Ratnagiri,2019,Chiplun,50.0,5210.0,520000.0,1420.0,1.0,40000.0,,,
Ratnagiri,2019,Guhagar,7.0,744.0,0.0,0.0,0.0,0.0,,,
Ratnagiri,2019,Ratnagiri,1.0,130.0,33000.0,90.0,1.0,20000.0,,,
Ratnagiri,2019,Sangameshwar,44.0,3420.0,1454000.0,3970.0,1.0,5000.0,,,
Ratnagiri,2019,Lanja,23.0,3860.0,1383000.0,3780.0,1.0,5000.0,,,
Ratnagiri,2019,Rajapur,19.0,220.0,0.0,0.0,0.0,0.0,,,
Ratnagiri,2020,Mandangad,0.0,0.0,0.0,0.0,0.0,0.0,,,
Ratnagiri,2020,Dapoli,3.0,90.0,411000.0,1120.0,0.0,0.0,,,
Ratnagiri,2020,Khed,12.0,355.0,412000.0,1130.0,0.0,0.0,,,
Ratnagiri,2020,Chiplun,15.0,425.0,540000.0,1480.0,1.0,40000.0,,,
Ratnagiri,2020,Guhagar,0.0,0.0,0.0,0.0,0.0,0.0,,,
Ratnagiri,2020,Ratnagiri,1.0,32.0,0.0,0.0,1.0,20000.0,,,
Ratnagiri,2020,Sangameshwar,23.0,1015.0,913000.0,2500.0,1.0,5000.0,,,
Ratnagiri,2020,Lanja,14.0,378.0,798000.0,2180.0,1.0,5000.0,,,
Ratnagiri,2020,Rajapur,5.0,146.0,0.0,0.0,0.0,0.0,,,
Ratnagiri,2021,Mandangad,0.0,0.0,0.0,0.0,0.0,0.0,,,
Ratnagiri,2021,Dapoli,4.0,120.0,390000.0,1000.0,0.0,0.0,,,
Ratnagiri,2021,Khed,13.0,410.0,412500.0,1000.0,0.0,0.0,,,
Ratnagiri,2021,Chiplun,17.0,475.0,540000.0,1000.0,1.0,40000.0,,,
Ratnagiri,2021,Guhagar,0.0,0.0,0.0,0.0,0.0,0.0,,,
Ratnagiri,2021,Ratnagiri,3.0,78.0,10000.0,0.0,1.0,20000.0,,,
Ratnagiri,2021,Sangameshwar,28.0,1250.0,900000.0,2000.0,1.0,5000.0,,,
Ratnagiri,2021,Lanja,17.0,472.0,785000.0,2000.0,1.0,5000.0,,,
Ratnagiri,2021,Rajapur,6.0,245.0,0.0,0.0,0.0,0.0,,,
Sindhudurg,2012,Devgad,10.0,1342.0,117000.0,320.0,0.0,0.0,,,
Sindhudurg,2012,Vaibhavwadi,12.0,1460.0,0.0,0.0,0.0,0.0,,,
Sindhudurg,2012,Kankavali,18.0,1520.0,0.0,0.0,1.0,20000.0,,,
Sindhudurg,2012,Malvan,20.0,2422.0,140000.0,383.0,0.0,0.0,,,
Sindhudurg,2012,Vengurla,9.0,962.0,51000.0,139.0,0.0,0.0,,,
Sindhudurg,2012,Kudal,23.0,2454.0,168000.0,460.0,0.0,0.0,,,
Sindhudurg,2012,Sawantwadi,20.0,1935.0,0.0,0.0,1.0,5000.0,,,
Sindhudurg,2012,Dodamarg,0.0,0.0,0.0,0.0,0.0,0.0,,,
Sindhudurg,2013,Devgad,10.0,690.0,240000.0,658.0,0.0,0.0,,,
Sindhudurg,2013,Vaibhavwadi,12.0,800.0,525000.0,1438.0,0.0,0.0,,,
Sindhudurg,2013,Kankavali,18.0,1100.0,225000.0,616.0,1.0,20000.0,,,
Sindhudurg,2013,Malvan,25.0,2230.0,368000.0,1008.0,0.0,0.0,,,
Sindhudurg,2013,Vengurla,9.0,860.0,155000.0,425.0,0.0,0.0,,,
Sindhudurg,2013,Kudal,27.0,5270.0,470000.0,1288.0,0.0,0.0,,,
Sindhudurg,2013,Sawantwadi,19.0,1067.0,460000.0,1260.0,1.0,5000.0,,,
Sindhudurg,2013,Dodamarg,3.0,103.0,0.0,0.0,0.0,0.0,,,
Sindhudurg,2014,Devgad,9.0,600.0,530000.0,1452.0,0.0,0.0,,,
Sindhudurg,2014,Vaibhavwadi,12.0,800.0,830000.0,2274.0,0.0,0.0,,,
Sindhudurg,2014,Kankavali,20.0,1150.0,1020000.0,2795.0,1.0,20000.0,,,
Sindhudurg,2014,Malvan,25.0,2230.0,1210000.0,3315.0,0.0,0.0,,,
Sindhudurg,2014,Vengurla,8.0,860.0,470000.0,1288.0,0.0,0.0,,,
Sindhudurg,2014,Kudal,28.0,5320.0,1445000.0,3959.0,0.0,0.0,,,
Sindhudurg,2014,Sawantwadi,20.0,1117.0,1380000.0,3781.0,1.0,5000.0,,,
Sindhudurg,2014,Dodamarg,5.0,103.0,410000.0,1123.0,0.0,0.0,,,
Sindhudurg,2015,Devgad,9.0,600.0,552000.0,1512.0,0.0,0.0,,,
Sindhudurg,2015,Vaibhavwadi,10.0,780.0,940000.0,2575.0,0.0,0.0,,,
Sindhudurg,2015,Kankavali,17.0,1010.0,1210000.0,3315.0,1.0,20000.0,,,
Sindhudurg,2015,Malvan,19.0,2174.0,1420000.0,3890.0,0.0,0.0,,,
Sindhudurg,2015,Vengurla,8.0,860.0,530000.0,1452.0,0.0,0.0,,,
Sindhudurg,2015,Kudal,20.0,5125.0,1560000.0,4274.0,0.0,0.0,,,
Sindhudurg,2015,Sawantwadi,18.0,1012.0,1490000.0,4082.0,1.0,5000.0,,,
Sindhudurg,2015,Dodamarg,6.0,222.0,620000.0,1699.0,0.0,0.0,,,
Sindhudurg,2016,Devgad,9.0,542.0,720000.0,1975.0,0.0,0.0,,,
Sindhudurg,2016,Vaibhavwadi,10.0,585.0,1150000.0,1151.0,0.0,0.0,,,
Sindhudurg,2016,Kankavali,17.0,1035.0,1370000.0,3753.0,1.0,20000.0,,,
Sindhudurg,2016,Malvan,19.0,1150.0,1640000.0,4493.0,0.0,0.0,,,
Sindhudurg,2016,Vengurla,8.0,290.0,845000.0,2315.0,0.0,0.0,,,
Sindhudurg,2016,Kudal,20.0,1145.0,1710000.0,4635.0,0.0,0.0,,,
Sindhudurg,2016,Sawantwadi,18.0,860.0,1480000.0,4603.0,1.0,5000.0,,,
Sindhudurg,2016,Dodamarg,6.0,235.0,840000.0,2301.0,0.0,0.0,,,
Sindhudurg,2017,Devgad,3.0,94.0,630000.0,1726.0,0.0,0.0,,,
Sindhudurg,2017,Vaibhavwadi,10.0,285.0,1230000.0,3370.0,0.0,0.0,,,
Sindhudurg,2017,Kankavali,15.0,435.0,1120000.0,3068.0,1.0,20000.0,,,
Sindhudurg,2017,Malvan,15.0,450.0,1360000.0,3726.0,0.0,0.0,,,
Sindhudurg,2017,Vengurla,18.0,540.0,1480000.0,4054.9999999999995,0.0,0.0,,,
Sindhudurg,2017,Kudal,12.0,1020.0,1370000.0,3753.0,0.0,0.0,,,
Sindhudurg,2017,Sawantwadi,26.0,782.0,1630000.0,4466.0,1.0,5000.0,,,
Sindhudurg,2017,Dodamarg,5.0,152.0,745000.0,2041.0,0.0,0.0,,,
Sindhudurg,2018,Devgad,3.0,95.0,770000.0,2110.0,0.0,0.0,,,
Sindhudurg,2018,Vaibhavwadi,12.0,335.0,1260000.0,3450.0,0.0,0.0,,,
Sindhudurg,2018,Kankavali,16.0,405.0,1510000.0,4140.0,1.0,20000.0,,,
Sindhudurg,2018,Malvan,15.0,380.0,1710000.0,4690.0,0.0,0.0,,,
Sindhudurg,2018,Vengurla,12.0,485.0,1640000.0,4490.0,0.0,0.0,,,
Sindhudurg,2018,Kudal,21.0,1050.0,1780000.0,4880.0,0.0,0.0,,,
Sindhudurg,2018,Sawantwadi,28.0,820.0,2270000.0,6220.0,1.0,5000.0,,,
Sindhudurg,2018,Dodamarg,5.0,152.0,1020000.0,2800.0,0.0,0.0,,,
Sindhudurg,2019,Devgad,3.0,95.0,790000.0,2160.0,0.0,0.0,,,
Sindhudurg,2019,Vaibhavwadi,13.0,370.0,1320000.0,3620.0,0.0,0.0,,,
Sindhudurg,2019,Kankawali,17.0,455.0,1610000.0,4410.0,1.0,20000.0,,,
Sindhudurg,2019,Malwan,14.0,330.0,1720000.0,4710.0,0.0,0.0,,,
Sindhudurg,2019,Vengurli,12.0,485.0,1690000.0,4630.0,0.0,0.0,,,
Sindhudurg,2019,Kulad,25.0,1160.0,1920000.0,5260.0,0.0,0.0,,,
Sindhudurg,2019,Savantwadi,27.0,795.0,2360000.0,6470.0,1.0,5000.0,,,
Sindhudurg,2019,Dodamarg,5.0,152.0,1140000.0,3120.0,0.0,0.0,,,
Sindhudurg,2020,Devgad,3.0,95.0,820000.0,2250.0,0.0,0.0,,,
Sindhudurg,2020,Vaibhavwadi,13.0,370.0,1360000.0,3730.0,0.0,0.0,,,
Sindhudurg,2020,Kankawali,18.0,525.0,1650000.0,4520.0,1.0,20000.0,,,
Sindhudurg,2020,Malwan,14.0,380.0,1780000.0,4880.0,0.0,0.0,,,
Sindhudurg,2020,Vengurli,12.0,470.0,1990000.0,5450.0,0.0,0.0,,,
Sindhudurg,2020,Kulad,25.0,1185.0,1740000.0,4770.0,0.0,0.0,,,
Sindhudurg,2020,Savantwadi,28.0,880.0,2460000.0,6740.0,1.0,5000.0,,,
Sindhudurg,2020,Dodamarg,5.0,177.0,1220000.0,3340.0,0.0,0.0,,,
Sindhudurg,2021,Devgad,3.0,95.0,420000.0,1150.0,0.0,0.0,,,
Sindhudurg,2021,Vaibhavwadi,13.0,370.0,672000.0,1840.0,0.0,0.0,,,
Sindhudurg,2021,Kankawali,23.0,610.0,704000.0,1930.0,1.0,20000.0,,,
Sindhudurg,2021,Malwan,12.0,330.0,810000.0,2220.0,0.0,0.0,,,
Sindhudurg,2021,Vengurli,14.0,1220.0,861000.0,2360.0,0.0,0.0,,,
Sindhudurg,2021,Kulad,27.0,530.0,734000.0,2009.9999999999998,0.0,0.0,,,
Sindhudurg,2021,Savantwadi,33.0,960.0,1069000.0,2930.0,1.0,0.0,,,
Sindhudurg,2021,Dodamarg,7.0,210.0,588000.0,1610.0,0.0,0.0,,,
Thane,2014,Thane,1.0,30.0,0.0,0.0,0.0,0.0,,,
Thane,2014,Bhivandi,25.0,592.0,130000.0,356.0,0.0,0.0,,,
Thane,2014,Shahapur,85.0,2322.0,190000.0,520.0,0.0,0.0,,,
Thane,2014,Kalyan,22.0,517.0,105000.0,287.0,0.0,0.0,,,
Thane,2014,Ulhasnagar,4.0,104.0,15000.0,41.0,0.0,0.0,,,
Thane,2014,Ambarnath,8.0,216.0,25000.0,68.0,0.0,0.0,,,
Thane,2014,Murbad,46.0,1241.0,260000.0,712.0,0.0,0.0,,,
Thane,2015,Thane,0.0,0.0,0.0,0.0,0.0,0.0,,,
Thane,2015,Bhivandi,23.0,540.0,90000.0,246.0,0.0,0.0,,,
Thane,2015,Shahapur,75.0,2062.0,110000.0,301.0,0.0,0.0,,,
Thane,2015,Kalyan,16.0,481.0,85000.0,242.0,0.0,0.0,,,
Thane,2015,Ulhasnagar,0.0,0.0,0.0,0.0,0.0,0.0,,,
Thane,2015,Ambarnath,3.0,78.0,17000.0,46.0,0.0,0.0,,,
Thane,2015,Murbad,25.0,695.0,195000.0,534.0,0.0,0.0,,,
Thane,2016,Thane,0.0,0.0,0.0,0.0,0.0,0.0,,,
Thane,2016,Bhivandi,9.0,234.0,50000.0,140.0,0.0,0.0,,,
Thane,2016,Shahapur,58.0,1608.0,440000.0,1210.0,0.0,0.0,,,
Thane,2016,Kalyan,11.0,286.0,85000.0,230.0,0.0,0.0,,,
Thane,2016,Ulhasnagar,0.0,0.0,0.0,0.0,0.0,0.0,,,
Thane,2016,Ambarnath,4.0,104.0,15000.0,40.0,0.0,0.0,,,
Thane,2016,Murbad,21.0,546.0,180000.0,490.0,0.0,0.0,,,
Thane,2017,Thane,0.0,0.0,0.0,0.0,0.0,0.0,,,
Thane,2017,Bhivandi,9.0,234.0,50000.0,130.0,0.0,0.0,,,
Thane,2017,Shahapur,59.0,1608.0,440000.0,1210.0,0.0,0.0,,,
Thane,2017,Kalyan,11.0,286.0,85000.0,230.0,0.0,0.0,,,
Thane,2017,Ulhasnagar,0.0,0.0,0.0,0.0,0.0,0.0,,,
Thane,2017,Ambarnath,4.0,104.0,15000.0,40.0,0.0,0.0,,,
Thane,2017,Murbad,22.0,546.0,180000.0,490.0,0.0,0.0,,,
Thane,2018,Thane,0.0,0.0,0.0,0.0,0.0,0.0,,,
Thane,2018,Bhivandi,4.0,104.0,200.0,0.5,0.0,0.0,,,
Thane,2018,Shahapur,57.0,1482.0,520.0,1.4,0.0,0.0,,,
Thane,2018,Kalyan,10.0,260.0,250.0,1.0,0.0,0.0,,,
Thane,2018,Ulhasnagar,0.0,0.0,0.0,0.0,0.0,0.0,,,
Thane,2018,Ambarnath,4.0,104.0,200.0,1.0,0.0,0.0,,,
Thane,2018,Murbad,23.0,598.0,980.0,3.0,0.0,0.0,,,
Thane,2019,Thane,0.0,0.0,0.0,0.0,0.0,0.0,,,
Thane,2019,Bhivandi,5.0,138.0,0.0,0.0,0.0,0.0,,,
Thane,2019,Shahapur,56.0,1556.0,430.0,1.2,0.0,0.0,,,
Thane,2019,Kalyan,10.0,261.0,50.0,0.1,0.0,0.0,,,
Thane,2019,Ulhasnagar,0.0,0.0,0.0,0.0,0.0,0.0,,,
Thane,2019,Ambarnath,4.0,122.0,0.0,0.0,0.0,0.0,,,
Thane,2019,Murbad,24.0,627.0,200.0,0.5,0.0,0.0,,,
Thane,2020,Thane,0.0,0.0,0.0,0.0,0.0,0.0,,,
Thane,2020,Bhivandi,5.0,104.0,200.0,0.5,0.0,0.0,,,
Thane,2020,Shahapur,57.0,1482.0,520.0,1.4,0.0,0.0,,,
Thane,2020,Kalyan,11.0,286.0,250.0,1.0,0.0,0.0,,,
Thane,2020,Ulhasnagar,0.0,0.0,0.0,0.0,0.0,0.0,,,
Thane,2020,Ambarnath,4.0,104.0,200.0,1.0,0.0,0.0,,,
Thane,2020,Murbad,24.0,628.0,980.0,3.0,0.0,0.0,,,
Thane,2021,Thane,0.0,0.0,0.0,0.0,0.0,0.0,,,
Thane,2021,Bhivandi,5.0,125.0,18000.0,540.0,0.0,0.0,,,
Thane,2021,Shahapur,56.0,1400.0,25000.0,750.0,0.0,0.0,,,
Thane,2021,Kalyan,11.0,286.0,20000.0,600.0,0.0,0.0,,,
Thane,2021,Ulhasnagar,0.0,0.0,0.0,0.0,0.0,0.0,,,
Thane,2021,Ambarnath,4.0,100.0,17000.0,5100.0,0.0,0.0,,,
Thane,2021,Murbad,26.0,650.0,17000.0,5100.0,0.0,0.0,,,
Wardha,2012,Ashti,14.0,400.0,23000.0,60.0,0.0,0.0,,,
Wardha,2012,Karanja,80.0,3404.0,262000.0,710.0,0.0,0.0,,,
Wardha,2012,Aarvi,71.0,2867.0,607000.0,1660.0,1.0,30000.0,,,
Wardha,2012,Selu,61.0,3990.0,570000.0,1560.0,0.0,0.0,,,
Wardha,2012,Wardha,72.0,4105.0,4621000.0,12660.0,1.0,50000.0,,,
Wardha,2012,Devali,25.0,1757.0,84000.0,230.0,0.0,0.0,,,
Wardha,2012,Hinganghat,22.0,775.0,82000.0,220.0,0.0,0.0,,,
Wardha,2012,Samudrapur,22.0,654.0,100000.0,270.0,0.0,0.0,,,
Wardha,2013,Ashti,14.0,400.0,21000.0,60.0,0.0,0.0,,,
Wardha,2013,Karanja,80.0,3404.0,264000.0,700.0,0.0,0.0,,,
Wardha,2013,Aarvi,71.0,2867.0,402000.0,1100.0,1.0,30000.0,,,
Wardha,2013,Selu,61.0,3990.0,547000.0,1500.0,0.0,0.0,,,
Wardha,2013,Wardha,72.0,4105.0,4772000.0,13070.0,1.0,50000.0,,,
Wardha,2013,Devali,25.0,1757.0,45000.0,120.0,0.0,0.0,,,
Wardha,2013,Hinganghat,22.0,775.0,72000.0,200.0,0.0,0.0,,,
Wardha,2013,Samudrapur,22.0,654.0,75000.0,210.0,0.0,0.0,,,
Wardha,2014,Ashti,4.0,120.0,48000.0,130.0,0.0,0.0,,,
Wardha,2014,Karanja,22.0,1094.0,285000.0,780.0,0.0,0.0,,,
Wardha,2014,Aarvi,25.0,1206.0,449000.0,1230.0,1.0,30000.0,,,
Wardha,2014,Selu,14.0,705.0,650000.0,1780.0,0.0,0.0,,,
Wardha,2014,Wardha,38.0,2109.0,5184000.0,14200.0,1.0,50000.0,,,
Wardha,2014,Devali,6.0,415.0,74000.0,200.0,0.0,0.0,,,
Wardha,2014,Hinganghat,5.0,255.0,109000.0,300.0,0.0,0.0,,,
Wardha,2014,Samudrapur,5.0,265.0,105000.0,290.0,0.0,0.0,,,
Wardha,2015,Ashti,4.0,120.0,73000.0,200.0,,,,,
Wardha,2015,Karanja,22.0,1394.0,328000.0,900.0,,,,,
Wardha,2015,Aarvi,25.0,1206.0,474000.0,1300.0,1.0,30000.0,,,
Wardha,2015,Selu,15.0,905.0,737000.0,2020.0,,,,,
Wardha,2015,Wardha,38.0,2209.0,5365000.0,14700.0,1.0,50000.0,,,
Wardha,2015,Devali,6.0,415.0,182000.0,500.0,,,,,
Wardha,2015,Hinganghat,5.0,255.0,237000.0,650.0,,,,,
Wardha,2015,Samudrapur,5.0,265.0,179000.0,490.0,,,,,
Wardha,2016,Ashti,2.0,70.0,73000.0,200.0,,,,,
Wardha,2016,Karanja,8.0,394.0,292000.0,800.0,,,,,
Wardha,2016,Aarvi,9.0,406.0,402000.0,1100.0,1.0,30000.0,,,
Wardha,2016,Selu,14.0,605.0,664000.0,1820.0,,,,,
Wardha,2016,Wardha,33.0,2109.0,4927000.0,13500.0,1.0,50000.0,,,
Wardha,2016,Devali,1.0,50.0,109000.0,300.0,,,,,
Wardha,2016,Hinganghat,3.0,155.0,194000.0,530.0,,,,,
Wardha,2016,Samudrapur,2.0,65.0,128000.0,350.0,,,,,
Wardha,2017,Ashti,2.0,70.0,77000.0,210.0,,,,,
Wardha,2017,Karanja,8.0,394.0,296000.0,810.0,,,,,
Wardha,2017,Aarvi,9.0,406.0,409000.0,1120.0,1.0,30000.0,,,
Wardha,2017,Selu,15.0,605.0,672000.0,1840.0,,,,,
Wardha,2017,Wardha,33.0,2109.0,4942000.0,13540.0,1.0,50000.0,,,
Wardha,2017,Devali,1.0,50.0,113000.0,310.0,,,,,
Wardha,2017,Hinganghat,5.0,155.0,197000.0,540.0,,,,,
Wardha,2017,Samudrapur,2.0,65.0,131000.0,360.0,,,,,
Wardha,2018,Ashti,2.0,70.0,131000.0,360.0,0.0,0.0,,,
Wardha,2018,Karanja,10.0,470.0,423000.0,1160.0,0.0,0.0,,,
Wardha,2018,Aarvi,10.0,450.0,573000.0,1570.0,1.0,30000.0,,,
Wardha,2018,Selu,15.0,605.0,785000.0,2150.0,0.0,0.0,,,
Wardha,2018,Wardha,33.0,2109.0,5602000.0,15350.0,1.0,50000.0,,,
Wardha,2018,Devali,1.0,50.0,179000.0,490.0,0.0,0.0,,,
Wardha,2018,Hinganghat,6.0,225.0,274000.0,750.0,0.0,0.0,,,
Wardha,2018,Samudrapur,2.0,65.0,179000.0,490.0,0.0,0.0,,,
Wardha,2019,Ashti,2.0,70.0,130000.0,360.0,0.0,0.0,,,
Wardha,2019,Karanja,10.0,470.0,425000.0,1160.0,0.0,0.0,,,
Wardha,2019,Aarvi,10.0,450.0,595000.0,1630.0,1.0,30000.0,,,
Wardha,2019,Selu,15.0,605.0,792000.0,2170.0,0.0,0.0,,,
Wardha,2019,Wardha,33.0,2109.0,2558000.0,7010.0,1.0,50000.0,,,
Wardha,2019,Devali,1.0,50.0,188000.0,520.0,0.0,0.0,,,
Wardha,2019,Hinganghat,6.0,225.0,275000.0,750.0,0.0,0.0,,,
Wardha,2019,Samudrapur,2.0,65.0,180000.0,490.0,0.0,0.0,,,
Wardha,2020,Ashti,2.0,70.0,0.0,0.0,0.0,0.0,,,
Wardha,2020,Karanja,10.0,470.0,0.0,0.0,0.0,0.0,,,
Wardha,2020,Aarvi,10.0,450.0,333000.0,910.0,1.0,30000.0,,,
Wardha,2020,Selu,15.0,605.0,287000.0,790.0,0.0,0.0,,,
Wardha,2020,Wardha,33.0,2109.0,1155000.0,3160.0,1.0,50000.0,,,
Wardha,2020,Devali,1.0,50.0,33000.0,90.0,0.0,0.0,,,
Wardha,2020,Hinganghat,6.0,225.0,87000.0,240.0,0.0,0.0,,,
Wardha,2020,Samudrapur,2.0,65.0,0.0,0.0,0.0,0.0,,,
Wardha,2021,Ashti,2.0,70.0,0.0,0.0,0.0,0.0,,,
Wardha,2021,Karanja,3.0,313.0,0.0,0.0,0.0,0.0,,,
Wardha,2021,Aarvi,7.0,300.0,326650.0,900.0,1.0,30000.0,,,
Wardha,2021,Selu,10.0,404.0,278540.0,760.0,0.0,0.0,,,
Wardha,2021,Wardha,29.0,1406.0,1144700.0,3140.0,1.0,50000.0,,,
Wardha,2021,Devali,1.0,50.0,30840.0,84.0,0.0,0.0,,,
Wardha,2021,Hinganghat,1.0,150.0,79760.0,218.0,0.0,0.0,,,
Wardha,2021,Samudrapur,1.0,44.0,0.0,0.0,0.0,0.0,,,
Washim,2008,Malegaon,25.0,625.0,839500.0,2300.0,,,,,
Washim,2008,Mangrulpir,37.0,925.0,1821350.0,4990.0,,,,,
Washim,2008,Karanja,35.0,875.0,,,1.0,5000.0,,,
Washim,2008,Manora,30.0,750.0,817600.0,2240.0,,,,,
Washim,2008,Washim,52.0,1300.0,343100.0,940.0,,,,,
Washim,2008,Resod,36.0,900.0,1613300.0,4420.0,,,,,
Washim,2009,Malegaon,25.0,750.0,463550.0,1270.0,,,,,
Washim,2009,Mangrulpir,39.0,1170.0,445300.0,1220.0,,,,,
Washim,2009,Karanja,35.0,1050.0,10950.0,30.0,1.0,5000.0,,,
Washim,2009,Manora,30.0,900.0,,,,,,,
Washim,2009,Washim,53.0,1590.0,54750.0,150.0,,,,,
Washim,2009,Resod,38.0,1140.0,310250.0,850.0,1.0,10000.0,,,
Washim,2010,Malegaon,22.0,621.0,772370.0,212000.0,,,,,
Washim,2010,Mangrulpir,28.0,728.0,,,,,,,
Washim,2010,Karanja,35.0,915.0,378600.0,104000.0,,,,,
Washim,2010,Manora,19.0,513.0,,,1.0,5000.0,,,
Washim,2010,Washim,45.0,1220.0,385800.0,1060.0,1.0,10000.0,,,
Washim,2010,Resod,31.0,810.0,302100.0,82770.0,,,,,
Washim,2011,Malegaon,24.0,648.0,181000.0,496.0,0.0,0.0,,,
Washim,2011,Mangrulpir,36.0,972.0,113000.0,311.0,0.0,0.0,,,
Washim,2011,Karanja,19.0,513.0,0.0,0.0,1.0,5000.0,,,
Washim,2011,Manora,28.0,728.0,0.0,0.0,0.0,0.0,,,
Washim,2011,Washim,44.0,1188.0,33000.0,91.0,1.0,10000.0,,,
Washim,2011,Resod,33.0,825.0,40000.0,112.0,0.0,0.0,,,
Washim,2012,Malegaon,24.0,648.0,323000.0,884.0,0.0,0.0,,,
Washim,2012,Mangrulpir,37.0,797.0,212000.0,582.0,0.0,0.0,,,
Washim,2012,Karanja,19.0,513.0,0.0,0.0,1.0,5000.0,,,
Washim,2012,Manora,29.0,753.0,0.0,0.0,0.0,0.0,,,
Washim,2012,Washim,44.0,1188.0,115000.0,314.0,1.0,10000.0,,,
Washim,2012,Resod,35.0,875.0,87000.0,218.0,0.0,0.0,,,
Washim,2013,Malegaon,26.0,650.0,13822000.0,37870.0,6.0,2000000.0,,,
Washim,2013,Manora,37.0,925.0,5692000.0,15590.0,11.0,3000000.0,,,
Washim,2013,Mangrulpir,19.0,475.0,0.0,0.0,0.0,0.0,,,
Washim,2013,Karanja,29.0,725.0,0.0,0.0,5.0,1800000.0,,,
Washim,2013,Washim,45.0,1125.0,4499000.0,12330.0,3.0,4200000.0,,,
Washim,2013,Resod,36.0,900.0,3996000.0,10950.0,9.0,3700000.0,,,
Washim,2014,Malegaon,25.0,675.0,491290000.0,1346000.0,6.0,2000000.0,,,
Washim,2014,Mangrulpir,35.0,875.0,161330000.0,442000.0,11.0,3000000.0,,,
Washim,2014,Karanja,19.0,475.0,0.0,0.0,0.0,0.0,,,
Washim,2014,Manora,13.0,325.0,0.0,0.0,5.0,1800000.0,,,
Washim,2014,Washim,42.0,1070.0,205860000.0,564000.0,3.0,4200000.0,,,
Washim,2014,Resod,35.0,880.0,131035000.0,359000.0,9.0,3700000.0,,,
Washim,2015,Malegaon,16.0,448.0,443226000.0,1214000.0,6.0,2000000.0,,,
Washim,2015,Mangrulpir,24.0,610.0,199470000.0,546000.0,11.0,3000000.0,,,
Washim,2015,Karanja,0.0,0.0,0.0,0.0,0.0,0.0,,,
Washim,2015,Manora,13.0,377.0,0.0,0.0,5.0,1800000.0,,,
Washim,2015,Washim,35.0,1055.0,177510000.0,486000.0,3.0,4200000.0,,,
Washim,2015,Resod,23.0,667.0,150060000.0,411000.0,9.0,3700000.0,,,
Washim,2016,Malegaon,16.0,448.0,2613400.0,7200.0,6.0,2000.0,,,
Washim,2016,Mangrulpir,24.0,610.0,1610750.0,4400.0,11.0,3000.0,,,
Washim,2016,Karanja,0.0,0.0,0.0,0.0,0.0,0.0,,,
Washim,2016,Manora,13.0,377.0,0.0,0.0,5.0,1800.0,,,
Washim,2016,Washim,35.0,1055.0,1261080.0,3500.0,3.0,4200.0,,,
Washim,2016,Resod,23.0,667.0,1161070.0,3200.0,9.0,3700.0,,,
Washim,2017,Malegaon,16.0,448.0,42960.0,118.0,6.0,2000.0,,,
Washim,2017,Mangrulpir,24.0,690.0,32659.999999999996,89.0,11.0,3000.0,,,
Washim,2017,Karanja,0.0,0.0,0.0,0.0,0.0,0.0,,,
Washim,2017,Manora,13.0,377.0,0.0,0.0,5.0,1800.0,,,
Washim,2017,Washim,36.0,1055.0,65140.0,178.0,3.0,4200.0,,,
Washim,2017,Resod,23.0,667.0,29330.0,800.0,9.0,3700.0,,,
Washim,2018,Malegaon,16.0,448.0,109210.0,299.0,6.0,2000.0,,,
Washim,2018,Mangrulpir,24.0,610.0,96710.0,265.0,11.0,3000.0,,,
Washim,2018,Karanja,0.0,0.0,0.0,0.0,0.0,0.0,,,
Washim,2018,Manora,13.0,377.0,18710.0,51.0,5.0,1800.0,,,
Washim,2018,Washim,36.0,1055.0,179980.0,493.0,3.0,4200.0,,,
Washim,2018,Resod,23.0,667.0,61260.0,168.0,9.0,3700.0,,,
Washim,2019,Malegaon,3.0,75.0,53150.0,146.0,6.0,2000.0,,,
Washim,2019,Mangrulpir,10.0,250.0,65069.99999999999,178.0,11.0,3000.0,,,
Washim,2019,Karanja,0.0,0.0,0.0,0.0,0.0,0.0,,,
Washim,2019,Manora,3.0,75.0,1770.0,50.0,5.0,1800.0,,,
Washim,2019,Washim,4.0,116.0,84490.0,231.0,3.0,4200.0,,,
Washim,2019,Resod,3.0,75.0,38810.0,106.0,9.0,3700.0,,,
Washim,2020,Malegaon,3.0,75.0,32618.000000000004,89.0,6.0,2000.0,,,
Washim,2020,Mangrulpir,10.0,250.0,31343.0,86.0,11.0,3000.0,,,
Washim,2020,Karanja,1.0,25.0,989.0,3.0,0.0,0.0,,,
Washim,2020,Manora,3.0,75.0,2695.0,7.0,5.0,1800.0,,,
Washim,2020,Washim,4.0,100.0,77083.0,211.0,3.0,4200.0,,,
Washim,2020,Resod,3.0,75.0,10189.0,28.0,9.0,3700.0,,,
Washim,2021,Malegaon,3.0,75.0,53150.0,146.0,6.0,2000.0,,,
Washim,2021,Mangrulpir,10.0,250.0,65069.99999999999,178.0,11.0,3000.0,,,
Washim,2021,Karanja,0.0,0.0,989.0,3.0,0.0,0.0,,,
Washim,2021,Manora,3.0,75.0,1770.0,50.0,5.0,1800.0,,,
Washim,2021,Washim,4.0,100.0,84490.0,231.0,3.0,4200.0,,,
Washim,2021,Resod,3.0,75.0,38810.0,106.0,9.0,3700.0,,,
Yavatmal,2012,Ner,46.0,1516.0,35040.0,100.0,,,,,
Yavatmal,2012,Babhulgaon,38.0,1113.0,285090.0,780.0,,,,,
Yavatmal,2012,Kalamb,37.0,959.0,36900.0,100.0,,,,,
Yavatmal,2012,Yavatmal,59.0,1559.0,72770.0,200.0,1.0,20000.0,,,
Yavatmal,2012,Darvha,58.0,1779.0,457900.0,1250.0,,,,,
Yavatmal,2012,Digras,57.0,1450.0,82630.0,230.0,,,,,
Yavatmal,2012,Pusad,84.0,3081.0,72620.0,200.0,1.0,10000.0,,,
Yavatmal,2012,Umarkhed,91.0,2431.0,386940.0,1060.0,1.0,5000.0,,,
Yavatmal,2012,Mahagaon,56.0,1956.0,,,,,,,
Yavatmal,2012,Aarni,35.0,830.0,,,,,,,
Yavatmal,2012,Ghantaji,34.0,652.0,,,,,,,
Yavatmal,2012,Kelapur,38.0,985.0,,,1.0,5000.0,,,
Yavatmal,2012,Ralegaon,37.0,719.0,,,,,,,
Yavatmal,2012,Maregaon,26.0,564.0,,,,,,,
Yavatmal,2012,Zari Jamani,12.0,415.0,,,,,,,
Yavatmal,2012,Vani,15.0,205.0,,,,,,,
Yavatmal,2013,Ner,28.0,700.0,0.0,0.0,0.0,0.0,,,
Yavatmal,2013,Babhulgaon,32.0,800.0,226930.0,620.0,0.0,0.0,,,
Yavatmal,2013,Kalamb,34.0,850.0,34800.0,100.0,0.0,0.0,,,
Yavatmal,2013,Yavatmal,59.0,1475.0,34190.0,100.0,1.0,20000.0,,,
Yavatmal,2013,Darvha,61.0,2135.0,191890.0,530.0,0.0,0.0,,,
Yavatmal,2013,Digras,38.0,1292.0,59340.0,160.0,0.0,0.0,,,
Yavatmal,2013,Pusad,65.0,1820.0,22310.0,60.0,1.0,10000.0,,,
Yavatmal,2013,Umarkhed,85.0,2210.0,360210.0,990.0,1.0,5000.0,,,
Yavatmal,2013,Mahagaon,47.0,1363.0,0.0,0.0,0.0,0.0,,,
Yavatmal,2013,Aarni,25.0,800.0,0.0,0.0,0.0,0.0,,,
Yavatmal,2013,Ghantaji,25.0,950.0,0.0,0.0,0.0,0.0,,,
Yavatmal,2013,Kelapur,30.0,870.0,0.0,0.0,1.0,5000.0,,,
Yavatmal,2013,Ralegaon,27.0,756.0,0.0,0.0,0.0,0.0,,,
Yavatmal,2013,Maregaon,17.0,476.0,0.0,0.0,1.0,5000.0,,,
Yavatmal,2013,Zari Jamani,5.0,145.0,0.0,0.0,0.0,0.0,,,
Yavatmal,2013,Vani,4.0,108.0,0.0,0.0,0.0,0.0,,,
Yavatmal,2014,Ner,29.0,700.0,0.0,0.0,0.0,0.0,,,
Yavatmal,2014,Babhulgaon,32.0,800.0,294000.0,810.0,0.0,0.0,,,
Yavatmal,2014,Kalamb,25.0,850.0,328000.0,900.0,0.0,0.0,,,
Yavatmal,2014,Yavatmal,57.0,1475.0,273000.0,750.0,1.0,20000.0,,,
Yavatmal,2014,Darvha,62.0,2135.0,530000.0,1450.0,0.0,0.0,,,
Yavatmal,2014,Digras,38.0,1292.0,704000.0,1930.0,0.0,0.0,,,
Yavatmal,2014,Pusad,65.0,1820.0,559000.0,1530.0,1.0,10000.0,,,
Yavatmal,2014,Umarkhed,85.0,2210.0,200000.0,550.0,1.0,5000.0,,,
Yavatmal,2014,Mahagaon,47.0,1363.0,0.0,0.0,0.0,0.0,,,
Yavatmal,2014,Aarni,25.0,800.0,0.0,0.0,0.0,0.0,,,
Yavatmal,2014,Ghantaji,25.0,950.0,0.0,0.0,0.0,0.0,,,
Yavatmal,2014,Kelapur,30.0,870.0,0.0,0.0,1.0,5000.0,,,
Yavatmal,2014,Ralegaon,27.0,756.0,0.0,0.0,0.0,0.0,,,
Yavatmal,2014,Maregaon,27.0,476.0,0.0,0.0,1.0,5000.0,,,
Yavatmal,2014,Zari Jamani,5.0,145.0,0.0,0.0,0.0,0.0,,,
Yavatmal,2014,Vani,4.0,108.0,0.0,0.0,0.0,0.0,,,
Yavatmal,2015,Ner,29.0,725.0,0.0,0.0,0.0,0.0,,,
Yavatmal,2015,Babhulgaon,33.0,825.0,520179.99999999994,1430.0,0.0,0.0,,,
Yavatmal,2015,Kalamb,26.0,650.0,91560.0,250.0,0.0,0.0,,,
Yavatmal,2015,Yavatmal,60.0,1500.0,245010.0,670.0,1.0,20000.0,,,
Yavatmal,2015,Darvha,62.0,1550.0,491570.0,1350.0,0.0,0.0,,,
Yavatmal,2015,Digras,38.0,950.0,108190.0,300.0,0.0,0.0,,,
Yavatmal,2015,Pusad,65.0,1625.0,11340.0,30.0,1.0,10000.0,,,
Yavatmal,2015,Umarkhed,85.0,2125.0,145450.0,400.0,1.0,5000.0,,,
Yavatmal,2015,Mahagaon,47.0,1175.0,0.0,0.0,0.0,0.0,,,
Yavatmal,2015,Aarni,25.0,625.0,0.0,0.0,0.0,0.0,,,
Yavatmal,2015,Ghantaji,25.0,625.0,0.0,0.0,0.0,0.0,,,
Yavatmal,2015,Kelapur,30.0,750.0,0.0,0.0,1.0,5000.0,,,
Yavatmal,2015,Ralegaon,27.0,675.0,0.0,0.0,0.0,0.0,,,
Yavatmal,2015,Maregaon,27.0,675.0,0.0,0.0,1.0,5000.0,,,
Yavatmal,2015,Zari Jamani,5.0,125.0,0.0,0.0,0.0,0.0,,,
Yavatmal,2015,Vani,5.0,125.0,0.0,0.0,0.0,0.0,,,
Yavatmal,2016,Ner,29.0,725.0,0.0,0.0,0.0,0.0,,,
Yavatmal,2016,Babhulgaon,33.0,825.0,421210.0,1150.0,0.0,0.0,,,
Yavatmal,2016,Kalamb,27.0,675.0,59860.0,160.0,0.0,0.0,,,
Yavatmal,2016,Yavatmal,62.0,1550.0,126650.0,350.0,0.0,0.0,,,
Yavatmal,2016,Darvha,63.0,1575.0,271950.0,750.0,0.0,0.0,,,
Yavatmal,2016,Digras,38.0,950.0,85100.0,230.0,0.0,0.0,,,
Yavatmal,2016,Pusad,65.0,1625.0,0.0,0.0,0.0,0.0,,,
Yavatmal,2016,Umarkhed,86.0,2150.0,52560.0,140.0,0.0,0.0,,,
Yavatmal,2016,Mahagaon,47.0,1175.0,0.0,0.0,0.0,0.0,,,
Yavatmal,2016,Aarni,25.0,625.0,0.0,0.0,0.0,0.0,,,
Yavatmal,2016,Ghantaji,25.0,625.0,0.0,0.0,0.0,0.0,,,
Yavatmal,2016,Kelapur,30.0,750.0,0.0,0.0,0.0,0.0,,,
Yavatmal,2016,Ralegaon,27.0,675.0,0.0,0.0,0.0,0.0,,,
Yavatmal,2016,Maregaon,27.0,675.0,0.0,0.0,0.0,0.0,,,
Yavatmal,2016,Zari Jamani,5.0,125.0,0.0,0.0,0.0,0.0,,,
Yavatmal,2016,Vani,4.0,100.0,0.0,0.0,0.0,0.0,,,
Yavatmal,2017,Ner,0.0,0.0,0.0,0.0,0.0,0.0,,,
Yavatmal,2017,Babhulgaon,3.0,100.0,14940.0,40.0,0.0,0.0,,,
Yavatmal,2017,Kalamb,3.0,75.0,1740.0,0.0,0.0,0.0,,,
Yavatmal,2017,Yavatmal,7.0,152.0,7140.0,20.0,0.0,0.0,,,
Yavatmal,2017,Darvha,7.0,175.0,90.0,0.0,0.0,0.0,,,
Yavatmal,2017,Digras,4.0,100.0,500.0,0.0,0.0,0.0,,,
Yavatmal,2017,Pusad,2.0,50.0,360.0,0.0,0.0,0.0,,,
Yavatmal,2017,Umarkhed,10.0,300.0,130.0,0.0,0.0,0.0,,,
Yavatmal,2017,Mahagaon,0.0,0.0,0.0,0.0,0.0,0.0,,,
Yavatmal,2017,Aarni,0.0,0.0,0.0,0.0,0.0,0.0,,,
Yavatmal,2017,Ghantaji,0.0,0.0,0.0,0.0,0.0,0.0,,,
Yavatmal,2017,Kelapur,1.0,25.0,330.0,0.0,0.0,0.0,,,
Yavatmal,2017,Ralegaon,0.0,0.0,0.0,0.0,0.0,0.0,,,
Yavatmal,2017,Maregaon,0.0,0.0,0.0,0.0,0.0,0.0,,,
Yavatmal,2017,Zari Jamani,0.0,0.0,0.0,0.0,0.0,0.0,,,
Yavatmal,2017,Vani,0.0,0.0,0.0,0.0,0.0,0.0,,,
Yavatmal,2018,Ner,0.0,0.0,0.0,0.0,0.0,0.0,,,
Yavatmal,2018,Babhulgaon,4.0,125.0,48660.0,130.0,0.0,0.0,,,
Yavatmal,2018,Kalamb,4.0,75.0,2700.0,10.0,0.0,0.0,,,
Yavatmal,2018,Yavatmal,7.0,250.0,30410.0,80.0,0.0,0.0,,,
Yavatmal,2018,Darvha,7.0,75.0,70.0,0.0,0.0,0.0,,,
Yavatmal,2018,Digras,4.0,100.0,0.0,0.0,0.0,0.0,,,
Yavatmal,2018,Pusad,2.0,50.0,0.0,0.0,0.0,0.0,,,
Yavatmal,2018,Umarkhed,10.0,300.0,0.0,0.0,0.0,0.0,,,
Yavatmal,2018,Mahagaon,0.0,0.0,0.0,0.0,0.0,0.0,,,
Yavatmal,2018,Aarni,0.0,0.0,0.0,0.0,0.0,0.0,,,
Yavatmal,2018,Ghantaji,1.0,25.0,0.0,0.0,0.0,0.0,,,
Yavatmal,2018,Kelapur,1.0,50.0,420.0,0.0,0.0,0.0,,,
Yavatmal,2018,Ralegaon,0.0,0.0,0.0,0.0,0.0,0.0,,,
Yavatmal,2018,Maregaon,0.0,0.0,0.0,0.0,0.0,0.0,,,
Yavatmal,2018,Zari Jamani,0.0,0.0,0.0,0.0,0.0,0.0,,,
Yavatmal,2018,Vani,0.0,0.0,0.0,0.0,0.0,0.0,,,
Yavatmal,2019,Ner,0.0,0.0,0.0,0.0,0.0,0.0,,,
Yavatmal,2019,Babhulgaon,2.0,98.0,157000.0,430.0,0.0,0.0,,,
Yavatmal,2019,Kalamb,3.0,73.0,135000.0,370.0,0.0,0.0,,,
Yavatmal,2019,Yavatmal,3.0,70.0,58000.0,160.0,0.0,0.0,,,
Yavatmal,2019,Darvha,2.0,52.0,128000.0,350.0,0.0,0.0,,,
Yavatmal,2019,Digras,0.0,0.0,0.0,0.0,0.0,0.0,,,
Yavatmal,2019,Pusad,0.0,0.0,0.0,0.0,0.0,0.0,,,
Yavatmal,2019,Umarkhed,0.0,0.0,0.0,0.0,0.0,0.0,,,
Yavatmal,2019,Mahagaon,0.0,0.0,0.0,0.0,0.0,0.0,,,
Yavatmal,2019,Aarni,0.0,0.0,0.0,0.0,0.0,0.0,,,
Yavatmal,2019,Ghantaji,0.0,0.0,0.0,0.0,0.0,0.0,,,
Yavatmal,2019,Kelapur,0.0,0.0,0.0,0.0,0.0,0.0,,,
Yavatmal,2019,Ralegaon,0.0,0.0,0.0,0.0,0.0,0.0,,,
Yavatmal,2019,Maregaon,0.0,0.0,0.0,0.0,0.0,0.0,,,
Yavatmal,2019,Zari Jamani,0.0,0.0,0.0,0.0,0.0,0.0,,,
Yavatmal,2019,Vani,0.0,0.0,0.0,0.0,0.0,0.0,,,
Yavatmal,2020,Ner,0.0,0.0,0.0,0.0,0.0,0.0,,,
Yavatmal,2020,Babhulgaon,2.0,52.0,122000.0,330.0,0.0,0.0,,,
Yavatmal,2020,Kalamb,2.0,70.0,119000.0,330.0,0.0,0.0,,,
Yavatmal,2020,Yavatmal,2.0,60.0,53000.0,150.0,0.0,0.0,,,
Yavatmal,2020,Darvha,0.0,0.0,0.0,0.0,0.0,0.0,,,
Yavatmal,2020,Digras,0.0,0.0,0.0,0.0,0.0,0.0,,,
Yavatmal,2020,Pusad,0.0,0.0,0.0,0.0,0.0,0.0,,,
Yavatmal,2020,Umarkhed,0.0,0.0,0.0,0.0,0.0,0.0,,,
Yavatmal,2020,Mahagaon,0.0,0.0,0.0,0.0,0.0,0.0,,,
Yavatmal,2020,Aarni,0.0,0.0,0.0,0.0,0.0,0.0,,,
Yavatmal,2020,Ghantaji,0.0,0.0,0.0,0.0,0.0,0.0,,,
Yavatmal,2020,Kelapur,0.0,0.0,0.0,0.0,0.0,0.0,,,
Yavatmal,2020,Ralegaon,0.0,0.0,0.0,0.0,0.0,0.0,,,
Yavatmal,2020,Maregaon,0.0,0.0,0.0,0.0,0.0,0.0,,,
Yavatmal,2020,Zari Jamani,0.0,0.0,0.0,0.0,0.0,0.0,,,
Yavatmal,2020,Vani,0.0,0.0,0.0,0.0,0.0,0.0,,,
Yavatmal,2021,Ner,0.0,0.0,0.0,0.0,0.0,0.0,,,
Yavatmal,2021,Babhulgaon,4.0,180.0,143000.0,390.0,0.0,0.0,,,
Yavatmal,2021,Kalamb,4.0,145.0,20000.0,50.0,0.0,0.0,,,
Yavatmal,2021,Yavatmal,5.0,196.0,68000.0,190.0,0.0,0.0,,,
Yavatmal,2021,Darvha,5.0,212.0,44000.0,120.0,0.0,0.0,,,
Yavatmal,2021,Digras,1.0,32.0,0.0,0.0,0.0,0.0,,,
Yavatmal,2021,Pusad,0.0,0.0,0.0,0.0,0.0,0.0,,,
Yavatmal,2021,Umarkhed,4.0,170.0,118000.0,320.0,0.0,0.0,,,
Yavatmal,2021,Mahagaon,0.0,0.0,0.0,0.0,0.0,0.0,,,
Yavatmal,2021,Aarni,0.0,0.0,0.0,0.0,0.0,0.0,,,
Yavatmal,2021,Ghantaji,1.0,26.0,0.0,0.0,0.0,0.0,,,
Yavatmal,2021,Kelapur,1.0,30.0,0.0,0.0,0.0,0.0,,,
Yavatmal,2021,Ralegaon,0.0,0.0,0.0,0.0,0.0,0.0,,,
Yavatmal,2021,Maregaon,0.0,0.0,0.0,0.0,0.0,0.0,,,
Yavatmal,2021,Zari Jamani,0.0,0.0,0.0,0.0,0.0,0.0,,,
Yavatmal,2021,Vani,0.0,0.0,0.0,0.0,0.0,0.0,,,
Kolhapur,2017,Shahuwadi,330.0,23092.0,43800000.0,120000.0,2.0,100000.0,,,
Kolhapur,2017,Panhala,490.0,30400.0,105850000.0,290000.0,1.0,50000.0,,,
Kolhapur,2017,Hatkanangale,220.0,13492.0,62050000.0,170000.0,1.0,20000.0,,,
Kolhapur,2017,Shirol,221.0,12828.0,102220000.0,280000.0,4.0,350000.0,,,
Kolhapur,2017,Karveer,818.0,55266.0,105850000.0,290000.0,2.0,300000.0,,,
Kolhapur,2017,Gaganbawda,105.0,6023.0,36500000.0,100000.0,0.0,0.0,,,
Kolhapur,2017,Radhanagari,544.0,67624.0,51100000.0,140000.0,0.0,0.0,,,
Kolhapur,2017,Kagal,433.0,31313.0,63875000.0,175000.0,2.0,150000.0,,,
Kolhapur,2017,Bhudargad,442.0,24893.0,21900000.0,60000.0,0.0,0.0,,,
Kolhapur,2017,Ajra,268.0,14853.0,2550000.0,7000.0,0.0,0.0,,,
Kolhapur,2017,Gadhinglaj,311.0,21364.0,28470000.0,78000.0,2.0,200000.0,,,
Kolhapur,2017,Chandgad,386.0,23994.0,20075000.0,55000.0,2.0,100000.0,,,
Kolhapur,2018,Shahuwadi,324.0,14005.0,45557000.0,125000.0,2.0,100000.0,,,
Kolhapur,2018,Panhala,455.0,25985.0,116087000.0,318000.0,1.0,50000.0,,,
Kolhapur,2018,Hatkanangale,187.0,11594.0,63425000.0,174000.0,1.0,20000.0,,,
Kolhapur,2018,Shirol,176.0,10853.0,95952000.0,263000.0,4.0,350000.0,,,
Kolhapur,2018,Karveer,703.0,40446.0,98723000.0,270000.0,2.0,300000.0,,,
Kolhapur,2018,Gaganbawda,95.0,10002.0,3850000.0,11000.0,0.0,0.0,,,
Kolhapur,2018,Radhanagari,527.0,32141.0,48560000.0,133000.0,0.0,0.0,,,
Kolhapur,2018,Kagal,409.0,28375.0,61580000.0,169000.0,2.0,150000.0,,,
Kolhapur,2018,Bhudargad,433.0,15485.0,22320000.0,61000.0,0.0,0.0,,,
Kolhapur,2018,Ajra,257.0,28066.0,24545000.0,67000.0,0.0,0.0,,,
Kolhapur,2018,Gadhinglaj,302.0,51865.0,39696000.0,109000.0,2.0,200000.0,,,
Kolhapur,2018,Chandgad,363.0,20104.0,38994000.0,107000.0,2.0,100000.0,,,
Kolhapur,2019,Shahuwadi,389.0,14850.0,36350000.0,100000.0,2.0,100000.0,,,
Kolhapur,2019,Panhala,493.0,33915.0,82393000.0,226000.0,1.0,50000.0,,,
Kolhapur,2019,Hatkanangale,306.0,19719.0,56987000.0,156000.0,1.0,20000.0,,,
Kolhapur,2019,Shirol,235.0,12413.0,80112000.0,219000.0,4.0,350000.0,,,
Kolhapur,2019,Karveer,749.0,41226.0,92376000.0,253000.0,2.0,300000.0,,,
Kolhapur,2019,Gaganbawda,123.0,10847.0,4927000.0,13000.0,0.0,0.0,,,
Kolhapur,2019,Radhanagari,530.0,32336.0,44012000.0,121000.0,0.0,0.0,,,
Kolhapur,2019,Kagal,442.0,28440.0,61544000.0,169000.0,2.0,150000.0,,,
Kolhapur,2019,Bhudargad,464.0,15485.0,22021000.0,60000.0,0.0,0.0,,,
Kolhapur,2019,Ajra,288.0,28131.0,24852000.0,68000.0,0.0,0.0,,,
Kolhapur,2019,Gadhinglaj,343.0,51930.0,37083000.0,102000.0,3.0,300000.0,,,
Kolhapur,2019,Chandgad,546.0,20104.0,38581000.0,106000.0,2.0,100000.0,,,
Kolhapur,2020,Shahuwadi,391.0,14960.0,38640000.0,106000.0,2.0,100000.0,,,
Kolhapur,2020,Panhala,503.0,34465.0,85492000.0,234000.0,1.0,50000.0,,,
Kolhapur,2020,Hatkanangale,332.0,21149.0,62140000.0,170000.0,1.0,20000.0,,,
Kolhapur,2020,Shirol,241.0,12743.0,84590000.0,232000.0,4.0,350000.0,,,
Kolhapur,2020,Karveer,767.0,42216.0,97580000.0,267000.0,2.0,300000.0,,,
Kolhapur,2020,Gaganbawda,135.0,11507.0,4420000.0,12000.0,0.0,0.0,,,
Kolhapur,2020,Radhanagari,546.0,33216.0,48540000.0,133000.0,0.0,0.0,,,
Kolhapur,2020,Kagal,449.0,28825.0,63540000.0,174000.0,2.0,150000.0,,,
Kolhapur,2020,Bhudargad,484.0,16585.0,23054000.0,63000.0,0.0,0.0,,,
Kolhapur,2020,Ajra,305.0,29066.0,26540000.0,73000.0,0.0,0.0,,,
Kolhapur,2020,Gadhinglaj,385.0,54240.0,39850000.0,109000.0,3.0,300000.0,,,
Kolhapur,2020,Chandgad,560.0,20874.0,40210000.0,110000.0,2.0,100000.0,,,
Kolhapur,2021,Shahuwadi,417.0,16390.0,42580000.0,117000.0,2.0,100000.0,,,
Kolhapur,2021,Panhala,523.0,35565.0,86540000.0,237000.0,1.0,50000.0,,,
Kolhapur,2021,Hatkanangale,336.0,21369.0,66548000.0,182000.0,1.0,20000.0,,,
Kolhapur,2021,Shirol,266.0,14118.0,89540000.0,245000.0,4.0,350000.0,,,
Kolhapur,2021,Karveer,807.0,44416.0,102500000.0,281000.0,2.0,300000.0,,,
Kolhapur,2021,Gaganbawda,140.0,11782.0,4658000.0,13000.0,0.0,0.0,,,
Kolhapur,2021,Radhanagari,578.0,34976.0,49860000.0,137000.0,0.0,0.0,,,
Kolhapur,2021,Kagal,494.0,31300.0,66870000.0,183000.0,2.0,150000.0,,,
Kolhapur,2021,Bhudargad,517.0,18400.0,24560000.0,67000.0,0.0,0.0,,,
Kolhapur,2021,Ajra,311.0,29396.0,28451000.0,78000.0,0.0,0.0,,,
Kolhapur,2021,Gadhinglaj,400.0,55065.0,42560000.0,117000.0,3.0,300000.0,,,
Kolhapur,2021,Chandgad,566.0,21204.0,41890000.0,115000.0,2.0,100000.0,,,
Jalgaon,2009,Chopda,84.0,8160.0,6606500.0,18100.0,1.0,20000.0,,,
Jalgaon,2009,Yawal,66.0,4590.0,4270500.0,11700.0,1.0,75000.0,,,
Jalgaon,2009,Raver,60.0,7650.0,3577000.0,9800.0,0.0,0.0,,,
Jalgaon,2009,Muktainagar,35.0,4590.0,1241000.0,3400.0,0.0,0.0,,,
Jalgaon,2009,Bodvad,30.0,2890.0,3431000.0,9400.0,1.0,5000.0,,,
Jalgaon,2009,Bhusawal,55.0,1870.0,1898000.0,5200.0,0.0,0.0,,,
Jalgaon,2009,Jalgaon,36.0,2720.0,3978500.0,10900.0,1.0,300000.0,,,
Jalgaon,2009,Erandol,33.0,3060.0,3139000.0,8600.0,0.0,0.0,,,
Jalgaon,2009,Dharangoan,21.0,1700.0,511000.0,1400.0,0.0,0.0,,,
Jalgaon,2009,Amalner,72.0,6800.0,1752000.0,4800.0,0.0,0.0,,,
Jalgaon,2009,Parola,57.0,4080.0,3978500.0,10900.0,1.0,75000.0,,,
Jalgaon,2009,Bhadgoan,42.0,4930.0,5000500.0,13700.0,0.0,0.0,,,
Jalgaon,2009,Chalisgoan,89.0,9010.0,8176000.0,22400.0,2.0,10000.0,,,
Jalgaon,2009,Pachora,84.0,7480.0,4562500.0,12500.0,1.0,20000.0,,,
Jalgaon,2009,Jamner,49.0,5270.0,1934500.0,5300.0,0.0,0.0,,,
Jalgaon,2010,Chopda,84.0,8160.0,5035540.0,13790.0,1.0,20000.0,,,
Jalgaon,2010,Yawal,66.0,4590.0,3585390.0,9820.0,1.0,75000.0,,,
Jalgaon,2010,Raver,60.0,7650.0,2817430.0,7710.0,0.0,0.0,,,
Jalgaon,2010,Muktainagar,36.0,4641.0,1066160.0,2920.0,0.0,0.0,,,
Jalgaon,2010,Bodvad,31.0,2941.0,3143010.0,8610.0,1.0,5000.0,,,
Jalgaon,2010,Bhusawal,55.0,1870.0,1654180.0,4530.0,1.0,5000.0,,,
Jalgaon,2010,Jalgaon,36.0,2720.0,3644520.0,9980.0,1.0,300000.0,,,
Jalgaon,2010,Erandol,33.0,3060.0,2607920.0,7140.0,1.0,5000.0,,,
Jalgaon,2010,Dharangoan,21.0,1700.0,830740.0,2270.0,0.0,0.0,,,
Jalgaon,2010,Amalner,72.0,6800.0,1440650.0,3940.0,0.0,0.0,,,
Jalgaon,2010,Parola,58.0,4131.0,3990910.0,10930.0,1.0,75000.0,,,
Jalgaon,2010,Bhadgoan,42.0,4930.0,4235090.0,11600.0,1.0,5000.0,,,
Jalgaon,2010,Chalisgoan,92.0,9163.0,9085580.0,24890.0,3.0,16000.0,,,
Jalgaon,2010,Pachora,84.0,7480.0,3857320.0,10560.0,1.0,20000.0,,,
Jalgaon,2010,Jamner,49.0,5270.0,1777910.0,4870.0,0.0,0.0,,,
Jalgaon,2012,Chopda,82.0,6150.0,7427000.0,20000.0,1.0,20000.0,,,
Jalgaon,2012,Yawal,67.0,5025.0,5256000.0,14000.0,1.0,75000.0,,,
Jalgaon,2012,Raver,79.0,5925.0,3396000.0,9000.0,0.0,0.0,,,
Jalgaon,2012,Muktainagar,46.0,3450.0,1463000.0,4000.0,0.0,0.0,,,
Jalgaon,2012,Bodvad,44.0,3300.0,963000.0,3000.0,1.0,5000.0,,,
Jalgaon,2012,Bhusawal,36.0,2700.0,2292000.0,6000.0,1.0,5000.0,,,
Jalgaon,2012,Jalgaon,79.0,5775.0,3339000.0,9000.0,1.0,300000.0,,,
Jalgaon,2012,Erandol,62.0,4650.0,3040000.0,8000.0,1.0,5000.0,,,
Jalgaon,2012,Dharangoan,59.0,4425.0,661000.0,2000.0,0.0,0.0,,,
Jalgaon,2012,Amalner,140.0,10500.0,3308000.0,9000.0,0.0,0.0,,,
Jalgaon,2012,Parola,112.0,8400.0,4947000.0,14000.0,1.0,75000.0,,,
Jalgaon,2012,Bhadgoan,60.0,4500.0,5479000.0,15000.0,1.0,5000.0,,,
Jalgaon,2012,Chalisgoan,104.0,7800.0,14235000.0,39000.0,3.0,10000.0,,,
Jalgaon,2012,Pachora,95.0,7125.0,5402000.0,15000.0,1.0,20000.0,,,
Jalgaon,2012,Jamner,81.0,6075.0,2726000.0,7000.0,0.0,0.0,,,
Jalgaon,2013,Chopda,81.0,5740.0,9025000.0,25000.0,1.0,20000.0,,,
Jalgaon,2013,Yawal,68.0,4741.0,5853000.0,16000.0,1.0,75000.0,,,
Jalgaon,2013,Raver,81.0,5632.0,3689000.0,10000.0,0.0,0.0,,,
Jalgaon,2013,Muktainagar,50.0,3462.0,1583000.0,4000.0,0.0,0.0,,,
Jalgaon,2013,Bodvad,43.0,2991.0,1493000.0,4000.0,1.0,5000.0,,,
Jalgaon,2013,Bhusawal,36.0,2520.0,2138000.0,6000.0,1.0,5000.0,,,
Jalgaon,2013,Jalgaon,76.0,5149.0,3690000.0,10000.0,1.0,300000.0,,,
Jalgaon,2013,Erandol,65.0,4493.0,3514000.0,10000.0,1.0,5000.0,,,
Jalgaon,2013,Dharangoan,57.0,3990.0,701000.0,2000.0,0.0,0.0,,,
Jalgaon,2013,Amalner,139.0,9800.0,3104000.0,9000.0,0.0,0.0,,,
Jalgaon,2013,Parola,115.0,7973.0,3758000.0,10000.0,1.0,75000.0,,,
Jalgaon,2013,Bhadgoan,62.0,4264.0,4550000.0,12000.0,2.0,8000.0,,,
Jalgaon,2013,Chalisgoan,107.0,7376.0,9814000.0,27000.0,3.0,13000.0,,,
Jalgaon,2013,Pachora,97.0,6714.0,6632000.0,18000.0,1.0,20000.0,,,
Jalgaon,2013,Jamner,83.0,5772.0,4529000.0,12000.0,0.0,0.0,,,
Jalgaon,2014,Chopda,81.0,5740.0,8261000.0,23000.0,1.0,20000.0,,,
Jalgaon,2014,Yawal,68.0,4741.0,5722000.0,16000.0,1.0,75000.0,,,
Jalgaon,2014,Raver,81.0,5632.0,2925000.0,8000.0,0.0,0.0,,,
Jalgaon,2014,Muktainagar,50.0,3462.0,1302000.0,4000.0,0.0,0.0,,,
Jalgaon,2014,Bodvad,43.0,2991.0,1253000.0,3000.0,1.0,5000.0,,,
Jalgaon,2014,Bhusawal,36.0,2520.0,1974000.0,5000.0,1.0,5000.0,,,
Jalgaon,2014,Jalgaon,76.0,5149.0,3591000.0,10000.0,1.0,300000.0,,,
Jalgaon,2014,Erandol,65.0,4493.0,3035000.0,8000.0,1.0,5000.0,,,
Jalgaon,2014,Dharangoan,57.0,3990.0,850000.0,2000.0,0.0,0.0,,,
Jalgaon,2014,Amalner,139.0,9800.0,2829000.0,8000.0,0.0,0.0,,,
Jalgaon,2014,Parola,115.0,7973.0,3687000.0,10000.0,1.0,75000.0,,,
Jalgaon,2014,Bhadgoan,62.0,4264.0,5187000.0,14000.0,2.0,8000.0,,,
Jalgaon,2014,Chalisgoan,107.0,7376.0,11131000.0,30000.0,6.0,20000.0,,,
Jalgaon,2014,Pachora,97.0,6714.0,6341000.0,17000.0,1.0,20000.0,,,
Jalgaon,2014,Jamner,83.0,5772.0,4190000.0,11000.0,0.0,0.0,,,
Jalgaon,2015,Chopda,81.0,5740.0,10305000.0,28000.0,1.0,20000.0,,,
Jalgaon,2015,Yawal,68.0,4690.0,6499000.0,18000.0,1.0,75000.0,,,
Jalgaon,2015,Raver,81.0,5530.0,3308000.0,9000.0,0.0,0.0,,,
Jalgaon,2015,Muktainagar,50.0,3360.0,1477000.0,4000.0,0.0,0.0,,,
Jalgaon,2015,Bodvad,43.0,2940.0,1392000.0,4000.0,1.0,5000.0,,,
Jalgaon,2015,Bhusawal,36.0,2520.0,2252000.0,6000.0,1.0,5000.0,,,
Jalgaon,2015,Jalgaon,76.0,4690.0,4123000.0,11000.0,1.0,300000.0,,,
Jalgaon,2015,Erandol,65.0,4340.0,4127000.0,11000.0,1.0,5000.0,,,
Jalgaon,2015,Dharangoan,57.0,3990.0,1168000.0,3000.0,0.0,0.0,,,
Jalgaon,2015,Amalner,139.0,9800.0,3578000.0,10000.0,0.0,0.0,,,
Jalgaon,2015,Parola,115.0,7840.0,4988000.0,14000.0,1.0,75000.0,,,
Jalgaon,2015,Bhadgoan,62.0,4060.0,6352000.0,17000.0,2.0,8000.0,,,
Jalgaon,2015,Chalisgoan,107.0,7070.0,13348000.0,37000.0,6.0,20000.0,,,
Jalgaon,2015,Pachora,97.0,6510.0,8313000.0,23000.0,1.0,20000.0,,,
Jalgaon,2015,Jamner,83.0,5670.0,5767000.0,16000.0,0.0,0.0,,,
Jalgaon,2016,Chopda,82.0,6150.0,9159300.0,25100.0,1.0,20000.0,,,
Jalgaon,2016,Yawal,67.0,5025.0,6316100.0,17300.0,1.0,75000.0,,,
Jalgaon,2016,Raver,79.0,5925.0,3660800.0,10000.0,0.0,0.0,,,
Jalgaon,2016,Muktainagar,48.0,3600.0,1225100.0,3400.0,0.0,0.0,,,
Jalgaon,2016,Bodvad,42.0,3150.0,1329500.0,3600.0,1.0,5000.0,,,
Jalgaon,2016,Bhusawal,36.0,2700.0,2256900.0,6200.0,1.0,5000.0,,,
Jalgaon,2016,Jalgaon,67.0,5025.0,3859000.0,10600.0,1.0,300000.0,,,
Jalgaon,2016,Erandol,62.0,4650.0,3853400.0,10600.0,1.0,5000.0,,,
Jalgaon,2016,Dharangoan,57.0,4275.0,1195100.0,3300.0,0.0,0.0,,,
Jalgaon,2016,Amalner,140.0,10500.0,4090600.0,11200.0,0.0,0.0,,,
Jalgaon,2016,Parola,112.0,8400.0,4129800.0,11300.0,1.0,75000.0,,,
Jalgaon,2016,Bhadgoan,58.0,4350.0,5440900.0,14900.0,2.0,8000.0,,,
Jalgaon,2016,Chalisgoan,101.0,7575.0,13259200.0,36300.0,6.0,20000.0,,,
Jalgaon,2016,Pachora,93.0,6975.0,8591600.0,23500.0,1.0,20000.0,,,
Jalgaon,2016,Jamner,81.0,6075.0,6352600.0,17400.0,0.0,0.0,,,
Jalgaon,2017,Chopda,49.0,4050.0,11022000.0,30200.0,1.0,20000.0,,,
Jalgaon,2017,Yawal,27.0,2400.0,7511000.0,20600.0,1.0,40000.0,,,
Jalgaon,2017,Raver,50.0,3750.0,4543000.0,12400.0,0.0,0.0,,,
Jalgaon,2017,Muktainagar,26.0,2025.0,1334000.0,3700.0,0.0,0.0,,,
Jalgaon,2017,Bodvad,16.0,1350.0,1594000.0,4300.0,1.0,5000.0,,,
Jalgaon,2017,Bhusawal,17.0,1275.0,2985000.0,8200.0,1.0,5000.0,,,
Jalgaon,2017,Jalgaon,29.0,202.0,4891000.0,13400.0,1.0,300000.0,,,
Jalgaon,2017,Erandol,23.0,1650.0,4630000.0,12700.0,1.0,5000.0,,,
Jalgaon,2017,Dharangoan,20.0,1125.0,1253000.0,3400.0,0.0,0.0,,,
Jalgaon,2017,Amalner,51.0,4050.0,5395000.0,14800.0,0.0,0.0,,,
Jalgaon,2017,Parola,42.0,2850.0,4930000.0,13500.0,1.0,40000.0,,,
Jalgaon,2017,Bhadgoan,42.0,2775.0,6699000.0,18400.0,2.0,8000.0,,,
Jalgaon,2017,Chalisgoan,76.0,5400.0,16704000.0,45800.0,6.0,20000.0,,,
Jalgaon,2017,Pachora,52.0,3975.0,10517000.0,28800.0,1.0,20000.0,,,
Jalgaon,2017,Jamner,43.0,2925.0,7889000.0,21600.0,0.0,0.0,,,
Jalgaon,2018,Chopda,49.0,3720.0,10989000.0,30000.0,1.0,20000.0,,,
Jalgaon,2018,Yawal,28.0,2296.0,7010000.0,19000.0,1.0,40000.0,,,
Jalgaon,2018,Raver,52.0,3966.0,4943000.0,14000.0,0.0,0.0,,,
Jalgaon,2018,Muktainagar,26.0,2106.0,1371000.0,4000.0,0.0,0.0,,,
Jalgaon,2018,Bodvad,19.0,1425.0,1813000.0,5000.0,1.0,5000.0,,,
Jalgaon,2018,Bhusawal,19.0,1444.0,3293000.0,9000.0,1.0,5000.0,,,
Jalgaon,2018,Jalgaon,30.0,2220.0,5748000.0,16000.0,1.0,300000.0,,,
Jalgaon,2018,Erandol,25.0,1950.0,5236000.0,14000.0,1.0,5000.0,,,
Jalgaon,2018,Dharangoan,23.0,1656.0,1810000.0,5000.0,0.0,0.0,,,
Jalgaon,2018,Amalner,61.0,4392.0,5656000.0,16000.0,1.0,2000.0,,,
Jalgaon,2018,Parola,48.0,3552.0,5850000.0,16000.0,1.0,40000.0,,,
Jalgaon,2018,Bhadgoan,56.0,4760.0,9370000.0,26000.0,2.0,6000.0,,,
Jalgaon,2018,Chalisgoan,105.0,8715.0,25742000.0,71000.0,6.0,20000.0,,,
Jalgaon,2018,Pachora,61.0,4514.0,13520000.0,37000.0,1.0,20000.0,,,
Jalgaon,2018,Jamner,54.0,4212.0,9629000.0,26000.0,1.0,5000.0,,,
Jalgaon,2019,Chopda,49.0,4557.0,8928000.0,25000.0,1.0,20000.0,,,
Jalgaon,2019,Yawal,29.0,2697.0,5603000.0,15000.0,1.0,40000.0,,,
Jalgaon,2019,Raver,53.0,4929.0,3835000.0,11000.0,0.0,0.0,,,
Jalgaon,2019,Muktainagar,26.0,2418.0,951000.0,31000.0,0.0,0.0,,,
Jalgaon,2019,Bodvad,17.0,1581.0,1465000.0,4000.0,1.0,5000.0,,,
Jalgaon,2019,Bhusawal,19.0,1767.0,2398000.0,7000.0,1.0,5000.0,,,
Jalgaon,2019,Jalgaon,33.0,3069.0,4287000.0,12000.0,2.0,302000.0,,,
Jalgaon,2019,Erandol,27.0,2511.0,4192000.0,12000.0,1.0,5000.0,,,
Jalgaon,2019,Dharangoan,24.0,2232.0,1471000.0,4000.0,0.0,0.0,,,
Jalgaon,2019,Amalner,63.0,5859.0,3848000.0,11000.0,1.0,2000.0,,,
Jalgaon,2019,Parola,51.0,4743.0,3968000.0,11000.0,1.0,40000.0,,,
Jalgaon,2019,Bhadgoan,64.0,5952.0,8150000.0,22000.0,2.0,6000.0,,,
Jalgaon,2019,Chalisgoan,127.0,29811.0,23525000.0,65000.0,8.0,40000.0,,,
Jalgaon,2019,Pachora,69.0,6417.0,11375000.0,31000.0,1.0,20000.0,,,
Jalgaon,2019,Jamner,59.0,5487.0,6349000.0,17000.0,2.0,6000.0,,,
Jalgaon,2020,Chopda,46.0,4275.0,10011000.0,27400.0,1.0,20000.0,,,
Jalgaon,2020,Yawal,30.0,2790.0,5795000.0,15900.0,1.0,40000.0,,,
Jalgaon,2020,Raver,53.0,4929.0,3346900.0,9200.0,0.0,0.0,,,
Jalgaon,2020,Muktainagar,25.0,2325.0,906300.0,2500.0,0.0,0.0,,,
Jalgaon,2020,Bodvad,18.0,1674.0,1498100.0,4100.0,1.0,5000.0,,,
Jalgaon,2020,Bhusawal,20.0,1860.0,2667200.0,7300.0,1.0,5000.0,,,
Jalgaon,2020,Jalgaon,33.0,3069.0,4910900.0,13500.0,2.0,302000.0,,,
Jalgaon,2020,Erandol,27.0,2511.0,4734600.0,13000.0,1.0,5000.0,,,
Jalgaon,2020,Dharangoan,25.0,2325.0,1513400.0,4100.0,0.0,0.0,,,
Jalgaon,2020,Amalner,67.0,6231.0,4272500.0,11700.0,1.0,2000.0,,,
Jalgaon,2020,Parola,52.0,4836.0,3791200.0,10400.0,1.0,40000.0,,,
Jalgaon,2020,Bhadgoan,65.0,6045.0,6564200.0,18000.0,2.0,6000.0,,,
Jalgaon,2020,Chalisgoan,129.0,11997.0,24730700.0,67800.0,8.0,40000.0,,,
Jalgaon,2020,Pachora,70.0,6510.0,9414700.0,25800.0,1.0,20000.0,,,
Jalgaon,2020,Jamner,61.0,5673.0,5505600.0,15100.0,2.0,6000.0,,,
Jalgaon,2021,Chopda,46.0,4275.0,4076700.0,11170.0,1.0,20000.0,,,
Jalgaon,2021,Yawal,31.0,2790.0,9724300.0,26640.0,1.0,40000.0,,,
Jalgaon,2021,Raver,53.0,4929.0,3618600.0,9910.0,0.0,0.0,,,
Jalgaon,2021,Muktainagar,25.0,2325.0,2675200.0,7330.0,0.0,0.0,,,
Jalgaon,2021,Bodvad,18.0,1674.0,791000.0,2170.0,1.0,5000.0,,,
Jalgaon,2021,Bhusawal,20.0,1860.0,1543300.0,4230.0,1.0,5000.0,,,
Jalgaon,2021,Jalgaon,33.0,3069.0,2021900.0,5540.0,2.0,302000.0,,,
Jalgaon,2021,Erandol,27.0,2511.0,4586700.0,12570.0,1.0,5000.0,,,
Jalgaon,2021,Dharangoan,25.0,2325.0,4184899.9999999995,11470.0,0.0,0.0,,,
Jalgaon,2021,Amalner,67.0,6231.0,1403600.0,3850.0,1.0,2000.0,,,
Jalgaon,2021,Parola,52.0,4836.0,3269200.0,8960.0,1.0,40000.0,,,
Jalgaon,2021,Bhadgoan,65.0,6045.0,6117000.0,16760.0,2.0,6000.0,,,
Jalgaon,2021,Chalisgoan,129.0,11997.0,22162200.0,60720.0,8.0,40000.0,,,
Jalgaon,2021,Pachora,70.0,6510.0,8894800.0,24370.0,1.0,20000.0,,,
Jalgaon,2021,Jamner,61.0,5673.0,5634100.0,15440.0,2.0,6000.0,,,
Chh. Sambhaji Nagar,2012,Kannad,179.0,9129.0,3502000.0,10000.0,1.0,20000.0,,,
Chh. Sambhaji Nagar,2012,Soyegaon,4.0,204.0,52000.0,0.0,0.0,0.0,,,
Chh. Sambhaji Nagar,2012,Sillod,106.0,5406.0,5240000.0,14000.0,1.0,14000.0,,,
Chh. Sambhaji Nagar,2012,Phulambri,161.0,8211.0,8403000.0,23000.0,1.0,20000.0,,,
Chh. Sambhaji Nagar,2012,Chh. Sambhaji Nagar,145.0,7395.0,4397000.0,12000.0,1.0,50000.0,,,
Chh. Sambhaji Nagar,2012,Khultabad,57.0,2907.0,1630000.0,4000.0,0.0,0.0,,,
Chh. Sambhaji Nagar,2012,Vaijapur,123.0,6273.0,1634000.0,4000.0,1.0,5000.0,,,
Chh. Sambhaji Nagar,2012,Gangapur,32.0,1632.0,758000.0,2000.0,0.0,0.0,,,
Chh. Sambhaji Nagar,2012,Paithan,95.0,4845.0,1376000.0,4000.0,1.0,10000.0,,,
Chh. Sambhaji Nagar,2013,Kannad,186.0,9486.0,3170000.0,9000.0,0.0,0.0,,,
Chh. Sambhaji Nagar,2013,Soyegaon,4.0,204.0,0.0,0.0,0.0,0.0,,,
Chh. Sambhaji Nagar,2013,Sillod,118.0,6018.0,5919000.0,16000.0,0.0,0.0,,,
Chh. Sambhaji Nagar,2013,Phulambri,180.0,9180.0,7750000.0,21000.0,0.0,0.0,,,
Chh. Sambhaji Nagar,2013,Chh. Sambhaji Nagar,145.0,7395.0,4706000.0,13000.0,2.0,100000.0,,,
Chh. Sambhaji Nagar,2013,Khultabad,61.0,3111.0,1165000.0,3000.0,0.0,0.0,,,
Chh. Sambhaji Nagar,2013,Vaijapur,133.0,6783.0,1857000.0,5000.0,0.0,0.0,,,
Chh. Sambhaji Nagar,2013,Gangapur,32.0,1632.0,795000.0,2000.0,0.0,0.0,,,
Chh. Sambhaji Nagar,2013,Paithan,97.0,4947.0,1383000.0,4000.0,0.0,0.0,,,
Chh. Sambhaji Nagar,2014,Kannad,107.0,9486.0,3592000.0,10000.0,0.0,0.0,,,
Chh. Sambhaji Nagar,2014,Soyegaon,4.0,204.0,19000.0,0.0,0.0,0.0,,,
Chh. Sambhaji Nagar,2014,Sillod,72.0,6018.0,5130000.0,14000.0,0.0,0.0,,,
Chh. Sambhaji Nagar,2014,Phulambri,11.0,9180.0,6113000.0,17000.0,0.0,0.0,,,
Chh. Sambhaji Nagar,2014,Chh. Sambhaji Nagar,96.0,7395.0,5343000.0,15000.0,2.0,100000.0,,,
Chh. Sambhaji Nagar,2014,Khultabad,56.0,3111.0,1453000.0,4000.0,0.0,0.0,,,
Chh. Sambhaji Nagar,2014,Vaijapur,104.0,6783.0,2261000.0,6000.0,0.0,0.0,,,
Chh. Sambhaji Nagar,2014,Gangapur,32.0,1632.0,1041000.0,3000.0,0.0,0.0,,,
Chh. Sambhaji Nagar,2014,Paithan,97.0,4947.0,1575000.0,4000.0,0.0,0.0,,,
Chh. Sambhaji Nagar,2015,Kannad,81.0,4131.0,4060000.0,11000.0,0.0,0.0,,,
Chh. Sambhaji Nagar,2015,Soyegaon,0.0,0.0,0.0,0.0,0.0,0.0,,,
Chh. Sambhaji Nagar,2015,Sillod,66.0,3366.0,6799000.0,19000.0,0.0,0.0,,,
Chh. Sambhaji Nagar,2015,Phulambri,103.0,5253.0,7479000.0,20000.0,0.0,0.0,,,
Chh. Sambhaji Nagar,2015,Chh. Sambhaji Nagar,76.0,3876.0,6842000.0,19000.0,2.0,100000.0,,,
Chh. Sambhaji Nagar,2015,Khultabad,28.0,1428.0,1656000.0,5000.0,0.0,0.0,,,
Chh. Sambhaji Nagar,2015,Vaijapur,46.0,2346.0,2790000.0,8000.0,0.0,0.0,,,
Chh. Sambhaji Nagar,2015,Gangapur,17.0,807.0,1226000.0,3000.0,0.0,0.0,,,
Chh. Sambhaji Nagar,2015,Paithan,41.0,2091.0,2252000.0,6000.0,0.0,0.0,,,
Chh. Sambhaji Nagar,2016,Kannad,79.0,4029.0,3414000.0,9000.0,0.0,0.0,,,
Chh. Sambhaji Nagar,2016,Soyegaon,0.0,0.0,0.0,0.0,0.0,0.0,,,
Chh. Sambhaji Nagar,2016,Sillod,67.0,3417.0,6244000.0,17000.0,0.0,0.0,,,
Chh. Sambhaji Nagar,2016,Phulambri,109.0,5559.0,6529000.0,18000.0,0.0,0.0,,,
Chh. Sambhaji Nagar,2016,Chh. Sambhaji Nagar,81.0,4131.0,6796000.0,19000.0,2.0,100000.0,,,
Chh. Sambhaji Nagar,2016,Khultabad,28.0,1428.0,1118000.0,3000.0,0.0,0.0,,,
Chh. Sambhaji Nagar,2016,Vaijapur,46.0,2346.0,2393000.0,7000.0,0.0,0.0,,,
Chh. Sambhaji Nagar,2016,Gangapur,21.0,1071.0,1056000.0,3000.0,0.0,0.0,,,
Chh. Sambhaji Nagar,2016,Paithan,49.0,2499.0,2356000.0,6000.0,0.0,0.0,,,
Chh. Sambhaji Nagar,2017,Kannad,88.0,4488.0,3190000.0,9000.0,0.0,0.0,,,
Chh. Sambhaji Nagar,2017,Soyegaon,3.0,153.0,600000.0,2000.0,0.0,0.0,,,
Chh. Sambhaji Nagar,2017,Sillod,70.0,3570.0,5957000.0,16000.0,0.0,0.0,,,
Chh. Sambhaji Nagar,2017,Phulambri,114.0,5814.0,7167000.0,20000.0,0.0,0.0,,,
Chh. Sambhaji Nagar,2017,Chh. Sambhaji Nagar,86.0,4386.0,8088000.0,22000.0,4.0,100000.0,,,
Chh. Sambhaji Nagar,2017,Khultabad,28.0,1428.0,1224000.0,3000.0,0.0,0.0,,,
Chh. Sambhaji Nagar,2017,Vaijapur,50.0,2550.0,2296000.0,6000.0,0.0,0.0,,,
Chh. Sambhaji Nagar,2017,Gangapur,24.0,1224.0,1543000.0,4000.0,0.0,0.0,,,
Chh. Sambhaji Nagar,2017,Paithan,52.0,2652.0,2765000.0,8000.0,0.0,0.0,,,
Chh. Sambhaji Nagar,2018,Kannad,68.0,3468.0,4046000.0,11000.0,1.0,30000.0,,,
Chh. Sambhaji Nagar,2018,Soyegaon,3.0,153.0,660000.0,2000.0,0.0,0.0,,,
Chh. Sambhaji Nagar,2018,Sillod,63.0,3213.0,7346000.0,20000.0,1.0,30000.0,,,
Chh. Sambhaji Nagar,2018,Phulambri,99.0,5049.0,7587000.0,21000.0,1.0,30000.0,,,
Chh. Sambhaji Nagar,2018,Chh. Sambhaji Nagar,82.0,4182.0,9181000.0,25000.0,1.0,50000.0,,,
Chh. Sambhaji Nagar,2018,Khultabad,15.0,765.0,1555000.0,4000.0,0.0,0.0,,,
Chh. Sambhaji Nagar,2018,Vaijapur,37.0,1887.0,2623000.0,7000.0,1.0,10000.0,,,
Chh. Sambhaji Nagar,2018,Gangapur,21.0,1071.0,149000.0,0.0,0.0,0.0,,,
Chh. Sambhaji Nagar,2018,Paithan,51.0,2601.0,3844000.0,11000.0,1.0,30000.0,,,
Chh. Sambhaji Nagar,2019,Kannad,80.0,4080.0,2874000.0,8000.0,1.0,30000.0,,,
Chh. Sambhaji Nagar,2019,Soyegaon,2.0,102.0,525000.0,1000.0,0.0,0.0,,,
Chh. Sambhaji Nagar,2019,Sillod,66.0,3366.0,6896000.0,19000.0,1.0,30000.0,,,
Chh. Sambhaji Nagar,2019,Phulambri,105.0,5355.0,5912000.0,16000.0,1.0,30000.0,,,
Chh. Sambhaji Nagar,2019,Chh. Sambhaji Nagar,89.0,4539.0,6475000.0,18000.0,1.0,100000.0,,,
Chh. Sambhaji Nagar,2019,Khultabad,28.0,1428.0,1295000.0,4000.0,0.0,0.0,,,
Chh. Sambhaji Nagar,2019,Vaijapur,47.0,2397.0,3173000.0,9000.0,1.0,10000.0,,,
Chh. Sambhaji Nagar,2019,Gangapur,23.0,1173.0,1083000.0,3000.0,0.0,0.0,,,
Chh. Sambhaji Nagar,2019,Paithan,49.0,2499.0,2241000.0,6000.0,1.0,30000.0,,,
Chh. Sambhaji Nagar,2020,Kannad,50.0,2550.0,3555000.0,10000.0,1.0,30000.0,,,
Chh. Sambhaji Nagar,2020,Soyegaon,3.0,153.0,124000.0,0.0,0.0,0.0,,,
Chh. Sambhaji Nagar,2020,Sillod,64.0,3264.0,6182000.0,17000.0,1.0,30000.0,,,
Chh. Sambhaji Nagar,2020,Phulambri,104.0,5304.0,6075000.0,17000.0,1.0,30000.0,,,
Chh. Sambhaji Nagar,2020,Chh. Sambhaji Nagar,85.0,4335.0,6271000.0,17000.0,1.0,100000.0,,,
Chh. Sambhaji Nagar,2020,Khultabad,18.0,918.0,1360000.0,4000.0,0.0,0.0,,,
Chh. Sambhaji Nagar,2020,Vaijapur,36.0,1836.0,1723000.0,5000.0,1.0,10000.0,,,
Chh. Sambhaji Nagar,2020,Gangapur,22.0,1122.0,882000.0,2000.0,0.0,0.0,,,
Chh. Sambhaji Nagar,2020,Paithan,52.0,2652.0,2333000.0,6000.0,1.0,10000.0,,,
Chh. Sambhaji Nagar,2021,Kannad,50.0,2550.0,3294000.0,9000.0,1.0,30000.0,,,
Chh. Sambhaji Nagar,2021,Soyegaon,3.0,153.0,0.0,0.0,0.0,0.0,,,
Chh. Sambhaji Nagar,2021,Sillod,56.0,2856.0,4850000.0,13000.0,1.0,30000.0,,,
Chh. Sambhaji Nagar,2021,Phulambri,94.0,4794.0,5703000.0,16000.0,1.0,30000.0,,,
Chh. Sambhaji Nagar,2021,Chh. Sambhaji Nagar,77.0,3927.0,5579000.0,15000.0,1.0,100000.0,,,
Chh. Sambhaji Nagar,2021,Khultabad,14.0,714.0,1374000.0,4000.0,0.0,0.0,,,
Chh. Sambhaji Nagar,2021,Vaijapur,39.0,1683.0,1693000.0,5000.0,1.0,10000.0,,,
Chh. Sambhaji Nagar,2021,Gangapur,21.0,1071.0,824000.0,2000.0,0.0,0.0,,,
Chh. Sambhaji Nagar,2021,Paithan,46.0,2346.0,1693000.0,5000.0,1.0,10000.0,,,
Solapur,2011,Karmala,475.0,24225.0,9191000.0,25180.0,2.0,60000.0,,,
Solapur,2011,Madha,554.0,28254.0,8844000.0,24230.0,2.0,100000.0,,,
Solapur,2011,Barsi,331.0,16881.0,4946000.0,13550.0,3.0,130000.0,,,
Solapur,2011,North Solapur,76.0,3876.0,2993000.0,8200.0,3.0,120000.0,,,
Solapur,2011,Mohol,262.0,13362.0,5429000.0,14870.0,1.0,30000.0,,,
Solapur,2011,Pandharpur,408.0,20808.0,11790000.0,32299.999999999996,2.0,50000.0,,,
Solapur,2011,Malsiras,375.0,19125.0,53005000.0,145220.0,4.0,200000.0,,,
Solapur,2011,Sangola,518.0,26418.0,32208000.0,88240.0,2.0,100000.0,,,
Solapur,2011,Mangal Vedha,397.0,20247.0,22101000.0,60550.0,2.0,30000.0,,,
Solapur,2011,South Solapur,98.0,4998.0,2212000.0,6060.0,1.0,30000.0,,,
Solapur,2011,Akalkot,67.0,3417.0,1080000.0,2960.0,0.0,0.0,,,
Solapur,2012,Karmala,475.0,24225.0,8673500.0,23760.0,2.0,60000.0,,,
Solapur,2012,Madha,640.0,32640.0,8347500.0,22870.0,2.0,100000.0,,,
Solapur,2012,Barsi,331.0,16881.0,3176200.0,8700.0,3.0,130000.0,,,
Solapur,2012,North Solapur,76.0,3876.0,2792900.0,7650.0,3.0,120000.0,,,
Solapur,2012,Mohol,262.0,13362.0,9533800.0,26120.0,1.0,30000.0,,,
Solapur,2012,Pandharpur,440.0,24440.0,16507800.0,45230.0,2.0,50000.0,,,
Solapur,2012,Malsiras,375.0,19125.0,53525000.0,146640.0,4.0,200000.0,,,
Solapur,2012,Sangola,555.0,28305.0,31838500.0,87230.0,2.0,100000.0,,,
Solapur,2012,Mangal Vedha,368.0,18768.0,27585900.0,75580.0,2.0,30000.0,,,
Solapur,2012,South Solapur,98.0,4998.0,2211500.0,60590.0,1.0,30000.0,,,
Solapur,2012,Akalkot,67.0,3417.0,935800.0,25640.0,0.0,0.0,,,
Solapur,2013,Karmala,475.0,24251.0,6584600.0,18040.0,2.0,60000.0,,,
Solapur,2013,Madha,555.0,28305.0,6186750.0,16950.0,2.0,100000.0,,,
Solapur,2013,Barsi,331.0,16881.0,2690050.0,7370.0,3.0,130000.0,,,
Solapur,2013,North Solapur,76.0,3876.0,2434550.0,6670.0,3.0,120000.0,,,
Solapur,2013,Mohol,98.0,4998.0,5000500.0,13710.0,1.0,30000.0,,,
Solapur,2013,Pandharpur,410.0,20910.0,13961250.0,38250.0,2.0,50000.0,,,
Solapur,2013,Malsiras,375.0,19125.0,57396250.0,157250.0,4.0,200000.0,,,
Solapur,2013,Sangola,524.0,26724.0,25820100.0,70740.0,2.0,100000.0,,,
Solapur,2013,Mangal Vedha,404.0,20604.0,22316100.0,61140.0,2.0,30000.0,,,
Solapur,2013,South Solapur,98.0,4998.0,2339650.0,6410.0,1.0,30000.0,,,
Solapur,2013,Akalkot,67.0,3417.0,744600.0,2040.0,0.0,0.0,,,
Solapur,2014,Karmala,475.0,24225.0,37069000.0,102000.0,2.0,60000.0,,,
Solapur,2014,Madha,555.0,28305.0,69346000.0,190000.0,2.0,100000.0,,,
Solapur,2014,Barsi,331.0,16881.0,15957000.0,44000.0,3.0,130000.0,,,
Solapur,2014,North Solapur,76.0,3876.0,6007000.0,16000.0,3.0,120000.0,,,
Solapur,2014,Mohol,262.0,13362.0,32856000.0,90000.0,1.0,30000.0,,,
Solapur,2014,Pandharpur,410.0,20910.0,57000000.0,156000.0,2.0,50000.0,,,
Solapur,2014,Malsiras,375.0,19124.0,139116000.0,381000.0,4.0,200000.0,,,
Solapur,2014,Sangola,524.0,26724.0,78210000.0,214000.0,2.0,100000.0,,,
Solapur,2014,Mangal Vedha,404.0,20604.0,56914000.0,156000.0,2.0,30000.0,,,
Solapur,2014,South Solapur,98.0,4998.0,3628000.0,10000.0,1.0,30000.0,,,
Solapur,2014,Akalkot,67.0,3417.0,870000.0,2000.0,0.0,0.0,,,
Solapur,2015,Karmala,475.0,24225.0,31527000.0,86000.0,2.0,60000.0,,,
Solapur,2015,Madha,555.0,28305.0,65186000.0,179000.0,2.0,100000.0,,,
Solapur,2015,Barsi,331.0,16881.0,9962000.0,27000.0,3.0,130000.0,,,
Solapur,2015,North Solapur,76.0,3876.0,5904000.0,16000.0,3.0,120000.0,,,
Solapur,2015,Mohol,262.0,13362.0,30402000.0,83000.0,1.0,30000.0,,,
Solapur,2015,Pandharpur,410.0,20910.0,60898000.0,167000.0,2.0,50000.0,,,
Solapur,2015,Malsiras,375.0,19125.0,123652000.0,339000.0,4.0,200000.0,,,
Solapur,2015,Sangola,524.0,26724.0,82861000.0,227000.0,2.0,100000.0,,,
Solapur,2015,Mangal Vedha,404.0,20604.0,45076000.0,123000.0,2.0,30000.0,,,
Solapur,2015,South Solapur,98.0,4998.0,4007000.0,11000.0,1.0,30000.0,,,
Solapur,2015,Akalkot,67.0,3417.0,618000.0,2000.0,0.0,0.0,,,
Solapur,2016,Karmala,475.0,24225.0,31018060.0,84981.0,2.0,60000.0,,,
Solapur,2016,Madha,555.0,28305.0,60534520.0,165848.0,2.0,100000.0,,,
Solapur,2016,Barsi,331.0,16881.0,10567110.0,28951.0,3.0,130000.0,,,
Solapur,2016,North Solapur,103.0,5253.0,3577000.0,9800.0,3.0,120000.0,,,
Solapur,2016,Mohol,262.0,13362.0,30695040.0,84096.0,1.0,30000.0,,,
Solapur,2016,Pandharpur,410.0,20910.0,69269700.0,189780.0,2.0,50000.0,,,
Solapur,2016,Malsiras,266.0,13566.0,113250370.0,310275.0,4.0,200000.0,,,
Solapur,2016,Sangola,524.0,26724.0,71530870.0,195975.0,2.0,100000.0,,,
Solapur,2016,Mangal Vedha,404.0,20604.0,38978710.0,106791.0,2.0,30000.0,,,
Solapur,2016,South Solapur,98.0,4998.0,2484920.0,6808.0,1.0,30000.0,,,
Solapur,2016,Akalkot,67.0,3417.0,565150.0,1550.0,0.0,0.0,,,
Solapur,2017,Karmala,475.0,24225.0,4970484.0,13618.0,2.0,60000.0,,,
Solapur,2017,Madha,555.0,28305.0,2603357.0,7132.0,2.0,100000.0,,,
Solapur,2017,Barsi,331.0,16881.0,2633636.0,7215.0,3.0,130000.0,,,
Solapur,2017,North Solapur,103.0,5253.0,2786034.0,7633.0,3.0,120000.0,,,
Solapur,2017,Mohol,262.0,13362.0,2931062.0,8029.999999999999,1.0,30000.0,,,
Solapur,2017,Pandharpur,410.0,20910.0,4358822.0,11942.0,2.0,50000.0,,,
Solapur,2017,Malsiras,266.0,13566.0,24090330.0,66001.0,4.0,200000.0,,,
Solapur,2017,Sangola,524.0,26724.0,4517458.0,12377.0,2.0,100000.0,,,
Solapur,2017,Mangal Vedha,404.0,20604.0,4772875.0,13076.0,2.0,30000.0,,,
Solapur,2017,South Solapur,98.0,4998.0,3156231.0,8647.0,1.0,30000.0,,,
Solapur,2017,Akalkot,67.0,3417.0,667307.0,1828.0,0.0,0.0,,,
Solapur,2018,Karmala,118.0,6018.0,1237350.0,3390.0,2.0,60000.0,,,
Solapur,2018,Madha,178.0,9078.0,6721840.0,18416.0,2.0,100000.0,,,
Solapur,2018,Barsi,88.0,4488.0,3436840.0,9416.0,3.0,130000.0,,,
Solapur,2018,North Solapur,60.0,3060.0,3254340.0,8916.0,3.0,120000.0,,,
Solapur,2018,Mohol,66.0,3366.0,6326545.0,17333.0,1.0,30000.0,,,
Solapur,2018,Pandharpur,147.0,7497.0,9307500.0,25500.0,2.0,50000.0,,,
Solapur,2018,Malsiras,210.0,10710.0,25854045.0,70833.0,4.0,200000.0,,,
Solapur,2018,Sangola,295.0,15045.0,6721840.0,18416.0,2.0,100000.0,,,
Solapur,2018,Mangal Vedha,246.0,12546.0,9946250.0,27250.0,2.0,30000.0,,,
Solapur,2018,South Solapur,46.0,2346.0,3254340.0,8916.0,1.0,30000.0,,,
Solapur,2018,Akalkot,19.0,969.0,730000.0,2000.0,0.0,0.0,,,
Solapur,2019,Karmala,261.0,13311.0,869065.0,2381.0,2.0,60000.0,,,
Solapur,2019,Madha,256.0,13056.0,3497795.0,9583.0,2.0,100000.0,,,
Solapur,2019,Barsi,178.0,9078.0,2159340.0,5916.0,3.0,130000.0,,,
Solapur,2019,North Solapur,49.0,2499.0,2463750.0,6750.0,3.0,120000.0,,,
Solapur,2019,Mohol,174.0,8874.0,5961545.0,16332.999999999998,1.0,30000.0,,,
Solapur,2019,Pandharpur,175.0,8925.0,4745000.0,13000.0,2.0,50000.0,,,
Solapur,2019,Malsiras,147.0,7497.0,23876840.0,65416.0,4.0,200000.0,,,
Solapur,2019,Sangola,214.0,10914.0,5049045.0,13833.0,2.0,100000.0,,,
Solapur,2019,Mangal Vedha,194.0,9894.0,3893090.0,10666.0,2.0,30000.0,,,
Solapur,2019,South Solapur,57.0,2907.0,2463750.0,6750.0,1.0,30000.0,,,
Solapur,2019,Akalkot,25.0,1275.0,577795.0,1583.0,0.0,0.0,,,
Solapur,2020,Karmala,139.0,7089.0,1403790.0,3846.0,2.0,60000.0,,,
Solapur,2020,Madha,252.0,12852.0,3315295.0,9083.0,2.0,100000.0,,,
Solapur,2020,Barsi,60.0,3060.0,1368750.0,3750.0,3.0,130000.0,,,
Solapur,2020,North Solapur,53.0,2703.0,1429340.0,3916.0,2.0,120000.0,,,
Solapur,2020,Mohol,110.0,5610.0,4532205.0,12417.0,1.0,30000.0,,,
Solapur,2020,Pandharpur,84.0,9240.0,2372500.0,6500.0,2.0,50000.0,,,
Solapur,2020,Malsiras,138.0,7038.0,27080810.0,74194.0,4.0,200000.0,,,
Solapur,2020,Sangola,210.0,10710.0,2688225.0,7365.0,2.0,100000.0,,,
Solapur,2020,Mangal Vedha,132.0,6732.0,1916250.0,5250.0,2.0,30000.0,,,
Solapur,2020,South Solapur,57.0,2907.0,1435545.0,3933.0,1.0,30000.0,,,
Solapur,2020,Akalkot,19.0,969.0,699340.0,1916.0,0.0,0.0,,,
Solapur,2021,Karmala,74.0,3774.0,1383720.0,3790.0,2.0,60000.0,,,
Solapur,2021,Madha,89.0,4539.0,1870630.0,5130.0,2.0,100000.0,,,
Solapur,2021,Barsi,58.0,2958.0,821250.0,2250.0,3.0,130000.0,,,
Solapur,2021,North Solapur,47.0,2397.0,821250.0,2250.0,2.0,120000.0,,,
Solapur,2021,Mohol,78.0,3978.0,2159340.0,5920.0,1.0,30000.0,,,
Solapur,2021,Pandharpur,85.0,4335.0,1431900.0,3920.0,2.0,50000.0,,,
Solapur,2021,Malsiras,137.0,6987.0,32861680.0,90030.0,4.0,200000.0,,,
Solapur,2021,Sangola,181.0,9231.0,737670.0,2020.0,2.0,100000.0,,,
Solapur,2021,Mangal Vedha,133.0,6783.0,1764050.0,4830.0,2.0,30000.0,,,
Solapur,2021,South Solapur,52.0,2652.0,821250.0,2250.0,1.0,30000.0,,,
Solapur,2021,Akalkot,17.0,867.0,699340.0,1920.0,0.0,0.0,,,
Sangli,2012,Shirala,161.0,8211.0,22236530.0,61000.0,2.0,50000.0,,,
Sangli,2012,Valava,273.0,14196.0,53119180.0,146000.0,2.0,250000.0,,,
Sangli,2012,Palus,31.0,1643.0,7253280.0,20000.0,1.0,20000.0,,,
Sangli,2012,Kadegaon,48.0,2640.0,12234800.0,34000.0,2.0,100000.0,,,
Sangli,2012,Khanapur,30.0,1620.0,10906930.0,30000.0,1.0,4000.0,,,
Sangli,2012,Aatpadi,76.0,4180.0,12623530.0,35000.0,1.0,40000.0,,,
Sangli,2012,Tasgaon,45.0,2295.0,11688030.0,32000.0,1.0,100000.0,,,
Sangli,2012,Miraj,69.0,3588.0,18550030.0,51000.0,0.0,0.0,,,
Sangli,2012,Ku. Mahakal,10.0,530.0,27383030.0,75000.0,4.0,120000.0,,,
Sangli,2012,Jat,87.0,4698.0,31248380.0,86000.0,2.0,50000.0,,,
Sangli,2013,Shirala,161.0,8211.0,39599600.0,108000.0,2.0,50000.0,,,
Sangli,2013,Valava,273.0,14196.0,94936100.0,260000.0,2.0,250000.0,,,
Sangli,2013,Palus,31.0,1581.0,52355200.0,143000.0,1.0,20000.0,,,
Sangli,2013,Kadegaon,51.0,2601.0,26312500.0,72000.0,2.0,100000.0,,,
Sangli,2013,Khanapur,30.0,1530.0,45420600.0,124000.0,1.0,4000.0,,,
Sangli,2013,Aatpadi,76.0,3876.0,36554400.0,100000.0,1.0,40000.0,,,
Sangli,2013,Tasgaon,46.0,2346.0,57151700.0,157000.0,1.0,100000.0,,,
Sangli,2013,Miraj,70.0,3570.0,58907000.0,161000.0,0.0,0.0,,,
Sangli,2013,Ku. Mahakal,15.0,765.0,49593300.0,136000.0,4.0,120000.0,,,
Sangli,2013,Jat,87.0,4437.0,39712000.0,109000.0,2.0,50000.0,,,
Sangli,2014,Shirala,161.0,8211.0,47917000.0,131000.0,2.0,50000.0,,,
Sangli,2014,Valava,273.0,14196.0,103251000.0,283000.0,2.0,250000.0,,,
Sangli,2014,Palus,31.0,1581.0,60750000.0,166000.0,1.0,20000.0,,,
Sangli,2014,Kadegaon,51.0,2601.0,34630000.0,95000.0,2.0,100000.0,,,
Sangli,2014,Khanapur,30.0,1530.0,53741000.0,147000.0,1.0,4000.0,,,
Sangli,2014,Aatpadi,81.0,4131.0,44872000.0,123000.0,1.0,40000.0,,,
Sangli,2014,Tasgaon,46.0,2346.0,65472000.0,179000.0,1.0,100000.0,,,
Sangli,2014,Miraj,72.0,3672.0,67222000.0,184000.0,0.0,0.0,,,
Sangli,2014,Ku. Mahakal,19.0,969.0,57911000.0,159000.0,4.0,120000.0,,,
Sangli,2014,Jat,88.0,4488.0,47956000.0,131000.0,2.0,50000.0,,,
Sangli,2015,Shirala,161.0,8211.0,42669000.0,117000.0,2.0,50000.0,,,
Sangli,2015,Valava,274.0,14196.0,102894000.0,282000.0,2.0,250000.0,,,
Sangli,2015,Palus,31.0,1581.0,49093000.0,135000.0,1.0,20000.0,,,
Sangli,2015,Kadegaon,51.0,2601.0,26426000.0,72000.0,2.0,100000.0,,,
Sangli,2015,Khanapur,30.0,1530.0,46757000.0,128000.0,1.0,4000.0,,,
Sangli,2015,Aatpadi,95.0,4845.0,42486000.0,116000.0,1.0,40000.0,,,
Sangli,2015,Tasgaon,46.0,2346.0,58400000.0,160000.0,1.0,100000.0,,,
Sangli,2015,Miraj,72.0,3672.0,56174000.0,154000.0,0.0,0.0,,,
Sangli,2015,Ku. Mahakal,25.0,1275.0,50516000.0,138000.0,4.0,120000.0,,,
Sangli,2015,Jat,88.0,4488.0,38690000.0,106000.0,2.0,50000.0,,,
Sangli,2016,Shirala,70.0,4200.0,42363000.0,116000.0,2.0,50000.0,,,
Sangli,2016,Valava,181.0,9955.0,101844000.0,279000.0,2.0,250000.0,,,
Sangli,2016,Palus,31.0,1860.0,48592000.0,133000.0,1.0,20000.0,,,
Sangli,2016,Kadegaon,24.0,1224.0,26157000.0,72000.0,2.0,100000.0,,,
Sangli,2016,Khanapur,13.0,780.0,46280000.0,127000.0,1.0,4000.0,,,
Sangli,2016,Aatpadi,59.0,3658.0,42053000.0,115000.0,1.0,40000.0,,,
Sangli,2016,Tasgaon,28.0,1540.0,57804000.0,158000.0,1.0,100000.0,,,
Sangli,2016,Miraj,45.0,2790.0,55600000.0,152000.0,0.0,0.0,,,
Sangli,2016,Ku. Mahakal,19.0,969.0,50001000.0,137000.0,4.0,120000.0,,,
Sangli,2016,Jat,42.0,2310.0,38296000.0,105000.0,2.0,50000.0,,,
Sangli,2017,Shirala,82.0,4814.0,46175000.0,127000.0,2.0,150000.0,,,
Sangli,2017,Valava,219.0,13140.0,111010000.0,304000.0,2.0,350000.0,,,
Sangli,2017,Palus,18.0,972.0,52965000.0,145000.0,1.0,20000.0,,,
Sangli,2017,Kadegaon,15.0,425.0,28510000.0,78000.0,2.0,100000.0,,,
Sangli,2017,Khanapur,10.0,590.0,50445000.0,138000.0,1.0,4000.0,,,
Sangli,2017,Aatpadi,60.0,3660.0,45837000.0,126000.0,1.0,50000.0,,,
Sangli,2017,Tasgaon,17.0,935.0,63007000.0,173000.0,1.0,100000.0,,,
Sangli,2017,Miraj,41.0,2132.0,60605000.0,166000.0,0.0,0.0,,,
Sangli,2017,Ku. Mahakal,22.0,1122.0,54501000.0,149000.0,4.0,120000.0,,,
Sangli,2017,Jat,29.0,1508.0,41743000.0,114000.0,2.0,50000.0,,,
Sangli,2018,Shirala,87.0,5059.0,41861000.0,115000.0,2.0,150000.0,,,
Sangli,2018,Valava,220.0,13191.0,106673000.0,292000.0,2.0,350000.0,,,
Sangli,2018,Palus,10.0,510.0,48652000.0,133000.0,1.0,50000.0,,,
Sangli,2018,Kadegaon,15.0,425.0,24197000.0,66000.0,2.0,150000.0,,,
Sangli,2018,Khanapur,18.0,998.0,46131000.0,126000.0,1.0,50000.0,,,
Sangli,2018,Aatpadi,60.0,3660.0,41524000.0,114000.0,1.0,50000.0,,,
Sangli,2018,Tasgaon,17.0,935.0,58693000.0,161000.0,1.0,100000.0,,,
Sangli,2018,Miraj,43.0,2234.0,56291000.0,154000.0,1.0,40000.0,,,
Sangli,2018,Ku. Mahakal,22.0,1122.0,50187000.0,137000.0,4.0,120000.0,,,
Sangli,2018,Jat,32.0,1661.0,37429000.0,103000.0,2.0,50000.0,,,
Sangli,2019,Shirala,101.0,6119.0,33426000.0,92000.0,2.0,150000.0,,,
Sangli,2019,Valava,223.0,13350.0,98237000.0,269000.0,2.0,350000.0,,,
Sangli,2019,Palus,18.0,954.0,40216000.0,110000.0,1.0,50000.0,,,
Sangli,2019,Kadegaon,15.0,425.0,15762000.0,43000.0,2.0,150000.0,,,
Sangli,2019,Khanapur,12.0,636.0,37696000.0,103000.0,1.0,50000.0,,,
Sangli,2019,Aatpadi,60.0,3660.0,33088000.0,91000.0,1.0,50000.0,,,
Sangli,2019,Tasgaon,17.0,935.0,50258000.0,138000.0,1.0,100000.0,,,
Sangli,2019,Miraj,63.0,3771.0,47856000.0,131000.0,1.0,40000.0,,,
Sangli,2019,Ku. Mahakal,23.0,1175.0,41752000.0,114000.0,4.0,120000.0,,,
Sangli,2019,Jat,33.0,1714.0,28993000.0,79000.0,2.0,50000.0,,,
Sangli,2020,Shirala,93.0,5208.0,32071000.0,88000.0,2.0,150000.0,,,
Sangli,2020,Valava,190.0,10640.0,93597000.0,265000.0,2.0,350000.0,,,
Sangli,2020,Palus,17.0,900.0,38861000.0,106000.0,1.0,50000.0,,,
Sangli,2020,Kadegaon,12.0,672.0,14407000.0,39000.0,2.0,150000.0,,,
Sangli,2020,Khanapur,12.0,636.0,36340000.0,100000.0,1.0,50000.0,,,
Sangli,2020,Aatpadi,48.0,2688.0,31733000.0,87000.0,1.0,50000.0,,,
Sangli,2020,Tasgaon,17.0,935.0,48902000.0,134000.0,1.0,100000.0,,,
Sangli,2020,Miraj,68.0,4096.0,46500000.0,127000.0,1.0,40000.0,,,
Sangli,2020,Ku. Mahakal,24.0,1230.0,40396000.0,111000.0,4.0,120000.0,,,
Sangli,2020,Jat,44.0,2464.0,27638000.0,76000.0,2.0,50000.0,,,
Sangli,2021,Shirala,97.0,5448.0,35004000.0,96000.0,2.0,150000.0,,,
Sangli,2021,Valava,190.0,10640.0,99815000.0,273000.0,2.0,350000.0,,,
Sangli,2021,Palus,18.0,960.0,41794000.0,115000.0,1.0,50000.0,,,
Sangli,2021,Kadegaon,12.0,672.0,17340000.0,48000.0,2.0,150000.0,,,
Sangli,2021,Khanapur,12.0,636.0,39276000.0,108000.0,1.0,50000.0,,,
Sangli,2021,Aatpadi,43.0,2438.0,34667000.0,95000.0,1.0,50000.0,,,
Sangli,2021,Tasgaon,17.0,935.0,51836000.0,142000.0,1.0,100000.0,,,
Sangli,2021,Miraj,72.0,4346.0,49434000.0,135000.0,1.0,40000.0,,,
Sangli,2021,Ku. Mahakal,26.0,1350.0,43330000.0,119000.0,2.0,80000.0,,,
Sangli,2021,Jat,46.0,2587.0,30572000.0,84000.0,3.0,80000.0,,,
Pune,2011,Junnar,141.0,8460.0,8261000.0,23000.0,1.0,50000.0,,,
Pune,2011,Aambegaon,113.0,6780.0,6102000.0,17000.0,1.0,50000.0,,,
Pune,2011,Shirur,118.0,7080.0,5643000.0,15000.0,1.0,10000.0,,,
Pune,2011,Khed,137.0,8220.0,8130000.0,22000.0,2.0,60000.0,,,
Pune,2011,Maval,58.0,3480.0,1599000.0,4000.0,1.0,10000.0,,,
Pune,2011,Mulashi,54.0,3240.0,880000.0,2000.0,,,,,
Pune,2011,Haveli,67.0,4020.0,1345000.0,4000.0,1.0,200000.0,,,
Pune,2011,Pune City,,,,,1.0,120000.0,,,
Pune,2011,Daund,203.0,12180.0,20904000.0,57000.0,2.0,60000.0,,,
Pune,2011,Purandar,47.0,2820.0,3103000.0,9000.0,1.0,30000.0,,,
Pune,2011,Welhe,26.0,1560.0,418000.0,1000.0,,,,,
Pune,2011,Bhor,83.0,4980.0,2856000.0,8000.0,1.0,20000.0,,,
Pune,2011,Baramati,313.0,18780.0,49261000.0,135000.0,1.0,100000.0,,,
Pune,2011,Indapur,296.0,17760.0,38322000.0,105000.0,2.0,145000.0,,,
Pune,2012,Junnar,140.0,8400.0,12234000.0,34000.0,1.0,50000.0,,,
Pune,2012,Aambegaon,113.0,6780.0,7761000.0,21000.0,1.0,50000.0,,,
Pune,2012,Shirur,119.0,7140.0,8552000.0,23000.0,1.0,10000.0,,,
Pune,2012,Khed,137.0,8220.0,9099000.0,25000.0,2.0,60000.0,,,
Pune,2012,Maval,58.0,3480.0,1534000.0,4000.0,1.0,10000.0,,,
Pune,2012,Mulashi,54.0,3240.0,868000.0,2000.0,0.0,0.0,,,
Pune,2012,Haveli,68.0,4080.0,1498000.0,4000.0,1.0,200000.0,,,
Pune,2012,Pune City,0.0,0.0,0.0,0.0,1.0,120000.0,,,
Pune,2012,Daund,203.0,12180.0,24940000.0,68000.0,2.0,80000.0,,,
Pune,2012,Purandar,47.0,2820.0,5022000.0,14000.0,1.0,30000.0,,,
Pune,2012,Welhe,26.0,1560.0,442000.0,1000.0,0.0,0.0,,,
Pune,2012,Bhor,74.0,4440.0,2647000.0,7000.0,1.0,20000.0,,,
Pune,2012,Baramati,314.0,18840.0,57241000.0,157000.0,1.0,100000.0,,,
Pune,2012,Indapur,296.0,17760.0,8132000.0,22000.0,2.0,250000.0,,,
Pune,2013,Junnar,98.0,12544.0,35358000.0,97000.0,1.0,50000.0,,,
Pune,2013,Aambegaon,65.0,10530.0,16246000.0,45000.0,1.0,50000.0,,,
Pune,2013,Shirur,100.0,6300.0,5825000.0,16000.0,1.0,10000.0,,,
Pune,2013,Khed,124.0,10912.0,7377000.0,20000.0,2.0,60000.0,,,
Pune,2013,Maval,39.0,2379.0,934000.0,3000.0,1.0,10000.0,,,
Pune,2013,Mulashi,21.0,1932.0,617000.0,2000.0,0.0,0.0,,,
Pune,2013,Haveli,46.0,3266.0,1048000.0,3000.0,1.0,200000.0,,,
Pune,2013,Pune City,0.0,0.0,0.0,0.0,1.0,120000.0,,,
Pune,2013,Daund,50.0,4850.0,18541000.0,51000.0,2.0,80000.0,,,
Pune,2013,Purandar,36.0,2700.0,1686000.0,5000.0,1.0,30000.0,,,
Pune,2013,Welhe,27.0,1674.0,449000.0,1000.0,0.0,0.0,,,
Pune,2013,Bhor,80.0,4511.0,2522000.0,7000.0,1.0,20000.0,,,
Pune,2013,Baramati,252.0,15372.0,60021000.0,164000.0,1.0,100000.0,,,
Pune,2013,Indapur,49.0,3528.0,6124000.0,17000.0,2.0,250000.0,,,
Pune,2014,Junnar,114.0,14592.0,35613000.0,98000.0,1.0,50000.0,,,
Pune,2014,Aambegaon,67.0,10854.0,16257000.0,45000.0,1.0,50000.0,,,
Pune,2014,Shirur,102.0,6426.0,6540000.0,18000.0,1.0,10000.0,,,
Pune,2014,Khed,129.0,11610.0,9410000.0,26000.0,2.0,60000.0,,,
Pune,2014,Maval,40.0,2440.0,1014000.0,3000.0,1.0,10000.0,,,
Pune,2014,Mulashi,22.0,1760.0,655000.0,2000.0,0.0,0.0,,,
Pune,2014,Haveli,50.0,3550.0,1026000.0,3000.0,1.0,200000.0,,,
Pune,2014,Pune City,0.0,0.0,0.0,0.0,1.0,50000.0,,,
Pune,2014,Daund,76.0,7220.0,21493000.0,59000.0,2.0,80000.0,,,
Pune,2014,Purandar,39.0,2730.0,1927000.0,5000.0,1.0,30000.0,,,
Pune,2014,Welhe,26.0,1612.0,504000.0,1000.0,0.0,0.0,,,
Pune,2014,Bhor,80.0,4640.0,2650000.0,7000.0,1.0,20000.0,,,
Pune,2014,Baramati,277.0,16897.0,71168000.0,195000.0,1.0,100000.0,,,
Pune,2014,Indapur,299.0,21528.0,7043000.0,19000.0,2.0,250000.0,,,
Pune,2015,Junnar,119.0,15232.0,37234000.0,102000.0,1.0,50000.0,,,
Pune,2015,Aambegaon,68.0,11016.0,16626000.0,46000.0,1.0,50000.0,,,
Pune,2015,Shirur,114.0,7182.0,9497000.0,26000.0,1.0,10000.0,,,
Pune,2015,Khed,146.0,13140.0,10260000.0,28000.0,2.0,60000.0,,,
Pune,2015,Maval,38.0,3420.0,1639000.0,4000.0,1.0,10000.0,,,
Pune,2015,Mulashi,22.0,1760.0,752000.0,2000.0,0.0,0.0,,,
Pune,2015,Haveli,50.0,3550.0,1215000.0,3000.0,1.0,200000.0,,,
Pune,2015,Pune City,0.0,0.0,0.0,0.0,1.0,50000.0,,,
Pune,2015,Daund,87.0,8265.0,23995000.0,66000.0,2.0,80000.0,,,
Pune,2015,Purandar,48.0,3360.0,4172000.0,11000.0,1.0,30000.0,,,
Pune,2015,Welhe,26.0,1612.0,482000.0,1000.0,0.0,0.0,,,
Pune,2015,Bhor,85.0,4930.0,3445000.0,9000.0,1.0,20000.0,,,
Pune,2015,Baramati,287.0,17507.0,84286000.0,231000.0,1.0,100000.0,,,
Pune,2015,Indapur,299.0,21528.0,12399000.0,34000.0,2.0,250000.0,,,
Pune,2016,Junnar,118.0,7101.0,39095000.0,107000.0,1.0,50000.0,,,
Pune,2016,Aambegaon,59.0,3540.0,17458000.0,48000.0,1.0,50000.0,,,
Pune,2016,Shirur,157.0,8525.0,10921000.0,30000.0,1.0,10000.0,,,
Pune,2016,Khed,134.0,7236.0,10154000.0,28000.0,2.0,60000.0,,,
Pune,2016,Maval,39.0,2145.0,1482000.0,4000.0,1.0,10000.0,,,
Pune,2016,Mulashi,21.0,1176.0,661000.0,2000.0,0.0,0.0,,,
Pune,2016,Haveli,41.0,2337.0,1307000.0,4000.0,1.0,200000.0,,,
Pune,2016,Pune City,0.0,0.0,0.0,0.0,1.0,50000.0,,,
Pune,2016,Daund,91.0,4896.0,26473000.0,73000.0,2.0,80000.0,,,
Pune,2016,Purandar,54.0,3780.0,4015000.0,11000.0,1.0,30000.0,,,
Pune,2016,Welhe,24.0,1432.0,591000.0,2000.0,0.0,0.0,,,
Pune,2016,Bhor,86.0,4988.0,3497000.0,10000.0,1.0,20000.0,,,
Pune,2016,Baramati,287.0,17385.0,88363000.0,242000.0,1.0,100000.0,,,
Pune,2016,Indapur,52.0,3672.0,12447000.0,34000.0,2.0,250000.0,,,
Pune,2017,Junnar,118.0,7212.0,27612000.0,76000.0,1.0,50000.0,,,
Pune,2017,Aambegaon,61.0,3660.0,17557000.0,48000.0,1.0,50000.0,,,
Pune,2017,Shirur,185.0,10175.0,10406000.0,29000.0,1.0,10000.0,,,
Pune,2017,Khed,125.0,6750.0,8797000.0,24000.0,2.0,60000.0,,,
Pune,2017,Maval,37.0,2035.0,1544000.0,4000.0,1.0,10000.0,,,
Pune,2017,Mulashi,15.0,840.0,865000.0,2000.0,0.0,0.0,,,
Pune,2017,Haveli,42.0,2337.0,964000.0,3000.0,1.0,200000.0,,,
Pune,2017,Pune City,0.0,0.0,0.0,0.0,1.0,50000.0,,,
Pune,2017,Daund,100.0,5800.0,26897000.0,74000.0,2.0,80000.0,,,
Pune,2017,Purandar,54.0,3780.0,4300000.0,12000.0,1.0,30000.0,,,
Pune,2017,Welhe,24.0,1484.0,489000.0,1000.0,0.0,0.0,,,
Pune,2017,Bhor,81.0,4698.0,3551000.0,10000.0,1.0,20000.0,,,
Pune,2017,Baramati,290.0,17390.0,97970000.0,268000.0,1.0,100000.0,,,
Pune,2017,Indapur,52.0,3672.0,10768000.0,30000.0,2.0,250000.0,,,
Pune,2018,Junnar,117.0,7267.0,26787000.0,73000.0,1.0,50000.0,,,
Pune,2018,Aambegaon,58.0,3480.0,16738000.0,46000.0,1.0,50000.0,,,
Pune,2018,Shirur,178.0,9790.0,10212000.0,28000.0,1.0,10000.0,,,
Pune,2018,Khed,111.0,5994.0,8749000.0,24000.0,2.0,60000.0,,,
Pune,2018,Maval,37.0,2035.0,1840000.0,5000.0,1.0,10000.0,,,
Pune,2018,Mulashi,17.0,950.0,984000.0,3000.0,0.0,0.0,,,
Pune,2018,Haveli,34.0,1938.0,696000.0,2000.0,1.0,200000.0,,,
Pune,2018,Pune City,0.0,0.0,0.0,0.0,1.0,50000.0,,,
Pune,2018,Daund,101.0,5853.0,27809000.0,76000.0,2.0,80000.0,,,
Pune,2018,Purandar,60.0,4092.0,4825000.0,13000.0,1.0,30000.0,,,
Pune,2018,Welhe,24.0,1484.0,730000.0,2000.0,0.0,0.0,,,
Pune,2018,Bhor,81.0,4698.0,5340000.0,15000.0,1.0,20000.0,,,
Pune,2018,Baramati,284.0,16895.0,96744000.0,265000.0,1.0,100000.0,,,
Pune,2018,Indapur,53.0,3068.0,14878000.0,41000.0,2.0,250000.0,,,
Pune,2019,Junnar,118.0,7322.0,28748000.0,79000.0,1.0,50000.0,,,
Pune,2019,Aambegaon,58.0,3480.0,17502000.0,48000.0,1.0,50000.0,,,
Pune,2019,Shirur,184.0,10120.0,10886000.0,30000.0,1.0,10000.0,,,
Pune,2019,Khed,111.0,5994.0,6715000.0,18000.0,2.0,60000.0,,,
Pune,2019,Maval,35.0,1925.0,817000.0,2000.0,1.0,10000.0,,,
Pune,2019,Mulashi,18.0,894.0,765000.0,2000.0,0.0,0.0,,,
Pune,2019,Haveli,34.0,1938.0,5271000.0,14000.0,1.0,200000.0,,,
Pune,2019,Pune City,0.0,0.0,0.0,0.0,1.0,50000.0,,,
Pune,2019,Daund,101.0,5853.0,26487000.0,73000.0,2.0,80000.0,,,
Pune,2019,Purandar,66.0,3828.0,5403000.0,15000.0,1.0,30000.0,,,
Pune,2019,Welhe,24.0,1484.0,497000.0,1000.0,0.0,0.0,,,
Pune,2019,Bhor,81.0,4698.0,4145000.0,11000.0,1.0,10000.0,,,
Pune,2019,Baramati,287.0,17060.0,79831000.0,219000.0,1.0,50000.0,,,
Pune,2019,Indapur,53.0,3068.0,20312000.0,56000.0,2.0,250000.0,,,
Pune,2020,Junnar,119.0,7377.0,29211000.0,80000.0,1.0,50000.0,,,
Pune,2020,Aambegaon,58.0,3480.0,7635000.0,21000.0,1.0,50000.0,,,
Pune,2020,Shirur,206.0,11330.0,14945000.0,41000.0,1.0,10000.0,,,
Pune,2020,Khed,131.0,7094.0,6821000.0,19000.0,2.0,60000.0,,,
Pune,2020,Maval,47.0,2585.0,1033000.0,3000.0,1.0,10000.0,,,
Pune,2020,Mulashi,58.0,3190.0,798000.0,2000.0,0.0,0.0,,,
Pune,2020,Haveli,35.0,1993.0,684000.0,2000.0,1.0,200000.0,,,
Pune,2020,Pune City,0.0,0.0,1832000.0,5000.0,1.0,50000.0,,,
Pune,2020,Daund,103.0,5963.0,28718000.0,79000.0,2.0,80000.0,,,
Pune,2020,Purandar,67.0,3883.0,6412000.0,18000.0,1.0,30000.0,,,
Pune,2020,Welhe,21.0,1155.0,513000.0,1000.0,0.0,0.0,,,
Pune,2020,Bhor,81.0,4698.0,3983000.0,11000.0,1.0,10000.0,,,
Pune,2020,Baramati,292.0,17335.0,76992000.0,211000.0,1.0,150000.0,,,
Pune,2020,Indapur,54.0,3123.0,22349000.0,61000.0,2.0,150000.0,,,
Pune,2021,Junnar,120.0,7428.0,30145770.0,82590.0,1.0,50000.0,,,
Pune,2021,Aambegaon,58.0,3480.0,8912910.0,24420.0,1.0,50000.0,,,
Pune,2021,Shirur,222.0,12146.0,17903510.0,49050.0,1.0,10000.0,,,
Pune,2021,Khed,132.0,7145.0,7496410.0,20540.0,1.0,50000.0,,,
Pune,2021,Maval,46.0,2530.0,1127260.0,3090.0,1.0,10000.0,,,
Pune,2021,Mulashi,70.0,3802.0,1064800.0,2920.0,0.0,0.0,,,
Pune,2021,Haveli,35.0,1993.0,790190.0,2160.0,1.0,200000.0,,,
Pune,2021,Pune City,0.0,0.0,1889260.0,5180.0,1.0,50000.0,,,
Pune,2021,Daund,114.0,6524.0,32960690.000000004,90300.0,1.0,50000.0,,,
Pune,2021,Purandar,67.0,3883.0,8704210.0,23850.0,1.0,30000.0,,,
Pune,2021,Welhe,21.0,1155.0,626210.0,1720.0,0.0,0.0,,,
Pune,2021,Bhor,82.0,4749.0,4557160.0,12490.0,1.0,10000.0,,,
Pune,2021,Baramati,295.0,17488.0,85659880.0,234680.0,1.0,150000.0,,,
Pune,2021,Indapur,54.0,3123.0,24519970.0,67180.0,1.0,150000.0,,,
Satara,2012,Mahableshwar,11.0,868.0,657000.0,1800.0,0.0,0.0,,,
Satara,2012,Vai,71.0,3628.0,1095000.0,3000.0,0.0,0.0,,,
Satara,2012,Khandala,35.0,2104.0,2336000.0,6400.0,0.0,0.0,,,
Satara,2012,Faltan,53.0,4611.0,4015000.0,11000.0,0.0,0.0,,,
Satara,2012,Man,136.0,12461.0,365000.0,1000.0,0.0,0.0,,,
Satara,2012,Khatav,130.0,7405.0,3650000.0,10000.0,0.0,0.0,,,
Satara,2012,Koregaon,128.0,5978.0,2117000.0,5800.0,0.0,0.0,,,
Satara,2012,Satara,186.0,10167.0,365000.0,1000.0,1.0,10000.0,,,
Satara,2012,Javali,85.0,4415.0,839000.0,2300.0,0.0,0.0,,,
Satara,2012,Patan,154.0,8160.0,6205000.0,17000.0,0.0,0.0,,,
Satara,2012,Karad,177.0,12620.0,28470000.0,78000.0,2.0,50000.0,,,
Satara,2013,Mahableshwar,11.0,868.0,620000.0,1700.0,0.0,0.0,,,
Satara,2013,Vai,70.0,3573.0,1400000.0,3800.0,0.0,0.0,,,
Satara,2013,Khandala,34.0,2049.0,1387000.0,3800.0,0.0,0.0,,,
Satara,2013,Faltan,47.0,4077.0,4051000.0,11100.0,0.0,0.0,,,
Satara,2013,Man,138.0,12569.0,839000.0,2300.0,0.0,0.0,,,
Satara,2013,Khatav,130.0,7405.0,1825000.0,5000.0,0.0,0.0,,,
Satara,2013,Koregaon,127.0,5928.0,2190000.0,6000.0,0.0,0.0,,,
Satara,2013,Satara,186.0,10167.0,3540000.0,9700.0,1.0,10000.0,,,
Satara,2013,Javali,85.0,4415.0,912000.0,2500.0,0.0,0.0,,,
Satara,2013,Patan,155.0,8211.0,5949000.0,16300.0,0.0,0.0,,,
Satara,2013,Karad,179.0,12711.0,22484000.0,61600.0,2.0,50000.0,,,
Satara,2014,Mahableshwar,11.0,605.0,365000.0,1000.0,0.0,0.0,,,
Satara,2014,Vai,62.0,3472.0,1314000.0,3600.0,0.0,0.0,,,
Satara,2014,Khandala,23.0,1242.0,1168000.0,3200.0,0.0,0.0,,,
Satara,2014,Faltan,47.0,3666.0,4015000.0,11000.0,0.0,0.0,,,
Satara,2014,Man,64.0,3842.0,511000.0,1400.0,0.0,0.0,,,
Satara,2014,Khatav,83.0,5395.0,2299500.0,6300.0,0.0,0.0,,,
Satara,2014,Koregaon,62.0,4154.0,1825000.0,5000.0,0.0,0.0,,,
Satara,2014,Satara,128.0,8450.0,584000.0,1600.0,1.0,10000.0,,,
Satara,2014,Javali,81.0,4456.0,365000.0,1000.0,0.0,0.0,,,
Satara,2014,Patan,114.0,8555.0,9672500.0,26500.0,0.0,0.0,,,
Satara,2014,Karad,180.0,22866.0,24199500.0,66300.0,2.0,50000.0,,,
Satara,2015,Mahableshwar,4.0,560.0,620500.0,1700.0,0.0,0.0,,,
Satara,2015,Vai,12.0,1776.0,1314000.0,3600.0,0.0,0.0,,,
Satara,2015,Khandala,20.0,2200.0,1460000.0,4000.0,0.0,0.0,,,
Satara,2015,Faltan,41.0,6027.0,4708500.0,12900.0,0.0,0.0,,,
Satara,2015,Man,5.0,850.0,766500.0,2100.0,0.0,0.0,,,
Satara,2015,Khatav,25.0,4200.0,2883500.0,7900.0,0.0,0.0,,,
Satara,2015,Koregaon,29.0,5133.0,2774000.0,7600.0,0.0,0.0,,,
Satara,2015,Satara,16.0,1910.0,401500.0,1100.0,1.0,10000.0,,,
Satara,2015,Javali,5.0,350.0,511000.0,1400.0,0.0,0.0,,,
Satara,2015,Patan,105.0,14700.0,7665000.0,21000.0,0.0,0.0,,,
Satara,2015,Karad,111.0,16428.0,28068500.0,76900.0,2.0,50000.0,,,
Satara,2016,Mahableshwar,4.0,480.0,1095000.0,3000.0,0.0,0.0,,,
Satara,2016,Vai,13.0,1430.0,1277500.0,3500.0,0.0,0.0,,,
Satara,2016,Khandala,19.0,1463.0,1350500.0,3700.0,0.0,0.0,,,
Satara,2016,Faltan,39.0,4368.0,5511500.0,15100.0,0.0,0.0,,,
Satara,2016,Man,5.0,840.0,730000.0,2000.0,0.0,0.0,,,
Satara,2016,Khatav,25.0,2751.0,2555000.0,7000.0,0.0,0.0,,,
Satara,2016,Koregaon,16.0,1391.0,1569500.0,4300.0,0.0,0.0,,,
Satara,2016,Satara,17.0,1309.0,1168000.0,3200.0,1.0,10000.0,,,
Satara,2016,Javali,5.0,352.0,438000.0,1200.0,0.0,0.0,,,
Satara,2016,Patan,105.0,6825.0,5475000.0,15000.0,0.0,0.0,,,
Satara,2016,Karad,108.0,12204.0,27375000.0,75000.0,2.0,50000.0,,,
Satara,2017,Mahableshwar,4.0,926.0,799960.0,2190.0,0.0,0.0,,,
Satara,2017,Vai,13.0,2128.0,1180170.0,3230.0,0.0,0.0,,,
Satara,2017,Khandala,19.0,1334.0,1131500.0,3100.0,0.0,0.0,,,
Satara,2017,Faltan,42.0,3187.0,54254210.0,148640.0,0.0,0.0,,,
Satara,2017,Man,5.0,729.0,699580.0,1920.0,0.0,0.0,,,
Satara,2017,Khatav,25.0,1666.0,991580.0,2720.0,0.0,0.0,,,
Satara,2017,Koregaon,16.0,2217.0,1669880.0,4580.0,0.0,0.0,,,
Satara,2017,Satara,18.0,1902.0,9371380.0,25680.0,1.0,10000.0,,,
Satara,2017,Javali,5.0,646.0,383250.0,1050.0,0.0,0.0,,,
Satara,2017,Patan,105.0,11859.0,8909040.0,24410.0,0.0,0.0,,,
Satara,2017,Karad,114.0,17392.0,29905670.0,81930.0,2.0,50000.0,,,
Satara,2018,Mahableshwar,4.0,926.0,586920.0,1610.0,0.0,0.0,,,
Satara,2018,Vai,13.0,2128.0,629530.0,1720.0,0.0,0.0,,,
Satara,2018,Khandala,16.0,1169.0,1939610.0,5310.0,0.0,0.0,,,
Satara,2018,Faltan,37.0,2802.0,26471630.0,72530.0,0.0,0.0,,,
Satara,2018,Man,4.0,678.0,361960.0,990.0,0.0,0.0,,,
Satara,2018,Khatav,7.0,475.0,304170.0,830.0,0.0,0.0,,,
Satara,2018,Koregaon,13.0,1889.0,1450880.0,3980.0,0.0,0.0,,,
Satara,2018,Satara,17.0,1841.0,754330.0,2070.0,1.0,10000.0,,,
Satara,2018,Javali,5.0,646.0,276790.0,760.0,0.0,0.0,,,
Satara,2018,Patan,90.0,10966.0,7792750.0,21350.0,0.0,0.0,,,
Satara,2018,Karad,109.0,16870.0,38087750.0,104350.0,2.0,50000.0,,,
Satara,2019,Mahableshwar,4.0,926.0,868700.0,2380.0,0.0,0.0,,,
Satara,2019,Vai,13.0,2128.0,1560380.0,4280.0,0.0,0.0,,,
Satara,2019,Khandala,19.0,2169.0,1518400.0,4160.0,0.0,0.0,,,
Satara,2019,Faltan,37.0,2802.0,5566250.0,15250.0,0.0,0.0,,,
Satara,2019,Man,4.0,678.0,591300.0,1620.0,0.0,0.0,,,
Satara,2019,Khatav,7.0,475.0,447130.0,1230.0,0.0,0.0,,,
Satara,2019,Koregaon,13.0,1889.0,1630090.0,4470.0,0.0,0.0,,,
Satara,2019,Satara,17.0,1841.0,10429880.0,28580.0,1.0,10000.0,,,
Satara,2019,Javali,5.0,646.0,638750.0,1750.0,0.0,0.0,,,
Satara,2019,Patan,89.0,10891.0,7038300.0,19280.0,0.0,0.0,,,
Satara,2019,Karad,109.0,16870.0,25199970.0,69040.0,2.0,50000.0,,,
Satara,2020,Mahableshwar,4.0,926.0,846070.0,2320.0,0.0,0.0,,,
Satara,2020,Vai,11.0,2029.0,1743970.0,4780.0,0.0,0.0,,,
Satara,2020,Khandala,18.0,1236.0,1500150.0,4110.0,0.0,0.0,,,
Satara,2020,Faltan,34.0,2290.0,5428280.0,14870.0,0.0,0.0,,,
Satara,2020,Man,4.0,678.0,429240.0,1180.0,0.0,0.0,,,
Satara,2020,Khatav,3.0,543.0,404420.0,1110.0,0.0,0.0,,,
Satara,2020,Koregaon,13.0,1892.0,1312910.0,3600.0,0.0,0.0,,,
Satara,2020,Satara,14.0,1850.0,791320.0,2170.0,1.0,10000.0,,,
Satara,2020,Javali,4.0,609.0,736940.0,2020.0,0.0,0.0,,,
Satara,2020,Patan,73.0,9549.0,9047620.0,24790.0,0.0,0.0,,,
Satara,2020,Karad,98.0,15731.0,18105830.0,49610.0,2.0,50000.0,,,
Satara,2021,Mahableshwar,4.0,926.0,840960.0,2300.0,0.0,0.0,,,
Satara,2021,Vai,11.0,2019.0,1795070.0,4920.0,0.0,0.0,,,
Satara,2021,Khandala,18.0,1108.0,1092080.0,2990.0,0.0,0.0,,,
Satara,2021,Faltan,34.0,2617.0,11424500.0,31300.0,0.0,0.0,,,
Satara,2021,Man,4.0,678.0,390550.0,1070.0,0.0,0.0,,,
Satara,2021,Khatav,3.0,274.0,441650.0,1210.0,0.0,0.0,,,
Satara,2021,Koregaon,13.0,1889.0,1706380.0,4680.0,0.0,0.0,,,
Satara,2021,Satara,16.0,1788.0,693500.0,1900.0,1.0,10000.0,,,
Satara,2021,Javali,4.0,597.0,739860.0,2029.9999999999998,0.0,0.0,,,
Satara,2021,Patan,75.0,10141.0,7237950.0,19830.0,0.0,0.0,,,
Satara,2021,Karad,98.0,16243.0,23243200.0,63680.0,2.0,50000.0,,,
Mumbai Suburban,2017,Adheri,0.0,0.0,0.0,0.0,0.0,0.0,,,
Mumbai Suburban,2017,Borivali,6.0,330.0,74800.0,200.0,0.0,0.0,,,
Mumbai Suburban,2017,Kurla,0.0,0.0,0.0,0.0,0.0,0.0,,,
Mumbai Suburban,2018,Adheri,0.0,0.0,0.0,0.0,0.0,0.0,,,
Mumbai Suburban,2018,Borivali,6.0,330.0,73000.0,200.0,0.0,0.0,,,
Mumbai Suburban,2018,Kurla,0.0,0.0,0.0,0.0,0.0,0.0,,,
Mumbai Suburban,2019,Adheri,0.0,0.0,0.0,0.0,0.0,0.0,,,
Mumbai Suburban,2019,Borivali,6.0,190.0,30000.0,100.0,0.0,0.0,,,
Mumbai Suburban,2019,Kurla,0.0,0.0,0.0,0.0,0.0,0.0,,,
Mumbai Suburban,2020,Adheri,0.0,0.0,0.0,0.0,0.0,0.0,,,
Mumbai Suburban,2020,Borivali,6.0,162.0,10000.0,1000.0,0.0,0.0,,,
Mumbai Suburban,2020,Kurla,0.0,0.0,0.0,0.0,0.0,0.0,,,
Mumbai Suburban,2021,Adheri,0.0,0.0,0.0,0.0,0.0,0.0,,,
Mumbai Suburban,2021,Borivali,6.0,162.0,10000.0,1000.0,0.0,0.0,,,
Mumbai Suburban,2021,Kurla,0.0,0.0,0.0,0.0,0.0,0.0,,,
