Assembly No,Constituency No,Year,month,DelimID,Poll No,Position,Candidate,Sex,Party,Votes,Age of Winner,Average Age of Contestants,Candidate Type,No. of Valid Votes Casted,No. of Electors,Select Constituency,Constituency Type,District,Sub Region,No. of Candidates,Turnout Rate,Vote Share,Deposit Lost,Winning Margin,Winning Margin Percentage,ENOP,pid,Party Type TCPD,Party ID,last poll,No. of Terms Held by Winner,Last Party,Last Party ID,Last Constituency Name,Same Constituency,Same Party,No Terms,Turncoat,No. of Turncoat,% of Turncoats,Incumbent,Recontest,No. of Recontests,% of Recontests,MyNeta education,TCPD Prof Main,TCPD Prof Main Desc,TCPD Prof Second,TCPD Prof Second Desc
13,1,2019,10,4,0,4,NOTA,,NOTA,4857,,39.6666666666667,,200628,278888,Akkalkuwa (ST),ST,Nandurbar,Khandesh,6,71.94,2.42,,802,0.4,2.94,,NOTA,5897,True,,,,,,,,,0,0,,,3,0.5,,,,,
13,2,2019,10,4,0,5,NOTA,,NOTA,3449,,56.5,,210393,320555,Shahada (ST),ST,Nandurbar,Khandesh,4,65.63,1.64,,0,0,2.63,,NOTA,5897,True,,,,,,,,,1,0.25,,,2,0.5,,,,,
13,3,2019,10,4,0,4,NOTA,,NOTA,3521,,46,,188489,339098,Nandurbar (ST),ST,Nandurbar,Khandesh,6,55.59,1.87,,1474,0.78,2.04,,NOTA,5897,True,,,,,,,,,1,0.166666666666667,,,2,0.333333333333333,,,,,
13,4,2019,10,4,0,6,NOTA,,NOTA,4950,,46.1,,217663,287977,Nawapur (ST),ST,Nandurbar,Khandesh,10,75.58,2.27,,3664,1.68,3.7,,NOTA,5897,True,,,,,,,,,1,0.1,,,2,0.2,,,,,
13,5,2019,10,4,0,6,NOTA,,NOTA,4147,,52.1111111111111,,208098,342992,Sakri (ST),ST,Dhule,Khandesh,9,60.67,1.99,,404,0.19,4,,NOTA,5897,True,,,,,,,,,0,0,,,2,0.222222222222222,,,,,
13,6,2019,10,4,0,4,NOTA,,NOTA,2248,,42,,245347,372989,Dhule Rural,GEN,Dhule,Khandesh,5,65.78,0.92,,777,0.32,2.17,,NOTA,5897,True,,,,,,,,,0,0,,,1,0.2,,,,,
13,7,2019,10,4,0,5,NOTA,,NOTA,1371,,45.4,,161342,322026,Dhule City,GEN,Dhule,Khandesh,10,50.1,0.85,,107,0.07,4.17,,NOTA,5897,True,,,,,,,,,1,0.1,,,2,0.2,,,,,
13,8,2019,10,4,0,5,NOTA,,NOTA,1816,,46,,200568,327082,Sindkheda,GEN,Dhule,Khandesh,7,61.32,0.91,,631,0.31,2.27,,NOTA,5897,True,,,,,,,,,0,0,,,2,0.285714285714286,,,,,
13,9,2019,10,4,0,4,NOTA,,NOTA,3828,,44.2857142857143,,212092,320802,Shirpur (ST),ST,Dhule,Khandesh,7,66.11,1.8,,294,0.14,2.33,,NOTA,5897,True,,,,,,,,,2,0.285714285714286,,,3,0.428571428571429,,,,,
13,10,2019,10,4,0,7,NOTA,,NOTA,2175,,48.875,,199418,308441,Chopda (ST),ST,Jalgaon,Khandesh,8,64.65,1.09,,646,0.32,3.7,,NOTA,5897,True,,,,,,,,,1,0.125,,,3,0.375,,,,,
13,11,2019,10,4,0,7,NOTA,,NOTA,1946,,52,,203396,293382,Raver,GEN,Jalgaon,Khandesh,10,69.33,0.96,,613,0.3,3.45,,NOTA,5897,True,,,,,,,,,0,0,,,2,0.2,,,,,
13,12,2019,10,4,0,5,NOTA,,NOTA,3277,,39.9166666666667,,150654,307797,Bhusawal (SC),SC,Jalgaon,Khandesh,12,48.95,2.18,,1120,0.74,2.86,,NOTA,5897,True,,,,,,,,,0,0,,,1,0.0833333333333333,,,,,
13,13,2019,10,4,0,4,NOTA,,NOTA,4998,,45.3076923076923,,182127,401328,Jalgaon City,GEN,Jalgaon,Khandesh,13,45.38,2.74,,1517,0.83,2.17,,NOTA,5897,True,,,,,,,,,0,0,,,1,0.0769230769230769,,,,,
13,14,2019,10,4,0,6,NOTA,,NOTA,2382,,44.7272727272727,,198363,315672,Jalgaon Rural,GEN,Jalgaon,Khandesh,11,62.84,1.2,,1020,0.51,2.63,,NOTA,5897,True,,,,,,,,,0,0,,,1,0.0909090909090909,,,,,
13,15,2019,10,4,0,4,NOTA,,NOTA,1503,,41.4285714285714,,184906,293648,Amalner,GEN,Jalgaon,Khandesh,7,62.97,0.81,,442,0.24,2.13,,NOTA,5897,True,,,,,,,,,1,0.142857142857143,,,1,0.142857142857143,,,,,
13,16,2019,10,4,0,5,NOTA,,NOTA,1995,,51.75,,178375,280441,Erandol,GEN,Jalgaon,Khandesh,8,63.61,1.12,,1202,0.67,2.78,,NOTA,5897,True,,,,,,,,,0,0,,,3,0.375,,,,,
13,17,2019,10,4,0,5,NOTA,,NOTA,1677,,46.125,,217953,345660,Chalisgaon,GEN,Jalgaon,Khandesh,8,63.05,0.77,,278,0.13,3.03,,NOTA,5897,True,,,,,,,,,0,0,,,2,0.25,,,,,
13,18,2019,10,4,0,5,NOTA,,NOTA,1724,,44.2857142857143,,201417,315444,Pachora,GEN,Jalgaon,Khandesh,7,63.85,0.86,,777,0.39,3.12,,NOTA,5897,True,,,,,,,,,0,0,,,1,0.142857142857143,,,,,
13,19,2019,10,4,0,5,NOTA,,NOTA,2105,,41.5555555555556,,208765,308952,Jamner,GEN,Jalgaon,Khandesh,9,67.57,1.01,,666,0.32,2.22,,NOTA,5897,True,,,,,,,,,1,0.111111111111111,,,1,0.111111111111111,,,,,
13,20,2019,10,4,0,4,NOTA,,NOTA,1806,,40.1428571428571,,196220,290175,Muktainagar,GEN,Jalgaon,Khandesh,7,67.62,0.92,,221,0.11,2.33,,NOTA,5897,True,,,,,,,,,0,0,,,1,0.142857142857143,,,,,
13,21,2019,10,4,0,5,NOTA,,NOTA,1854,,41.8181818181818,,186252,268718,Malkapur,GEN,Buldhana,Vidarbha,11,69.31,1,,833,0.45,2.78,,NOTA,5897,True,,,,,,,,,0,0,,,1,0.0909090909090909,,,,,
13,22,2019,10,4,0,7,NOTA,,NOTA,1088,,52,,179198,306272,Buldhana,GEN,Buldhana,Vidarbha,7,58.51,0.61,,438,0.24,4,,NOTA,5897,True,,,,,,,,,2,0.285714285714286,,,4,0.571428571428571,,,,,
13,23,2019,10,4,0,5,NOTA,,NOTA,1035,,46.1,,194182,295018,Chikhli,GEN,Buldhana,Vidarbha,10,65.82,0.53,,484,0.25,2.33,,NOTA,5897,True,,,,,,,,,0,0,,,1,0.1,,,,,
13,24,2019,10,4,0,4,NOTA,,NOTA,1616,,38.9,,201315,312571,Sindkhed Raja,GEN,Buldhana,Vidarbha,10,64.41,0.8,,301,0.15,3.03,,NOTA,5897,True,,,,,,,,,0,0,,,1,0.1,,,,,
13,25,2019,10,4,0,4,NOTA,,NOTA,2241,,50.2,,174816,293549,Mehkar (SC),SC,Buldhana,Vidarbha,5,59.55,1.28,,830,0.47,2.04,,NOTA,5897,True,,,,,,,,,0,0,,,1,0.2,,,,,
13,26,2019,10,4,0,4,NOTA,,NOTA,1873,,47.5833333333333,,198171,280436,Khamgaon,GEN,Buldhana,Vidarbha,12,70.67,0.95,,449,0.23,2.7,,NOTA,5897,True,,,,,,,,,0,0,,,1,0.0833333333333333,,,,,
13,27,2019,10,4,0,4,NOTA,,NOTA,2232,,45.5,,203737,289736,Jalgaon (Jamod),GEN,Buldhana,Vidarbha,4,70.32,1.1,,951,0.47,2.63,,NOTA,5897,True,,,,,,,,,0,0,,,1,0.25,,,,,
13,28,2019,10,4,0,9,NOTA,,NOTA,857,,47.5294117647059,,182915,285150,Akot,GEN,Akola,Vidarbha,17,64.15,0.47,,65,0.04,5.56,,NOTA,5897,True,,,,,,,,,0,0,,,1,0.0588235294117647,,,,,
13,29,2019,10,4,0,6,NOTA,,NOTA,1753,,42.3333333333333,,195443,295885,Balapur,GEN,Akola,Vidarbha,15,66.05,0.9,,666,0.34,3.85,,NOTA,5897,True,,,,,,,,,1,0.0666666666666667,,,0,0,,,,,
13,30,2019,10,4,0,4,NOTA,,NOTA,2617,,51.6666666666667,,169456,332220,Akola West,GEN,Akola,Vidarbha,9,51.01,1.54,,2086,1.23,2.7,,NOTA,5897,True,,,,,,,,,1,0.111111111111111,,,2,0.222222222222222,,,,,
13,31,2019,10,4,0,4,NOTA,,NOTA,2381,,46.9230769230769,,193339,344835,Akola East,GEN,Akola,Vidarbha,13,56.07,1.23,,1548,0.8,2.38,,NOTA,5897,True,,,,,,,,,1,0.0769230769230769,,,2,0.153846153846154,,,,,
13,32,2019,10,4,0,6,NOTA,,NOTA,1225,,48.9285714285714,,175469,321817,Murtijapur (SC),SC,Akola,Vidarbha,14,54.52,0.7,,375,0.21,3.57,,NOTA,5897,True,,,,,,,,,0,0,,,3,0.214285714285714,,,,,
13,33,2019,10,4,0,5,NOTA,,NOTA,1534,,45.1875,,205417,308878,Risod,GEN,Washim,Vidarbha,16,66.5,0.75,,129,0.06,3.7,,NOTA,5897,True,,,,,,,,,0,0,,,0,0,,,,,
13,34,2019,10,4,0,6,NOTA,,NOTA,1491,,41.8461538461539,,206733,349279,Washim (SC),SC,Washim,Vidarbha,13,59.19,0.72,,80,0.04,4.35,,NOTA,5897,True,,,,,,,,,0,0,,,1,0.0769230769230769,,,,,
13,35,2019,10,4,0,7,NOTA,,NOTA,1142,,47.2,,186342,301654,Karanja,GEN,Washim,Vidarbha,15,61.77,0.61,,576,0.31,3.7,,NOTA,5897,True,,,,,,,,,1,0.0666666666666667,,,4,0.266666666666667,,,,,
13,36,2019,10,4,0,10,NOTA,,NOTA,788,,43.35,,209820,314698,Dhamamgaon Railway,GEN,Amravati,Vidarbha,20,66.67,0.38,,370,0.18,2.86,,NOTA,5897,True,,,,,,,,,0,0,,,1,0.05,,,,,
13,37,2019,10,4,0,6,NOTA,,NOTA,1329,,41.4444444444444,,186665,355888,Badnera,GEN,Amravati,Vidarbha,18,52.45,0.71,,562,0.3,2.56,,NOTA,5897,True,,,,,,,,,0,0,,,1,0.0555555555555556,,,,,
13,38,2019,10,4,0,4,NOTA,,NOTA,1944,,47.1,,172723,345746,Amravati,GEN,Amravati,Vidarbha,20,49.96,1.13,,154,0.09,2.63,,NOTA,5897,True,,,,,,,,,0,0,,,2,0.1,,,,,
13,39,2019,10,4,0,6,NOTA,,NOTA,1131,,46.7,,173676,295992,Teosa,GEN,Amravati,Vidarbha,10,58.68,0.65,,460,0.26,2.94,,NOTA,5897,True,,,,,,,,,0,0,,,0,0,,,,,
13,40,2019,10,4,0,6,NOTA,,NOTA,1376,,47.9090909090909,,190346,297583,Daryapur (SC),SC,Amravati,Vidarbha,11,63.96,0.72,,462,0.24,2.63,,NOTA,5897,True,,,,,,,,,2,0.181818181818182,,,2,0.181818181818182,,,,,
13,41,2019,10,4,0,5,NOTA,,NOTA,2835,,44.25,,181941,277523,Melghat (ST),ST,Amravati,Vidarbha,8,65.56,1.56,,490,0.27,3.12,,NOTA,5897,True,,,,,,,,,2,0.25,,,2,0.25,,,,,
13,42,2019,10,4,0,7,NOTA,,NOTA,1496,,44,,185161,275255,Achalpur,GEN,Amravati,Vidarbha,11,67.27,0.81,,344,0.19,2.86,,NOTA,5897,True,,,,,,,,,0,0,,,1,0.0909090909090909,,,,,
13,43,2019,10,4,0,5,NOTA,,NOTA,1769,,51.8181818181818,,191974,289657,Morshi,GEN,Amravati,Vidarbha,11,66.28,0.92,,986,0.51,2.22,,NOTA,5897,True,,,,,,,,,0,0,,,1,0.0909090909090909,,,,,
13,44,2019,10,4,0,6,NOTA,,NOTA,1416,,43.3,,176929,262594,Arvi,GEN,Wardha,Vidarbha,10,67.38,0.8,,405,0.23,2.38,,NOTA,5897,True,,,,,,,,,0,0,,,2,0.2,,,,,
13,45,2019,10,4,0,9,NOTA,,NOTA,1002,,42.6428571428571,,175033,275460,Deoli,GEN,Wardha,Vidarbha,14,63.54,0.57,,73,0.04,3.7,,NOTA,5897,True,,,,,,,,,0,0,,,2,0.142857142857143,,,,,
13,46,2019,10,4,0,8,NOTA,,NOTA,1764,,49.1538461538462,,192412,296130,Hinganghat,GEN,Wardha,Vidarbha,13,64.98,0.92,,562,0.29,2.7,,NOTA,5897,True,,,,,,,,,0,0,,,3,0.230769230769231,,,,,
13,47,2019,10,4,0,5,NOTA,,NOTA,2729,,48.1,,169363,316641,Wardha,GEN,Wardha,Vidarbha,10,53.49,1.61,,882,0.52,2.5,,NOTA,5897,True,,,,,,,,,0,0,,,3,0.3,,,,,
13,48,2019,10,4,0,4,NOTA,,NOTA,2004,,48.7,,190017,272288,Katol,GEN,Nagpur,Vidarbha,10,69.79,1.05,,638,0.34,2.27,,NOTA,5897,True,,,,,,,,,1,0.1,,,1,0.1,,,,,
13,49,2019,10,4,0,5,NOTA,,NOTA,1819,,50.75,,211672,311018,Savner,GEN,Nagpur,Vidarbha,8,68.06,0.86,,1154,0.55,2.17,,NOTA,5897,True,,,,,,,,,0,0,,,2,0.25,,,,,
13,50,2019,10,4,0,5,NOTA,,NOTA,2256,,41.1666666666667,,226866,376915,Hingna,GEN,Nagpur,Vidarbha,12,60.19,0.99,,1231,0.54,2.5,,NOTA,5897,True,,,,,,,,,1,0.0833333333333333,,,1,0.0833333333333333,,,,,
13,51,2019,10,4,0,6,NOTA,,NOTA,1724,,45,,197658,284768,Umred (SC),SC,Nagpur,Vidarbha,11,69.41,0.87,,772,0.39,2.7,,NOTA,5897,True,,,,,,,,,0,0,,,3,0.272727272727273,,,,,
13,52,2019,10,4,0,5,NOTA,,NOTA,3064,,46.75,,192118,384355,Nagpur South West,GEN,Nagpur,Vidarbha,20,49.98,1.59,,1939,1.01,2.38,,NOTA,5897,True,,,,,,,,,1,0.05,,,2,0.1,,,,,
13,53,2019,10,4,0,8,NOTA,,NOTA,2353,,46.4117647058824,,193366,382493,Nagpur South,GEN,Nagpur,Vidarbha,17,50.55,1.22,,2031,1.05,2.78,,NOTA,5897,True,,,,,,,,,0,0,,,0,0,,,,,
13,54,2019,10,4,0,5,NOTA,,NOTA,3460,,46.625,,198641,371967,Nagpur East,GEN,Nagpur,Vidarbha,8,53.4,1.74,,2925,1.47,2.33,,NOTA,5897,True,,,,,,,,,0,0,,,1,0.125,,,,,
13,55,2019,10,4,0,4,NOTA,,NOTA,2149,,41.9230769230769,,163238,324233,Nagpur Central,GEN,Nagpur,Vidarbha,13,50.35,1.32,,178,0.11,2.44,,NOTA,5897,True,,,,,,,,,0,0,,,1,0.0769230769230769,,,,,
13,56,2019,10,4,0,4,NOTA,,NOTA,3717,,45.9166666666667,,178469,362539,Nagpur West,GEN,Nagpur,Vidarbha,12,49.23,2.08,,1516,0.85,2.44,,NOTA,5897,True,,,,,,,,,0,0,,,2,0.166666666666667,,,,,
13,57,2019,10,4,0,6,NOTA,,NOTA,1986,,43.5714285714286,,195771,384742,Nagpur North (SC),SC,Nagpur,Vidarbha,14,50.88,1.01,,1297,0.66,3.12,,NOTA,5897,True,,,,,,,,,0,0,,,2,0.142857142857143,,,,,
13,58,2019,10,4,0,6,NOTA,,NOTA,2347,,42.5833333333333,,259312,440221,Kamthi,GEN,Nagpur,Vidarbha,12,58.9,0.91,,1104,0.43,2.63,,NOTA,5897,True,,,,,,,,,0,0,,,0,0,,,,,
13,59,2019,10,4,0,7,NOTA,,NOTA,1617,,42.3333333333333,,184531,278654,Ramtek,GEN,Nagpur,Vidarbha,9,66.22,0.88,,2,0,4.35,,NOTA,5897,True,,,,,,,,,0,0,,,2,0.222222222222222,,,,,
13,60,2019,10,4,0,8,NOTA,,NOTA,1910,,47.1,,215010,303652,Tumsar,GEN,Bhandara,Vidarbha,10,70.81,0.89,,578,0.27,3.12,,NOTA,5897,True,,,,,,,,,2,0.2,,,2,0.2,,,,,
13,61,2019,10,4,0,7,NOTA,,NOTA,2494,,46.1428571428571,,234148,371088,Bhandara (SC),SC,Bhandara,Vidarbha,14,63.1,1.07,,861,0.37,3.23,,NOTA,5897,True,,,,,,,,,1,0.0714285714285714,,,1,0.0714285714285714,,,,,
13,62,2019,10,4,0,5,NOTA,,NOTA,1543,,43.8,,228700,318804,Sakoli,GEN,Bhandara,Vidarbha,15,71.74,0.67,,825,0.36,2.94,,NOTA,5897,True,,,,,,,,,2,0.133333333333333,,,1,0.0666666666666667,,,,,
13,63,2019,10,4,0,5,NOTA,,NOTA,2045,,46.5,,176274,252915,Arjuni-Morgaon (SC),SC,Gondia,Vidarbha,8,69.7,1.16,,1352,0.77,2.78,,NOTA,5897,True,,,,,,,,,0,0,,,2,0.25,,,,,
13,64,2019,10,4,0,5,NOTA,,NOTA,1841,,42.5,,169301,257918,Tirora,GEN,Gondia,Vidarbha,12,65.64,1.09,,234,0.14,3.03,,NOTA,5897,True,,,,,,,,,0,0,,,1,0.0833333333333333,,,,,
13,65,2019,10,4,0,7,NOTA,,NOTA,1857,,50.7222222222222,,209384,322248,Gondiya,GEN,Gondia,Vidarbha,18,64.98,0.89,,750,0.36,2.7,,NOTA,5897,True,,,,,,,,,1,0.0555555555555556,,,1,0.0555555555555556,,,,,
13,66,2019,10,4,0,6,NOTA,,NOTA,1884,,46,,183259,266988,Amgaon (ST),ST,Gondia,Vidarbha,9,68.64,1.03,,603,0.33,2.38,,NOTA,5897,True,,,,,,,,,0,0,,,3,0.333333333333333,,,,,
13,67,2019,10,4,0,5,NOTA,,NOTA,3650,,45.5833333333333,,181271,253349,Armori (ST),ST,Gadchiroli,Vidarbha,12,71.55,2.01,,196,0.11,3.57,,NOTA,5897,True,,,,,,,,,0,0,,,3,0.25,,,,,
13,68,2019,10,4,0,10,NOTA,,NOTA,2273,,42.9375,,196298,286057,Gadchiroli (ST),ST,Gadchiroli,Vidarbha,16,68.62,1.16,,845,0.43,2.86,,NOTA,5897,True,,,,,,,,,0,0,,,1,0.0625,,,,,
13,69,2019,10,4,0,4,NOTA,,NOTA,5765,,42.4444444444444,,166358,236478,Aheri (ST),ST,Gadchiroli,Vidarbha,9,70.35,3.47,,2142,1.29,3.7,,NOTA,5897,True,,,,,,,,,0,0,,,3,0.333333333333333,,,,,
13,70,2019,10,4,0,7,NOTA,,NOTA,1563,,49.5,,224857,316018,Rajura,GEN,Chandrapur,Vidarbha,12,71.15,0.7,,94,0.04,4.35,,NOTA,5897,True,,,,,,,,,0,0,,,2,0.166666666666667,,,,,
13,71,2019,10,4,0,7,NOTA,,NOTA,1730,,48.8333333333333,,202849,396117,Chandrapur (SC),SC,Chandrapur,Vidarbha,12,51.21,0.85,,846,0.42,2.5,,NOTA,5897,True,,,,,,,,,1,0.0833333333333333,,,4,0.333333333333333,,,,,
13,72,2019,10,4,0,5,NOTA,,NOTA,1853,,42.6923076923077,,200460,321083,Ballarpur,GEN,Chandrapur,Vidarbha,13,62.43,0.92,,472,0.24,3.45,,NOTA,5897,True,,,,,,,,,0,0,,,2,0.153846153846154,,,,,
13,73,2019,10,4,0,7,NOTA,,NOTA,1099,,48.0909090909091,,193468,270601,Brahmapuri,GEN,Chandrapur,Vidarbha,11,71.5,0.57,,137,0.07,2.44,,NOTA,5897,True,,,,,,,,,1,0.0909090909090909,,,2,0.181818181818182,,,,,
13,74,2019,10,4,0,6,NOTA,,NOTA,1835,,44,,207796,277652,Chimur,GEN,Chandrapur,Vidarbha,10,74.84,0.88,,397,0.19,3.03,,NOTA,5897,True,,,,,,,,,0,0,,,1,0.1,,,,,
13,75,2019,10,4,0,7,NOTA,,NOTA,2224,,48.1538461538462,,185623,296588,Warora,GEN,Chandrapur,Vidarbha,13,62.59,1.2,,225,0.12,4.17,,NOTA,5897,True,,,,,,,,,1,0.0769230769230769,,,1,0.0769230769230769,,,,,
13,76,2019,10,4,0,12,NOTA,,NOTA,1249,,46.2105263157895,,209105,284853,Wani,GEN,Yavatmal,Vidarbha,19,73.41,0.6,,16,0.01,5.56,,NOTA,5897,True,,,,,,,,,0,0,,,6,0.315789473684211,,,,,
13,77,2019,10,4,0,6,NOTA,,NOTA,2056,,49.3076923076923,,197676,283514,Ralegaon (ST),ST,Yavatmal,Vidarbha,13,69.72,1.04,,317,0.16,2.63,,NOTA,5897,True,,,,,,,,,1,0.0769230769230769,,,1,0.0769230769230769,,,,,
13,78,2019,10,4,0,7,NOTA,,NOTA,1785,,44.3846153846154,,215717,384935,Yavatmal,GEN,Yavatmal,Vidarbha,13,56.04,0.83,,469,0.22,3.33,,NOTA,5897,True,,,,,,,,,0,0,,,2,0.153846153846154,,,,,
13,79,2019,10,4,0,6,NOTA,,NOTA,1083,,46.7,,225776,322980,Digras,GEN,Yavatmal,Vidarbha,10,69.9,0.48,,124,0.05,2.08,,NOTA,5897,True,,,,,,,,,0,0,,,1,0.1,,,,,
13,80,2019,10,4,0,6,NOTA,,NOTA,2411,,52.1818181818182,,211294,312268,Arni (ST),ST,Yavatmal,Vidarbha,11,67.66,1.14,,379,0.18,3.23,,NOTA,5897,True,,,,,,,,,2,0.181818181818182,,,5,0.454545454545455,,,,,
13,81,2019,10,4,0,5,NOTA,,NOTA,1445,,44.5454545454546,,189456,293635,Pusad,GEN,Yavatmal,Vidarbha,11,64.52,0.76,,14,0.01,2.5,,NOTA,5897,True,,,,,,,,,0,0,,,0,0,,,,,
13,82,2019,10,4,0,5,NOTA,,NOTA,1497,,49.4,,196716,293480,Umarkhed (SC),SC,Yavatmal,Vidarbha,10,67.03,0.76,,284,0.14,2.7,,NOTA,5897,True,,,,,,,,,0,0,,,1,0.1,,,,,
13,83,2019,10,4,0,4,NOTA,,NOTA,1041,,44.8666666666667,,184556,259579,Kinwat,GEN,Nanded,Marathwada,15,71.1,0.56,,39,0.02,2.44,,NOTA,5897,True,,,,,,,,,0,0,,,2,0.133333333333333,,,,,
13,84,2019,10,4,0,7,NOTA,,NOTA,682,,50,,195799,279379,Hadgaon,GEN,Nanded,Marathwada,15,70.08,0.35,,53,0.03,3.45,,NOTA,5897,True,,,,,,,,,0,0,,,3,0.2,,,,,
13,85,2019,10,4,0,5,NOTA,,NOTA,1297,,46,,207382,279004,Bhokar,GEN,Nanded,Marathwada,7,74.33,0.63,,57,0.03,1.96,,NOTA,5897,True,,,,,,,,,0,0,,,0,0,,,,,
13,86,2019,10,4,0,6,NOTA,,NOTA,940,,44.1666666666667,,189501,313523,Nanded North,GEN,Nanded,Marathwada,24,60.44,0.5,,310,0.16,4,,NOTA,5897,True,,,,,,,,,0,0,,,1,0.0416666666666667,,,,,
13,87,2019,10,4,0,6,NOTA,,NOTA,788,,44.5,,182816,285122,Nanded South,GEN,Nanded,Marathwada,38,64.12,0.43,,28,0.02,5,,NOTA,5897,True,,,,,,,,,0,0,,,1,0.0263157894736842,,,,,
13,88,2019,10,4,0,7,NOTA,,NOTA,1249,,43.5,,192695,274323,Loha,GEN,Nanded,Marathwada,10,70.24,0.65,,131,0.07,2.78,,NOTA,5897,True,,,,,,,,,2,0.2,,,1,0.1,,,,,
13,89,2019,10,4,0,5,NOTA,,NOTA,960,,42.8333333333333,,210011,283413,Naigaon,GEN,Nanded,Marathwada,12,74.1,0.46,,6,0,2.44,,NOTA,5897,True,,,,,,,,,0,0,,,2,0.166666666666667,,,,,
13,90,2019,10,4,0,5,NOTA,,NOTA,1676,,50,,178131,291870,Deglur (SC),SC,Nanded,Marathwada,9,61.03,0.94,,311,0.17,2.56,,NOTA,5897,False,,,,,,,,,0,0,,,2,0.222222222222222,,,,,
13,91,2019,10,4,0,6,NOTA,,NOTA,1074,,45.4,,186014,283183,Mukhed,GEN,Nanded,Marathwada,5,65.69,0.58,,0,0,2.27,,NOTA,5897,True,,,,,,,,,0,0,,,0,0,,,,,
13,92,2019,10,4,0,5,NOTA,,NOTA,1957,,50.25,,217733,292304,Basmath,GEN,Hingoli,Marathwada,12,74.49,0.9,,780,0.36,3.85,,NOTA,5897,True,,,,,,,,,0,0,,,2,0.166666666666667,,,,,
13,93,2019,10,4,0,4,NOTA,,NOTA,1247,,43.4285714285714,,211354,305506,Kalamnuri,GEN,Hingoli,Marathwada,7,69.18,0.59,,159,0.08,3.12,,NOTA,5897,True,,,,,,,,,0,0,,,1,0.142857142857143,,,,,
13,94,2019,10,4,0,7,NOTA,,NOTA,1369,,48.5,,200319,312431,Hingoli,GEN,Hingoli,Marathwada,14,64.12,0.68,,402,0.2,2.7,,NOTA,5897,True,,,,,,,,,1,0.0714285714285714,,,3,0.214285714285714,,,,,
13,95,2019,10,4,0,6,NOTA,,NOTA,1460,,45.3846153846154,,257157,350923,Jintur,GEN,Parbhani,Marathwada,13,73.28,0.57,,94,0.04,2.5,,NOTA,5897,True,,,,,,,,,0,0,,,1,0.0769230769230769,,,,,
13,96,2019,10,4,0,7,NOTA,,NOTA,1586,,40,,192260,306460,Parbhani,GEN,Parbhani,Marathwada,15,62.74,0.82,,738,0.38,2.94,,NOTA,5897,True,,,,,,,,,0,0,,,1,0.0666666666666667,,,,,
13,97,2019,10,4,0,9,NOTA,,NOTA,1601,,51.4,,269918,389421,Gangakhed,GEN,Parbhani,Marathwada,15,69.31,0.59,,272,0.1,5,,NOTA,5897,True,,,,,,,,,1,0.0666666666666667,,,2,0.133333333333333,,,,,
13,98,2019,10,4,0,6,NOTA,,NOTA,1696,,42.9,,236330,353895,Pathri,GEN,Parbhani,Marathwada,10,66.78,0.72,,181,0.08,2.78,,NOTA,5897,True,,,,,,,,,0,0,,,2,0.2,,,,,
13,99,2019,10,4,0,5,NOTA,,NOTA,1151,,40.7142857142857,,203633,296299,Partur,GEN,Jalna,Marathwada,14,68.73,0.57,,324,0.16,2.33,,NOTA,5897,True,,,,,,,,,0,0,,,2,0.142857142857143,,,,,
13,100,2019,10,4,0,4,NOTA,,NOTA,1842,,45.7692307692308,,229049,312859,Ghansawangi,GEN,Jalna,Marathwada,13,73.21,0.8,,768,0.34,2.33,,NOTA,5897,True,,,,,,,,,0,0,,,1,0.0769230769230769,,,,,
13,101,2019,10,4,0,7,NOTA,,NOTA,848,,46.9375,,186340,333456,Jalna,GEN,Jalna,Marathwada,32,55.88,0.46,,159,0.09,2.7,,NOTA,5897,True,,,,,,,,,0,0,,,2,0.0625,,,,,
13,102,2019,10,4,0,5,NOTA,,NOTA,1753,,38.7142857142857,,211577,307973,Badnapur (SC),SC,Jalna,Marathwada,14,68.7,0.83,,110,0.05,2.38,,NOTA,5897,True,,,,,,,,,0,0,,,2,0.142857142857143,,,,,
13,103,2019,10,4,0,4,NOTA,,NOTA,1629,,39.3333333333333,,216925,306696,Bhokardan,GEN,Jalna,Marathwada,6,70.73,0.75,,436,0.2,2.17,,NOTA,5897,True,,,,,,,,,0,0,,,2,0.333333333333333,,,,,
13,104,2019,10,4,0,5,NOTA,,NOTA,2844,,49,,238428,316918,Sillod,GEN,Chhatrapati Sambhaji Nagar,Marathwada,7,75.23,1.19,,1938,0.81,2.27,,NOTA,5897,True,,,,,,,,,1,0.142857142857143,,,1,0.142857142857143,,,,,
13,105,2019,10,4,0,7,NOTA,,NOTA,2167,,48.875,,215750,314679,Kannad,GEN,Chhatrapati Sambhaji Nagar,Marathwada,8,68.56,1,,925,0.43,4,,NOTA,5897,True,,,,,,,,,1,0.125,,,2,0.25,,,,,
13,106,2019,10,4,0,7,NOTA,,NOTA,1301,,45.4615384615385,,228054,326352,Phulambri,GEN,Chhatrapati Sambhaji Nagar,Marathwada,13,69.88,0.57,,28,0.01,2.63,,NOTA,5897,True,,,,,,,,,0,0,,,2,0.153846153846154,,,,,
13,107,2019,10,4,0,6,NOTA,,NOTA,1365,,47.9285714285714,,194520,325835,Aurangabad Central,GEN,Chhatrapati Sambhaji Nagar,Marathwada,14,59.7,0.7,,234,0.12,3.12,,NOTA,5897,True,,,,,,,,,1,0.0714285714285714,,,0,0,,,,,
13,108,2019,10,4,0,5,NOTA,,NOTA,3187,,39.4166666666667,,199527,336024,Aurangabad West (SC),SC,Chhatrapati Sambhaji Nagar,Marathwada,12,59.38,1.6,,2474,1.24,3.45,,NOTA,5897,True,,,,,,,,,0,0,,,0,0,,,,,
13,109,2019,10,4,0,6,NOTA,,NOTA,1953,,44.2647058823529,,195347,319209,Aurangabad East,GEN,Chhatrapati Sambhaji Nagar,Marathwada,34,61.2,1,,1097,0.56,2.5,,NOTA,5897,True,,,,,,,,,0,0,,,2,0.0588235294117647,,,,,
13,110,2019,10,4,0,6,NOTA,,NOTA,1998,,47.5333333333333,,213269,294058,Paithan,GEN,Chhatrapati Sambhaji Nagar,Marathwada,15,72.53,0.94,,501,0.23,3.57,,NOTA,5897,True,,,,,,,,,0,0,,,1,0.0666666666666667,,,,,
13,111,2019,10,4,0,4,NOTA,,NOTA,1491,,43.2142857142857,,203483,313553,Gangapur,GEN,Chhatrapati Sambhaji Nagar,Marathwada,14,64.9,0.73,,46,0.02,2.38,,NOTA,5897,True,,,,,,,,,1,0.0714285714285714,,,1,0.0714285714285714,,,,,
13,112,2019,10,4,0,10,NOTA,,NOTA,970,,45.0625,,195938,310142,Vaijapur,GEN,Chhatrapati Sambhaji Nagar,Marathwada,16,63.18,0.5,,46,0.02,3.33,,NOTA,5897,True,,,,,,,,,0,0,,,1,0.0625,,,,,
13,113,2019,10,4,0,5,NOTA,,NOTA,1264,,42.0666666666667,,190142,317388,Nandgaon,GEN,Nashik,Khandesh,15,59.91,0.66,,278,0.15,2.86,,NOTA,5897,True,,,,,,,,,0,0,,,2,0.133333333333333,,,,,
13,114,2019,10,4,0,4,NOTA,,NOTA,1143,,45.1538461538462,,200344,296749,Malegaon Central,GEN,Nashik,Khandesh,13,67.51,0.57,,731,0.36,2.04,,NOTA,5897,True,,,,,,,,,0,0,,,1,0.0769230769230769,,,,,
13,115,2019,10,4,0,4,NOTA,,NOTA,1485,,45.8888888888889,,203468,341615,Malegaon Outer,GEN,Nashik,Khandesh,9,59.56,0.73,,286,0.14,2.04,,NOTA,5897,True,,,,,,,,,0,0,,,1,0.111111111111111,,,,,
13,116,2019,10,4,0,4,NOTA,,NOTA,1652,,46.5,,166252,276851,Baglan (ST),ST,Nashik,Khandesh,6,60.05,0.99,,105,0.06,2.22,,NOTA,5897,True,,,,,,,,,0,0,,,2,0.333333333333333,,,,,
13,117,2019,10,4,0,4,NOTA,,NOTA,2048,,50.5,,194994,268757,Kalwan (ST),ST,Nashik,Khandesh,6,72.55,1.05,,891,0.46,2.63,,NOTA,5897,True,,,,,,,,,1,0.166666666666667,,,1,0.166666666666667,,,,,
13,118,2019,10,4,0,6,NOTA,,NOTA,1196,,48,,192628,279047,Chandvad,GEN,Nashik,Khandesh,9,69.03,0.62,,680,0.35,2.27,,NOTA,5897,True,,,,,,,,,0,0,,,2,0.222222222222222,,,,,
13,119,2019,10,4,0,4,NOTA,,NOTA,1027,,51,,201449,297599,Yevla,GEN,Nashik,Khandesh,8,67.69,0.51,,314,0.16,1.96,,NOTA,5897,True,,,,,,,,,0,0,,,1,0.125,,,,,
13,120,2019,10,4,0,4,NOTA,,NOTA,1709,,42.7777777777778,,198935,301994,Sinnar,GEN,Nashik,Khandesh,9,65.87,0.86,,948,0.48,2.13,,NOTA,5897,True,,,,,,,,,1,0.111111111111111,,,2,0.222222222222222,,,,,
13,121,2019,10,4,0,5,NOTA,,NOTA,1221,,44.1666666666667,,204262,271802,Niphad,GEN,Nashik,Khandesh,6,75.15,0.6,,413,0.2,2.63,,NOTA,5897,True,,,,,,,,,0,0,,,2,0.333333333333333,,,,,
13,122,2019,10,4,0,5,NOTA,,NOTA,2298,,50.4,,209170,300260,Dindori (ST),ST,Nashik,Khandesh,5,69.66,1.1,,277,0.13,2.27,,NOTA,5897,True,,,,,,,,,0,0,,,1,0.2,,,,,
13,123,2019,10,4,0,5,NOTA,,NOTA,3090,,44.1666666666667,,181019,355502,Nashik East,GEN,Nashik,Khandesh,12,50.92,1.71,,2242,1.24,2.5,,NOTA,5897,True,,,,,,,,,1,0.0833333333333333,,,2,0.166666666666667,,,,,
13,124,2019,10,4,0,5,NOTA,,NOTA,2493,,47.7,,155311,319566,Nashik Central,GEN,Nashik,Khandesh,10,48.6,1.61,,1560,1,3.12,,NOTA,5897,True,,,,,,,,,0,0,,,2,0.2,,,,,
13,125,2019,10,4,0,7,NOTA,,NOTA,2118,,43.3157894736842,,218939,401795,Nashik West,GEN,Nashik,Khandesh,19,54.49,0.97,,1330,0.61,3.85,,NOTA,5897,True,,,,,,,,,1,0.0526315789473684,,,1,0.0526315789473684,,,,,
13,126,2019,10,4,0,6,NOTA,,NOTA,1241,,37.9166666666667,,145165,264873,Devlali (SC),SC,Nashik,Khandesh,12,54.81,0.85,,425,0.29,2.33,,NOTA,5897,True,,,,,,,,,0,0,,,1,0.0833333333333333,,,,,
13,127,2019,10,4,0,5,NOTA,,NOTA,3059,,40.7777777777778,,167289,259809,Igatpuri (ST),ST,Nashik,Khandesh,9,64.39,1.83,,1553,0.93,2.63,,NOTA,5897,True,,,,,,,,,2,0.222222222222222,,,2,0.222222222222222,,,,,
13,128,2019,10,4,0,4,NOTA,,NOTA,4824,,39.5,,165981,272085,Dahanu (ST),ST,Palghar,Konkan,10,61,2.91,,2001,1.21,2.86,,NOTA,5897,True,,,,,,,,,0,0,,,1,0.1,,,,,
13,129,2019,10,4,0,3,NOTA,,NOTA,8495,,42.5,,182841,266576,Vikramgad (ST),ST,Palghar,Konkan,10,68.59,4.65,,4463,2.44,2.78,,NOTA,5897,True,,,,,,,,,0,0,,,1,0.1,,,,,
13,130,2019,10,4,0,5,NOTA,,NOTA,7135,,33.2,,129392,274026,Palghar (ST),ST,Palghar,Konkan,5,47.22,5.51,,4941,3.82,2.86,,NOTA,5897,True,,,,,,,,,0,0,,,0,0,,,,,
13,131,2019,10,4,0,5,NOTA,,NOTA,4622,,41.75,,212852,315434,Boisar (ST),ST,Palghar,Konkan,8,67.48,2.17,,1740,0.82,3.45,,NOTA,5897,True,,,,,,,,,2,0.25,,,2,0.25,,,,,
13,132,2019,10,4,0,4,NOTA,,NOTA,3221,,37.4285714285714,,269070,519160,Nalasopara,GEN,Palghar,Konkan,14,51.83,1.2,,1828,0.68,2.13,,NOTA,5897,True,,,,,,,,,0,0,,,1,0.0714285714285714,,,,,
13,133,2019,10,4,0,4,NOTA,,NOTA,3036,,49,,190005,304697,Vasai,GEN,Palghar,Konkan,6,62.36,1.6,,1466,0.77,2.22,,NOTA,5897,True,,,,,,,,,0,0,,,1,0.166666666666667,,,,,
13,134,2019,10,4,0,6,NOTA,,NOTA,3340,,42.2857142857143,,172814,289361,Bhiwandi Rural (ST),ST,Thane,Konkan,7,59.72,1.93,,831,0.48,3.12,,NOTA,5897,True,,,,,,,,,0,0,,,1,0.142857142857143,,,,,
13,135,2019,10,4,0,5,NOTA,,NOTA,4313,,40.7142857142857,,161955,249313,Shahapur (ST),ST,Thane,Konkan,7,64.96,2.66,,2497,1.54,2.78,,NOTA,5897,True,,,,,,,,,2,0.285714285714286,,,2,0.285714285714286,,,,,
13,136,2019,10,4,0,6,NOTA,,NOTA,1886,,43.5714285714286,,138866,275855,Bhiwandi West,GEN,Thane,Konkan,7,50.34,1.36,,1182,0.85,3.12,,NOTA,5897,True,,,,,,,,,0,0,,,1,0.142857142857143,,,,,
13,137,2019,10,4,0,6,NOTA,,NOTA,1358,,46.1428571428571,,129271,269935,Bhiwandi East,GEN,Thane,Konkan,14,47.89,1.05,,807,0.62,3.33,,NOTA,5897,True,,,,,,,,,1,0.0714285714285714,,,2,0.142857142857143,,,,,
13,138,2019,10,4,0,7,NOTA,,NOTA,3542,,41.1176470588235,,189790,452924,Kalyan West,GEN,Thane,Konkan,17,41.9,1.87,,1451,0.76,4.76,,NOTA,5897,True,,,,,,,,,0,0,,,2,0.117647058823529,,,,,
13,139,2019,10,4,0,4,NOTA,,NOTA,6783,,48.2857142857143,,232861,397940,Murbad,GEN,Thane,Konkan,7,58.52,2.91,,4780,2.05,1.69,,NOTA,5897,True,,,,,,,,,0,0,,,1,0.142857142857143,,,,,
13,140,2019,10,4,0,5,NOTA,,NOTA,4322,,45.2941176470588,,133919,315581,Ambernath (SC),SC,Thane,Konkan,17,42.44,3.23,,999,0.75,3.7,,NOTA,5897,True,,,,,,,,,0,0,,,3,0.176470588235294,,,,,
13,141,2019,10,4,0,5,NOTA,,NOTA,4978,,45.3888888888889,,109601,233324,Ulhas Nagar,GEN,Thane,Konkan,18,46.97,4.54,,4037,3.68,3.23,,NOTA,5897,True,,,,,,,,,0,0,,,0,0,,,,,
13,142,2019,10,4,0,5,NOTA,,NOTA,3690,,41.5789473684211,,151062,345802,Kalyan East,GEN,Thane,Konkan,19,43.68,2.44,,1676,1.11,3.57,,NOTA,5897,True,,,,,,,,,0,0,,,2,0.105263157894737,,,,,
13,143,2019,10,4,0,4,NOTA,,NOTA,4134,,47.5,,145332,356082,Dombivali,GEN,Thane,Konkan,6,40.81,2.84,,1823,1.25,2.22,,NOTA,5897,True,,,,,,,,,0,0,,,1,0.166666666666667,,,,,
13,144,2019,10,4,0,4,NOTA,,NOTA,6092,,42.4166666666667,,197914,424976,Kalyan Rural,GEN,Thane,Konkan,12,46.57,3.08,,4936,2.49,2.38,,NOTA,5897,True,,,,,,,,,0,0,,,1,0.0833333333333333,,,,,
13,145,2019,10,4,0,5,NOTA,,NOTA,2623,,46.4166666666667,,211636,437178,Mira Bhayandar,GEN,Thane,Konkan,12,48.41,1.24,,581,0.27,3.33,,NOTA,5897,True,,,,,,,,,0,0,,,1,0.0833333333333333,,,,,
13,146,2019,10,4,0,5,NOTA,,NOTA,6054,,44.4285714285714,,193669,449717,Ovala - Majiwada,GEN,Thane,Konkan,14,43.06,3.13,,2694,1.39,2.44,,NOTA,5897,True,,,,,,,,,0,0,,,1,0.0714285714285714,,,,,
13,147,2019,10,4,0,5,NOTA,,NOTA,5147,,51.1818181818182,,173662,352995,Kopri-Pachpakhadi,GEN,Thane,Konkan,11,49.2,2.96,,4100,2.36,2.13,,NOTA,5897,True,,,,,,,,,0,0,,,1,0.0909090909090909,,,,,
13,148,2019,10,4,0,3,NOTA,,NOTA,5547,,49.4,,178258,337846,Thane,GEN,Thane,Konkan,5,52.76,3.11,,1551,0.87,2.27,,NOTA,5897,True,,,,,,,,,0,0,,,1,0.2,,,,,
13,149,2019,10,4,0,4,NOTA,,NOTA,2591,,45.2727272727273,,179050,357578,Mumbra-Kalwa,GEN,Thane,Konkan,11,50.07,1.45,,1874,1.05,2.27,,NOTA,5897,True,,,,,,,,,0,0,,,1,0.0909090909090909,,,,,
13,150,2019,10,4,0,5,NOTA,,NOTA,5213,,46.0909090909091,,196424,461489,Airoli,GEN,Thane,Konkan,11,42.56,2.65,,3837,1.95,2.63,,NOTA,5897,True,,,,,,,,,1,0.0909090909090909,,,1,0.0909090909090909,,,,,
13,151,2019,10,4,0,4,NOTA,,NOTA,3804,,48.7647058823529,,174527,385993,Belapur,GEN,Thane,Konkan,17,45.22,2.18,,773,0.44,2.94,,NOTA,5897,True,,,,,,,,,0,0,,,3,0.176470588235294,,,,,
13,152,2019,10,4,0,3,NOTA,,NOTA,10095,,51.5,,165964,301446,Borivali,GEN,Mumbai Suburban,Konkan,4,55.06,6.08,,7863,4.74,1.69,,NOTA,5897,True,,,,,,,,,0,0,,,1,0.25,,,,,
13,153,2019,10,4,0,4,NOTA,,NOTA,4222,,47.75,,135054,255297,Dahisar,GEN,Mumbai Suburban,Konkan,8,52.9,3.13,,3207,2.37,2.13,,NOTA,5897,True,,,,,,,,,0,0,,,1,0.125,,,,,
13,154,2019,10,4,0,4,NOTA,,NOTA,4849,,44.7777777777778,,151372,274102,Magathane,GEN,Mumbai Suburban,Konkan,9,55.22,3.2,,1495,0.99,2.33,,NOTA,5897,True,,,,,,,,,0,0,,,0,0,,,,,
13,155,2019,10,4,0,4,NOTA,,NOTA,5200,,50.8461538461539,,154537,287173,Mulund,GEN,Mumbai Suburban,Konkan,13,53.81,3.36,,444,0.29,2.63,,NOTA,5897,True,,,,,,,,,0,0,,,1,0.0769230769230769,,,,,
13,156,2019,10,4,0,5,NOTA,,NOTA,3168,,45.1111111111111,,127951,231104,Vikhroli,GEN,Mumbai Suburban,Konkan,9,55.37,2.48,,2334,1.82,2.94,,NOTA,5897,True,,,,,,,,,0,0,,,1,0.111111111111111,,,,,
13,157,2019,10,4,0,5,NOTA,,NOTA,3732,,47.7142857142857,,159282,283275,Bhandup West,GEN,Mumbai Suburban,Konkan,7,56.23,2.34,,2249,1.41,3.23,,NOTA,5897,True,,,,,,,,,0,0,,,1,0.142857142857143,,,,,
13,158,2019,10,4,0,3,NOTA,,NOTA,12031,,50.4285714285714,,148965,281976,Jogeshwari East,GEN,Mumbai Suburban,Konkan,7,52.83,8.08,,6956,4.67,2.33,,NOTA,5897,True,,,,,,,,,0,0,,,1,0.142857142857143,,,,,
13,159,2019,10,4,0,5,NOTA,,NOTA,3266,,44,,156236,281684,Dindoshi,GEN,Mumbai Suburban,Konkan,10,55.46,2.09,,2224,1.42,2.7,,NOTA,5897,True,,,,,,,,,0,0,,,1,0.1,,,,,
13,160,2019,10,4,0,4,NOTA,,NOTA,2780,,46.1666666666667,,134687,269510,Kandivali East,GEN,Mumbai Suburban,Konkan,6,49.97,2.06,,266,0.2,2.13,,NOTA,5897,True,,,,,,,,,1,0.166666666666667,,,2,0.333333333333333,,,,,
13,161,2019,10,4,0,3,NOTA,,NOTA,4927,,47,,152192,288602,Charkop,GEN,Mumbai Suburban,Konkan,7,52.73,3.24,,2404,1.58,1.79,,NOTA,5897,True,,,,,,,,,0,0,,,1,0.142857142857143,,,,,
13,162,2019,10,4,0,3,NOTA,,NOTA,3490,,45.3636363636364,,156318,296495,Malad West,GEN,Mumbai Suburban,Konkan,11,52.72,2.23,,2563,1.64,2.17,,NOTA,5897,True,,,,,,,,,2,0.181818181818182,,,1,0.0909090909090909,,,,,
13,163,2019,10,4,0,5,NOTA,,NOTA,4217,,46.3333333333333,,152297,327926,Goregaon,GEN,Mumbai Suburban,Konkan,9,46.44,2.77,,3036,1.99,2.78,,NOTA,5897,True,,,,,,,,,0,0,,,0,0,,,,,
13,164,2019,10,4,0,6,NOTA,,NOTA,2294,,52.3333333333333,,120820,285116,Versova,GEN,Mumbai Suburban,Konkan,9,42.38,1.9,,1907,1.58,3.57,,NOTA,5897,True,,,,,,,,,0,0,,,2,0.222222222222222,,,,,
13,165,2019,10,4,0,5,NOTA,,NOTA,3103,,49.25,,133279,306222,Andheri West,GEN,Mumbai Suburban,Konkan,8,43.52,2.33,,331,0.25,2.78,,NOTA,5897,True,,,,,,,,,0,0,,,2,0.25,,,,,
13,166,2019,10,4,0,5,NOTA,,NOTA,4311,,42.625,,147117,274716,Andheri East,GEN,Mumbai Suburban,Konkan,8,53.55,2.93,,3394,2.31,3.12,,NOTA,5897,True,,,,,,,,,0,0,,,2,0.25,,,,,
13,167,2019,10,4,0,4,NOTA,,NOTA,4286,,48,,139272,262346,Vile Parle,GEN,Mumbai Suburban,Konkan,6,53.09,3.08,,419,0.3,2.33,,NOTA,5897,True,,,,,,,,,0,0,,,1,0.166666666666667,,,,,
13,168,2019,10,4,0,5,NOTA,,NOTA,3360,,43,,196341,379343,Chandivali,GEN,Mumbai Suburban,Konkan,15,51.76,1.71,,2189,1.11,2.63,,NOTA,5897,True,,,,,,,,,1,0.0666666666666667,,,2,0.133333333333333,,,,,
13,169,2019,10,4,0,6,NOTA,,NOTA,2297,,41,,149453,271345,Ghatkopar West,GEN,Mumbai Suburban,Konkan,13,55.08,1.54,,1547,1.04,3.23,,NOTA,5897,True,,,,,,,,,0,0,,,1,0.0769230769230769,,,,,
13,170,2019,10,4,0,5,NOTA,,NOTA,3297,,42.8181818181818,,126616,234656,Ghatkopar East,GEN,Mumbai Suburban,Konkan,11,53.96,2.6,,1948,1.54,2.63,,NOTA,5897,True,,,,,,,,,0,0,,,0,0,,,,,
13,171,2019,10,4,0,7,NOTA,,NOTA,1876,,42.2,,143391,304526,Mankhurd Shivaji Nagar,GEN,Mumbai Suburban,Konkan,10,47.09,1.31,,927,0.65,3.03,,NOTA,5897,True,,,,,,,,,0,0,,,1,0.1,,,,,
13,172,2019,10,4,0,5,NOTA,,NOTA,2290,,43.3333333333333,,139226,251916,Anushakti Nagar,GEN,Mumbai Suburban,Konkan,15,55.27,1.64,,310,0.22,2.78,,NOTA,5897,True,,,,,,,,,0,0,,,2,0.133333333333333,,,,,
13,173,2019,10,4,0,5,NOTA,,NOTA,3578,,50.5,,132654,253901,Chembur,GEN,Mumbai Suburban,Konkan,12,52.25,2.7,,2668,2.01,3.7,,NOTA,5897,True,,,,,,,,,0,0,,,2,0.166666666666667,,,,,
13,174,2019,10,4,0,5,NOTA,,NOTA,4521,,47.6666666666667,,123434,274813,Kurla (SC),SC,Mumbai Suburban,Konkan,6,44.92,3.66,,2542,2.06,3.23,,NOTA,5897,True,,,,,,,,,0,0,,,2,0.333333333333333,,,,,
13,175,2019,10,4,0,4,NOTA,,NOTA,3012,,46.4285714285714,,118581,237655,Kalina,GEN,Mumbai Suburban,Konkan,14,49.9,2.54,,33,0.03,3.7,,NOTA,5897,True,,,,,,,,,0,0,,,1,0.0714285714285714,,,,,
13,176,2019,10,4,0,7,NOTA,,NOTA,2548,,40.6153846153846,,126597,251371,Vandre East,GEN,Mumbai Suburban,Konkan,13,50.36,2.01,,1457,1.15,4.55,,NOTA,5897,True,,,,,,,,,0,0,,,1,0.0769230769230769,,,,,
13,177,2019,10,4,0,3,NOTA,,NOTA,3531,,51.75,,131004,297716,Vandre West,GEN,Mumbai Suburban,Konkan,4,44,2.7,,219,0.17,2.13,,NOTA,5897,True,,,,,,,,,0,0,,,0,0,,,,,
13,178,2019,10,4,0,6,NOTA,,NOTA,1869,,45,,119077,250251,Dharavi (SC),SC,Mumbai City,Konkan,11,47.58,1.57,,1208,1.01,2.86,,NOTA,5897,True,,,,,,,,,0,0,,,1,0.0909090909090909,,,,,
13,179,2019,10,4,0,5,NOTA,,NOTA,3259,,41.7272727272727,,129851,257293,Sion Koliwada,GEN,Mumbai City,Konkan,11,50.47,2.51,,1535,1.18,3.33,,NOTA,5897,True,,,,,,,,,0,0,,,1,0.0909090909090909,,,,,
13,180,2019,10,4,0,5,NOTA,,NOTA,3432,,47.8333333333333,,108600,203776,Wadala,GEN,Mumbai City,Konkan,6,53.29,3.16,,2990,2.75,2.86,,NOTA,5897,True,,,,,,,,,1,0.166666666666667,,,1,0.166666666666667,,,,,
13,181,2019,10,4,0,4,NOTA,,NOTA,3912,,52,,124028,235479,Mahim,GEN,Mumbai City,Konkan,4,52.67,3.15,,3069,2.47,2.63,,NOTA,5897,True,,,,,,,,,0,0,,,2,0.5,,,,,
13,182,2019,10,4,0,4,NOTA,,NOTA,6305,,45.6923076923077,,129074,269003,Worli,GEN,Mumbai City,Konkan,13,47.98,4.88,,4373,3.39,1.96,,NOTA,5897,True,,,,,,,,,0,0,,,0,0,,,,,
13,183,2019,10,4,0,4,NOTA,,NOTA,4308,,55,,135661,274989,Shivadi,GEN,Mumbai City,Konkan,4,49.33,3.18,,2360,1.74,2.38,,NOTA,5897,True,,,,,,,,,0,0,,,0,0,,,,,
13,184,2019,10,4,0,5,NOTA,,NOTA,2791,,49.6363636363636,,124723,245923,Byculla,GEN,Mumbai City,Konkan,11,50.72,2.24,,617,0.49,3.57,,NOTA,5897,True,,,,,,,,,1,0.0909090909090909,,,4,0.363636363636364,,,,,
13,185,2019,10,4,0,3,NOTA,,NOTA,5392,,39.6,,123289,262400,Malabar Hill,GEN,Mumbai City,Konkan,10,46.99,4.37,,4702,3.81,1.64,,NOTA,5897,True,,,,,,,,,0,0,,,1,0.1,,,,,
13,186,2019,10,4,0,5,NOTA,,NOTA,1539,,51.6363636363636,,107447,244145,Mumba Devi,GEN,Mumbai City,Konkan,11,44.01,1.43,,275,0.26,2.44,,NOTA,5897,True,,,,,,,,,1,0.0909090909090909,,,2,0.181818181818182,,,,,
13,187,2019,10,4,0,4,NOTA,,NOTA,2921,,43.75,,106630,266587,Colaba,GEN,Mumbai City,Konkan,8,40,2.74,,2254,2.11,2.27,,NOTA,5897,True,,,,,,,,,1,0.125,,,0,0,,,,,
13,188,2019,10,4,0,3,NOTA,,NOTA,12399,,43.2,,302481,557513,Panvel,GEN,Raigad,Konkan,10,54.26,4.1,,3602,1.19,2.33,,NOTA,5897,True,,,,,,,,,0,0,,,2,0.2,,,,,
13,189,2019,10,4,0,4,NOTA,,NOTA,3072,,50.8181818181818,,200243,282310,Karjat,GEN,Raigad,Konkan,11,70.93,1.53,,1579,0.79,2.27,,NOTA,5897,True,,,,,,,,,1,0.0909090909090909,,,2,0.181818181818182,,,,,
13,190,2019,10,4,0,5,NOTA,,NOTA,3077,,48,,218947,294194,Uran,GEN,Raigad,Konkan,8,74.42,1.41,,1364,0.62,3.33,,NOTA,5897,True,,,,,,,,,0,0,,,3,0.375,,,,,
13,191,2019,10,4,0,3,NOTA,,NOTA,2473,,44.3571428571429,,215926,302036,Pen,GEN,Raigad,Konkan,14,71.49,1.15,,143,0.07,2.27,,NOTA,5897,True,,,,,,,,,1,0.0714285714285714,,,3,0.214285714285714,,,,,
13,192,2019,10,4,0,6,NOTA,,NOTA,2313,,52.6923076923077,,214825,294748,Alibag,GEN,Raigad,Konkan,13,72.88,1.08,,1174,0.55,2.44,,NOTA,5897,True,,,,,,,,,0,0,,,3,0.230769230769231,,,,,
13,193,2019,10,4,0,3,NOTA,,NOTA,3772,,44.3571428571429,,157248,257600,Shrivardhan,GEN,Raigad,Konkan,14,61.04,2.4,,1928,1.23,2.22,,NOTA,5897,True,,,,,,,,,0,0,,,1,0.0714285714285714,,,,,
13,194,2019,10,4,0,4,NOTA,,NOTA,2082,,49,,190900,284842,Mahad,GEN,Raigad,Konkan,8,67.02,1.09,,870,0.46,2.13,,NOTA,5897,True,,,,,,,,,0,0,,,3,0.375,,,,,
13,195,2019,10,4,0,5,NOTA,,NOTA,1492,,45.4545454545455,,202529,299932,Junnar,GEN,Pune,Paschim Maharashtra,11,67.52,0.74,,619,0.31,3.23,,NOTA,5897,True,,,,,,,,,1,0.0909090909090909,,,3,0.272727272727273,,,,,
13,196,2019,10,4,0,3,NOTA,,NOTA,1616,,44.1666666666667,,190032,284182,Ambegaon,GEN,Pune,Paschim Maharashtra,6,66.87,0.85,,382,0.2,1.85,,NOTA,5897,True,,,,,,,,,0,0,,,2,0.333333333333333,,,,,
13,197,2019,10,4,0,5,NOTA,,NOTA,1707,,43.2222222222222,,220745,327618,Khed Alandi,GEN,Pune,Paschim Maharashtra,9,67.38,0.77,,835,0.38,3.03,,NOTA,5897,True,,,,,,,,,0,0,,,2,0.222222222222222,,,,,
13,198,2019,10,4,0,5,NOTA,,NOTA,1827,,44.7,,258680,384323,Shirur,GEN,Pune,Paschim Maharashtra,10,67.31,0.71,,919,0.36,2.13,,NOTA,5897,True,,,,,,,,,0,0,,,2,0.2,,,,,
13,199,2019,10,4,0,5,NOTA,,NOTA,917,,43.2307692307692,,214048,309486,Daund,GEN,Pune,Paschim Maharashtra,13,69.16,0.43,,114,0.05,2.17,,NOTA,5897,True,,,,,,,,,1,0.0769230769230769,,,3,0.230769230769231,,,,,
13,200,2019,10,4,0,6,NOTA,,NOTA,731,,37.6,,233498,305866,Indapur,GEN,Pune,Paschim Maharashtra,15,76.34,0.31,,267,0.11,2.13,,NOTA,5897,True,,,,,,,,,1,0.0666666666666667,,,2,0.133333333333333,,,,,
13,201,2019,10,4,0,4,NOTA,,NOTA,1579,,44.2,,235040,342270,Baramati,GEN,Pune,Paschim Maharashtra,10,68.67,0.67,,158,0.07,1.41,,NOTA,5897,True,,,,,,,,,0,0,,,2,0.2,,,,,
13,202,2019,10,4,0,4,NOTA,,NOTA,1808,,49.5454545454546,,238061,362150,Purandar,GEN,Pune,Paschim Maharashtra,11,65.74,0.76,,811,0.34,2.13,,NOTA,5897,True,,,,,,,,,0,0,,,2,0.181818181818182,,,,,
13,203,2019,10,4,0,6,NOTA,,NOTA,1827,,40.2857142857143,,228263,361734,Bhor,GEN,Pune,Paschim Maharashtra,7,63.1,0.8,,358,0.16,2.38,,NOTA,5897,True,,,,,,,,,0,0,,,2,0.285714285714286,,,,,
13,204,2019,10,4,0,4,NOTA,,NOTA,1490,,46.4285714285714,,248224,348581,Maval,GEN,Pune,Paschim Maharashtra,7,71.21,0.6,,599,0.24,1.82,,NOTA,5897,True,,,,,,,,,0,0,,,1,0.142857142857143,,,,,
13,205,2019,10,4,0,3,NOTA,,NOTA,5874,,43.0909090909091,,278231,518480,Chinchwad,GEN,Pune,Paschim Maharashtra,11,53.66,2.11,,1920,0.69,2.22,,NOTA,5897,True,,,,,,,,,0,0,,,2,0.181818181818182,,,,,
13,206,2019,10,4,0,4,NOTA,,NOTA,3246,,45.2222222222222,,177595,353688,Pimpri (SC),SC,Pune,Paschim Maharashtra,18,50.21,1.83,,2033,1.14,2.56,,NOTA,5897,True,,,,,,,,,0,0,,,3,0.166666666666667,,,,,
13,207,2019,10,4,0,4,NOTA,,NOTA,3636,,43.5833333333333,,263463,441268,Bhosari,GEN,Pune,Paschim Maharashtra,12,59.71,1.38,,1775,0.67,2.13,,NOTA,5897,True,,,,,,,,,0,0,,,2,0.166666666666667,,,,,
13,208,2019,10,4,0,5,NOTA,,NOTA,2417,,45.4166666666667,,214602,456998,Vadgaol Sheri,GEN,Pune,Paschim Maharashtra,12,46.96,1.13,,764,0.36,2.5,,NOTA,5897,True,,,,,,,,,0,0,,,1,0.0833333333333333,,,,,
13,209,2019,10,4,0,5,NOTA,,NOTA,2390,,43.6153846153846,,134070,305700,Shivajinagar,GEN,Pune,Paschim Maharashtra,13,43.86,1.78,,1507,1.12,2.78,,NOTA,5897,True,,,,,,,,,0,0,,,0,0,,,,,
13,210,2019,10,4,0,3,NOTA,,NOTA,4028,,43.6363636363636,,195157,404858,Kothrud,GEN,Pune,Paschim Maharashtra,11,48.2,2.06,,1600,0.82,2.17,,NOTA,5897,True,,,,,,,,,0,0,,,1,0.0909090909090909,,,,,
13,211,2019,10,4,0,4,NOTA,,NOTA,3561,,44.7142857142857,,250372,487102,Khadakwasala,GEN,Pune,Paschim Maharashtra,7,51.4,1.42,,2379,0.95,2.22,,NOTA,5897,True,,,,,,,,,0,0,,,1,0.142857142857143,,,,,
13,212,2019,10,4,0,4,NOTA,,NOTA,3668,,38.7272727272727,,173792,354339,Parvati,GEN,Pune,Paschim Maharashtra,11,49.05,2.11,,2277,1.31,2.33,,NOTA,5897,True,,,,,,,,,0,0,,,1,0.0909090909090909,,,,,
13,213,2019,10,4,0,6,NOTA,,NOTA,2474,,42.5,,238169,504259,Hadapsar,GEN,Pune,Paschim Maharashtra,14,47.23,1.04,,1251,0.53,3.23,,NOTA,5897,True,,,,,,,,,0,0,,,2,0.142857142857143,,,,,
13,214,2019,10,4,0,6,NOTA,,NOTA,2388,,40.1428571428571,,126574,291454,Pune Cantonment (SC),SC,Pune,Paschim Maharashtra,28,43.43,1.89,,319,0.25,3.12,,NOTA,5897,True,,,,,,,,,0,0,,,1,0.0357142857142857,,,,,
13,215,2019,10,4,0,5,NOTA,,NOTA,2532,,43.2,,150069,290724,Kasba Peth,GEN,Pune,Paschim Maharashtra,10,51.62,1.69,,1460,0.97,2.78,,NOTA,5897,True,,,,,,,,,0,0,,,0,0,,,,,
13,216,2019,10,4,0,3,NOTA,,NOTA,2298,,38.25,,174268,254749,Akole (ST),ST,Ahilyanagar,Khandesh,4,68.41,1.32,,481,0.28,1.92,,NOTA,5897,True,,,,,,,,,1,0.25,,,1,0.25,,,,,
13,217,2019,10,4,0,4,NOTA,,NOTA,1692,,51.125,,194733,270499,Sangamner,GEN,Ahilyanagar,Khandesh,8,71.99,0.87,,510,0.26,1.92,,NOTA,5897,True,,,,,,,,,0,0,,,2,0.25,,,,,
13,218,2019,10,4,0,4,NOTA,,NOTA,1596,,42,,186718,263057,Shirdi,GEN,Ahilyanagar,Khandesh,5,70.98,0.85,,553,0.3,1.79,,NOTA,5897,True,,,,,,,,,1,0.2,,,2,0.4,,,,,
13,219,2019,10,4,0,6,NOTA,,NOTA,1622,,50.5714285714286,,202540,265184,Kopargaon,GEN,Ahilyanagar,Khandesh,14,76.38,0.8,,1007,0.5,2.63,,NOTA,5897,True,,,,,,,,,1,0.0714285714285714,,,4,0.285714285714286,,,,,
13,220,2019,10,4,0,5,NOTA,,NOTA,2133,,59.5454545454546,,184606,287700,Shrirampur (SC),SC,Ahilyanagar,Khandesh,11,64.17,1.16,,486,0.26,2.38,,NOTA,5897,True,,,,,,,,,2,0.181818181818182,,,2,0.181818181818182,,,,,
13,221,2019,10,4,0,11,NOTA,,NOTA,316,,49,,211582,263158,Nevasa,GEN,Ahilyanagar,Khandesh,17,80.4,0.15,,3,0,2.08,,NOTA,5897,True,,,,,,,,,1,0.0588235294117647,,,2,0.117647058823529,,,,,
13,222,2019,10,4,0,4,NOTA,,NOTA,2186,,45.5555555555556,,226258,341873,Shevgaon,GEN,Ahilyanagar,Khandesh,9,66.18,0.97,,1062,0.47,2.27,,NOTA,5897,True,,,,,,,,,1,0.111111111111111,,,1,0.111111111111111,,,,,
13,223,2019,10,4,0,3,NOTA,,NOTA,1892,,45.5714285714286,,201116,292663,Rahuri,GEN,Ahilyanagar,Khandesh,7,68.72,0.94,,340,0.17,2.13,,NOTA,5897,True,,,,,,,,,0,0,,,1,0.142857142857143,,,,,
13,224,2019,10,4,0,4,NOTA,,NOTA,1479,,41.3333333333333,,226856,322054,Parner,GEN,Ahilyanagar,Khandesh,6,70.44,0.65,,460,0.2,2,,NOTA,5897,True,,,,,,,,,0,0,,,1,0.166666666666667,,,,,
13,225,2019,10,4,0,6,NOTA,,NOTA,2724,,41.8333333333333,,170151,289629,Ahmednagar City,GEN,Ahilyanagar,Khandesh,12,58.75,1.6,,1678,0.99,2.5,,NOTA,5897,True,,,,,,,,,0,0,,,3,0.25,,,,,
13,226,2019,10,4,0,4,NOTA,,NOTA,1575,,46.0909090909091,,211311,311992,Shrigonda,GEN,Ahilyanagar,Khandesh,11,67.73,0.75,,380,0.18,2.17,,NOTA,5897,True,,,,,,,,,0,0,,,2,0.181818181818182,,,,,
13,227,2019,10,4,0,5,NOTA,,NOTA,867,,39.0833333333333,,238360,320843,Karjat Jamkhed,GEN,Ahilyanagar,Khandesh,12,74.29,0.36,,75,0.03,2.13,,NOTA,5897,True,,,,,,,,,0,0,,,1,0.0833333333333333,,,,,
13,228,2019,10,4,0,13,NOTA,,NOTA,478,,42.0526315789474,,261554,352375,Georai,GEN,Beed,Marathwada,19,74.23,0.18,,44,0.02,3.12,,NOTA,5897,True,,,,,,,,,0,0,,,4,0.210526315789474,,,,,
13,229,2019,10,4,0,8,NOTA,,NOTA,780,,46.56,,228336,331571,Majalgaon,GEN,Beed,Marathwada,25,68.86,0.34,,68,0.03,2.33,,NOTA,5897,True,,,,,,,,,0,0,,,2,0.08,,,,,
13,230,2019,10,4,0,6,NOTA,,NOTA,874,,43.9705882352941,,221294,335965,Beed,GEN,Beed,Marathwada,34,65.87,0.39,,54,0.02,2.5,,NOTA,5897,True,,,,,,,,,1,0.0294117647058824,,,1,0.0294117647058824,,,,,
13,231,2019,10,4,0,4,NOTA,,NOTA,2631,,49.4444444444444,,240838,372321,Ashti,GEN,Beed,Marathwada,9,64.69,1.09,,1208,0.5,2.17,,NOTA,5897,True,,,,,,,,,1,0.111111111111111,,,0,0,,,,,
13,232,2019,10,4,0,4,NOTA,,NOTA,1598,,44.75,,229673,362430,Kaij (SC),SC,Beed,Marathwada,12,63.37,0.7,,235,0.1,2.22,,NOTA,5897,True,,,,,,,,,1,0.0833333333333333,,,1,0.0833333333333333,,,,,
13,233,2019,10,4,0,7,NOTA,,NOTA,561,,45.9375,,224272,306710,Parli,GEN,Beed,Marathwada,16,73.12,0.25,,9,0,2.13,,NOTA,5897,True,,,,,,,,,0,0,,,3,0.1875,,,,,
13,234,2019,10,4,0,2,NOTA,,NOTA,27500,,43.4666666666667,,199599,322330,Latur Rural,GEN,Latur,Marathwada,15,61.92,13.78,,13976,7,2.08,,NOTA,5897,True,,,,,,,,,0,0,,,0,0,,,,,
13,235,2019,10,4,0,5,NOTA,,NOTA,727,,42.0526315789474,,211787,372474,Latur City,GEN,Latur,Marathwada,19,56.86,0.34,,66,0.03,2.5,,NOTA,5897,True,,,,,,,,,0,0,,,2,0.105263157894737,,,,,
13,236,2019,10,4,0,6,NOTA,,NOTA,1762,,52.5555555555556,,214981,321329,Ahmadpur,GEN,Latur,Marathwada,9,66.9,0.82,,789,0.37,3.57,,NOTA,5897,True,,,,,,,,,0,0,,,2,0.222222222222222,,,,,
13,237,2019,10,4,0,4,NOTA,,NOTA,1097,,46.5,,179662,299139,Udgir (SC),SC,Latur,Marathwada,12,60.06,0.61,,134,0.07,2.13,,NOTA,5897,True,,,,,,,,,0,0,,,1,0.0833333333333333,,,,,
13,238,2019,10,4,0,4,NOTA,,NOTA,1272,,45.1,,197318,316690,Nilanga,GEN,Latur,Marathwada,10,62.31,0.64,,365,0.18,2.7,,NOTA,5897,True,,,,,,,,,0,0,,,2,0.2,,,,,
13,239,2019,10,4,0,8,NOTA,,NOTA,783,,42.7142857142857,,187334,283958,Ausa,GEN,Latur,Marathwada,14,65.97,0.42,,269,0.14,2.56,,NOTA,5897,True,,,,,,,,,0,0,,,1,0.0714285714285714,,,,,
13,240,2019,10,4,0,5,NOTA,,NOTA,1425,,45.8181818181818,,169262,297829,Umarga (SC),SC,Dharashiv,Marathwada,11,56.83,0.84,,226,0.13,2.56,,NOTA,5897,True,,,,,,,,,0,0,,,1,0.0909090909090909,,,,,
13,241,2019,10,4,0,9,NOTA,,NOTA,960,,45.7222222222222,,228648,352449,Tuljapur,GEN,Dharashiv,Marathwada,18,64.87,0.42,,21,0.01,3.12,,NOTA,5897,True,,,,,,,,,1,0.0555555555555556,,,1,0.0555555555555556,,,,,
13,242,2019,10,4,0,7,NOTA,,NOTA,1907,,46.4545454545455,,216418,353647,Osmanabad,GEN,Dharashiv,Marathwada,11,61.2,0.88,,609,0.28,3.33,,NOTA,5897,True,,,,,,,,,1,0.0909090909090909,,,1,0.0909090909090909,,,,,
13,243,2019,10,4,0,4,NOTA,,NOTA,1902,,49.1,,214966,314711,Paranda,GEN,Dharashiv,Marathwada,10,68.31,0.88,,809,0.38,2.56,,NOTA,5897,True,,,,,,,,,1,0.1,,,1,0.1,,,,,
13,244,2019,10,4,0,5,NOTA,,NOTA,1597,,44.125,,215071,302816,Karmala,GEN,Solapur,Paschim Maharashtra,8,71.02,0.74,,206,0.1,3.23,,NOTA,5897,True,,,,,,,,,1,0.125,,,2,0.25,,,,,
13,245,2019,10,4,0,4,NOTA,,NOTA,1628,,44.1,,227108,326537,Madha,GEN,Solapur,Paschim Maharashtra,10,69.55,0.72,,179,0.08,2,,NOTA,5897,True,,,,,,,,,0,0,,,1,0.1,,,,,
13,246,2019,10,4,0,6,NOTA,,NOTA,1255,,41.2857142857143,,224316,306507,Barshi,GEN,Solapur,Paschim Maharashtra,14,73.18,0.56,,99,0.04,2.78,,NOTA,5897,True,,,,,,,,,1,0.0714285714285714,,,2,0.142857142857143,,,,,
13,247,2019,10,4,0,10,NOTA,,NOTA,940,,42,,201808,305901,Mohol (SC),SC,Solapur,Paschim Maharashtra,14,65.97,0.47,,141,0.07,3.03,,NOTA,5897,True,,,,,,,,,0,0,,,3,0.214285714285714,,,,,
13,248,2019,10,4,0,5,NOTA,,NOTA,2153,,44.5333333333333,,151673,288466,Solapur City North,GEN,Solapur,Paschim Maharashtra,15,52.58,1.42,,1031,0.68,2.22,,NOTA,5897,True,,,,,,,,,0,0,,,1,0.0666666666666667,,,,,
13,249,2019,10,4,0,7,NOTA,,NOTA,807,,46.25,,168221,302160,Solapur City Central,GEN,Solapur,Paschim Maharashtra,20,55.67,0.48,,38,0.02,5,,NOTA,5897,True,,,,,,,,,1,0.05,,,3,0.15,,,,,
13,250,2019,10,4,0,5,NOTA,,NOTA,1168,,39.8181818181818,,213490,346498,Akkalkot,GEN,Solapur,Paschim Maharashtra,11,61.61,0.55,,441,0.21,2.17,,NOTA,5897,True,,,,,,,,,0,0,,,1,0.0909090909090909,,,,,
13,251,2019,10,4,0,6,NOTA,,NOTA,1793,,38.6428571428571,,162572,310524,Solapur South,GEN,Solapur,Paschim Maharashtra,14,52.35,1.1,,949,0.58,2.38,,NOTA,5897,True,,,,,,,,,0,0,,,1,0.0714285714285714,,,,,
13,252,2019,10,4,0,9,NOTA,,NOTA,639,,44.65,,239558,334120,Pandharpur,GEN,Solapur,Paschim Maharashtra,20,71.7,0.27,,123,0.05,3.45,,NOTA,5897,False,,,,,,,,,2,0.1,,,2,0.1,,,,,
13,253,2019,10,4,0,10,NOTA,,NOTA,700,,43.45,,215468,294895,Sangole,GEN,Solapur,Paschim Maharashtra,20,73.07,0.32,,28,0.01,2.38,,NOTA,5897,True,,,,,,,,,0,0,,,0,0,,,,,
13,254,2019,10,4,0,4,NOTA,,NOTA,1899,,41.75,,215243,320662,Malshiras (SC),SC,Solapur,Paschim Maharashtra,8,67.12,0.88,,818,0.38,2.22,,NOTA,5897,True,,,,,,,,,0,0,,,1,0.125,,,,,
13,255,2019,10,4,0,4,NOTA,,NOTA,1717,,47.3636363636364,,215604,332673,Phaltan (SC),SC,Satara,Paschim Maharashtra,11,64.81,0.8,,783,0.36,2.17,,NOTA,5897,True,,,,,,,,,1,0.0909090909090909,,,2,0.181818181818182,,,,,
13,256,2019,10,4,0,6,NOTA,,NOTA,1358,,54.1,,227883,332498,Wai,GEN,Satara,Paschim Maharashtra,10,68.54,0.6,,731,0.32,2.08,,NOTA,5897,True,,,,,,,,,1,0.1,,,2,0.2,,,,,
13,257,2019,10,4,0,5,NOTA,,NOTA,1284,,44,,204684,302300,Koregaon,GEN,Satara,Paschim Maharashtra,7,67.71,0.63,,199,0.1,2.13,,NOTA,5897,True,,,,,,,,,0,0,,,2,0.285714285714286,,,,,
13,258,2019,10,4,0,6,NOTA,,NOTA,1525,,46.0909090909091,,227786,341964,Man,GEN,Satara,Paschim Maharashtra,11,66.61,0.67,,536,0.24,2.94,,NOTA,5897,True,,,,,,,,,2,0.181818181818182,,,2,0.181818181818182,,,,,
13,259,2019,10,4,0,6,NOTA,,NOTA,1280,,47.1666666666667,,199447,294470,Karad North,GEN,Satara,Paschim Maharashtra,6,67.73,0.64,,517,0.26,2.78,,NOTA,5897,True,,,,,,,,,1,0.166666666666667,,,3,0.5,,,,,
13,260,2019,10,4,0,9,NOTA,,NOTA,584,,49.9230769230769,,210224,292525,Karad South,GEN,Satara,Paschim Maharashtra,13,71.87,0.28,,282,0.13,2.7,,NOTA,5897,True,,,,,,,,,0,0,,,1,0.0769230769230769,,,,,
13,261,2019,10,4,0,3,NOTA,,NOTA,1547,,45.8888888888889,,204312,300692,Patan,GEN,Satara,Paschim Maharashtra,9,67.95,0.76,,74,0.04,2.13,,NOTA,5897,True,,,,,,,,,0,0,,,3,0.333333333333333,,,,,
13,262,2019,10,4,0,4,NOTA,,NOTA,1978,,51.1666666666667,,199849,337831,Satara,GEN,Satara,Paschim Maharashtra,6,59.16,0.99,,1031,0.52,2.04,,NOTA,5897,True,,,,,,,,,2,0.333333333333333,,,3,0.5,,,,,
13,263,2019,10,4,0,3,NOTA,,NOTA,2711,,41,,185861,280785,Dapoli,GEN,Ratnagiri,Konkan,11,66.19,1.46,,696,0.37,2.22,,NOTA,5897,True,,,,,,,,,0,0,,,1,0.0909090909090909,,,,,
13,264,2019,10,4,0,5,NOTA,,NOTA,2061,,46.6,,142708,240386,Guhagar,GEN,Ratnagiri,Konkan,5,59.37,1.44,,52,0.04,2.33,,NOTA,5897,True,,,,,,,,,1,0.2,,,1,0.2,,,,,
13,265,2019,10,4,0,4,NOTA,,NOTA,2297,,50,,177921,270366,Chiplun,GEN,Ratnagiri,Konkan,3,65.81,1.29,,0,0,2.04,,NOTA,5897,True,,,,,,,,,0,0,,,2,0.666666666666667,,,,,
13,266,2019,10,4,0,4,NOTA,,NOTA,4552,,46,,163066,281973,Ratnagiri,GEN,Ratnagiri,Konkan,6,57.83,2.79,,2517,1.54,1.75,,NOTA,5897,True,,,,,,,,,0,0,,,2,0.333333333333333,,,,,
13,267,2019,10,4,0,4,NOTA,,NOTA,2576,,48.2857142857143,,132392,237887,Rajapur,GEN,Ratnagiri,Konkan,7,55.65,1.95,,714,0.54,2.5,,NOTA,5897,True,,,,,,,,,0,0,,,1,0.142857142857143,,,,,
13,268,2019,10,4,0,5,NOTA,,NOTA,1945,,49.5714285714286,,150461,230081,Kankavli,GEN,Sindhudurg,Konkan,7,65.39,1.29,,524,0.35,2.17,,NOTA,5897,True,,,,,,,,,1,0.142857142857143,,,1,0.142857142857143,,,,,
13,269,2019,10,4,0,6,NOTA,,NOTA,1552,,43.4285714285714,,135900,216008,Kudal,GEN,Sindhudurg,Konkan,7,62.91,1.14,,765,0.56,2.38,,NOTA,5897,True,,,,,,,,,0,0,,,2,0.285714285714286,,,,,
13,270,2019,10,4,0,4,NOTA,,NOTA,3524,,53.8888888888889,,143833,225302,Sawantwadi,GEN,Sindhudurg,Konkan,9,63.84,2.45,,115,0.08,2.56,,NOTA,5897,True,,,,,,,,,0,0,,,2,0.222222222222222,,,,,
13,271,2019,10,4,0,9,NOTA,,NOTA,1793,,48.0714285714286,,220547,321301,Chandgad,GEN,Kolhapur,Paschim Maharashtra,14,68.64,0.81,,315,0.14,5.88,,NOTA,5897,True,,,,,,,,,0,0,,,0,0,,,,,
13,272,2019,10,4,0,8,NOTA,,NOTA,1656,,47.3333333333333,,247034,326756,Radhanagari,GEN,Kolhapur,Paschim Maharashtra,12,75.6,0.67,,696,0.28,3.23,,NOTA,5897,True,,,,,,,,,0,0,,,2,0.166666666666667,,,,,
13,273,2019,10,4,0,4,NOTA,,NOTA,1163,,49.5,,263636,324647,Kagal,GEN,Kolhapur,Paschim Maharashtra,6,81.21,0.44,,338,0.13,2.86,,NOTA,5897,True,,,,,,,,,0,0,,,4,0.666666666666667,,,,,
13,274,2019,10,4,0,4,NOTA,,NOTA,1939,,41,,243645,324981,Kolhapur South,GEN,Kolhapur,Paschim Maharashtra,8,74.97,0.8,,1072,0.44,2.04,,NOTA,5897,True,,,,,,,,,0,0,,,1,0.125,,,,,
13,275,2019,10,4,0,4,NOTA,,NOTA,1284,,46.5,,256413,304044,Karvir,GEN,Kolhapur,Paschim Maharashtra,8,84.33,0.5,,532,0.21,2.13,,NOTA,5897,True,,,,,,,,,0,0,,,2,0.25,,,,,
13,276,2019,10,4,0,3,NOTA,,NOTA,3039,,45.375,,175207,286265,Kolhapur North,GEN,Kolhapur,Paschim Maharashtra,8,61.2,1.73,,1556,0.89,2.17,,NOTA,5897,True,,,,,,,,,0,0,,,1,0.125,,,,,
13,277,2019,10,4,0,5,NOTA,,NOTA,942,,42.6363636363636,,231495,288852,Shahuwadi,GEN,Kolhapur,Paschim Maharashtra,11,80.14,0.41,,226,0.1,2.13,,NOTA,5897,True,,,,,,,,,1,0.0909090909090909,,,3,0.272727272727273,,,,,
13,278,2019,10,4,0,7,NOTA,,NOTA,2367,,41.125,,233502,318189,Hatkanangle (SC),SC,Kolhapur,Paschim Maharashtra,16,73.38,1.01,,283,0.12,4.35,,NOTA,5897,True,,,,,,,,,0,0,,,2,0.125,,,,,
13,279,2019,10,4,0,5,NOTA,,NOTA,1513,,45.2142857142857,,201271,293431,Ichalkaranji,GEN,Kolhapur,Paschim Maharashtra,14,68.59,0.75,,182,0.09,2.22,,NOTA,5897,True,,,,,,,,,0,0,,,1,0.0714285714285714,,,,,
13,280,2019,10,4,0,7,NOTA,,NOTA,1287,,49.3333333333333,,234098,313330,Shirol,GEN,Kolhapur,Paschim Maharashtra,9,74.71,0.55,,577,0.25,3.7,,NOTA,5897,True,,,,,,,,,0,0,,,2,0.222222222222222,,,,,
13,281,2019,10,4,0,4,NOTA,,NOTA,2792,,45.8571428571429,,179884,326494,Miraj (SC),SC,Sangli,Paschim Maharashtra,7,55.1,1.55,,197,0.11,2.38,,NOTA,5897,True,,,,,,,,,1,0.142857142857143,,,2,0.285714285714286,,,,,
13,282,2019,10,4,0,3,NOTA,,NOTA,2448,,43.6363636363636,,188683,324197,Sangli,GEN,Sangli,Paschim Maharashtra,11,58.2,1.3,,709,0.38,2.17,,NOTA,5897,True,,,,,,,,,0,0,,,1,0.0909090909090909,,,,,
13,283,2019,10,4,0,5,NOTA,,NOTA,1196,,49.75,,200015,271278,Islampur,GEN,Sangli,Paschim Maharashtra,8,73.73,0.6,,586,0.29,2.44,,NOTA,5897,True,,,,,,,,,0,0,,,1,0.125,,,,,
13,284,2019,10,4,0,4,NOTA,,NOTA,1417,,50.5555555555556,,229278,292965,Shirala,GEN,Sangli,Paschim Maharashtra,9,78.26,0.62,,398,0.17,2.86,,NOTA,5897,True,,,,,,,,,0,0,,,1,0.111111111111111,,,,,
13,285,2019,10,4,0,2,NOTA,,NOTA,20631,,38.2222222222222,,206517,278629,Palus-Kadegaon,GEN,Sangli,Paschim Maharashtra,9,74.12,9.99,,11655,5.64,1.43,,NOTA,5897,True,,,,,,,,,0,0,,,0,0,,,,,
13,286,2019,10,4,0,3,NOTA,,NOTA,2928,,47.3636363636364,,216871,323180,Khanapur,GEN,Sangli,Paschim Maharashtra,11,67.11,1.35,,819,0.38,2.17,,NOTA,5897,True,,,,,,,,,0,0,,,1,0.0909090909090909,,,,,
13,287,2019,10,4,0,5,NOTA,,NOTA,1744,,53.8,,201272,295083,Tasgaon - Kavathe Mahankal,GEN,Sangli,Paschim Maharashtra,5,68.21,0.87,,641,0.32,1.92,,NOTA,5897,True,,,,,,,,,1,0.2,,,0,0,,,,,
13,288,2019,10,4,0,7,NOTA,,NOTA,1086,,48.5,,175425,272345,Jat,GEN,Sangli,Paschim Maharashtra,8,64.41,0.62,,506,0.29,2.7,,NOTA,5897,True,,,,,,,,,0,0,,,1,0.125,,,,,
12,1,2014,10,4,0,6,NOTA,,NOTA,4161,,44.5555555555556,,175092,247070,Akkalkuwa (ST),ST,Nandurbar,Khandesh,9,70.87,2.38,,2135,1.22,4,,NOTA,5897,True,,,,,,,,,0,0,,,3,0.333333333333333,,,,,
12,2,2014,10,4,0,7,NOTA,,NOTA,2755,,46.2727272727273,,186613,286284,Shahada (ST),ST,Nandurbar,Khandesh,11,65.18,1.48,,1215,0.65,3.85,,NOTA,5897,True,,,,,,,,,2,0.181818181818182,,,3,0.272727272727273,,,,,
12,3,2014,10,4,0,4,NOTA,,NOTA,2857,,44.375,,193633,311939,Nandurbar (ST),ST,Nandurbar,Khandesh,8,62.07,1.48,,902,0.47,2.38,,NOTA,5897,True,,,,,,,,,1,0.125,,,1,0.125,,,,,
12,4,2014,10,4,0,5,NOTA,,NOTA,4088,,49.9166666666667,,197826,266023,Nawapur (ST),ST,Nandurbar,Khandesh,12,74.36,2.07,,111,0.06,2.86,,NOTA,5897,True,,,,,,,,,1,0.0833333333333333,,,3,0.25,,,,,
12,5,2014,10,4,0,6,NOTA,,NOTA,3152,,49.2727272727273,,191943,307595,Sakri (ST),ST,Dhule,Khandesh,11,62.4,1.64,,165,0.09,3.45,,NOTA,5897,True,,,,,,,,,0,0,,,3,0.272727272727273,,,,,
12,6,2014,10,4,0,7,NOTA,,NOTA,1676,,44.4,,234369,350839,Dhule Rural,GEN,Dhule,Khandesh,10,66.8,0.72,,473,0.2,2.7,,NOTA,5897,True,,,,,,,,,0,0,,,0,0,,,,,
12,7,2014,10,4,0,9,NOTA,,NOTA,878,,48.1333333333333,,155589,286187,Dhule City,GEN,Dhule,Khandesh,15,54.37,0.56,,93,0.06,3.85,,NOTA,5897,True,,,,,,,,,2,0.133333333333333,,,3,0.2,,,,,
12,8,2014,10,4,0,5,NOTA,,NOTA,1264,,44.9,,198868,307064,Sindkheda,GEN,Dhule,Khandesh,10,64.76,0.64,,264,0.13,2.94,,NOTA,5897,True,,,,,,,,,0,0,,,2,0.2,,,,,
12,9,2014,10,4,0,6,NOTA,,NOTA,2318,,43.7142857142857,,196259,295736,Shirpur (ST),ST,Dhule,Khandesh,7,66.36,1.18,,1195,0.61,2.56,,NOTA,5897,True,,,,,,,,,1,0.142857142857143,,,2,0.285714285714286,,,,,
12,10,2014,10,4,0,7,NOTA,,NOTA,2885,,42,,187721,278782,Chopda (ST),ST,Jalgaon,Khandesh,9,67.34,1.54,,590,0.31,5.26,,NOTA,5897,True,,,,,,,,,1,0.111111111111111,,,2,0.222222222222222,,,,,
12,11,2014,10,4,0,8,NOTA,,NOTA,1722,,48.6,,183765,275136,Raver,GEN,Jalgaon,Khandesh,15,66.79,0.94,,555,0.3,3.85,,NOTA,5897,True,,,,,,,,,0,0,,,1,0.0666666666666667,,,,,
12,12,2014,10,4,0,5,NOTA,,NOTA,1447,,43.3636363636364,,156397,275330,Bhusawal (SC),SC,Jalgaon,Khandesh,11,56.8,0.93,,324,0.21,2.27,,NOTA,5897,True,,,,,,,,,2,0.181818181818182,,,2,0.181818181818182,,,,,
12,13,2014,10,4,0,8,NOTA,,NOTA,1256,,43.9411764705882,,187536,336422,Jalgaon City,GEN,Jalgaon,Khandesh,17,55.74,0.67,,420,0.22,3.33,,NOTA,5897,True,,,,,,,,,0,0,,,2,0.117647058823529,,,,,
12,14,2014,10,4,0,5,NOTA,,NOTA,1608,,42.4,,189762,287123,Jalgaon Rural,GEN,Jalgaon,Khandesh,10,66.09,0.85,,352,0.19,3.03,,NOTA,5897,True,,,,,,,,,1,0.1,,,2,0.2,,,,,
12,15,2014,10,4,0,8,NOTA,,NOTA,1162,,45.1538461538462,,169873,265405,Amalner,GEN,Jalgaon,Khandesh,13,64.01,0.68,,477,0.28,3.23,,NOTA,5897,True,,,,,,,,,0,0,,,1,0.0769230769230769,,,,,
12,16,2014,10,4,0,7,NOTA,,NOTA,992,,49.4545454545455,,169399,256583,Erandol,GEN,Jalgaon,Khandesh,11,66.02,0.59,,150,0.09,3.85,,NOTA,5897,True,,,,,,,,,0,0,,,2,0.181818181818182,,,,,
12,17,2014,10,4,0,7,NOTA,,NOTA,1734,,46,,209855,323486,Chalisgaon,GEN,Jalgaon,Khandesh,8,64.87,0.83,,263,0.13,3.03,,NOTA,5897,True,,,,,,,,,0,0,,,1,0.125,,,,,
12,18,2014,10,4,0,6,NOTA,,NOTA,1272,,46.8888888888889,,189644,287812,Pachora,GEN,Jalgaon,Khandesh,9,65.89,0.67,,148,0.08,3.12,,NOTA,5897,True,,,,,,,,,0,0,,,1,0.111111111111111,,,,,
12,19,2014,10,4,0,6,NOTA,,NOTA,1796,,48.8888888888889,,194548,278356,Jamner,GEN,Jalgaon,Khandesh,9,69.89,0.92,,750,0.39,2.44,,NOTA,5897,True,,,,,,,,,0,0,,,2,0.222222222222222,,,,,
12,20,2014,10,4,0,6,NOTA,,NOTA,2264,,42.7647058823529,,183527,266973,Muktainagar,GEN,Jalgaon,Khandesh,17,68.74,1.23,,1206,0.66,2.56,,NOTA,5897,True,,,,,,,,,1,0.0588235294117647,,,1,0.0588235294117647,,,,,
12,21,2014,10,4,0,7,NOTA,,NOTA,1672,,44,,168452,252603,Malkapur,GEN,Buldhana,Vidarbha,14,66.69,0.99,,993,0.59,3.33,,NOTA,5897,True,,,,,,,,,0,0,,,1,0.0714285714285714,,,,,
12,22,2014,10,4,0,9,NOTA,,NOTA,1021,,43.7333333333333,,163937,272798,Buldhana,GEN,Buldhana,Vidarbha,15,60.09,0.62,,70,0.04,4.76,,NOTA,5897,True,,,,,,,,,0,0,,,1,0.0666666666666667,,,,,
12,23,2014,10,4,0,9,NOTA,,NOTA,1321,,43.75,,181903,265527,Chikhli,GEN,Buldhana,Vidarbha,12,68.51,0.73,,912,0.5,4.35,,NOTA,5897,True,,,,,,,,,2,0.166666666666667,,,2,0.166666666666667,,,,,
12,24,2014,10,4,0,8,NOTA,,NOTA,1279,,48.25,,184066,284006,Sindkhed Raja,GEN,Buldhana,Vidarbha,12,64.81,0.69,,353,0.19,4.35,,NOTA,5897,True,,,,,,,,,1,0.0833333333333333,,,1,0.0833333333333333,,,,,
12,25,2014,10,4,0,6,NOTA,,NOTA,1646,,46.9473684210526,,167976,280172,Mehkar (SC),SC,Buldhana,Vidarbha,19,59.95,0.98,,356,0.21,3.12,,NOTA,5897,True,,,,,,,,,0,0,,,2,0.105263157894737,,,,,
12,26,2014,10,4,0,7,NOTA,,NOTA,1263,,41.3636363636364,,196832,263356,Khamgaon,GEN,Buldhana,Vidarbha,11,74.74,0.64,,661,0.34,3.33,,NOTA,5897,True,,,,,,,,,1,0.0909090909090909,,,2,0.181818181818182,,,,,
12,27,2014,10,4,0,10,NOTA,,NOTA,868,,47.2222222222222,,191180,262563,Jalgaon (Jamod),GEN,Buldhana,Vidarbha,18,72.81,0.45,,109,0.06,4,,NOTA,5897,True,,,,,,,,,0,0,,,2,0.111111111111111,,,,,
12,28,2014,10,4,0,10,NOTA,,NOTA,706,,42.8888888888889,,165683,272708,Akot,GEN,Akola,Vidarbha,18,60.75,0.43,,117,0.07,3.57,,NOTA,5897,True,,,,,,,,,2,0.111111111111111,,,3,0.166666666666667,,,,,
12,29,2014,10,4,0,14,NOTA,,NOTA,901,,51.6875,,168666,280085,Balapur,GEN,Akola,Vidarbha,16,60.22,0.53,,415,0.25,6.67,,NOTA,5897,True,,,,,,,,,0,0,,,2,0.125,,,,,
12,30,2014,10,4,0,7,NOTA,,NOTA,1047,,45.2,,143123,276433,Akola West,GEN,Akola,Vidarbha,15,51.77,0.73,,15,0.01,3.33,,NOTA,5897,True,,,,,,,,,0,0,,,2,0.133333333333333,,,,,
12,31,2014,10,4,0,10,NOTA,,NOTA,989,,45.72,,168597,300651,Akola East,GEN,Akola,Vidarbha,25,56.08,0.59,,24,0.01,4.35,,NOTA,5897,True,,,,,,,,,0,0,,,1,0.04,,,,,
12,32,2014,10,4,0,11,NOTA,,NOTA,622,,47.1052631578947,,156562,293003,Murtijapur (SC),SC,Akola,Vidarbha,19,53.43,0.4,,12,0.01,4.55,,NOTA,5897,True,,,,,,,,,1,0.0526315789473684,,,2,0.105263157894737,,,,,
12,33,2014,10,4,0,7,NOTA,,NOTA,2374,,45.3125,,184713,291327,Risod,GEN,Washim,Vidarbha,16,63.4,1.29,,922,0.5,3.85,,NOTA,5897,False,,,,,,,,,0,0,,,1,0.0625,,,,,
12,34,2014,10,4,0,10,NOTA,,NOTA,1130,,45.3,,186771,325785,Washim (SC),SC,Washim,Vidarbha,20,57.33,0.61,,205,0.11,5.56,,NOTA,5897,True,,,,,,,,,0,0,,,2,0.1,,,,,
12,35,2014,10,4,0,14,NOTA,,NOTA,668,,45.5238095238095,,183363,288706,Karanja,GEN,Washim,Vidarbha,21,63.51,0.36,,123,0.07,5.88,,NOTA,5897,True,,,,,,,,,1,0.0476190476190476,,,3,0.142857142857143,,,,,
12,36,2014,10,4,0,15,NOTA,,NOTA,558,,49.1578947368421,,199077,290053,Dhamamgaon Railway,GEN,Amravati,Vidarbha,19,68.63,0.28,,185,0.09,3.57,,NOTA,5897,True,,,,,,,,,1,0.0526315789473684,,,3,0.157894736842105,,,,,
12,37,2014,10,4,0,7,NOTA,,NOTA,1522,,46.3333333333333,,179403,312684,Badnera,GEN,Amravati,Vidarbha,15,57.38,0.85,,823,0.46,5.26,,NOTA,5897,True,,,,,,,,,1,0.0666666666666667,,,3,0.2,,,,,
12,38,2014,10,4,0,7,NOTA,,NOTA,1027,,48.2,,161297,286094,Amravati,GEN,Amravati,Vidarbha,20,56.38,0.64,,139,0.09,2.7,,NOTA,5897,True,,,,,,,,,0,0,,,2,0.1,,,,,
12,39,2014,10,4,0,10,NOTA,,NOTA,1258,,47.2222222222222,,170306,270408,Teosa,GEN,Amravati,Vidarbha,18,62.98,0.74,,105,0.06,5,,NOTA,5897,True,,,,,,,,,1,0.0555555555555556,,,1,0.0555555555555556,,,,,
12,40,2014,10,4,0,11,NOTA,,NOTA,783,,45.7894736842105,,182734,281520,Daryapur (SC),SC,Amravati,Vidarbha,19,64.91,0.43,,316,0.17,4.55,,NOTA,5897,True,,,,,,,,,0,0,,,2,0.105263157894737,,,,,
12,41,2014,10,4,0,6,NOTA,,NOTA,3567,,48.5,,175700,257479,Melghat (ST),ST,Amravati,Vidarbha,6,68.24,2.03,,926,0.53,3.45,,NOTA,5897,True,,,,,,,,,1,0.166666666666667,,,2,0.333333333333333,,,,,
12,42,2014,10,4,0,14,NOTA,,NOTA,449,,47.5263157894737,,179366,253318,Achalpur,GEN,Amravati,Vidarbha,19,70.81,0.25,,12,0.01,4.76,,NOTA,5897,True,,,,,,,,,2,0.105263157894737,,,3,0.157894736842105,,,,,
12,43,2014,10,4,0,12,NOTA,,NOTA,717,,45.5263157894737,,184584,265773,Morshi,GEN,Amravati,Vidarbha,19,69.45,0.39,,256,0.14,4.35,,NOTA,5897,True,,,,,,,,,0,0,,,2,0.105263157894737,,,,,
12,44,2014,10,4,0,8,NOTA,,NOTA,1240,,43.8666666666667,,170205,248828,Arvi,GEN,Wardha,Vidarbha,15,68.4,0.73,,680,0.4,2.63,,NOTA,5897,True,,,,,,,,,0,0,,,3,0.2,,,,,
12,45,2014,10,4,0,10,NOTA,,NOTA,701,,46.8947368421053,,168703,248404,Deoli,GEN,Wardha,Vidarbha,19,67.91,0.42,,50,0.03,3.45,,NOTA,5897,True,,,,,,,,,0,0,,,2,0.105263157894737,,,,,
12,46,2014,10,4,0,10,NOTA,,NOTA,951,,47.9285714285714,,187861,260968,Hinganghat,GEN,Wardha,Vidarbha,14,71.99,0.51,,47,0.03,3.57,,NOTA,5897,True,,,,,,,,,0,0,,,3,0.214285714285714,,,,,
12,47,2014,10,4,0,11,NOTA,,NOTA,945,,46.1904761904762,,165669,283104,Wardha,GEN,Wardha,Vidarbha,21,58.52,0.57,,393,0.24,5.56,,NOTA,5897,True,,,,,,,,,0,0,,,4,0.19047619047619,,,,,
12,48,2014,10,4,0,14,NOTA,,NOTA,550,,46.5,,177356,250822,Katol,GEN,Nagpur,Vidarbha,20,70.71,0.31,,102,0.06,3.33,,NOTA,5897,True,,,,,,,,,0,0,,,3,0.15,,,,,
12,49,2014,10,4,0,5,NOTA,,NOTA,2681,,41.6,,186711,270185,Savner,GEN,Nagpur,Vidarbha,15,69.1,1.44,,1639,0.88,2.7,,NOTA,5897,True,,,,,,,,,0,0,,,2,0.133333333333333,,,,,
12,50,2014,10,4,0,10,NOTA,,NOTA,709,,45.9411764705882,,200363,303081,Hingna,GEN,Nagpur,Vidarbha,17,66.11,0.35,,95,0.05,3.45,,NOTA,5897,True,,,,,,,,,1,0.0588235294117647,,,2,0.117647058823529,,,,,
12,51,2014,10,4,0,8,NOTA,,NOTA,1352,,48.3333333333333,,187561,284020,Umred (SC),SC,Nagpur,Vidarbha,15,66.04,0.72,,31,0.02,3.33,,NOTA,5897,True,,,,,,,,,1,0.0666666666666667,,,3,0.2,,,,,
12,52,2014,10,4,0,6,NOTA,,NOTA,1014,,40.1875,,192400,341300,Nagpur South West,GEN,Nagpur,Vidarbha,16,56.37,0.53,,705,0.37,2.27,,NOTA,5897,True,,,,,,,,,0,0,,,1,0.0625,,,,,
12,53,2014,10,4,0,8,NOTA,,NOTA,1276,,46.0555555555556,,183253,342268,Nagpur South,GEN,Nagpur,Vidarbha,18,53.54,0.7,,432,0.24,3.57,,NOTA,5897,True,,,,,,,,,1,0.0555555555555556,,,1,0.0555555555555556,,,,,
12,54,2014,10,4,0,7,NOTA,,NOTA,1051,,46.6,,184512,327400,Nagpur East,GEN,Nagpur,Vidarbha,20,56.36,0.57,,172,0.09,2.78,,NOTA,5897,True,,,,,,,,,0,0,,,1,0.05,,,,,
12,55,2014,10,4,0,8,NOTA,,NOTA,930,,42.25,,160926,292716,Nagpur Central,GEN,Nagpur,Vidarbha,20,54.98,0.58,,434,0.27,2.56,,NOTA,5897,True,,,,,,,,,0,0,,,2,0.1,,,,,
12,56,2014,10,4,0,7,NOTA,,NOTA,1143,,47,,173909,329645,Nagpur West,GEN,Nagpur,Vidarbha,22,52.76,0.66,,676,0.39,2.63,,NOTA,5897,True,,,,,,,,,1,0.0454545454545455,,,2,0.0909090909090909,,,,,
12,57,2014,10,4,0,7,NOTA,,NOTA,734,,47.25,,181686,338120,Nagpur North (SC),SC,Nagpur,Vidarbha,20,53.73,0.4,,190,0.1,3.23,,NOTA,5897,True,,,,,,,,,0,0,,,2,0.1,,,,,
12,58,2014,10,4,0,4,NOTA,,NOTA,2962,,45.7857142857143,,234935,377591,Kamthi,GEN,Nagpur,Vidarbha,14,62.22,1.26,,2160,0.92,2.33,,NOTA,5897,True,,,,,,,,,0,0,,,1,0.0714285714285714,,,,,
12,59,2014,10,4,0,8,NOTA,,NOTA,1379,,46,,170019,247504,Ramtek,GEN,Nagpur,Vidarbha,14,68.69,0.81,,829,0.49,4.17,,NOTA,5897,True,,,,,,,,,0,0,,,2,0.142857142857143,,,,,
12,60,2014,10,4,0,9,NOTA,,NOTA,1519,,44.7692307692308,,202411,282319,Tumsar,GEN,Bhandara,Vidarbha,13,71.7,0.75,,502,0.25,4.35,,NOTA,5897,True,,,,,,,,,1,0.0769230769230769,,,2,0.153846153846154,,,,,
12,61,2014,10,4,0,9,NOTA,,NOTA,1621,,44.9473684210526,,233915,341185,Bhandara (SC),SC,Bhandara,Vidarbha,19,68.56,0.69,,383,0.16,4.55,,NOTA,5897,True,,,,,,,,,1,0.0526315789473684,,,2,0.105263157894737,,,,,
12,62,2014,10,4,0,15,NOTA,,NOTA,739,,49.6190476190476,,218970,296188,Sakoli,GEN,Bhandara,Vidarbha,21,73.93,0.34,,44,0.02,4.35,,NOTA,5897,True,,,,,,,,,0,0,,,1,0.0476190476190476,,,,,
12,63,2014,10,4,0,9,NOTA,,NOTA,1528,,45.9230769230769,,171333,239073,Arjuni-Morgaon (SC),SC,Gondia,Vidarbha,13,71.67,0.89,,442,0.26,4.55,,NOTA,5897,True,,,,,,,,,0,0,,,1,0.0769230769230769,,,,,
12,64,2014,10,4,0,7,NOTA,,NOTA,1218,,45.4285714285714,,168122,239939,Tirora,GEN,Gondia,Vidarbha,14,70.07,0.72,,144,0.09,4.76,,NOTA,5897,True,,,,,,,,,0,0,,,1,0.0714285714285714,,,,,
12,65,2014,10,4,0,11,NOTA,,NOTA,835,,49.1578947368421,,195753,294399,Gondiya,GEN,Gondia,Vidarbha,19,66.49,0.43,,143,0.07,4.55,,NOTA,5897,True,,,,,,,,,1,0.0526315789473684,,,2,0.105263157894737,,,,,
12,66,2014,10,4,0,7,NOTA,,NOTA,2281,,43.125,,176184,252649,Amgaon (ST),ST,Gondia,Vidarbha,8,69.73,1.29,,1056,0.6,4.17,,NOTA,5897,True,,,,,,,,,2,0.25,,,2,0.25,,,,,
12,67,2014,10,4,0,8,NOTA,,NOTA,4162,,44,,172858,238937,Armori (ST),ST,Gadchiroli,Vidarbha,14,72.34,2.41,,1992,1.15,4.55,,NOTA,5897,True,,,,,,,,,1,0.0714285714285714,,,2,0.142857142857143,,,,,
12,68,2014,10,4,0,3,NOTA,,NOTA,17510,,45.6923076923077,,162193,277193,Gadchiroli (ST),ST,Gadchiroli,Vidarbha,13,58.51,10.8,,302,0.19,4.17,,NOTA,5897,True,,,,,,,,,0,0,,,0,0,,,,,
12,69,2014,10,4,0,4,NOTA,,NOTA,7349,,42.2222222222222,,151246,215360,Aheri (ST),ST,Gadchiroli,Vidarbha,9,70.23,4.86,,3096,2.05,4,,NOTA,5897,True,,,,,,,,,1,0.111111111111111,,,1,0.111111111111111,,,,,
12,70,2014,10,4,0,10,NOTA,,NOTA,1324,,52.125,,210632,296699,Rajura,GEN,Chandrapur,Vidarbha,16,70.99,0.63,,70,0.03,4.55,,NOTA,5897,True,,,,,,,,,2,0.125,,,2,0.125,,,,,
12,71,2014,10,4,0,7,NOTA,,NOTA,2026,,45.6153846153846,,194892,358250,Chandrapur (SC),SC,Chandrapur,Vidarbha,13,54.4,1.04,,328,0.17,3.7,,NOTA,5897,True,,,,,,,,,0,0,,,1,0.0769230769230769,,,,,
12,72,2014,10,4,0,9,NOTA,,NOTA,1383,,47.1333333333333,,195601,307463,Ballarpur,GEN,Chandrapur,Vidarbha,15,63.62,0.71,,294,0.15,2.7,,NOTA,5897,True,,,,,,,,,0,0,,,1,0.0666666666666667,,,,,
12,73,2014,10,4,0,6,NOTA,,NOTA,2273,,49.1875,,191914,255431,Brahmapuri,GEN,Chandrapur,Vidarbha,16,75.13,1.18,,773,0.4,3.7,,NOTA,5897,True,,,,,,,,,0,0,,,3,0.1875,,,,,
12,74,2014,10,4,0,9,NOTA,,NOTA,966,,51.2758620689655,,195508,262142,Chimur,GEN,Chandrapur,Vidarbha,29,74.58,0.49,,10,0.01,3.33,,NOTA,5897,True,,,,,,,,,0,0,,,1,0.0344827586206897,,,,,
12,75,2014,10,4,0,10,NOTA,,NOTA,1476,,43.7777777777778,,182539,278891,Warora,GEN,Chandrapur,Vidarbha,18,65.45,0.81,,214,0.12,4.76,,NOTA,5897,True,,,,,,,,,1,0.0555555555555556,,,3,0.166666666666667,,,,,
12,76,2014,10,4,0,9,NOTA,,NOTA,1310,,47.3846153846154,,196164,268850,Wani,GEN,Yavatmal,Vidarbha,13,72.96,0.67,,169,0.09,5.56,,NOTA,5897,True,,,,,,,,,0,0,,,4,0.307692307692308,,,,,
12,77,2014,10,4,0,5,NOTA,,NOTA,2369,,47.6,,182078,269688,Ralegaon (ST),ST,Yavatmal,Vidarbha,10,67.51,1.3,,569,0.31,2.33,,NOTA,5897,True,,,,,,,,,0,0,,,1,0.1,,,,,
12,78,2014,10,4,0,10,NOTA,,NOTA,720,,48.2272727272727,,202990,347558,Yavatmal,GEN,Yavatmal,Vidarbha,22,58.4,0.35,,130,0.06,4.76,,NOTA,5897,True,,,,,,,,,1,0.0454545454545455,,,0,0,,,,,
12,79,2014,10,4,0,7,NOTA,,NOTA,1185,,46,,201696,296059,Digras,GEN,Yavatmal,Vidarbha,13,68.13,0.59,,296,0.15,2.44,,NOTA,5897,True,,,,,,,,,1,0.0769230769230769,,,2,0.153846153846154,,,,,
12,80,2014,10,4,0,7,NOTA,,NOTA,1957,,43.3636363636364,,199365,287414,Arni (ST),ST,Yavatmal,Vidarbha,11,69.37,0.98,,822,0.41,3.12,,NOTA,5897,True,,,,,,,,,2,0.181818181818182,,,4,0.363636363636364,,,,,
12,81,2014,10,4,0,9,NOTA,,NOTA,1111,,45,,173055,281610,Pusad,GEN,Yavatmal,Vidarbha,15,61.45,0.64,,450,0.26,2.86,,NOTA,5897,True,,,,,,,,,0,0,,,1,0.0666666666666667,,,,,
12,82,2014,10,4,0,7,NOTA,,NOTA,1119,,50.2631578947368,,187513,277187,Umarkhed (SC),SC,Yavatmal,Vidarbha,19,67.65,0.6,,26,0.01,3.23,,NOTA,5897,True,,,,,,,,,0,0,,,3,0.157894736842105,,,,,
12,83,2014,10,4,0,12,NOTA,,NOTA,1030,,50.5882352941176,,174007,244447,Kinwat,GEN,Nanded,Marathwada,17,71.18,0.59,,2,0,4.17,,NOTA,5897,True,,,,,,,,,1,0.0588235294117647,,,3,0.176470588235294,,,,,
12,84,2014,10,4,0,8,NOTA,,NOTA,1062,,44.2727272727273,,187343,266610,Hadgaon,GEN,Nanded,Marathwada,11,70.27,0.57,,391,0.21,3.23,,NOTA,5897,True,,,,,,,,,0,0,,,1,0.0909090909090909,,,,,
12,85,2014,10,4,0,7,NOTA,,NOTA,1368,,44.4,,185150,263518,Bhokar,GEN,Nanded,Marathwada,10,70.26,0.74,,25,0.01,2.63,,NOTA,5897,True,,,,,,,,,0,0,,,1,0.1,,,,,
12,86,2014,10,4,0,9,NOTA,,NOTA,727,,44.9677419354839,,177856,331722,Nanded North,GEN,Nanded,Marathwada,31,53.62,0.41,,150,0.08,7.14,,NOTA,5897,True,,,,,,,,,1,0.032258064516129,,,2,0.0645161290322581,,,,,
12,87,2014,10,4,0,14,NOTA,,NOTA,495,,42.025641025641,,174229,301001,Nanded South,GEN,Nanded,Marathwada,39,57.88,0.28,,82,0.05,5,,NOTA,5897,True,,,,,,,,,2,0.0512820512820513,,,3,0.0769230769230769,,,,,
12,88,2014,10,4,0,8,NOTA,,NOTA,2295,,44.6470588235294,,196800,259734,Loha,GEN,Nanded,Marathwada,17,75.77,1.17,,975,0.5,3.33,,NOTA,5897,True,,,,,,,,,1,0.0588235294117647,,,2,0.117647058823529,,,,,
12,89,2014,10,4,0,6,NOTA,,NOTA,1277,,50.125,,198274,280093,Naigaon,GEN,Nanded,Marathwada,8,70.79,0.64,,498,0.25,3.33,,NOTA,5897,True,,,,,,,,,0,0,,,1,0.125,,,,,
12,90,2014,10,4,0,6,NOTA,,NOTA,2446,,44.3125,,170479,290397,Deglur (SC),SC,Nanded,Marathwada,16,58.71,1.43,,1359,0.8,3.45,,NOTA,5897,True,,,,,,,,,1,0.0625,,,3,0.1875,,,,,
12,91,2014,10,4,0,5,NOTA,,NOTA,1693,,43.2,,177470,274960,Mukhed,GEN,Nanded,Marathwada,15,64.54,0.95,,552,0.31,1.92,,NOTA,5897,False,,,,,,,,,0,0,,,2,0.133333333333333,,,,,
12,92,2014,10,4,0,10,NOTA,,NOTA,962,,46.5,,200649,263398,Basmath,GEN,Hingoli,Marathwada,12,76.18,0.48,,111,0.06,4,,NOTA,5897,True,,,,,,,,,0,0,,,2,0.166666666666667,,,,,
12,93,2014,10,4,0,7,NOTA,,NOTA,1192,,42.5833333333333,,194010,283223,Kalamnuri,GEN,Hingoli,Marathwada,12,68.5,0.61,,388,0.2,3.85,,NOTA,5897,True,,,,,,,,,1,0.0833333333333333,,,2,0.166666666666667,,,,,
12,94,2014,10,4,0,10,NOTA,,NOTA,928,,44.3684210526316,,190519,286671,Hingoli,GEN,Hingoli,Marathwada,19,66.46,0.49,,187,0.1,3.12,,NOTA,5897,True,,,,,,,,,1,0.0526315789473684,,,2,0.105263157894737,,,,,
12,95,2014,10,4,0,7,NOTA,,NOTA,2070,,40.4210526315789,,239619,324115,Jintur,GEN,Parbhani,Marathwada,19,73.93,0.86,,444,0.19,3.03,,NOTA,5897,True,,,,,,,,,0,0,,,2,0.105263157894737,,,,,
12,96,2014,10,4,0,7,NOTA,,NOTA,1053,,43.92,,190267,278377,Parbhani,GEN,Parbhani,Marathwada,25,68.35,0.55,,200,0.11,4,,NOTA,5897,True,,,,,,,,,0,0,,,0,0,,,,,
12,97,2014,10,4,0,12,NOTA,,NOTA,2024,,48.3157894736842,,254885,365115,Gangakhed,GEN,Parbhani,Marathwada,19,69.81,0.79,,803,0.32,5.88,,NOTA,5897,True,,,,,,,,,1,0.0526315789473684,,,2,0.105263157894737,,,,,
12,98,2014,10,4,0,9,NOTA,,NOTA,1788,,48.7222222222222,,233965,333594,Pathri,GEN,Parbhani,Marathwada,18,70.13,0.76,,123,0.05,4.76,,NOTA,5897,True,,,,,,,,,2,0.111111111111111,,,5,0.277777777777778,,,,,
12,99,2014,10,4,0,7,NOTA,,NOTA,2115,,46,,187915,267549,Partur,GEN,Jalna,Marathwada,12,70.24,1.13,,9,0,5.56,,NOTA,5897,True,,,,,,,,,0,0,,,2,0.166666666666667,,,,,
12,100,2014,10,4,0,11,NOTA,,NOTA,813,,43.4285714285714,,213662,283562,Ghansawangi,GEN,Jalna,Marathwada,14,75.35,0.38,,36,0.02,3.03,,NOTA,5897,True,,,,,,,,,0,0,,,1,0.0714285714285714,,,,,
12,101,2014,10,4,0,7,NOTA,,NOTA,1346,,42.8823529411765,,177909,294434,Jalna,GEN,Jalna,Marathwada,17,60.42,0.76,,172,0.1,5,,NOTA,5897,True,,,,,,,,,1,0.0588235294117647,,,2,0.117647058823529,,,,,
12,102,2014,10,4,0,8,NOTA,,NOTA,1331,,40.8,,187602,276737,Badnapur (SC),SC,Jalna,Marathwada,15,67.79,0.71,,400,0.21,4,,NOTA,5897,True,,,,,,,,,1,0.0666666666666667,,,1,0.0666666666666667,,,,,
12,103,2014,10,4,0,9,NOTA,,NOTA,2041,,44.1052631578947,,198210,268076,Bhokardan,GEN,Jalna,Marathwada,19,73.94,1.03,,904,0.46,4,,NOTA,5897,True,,,,,,,,,0,0,,,1,0.0526315789473684,,,,,
12,104,2014,10,4,0,5,NOTA,,NOTA,3121,,41.5625,,209881,278474,Sillod,GEN,Chhatrapati Sambhaji Nagar,Marathwada,16,75.37,1.49,,1297,0.62,2.7,,NOTA,5897,True,,,,,,,,,0,0,,,2,0.125,,,,,
12,105,2014,10,4,0,8,NOTA,,NOTA,2094,,42.6666666666667,,191781,281425,Kannad,GEN,Chhatrapati Sambhaji Nagar,Marathwada,12,68.15,1.09,,1190,0.62,4.17,,NOTA,5897,True,,,,,,,,,3,0.25,,,3,0.25,,,,,
12,106,2014,10,4,0,8,NOTA,,NOTA,1661,,43.2307692307692,,209896,287355,Phulambri,GEN,Chhatrapati Sambhaji Nagar,Marathwada,13,73.04,0.79,,720,0.34,3.85,,NOTA,5897,True,,,,,,,,,0,0,,,3,0.230769230769231,,,,,
12,107,2014,10,4,0,9,NOTA,,NOTA,833,,41.8888888888889,,188469,286978,Aurangabad Central,GEN,Chhatrapati Sambhaji Nagar,Marathwada,18,65.67,0.44,,347,0.18,4.76,,NOTA,5897,False,,,,,,,,,0,0,,,0,0,,,,,
12,108,2014,10,4,0,9,NOTA,,NOTA,1131,,43.2222222222222,,185810,287750,Aurangabad West (SC),SC,Chhatrapati Sambhaji Nagar,Marathwada,18,64.57,0.61,,212,0.11,4,,NOTA,5897,True,,,,,,,,,0,0,,,0,0,,,,,
12,109,2014,10,4,0,10,NOTA,,NOTA,786,,43.0333333333333,,175422,261887,Aurangabad East,GEN,Chhatrapati Sambhaji Nagar,Marathwada,30,66.98,0.45,,167,0.1,3.7,,NOTA,5897,True,,,,,,,,,0,0,,,1,0.0333333333333333,,,,,
12,110,2014,10,4,0,9,NOTA,,NOTA,1382,,42.7368421052632,,194042,262167,Paithan,GEN,Chhatrapati Sambhaji Nagar,Marathwada,19,74.01,0.71,,64,0.03,4.76,,NOTA,5897,True,,,,,,,,,0,0,,,2,0.105263157894737,,,,,
12,111,2014,10,4,0,11,NOTA,,NOTA,1331,,44.8823529411765,,184124,271496,Gangapur,GEN,Chhatrapati Sambhaji Nagar,Marathwada,17,67.82,0.72,,77,0.04,5.56,,NOTA,5897,True,,,,,,,,,0,0,,,1,0.0588235294117647,,,,,
12,112,2014,10,4,0,8,NOTA,,NOTA,1206,,45.8461538461539,,192940,274887,Vaijapur,GEN,Chhatrapati Sambhaji Nagar,Marathwada,13,70.19,0.63,,163,0.08,4.76,,NOTA,5897,True,,,,,,,,,1,0.0769230769230769,,,2,0.153846153846154,,,,,
12,113,2014,10,4,0,9,NOTA,,NOTA,1435,,39.5333333333333,,201072,296834,Nandgaon,GEN,Nashik,Khandesh,15,67.74,0.71,,419,0.21,4,,NOTA,5897,True,,,,,,,,,0,0,,,2,0.133333333333333,,,,,
12,114,2014,10,4,0,6,NOTA,,NOTA,1259,,41.9166666666667,,167409,246308,Malegaon Central,GEN,Nashik,Khandesh,12,67.97,0.75,,556,0.33,2.94,,NOTA,5897,True,,,,,,,,,0,0,,,2,0.166666666666667,,,,,
12,115,2014,10,4,0,7,NOTA,,NOTA,1254,,45.5,,180910,300611,Malegaon Outer,GEN,Nashik,Khandesh,10,60.18,0.69,,94,0.05,3.23,,NOTA,5897,True,,,,,,,,,1,0.1,,,1,0.1,,,,,
12,116,2014,10,4,0,6,NOTA,,NOTA,1212,,43.9090909090909,,156636,248555,Baglan (ST),ST,Nashik,Khandesh,11,63.02,0.77,,60,0.04,2.78,,NOTA,5897,True,,,,,,,,,1,0.0909090909090909,,,0,0,,,,,
12,117,2014,10,4,0,6,NOTA,,NOTA,1623,,53.5714285714286,,174889,241613,Kalwan (ST),ST,Nashik,Khandesh,7,72.38,0.93,,228,0.13,3.33,,NOTA,5897,True,,,,,,,,,1,0.142857142857143,,,1,0.142857142857143,,,,,
12,118,2014,10,4,0,9,NOTA,,NOTA,836,,42.0909090909091,,183828,255252,Chandvad,GEN,Nashik,Khandesh,11,72.02,0.45,,334,0.18,4.76,,NOTA,5897,True,,,,,,,,,0,0,,,3,0.272727272727273,,,,,
12,119,2014,10,4,0,5,NOTA,,NOTA,876,,42.0769230769231,,193831,274072,Yevla,GEN,Nashik,Khandesh,13,70.72,0.45,,21,0.01,2.17,,NOTA,5897,True,,,,,,,,,0,0,,,2,0.153846153846154,,,,,
12,120,2014,10,4,0,6,NOTA,,NOTA,899,,46.25,,196720,275145,Sinnar,GEN,Nashik,Khandesh,8,71.5,0.46,,334,0.17,2.17,,NOTA,5897,True,,,,,,,,,1,0.125,,,1,0.125,,,,,
12,121,2014,10,4,0,7,NOTA,,NOTA,1177,,39.7142857142857,,182476,247595,Niphad,GEN,Nashik,Khandesh,7,73.7,0.65,,800,0.44,2.78,,NOTA,5897,True,,,,,,,,,0,0,,,2,0.285714285714286,,,,,
12,122,2014,10,4,0,8,NOTA,,NOTA,1230,,45,,201826,269205,Dindori (ST),ST,Nashik,Khandesh,10,74.97,0.61,,410,0.2,4.17,,NOTA,5897,True,,,,,,,,,0,0,,,2,0.2,,,,,
12,123,2014,10,4,0,7,NOTA,,NOTA,1795,,44.7333333333333,,167148,317898,Nashik East,GEN,Nashik,Khandesh,15,52.58,1.07,,1400,0.84,3.45,,NOTA,5897,True,,,,,,,,,0,0,,,2,0.133333333333333,,,,,
12,124,2014,10,4,0,7,NOTA,,NOTA,1401,,41.8461538461539,,160710,309633,Nashik Central,GEN,Nashik,Khandesh,13,51.9,0.87,,408,0.25,4.17,,NOTA,5897,True,,,,,,,,,0,0,,,0,0,,,,,
12,125,2014,10,4,0,9,NOTA,,NOTA,1375,,47.2727272727273,,197820,335649,Nashik West,GEN,Nashik,Khandesh,11,58.94,0.7,,1104,0.56,5,,NOTA,5897,True,,,,,,,,,0,0,,,2,0.181818181818182,,,,,
12,126,2014,10,4,0,9,NOTA,,NOTA,1288,,41.2777777777778,,132636,244051,Devlali (SC),SC,Nashik,Khandesh,18,54.35,0.97,,478,0.36,5,,NOTA,5897,True,,,,,,,,,2,0.111111111111111,,,2,0.111111111111111,,,,,
12,127,2014,10,4,0,8,NOTA,,NOTA,2688,,41.75,,156189,235601,Igatpuri (ST),ST,Nashik,Khandesh,12,66.29,1.72,,1112,0.71,5,,NOTA,5897,True,,,,,,,,,0,0,,,2,0.166666666666667,,,,,
12,128,2014,10,4,0,8,NOTA,,NOTA,4498,,42.25,,154849,234175,Dahanu (ST),ST,Palghar,Konkan,12,66.13,2.9,,2311,1.49,6.25,,NOTA,5897,True,,,,,,,,,0,0,,,0,0,,,,,
12,129,2014,10,4,0,8,NOTA,,NOTA,4188,,43.1666666666667,,165524,246431,Vikramgad (ST),ST,Palghar,Konkan,12,67.17,2.53,,1060,0.64,5.88,,NOTA,5897,True,,,,,,,,,0,0,,,3,0.25,,,,,
12,130,2014,10,4,0,7,NOTA,,NOTA,2987,,44.625,,164116,241079,Palghar (ST),ST,Palghar,Konkan,8,68.08,1.82,,1080,0.66,4.55,,NOTA,5897,False,,,,,,,,,2,0.25,,,3,0.375,,,,,
12,131,2014,10,4,0,8,NOTA,,NOTA,3126,,34.7,,171271,252411,Boisar (ST),ST,Palghar,Konkan,10,67.85,1.83,,1717,1,3.85,,NOTA,5897,True,,,,,,,,,0,0,,,2,0.2,,,,,
12,132,2014,10,4,0,6,NOTA,,NOTA,1898,,43.5,,225820,396240,Nalasopara,GEN,Palghar,Konkan,8,56.99,0.84,,818,0.36,2.86,,NOTA,5897,True,,,,,,,,,0,0,,,2,0.25,,,,,
12,133,2014,10,4,0,5,NOTA,,NOTA,2964,,48.5,,190629,290944,Vasai,GEN,Palghar,Konkan,8,65.52,1.55,,635,0.33,2.56,,NOTA,5897,True,,,,,,,,,0,0,,,2,0.25,,,,,
12,134,2014,10,4,0,6,NOTA,,NOTA,2267,,41,,173798,262433,Bhiwandi Rural (ST),ST,Thane,Konkan,10,66.23,1.3,,177,0.1,4.35,,NOTA,5897,True,,,,,,,,,1,0.1,,,2,0.2,,,,,
12,135,2014,10,4,0,7,NOTA,,NOTA,3159,,46,,154738,235303,Shahapur (ST),ST,Thane,Konkan,10,65.76,2.04,,482,0.31,4,,NOTA,5897,True,,,,,,,,,0,0,,,4,0.4,,,,,
12,136,2014,10,4,0,6,NOTA,,NOTA,799,,39.5555555555556,,124975,252131,Bhiwandi West,GEN,Thane,Konkan,9,49.57,0.64,,155,0.12,3.7,,NOTA,5897,True,,,,,,,,,1,0.111111111111111,,,1,0.111111111111111,,,,,
12,137,2014,10,4,0,10,NOTA,,NOTA,612,,42.4666666666667,,121700,274371,Bhiwandi East,GEN,Thane,Konkan,15,44.36,0.5,,286,0.24,5.26,,NOTA,5897,True,,,,,,,,,1,0.0666666666666667,,,1,0.0666666666666667,,,,,
12,138,2014,10,4,0,9,NOTA,,NOTA,1838,,50.8235294117647,,177854,396951,Kalyan West,GEN,Thane,Konkan,17,44.81,1.03,,1225,0.69,5,,NOTA,5897,True,,,,,,,,,0,0,,,1,0.0588235294117647,,,,,
12,139,2014,10,4,0,6,NOTA,,NOTA,3394,,45.8666666666667,,225389,356038,Murbad,GEN,Thane,Konkan,15,63.3,1.51,,1613,0.72,3.7,,NOTA,5897,True,,,,,,,,,2,0.133333333333333,,,3,0.2,,,,,
12,140,2014,10,4,0,8,NOTA,,NOTA,2288,,45.4117647058824,,136563,344155,Ambernath (SC),SC,Thane,Konkan,17,39.68,1.68,,736,0.54,4.17,,NOTA,5897,True,,,,,,,,,0,0,,,3,0.176470588235294,,,,,
12,141,2014,10,4,0,8,NOTA,,NOTA,1308,,44.4545454545455,,124894,326684,Ulhas Nagar,GEN,Thane,Konkan,22,38.23,1.05,,700,0.56,3.7,,NOTA,5897,True,,,,,,,,,0,0,,,0,0,,,,,
12,142,2014,10,4,0,8,NOTA,,NOTA,2720,,44.3,,141397,312659,Kalyan East,GEN,Thane,Konkan,10,45.22,1.92,,1486,1.05,5.26,,NOTA,5897,True,,,,,,,,,2,0.2,,,3,0.3,,,,,
12,143,2014,10,4,0,6,NOTA,,NOTA,2013,,44.0909090909091,,151283,338330,Dombivali,GEN,Thane,Konkan,11,44.71,1.33,,518,0.34,2.63,,NOTA,5897,True,,,,,,,,,1,0.0909090909090909,,,2,0.181818181818182,,,,,
12,144,2014,10,4,0,5,NOTA,,NOTA,7835,,47.5,,167496,349261,Kalyan Rural,GEN,Thane,Konkan,12,47.96,4.68,,5324,3.18,3.12,,NOTA,5897,True,,,,,,,,,0,0,,,1,0.0833333333333333,,,,,
12,145,2014,10,4,0,5,NOTA,,NOTA,2378,,44.8888888888889,,192249,364958,Mira Bhayandar,GEN,Thane,Konkan,9,52.68,1.24,,1798,0.94,2.94,,NOTA,5897,True,,,,,,,,,0,0,,,1,0.111111111111111,,,,,
12,146,2014,10,4,0,6,NOTA,,NOTA,2390,,47.2307692307692,,186579,370547,Ovala - Majiwada,GEN,Thane,Konkan,13,50.35,1.28,,910,0.49,3.7,,NOTA,5897,True,,,,,,,,,0,0,,,2,0.153846153846154,,,,,
12,147,2014,10,4,0,6,NOTA,,NOTA,2565,,41.4545454545455,,184598,347497,Kopri-Pachpakhadi,GEN,Thane,Konkan,11,53.12,1.39,,704,0.38,2.63,,NOTA,5897,True,,,,,,,,,1,0.0909090909090909,,,2,0.181818181818182,,,,,
12,148,2014,10,4,0,6,NOTA,,NOTA,2194,,46.9,,182389,322390,Thane,GEN,Thane,Konkan,10,56.57,1.2,,865,0.47,3.57,,NOTA,5897,True,,,,,,,,,1,0.1,,,1,0.1,,,,,
12,149,2014,10,4,0,7,NOTA,,NOTA,1685,,43.7647058823529,,165354,348482,Mumbra-Kalwa,GEN,Thane,Konkan,17,47.45,1.02,,759,0.46,2.86,,NOTA,5897,True,,,,,,,,,0,0,,,2,0.117647058823529,,,,,
12,150,2014,10,4,0,7,NOTA,,NOTA,1697,,43.1333333333333,,210326,408139,Airoli,GEN,Thane,Konkan,15,51.53,0.81,,790,0.38,3.57,,NOTA,5897,True,,,,,,,,,0,0,,,3,0.2,,,,,
12,151,2014,10,4,0,8,NOTA,,NOTA,1944,,47.4,,190206,382185,Belapur,GEN,Thane,Konkan,15,49.77,1.02,,1641,0.86,4.17,,NOTA,5897,True,,,,,,,,,0,0,,,1,0.0666666666666667,,,,,
12,152,2014,10,4,0,5,NOTA,,NOTA,2056,,49,,178976,327955,Borivali,GEN,Mumbai Suburban,Konkan,11,54.57,1.15,,866,0.48,2.38,,NOTA,5897,True,,,,,,,,,0,0,,,0,0,,,,,
12,153,2014,10,4,0,5,NOTA,,NOTA,1907,,43.9230769230769,,159872,316607,Dahisar,GEN,Mumbai Suburban,Konkan,13,50.5,1.19,,912,0.57,3.12,,NOTA,5897,True,,,,,,,,,0,0,,,1,0.0769230769230769,,,,,
12,154,2014,10,4,0,6,NOTA,,NOTA,1862,,42.6666666666667,,162192,307735,Magathane,GEN,Mumbai Suburban,Konkan,15,52.71,1.15,,657,0.41,3.45,,NOTA,5897,True,,,,,,,,,1,0.0666666666666667,,,2,0.133333333333333,,,,,
12,155,2014,10,4,0,6,NOTA,,NOTA,1748,,49.4,,171292,298242,Mulund,GEN,Mumbai Suburban,Konkan,10,57.43,1.02,,6,0,2.78,,NOTA,5897,True,,,,,,,,,0,0,,,2,0.2,,,,,
12,156,2014,10,4,0,6,NOTA,,NOTA,3251,,39.6428571428571,,131533,254830,Vikhroli,GEN,Mumbai Suburban,Konkan,14,51.62,2.47,,101,0.08,4.35,,NOTA,5897,True,,,,,,,,,0,0,,,1,0.0714285714285714,,,,,
12,157,2014,10,4,0,9,NOTA,,NOTA,1755,,46.7647058823529,,165216,298510,Bhandup West,GEN,Mumbai Suburban,Konkan,17,55.35,1.06,,1063,0.64,4.76,,NOTA,5897,True,,,,,,,,,1,0.0588235294117647,,,1,0.0588235294117647,,,,,
12,158,2014,10,4,0,6,NOTA,,NOTA,2038,,46.25,,161225,289805,Jogeshwari East,GEN,Mumbai Suburban,Konkan,8,55.63,1.26,,922,0.57,3.23,,NOTA,5897,True,,,,,,,,,0,0,,,1,0.125,,,,,
12,159,2014,10,4,0,8,NOTA,,NOTA,1139,,41.4375,,159518,297492,Dindoshi,GEN,Mumbai Suburban,Konkan,16,53.62,0.71,,208,0.13,4.17,,NOTA,5897,True,,,,,,,,,0,0,,,2,0.125,,,,,
12,160,2014,10,4,0,6,NOTA,,NOTA,1492,,41.5333333333333,,147137,273300,Kandivali East,GEN,Mumbai Suburban,Konkan,15,53.84,1.01,,896,0.61,3.03,,NOTA,5897,True,,,,,,,,,0,0,,,1,0.0666666666666667,,,,,
12,161,2014,10,4,0,5,NOTA,,NOTA,1363,,47.1666666666667,,159659,316867,Charkop,GEN,Mumbai Suburban,Konkan,12,50.39,0.85,,390,0.24,2.38,,NOTA,5897,True,,,,,,,,,1,0.0833333333333333,,,2,0.166666666666667,,,,,
12,162,2014,10,4,0,6,NOTA,,NOTA,1714,,41,,151759,303083,Malad West,GEN,Mumbai Suburban,Konkan,13,50.07,1.13,,763,0.5,3.45,,NOTA,5897,True,,,,,,,,,0,0,,,2,0.153846153846154,,,,,
12,163,2014,10,4,0,6,NOTA,,NOTA,1935,,44.1666666666667,,163779,337693,Goregaon,GEN,Mumbai Suburban,Konkan,18,48.5,1.18,,661,0.4,3.45,,NOTA,5897,True,,,,,,,,,0,0,,,1,0.0555555555555556,,,,,
12,164,2014,10,4,0,6,NOTA,,NOTA,3266,,44,,117268,301483,Versova,GEN,Mumbai Suburban,Konkan,13,38.9,2.79,,2056,1.75,3.7,,NOTA,5897,True,,,,,,,,,1,0.0769230769230769,,,1,0.0769230769230769,,,,,
12,165,2014,10,4,0,7,NOTA,,NOTA,1467,,42.2,,143696,309772,Andheri West,GEN,Mumbai Suburban,Konkan,15,46.39,1.02,,563,0.39,3.7,,NOTA,5897,True,,,,,,,,,0,0,,,2,0.133333333333333,,,,,
12,166,2014,10,4,0,5,NOTA,,NOTA,1632,,42.4166666666667,,153003,286282,Andheri East,GEN,Mumbai Suburban,Konkan,12,53.44,1.07,,305,0.2,3.57,,NOTA,5897,True,,,,,,,,,0,0,,,1,0.0833333333333333,,,,,
12,167,2014,10,4,0,6,NOTA,,NOTA,1513,,46.3333333333333,,151612,286158,Vile Parle,GEN,Mumbai Suburban,Konkan,12,52.98,1,,838,0.55,2.86,,NOTA,5897,True,,,,,,,,,0,0,,,1,0.0833333333333333,,,,,
12,168,2014,10,4,0,6,NOTA,,NOTA,4653,,42.3571428571429,,185098,417700,Chandivali,GEN,Mumbai Suburban,Konkan,14,44.31,2.51,,2810,1.52,4,,NOTA,5897,True,,,,,,,,,0,0,,,1,0.0714285714285714,,,,,
12,169,2014,10,4,0,6,NOTA,,NOTA,1879,,45,,159755,303172,Ghatkopar West,GEN,Mumbai Suburban,Konkan,17,52.69,1.18,,340,0.21,3.12,,NOTA,5897,True,,,,,,,,,1,0.0588235294117647,,,2,0.117647058823529,,,,,
12,170,2014,10,4,0,7,NOTA,,NOTA,1850,,41.0666666666667,,139892,248501,Ghatkopar East,GEN,Mumbai Suburban,Konkan,15,56.29,1.32,,1492,1.07,3.33,,NOTA,5897,True,,,,,,,,,1,0.0666666666666667,,,3,0.2,,,,,
12,171,2014,10,4,0,10,NOTA,,NOTA,1338,,46.2380952380952,,127881,309419,Mankhurd Shivaji Nagar,GEN,Mumbai Suburban,Konkan,21,41.33,1.05,,909,0.71,4.55,,NOTA,5897,True,,,,,,,,,2,0.0952380952380952,,,2,0.0952380952380952,,,,,
12,172,2014,10,4,0,8,NOTA,,NOTA,1577,,45.3333333333333,,135289,289188,Anushakti Nagar,GEN,Mumbai Suburban,Konkan,15,46.78,1.17,,551,0.41,4.55,,NOTA,5897,True,,,,,,,,,0,0,,,3,0.2,,,,,
12,173,2014,10,4,0,6,NOTA,,NOTA,3894,,50.5,,139485,279585,Chembur,GEN,Mumbai Suburban,Konkan,10,49.89,2.79,,1500,1.08,3.85,,NOTA,5897,True,,,,,,,,,1,0.1,,,3,0.3,,,,,
12,174,2014,10,4,0,8,NOTA,,NOTA,1195,,47.35,,133956,290484,Kurla (SC),SC,Mumbai Suburban,Konkan,20,46.11,0.89,,821,0.61,4.76,,NOTA,5897,True,,,,,,,,,2,0.1,,,2,0.1,,,,,
12,175,2014,10,4,0,8,NOTA,,NOTA,1766,,46.6666666666667,,126845,252994,Kalina,GEN,Mumbai Suburban,Konkan,24,50.14,1.39,,278,0.22,5.88,,NOTA,5897,True,,,,,,,,,0,0,,,2,0.0833333333333333,,,,,
12,176,2014,10,4,0,9,NOTA,,NOTA,883,,44.5294117647059,,124555,263798,Vandre East,GEN,Mumbai Suburban,Konkan,17,47.22,0.71,,281,0.23,4.76,,NOTA,5897,False,,,,,,,,,0,0,,,2,0.117647058823529,,,,,
12,177,2014,10,4,0,6,NOTA,,NOTA,1535,,42.7692307692308,,146830,286621,Vandre West,GEN,Mumbai Suburban,Konkan,13,51.23,1.05,,338,0.23,2.63,,NOTA,5897,True,,,,,,,,,0,0,,,2,0.153846153846154,,,,,
12,178,2014,10,4,0,8,NOTA,,NOTA,1436,,45.5384615384615,,118160,239073,Dharavi (SC),SC,Mumbai City,Konkan,13,49.42,1.22,,52,0.04,3.7,,NOTA,5897,True,,,,,,,,,0,0,,,1,0.0769230769230769,,,,,
12,179,2014,10,4,0,9,NOTA,,NOTA,1457,,42.8666666666667,,134005,254163,Sion Koliwada,GEN,Mumbai City,Konkan,15,52.72,1.09,,1052,0.79,4.76,,NOTA,5897,True,,,,,,,,,0,0,,,1,0.0666666666666667,,,,,
12,180,2014,10,4,0,5,NOTA,,NOTA,1624,,43.5,,120878,196951,Wadala,GEN,Mumbai City,Konkan,14,61.37,1.34,,128,0.11,3.7,,NOTA,5897,True,,,,,,,,,0,0,,,1,0.0714285714285714,,,,,
12,181,2014,10,4,0,5,NOTA,,NOTA,1918,,52.2222222222222,,136259,232566,Mahim,GEN,Mumbai City,Konkan,9,58.59,1.41,,699,0.51,3.57,,NOTA,5897,True,,,,,,,,,1,0.111111111111111,,,1,0.111111111111111,,,,,
12,182,2014,10,4,0,7,NOTA,,NOTA,1559,,45.4615384615385,,148212,265091,Worli,GEN,Mumbai City,Konkan,13,55.91,1.05,,1293,0.87,3.7,,NOTA,5897,True,,,,,,,,,1,0.0769230769230769,,,1,0.0769230769230769,,,,,
12,183,2014,10,4,0,6,NOTA,,NOTA,1816,,50.125,,147075,273495,Shivadi,GEN,Mumbai City,Konkan,8,53.78,1.23,,913,0.62,3.23,,NOTA,5897,True,,,,,,,,,0,0,,,1,0.125,,,,,
12,184,2014,10,4,0,7,NOTA,,NOTA,1620,,45.1818181818182,,124544,227143,Byculla,GEN,Mumbai City,Konkan,11,54.83,1.3,,279,0.22,5.88,,NOTA,5897,True,,,,,,,,,0,0,,,1,0.0909090909090909,,,,,
12,185,2014,10,4,0,5,NOTA,,NOTA,1279,,41.2173913043478,,145886,277586,Malabar Hill,GEN,Mumbai City,Konkan,23,52.56,0.88,,168,0.12,2,,NOTA,5897,True,,,,,,,,,0,0,,,1,0.0434782608695652,,,,,
12,186,2014,10,4,0,7,NOTA,,NOTA,802,,43.7777777777778,,110225,237743,Mumba Devi,GEN,Mumbai City,Konkan,18,46.36,0.73,,117,0.11,4,,NOTA,5897,True,,,,,,,,,0,0,,,1,0.0555555555555556,,,,,
12,187,2014,10,4,0,6,NOTA,,NOTA,1516,,49.0714285714286,,117283,253929,Colaba,GEN,Mumbai City,Konkan,14,46.19,1.29,,795,0.68,3.45,,NOTA,5897,True,,,,,,,,,1,0.0714285714285714,,,4,0.285714285714286,,,,,
12,188,2014,10,4,0,7,NOTA,,NOTA,2666,,44.9285714285714,,283372,423716,Panvel,GEN,Raigad,Konkan,14,66.88,0.94,,873,0.31,2.78,,NOTA,5897,True,,,,,,,,,1,0.0714285714285714,,,2,0.142857142857143,,,,,
12,189,2014,10,4,0,8,NOTA,,NOTA,2521,,46.25,,183223,243076,Karjat,GEN,Raigad,Konkan,8,75.38,1.38,,1263,0.69,4,,NOTA,5897,True,,,,,,,,,0,0,,,2,0.25,,,,,
12,190,2014,10,4,0,9,NOTA,,NOTA,1199,,44.2272727272727,,197893,253996,Uran,GEN,Raigad,Konkan,22,77.91,0.61,,118,0.06,4.55,,NOTA,5897,True,,,,,,,,,0,0,,,0,0,,,,,
12,191,2014,10,4,0,7,NOTA,,NOTA,2891,,45.5454545454546,,202437,282621,Pen,GEN,Raigad,Konkan,11,71.63,1.43,,954,0.47,4.17,,NOTA,5897,True,,,,,,,,,0,0,,,2,0.181818181818182,,,,,
12,192,2014,10,4,0,6,NOTA,,NOTA,1695,,49.1333333333333,,202416,275945,Alibag,GEN,Raigad,Konkan,15,73.35,0.84,,476,0.24,3.57,,NOTA,5897,True,,,,,,,,,0,0,,,2,0.133333333333333,,,,,
12,193,2014,10,4,0,6,NOTA,,NOTA,3562,,40.9,,150955,241067,Shrivardhan,GEN,Raigad,Konkan,10,62.62,2.36,,1609,1.07,3.03,,NOTA,5897,True,,,,,,,,,0,0,,,0,0,,,,,
12,194,2014,10,4,0,7,NOTA,,NOTA,1292,,45.125,,181112,269226,Mahad,GEN,Raigad,Konkan,8,67.27,0.71,,219,0.12,2.33,,NOTA,5897,True,,,,,,,,,1,0.125,,,1,0.125,,,,,
12,195,2014,10,4,0,8,NOTA,,NOTA,1756,,44.5,,197008,275914,Junnar,GEN,Pune,Paschim Maharashtra,10,71.4,0.89,,391,0.2,5.26,,NOTA,5897,True,,,,,,,,,0,0,,,1,0.1,,,,,
12,196,2014,10,4,0,5,NOTA,,NOTA,1300,,46.25,,193539,270133,Ambegaon,GEN,Pune,Paschim Maharashtra,8,71.65,0.67,,95,0.05,2.04,,NOTA,5897,True,,,,,,,,,0,0,,,1,0.125,,,,,
12,197,2014,10,4,0,7,NOTA,,NOTA,1106,,47.9166666666667,,200036,283248,Khed Alandi,GEN,Pune,Paschim Maharashtra,12,70.62,0.55,,211,0.11,2.5,,NOTA,5897,True,,,,,,,,,0,0,,,1,0.0833333333333333,,,,,
12,198,2014,10,4,0,7,NOTA,,NOTA,1349,,47.1538461538462,,216218,310489,Shirur,GEN,Pune,Paschim Maharashtra,13,69.64,0.62,,410,0.19,3.03,,NOTA,5897,True,,,,,,,,,0,0,,,2,0.153846153846154,,,,,
12,199,2014,10,4,0,9,NOTA,,NOTA,1464,,46,,199441,271999,Daund,GEN,Pune,Paschim Maharashtra,18,73.32,0.73,,811,0.41,2.86,,NOTA,5897,True,,,,,,,,,1,0.0555555555555556,,,2,0.111111111111111,,,,,
12,200,2014,10,4,0,11,NOTA,,NOTA,437,,41.1904761904762,,218031,276911,Indapur,GEN,Pune,Paschim Maharashtra,21,78.74,0.2,,38,0.02,2.27,,NOTA,5897,True,,,,,,,,,0,0,,,2,0.0952380952380952,,,,,
12,201,2014,10,4,0,6,NOTA,,NOTA,1619,,43.1428571428571,,228230,309993,Baramati,GEN,Pune,Paschim Maharashtra,14,73.62,0.71,,639,0.28,1.96,,NOTA,5897,True,,,,,,,,,0,0,,,2,0.142857142857143,,,,,
12,202,2014,10,4,0,6,NOTA,,NOTA,1208,,49.6428571428571,,211623,299803,Purandar,GEN,Pune,Paschim Maharashtra,14,70.59,0.57,,163,0.08,3.33,,NOTA,5897,True,,,,,,,,,0,0,,,1,0.0714285714285714,,,,,
12,203,2014,10,4,0,5,NOTA,,NOTA,1740,,40.375,,218602,318160,Bhor,GEN,Pune,Paschim Maharashtra,8,68.71,0.8,,207,0.09,3.85,,NOTA,5897,True,,,,,,,,,1,0.125,,,2,0.25,,,,,
12,204,2014,10,4,0,6,NOTA,,NOTA,2006,,44.1111111111111,,208280,292898,Maval,GEN,Pune,Paschim Maharashtra,9,71.11,0.96,,51,0.02,3.03,,NOTA,5897,True,,,,,,,,,0,0,,,1,0.111111111111111,,,,,
12,205,2014,10,4,0,8,NOTA,,NOTA,3203,,42.7083333333333,,272557,484362,Chinchwad,GEN,Pune,Paschim Maharashtra,24,56.27,1.18,,2395,0.88,3.57,,NOTA,5897,True,,,,,,,,,0,0,,,1,0.0416666666666667,,,,,
12,206,2014,10,4,0,6,NOTA,,NOTA,4435,,42.8695652173913,,176902,382718,Pimpri (SC),SC,Pune,Paschim Maharashtra,23,46.22,2.51,,1360,0.77,4.35,,NOTA,5897,True,,,,,,,,,0,0,,,1,0.0434782608695652,,,,,
12,207,2014,10,4,0,8,NOTA,,NOTA,1447,,42.7647058823529,,221267,363553,Bhosari,GEN,Pune,Paschim Maharashtra,17,60.86,0.65,,739,0.33,5.26,,NOTA,5897,True,,,,,,,,,0,0,,,3,0.176470588235294,,,,,
12,208,2014,10,4,0,8,NOTA,,NOTA,1754,,44.7222222222222,,221311,409772,Vadgaol Sheri,GEN,Pune,Paschim Maharashtra,18,54.01,0.79,,1248,0.56,4.55,,NOTA,5897,True,,,,,,,,,0,0,,,1,0.0555555555555556,,,,,
12,209,2014,10,4,0,7,NOTA,,NOTA,1842,,46.5555555555556,,148462,285754,Shivajinagar,GEN,Pune,Paschim Maharashtra,18,51.95,1.24,,1112,0.75,4.35,,NOTA,5897,True,,,,,,,,,1,0.0555555555555556,,,2,0.111111111111111,,,,,
12,210,2014,10,4,0,6,NOTA,,NOTA,1583,,40.1538461538462,,197337,348846,Kothrud,GEN,Pune,Paschim Maharashtra,13,56.57,0.8,,522,0.26,3.12,,NOTA,5897,True,,,,,,,,,0,0,,,2,0.153846153846154,,,,,
12,211,2014,10,4,0,7,NOTA,,NOTA,2108,,45.9166666666667,,235140,428239,Khadakwasala,GEN,Pune,Paschim Maharashtra,12,54.91,0.9,,160,0.07,3.45,,NOTA,5897,True,,,,,,,,,0,0,,,0,0,,,,,
12,212,2014,10,4,0,7,NOTA,,NOTA,1774,,44.3571428571429,,189766,340050,Parvati,GEN,Pune,Paschim Maharashtra,14,55.81,0.93,,100,0.05,3.33,,NOTA,5897,True,,,,,,,,,0,0,,,1,0.0714285714285714,,,,,
12,213,2014,10,4,0,7,NOTA,,NOTA,1610,,41.8571428571429,,218197,416840,Hadapsar,GEN,Pune,Paschim Maharashtra,14,52.35,0.74,,992,0.45,4.17,,NOTA,5897,True,,,,,,,,,0,0,,,1,0.0714285714285714,,,,,
12,214,2014,10,4,0,7,NOTA,,NOTA,1818,,46.4666666666667,,137932,292125,Pune Cantonment (SC),SC,Pune,Paschim Maharashtra,15,47.22,1.32,,1247,0.9,3.85,,NOTA,5897,True,,,,,,,,,2,0.133333333333333,,,5,0.333333333333333,,,,,
12,215,2014,10,4,0,7,NOTA,,NOTA,1371,,47.3076923076923,,169399,275138,Kasba Peth,GEN,Pune,Paschim Maharashtra,13,61.57,0.81,,808,0.48,4,,NOTA,5897,True,,,,,,,,,0,0,,,2,0.153846153846154,,,,,
12,216,2014,10,4,0,6,NOTA,,NOTA,2051,,42.2,,161079,238420,Akole (ST),ST,Ahilyanagar,Khandesh,5,67.56,1.27,,0,0,3.23,,NOTA,5897,True,,,,,,,,,0,0,,,2,0.4,,,,,
12,217,2014,10,4,0,6,NOTA,,NOTA,1273,,45.4,,182076,253927,Sangamner,GEN,Ahilyanagar,Khandesh,10,71.7,0.7,,297,0.16,2.5,,NOTA,5897,True,,,,,,,,,0,0,,,1,0.1,,,,,
12,218,2014,10,4,0,6,NOTA,,NOTA,1193,,38,,192464,250457,Shirdi,GEN,Ahilyanagar,Khandesh,8,76.85,0.62,,588,0.31,2.13,,NOTA,5897,True,,,,,,,,,0,0,,,1,0.125,,,,,
12,219,2014,10,4,0,6,NOTA,,NOTA,873,,38.8,,196480,245756,Kopargaon,GEN,Ahilyanagar,Khandesh,15,79.95,0.44,,381,0.19,2.5,,NOTA,5897,True,,,,,,,,,0,0,,,0,0,,,,,
12,220,2014,10,4,0,6,NOTA,,NOTA,1342,,49.4,,182416,264965,Shrirampur (SC),SC,Ahilyanagar,Khandesh,15,68.85,0.74,,494,0.27,4.17,,NOTA,5897,True,,,,,,,,,0,0,,,1,0.0666666666666667,,,,,
12,221,2014,10,4,0,6,NOTA,,NOTA,1590,,43.6363636363636,,178209,239201,Nevasa,GEN,Ahilyanagar,Khandesh,11,74.5,0.89,,27,0.02,2.33,,NOTA,5897,True,,,,,,,,,0,0,,,1,0.0909090909090909,,,,,
12,222,2014,10,4,0,7,NOTA,,NOTA,1617,,44.8181818181818,,230109,315833,Shevgaon,GEN,Ahilyanagar,Khandesh,11,72.86,0.7,,546,0.24,2.13,,NOTA,5897,True,,,,,,,,,0,0,,,1,0.0909090909090909,,,,,
12,223,2014,10,4,0,6,NOTA,,NOTA,1318,,44.0833333333333,,194212,272556,Rahuri,GEN,Ahilyanagar,Khandesh,12,71.26,0.68,,248,0.13,2.86,,NOTA,5897,True,,,,,,,,,0,0,,,1,0.0833333333333333,,,,,
12,224,2014,10,4,0,7,NOTA,,NOTA,1788,,44.6428571428571,,201540,295044,Parner,GEN,Ahilyanagar,Khandesh,14,68.31,0.89,,168,0.08,4.17,,NOTA,5897,True,,,,,,,,,0,0,,,1,0.0714285714285714,,,,,
12,225,2014,10,4,0,5,NOTA,,NOTA,1614,,41.1818181818182,,165765,276045,Ahmednagar City,GEN,Ahilyanagar,Khandesh,11,60.05,0.97,,1027,0.62,3.85,,NOTA,5897,True,,,,,,,,,0,0,,,2,0.181818181818182,,,,,
12,226,2014,10,4,0,5,NOTA,,NOTA,1111,,41.4,,217066,294710,Shrigonda,GEN,Ahilyanagar,Khandesh,15,73.65,0.51,,193,0.09,2.63,,NOTA,5897,True,,,,,,,,,1,0.0666666666666667,,,1,0.0666666666666667,,,,,
12,227,2014,10,4,0,6,NOTA,,NOTA,1219,,45.1818181818182,,195303,295715,Karjat Jamkhed,GEN,Ahilyanagar,Khandesh,11,66.04,0.62,,43,0.02,3.23,,NOTA,5897,True,,,,,,,,,0,0,,,2,0.181818181818182,,,,,
12,228,2014,10,4,0,9,NOTA,,NOTA,1362,,43,,235339,313770,Georai,GEN,Beed,Marathwada,11,75,0.58,,321,0.14,2.22,,NOTA,5897,True,,,,,,,,,0,0,,,1,0.0909090909090909,,,,,
12,229,2014,10,4,0,12,NOTA,,NOTA,693,,43.4166666666667,,213828,292888,Majalgaon,GEN,Beed,Marathwada,24,73.01,0.32,,105,0.05,2.5,,NOTA,5897,True,,,,,,,,,0,0,,,3,0.125,,,,,
12,230,2014,10,4,0,10,NOTA,,NOTA,650,,46.4,,202574,291514,Beed,GEN,Beed,Marathwada,25,69.49,0.32,,14,0.01,3.45,,NOTA,5897,True,,,,,,,,,1,0.04,,,2,0.08,,,,,
12,231,2014,10,4,0,8,NOTA,,NOTA,1124,,46.5833333333333,,250502,341703,Ashti,GEN,Beed,Marathwada,12,73.31,0.45,,272,0.11,2.27,,NOTA,5897,False,,,,,,,,,0,0,,,1,0.0833333333333333,,,,,
12,232,2014,10,4,0,8,NOTA,,NOTA,1290,,42.2105263157895,,215028,323675,Kaij (SC),SC,Beed,Marathwada,19,66.43,0.6,,105,0.05,2.86,,NOTA,5897,True,,,,,,,,,0,0,,,0,0,,,,,
12,233,2014,10,4,0,6,NOTA,,NOTA,1304,,41.5555555555556,,195534,274439,Parli,GEN,Beed,Marathwada,18,71.25,0.67,,139,0.07,2.56,,NOTA,5897,True,,,,,,,,,1,0.0555555555555556,,,2,0.111111111111111,,,,,
12,234,2014,10,4,0,7,NOTA,,NOTA,832,,38.8461538461539,,205481,294116,Latur Rural,GEN,Latur,Marathwada,13,69.86,0.4,,352,0.17,2.33,,NOTA,5897,True,,,,,,,,,0,0,,,2,0.153846153846154,,,,,
12,235,2014,10,4,0,9,NOTA,,NOTA,539,,43.2608695652174,,203443,328265,Latur City,GEN,Latur,Marathwada,23,61.98,0.26,,136,0.07,2.13,,NOTA,5897,True,,,,,,,,,0,0,,,2,0.0869565217391304,,,,,
12,236,2014,10,4,0,12,NOTA,,NOTA,681,,47.0833333333333,,204147,290360,Ahmadpur,GEN,Latur,Marathwada,12,70.31,0.33,,255,0.12,4.17,,NOTA,5897,True,,,,,,,,,1,0.0833333333333333,,,2,0.166666666666667,,,,,
12,237,2014,10,4,0,7,NOTA,,NOTA,955,,42.6153846153846,,170103,271610,Udgir (SC),SC,Latur,Marathwada,13,62.63,0.56,,172,0.1,3.7,,NOTA,5897,True,,,,,,,,,0,0,,,1,0.0769230769230769,,,,,
12,238,2014,10,4,0,8,NOTA,,NOTA,791,,43.1333333333333,,193585,286012,Nilanga,GEN,Latur,Marathwada,15,67.68,0.41,,99,0.05,4,,NOTA,5897,True,,,,,,,,,0,0,,,2,0.133333333333333,,,,,
12,239,2014,10,4,0,8,NOTA,,NOTA,916,,44.2857142857143,,174936,258311,Ausa,GEN,Latur,Marathwada,14,67.72,0.52,,382,0.22,3.57,,NOTA,5897,True,,,,,,,,,1,0.0714285714285714,,,2,0.142857142857143,,,,,
12,240,2014,10,4,0,7,NOTA,,NOTA,1211,,48.7692307692308,,163000,283117,Umarga (SC),SC,Dharashiv,Marathwada,13,57.57,0.74,,688,0.42,3.45,,NOTA,5897,True,,,,,,,,,0,0,,,1,0.0769230769230769,,,,,
12,241,2014,10,4,0,7,NOTA,,NOTA,1314,,50.1538461538462,,217408,331310,Tuljapur,GEN,Dharashiv,Marathwada,13,65.62,0.6,,263,0.12,4.55,,NOTA,5897,True,,,,,,,,,1,0.0769230769230769,,,2,0.153846153846154,,,,,
12,242,2014,10,4,0,13,NOTA,,NOTA,621,,42.95,,216462,327533,Osmanabad,GEN,Dharashiv,Marathwada,20,66.09,0.29,,111,0.05,3.23,,NOTA,5897,True,,,,,,,,,0,0,,,2,0.1,,,,,
12,243,2014,10,4,0,7,NOTA,,NOTA,1151,,41,,197108,294998,Paranda,GEN,Dharashiv,Marathwada,10,66.82,0.58,,379,0.19,3.23,,NOTA,5897,True,,,,,,,,,1,0.1,,,2,0.2,,,,,
12,244,2014,10,4,0,9,NOTA,,NOTA,734,,43,,202674,279760,Karmala,GEN,Solapur,Paschim Maharashtra,14,72.45,0.36,,62,0.03,3.7,,NOTA,5897,True,,,,,,,,,2,0.142857142857143,,,3,0.214285714285714,,,,,
12,245,2014,10,4,0,7,NOTA,,NOTA,1459,,40.3076923076923,,223217,296816,Madha,GEN,Solapur,Paschim Maharashtra,13,75.2,0.65,,483,0.22,3.33,,NOTA,5897,True,,,,,,,,,0,0,,,2,0.153846153846154,,,,,
12,246,2014,10,4,0,6,NOTA,,NOTA,1444,,46,,213494,292613,Barshi,GEN,Solapur,Paschim Maharashtra,11,72.96,0.68,,910,0.43,2.44,,NOTA,5897,True,,,,,,,,,1,0.0909090909090909,,,2,0.181818181818182,,,,,
12,247,2014,10,4,0,10,NOTA,,NOTA,868,,41.75,,191636,286894,Mohol (SC),SC,Solapur,Paschim Maharashtra,16,66.8,0.45,,161,0.08,4.17,,NOTA,5897,True,,,,,,,,,0,0,,,2,0.125,,,,,
12,248,2014,10,4,0,7,NOTA,,NOTA,928,,42.8421052631579,,153151,271536,Solapur City North,GEN,Solapur,Paschim Maharashtra,19,56.4,0.61,,61,0.04,2.86,,NOTA,5897,True,,,,,,,,,0,0,,,2,0.105263157894737,,,,,
12,249,2014,10,4,0,11,NOTA,,NOTA,483,,43.5384615384615,,162319,278177,Solapur City Central,GEN,Solapur,Paschim Maharashtra,26,58.35,0.3,,36,0.02,5,,NOTA,5897,True,,,,,,,,,1,0.0384615384615385,,,3,0.115384615384615,,,,,
12,250,2014,10,4,0,9,NOTA,,NOTA,1136,,52.6363636363636,,212929,333001,Akkalkot,GEN,Solapur,Paschim Maharashtra,11,63.94,0.53,,6,0,2.78,,NOTA,5897,True,,,,,,,,,1,0.0909090909090909,,,3,0.272727272727273,,,,,
12,251,2014,10,4,0,10,NOTA,,NOTA,596,,41.1333333333333,,173593,296544,Solapur South,GEN,Solapur,Paschim Maharashtra,30,58.54,0.34,,22,0.01,4.17,,NOTA,5897,True,,,,,,,,,0,0,,,3,0.1,,,,,
12,252,2014,10,4,0,12,NOTA,,NOTA,819,,46.25,,229213,302914,Pandharpur,GEN,Solapur,Paschim Maharashtra,20,75.67,0.36,,364,0.16,3.12,,NOTA,5897,True,,,,,,,,,1,0.05,,,1,0.05,,,,,
12,253,2014,10,4,0,12,NOTA,,NOTA,666,,43.6,,198086,271376,Sangole,GEN,Solapur,Paschim Maharashtra,15,72.99,0.34,,69,0.03,2.78,,NOTA,5897,True,,,,,,,,,1,0.0666666666666667,,,2,0.133333333333333,,,,,
12,254,2014,10,4,0,11,NOTA,,NOTA,1327,,44.3478260869565,,203576,300061,Malshiras (SC),SC,Solapur,Paschim Maharashtra,23,67.84,0.65,,207,0.1,3.7,,NOTA,5897,True,,,,,,,,,0,0,,,1,0.0434782608695652,,,,,
12,255,2014,10,4,0,5,NOTA,,NOTA,1656,,46.7857142857143,,200657,306204,Phaltan (SC),SC,Satara,Paschim Maharashtra,14,65.53,0.83,,46,0.02,3.12,,NOTA,5897,True,,,,,,,,,0,0,,,2,0.142857142857143,,,,,
12,256,2014,10,4,0,6,NOTA,,NOTA,1325,,46.1,,218392,315481,Wai,GEN,Satara,Paschim Maharashtra,10,69.23,0.61,,211,0.1,3.23,,NOTA,5897,True,,,,,,,,,1,0.1,,,3,0.3,,,,,
12,257,2014,10,4,0,5,NOTA,,NOTA,1991,,46.375,,178686,295464,Koregaon,GEN,Satara,Paschim Maharashtra,8,60.48,1.11,,225,0.13,2.7,,NOTA,5897,True,,,,,,,,,0,0,,,2,0.25,,,,,
12,258,2014,10,4,0,9,NOTA,,NOTA,816,,40.9166666666667,,219262,311738,Man,GEN,Satara,Paschim Maharashtra,12,70.34,0.37,,174,0.08,4.17,,NOTA,5897,True,,,,,,,,,0,0,,,2,0.166666666666667,,,,,
12,259,2014,10,4,0,6,NOTA,,NOTA,1056,,41.4285714285714,,190466,277663,Karad North,GEN,Satara,Paschim Maharashtra,7,68.6,0.55,,45,0.02,3.23,,NOTA,5897,True,,,,,,,,,1,0.142857142857143,,,2,0.285714285714286,,,,,
12,260,2014,10,4,0,5,NOTA,,NOTA,939,,44.5,,202412,276153,Karad South,GEN,Satara,Paschim Maharashtra,12,73.3,0.46,,143,0.07,3.23,,NOTA,5897,True,,,,,,,,,1,0.0833333333333333,,,2,0.166666666666667,,,,,
12,261,2014,10,4,0,9,NOTA,,NOTA,550,,44.4666666666667,,206589,281188,Patan,GEN,Satara,Paschim Maharashtra,15,73.47,0.27,,95,0.05,2.33,,NOTA,5897,True,,,,,,,,,0,0,,,1,0.0666666666666667,,,,,
12,262,2014,10,4,0,5,NOTA,,NOTA,2333,,42.6666666666667,,187319,312474,Satara,GEN,Satara,Paschim Maharashtra,9,59.95,1.25,,1169,0.62,2.78,,NOTA,5897,True,,,,,,,,,0,0,,,2,0.222222222222222,,,,,
12,263,2014,10,4,0,8,NOTA,,NOTA,3346,,46,,162376,263886,Dapoli,GEN,Ratnagiri,Konkan,10,61.53,2.06,,584,0.36,4.55,,NOTA,5897,True,,,,,,,,,0,0,,,3,0.3,,,,,
12,264,2014,10,4,0,6,NOTA,,NOTA,1693,,51.4,,152040,228577,Guhagar,GEN,Ratnagiri,Konkan,5,66.52,1.11,,0,0,2.94,,NOTA,5897,True,,,,,,,,,0,0,,,2,0.4,,,,,
12,265,2014,10,4,0,6,NOTA,,NOTA,2013,,44.2,,167559,249688,Chiplun,GEN,Ratnagiri,Konkan,10,67.11,1.2,,421,0.25,2.7,,NOTA,5897,True,,,,,,,,,1,0.1,,,2,0.2,,,,,
12,266,2014,10,4,0,5,NOTA,,NOTA,2722,,45,,175588,265279,Ratnagiri,GEN,Ratnagiri,Konkan,11,66.19,1.55,,1069,0.61,2.5,,NOTA,5897,True,,,,,,,,,1,0.0909090909090909,,,1,0.0909090909090909,,,,,
12,267,2014,10,4,0,6,NOTA,,NOTA,1935,,50.875,,142997,234159,Rajapur,GEN,Ratnagiri,Konkan,8,61.07,1.35,,60,0.04,2.78,,NOTA,5897,True,,,,,,,,,0,0,,,0,0,,,,,
12,268,2014,10,4,0,6,NOTA,,NOTA,1381,,54,,155959,224081,Kankavli,GEN,Sindhudurg,Konkan,8,69.6,0.89,,55,0.04,2.94,,NOTA,5897,True,,,,,,,,,0,0,,,1,0.125,,,,,
12,269,2014,10,4,0,6,NOTA,,NOTA,949,,49.6666666666667,,141066,205366,Kudal,GEN,Sindhudurg,Konkan,6,68.69,0.67,,202,0.14,2.33,,NOTA,5897,True,,,,,,,,,1,0.166666666666667,,,3,0.5,,,,,
12,270,2014,10,4,0,6,NOTA,,NOTA,1515,,47.4,,145874,220928,Sawantwadi,GEN,Sindhudurg,Konkan,10,66.03,1.04,,633,0.43,3.23,,NOTA,5897,True,,,,,,,,,2,0.2,,,2,0.2,,,,,
12,271,2014,10,4,0,15,NOTA,,NOTA,1191,,49,,217592,303275,Chandgad,GEN,Kolhapur,Paschim Maharashtra,18,71.75,0.55,,53,0.02,6.67,,NOTA,5897,True,,,,,,,,,2,0.111111111111111,,,0,0,,,,,
12,272,2014,10,4,0,5,NOTA,,NOTA,1343,,49.875,,236857,308307,Radhanagari,GEN,Kolhapur,Paschim Maharashtra,8,76.83,0.57,,452,0.19,2.17,,NOTA,5897,True,,,,,,,,,0,0,,,2,0.25,,,,,
12,273,2014,10,4,0,5,NOTA,,NOTA,850,,49.3333333333333,,251452,305582,Kagal,GEN,Kolhapur,Paschim Maharashtra,9,82.29,0.34,,14,0.01,2.17,,NOTA,5897,True,,,,,,,,,1,0.111111111111111,,,2,0.222222222222222,,,,,
12,274,2014,10,4,0,4,NOTA,,NOTA,2102,,46,,217941,310755,Kolhapur South,GEN,Kolhapur,Paschim Maharashtra,12,70.13,0.96,,535,0.25,2.33,,NOTA,5897,True,,,,,,,,,1,0.0833333333333333,,,1,0.0833333333333333,,,,,
12,275,2014,10,4,0,8,NOTA,,NOTA,789,,44.125,,244072,289489,Karvir,GEN,Kolhapur,Paschim Maharashtra,8,84.31,0.32,,355,0.15,2.5,,NOTA,5897,True,,,,,,,,,0,0,,,2,0.25,,,,,
12,276,2014,10,4,0,6,NOTA,,NOTA,1372,,48.3333333333333,,175549,284785,Kolhapur North,GEN,Kolhapur,Paschim Maharashtra,18,61.64,0.78,,92,0.05,3.57,,NOTA,5897,True,,,,,,,,,1,0.0555555555555556,,,1,0.0555555555555556,,,,,
12,277,2014,10,4,0,8,NOTA,,NOTA,1024,,40.2727272727273,,209412,269543,Shahuwadi,GEN,Kolhapur,Paschim Maharashtra,11,77.69,0.49,,214,0.1,3.45,,NOTA,5897,True,,,,,,,,,0,0,,,2,0.181818181818182,,,,,
12,278,2014,10,4,0,9,NOTA,,NOTA,1690,,49.7333333333333,,223796,303007,Hatkanangle (SC),SC,Kolhapur,Paschim Maharashtra,15,73.86,0.76,,617,0.28,3.85,,NOTA,5897,True,,,,,,,,,0,0,,,3,0.2,,,,,
12,279,2014,10,4,0,7,NOTA,,NOTA,1505,,46.9166666666667,,199949,269122,Ichalkaranji,GEN,Kolhapur,Paschim Maharashtra,12,74.3,0.75,,490,0.25,2.56,,NOTA,5897,True,,,,,,,,,0,0,,,2,0.166666666666667,,,,,
12,280,2014,10,4,0,6,NOTA,,NOTA,1291,,47.5,,225641,288630,Shirol,GEN,Kolhapur,Paschim Maharashtra,10,78.18,0.57,,24,0.01,4,,NOTA,5897,True,,,,,,,,,1,0.1,,,2,0.2,,,,,
12,281,2014,10,4,0,6,NOTA,,NOTA,2759,,42.5882352941176,,185364,303011,Miraj (SC),SC,Sangli,Paschim Maharashtra,17,61.17,1.49,,1348,0.73,3.23,,NOTA,5897,True,,,,,,,,,1,0.0588235294117647,,,2,0.117647058823529,,,,,
12,282,2014,10,4,0,7,NOTA,,NOTA,1296,,48.0526315789474,,195469,328663,Sangli,GEN,Sangli,Paschim Maharashtra,19,59.47,0.66,,47,0.02,3.23,,NOTA,5897,True,,,,,,,,,0,0,,,1,0.0526315789473684,,,,,
12,283,2014,10,4,0,6,NOTA,,NOTA,1105,,54.0769230769231,,180940,250066,Islampur,GEN,Sangli,Paschim Maharashtra,13,72.36,0.61,,102,0.06,2.27,,NOTA,5897,True,,,,,,,,,0,0,,,1,0.0769230769230769,,,,,
12,284,2014,10,4,0,7,NOTA,,NOTA,795,,46.6666666666667,,218464,276659,Shirala,GEN,Sangli,Paschim Maharashtra,9,78.97,0.36,,138,0.06,3.03,,NOTA,5897,True,,,,,,,,,1,0.111111111111111,,,2,0.222222222222222,,,,,
12,285,2014,10,4,0,8,NOTA,,NOTA,640,,46,,208584,254502,Palus-Kadegaon,GEN,Sangli,Paschim Maharashtra,11,81.96,0.31,,447,0.21,2.13,,NOTA,5897,False,,,,,,,,,0,0,,,2,0.181818181818182,,,,,
12,286,2014,10,4,0,7,NOTA,,NOTA,992,,47.5384615384615,,217937,297271,Khanapur,GEN,Sangli,Paschim Maharashtra,13,73.31,0.46,,431,0.2,4.17,,NOTA,5897,True,,,,,,,,,1,0.0769230769230769,,,2,0.153846153846154,,,,,
12,287,2014,10,4,0,6,NOTA,,NOTA,1153,,47.6428571428571,,205533,271273,Tasgaon - Kavathe Mahankal,GEN,Sangli,Paschim Maharashtra,14,75.77,0.56,,247,0.12,2.22,,NOTA,5897,False,,,,,,,,,1,0.0714285714285714,,,1,0.0714285714285714,,,,,
12,288,2014,10,4,0,8,NOTA,,NOTA,998,,46,,169118,249286,Jat,GEN,Sangli,Paschim Maharashtra,11,67.84,0.59,,308,0.18,3.03,,NOTA,5897,True,,,,,,,,,2,0.181818181818182,,,2,0.181818181818182,,,,,
