District,Year,Taluka,Select Facility,Number
Ahilyanagar,2012,Akole,Hospitals,18
Ahilyanagar,2012,Akole,"Specialty Hospitals (Cancer, TB, etc)",0
Ahilyanagar,2012,Akole,Clinics,42
Ahilyanagar,2012,Akole,Maternity Wards,14
Ahilyanagar,2012,Akole,Number of Beds,148
Ahilyanagar,2012,Sangamner,Hospitals,39
Ahilyanagar,2012,Sangamner,"Specialty Hospitals (Cancer, TB, etc)",0
Ahilyanagar,2012,Sangamner,Clinics,53
Ahilyanagar,2012,Sangamner,Maternity Wards,33
Ahilyanagar,2012,Sangamner,Number of Beds,328
Ahilyanagar,2012,Kopargaon,Hospitals,21
Ahilyanagar,2012,Kopargaon,"Specialty Hospitals (Cancer, TB, etc)",2
Ahilyanagar,2012,Kopargaon,Clinics,56
Ahilyanagar,2012,Kopargaon,Maternity Wards,20
Ahilyanagar,2012,Kopargaon,Number of Beds,286
Ahilyanagar,2012,Rahata,Hospitals,23
Ahilyanagar,2012,Rahata,"Specialty Hospitals (Cancer, TB, etc)",1
Ahilyanagar,2012,Rahata,Clinics,54
Ahilyanagar,2012,Rahata,Maternity Wards,24
Ahilyanagar,2012,Rahata,Number of Beds,258
Ahilyanagar,2012,Srirampur,Hospitals,29
Ahilyanagar,2012,Srirampur,"Specialty Hospitals (Cancer, TB, etc)",0
Ahilyanagar,2012,Srirampur,Clinics,121
Ahilyanagar,2012,Srirampur,Maternity Wards,23
Ahilyanagar,2012,Srirampur,Number of Beds,249
Ahilyanagar,2012,Nevasa,Hospitals,23
Ahilyanagar,2012,Nevasa,"Specialty Hospitals (Cancer, TB, etc)",0
Ahilyanagar,2012,Nevasa,Clinics,59
Ahilyanagar,2012,Nevasa,Maternity Wards,26
Ahilyanagar,2012,Nevasa,Number of Beds,270
Ahilyanagar,2012,Shevgaon,Hospitals,15
Ahilyanagar,2012,Shevgaon,"Specialty Hospitals (Cancer, TB, etc)",0
Ahilyanagar,2012,Shevgaon,Clinics,64
Ahilyanagar,2012,Shevgaon,Maternity Wards,15
Ahilyanagar,2012,Shevgaon,Number of Beds,168
Ahilyanagar,2012,Pathardi,Hospitals,8
Ahilyanagar,2012,Pathardi,"Specialty Hospitals (Cancer, TB, etc)",0
Ahilyanagar,2012,Pathardi,Clinics,46
Ahilyanagar,2012,Pathardi,Maternity Wards,10
Ahilyanagar,2012,Pathardi,Number of Beds,142
Ahilyanagar,2012,Nagar,Hospitals,90
Ahilyanagar,2012,Nagar,"Specialty Hospitals (Cancer, TB, etc)",0
Ahilyanagar,2012,Nagar,Clinics,361
Ahilyanagar,2012,Nagar,Maternity Wards,86
Ahilyanagar,2012,Nagar,Number of Beds,2644
Ahilyanagar,2012,Rahuri,Hospitals,17
Ahilyanagar,2012,Rahuri,"Specialty Hospitals (Cancer, TB, etc)",0
Ahilyanagar,2012,Rahuri,Clinics,36
Ahilyanagar,2012,Rahuri,Maternity Wards,17
Ahilyanagar,2012,Rahuri,Number of Beds,181
Ahilyanagar,2012,Parner,Hospitals,14
Ahilyanagar,2012,Parner,"Specialty Hospitals (Cancer, TB, etc)",0
Ahilyanagar,2012,Parner,Clinics,34
Ahilyanagar,2012,Parner,Maternity Wards,14
Ahilyanagar,2012,Parner,Number of Beds,165
Ahilyanagar,2012,Srigonda,Hospitals,23
Ahilyanagar,2012,Srigonda,"Specialty Hospitals (Cancer, TB, etc)",0
Ahilyanagar,2012,Srigonda,Clinics,32
Ahilyanagar,2012,Srigonda,Maternity Wards,25
Ahilyanagar,2012,Srigonda,Number of Beds,234
Ahilyanagar,2012,Karjat,Hospitals,17
Ahilyanagar,2012,Karjat,"Specialty Hospitals (Cancer, TB, etc)",0
Ahilyanagar,2012,Karjat,Clinics,26
Ahilyanagar,2012,Karjat,Maternity Wards,16
Ahilyanagar,2012,Karjat,Number of Beds,164
Ahilyanagar,2012,Jamkhed,Hospitals,19
Ahilyanagar,2012,Jamkhed,"Specialty Hospitals (Cancer, TB, etc)",0
Ahilyanagar,2012,Jamkhed,Clinics,25
Ahilyanagar,2012,Jamkhed,Maternity Wards,18
Ahilyanagar,2012,Jamkhed,Number of Beds,168
Ahilyanagar,2013,Akole,Hospitals,21
Ahilyanagar,2013,Akole,"Specialty Hospitals (Cancer, TB, etc)",0
Ahilyanagar,2013,Akole,Clinics,46
Ahilyanagar,2013,Akole,Maternity Wards,16
Ahilyanagar,2013,Akole,Number of Beds,152
Ahilyanagar,2013,Sangamner,Hospitals,42
Ahilyanagar,2013,Sangamner,"Specialty Hospitals (Cancer, TB, etc)",0
Ahilyanagar,2013,Sangamner,Clinics,49
Ahilyanagar,2013,Sangamner,Maternity Wards,33
Ahilyanagar,2013,Sangamner,Number of Beds,338
Ahilyanagar,2013,Kopargaon,Hospitals,23
Ahilyanagar,2013,Kopargaon,"Specialty Hospitals (Cancer, TB, etc)",2
Ahilyanagar,2013,Kopargaon,Clinics,63
Ahilyanagar,2013,Kopargaon,Maternity Wards,22
Ahilyanagar,2013,Kopargaon,Number of Beds,295
Ahilyanagar,2013,Rahata,Hospitals,26
Ahilyanagar,2013,Rahata,"Specialty Hospitals (Cancer, TB, etc)",1
Ahilyanagar,2013,Rahata,Clinics,59
Ahilyanagar,2013,Rahata,Maternity Wards,25
Ahilyanagar,2013,Rahata,Number of Beds,266
Ahilyanagar,2013,Srirampur,Hospitals,31
Ahilyanagar,2013,Srirampur,"Specialty Hospitals (Cancer, TB, etc)",0
Ahilyanagar,2013,Srirampur,Clinics,126
Ahilyanagar,2013,Srirampur,Maternity Wards,23
Ahilyanagar,2013,Srirampur,Number of Beds,256
Ahilyanagar,2013,Nevasa,Hospitals,24
Ahilyanagar,2013,Nevasa,"Specialty Hospitals (Cancer, TB, etc)",0
Ahilyanagar,2013,Nevasa,Clinics,66
Ahilyanagar,2013,Nevasa,Maternity Wards,26
Ahilyanagar,2013,Nevasa,Number of Beds,278
Ahilyanagar,2013,Shevgaon,Hospitals,18
Ahilyanagar,2013,Shevgaon,"Specialty Hospitals (Cancer, TB, etc)",0
Ahilyanagar,2013,Shevgaon,Clinics,67
Ahilyanagar,2013,Shevgaon,Maternity Wards,16
Ahilyanagar,2013,Shevgaon,Number of Beds,173
Ahilyanagar,2013,Pathardi,Hospitals,11
Ahilyanagar,2013,Pathardi,"Specialty Hospitals (Cancer, TB, etc)",0
Ahilyanagar,2013,Pathardi,Clinics,49
Ahilyanagar,2013,Pathardi,Maternity Wards,11
Ahilyanagar,2013,Pathardi,Number of Beds,146
Ahilyanagar,2013,Nagar,Hospitals,96
Ahilyanagar,2013,Nagar,"Specialty Hospitals (Cancer, TB, etc)",0
Ahilyanagar,2013,Nagar,Clinics,368
Ahilyanagar,2013,Nagar,Maternity Wards,89
Ahilyanagar,2013,Nagar,Number of Beds,2723
Ahilyanagar,2013,Rahuri,Hospitals,19
Ahilyanagar,2013,Rahuri,"Specialty Hospitals (Cancer, TB, etc)",0
Ahilyanagar,2013,Rahuri,Clinics,39
Ahilyanagar,2013,Rahuri,Maternity Wards,19
Ahilyanagar,2013,Rahuri,Number of Beds,186
Ahilyanagar,2013,Parner,Hospitals,16
Ahilyanagar,2013,Parner,"Specialty Hospitals (Cancer, TB, etc)",0
Ahilyanagar,2013,Parner,Clinics,38
Ahilyanagar,2013,Parner,Maternity Wards,15
Ahilyanagar,2013,Parner,Number of Beds,170
Ahilyanagar,2013,Srigonda,Hospitals,24
Ahilyanagar,2013,Srigonda,"Specialty Hospitals (Cancer, TB, etc)",0
Ahilyanagar,2013,Srigonda,Clinics,36
Ahilyanagar,2013,Srigonda,Maternity Wards,25
Ahilyanagar,2013,Srigonda,Number of Beds,241
Ahilyanagar,2013,Karjat,Hospitals,19
Ahilyanagar,2013,Karjat,"Specialty Hospitals (Cancer, TB, etc)",0
Ahilyanagar,2013,Karjat,Clinics,29
Ahilyanagar,2013,Karjat,Maternity Wards,16
Ahilyanagar,2013,Karjat,Number of Beds,169
Ahilyanagar,2013,Jamkhed,Hospitals,20
Ahilyanagar,2013,Jamkhed,"Specialty Hospitals (Cancer, TB, etc)",0
Ahilyanagar,2013,Jamkhed,Clinics,28
Ahilyanagar,2013,Jamkhed,Maternity Wards,18
Ahilyanagar,2013,Jamkhed,Number of Beds,173
Ahilyanagar,2014,Akole,Hospitals,23
Ahilyanagar,2014,Akole,"Specialty Hospitals (Cancer, TB, etc)",0
Ahilyanagar,2014,Akole,Clinics,98
Ahilyanagar,2014,Akole,Maternity Wards,17
Ahilyanagar,2014,Akole,Number of Beds,179
Ahilyanagar,2014,Sangamner,Hospitals,49
Ahilyanagar,2014,Sangamner,"Specialty Hospitals (Cancer, TB, etc)",0
Ahilyanagar,2014,Sangamner,Clinics,149
Ahilyanagar,2014,Sangamner,Maternity Wards,33
Ahilyanagar,2014,Sangamner,Number of Beds,389
Ahilyanagar,2014,Kopargaon,Hospitals,29
Ahilyanagar,2014,Kopargaon,"Specialty Hospitals (Cancer, TB, etc)",0
Ahilyanagar,2014,Kopargaon,Clinics,79
Ahilyanagar,2014,Kopargaon,Maternity Wards,22
Ahilyanagar,2014,Kopargaon,Number of Beds,295
Ahilyanagar,2014,Rahata,Hospitals,52
Ahilyanagar,2014,Rahata,"Specialty Hospitals (Cancer, TB, etc)",0
Ahilyanagar,2014,Rahata,Clinics,63
Ahilyanagar,2014,Rahata,Maternity Wards,35
Ahilyanagar,2014,Rahata,Number of Beds,379
Ahilyanagar,2014,Srirampur,Hospitals,57
Ahilyanagar,2014,Srirampur,"Specialty Hospitals (Cancer, TB, etc)",0
Ahilyanagar,2014,Srirampur,Clinics,157
Ahilyanagar,2014,Srirampur,Maternity Wards,27
Ahilyanagar,2014,Srirampur,Number of Beds,369
Ahilyanagar,2014,Nevasa,Hospitals,35
Ahilyanagar,2014,Nevasa,"Specialty Hospitals (Cancer, TB, etc)",0
Ahilyanagar,2014,Nevasa,Clinics,79
Ahilyanagar,2014,Nevasa,Maternity Wards,39
Ahilyanagar,2014,Nevasa,Number of Beds,379
Ahilyanagar,2014,Shevgaon,Hospitals,27
Ahilyanagar,2014,Shevgaon,"Specialty Hospitals (Cancer, TB, etc)",0
Ahilyanagar,2014,Shevgaon,Clinics,87
Ahilyanagar,2014,Shevgaon,Maternity Wards,23
Ahilyanagar,2014,Shevgaon,Number of Beds,357
Ahilyanagar,2014,Pathardi,Hospitals,17
Ahilyanagar,2014,Pathardi,"Specialty Hospitals (Cancer, TB, etc)",0
Ahilyanagar,2014,Pathardi,Clinics,93
Ahilyanagar,2014,Pathardi,Maternity Wards,25
Ahilyanagar,2014,Pathardi,Number of Beds,217
Ahilyanagar,2014,Nagar,Hospitals,125
Ahilyanagar,2014,Nagar,"Specialty Hospitals (Cancer, TB, etc)",1
Ahilyanagar,2014,Nagar,Clinics,381
Ahilyanagar,2014,Nagar,Maternity Wards,89
Ahilyanagar,2014,Nagar,Number of Beds,2879
Ahilyanagar,2014,Rahuri,Hospitals,29
Ahilyanagar,2014,Rahuri,"Specialty Hospitals (Cancer, TB, etc)",0
Ahilyanagar,2014,Rahuri,Clinics,69
Ahilyanagar,2014,Rahuri,Maternity Wards,37
Ahilyanagar,2014,Rahuri,Number of Beds,275
Ahilyanagar,2014,Parner,Hospitals,35
Ahilyanagar,2014,Parner,"Specialty Hospitals (Cancer, TB, etc)",0
Ahilyanagar,2014,Parner,Clinics,103
Ahilyanagar,2014,Parner,Maternity Wards,27
Ahilyanagar,2014,Parner,Number of Beds,243
Ahilyanagar,2014,Srigonda,Hospitals,27
Ahilyanagar,2014,Srigonda,"Specialty Hospitals (Cancer, TB, etc)",0
Ahilyanagar,2014,Srigonda,Clinics,109
Ahilyanagar,2014,Srigonda,Maternity Wards,29
Ahilyanagar,2014,Srigonda,Number of Beds,279
Ahilyanagar,2014,Karjat,Hospitals,29
Ahilyanagar,2014,Karjat,"Specialty Hospitals (Cancer, TB, etc)",0
Ahilyanagar,2014,Karjat,Clinics,97
Ahilyanagar,2014,Karjat,Maternity Wards,16
Ahilyanagar,2014,Karjat,Number of Beds,227
Ahilyanagar,2014,Jamkhed,Hospitals,25
Ahilyanagar,2014,Jamkhed,"Specialty Hospitals (Cancer, TB, etc)",0
Ahilyanagar,2014,Jamkhed,Clinics,39
Ahilyanagar,2014,Jamkhed,Maternity Wards,19
Ahilyanagar,2014,Jamkhed,Number of Beds,257
Ahilyanagar,2015,Akole,Hospitals,23
Ahilyanagar,2015,Akole,"Specialty Hospitals (Cancer, TB, etc)",0
Ahilyanagar,2015,Akole,Clinics,104
Ahilyanagar,2015,Akole,Maternity Wards,17
Ahilyanagar,2015,Akole,Number of Beds,198
Ahilyanagar,2015,Sangamner,Hospitals,185
Ahilyanagar,2015,Sangamner,"Specialty Hospitals (Cancer, TB, etc)",0
Ahilyanagar,2015,Sangamner,Clinics,354
Ahilyanagar,2015,Sangamner,Maternity Wards,50
Ahilyanagar,2015,Sangamner,Number of Beds,1591
Ahilyanagar,2015,Kopargaon,Hospitals,39
Ahilyanagar,2015,Kopargaon,"Specialty Hospitals (Cancer, TB, etc)",0
Ahilyanagar,2015,Kopargaon,Clinics,90
Ahilyanagar,2015,Kopargaon,Maternity Wards,32
Ahilyanagar,2015,Kopargaon,Number of Beds,462
Ahilyanagar,2015,Rahata,Hospitals,24
Ahilyanagar,2015,Rahata,"Specialty Hospitals (Cancer, TB, etc)",0
Ahilyanagar,2015,Rahata,Clinics,127
Ahilyanagar,2015,Rahata,Maternity Wards,30
Ahilyanagar,2015,Rahata,Number of Beds,1834
Ahilyanagar,2015,Srirampur,Hospitals,64
Ahilyanagar,2015,Srirampur,"Specialty Hospitals (Cancer, TB, etc)",0
Ahilyanagar,2015,Srirampur,Clinics,310
Ahilyanagar,2015,Srirampur,Maternity Wards,28
Ahilyanagar,2015,Srirampur,Number of Beds,1231
Ahilyanagar,2015,Nevasa,Hospitals,39
Ahilyanagar,2015,Nevasa,"Specialty Hospitals (Cancer, TB, etc)",0
Ahilyanagar,2015,Nevasa,Clinics,85
Ahilyanagar,2015,Nevasa,Maternity Wards,41
Ahilyanagar,2015,Nevasa,Number of Beds,385
Ahilyanagar,2015,Shevgaon,Hospitals,14
Ahilyanagar,2015,Shevgaon,"Specialty Hospitals (Cancer, TB, etc)",0
Ahilyanagar,2015,Shevgaon,Clinics,97
Ahilyanagar,2015,Shevgaon,Maternity Wards,20
Ahilyanagar,2015,Shevgaon,Number of Beds,507
Ahilyanagar,2015,Pathardi,Hospitals,70
Ahilyanagar,2015,Pathardi,"Specialty Hospitals (Cancer, TB, etc)",0
Ahilyanagar,2015,Pathardi,Clinics,123
Ahilyanagar,2015,Pathardi,Maternity Wards,4
Ahilyanagar,2015,Pathardi,Number of Beds,380
Ahilyanagar,2015,Nagar,Hospitals,20
Ahilyanagar,2015,Nagar,"Specialty Hospitals (Cancer, TB, etc)",1
Ahilyanagar,2015,Nagar,Clinics,125
Ahilyanagar,2015,Nagar,Maternity Wards,12
Ahilyanagar,2015,Nagar,Number of Beds,1081
Ahilyanagar,2015,Rahuri,Hospitals,64
Ahilyanagar,2015,Rahuri,"Specialty Hospitals (Cancer, TB, etc)",0
Ahilyanagar,2015,Rahuri,Clinics,118
Ahilyanagar,2015,Rahuri,Maternity Wards,49
Ahilyanagar,2015,Rahuri,Number of Beds,580
Ahilyanagar,2015,Parner,Hospitals,38
Ahilyanagar,2015,Parner,"Specialty Hospitals (Cancer, TB, etc)",0
Ahilyanagar,2015,Parner,Clinics,103
Ahilyanagar,2015,Parner,Maternity Wards,36
Ahilyanagar,2015,Parner,Number of Beds,270
Ahilyanagar,2015,Srigonda,Hospitals,51
Ahilyanagar,2015,Srigonda,"Specialty Hospitals (Cancer, TB, etc)",0
Ahilyanagar,2015,Srigonda,Clinics,149
Ahilyanagar,2015,Srigonda,Maternity Wards,41
Ahilyanagar,2015,Srigonda,Number of Beds,489
Ahilyanagar,2015,Karjat,Hospitals,22
Ahilyanagar,2015,Karjat,"Specialty Hospitals (Cancer, TB, etc)",0
Ahilyanagar,2015,Karjat,Clinics,51
Ahilyanagar,2015,Karjat,Maternity Wards,18
Ahilyanagar,2015,Karjat,Number of Beds,210
Ahilyanagar,2015,Jamkhed,Hospitals,23
Ahilyanagar,2015,Jamkhed,"Specialty Hospitals (Cancer, TB, etc)",0
Ahilyanagar,2015,Jamkhed,Clinics,38
Ahilyanagar,2015,Jamkhed,Maternity Wards,19
Ahilyanagar,2015,Jamkhed,Number of Beds,255
Ahilyanagar,2016,Akole,Hospitals,24
Ahilyanagar,2016,Akole,"Specialty Hospitals (Cancer, TB, etc)",0
Ahilyanagar,2016,Akole,Clinics,104
Ahilyanagar,2016,Akole,Maternity Wards,17
Ahilyanagar,2016,Akole,Number of Beds,198
Ahilyanagar,2016,Sangamner,Hospitals,184
Ahilyanagar,2016,Sangamner,"Specialty Hospitals (Cancer, TB, etc)",0
Ahilyanagar,2016,Sangamner,Clinics,354
Ahilyanagar,2016,Sangamner,Maternity Wards,50
Ahilyanagar,2016,Sangamner,Number of Beds,1595
Ahilyanagar,2016,Kopargaon,Hospitals,39
Ahilyanagar,2016,Kopargaon,"Specialty Hospitals (Cancer, TB, etc)",0
Ahilyanagar,2016,Kopargaon,Clinics,94
Ahilyanagar,2016,Kopargaon,Maternity Wards,32
Ahilyanagar,2016,Kopargaon,Number of Beds,462
Ahilyanagar,2016,Rahata,Hospitals,24
Ahilyanagar,2016,Rahata,"Specialty Hospitals (Cancer, TB, etc)",0
Ahilyanagar,2016,Rahata,Clinics,127
Ahilyanagar,2016,Rahata,Maternity Wards,30
Ahilyanagar,2016,Rahata,Number of Beds,1834
Ahilyanagar,2016,Srirampur,Hospitals,64
Ahilyanagar,2016,Srirampur,"Specialty Hospitals (Cancer, TB, etc)",0
Ahilyanagar,2016,Srirampur,Clinics,310
Ahilyanagar,2016,Srirampur,Maternity Wards,28
Ahilyanagar,2016,Srirampur,Number of Beds,1231
Ahilyanagar,2016,Nevasa,Hospitals,39
Ahilyanagar,2016,Nevasa,"Specialty Hospitals (Cancer, TB, etc)",0
Ahilyanagar,2016,Nevasa,Clinics,85
Ahilyanagar,2016,Nevasa,Maternity Wards,41
Ahilyanagar,2016,Nevasa,Number of Beds,385
Ahilyanagar,2016,Shevgaon,Hospitals,14
Ahilyanagar,2016,Shevgaon,"Specialty Hospitals (Cancer, TB, etc)",0
Ahilyanagar,2016,Shevgaon,Clinics,97
Ahilyanagar,2016,Shevgaon,Maternity Wards,20
Ahilyanagar,2016,Shevgaon,Number of Beds,507
Ahilyanagar,2016,Pathardi,Hospitals,70
Ahilyanagar,2016,Pathardi,"Specialty Hospitals (Cancer, TB, etc)",0
Ahilyanagar,2016,Pathardi,Clinics,123
Ahilyanagar,2016,Pathardi,Maternity Wards,4
Ahilyanagar,2016,Pathardi,Number of Beds,379
Ahilyanagar,2016,Nagar,Hospitals,206
Ahilyanagar,2016,Nagar,"Specialty Hospitals (Cancer, TB, etc)",2
Ahilyanagar,2016,Nagar,Clinics,557
Ahilyanagar,2016,Nagar,Maternity Wards,67
Ahilyanagar,2016,Nagar,Number of Beds,4342
Ahilyanagar,2016,Rahuri,Hospitals,64
Ahilyanagar,2016,Rahuri,"Specialty Hospitals (Cancer, TB, etc)",0
Ahilyanagar,2016,Rahuri,Clinics,118
Ahilyanagar,2016,Rahuri,Maternity Wards,49
Ahilyanagar,2016,Rahuri,Number of Beds,580
Ahilyanagar,2016,Parner,Hospitals,38
Ahilyanagar,2016,Parner,"Specialty Hospitals (Cancer, TB, etc)",0
Ahilyanagar,2016,Parner,Clinics,101
Ahilyanagar,2016,Parner,Maternity Wards,36
Ahilyanagar,2016,Parner,Number of Beds,270
Ahilyanagar,2016,Srigonda,Hospitals,51
Ahilyanagar,2016,Srigonda,"Specialty Hospitals (Cancer, TB, etc)",0
Ahilyanagar,2016,Srigonda,Clinics,149
Ahilyanagar,2016,Srigonda,Maternity Wards,41
Ahilyanagar,2016,Srigonda,Number of Beds,489
Ahilyanagar,2016,Karjat,Hospitals,22
Ahilyanagar,2016,Karjat,"Specialty Hospitals (Cancer, TB, etc)",0
Ahilyanagar,2016,Karjat,Clinics,51
Ahilyanagar,2016,Karjat,Maternity Wards,18
Ahilyanagar,2016,Karjat,Number of Beds,210
Ahilyanagar,2016,Jamkhed,Hospitals,23
Ahilyanagar,2016,Jamkhed,"Specialty Hospitals (Cancer, TB, etc)",0
Ahilyanagar,2016,Jamkhed,Clinics,38
Ahilyanagar,2016,Jamkhed,Maternity Wards,19
Ahilyanagar,2016,Jamkhed,Number of Beds,255
Ahilyanagar,2017,Akole,Hospitals,24
Ahilyanagar,2017,Akole,"Specialty Hospitals (Cancer, TB, etc)",0
Ahilyanagar,2017,Akole,Clinics,104
Ahilyanagar,2017,Akole,Maternity Wards,17
Ahilyanagar,2017,Akole,Number of Beds,198
Ahilyanagar,2017,Sangamner,Hospitals,184
Ahilyanagar,2017,Sangamner,"Specialty Hospitals (Cancer, TB, etc)",0
Ahilyanagar,2017,Sangamner,Clinics,354
Ahilyanagar,2017,Sangamner,Maternity Wards,50
Ahilyanagar,2017,Sangamner,Number of Beds,1595
Ahilyanagar,2017,Kopargaon,Hospitals,39
Ahilyanagar,2017,Kopargaon,"Specialty Hospitals (Cancer, TB, etc)",0
Ahilyanagar,2017,Kopargaon,Clinics,94
Ahilyanagar,2017,Kopargaon,Maternity Wards,32
Ahilyanagar,2017,Kopargaon,Number of Beds,462
Ahilyanagar,2017,Rahata,Hospitals,24
Ahilyanagar,2017,Rahata,"Specialty Hospitals (Cancer, TB, etc)",0
Ahilyanagar,2017,Rahata,Clinics,127
Ahilyanagar,2017,Rahata,Maternity Wards,30
Ahilyanagar,2017,Rahata,Number of Beds,1834
Ahilyanagar,2017,Srirampur,Hospitals,64
Ahilyanagar,2017,Srirampur,"Specialty Hospitals (Cancer, TB, etc)",0
Ahilyanagar,2017,Srirampur,Clinics,310
Ahilyanagar,2017,Srirampur,Maternity Wards,28
Ahilyanagar,2017,Srirampur,Number of Beds,1231
Ahilyanagar,2017,Nevasa,Hospitals,39
Ahilyanagar,2017,Nevasa,"Specialty Hospitals (Cancer, TB, etc)",0
Ahilyanagar,2017,Nevasa,Clinics,85
Ahilyanagar,2017,Nevasa,Maternity Wards,45
Ahilyanagar,2017,Nevasa,Number of Beds,390
Ahilyanagar,2017,Shevgaon,Hospitals,14
Ahilyanagar,2017,Shevgaon,"Specialty Hospitals (Cancer, TB, etc)",0
Ahilyanagar,2017,Shevgaon,Clinics,97
Ahilyanagar,2017,Shevgaon,Maternity Wards,20
Ahilyanagar,2017,Shevgaon,Number of Beds,507
Ahilyanagar,2017,Pathardi,Hospitals,70
Ahilyanagar,2017,Pathardi,"Specialty Hospitals (Cancer, TB, etc)",0
Ahilyanagar,2017,Pathardi,Clinics,123
Ahilyanagar,2017,Pathardi,Maternity Wards,4
Ahilyanagar,2017,Pathardi,Number of Beds,379
Ahilyanagar,2017,Nagar,Hospitals,216
Ahilyanagar,2017,Nagar,"Specialty Hospitals (Cancer, TB, etc)",2
Ahilyanagar,2017,Nagar,Clinics,597
Ahilyanagar,2017,Nagar,Maternity Wards,63
Ahilyanagar,2017,Nagar,Number of Beds,4477
Ahilyanagar,2017,Rahuri,Hospitals,64
Ahilyanagar,2017,Rahuri,"Specialty Hospitals (Cancer, TB, etc)",0
Ahilyanagar,2017,Rahuri,Clinics,118
Ahilyanagar,2017,Rahuri,Maternity Wards,49
Ahilyanagar,2017,Rahuri,Number of Beds,580
Ahilyanagar,2017,Parner,Hospitals,38
Ahilyanagar,2017,Parner,"Specialty Hospitals (Cancer, TB, etc)",0
Ahilyanagar,2017,Parner,Clinics,119
Ahilyanagar,2017,Parner,Maternity Wards,36
Ahilyanagar,2017,Parner,Number of Beds,270
Ahilyanagar,2017,Srigonda,Hospitals,51
Ahilyanagar,2017,Srigonda,"Specialty Hospitals (Cancer, TB, etc)",0
Ahilyanagar,2017,Srigonda,Clinics,149
Ahilyanagar,2017,Srigonda,Maternity Wards,41
Ahilyanagar,2017,Srigonda,Number of Beds,521
Ahilyanagar,2017,Karjat,Hospitals,22
Ahilyanagar,2017,Karjat,"Specialty Hospitals (Cancer, TB, etc)",0
Ahilyanagar,2017,Karjat,Clinics,51
Ahilyanagar,2017,Karjat,Maternity Wards,18
Ahilyanagar,2017,Karjat,Number of Beds,210
Ahilyanagar,2017,Jamkhed,Hospitals,23
Ahilyanagar,2017,Jamkhed,"Specialty Hospitals (Cancer, TB, etc)",0
Ahilyanagar,2017,Jamkhed,Clinics,38
Ahilyanagar,2017,Jamkhed,Maternity Wards,19
Ahilyanagar,2017,Jamkhed,Number of Beds,255
Ahilyanagar,2018,Akole,Hospitals,24
Ahilyanagar,2018,Akole,"Specialty Hospitals (Cancer, TB, etc)",0
Ahilyanagar,2018,Akole,Clinics,12
Ahilyanagar,2018,Akole,Maternity Wards,23
Ahilyanagar,2018,Akole,Number of Beds,170
Ahilyanagar,2018,Sangamner,Hospitals,95
Ahilyanagar,2018,Sangamner,"Specialty Hospitals (Cancer, TB, etc)",0
Ahilyanagar,2018,Sangamner,Clinics,140
Ahilyanagar,2018,Sangamner,Maternity Wards,77
Ahilyanagar,2018,Sangamner,Number of Beds,2140
Ahilyanagar,2018,Kopargaon,Hospitals,79
Ahilyanagar,2018,Kopargaon,"Specialty Hospitals (Cancer, TB, etc)",0
Ahilyanagar,2018,Kopargaon,Clinics,30
Ahilyanagar,2018,Kopargaon,Maternity Wards,80
Ahilyanagar,2018,Kopargaon,Number of Beds,1099
Ahilyanagar,2018,Rahata,Hospitals,61
Ahilyanagar,2018,Rahata,"Specialty Hospitals (Cancer, TB, etc)",0
Ahilyanagar,2018,Rahata,Clinics,71
Ahilyanagar,2018,Rahata,Maternity Wards,47
Ahilyanagar,2018,Rahata,Number of Beds,1859
Ahilyanagar,2018,Srirampur,Hospitals,73
Ahilyanagar,2018,Srirampur,"Specialty Hospitals (Cancer, TB, etc)",0
Ahilyanagar,2018,Srirampur,Clinics,158
Ahilyanagar,2018,Srirampur,Maternity Wards,25
Ahilyanagar,2018,Srirampur,Number of Beds,1056
Ahilyanagar,2018,Nevasa,Hospitals,84
Ahilyanagar,2018,Nevasa,"Specialty Hospitals (Cancer, TB, etc)",0
Ahilyanagar,2018,Nevasa,Clinics,44
Ahilyanagar,2018,Nevasa,Maternity Wards,83
Ahilyanagar,2018,Nevasa,Number of Beds,952
Ahilyanagar,2018,Shevgaon,Hospitals,13
Ahilyanagar,2018,Shevgaon,"Specialty Hospitals (Cancer, TB, etc)",0
Ahilyanagar,2018,Shevgaon,Clinics,4
Ahilyanagar,2018,Shevgaon,Maternity Wards,13
Ahilyanagar,2018,Shevgaon,Number of Beds,61
Ahilyanagar,2018,Pathardi,Hospitals,24
Ahilyanagar,2018,Pathardi,"Specialty Hospitals (Cancer, TB, etc)",0
Ahilyanagar,2018,Pathardi,Clinics,54
Ahilyanagar,2018,Pathardi,Maternity Wards,24
Ahilyanagar,2018,Pathardi,Number of Beds,218
Ahilyanagar,2018,Nagar,Hospitals,277
Ahilyanagar,2018,Nagar,"Specialty Hospitals (Cancer, TB, etc)",2
Ahilyanagar,2018,Nagar,Clinics,496
Ahilyanagar,2018,Nagar,Maternity Wards,131
Ahilyanagar,2018,Nagar,Number of Beds,4449
Ahilyanagar,2018,Rahuri,Hospitals,85
Ahilyanagar,2018,Rahuri,"Specialty Hospitals (Cancer, TB, etc)",0
Ahilyanagar,2018,Rahuri,Clinics,64
Ahilyanagar,2018,Rahuri,Maternity Wards,26
Ahilyanagar,2018,Rahuri,Number of Beds,914
Ahilyanagar,2018,Parner,Hospitals,78
Ahilyanagar,2018,Parner,"Specialty Hospitals (Cancer, TB, etc)",0
Ahilyanagar,2018,Parner,Clinics,36
Ahilyanagar,2018,Parner,Maternity Wards,77
Ahilyanagar,2018,Parner,Number of Beds,501
Ahilyanagar,2018,Srigonda,Hospitals,97
Ahilyanagar,2018,Srigonda,"Specialty Hospitals (Cancer, TB, etc)",0
Ahilyanagar,2018,Srigonda,Clinics,46
Ahilyanagar,2018,Srigonda,Maternity Wards,84
Ahilyanagar,2018,Srigonda,Number of Beds,733
Ahilyanagar,2018,Karjat,Hospitals,58
Ahilyanagar,2018,Karjat,"Specialty Hospitals (Cancer, TB, etc)",0
Ahilyanagar,2018,Karjat,Clinics,20
Ahilyanagar,2018,Karjat,Maternity Wards,50
Ahilyanagar,2018,Karjat,Number of Beds,236
Ahilyanagar,2018,Jamkhed,Hospitals,26
Ahilyanagar,2018,Jamkhed,"Specialty Hospitals (Cancer, TB, etc)",0
Ahilyanagar,2018,Jamkhed,Clinics,7
Ahilyanagar,2018,Jamkhed,Maternity Wards,26
Ahilyanagar,2018,Jamkhed,Number of Beds,76
Ahilyanagar,2019,Akole,Hospitals,24
Ahilyanagar,2019,Akole,"Specialty Hospitals (Cancer, TB, etc)",0
Ahilyanagar,2019,Akole,Clinics,12
Ahilyanagar,2019,Akole,Maternity Wards,23
Ahilyanagar,2019,Akole,Number of Beds,170
Ahilyanagar,2019,Sangamner,Hospitals,95
Ahilyanagar,2019,Sangamner,"Specialty Hospitals (Cancer, TB, etc)",0
Ahilyanagar,2019,Sangamner,Clinics,140
Ahilyanagar,2019,Sangamner,Maternity Wards,77
Ahilyanagar,2019,Sangamner,Number of Beds,2140
Ahilyanagar,2019,Kopargaon,Hospitals,79
Ahilyanagar,2019,Kopargaon,"Specialty Hospitals (Cancer, TB, etc)",0
Ahilyanagar,2019,Kopargaon,Clinics,30
Ahilyanagar,2019,Kopargaon,Maternity Wards,80
Ahilyanagar,2019,Kopargaon,Number of Beds,1099
Ahilyanagar,2019,Rahata,Hospitals,61
Ahilyanagar,2019,Rahata,"Specialty Hospitals (Cancer, TB, etc)",0
Ahilyanagar,2019,Rahata,Clinics,71
Ahilyanagar,2019,Rahata,Maternity Wards,47
Ahilyanagar,2019,Rahata,Number of Beds,1859
Ahilyanagar,2019,Srirampur,Hospitals,73
Ahilyanagar,2019,Srirampur,"Specialty Hospitals (Cancer, TB, etc)",0
Ahilyanagar,2019,Srirampur,Clinics,158
Ahilyanagar,2019,Srirampur,Maternity Wards,25
Ahilyanagar,2019,Srirampur,Number of Beds,1056
Ahilyanagar,2019,Nevasa,Hospitals,84
Ahilyanagar,2019,Nevasa,"Specialty Hospitals (Cancer, TB, etc)",0
Ahilyanagar,2019,Nevasa,Clinics,44
Ahilyanagar,2019,Nevasa,Maternity Wards,83
Ahilyanagar,2019,Nevasa,Number of Beds,952
Ahilyanagar,2019,Shevgaon,Hospitals,13
Ahilyanagar,2019,Shevgaon,"Specialty Hospitals (Cancer, TB, etc)",0
Ahilyanagar,2019,Shevgaon,Clinics,4
Ahilyanagar,2019,Shevgaon,Maternity Wards,13
Ahilyanagar,2019,Shevgaon,Number of Beds,61
Ahilyanagar,2019,Pathardi,Hospitals,24
Ahilyanagar,2019,Pathardi,"Specialty Hospitals (Cancer, TB, etc)",0
Ahilyanagar,2019,Pathardi,Clinics,54
Ahilyanagar,2019,Pathardi,Maternity Wards,24
Ahilyanagar,2019,Pathardi,Number of Beds,218
Ahilyanagar,2019,Nagar,Hospitals,277
Ahilyanagar,2019,Nagar,"Specialty Hospitals (Cancer, TB, etc)",2
Ahilyanagar,2019,Nagar,Clinics,496
Ahilyanagar,2019,Nagar,Maternity Wards,131
Ahilyanagar,2019,Nagar,Number of Beds,4449
Ahilyanagar,2019,Rahuri,Hospitals,85
Ahilyanagar,2019,Rahuri,"Specialty Hospitals (Cancer, TB, etc)",0
Ahilyanagar,2019,Rahuri,Clinics,64
Ahilyanagar,2019,Rahuri,Maternity Wards,26
Ahilyanagar,2019,Rahuri,Number of Beds,914
Ahilyanagar,2019,Parner,Hospitals,78
Ahilyanagar,2019,Parner,"Specialty Hospitals (Cancer, TB, etc)",0
Ahilyanagar,2019,Parner,Clinics,36
Ahilyanagar,2019,Parner,Maternity Wards,77
Ahilyanagar,2019,Parner,Number of Beds,501
Ahilyanagar,2019,Srigonda,Hospitals,97
Ahilyanagar,2019,Srigonda,"Specialty Hospitals (Cancer, TB, etc)",0
Ahilyanagar,2019,Srigonda,Clinics,46
Ahilyanagar,2019,Srigonda,Maternity Wards,84
Ahilyanagar,2019,Srigonda,Number of Beds,733
Ahilyanagar,2019,Karjat,Hospitals,58
Ahilyanagar,2019,Karjat,"Specialty Hospitals (Cancer, TB, etc)",0
Ahilyanagar,2019,Karjat,Clinics,20
Ahilyanagar,2019,Karjat,Maternity Wards,50
Ahilyanagar,2019,Karjat,Number of Beds,236
Ahilyanagar,2019,Jamkhed,Hospitals,26
Ahilyanagar,2019,Jamkhed,"Specialty Hospitals (Cancer, TB, etc)",0
Ahilyanagar,2019,Jamkhed,Clinics,7
Ahilyanagar,2019,Jamkhed,Maternity Wards,26
Ahilyanagar,2019,Jamkhed,Number of Beds,76
Ahilyanagar,2020,Akole,Hospitals,19
Ahilyanagar,2020,Akole,"Specialty Hospitals (Cancer, TB, etc)",0
Ahilyanagar,2020,Akole,Clinics,91
Ahilyanagar,2020,Akole,Maternity Wards,16
Ahilyanagar,2020,Akole,Number of Beds,64
Ahilyanagar,2020,Sangamner,Hospitals,109
Ahilyanagar,2020,Sangamner,"Specialty Hospitals (Cancer, TB, etc)",0
Ahilyanagar,2020,Sangamner,Clinics,148
Ahilyanagar,2020,Sangamner,Maternity Wards,33
Ahilyanagar,2020,Sangamner,Number of Beds,2559
Ahilyanagar,2020,Kopargaon,Hospitals,45
Ahilyanagar,2020,Kopargaon,"Specialty Hospitals (Cancer, TB, etc)",0
Ahilyanagar,2020,Kopargaon,Clinics,100
Ahilyanagar,2020,Kopargaon,Maternity Wards,22
Ahilyanagar,2020,Kopargaon,Number of Beds,514
Ahilyanagar,2020,Rahata,Hospitals,26
Ahilyanagar,2020,Rahata,"Specialty Hospitals (Cancer, TB, etc)",0
Ahilyanagar,2020,Rahata,Clinics,210
Ahilyanagar,2020,Rahata,Maternity Wards,30
Ahilyanagar,2020,Rahata,Number of Beds,1859
Ahilyanagar,2020,Srirampur,Hospitals,73
Ahilyanagar,2020,Srirampur,"Specialty Hospitals (Cancer, TB, etc)",0
Ahilyanagar,2020,Srirampur,Clinics,213
Ahilyanagar,2020,Srirampur,Maternity Wards,25
Ahilyanagar,2020,Srirampur,Number of Beds,1314
Ahilyanagar,2020,Nevasa,Hospitals,2
Ahilyanagar,2020,Nevasa,"Specialty Hospitals (Cancer, TB, etc)",0
Ahilyanagar,2020,Nevasa,Clinics,153
Ahilyanagar,2020,Nevasa,Maternity Wards,20
Ahilyanagar,2020,Nevasa,Number of Beds,590
Ahilyanagar,2020,Shevgaon,Hospitals,2
Ahilyanagar,2020,Shevgaon,"Specialty Hospitals (Cancer, TB, etc)",0
Ahilyanagar,2020,Shevgaon,Clinics,89
Ahilyanagar,2020,Shevgaon,Maternity Wards,5
Ahilyanagar,2020,Shevgaon,Number of Beds,376
Ahilyanagar,2020,Pathardi,Hospitals,24
Ahilyanagar,2020,Pathardi,"Specialty Hospitals (Cancer, TB, etc)",0
Ahilyanagar,2020,Pathardi,Clinics,54
Ahilyanagar,2020,Pathardi,Maternity Wards,24
Ahilyanagar,2020,Pathardi,Number of Beds,218
Ahilyanagar,2020,Nagar,Hospitals,217
Ahilyanagar,2020,Nagar,"Specialty Hospitals (Cancer, TB, etc)",0
Ahilyanagar,2020,Nagar,Clinics,598
Ahilyanagar,2020,Nagar,Maternity Wards,62
Ahilyanagar,2020,Nagar,Number of Beds,6215
Ahilyanagar,2020,Rahuri,Hospitals,114
Ahilyanagar,2020,Rahuri,"Specialty Hospitals (Cancer, TB, etc)",0
Ahilyanagar,2020,Rahuri,Clinics,104
Ahilyanagar,2020,Rahuri,Maternity Wards,49
Ahilyanagar,2020,Rahuri,Number of Beds,1225
Ahilyanagar,2020,Parner,Hospitals,2
Ahilyanagar,2020,Parner,"Specialty Hospitals (Cancer, TB, etc)",0
Ahilyanagar,2020,Parner,Clinics,119
Ahilyanagar,2020,Parner,Maternity Wards,36
Ahilyanagar,2020,Parner,Number of Beds,275
Ahilyanagar,2020,Srigonda,Hospitals,56
Ahilyanagar,2020,Srigonda,"Specialty Hospitals (Cancer, TB, etc)",0
Ahilyanagar,2020,Srigonda,Clinics,166
Ahilyanagar,2020,Srigonda,Maternity Wards,48
Ahilyanagar,2020,Srigonda,Number of Beds,586
Ahilyanagar,2020,Karjat,Hospitals,0
Ahilyanagar,2020,Karjat,"Specialty Hospitals (Cancer, TB, etc)",0
Ahilyanagar,2020,Karjat,Clinics,43
Ahilyanagar,2020,Karjat,Maternity Wards,19
Ahilyanagar,2020,Karjat,Number of Beds,210
Ahilyanagar,2020,Jamkhed,Hospitals,0
Ahilyanagar,2020,Jamkhed,"Specialty Hospitals (Cancer, TB, etc)",0
Ahilyanagar,2020,Jamkhed,Clinics,115
Ahilyanagar,2020,Jamkhed,Maternity Wards,7
Ahilyanagar,2020,Jamkhed,Number of Beds,14
Ahilyanagar,2021,Akole,Hospitals,19
Ahilyanagar,2021,Akole,"Specialty Hospitals (Cancer, TB, etc)",0
Ahilyanagar,2021,Akole,Clinics,92
Ahilyanagar,2021,Akole,Maternity Wards,16
Ahilyanagar,2021,Akole,Number of Beds,125
Ahilyanagar,2021,Sangamner,Hospitals,109
Ahilyanagar,2021,Sangamner,"Specialty Hospitals (Cancer, TB, etc)",0
Ahilyanagar,2021,Sangamner,Clinics,149
Ahilyanagar,2021,Sangamner,Maternity Wards,33
Ahilyanagar,2021,Sangamner,Number of Beds,2572
Ahilyanagar,2021,Kopargaon,Hospitals,45
Ahilyanagar,2021,Kopargaon,"Specialty Hospitals (Cancer, TB, etc)",0
Ahilyanagar,2021,Kopargaon,Clinics,124
Ahilyanagar,2021,Kopargaon,Maternity Wards,23
Ahilyanagar,2021,Kopargaon,Number of Beds,850
Ahilyanagar,2021,Rahata,Hospitals,26
Ahilyanagar,2021,Rahata,"Specialty Hospitals (Cancer, TB, etc)",0
Ahilyanagar,2021,Rahata,Clinics,212
Ahilyanagar,2021,Rahata,Maternity Wards,39
Ahilyanagar,2021,Rahata,Number of Beds,1853
Ahilyanagar,2021,Srirampur,Hospitals,75
Ahilyanagar,2021,Srirampur,"Specialty Hospitals (Cancer, TB, etc)",0
Ahilyanagar,2021,Srirampur,Clinics,249
Ahilyanagar,2021,Srirampur,Maternity Wards,26
Ahilyanagar,2021,Srirampur,Number of Beds,1324
Ahilyanagar,2021,Nevasa,Hospitals,4
Ahilyanagar,2021,Nevasa,"Specialty Hospitals (Cancer, TB, etc)",0
Ahilyanagar,2021,Nevasa,Clinics,154
Ahilyanagar,2021,Nevasa,Maternity Wards,25
Ahilyanagar,2021,Nevasa,Number of Beds,385
Ahilyanagar,2021,Shevgaon,Hospitals,3
Ahilyanagar,2021,Shevgaon,"Specialty Hospitals (Cancer, TB, etc)",0
Ahilyanagar,2021,Shevgaon,Clinics,92
Ahilyanagar,2021,Shevgaon,Maternity Wards,8
Ahilyanagar,2021,Shevgaon,Number of Beds,664
Ahilyanagar,2021,Pathardi,Hospitals,24
Ahilyanagar,2021,Pathardi,"Specialty Hospitals (Cancer, TB, etc)",0
Ahilyanagar,2021,Pathardi,Clinics,54
Ahilyanagar,2021,Pathardi,Maternity Wards,24
Ahilyanagar,2021,Pathardi,Number of Beds,227
Ahilyanagar,2021,Nagar,Hospitals,207
Ahilyanagar,2021,Nagar,"Specialty Hospitals (Cancer, TB, etc)",1
Ahilyanagar,2021,Nagar,Clinics,417
Ahilyanagar,2021,Nagar,Maternity Wards,90
Ahilyanagar,2021,Nagar,Number of Beds,5692
Ahilyanagar,2021,Rahuri,Hospitals,115
Ahilyanagar,2021,Rahuri,"Specialty Hospitals (Cancer, TB, etc)",0
Ahilyanagar,2021,Rahuri,Clinics,107
Ahilyanagar,2021,Rahuri,Maternity Wards,10
Ahilyanagar,2021,Rahuri,Number of Beds,1288
Ahilyanagar,2021,Parner,Hospitals,2
Ahilyanagar,2021,Parner,"Specialty Hospitals (Cancer, TB, etc)",0
Ahilyanagar,2021,Parner,Clinics,121
Ahilyanagar,2021,Parner,Maternity Wards,34
Ahilyanagar,2021,Parner,Number of Beds,597
Ahilyanagar,2021,Srigonda,Hospitals,55
Ahilyanagar,2021,Srigonda,"Specialty Hospitals (Cancer, TB, etc)",0
Ahilyanagar,2021,Srigonda,Clinics,169
Ahilyanagar,2021,Srigonda,Maternity Wards,49
Ahilyanagar,2021,Srigonda,Number of Beds,592
Ahilyanagar,2021,Karjat,Hospitals,0
Ahilyanagar,2021,Karjat,"Specialty Hospitals (Cancer, TB, etc)",0
Ahilyanagar,2021,Karjat,Clinics,43
Ahilyanagar,2021,Karjat,Maternity Wards,19
Ahilyanagar,2021,Karjat,Number of Beds,210
Ahilyanagar,2021,Jamkhed,Hospitals,0
Ahilyanagar,2021,Jamkhed,"Specialty Hospitals (Cancer, TB, etc)",0
Ahilyanagar,2021,Jamkhed,Clinics,115
Ahilyanagar,2021,Jamkhed,Maternity Wards,7
Ahilyanagar,2021,Jamkhed,Number of Beds,14
Akola,2019,Telhara,Hospitals,5
Akola,2019,Telhara,"Specialty Hospitals (Cancer, TB, etc)",0
Akola,2019,Telhara,Clinics,88
Akola,2019,Telhara,Maternity Wards,5
Akola,2019,Telhara,Number of Beds,39
Akola,2019,Akot,Hospitals,15
Akola,2019,Akot,"Specialty Hospitals (Cancer, TB, etc)",0
Akola,2019,Akot,Clinics,156
Akola,2019,Akot,Maternity Wards,17
Akola,2019,Akot,Number of Beds,127
Akola,2019,Balapur,Hospitals,3
Akola,2019,Balapur,"Specialty Hospitals (Cancer, TB, etc)",0
Akola,2019,Balapur,Clinics,87
Akola,2019,Balapur,Maternity Wards,8
Akola,2019,Balapur,Number of Beds,25
Akola,2019,Akola,Hospitals,101
Akola,2019,Akola,"Specialty Hospitals (Cancer, TB, etc)",6
Akola,2019,Akola,Clinics,145
Akola,2019,Akola,Maternity Wards,47
Akola,2019,Akola,Number of Beds,760
Akola,2019,Murtijapur,Hospitals,15
Akola,2019,Murtijapur,"Specialty Hospitals (Cancer, TB, etc)",1
Akola,2019,Murtijapur,Clinics,77
Akola,2019,Murtijapur,Maternity Wards,26
Akola,2019,Murtijapur,Number of Beds,114
Akola,2019,Patur,Hospitals,0
Akola,2019,Patur,"Specialty Hospitals (Cancer, TB, etc)",0
Akola,2019,Patur,Clinics,42
Akola,2019,Patur,Maternity Wards,2
Akola,2019,Patur,Number of Beds,8
Akola,2019,Barshitakali,Hospitals,1
Akola,2019,Barshitakali,"Specialty Hospitals (Cancer, TB, etc)",0
Akola,2019,Barshitakali,Clinics,91
Akola,2019,Barshitakali,Maternity Wards,2
Akola,2019,Barshitakali,Number of Beds,35
Akola,2020,Telhara,Hospitals,5
Akola,2020,Telhara,"Specialty Hospitals (Cancer, TB, etc)",0
Akola,2020,Telhara,Clinics,88
Akola,2020,Telhara,Maternity Wards,5
Akola,2020,Telhara,Number of Beds,48
Akola,2020,Akot,Hospitals,15
Akola,2020,Akot,"Specialty Hospitals (Cancer, TB, etc)",0
Akola,2020,Akot,Clinics,156
Akola,2020,Akot,Maternity Wards,17
Akola,2020,Akot,Number of Beds,138
Akola,2020,Balapur,Hospitals,3
Akola,2020,Balapur,"Specialty Hospitals (Cancer, TB, etc)",0
Akola,2020,Balapur,Clinics,87
Akola,2020,Balapur,Maternity Wards,8
Akola,2020,Balapur,Number of Beds,35
Akola,2020,Akola,Hospitals,101
Akola,2020,Akola,"Specialty Hospitals (Cancer, TB, etc)",6
Akola,2020,Akola,Clinics,145
Akola,2020,Akola,Maternity Wards,47
Akola,2020,Akola,Number of Beds,934
Akola,2020,Murtijapur,Hospitals,15
Akola,2020,Murtijapur,"Specialty Hospitals (Cancer, TB, etc)",1
Akola,2020,Murtijapur,Clinics,77
Akola,2020,Murtijapur,Maternity Wards,26
Akola,2020,Murtijapur,Number of Beds,139
Akola,2020,Patur,Hospitals,0
Akola,2020,Patur,"Specialty Hospitals (Cancer, TB, etc)",0
Akola,2020,Patur,Clinics,42
Akola,2020,Patur,Maternity Wards,2
Akola,2020,Patur,Number of Beds,12
Akola,2020,Barshitakali,Hospitals,1
Akola,2020,Barshitakali,"Specialty Hospitals (Cancer, TB, etc)",0
Akola,2020,Barshitakali,Clinics,91
Akola,2020,Barshitakali,Maternity Wards,2
Akola,2020,Barshitakali,Number of Beds,42
Akola,2021,Telhara,Hospitals,4
Akola,2021,Telhara,"Specialty Hospitals (Cancer, TB, etc)",0
Akola,2021,Telhara,Clinics,37
Akola,2021,Telhara,Maternity Wards,2
Akola,2021,Telhara,Number of Beds,15
Akola,2021,Akot,Hospitals,42
Akola,2021,Akot,"Specialty Hospitals (Cancer, TB, etc)",0
Akola,2021,Akot,Clinics,139
Akola,2021,Akot,Maternity Wards,12
Akola,2021,Akot,Number of Beds,266
Akola,2021,Balapur,Hospitals,4
Akola,2021,Balapur,"Specialty Hospitals (Cancer, TB, etc)",0
Akola,2021,Balapur,Clinics,53
Akola,2021,Balapur,Maternity Wards,2
Akola,2021,Balapur,Number of Beds,15
Akola,2021,Akola,Hospitals,319
Akola,2021,Akola,"Specialty Hospitals (Cancer, TB, etc)",6
Akola,2021,Akola,Clinics,675
Akola,2021,Akola,Maternity Wards,65
Akola,2021,Akola,Number of Beds,4086
Akola,2021,Murtijapur,Hospitals,20
Akola,2021,Murtijapur,"Specialty Hospitals (Cancer, TB, etc)",0
Akola,2021,Murtijapur,Clinics,93
Akola,2021,Murtijapur,Maternity Wards,4
Akola,2021,Murtijapur,Number of Beds,240
Akola,2021,Patur,Hospitals,0
Akola,2021,Patur,"Specialty Hospitals (Cancer, TB, etc)",0
Akola,2021,Patur,Clinics,42
Akola,2021,Patur,Maternity Wards,0
Akola,2021,Patur,Number of Beds,0
Akola,2021,Barshitakali,Hospitals,0
Akola,2021,Barshitakali,"Specialty Hospitals (Cancer, TB, etc)",0
Akola,2021,Barshitakali,Clinics,91
Akola,2021,Barshitakali,Maternity Wards,0
Akola,2021,Barshitakali,Number of Beds,0
Amravati,2012,Dharani,Hospitals,1
Amravati,2012,Dharani,"Specialty Hospitals (Cancer, TB, etc)",0
Amravati,2012,Dharani,Clinics,9
Amravati,2012,Dharani,Maternity Wards,2
Amravati,2012,Dharani,Number of Beds,9
Amravati,2012,Chikhraldara,Hospitals,0
Amravati,2012,Chikhraldara,"Specialty Hospitals (Cancer, TB, etc)",0
Amravati,2012,Chikhraldara,Clinics,9
Amravati,2012,Chikhraldara,Maternity Wards,0
Amravati,2012,Chikhraldara,Number of Beds,0
Amravati,2012,Anjangaon Su,Hospitals,0
Amravati,2012,Anjangaon Su,"Specialty Hospitals (Cancer, TB, etc)",0
Amravati,2012,Anjangaon Su,Clinics,50
Amravati,2012,Anjangaon Su,Maternity Wards,8
Amravati,2012,Anjangaon Su,Number of Beds,61
Amravati,2012,Achalpur,Hospitals,12
Amravati,2012,Achalpur,"Specialty Hospitals (Cancer, TB, etc)",0
Amravati,2012,Achalpur,Clinics,76
Amravati,2012,Achalpur,Maternity Wards,10
Amravati,2012,Achalpur,Number of Beds,243
Amravati,2012,Chandurbazar,Hospitals,2
Amravati,2012,Chandurbazar,"Specialty Hospitals (Cancer, TB, etc)",1
Amravati,2012,Chandurbazar,Clinics,27
Amravati,2012,Chandurbazar,Maternity Wards,3
Amravati,2012,Chandurbazar,Number of Beds,28
Amravati,2012,Morshi,Hospitals,0
Amravati,2012,Morshi,"Specialty Hospitals (Cancer, TB, etc)",0
Amravati,2012,Morshi,Clinics,36
Amravati,2012,Morshi,Maternity Wards,4
Amravati,2012,Morshi,Number of Beds,28
Amravati,2012,Warud,Hospitals,6
Amravati,2012,Warud,"Specialty Hospitals (Cancer, TB, etc)",0
Amravati,2012,Warud,Clinics,34
Amravati,2012,Warud,Maternity Wards,5
Amravati,2012,Warud,Number of Beds,116
Amravati,2012,Tivas,Hospitals,1
Amravati,2012,Tivas,"Specialty Hospitals (Cancer, TB, etc)",0
Amravati,2012,Tivas,Clinics,11
Amravati,2012,Tivas,Maternity Wards,0
Amravati,2012,Tivas,Number of Beds,60
Amravati,2012,Amravati,Hospitals,250
Amravati,2012,Amravati,"Specialty Hospitals (Cancer, TB, etc)",2
Amravati,2012,Amravati,Clinics,972
Amravati,2012,Amravati,Maternity Wards,133
Amravati,2012,Amravati,Number of Beds,2169
Amravati,2012,Bhatkuli,Hospitals,1
Amravati,2012,Bhatkuli,"Specialty Hospitals (Cancer, TB, etc)",0
Amravati,2012,Bhatkuli,Clinics,10
Amravati,2012,Bhatkuli,Maternity Wards,0
Amravati,2012,Bhatkuli,Number of Beds,10
Amravati,2012,Daryapur,Hospitals,0
Amravati,2012,Daryapur,"Specialty Hospitals (Cancer, TB, etc)",0
Amravati,2012,Daryapur,Clinics,42
Amravati,2012,Daryapur,Maternity Wards,4
Amravati,2012,Daryapur,Number of Beds,85
Amravati,2012,Nandgaon Kh,Hospitals,2
Amravati,2012,Nandgaon Kh,"Specialty Hospitals (Cancer, TB, etc)",0
Amravati,2012,Nandgaon Kh,Clinics,3
Amravati,2012,Nandgaon Kh,Maternity Wards,0
Amravati,2012,Nandgaon Kh,Number of Beds,4
Amravati,2012,Chandur Railway,Hospitals,0
Amravati,2012,Chandur Railway,"Specialty Hospitals (Cancer, TB, etc)",0
Amravati,2012,Chandur Railway,Clinics,15
Amravati,2012,Chandur Railway,Maternity Wards,0
Amravati,2012,Chandur Railway,Number of Beds,0
Amravati,2012,Dhamangaon Re,Hospitals,1
Amravati,2012,Dhamangaon Re,"Specialty Hospitals (Cancer, TB, etc)",0
Amravati,2012,Dhamangaon Re,Clinics,22
Amravati,2012,Dhamangaon Re,Maternity Wards,1
Amravati,2012,Dhamangaon Re,Number of Beds,14
Amravati,2013,Dharani,Hospitals,1
Amravati,2013,Dharani,"Specialty Hospitals (Cancer, TB, etc)",0
Amravati,2013,Dharani,Clinics,9
Amravati,2013,Dharani,Maternity Wards,2
Amravati,2013,Dharani,Number of Beds,11
Amravati,2013,Chikhraldara,Hospitals,0
Amravati,2013,Chikhraldara,"Specialty Hospitals (Cancer, TB, etc)",0
Amravati,2013,Chikhraldara,Clinics,9
Amravati,2013,Chikhraldara,Maternity Wards,0
Amravati,2013,Chikhraldara,Number of Beds,0
Amravati,2013,Anjangaon Su,Hospitals,0
Amravati,2013,Anjangaon Su,"Specialty Hospitals (Cancer, TB, etc)",0
Amravati,2013,Anjangaon Su,Clinics,50
Amravati,2013,Anjangaon Su,Maternity Wards,8
Amravati,2013,Anjangaon Su,Number of Beds,61
Amravati,2013,Achalpur,Hospitals,11
Amravati,2013,Achalpur,"Specialty Hospitals (Cancer, TB, etc)",1
Amravati,2013,Achalpur,Clinics,76
Amravati,2013,Achalpur,Maternity Wards,10
Amravati,2013,Achalpur,Number of Beds,243
Amravati,2013,Chandurbazar,Hospitals,2
Amravati,2013,Chandurbazar,"Specialty Hospitals (Cancer, TB, etc)",1
Amravati,2013,Chandurbazar,Clinics,27
Amravati,2013,Chandurbazar,Maternity Wards,3
Amravati,2013,Chandurbazar,Number of Beds,28
Amravati,2013,Morshi,Hospitals,0
Amravati,2013,Morshi,"Specialty Hospitals (Cancer, TB, etc)",0
Amravati,2013,Morshi,Clinics,36
Amravati,2013,Morshi,Maternity Wards,4
Amravati,2013,Morshi,Number of Beds,28
Amravati,2013,Warud,Hospitals,6
Amravati,2013,Warud,"Specialty Hospitals (Cancer, TB, etc)",0
Amravati,2013,Warud,Clinics,34
Amravati,2013,Warud,Maternity Wards,5
Amravati,2013,Warud,Number of Beds,116
Amravati,2013,Tivas,Hospitals,1
Amravati,2013,Tivas,"Specialty Hospitals (Cancer, TB, etc)",0
Amravati,2013,Tivas,Clinics,11
Amravati,2013,Tivas,Maternity Wards,0
Amravati,2013,Tivas,Number of Beds,60
Amravati,2013,Amravati,Hospitals,72
Amravati,2013,Amravati,"Specialty Hospitals (Cancer, TB, etc)",2
Amravati,2013,Amravati,Clinics,972
Amravati,2013,Amravati,Maternity Wards,59
Amravati,2013,Amravati,Number of Beds,2169
Amravati,2013,Bhatkuli,Hospitals,1
Amravati,2013,Bhatkuli,"Specialty Hospitals (Cancer, TB, etc)",0
Amravati,2013,Bhatkuli,Clinics,10
Amravati,2013,Bhatkuli,Maternity Wards,0
Amravati,2013,Bhatkuli,Number of Beds,10
Amravati,2013,Daryapur,Hospitals,0
Amravati,2013,Daryapur,"Specialty Hospitals (Cancer, TB, etc)",0
Amravati,2013,Daryapur,Clinics,42
Amravati,2013,Daryapur,Maternity Wards,4
Amravati,2013,Daryapur,Number of Beds,85
Amravati,2013,Nandgaon Kh,Hospitals,2
Amravati,2013,Nandgaon Kh,"Specialty Hospitals (Cancer, TB, etc)",0
Amravati,2013,Nandgaon Kh,Clinics,3
Amravati,2013,Nandgaon Kh,Maternity Wards,1
Amravati,2013,Nandgaon Kh,Number of Beds,6
Amravati,2013,Chandur Railway,Hospitals,0
Amravati,2013,Chandur Railway,"Specialty Hospitals (Cancer, TB, etc)",0
Amravati,2013,Chandur Railway,Clinics,15
Amravati,2013,Chandur Railway,Maternity Wards,0
Amravati,2013,Chandur Railway,Number of Beds,0
Amravati,2013,Dhamangaon Re,Hospitals,1
Amravati,2013,Dhamangaon Re,"Specialty Hospitals (Cancer, TB, etc)",0
Amravati,2013,Dhamangaon Re,Clinics,22
Amravati,2013,Dhamangaon Re,Maternity Wards,1
Amravati,2013,Dhamangaon Re,Number of Beds,23
Amravati,2014,Dharani,Hospitals,1
Amravati,2014,Dharani,"Specialty Hospitals (Cancer, TB, etc)",0
Amravati,2014,Dharani,Clinics,9
Amravati,2014,Dharani,Maternity Wards,2
Amravati,2014,Dharani,Number of Beds,11
Amravati,2014,Chikhraldara,Hospitals,0
Amravati,2014,Chikhraldara,"Specialty Hospitals (Cancer, TB, etc)",0
Amravati,2014,Chikhraldara,Clinics,9
Amravati,2014,Chikhraldara,Maternity Wards,0
Amravati,2014,Chikhraldara,Number of Beds,0
Amravati,2014,Anjangaon Su,Hospitals,0
Amravati,2014,Anjangaon Su,"Specialty Hospitals (Cancer, TB, etc)",0
Amravati,2014,Anjangaon Su,Clinics,50
Amravati,2014,Anjangaon Su,Maternity Wards,8
Amravati,2014,Anjangaon Su,Number of Beds,61
Amravati,2014,Achalpur,Hospitals,11
Amravati,2014,Achalpur,"Specialty Hospitals (Cancer, TB, etc)",1
Amravati,2014,Achalpur,Clinics,76
Amravati,2014,Achalpur,Maternity Wards,10
Amravati,2014,Achalpur,Number of Beds,243
Amravati,2014,Chandurbazar,Hospitals,2
Amravati,2014,Chandurbazar,"Specialty Hospitals (Cancer, TB, etc)",1
Amravati,2014,Chandurbazar,Clinics,27
Amravati,2014,Chandurbazar,Maternity Wards,3
Amravati,2014,Chandurbazar,Number of Beds,28
Amravati,2014,Morshi,Hospitals,0
Amravati,2014,Morshi,"Specialty Hospitals (Cancer, TB, etc)",0
Amravati,2014,Morshi,Clinics,36
Amravati,2014,Morshi,Maternity Wards,4
Amravati,2014,Morshi,Number of Beds,28
Amravati,2014,Warud,Hospitals,6
Amravati,2014,Warud,"Specialty Hospitals (Cancer, TB, etc)",0
Amravati,2014,Warud,Clinics,34
Amravati,2014,Warud,Maternity Wards,5
Amravati,2014,Warud,Number of Beds,116
Amravati,2014,Tivas,Hospitals,1
Amravati,2014,Tivas,"Specialty Hospitals (Cancer, TB, etc)",0
Amravati,2014,Tivas,Clinics,11
Amravati,2014,Tivas,Maternity Wards,0
Amravati,2014,Tivas,Number of Beds,60
Amravati,2014,Amravati,Hospitals,72
Amravati,2014,Amravati,"Specialty Hospitals (Cancer, TB, etc)",2
Amravati,2014,Amravati,Clinics,1159
Amravati,2014,Amravati,Maternity Wards,130
Amravati,2014,Amravati,Number of Beds,5123
Amravati,2014,Bhatkuli,Hospitals,1
Amravati,2014,Bhatkuli,"Specialty Hospitals (Cancer, TB, etc)",0
Amravati,2014,Bhatkuli,Clinics,10
Amravati,2014,Bhatkuli,Maternity Wards,0
Amravati,2014,Bhatkuli,Number of Beds,10
Amravati,2014,Daryapur,Hospitals,0
Amravati,2014,Daryapur,"Specialty Hospitals (Cancer, TB, etc)",0
Amravati,2014,Daryapur,Clinics,42
Amravati,2014,Daryapur,Maternity Wards,4
Amravati,2014,Daryapur,Number of Beds,85
Amravati,2014,Nandgaon Kh,Hospitals,2
Amravati,2014,Nandgaon Kh,"Specialty Hospitals (Cancer, TB, etc)",0
Amravati,2014,Nandgaon Kh,Clinics,3
Amravati,2014,Nandgaon Kh,Maternity Wards,1
Amravati,2014,Nandgaon Kh,Number of Beds,6
Amravati,2014,Chandur Railway,Hospitals,0
Amravati,2014,Chandur Railway,"Specialty Hospitals (Cancer, TB, etc)",0
Amravati,2014,Chandur Railway,Clinics,15
Amravati,2014,Chandur Railway,Maternity Wards,0
Amravati,2014,Chandur Railway,Number of Beds,0
Amravati,2014,Dhamangaon Re,Hospitals,1
Amravati,2014,Dhamangaon Re,"Specialty Hospitals (Cancer, TB, etc)",0
Amravati,2014,Dhamangaon Re,Clinics,22
Amravati,2014,Dhamangaon Re,Maternity Wards,1
Amravati,2014,Dhamangaon Re,Number of Beds,23
Amravati,2015,Dharani,Hospitals,1
Amravati,2015,Dharani,"Specialty Hospitals (Cancer, TB, etc)",0
Amravati,2015,Dharani,Clinics,9
Amravati,2015,Dharani,Maternity Wards,2
Amravati,2015,Dharani,Number of Beds,11
Amravati,2015,Chikhraldara,Hospitals,0
Amravati,2015,Chikhraldara,"Specialty Hospitals (Cancer, TB, etc)",0
Amravati,2015,Chikhraldara,Clinics,9
Amravati,2015,Chikhraldara,Maternity Wards,0
Amravati,2015,Chikhraldara,Number of Beds,0
Amravati,2015,Anjangaon Su,Hospitals,0
Amravati,2015,Anjangaon Su,"Specialty Hospitals (Cancer, TB, etc)",0
Amravati,2015,Anjangaon Su,Clinics,50
Amravati,2015,Anjangaon Su,Maternity Wards,8
Amravati,2015,Anjangaon Su,Number of Beds,61
Amravati,2015,Achalpur,Hospitals,11
Amravati,2015,Achalpur,"Specialty Hospitals (Cancer, TB, etc)",1
Amravati,2015,Achalpur,Clinics,76
Amravati,2015,Achalpur,Maternity Wards,10
Amravati,2015,Achalpur,Number of Beds,243
Amravati,2015,Chandurbazar,Hospitals,2
Amravati,2015,Chandurbazar,"Specialty Hospitals (Cancer, TB, etc)",1
Amravati,2015,Chandurbazar,Clinics,27
Amravati,2015,Chandurbazar,Maternity Wards,3
Amravati,2015,Chandurbazar,Number of Beds,28
Amravati,2015,Morshi,Hospitals,0
Amravati,2015,Morshi,"Specialty Hospitals (Cancer, TB, etc)",0
Amravati,2015,Morshi,Clinics,36
Amravati,2015,Morshi,Maternity Wards,4
Amravati,2015,Morshi,Number of Beds,28
Amravati,2015,Warud,Hospitals,6
Amravati,2015,Warud,"Specialty Hospitals (Cancer, TB, etc)",0
Amravati,2015,Warud,Clinics,34
Amravati,2015,Warud,Maternity Wards,5
Amravati,2015,Warud,Number of Beds,116
Amravati,2015,Tivas,Hospitals,1
Amravati,2015,Tivas,"Specialty Hospitals (Cancer, TB, etc)",0
Amravati,2015,Tivas,Clinics,11
Amravati,2015,Tivas,Maternity Wards,0
Amravati,2015,Tivas,Number of Beds,60
Amravati,2015,Amravati,Hospitals,72
Amravati,2015,Amravati,"Specialty Hospitals (Cancer, TB, etc)",2
Amravati,2015,Amravati,Clinics,1170
Amravati,2015,Amravati,Maternity Wards,139
Amravati,2015,Amravati,Number of Beds,5546
Amravati,2015,Bhatkuli,Hospitals,1
Amravati,2015,Bhatkuli,"Specialty Hospitals (Cancer, TB, etc)",0
Amravati,2015,Bhatkuli,Clinics,10
Amravati,2015,Bhatkuli,Maternity Wards,0
Amravati,2015,Bhatkuli,Number of Beds,10
Amravati,2015,Daryapur,Hospitals,0
Amravati,2015,Daryapur,"Specialty Hospitals (Cancer, TB, etc)",0
Amravati,2015,Daryapur,Clinics,42
Amravati,2015,Daryapur,Maternity Wards,4
Amravati,2015,Daryapur,Number of Beds,85
Amravati,2015,Nandgaon Kh,Hospitals,2
Amravati,2015,Nandgaon Kh,"Specialty Hospitals (Cancer, TB, etc)",0
Amravati,2015,Nandgaon Kh,Clinics,3
Amravati,2015,Nandgaon Kh,Maternity Wards,1
Amravati,2015,Nandgaon Kh,Number of Beds,6
Amravati,2015,Chandur Railway,Hospitals,0
Amravati,2015,Chandur Railway,"Specialty Hospitals (Cancer, TB, etc)",0
Amravati,2015,Chandur Railway,Clinics,15
Amravati,2015,Chandur Railway,Maternity Wards,0
Amravati,2015,Chandur Railway,Number of Beds,0
Amravati,2015,Dhamangaon Re,Hospitals,1
Amravati,2015,Dhamangaon Re,"Specialty Hospitals (Cancer, TB, etc)",0
Amravati,2015,Dhamangaon Re,Clinics,22
Amravati,2015,Dhamangaon Re,Maternity Wards,1
Amravati,2015,Dhamangaon Re,Number of Beds,23
Amravati,2016,Dharani,Hospitals,1
Amravati,2016,Dharani,"Specialty Hospitals (Cancer, TB, etc)",0
Amravati,2016,Dharani,Clinics,9
Amravati,2016,Dharani,Maternity Wards,2
Amravati,2016,Dharani,Number of Beds,11
Amravati,2016,Chikhraldara,Hospitals,0
Amravati,2016,Chikhraldara,"Specialty Hospitals (Cancer, TB, etc)",0
Amravati,2016,Chikhraldara,Clinics,9
Amravati,2016,Chikhraldara,Maternity Wards,0
Amravati,2016,Chikhraldara,Number of Beds,0
Amravati,2016,Anjangaon Su,Hospitals,0
Amravati,2016,Anjangaon Su,"Specialty Hospitals (Cancer, TB, etc)",0
Amravati,2016,Anjangaon Su,Clinics,50
Amravati,2016,Anjangaon Su,Maternity Wards,8
Amravati,2016,Anjangaon Su,Number of Beds,61
Amravati,2016,Achalpur,Hospitals,11
Amravati,2016,Achalpur,"Specialty Hospitals (Cancer, TB, etc)",1
Amravati,2016,Achalpur,Clinics,76
Amravati,2016,Achalpur,Maternity Wards,10
Amravati,2016,Achalpur,Number of Beds,243
Amravati,2016,Chandurbazar,Hospitals,2
Amravati,2016,Chandurbazar,"Specialty Hospitals (Cancer, TB, etc)",1
Amravati,2016,Chandurbazar,Clinics,27
Amravati,2016,Chandurbazar,Maternity Wards,3
Amravati,2016,Chandurbazar,Number of Beds,28
Amravati,2016,Morshi,Hospitals,0
Amravati,2016,Morshi,"Specialty Hospitals (Cancer, TB, etc)",0
Amravati,2016,Morshi,Clinics,36
Amravati,2016,Morshi,Maternity Wards,4
Amravati,2016,Morshi,Number of Beds,28
Amravati,2016,Warud,Hospitals,6
Amravati,2016,Warud,"Specialty Hospitals (Cancer, TB, etc)",0
Amravati,2016,Warud,Clinics,34
Amravati,2016,Warud,Maternity Wards,5
Amravati,2016,Warud,Number of Beds,116
Amravati,2016,Tivas,Hospitals,1
Amravati,2016,Tivas,"Specialty Hospitals (Cancer, TB, etc)",0
Amravati,2016,Tivas,Clinics,11
Amravati,2016,Tivas,Maternity Wards,0
Amravati,2016,Tivas,Number of Beds,60
Amravati,2016,Amravati,Hospitals,72
Amravati,2016,Amravati,"Specialty Hospitals (Cancer, TB, etc)",2
Amravati,2016,Amravati,Clinics,1178
Amravati,2016,Amravati,Maternity Wards,147
Amravati,2016,Amravati,Number of Beds,6020
Amravati,2016,Bhatkuli,Hospitals,1
Amravati,2016,Bhatkuli,"Specialty Hospitals (Cancer, TB, etc)",0
Amravati,2016,Bhatkuli,Clinics,10
Amravati,2016,Bhatkuli,Maternity Wards,0
Amravati,2016,Bhatkuli,Number of Beds,10
Amravati,2016,Daryapur,Hospitals,0
Amravati,2016,Daryapur,"Specialty Hospitals (Cancer, TB, etc)",0
Amravati,2016,Daryapur,Clinics,42
Amravati,2016,Daryapur,Maternity Wards,4
Amravati,2016,Daryapur,Number of Beds,85
Amravati,2016,Nandgaon Kh,Hospitals,2
Amravati,2016,Nandgaon Kh,"Specialty Hospitals (Cancer, TB, etc)",0
Amravati,2016,Nandgaon Kh,Clinics,3
Amravati,2016,Nandgaon Kh,Maternity Wards,1
Amravati,2016,Nandgaon Kh,Number of Beds,6
Amravati,2016,Chandur Railway,Hospitals,0
Amravati,2016,Chandur Railway,"Specialty Hospitals (Cancer, TB, etc)",0
Amravati,2016,Chandur Railway,Clinics,15
Amravati,2016,Chandur Railway,Maternity Wards,0
Amravati,2016,Chandur Railway,Number of Beds,0
Amravati,2016,Dhamangaon Re,Hospitals,1
Amravati,2016,Dhamangaon Re,"Specialty Hospitals (Cancer, TB, etc)",0
Amravati,2016,Dhamangaon Re,Clinics,22
Amravati,2016,Dhamangaon Re,Maternity Wards,1
Amravati,2016,Dhamangaon Re,Number of Beds,23
Amravati,2017,Dharani,Hospitals,1
Amravati,2017,Dharani,"Specialty Hospitals (Cancer, TB, etc)",0
Amravati,2017,Dharani,Clinics,9
Amravati,2017,Dharani,Maternity Wards,2
Amravati,2017,Dharani,Number of Beds,11
Amravati,2017,Chikhraldara,Hospitals,0
Amravati,2017,Chikhraldara,"Specialty Hospitals (Cancer, TB, etc)",0
Amravati,2017,Chikhraldara,Clinics,9
Amravati,2017,Chikhraldara,Maternity Wards,0
Amravati,2017,Chikhraldara,Number of Beds,0
Amravati,2017,Anjangaon Su,Hospitals,0
Amravati,2017,Anjangaon Su,"Specialty Hospitals (Cancer, TB, etc)",0
Amravati,2017,Anjangaon Su,Clinics,50
Amravati,2017,Anjangaon Su,Maternity Wards,8
Amravati,2017,Anjangaon Su,Number of Beds,61
Amravati,2017,Achalpur,Hospitals,11
Amravati,2017,Achalpur,"Specialty Hospitals (Cancer, TB, etc)",1
Amravati,2017,Achalpur,Clinics,76
Amravati,2017,Achalpur,Maternity Wards,10
Amravati,2017,Achalpur,Number of Beds,243
Amravati,2017,Chandurbazar,Hospitals,2
Amravati,2017,Chandurbazar,"Specialty Hospitals (Cancer, TB, etc)",1
Amravati,2017,Chandurbazar,Clinics,27
Amravati,2017,Chandurbazar,Maternity Wards,3
Amravati,2017,Chandurbazar,Number of Beds,28
Amravati,2017,Morshi,Hospitals,0
Amravati,2017,Morshi,"Specialty Hospitals (Cancer, TB, etc)",0
Amravati,2017,Morshi,Clinics,36
Amravati,2017,Morshi,Maternity Wards,4
Amravati,2017,Morshi,Number of Beds,28
Amravati,2017,Warud,Hospitals,6
Amravati,2017,Warud,"Specialty Hospitals (Cancer, TB, etc)",0
Amravati,2017,Warud,Clinics,34
Amravati,2017,Warud,Maternity Wards,5
Amravati,2017,Warud,Number of Beds,116
Amravati,2017,Tivas,Hospitals,1
Amravati,2017,Tivas,"Specialty Hospitals (Cancer, TB, etc)",0
Amravati,2017,Tivas,Clinics,11
Amravati,2017,Tivas,Maternity Wards,0
Amravati,2017,Tivas,Number of Beds,60
Amravati,2017,Amravati,Hospitals,72
Amravati,2017,Amravati,"Specialty Hospitals (Cancer, TB, etc)",2
Amravati,2017,Amravati,Clinics,1190
Amravati,2017,Amravati,Maternity Wards,145
Amravati,2017,Amravati,Number of Beds,5023
Amravati,2017,Bhatkuli,Hospitals,1
Amravati,2017,Bhatkuli,"Specialty Hospitals (Cancer, TB, etc)",0
Amravati,2017,Bhatkuli,Clinics,10
Amravati,2017,Bhatkuli,Maternity Wards,0
Amravati,2017,Bhatkuli,Number of Beds,10
Amravati,2017,Daryapur,Hospitals,0
Amravati,2017,Daryapur,"Specialty Hospitals (Cancer, TB, etc)",0
Amravati,2017,Daryapur,Clinics,42
Amravati,2017,Daryapur,Maternity Wards,4
Amravati,2017,Daryapur,Number of Beds,85
Amravati,2017,Nandgaon Kh,Hospitals,2
Amravati,2017,Nandgaon Kh,"Specialty Hospitals (Cancer, TB, etc)",0
Amravati,2017,Nandgaon Kh,Clinics,3
Amravati,2017,Nandgaon Kh,Maternity Wards,1
Amravati,2017,Nandgaon Kh,Number of Beds,6
Amravati,2017,Chandur Railway,Hospitals,0
Amravati,2017,Chandur Railway,"Specialty Hospitals (Cancer, TB, etc)",0
Amravati,2017,Chandur Railway,Clinics,15
Amravati,2017,Chandur Railway,Maternity Wards,0
Amravati,2017,Chandur Railway,Number of Beds,0
Amravati,2017,Dhamangaon Re,Hospitals,1
Amravati,2017,Dhamangaon Re,"Specialty Hospitals (Cancer, TB, etc)",0
Amravati,2017,Dhamangaon Re,Clinics,22
Amravati,2017,Dhamangaon Re,Maternity Wards,1
Amravati,2017,Dhamangaon Re,Number of Beds,23
Amravati,2018,Dharani,Hospitals,1
Amravati,2018,Dharani,"Specialty Hospitals (Cancer, TB, etc)",0
Amravati,2018,Dharani,Clinics,9
Amravati,2018,Dharani,Maternity Wards,2
Amravati,2018,Dharani,Number of Beds,11
Amravati,2018,Chikhraldara,Hospitals,0
Amravati,2018,Chikhraldara,"Specialty Hospitals (Cancer, TB, etc)",0
Amravati,2018,Chikhraldara,Clinics,9
Amravati,2018,Chikhraldara,Maternity Wards,0
Amravati,2018,Chikhraldara,Number of Beds,0
Amravati,2018,Anjangaon Su,Hospitals,0
Amravati,2018,Anjangaon Su,"Specialty Hospitals (Cancer, TB, etc)",0
Amravati,2018,Anjangaon Su,Clinics,50
Amravati,2018,Anjangaon Su,Maternity Wards,8
Amravati,2018,Anjangaon Su,Number of Beds,61
Amravati,2018,Achalpur,Hospitals,11
Amravati,2018,Achalpur,"Specialty Hospitals (Cancer, TB, etc)",1
Amravati,2018,Achalpur,Clinics,76
Amravati,2018,Achalpur,Maternity Wards,10
Amravati,2018,Achalpur,Number of Beds,243
Amravati,2018,Chandurbazar,Hospitals,2
Amravati,2018,Chandurbazar,"Specialty Hospitals (Cancer, TB, etc)",1
Amravati,2018,Chandurbazar,Clinics,27
Amravati,2018,Chandurbazar,Maternity Wards,3
Amravati,2018,Chandurbazar,Number of Beds,28
Amravati,2018,Morshi,Hospitals,0
Amravati,2018,Morshi,"Specialty Hospitals (Cancer, TB, etc)",0
Amravati,2018,Morshi,Clinics,36
Amravati,2018,Morshi,Maternity Wards,4
Amravati,2018,Morshi,Number of Beds,28
Amravati,2018,Warud,Hospitals,6
Amravati,2018,Warud,"Specialty Hospitals (Cancer, TB, etc)",0
Amravati,2018,Warud,Clinics,34
Amravati,2018,Warud,Maternity Wards,5
Amravati,2018,Warud,Number of Beds,116
Amravati,2018,Tivas,Hospitals,1
Amravati,2018,Tivas,"Specialty Hospitals (Cancer, TB, etc)",0
Amravati,2018,Tivas,Clinics,11
Amravati,2018,Tivas,Maternity Wards,0
Amravati,2018,Tivas,Number of Beds,60
Amravati,2018,Amravati,Hospitals,72
Amravati,2018,Amravati,"Specialty Hospitals (Cancer, TB, etc)",2
Amravati,2018,Amravati,Clinics,1192
Amravati,2018,Amravati,Maternity Wards,146
Amravati,2018,Amravati,Number of Beds,4804
Amravati,2018,Bhatkuli,Hospitals,1
Amravati,2018,Bhatkuli,"Specialty Hospitals (Cancer, TB, etc)",0
Amravati,2018,Bhatkuli,Clinics,10
Amravati,2018,Bhatkuli,Maternity Wards,0
Amravati,2018,Bhatkuli,Number of Beds,10
Amravati,2018,Daryapur,Hospitals,0
Amravati,2018,Daryapur,"Specialty Hospitals (Cancer, TB, etc)",0
Amravati,2018,Daryapur,Clinics,42
Amravati,2018,Daryapur,Maternity Wards,4
Amravati,2018,Daryapur,Number of Beds,85
Amravati,2018,Nandgaon Kh,Hospitals,2
Amravati,2018,Nandgaon Kh,"Specialty Hospitals (Cancer, TB, etc)",0
Amravati,2018,Nandgaon Kh,Clinics,3
Amravati,2018,Nandgaon Kh,Maternity Wards,1
Amravati,2018,Nandgaon Kh,Number of Beds,6
Amravati,2018,Chandur Railway,Hospitals,0
Amravati,2018,Chandur Railway,"Specialty Hospitals (Cancer, TB, etc)",0
Amravati,2018,Chandur Railway,Clinics,15
Amravati,2018,Chandur Railway,Maternity Wards,0
Amravati,2018,Chandur Railway,Number of Beds,0
Amravati,2018,Dhamangaon Re,Hospitals,1
Amravati,2018,Dhamangaon Re,"Specialty Hospitals (Cancer, TB, etc)",0
Amravati,2018,Dhamangaon Re,Clinics,22
Amravati,2018,Dhamangaon Re,Maternity Wards,1
Amravati,2018,Dhamangaon Re,Number of Beds,23
Amravati,2019,Dharani,Hospitals,1
Amravati,2019,Dharani,"Specialty Hospitals (Cancer, TB, etc)",0
Amravati,2019,Dharani,Clinics,9
Amravati,2019,Dharani,Maternity Wards,2
Amravati,2019,Dharani,Number of Beds,11
Amravati,2019,Chikhraldara,Hospitals,0
Amravati,2019,Chikhraldara,"Specialty Hospitals (Cancer, TB, etc)",0
Amravati,2019,Chikhraldara,Clinics,9
Amravati,2019,Chikhraldara,Maternity Wards,0
Amravati,2019,Chikhraldara,Number of Beds,0
Amravati,2019,Anjangaon Su,Hospitals,0
Amravati,2019,Anjangaon Su,"Specialty Hospitals (Cancer, TB, etc)",0
Amravati,2019,Anjangaon Su,Clinics,50
Amravati,2019,Anjangaon Su,Maternity Wards,8
Amravati,2019,Anjangaon Su,Number of Beds,61
Amravati,2019,Achalpur,Hospitals,11
Amravati,2019,Achalpur,"Specialty Hospitals (Cancer, TB, etc)",1
Amravati,2019,Achalpur,Clinics,76
Amravati,2019,Achalpur,Maternity Wards,10
Amravati,2019,Achalpur,Number of Beds,243
Amravati,2019,Chandurbazar,Hospitals,2
Amravati,2019,Chandurbazar,"Specialty Hospitals (Cancer, TB, etc)",1
Amravati,2019,Chandurbazar,Clinics,27
Amravati,2019,Chandurbazar,Maternity Wards,3
Amravati,2019,Chandurbazar,Number of Beds,28
Amravati,2019,Morshi,Hospitals,0
Amravati,2019,Morshi,"Specialty Hospitals (Cancer, TB, etc)",0
Amravati,2019,Morshi,Clinics,36
Amravati,2019,Morshi,Maternity Wards,4
Amravati,2019,Morshi,Number of Beds,28
Amravati,2019,Warud,Hospitals,6
Amravati,2019,Warud,"Specialty Hospitals (Cancer, TB, etc)",0
Amravati,2019,Warud,Clinics,34
Amravati,2019,Warud,Maternity Wards,5
Amravati,2019,Warud,Number of Beds,116
Amravati,2019,Tivas,Hospitals,1
Amravati,2019,Tivas,"Specialty Hospitals (Cancer, TB, etc)",0
Amravati,2019,Tivas,Clinics,11
Amravati,2019,Tivas,Maternity Wards,0
Amravati,2019,Tivas,Number of Beds,60
Amravati,2019,Amravati,Hospitals,72
Amravati,2019,Amravati,"Specialty Hospitals (Cancer, TB, etc)",2
Amravati,2019,Amravati,Clinics,1187
Amravati,2019,Amravati,Maternity Wards,152
Amravati,2019,Amravati,Number of Beds,4862
Amravati,2019,Bhatkuli,Hospitals,1
Amravati,2019,Bhatkuli,"Specialty Hospitals (Cancer, TB, etc)",0
Amravati,2019,Bhatkuli,Clinics,10
Amravati,2019,Bhatkuli,Maternity Wards,0
Amravati,2019,Bhatkuli,Number of Beds,10
Amravati,2019,Daryapur,Hospitals,0
Amravati,2019,Daryapur,"Specialty Hospitals (Cancer, TB, etc)",0
Amravati,2019,Daryapur,Clinics,42
Amravati,2019,Daryapur,Maternity Wards,4
Amravati,2019,Daryapur,Number of Beds,85
Amravati,2019,Nandgaon Kh,Hospitals,2
Amravati,2019,Nandgaon Kh,"Specialty Hospitals (Cancer, TB, etc)",0
Amravati,2019,Nandgaon Kh,Clinics,3
Amravati,2019,Nandgaon Kh,Maternity Wards,1
Amravati,2019,Nandgaon Kh,Number of Beds,6
Amravati,2019,Chandur Railway,Hospitals,0
Amravati,2019,Chandur Railway,"Specialty Hospitals (Cancer, TB, etc)",0
Amravati,2019,Chandur Railway,Clinics,15
Amravati,2019,Chandur Railway,Maternity Wards,0
Amravati,2019,Chandur Railway,Number of Beds,0
Amravati,2019,Dhamangaon Re,Hospitals,1
Amravati,2019,Dhamangaon Re,"Specialty Hospitals (Cancer, TB, etc)",0
Amravati,2019,Dhamangaon Re,Clinics,22
Amravati,2019,Dhamangaon Re,Maternity Wards,1
Amravati,2019,Dhamangaon Re,Number of Beds,23
Amravati,2020,Dharani,Hospitals,1
Amravati,2020,Dharani,"Specialty Hospitals (Cancer, TB, etc)",0
Amravati,2020,Dharani,Clinics,9
Amravati,2020,Dharani,Maternity Wards,2
Amravati,2020,Dharani,Number of Beds,11
Amravati,2020,Chikhraldara,Hospitals,0
Amravati,2020,Chikhraldara,"Specialty Hospitals (Cancer, TB, etc)",0
Amravati,2020,Chikhraldara,Clinics,9
Amravati,2020,Chikhraldara,Maternity Wards,0
Amravati,2020,Chikhraldara,Number of Beds,0
Amravati,2020,Anjangaon Su,Hospitals,0
Amravati,2020,Anjangaon Su,"Specialty Hospitals (Cancer, TB, etc)",0
Amravati,2020,Anjangaon Su,Clinics,50
Amravati,2020,Anjangaon Su,Maternity Wards,8
Amravati,2020,Anjangaon Su,Number of Beds,61
Amravati,2020,Achalpur,Hospitals,11
Amravati,2020,Achalpur,"Specialty Hospitals (Cancer, TB, etc)",1
Amravati,2020,Achalpur,Clinics,76
Amravati,2020,Achalpur,Maternity Wards,10
Amravati,2020,Achalpur,Number of Beds,243
Amravati,2020,Chandurbazar,Hospitals,2
Amravati,2020,Chandurbazar,"Specialty Hospitals (Cancer, TB, etc)",1
Amravati,2020,Chandurbazar,Clinics,27
Amravati,2020,Chandurbazar,Maternity Wards,3
Amravati,2020,Chandurbazar,Number of Beds,28
Amravati,2020,Morshi,Hospitals,0
Amravati,2020,Morshi,"Specialty Hospitals (Cancer, TB, etc)",0
Amravati,2020,Morshi,Clinics,36
Amravati,2020,Morshi,Maternity Wards,4
Amravati,2020,Morshi,Number of Beds,28
Amravati,2020,Warud,Hospitals,6
Amravati,2020,Warud,"Specialty Hospitals (Cancer, TB, etc)",0
Amravati,2020,Warud,Clinics,34
Amravati,2020,Warud,Maternity Wards,5
Amravati,2020,Warud,Number of Beds,116
Amravati,2020,Tivas,Hospitals,1
Amravati,2020,Tivas,"Specialty Hospitals (Cancer, TB, etc)",0
Amravati,2020,Tivas,Clinics,11
Amravati,2020,Tivas,Maternity Wards,0
Amravati,2020,Tivas,Number of Beds,60
Amravati,2020,Amravati,Hospitals,72
Amravati,2020,Amravati,"Specialty Hospitals (Cancer, TB, etc)",2
Amravati,2020,Amravati,Clinics,1194
Amravati,2020,Amravati,Maternity Wards,143
Amravati,2020,Amravati,Number of Beds,6071
Amravati,2020,Bhatkuli,Hospitals,1
Amravati,2020,Bhatkuli,"Specialty Hospitals (Cancer, TB, etc)",0
Amravati,2020,Bhatkuli,Clinics,10
Amravati,2020,Bhatkuli,Maternity Wards,0
Amravati,2020,Bhatkuli,Number of Beds,10
Amravati,2020,Daryapur,Hospitals,0
Amravati,2020,Daryapur,"Specialty Hospitals (Cancer, TB, etc)",0
Amravati,2020,Daryapur,Clinics,42
Amravati,2020,Daryapur,Maternity Wards,4
Amravati,2020,Daryapur,Number of Beds,85
Amravati,2020,Nandgaon Kh,Hospitals,2
Amravati,2020,Nandgaon Kh,"Specialty Hospitals (Cancer, TB, etc)",0
Amravati,2020,Nandgaon Kh,Clinics,3
Amravati,2020,Nandgaon Kh,Maternity Wards,1
Amravati,2020,Nandgaon Kh,Number of Beds,6
Amravati,2020,Chandur Railway,Hospitals,0
Amravati,2020,Chandur Railway,"Specialty Hospitals (Cancer, TB, etc)",0
Amravati,2020,Chandur Railway,Clinics,15
Amravati,2020,Chandur Railway,Maternity Wards,0
Amravati,2020,Chandur Railway,Number of Beds,0
Amravati,2020,Dhamangaon Re,Hospitals,1
Amravati,2020,Dhamangaon Re,"Specialty Hospitals (Cancer, TB, etc)",0
Amravati,2020,Dhamangaon Re,Clinics,22
Amravati,2020,Dhamangaon Re,Maternity Wards,1
Amravati,2020,Dhamangaon Re,Number of Beds,23
Amravati,2021,Dharani,Hospitals,1
Amravati,2021,Dharani,"Specialty Hospitals (Cancer, TB, etc)",0
Amravati,2021,Dharani,Clinics,9
Amravati,2021,Dharani,Maternity Wards,2
Amravati,2021,Dharani,Number of Beds,11
Amravati,2021,Chikhraldara,Hospitals,0
Amravati,2021,Chikhraldara,"Specialty Hospitals (Cancer, TB, etc)",0
Amravati,2021,Chikhraldara,Clinics,9
Amravati,2021,Chikhraldara,Maternity Wards,0
Amravati,2021,Chikhraldara,Number of Beds,0
Amravati,2021,Anjangaon Su,Hospitals,0
Amravati,2021,Anjangaon Su,"Specialty Hospitals (Cancer, TB, etc)",0
Amravati,2021,Anjangaon Su,Clinics,50
Amravati,2021,Anjangaon Su,Maternity Wards,8
Amravati,2021,Anjangaon Su,Number of Beds,61
Amravati,2021,Achalpur,Hospitals,11
Amravati,2021,Achalpur,"Specialty Hospitals (Cancer, TB, etc)",1
Amravati,2021,Achalpur,Clinics,76
Amravati,2021,Achalpur,Maternity Wards,10
Amravati,2021,Achalpur,Number of Beds,243
Amravati,2021,Chandurbazar,Hospitals,2
Amravati,2021,Chandurbazar,"Specialty Hospitals (Cancer, TB, etc)",1
Amravati,2021,Chandurbazar,Clinics,27
Amravati,2021,Chandurbazar,Maternity Wards,3
Amravati,2021,Chandurbazar,Number of Beds,28
Amravati,2021,Morshi,Hospitals,0
Amravati,2021,Morshi,"Specialty Hospitals (Cancer, TB, etc)",0
Amravati,2021,Morshi,Clinics,36
Amravati,2021,Morshi,Maternity Wards,4
Amravati,2021,Morshi,Number of Beds,28
Amravati,2021,Warud,Hospitals,6
Amravati,2021,Warud,"Specialty Hospitals (Cancer, TB, etc)",0
Amravati,2021,Warud,Clinics,34
Amravati,2021,Warud,Maternity Wards,5
Amravati,2021,Warud,Number of Beds,116
Amravati,2021,Tivas,Hospitals,1
Amravati,2021,Tivas,"Specialty Hospitals (Cancer, TB, etc)",0
Amravati,2021,Tivas,Clinics,11
Amravati,2021,Tivas,Maternity Wards,0
Amravati,2021,Tivas,Number of Beds,60
Amravati,2021,Amravati,Hospitals,86
Amravati,2021,Amravati,"Specialty Hospitals (Cancer, TB, etc)",2
Amravati,2021,Amravati,Clinics,1235
Amravati,2021,Amravati,Maternity Wards,159
Amravati,2021,Amravati,Number of Beds,5961
Amravati,2021,Bhatkuli,Hospitals,1
Amravati,2021,Bhatkuli,"Specialty Hospitals (Cancer, TB, etc)",0
Amravati,2021,Bhatkuli,Clinics,10
Amravati,2021,Bhatkuli,Maternity Wards,0
Amravati,2021,Bhatkuli,Number of Beds,10
Amravati,2021,Daryapur,Hospitals,0
Amravati,2021,Daryapur,"Specialty Hospitals (Cancer, TB, etc)",0
Amravati,2021,Daryapur,Clinics,42
Amravati,2021,Daryapur,Maternity Wards,4
Amravati,2021,Daryapur,Number of Beds,85
Amravati,2021,Nandgaon Kh,Hospitals,2
Amravati,2021,Nandgaon Kh,"Specialty Hospitals (Cancer, TB, etc)",0
Amravati,2021,Nandgaon Kh,Clinics,3
Amravati,2021,Nandgaon Kh,Maternity Wards,1
Amravati,2021,Nandgaon Kh,Number of Beds,6
Amravati,2021,Chandur Railway,Hospitals,0
Amravati,2021,Chandur Railway,"Specialty Hospitals (Cancer, TB, etc)",0
Amravati,2021,Chandur Railway,Clinics,15
Amravati,2021,Chandur Railway,Maternity Wards,0
Amravati,2021,Chandur Railway,Number of Beds,0
Amravati,2021,Dhamangaon Re,Hospitals,1
Amravati,2021,Dhamangaon Re,"Specialty Hospitals (Cancer, TB, etc)",0
Amravati,2021,Dhamangaon Re,Clinics,22
Amravati,2021,Dhamangaon Re,Maternity Wards,1
Amravati,2021,Dhamangaon Re,Number of Beds,23
Beed,2013,Ashti,Hospitals,30
Beed,2013,Ashti,"Specialty Hospitals (Cancer, TB, etc)",0
Beed,2013,Ashti,Clinics,45
Beed,2013,Ashti,Maternity Wards,6
Beed,2013,Ashti,Number of Beds,203
Beed,2013,Patoda,Hospitals,4
Beed,2013,Patoda,"Specialty Hospitals (Cancer, TB, etc)",0
Beed,2013,Patoda,Clinics,28
Beed,2013,Patoda,Maternity Wards,3
Beed,2013,Patoda,Number of Beds,121
Beed,2013,Shirur Kasar,Hospitals,2
Beed,2013,Shirur Kasar,"Specialty Hospitals (Cancer, TB, etc)",0
Beed,2013,Shirur Kasar,Clinics,41
Beed,2013,Shirur Kasar,Maternity Wards,2
Beed,2013,Shirur Kasar,Number of Beds,69
Beed,2013,Gevrai,Hospitals,16
Beed,2013,Gevrai,"Specialty Hospitals (Cancer, TB, etc)",0
Beed,2013,Gevrai,Clinics,5
Beed,2013,Gevrai,Maternity Wards,0
Beed,2013,Gevrai,Number of Beds,10
Beed,2013,Majalgaon,Hospitals,31
Beed,2013,Majalgaon,"Specialty Hospitals (Cancer, TB, etc)",0
Beed,2013,Majalgaon,Clinics,5
Beed,2013,Majalgaon,Maternity Wards,3
Beed,2013,Majalgaon,Number of Beds,77
Beed,2013,Wadwani,Hospitals,2
Beed,2013,Wadwani,"Specialty Hospitals (Cancer, TB, etc)",0
Beed,2013,Wadwani,Clinics,16
Beed,2013,Wadwani,Maternity Wards,1
Beed,2013,Wadwani,Number of Beds,37
Beed,2013,Beed,Hospitals,146
Beed,2013,Beed,"Specialty Hospitals (Cancer, TB, etc)",0
Beed,2013,Beed,Clinics,69
Beed,2013,Beed,Maternity Wards,8
Beed,2013,Beed,Number of Beds,185
Beed,2013,Cage,Hospitals,7
Beed,2013,Cage,"Specialty Hospitals (Cancer, TB, etc)",0
Beed,2013,Cage,Clinics,21
Beed,2013,Cage,Maternity Wards,4
Beed,2013,Cage,Number of Beds,127
Beed,2013,Dharur,Hospitals,7
Beed,2013,Dharur,"Specialty Hospitals (Cancer, TB, etc)",0
Beed,2013,Dharur,Clinics,8
Beed,2013,Dharur,Maternity Wards,0
Beed,2013,Dharur,Number of Beds,29
Beed,2013,Parli,Hospitals,14
Beed,2013,Parli,"Specialty Hospitals (Cancer, TB, etc)",0
Beed,2013,Parli,Clinics,10
Beed,2013,Parli,Maternity Wards,0
Beed,2013,Parli,Number of Beds,41
Beed,2013,Ambajogai,Hospitals,8
Beed,2013,Ambajogai,"Specialty Hospitals (Cancer, TB, etc)",0
Beed,2013,Ambajogai,Clinics,10
Beed,2013,Ambajogai,Maternity Wards,0
Beed,2013,Ambajogai,Number of Beds,8
Beed,2014,Ashti,Hospitals,30
Beed,2014,Ashti,"Specialty Hospitals (Cancer, TB, etc)",0
Beed,2014,Ashti,Clinics,45
Beed,2014,Ashti,Maternity Wards,30
Beed,2014,Ashti,Number of Beds,625
Beed,2014,Patoda,Hospitals,4
Beed,2014,Patoda,"Specialty Hospitals (Cancer, TB, etc)",0
Beed,2014,Patoda,Clinics,28
Beed,2014,Patoda,Maternity Wards,4
Beed,2014,Patoda,Number of Beds,41
Beed,2014,Shirur Kasar,Hospitals,2
Beed,2014,Shirur Kasar,"Specialty Hospitals (Cancer, TB, etc)",0
Beed,2014,Shirur Kasar,Clinics,41
Beed,2014,Shirur Kasar,Maternity Wards,22
Beed,2014,Shirur Kasar,Number of Beds,91
Beed,2014,Gevrai,Hospitals,16
Beed,2014,Gevrai,"Specialty Hospitals (Cancer, TB, etc)",0
Beed,2014,Gevrai,Clinics,5
Beed,2014,Gevrai,Maternity Wards,7
Beed,2014,Gevrai,Number of Beds,32
Beed,2014,Majalgaon,Hospitals,31
Beed,2014,Majalgaon,"Specialty Hospitals (Cancer, TB, etc)",0
Beed,2014,Majalgaon,Clinics,5
Beed,2014,Majalgaon,Maternity Wards,14
Beed,2014,Majalgaon,Number of Beds,113
Beed,2014,Wadwani,Hospitals,2
Beed,2014,Wadwani,"Specialty Hospitals (Cancer, TB, etc)",0
Beed,2014,Wadwani,Clinics,16
Beed,2014,Wadwani,Maternity Wards,13
Beed,2014,Wadwani,Number of Beds,60
Beed,2014,Beed,Hospitals,146
Beed,2014,Beed,"Specialty Hospitals (Cancer, TB, etc)",0
Beed,2014,Beed,Clinics,69
Beed,2014,Beed,Maternity Wards,9
Beed,2014,Beed,Number of Beds,539
Beed,2014,Cage,Hospitals,7
Beed,2014,Cage,"Specialty Hospitals (Cancer, TB, etc)",0
Beed,2014,Cage,Clinics,21
Beed,2014,Cage,Maternity Wards,4
Beed,2014,Cage,Number of Beds,127
Beed,2014,Dharur,Hospitals,7
Beed,2014,Dharur,"Specialty Hospitals (Cancer, TB, etc)",0
Beed,2014,Dharur,Clinics,8
Beed,2014,Dharur,Maternity Wards,5
Beed,2014,Dharur,Number of Beds,51
Beed,2014,Parli,Hospitals,14
Beed,2014,Parli,"Specialty Hospitals (Cancer, TB, etc)",0
Beed,2014,Parli,Clinics,10
Beed,2014,Parli,Maternity Wards,3
Beed,2014,Parli,Number of Beds,21
Beed,2014,Ambajogai,Hospitals,8
Beed,2014,Ambajogai,"Specialty Hospitals (Cancer, TB, etc)",0
Beed,2014,Ambajogai,Clinics,10
Beed,2014,Ambajogai,Maternity Wards,2
Beed,2014,Ambajogai,Number of Beds,58
Beed,2015,Ashti,Hospitals,30
Beed,2015,Ashti,"Specialty Hospitals (Cancer, TB, etc)",0
Beed,2015,Ashti,Clinics,45
Beed,2015,Ashti,Maternity Wards,22
Beed,2015,Ashti,Number of Beds,625
Beed,2015,Patoda,Hospitals,4
Beed,2015,Patoda,"Specialty Hospitals (Cancer, TB, etc)",0
Beed,2015,Patoda,Clinics,28
Beed,2015,Patoda,Maternity Wards,4
Beed,2015,Patoda,Number of Beds,41
Beed,2015,Shirur Kasar,Hospitals,2
Beed,2015,Shirur Kasar,"Specialty Hospitals (Cancer, TB, etc)",0
Beed,2015,Shirur Kasar,Clinics,41
Beed,2015,Shirur Kasar,Maternity Wards,5
Beed,2015,Shirur Kasar,Number of Beds,91
Beed,2015,Gevrai,Hospitals,16
Beed,2015,Gevrai,"Specialty Hospitals (Cancer, TB, etc)",0
Beed,2015,Gevrai,Clinics,5
Beed,2015,Gevrai,Maternity Wards,7
Beed,2015,Gevrai,Number of Beds,32
Beed,2015,Majalgaon,Hospitals,31
Beed,2015,Majalgaon,"Specialty Hospitals (Cancer, TB, etc)",0
Beed,2015,Majalgaon,Clinics,5
Beed,2015,Majalgaon,Maternity Wards,13
Beed,2015,Majalgaon,Number of Beds,113
Beed,2015,Wadwani,Hospitals,2
Beed,2015,Wadwani,"Specialty Hospitals (Cancer, TB, etc)",0
Beed,2015,Wadwani,Clinics,16
Beed,2015,Wadwani,Maternity Wards,13
Beed,2015,Wadwani,Number of Beds,60
Beed,2015,Beed,Hospitals,146
Beed,2015,Beed,"Specialty Hospitals (Cancer, TB, etc)",0
Beed,2015,Beed,Clinics,69
Beed,2015,Beed,Maternity Wards,12
Beed,2015,Beed,Number of Beds,539
Beed,2015,Cage,Hospitals,7
Beed,2015,Cage,"Specialty Hospitals (Cancer, TB, etc)",0
Beed,2015,Cage,Clinics,21
Beed,2015,Cage,Maternity Wards,4
Beed,2015,Cage,Number of Beds,127
Beed,2015,Dharur,Hospitals,7
Beed,2015,Dharur,"Specialty Hospitals (Cancer, TB, etc)",0
Beed,2015,Dharur,Clinics,8
Beed,2015,Dharur,Maternity Wards,5
Beed,2015,Dharur,Number of Beds,51
Beed,2015,Parli,Hospitals,14
Beed,2015,Parli,"Specialty Hospitals (Cancer, TB, etc)",0
Beed,2015,Parli,Clinics,10
Beed,2015,Parli,Maternity Wards,3
Beed,2015,Parli,Number of Beds,21
Beed,2015,Ambajogai,Hospitals,8
Beed,2015,Ambajogai,"Specialty Hospitals (Cancer, TB, etc)",0
Beed,2015,Ambajogai,Clinics,10
Beed,2015,Ambajogai,Maternity Wards,2
Beed,2015,Ambajogai,Number of Beds,58
Beed,2016,Ashti,Hospitals,36
Beed,2016,Ashti,"Specialty Hospitals (Cancer, TB, etc)",0
Beed,2016,Ashti,Clinics,0
Beed,2016,Ashti,Maternity Wards,21
Beed,2016,Ashti,Number of Beds,515
Beed,2016,Patoda,Hospitals,1
Beed,2016,Patoda,"Specialty Hospitals (Cancer, TB, etc)",0
Beed,2016,Patoda,Clinics,0
Beed,2016,Patoda,Maternity Wards,0
Beed,2016,Patoda,Number of Beds,10
Beed,2016,Shirur Kasar,Hospitals,6
Beed,2016,Shirur Kasar,"Specialty Hospitals (Cancer, TB, etc)",0
Beed,2016,Shirur Kasar,Clinics,0
Beed,2016,Shirur Kasar,Maternity Wards,1
Beed,2016,Shirur Kasar,Number of Beds,30
Beed,2016,Gevrai,Hospitals,12
Beed,2016,Gevrai,"Specialty Hospitals (Cancer, TB, etc)",0
Beed,2016,Gevrai,Clinics,0
Beed,2016,Gevrai,Maternity Wards,3
Beed,2016,Gevrai,Number of Beds,48
Beed,2016,Majalgaon,Hospitals,16
Beed,2016,Majalgaon,"Specialty Hospitals (Cancer, TB, etc)",0
Beed,2016,Majalgaon,Clinics,0
Beed,2016,Majalgaon,Maternity Wards,8
Beed,2016,Majalgaon,Number of Beds,98
Beed,2016,Wadwani,Hospitals,0
Beed,2016,Wadwani,"Specialty Hospitals (Cancer, TB, etc)",0
Beed,2016,Wadwani,Clinics,0
Beed,2016,Wadwani,Maternity Wards,0
Beed,2016,Wadwani,Number of Beds,0
Beed,2016,Beed,Hospitals,12
Beed,2016,Beed,"Specialty Hospitals (Cancer, TB, etc)",0
Beed,2016,Beed,Clinics,0
Beed,2016,Beed,Maternity Wards,7
Beed,2016,Beed,Number of Beds,553
Beed,2016,Cage,Hospitals,3
Beed,2016,Cage,"Specialty Hospitals (Cancer, TB, etc)",0
Beed,2016,Cage,Clinics,0
Beed,2016,Cage,Maternity Wards,1
Beed,2016,Cage,Number of Beds,16
Beed,2016,Dharur,Hospitals,6
Beed,2016,Dharur,"Specialty Hospitals (Cancer, TB, etc)",0
Beed,2016,Dharur,Clinics,0
Beed,2016,Dharur,Maternity Wards,1
Beed,2016,Dharur,Number of Beds,35
Beed,2016,Parli,Hospitals,10
Beed,2016,Parli,"Specialty Hospitals (Cancer, TB, etc)",0
Beed,2016,Parli,Clinics,0
Beed,2016,Parli,Maternity Wards,3
Beed,2016,Parli,Number of Beds,55
Beed,2016,Ambajogai,Hospitals,2
Beed,2016,Ambajogai,"Specialty Hospitals (Cancer, TB, etc)",0
Beed,2016,Ambajogai,Clinics,0
Beed,2016,Ambajogai,Maternity Wards,2
Beed,2016,Ambajogai,Number of Beds,58
Beed,2017,Ashti,Hospitals,43
Beed,2017,Ashti,"Specialty Hospitals (Cancer, TB, etc)",0
Beed,2017,Ashti,Clinics,0
Beed,2017,Ashti,Maternity Wards,26
Beed,2017,Ashti,Number of Beds,905
Beed,2017,Patoda,Hospitals,1
Beed,2017,Patoda,"Specialty Hospitals (Cancer, TB, etc)",0
Beed,2017,Patoda,Clinics,0
Beed,2017,Patoda,Maternity Wards,0
Beed,2017,Patoda,Number of Beds,10
Beed,2017,Shirur Kasar,Hospitals,8
Beed,2017,Shirur Kasar,"Specialty Hospitals (Cancer, TB, etc)",0
Beed,2017,Shirur Kasar,Clinics,0
Beed,2017,Shirur Kasar,Maternity Wards,3
Beed,2017,Shirur Kasar,Number of Beds,35
Beed,2017,Gevrai,Hospitals,14
Beed,2017,Gevrai,"Specialty Hospitals (Cancer, TB, etc)",0
Beed,2017,Gevrai,Clinics,0
Beed,2017,Gevrai,Maternity Wards,4
Beed,2017,Gevrai,Number of Beds,56
Beed,2017,Majalgaon,Hospitals,16
Beed,2017,Majalgaon,"Specialty Hospitals (Cancer, TB, etc)",0
Beed,2017,Majalgaon,Clinics,4
Beed,2017,Majalgaon,Maternity Wards,11
Beed,2017,Majalgaon,Number of Beds,64
Beed,2017,Wadwani,Hospitals,0
Beed,2017,Wadwani,"Specialty Hospitals (Cancer, TB, etc)",0
Beed,2017,Wadwani,Clinics,18
Beed,2017,Wadwani,Maternity Wards,0
Beed,2017,Wadwani,Number of Beds,0
Beed,2017,Beed,Hospitals,12
Beed,2017,Beed,"Specialty Hospitals (Cancer, TB, etc)",0
Beed,2017,Beed,Clinics,0
Beed,2017,Beed,Maternity Wards,10
Beed,2017,Beed,Number of Beds,568
Beed,2017,Cage,Hospitals,3
Beed,2017,Cage,"Specialty Hospitals (Cancer, TB, etc)",0
Beed,2017,Cage,Clinics,0
Beed,2017,Cage,Maternity Wards,1
Beed,2017,Cage,Number of Beds,11
Beed,2017,Dharur,Hospitals,6
Beed,2017,Dharur,"Specialty Hospitals (Cancer, TB, etc)",0
Beed,2017,Dharur,Clinics,10
Beed,2017,Dharur,Maternity Wards,7
Beed,2017,Dharur,Number of Beds,20
Beed,2017,Parli,Hospitals,10
Beed,2017,Parli,"Specialty Hospitals (Cancer, TB, etc)",0
Beed,2017,Parli,Clinics,0
Beed,2017,Parli,Maternity Wards,4
Beed,2017,Parli,Number of Beds,52
Beed,2017,Ambajogai,Hospitals,3
Beed,2017,Ambajogai,"Specialty Hospitals (Cancer, TB, etc)",0
Beed,2017,Ambajogai,Clinics,0
Beed,2017,Ambajogai,Maternity Wards,3
Beed,2017,Ambajogai,Number of Beds,78
Beed,2018,Ashti,Hospitals,43
Beed,2018,Ashti,"Specialty Hospitals (Cancer, TB, etc)",0
Beed,2018,Ashti,Clinics,0
Beed,2018,Ashti,Maternity Wards,26
Beed,2018,Ashti,Number of Beds,905
Beed,2018,Patoda,Hospitals,1
Beed,2018,Patoda,"Specialty Hospitals (Cancer, TB, etc)",0
Beed,2018,Patoda,Clinics,0
Beed,2018,Patoda,Maternity Wards,0
Beed,2018,Patoda,Number of Beds,10
Beed,2018,Shirur Kasar,Hospitals,8
Beed,2018,Shirur Kasar,"Specialty Hospitals (Cancer, TB, etc)",0
Beed,2018,Shirur Kasar,Clinics,0
Beed,2018,Shirur Kasar,Maternity Wards,3
Beed,2018,Shirur Kasar,Number of Beds,35
Beed,2018,Gevrai,Hospitals,16
Beed,2018,Gevrai,"Specialty Hospitals (Cancer, TB, etc)",0
Beed,2018,Gevrai,Clinics,0
Beed,2018,Gevrai,Maternity Wards,4
Beed,2018,Gevrai,Number of Beds,64
Beed,2018,Majalgaon,Hospitals,16
Beed,2018,Majalgaon,"Specialty Hospitals (Cancer, TB, etc)",0
Beed,2018,Majalgaon,Clinics,0
Beed,2018,Majalgaon,Maternity Wards,11
Beed,2018,Majalgaon,Number of Beds,64
Beed,2018,Wadwani,Hospitals,0
Beed,2018,Wadwani,"Specialty Hospitals (Cancer, TB, etc)",0
Beed,2018,Wadwani,Clinics,0
Beed,2018,Wadwani,Maternity Wards,0
Beed,2018,Wadwani,Number of Beds,0
Beed,2018,Beed,Hospitals,12
Beed,2018,Beed,"Specialty Hospitals (Cancer, TB, etc)",0
Beed,2018,Beed,Clinics,0
Beed,2018,Beed,Maternity Wards,10
Beed,2018,Beed,Number of Beds,568
Beed,2018,Cage,Hospitals,3
Beed,2018,Cage,"Specialty Hospitals (Cancer, TB, etc)",0
Beed,2018,Cage,Clinics,0
Beed,2018,Cage,Maternity Wards,1
Beed,2018,Cage,Number of Beds,11
Beed,2018,Dharur,Hospitals,6
Beed,2018,Dharur,"Specialty Hospitals (Cancer, TB, etc)",0
Beed,2018,Dharur,Clinics,0
Beed,2018,Dharur,Maternity Wards,7
Beed,2018,Dharur,Number of Beds,20
Beed,2018,Parli,Hospitals,11
Beed,2018,Parli,"Specialty Hospitals (Cancer, TB, etc)",0
Beed,2018,Parli,Clinics,0
Beed,2018,Parli,Maternity Wards,4
Beed,2018,Parli,Number of Beds,56
Beed,2018,Ambajogai,Hospitals,3
Beed,2018,Ambajogai,"Specialty Hospitals (Cancer, TB, etc)",0
Beed,2018,Ambajogai,Clinics,0
Beed,2018,Ambajogai,Maternity Wards,3
Beed,2018,Ambajogai,Number of Beds,78
Beed,2019,Ashti,Hospitals,45
Beed,2019,Ashti,"Specialty Hospitals (Cancer, TB, etc)",0
Beed,2019,Ashti,Clinics,0
Beed,2019,Ashti,Maternity Wards,45
Beed,2019,Ashti,Number of Beds,1015
Beed,2019,Patoda,Hospitals,1
Beed,2019,Patoda,"Specialty Hospitals (Cancer, TB, etc)",0
Beed,2019,Patoda,Clinics,0
Beed,2019,Patoda,Maternity Wards,1
Beed,2019,Patoda,Number of Beds,10
Beed,2019,Shirur Kasar,Hospitals,8
Beed,2019,Shirur Kasar,"Specialty Hospitals (Cancer, TB, etc)",0
Beed,2019,Shirur Kasar,Clinics,0
Beed,2019,Shirur Kasar,Maternity Wards,8
Beed,2019,Shirur Kasar,Number of Beds,35
Beed,2019,Gevrai,Hospitals,16
Beed,2019,Gevrai,"Specialty Hospitals (Cancer, TB, etc)",0
Beed,2019,Gevrai,Clinics,0
Beed,2019,Gevrai,Maternity Wards,16
Beed,2019,Gevrai,Number of Beds,60
Beed,2019,Majalgaon,Hospitals,16
Beed,2019,Majalgaon,"Specialty Hospitals (Cancer, TB, etc)",0
Beed,2019,Majalgaon,Clinics,0
Beed,2019,Majalgaon,Maternity Wards,16
Beed,2019,Majalgaon,Number of Beds,64
Beed,2019,Wadwani,Hospitals,0
Beed,2019,Wadwani,"Specialty Hospitals (Cancer, TB, etc)",0
Beed,2019,Wadwani,Clinics,0
Beed,2019,Wadwani,Maternity Wards,0
Beed,2019,Wadwani,Number of Beds,0
Beed,2019,Beed,Hospitals,12
Beed,2019,Beed,"Specialty Hospitals (Cancer, TB, etc)",0
Beed,2019,Beed,Clinics,0
Beed,2019,Beed,Maternity Wards,12
Beed,2019,Beed,Number of Beds,568
Beed,2019,Cage,Hospitals,5
Beed,2019,Cage,"Specialty Hospitals (Cancer, TB, etc)",0
Beed,2019,Cage,Clinics,0
Beed,2019,Cage,Maternity Wards,5
Beed,2019,Cage,Number of Beds,17
Beed,2019,Dharur,Hospitals,6
Beed,2019,Dharur,"Specialty Hospitals (Cancer, TB, etc)",0
Beed,2019,Dharur,Clinics,0
Beed,2019,Dharur,Maternity Wards,6
Beed,2019,Dharur,Number of Beds,20
Beed,2019,Parli,Hospitals,11
Beed,2019,Parli,"Specialty Hospitals (Cancer, TB, etc)",0
Beed,2019,Parli,Clinics,0
Beed,2019,Parli,Maternity Wards,11
Beed,2019,Parli,Number of Beds,55
Beed,2019,Ambajogai,Hospitals,3
Beed,2019,Ambajogai,"Specialty Hospitals (Cancer, TB, etc)",0
Beed,2019,Ambajogai,Clinics,0
Beed,2019,Ambajogai,Maternity Wards,3
Beed,2019,Ambajogai,Number of Beds,78
Beed,2020,Ashti,Hospitals,48
Beed,2020,Ashti,"Specialty Hospitals (Cancer, TB, etc)",0
Beed,2020,Ashti,Clinics,0
Beed,2020,Ashti,Maternity Wards,48
Beed,2020,Ashti,Number of Beds,1069
Beed,2020,Patoda,Hospitals,1
Beed,2020,Patoda,"Specialty Hospitals (Cancer, TB, etc)",0
Beed,2020,Patoda,Clinics,0
Beed,2020,Patoda,Maternity Wards,1
Beed,2020,Patoda,Number of Beds,10
Beed,2020,Shirur Kasar,Hospitals,8
Beed,2020,Shirur Kasar,"Specialty Hospitals (Cancer, TB, etc)",0
Beed,2020,Shirur Kasar,Clinics,0
Beed,2020,Shirur Kasar,Maternity Wards,8
Beed,2020,Shirur Kasar,Number of Beds,35
Beed,2020,Gevrai,Hospitals,17
Beed,2020,Gevrai,"Specialty Hospitals (Cancer, TB, etc)",0
Beed,2020,Gevrai,Clinics,0
Beed,2020,Gevrai,Maternity Wards,17
Beed,2020,Gevrai,Number of Beds,160
Beed,2020,Majalgaon,Hospitals,16
Beed,2020,Majalgaon,"Specialty Hospitals (Cancer, TB, etc)",0
Beed,2020,Majalgaon,Clinics,0
Beed,2020,Majalgaon,Maternity Wards,16
Beed,2020,Majalgaon,Number of Beds,64
Beed,2020,Wadwani,Hospitals,0
Beed,2020,Wadwani,"Specialty Hospitals (Cancer, TB, etc)",0
Beed,2020,Wadwani,Clinics,0
Beed,2020,Wadwani,Maternity Wards,0
Beed,2020,Wadwani,Number of Beds,0
Beed,2020,Beed,Hospitals,12
Beed,2020,Beed,"Specialty Hospitals (Cancer, TB, etc)",0
Beed,2020,Beed,Clinics,0
Beed,2020,Beed,Maternity Wards,12
Beed,2020,Beed,Number of Beds,568
Beed,2020,Cage,Hospitals,5
Beed,2020,Cage,"Specialty Hospitals (Cancer, TB, etc)",0
Beed,2020,Cage,Clinics,0
Beed,2020,Cage,Maternity Wards,5
Beed,2020,Cage,Number of Beds,17
Beed,2020,Dharur,Hospitals,8
Beed,2020,Dharur,"Specialty Hospitals (Cancer, TB, etc)",0
Beed,2020,Dharur,Clinics,0
Beed,2020,Dharur,Maternity Wards,8
Beed,2020,Dharur,Number of Beds,27
Beed,2020,Parli,Hospitals,11
Beed,2020,Parli,"Specialty Hospitals (Cancer, TB, etc)",0
Beed,2020,Parli,Clinics,0
Beed,2020,Parli,Maternity Wards,11
Beed,2020,Parli,Number of Beds,55
Beed,2020,Ambajogai,Hospitals,3
Beed,2020,Ambajogai,"Specialty Hospitals (Cancer, TB, etc)",0
Beed,2020,Ambajogai,Clinics,0
Beed,2020,Ambajogai,Maternity Wards,3
Beed,2020,Ambajogai,Number of Beds,78
Beed,2021,Ashti,Hospitals,48
Beed,2021,Ashti,"Specialty Hospitals (Cancer, TB, etc)",0
Beed,2021,Ashti,Clinics,0
Beed,2021,Ashti,Maternity Wards,48
Beed,2021,Ashti,Number of Beds,1069
Beed,2021,Patoda,Hospitals,1
Beed,2021,Patoda,"Specialty Hospitals (Cancer, TB, etc)",0
Beed,2021,Patoda,Clinics,0
Beed,2021,Patoda,Maternity Wards,1
Beed,2021,Patoda,Number of Beds,10
Beed,2021,Shirur Kasar,Hospitals,8
Beed,2021,Shirur Kasar,"Specialty Hospitals (Cancer, TB, etc)",0
Beed,2021,Shirur Kasar,Clinics,0
Beed,2021,Shirur Kasar,Maternity Wards,8
Beed,2021,Shirur Kasar,Number of Beds,35
Beed,2021,Gevrai,Hospitals,17
Beed,2021,Gevrai,"Specialty Hospitals (Cancer, TB, etc)",0
Beed,2021,Gevrai,Clinics,0
Beed,2021,Gevrai,Maternity Wards,17
Beed,2021,Gevrai,Number of Beds,160
Beed,2021,Majalgaon,Hospitals,16
Beed,2021,Majalgaon,"Specialty Hospitals (Cancer, TB, etc)",0
Beed,2021,Majalgaon,Clinics,0
Beed,2021,Majalgaon,Maternity Wards,16
Beed,2021,Majalgaon,Number of Beds,64
Beed,2021,Wadwani,Hospitals,0
Beed,2021,Wadwani,"Specialty Hospitals (Cancer, TB, etc)",0
Beed,2021,Wadwani,Clinics,0
Beed,2021,Wadwani,Maternity Wards,0
Beed,2021,Wadwani,Number of Beds,0
Beed,2021,Beed,Hospitals,12
Beed,2021,Beed,"Specialty Hospitals (Cancer, TB, etc)",0
Beed,2021,Beed,Clinics,0
Beed,2021,Beed,Maternity Wards,12
Beed,2021,Beed,Number of Beds,568
Beed,2021,Cage,Hospitals,5
Beed,2021,Cage,"Specialty Hospitals (Cancer, TB, etc)",0
Beed,2021,Cage,Clinics,0
Beed,2021,Cage,Maternity Wards,5
Beed,2021,Cage,Number of Beds,17
Beed,2021,Dharur,Hospitals,8
Beed,2021,Dharur,"Specialty Hospitals (Cancer, TB, etc)",0
Beed,2021,Dharur,Clinics,0
Beed,2021,Dharur,Maternity Wards,8
Beed,2021,Dharur,Number of Beds,27
Beed,2021,Parli,Hospitals,11
Beed,2021,Parli,"Specialty Hospitals (Cancer, TB, etc)",0
Beed,2021,Parli,Clinics,0
Beed,2021,Parli,Maternity Wards,11
Beed,2021,Parli,Number of Beds,55
Beed,2021,Ambajogai,Hospitals,3
Beed,2021,Ambajogai,"Specialty Hospitals (Cancer, TB, etc)",0
Beed,2021,Ambajogai,Clinics,0
Beed,2021,Ambajogai,Maternity Wards,3
Beed,2021,Ambajogai,Number of Beds,78
Bhandara,2012,Tumsar,Hospitals,13
Bhandara,2012,Tumsar,Clinics,22
Bhandara,2012,Tumsar,Maternity Wards,5
Bhandara,2012,Tumsar,Number of Beds,148
Bhandara,2012,Mohadi,Hospitals,0
Bhandara,2012,Mohadi,Clinics,30
Bhandara,2012,Mohadi,Maternity Wards,0
Bhandara,2012,Mohadi,Number of Beds,0
Bhandara,2012,Bhandara,Hospitals,40
Bhandara,2012,Bhandara,Clinics,40
Bhandara,2012,Bhandara,Maternity Wards,14
Bhandara,2012,Bhandara,Number of Beds,367
Bhandara,2012,Sakoli,Hospitals,0
Bhandara,2012,Sakoli,Clinics,17
Bhandara,2012,Sakoli,Maternity Wards,0
Bhandara,2012,Sakoli,Number of Beds,0
Bhandara,2012,Lakhani,Hospitals,1
Bhandara,2012,Lakhani,Clinics,17
Bhandara,2012,Lakhani,Maternity Wards,0
Bhandara,2012,Lakhani,Number of Beds,4
Bhandara,2012,Pavani,Hospitals,6
Bhandara,2012,Pavani,Clinics,27
Bhandara,2012,Pavani,Maternity Wards,2
Bhandara,2012,Pavani,Number of Beds,25
Bhandara,2012,Lakhandur,Hospitals,0
Bhandara,2012,Lakhandur,Clinics,25
Bhandara,2012,Lakhandur,Maternity Wards,0
Bhandara,2012,Lakhandur,Number of Beds,0
Bhandara,2013,Tumsar,Hospitals,13
Bhandara,2013,Tumsar,Clinics,22
Bhandara,2013,Tumsar,Maternity Wards,5
Bhandara,2013,Tumsar,Number of Beds,148
Bhandara,2013,Mohadi,Hospitals,0
Bhandara,2013,Mohadi,Clinics,30
Bhandara,2013,Mohadi,Maternity Wards,0
Bhandara,2013,Mohadi,Number of Beds,0
Bhandara,2013,Bhandara,Hospitals,40
Bhandara,2013,Bhandara,Clinics,40
Bhandara,2013,Bhandara,Maternity Wards,14
Bhandara,2013,Bhandara,Number of Beds,367
Bhandara,2013,Sakoli,Hospitals,0
Bhandara,2013,Sakoli,Clinics,17
Bhandara,2013,Sakoli,Maternity Wards,0
Bhandara,2013,Sakoli,Number of Beds,0
Bhandara,2013,Lakhani,Hospitals,1
Bhandara,2013,Lakhani,Clinics,17
Bhandara,2013,Lakhani,Maternity Wards,0
Bhandara,2013,Lakhani,Number of Beds,4
Bhandara,2013,Pavani,Hospitals,6
Bhandara,2013,Pavani,Clinics,27
Bhandara,2013,Pavani,Maternity Wards,2
Bhandara,2013,Pavani,Number of Beds,25
Bhandara,2013,Lakhandur,Hospitals,0
Bhandara,2013,Lakhandur,Clinics,25
Bhandara,2013,Lakhandur,Maternity Wards,0
Bhandara,2013,Lakhandur,Number of Beds,0
Bhandara,2014,Tumsar,Hospitals,13
Bhandara,2014,Tumsar,Clinics,22
Bhandara,2014,Tumsar,Maternity Wards,5
Bhandara,2014,Tumsar,Number of Beds,148
Bhandara,2014,Mohadi,Hospitals,0
Bhandara,2014,Mohadi,Clinics,30
Bhandara,2014,Mohadi,Maternity Wards,0
Bhandara,2014,Mohadi,Number of Beds,0
Bhandara,2014,Bhandara,Hospitals,40
Bhandara,2014,Bhandara,Clinics,40
Bhandara,2014,Bhandara,Maternity Wards,14
Bhandara,2014,Bhandara,Number of Beds,367
Bhandara,2014,Sakoli,Hospitals,0
Bhandara,2014,Sakoli,Clinics,17
Bhandara,2014,Sakoli,Maternity Wards,0
Bhandara,2014,Sakoli,Number of Beds,0
Bhandara,2014,Lakhani,Hospitals,1
Bhandara,2014,Lakhani,Clinics,17
Bhandara,2014,Lakhani,Maternity Wards,0
Bhandara,2014,Lakhani,Number of Beds,4
Bhandara,2014,Pavani,Hospitals,6
Bhandara,2014,Pavani,Clinics,27
Bhandara,2014,Pavani,Maternity Wards,2
Bhandara,2014,Pavani,Number of Beds,25
Bhandara,2014,Lakhandur,Hospitals,0
Bhandara,2014,Lakhandur,Clinics,25
Bhandara,2014,Lakhandur,Maternity Wards,0
Bhandara,2014,Lakhandur,Number of Beds,0
Bhandara,2015,Tumsar,Hospitals,13
Bhandara,2015,Tumsar,Clinics,22
Bhandara,2015,Tumsar,Maternity Wards,5
Bhandara,2015,Tumsar,Number of Beds,148
Bhandara,2015,Mohadi,Hospitals,0
Bhandara,2015,Mohadi,Clinics,30
Bhandara,2015,Mohadi,Maternity Wards,0
Bhandara,2015,Mohadi,Number of Beds,0
Bhandara,2015,Bhandara,Hospitals,40
Bhandara,2015,Bhandara,Clinics,40
Bhandara,2015,Bhandara,Maternity Wards,14
Bhandara,2015,Bhandara,Number of Beds,367
Bhandara,2015,Sakoli,Hospitals,0
Bhandara,2015,Sakoli,Clinics,17
Bhandara,2015,Sakoli,Maternity Wards,0
Bhandara,2015,Sakoli,Number of Beds,0
Bhandara,2015,Lakhani,Hospitals,1
Bhandara,2015,Lakhani,Clinics,17
Bhandara,2015,Lakhani,Maternity Wards,0
Bhandara,2015,Lakhani,Number of Beds,4
Bhandara,2015,Pavani,Hospitals,6
Bhandara,2015,Pavani,Clinics,27
Bhandara,2015,Pavani,Maternity Wards,2
Bhandara,2015,Pavani,Number of Beds,25
Bhandara,2015,Lakhandur,Hospitals,0
Bhandara,2015,Lakhandur,Clinics,25
Bhandara,2015,Lakhandur,Maternity Wards,0
Bhandara,2015,Lakhandur,Number of Beds,0
Bhandara,2016,Tumsar,Hospitals,13
Bhandara,2016,Tumsar,Clinics,22
Bhandara,2016,Tumsar,Maternity Wards,5
Bhandara,2016,Tumsar,Number of Beds,148
Bhandara,2016,Mohadi,Hospitals,0
Bhandara,2016,Mohadi,Clinics,30
Bhandara,2016,Mohadi,Maternity Wards,0
Bhandara,2016,Mohadi,Number of Beds,0
Bhandara,2016,Bhandara,Hospitals,40
Bhandara,2016,Bhandara,Clinics,40
Bhandara,2016,Bhandara,Maternity Wards,14
Bhandara,2016,Bhandara,Number of Beds,367
Bhandara,2016,Sakoli,Hospitals,0
Bhandara,2016,Sakoli,Clinics,17
Bhandara,2016,Sakoli,Maternity Wards,0
Bhandara,2016,Sakoli,Number of Beds,0
Bhandara,2016,Lakhani,Hospitals,1
Bhandara,2016,Lakhani,Clinics,17
Bhandara,2016,Lakhani,Maternity Wards,0
Bhandara,2016,Lakhani,Number of Beds,4
Bhandara,2016,Pavani,Hospitals,6
Bhandara,2016,Pavani,Clinics,27
Bhandara,2016,Pavani,Maternity Wards,2
Bhandara,2016,Pavani,Number of Beds,25
Bhandara,2016,Lakhandur,Hospitals,0
Bhandara,2016,Lakhandur,Clinics,25
Bhandara,2016,Lakhandur,Maternity Wards,0
Bhandara,2016,Lakhandur,Number of Beds,0
Bhandara,2017,Tumsar,Hospitals,0
Bhandara,2017,Tumsar,Clinics,10
Bhandara,2017,Tumsar,Maternity Wards,4
Bhandara,2017,Tumsar,Number of Beds,210
Bhandara,2017,Mohadi,Hospitals,0
Bhandara,2017,Mohadi,Clinics,2
Bhandara,2017,Mohadi,Maternity Wards,0
Bhandara,2017,Mohadi,Number of Beds,15
Bhandara,2017,Bhandara,Hospitals,6
Bhandara,2017,Bhandara,Clinics,17
Bhandara,2017,Bhandara,Maternity Wards,23
Bhandara,2017,Bhandara,Number of Beds,845
Bhandara,2017,Sakoli,Hospitals,2
Bhandara,2017,Sakoli,Clinics,6
Bhandara,2017,Sakoli,Maternity Wards,4
Bhandara,2017,Sakoli,Number of Beds,160
Bhandara,2017,Lakhani,Hospitals,0
Bhandara,2017,Lakhani,Clinics,2
Bhandara,2017,Lakhani,Maternity Wards,1
Bhandara,2017,Lakhani,Number of Beds,22
Bhandara,2017,Pavani,Hospitals,0
Bhandara,2017,Pavani,Clinics,3
Bhandara,2017,Pavani,Maternity Wards,4
Bhandara,2017,Pavani,Number of Beds,48
Bhandara,2017,Lakhandur,Hospitals,0
Bhandara,2017,Lakhandur,Clinics,0
Bhandara,2017,Lakhandur,Maternity Wards,0
Bhandara,2017,Lakhandur,Number of Beds,0
Bhandara,2018,Tumsar,Hospitals,12
Bhandara,2018,Tumsar,"Specialty Hospitals (Cancer, TB, etc)",0
Bhandara,2018,Tumsar,Clinics,16
Bhandara,2018,Tumsar,Maternity Wards,11
Bhandara,2018,Tumsar,Number of Beds,313
Bhandara,2018,Mohadi,Hospitals,0
Bhandara,2018,Mohadi,"Specialty Hospitals (Cancer, TB, etc)",0
Bhandara,2018,Mohadi,Clinics,1
Bhandara,2018,Mohadi,Maternity Wards,0
Bhandara,2018,Mohadi,Number of Beds,5
Bhandara,2018,Bhandara,Hospitals,77
Bhandara,2018,Bhandara,"Specialty Hospitals (Cancer, TB, etc)",0
Bhandara,2018,Bhandara,Clinics,59
Bhandara,2018,Bhandara,Maternity Wards,53
Bhandara,2018,Bhandara,Number of Beds,2141
Bhandara,2018,Sakoli,Hospitals,14
Bhandara,2018,Sakoli,"Specialty Hospitals (Cancer, TB, etc)",0
Bhandara,2018,Sakoli,Clinics,8
Bhandara,2018,Sakoli,Maternity Wards,14
Bhandara,2018,Sakoli,Number of Beds,294
Bhandara,2018,Lakhani,Hospitals,1
Bhandara,2018,Lakhani,"Specialty Hospitals (Cancer, TB, etc)",0
Bhandara,2018,Lakhani,Clinics,3
Bhandara,2018,Lakhani,Maternity Wards,1
Bhandara,2018,Lakhani,Number of Beds,30
Bhandara,2018,Pavani,Hospitals,3
Bhandara,2018,Pavani,"Specialty Hospitals (Cancer, TB, etc)",0
Bhandara,2018,Pavani,Clinics,4
Bhandara,2018,Pavani,Maternity Wards,6
Bhandara,2018,Pavani,Number of Beds,75
Bhandara,2018,Lakhandur,Hospitals,2
Bhandara,2018,Lakhandur,"Specialty Hospitals (Cancer, TB, etc)",0
Bhandara,2018,Lakhandur,Clinics,1
Bhandara,2018,Lakhandur,Maternity Wards,1
Bhandara,2018,Lakhandur,Number of Beds,14
Bhandara,2019,Tumsar,Hospitals,12
Bhandara,2019,Tumsar,"Specialty Hospitals (Cancer, TB, etc)",0
Bhandara,2019,Tumsar,Clinics,16
Bhandara,2019,Tumsar,Maternity Wards,11
Bhandara,2019,Tumsar,Number of Beds,313
Bhandara,2019,Mohadi,Hospitals,0
Bhandara,2019,Mohadi,"Specialty Hospitals (Cancer, TB, etc)",0
Bhandara,2019,Mohadi,Clinics,1
Bhandara,2019,Mohadi,Maternity Wards,0
Bhandara,2019,Mohadi,Number of Beds,5
Bhandara,2019,Bhandara,Hospitals,77
Bhandara,2019,Bhandara,"Specialty Hospitals (Cancer, TB, etc)",0
Bhandara,2019,Bhandara,Clinics,59
Bhandara,2019,Bhandara,Maternity Wards,53
Bhandara,2019,Bhandara,Number of Beds,2141
Bhandara,2019,Sakoli,Hospitals,14
Bhandara,2019,Sakoli,"Specialty Hospitals (Cancer, TB, etc)",0
Bhandara,2019,Sakoli,Clinics,8
Bhandara,2019,Sakoli,Maternity Wards,14
Bhandara,2019,Sakoli,Number of Beds,294
Bhandara,2019,Lakhani,Hospitals,1
Bhandara,2019,Lakhani,"Specialty Hospitals (Cancer, TB, etc)",0
Bhandara,2019,Lakhani,Clinics,3
Bhandara,2019,Lakhani,Maternity Wards,1
Bhandara,2019,Lakhani,Number of Beds,30
Bhandara,2019,Pavani,Hospitals,3
Bhandara,2019,Pavani,"Specialty Hospitals (Cancer, TB, etc)",0
Bhandara,2019,Pavani,Clinics,4
Bhandara,2019,Pavani,Maternity Wards,6
Bhandara,2019,Pavani,Number of Beds,75
Bhandara,2019,Lakhandur,Hospitals,2
Bhandara,2019,Lakhandur,"Specialty Hospitals (Cancer, TB, etc)",0
Bhandara,2019,Lakhandur,Clinics,1
Bhandara,2019,Lakhandur,Maternity Wards,1
Bhandara,2019,Lakhandur,Number of Beds,14
Bhandara,2021,Tumsar,Hospitals,12
Bhandara,2021,Tumsar,"Specialty Hospitals (Cancer, TB, etc)",0
Bhandara,2021,Tumsar,Clinics,16
Bhandara,2021,Tumsar,Maternity Wards,11
Bhandara,2021,Tumsar,Number of Beds,313
Bhandara,2021,Mohadi,Hospitals,0
Bhandara,2021,Mohadi,"Specialty Hospitals (Cancer, TB, etc)",0
Bhandara,2021,Mohadi,Clinics,1
Bhandara,2021,Mohadi,Maternity Wards,0
Bhandara,2021,Mohadi,Number of Beds,5
Bhandara,2021,Bhandara,Hospitals,77
Bhandara,2021,Bhandara,"Specialty Hospitals (Cancer, TB, etc)",0
Bhandara,2021,Bhandara,Clinics,59
Bhandara,2021,Bhandara,Maternity Wards,59
Bhandara,2021,Bhandara,Number of Beds,2237
Bhandara,2021,Sakoli,Hospitals,14
Bhandara,2021,Sakoli,"Specialty Hospitals (Cancer, TB, etc)",0
Bhandara,2021,Sakoli,Clinics,8
Bhandara,2021,Sakoli,Maternity Wards,14
Bhandara,2021,Sakoli,Number of Beds,294
Bhandara,2021,Lakhani,Hospitals,1
Bhandara,2021,Lakhani,"Specialty Hospitals (Cancer, TB, etc)",0
Bhandara,2021,Lakhani,Clinics,3
Bhandara,2021,Lakhani,Maternity Wards,1
Bhandara,2021,Lakhani,Number of Beds,30
Bhandara,2021,Pavani,Hospitals,3
Bhandara,2021,Pavani,"Specialty Hospitals (Cancer, TB, etc)",0
Bhandara,2021,Pavani,Clinics,4
Bhandara,2021,Pavani,Maternity Wards,6
Bhandara,2021,Pavani,Number of Beds,75
Bhandara,2021,Lakhandur,Hospitals,2
Bhandara,2021,Lakhandur,"Specialty Hospitals (Cancer, TB, etc)",0
Bhandara,2021,Lakhandur,Clinics,1
Bhandara,2021,Lakhandur,Maternity Wards,1
Bhandara,2021,Lakhandur,Number of Beds,14
Buldhana,2013,Jalgaon Jamod,Hospitals,4
Buldhana,2013,Jalgaon Jamod,Clinics,18
Buldhana,2013,Jalgaon Jamod,Maternity Wards,4
Buldhana,2013,Jalgaon Jamod,Number of Beds,20
Buldhana,2013,Sangrampur,Hospitals,0
Buldhana,2013,Sangrampur,Clinics,24
Buldhana,2013,Sangrampur,Maternity Wards,3
Buldhana,2013,Sangrampur,Number of Beds,5
Buldhana,2013,Shegaon,Hospitals,5
Buldhana,2013,Shegaon,Clinics,16
Buldhana,2013,Shegaon,Maternity Wards,4
Buldhana,2013,Shegaon,Number of Beds,27
Buldhana,2013,Nandura,Hospitals,5
Buldhana,2013,Nandura,Clinics,25
Buldhana,2013,Nandura,Maternity Wards,4
Buldhana,2013,Nandura,Number of Beds,8
Buldhana,2013,Malkapur,Hospitals,18
Buldhana,2013,Malkapur,Clinics,15
Buldhana,2013,Malkapur,Maternity Wards,6
Buldhana,2013,Malkapur,Number of Beds,109
Buldhana,2013,Motala,Hospitals,2
Buldhana,2013,Motala,Clinics,21
Buldhana,2013,Motala,Maternity Wards,2
Buldhana,2013,Motala,Number of Beds,12
Buldhana,2013,Khamgaon,Hospitals,21
Buldhana,2013,Khamgaon,Clinics,36
Buldhana,2013,Khamgaon,Maternity Wards,11
Buldhana,2013,Khamgaon,Number of Beds,135
Buldhana,2013,Mehkar,Hospitals,25
Buldhana,2013,Mehkar,Clinics,28
Buldhana,2013,Mehkar,Maternity Wards,10
Buldhana,2013,Mehkar,Number of Beds,98
Buldhana,2013,Chikhali,Hospitals,15
Buldhana,2013,Chikhali,Clinics,31
Buldhana,2013,Chikhali,Maternity Wards,14
Buldhana,2013,Chikhali,Number of Beds,104
Buldhana,2013,Buldhana,Hospitals,42
Buldhana,2013,Buldhana,Clinics,39
Buldhana,2013,Buldhana,Maternity Wards,25
Buldhana,2013,Buldhana,Number of Beds,201
Buldhana,2013,Deulgaon Raja,Hospitals,4
Buldhana,2013,Deulgaon Raja,Clinics,14
Buldhana,2013,Deulgaon Raja,Maternity Wards,4
Buldhana,2013,Deulgaon Raja,Number of Beds,13
Buldhana,2013,Sindkhed Raja,Hospitals,0
Buldhana,2013,Sindkhed Raja,Clinics,18
Buldhana,2013,Sindkhed Raja,Maternity Wards,4
Buldhana,2013,Sindkhed Raja,Number of Beds,7
Buldhana,2013,Lonar,Hospitals,5
Buldhana,2013,Lonar,Clinics,16
Buldhana,2013,Lonar,Maternity Wards,2
Buldhana,2013,Lonar,Number of Beds,0
Buldhana,2014,Jalgaon Jamod,Clinics,18
Buldhana,2014,Jalgaon Jamod,Maternity Wards,5
Buldhana,2014,Jalgaon Jamod,Number of Beds,20
Buldhana,2014,Sangrampur,Clinics,24
Buldhana,2014,Sangrampur,Maternity Wards,3
Buldhana,2014,Sangrampur,Number of Beds,5
Buldhana,2014,Shegaon,Clinics,16
Buldhana,2014,Shegaon,Maternity Wards,5
Buldhana,2014,Shegaon,Number of Beds,37
Buldhana,2014,Nandura,Clinics,25
Buldhana,2014,Nandura,Maternity Wards,4
Buldhana,2014,Nandura,Number of Beds,8
Buldhana,2014,Malkapur,Clinics,16
Buldhana,2014,Malkapur,Maternity Wards,6
Buldhana,2014,Malkapur,Number of Beds,115
Buldhana,2014,Motala,Clinics,21
Buldhana,2014,Motala,Maternity Wards,2
Buldhana,2014,Motala,Number of Beds,12
Buldhana,2014,Khamgaon,Clinics,37
Buldhana,2014,Khamgaon,Maternity Wards,11
Buldhana,2014,Khamgaon,Number of Beds,140
Buldhana,2014,Mehkar,Clinics,30
Buldhana,2014,Mehkar,Maternity Wards,10
Buldhana,2014,Mehkar,Number of Beds,105
Buldhana,2014,Chikhali,Clinics,31
Buldhana,2014,Chikhali,Maternity Wards,14
Buldhana,2014,Chikhali,Number of Beds,104
Buldhana,2014,Buldhana,Clinics,42
Buldhana,2014,Buldhana,Maternity Wards,25
Buldhana,2014,Buldhana,Number of Beds,215
Buldhana,2014,Deulgaon Raja,Clinics,14
Buldhana,2014,Deulgaon Raja,Maternity Wards,4
Buldhana,2014,Deulgaon Raja,Number of Beds,13
Buldhana,2014,Sindkhed Raja,Clinics,18
Buldhana,2014,Sindkhed Raja,Maternity Wards,4
Buldhana,2014,Sindkhed Raja,Number of Beds,7
Buldhana,2014,Lonar,Clinics,18
Buldhana,2014,Lonar,Maternity Wards,2
Buldhana,2014,Lonar,Number of Beds,10
Buldhana,2015,Jalgaon Jamod,Clinics,18
Buldhana,2015,Jalgaon Jamod,Maternity Wards,5
Buldhana,2015,Jalgaon Jamod,Number of Beds,20
Buldhana,2015,Sangrampur,Clinics,24
Buldhana,2015,Sangrampur,Maternity Wards,3
Buldhana,2015,Sangrampur,Number of Beds,5
Buldhana,2015,Shegaon,Clinics,18
Buldhana,2015,Shegaon,Maternity Wards,6
Buldhana,2015,Shegaon,Number of Beds,45
Buldhana,2015,Nandura,Clinics,25
Buldhana,2015,Nandura,Maternity Wards,4
Buldhana,2015,Nandura,Number of Beds,8
Buldhana,2015,Malkapur,Clinics,18
Buldhana,2015,Malkapur,Maternity Wards,6
Buldhana,2015,Malkapur,Number of Beds,120
Buldhana,2015,Motala,Clinics,21
Buldhana,2015,Motala,Maternity Wards,2
Buldhana,2015,Motala,Number of Beds,12
Buldhana,2015,Khamgaon,Clinics,40
Buldhana,2015,Khamgaon,Maternity Wards,12
Buldhana,2015,Khamgaon,Number of Beds,155
Buldhana,2015,Mehkar,Clinics,32
Buldhana,2015,Mehkar,Maternity Wards,12
Buldhana,2015,Mehkar,Number of Beds,125
Buldhana,2015,Chikhali,Clinics,31
Buldhana,2015,Chikhali,Maternity Wards,14
Buldhana,2015,Chikhali,Number of Beds,104
Buldhana,2015,Buldhana,Clinics,44
Buldhana,2015,Buldhana,Maternity Wards,25
Buldhana,2015,Buldhana,Number of Beds,220
Buldhana,2015,Deulgaon Raja,Clinics,14
Buldhana,2015,Deulgaon Raja,Maternity Wards,4
Buldhana,2015,Deulgaon Raja,Number of Beds,13
Buldhana,2015,Sindkhed Raja,Clinics,18
Buldhana,2015,Sindkhed Raja,Maternity Wards,4
Buldhana,2015,Sindkhed Raja,Number of Beds,7
Buldhana,2015,Lonar,Clinics,18
Buldhana,2015,Lonar,Maternity Wards,2
Buldhana,2015,Lonar,Number of Beds,10
Buldhana,2016,Jalgaon Jamod,Hospitals,0
Buldhana,2016,Jalgaon Jamod,"Specialty Hospitals (Cancer, TB, etc)",0
Buldhana,2016,Jalgaon Jamod,Clinics,18
Buldhana,2016,Jalgaon Jamod,Maternity Wards,5
Buldhana,2016,Jalgaon Jamod,Number of Beds,120
Buldhana,2016,Sangrampur,Hospitals,0
Buldhana,2016,Sangrampur,"Specialty Hospitals (Cancer, TB, etc)",0
Buldhana,2016,Sangrampur,Clinics,24
Buldhana,2016,Sangrampur,Maternity Wards,3
Buldhana,2016,Sangrampur,Number of Beds,18
Buldhana,2016,Shegaon,Hospitals,0
Buldhana,2016,Shegaon,"Specialty Hospitals (Cancer, TB, etc)",0
Buldhana,2016,Shegaon,Clinics,18
Buldhana,2016,Shegaon,Maternity Wards,6
Buldhana,2016,Shegaon,Number of Beds,98
Buldhana,2016,Nandura,Hospitals,0
Buldhana,2016,Nandura,"Specialty Hospitals (Cancer, TB, etc)",0
Buldhana,2016,Nandura,Clinics,25
Buldhana,2016,Nandura,Maternity Wards,4
Buldhana,2016,Nandura,Number of Beds,77
Buldhana,2016,Malkapur,Hospitals,0
Buldhana,2016,Malkapur,"Specialty Hospitals (Cancer, TB, etc)",0
Buldhana,2016,Malkapur,Clinics,22
Buldhana,2016,Malkapur,Maternity Wards,7
Buldhana,2016,Malkapur,Number of Beds,231
Buldhana,2016,Motala,Hospitals,0
Buldhana,2016,Motala,"Specialty Hospitals (Cancer, TB, etc)",0
Buldhana,2016,Motala,Clinics,21
Buldhana,2016,Motala,Maternity Wards,2
Buldhana,2016,Motala,Number of Beds,109
Buldhana,2016,Khamgaon,Hospitals,0
Buldhana,2016,Khamgaon,"Specialty Hospitals (Cancer, TB, etc)",0
Buldhana,2016,Khamgaon,Clinics,42
Buldhana,2016,Khamgaon,Maternity Wards,12
Buldhana,2016,Khamgaon,Number of Beds,365
Buldhana,2016,Mehkar,Hospitals,0
Buldhana,2016,Mehkar,"Specialty Hospitals (Cancer, TB, etc)",0
Buldhana,2016,Mehkar,Clinics,33
Buldhana,2016,Mehkar,Maternity Wards,12
Buldhana,2016,Mehkar,Number of Beds,631
Buldhana,2016,Chikhali,Hospitals,0
Buldhana,2016,Chikhali,"Specialty Hospitals (Cancer, TB, etc)",0
Buldhana,2016,Chikhali,Clinics,34
Buldhana,2016,Chikhali,Maternity Wards,14
Buldhana,2016,Chikhali,Number of Beds,359
Buldhana,2016,Buldhana,Hospitals,0
Buldhana,2016,Buldhana,"Specialty Hospitals (Cancer, TB, etc)",0
Buldhana,2016,Buldhana,Clinics,44
Buldhana,2016,Buldhana,Maternity Wards,25
Buldhana,2016,Buldhana,Number of Beds,847
Buldhana,2016,Deulgaon Raja,Hospitals,0
Buldhana,2016,Deulgaon Raja,"Specialty Hospitals (Cancer, TB, etc)",0
Buldhana,2016,Deulgaon Raja,Clinics,16
Buldhana,2016,Deulgaon Raja,Maternity Wards,4
Buldhana,2016,Deulgaon Raja,Number of Beds,132
Buldhana,2016,Sindkhed Raja,Hospitals,0
Buldhana,2016,Sindkhed Raja,"Specialty Hospitals (Cancer, TB, etc)",0
Buldhana,2016,Sindkhed Raja,Clinics,18
Buldhana,2016,Sindkhed Raja,Maternity Wards,4
Buldhana,2016,Sindkhed Raja,Number of Beds,55
Buldhana,2016,Lonar,Hospitals,0
Buldhana,2016,Lonar,"Specialty Hospitals (Cancer, TB, etc)",0
Buldhana,2016,Lonar,Clinics,20
Buldhana,2016,Lonar,Maternity Wards,2
Buldhana,2016,Lonar,Number of Beds,51
Buldhana,2017,Jalgaon Jamod,Hospitals,0
Buldhana,2017,Jalgaon Jamod,"Specialty Hospitals (Cancer, TB, etc)",0
Buldhana,2017,Jalgaon Jamod,Clinics,18
Buldhana,2017,Jalgaon Jamod,Maternity Wards,5
Buldhana,2017,Jalgaon Jamod,Number of Beds,120
Buldhana,2017,Sangrampur,Hospitals,0
Buldhana,2017,Sangrampur,"Specialty Hospitals (Cancer, TB, etc)",0
Buldhana,2017,Sangrampur,Clinics,24
Buldhana,2017,Sangrampur,Maternity Wards,3
Buldhana,2017,Sangrampur,Number of Beds,18
Buldhana,2017,Shegaon,Hospitals,0
Buldhana,2017,Shegaon,"Specialty Hospitals (Cancer, TB, etc)",0
Buldhana,2017,Shegaon,Clinics,18
Buldhana,2017,Shegaon,Maternity Wards,6
Buldhana,2017,Shegaon,Number of Beds,98
Buldhana,2017,Nandura,Hospitals,0
Buldhana,2017,Nandura,"Specialty Hospitals (Cancer, TB, etc)",0
Buldhana,2017,Nandura,Clinics,25
Buldhana,2017,Nandura,Maternity Wards,4
Buldhana,2017,Nandura,Number of Beds,77
Buldhana,2017,Malkapur,Hospitals,0
Buldhana,2017,Malkapur,"Specialty Hospitals (Cancer, TB, etc)",0
Buldhana,2017,Malkapur,Clinics,25
Buldhana,2017,Malkapur,Maternity Wards,7
Buldhana,2017,Malkapur,Number of Beds,251
Buldhana,2017,Motala,Hospitals,0
Buldhana,2017,Motala,"Specialty Hospitals (Cancer, TB, etc)",0
Buldhana,2017,Motala,Clinics,21
Buldhana,2017,Motala,Maternity Wards,2
Buldhana,2017,Motala,Number of Beds,109
Buldhana,2017,Khamgaon,Hospitals,0
Buldhana,2017,Khamgaon,"Specialty Hospitals (Cancer, TB, etc)",0
Buldhana,2017,Khamgaon,Clinics,47
Buldhana,2017,Khamgaon,Maternity Wards,15
Buldhana,2017,Khamgaon,Number of Beds,405
Buldhana,2017,Mehkar,Hospitals,0
Buldhana,2017,Mehkar,"Specialty Hospitals (Cancer, TB, etc)",0
Buldhana,2017,Mehkar,Clinics,35
Buldhana,2017,Mehkar,Maternity Wards,12
Buldhana,2017,Mehkar,Number of Beds,641
Buldhana,2017,Chikhali,Hospitals,0
Buldhana,2017,Chikhali,"Specialty Hospitals (Cancer, TB, etc)",0
Buldhana,2017,Chikhali,Clinics,37
Buldhana,2017,Chikhali,Maternity Wards,14
Buldhana,2017,Chikhali,Number of Beds,369
Buldhana,2017,Buldhana,Hospitals,0
Buldhana,2017,Buldhana,"Specialty Hospitals (Cancer, TB, etc)",0
Buldhana,2017,Buldhana,Clinics,44
Buldhana,2017,Buldhana,Maternity Wards,28
Buldhana,2017,Buldhana,Number of Beds,897
Buldhana,2017,Deulgaon Raja,Hospitals,0
Buldhana,2017,Deulgaon Raja,"Specialty Hospitals (Cancer, TB, etc)",0
Buldhana,2017,Deulgaon Raja,Clinics,16
Buldhana,2017,Deulgaon Raja,Maternity Wards,4
Buldhana,2017,Deulgaon Raja,Number of Beds,132
Buldhana,2017,Sindkhed Raja,Hospitals,0
Buldhana,2017,Sindkhed Raja,"Specialty Hospitals (Cancer, TB, etc)",0
Buldhana,2017,Sindkhed Raja,Clinics,18
Buldhana,2017,Sindkhed Raja,Maternity Wards,4
Buldhana,2017,Sindkhed Raja,Number of Beds,55
Buldhana,2017,Lonar,Hospitals,0
Buldhana,2017,Lonar,"Specialty Hospitals (Cancer, TB, etc)",0
Buldhana,2017,Lonar,Clinics,20
Buldhana,2017,Lonar,Maternity Wards,2
Buldhana,2017,Lonar,Number of Beds,51
Buldhana,2018,Jalgaon Jamod,Hospitals,0
Buldhana,2018,Jalgaon Jamod,"Specialty Hospitals (Cancer, TB, etc)",0
Buldhana,2018,Jalgaon Jamod,Clinics,18
Buldhana,2018,Jalgaon Jamod,Maternity Wards,5
Buldhana,2018,Jalgaon Jamod,Number of Beds,120
Buldhana,2018,Sangrampur,Hospitals,0
Buldhana,2018,Sangrampur,"Specialty Hospitals (Cancer, TB, etc)",0
Buldhana,2018,Sangrampur,Clinics,24
Buldhana,2018,Sangrampur,Maternity Wards,3
Buldhana,2018,Sangrampur,Number of Beds,18
Buldhana,2018,Shegaon,Hospitals,0
Buldhana,2018,Shegaon,"Specialty Hospitals (Cancer, TB, etc)",0
Buldhana,2018,Shegaon,Clinics,18
Buldhana,2018,Shegaon,Maternity Wards,6
Buldhana,2018,Shegaon,Number of Beds,98
Buldhana,2018,Nandura,Hospitals,0
Buldhana,2018,Nandura,"Specialty Hospitals (Cancer, TB, etc)",0
Buldhana,2018,Nandura,Clinics,25
Buldhana,2018,Nandura,Maternity Wards,4
Buldhana,2018,Nandura,Number of Beds,77
Buldhana,2018,Malkapur,Hospitals,0
Buldhana,2018,Malkapur,"Specialty Hospitals (Cancer, TB, etc)",0
Buldhana,2018,Malkapur,Clinics,27
Buldhana,2018,Malkapur,Maternity Wards,7
Buldhana,2018,Malkapur,Number of Beds,256
Buldhana,2018,Motala,Hospitals,0
Buldhana,2018,Motala,"Specialty Hospitals (Cancer, TB, etc)",0
Buldhana,2018,Motala,Clinics,21
Buldhana,2018,Motala,Maternity Wards,2
Buldhana,2018,Motala,Number of Beds,109
Buldhana,2018,Khamgaon,Hospitals,0
Buldhana,2018,Khamgaon,"Specialty Hospitals (Cancer, TB, etc)",0
Buldhana,2018,Khamgaon,Clinics,55
Buldhana,2018,Khamgaon,Maternity Wards,15
Buldhana,2018,Khamgaon,Number of Beds,445
Buldhana,2018,Mehkar,Hospitals,0
Buldhana,2018,Mehkar,"Specialty Hospitals (Cancer, TB, etc)",0
Buldhana,2018,Mehkar,Clinics,35
Buldhana,2018,Mehkar,Maternity Wards,12
Buldhana,2018,Mehkar,Number of Beds,641
Buldhana,2018,Chikhali,Hospitals,0
Buldhana,2018,Chikhali,"Specialty Hospitals (Cancer, TB, etc)",0
Buldhana,2018,Chikhali,Clinics,37
Buldhana,2018,Chikhali,Maternity Wards,14
Buldhana,2018,Chikhali,Number of Beds,369
Buldhana,2018,Buldhana,Hospitals,0
Buldhana,2018,Buldhana,"Specialty Hospitals (Cancer, TB, etc)",0
Buldhana,2018,Buldhana,Clinics,48
Buldhana,2018,Buldhana,Maternity Wards,28
Buldhana,2018,Buldhana,Number of Beds,917
Buldhana,2018,Deulgaon Raja,Hospitals,0
Buldhana,2018,Deulgaon Raja,"Specialty Hospitals (Cancer, TB, etc)",0
Buldhana,2018,Deulgaon Raja,Clinics,16
Buldhana,2018,Deulgaon Raja,Maternity Wards,4
Buldhana,2018,Deulgaon Raja,Number of Beds,132
Buldhana,2018,Sindkhed Raja,Hospitals,0
Buldhana,2018,Sindkhed Raja,"Specialty Hospitals (Cancer, TB, etc)",0
Buldhana,2018,Sindkhed Raja,Clinics,18
Buldhana,2018,Sindkhed Raja,Maternity Wards,4
Buldhana,2018,Sindkhed Raja,Number of Beds,55
Buldhana,2018,Lonar,Hospitals,0
Buldhana,2018,Lonar,"Specialty Hospitals (Cancer, TB, etc)",0
Buldhana,2018,Lonar,Clinics,20
Buldhana,2018,Lonar,Maternity Wards,2
Buldhana,2018,Lonar,Number of Beds,51
Buldhana,2019,Jalgaon Jamod,Hospitals,0
Buldhana,2019,Jalgaon Jamod,"Specialty Hospitals (Cancer, TB, etc)",0
Buldhana,2019,Jalgaon Jamod,Clinics,20
Buldhana,2019,Jalgaon Jamod,Maternity Wards,5
Buldhana,2019,Jalgaon Jamod,Number of Beds,125
Buldhana,2019,Sangrampur,Hospitals,0
Buldhana,2019,Sangrampur,"Specialty Hospitals (Cancer, TB, etc)",0
Buldhana,2019,Sangrampur,Clinics,24
Buldhana,2019,Sangrampur,Maternity Wards,3
Buldhana,2019,Sangrampur,Number of Beds,18
Buldhana,2019,Shegaon,Hospitals,0
Buldhana,2019,Shegaon,"Specialty Hospitals (Cancer, TB, etc)",0
Buldhana,2019,Shegaon,Clinics,25
Buldhana,2019,Shegaon,Maternity Wards,6
Buldhana,2019,Shegaon,Number of Beds,125
Buldhana,2019,Nandura,Hospitals,0
Buldhana,2019,Nandura,"Specialty Hospitals (Cancer, TB, etc)",0
Buldhana,2019,Nandura,Clinics,27
Buldhana,2019,Nandura,Maternity Wards,4
Buldhana,2019,Nandura,Number of Beds,135
Buldhana,2019,Malkapur,Hospitals,0
Buldhana,2019,Malkapur,"Specialty Hospitals (Cancer, TB, etc)",0
Buldhana,2019,Malkapur,Clinics,32
Buldhana,2019,Malkapur,Maternity Wards,7
Buldhana,2019,Malkapur,Number of Beds,260
Buldhana,2019,Motala,Hospitals,0
Buldhana,2019,Motala,"Specialty Hospitals (Cancer, TB, etc)",0
Buldhana,2019,Motala,Clinics,21
Buldhana,2019,Motala,Maternity Wards,2
Buldhana,2019,Motala,Number of Beds,109
Buldhana,2019,Khamgaon,Hospitals,0
Buldhana,2019,Khamgaon,"Specialty Hospitals (Cancer, TB, etc)",0
Buldhana,2019,Khamgaon,Clinics,60
Buldhana,2019,Khamgaon,Maternity Wards,15
Buldhana,2019,Khamgaon,Number of Beds,470
Buldhana,2019,Mehkar,Hospitals,0
Buldhana,2019,Mehkar,"Specialty Hospitals (Cancer, TB, etc)",0
Buldhana,2019,Mehkar,Clinics,40
Buldhana,2019,Mehkar,Maternity Wards,12
Buldhana,2019,Mehkar,Number of Beds,675
Buldhana,2019,Chikhali,Hospitals,0
Buldhana,2019,Chikhali,"Specialty Hospitals (Cancer, TB, etc)",0
Buldhana,2019,Chikhali,Clinics,40
Buldhana,2019,Chikhali,Maternity Wards,14
Buldhana,2019,Chikhali,Number of Beds,390
Buldhana,2019,Buldhana,Hospitals,0
Buldhana,2019,Buldhana,"Specialty Hospitals (Cancer, TB, etc)",0
Buldhana,2019,Buldhana,Clinics,60
Buldhana,2019,Buldhana,Maternity Wards,28
Buldhana,2019,Buldhana,Number of Beds,977
Buldhana,2019,Deulgaon Raja,Hospitals,0
Buldhana,2019,Deulgaon Raja,"Specialty Hospitals (Cancer, TB, etc)",0
Buldhana,2019,Deulgaon Raja,Clinics,20
Buldhana,2019,Deulgaon Raja,Maternity Wards,4
Buldhana,2019,Deulgaon Raja,Number of Beds,152
Buldhana,2019,Sindkhed Raja,Hospitals,0
Buldhana,2019,Sindkhed Raja,"Specialty Hospitals (Cancer, TB, etc)",0
Buldhana,2019,Sindkhed Raja,Clinics,22
Buldhana,2019,Sindkhed Raja,Maternity Wards,4
Buldhana,2019,Sindkhed Raja,Number of Beds,75
Buldhana,2019,Lonar,Hospitals,0
Buldhana,2019,Lonar,"Specialty Hospitals (Cancer, TB, etc)",0
Buldhana,2019,Lonar,Clinics,21
Buldhana,2019,Lonar,Maternity Wards,2
Buldhana,2019,Lonar,Number of Beds,54
Buldhana,2020,Jalgaon Jamod,Hospitals,0
Buldhana,2020,Jalgaon Jamod,"Specialty Hospitals (Cancer, TB, etc)",0
Buldhana,2020,Jalgaon Jamod,Clinics,21
Buldhana,2020,Jalgaon Jamod,Maternity Wards,5
Buldhana,2020,Jalgaon Jamod,Number of Beds,125
Buldhana,2020,Sangrampur,Hospitals,0
Buldhana,2020,Sangrampur,"Specialty Hospitals (Cancer, TB, etc)",0
Buldhana,2020,Sangrampur,Clinics,24
Buldhana,2020,Sangrampur,Maternity Wards,3
Buldhana,2020,Sangrampur,Number of Beds,18
Buldhana,2020,Shegaon,Hospitals,0
Buldhana,2020,Shegaon,"Specialty Hospitals (Cancer, TB, etc)",0
Buldhana,2020,Shegaon,Clinics,25
Buldhana,2020,Shegaon,Maternity Wards,6
Buldhana,2020,Shegaon,Number of Beds,125
Buldhana,2020,Nandura,Hospitals,0
Buldhana,2020,Nandura,"Specialty Hospitals (Cancer, TB, etc)",0
Buldhana,2020,Nandura,Clinics,27
Buldhana,2020,Nandura,Maternity Wards,4
Buldhana,2020,Nandura,Number of Beds,135
Buldhana,2020,Malkapur,Hospitals,0
Buldhana,2020,Malkapur,"Specialty Hospitals (Cancer, TB, etc)",0
Buldhana,2020,Malkapur,Clinics,34
Buldhana,2020,Malkapur,Maternity Wards,7
Buldhana,2020,Malkapur,Number of Beds,262
Buldhana,2020,Motala,Hospitals,0
Buldhana,2020,Motala,"Specialty Hospitals (Cancer, TB, etc)",0
Buldhana,2020,Motala,Clinics,21
Buldhana,2020,Motala,Maternity Wards,2
Buldhana,2020,Motala,Number of Beds,109
Buldhana,2020,Khamgaon,Hospitals,0
Buldhana,2020,Khamgaon,"Specialty Hospitals (Cancer, TB, etc)",0
Buldhana,2020,Khamgaon,Clinics,63
Buldhana,2020,Khamgaon,Maternity Wards,16
Buldhana,2020,Khamgaon,Number of Beds,475
Buldhana,2020,Mehkar,Hospitals,0
Buldhana,2020,Mehkar,"Specialty Hospitals (Cancer, TB, etc)",0
Buldhana,2020,Mehkar,Clinics,48
Buldhana,2020,Mehkar,Maternity Wards,14
Buldhana,2020,Mehkar,Number of Beds,690
Buldhana,2020,Chikhali,Hospitals,0
Buldhana,2020,Chikhali,"Specialty Hospitals (Cancer, TB, etc)",0
Buldhana,2020,Chikhali,Clinics,42
Buldhana,2020,Chikhali,Maternity Wards,15
Buldhana,2020,Chikhali,Number of Beds,405
Buldhana,2020,Buldhana,Hospitals,0
Buldhana,2020,Buldhana,"Specialty Hospitals (Cancer, TB, etc)",0
Buldhana,2020,Buldhana,Clinics,76
Buldhana,2020,Buldhana,Maternity Wards,31
Buldhana,2020,Buldhana,Number of Beds,1015
Buldhana,2020,Deulgaon Raja,Hospitals,0
Buldhana,2020,Deulgaon Raja,"Specialty Hospitals (Cancer, TB, etc)",0
Buldhana,2020,Deulgaon Raja,Clinics,26
Buldhana,2020,Deulgaon Raja,Maternity Wards,4
Buldhana,2020,Deulgaon Raja,Number of Beds,108
Buldhana,2020,Sindkhed Raja,Hospitals,0
Buldhana,2020,Sindkhed Raja,"Specialty Hospitals (Cancer, TB, etc)",0
Buldhana,2020,Sindkhed Raja,Clinics,25
Buldhana,2020,Sindkhed Raja,Maternity Wards,5
Buldhana,2020,Sindkhed Raja,Number of Beds,82
Buldhana,2020,Lonar,Hospitals,0
Buldhana,2020,Lonar,"Specialty Hospitals (Cancer, TB, etc)",0
Buldhana,2020,Lonar,Clinics,23
Buldhana,2020,Lonar,Maternity Wards,2
Buldhana,2020,Lonar,Number of Beds,62
Buldhana,2021,Jalgaon Jamod,Hospitals,0
Buldhana,2021,Jalgaon Jamod,"Specialty Hospitals (Cancer, TB, etc)",0
Buldhana,2021,Jalgaon Jamod,Clinics,21
Buldhana,2021,Jalgaon Jamod,Maternity Wards,5
Buldhana,2021,Jalgaon Jamod,Number of Beds,125
Buldhana,2021,Sangrampur,Hospitals,0
Buldhana,2021,Sangrampur,"Specialty Hospitals (Cancer, TB, etc)",0
Buldhana,2021,Sangrampur,Clinics,24
Buldhana,2021,Sangrampur,Maternity Wards,3
Buldhana,2021,Sangrampur,Number of Beds,18
Buldhana,2021,Shegaon,Hospitals,0
Buldhana,2021,Shegaon,"Specialty Hospitals (Cancer, TB, etc)",0
Buldhana,2021,Shegaon,Clinics,25
Buldhana,2021,Shegaon,Maternity Wards,6
Buldhana,2021,Shegaon,Number of Beds,125
Buldhana,2021,Nandura,Hospitals,0
Buldhana,2021,Nandura,"Specialty Hospitals (Cancer, TB, etc)",0
Buldhana,2021,Nandura,Clinics,27
Buldhana,2021,Nandura,Maternity Wards,4
Buldhana,2021,Nandura,Number of Beds,135
Buldhana,2021,Malkapur,Hospitals,0
Buldhana,2021,Malkapur,"Specialty Hospitals (Cancer, TB, etc)",0
Buldhana,2021,Malkapur,Clinics,34
Buldhana,2021,Malkapur,Maternity Wards,7
Buldhana,2021,Malkapur,Number of Beds,262
Buldhana,2021,Motala,Hospitals,0
Buldhana,2021,Motala,"Specialty Hospitals (Cancer, TB, etc)",0
Buldhana,2021,Motala,Clinics,21
Buldhana,2021,Motala,Maternity Wards,2
Buldhana,2021,Motala,Number of Beds,109
Buldhana,2021,Khamgaon,Hospitals,0
Buldhana,2021,Khamgaon,"Specialty Hospitals (Cancer, TB, etc)",0
Buldhana,2021,Khamgaon,Clinics,63
Buldhana,2021,Khamgaon,Maternity Wards,16
Buldhana,2021,Khamgaon,Number of Beds,475
Buldhana,2021,Mehkar,Hospitals,0
Buldhana,2021,Mehkar,"Specialty Hospitals (Cancer, TB, etc)",0
Buldhana,2021,Mehkar,Clinics,48
Buldhana,2021,Mehkar,Maternity Wards,14
Buldhana,2021,Mehkar,Number of Beds,690
Buldhana,2021,Chikhali,Hospitals,0
Buldhana,2021,Chikhali,"Specialty Hospitals (Cancer, TB, etc)",0
Buldhana,2021,Chikhali,Clinics,42
Buldhana,2021,Chikhali,Maternity Wards,15
Buldhana,2021,Chikhali,Number of Beds,405
Buldhana,2021,Buldhana,Hospitals,0
Buldhana,2021,Buldhana,"Specialty Hospitals (Cancer, TB, etc)",0
Buldhana,2021,Buldhana,Clinics,76
Buldhana,2021,Buldhana,Maternity Wards,31
Buldhana,2021,Buldhana,Number of Beds,1015
Buldhana,2021,Deulgaon Raja,Hospitals,0
Buldhana,2021,Deulgaon Raja,"Specialty Hospitals (Cancer, TB, etc)",0
Buldhana,2021,Deulgaon Raja,Clinics,26
Buldhana,2021,Deulgaon Raja,Maternity Wards,4
Buldhana,2021,Deulgaon Raja,Number of Beds,108
Buldhana,2021,Sindkhed Raja,Hospitals,0
Buldhana,2021,Sindkhed Raja,"Specialty Hospitals (Cancer, TB, etc)",0
Buldhana,2021,Sindkhed Raja,Clinics,25
Buldhana,2021,Sindkhed Raja,Maternity Wards,5
Buldhana,2021,Sindkhed Raja,Number of Beds,82
Buldhana,2021,Lonar,Hospitals,0
Buldhana,2021,Lonar,"Specialty Hospitals (Cancer, TB, etc)",0
Buldhana,2021,Lonar,Clinics,23
Buldhana,2021,Lonar,Maternity Wards,2
Buldhana,2021,Lonar,Number of Beds,62
Chandrapur,2012,Varora,Hospitals,6
Chandrapur,2012,Varora,"Specialty Hospitals (Cancer, TB, etc)",0
Chandrapur,2012,Varora,Clinics,1
Chandrapur,2012,Varora,Maternity Wards,3
Chandrapur,2012,Varora,Number of Beds,30
Chandrapur,2012,Chimur,Hospitals,4
Chandrapur,2012,Chimur,"Specialty Hospitals (Cancer, TB, etc)",0
Chandrapur,2012,Chimur,Clinics,0
Chandrapur,2012,Chimur,Maternity Wards,0
Chandrapur,2012,Chimur,Number of Beds,20
Chandrapur,2012,Nagbhid,Hospitals,2
Chandrapur,2012,Nagbhid,"Specialty Hospitals (Cancer, TB, etc)",0
Chandrapur,2012,Nagbhid,Clinics,0
Chandrapur,2012,Nagbhid,Maternity Wards,0
Chandrapur,2012,Nagbhid,Number of Beds,16
Chandrapur,2012,Bramhapuri,Hospitals,1
Chandrapur,2012,Bramhapuri,"Specialty Hospitals (Cancer, TB, etc)",0
Chandrapur,2012,Bramhapuri,Clinics,0
Chandrapur,2012,Bramhapuri,Maternity Wards,0
Chandrapur,2012,Bramhapuri,Number of Beds,4
Chandrapur,2012,Savali,Hospitals,5
Chandrapur,2012,Savali,"Specialty Hospitals (Cancer, TB, etc)",0
Chandrapur,2012,Savali,Clinics,0
Chandrapur,2012,Savali,Maternity Wards,0
Chandrapur,2012,Savali,Number of Beds,17
Chandrapur,2012,Sindevahi,Hospitals,0
Chandrapur,2012,Sindevahi,"Specialty Hospitals (Cancer, TB, etc)",0
Chandrapur,2012,Sindevahi,Clinics,0
Chandrapur,2012,Sindevahi,Maternity Wards,0
Chandrapur,2012,Sindevahi,Number of Beds,0
Chandrapur,2012,Bhadravati,Hospitals,6
Chandrapur,2012,Bhadravati,"Specialty Hospitals (Cancer, TB, etc)",0
Chandrapur,2012,Bhadravati,Clinics,17
Chandrapur,2012,Bhadravati,Maternity Wards,6
Chandrapur,2012,Bhadravati,Number of Beds,60
Chandrapur,2012,Chandrapur,Hospitals,13
Chandrapur,2012,Chandrapur,"Specialty Hospitals (Cancer, TB, etc)",0
Chandrapur,2012,Chandrapur,Clinics,48
Chandrapur,2012,Chandrapur,Maternity Wards,79
Chandrapur,2012,Chandrapur,Number of Beds,790
Chandrapur,2012,Mul,Hospitals,2
Chandrapur,2012,Mul,"Specialty Hospitals (Cancer, TB, etc)",0
Chandrapur,2012,Mul,Clinics,1
Chandrapur,2012,Mul,Maternity Wards,1
Chandrapur,2012,Mul,Number of Beds,10
Chandrapur,2012,Ponbhurna,Hospitals,0
Chandrapur,2012,Ponbhurna,"Specialty Hospitals (Cancer, TB, etc)",0
Chandrapur,2012,Ponbhurna,Clinics,0
Chandrapur,2012,Ponbhurna,Maternity Wards,0
Chandrapur,2012,Ponbhurna,Number of Beds,0
Chandrapur,2012,Ballarpur,Hospitals,1
Chandrapur,2012,Ballarpur,"Specialty Hospitals (Cancer, TB, etc)",0
Chandrapur,2012,Ballarpur,Clinics,4
Chandrapur,2012,Ballarpur,Maternity Wards,5
Chandrapur,2012,Ballarpur,Number of Beds,30
Chandrapur,2012,Korpana,Hospitals,1
Chandrapur,2012,Korpana,"Specialty Hospitals (Cancer, TB, etc)",0
Chandrapur,2012,Korpana,Clinics,0
Chandrapur,2012,Korpana,Maternity Wards,0
Chandrapur,2012,Korpana,Number of Beds,17
Chandrapur,2012,Rajura,Hospitals,4
Chandrapur,2012,Rajura,"Specialty Hospitals (Cancer, TB, etc)",0
Chandrapur,2012,Rajura,Clinics,0
Chandrapur,2012,Rajura,Maternity Wards,0
Chandrapur,2012,Rajura,Number of Beds,20
Chandrapur,2012,Gondpipari,Hospitals,0
Chandrapur,2012,Gondpipari,"Specialty Hospitals (Cancer, TB, etc)",0
Chandrapur,2012,Gondpipari,Clinics,0
Chandrapur,2012,Gondpipari,Maternity Wards,0
Chandrapur,2012,Gondpipari,Number of Beds,0
Chandrapur,2012,Jivati,Hospitals,0
Chandrapur,2012,Jivati,"Specialty Hospitals (Cancer, TB, etc)",0
Chandrapur,2012,Jivati,Clinics,0
Chandrapur,2012,Jivati,Maternity Wards,0
Chandrapur,2012,Jivati,Number of Beds,0
Chandrapur,2013,Varora,Hospitals,6
Chandrapur,2013,Varora,"Specialty Hospitals (Cancer, TB, etc)",0
Chandrapur,2013,Varora,Clinics,1
Chandrapur,2013,Varora,Maternity Wards,3
Chandrapur,2013,Varora,Number of Beds,30
Chandrapur,2013,Chimur,Hospitals,4
Chandrapur,2013,Chimur,"Specialty Hospitals (Cancer, TB, etc)",0
Chandrapur,2013,Chimur,Clinics,0
Chandrapur,2013,Chimur,Maternity Wards,0
Chandrapur,2013,Chimur,Number of Beds,20
Chandrapur,2013,Nagbhid,Hospitals,2
Chandrapur,2013,Nagbhid,"Specialty Hospitals (Cancer, TB, etc)",0
Chandrapur,2013,Nagbhid,Clinics,0
Chandrapur,2013,Nagbhid,Maternity Wards,0
Chandrapur,2013,Nagbhid,Number of Beds,16
Chandrapur,2013,Bramhapuri,Hospitals,1
Chandrapur,2013,Bramhapuri,"Specialty Hospitals (Cancer, TB, etc)",0
Chandrapur,2013,Bramhapuri,Clinics,0
Chandrapur,2013,Bramhapuri,Maternity Wards,0
Chandrapur,2013,Bramhapuri,Number of Beds,4
Chandrapur,2013,Savali,Hospitals,5
Chandrapur,2013,Savali,"Specialty Hospitals (Cancer, TB, etc)",0
Chandrapur,2013,Savali,Clinics,0
Chandrapur,2013,Savali,Maternity Wards,0
Chandrapur,2013,Savali,Number of Beds,17
Chandrapur,2013,Sindevahi,Hospitals,0
Chandrapur,2013,Sindevahi,"Specialty Hospitals (Cancer, TB, etc)",0
Chandrapur,2013,Sindevahi,Clinics,0
Chandrapur,2013,Sindevahi,Maternity Wards,0
Chandrapur,2013,Sindevahi,Number of Beds,0
Chandrapur,2013,Bhadravati,Hospitals,6
Chandrapur,2013,Bhadravati,"Specialty Hospitals (Cancer, TB, etc)",0
Chandrapur,2013,Bhadravati,Clinics,17
Chandrapur,2013,Bhadravati,Maternity Wards,6
Chandrapur,2013,Bhadravati,Number of Beds,60
Chandrapur,2013,Chandrapur,Hospitals,15
Chandrapur,2013,Chandrapur,"Specialty Hospitals (Cancer, TB, etc)",0
Chandrapur,2013,Chandrapur,Clinics,48
Chandrapur,2013,Chandrapur,Maternity Wards,82
Chandrapur,2013,Chandrapur,Number of Beds,815
Chandrapur,2013,Mul,Hospitals,2
Chandrapur,2013,Mul,"Specialty Hospitals (Cancer, TB, etc)",0
Chandrapur,2013,Mul,Clinics,1
Chandrapur,2013,Mul,Maternity Wards,1
Chandrapur,2013,Mul,Number of Beds,10
Chandrapur,2013,Ponbhurna,Hospitals,0
Chandrapur,2013,Ponbhurna,"Specialty Hospitals (Cancer, TB, etc)",0
Chandrapur,2013,Ponbhurna,Clinics,0
Chandrapur,2013,Ponbhurna,Maternity Wards,0
Chandrapur,2013,Ponbhurna,Number of Beds,0
Chandrapur,2013,Ballarpur,Hospitals,1
Chandrapur,2013,Ballarpur,"Specialty Hospitals (Cancer, TB, etc)",0
Chandrapur,2013,Ballarpur,Clinics,4
Chandrapur,2013,Ballarpur,Maternity Wards,5
Chandrapur,2013,Ballarpur,Number of Beds,30
Chandrapur,2013,Korpana,Hospitals,1
Chandrapur,2013,Korpana,"Specialty Hospitals (Cancer, TB, etc)",0
Chandrapur,2013,Korpana,Clinics,0
Chandrapur,2013,Korpana,Maternity Wards,0
Chandrapur,2013,Korpana,Number of Beds,17
Chandrapur,2013,Rajura,Hospitals,4
Chandrapur,2013,Rajura,"Specialty Hospitals (Cancer, TB, etc)",0
Chandrapur,2013,Rajura,Clinics,0
Chandrapur,2013,Rajura,Maternity Wards,0
Chandrapur,2013,Rajura,Number of Beds,20
Chandrapur,2013,Gondpipari,Hospitals,0
Chandrapur,2013,Gondpipari,"Specialty Hospitals (Cancer, TB, etc)",0
Chandrapur,2013,Gondpipari,Clinics,0
Chandrapur,2013,Gondpipari,Maternity Wards,0
Chandrapur,2013,Gondpipari,Number of Beds,0
Chandrapur,2013,Jivati,Hospitals,0
Chandrapur,2013,Jivati,"Specialty Hospitals (Cancer, TB, etc)",0
Chandrapur,2013,Jivati,Clinics,0
Chandrapur,2013,Jivati,Maternity Wards,0
Chandrapur,2013,Jivati,Number of Beds,0
Chandrapur,2014,Varora,Hospitals,6
Chandrapur,2014,Varora,"Specialty Hospitals (Cancer, TB, etc)",0
Chandrapur,2014,Varora,Clinics,1
Chandrapur,2014,Varora,Maternity Wards,3
Chandrapur,2014,Varora,Number of Beds,30
Chandrapur,2014,Chimur,Hospitals,4
Chandrapur,2014,Chimur,"Specialty Hospitals (Cancer, TB, etc)",0
Chandrapur,2014,Chimur,Clinics,0
Chandrapur,2014,Chimur,Maternity Wards,0
Chandrapur,2014,Chimur,Number of Beds,20
Chandrapur,2014,Nagbhid,Hospitals,2
Chandrapur,2014,Nagbhid,"Specialty Hospitals (Cancer, TB, etc)",0
Chandrapur,2014,Nagbhid,Clinics,0
Chandrapur,2014,Nagbhid,Maternity Wards,0
Chandrapur,2014,Nagbhid,Number of Beds,16
Chandrapur,2014,Bramhapuri,Hospitals,1
Chandrapur,2014,Bramhapuri,"Specialty Hospitals (Cancer, TB, etc)",0
Chandrapur,2014,Bramhapuri,Clinics,1
Chandrapur,2014,Bramhapuri,Maternity Wards,1
Chandrapur,2014,Bramhapuri,Number of Beds,4
Chandrapur,2014,Savali,Hospitals,5
Chandrapur,2014,Savali,"Specialty Hospitals (Cancer, TB, etc)",0
Chandrapur,2014,Savali,Clinics,0
Chandrapur,2014,Savali,Maternity Wards,0
Chandrapur,2014,Savali,Number of Beds,17
Chandrapur,2014,Sindevahi,Hospitals,0
Chandrapur,2014,Sindevahi,"Specialty Hospitals (Cancer, TB, etc)",0
Chandrapur,2014,Sindevahi,Clinics,0
Chandrapur,2014,Sindevahi,Maternity Wards,0
Chandrapur,2014,Sindevahi,Number of Beds,0
Chandrapur,2014,Bhadravati,Hospitals,6
Chandrapur,2014,Bhadravati,"Specialty Hospitals (Cancer, TB, etc)",0
Chandrapur,2014,Bhadravati,Clinics,17
Chandrapur,2014,Bhadravati,Maternity Wards,6
Chandrapur,2014,Bhadravati,Number of Beds,60
Chandrapur,2014,Chandrapur,Hospitals,15
Chandrapur,2014,Chandrapur,"Specialty Hospitals (Cancer, TB, etc)",0
Chandrapur,2014,Chandrapur,Clinics,48
Chandrapur,2014,Chandrapur,Maternity Wards,85
Chandrapur,2014,Chandrapur,Number of Beds,831
Chandrapur,2014,Mul,Hospitals,2
Chandrapur,2014,Mul,"Specialty Hospitals (Cancer, TB, etc)",0
Chandrapur,2014,Mul,Clinics,1
Chandrapur,2014,Mul,Maternity Wards,1
Chandrapur,2014,Mul,Number of Beds,10
Chandrapur,2014,Ponbhurna,Hospitals,0
Chandrapur,2014,Ponbhurna,"Specialty Hospitals (Cancer, TB, etc)",0
Chandrapur,2014,Ponbhurna,Clinics,0
Chandrapur,2014,Ponbhurna,Maternity Wards,0
Chandrapur,2014,Ponbhurna,Number of Beds,0
Chandrapur,2014,Ballarpur,Hospitals,1
Chandrapur,2014,Ballarpur,"Specialty Hospitals (Cancer, TB, etc)",0
Chandrapur,2014,Ballarpur,Clinics,4
Chandrapur,2014,Ballarpur,Maternity Wards,5
Chandrapur,2014,Ballarpur,Number of Beds,30
Chandrapur,2014,Korpana,Hospitals,1
Chandrapur,2014,Korpana,"Specialty Hospitals (Cancer, TB, etc)",0
Chandrapur,2014,Korpana,Clinics,0
Chandrapur,2014,Korpana,Maternity Wards,0
Chandrapur,2014,Korpana,Number of Beds,17
Chandrapur,2014,Rajura,Hospitals,4
Chandrapur,2014,Rajura,"Specialty Hospitals (Cancer, TB, etc)",0
Chandrapur,2014,Rajura,Clinics,2
Chandrapur,2014,Rajura,Maternity Wards,1
Chandrapur,2014,Rajura,Number of Beds,20
Chandrapur,2014,Gondpipari,Hospitals,0
Chandrapur,2014,Gondpipari,"Specialty Hospitals (Cancer, TB, etc)",0
Chandrapur,2014,Gondpipari,Clinics,0
Chandrapur,2014,Gondpipari,Maternity Wards,0
Chandrapur,2014,Gondpipari,Number of Beds,0
Chandrapur,2014,Jivati,Hospitals,0
Chandrapur,2014,Jivati,"Specialty Hospitals (Cancer, TB, etc)",0
Chandrapur,2014,Jivati,Clinics,0
Chandrapur,2014,Jivati,Maternity Wards,0
Chandrapur,2014,Jivati,Number of Beds,0
Chandrapur,2015,Varora,Hospitals,0
Chandrapur,2015,Varora,"Specialty Hospitals (Cancer, TB, etc)",0
Chandrapur,2015,Varora,Clinics,9
Chandrapur,2015,Varora,Maternity Wards,4
Chandrapur,2015,Varora,Number of Beds,24
Chandrapur,2015,Chimur,Hospitals,1
Chandrapur,2015,Chimur,"Specialty Hospitals (Cancer, TB, etc)",0
Chandrapur,2015,Chimur,Clinics,1
Chandrapur,2015,Chimur,Maternity Wards,3
Chandrapur,2015,Chimur,Number of Beds,16
Chandrapur,2015,Nagbhid,Hospitals,2
Chandrapur,2015,Nagbhid,"Specialty Hospitals (Cancer, TB, etc)",0
Chandrapur,2015,Nagbhid,Clinics,1
Chandrapur,2015,Nagbhid,Maternity Wards,0
Chandrapur,2015,Nagbhid,Number of Beds,20
Chandrapur,2015,Bramhapuri,Hospitals,1
Chandrapur,2015,Bramhapuri,"Specialty Hospitals (Cancer, TB, etc)",0
Chandrapur,2015,Bramhapuri,Clinics,1
Chandrapur,2015,Bramhapuri,Maternity Wards,8
Chandrapur,2015,Bramhapuri,Number of Beds,103
Chandrapur,2015,Savali,Hospitals,2
Chandrapur,2015,Savali,"Specialty Hospitals (Cancer, TB, etc)",0
Chandrapur,2015,Savali,Clinics,2
Chandrapur,2015,Savali,Maternity Wards,3
Chandrapur,2015,Savali,Number of Beds,17
Chandrapur,2015,Sindevahi,Hospitals,6
Chandrapur,2015,Sindevahi,"Specialty Hospitals (Cancer, TB, etc)",0
Chandrapur,2015,Sindevahi,Clinics,4
Chandrapur,2015,Sindevahi,Maternity Wards,0
Chandrapur,2015,Sindevahi,Number of Beds,55
Chandrapur,2015,Bhadravati,Hospitals,0
Chandrapur,2015,Bhadravati,"Specialty Hospitals (Cancer, TB, etc)",0
Chandrapur,2015,Bhadravati,Clinics,0
Chandrapur,2015,Bhadravati,Maternity Wards,5
Chandrapur,2015,Bhadravati,Number of Beds,31
Chandrapur,2015,Chandrapur,Hospitals,70
Chandrapur,2015,Chandrapur,"Specialty Hospitals (Cancer, TB, etc)",0
Chandrapur,2015,Chandrapur,Clinics,20
Chandrapur,2015,Chandrapur,Maternity Wards,35
Chandrapur,2015,Chandrapur,Number of Beds,1680
Chandrapur,2015,Mul,Hospitals,2
Chandrapur,2015,Mul,"Specialty Hospitals (Cancer, TB, etc)",0
Chandrapur,2015,Mul,Clinics,2
Chandrapur,2015,Mul,Maternity Wards,0
Chandrapur,2015,Mul,Number of Beds,35
Chandrapur,2015,Ponbhurna,Hospitals,0
Chandrapur,2015,Ponbhurna,"Specialty Hospitals (Cancer, TB, etc)",0
Chandrapur,2015,Ponbhurna,Clinics,0
Chandrapur,2015,Ponbhurna,Maternity Wards,0
Chandrapur,2015,Ponbhurna,Number of Beds,0
Chandrapur,2015,Ballarpur,Hospitals,1
Chandrapur,2015,Ballarpur,"Specialty Hospitals (Cancer, TB, etc)",0
Chandrapur,2015,Ballarpur,Clinics,0
Chandrapur,2015,Ballarpur,Maternity Wards,3
Chandrapur,2015,Ballarpur,Number of Beds,33
Chandrapur,2015,Korpana,Hospitals,1
Chandrapur,2015,Korpana,"Specialty Hospitals (Cancer, TB, etc)",0
Chandrapur,2015,Korpana,Clinics,3
Chandrapur,2015,Korpana,Maternity Wards,4
Chandrapur,2015,Korpana,Number of Beds,17
Chandrapur,2015,Rajura,Hospitals,1
Chandrapur,2015,Rajura,"Specialty Hospitals (Cancer, TB, etc)",0
Chandrapur,2015,Rajura,Clinics,0
Chandrapur,2015,Rajura,Maternity Wards,1
Chandrapur,2015,Rajura,Number of Beds,22
Chandrapur,2015,Gondpipari,Hospitals,0
Chandrapur,2015,Gondpipari,"Specialty Hospitals (Cancer, TB, etc)",0
Chandrapur,2015,Gondpipari,Clinics,0
Chandrapur,2015,Gondpipari,Maternity Wards,0
Chandrapur,2015,Gondpipari,Number of Beds,0
Chandrapur,2015,Jivati,Hospitals,0
Chandrapur,2015,Jivati,"Specialty Hospitals (Cancer, TB, etc)",0
Chandrapur,2015,Jivati,Clinics,0
Chandrapur,2015,Jivati,Maternity Wards,0
Chandrapur,2015,Jivati,Number of Beds,0
Chandrapur,2016,Varora,Hospitals,1
Chandrapur,2016,Varora,"Specialty Hospitals (Cancer, TB, etc)",0
Chandrapur,2016,Varora,Clinics,9
Chandrapur,2016,Varora,Maternity Wards,4
Chandrapur,2016,Varora,Number of Beds,29
Chandrapur,2016,Chimur,Hospitals,2
Chandrapur,2016,Chimur,"Specialty Hospitals (Cancer, TB, etc)",0
Chandrapur,2016,Chimur,Clinics,1
Chandrapur,2016,Chimur,Maternity Wards,3
Chandrapur,2016,Chimur,Number of Beds,15
Chandrapur,2016,Nagbhid,Hospitals,4
Chandrapur,2016,Nagbhid,"Specialty Hospitals (Cancer, TB, etc)",0
Chandrapur,2016,Nagbhid,Clinics,1
Chandrapur,2016,Nagbhid,Maternity Wards,0
Chandrapur,2016,Nagbhid,Number of Beds,44
Chandrapur,2016,Bramhapuri,Hospitals,0
Chandrapur,2016,Bramhapuri,"Specialty Hospitals (Cancer, TB, etc)",0
Chandrapur,2016,Bramhapuri,Clinics,1
Chandrapur,2016,Bramhapuri,Maternity Wards,8
Chandrapur,2016,Bramhapuri,Number of Beds,103
Chandrapur,2016,Savali,Hospitals,2
Chandrapur,2016,Savali,"Specialty Hospitals (Cancer, TB, etc)",0
Chandrapur,2016,Savali,Clinics,2
Chandrapur,2016,Savali,Maternity Wards,1
Chandrapur,2016,Savali,Number of Beds,22
Chandrapur,2016,Sindevahi,Hospitals,6
Chandrapur,2016,Sindevahi,"Specialty Hospitals (Cancer, TB, etc)",0
Chandrapur,2016,Sindevahi,Clinics,4
Chandrapur,2016,Sindevahi,Maternity Wards,1
Chandrapur,2016,Sindevahi,Number of Beds,82
Chandrapur,2016,Bhadravati,Hospitals,0
Chandrapur,2016,Bhadravati,"Specialty Hospitals (Cancer, TB, etc)",0
Chandrapur,2016,Bhadravati,Clinics,0
Chandrapur,2016,Bhadravati,Maternity Wards,5
Chandrapur,2016,Bhadravati,Number of Beds,31
Chandrapur,2016,Chandrapur,Hospitals,78
Chandrapur,2016,Chandrapur,"Specialty Hospitals (Cancer, TB, etc)",0
Chandrapur,2016,Chandrapur,Clinics,177
Chandrapur,2016,Chandrapur,Maternity Wards,40
Chandrapur,2016,Chandrapur,Number of Beds,1806
Chandrapur,2016,Mul,Hospitals,0
Chandrapur,2016,Mul,"Specialty Hospitals (Cancer, TB, etc)",0
Chandrapur,2016,Mul,Clinics,2
Chandrapur,2016,Mul,Maternity Wards,0
Chandrapur,2016,Mul,Number of Beds,7
Chandrapur,2016,Ponbhurna,Hospitals,0
Chandrapur,2016,Ponbhurna,"Specialty Hospitals (Cancer, TB, etc)",0
Chandrapur,2016,Ponbhurna,Clinics,0
Chandrapur,2016,Ponbhurna,Maternity Wards,0
Chandrapur,2016,Ponbhurna,Number of Beds,0
Chandrapur,2016,Ballarpur,Hospitals,0
Chandrapur,2016,Ballarpur,"Specialty Hospitals (Cancer, TB, etc)",0
Chandrapur,2016,Ballarpur,Clinics,0
Chandrapur,2016,Ballarpur,Maternity Wards,3
Chandrapur,2016,Ballarpur,Number of Beds,23
Chandrapur,2016,Korpana,Hospitals,1
Chandrapur,2016,Korpana,"Specialty Hospitals (Cancer, TB, etc)",0
Chandrapur,2016,Korpana,Clinics,3
Chandrapur,2016,Korpana,Maternity Wards,1
Chandrapur,2016,Korpana,Number of Beds,25
Chandrapur,2016,Rajura,Hospitals,1
Chandrapur,2016,Rajura,"Specialty Hospitals (Cancer, TB, etc)",0
Chandrapur,2016,Rajura,Clinics,0
Chandrapur,2016,Rajura,Maternity Wards,1
Chandrapur,2016,Rajura,Number of Beds,30
Chandrapur,2016,Gondpipari,Hospitals,1
Chandrapur,2016,Gondpipari,"Specialty Hospitals (Cancer, TB, etc)",0
Chandrapur,2016,Gondpipari,Clinics,0
Chandrapur,2016,Gondpipari,Maternity Wards,0
Chandrapur,2016,Gondpipari,Number of Beds,10
Chandrapur,2016,Jivati,Hospitals,0
Chandrapur,2016,Jivati,"Specialty Hospitals (Cancer, TB, etc)",0
Chandrapur,2016,Jivati,Clinics,0
Chandrapur,2016,Jivati,Maternity Wards,1
Chandrapur,2016,Jivati,Number of Beds,10
Chandrapur,2017,Varora,Hospitals,4
Chandrapur,2017,Varora,"Specialty Hospitals (Cancer, TB, etc)",0
Chandrapur,2017,Varora,Clinics,6
Chandrapur,2017,Varora,Maternity Wards,4
Chandrapur,2017,Varora,Number of Beds,86
Chandrapur,2017,Chimur,Hospitals,2
Chandrapur,2017,Chimur,"Specialty Hospitals (Cancer, TB, etc)",0
Chandrapur,2017,Chimur,Clinics,8
Chandrapur,2017,Chimur,Maternity Wards,3
Chandrapur,2017,Chimur,Number of Beds,18
Chandrapur,2017,Nagbhid,Hospitals,4
Chandrapur,2017,Nagbhid,"Specialty Hospitals (Cancer, TB, etc)",0
Chandrapur,2017,Nagbhid,Clinics,4
Chandrapur,2017,Nagbhid,Maternity Wards,1
Chandrapur,2017,Nagbhid,Number of Beds,54
Chandrapur,2017,Bramhapuri,Hospitals,1
Chandrapur,2017,Bramhapuri,"Specialty Hospitals (Cancer, TB, etc)",0
Chandrapur,2017,Bramhapuri,Clinics,0
Chandrapur,2017,Bramhapuri,Maternity Wards,8
Chandrapur,2017,Bramhapuri,Number of Beds,102
Chandrapur,2017,Savali,Hospitals,3
Chandrapur,2017,Savali,"Specialty Hospitals (Cancer, TB, etc)",0
Chandrapur,2017,Savali,Clinics,1
Chandrapur,2017,Savali,Maternity Wards,1
Chandrapur,2017,Savali,Number of Beds,32
Chandrapur,2017,Sindevahi,Hospitals,9
Chandrapur,2017,Sindevahi,"Specialty Hospitals (Cancer, TB, etc)",0
Chandrapur,2017,Sindevahi,Clinics,4
Chandrapur,2017,Sindevahi,Maternity Wards,1
Chandrapur,2017,Sindevahi,Number of Beds,66
Chandrapur,2017,Bhadravati,Hospitals,0
Chandrapur,2017,Bhadravati,"Specialty Hospitals (Cancer, TB, etc)",0
Chandrapur,2017,Bhadravati,Clinics,0
Chandrapur,2017,Bhadravati,Maternity Wards,5
Chandrapur,2017,Bhadravati,Number of Beds,31
Chandrapur,2017,Chandrapur,Hospitals,79
Chandrapur,2017,Chandrapur,"Specialty Hospitals (Cancer, TB, etc)",0
Chandrapur,2017,Chandrapur,Clinics,178
Chandrapur,2017,Chandrapur,Maternity Wards,40
Chandrapur,2017,Chandrapur,Number of Beds,1811
Chandrapur,2017,Mul,Hospitals,2
Chandrapur,2017,Mul,"Specialty Hospitals (Cancer, TB, etc)",0
Chandrapur,2017,Mul,Clinics,1
Chandrapur,2017,Mul,Maternity Wards,0
Chandrapur,2017,Mul,Number of Beds,10
Chandrapur,2017,Ponbhurna,Hospitals,0
Chandrapur,2017,Ponbhurna,"Specialty Hospitals (Cancer, TB, etc)",0
Chandrapur,2017,Ponbhurna,Clinics,0
Chandrapur,2017,Ponbhurna,Maternity Wards,0
Chandrapur,2017,Ponbhurna,Number of Beds,0
Chandrapur,2017,Ballarpur,Hospitals,0
Chandrapur,2017,Ballarpur,"Specialty Hospitals (Cancer, TB, etc)",0
Chandrapur,2017,Ballarpur,Clinics,0
Chandrapur,2017,Ballarpur,Maternity Wards,3
Chandrapur,2017,Ballarpur,Number of Beds,23
Chandrapur,2017,Korpana,Hospitals,6
Chandrapur,2017,Korpana,"Specialty Hospitals (Cancer, TB, etc)",0
Chandrapur,2017,Korpana,Clinics,0
Chandrapur,2017,Korpana,Maternity Wards,1
Chandrapur,2017,Korpana,Number of Beds,50
Chandrapur,2017,Rajura,Hospitals,1
Chandrapur,2017,Rajura,"Specialty Hospitals (Cancer, TB, etc)",0
Chandrapur,2017,Rajura,Clinics,0
Chandrapur,2017,Rajura,Maternity Wards,1
Chandrapur,2017,Rajura,Number of Beds,30
Chandrapur,2017,Gondpipari,Hospitals,1
Chandrapur,2017,Gondpipari,"Specialty Hospitals (Cancer, TB, etc)",0
Chandrapur,2017,Gondpipari,Clinics,0
Chandrapur,2017,Gondpipari,Maternity Wards,0
Chandrapur,2017,Gondpipari,Number of Beds,10
Chandrapur,2017,Jivati,Hospitals,1
Chandrapur,2017,Jivati,"Specialty Hospitals (Cancer, TB, etc)",0
Chandrapur,2017,Jivati,Clinics,0
Chandrapur,2017,Jivati,Maternity Wards,0
Chandrapur,2017,Jivati,Number of Beds,10
Chandrapur,2018,Varora,Hospitals,2
Chandrapur,2018,Varora,"Specialty Hospitals (Cancer, TB, etc)",0
Chandrapur,2018,Varora,Clinics,23
Chandrapur,2018,Varora,Maternity Wards,3
Chandrapur,2018,Varora,Number of Beds,85
Chandrapur,2018,Chimur,Hospitals,6
Chandrapur,2018,Chimur,"Specialty Hospitals (Cancer, TB, etc)",0
Chandrapur,2018,Chimur,Clinics,2
Chandrapur,2018,Chimur,Maternity Wards,4
Chandrapur,2018,Chimur,Number of Beds,39
Chandrapur,2018,Nagbhid,Hospitals,7
Chandrapur,2018,Nagbhid,"Specialty Hospitals (Cancer, TB, etc)",0
Chandrapur,2018,Nagbhid,Clinics,1
Chandrapur,2018,Nagbhid,Maternity Wards,3
Chandrapur,2018,Nagbhid,Number of Beds,78
Chandrapur,2018,Bramhapuri,Hospitals,0
Chandrapur,2018,Bramhapuri,"Specialty Hospitals (Cancer, TB, etc)",0
Chandrapur,2018,Bramhapuri,Clinics,36
Chandrapur,2018,Bramhapuri,Maternity Wards,6
Chandrapur,2018,Bramhapuri,Number of Beds,118
Chandrapur,2018,Savali,Hospitals,2
Chandrapur,2018,Savali,"Specialty Hospitals (Cancer, TB, etc)",0
Chandrapur,2018,Savali,Clinics,1
Chandrapur,2018,Savali,Maternity Wards,1
Chandrapur,2018,Savali,Number of Beds,32
Chandrapur,2018,Sindevahi,Hospitals,8
Chandrapur,2018,Sindevahi,"Specialty Hospitals (Cancer, TB, etc)",0
Chandrapur,2018,Sindevahi,Clinics,4
Chandrapur,2018,Sindevahi,Maternity Wards,0
Chandrapur,2018,Sindevahi,Number of Beds,63
Chandrapur,2018,Bhadravati,Hospitals,1
Chandrapur,2018,Bhadravati,"Specialty Hospitals (Cancer, TB, etc)",0
Chandrapur,2018,Bhadravati,Clinics,14
Chandrapur,2018,Bhadravati,Maternity Wards,5
Chandrapur,2018,Bhadravati,Number of Beds,74
Chandrapur,2018,Chandrapur,Hospitals,94
Chandrapur,2018,Chandrapur,"Specialty Hospitals (Cancer, TB, etc)",0
Chandrapur,2018,Chandrapur,Clinics,108
Chandrapur,2018,Chandrapur,Maternity Wards,68
Chandrapur,2018,Chandrapur,Number of Beds,2681
Chandrapur,2018,Mul,Hospitals,0
Chandrapur,2018,Mul,"Specialty Hospitals (Cancer, TB, etc)",0
Chandrapur,2018,Mul,Clinics,1
Chandrapur,2018,Mul,Maternity Wards,0
Chandrapur,2018,Mul,Number of Beds,10
Chandrapur,2018,Ponbhurna,Hospitals,0
Chandrapur,2018,Ponbhurna,"Specialty Hospitals (Cancer, TB, etc)",0
Chandrapur,2018,Ponbhurna,Clinics,0
Chandrapur,2018,Ponbhurna,Maternity Wards,0
Chandrapur,2018,Ponbhurna,Number of Beds,0
Chandrapur,2018,Ballarpur,Hospitals,0
Chandrapur,2018,Ballarpur,"Specialty Hospitals (Cancer, TB, etc)",0
Chandrapur,2018,Ballarpur,Clinics,18
Chandrapur,2018,Ballarpur,Maternity Wards,2
Chandrapur,2018,Ballarpur,Number of Beds,18
Chandrapur,2018,Korpana,Hospitals,6
Chandrapur,2018,Korpana,"Specialty Hospitals (Cancer, TB, etc)",0
Chandrapur,2018,Korpana,Clinics,0
Chandrapur,2018,Korpana,Maternity Wards,4
Chandrapur,2018,Korpana,Number of Beds,50
Chandrapur,2018,Rajura,Hospitals,2
Chandrapur,2018,Rajura,"Specialty Hospitals (Cancer, TB, etc)",0
Chandrapur,2018,Rajura,Clinics,4
Chandrapur,2018,Rajura,Maternity Wards,3
Chandrapur,2018,Rajura,Number of Beds,58
Chandrapur,2018,Gondpipari,Hospitals,1
Chandrapur,2018,Gondpipari,"Specialty Hospitals (Cancer, TB, etc)",0
Chandrapur,2018,Gondpipari,Clinics,0
Chandrapur,2018,Gondpipari,Maternity Wards,1
Chandrapur,2018,Gondpipari,Number of Beds,10
Chandrapur,2018,Jivati,Hospitals,0
Chandrapur,2018,Jivati,"Specialty Hospitals (Cancer, TB, etc)",0
Chandrapur,2018,Jivati,Clinics,0
Chandrapur,2018,Jivati,Maternity Wards,1
Chandrapur,2018,Jivati,Number of Beds,10
Chandrapur,2019,Varora,Hospitals,2
Chandrapur,2019,Varora,"Specialty Hospitals (Cancer, TB, etc)",0
Chandrapur,2019,Varora,Clinics,1
Chandrapur,2019,Varora,Maternity Wards,1
Chandrapur,2019,Varora,Number of Beds,64
Chandrapur,2019,Chimur,Hospitals,6
Chandrapur,2019,Chimur,"Specialty Hospitals (Cancer, TB, etc)",0
Chandrapur,2019,Chimur,Clinics,2
Chandrapur,2019,Chimur,Maternity Wards,4
Chandrapur,2019,Chimur,Number of Beds,39
Chandrapur,2019,Nagbhid,Hospitals,7
Chandrapur,2019,Nagbhid,"Specialty Hospitals (Cancer, TB, etc)",0
Chandrapur,2019,Nagbhid,Clinics,1
Chandrapur,2019,Nagbhid,Maternity Wards,3
Chandrapur,2019,Nagbhid,Number of Beds,78
Chandrapur,2019,Bramhapuri,Hospitals,0
Chandrapur,2019,Bramhapuri,"Specialty Hospitals (Cancer, TB, etc)",0
Chandrapur,2019,Bramhapuri,Clinics,1
Chandrapur,2019,Bramhapuri,Maternity Wards,0
Chandrapur,2019,Bramhapuri,Number of Beds,3
Chandrapur,2019,Savali,Hospitals,2
Chandrapur,2019,Savali,"Specialty Hospitals (Cancer, TB, etc)",0
Chandrapur,2019,Savali,Clinics,1
Chandrapur,2019,Savali,Maternity Wards,1
Chandrapur,2019,Savali,Number of Beds,32
Chandrapur,2019,Sindevahi,Hospitals,8
Chandrapur,2019,Sindevahi,"Specialty Hospitals (Cancer, TB, etc)",0
Chandrapur,2019,Sindevahi,Clinics,4
Chandrapur,2019,Sindevahi,Maternity Wards,0
Chandrapur,2019,Sindevahi,Number of Beds,63
Chandrapur,2019,Bhadravati,Hospitals,1
Chandrapur,2019,Bhadravati,"Specialty Hospitals (Cancer, TB, etc)",0
Chandrapur,2019,Bhadravati,Clinics,1
Chandrapur,2019,Bhadravati,Maternity Wards,0
Chandrapur,2019,Bhadravati,Number of Beds,50
Chandrapur,2019,Chandrapur,Hospitals,6
Chandrapur,2019,Chandrapur,"Specialty Hospitals (Cancer, TB, etc)",0
Chandrapur,2019,Chandrapur,Clinics,0
Chandrapur,2019,Chandrapur,Maternity Wards,3
Chandrapur,2019,Chandrapur,Number of Beds,237
Chandrapur,2019,Mul,Hospitals,0
Chandrapur,2019,Mul,"Specialty Hospitals (Cancer, TB, etc)",0
Chandrapur,2019,Mul,Clinics,1
Chandrapur,2019,Mul,Maternity Wards,0
Chandrapur,2019,Mul,Number of Beds,10
Chandrapur,2019,Ponbhurna,Hospitals,0
Chandrapur,2019,Ponbhurna,"Specialty Hospitals (Cancer, TB, etc)",0
Chandrapur,2019,Ponbhurna,Clinics,0
Chandrapur,2019,Ponbhurna,Maternity Wards,0
Chandrapur,2019,Ponbhurna,Number of Beds,0
Chandrapur,2019,Ballarpur,Hospitals,0
Chandrapur,2019,Ballarpur,"Specialty Hospitals (Cancer, TB, etc)",0
Chandrapur,2019,Ballarpur,Clinics,0
Chandrapur,2019,Ballarpur,Maternity Wards,0
Chandrapur,2019,Ballarpur,Number of Beds,0
Chandrapur,2019,Korpana,Hospitals,6
Chandrapur,2019,Korpana,"Specialty Hospitals (Cancer, TB, etc)",0
Chandrapur,2019,Korpana,Clinics,0
Chandrapur,2019,Korpana,Maternity Wards,4
Chandrapur,2019,Korpana,Number of Beds,50
Chandrapur,2019,Rajura,Hospitals,2
Chandrapur,2019,Rajura,"Specialty Hospitals (Cancer, TB, etc)",0
Chandrapur,2019,Rajura,Clinics,0
Chandrapur,2019,Rajura,Maternity Wards,2
Chandrapur,2019,Rajura,Number of Beds,53
Chandrapur,2019,Gondpipari,Hospitals,1
Chandrapur,2019,Gondpipari,"Specialty Hospitals (Cancer, TB, etc)",0
Chandrapur,2019,Gondpipari,Clinics,0
Chandrapur,2019,Gondpipari,Maternity Wards,1
Chandrapur,2019,Gondpipari,Number of Beds,10
Chandrapur,2019,Jivati,Hospitals,0
Chandrapur,2019,Jivati,"Specialty Hospitals (Cancer, TB, etc)",0
Chandrapur,2019,Jivati,Clinics,0
Chandrapur,2019,Jivati,Maternity Wards,1
Chandrapur,2019,Jivati,Number of Beds,10
Chandrapur,2020,Varora,Hospitals,0
Chandrapur,2020,Varora,"Specialty Hospitals (Cancer, TB, etc)",0
Chandrapur,2020,Varora,Clinics,0
Chandrapur,2020,Varora,Maternity Wards,0
Chandrapur,2020,Varora,Number of Beds,0
Chandrapur,2020,Chimur,Hospitals,0
Chandrapur,2020,Chimur,"Specialty Hospitals (Cancer, TB, etc)",0
Chandrapur,2020,Chimur,Clinics,0
Chandrapur,2020,Chimur,Maternity Wards,0
Chandrapur,2020,Chimur,Number of Beds,0
Chandrapur,2020,Nagbhid,Hospitals,0
Chandrapur,2020,Nagbhid,"Specialty Hospitals (Cancer, TB, etc)",0
Chandrapur,2020,Nagbhid,Clinics,0
Chandrapur,2020,Nagbhid,Maternity Wards,0
Chandrapur,2020,Nagbhid,Number of Beds,0
Chandrapur,2020,Bramhapuri,Hospitals,0
Chandrapur,2020,Bramhapuri,"Specialty Hospitals (Cancer, TB, etc)",0
Chandrapur,2020,Bramhapuri,Clinics,0
Chandrapur,2020,Bramhapuri,Maternity Wards,0
Chandrapur,2020,Bramhapuri,Number of Beds,0
Chandrapur,2020,Savali,Hospitals,0
Chandrapur,2020,Savali,"Specialty Hospitals (Cancer, TB, etc)",0
Chandrapur,2020,Savali,Clinics,0
Chandrapur,2020,Savali,Maternity Wards,0
Chandrapur,2020,Savali,Number of Beds,0
Chandrapur,2020,Sindevahi,Hospitals,0
Chandrapur,2020,Sindevahi,"Specialty Hospitals (Cancer, TB, etc)",0
Chandrapur,2020,Sindevahi,Clinics,0
Chandrapur,2020,Sindevahi,Maternity Wards,0
Chandrapur,2020,Sindevahi,Number of Beds,0
Chandrapur,2020,Bhadravati,Hospitals,0
Chandrapur,2020,Bhadravati,"Specialty Hospitals (Cancer, TB, etc)",0
Chandrapur,2020,Bhadravati,Clinics,0
Chandrapur,2020,Bhadravati,Maternity Wards,0
Chandrapur,2020,Bhadravati,Number of Beds,0
Chandrapur,2020,Chandrapur,Hospitals,0
Chandrapur,2020,Chandrapur,"Specialty Hospitals (Cancer, TB, etc)",0
Chandrapur,2020,Chandrapur,Clinics,0
Chandrapur,2020,Chandrapur,Maternity Wards,0
Chandrapur,2020,Chandrapur,Number of Beds,0
Chandrapur,2020,Mul,Hospitals,0
Chandrapur,2020,Mul,"Specialty Hospitals (Cancer, TB, etc)",0
Chandrapur,2020,Mul,Clinics,0
Chandrapur,2020,Mul,Maternity Wards,0
Chandrapur,2020,Mul,Number of Beds,0
Chandrapur,2020,Ponbhurna,Hospitals,0
Chandrapur,2020,Ponbhurna,"Specialty Hospitals (Cancer, TB, etc)",0
Chandrapur,2020,Ponbhurna,Clinics,0
Chandrapur,2020,Ponbhurna,Maternity Wards,0
Chandrapur,2020,Ponbhurna,Number of Beds,0
Chandrapur,2020,Ballarpur,Hospitals,0
Chandrapur,2020,Ballarpur,"Specialty Hospitals (Cancer, TB, etc)",0
Chandrapur,2020,Ballarpur,Clinics,0
Chandrapur,2020,Ballarpur,Maternity Wards,0
Chandrapur,2020,Ballarpur,Number of Beds,0
Chandrapur,2020,Korpana,Hospitals,0
Chandrapur,2020,Korpana,"Specialty Hospitals (Cancer, TB, etc)",0
Chandrapur,2020,Korpana,Clinics,0
Chandrapur,2020,Korpana,Maternity Wards,0
Chandrapur,2020,Korpana,Number of Beds,0
Chandrapur,2020,Rajura,Hospitals,0
Chandrapur,2020,Rajura,"Specialty Hospitals (Cancer, TB, etc)",0
Chandrapur,2020,Rajura,Clinics,0
Chandrapur,2020,Rajura,Maternity Wards,0
Chandrapur,2020,Rajura,Number of Beds,0
Chandrapur,2020,Gondpipari,Hospitals,0
Chandrapur,2020,Gondpipari,"Specialty Hospitals (Cancer, TB, etc)",0
Chandrapur,2020,Gondpipari,Clinics,0
Chandrapur,2020,Gondpipari,Maternity Wards,0
Chandrapur,2020,Gondpipari,Number of Beds,0
Chandrapur,2020,Jivati,Hospitals,0
Chandrapur,2020,Jivati,"Specialty Hospitals (Cancer, TB, etc)",0
Chandrapur,2020,Jivati,Clinics,0
Chandrapur,2020,Jivati,Maternity Wards,0
Chandrapur,2020,Jivati,Number of Beds,0
Chandrapur,2021,Varora,Hospitals,10
Chandrapur,2021,Varora,"Specialty Hospitals (Cancer, TB, etc)",0
Chandrapur,2021,Varora,Clinics,7
Chandrapur,2021,Varora,Maternity Wards,3
Chandrapur,2021,Varora,Number of Beds,246
Chandrapur,2021,Chimur,Hospitals,7
Chandrapur,2021,Chimur,"Specialty Hospitals (Cancer, TB, etc)",0
Chandrapur,2021,Chimur,Clinics,3
Chandrapur,2021,Chimur,Maternity Wards,4
Chandrapur,2021,Chimur,Number of Beds,49
Chandrapur,2021,Nagbhid,Hospitals,7
Chandrapur,2021,Nagbhid,"Specialty Hospitals (Cancer, TB, etc)",0
Chandrapur,2021,Nagbhid,Clinics,4
Chandrapur,2021,Nagbhid,Maternity Wards,4
Chandrapur,2021,Nagbhid,Number of Beds,118
Chandrapur,2021,Bramhapuri,Hospitals,20
Chandrapur,2021,Bramhapuri,"Specialty Hospitals (Cancer, TB, etc)",0
Chandrapur,2021,Bramhapuri,Clinics,3
Chandrapur,2021,Bramhapuri,Maternity Wards,3
Chandrapur,2021,Bramhapuri,Number of Beds,568
Chandrapur,2021,Savali,Hospitals,3
Chandrapur,2021,Savali,"Specialty Hospitals (Cancer, TB, etc)",0
Chandrapur,2021,Savali,Clinics,1
Chandrapur,2021,Savali,Maternity Wards,1
Chandrapur,2021,Savali,Number of Beds,42
Chandrapur,2021,Sindevahi,Hospitals,9
Chandrapur,2021,Sindevahi,"Specialty Hospitals (Cancer, TB, etc)",0
Chandrapur,2021,Sindevahi,Clinics,12
Chandrapur,2021,Sindevahi,Maternity Wards,0
Chandrapur,2021,Sindevahi,Number of Beds,163
Chandrapur,2021,Bhadravati,Hospitals,4
Chandrapur,2021,Bhadravati,"Specialty Hospitals (Cancer, TB, etc)",0
Chandrapur,2021,Bhadravati,Clinics,1
Chandrapur,2021,Bhadravati,Maternity Wards,5
Chandrapur,2021,Bhadravati,Number of Beds,191
Chandrapur,2021,Chandrapur,Hospitals,102
Chandrapur,2021,Chandrapur,"Specialty Hospitals (Cancer, TB, etc)",0
Chandrapur,2021,Chandrapur,Clinics,23
Chandrapur,2021,Chandrapur,Maternity Wards,40
Chandrapur,2021,Chandrapur,Number of Beds,2425
Chandrapur,2021,Mul,Hospitals,2
Chandrapur,2021,Mul,"Specialty Hospitals (Cancer, TB, etc)",0
Chandrapur,2021,Mul,Clinics,6
Chandrapur,2021,Mul,Maternity Wards,0
Chandrapur,2021,Mul,Number of Beds,25
Chandrapur,2021,Ponbhurna,Hospitals,0
Chandrapur,2021,Ponbhurna,"Specialty Hospitals (Cancer, TB, etc)",0
Chandrapur,2021,Ponbhurna,Clinics,0
Chandrapur,2021,Ponbhurna,Maternity Wards,0
Chandrapur,2021,Ponbhurna,Number of Beds,0
Chandrapur,2021,Ballarpur,Hospitals,4
Chandrapur,2021,Ballarpur,"Specialty Hospitals (Cancer, TB, etc)",0
Chandrapur,2021,Ballarpur,Clinics,1
Chandrapur,2021,Ballarpur,Maternity Wards,5
Chandrapur,2021,Ballarpur,Number of Beds,66
Chandrapur,2021,Korpana,Hospitals,7
Chandrapur,2021,Korpana,"Specialty Hospitals (Cancer, TB, etc)",0
Chandrapur,2021,Korpana,Clinics,5
Chandrapur,2021,Korpana,Maternity Wards,4
Chandrapur,2021,Korpana,Number of Beds,66
Chandrapur,2021,Rajura,Hospitals,4
Chandrapur,2021,Rajura,"Specialty Hospitals (Cancer, TB, etc)",0
Chandrapur,2021,Rajura,Clinics,0
Chandrapur,2021,Rajura,Maternity Wards,3
Chandrapur,2021,Rajura,Number of Beds,86
Chandrapur,2021,Gondpipari,Hospitals,1
Chandrapur,2021,Gondpipari,"Specialty Hospitals (Cancer, TB, etc)",0
Chandrapur,2021,Gondpipari,Clinics,5
Chandrapur,2021,Gondpipari,Maternity Wards,1
Chandrapur,2021,Gondpipari,Number of Beds,10
Chandrapur,2021,Jivati,Hospitals,0
Chandrapur,2021,Jivati,"Specialty Hospitals (Cancer, TB, etc)",0
Chandrapur,2021,Jivati,Clinics,0
Chandrapur,2021,Jivati,Maternity Wards,1
Chandrapur,2021,Jivati,Number of Beds,10
Dhule,2012,Shirpur,Hospitals,27
Dhule,2012,Shirpur,"Specialty Hospitals (Cancer, TB, etc)",0
Dhule,2012,Shirpur,Clinics,47
Dhule,2012,Shirpur,Maternity Wards,14
Dhule,2012,Shirpur,Number of Beds,192
Dhule,2012,Shindkheda,Hospitals,5
Dhule,2012,Shindkheda,"Specialty Hospitals (Cancer, TB, etc)",0
Dhule,2012,Shindkheda,Clinics,36
Dhule,2012,Shindkheda,Maternity Wards,5
Dhule,2012,Shindkheda,Number of Beds,112
Dhule,2012,Sakri,Hospitals,3
Dhule,2012,Sakri,"Specialty Hospitals (Cancer, TB, etc)",0
Dhule,2012,Sakri,Clinics,48
Dhule,2012,Sakri,Maternity Wards,8
Dhule,2012,Sakri,Number of Beds,70
Dhule,2012,Dhule,Hospitals,1
Dhule,2012,Dhule,"Specialty Hospitals (Cancer, TB, etc)",0
Dhule,2012,Dhule,Clinics,6
Dhule,2012,Dhule,Maternity Wards,1
Dhule,2012,Dhule,Number of Beds,10
Dhule,2013,Shirpur,Hospitals,28
Dhule,2013,Shirpur,"Specialty Hospitals (Cancer, TB, etc)",0
Dhule,2013,Shirpur,Clinics,51
Dhule,2013,Shirpur,Maternity Wards,25
Dhule,2013,Shirpur,Number of Beds,302
Dhule,2013,Shindkheda,Hospitals,6
Dhule,2013,Shindkheda,"Specialty Hospitals (Cancer, TB, etc)",0
Dhule,2013,Shindkheda,Clinics,36
Dhule,2013,Shindkheda,Maternity Wards,5
Dhule,2013,Shindkheda,Number of Beds,142
Dhule,2013,Sakri,Hospitals,8
Dhule,2013,Sakri,"Specialty Hospitals (Cancer, TB, etc)",0
Dhule,2013,Sakri,Clinics,48
Dhule,2013,Sakri,Maternity Wards,13
Dhule,2013,Sakri,Number of Beds,145
Dhule,2013,Dhule,Hospitals,1
Dhule,2013,Dhule,"Specialty Hospitals (Cancer, TB, etc)",0
Dhule,2013,Dhule,Clinics,6
Dhule,2013,Dhule,Maternity Wards,1
Dhule,2013,Dhule,Number of Beds,10
Dhule,2014,Shirpur,Hospitals,1
Dhule,2014,Shirpur,"Specialty Hospitals (Cancer, TB, etc)",0
Dhule,2014,Shirpur,Clinics,10
Dhule,2014,Shirpur,Maternity Wards,10
Dhule,2014,Shirpur,Number of Beds,100
Dhule,2014,Shindkheda,Hospitals,4
Dhule,2014,Shindkheda,"Specialty Hospitals (Cancer, TB, etc)",0
Dhule,2014,Shindkheda,Clinics,19
Dhule,2014,Shindkheda,Maternity Wards,5
Dhule,2014,Shindkheda,Number of Beds,8
Dhule,2014,Sakri,Hospitals,9
Dhule,2014,Sakri,"Specialty Hospitals (Cancer, TB, etc)",0
Dhule,2014,Sakri,Clinics,10
Dhule,2014,Sakri,Maternity Wards,10
Dhule,2014,Sakri,Number of Beds,130
Dhule,2014,Dhule,Hospitals,181
Dhule,2014,Dhule,"Specialty Hospitals (Cancer, TB, etc)",94
Dhule,2014,Dhule,Clinics,458
Dhule,2014,Dhule,Maternity Wards,45
Dhule,2014,Dhule,Number of Beds,393
Dhule,2015,Shirpur,Hospitals,1
Dhule,2015,Shirpur,"Specialty Hospitals (Cancer, TB, etc)",0
Dhule,2015,Shirpur,Clinics,42
Dhule,2015,Shirpur,Maternity Wards,10
Dhule,2015,Shirpur,Number of Beds,258
Dhule,2015,Shindkheda,Hospitals,4
Dhule,2015,Shindkheda,"Specialty Hospitals (Cancer, TB, etc)",0
Dhule,2015,Shindkheda,Clinics,40
Dhule,2015,Shindkheda,Maternity Wards,5
Dhule,2015,Shindkheda,Number of Beds,188
Dhule,2015,Sakri,Hospitals,9
Dhule,2015,Sakri,"Specialty Hospitals (Cancer, TB, etc)",0
Dhule,2015,Sakri,Clinics,11
Dhule,2015,Sakri,Maternity Wards,10
Dhule,2015,Sakri,Number of Beds,140
Dhule,2015,Dhule,Hospitals,181
Dhule,2015,Dhule,"Specialty Hospitals (Cancer, TB, etc)",94
Dhule,2015,Dhule,Clinics,459
Dhule,2015,Dhule,Maternity Wards,45
Dhule,2015,Dhule,Number of Beds,403
Dhule,2016,Shirpur,Hospitals,1
Dhule,2016,Shirpur,"Specialty Hospitals (Cancer, TB, etc)",0
Dhule,2016,Shirpur,Clinics,79
Dhule,2016,Shirpur,Maternity Wards,13
Dhule,2016,Shirpur,Number of Beds,258
Dhule,2016,Shindkheda,Hospitals,4
Dhule,2016,Shindkheda,"Specialty Hospitals (Cancer, TB, etc)",0
Dhule,2016,Shindkheda,Clinics,54
Dhule,2016,Shindkheda,Maternity Wards,6
Dhule,2016,Shindkheda,Number of Beds,188
Dhule,2016,Sakri,Hospitals,9
Dhule,2016,Sakri,"Specialty Hospitals (Cancer, TB, etc)",0
Dhule,2016,Sakri,Clinics,12
Dhule,2016,Sakri,Maternity Wards,0
Dhule,2016,Sakri,Number of Beds,140
Dhule,2016,Dhule,Hospitals,185
Dhule,2016,Dhule,"Specialty Hospitals (Cancer, TB, etc)",94
Dhule,2016,Dhule,Clinics,522
Dhule,2016,Dhule,Maternity Wards,64
Dhule,2016,Dhule,Number of Beds,1636
Dhule,2017,Shirpur,Hospitals,1
Dhule,2017,Shirpur,"Specialty Hospitals (Cancer, TB, etc)",0
Dhule,2017,Shirpur,Clinics,79
Dhule,2017,Shirpur,Maternity Wards,13
Dhule,2017,Shirpur,Number of Beds,258
Dhule,2017,Shindkheda,Hospitals,4
Dhule,2017,Shindkheda,"Specialty Hospitals (Cancer, TB, etc)",0
Dhule,2017,Shindkheda,Clinics,54
Dhule,2017,Shindkheda,Maternity Wards,6
Dhule,2017,Shindkheda,Number of Beds,188
Dhule,2017,Sakri,Hospitals,9
Dhule,2017,Sakri,"Specialty Hospitals (Cancer, TB, etc)",0
Dhule,2017,Sakri,Clinics,12
Dhule,2017,Sakri,Maternity Wards,0
Dhule,2017,Sakri,Number of Beds,140
Dhule,2017,Dhule,Hospitals,185
Dhule,2017,Dhule,"Specialty Hospitals (Cancer, TB, etc)",94
Dhule,2017,Dhule,Clinics,525
Dhule,2017,Dhule,Maternity Wards,66
Dhule,2017,Dhule,Number of Beds,1661
Dhule,2018,Shirpur,Hospitals,38
Dhule,2018,Shirpur,"Specialty Hospitals (Cancer, TB, etc)",0
Dhule,2018,Shirpur,Clinics,38
Dhule,2018,Shirpur,Maternity Wards,12
Dhule,2018,Shirpur,Number of Beds,72
Dhule,2018,Shindkheda,Hospitals,21
Dhule,2018,Shindkheda,"Specialty Hospitals (Cancer, TB, etc)",0
Dhule,2018,Shindkheda,Clinics,21
Dhule,2018,Shindkheda,Maternity Wards,7
Dhule,2018,Shindkheda,Number of Beds,48
Dhule,2018,Sakri,Hospitals,1
Dhule,2018,Sakri,"Specialty Hospitals (Cancer, TB, etc)",0
Dhule,2018,Sakri,Clinics,1
Dhule,2018,Sakri,Maternity Wards,1
Dhule,2018,Sakri,Number of Beds,10
Dhule,2018,Dhule,Hospitals,185
Dhule,2018,Dhule,"Specialty Hospitals (Cancer, TB, etc)",94
Dhule,2018,Dhule,Clinics,528
Dhule,2018,Dhule,Maternity Wards,69
Dhule,2018,Dhule,Number of Beds,1686
Dhule,2019,Shirpur,Hospitals,38
Dhule,2019,Shirpur,"Specialty Hospitals (Cancer, TB, etc)",0
Dhule,2019,Shirpur,Clinics,38
Dhule,2019,Shirpur,Maternity Wards,12
Dhule,2019,Shirpur,Number of Beds,72
Dhule,2019,Shindkheda,Hospitals,21
Dhule,2019,Shindkheda,"Specialty Hospitals (Cancer, TB, etc)",0
Dhule,2019,Shindkheda,Clinics,21
Dhule,2019,Shindkheda,Maternity Wards,7
Dhule,2019,Shindkheda,Number of Beds,48
Dhule,2019,Sakri,Hospitals,1
Dhule,2019,Sakri,"Specialty Hospitals (Cancer, TB, etc)",0
Dhule,2019,Sakri,Clinics,1
Dhule,2019,Sakri,Maternity Wards,1
Dhule,2019,Sakri,Number of Beds,12
Dhule,2019,Dhule,Hospitals,185
Dhule,2019,Dhule,"Specialty Hospitals (Cancer, TB, etc)",94
Dhule,2019,Dhule,Clinics,528
Dhule,2019,Dhule,Maternity Wards,53
Dhule,2019,Dhule,Number of Beds,2722
Dhule,2020,Shirpur,Hospitals,38
Dhule,2020,Shirpur,"Specialty Hospitals (Cancer, TB, etc)",0
Dhule,2020,Shirpur,Clinics,38
Dhule,2020,Shirpur,Maternity Wards,12
Dhule,2020,Shirpur,Number of Beds,72
Dhule,2020,Shindkheda,Hospitals,21
Dhule,2020,Shindkheda,"Specialty Hospitals (Cancer, TB, etc)",0
Dhule,2020,Shindkheda,Clinics,21
Dhule,2020,Shindkheda,Maternity Wards,7
Dhule,2020,Shindkheda,Number of Beds,48
Dhule,2020,Sakri,Hospitals,1
Dhule,2020,Sakri,"Specialty Hospitals (Cancer, TB, etc)",0
Dhule,2020,Sakri,Clinics,1
Dhule,2020,Sakri,Maternity Wards,1
Dhule,2020,Sakri,Number of Beds,12
Dhule,2020,Dhule,Hospitals,187
Dhule,2020,Dhule,"Specialty Hospitals (Cancer, TB, etc)",94
Dhule,2020,Dhule,Clinics,541
Dhule,2020,Dhule,Maternity Wards,71
Dhule,2020,Dhule,Number of Beds,2747
Dhule,2021,Shirpur,Hospitals,38
Dhule,2021,Shirpur,"Specialty Hospitals (Cancer, TB, etc)",0
Dhule,2021,Shirpur,Clinics,38
Dhule,2021,Shirpur,Maternity Wards,12
Dhule,2021,Shirpur,Number of Beds,72
Dhule,2021,Shindkheda,Hospitals,21
Dhule,2021,Shindkheda,"Specialty Hospitals (Cancer, TB, etc)",0
Dhule,2021,Shindkheda,Clinics,21
Dhule,2021,Shindkheda,Maternity Wards,7
Dhule,2021,Shindkheda,Number of Beds,48
Dhule,2021,Sakri,Hospitals,1
Dhule,2021,Sakri,"Specialty Hospitals (Cancer, TB, etc)",0
Dhule,2021,Sakri,Clinics,1
Dhule,2021,Sakri,Maternity Wards,1
Dhule,2021,Sakri,Number of Beds,12
Dhule,2021,Dhule,Hospitals,187
Dhule,2021,Dhule,"Specialty Hospitals (Cancer, TB, etc)",94
Dhule,2021,Dhule,Clinics,543
Dhule,2021,Dhule,Maternity Wards,72
Dhule,2021,Dhule,Number of Beds,2750
Gadchiroli,2012,Desaiganj,Hospitals,3
Gadchiroli,2012,Desaiganj,"Specialty Hospitals (Cancer, TB, etc)",0
Gadchiroli,2012,Desaiganj,Clinics,13
Gadchiroli,2012,Desaiganj,Maternity Wards,0
Gadchiroli,2012,Desaiganj,Number of Beds,15
Gadchiroli,2012,Aarmori,Hospitals,0
Gadchiroli,2012,Aarmori,"Specialty Hospitals (Cancer, TB, etc)",0
Gadchiroli,2012,Aarmori,Clinics,0
Gadchiroli,2012,Aarmori,Maternity Wards,0
Gadchiroli,2012,Aarmori,Number of Beds,0
Gadchiroli,2012,Kurkheda,Hospitals,0
Gadchiroli,2012,Kurkheda,"Specialty Hospitals (Cancer, TB, etc)",0
Gadchiroli,2012,Kurkheda,Clinics,0
Gadchiroli,2012,Kurkheda,Maternity Wards,0
Gadchiroli,2012,Kurkheda,Number of Beds,0
Gadchiroli,2012,Korachi,Hospitals,0
Gadchiroli,2012,Korachi,"Specialty Hospitals (Cancer, TB, etc)",0
Gadchiroli,2012,Korachi,Clinics,0
Gadchiroli,2012,Korachi,Maternity Wards,0
Gadchiroli,2012,Korachi,Number of Beds,0
Gadchiroli,2012,Dhanora,Hospitals,1
Gadchiroli,2012,Dhanora,"Specialty Hospitals (Cancer, TB, etc)",0
Gadchiroli,2012,Dhanora,Clinics,0
Gadchiroli,2012,Dhanora,Maternity Wards,0
Gadchiroli,2012,Dhanora,Number of Beds,0
Gadchiroli,2012,Gadchiroli,Hospitals,7
Gadchiroli,2012,Gadchiroli,"Specialty Hospitals (Cancer, TB, etc)",0
Gadchiroli,2012,Gadchiroli,Clinics,16
Gadchiroli,2012,Gadchiroli,Maternity Wards,2
Gadchiroli,2012,Gadchiroli,Number of Beds,30
Gadchiroli,2012,Chomoshi,Hospitals,0
Gadchiroli,2012,Chomoshi,"Specialty Hospitals (Cancer, TB, etc)",0
Gadchiroli,2012,Chomoshi,Clinics,0
Gadchiroli,2012,Chomoshi,Maternity Wards,0
Gadchiroli,2012,Chomoshi,Number of Beds,0
Gadchiroli,2012,Mulchera,Hospitals,0
Gadchiroli,2012,Mulchera,"Specialty Hospitals (Cancer, TB, etc)",0
Gadchiroli,2012,Mulchera,Clinics,0
Gadchiroli,2012,Mulchera,Maternity Wards,0
Gadchiroli,2012,Mulchera,Number of Beds,0
Gadchiroli,2012,Etapalli,Hospitals,0
Gadchiroli,2012,Etapalli,"Specialty Hospitals (Cancer, TB, etc)",0
Gadchiroli,2012,Etapalli,Clinics,0
Gadchiroli,2012,Etapalli,Maternity Wards,0
Gadchiroli,2012,Etapalli,Number of Beds,0
Gadchiroli,2012,Bhamragad,Hospitals,1
Gadchiroli,2012,Bhamragad,"Specialty Hospitals (Cancer, TB, etc)",0
Gadchiroli,2012,Bhamragad,Clinics,0
Gadchiroli,2012,Bhamragad,Maternity Wards,0
Gadchiroli,2012,Bhamragad,Number of Beds,0
Gadchiroli,2012,Aheri,Hospitals,1
Gadchiroli,2012,Aheri,"Specialty Hospitals (Cancer, TB, etc)",0
Gadchiroli,2012,Aheri,Clinics,0
Gadchiroli,2012,Aheri,Maternity Wards,0
Gadchiroli,2012,Aheri,Number of Beds,0
Gadchiroli,2012,Sironcha,Hospitals,1
Gadchiroli,2012,Sironcha,"Specialty Hospitals (Cancer, TB, etc)",0
Gadchiroli,2012,Sironcha,Clinics,0
Gadchiroli,2012,Sironcha,Maternity Wards,0
Gadchiroli,2012,Sironcha,Number of Beds,0
Gadchiroli,2013,Desaiganj,Hospitals,3
Gadchiroli,2013,Desaiganj,"Specialty Hospitals (Cancer, TB, etc)",0
Gadchiroli,2013,Desaiganj,Clinics,13
Gadchiroli,2013,Desaiganj,Maternity Wards,0
Gadchiroli,2013,Desaiganj,Number of Beds,15
Gadchiroli,2013,Aarmori,Hospitals,0
Gadchiroli,2013,Aarmori,"Specialty Hospitals (Cancer, TB, etc)",0
Gadchiroli,2013,Aarmori,Clinics,0
Gadchiroli,2013,Aarmori,Maternity Wards,0
Gadchiroli,2013,Aarmori,Number of Beds,0
Gadchiroli,2013,Kurkheda,Hospitals,0
Gadchiroli,2013,Kurkheda,"Specialty Hospitals (Cancer, TB, etc)",0
Gadchiroli,2013,Kurkheda,Clinics,0
Gadchiroli,2013,Kurkheda,Maternity Wards,0
Gadchiroli,2013,Kurkheda,Number of Beds,0
Gadchiroli,2013,Korachi,Hospitals,0
Gadchiroli,2013,Korachi,"Specialty Hospitals (Cancer, TB, etc)",0
Gadchiroli,2013,Korachi,Clinics,0
Gadchiroli,2013,Korachi,Maternity Wards,0
Gadchiroli,2013,Korachi,Number of Beds,0
Gadchiroli,2013,Dhanora,Hospitals,1
Gadchiroli,2013,Dhanora,"Specialty Hospitals (Cancer, TB, etc)",0
Gadchiroli,2013,Dhanora,Clinics,0
Gadchiroli,2013,Dhanora,Maternity Wards,0
Gadchiroli,2013,Dhanora,Number of Beds,0
Gadchiroli,2013,Gadchiroli,Hospitals,7
Gadchiroli,2013,Gadchiroli,"Specialty Hospitals (Cancer, TB, etc)",0
Gadchiroli,2013,Gadchiroli,Clinics,16
Gadchiroli,2013,Gadchiroli,Maternity Wards,2
Gadchiroli,2013,Gadchiroli,Number of Beds,30
Gadchiroli,2013,Chomoshi,Hospitals,0
Gadchiroli,2013,Chomoshi,"Specialty Hospitals (Cancer, TB, etc)",0
Gadchiroli,2013,Chomoshi,Clinics,0
Gadchiroli,2013,Chomoshi,Maternity Wards,0
Gadchiroli,2013,Chomoshi,Number of Beds,0
Gadchiroli,2013,Mulchera,Hospitals,0
Gadchiroli,2013,Mulchera,"Specialty Hospitals (Cancer, TB, etc)",0
Gadchiroli,2013,Mulchera,Clinics,0
Gadchiroli,2013,Mulchera,Maternity Wards,0
Gadchiroli,2013,Mulchera,Number of Beds,0
Gadchiroli,2013,Etapalli,Hospitals,0
Gadchiroli,2013,Etapalli,"Specialty Hospitals (Cancer, TB, etc)",0
Gadchiroli,2013,Etapalli,Clinics,0
Gadchiroli,2013,Etapalli,Maternity Wards,0
Gadchiroli,2013,Etapalli,Number of Beds,0
Gadchiroli,2013,Bhamragad,Hospitals,1
Gadchiroli,2013,Bhamragad,"Specialty Hospitals (Cancer, TB, etc)",0
Gadchiroli,2013,Bhamragad,Clinics,0
Gadchiroli,2013,Bhamragad,Maternity Wards,0
Gadchiroli,2013,Bhamragad,Number of Beds,0
Gadchiroli,2013,Aheri,Hospitals,2
Gadchiroli,2013,Aheri,"Specialty Hospitals (Cancer, TB, etc)",0
Gadchiroli,2013,Aheri,Clinics,0
Gadchiroli,2013,Aheri,Maternity Wards,0
Gadchiroli,2013,Aheri,Number of Beds,0
Gadchiroli,2013,Sironcha,Hospitals,1
Gadchiroli,2013,Sironcha,"Specialty Hospitals (Cancer, TB, etc)",0
Gadchiroli,2013,Sironcha,Clinics,0
Gadchiroli,2013,Sironcha,Maternity Wards,0
Gadchiroli,2013,Sironcha,Number of Beds,0
Gadchiroli,2014,Desaiganj,Hospitals,3
Gadchiroli,2014,Desaiganj,"Specialty Hospitals (Cancer, TB, etc)",0
Gadchiroli,2014,Desaiganj,Clinics,13
Gadchiroli,2014,Desaiganj,Maternity Wards,0
Gadchiroli,2014,Desaiganj,Number of Beds,15
Gadchiroli,2014,Aarmori,Hospitals,0
Gadchiroli,2014,Aarmori,"Specialty Hospitals (Cancer, TB, etc)",0
Gadchiroli,2014,Aarmori,Clinics,0
Gadchiroli,2014,Aarmori,Maternity Wards,0
Gadchiroli,2014,Aarmori,Number of Beds,0
Gadchiroli,2014,Kurkheda,Hospitals,0
Gadchiroli,2014,Kurkheda,"Specialty Hospitals (Cancer, TB, etc)",0
Gadchiroli,2014,Kurkheda,Clinics,0
Gadchiroli,2014,Kurkheda,Maternity Wards,0
Gadchiroli,2014,Kurkheda,Number of Beds,0
Gadchiroli,2014,Korachi,Hospitals,0
Gadchiroli,2014,Korachi,"Specialty Hospitals (Cancer, TB, etc)",0
Gadchiroli,2014,Korachi,Clinics,0
Gadchiroli,2014,Korachi,Maternity Wards,0
Gadchiroli,2014,Korachi,Number of Beds,0
Gadchiroli,2014,Dhanora,Hospitals,0
Gadchiroli,2014,Dhanora,"Specialty Hospitals (Cancer, TB, etc)",0
Gadchiroli,2014,Dhanora,Clinics,0
Gadchiroli,2014,Dhanora,Maternity Wards,0
Gadchiroli,2014,Dhanora,Number of Beds,0
Gadchiroli,2014,Gadchiroli,Hospitals,6
Gadchiroli,2014,Gadchiroli,"Specialty Hospitals (Cancer, TB, etc)",0
Gadchiroli,2014,Gadchiroli,Clinics,16
Gadchiroli,2014,Gadchiroli,Maternity Wards,2
Gadchiroli,2014,Gadchiroli,Number of Beds,30
Gadchiroli,2014,Chomoshi,Hospitals,0
Gadchiroli,2014,Chomoshi,"Specialty Hospitals (Cancer, TB, etc)",0
Gadchiroli,2014,Chomoshi,Clinics,0
Gadchiroli,2014,Chomoshi,Maternity Wards,0
Gadchiroli,2014,Chomoshi,Number of Beds,0
Gadchiroli,2014,Mulchera,Hospitals,0
Gadchiroli,2014,Mulchera,"Specialty Hospitals (Cancer, TB, etc)",0
Gadchiroli,2014,Mulchera,Clinics,0
Gadchiroli,2014,Mulchera,Maternity Wards,0
Gadchiroli,2014,Mulchera,Number of Beds,0
Gadchiroli,2014,Etapalli,Hospitals,0
Gadchiroli,2014,Etapalli,"Specialty Hospitals (Cancer, TB, etc)",0
Gadchiroli,2014,Etapalli,Clinics,0
Gadchiroli,2014,Etapalli,Maternity Wards,0
Gadchiroli,2014,Etapalli,Number of Beds,0
Gadchiroli,2014,Bhamragad,Hospitals,0
Gadchiroli,2014,Bhamragad,"Specialty Hospitals (Cancer, TB, etc)",0
Gadchiroli,2014,Bhamragad,Clinics,0
Gadchiroli,2014,Bhamragad,Maternity Wards,0
Gadchiroli,2014,Bhamragad,Number of Beds,0
Gadchiroli,2014,Aheri,Hospitals,0
Gadchiroli,2014,Aheri,"Specialty Hospitals (Cancer, TB, etc)",0
Gadchiroli,2014,Aheri,Clinics,0
Gadchiroli,2014,Aheri,Maternity Wards,0
Gadchiroli,2014,Aheri,Number of Beds,0
Gadchiroli,2014,Sironcha,Hospitals,0
Gadchiroli,2014,Sironcha,"Specialty Hospitals (Cancer, TB, etc)",0
Gadchiroli,2014,Sironcha,Clinics,0
Gadchiroli,2014,Sironcha,Maternity Wards,0
Gadchiroli,2014,Sironcha,Number of Beds,0
Gadchiroli,2015,Desaiganj,Hospitals,3
Gadchiroli,2015,Desaiganj,"Specialty Hospitals (Cancer, TB, etc)",0
Gadchiroli,2015,Desaiganj,Clinics,13
Gadchiroli,2015,Desaiganj,Maternity Wards,0
Gadchiroli,2015,Desaiganj,Number of Beds,15
Gadchiroli,2015,Aarmori,Hospitals,0
Gadchiroli,2015,Aarmori,"Specialty Hospitals (Cancer, TB, etc)",0
Gadchiroli,2015,Aarmori,Clinics,0
Gadchiroli,2015,Aarmori,Maternity Wards,0
Gadchiroli,2015,Aarmori,Number of Beds,0
Gadchiroli,2015,Kurkheda,Hospitals,0
Gadchiroli,2015,Kurkheda,"Specialty Hospitals (Cancer, TB, etc)",0
Gadchiroli,2015,Kurkheda,Clinics,0
Gadchiroli,2015,Kurkheda,Maternity Wards,0
Gadchiroli,2015,Kurkheda,Number of Beds,0
Gadchiroli,2015,Korachi,Hospitals,0
Gadchiroli,2015,Korachi,"Specialty Hospitals (Cancer, TB, etc)",0
Gadchiroli,2015,Korachi,Clinics,0
Gadchiroli,2015,Korachi,Maternity Wards,0
Gadchiroli,2015,Korachi,Number of Beds,0
Gadchiroli,2015,Dhanora,Hospitals,1
Gadchiroli,2015,Dhanora,"Specialty Hospitals (Cancer, TB, etc)",0
Gadchiroli,2015,Dhanora,Clinics,0
Gadchiroli,2015,Dhanora,Maternity Wards,0
Gadchiroli,2015,Gadchiroli,Hospitals,7
Gadchiroli,2015,Gadchiroli,"Specialty Hospitals (Cancer, TB, etc)",0
Gadchiroli,2015,Gadchiroli,Clinics,16
Gadchiroli,2015,Gadchiroli,Maternity Wards,2
Gadchiroli,2015,Gadchiroli,Number of Beds,30
Gadchiroli,2015,Chomoshi,Hospitals,0
Gadchiroli,2015,Chomoshi,"Specialty Hospitals (Cancer, TB, etc)",0
Gadchiroli,2015,Chomoshi,Clinics,0
Gadchiroli,2015,Chomoshi,Maternity Wards,0
Gadchiroli,2015,Chomoshi,Number of Beds,0
Gadchiroli,2015,Mulchera,Hospitals,0
Gadchiroli,2015,Mulchera,"Specialty Hospitals (Cancer, TB, etc)",0
Gadchiroli,2015,Mulchera,Clinics,0
Gadchiroli,2015,Mulchera,Maternity Wards,0
Gadchiroli,2015,Mulchera,Number of Beds,0
Gadchiroli,2015,Etapalli,Hospitals,0
Gadchiroli,2015,Etapalli,"Specialty Hospitals (Cancer, TB, etc)",0
Gadchiroli,2015,Etapalli,Clinics,0
Gadchiroli,2015,Etapalli,Maternity Wards,0
Gadchiroli,2015,Etapalli,Number of Beds,0
Gadchiroli,2015,Bhamragad,Hospitals,1
Gadchiroli,2015,Bhamragad,"Specialty Hospitals (Cancer, TB, etc)",0
Gadchiroli,2015,Bhamragad,Clinics,0
Gadchiroli,2015,Bhamragad,Maternity Wards,0
Gadchiroli,2015,Aheri,Hospitals,1
Gadchiroli,2015,Aheri,"Specialty Hospitals (Cancer, TB, etc)",0
Gadchiroli,2015,Aheri,Clinics,0
Gadchiroli,2015,Aheri,Maternity Wards,0
Gadchiroli,2015,Sironcha,Hospitals,1
Gadchiroli,2015,Sironcha,"Specialty Hospitals (Cancer, TB, etc)",0
Gadchiroli,2015,Sironcha,Clinics,0
Gadchiroli,2015,Sironcha,Maternity Wards,0
Gadchiroli,2016,Desaiganj,Hospitals,3
Gadchiroli,2016,Desaiganj,"Specialty Hospitals (Cancer, TB, etc)",0
Gadchiroli,2016,Desaiganj,Clinics,13
Gadchiroli,2016,Desaiganj,Maternity Wards,0
Gadchiroli,2016,Desaiganj,Number of Beds,15
Gadchiroli,2016,Aarmori,Hospitals,2
Gadchiroli,2016,Aarmori,"Specialty Hospitals (Cancer, TB, etc)",0
Gadchiroli,2016,Aarmori,Clinics,0
Gadchiroli,2016,Aarmori,Maternity Wards,0
Gadchiroli,2016,Aarmori,Number of Beds,9
Gadchiroli,2016,Kurkheda,Hospitals,0
Gadchiroli,2016,Kurkheda,"Specialty Hospitals (Cancer, TB, etc)",0
Gadchiroli,2016,Kurkheda,Clinics,0
Gadchiroli,2016,Kurkheda,Maternity Wards,0
Gadchiroli,2016,Kurkheda,Number of Beds,0
Gadchiroli,2016,Korachi,Hospitals,0
Gadchiroli,2016,Korachi,"Specialty Hospitals (Cancer, TB, etc)",0
Gadchiroli,2016,Korachi,Clinics,0
Gadchiroli,2016,Korachi,Maternity Wards,0
Gadchiroli,2016,Korachi,Number of Beds,0
Gadchiroli,2016,Dhanora,Hospitals,1
Gadchiroli,2016,Dhanora,"Specialty Hospitals (Cancer, TB, etc)",0
Gadchiroli,2016,Dhanora,Clinics,0
Gadchiroli,2016,Dhanora,Maternity Wards,0
Gadchiroli,2016,Gadchiroli,Hospitals,6
Gadchiroli,2016,Gadchiroli,"Specialty Hospitals (Cancer, TB, etc)",0
Gadchiroli,2016,Gadchiroli,Clinics,16
Gadchiroli,2016,Gadchiroli,Maternity Wards,2
Gadchiroli,2016,Gadchiroli,Number of Beds,30
Gadchiroli,2016,Chomoshi,Hospitals,1
Gadchiroli,2016,Chomoshi,"Specialty Hospitals (Cancer, TB, etc)",0
Gadchiroli,2016,Chomoshi,Clinics,0
Gadchiroli,2016,Chomoshi,Maternity Wards,0
Gadchiroli,2016,Chomoshi,Number of Beds,55
Gadchiroli,2016,Mulchera,Hospitals,0
Gadchiroli,2016,Mulchera,"Specialty Hospitals (Cancer, TB, etc)",0
Gadchiroli,2016,Mulchera,Clinics,0
Gadchiroli,2016,Mulchera,Maternity Wards,0
Gadchiroli,2016,Mulchera,Number of Beds,0
Gadchiroli,2016,Etapalli,Hospitals,0
Gadchiroli,2016,Etapalli,"Specialty Hospitals (Cancer, TB, etc)",0
Gadchiroli,2016,Etapalli,Clinics,0
Gadchiroli,2016,Etapalli,Maternity Wards,0
Gadchiroli,2016,Etapalli,Number of Beds,0
Gadchiroli,2016,Bhamragad,Hospitals,1
Gadchiroli,2016,Bhamragad,"Specialty Hospitals (Cancer, TB, etc)",0
Gadchiroli,2016,Bhamragad,Clinics,0
Gadchiroli,2016,Bhamragad,Maternity Wards,0
Gadchiroli,2016,Aheri,Hospitals,1
Gadchiroli,2016,Aheri,"Specialty Hospitals (Cancer, TB, etc)",0
Gadchiroli,2016,Aheri,Clinics,0
Gadchiroli,2016,Aheri,Maternity Wards,0
Gadchiroli,2016,Aheri,Number of Beds,41
Gadchiroli,2016,Sironcha,Hospitals,1
Gadchiroli,2016,Sironcha,"Specialty Hospitals (Cancer, TB, etc)",0
Gadchiroli,2016,Sironcha,Clinics,0
Gadchiroli,2016,Sironcha,Maternity Wards,0
Gadchiroli,2016,Sironcha,Number of Beds,36
Gadchiroli,2017,Desaiganj,Hospitals,0
Gadchiroli,2017,Desaiganj,"Specialty Hospitals (Cancer, TB, etc)",0
Gadchiroli,2017,Desaiganj,Clinics,8
Gadchiroli,2017,Desaiganj,Maternity Wards,0
Gadchiroli,2017,Desaiganj,Number of Beds,0
Gadchiroli,2017,Aarmori,Hospitals,2
Gadchiroli,2017,Aarmori,"Specialty Hospitals (Cancer, TB, etc)",0
Gadchiroli,2017,Aarmori,Clinics,0
Gadchiroli,2017,Aarmori,Maternity Wards,0
Gadchiroli,2017,Aarmori,Number of Beds,6
Gadchiroli,2017,Kurkheda,Hospitals,0
Gadchiroli,2017,Kurkheda,"Specialty Hospitals (Cancer, TB, etc)",0
Gadchiroli,2017,Kurkheda,Clinics,1
Gadchiroli,2017,Kurkheda,Maternity Wards,0
Gadchiroli,2017,Kurkheda,Number of Beds,0
Gadchiroli,2017,Korachi,Hospitals,0
Gadchiroli,2017,Korachi,"Specialty Hospitals (Cancer, TB, etc)",0
Gadchiroli,2017,Korachi,Clinics,0
Gadchiroli,2017,Korachi,Maternity Wards,0
Gadchiroli,2017,Korachi,Number of Beds,0
Gadchiroli,2017,Dhanora,Hospitals,1
Gadchiroli,2017,Dhanora,"Specialty Hospitals (Cancer, TB, etc)",0
Gadchiroli,2017,Dhanora,Clinics,0
Gadchiroli,2017,Dhanora,Maternity Wards,1
Gadchiroli,2017,Dhanora,Number of Beds,30
Gadchiroli,2017,Gadchiroli,Hospitals,10
Gadchiroli,2017,Gadchiroli,"Specialty Hospitals (Cancer, TB, etc)",0
Gadchiroli,2017,Gadchiroli,Clinics,14
Gadchiroli,2017,Gadchiroli,Maternity Wards,4
Gadchiroli,2017,Gadchiroli,Number of Beds,168
Gadchiroli,2017,Chomoshi,Hospitals,0
Gadchiroli,2017,Chomoshi,"Specialty Hospitals (Cancer, TB, etc)",0
Gadchiroli,2017,Chomoshi,Clinics,0
Gadchiroli,2017,Chomoshi,Maternity Wards,0
Gadchiroli,2017,Chomoshi,Number of Beds,0
Gadchiroli,2017,Mulchera,Hospitals,0
Gadchiroli,2017,Mulchera,"Specialty Hospitals (Cancer, TB, etc)",0
Gadchiroli,2017,Mulchera,Clinics,0
Gadchiroli,2017,Mulchera,Maternity Wards,0
Gadchiroli,2017,Mulchera,Number of Beds,0
Gadchiroli,2017,Etapalli,Hospitals,0
Gadchiroli,2017,Etapalli,"Specialty Hospitals (Cancer, TB, etc)",0
Gadchiroli,2017,Etapalli,Clinics,0
Gadchiroli,2017,Etapalli,Maternity Wards,0
Gadchiroli,2017,Etapalli,Number of Beds,0
Gadchiroli,2017,Bhamragad,Hospitals,1
Gadchiroli,2017,Bhamragad,"Specialty Hospitals (Cancer, TB, etc)",0
Gadchiroli,2017,Bhamragad,Clinics,0
Gadchiroli,2017,Bhamragad,Maternity Wards,1
Gadchiroli,2017,Bhamragad,Number of Beds,30
Gadchiroli,2017,Aheri,Hospitals,2
Gadchiroli,2017,Aheri,"Specialty Hospitals (Cancer, TB, etc)",0
Gadchiroli,2017,Aheri,Clinics,0
Gadchiroli,2017,Aheri,Maternity Wards,2
Gadchiroli,2017,Aheri,Number of Beds,30
Gadchiroli,2017,Sironcha,Hospitals,0
Gadchiroli,2017,Sironcha,"Specialty Hospitals (Cancer, TB, etc)",0
Gadchiroli,2017,Sironcha,Clinics,0
Gadchiroli,2017,Sironcha,Maternity Wards,0
Gadchiroli,2017,Sironcha,Number of Beds,0
Gadchiroli,2018,Desaiganj,Hospitals,0
Gadchiroli,2018,Desaiganj,"Specialty Hospitals (Cancer, TB, etc)",0
Gadchiroli,2018,Desaiganj,Clinics,10
Gadchiroli,2018,Desaiganj,Maternity Wards,0
Gadchiroli,2018,Desaiganj,Number of Beds,0
Gadchiroli,2018,Aarmori,Hospitals,2
Gadchiroli,2018,Aarmori,"Specialty Hospitals (Cancer, TB, etc)",0
Gadchiroli,2018,Aarmori,Clinics,2
Gadchiroli,2018,Aarmori,Maternity Wards,0
Gadchiroli,2018,Aarmori,Number of Beds,6
Gadchiroli,2018,Kurkheda,Hospitals,0
Gadchiroli,2018,Kurkheda,"Specialty Hospitals (Cancer, TB, etc)",0
Gadchiroli,2018,Kurkheda,Clinics,1
Gadchiroli,2018,Kurkheda,Maternity Wards,0
Gadchiroli,2018,Kurkheda,Number of Beds,0
Gadchiroli,2018,Korachi,Hospitals,0
Gadchiroli,2018,Korachi,"Specialty Hospitals (Cancer, TB, etc)",0
Gadchiroli,2018,Korachi,Clinics,1
Gadchiroli,2018,Korachi,Maternity Wards,0
Gadchiroli,2018,Korachi,Number of Beds,0
Gadchiroli,2018,Dhanora,Hospitals,1
Gadchiroli,2018,Dhanora,"Specialty Hospitals (Cancer, TB, etc)",0
Gadchiroli,2018,Dhanora,Clinics,0
Gadchiroli,2018,Dhanora,Maternity Wards,1
Gadchiroli,2018,Dhanora,Number of Beds,30
Gadchiroli,2018,Gadchiroli,Hospitals,11
Gadchiroli,2018,Gadchiroli,"Specialty Hospitals (Cancer, TB, etc)",0
Gadchiroli,2018,Gadchiroli,Clinics,18
Gadchiroli,2018,Gadchiroli,Maternity Wards,4
Gadchiroli,2018,Gadchiroli,Number of Beds,183
Gadchiroli,2018,Chomoshi,Hospitals,0
Gadchiroli,2018,Chomoshi,"Specialty Hospitals (Cancer, TB, etc)",0
Gadchiroli,2018,Chomoshi,Clinics,2
Gadchiroli,2018,Chomoshi,Maternity Wards,0
Gadchiroli,2018,Chomoshi,Number of Beds,0
Gadchiroli,2018,Mulchera,Hospitals,0
Gadchiroli,2018,Mulchera,"Specialty Hospitals (Cancer, TB, etc)",0
Gadchiroli,2018,Mulchera,Clinics,0
Gadchiroli,2018,Mulchera,Maternity Wards,0
Gadchiroli,2018,Mulchera,Number of Beds,0
Gadchiroli,2018,Etapalli,Hospitals,0
Gadchiroli,2018,Etapalli,"Specialty Hospitals (Cancer, TB, etc)",0
Gadchiroli,2018,Etapalli,Clinics,0
Gadchiroli,2018,Etapalli,Maternity Wards,0
Gadchiroli,2018,Etapalli,Number of Beds,0
Gadchiroli,2018,Bhamragad,Hospitals,1
Gadchiroli,2018,Bhamragad,"Specialty Hospitals (Cancer, TB, etc)",0
Gadchiroli,2018,Bhamragad,Clinics,0
Gadchiroli,2018,Bhamragad,Maternity Wards,1
Gadchiroli,2018,Bhamragad,Number of Beds,30
Gadchiroli,2018,Aheri,Hospitals,2
Gadchiroli,2018,Aheri,"Specialty Hospitals (Cancer, TB, etc)",0
Gadchiroli,2018,Aheri,Clinics,1
Gadchiroli,2018,Aheri,Maternity Wards,2
Gadchiroli,2018,Aheri,Number of Beds,30
Gadchiroli,2018,Sironcha,Hospitals,0
Gadchiroli,2018,Sironcha,"Specialty Hospitals (Cancer, TB, etc)",0
Gadchiroli,2018,Sironcha,Clinics,0
Gadchiroli,2018,Sironcha,Maternity Wards,0
Gadchiroli,2018,Sironcha,Number of Beds,0
Gadchiroli,2019,Desaiganj,Hospitals,0
Gadchiroli,2019,Desaiganj,"Specialty Hospitals (Cancer, TB, etc)",0
Gadchiroli,2019,Desaiganj,Clinics,8
Gadchiroli,2019,Desaiganj,Maternity Wards,0
Gadchiroli,2019,Desaiganj,Number of Beds,0
Gadchiroli,2019,Aarmori,Hospitals,2
Gadchiroli,2019,Aarmori,"Specialty Hospitals (Cancer, TB, etc)",0
Gadchiroli,2019,Aarmori,Clinics,0
Gadchiroli,2019,Aarmori,Maternity Wards,0
Gadchiroli,2019,Aarmori,Number of Beds,6
Gadchiroli,2019,Kurkheda,Hospitals,0
Gadchiroli,2019,Kurkheda,"Specialty Hospitals (Cancer, TB, etc)",0
Gadchiroli,2019,Kurkheda,Clinics,2
Gadchiroli,2019,Kurkheda,Maternity Wards,0
Gadchiroli,2019,Kurkheda,Number of Beds,0
Gadchiroli,2019,Korachi,Hospitals,0
Gadchiroli,2019,Korachi,"Specialty Hospitals (Cancer, TB, etc)",0
Gadchiroli,2019,Korachi,Clinics,0
Gadchiroli,2019,Korachi,Maternity Wards,0
Gadchiroli,2019,Korachi,Number of Beds,0
Gadchiroli,2019,Dhanora,Hospitals,1
Gadchiroli,2019,Dhanora,"Specialty Hospitals (Cancer, TB, etc)",0
Gadchiroli,2019,Dhanora,Clinics,0
Gadchiroli,2019,Dhanora,Maternity Wards,1
Gadchiroli,2019,Dhanora,Number of Beds,30
Gadchiroli,2019,Gadchiroli,Hospitals,8
Gadchiroli,2019,Gadchiroli,"Specialty Hospitals (Cancer, TB, etc)",0
Gadchiroli,2019,Gadchiroli,Clinics,18
Gadchiroli,2019,Gadchiroli,Maternity Wards,8
Gadchiroli,2019,Gadchiroli,Number of Beds,170
Gadchiroli,2019,Chomoshi,Hospitals,0
Gadchiroli,2019,Chomoshi,"Specialty Hospitals (Cancer, TB, etc)",0
Gadchiroli,2019,Chomoshi,Clinics,0
Gadchiroli,2019,Chomoshi,Maternity Wards,0
Gadchiroli,2019,Chomoshi,Number of Beds,0
Gadchiroli,2019,Mulchera,Hospitals,0
Gadchiroli,2019,Mulchera,"Specialty Hospitals (Cancer, TB, etc)",0
Gadchiroli,2019,Mulchera,Clinics,0
Gadchiroli,2019,Mulchera,Maternity Wards,0
Gadchiroli,2019,Mulchera,Number of Beds,0
Gadchiroli,2019,Etapalli,Hospitals,0
Gadchiroli,2019,Etapalli,"Specialty Hospitals (Cancer, TB, etc)",0
Gadchiroli,2019,Etapalli,Clinics,0
Gadchiroli,2019,Etapalli,Maternity Wards,0
Gadchiroli,2019,Etapalli,Number of Beds,0
Gadchiroli,2019,Bhamragad,Hospitals,1
Gadchiroli,2019,Bhamragad,"Specialty Hospitals (Cancer, TB, etc)",0
Gadchiroli,2019,Bhamragad,Clinics,0
Gadchiroli,2019,Bhamragad,Maternity Wards,1
Gadchiroli,2019,Bhamragad,Number of Beds,30
Gadchiroli,2019,Aheri,Hospitals,2
Gadchiroli,2019,Aheri,"Specialty Hospitals (Cancer, TB, etc)",0
Gadchiroli,2019,Aheri,Clinics,0
Gadchiroli,2019,Aheri,Maternity Wards,2
Gadchiroli,2019,Aheri,Number of Beds,30
Gadchiroli,2019,Sironcha,Hospitals,0
Gadchiroli,2019,Sironcha,"Specialty Hospitals (Cancer, TB, etc)",0
Gadchiroli,2019,Sironcha,Clinics,0
Gadchiroli,2019,Sironcha,Maternity Wards,0
Gadchiroli,2019,Sironcha,Number of Beds,0
Gadchiroli,2020,Desaiganj,Hospitals,0
Gadchiroli,2020,Desaiganj,"Specialty Hospitals (Cancer, TB, etc)",0
Gadchiroli,2020,Desaiganj,Clinics,8
Gadchiroli,2020,Desaiganj,Maternity Wards,2
Gadchiroli,2020,Desaiganj,Number of Beds,68
Gadchiroli,2020,Aarmori,Hospitals,0
Gadchiroli,2020,Aarmori,"Specialty Hospitals (Cancer, TB, etc)",0
Gadchiroli,2020,Aarmori,Clinics,0
Gadchiroli,2020,Aarmori,Maternity Wards,0
Gadchiroli,2020,Aarmori,Number of Beds,0
Gadchiroli,2020,Kurkheda,Hospitals,0
Gadchiroli,2020,Kurkheda,"Specialty Hospitals (Cancer, TB, etc)",0
Gadchiroli,2020,Kurkheda,Clinics,2
Gadchiroli,2020,Kurkheda,Maternity Wards,0
Gadchiroli,2020,Kurkheda,Number of Beds,15
Gadchiroli,2020,Korachi,Hospitals,0
Gadchiroli,2020,Korachi,"Specialty Hospitals (Cancer, TB, etc)",0
Gadchiroli,2020,Korachi,Clinics,0
Gadchiroli,2020,Korachi,Maternity Wards,0
Gadchiroli,2020,Korachi,Number of Beds,0
Gadchiroli,2020,Dhanora,Hospitals,1
Gadchiroli,2020,Dhanora,"Specialty Hospitals (Cancer, TB, etc)",0
Gadchiroli,2020,Dhanora,Clinics,0
Gadchiroli,2020,Dhanora,Maternity Wards,1
Gadchiroli,2020,Dhanora,Number of Beds,30
Gadchiroli,2020,Gadchiroli,Hospitals,6
Gadchiroli,2020,Gadchiroli,"Specialty Hospitals (Cancer, TB, etc)",0
Gadchiroli,2020,Gadchiroli,Clinics,13
Gadchiroli,2020,Gadchiroli,Maternity Wards,8
Gadchiroli,2020,Gadchiroli,Number of Beds,138
Gadchiroli,2020,Chomoshi,Hospitals,0
Gadchiroli,2020,Chomoshi,"Specialty Hospitals (Cancer, TB, etc)",0
Gadchiroli,2020,Chomoshi,Clinics,0
Gadchiroli,2020,Chomoshi,Maternity Wards,0
Gadchiroli,2020,Chomoshi,Number of Beds,0
Gadchiroli,2020,Mulchera,Hospitals,0
Gadchiroli,2020,Mulchera,"Specialty Hospitals (Cancer, TB, etc)",0
Gadchiroli,2020,Mulchera,Clinics,0
Gadchiroli,2020,Mulchera,Maternity Wards,0
Gadchiroli,2020,Mulchera,Number of Beds,0
Gadchiroli,2020,Etapalli,Hospitals,0
Gadchiroli,2020,Etapalli,"Specialty Hospitals (Cancer, TB, etc)",0
Gadchiroli,2020,Etapalli,Clinics,0
Gadchiroli,2020,Etapalli,Maternity Wards,0
Gadchiroli,2020,Etapalli,Number of Beds,0
Gadchiroli,2020,Bhamragad,Hospitals,1
Gadchiroli,2020,Bhamragad,"Specialty Hospitals (Cancer, TB, etc)",0
Gadchiroli,2020,Bhamragad,Clinics,0
Gadchiroli,2020,Bhamragad,Maternity Wards,1
Gadchiroli,2020,Bhamragad,Number of Beds,30
Gadchiroli,2020,Aheri,Hospitals,2
Gadchiroli,2020,Aheri,"Specialty Hospitals (Cancer, TB, etc)",0
Gadchiroli,2020,Aheri,Clinics,0
Gadchiroli,2020,Aheri,Maternity Wards,2
Gadchiroli,2020,Aheri,Number of Beds,30
Gadchiroli,2020,Sironcha,Hospitals,0
Gadchiroli,2020,Sironcha,"Specialty Hospitals (Cancer, TB, etc)",0
Gadchiroli,2020,Sironcha,Clinics,0
Gadchiroli,2020,Sironcha,Maternity Wards,0
Gadchiroli,2020,Sironcha,Number of Beds,0
Gadchiroli,2021,Desaiganj,Hospitals,0
Gadchiroli,2021,Desaiganj,"Specialty Hospitals (Cancer, TB, etc)",0
Gadchiroli,2021,Desaiganj,Clinics,9
Gadchiroli,2021,Desaiganj,Maternity Wards,2
Gadchiroli,2021,Desaiganj,Number of Beds,72
Gadchiroli,2021,Aarmori,Hospitals,0
Gadchiroli,2021,Aarmori,"Specialty Hospitals (Cancer, TB, etc)",0
Gadchiroli,2021,Aarmori,Clinics,0
Gadchiroli,2021,Aarmori,Maternity Wards,0
Gadchiroli,2021,Aarmori,Number of Beds,0
Gadchiroli,2021,Kurkheda,Hospitals,0
Gadchiroli,2021,Kurkheda,"Specialty Hospitals (Cancer, TB, etc)",0
Gadchiroli,2021,Kurkheda,Clinics,3
Gadchiroli,2021,Kurkheda,Maternity Wards,0
Gadchiroli,2021,Kurkheda,Number of Beds,15
Gadchiroli,2021,Korachi,Hospitals,0
Gadchiroli,2021,Korachi,"Specialty Hospitals (Cancer, TB, etc)",0
Gadchiroli,2021,Korachi,Clinics,0
Gadchiroli,2021,Korachi,Maternity Wards,0
Gadchiroli,2021,Korachi,Number of Beds,0
Gadchiroli,2021,Dhanora,Hospitals,1
Gadchiroli,2021,Dhanora,"Specialty Hospitals (Cancer, TB, etc)",0
Gadchiroli,2021,Dhanora,Clinics,0
Gadchiroli,2021,Dhanora,Maternity Wards,1
Gadchiroli,2021,Dhanora,Number of Beds,30
Gadchiroli,2021,Gadchiroli,Hospitals,6
Gadchiroli,2021,Gadchiroli,"Specialty Hospitals (Cancer, TB, etc)",0
Gadchiroli,2021,Gadchiroli,Clinics,15
Gadchiroli,2021,Gadchiroli,Maternity Wards,8
Gadchiroli,2021,Gadchiroli,Number of Beds,159
Gadchiroli,2021,Chomoshi,Hospitals,0
Gadchiroli,2021,Chomoshi,"Specialty Hospitals (Cancer, TB, etc)",0
Gadchiroli,2021,Chomoshi,Clinics,0
Gadchiroli,2021,Chomoshi,Maternity Wards,0
Gadchiroli,2021,Chomoshi,Number of Beds,0
Gadchiroli,2021,Mulchera,Hospitals,0
Gadchiroli,2021,Mulchera,"Specialty Hospitals (Cancer, TB, etc)",0
Gadchiroli,2021,Mulchera,Clinics,0
Gadchiroli,2021,Mulchera,Maternity Wards,0
Gadchiroli,2021,Mulchera,Number of Beds,0
Gadchiroli,2021,Etapalli,Hospitals,0
Gadchiroli,2021,Etapalli,"Specialty Hospitals (Cancer, TB, etc)",0
Gadchiroli,2021,Etapalli,Clinics,0
Gadchiroli,2021,Etapalli,Maternity Wards,0
Gadchiroli,2021,Etapalli,Number of Beds,0
Gadchiroli,2021,Bhamragad,Hospitals,1
Gadchiroli,2021,Bhamragad,"Specialty Hospitals (Cancer, TB, etc)",0
Gadchiroli,2021,Bhamragad,Clinics,0
Gadchiroli,2021,Bhamragad,Maternity Wards,1
Gadchiroli,2021,Bhamragad,Number of Beds,30
Gadchiroli,2021,Aheri,Hospitals,2
Gadchiroli,2021,Aheri,"Specialty Hospitals (Cancer, TB, etc)",0
Gadchiroli,2021,Aheri,Clinics,0
Gadchiroli,2021,Aheri,Maternity Wards,2
Gadchiroli,2021,Aheri,Number of Beds,30
Gadchiroli,2021,Sironcha,Hospitals,0
Gadchiroli,2021,Sironcha,"Specialty Hospitals (Cancer, TB, etc)",0
Gadchiroli,2021,Sironcha,Clinics,0
Gadchiroli,2021,Sironcha,Maternity Wards,0
Gadchiroli,2021,Sironcha,Number of Beds,0
Gondia,2012,Tiroda,Hospitals,1
Gondia,2012,Tiroda,Clinics,4
Gondia,2012,Tiroda,Number of Beds,40
Gondia,2012,Goregaon,Clinics,2
Gondia,2012,Gondia,Hospitals,29
Gondia,2012,Gondia,Clinics,25
Gondia,2012,Gondia,Maternity Wards,25
Gondia,2012,Gondia,Number of Beds,235
Gondia,2012,Aamgaon,Hospitals,1
Gondia,2012,Aamgaon,Clinics,5
Gondia,2012,Aamgaon,Maternity Wards,1
Gondia,2012,Aamgaon,Number of Beds,10
Gondia,2012,Salekasa,Clinics,3
Gondia,2012,Salekasa,Maternity Wards,1
Gondia,2012,Salekasa,Number of Beds,10
Gondia,2012,Sadak Arjuni,Clinics,3
Gondia,2012,Sadak Arjuni,Maternity Wards,1
Gondia,2012,Sadak Arjuni,Number of Beds,10
Gondia,2012,Arjuni Morgaon,Clinics,4
Gondia,2012,Devari,Clinics,5
Gondia,2013,Tiroda,Hospitals,6
Gondia,2013,Tiroda,Clinics,6
Gondia,2013,Tiroda,Maternity Wards,0
Gondia,2013,Tiroda,Number of Beds,40
Gondia,2013,Goregaon,Hospitals,0
Gondia,2013,Goregaon,Clinics,0
Gondia,2013,Goregaon,Maternity Wards,0
Gondia,2013,Goregaon,Number of Beds,0
Gondia,2013,Gondia,Hospitals,29
Gondia,2013,Gondia,"Specialty Hospitals (Cancer, TB, etc)",1
Gondia,2013,Gondia,Clinics,17
Gondia,2013,Gondia,Maternity Wards,16
Gondia,2013,Gondia,Number of Beds,235
Gondia,2013,Aamgaon,Hospitals,0
Gondia,2013,Aamgaon,Clinics,7
Gondia,2013,Aamgaon,Maternity Wards,1
Gondia,2013,Aamgaon,Number of Beds,10
Gondia,2013,Salekasa,Hospitals,3
Gondia,2013,Salekasa,Clinics,3
Gondia,2013,Salekasa,Maternity Wards,0
Gondia,2013,Salekasa,Number of Beds,10
Gondia,2013,Sadak Arjuni,Hospitals,1
Gondia,2013,Sadak Arjuni,Clinics,8
Gondia,2013,Sadak Arjuni,Maternity Wards,0
Gondia,2013,Sadak Arjuni,Number of Beds,10
Gondia,2013,Arjuni Morgaon,Hospitals,6
Gondia,2013,Arjuni Morgaon,Clinics,6
Gondia,2013,Arjuni Morgaon,Maternity Wards,0
Gondia,2013,Arjuni Morgaon,Number of Beds,6
Gondia,2013,Devari,Hospitals,8
Gondia,2013,Devari,Clinics,8
Gondia,2013,Devari,Maternity Wards,0
Gondia,2013,Devari,Number of Beds,8
Gondia,2014,Tiroda,Hospitals,6
Gondia,2014,Tiroda,"Specialty Hospitals (Cancer, TB, etc)",0
Gondia,2014,Tiroda,Clinics,6
Gondia,2014,Tiroda,Maternity Wards,0
Gondia,2014,Tiroda,Number of Beds,40
Gondia,2014,Goregaon,Hospitals,0
Gondia,2014,Goregaon,"Specialty Hospitals (Cancer, TB, etc)",0
Gondia,2014,Goregaon,Clinics,0
Gondia,2014,Goregaon,Maternity Wards,0
Gondia,2014,Goregaon,Number of Beds,0
Gondia,2014,Gondia,Hospitals,29
Gondia,2014,Gondia,"Specialty Hospitals (Cancer, TB, etc)",0
Gondia,2014,Gondia,Clinics,17
Gondia,2014,Gondia,Maternity Wards,16
Gondia,2014,Gondia,Number of Beds,235
Gondia,2014,Aamgaon,Hospitals,0
Gondia,2014,Aamgaon,"Specialty Hospitals (Cancer, TB, etc)",0
Gondia,2014,Aamgaon,Clinics,7
Gondia,2014,Aamgaon,Maternity Wards,1
Gondia,2014,Aamgaon,Number of Beds,10
Gondia,2014,Salekasa,Hospitals,3
Gondia,2014,Salekasa,"Specialty Hospitals (Cancer, TB, etc)",0
Gondia,2014,Salekasa,Clinics,3
Gondia,2014,Salekasa,Maternity Wards,0
Gondia,2014,Salekasa,Number of Beds,10
Gondia,2014,Sadak Arjuni,Hospitals,1
Gondia,2014,Sadak Arjuni,"Specialty Hospitals (Cancer, TB, etc)",0
Gondia,2014,Sadak Arjuni,Clinics,8
Gondia,2014,Sadak Arjuni,Maternity Wards,0
Gondia,2014,Sadak Arjuni,Number of Beds,10
Gondia,2014,Arjuni Morgaon,Hospitals,6
Gondia,2014,Arjuni Morgaon,"Specialty Hospitals (Cancer, TB, etc)",0
Gondia,2014,Arjuni Morgaon,Clinics,6
Gondia,2014,Arjuni Morgaon,Maternity Wards,0
Gondia,2014,Arjuni Morgaon,Number of Beds,6
Gondia,2014,Devari,Hospitals,8
Gondia,2014,Devari,"Specialty Hospitals (Cancer, TB, etc)",0
Gondia,2014,Devari,Clinics,8
Gondia,2014,Devari,Maternity Wards,0
Gondia,2014,Devari,Number of Beds,8
Gondia,2015,Tiroda,Hospitals,6
Gondia,2015,Tiroda,"Specialty Hospitals (Cancer, TB, etc)",0
Gondia,2015,Tiroda,Clinics,6
Gondia,2015,Tiroda,Maternity Wards,0
Gondia,2015,Tiroda,Number of Beds,40
Gondia,2015,Goregaon,Hospitals,0
Gondia,2015,Goregaon,"Specialty Hospitals (Cancer, TB, etc)",0
Gondia,2015,Goregaon,Clinics,0
Gondia,2015,Goregaon,Maternity Wards,0
Gondia,2015,Goregaon,Number of Beds,0
Gondia,2015,Gondia,Hospitals,29
Gondia,2015,Gondia,"Specialty Hospitals (Cancer, TB, etc)",0
Gondia,2015,Gondia,Clinics,17
Gondia,2015,Gondia,Maternity Wards,16
Gondia,2015,Gondia,Number of Beds,235
Gondia,2015,Aamgaon,Hospitals,1
Gondia,2015,Aamgaon,"Specialty Hospitals (Cancer, TB, etc)",0
Gondia,2015,Aamgaon,Clinics,7
Gondia,2015,Aamgaon,Maternity Wards,1
Gondia,2015,Aamgaon,Number of Beds,10
Gondia,2015,Salekasa,Hospitals,3
Gondia,2015,Salekasa,"Specialty Hospitals (Cancer, TB, etc)",0
Gondia,2015,Salekasa,Clinics,3
Gondia,2015,Salekasa,Maternity Wards,0
Gondia,2015,Salekasa,Number of Beds,10
Gondia,2015,Sadak Arjuni,Hospitals,1
Gondia,2015,Sadak Arjuni,"Specialty Hospitals (Cancer, TB, etc)",0
Gondia,2015,Sadak Arjuni,Clinics,8
Gondia,2015,Sadak Arjuni,Maternity Wards,0
Gondia,2015,Sadak Arjuni,Number of Beds,10
Gondia,2015,Arjuni Morgaon,Hospitals,6
Gondia,2015,Arjuni Morgaon,"Specialty Hospitals (Cancer, TB, etc)",0
Gondia,2015,Arjuni Morgaon,Clinics,6
Gondia,2015,Arjuni Morgaon,Maternity Wards,0
Gondia,2015,Arjuni Morgaon,Number of Beds,6
Gondia,2015,Devari,Hospitals,8
Gondia,2015,Devari,"Specialty Hospitals (Cancer, TB, etc)",0
Gondia,2015,Devari,Clinics,8
Gondia,2015,Devari,Maternity Wards,0
Gondia,2015,Devari,Number of Beds,8
Gondia,2016,Tiroda,Hospitals,6
Gondia,2016,Tiroda,"Specialty Hospitals (Cancer, TB, etc)",0
Gondia,2016,Tiroda,Clinics,6
Gondia,2016,Tiroda,Maternity Wards,0
Gondia,2016,Tiroda,Number of Beds,40
Gondia,2016,Goregaon,Hospitals,0
Gondia,2016,Goregaon,"Specialty Hospitals (Cancer, TB, etc)",0
Gondia,2016,Goregaon,Clinics,0
Gondia,2016,Goregaon,Maternity Wards,0
Gondia,2016,Goregaon,Number of Beds,0
Gondia,2016,Gondia,Hospitals,29
Gondia,2016,Gondia,"Specialty Hospitals (Cancer, TB, etc)",0
Gondia,2016,Gondia,Clinics,17
Gondia,2016,Gondia,Maternity Wards,16
Gondia,2016,Gondia,Number of Beds,235
Gondia,2016,Aamgaon,Hospitals,1
Gondia,2016,Aamgaon,"Specialty Hospitals (Cancer, TB, etc)",0
Gondia,2016,Aamgaon,Clinics,7
Gondia,2016,Aamgaon,Maternity Wards,1
Gondia,2016,Aamgaon,Number of Beds,10
Gondia,2016,Salekasa,Hospitals,3
Gondia,2016,Salekasa,"Specialty Hospitals (Cancer, TB, etc)",0
Gondia,2016,Salekasa,Clinics,3
Gondia,2016,Salekasa,Maternity Wards,0
Gondia,2016,Salekasa,Number of Beds,10
Gondia,2016,Sadak Arjuni,Hospitals,1
Gondia,2016,Sadak Arjuni,"Specialty Hospitals (Cancer, TB, etc)",0
Gondia,2016,Sadak Arjuni,Clinics,8
Gondia,2016,Sadak Arjuni,Maternity Wards,0
Gondia,2016,Sadak Arjuni,Number of Beds,10
Gondia,2016,Arjuni Morgaon,Hospitals,6
Gondia,2016,Arjuni Morgaon,"Specialty Hospitals (Cancer, TB, etc)",0
Gondia,2016,Arjuni Morgaon,Clinics,6
Gondia,2016,Arjuni Morgaon,Maternity Wards,0
Gondia,2016,Arjuni Morgaon,Number of Beds,15
Gondia,2016,Devari,Hospitals,8
Gondia,2016,Devari,"Specialty Hospitals (Cancer, TB, etc)",0
Gondia,2016,Devari,Clinics,8
Gondia,2016,Devari,Maternity Wards,0
Gondia,2016,Devari,Number of Beds,20
Gondia,2017,Tiroda,Hospitals,6
Gondia,2017,Tiroda,"Specialty Hospitals (Cancer, TB, etc)",0
Gondia,2017,Tiroda,Clinics,6
Gondia,2017,Tiroda,Maternity Wards,0
Gondia,2017,Tiroda,Number of Beds,40
Gondia,2017,Goregaon,Hospitals,0
Gondia,2017,Goregaon,"Specialty Hospitals (Cancer, TB, etc)",0
Gondia,2017,Goregaon,Clinics,0
Gondia,2017,Goregaon,Maternity Wards,0
Gondia,2017,Goregaon,Number of Beds,0
Gondia,2017,Gondia,Hospitals,29
Gondia,2017,Gondia,"Specialty Hospitals (Cancer, TB, etc)",0
Gondia,2017,Gondia,Clinics,17
Gondia,2017,Gondia,Maternity Wards,16
Gondia,2017,Gondia,Number of Beds,235
Gondia,2017,Aamgaon,Hospitals,1
Gondia,2017,Aamgaon,"Specialty Hospitals (Cancer, TB, etc)",0
Gondia,2017,Aamgaon,Clinics,7
Gondia,2017,Aamgaon,Maternity Wards,1
Gondia,2017,Aamgaon,Number of Beds,10
Gondia,2017,Salekasa,Hospitals,3
Gondia,2017,Salekasa,"Specialty Hospitals (Cancer, TB, etc)",0
Gondia,2017,Salekasa,Clinics,3
Gondia,2017,Salekasa,Maternity Wards,0
Gondia,2017,Salekasa,Number of Beds,10
Gondia,2017,Sadak Arjuni,Hospitals,1
Gondia,2017,Sadak Arjuni,"Specialty Hospitals (Cancer, TB, etc)",0
Gondia,2017,Sadak Arjuni,Clinics,8
Gondia,2017,Sadak Arjuni,Maternity Wards,0
Gondia,2017,Sadak Arjuni,Number of Beds,10
Gondia,2017,Arjuni Morgaon,Hospitals,6
Gondia,2017,Arjuni Morgaon,"Specialty Hospitals (Cancer, TB, etc)",0
Gondia,2017,Arjuni Morgaon,Clinics,6
Gondia,2017,Arjuni Morgaon,Maternity Wards,0
Gondia,2017,Arjuni Morgaon,Number of Beds,15
Gondia,2017,Devari,Hospitals,8
Gondia,2017,Devari,"Specialty Hospitals (Cancer, TB, etc)",0
Gondia,2017,Devari,Clinics,8
Gondia,2017,Devari,Maternity Wards,0
Gondia,2017,Devari,Number of Beds,20
Gondia,2018,Tiroda,Hospitals,6
Gondia,2018,Tiroda,"Specialty Hospitals (Cancer, TB, etc)",0
Gondia,2018,Tiroda,Clinics,6
Gondia,2018,Tiroda,Maternity Wards,0
Gondia,2018,Tiroda,Number of Beds,40
Gondia,2018,Goregaon,Hospitals,0
Gondia,2018,Goregaon,"Specialty Hospitals (Cancer, TB, etc)",0
Gondia,2018,Goregaon,Clinics,0
Gondia,2018,Goregaon,Maternity Wards,0
Gondia,2018,Goregaon,Number of Beds,0
Gondia,2018,Gondia,Hospitals,29
Gondia,2018,Gondia,"Specialty Hospitals (Cancer, TB, etc)",1
Gondia,2018,Gondia,Clinics,19
Gondia,2018,Gondia,Maternity Wards,16
Gondia,2018,Gondia,Number of Beds,255
Gondia,2018,Aamgaon,Hospitals,1
Gondia,2018,Aamgaon,"Specialty Hospitals (Cancer, TB, etc)",0
Gondia,2018,Aamgaon,Clinics,7
Gondia,2018,Aamgaon,Maternity Wards,1
Gondia,2018,Aamgaon,Number of Beds,10
Gondia,2018,Salekasa,Hospitals,3
Gondia,2018,Salekasa,"Specialty Hospitals (Cancer, TB, etc)",0
Gondia,2018,Salekasa,Clinics,3
Gondia,2018,Salekasa,Maternity Wards,0
Gondia,2018,Salekasa,Number of Beds,10
Gondia,2018,Sadak Arjuni,Hospitals,1
Gondia,2018,Sadak Arjuni,"Specialty Hospitals (Cancer, TB, etc)",0
Gondia,2018,Sadak Arjuni,Clinics,8
Gondia,2018,Sadak Arjuni,Maternity Wards,0
Gondia,2018,Sadak Arjuni,Number of Beds,10
Gondia,2018,Arjuni Morgaon,Hospitals,6
Gondia,2018,Arjuni Morgaon,"Specialty Hospitals (Cancer, TB, etc)",0
Gondia,2018,Arjuni Morgaon,Clinics,6
Gondia,2018,Arjuni Morgaon,Maternity Wards,0
Gondia,2018,Arjuni Morgaon,Number of Beds,20
Gondia,2018,Devari,Hospitals,8
Gondia,2018,Devari,"Specialty Hospitals (Cancer, TB, etc)",0
Gondia,2018,Devari,Clinics,8
Gondia,2018,Devari,Maternity Wards,0
Gondia,2018,Devari,Number of Beds,20
Gondia,2019,Tiroda,Hospitals,6
Gondia,2019,Tiroda,"Specialty Hospitals (Cancer, TB, etc)",0
Gondia,2019,Tiroda,Clinics,6
Gondia,2019,Tiroda,Maternity Wards,1
Gondia,2019,Tiroda,Number of Beds,40
Gondia,2019,Goregaon,Hospitals,0
Gondia,2019,Goregaon,"Specialty Hospitals (Cancer, TB, etc)",0
Gondia,2019,Goregaon,Clinics,0
Gondia,2019,Goregaon,Maternity Wards,1
Gondia,2019,Goregaon,Number of Beds,3
Gondia,2019,Gondia,Hospitals,29
Gondia,2019,Gondia,"Specialty Hospitals (Cancer, TB, etc)",1
Gondia,2019,Gondia,Clinics,19
Gondia,2019,Gondia,Maternity Wards,16
Gondia,2019,Gondia,Number of Beds,255
Gondia,2019,Aamgaon,Hospitals,1
Gondia,2019,Aamgaon,"Specialty Hospitals (Cancer, TB, etc)",0
Gondia,2019,Aamgaon,Clinics,7
Gondia,2019,Aamgaon,Maternity Wards,1
Gondia,2019,Aamgaon,Number of Beds,10
Gondia,2019,Salekasa,Hospitals,3
Gondia,2019,Salekasa,"Specialty Hospitals (Cancer, TB, etc)",0
Gondia,2019,Salekasa,Clinics,3
Gondia,2019,Salekasa,Maternity Wards,1
Gondia,2019,Salekasa,Number of Beds,10
Gondia,2019,Sadak Arjuni,Hospitals,1
Gondia,2019,Sadak Arjuni,"Specialty Hospitals (Cancer, TB, etc)",0
Gondia,2019,Sadak Arjuni,Clinics,8
Gondia,2019,Sadak Arjuni,Maternity Wards,1
Gondia,2019,Sadak Arjuni,Number of Beds,10
Gondia,2019,Arjuni Morgaon,Hospitals,6
Gondia,2019,Arjuni Morgaon,"Specialty Hospitals (Cancer, TB, etc)",0
Gondia,2019,Arjuni Morgaon,Clinics,6
Gondia,2019,Arjuni Morgaon,Maternity Wards,2
Gondia,2019,Arjuni Morgaon,Number of Beds,20
Gondia,2019,Devari,Hospitals,8
Gondia,2019,Devari,"Specialty Hospitals (Cancer, TB, etc)",0
Gondia,2019,Devari,Clinics,8
Gondia,2019,Devari,Maternity Wards,2
Gondia,2019,Devari,Number of Beds,20
Gondia,2020,Tiroda,Hospitals,6
Gondia,2020,Tiroda,"Specialty Hospitals (Cancer, TB, etc)",0
Gondia,2020,Tiroda,Clinics,6
Gondia,2020,Tiroda,Maternity Wards,1
Gondia,2020,Tiroda,Number of Beds,40
Gondia,2020,Goregaon,Hospitals,1
Gondia,2020,Goregaon,"Specialty Hospitals (Cancer, TB, etc)",0
Gondia,2020,Goregaon,Clinics,1
Gondia,2020,Goregaon,Maternity Wards,1
Gondia,2020,Goregaon,Number of Beds,15
Gondia,2020,Gondia,Hospitals,29
Gondia,2020,Gondia,"Specialty Hospitals (Cancer, TB, etc)",1
Gondia,2020,Gondia,Clinics,23
Gondia,2020,Gondia,Maternity Wards,16
Gondia,2020,Gondia,Number of Beds,285
Gondia,2020,Aamgaon,Hospitals,1
Gondia,2020,Aamgaon,"Specialty Hospitals (Cancer, TB, etc)",0
Gondia,2020,Aamgaon,Clinics,6
Gondia,2020,Aamgaon,Maternity Wards,1
Gondia,2020,Aamgaon,Number of Beds,10
Gondia,2020,Salekasa,Hospitals,3
Gondia,2020,Salekasa,"Specialty Hospitals (Cancer, TB, etc)",0
Gondia,2020,Salekasa,Clinics,4
Gondia,2020,Salekasa,Maternity Wards,1
Gondia,2020,Salekasa,Number of Beds,15
Gondia,2020,Sadak Arjuni,Hospitals,1
Gondia,2020,Sadak Arjuni,"Specialty Hospitals (Cancer, TB, etc)",0
Gondia,2020,Sadak Arjuni,Clinics,8
Gondia,2020,Sadak Arjuni,Maternity Wards,1
Gondia,2020,Sadak Arjuni,Number of Beds,15
Gondia,2020,Arjuni Morgaon,Hospitals,6
Gondia,2020,Arjuni Morgaon,"Specialty Hospitals (Cancer, TB, etc)",0
Gondia,2020,Arjuni Morgaon,Clinics,7
Gondia,2020,Arjuni Morgaon,Maternity Wards,2
Gondia,2020,Arjuni Morgaon,Number of Beds,25
Gondia,2020,Devari,Hospitals,8
Gondia,2020,Devari,"Specialty Hospitals (Cancer, TB, etc)",0
Gondia,2020,Devari,Clinics,9
Gondia,2020,Devari,Maternity Wards,2
Gondia,2020,Devari,Number of Beds,20
Gondia,2021,Tiroda,Hospitals,6
Gondia,2021,Tiroda,"Specialty Hospitals (Cancer, TB, etc)",0
Gondia,2021,Tiroda,Clinics,6
Gondia,2021,Tiroda,Maternity Wards,1
Gondia,2021,Tiroda,Number of Beds,40
Gondia,2021,Goregaon,Hospitals,1
Gondia,2021,Goregaon,"Specialty Hospitals (Cancer, TB, etc)",0
Gondia,2021,Goregaon,Clinics,1
Gondia,2021,Goregaon,Maternity Wards,1
Gondia,2021,Goregaon,Number of Beds,20
Gondia,2021,Gondia,Hospitals,29
Gondia,2021,Gondia,"Specialty Hospitals (Cancer, TB, etc)",1
Gondia,2021,Gondia,Clinics,23
Gondia,2021,Gondia,Maternity Wards,16
Gondia,2021,Gondia,Number of Beds,305
Gondia,2021,Aamgaon,Hospitals,1
Gondia,2021,Aamgaon,"Specialty Hospitals (Cancer, TB, etc)",0
Gondia,2021,Aamgaon,Clinics,7
Gondia,2021,Aamgaon,Maternity Wards,1
Gondia,2021,Aamgaon,Number of Beds,20
Gondia,2021,Salekasa,Hospitals,3
Gondia,2021,Salekasa,"Specialty Hospitals (Cancer, TB, etc)",0
Gondia,2021,Salekasa,Clinics,3
Gondia,2021,Salekasa,Maternity Wards,1
Gondia,2021,Salekasa,Number of Beds,10
Gondia,2021,Sadak Arjuni,Hospitals,1
Gondia,2021,Sadak Arjuni,"Specialty Hospitals (Cancer, TB, etc)",0
Gondia,2021,Sadak Arjuni,Clinics,8
Gondia,2021,Sadak Arjuni,Maternity Wards,1
Gondia,2021,Sadak Arjuni,Number of Beds,20
Gondia,2021,Arjuni Morgaon,Hospitals,6
Gondia,2021,Arjuni Morgaon,"Specialty Hospitals (Cancer, TB, etc)",0
Gondia,2021,Arjuni Morgaon,Clinics,6
Gondia,2021,Arjuni Morgaon,Maternity Wards,2
Gondia,2021,Arjuni Morgaon,Number of Beds,20
Gondia,2021,Devari,Hospitals,8
Gondia,2021,Devari,"Specialty Hospitals (Cancer, TB, etc)",0
Gondia,2021,Devari,Clinics,8
Gondia,2021,Devari,Maternity Wards,2
Gondia,2021,Devari,Number of Beds,20
Hingoli,2012,Sengaon,Hospitals,1
Hingoli,2012,Sengaon,Clinics,15
Hingoli,2012,Sengaon,Maternity Wards,3
Hingoli,2012,Sengaon,Number of Beds,18
Hingoli,2012,Hingoli,Hospitals,1
Hingoli,2012,Hingoli,"Specialty Hospitals (Cancer, TB, etc)",1
Hingoli,2012,Hingoli,Clinics,33
Hingoli,2012,Hingoli,Maternity Wards,12
Hingoli,2012,Hingoli,Number of Beds,60
Hingoli,2012,Aundha Na,Hospitals,1
Hingoli,2012,Aundha Na,Clinics,2
Hingoli,2012,Aundha Na,Maternity Wards,0
Hingoli,2012,Aundha Na,Number of Beds,5
Hingoli,2012,Kalamanuri,Hospitals,1
Hingoli,2012,Kalamanuri,Clinics,18
Hingoli,2012,Kalamanuri,Maternity Wards,5
Hingoli,2012,Kalamanuri,Number of Beds,18
Hingoli,2012,Vasamat,Hospitals,1
Hingoli,2012,Vasamat,Clinics,22
Hingoli,2012,Vasamat,Maternity Wards,18
Hingoli,2012,Vasamat,Number of Beds,26
Hingoli,2014,Sengaon,Clinics,15
Hingoli,2014,Sengaon,Maternity Wards,3
Hingoli,2014,Sengaon,Number of Beds,18
Hingoli,2014,Hingoli,Hospitals,1
Hingoli,2014,Hingoli,Clinics,42
Hingoli,2014,Hingoli,Maternity Wards,13
Hingoli,2014,Hingoli,Number of Beds,570
Hingoli,2014,Aundha Na,Clinics,4
Hingoli,2014,Aundha Na,Maternity Wards,3
Hingoli,2014,Aundha Na,Number of Beds,29
Hingoli,2014,Kalamanuri,Clinics,5
Hingoli,2014,Kalamanuri,Maternity Wards,4
Hingoli,2014,Kalamanuri,Number of Beds,30
Hingoli,2014,Vasamat,Hospitals,1
Hingoli,2014,Vasamat,Clinics,14
Hingoli,2014,Vasamat,Maternity Wards,9
Hingoli,2014,Vasamat,Number of Beds,151
Hingoli,2015,Sengaon,Clinics,15
Hingoli,2015,Sengaon,Maternity Wards,3
Hingoli,2015,Sengaon,Number of Beds,18
Hingoli,2015,Hingoli,Hospitals,1
Hingoli,2015,Hingoli,Clinics,42
Hingoli,2015,Hingoli,Maternity Wards,13
Hingoli,2015,Hingoli,Number of Beds,570
Hingoli,2015,Aundha Na,Clinics,4
Hingoli,2015,Aundha Na,Maternity Wards,3
Hingoli,2015,Aundha Na,Number of Beds,29
Hingoli,2015,Kalamanuri,Clinics,5
Hingoli,2015,Kalamanuri,Maternity Wards,4
Hingoli,2015,Kalamanuri,Number of Beds,30
Hingoli,2015,Vasamat,Hospitals,1
Hingoli,2015,Vasamat,Clinics,14
Hingoli,2015,Vasamat,Maternity Wards,9
Hingoli,2015,Vasamat,Number of Beds,151
Hingoli,2017,Sengaon,Hospitals,0
Hingoli,2017,Sengaon,"Specialty Hospitals (Cancer, TB, etc)",0
Hingoli,2017,Sengaon,Clinics,0
Hingoli,2017,Sengaon,Maternity Wards,0
Hingoli,2017,Sengaon,Number of Beds,0
Hingoli,2017,Hingoli,Hospitals,0
Hingoli,2017,Hingoli,"Specialty Hospitals (Cancer, TB, etc)",0
Hingoli,2017,Hingoli,Clinics,61
Hingoli,2017,Hingoli,Maternity Wards,16
Hingoli,2017,Hingoli,Number of Beds,589
Hingoli,2017,Aundha Na,Hospitals,0
Hingoli,2017,Aundha Na,"Specialty Hospitals (Cancer, TB, etc)",0
Hingoli,2017,Aundha Na,Clinics,9
Hingoli,2017,Aundha Na,Maternity Wards,0
Hingoli,2017,Aundha Na,Number of Beds,37
Hingoli,2017,Kalamanuri,Hospitals,0
Hingoli,2017,Kalamanuri,"Specialty Hospitals (Cancer, TB, etc)",0
Hingoli,2017,Kalamanuri,Clinics,18
Hingoli,2017,Kalamanuri,Maternity Wards,8
Hingoli,2017,Kalamanuri,Number of Beds,71
Hingoli,2017,Vasamat,Hospitals,0
Hingoli,2017,Vasamat,"Specialty Hospitals (Cancer, TB, etc)",0
Hingoli,2017,Vasamat,Clinics,22
Hingoli,2017,Vasamat,Maternity Wards,11
Hingoli,2017,Vasamat,Number of Beds,199
Hingoli,2018,Sengaon,Hospitals,0
Hingoli,2018,Sengaon,"Specialty Hospitals (Cancer, TB, etc)",0
Hingoli,2018,Sengaon,Clinics,0
Hingoli,2018,Sengaon,Maternity Wards,0
Hingoli,2018,Sengaon,Number of Beds,0
Hingoli,2018,Hingoli,Hospitals,0
Hingoli,2018,Hingoli,"Specialty Hospitals (Cancer, TB, etc)",0
Hingoli,2018,Hingoli,Clinics,60
Hingoli,2018,Hingoli,Maternity Wards,17
Hingoli,2018,Hingoli,Number of Beds,736
Hingoli,2018,Aundha Na,Hospitals,0
Hingoli,2018,Aundha Na,"Specialty Hospitals (Cancer, TB, etc)",0
Hingoli,2018,Aundha Na,Clinics,9
Hingoli,2018,Aundha Na,Maternity Wards,6
Hingoli,2018,Aundha Na,Number of Beds,42
Hingoli,2018,Kalamanuri,Hospitals,0
Hingoli,2018,Kalamanuri,"Specialty Hospitals (Cancer, TB, etc)",0
Hingoli,2018,Kalamanuri,Clinics,19
Hingoli,2018,Kalamanuri,Maternity Wards,10
Hingoli,2018,Kalamanuri,Number of Beds,81
Hingoli,2018,Vasamat,Hospitals,0
Hingoli,2018,Vasamat,"Specialty Hospitals (Cancer, TB, etc)",0
Hingoli,2018,Vasamat,Clinics,24
Hingoli,2018,Vasamat,Maternity Wards,13
Hingoli,2018,Vasamat,Number of Beds,230
Hingoli,2019,Sengaon,Hospitals,0
Hingoli,2019,Sengaon,"Specialty Hospitals (Cancer, TB, etc)",0
Hingoli,2019,Sengaon,Clinics,0
Hingoli,2019,Sengaon,Maternity Wards,0
Hingoli,2019,Sengaon,Number of Beds,0
Hingoli,2019,Hingoli,Hospitals,0
Hingoli,2019,Hingoli,"Specialty Hospitals (Cancer, TB, etc)",0
Hingoli,2019,Hingoli,Clinics,68
Hingoli,2019,Hingoli,Maternity Wards,18
Hingoli,2019,Hingoli,Number of Beds,861
Hingoli,2019,Aundha Na,Hospitals,0
Hingoli,2019,Aundha Na,"Specialty Hospitals (Cancer, TB, etc)",0
Hingoli,2019,Aundha Na,Clinics,11
Hingoli,2019,Aundha Na,Maternity Wards,6
Hingoli,2019,Aundha Na,Number of Beds,50
Hingoli,2019,Kalamanuri,Hospitals,0
Hingoli,2019,Kalamanuri,"Specialty Hospitals (Cancer, TB, etc)",0
Hingoli,2019,Kalamanuri,Clinics,20
Hingoli,2019,Kalamanuri,Maternity Wards,10
Hingoli,2019,Kalamanuri,Number of Beds,86
Hingoli,2019,Vasamat,Hospitals,0
Hingoli,2019,Vasamat,"Specialty Hospitals (Cancer, TB, etc)",0
Hingoli,2019,Vasamat,Clinics,27
Hingoli,2019,Vasamat,Maternity Wards,14
Hingoli,2019,Vasamat,Number of Beds,282
Hingoli,2021,Sengaon,Hospitals,0
Hingoli,2021,Sengaon,"Specialty Hospitals (Cancer, TB, etc)",0
Hingoli,2021,Sengaon,Clinics,0
Hingoli,2021,Sengaon,Maternity Wards,0
Hingoli,2021,Sengaon,Number of Beds,0
Hingoli,2021,Hingoli,Hospitals,0
Hingoli,2021,Hingoli,"Specialty Hospitals (Cancer, TB, etc)",0
Hingoli,2021,Hingoli,Clinics,69
Hingoli,2021,Hingoli,Maternity Wards,17
Hingoli,2021,Hingoli,Number of Beds,920
Hingoli,2021,Aundha Na,Hospitals,0
Hingoli,2021,Aundha Na,"Specialty Hospitals (Cancer, TB, etc)",0
Hingoli,2021,Aundha Na,Clinics,10
Hingoli,2021,Aundha Na,Maternity Wards,6
Hingoli,2021,Aundha Na,Number of Beds,45
Hingoli,2021,Kalamanuri,Hospitals,0
Hingoli,2021,Kalamanuri,"Specialty Hospitals (Cancer, TB, etc)",0
Hingoli,2021,Kalamanuri,Clinics,18
Hingoli,2021,Kalamanuri,Maternity Wards,10
Hingoli,2021,Kalamanuri,Number of Beds,78
Hingoli,2021,Vasamat,Hospitals,0
Hingoli,2021,Vasamat,"Specialty Hospitals (Cancer, TB, etc)",0
Hingoli,2021,Vasamat,Clinics,30
Hingoli,2021,Vasamat,Maternity Wards,17
Hingoli,2021,Vasamat,Number of Beds,307
Jalna,2013,Bhokardan,Hospitals,21
Jalna,2013,Bhokardan,"Specialty Hospitals (Cancer, TB, etc)",0
Jalna,2013,Bhokardan,Clinics,15
Jalna,2013,Bhokardan,Maternity Wards,6
Jalna,2013,Bhokardan,Number of Beds,124
Jalna,2013,Jaffrabad,Hospitals,2
Jalna,2013,Jaffrabad,"Specialty Hospitals (Cancer, TB, etc)",0
Jalna,2013,Jaffrabad,Clinics,8
Jalna,2013,Jaffrabad,Maternity Wards,2
Jalna,2013,Jaffrabad,Number of Beds,61
Jalna,2013,Jalna,Hospitals,124
Jalna,2013,Jalna,"Specialty Hospitals (Cancer, TB, etc)",4
Jalna,2013,Jalna,Clinics,102
Jalna,2013,Jalna,Maternity Wards,37
Jalna,2013,Jalna,Number of Beds,2143
Jalna,2013,Badnapur,Hospitals,1
Jalna,2013,Badnapur,"Specialty Hospitals (Cancer, TB, etc)",0
Jalna,2013,Badnapur,Clinics,3
Jalna,2013,Badnapur,Maternity Wards,1
Jalna,2013,Badnapur,Number of Beds,62
Jalna,2013,Ambad,Hospitals,16
Jalna,2013,Ambad,"Specialty Hospitals (Cancer, TB, etc)",0
Jalna,2013,Ambad,Clinics,15
Jalna,2013,Ambad,Maternity Wards,8
Jalna,2013,Ambad,Number of Beds,94
Jalna,2013,Ghansawangi,Hospitals,1
Jalna,2013,Ghansawangi,"Specialty Hospitals (Cancer, TB, etc)",0
Jalna,2013,Ghansawangi,Clinics,0
Jalna,2013,Ghansawangi,Maternity Wards,1
Jalna,2013,Ghansawangi,Number of Beds,77
Jalna,2013,Partur,Hospitals,16
Jalna,2013,Partur,"Specialty Hospitals (Cancer, TB, etc)",0
Jalna,2013,Partur,Clinics,12
Jalna,2013,Partur,Maternity Wards,9
Jalna,2013,Partur,Number of Beds,102
Jalna,2013,Mantha,Hospitals,1
Jalna,2013,Mantha,"Specialty Hospitals (Cancer, TB, etc)",0
Jalna,2013,Mantha,Clinics,3
Jalna,2013,Mantha,Maternity Wards,1
Jalna,2013,Mantha,Number of Beds,54
Jalna,2014,Bhokardan,Hospitals,21
Jalna,2014,Bhokardan,"Specialty Hospitals (Cancer, TB, etc)",0
Jalna,2014,Bhokardan,Clinics,15
Jalna,2014,Bhokardan,Maternity Wards,6
Jalna,2014,Bhokardan,Number of Beds,124
Jalna,2014,Jaffrabad,Hospitals,2
Jalna,2014,Jaffrabad,"Specialty Hospitals (Cancer, TB, etc)",0
Jalna,2014,Jaffrabad,Clinics,8
Jalna,2014,Jaffrabad,Maternity Wards,2
Jalna,2014,Jaffrabad,Number of Beds,61
Jalna,2014,Jalna,Hospitals,124
Jalna,2014,Jalna,"Specialty Hospitals (Cancer, TB, etc)",4
Jalna,2014,Jalna,Clinics,102
Jalna,2014,Jalna,Maternity Wards,37
Jalna,2014,Jalna,Number of Beds,2143
Jalna,2014,Badnapur,Hospitals,1
Jalna,2014,Badnapur,"Specialty Hospitals (Cancer, TB, etc)",0
Jalna,2014,Badnapur,Clinics,3
Jalna,2014,Badnapur,Maternity Wards,1
Jalna,2014,Badnapur,Number of Beds,62
Jalna,2014,Ambad,Hospitals,16
Jalna,2014,Ambad,"Specialty Hospitals (Cancer, TB, etc)",0
Jalna,2014,Ambad,Clinics,15
Jalna,2014,Ambad,Maternity Wards,8
Jalna,2014,Ambad,Number of Beds,79
Jalna,2014,Ghansawangi,Hospitals,1
Jalna,2014,Ghansawangi,"Specialty Hospitals (Cancer, TB, etc)",0
Jalna,2014,Ghansawangi,Clinics,0
Jalna,2014,Ghansawangi,Maternity Wards,1
Jalna,2014,Ghansawangi,Number of Beds,94
Jalna,2014,Partur,Hospitals,16
Jalna,2014,Partur,"Specialty Hospitals (Cancer, TB, etc)",0
Jalna,2014,Partur,Clinics,12
Jalna,2014,Partur,Maternity Wards,9
Jalna,2014,Partur,Number of Beds,107
Jalna,2014,Mantha,Hospitals,1
Jalna,2014,Mantha,"Specialty Hospitals (Cancer, TB, etc)",0
Jalna,2014,Mantha,Clinics,3
Jalna,2014,Mantha,Maternity Wards,1
Jalna,2014,Mantha,Number of Beds,54
Jalna,2015,Bhokardan,Hospitals,26
Jalna,2015,Bhokardan,"Specialty Hospitals (Cancer, TB, etc)",0
Jalna,2015,Bhokardan,Clinics,2
Jalna,2015,Bhokardan,Maternity Wards,7
Jalna,2015,Bhokardan,Number of Beds,158
Jalna,2015,Jaffrabad,Hospitals,24
Jalna,2015,Jaffrabad,"Specialty Hospitals (Cancer, TB, etc)",0
Jalna,2015,Jaffrabad,Clinics,24
Jalna,2015,Jaffrabad,Maternity Wards,12
Jalna,2015,Jaffrabad,Number of Beds,120
Jalna,2015,Jalna,Hospitals,129
Jalna,2015,Jalna,"Specialty Hospitals (Cancer, TB, etc)",0
Jalna,2015,Jalna,Clinics,87
Jalna,2015,Jalna,Maternity Wards,44
Jalna,2015,Jalna,Number of Beds,2309
Jalna,2015,Badnapur,Hospitals,14
Jalna,2015,Badnapur,"Specialty Hospitals (Cancer, TB, etc)",0
Jalna,2015,Badnapur,Clinics,14
Jalna,2015,Badnapur,Maternity Wards,4
Jalna,2015,Badnapur,Number of Beds,65
Jalna,2015,Ambad,Hospitals,33
Jalna,2015,Ambad,"Specialty Hospitals (Cancer, TB, etc)",0
Jalna,2015,Ambad,Clinics,25
Jalna,2015,Ambad,Maternity Wards,12
Jalna,2015,Ambad,Number of Beds,192
Jalna,2015,Ghansawangi,Hospitals,16
Jalna,2015,Ghansawangi,"Specialty Hospitals (Cancer, TB, etc)",0
Jalna,2015,Ghansawangi,Clinics,16
Jalna,2015,Ghansawangi,Maternity Wards,4
Jalna,2015,Ghansawangi,Number of Beds,80
Jalna,2015,Partur,Hospitals,26
Jalna,2015,Partur,"Specialty Hospitals (Cancer, TB, etc)",0
Jalna,2015,Partur,Clinics,17
Jalna,2015,Partur,Maternity Wards,9
Jalna,2015,Partur,Number of Beds,178
Jalna,2015,Mantha,Hospitals,16
Jalna,2015,Mantha,"Specialty Hospitals (Cancer, TB, etc)",0
Jalna,2015,Mantha,Clinics,16
Jalna,2015,Mantha,Maternity Wards,4
Jalna,2015,Mantha,Number of Beds,80
Jalna,2017,Bhokardan,Hospitals,27
Jalna,2017,Bhokardan,"Specialty Hospitals (Cancer, TB, etc)",0
Jalna,2017,Bhokardan,Clinics,22
Jalna,2017,Bhokardan,Maternity Wards,5
Jalna,2017,Bhokardan,Number of Beds,103
Jalna,2017,Jaffrabad,Hospitals,1
Jalna,2017,Jaffrabad,"Specialty Hospitals (Cancer, TB, etc)",0
Jalna,2017,Jaffrabad,Clinics,1
Jalna,2017,Jaffrabad,Maternity Wards,0
Jalna,2017,Jaffrabad,Number of Beds,0
Jalna,2017,Jalna,Hospitals,214
Jalna,2017,Jalna,"Specialty Hospitals (Cancer, TB, etc)",0
Jalna,2017,Jalna,Clinics,169
Jalna,2017,Jalna,Maternity Wards,45
Jalna,2017,Jalna,Number of Beds,2337
Jalna,2017,Badnapur,Hospitals,1
Jalna,2017,Badnapur,"Specialty Hospitals (Cancer, TB, etc)",0
Jalna,2017,Badnapur,Clinics,1
Jalna,2017,Badnapur,Maternity Wards,0
Jalna,2017,Badnapur,Number of Beds,0
Jalna,2017,Ambad,Hospitals,42
Jalna,2017,Ambad,"Specialty Hospitals (Cancer, TB, etc)",0
Jalna,2017,Ambad,Clinics,33
Jalna,2017,Ambad,Maternity Wards,9
Jalna,2017,Ambad,Number of Beds,106
Jalna,2017,Ghansawangi,Hospitals,0
Jalna,2017,Ghansawangi,"Specialty Hospitals (Cancer, TB, etc)",0
Jalna,2017,Ghansawangi,Clinics,0
Jalna,2017,Ghansawangi,Maternity Wards,0
Jalna,2017,Ghansawangi,Number of Beds,0
Jalna,2017,Partur,Hospitals,29
Jalna,2017,Partur,"Specialty Hospitals (Cancer, TB, etc)",0
Jalna,2017,Partur,Clinics,21
Jalna,2017,Partur,Maternity Wards,8
Jalna,2017,Partur,Number of Beds,168
Jalna,2017,Mantha,Hospitals,0
Jalna,2017,Mantha,"Specialty Hospitals (Cancer, TB, etc)",0
Jalna,2017,Mantha,Clinics,0
Jalna,2017,Mantha,Maternity Wards,0
Jalna,2017,Mantha,Number of Beds,0
Jalna,2019,Bhokardan,Hospitals,68
Jalna,2019,Bhokardan,"Specialty Hospitals (Cancer, TB, etc)",0
Jalna,2019,Bhokardan,Clinics,38
Jalna,2019,Bhokardan,Maternity Wards,13
Jalna,2019,Bhokardan,Number of Beds,480
Jalna,2019,Jaffrabad,Hospitals,13
Jalna,2019,Jaffrabad,"Specialty Hospitals (Cancer, TB, etc)",0
Jalna,2019,Jaffrabad,Clinics,54
Jalna,2019,Jaffrabad,Maternity Wards,0
Jalna,2019,Jaffrabad,Number of Beds,258
Jalna,2019,Jalna,Hospitals,445
Jalna,2019,Jalna,"Specialty Hospitals (Cancer, TB, etc)",1
Jalna,2019,Jalna,Clinics,369
Jalna,2019,Jalna,Maternity Wards,91
Jalna,2019,Jalna,Number of Beds,4995
Jalna,2019,Badnapur,Hospitals,10
Jalna,2019,Badnapur,"Specialty Hospitals (Cancer, TB, etc)",0
Jalna,2019,Badnapur,Clinics,48
Jalna,2019,Badnapur,Maternity Wards,2
Jalna,2019,Badnapur,Number of Beds,149
Jalna,2019,Ambad,Hospitals,87
Jalna,2019,Ambad,"Specialty Hospitals (Cancer, TB, etc)",0
Jalna,2019,Ambad,Clinics,63
Jalna,2019,Ambad,Maternity Wards,19
Jalna,2019,Ambad,Number of Beds,541
Jalna,2019,Ghansawangi,Hospitals,2
Jalna,2019,Ghansawangi,"Specialty Hospitals (Cancer, TB, etc)",0
Jalna,2019,Ghansawangi,Clinics,52
Jalna,2019,Ghansawangi,Maternity Wards,1
Jalna,2019,Ghansawangi,Number of Beds,215
Jalna,2019,Partur,Hospitals,64
Jalna,2019,Partur,"Specialty Hospitals (Cancer, TB, etc)",0
Jalna,2019,Partur,Clinics,59
Jalna,2019,Partur,Maternity Wards,17
Jalna,2019,Partur,Number of Beds,377
Jalna,2019,Mantha,Hospitals,32
Jalna,2019,Mantha,"Specialty Hospitals (Cancer, TB, etc)",0
Jalna,2019,Mantha,Clinics,64
Jalna,2019,Mantha,Maternity Wards,3
Jalna,2019,Mantha,Number of Beds,151
Jalna,2020,Bhokardan,Hospitals,68
Jalna,2020,Bhokardan,"Specialty Hospitals (Cancer, TB, etc)",0
Jalna,2020,Bhokardan,Clinics,38
Jalna,2020,Bhokardan,Maternity Wards,13
Jalna,2020,Bhokardan,Number of Beds,480
Jalna,2020,Jaffrabad,Hospitals,13
Jalna,2020,Jaffrabad,"Specialty Hospitals (Cancer, TB, etc)",0
Jalna,2020,Jaffrabad,Clinics,54
Jalna,2020,Jaffrabad,Maternity Wards,0
Jalna,2020,Jaffrabad,Number of Beds,258
Jalna,2020,Jalna,Hospitals,455
Jalna,2020,Jalna,"Specialty Hospitals (Cancer, TB, etc)",0
Jalna,2020,Jalna,Clinics,374
Jalna,2020,Jalna,Maternity Wards,91
Jalna,2020,Jalna,Number of Beds,5452
Jalna,2020,Badnapur,Hospitals,13
Jalna,2020,Badnapur,"Specialty Hospitals (Cancer, TB, etc)",1
Jalna,2020,Badnapur,Clinics,51
Jalna,2020,Badnapur,Maternity Wards,2
Jalna,2020,Badnapur,Number of Beds,200
Jalna,2020,Ambad,Hospitals,88
Jalna,2020,Ambad,"Specialty Hospitals (Cancer, TB, etc)",0
Jalna,2020,Ambad,Clinics,64
Jalna,2020,Ambad,Maternity Wards,19
Jalna,2020,Ambad,Number of Beds,561
Jalna,2020,Ghansawangi,Hospitals,2
Jalna,2020,Ghansawangi,"Specialty Hospitals (Cancer, TB, etc)",0
Jalna,2020,Ghansawangi,Clinics,52
Jalna,2020,Ghansawangi,Maternity Wards,1
Jalna,2020,Ghansawangi,Number of Beds,215
Jalna,2020,Partur,Hospitals,66
Jalna,2020,Partur,"Specialty Hospitals (Cancer, TB, etc)",0
Jalna,2020,Partur,Clinics,61
Jalna,2020,Partur,Maternity Wards,17
Jalna,2020,Partur,Number of Beds,422
Jalna,2020,Mantha,Hospitals,33
Jalna,2020,Mantha,"Specialty Hospitals (Cancer, TB, etc)",0
Jalna,2020,Mantha,Clinics,65
Jalna,2020,Mantha,Maternity Wards,3
Jalna,2020,Mantha,Number of Beds,181
Jalna,2021,Bhokardan,Hospitals,68
Jalna,2021,Bhokardan,"Specialty Hospitals (Cancer, TB, etc)",0
Jalna,2021,Bhokardan,Clinics,36
Jalna,2021,Bhokardan,Maternity Wards,15
Jalna,2021,Bhokardan,Number of Beds,585
Jalna,2021,Jaffrabad,Hospitals,17
Jalna,2021,Jaffrabad,"Specialty Hospitals (Cancer, TB, etc)",0
Jalna,2021,Jaffrabad,Clinics,56
Jalna,2021,Jaffrabad,Maternity Wards,2
Jalna,2021,Jaffrabad,Number of Beds,291
Jalna,2021,Jalna,Hospitals,449
Jalna,2021,Jalna,"Specialty Hospitals (Cancer, TB, etc)",0
Jalna,2021,Jalna,Clinics,388
Jalna,2021,Jalna,Maternity Wards,91
Jalna,2021,Jalna,Number of Beds,6004
Jalna,2021,Badnapur,Hospitals,18
Jalna,2021,Badnapur,"Specialty Hospitals (Cancer, TB, etc)",0
Jalna,2021,Badnapur,Clinics,50
Jalna,2021,Badnapur,Maternity Wards,8
Jalna,2021,Badnapur,Number of Beds,350
Jalna,2021,Ambad,Hospitals,95
Jalna,2021,Ambad,"Specialty Hospitals (Cancer, TB, etc)",0
Jalna,2021,Ambad,Clinics,68
Jalna,2021,Ambad,Maternity Wards,22
Jalna,2021,Ambad,Number of Beds,878
Jalna,2021,Ghansawangi,Hospitals,4
Jalna,2021,Ghansawangi,"Specialty Hospitals (Cancer, TB, etc)",0
Jalna,2021,Ghansawangi,Clinics,55
Jalna,2021,Ghansawangi,Maternity Wards,1
Jalna,2021,Ghansawangi,Number of Beds,235
Jalna,2021,Partur,Hospitals,65
Jalna,2021,Partur,"Specialty Hospitals (Cancer, TB, etc)",0
Jalna,2021,Partur,Clinics,61
Jalna,2021,Partur,Maternity Wards,16
Jalna,2021,Partur,Number of Beds,663
Jalna,2021,Mantha,Hospitals,39
Jalna,2021,Mantha,"Specialty Hospitals (Cancer, TB, etc)",0
Jalna,2021,Mantha,Clinics,66
Jalna,2021,Mantha,Maternity Wards,8
Jalna,2021,Mantha,Number of Beds,237
Kolhapur,2017,Shahuwadi,Hospitals,7
Kolhapur,2017,Shahuwadi,"Specialty Hospitals (Cancer, TB, etc)",0
Kolhapur,2017,Shahuwadi,Clinics,59
Kolhapur,2017,Shahuwadi,Maternity Wards,5
Kolhapur,2017,Shahuwadi,Number of Beds,196
Kolhapur,2017,Panhala,Hospitals,29
Kolhapur,2017,Panhala,"Specialty Hospitals (Cancer, TB, etc)",0
Kolhapur,2017,Panhala,Clinics,79
Kolhapur,2017,Panhala,Maternity Wards,9
Kolhapur,2017,Panhala,Number of Beds,760
Kolhapur,2017,Hatkanangale,Hospitals,100
Kolhapur,2017,Hatkanangale,"Specialty Hospitals (Cancer, TB, etc)",1
Kolhapur,2017,Hatkanangale,Clinics,330
Kolhapur,2017,Hatkanangale,Maternity Wards,56
Kolhapur,2017,Hatkanangale,Number of Beds,1548
Kolhapur,2017,Shirol,Hospitals,114
Kolhapur,2017,Shirol,"Specialty Hospitals (Cancer, TB, etc)",0
Kolhapur,2017,Shirol,Clinics,202
Kolhapur,2017,Shirol,Maternity Wards,16
Kolhapur,2017,Shirol,Number of Beds,1172
Kolhapur,2017,Karveer,Hospitals,453
Kolhapur,2017,Karveer,"Specialty Hospitals (Cancer, TB, etc)",13
Kolhapur,2017,Karveer,Clinics,109
Kolhapur,2017,Karveer,Maternity Wards,51
Kolhapur,2017,Karveer,Number of Beds,5854
Kolhapur,2017,Gaganbavada,Hospitals,0
Kolhapur,2017,Gaganbavada,"Specialty Hospitals (Cancer, TB, etc)",0
Kolhapur,2017,Gaganbavada,Clinics,18
Kolhapur,2017,Gaganbavada,Maternity Wards,1
Kolhapur,2017,Gaganbavada,Number of Beds,4
Kolhapur,2017,Radhanagari,Hospitals,3
Kolhapur,2017,Radhanagari,"Specialty Hospitals (Cancer, TB, etc)",0
Kolhapur,2017,Radhanagari,Clinics,155
Kolhapur,2017,Radhanagari,Maternity Wards,0
Kolhapur,2017,Radhanagari,Number of Beds,200
Kolhapur,2017,Kagal,Hospitals,35
Kolhapur,2017,Kagal,"Specialty Hospitals (Cancer, TB, etc)",0
Kolhapur,2017,Kagal,Clinics,155
Kolhapur,2017,Kagal,Maternity Wards,14
Kolhapur,2017,Kagal,Number of Beds,436
Kolhapur,2017,Bhudargad,Hospitals,23
Kolhapur,2017,Bhudargad,"Specialty Hospitals (Cancer, TB, etc)",0
Kolhapur,2017,Bhudargad,Clinics,69
Kolhapur,2017,Bhudargad,Maternity Wards,6
Kolhapur,2017,Bhudargad,Number of Beds,191
Kolhapur,2017,Ajara,Hospitals,7
Kolhapur,2017,Ajara,"Specialty Hospitals (Cancer, TB, etc)",0
Kolhapur,2017,Ajara,Clinics,55
Kolhapur,2017,Ajara,Maternity Wards,4
Kolhapur,2017,Ajara,Number of Beds,110
Kolhapur,2017,Gadhinglaj,Hospitals,113
Kolhapur,2017,Gadhinglaj,"Specialty Hospitals (Cancer, TB, etc)",0
Kolhapur,2017,Gadhinglaj,Clinics,107
Kolhapur,2017,Gadhinglaj,Maternity Wards,29
Kolhapur,2017,Gadhinglaj,Number of Beds,845
Kolhapur,2017,Chandgad,Hospitals,4
Kolhapur,2017,Chandgad,"Specialty Hospitals (Cancer, TB, etc)",0
Kolhapur,2017,Chandgad,Clinics,121
Kolhapur,2017,Chandgad,Maternity Wards,1
Kolhapur,2017,Chandgad,Number of Beds,131
Kolhapur,2018,Shahuwadi,Hospitals,7
Kolhapur,2018,Shahuwadi,"Specialty Hospitals (Cancer, TB, etc)",0
Kolhapur,2018,Shahuwadi,Clinics,59
Kolhapur,2018,Shahuwadi,Maternity Wards,4
Kolhapur,2018,Shahuwadi,Number of Beds,191
Kolhapur,2018,Panhala,Hospitals,29
Kolhapur,2018,Panhala,"Specialty Hospitals (Cancer, TB, etc)",0
Kolhapur,2018,Panhala,Clinics,79
Kolhapur,2018,Panhala,Maternity Wards,9
Kolhapur,2018,Panhala,Number of Beds,760
Kolhapur,2018,Hatkanangale,Hospitals,99
Kolhapur,2018,Hatkanangale,"Specialty Hospitals (Cancer, TB, etc)",1
Kolhapur,2018,Hatkanangale,Clinics,330
Kolhapur,2018,Hatkanangale,Maternity Wards,56
Kolhapur,2018,Hatkanangale,Number of Beds,1558
Kolhapur,2018,Shirol,Hospitals,115
Kolhapur,2018,Shirol,"Specialty Hospitals (Cancer, TB, etc)",0
Kolhapur,2018,Shirol,Clinics,202
Kolhapur,2018,Shirol,Maternity Wards,16
Kolhapur,2018,Shirol,Number of Beds,1062
Kolhapur,2018,Karveer,Hospitals,476
Kolhapur,2018,Karveer,"Specialty Hospitals (Cancer, TB, etc)",29
Kolhapur,2018,Karveer,Clinics,109
Kolhapur,2018,Karveer,Maternity Wards,66
Kolhapur,2018,Karveer,Number of Beds,6001
Kolhapur,2018,Gaganbavada,Hospitals,0
Kolhapur,2018,Gaganbavada,"Specialty Hospitals (Cancer, TB, etc)",0
Kolhapur,2018,Gaganbavada,Clinics,18
Kolhapur,2018,Gaganbavada,Maternity Wards,1
Kolhapur,2018,Gaganbavada,Number of Beds,26
Kolhapur,2018,Radhanagari,Hospitals,3
Kolhapur,2018,Radhanagari,"Specialty Hospitals (Cancer, TB, etc)",0
Kolhapur,2018,Radhanagari,Clinics,155
Kolhapur,2018,Radhanagari,Maternity Wards,0
Kolhapur,2018,Radhanagari,Number of Beds,200
Kolhapur,2018,Kagal,Hospitals,36
Kolhapur,2018,Kagal,"Specialty Hospitals (Cancer, TB, etc)",0
Kolhapur,2018,Kagal,Clinics,173
Kolhapur,2018,Kagal,Maternity Wards,16
Kolhapur,2018,Kagal,Number of Beds,442
Kolhapur,2018,Bhudargad,Hospitals,23
Kolhapur,2018,Bhudargad,"Specialty Hospitals (Cancer, TB, etc)",0
Kolhapur,2018,Bhudargad,Clinics,69
Kolhapur,2018,Bhudargad,Maternity Wards,6
Kolhapur,2018,Bhudargad,Number of Beds,191
Kolhapur,2018,Ajara,Hospitals,7
Kolhapur,2018,Ajara,"Specialty Hospitals (Cancer, TB, etc)",0
Kolhapur,2018,Ajara,Clinics,55
Kolhapur,2018,Ajara,Maternity Wards,4
Kolhapur,2018,Ajara,Number of Beds,110
Kolhapur,2018,Gadhinglaj,Hospitals,113
Kolhapur,2018,Gadhinglaj,"Specialty Hospitals (Cancer, TB, etc)",0
Kolhapur,2018,Gadhinglaj,Clinics,107
Kolhapur,2018,Gadhinglaj,Maternity Wards,29
Kolhapur,2018,Gadhinglaj,Number of Beds,845
Kolhapur,2018,Chandgad,Hospitals,4
Kolhapur,2018,Chandgad,"Specialty Hospitals (Cancer, TB, etc)",0
Kolhapur,2018,Chandgad,Clinics,121
Kolhapur,2018,Chandgad,Maternity Wards,1
Kolhapur,2018,Chandgad,Number of Beds,131
Kolhapur,2019,Shahuwadi,Hospitals,7
Kolhapur,2019,Shahuwadi,"Specialty Hospitals (Cancer, TB, etc)",0
Kolhapur,2019,Shahuwadi,Clinics,59
Kolhapur,2019,Shahuwadi,Maternity Wards,4
Kolhapur,2019,Shahuwadi,Number of Beds,191
Kolhapur,2019,Panhala,Hospitals,29
Kolhapur,2019,Panhala,"Specialty Hospitals (Cancer, TB, etc)",0
Kolhapur,2019,Panhala,Clinics,79
Kolhapur,2019,Panhala,Maternity Wards,9
Kolhapur,2019,Panhala,Number of Beds,760
Kolhapur,2019,Hatkanangale,Hospitals,99
Kolhapur,2019,Hatkanangale,"Specialty Hospitals (Cancer, TB, etc)",1
Kolhapur,2019,Hatkanangale,Clinics,330
Kolhapur,2019,Hatkanangale,Maternity Wards,56
Kolhapur,2019,Hatkanangale,Number of Beds,1558
Kolhapur,2019,Shirol,Hospitals,115
Kolhapur,2019,Shirol,"Specialty Hospitals (Cancer, TB, etc)",0
Kolhapur,2019,Shirol,Clinics,202
Kolhapur,2019,Shirol,Maternity Wards,16
Kolhapur,2019,Shirol,Number of Beds,1062
Kolhapur,2019,Karveer,Hospitals,315
Kolhapur,2019,Karveer,"Specialty Hospitals (Cancer, TB, etc)",9
Kolhapur,2019,Karveer,Clinics,109
Kolhapur,2019,Karveer,Maternity Wards,69
Kolhapur,2019,Karveer,Number of Beds,6352
Kolhapur,2019,Gaganbavada,Hospitals,0
Kolhapur,2019,Gaganbavada,"Specialty Hospitals (Cancer, TB, etc)",0
Kolhapur,2019,Gaganbavada,Clinics,18
Kolhapur,2019,Gaganbavada,Maternity Wards,1
Kolhapur,2019,Gaganbavada,Number of Beds,26
Kolhapur,2019,Radhanagari,Hospitals,3
Kolhapur,2019,Radhanagari,"Specialty Hospitals (Cancer, TB, etc)",0
Kolhapur,2019,Radhanagari,Clinics,155
Kolhapur,2019,Radhanagari,Maternity Wards,0
Kolhapur,2019,Radhanagari,Number of Beds,200
Kolhapur,2019,Kagal,Hospitals,36
Kolhapur,2019,Kagal,"Specialty Hospitals (Cancer, TB, etc)",0
Kolhapur,2019,Kagal,Clinics,173
Kolhapur,2019,Kagal,Maternity Wards,16
Kolhapur,2019,Kagal,Number of Beds,442
Kolhapur,2019,Bhudargad,Hospitals,23
Kolhapur,2019,Bhudargad,"Specialty Hospitals (Cancer, TB, etc)",0
Kolhapur,2019,Bhudargad,Clinics,69
Kolhapur,2019,Bhudargad,Maternity Wards,6
Kolhapur,2019,Bhudargad,Number of Beds,191
Kolhapur,2019,Ajara,Hospitals,7
Kolhapur,2019,Ajara,"Specialty Hospitals (Cancer, TB, etc)",0
Kolhapur,2019,Ajara,Clinics,55
Kolhapur,2019,Ajara,Maternity Wards,4
Kolhapur,2019,Ajara,Number of Beds,110
Kolhapur,2019,Gadhinglaj,Hospitals,113
Kolhapur,2019,Gadhinglaj,"Specialty Hospitals (Cancer, TB, etc)",0
Kolhapur,2019,Gadhinglaj,Clinics,107
Kolhapur,2019,Gadhinglaj,Maternity Wards,29
Kolhapur,2019,Gadhinglaj,Number of Beds,845
Kolhapur,2019,Chandgad,Hospitals,4
Kolhapur,2019,Chandgad,"Specialty Hospitals (Cancer, TB, etc)",0
Kolhapur,2019,Chandgad,Clinics,121
Kolhapur,2019,Chandgad,Maternity Wards,1
Kolhapur,2019,Chandgad,Number of Beds,131
Kolhapur,2020,Shahuwadi,Hospitals,7
Kolhapur,2020,Shahuwadi,"Specialty Hospitals (Cancer, TB, etc)",0
Kolhapur,2020,Shahuwadi,Clinics,59
Kolhapur,2020,Shahuwadi,Maternity Wards,4
Kolhapur,2020,Shahuwadi,Number of Beds,191
Kolhapur,2020,Panhala,Hospitals,29
Kolhapur,2020,Panhala,"Specialty Hospitals (Cancer, TB, etc)",0
Kolhapur,2020,Panhala,Clinics,79
Kolhapur,2020,Panhala,Maternity Wards,9
Kolhapur,2020,Panhala,Number of Beds,760
Kolhapur,2020,Hatkanangale,Hospitals,99
Kolhapur,2020,Hatkanangale,"Specialty Hospitals (Cancer, TB, etc)",1
Kolhapur,2020,Hatkanangale,Clinics,330
Kolhapur,2020,Hatkanangale,Maternity Wards,56
Kolhapur,2020,Hatkanangale,Number of Beds,1558
Kolhapur,2020,Shirol,Hospitals,115
Kolhapur,2020,Shirol,"Specialty Hospitals (Cancer, TB, etc)",0
Kolhapur,2020,Shirol,Clinics,202
Kolhapur,2020,Shirol,Maternity Wards,16
Kolhapur,2020,Shirol,Number of Beds,1062
Kolhapur,2020,Karveer,Hospitals,320
Kolhapur,2020,Karveer,"Specialty Hospitals (Cancer, TB, etc)",9
Kolhapur,2020,Karveer,Clinics,109
Kolhapur,2020,Karveer,Maternity Wards,75
Kolhapur,2020,Karveer,Number of Beds,6439
Kolhapur,2020,Gaganbavada,Hospitals,0
Kolhapur,2020,Gaganbavada,"Specialty Hospitals (Cancer, TB, etc)",0
Kolhapur,2020,Gaganbavada,Clinics,18
Kolhapur,2020,Gaganbavada,Maternity Wards,1
Kolhapur,2020,Gaganbavada,Number of Beds,26
Kolhapur,2020,Radhanagari,Hospitals,3
Kolhapur,2020,Radhanagari,"Specialty Hospitals (Cancer, TB, etc)",0
Kolhapur,2020,Radhanagari,Clinics,155
Kolhapur,2020,Radhanagari,Maternity Wards,0
Kolhapur,2020,Radhanagari,Number of Beds,200
Kolhapur,2020,Kagal,Hospitals,36
Kolhapur,2020,Kagal,"Specialty Hospitals (Cancer, TB, etc)",0
Kolhapur,2020,Kagal,Clinics,173
Kolhapur,2020,Kagal,Maternity Wards,16
Kolhapur,2020,Kagal,Number of Beds,442
Kolhapur,2020,Bhudargad,Hospitals,23
Kolhapur,2020,Bhudargad,"Specialty Hospitals (Cancer, TB, etc)",0
Kolhapur,2020,Bhudargad,Clinics,69
Kolhapur,2020,Bhudargad,Maternity Wards,6
Kolhapur,2020,Bhudargad,Number of Beds,191
Kolhapur,2020,Ajara,Hospitals,7
Kolhapur,2020,Ajara,"Specialty Hospitals (Cancer, TB, etc)",0
Kolhapur,2020,Ajara,Clinics,55
Kolhapur,2020,Ajara,Maternity Wards,4
Kolhapur,2020,Ajara,Number of Beds,110
Kolhapur,2020,Gadhinglaj,Hospitals,113
Kolhapur,2020,Gadhinglaj,"Specialty Hospitals (Cancer, TB, etc)",0
Kolhapur,2020,Gadhinglaj,Clinics,107
Kolhapur,2020,Gadhinglaj,Maternity Wards,29
Kolhapur,2020,Gadhinglaj,Number of Beds,845
Kolhapur,2020,Chandgad,Hospitals,4
Kolhapur,2020,Chandgad,"Specialty Hospitals (Cancer, TB, etc)",0
Kolhapur,2020,Chandgad,Clinics,121
Kolhapur,2020,Chandgad,Maternity Wards,1
Kolhapur,2020,Chandgad,Number of Beds,131
Kolhapur,2021,Shahuwadi,Hospitals,9
Kolhapur,2021,Shahuwadi,"Specialty Hospitals (Cancer, TB, etc)",0
Kolhapur,2021,Shahuwadi,Clinics,59
Kolhapur,2021,Shahuwadi,Maternity Wards,4
Kolhapur,2021,Shahuwadi,Number of Beds,200
Kolhapur,2021,Panhala,Hospitals,29
Kolhapur,2021,Panhala,"Specialty Hospitals (Cancer, TB, etc)",0
Kolhapur,2021,Panhala,Clinics,79
Kolhapur,2021,Panhala,Maternity Wards,9
Kolhapur,2021,Panhala,Number of Beds,760
Kolhapur,2021,Hatkanangale,Hospitals,101
Kolhapur,2021,Hatkanangale,"Specialty Hospitals (Cancer, TB, etc)",1
Kolhapur,2021,Hatkanangale,Clinics,330
Kolhapur,2021,Hatkanangale,Maternity Wards,59
Kolhapur,2021,Hatkanangale,Number of Beds,1712
Kolhapur,2021,Shirol,Hospitals,121
Kolhapur,2021,Shirol,"Specialty Hospitals (Cancer, TB, etc)",0
Kolhapur,2021,Shirol,Clinics,202
Kolhapur,2021,Shirol,Maternity Wards,16
Kolhapur,2021,Shirol,Number of Beds,1232
Kolhapur,2021,Karveer,Hospitals,322
Kolhapur,2021,Karveer,"Specialty Hospitals (Cancer, TB, etc)",41
Kolhapur,2021,Karveer,Clinics,319
Kolhapur,2021,Karveer,Maternity Wards,85
Kolhapur,2021,Karveer,Number of Beds,6201
Kolhapur,2021,Gaganbavada,Hospitals,0
Kolhapur,2021,Gaganbavada,"Specialty Hospitals (Cancer, TB, etc)",0
Kolhapur,2021,Gaganbavada,Clinics,18
Kolhapur,2021,Gaganbavada,Maternity Wards,1
Kolhapur,2021,Gaganbavada,Number of Beds,26
Kolhapur,2021,Radhanagari,Hospitals,3
Kolhapur,2021,Radhanagari,"Specialty Hospitals (Cancer, TB, etc)",0
Kolhapur,2021,Radhanagari,Clinics,155
Kolhapur,2021,Radhanagari,Maternity Wards,0
Kolhapur,2021,Radhanagari,Number of Beds,200
Kolhapur,2021,Kagal,Hospitals,30
Kolhapur,2021,Kagal,"Specialty Hospitals (Cancer, TB, etc)",0
Kolhapur,2021,Kagal,Clinics,173
Kolhapur,2021,Kagal,Maternity Wards,12
Kolhapur,2021,Kagal,Number of Beds,405
Kolhapur,2021,Bhudargad,Hospitals,23
Kolhapur,2021,Bhudargad,"Specialty Hospitals (Cancer, TB, etc)",0
Kolhapur,2021,Bhudargad,Clinics,69
Kolhapur,2021,Bhudargad,Maternity Wards,6
Kolhapur,2021,Bhudargad,Number of Beds,191
Kolhapur,2021,Ajara,Hospitals,7
Kolhapur,2021,Ajara,"Specialty Hospitals (Cancer, TB, etc)",0
Kolhapur,2021,Ajara,Clinics,55
Kolhapur,2021,Ajara,Maternity Wards,4
Kolhapur,2021,Ajara,Number of Beds,110
Kolhapur,2021,Gadhinglaj,Hospitals,119
Kolhapur,2021,Gadhinglaj,"Specialty Hospitals (Cancer, TB, etc)",0
Kolhapur,2021,Gadhinglaj,Clinics,107
Kolhapur,2021,Gadhinglaj,Maternity Wards,27
Kolhapur,2021,Gadhinglaj,Number of Beds,986
Kolhapur,2021,Chandgad,Hospitals,4
Kolhapur,2021,Chandgad,"Specialty Hospitals (Cancer, TB, etc)",0
Kolhapur,2021,Chandgad,Clinics,121
Kolhapur,2021,Chandgad,Maternity Wards,1
Kolhapur,2021,Chandgad,Number of Beds,131
Latur,2012,Latur,Hospitals,2
Latur,2012,Latur,Clinics,215
Latur,2012,Latur,Maternity Wards,40
Latur,2012,Latur,Number of Beds,1240
Latur,2012,Renapur,Clinics,17
Latur,2012,Renapur,Maternity Wards,2
Latur,2012,Renapur,Number of Beds,10
Latur,2012,Ahamadpur,Clinics,20
Latur,2012,Ahamadpur,Maternity Wards,2
Latur,2012,Ahamadpur,Number of Beds,84
Latur,2012,Jalkot,Clinics,9
Latur,2012,Jalkot,Maternity Wards,2
Latur,2012,Jalkot,Number of Beds,4
Latur,2012,Chakur,Clinics,14
Latur,2012,Chakur,Maternity Wards,4
Latur,2012,Chakur,Number of Beds,22
Latur,2012,Shirur-Anantpal,Clinics,5
Latur,2012,Shirur-Anantpal,Maternity Wards,2
Latur,2012,Shirur-Anantpal,Number of Beds,4
Latur,2012,Aosa,Clinics,47
Latur,2012,Aosa,Maternity Wards,5
Latur,2012,Aosa,Number of Beds,115
Latur,2012,Nilanga,Clinics,35
Latur,2012,Nilanga,Maternity Wards,4
Latur,2012,Nilanga,Number of Beds,75
Latur,2012,Devani,Clinics,9
Latur,2012,Devani,Maternity Wards,1
Latur,2012,Devani,Number of Beds,25
Latur,2012,Udgir,Hospitals,1
Latur,2012,Udgir,Clinics,34
Latur,2012,Udgir,Maternity Wards,7
Latur,2012,Udgir,Number of Beds,65
Latur,2013,Latur,Hospitals,2
Latur,2013,Latur,Clinics,215
Latur,2013,Latur,Maternity Wards,40
Latur,2013,Latur,Number of Beds,1240
Latur,2013,Renapur,Clinics,17
Latur,2013,Renapur,Maternity Wards,2
Latur,2013,Renapur,Number of Beds,10
Latur,2013,Ahamadpur,Clinics,20
Latur,2013,Ahamadpur,Maternity Wards,2
Latur,2013,Ahamadpur,Number of Beds,84
Latur,2013,Jalkot,Clinics,9
Latur,2013,Jalkot,Maternity Wards,2
Latur,2013,Jalkot,Number of Beds,4
Latur,2013,Chakur,Clinics,14
Latur,2013,Chakur,Maternity Wards,4
Latur,2013,Chakur,Number of Beds,22
Latur,2013,Shirur-Anantpal,Clinics,5
Latur,2013,Shirur-Anantpal,Maternity Wards,2
Latur,2013,Shirur-Anantpal,Number of Beds,4
Latur,2013,Aosa,Clinics,47
Latur,2013,Aosa,Maternity Wards,5
Latur,2013,Aosa,Number of Beds,115
Latur,2013,Nilanga,Clinics,35
Latur,2013,Nilanga,Maternity Wards,4
Latur,2013,Nilanga,Number of Beds,75
Latur,2013,Devani,Clinics,9
Latur,2013,Devani,Maternity Wards,1
Latur,2013,Devani,Number of Beds,25
Latur,2013,Udgir,Hospitals,1
Latur,2013,Udgir,Clinics,34
Latur,2013,Udgir,Maternity Wards,7
Latur,2013,Udgir,Number of Beds,65
Latur,2014,Latur,Hospitals,2
Latur,2014,Latur,Clinics,215
Latur,2014,Latur,Maternity Wards,40
Latur,2014,Latur,Number of Beds,1240
Latur,2014,Renapur,Clinics,17
Latur,2014,Renapur,Maternity Wards,2
Latur,2014,Renapur,Number of Beds,10
Latur,2014,Ahamadpur,Clinics,20
Latur,2014,Ahamadpur,Maternity Wards,2
Latur,2014,Ahamadpur,Number of Beds,84
Latur,2014,Jalkot,Clinics,9
Latur,2014,Jalkot,Maternity Wards,2
Latur,2014,Jalkot,Number of Beds,4
Latur,2014,Chakur,Clinics,14
Latur,2014,Chakur,Maternity Wards,4
Latur,2014,Chakur,Number of Beds,22
Latur,2014,Shirur-Anantpal,Clinics,5
Latur,2014,Shirur-Anantpal,Maternity Wards,2
Latur,2014,Shirur-Anantpal,Number of Beds,4
Latur,2014,Aosa,Clinics,47
Latur,2014,Aosa,Maternity Wards,5
Latur,2014,Aosa,Number of Beds,115
Latur,2014,Nilanga,Clinics,35
Latur,2014,Nilanga,Maternity Wards,4
Latur,2014,Nilanga,Number of Beds,75
Latur,2014,Devani,Clinics,9
Latur,2014,Devani,Maternity Wards,1
Latur,2014,Devani,Number of Beds,25
Latur,2014,Udgir,Hospitals,1
Latur,2014,Udgir,Clinics,34
Latur,2014,Udgir,Maternity Wards,7
Latur,2014,Udgir,Number of Beds,65
Latur,2015,Latur,Hospitals,2
Latur,2015,Latur,Clinics,215
Latur,2015,Latur,Maternity Wards,40
Latur,2015,Latur,Number of Beds,1240
Latur,2015,Renapur,Clinics,17
Latur,2015,Renapur,Maternity Wards,2
Latur,2015,Renapur,Number of Beds,10
Latur,2015,Ahamadpur,Clinics,20
Latur,2015,Ahamadpur,Maternity Wards,2
Latur,2015,Ahamadpur,Number of Beds,84
Latur,2015,Jalkot,Clinics,9
Latur,2015,Jalkot,Maternity Wards,2
Latur,2015,Jalkot,Number of Beds,4
Latur,2015,Chakur,Clinics,14
Latur,2015,Chakur,Maternity Wards,4
Latur,2015,Chakur,Number of Beds,22
Latur,2015,Shirur-Anantpal,Clinics,5
Latur,2015,Shirur-Anantpal,Maternity Wards,2
Latur,2015,Shirur-Anantpal,Number of Beds,4
Latur,2015,Aosa,Clinics,47
Latur,2015,Aosa,Maternity Wards,5
Latur,2015,Aosa,Number of Beds,115
Latur,2015,Nilanga,Clinics,35
Latur,2015,Nilanga,Maternity Wards,4
Latur,2015,Nilanga,Number of Beds,75
Latur,2015,Devani,Clinics,9
Latur,2015,Devani,Maternity Wards,1
Latur,2015,Devani,Number of Beds,25
Latur,2015,Udgir,Hospitals,1
Latur,2015,Udgir,Clinics,34
Latur,2015,Udgir,Maternity Wards,7
Latur,2015,Udgir,Number of Beds,65
Latur,2016,Latur,Hospitals,2
Latur,2016,Latur,Clinics,215
Latur,2016,Latur,Maternity Wards,40
Latur,2016,Latur,Number of Beds,1240
Latur,2016,Renapur,Clinics,17
Latur,2016,Renapur,Maternity Wards,2
Latur,2016,Renapur,Number of Beds,10
Latur,2016,Ahamadpur,Clinics,20
Latur,2016,Ahamadpur,Maternity Wards,2
Latur,2016,Ahamadpur,Number of Beds,84
Latur,2016,Jalkot,Clinics,9
Latur,2016,Jalkot,Maternity Wards,2
Latur,2016,Jalkot,Number of Beds,4
Latur,2016,Chakur,Clinics,14
Latur,2016,Chakur,Maternity Wards,4
Latur,2016,Chakur,Number of Beds,22
Latur,2016,Shirur-Anantpal,Clinics,5
Latur,2016,Shirur-Anantpal,Maternity Wards,2
Latur,2016,Shirur-Anantpal,Number of Beds,4
Latur,2016,Aosa,Clinics,47
Latur,2016,Aosa,Maternity Wards,5
Latur,2016,Aosa,Number of Beds,115
Latur,2016,Nilanga,Clinics,35
Latur,2016,Nilanga,Maternity Wards,4
Latur,2016,Nilanga,Number of Beds,75
Latur,2016,Devani,Clinics,9
Latur,2016,Devani,Maternity Wards,1
Latur,2016,Devani,Number of Beds,25
Latur,2016,Udgir,Hospitals,1
Latur,2016,Udgir,Clinics,34
Latur,2016,Udgir,Maternity Wards,7
Latur,2016,Udgir,Number of Beds,65
Latur,2017,Latur,Hospitals,168
Latur,2017,Latur,"Specialty Hospitals (Cancer, TB, etc)",2
Latur,2017,Latur,Clinics,308
Latur,2017,Latur,Maternity Wards,113
Latur,2017,Latur,Number of Beds,3814
Latur,2017,Renapur,Hospitals,0
Latur,2017,Renapur,"Specialty Hospitals (Cancer, TB, etc)",0
Latur,2017,Renapur,Clinics,17
Latur,2017,Renapur,Maternity Wards,2
Latur,2017,Renapur,Number of Beds,10
Latur,2017,Ahamadpur,Hospitals,0
Latur,2017,Ahamadpur,"Specialty Hospitals (Cancer, TB, etc)",0
Latur,2017,Ahamadpur,Clinics,20
Latur,2017,Ahamadpur,Maternity Wards,2
Latur,2017,Ahamadpur,Number of Beds,84
Latur,2017,Jalkot,Hospitals,0
Latur,2017,Jalkot,"Specialty Hospitals (Cancer, TB, etc)",0
Latur,2017,Jalkot,Clinics,9
Latur,2017,Jalkot,Maternity Wards,2
Latur,2017,Jalkot,Number of Beds,4
Latur,2017,Chakur,Hospitals,0
Latur,2017,Chakur,"Specialty Hospitals (Cancer, TB, etc)",0
Latur,2017,Chakur,Clinics,14
Latur,2017,Chakur,Maternity Wards,4
Latur,2017,Chakur,Number of Beds,22
Latur,2017,Shirur-Anantpal,Hospitals,0
Latur,2017,Shirur-Anantpal,"Specialty Hospitals (Cancer, TB, etc)",0
Latur,2017,Shirur-Anantpal,Clinics,5
Latur,2017,Shirur-Anantpal,Maternity Wards,2
Latur,2017,Shirur-Anantpal,Number of Beds,4
Latur,2017,Aosa,Hospitals,0
Latur,2017,Aosa,"Specialty Hospitals (Cancer, TB, etc)",0
Latur,2017,Aosa,Clinics,47
Latur,2017,Aosa,Maternity Wards,5
Latur,2017,Aosa,Number of Beds,115
Latur,2017,Nilanga,Hospitals,0
Latur,2017,Nilanga,"Specialty Hospitals (Cancer, TB, etc)",0
Latur,2017,Nilanga,Clinics,35
Latur,2017,Nilanga,Maternity Wards,4
Latur,2017,Nilanga,Number of Beds,75
Latur,2017,Devani,Hospitals,0
Latur,2017,Devani,"Specialty Hospitals (Cancer, TB, etc)",0
Latur,2017,Devani,Clinics,9
Latur,2017,Devani,Maternity Wards,1
Latur,2017,Devani,Number of Beds,25
Latur,2017,Udgir,Hospitals,1
Latur,2017,Udgir,"Specialty Hospitals (Cancer, TB, etc)",0
Latur,2017,Udgir,Clinics,34
Latur,2017,Udgir,Maternity Wards,7
Latur,2017,Udgir,Number of Beds,65
Latur,2018,Latur,Hospitals,194
Latur,2018,Latur,"Specialty Hospitals (Cancer, TB, etc)",4
Latur,2018,Latur,Clinics,322
Latur,2018,Latur,Maternity Wards,125
Latur,2018,Latur,Number of Beds,4615
Latur,2018,Renapur,Hospitals,0
Latur,2018,Renapur,"Specialty Hospitals (Cancer, TB, etc)",0
Latur,2018,Renapur,Clinics,17
Latur,2018,Renapur,Maternity Wards,2
Latur,2018,Renapur,Number of Beds,10
Latur,2018,Ahamadpur,Hospitals,0
Latur,2018,Ahamadpur,"Specialty Hospitals (Cancer, TB, etc)",0
Latur,2018,Ahamadpur,Clinics,20
Latur,2018,Ahamadpur,Maternity Wards,2
Latur,2018,Ahamadpur,Number of Beds,84
Latur,2018,Jalkot,Hospitals,0
Latur,2018,Jalkot,"Specialty Hospitals (Cancer, TB, etc)",0
Latur,2018,Jalkot,Clinics,9
Latur,2018,Jalkot,Maternity Wards,2
Latur,2018,Jalkot,Number of Beds,4
Latur,2018,Chakur,Hospitals,0
Latur,2018,Chakur,"Specialty Hospitals (Cancer, TB, etc)",0
Latur,2018,Chakur,Clinics,14
Latur,2018,Chakur,Maternity Wards,4
Latur,2018,Chakur,Number of Beds,22
Latur,2018,Shirur-Anantpal,Hospitals,0
Latur,2018,Shirur-Anantpal,"Specialty Hospitals (Cancer, TB, etc)",0
Latur,2018,Shirur-Anantpal,Clinics,5
Latur,2018,Shirur-Anantpal,Maternity Wards,2
Latur,2018,Shirur-Anantpal,Number of Beds,4
Latur,2018,Aosa,Hospitals,0
Latur,2018,Aosa,"Specialty Hospitals (Cancer, TB, etc)",0
Latur,2018,Aosa,Clinics,47
Latur,2018,Aosa,Maternity Wards,5
Latur,2018,Aosa,Number of Beds,115
Latur,2018,Nilanga,Hospitals,0
Latur,2018,Nilanga,"Specialty Hospitals (Cancer, TB, etc)",0
Latur,2018,Nilanga,Clinics,35
Latur,2018,Nilanga,Maternity Wards,4
Latur,2018,Nilanga,Number of Beds,75
Latur,2018,Devani,Hospitals,0
Latur,2018,Devani,"Specialty Hospitals (Cancer, TB, etc)",0
Latur,2018,Devani,Clinics,9
Latur,2018,Devani,Maternity Wards,1
Latur,2018,Devani,Number of Beds,25
Latur,2018,Udgir,Hospitals,1
Latur,2018,Udgir,"Specialty Hospitals (Cancer, TB, etc)",0
Latur,2018,Udgir,Clinics,34
Latur,2018,Udgir,Maternity Wards,7
Latur,2018,Udgir,Number of Beds,65
Latur,2019,Latur,Hospitals,202
Latur,2019,Latur,"Specialty Hospitals (Cancer, TB, etc)",4
Latur,2019,Latur,Clinics,326
Latur,2019,Latur,Maternity Wards,129
Latur,2019,Latur,Number of Beds,4829
Latur,2019,Renapur,Hospitals,0
Latur,2019,Renapur,"Specialty Hospitals (Cancer, TB, etc)",0
Latur,2019,Renapur,Clinics,17
Latur,2019,Renapur,Maternity Wards,2
Latur,2019,Renapur,Number of Beds,10
Latur,2019,Ahamadpur,Hospitals,0
Latur,2019,Ahamadpur,"Specialty Hospitals (Cancer, TB, etc)",0
Latur,2019,Ahamadpur,Clinics,20
Latur,2019,Ahamadpur,Maternity Wards,2
Latur,2019,Ahamadpur,Number of Beds,84
Latur,2019,Jalkot,Hospitals,0
Latur,2019,Jalkot,"Specialty Hospitals (Cancer, TB, etc)",0
Latur,2019,Jalkot,Clinics,9
Latur,2019,Jalkot,Maternity Wards,2
Latur,2019,Jalkot,Number of Beds,4
Latur,2019,Chakur,Hospitals,0
Latur,2019,Chakur,"Specialty Hospitals (Cancer, TB, etc)",0
Latur,2019,Chakur,Clinics,14
Latur,2019,Chakur,Maternity Wards,4
Latur,2019,Chakur,Number of Beds,22
Latur,2019,Shirur-Anantpal,Hospitals,0
Latur,2019,Shirur-Anantpal,"Specialty Hospitals (Cancer, TB, etc)",0
Latur,2019,Shirur-Anantpal,Clinics,5
Latur,2019,Shirur-Anantpal,Maternity Wards,2
Latur,2019,Shirur-Anantpal,Number of Beds,4
Latur,2019,Aosa,Hospitals,0
Latur,2019,Aosa,"Specialty Hospitals (Cancer, TB, etc)",0
Latur,2019,Aosa,Clinics,47
Latur,2019,Aosa,Maternity Wards,5
Latur,2019,Aosa,Number of Beds,115
Latur,2019,Nilanga,Hospitals,0
Latur,2019,Nilanga,"Specialty Hospitals (Cancer, TB, etc)",0
Latur,2019,Nilanga,Clinics,35
Latur,2019,Nilanga,Maternity Wards,4
Latur,2019,Nilanga,Number of Beds,75
Latur,2019,Devani,Hospitals,0
Latur,2019,Devani,"Specialty Hospitals (Cancer, TB, etc)",0
Latur,2019,Devani,Clinics,9
Latur,2019,Devani,Maternity Wards,1
Latur,2019,Devani,Number of Beds,25
Latur,2019,Udgir,Hospitals,1
Latur,2019,Udgir,"Specialty Hospitals (Cancer, TB, etc)",0
Latur,2019,Udgir,Clinics,34
Latur,2019,Udgir,Maternity Wards,7
Latur,2019,Udgir,Number of Beds,65
Latur,2020,Latur,Hospitals,202
Latur,2020,Latur,"Specialty Hospitals (Cancer, TB, etc)",4
Latur,2020,Latur,Clinics,326
Latur,2020,Latur,Maternity Wards,129
Latur,2020,Latur,Number of Beds,4936
Latur,2020,Renapur,Hospitals,0
Latur,2020,Renapur,"Specialty Hospitals (Cancer, TB, etc)",0
Latur,2020,Renapur,Clinics,17
Latur,2020,Renapur,Maternity Wards,2
Latur,2020,Renapur,Number of Beds,10
Latur,2020,Ahamadpur,Hospitals,0
Latur,2020,Ahamadpur,"Specialty Hospitals (Cancer, TB, etc)",0
Latur,2020,Ahamadpur,Clinics,20
Latur,2020,Ahamadpur,Maternity Wards,2
Latur,2020,Ahamadpur,Number of Beds,84
Latur,2020,Jalkot,Hospitals,0
Latur,2020,Jalkot,"Specialty Hospitals (Cancer, TB, etc)",0
Latur,2020,Jalkot,Clinics,9
Latur,2020,Jalkot,Maternity Wards,2
Latur,2020,Jalkot,Number of Beds,4
Latur,2020,Chakur,Hospitals,0
Latur,2020,Chakur,"Specialty Hospitals (Cancer, TB, etc)",0
Latur,2020,Chakur,Clinics,14
Latur,2020,Chakur,Maternity Wards,4
Latur,2020,Chakur,Number of Beds,22
Latur,2020,Shirur-Anantpal,Hospitals,0
Latur,2020,Shirur-Anantpal,"Specialty Hospitals (Cancer, TB, etc)",0
Latur,2020,Shirur-Anantpal,Clinics,5
Latur,2020,Shirur-Anantpal,Maternity Wards,2
Latur,2020,Shirur-Anantpal,Number of Beds,4
Latur,2020,Aosa,Hospitals,0
Latur,2020,Aosa,"Specialty Hospitals (Cancer, TB, etc)",0
Latur,2020,Aosa,Clinics,47
Latur,2020,Aosa,Maternity Wards,5
Latur,2020,Aosa,Number of Beds,115
Latur,2020,Nilanga,Hospitals,0
Latur,2020,Nilanga,"Specialty Hospitals (Cancer, TB, etc)",0
Latur,2020,Nilanga,Clinics,35
Latur,2020,Nilanga,Maternity Wards,4
Latur,2020,Nilanga,Number of Beds,75
Latur,2020,Devani,Hospitals,0
Latur,2020,Devani,"Specialty Hospitals (Cancer, TB, etc)",0
Latur,2020,Devani,Clinics,9
Latur,2020,Devani,Maternity Wards,1
Latur,2020,Devani,Number of Beds,25
Latur,2020,Udgir,Hospitals,1
Latur,2020,Udgir,"Specialty Hospitals (Cancer, TB, etc)",0
Latur,2020,Udgir,Clinics,34
Latur,2020,Udgir,Maternity Wards,7
Latur,2020,Udgir,Number of Beds,65
Latur,2021,Latur,Hospitals,225
Latur,2021,Latur,"Specialty Hospitals (Cancer, TB, etc)",5
Latur,2021,Latur,Clinics,334
Latur,2021,Latur,Maternity Wards,136
Latur,2021,Latur,Number of Beds,5113
Latur,2021,Renapur,Hospitals,0
Latur,2021,Renapur,"Specialty Hospitals (Cancer, TB, etc)",0
Latur,2021,Renapur,Clinics,17
Latur,2021,Renapur,Maternity Wards,2
Latur,2021,Renapur,Number of Beds,28
Latur,2021,Ahamadpur,Hospitals,1
Latur,2021,Ahamadpur,"Specialty Hospitals (Cancer, TB, etc)",0
Latur,2021,Ahamadpur,Clinics,20
Latur,2021,Ahamadpur,Maternity Wards,2
Latur,2021,Ahamadpur,Number of Beds,85
Latur,2021,Jalkot,Hospitals,0
Latur,2021,Jalkot,"Specialty Hospitals (Cancer, TB, etc)",0
Latur,2021,Jalkot,Clinics,9
Latur,2021,Jalkot,Maternity Wards,2
Latur,2021,Jalkot,Number of Beds,45
Latur,2021,Chakur,Hospitals,0
Latur,2021,Chakur,"Specialty Hospitals (Cancer, TB, etc)",0
Latur,2021,Chakur,Clinics,14
Latur,2021,Chakur,Maternity Wards,4
Latur,2021,Chakur,Number of Beds,74
Latur,2021,Shirur-Anantpal,Hospitals,1
Latur,2021,Shirur-Anantpal,"Specialty Hospitals (Cancer, TB, etc)",0
Latur,2021,Shirur-Anantpal,Clinics,5
Latur,2021,Shirur-Anantpal,Maternity Wards,2
Latur,2021,Shirur-Anantpal,Number of Beds,45
Latur,2021,Aosa,Hospitals,0
Latur,2021,Aosa,"Specialty Hospitals (Cancer, TB, etc)",0
Latur,2021,Aosa,Clinics,47
Latur,2021,Aosa,Maternity Wards,5
Latur,2021,Aosa,Number of Beds,39
Latur,2021,Nilanga,Hospitals,0
Latur,2021,Nilanga,"Specialty Hospitals (Cancer, TB, etc)",0
Latur,2021,Nilanga,Clinics,35
Latur,2021,Nilanga,Maternity Wards,4
Latur,2021,Nilanga,Number of Beds,96
Latur,2021,Devani,Hospitals,1
Latur,2021,Devani,"Specialty Hospitals (Cancer, TB, etc)",0
Latur,2021,Devani,Clinics,9
Latur,2021,Devani,Maternity Wards,1
Latur,2021,Devani,Number of Beds,191
Latur,2021,Udgir,Hospitals,2
Latur,2021,Udgir,"Specialty Hospitals (Cancer, TB, etc)",0
Latur,2021,Udgir,Clinics,34
Latur,2021,Udgir,Maternity Wards,7
Latur,2021,Udgir,Number of Beds,137
Mumbai Suburban,2016,Adheri,Hospitals,227
Mumbai Suburban,2016,Adheri,"Specialty Hospitals (Cancer, TB, etc)",0
Mumbai Suburban,2016,Adheri,Clinics,730
Mumbai Suburban,2016,Adheri,Maternity Wards,168
Mumbai Suburban,2016,Adheri,Number of Beds,6260
Mumbai Suburban,2016,Borivali,Hospitals,487
Mumbai Suburban,2016,Borivali,"Specialty Hospitals (Cancer, TB, etc)",1
Mumbai Suburban,2016,Borivali,Clinics,1087
Mumbai Suburban,2016,Borivali,Maternity Wards,292
Mumbai Suburban,2016,Borivali,Number of Beds,7169
Mumbai Suburban,2016,Kurla,Hospitals,362
Mumbai Suburban,2016,Kurla,"Specialty Hospitals (Cancer, TB, etc)",0
Mumbai Suburban,2016,Kurla,Clinics,1813
Mumbai Suburban,2016,Kurla,Maternity Wards,237
Mumbai Suburban,2016,Kurla,Number of Beds,5945
Mumbai Suburban,2017,Adheri,Hospitals,174
Mumbai Suburban,2017,Adheri,"Specialty Hospitals (Cancer, TB, etc)",2
Mumbai Suburban,2017,Adheri,Clinics,944
Mumbai Suburban,2017,Adheri,Maternity Wards,201
Mumbai Suburban,2017,Adheri,Number of Beds,7005
Mumbai Suburban,2017,Borivali,Hospitals,390
Mumbai Suburban,2017,Borivali,"Specialty Hospitals (Cancer, TB, etc)",2
Mumbai Suburban,2017,Borivali,Clinics,1354
Mumbai Suburban,2017,Borivali,Maternity Wards,209
Mumbai Suburban,2017,Borivali,Number of Beds,6205
Mumbai Suburban,2017,Kurla,Hospitals,375
Mumbai Suburban,2017,Kurla,"Specialty Hospitals (Cancer, TB, etc)",0
Mumbai Suburban,2017,Kurla,Clinics,1855
Mumbai Suburban,2017,Kurla,Maternity Wards,241
Mumbai Suburban,2017,Kurla,Number of Beds,6727
Mumbai Suburban,2018,Adheri,Hospitals,174
Mumbai Suburban,2018,Adheri,"Specialty Hospitals (Cancer, TB, etc)",2
Mumbai Suburban,2018,Adheri,Clinics,944
Mumbai Suburban,2018,Adheri,Maternity Wards,201
Mumbai Suburban,2018,Adheri,Number of Beds,7005
Mumbai Suburban,2018,Borivali,Hospitals,390
Mumbai Suburban,2018,Borivali,"Specialty Hospitals (Cancer, TB, etc)",2
Mumbai Suburban,2018,Borivali,Clinics,1354
Mumbai Suburban,2018,Borivali,Maternity Wards,209
Mumbai Suburban,2018,Borivali,Number of Beds,6205
Mumbai Suburban,2018,Kurla,Hospitals,375
Mumbai Suburban,2018,Kurla,"Specialty Hospitals (Cancer, TB, etc)",0
Mumbai Suburban,2018,Kurla,Clinics,1855
Mumbai Suburban,2018,Kurla,Maternity Wards,241
Mumbai Suburban,2018,Kurla,Number of Beds,6727
Mumbai Suburban,2019,Adheri,Hospitals,177
Mumbai Suburban,2019,Adheri,"Specialty Hospitals (Cancer, TB, etc)",3
Mumbai Suburban,2019,Adheri,Clinics,782
Mumbai Suburban,2019,Adheri,Maternity Wards,174
Mumbai Suburban,2019,Adheri,Number of Beds,7177
Mumbai Suburban,2019,Borivali,Hospitals,451
Mumbai Suburban,2019,Borivali,"Specialty Hospitals (Cancer, TB, etc)",1
Mumbai Suburban,2019,Borivali,Clinics,1382
Mumbai Suburban,2019,Borivali,Maternity Wards,172
Mumbai Suburban,2019,Borivali,Number of Beds,6580
Mumbai Suburban,2019,Kurla,Hospitals,366
Mumbai Suburban,2019,Kurla,"Specialty Hospitals (Cancer, TB, etc)",0
Mumbai Suburban,2019,Kurla,Clinics,2062
Mumbai Suburban,2019,Kurla,Maternity Wards,225
Mumbai Suburban,2019,Kurla,Number of Beds,7243
Mumbai Suburban,2020,Adheri,Hospitals,181
Mumbai Suburban,2020,Adheri,"Specialty Hospitals (Cancer, TB, etc)",2
Mumbai Suburban,2020,Adheri,Clinics,740
Mumbai Suburban,2020,Adheri,Maternity Wards,194
Mumbai Suburban,2020,Adheri,Number of Beds,8270
Mumbai Suburban,2020,Borivali,Hospitals,424
Mumbai Suburban,2020,Borivali,"Specialty Hospitals (Cancer, TB, etc)",1
Mumbai Suburban,2020,Borivali,Clinics,1284
Mumbai Suburban,2020,Borivali,Maternity Wards,179
Mumbai Suburban,2020,Borivali,Number of Beds,7608
Mumbai Suburban,2020,Kurla,Hospitals,293
Mumbai Suburban,2020,Kurla,"Specialty Hospitals (Cancer, TB, etc)",0
Mumbai Suburban,2020,Kurla,Clinics,1796
Mumbai Suburban,2020,Kurla,Maternity Wards,193
Mumbai Suburban,2020,Kurla,Number of Beds,8613
Mumbai Suburban,2021,Adheri,Hospitals,159
Mumbai Suburban,2021,Adheri,"Specialty Hospitals (Cancer, TB, etc)",4
Mumbai Suburban,2021,Adheri,Clinics,852
Mumbai Suburban,2021,Adheri,Maternity Wards,161
Mumbai Suburban,2021,Adheri,Number of Beds,6348
Mumbai Suburban,2021,Borivali,Hospitals,494
Mumbai Suburban,2021,Borivali,"Specialty Hospitals (Cancer, TB, etc)",1
Mumbai Suburban,2021,Borivali,Clinics,1991
Mumbai Suburban,2021,Borivali,Maternity Wards,225
Mumbai Suburban,2021,Borivali,Number of Beds,7385
Mumbai Suburban,2021,Kurla,Hospitals,345
Mumbai Suburban,2021,Kurla,"Specialty Hospitals (Cancer, TB, etc)",0
Mumbai Suburban,2021,Kurla,Clinics,2028
Mumbai Suburban,2021,Kurla,Maternity Wards,126
Mumbai Suburban,2021,Kurla,Number of Beds,8409
Mumbai City,2013,Mumbai City,Hospitals,47
Mumbai City,2013,Mumbai City,"Specialty Hospitals (Cancer, TB, etc)",7
Mumbai City,2013,Mumbai City,Clinics,237
Mumbai City,2013,Mumbai City,Maternity Wards,220
Mumbai City,2013,Mumbai City,Number of Beds,7948
Mumbai City,2014,Mumbai City,Hospitals,167
Mumbai City,2014,Mumbai City,"Specialty Hospitals (Cancer, TB, etc)",2
Mumbai City,2014,Mumbai City,Clinics,1215
Mumbai City,2014,Mumbai City,Maternity Wards,72
Mumbai City,2014,Mumbai City,Number of Beds,10392
Mumbai City,2015,Mumbai City,Hospitals,183
Mumbai City,2015,Mumbai City,"Specialty Hospitals (Cancer, TB, etc)",0
Mumbai City,2015,Mumbai City,Clinics,1221
Mumbai City,2015,Mumbai City,Maternity Wards,72
Mumbai City,2015,Mumbai City,Number of Beds,8608
Mumbai City,2016,Mumbai City,Hospitals,184
Mumbai City,2016,Mumbai City,"Specialty Hospitals (Cancer, TB, etc)",0
Mumbai City,2016,Mumbai City,Clinics,1228
Mumbai City,2016,Mumbai City,Maternity Wards,72
Mumbai City,2016,Mumbai City,Number of Beds,8633
Mumbai City,2017,Mumbai City,Hospitals,188
Mumbai City,2017,Mumbai City,"Specialty Hospitals (Cancer, TB, etc)",0
Mumbai City,2017,Mumbai City,Clinics,1524
Mumbai City,2017,Mumbai City,Maternity Wards,100
Mumbai City,2017,Mumbai City,Number of Beds,8240
Mumbai City,2018,Mumbai City,Hospitals,199
Mumbai City,2018,Mumbai City,"Specialty Hospitals (Cancer, TB, etc)",1
Mumbai City,2018,Mumbai City,Clinics,1535
Mumbai City,2018,Mumbai City,Maternity Wards,91
Mumbai City,2018,Mumbai City,Number of Beds,8780
Mumbai City,2019,Mumbai City,Hospitals,201
Mumbai City,2019,Mumbai City,"Specialty Hospitals (Cancer, TB, etc)",1
Mumbai City,2019,Mumbai City,Clinics,1179
Mumbai City,2019,Mumbai City,Maternity Wards,72
Mumbai City,2019,Mumbai City,Number of Beds,6700
Mumbai City,2020,Mumbai City,Hospitals,201
Mumbai City,2020,Mumbai City,"Specialty Hospitals (Cancer, TB, etc)",3
Mumbai City,2020,Mumbai City,Clinics,1155
Mumbai City,2020,Mumbai City,Maternity Wards,94
Mumbai City,2020,Mumbai City,Number of Beds,6600
Mumbai City,2021,Mumbai City,Hospitals,146
Mumbai City,2021,Mumbai City,"Specialty Hospitals (Cancer, TB, etc)",2
Mumbai City,2021,Mumbai City,Clinics,1173
Mumbai City,2021,Mumbai City,Maternity Wards,98
Mumbai City,2021,Mumbai City,Number of Beds,9584
Nagpur,2012,Narkhed,Hospitals,2
Nagpur,2012,Narkhed,"Specialty Hospitals (Cancer, TB, etc)",0
Nagpur,2012,Narkhed,Clinics,20
Nagpur,2012,Narkhed,Maternity Wards,3
Nagpur,2012,Narkhed,Number of Beds,15
Nagpur,2012,Katol,Hospitals,4
Nagpur,2012,Katol,"Specialty Hospitals (Cancer, TB, etc)",0
Nagpur,2012,Katol,Clinics,33
Nagpur,2012,Katol,Maternity Wards,12
Nagpur,2012,Katol,Number of Beds,70
Nagpur,2012,Kalameshwar,Hospitals,2
Nagpur,2012,Kalameshwar,"Specialty Hospitals (Cancer, TB, etc)",0
Nagpur,2012,Kalameshwar,Clinics,14
Nagpur,2012,Kalameshwar,Maternity Wards,2
Nagpur,2012,Kalameshwar,Number of Beds,23
Nagpur,2012,Sawner,Hospitals,1
Nagpur,2012,Sawner,"Specialty Hospitals (Cancer, TB, etc)",0
Nagpur,2012,Sawner,Clinics,32
Nagpur,2012,Sawner,Maternity Wards,4
Nagpur,2012,Sawner,Number of Beds,10
Nagpur,2012,Parashivani,Hospitals,4
Nagpur,2012,Parashivani,"Specialty Hospitals (Cancer, TB, etc)",0
Nagpur,2012,Parashivani,Clinics,22
Nagpur,2012,Parashivani,Maternity Wards,4
Nagpur,2012,Parashivani,Number of Beds,12
Nagpur,2012,Ramtech,Hospitals,3
Nagpur,2012,Ramtech,"Specialty Hospitals (Cancer, TB, etc)",0
Nagpur,2012,Ramtech,Clinics,25
Nagpur,2012,Ramtech,Maternity Wards,1
Nagpur,2012,Ramtech,Number of Beds,80
Nagpur,2012,Mauda,Hospitals,0
Nagpur,2012,Mauda,"Specialty Hospitals (Cancer, TB, etc)",0
Nagpur,2012,Mauda,Clinics,5
Nagpur,2012,Mauda,Maternity Wards,0
Nagpur,2012,Mauda,Number of Beds,0
Nagpur,2012,Kamathi,Hospitals,2
Nagpur,2012,Kamathi,"Specialty Hospitals (Cancer, TB, etc)",0
Nagpur,2012,Kamathi,Clinics,18
Nagpur,2012,Kamathi,Maternity Wards,5
Nagpur,2012,Kamathi,Number of Beds,77
Nagpur,2012,Nagpur (Gra),Hospitals,0
Nagpur,2012,Nagpur (Gra),"Specialty Hospitals (Cancer, TB, etc)",0
Nagpur,2012,Nagpur (Gra),Clinics,3
Nagpur,2012,Nagpur (Gra),Maternity Wards,0
Nagpur,2012,Nagpur (Gra),Number of Beds,12
Nagpur,2012,Nagpur (Sh),Hospitals,678
Nagpur,2012,Nagpur (Sh),"Specialty Hospitals (Cancer, TB, etc)",4
Nagpur,2012,Nagpur (Sh),Clinics,992
Nagpur,2012,Nagpur (Sh),Maternity Wards,218
Nagpur,2012,Nagpur (Sh),Number of Beds,8682
Nagpur,2012,Hingana,Hospitals,0
Nagpur,2012,Hingana,"Specialty Hospitals (Cancer, TB, etc)",0
Nagpur,2012,Hingana,Clinics,1
Nagpur,2012,Hingana,Maternity Wards,3
Nagpur,2012,Hingana,Number of Beds,100
Nagpur,2012,Umred,Hospitals,2
Nagpur,2012,Umred,"Specialty Hospitals (Cancer, TB, etc)",0
Nagpur,2012,Umred,Clinics,7
Nagpur,2012,Umred,Maternity Wards,6
Nagpur,2012,Umred,Number of Beds,42
Nagpur,2012,Kuhi,Hospitals,2
Nagpur,2012,Kuhi,"Specialty Hospitals (Cancer, TB, etc)",0
Nagpur,2012,Kuhi,Clinics,27
Nagpur,2012,Kuhi,Maternity Wards,0
Nagpur,2012,Kuhi,Number of Beds,0
Nagpur,2012,Bhiwapur,Hospitals,2
Nagpur,2012,Bhiwapur,"Specialty Hospitals (Cancer, TB, etc)",0
Nagpur,2012,Bhiwapur,Clinics,6
Nagpur,2012,Bhiwapur,Maternity Wards,1
Nagpur,2012,Bhiwapur,Number of Beds,5
Nagpur,2013,Narkhed,Hospitals,2
Nagpur,2013,Narkhed,"Specialty Hospitals (Cancer, TB, etc)",0
Nagpur,2013,Narkhed,Clinics,20
Nagpur,2013,Narkhed,Maternity Wards,7
Nagpur,2013,Narkhed,Number of Beds,25
Nagpur,2013,Katol,Hospitals,4
Nagpur,2013,Katol,"Specialty Hospitals (Cancer, TB, etc)",0
Nagpur,2013,Katol,Clinics,34
Nagpur,2013,Katol,Maternity Wards,17
Nagpur,2013,Katol,Number of Beds,112
Nagpur,2013,Kalameshwar,Hospitals,2
Nagpur,2013,Kalameshwar,"Specialty Hospitals (Cancer, TB, etc)",0
Nagpur,2013,Kalameshwar,Clinics,14
Nagpur,2013,Kalameshwar,Maternity Wards,3
Nagpur,2013,Kalameshwar,Number of Beds,34
Nagpur,2013,Sawner,Hospitals,1
Nagpur,2013,Sawner,"Specialty Hospitals (Cancer, TB, etc)",0
Nagpur,2013,Sawner,Clinics,32
Nagpur,2013,Sawner,Maternity Wards,4
Nagpur,2013,Sawner,Number of Beds,10
Nagpur,2013,Parashivani,Hospitals,4
Nagpur,2013,Parashivani,"Specialty Hospitals (Cancer, TB, etc)",0
Nagpur,2013,Parashivani,Clinics,21
Nagpur,2013,Parashivani,Maternity Wards,4
Nagpur,2013,Parashivani,Number of Beds,12
Nagpur,2013,Ramtech,Hospitals,3
Nagpur,2013,Ramtech,"Specialty Hospitals (Cancer, TB, etc)",0
Nagpur,2013,Ramtech,Clinics,20
Nagpur,2013,Ramtech,Maternity Wards,5
Nagpur,2013,Ramtech,Number of Beds,108
Nagpur,2013,Mauda,Hospitals,0
Nagpur,2013,Mauda,"Specialty Hospitals (Cancer, TB, etc)",0
Nagpur,2013,Mauda,Clinics,5
Nagpur,2013,Mauda,Maternity Wards,0
Nagpur,2013,Mauda,Number of Beds,0
Nagpur,2013,Kamathi,Hospitals,2
Nagpur,2013,Kamathi,"Specialty Hospitals (Cancer, TB, etc)",0
Nagpur,2013,Kamathi,Clinics,14
Nagpur,2013,Kamathi,Maternity Wards,3
Nagpur,2013,Kamathi,Number of Beds,122
Nagpur,2013,Nagpur (Gra),Hospitals,0
Nagpur,2013,Nagpur (Gra),"Specialty Hospitals (Cancer, TB, etc)",0
Nagpur,2013,Nagpur (Gra),Clinics,3
Nagpur,2013,Nagpur (Gra),Maternity Wards,0
Nagpur,2013,Nagpur (Gra),Number of Beds,12
Nagpur,2013,Nagpur (Sh),Hospitals,692
Nagpur,2013,Nagpur (Sh),"Specialty Hospitals (Cancer, TB, etc)",5
Nagpur,2013,Nagpur (Sh),Clinics,994
Nagpur,2013,Nagpur (Sh),Maternity Wards,298
Nagpur,2013,Nagpur (Sh),Number of Beds,9233
Nagpur,2013,Hingana,Hospitals,1
Nagpur,2013,Hingana,"Specialty Hospitals (Cancer, TB, etc)",0
Nagpur,2013,Hingana,Clinics,2
Nagpur,2013,Hingana,Maternity Wards,4
Nagpur,2013,Hingana,Number of Beds,110
Nagpur,2013,Umred,Hospitals,3
Nagpur,2013,Umred,"Specialty Hospitals (Cancer, TB, etc)",0
Nagpur,2013,Umred,Clinics,17
Nagpur,2013,Umred,Maternity Wards,3
Nagpur,2013,Umred,Number of Beds,53
Nagpur,2013,Kuhi,Hospitals,2
Nagpur,2013,Kuhi,"Specialty Hospitals (Cancer, TB, etc)",0
Nagpur,2013,Kuhi,Clinics,28
Nagpur,2013,Kuhi,Maternity Wards,0
Nagpur,2013,Kuhi,Number of Beds,5
Nagpur,2013,Bhiwapur,Hospitals,2
Nagpur,2013,Bhiwapur,"Specialty Hospitals (Cancer, TB, etc)",0
Nagpur,2013,Bhiwapur,Clinics,7
Nagpur,2013,Bhiwapur,Maternity Wards,2
Nagpur,2013,Bhiwapur,Number of Beds,0
Nagpur,2014,Narkhed,Hospitals,2
Nagpur,2014,Narkhed,"Specialty Hospitals (Cancer, TB, etc)",0
Nagpur,2014,Narkhed,Clinics,22
Nagpur,2014,Narkhed,Maternity Wards,7
Nagpur,2014,Narkhed,Number of Beds,35
Nagpur,2014,Katol,Hospitals,4
Nagpur,2014,Katol,"Specialty Hospitals (Cancer, TB, etc)",0
Nagpur,2014,Katol,Clinics,45
Nagpur,2014,Katol,Maternity Wards,21
Nagpur,2014,Katol,Number of Beds,158
Nagpur,2014,Kalameshwar,Hospitals,2
Nagpur,2014,Kalameshwar,"Specialty Hospitals (Cancer, TB, etc)",0
Nagpur,2014,Kalameshwar,Clinics,14
Nagpur,2014,Kalameshwar,Maternity Wards,6
Nagpur,2014,Kalameshwar,Number of Beds,57
Nagpur,2014,Sawner,Hospitals,1
Nagpur,2014,Sawner,"Specialty Hospitals (Cancer, TB, etc)",0
Nagpur,2014,Sawner,Clinics,32
Nagpur,2014,Sawner,Maternity Wards,4
Nagpur,2014,Sawner,Number of Beds,10
Nagpur,2014,Parashivani,Hospitals,4
Nagpur,2014,Parashivani,"Specialty Hospitals (Cancer, TB, etc)",0
Nagpur,2014,Parashivani,Clinics,21
Nagpur,2014,Parashivani,Maternity Wards,4
Nagpur,2014,Parashivani,Number of Beds,12
Nagpur,2014,Ramtech,Hospitals,3
Nagpur,2014,Ramtech,"Specialty Hospitals (Cancer, TB, etc)",0
Nagpur,2014,Ramtech,Clinics,20
Nagpur,2014,Ramtech,Maternity Wards,5
Nagpur,2014,Ramtech,Number of Beds,118
Nagpur,2014,Mauda,Hospitals,0
Nagpur,2014,Mauda,"Specialty Hospitals (Cancer, TB, etc)",0
Nagpur,2014,Mauda,Clinics,5
Nagpur,2014,Mauda,Maternity Wards,0
Nagpur,2014,Mauda,Number of Beds,0
Nagpur,2014,Kamathi,Hospitals,2
Nagpur,2014,Kamathi,"Specialty Hospitals (Cancer, TB, etc)",0
Nagpur,2014,Kamathi,Clinics,14
Nagpur,2014,Kamathi,Maternity Wards,4
Nagpur,2014,Kamathi,Number of Beds,126
Nagpur,2014,Nagpur (Gra),Hospitals,0
Nagpur,2014,Nagpur (Gra),"Specialty Hospitals (Cancer, TB, etc)",0
Nagpur,2014,Nagpur (Gra),Clinics,3
Nagpur,2014,Nagpur (Gra),Maternity Wards,0
Nagpur,2014,Nagpur (Gra),Number of Beds,12
Nagpur,2014,Nagpur (Sh),Hospitals,692
Nagpur,2014,Nagpur (Sh),"Specialty Hospitals (Cancer, TB, etc)",5
Nagpur,2014,Nagpur (Sh),Clinics,1002
Nagpur,2014,Nagpur (Sh),Maternity Wards,300
Nagpur,2014,Nagpur (Sh),Number of Beds,9370
Nagpur,2014,Hingana,Hospitals,1
Nagpur,2014,Hingana,"Specialty Hospitals (Cancer, TB, etc)",0
Nagpur,2014,Hingana,Clinics,7
Nagpur,2014,Hingana,Maternity Wards,5
Nagpur,2014,Hingana,Number of Beds,122
Nagpur,2014,Umred,Hospitals,3
Nagpur,2014,Umred,"Specialty Hospitals (Cancer, TB, etc)",0
Nagpur,2014,Umred,Clinics,17
Nagpur,2014,Umred,Maternity Wards,3
Nagpur,2014,Umred,Number of Beds,53
Nagpur,2014,Kuhi,Hospitals,2
Nagpur,2014,Kuhi,"Specialty Hospitals (Cancer, TB, etc)",0
Nagpur,2014,Kuhi,Clinics,29
Nagpur,2014,Kuhi,Maternity Wards,0
Nagpur,2014,Kuhi,Number of Beds,5
Nagpur,2014,Bhiwapur,Hospitals,2
Nagpur,2014,Bhiwapur,"Specialty Hospitals (Cancer, TB, etc)",0
Nagpur,2014,Bhiwapur,Clinics,7
Nagpur,2014,Bhiwapur,Maternity Wards,2
Nagpur,2014,Bhiwapur,Number of Beds,5
Nagpur,2015,Narkhed,Hospitals,2
Nagpur,2015,Narkhed,"Specialty Hospitals (Cancer, TB, etc)",0
Nagpur,2015,Narkhed,Clinics,14
Nagpur,2015,Narkhed,Maternity Wards,3
Nagpur,2015,Narkhed,Number of Beds,25
Nagpur,2015,Katol,Hospitals,4
Nagpur,2015,Katol,"Specialty Hospitals (Cancer, TB, etc)",0
Nagpur,2015,Katol,Clinics,34
Nagpur,2015,Katol,Maternity Wards,11
Nagpur,2015,Katol,Number of Beds,158
Nagpur,2015,Kalameshwar,Hospitals,2
Nagpur,2015,Kalameshwar,"Specialty Hospitals (Cancer, TB, etc)",0
Nagpur,2015,Kalameshwar,Clinics,6
Nagpur,2015,Kalameshwar,Maternity Wards,4
Nagpur,2015,Kalameshwar,Number of Beds,57
Nagpur,2015,Sawner,Hospitals,1
Nagpur,2015,Sawner,"Specialty Hospitals (Cancer, TB, etc)",0
Nagpur,2015,Sawner,Clinics,32
Nagpur,2015,Sawner,Maternity Wards,4
Nagpur,2015,Sawner,Number of Beds,10
Nagpur,2015,Parashivani,Hospitals,4
Nagpur,2015,Parashivani,"Specialty Hospitals (Cancer, TB, etc)",0
Nagpur,2015,Parashivani,Clinics,15
Nagpur,2015,Parashivani,Maternity Wards,4
Nagpur,2015,Parashivani,Number of Beds,12
Nagpur,2015,Ramtech,Hospitals,3
Nagpur,2015,Ramtech,"Specialty Hospitals (Cancer, TB, etc)",0
Nagpur,2015,Ramtech,Clinics,20
Nagpur,2015,Ramtech,Maternity Wards,0
Nagpur,2015,Ramtech,Number of Beds,117
Nagpur,2015,Mauda,Hospitals,0
Nagpur,2015,Mauda,"Specialty Hospitals (Cancer, TB, etc)",0
Nagpur,2015,Mauda,Clinics,5
Nagpur,2015,Mauda,Maternity Wards,0
Nagpur,2015,Mauda,Number of Beds,0
Nagpur,2015,Kamathi,Hospitals,2
Nagpur,2015,Kamathi,"Specialty Hospitals (Cancer, TB, etc)",0
Nagpur,2015,Kamathi,Clinics,17
Nagpur,2015,Kamathi,Maternity Wards,5
Nagpur,2015,Kamathi,Number of Beds,432
Nagpur,2015,Nagpur (Gra),Hospitals,0
Nagpur,2015,Nagpur (Gra),"Specialty Hospitals (Cancer, TB, etc)",0
Nagpur,2015,Nagpur (Gra),Clinics,3
Nagpur,2015,Nagpur (Gra),Maternity Wards,0
Nagpur,2015,Nagpur (Gra),Number of Beds,12
Nagpur,2015,Nagpur (Sh),Hospitals,692
Nagpur,2015,Nagpur (Sh),"Specialty Hospitals (Cancer, TB, etc)",5
Nagpur,2015,Nagpur (Sh),Clinics,634
Nagpur,2015,Nagpur (Sh),Maternity Wards,294
Nagpur,2015,Nagpur (Sh),Number of Beds,9400
Nagpur,2015,Hingana,Hospitals,1
Nagpur,2015,Hingana,"Specialty Hospitals (Cancer, TB, etc)",0
Nagpur,2015,Hingana,Clinics,4
Nagpur,2015,Hingana,Maternity Wards,5
Nagpur,2015,Hingana,Number of Beds,150
Nagpur,2015,Umred,Hospitals,3
Nagpur,2015,Umred,"Specialty Hospitals (Cancer, TB, etc)",0
Nagpur,2015,Umred,Clinics,17
Nagpur,2015,Umred,Maternity Wards,3
Nagpur,2015,Umred,Number of Beds,49
Nagpur,2015,Kuhi,Hospitals,2
Nagpur,2015,Kuhi,"Specialty Hospitals (Cancer, TB, etc)",0
Nagpur,2015,Kuhi,Clinics,28
Nagpur,2015,Kuhi,Maternity Wards,0
Nagpur,2015,Kuhi,Number of Beds,5
Nagpur,2015,Bhiwapur,Hospitals,2
Nagpur,2015,Bhiwapur,"Specialty Hospitals (Cancer, TB, etc)",0
Nagpur,2015,Bhiwapur,Clinics,7
Nagpur,2015,Bhiwapur,Maternity Wards,2
Nagpur,2015,Bhiwapur,Number of Beds,5
Nagpur,2016,Narkhed,Hospitals,6
Nagpur,2016,Narkhed,"Specialty Hospitals (Cancer, TB, etc)",0
Nagpur,2016,Narkhed,Clinics,10
Nagpur,2016,Narkhed,Maternity Wards,4
Nagpur,2016,Narkhed,Number of Beds,25
Nagpur,2016,Katol,Hospitals,23
Nagpur,2016,Katol,"Specialty Hospitals (Cancer, TB, etc)",0
Nagpur,2016,Katol,Clinics,23
Nagpur,2016,Katol,Maternity Wards,13
Nagpur,2016,Katol,Number of Beds,198
Nagpur,2016,Kalameshwar,Hospitals,10
Nagpur,2016,Kalameshwar,"Specialty Hospitals (Cancer, TB, etc)",0
Nagpur,2016,Kalameshwar,Clinics,2
Nagpur,2016,Kalameshwar,Maternity Wards,6
Nagpur,2016,Kalameshwar,Number of Beds,129
Nagpur,2016,Sawner,Hospitals,32
Nagpur,2016,Sawner,"Specialty Hospitals (Cancer, TB, etc)",0
Nagpur,2016,Sawner,Clinics,32
Nagpur,2016,Sawner,Maternity Wards,11
Nagpur,2016,Sawner,Number of Beds,210
Nagpur,2016,Parashivani,Hospitals,4
Nagpur,2016,Parashivani,"Specialty Hospitals (Cancer, TB, etc)",0
Nagpur,2016,Parashivani,Clinics,15
Nagpur,2016,Parashivani,Maternity Wards,4
Nagpur,2016,Parashivani,Number of Beds,12
Nagpur,2016,Ramtech,Hospitals,8
Nagpur,2016,Ramtech,"Specialty Hospitals (Cancer, TB, etc)",0
Nagpur,2016,Ramtech,Clinics,15
Nagpur,2016,Ramtech,Maternity Wards,1
Nagpur,2016,Ramtech,Number of Beds,117
Nagpur,2016,Mauda,Hospitals,0
Nagpur,2016,Mauda,"Specialty Hospitals (Cancer, TB, etc)",0
Nagpur,2016,Mauda,Clinics,5
Nagpur,2016,Mauda,Maternity Wards,0
Nagpur,2016,Mauda,Number of Beds,0
Nagpur,2016,Kamathi,Hospitals,19
Nagpur,2016,Kamathi,"Specialty Hospitals (Cancer, TB, etc)",0
Nagpur,2016,Kamathi,Clinics,3
Nagpur,2016,Kamathi,Maternity Wards,8
Nagpur,2016,Kamathi,Number of Beds,320
Nagpur,2016,Nagpur (Gra),Hospitals,0
Nagpur,2016,Nagpur (Gra),"Specialty Hospitals (Cancer, TB, etc)",0
Nagpur,2016,Nagpur (Gra),Clinics,3
Nagpur,2016,Nagpur (Gra),Maternity Wards,0
Nagpur,2016,Nagpur (Gra),Number of Beds,12
Nagpur,2016,Nagpur (Sh),Hospitals,611
Nagpur,2016,Nagpur (Sh),"Specialty Hospitals (Cancer, TB, etc)",12
Nagpur,2016,Nagpur (Sh),Clinics,510
Nagpur,2016,Nagpur (Sh),Maternity Wards,322
Nagpur,2016,Nagpur (Sh),Number of Beds,9047
Nagpur,2016,Hingana,Hospitals,12
Nagpur,2016,Hingana,"Specialty Hospitals (Cancer, TB, etc)",0
Nagpur,2016,Hingana,Clinics,1
Nagpur,2016,Hingana,Maternity Wards,8
Nagpur,2016,Hingana,Number of Beds,233
Nagpur,2016,Umred,Hospitals,22
Nagpur,2016,Umred,"Specialty Hospitals (Cancer, TB, etc)",0
Nagpur,2016,Umred,Clinics,4
Nagpur,2016,Umred,Maternity Wards,5
Nagpur,2016,Umred,Number of Beds,65
Nagpur,2016,Kuhi,Hospitals,3
Nagpur,2016,Kuhi,"Specialty Hospitals (Cancer, TB, etc)",0
Nagpur,2016,Kuhi,Clinics,27
Nagpur,2016,Kuhi,Maternity Wards,1
Nagpur,2016,Kuhi,Number of Beds,5
Nagpur,2016,Bhiwapur,Hospitals,2
Nagpur,2016,Bhiwapur,"Specialty Hospitals (Cancer, TB, etc)",0
Nagpur,2016,Bhiwapur,Clinics,6
Nagpur,2016,Bhiwapur,Maternity Wards,0
Nagpur,2016,Bhiwapur,Number of Beds,0
Nagpur,2017,Narkhed,Hospitals,2
Nagpur,2017,Narkhed,"Specialty Hospitals (Cancer, TB, etc)",0
Nagpur,2017,Narkhed,Clinics,14
Nagpur,2017,Narkhed,Maternity Wards,7
Nagpur,2017,Narkhed,Number of Beds,25
Nagpur,2017,Katol,Hospitals,9
Nagpur,2017,Katol,"Specialty Hospitals (Cancer, TB, etc)",0
Nagpur,2017,Katol,Clinics,41
Nagpur,2017,Katol,Maternity Wards,24
Nagpur,2017,Katol,Number of Beds,198
Nagpur,2017,Kalameshwar,Hospitals,4
Nagpur,2017,Kalameshwar,"Specialty Hospitals (Cancer, TB, etc)",0
Nagpur,2017,Kalameshwar,Clinics,9
Nagpur,2017,Kalameshwar,Maternity Wards,9
Nagpur,2017,Kalameshwar,Number of Beds,181
Nagpur,2017,Sawner,Hospitals,14
Nagpur,2017,Sawner,"Specialty Hospitals (Cancer, TB, etc)",0
Nagpur,2017,Sawner,Clinics,66
Nagpur,2017,Sawner,Maternity Wards,38
Nagpur,2017,Sawner,Number of Beds,206
Nagpur,2017,Parashivani,Hospitals,4
Nagpur,2017,Parashivani,"Specialty Hospitals (Cancer, TB, etc)",0
Nagpur,2017,Parashivani,Clinics,17
Nagpur,2017,Parashivani,Maternity Wards,6
Nagpur,2017,Parashivani,Number of Beds,22
Nagpur,2017,Ramtech,Hospitals,6
Nagpur,2017,Ramtech,"Specialty Hospitals (Cancer, TB, etc)",0
Nagpur,2017,Ramtech,Clinics,20
Nagpur,2017,Ramtech,Maternity Wards,5
Nagpur,2017,Ramtech,Number of Beds,110
Nagpur,2017,Mauda,Hospitals,7
Nagpur,2017,Mauda,"Specialty Hospitals (Cancer, TB, etc)",0
Nagpur,2017,Mauda,Clinics,5
Nagpur,2017,Mauda,Maternity Wards,0
Nagpur,2017,Mauda,Number of Beds,0
Nagpur,2017,Kamathi,Hospitals,18
Nagpur,2017,Kamathi,"Specialty Hospitals (Cancer, TB, etc)",0
Nagpur,2017,Kamathi,Clinics,20
Nagpur,2017,Kamathi,Maternity Wards,18
Nagpur,2017,Kamathi,Number of Beds,410
Nagpur,2017,Nagpur (Gra),Hospitals,0
Nagpur,2017,Nagpur (Gra),"Specialty Hospitals (Cancer, TB, etc)",0
Nagpur,2017,Nagpur (Gra),Clinics,3
Nagpur,2017,Nagpur (Gra),Maternity Wards,0
Nagpur,2017,Nagpur (Gra),Number of Beds,12
Nagpur,2017,Nagpur (Sh),Hospitals,622
Nagpur,2017,Nagpur (Sh),"Specialty Hospitals (Cancer, TB, etc)",12
Nagpur,2017,Nagpur (Sh),Clinics,745
Nagpur,2017,Nagpur (Sh),Maternity Wards,335
Nagpur,2017,Nagpur (Sh),Number of Beds,9754
Nagpur,2017,Hingana,Hospitals,4
Nagpur,2017,Hingana,"Specialty Hospitals (Cancer, TB, etc)",0
Nagpur,2017,Hingana,Clinics,11
Nagpur,2017,Hingana,Maternity Wards,13
Nagpur,2017,Hingana,Number of Beds,170
Nagpur,2017,Umred,Hospitals,8
Nagpur,2017,Umred,"Specialty Hospitals (Cancer, TB, etc)",0
Nagpur,2017,Umred,Clinics,22
Nagpur,2017,Umred,Maternity Wards,20
Nagpur,2017,Umred,Number of Beds,68
Nagpur,2017,Kuhi,Hospitals,2
Nagpur,2017,Kuhi,"Specialty Hospitals (Cancer, TB, etc)",0
Nagpur,2017,Kuhi,Clinics,29
Nagpur,2017,Kuhi,Maternity Wards,2
Nagpur,2017,Kuhi,Number of Beds,10
Nagpur,2017,Bhiwapur,Hospitals,4
Nagpur,2017,Bhiwapur,"Specialty Hospitals (Cancer, TB, etc)",0
Nagpur,2017,Bhiwapur,Clinics,6
Nagpur,2017,Bhiwapur,Maternity Wards,0
Nagpur,2017,Bhiwapur,Number of Beds,0
Nagpur,2018,Narkhed,Hospitals,2
Nagpur,2018,Narkhed,"Specialty Hospitals (Cancer, TB, etc)",0
Nagpur,2018,Narkhed,Clinics,14
Nagpur,2018,Narkhed,Maternity Wards,7
Nagpur,2018,Narkhed,Number of Beds,26
Nagpur,2018,Katol,Hospitals,9
Nagpur,2018,Katol,"Specialty Hospitals (Cancer, TB, etc)",0
Nagpur,2018,Katol,Clinics,41
Nagpur,2018,Katol,Maternity Wards,24
Nagpur,2018,Katol,Number of Beds,222
Nagpur,2018,Kalameshwar,Hospitals,4
Nagpur,2018,Kalameshwar,"Specialty Hospitals (Cancer, TB, etc)",0
Nagpur,2018,Kalameshwar,Clinics,9
Nagpur,2018,Kalameshwar,Maternity Wards,9
Nagpur,2018,Kalameshwar,Number of Beds,181
Nagpur,2018,Sawner,Hospitals,14
Nagpur,2018,Sawner,"Specialty Hospitals (Cancer, TB, etc)",0
Nagpur,2018,Sawner,Clinics,66
Nagpur,2018,Sawner,Maternity Wards,38
Nagpur,2018,Sawner,Number of Beds,206
Nagpur,2018,Parashivani,Hospitals,4
Nagpur,2018,Parashivani,"Specialty Hospitals (Cancer, TB, etc)",0
Nagpur,2018,Parashivani,Clinics,17
Nagpur,2018,Parashivani,Maternity Wards,6
Nagpur,2018,Parashivani,Number of Beds,22
Nagpur,2018,Ramtech,Hospitals,6
Nagpur,2018,Ramtech,"Specialty Hospitals (Cancer, TB, etc)",0
Nagpur,2018,Ramtech,Clinics,20
Nagpur,2018,Ramtech,Maternity Wards,5
Nagpur,2018,Ramtech,Number of Beds,163
Nagpur,2018,Mauda,Hospitals,7
Nagpur,2018,Mauda,"Specialty Hospitals (Cancer, TB, etc)",0
Nagpur,2018,Mauda,Clinics,5
Nagpur,2018,Mauda,Maternity Wards,1
Nagpur,2018,Mauda,Number of Beds,25
Nagpur,2018,Kamathi,Hospitals,18
Nagpur,2018,Kamathi,"Specialty Hospitals (Cancer, TB, etc)",0
Nagpur,2018,Kamathi,Clinics,20
Nagpur,2018,Kamathi,Maternity Wards,18
Nagpur,2018,Kamathi,Number of Beds,423
Nagpur,2018,Nagpur (Gra),Hospitals,2
Nagpur,2018,Nagpur (Gra),"Specialty Hospitals (Cancer, TB, etc)",0
Nagpur,2018,Nagpur (Gra),Clinics,3
Nagpur,2018,Nagpur (Gra),Maternity Wards,2
Nagpur,2018,Nagpur (Gra),Number of Beds,32
Nagpur,2018,Nagpur (Sh),Hospitals,627
Nagpur,2018,Nagpur (Sh),"Specialty Hospitals (Cancer, TB, etc)",12
Nagpur,2018,Nagpur (Sh),Clinics,750
Nagpur,2018,Nagpur (Sh),Maternity Wards,335
Nagpur,2018,Nagpur (Sh),Number of Beds,10098
Nagpur,2018,Hingana,Hospitals,4
Nagpur,2018,Hingana,"Specialty Hospitals (Cancer, TB, etc)",0
Nagpur,2018,Hingana,Clinics,11
Nagpur,2018,Hingana,Maternity Wards,13
Nagpur,2018,Hingana,Number of Beds,208
Nagpur,2018,Umred,Hospitals,8
Nagpur,2018,Umred,"Specialty Hospitals (Cancer, TB, etc)",0
Nagpur,2018,Umred,Clinics,22
Nagpur,2018,Umred,Maternity Wards,20
Nagpur,2018,Umred,Number of Beds,123
Nagpur,2018,Kuhi,Hospitals,2
Nagpur,2018,Kuhi,"Specialty Hospitals (Cancer, TB, etc)",0
Nagpur,2018,Kuhi,Clinics,29
Nagpur,2018,Kuhi,Maternity Wards,2
Nagpur,2018,Kuhi,Number of Beds,10
Nagpur,2018,Bhiwapur,Hospitals,4
Nagpur,2018,Bhiwapur,"Specialty Hospitals (Cancer, TB, etc)",0
Nagpur,2018,Bhiwapur,Clinics,6
Nagpur,2018,Bhiwapur,Maternity Wards,0
Nagpur,2018,Bhiwapur,Number of Beds,0
Nagpur,2019,Narkhed,Hospitals,4
Nagpur,2019,Narkhed,"Specialty Hospitals (Cancer, TB, etc)",0
Nagpur,2019,Narkhed,Clinics,18
Nagpur,2019,Narkhed,Maternity Wards,4
Nagpur,2019,Narkhed,Number of Beds,33
Nagpur,2019,Katol,Hospitals,22
Nagpur,2019,Katol,"Specialty Hospitals (Cancer, TB, etc)",0
Nagpur,2019,Katol,Clinics,89
Nagpur,2019,Katol,Maternity Wards,18
Nagpur,2019,Katol,Number of Beds,212
Nagpur,2019,Kalameshwar,Hospitals,8
Nagpur,2019,Kalameshwar,"Specialty Hospitals (Cancer, TB, etc)",0
Nagpur,2019,Kalameshwar,Clinics,30
Nagpur,2019,Kalameshwar,Maternity Wards,9
Nagpur,2019,Kalameshwar,Number of Beds,126
Nagpur,2019,Sawner,Hospitals,38
Nagpur,2019,Sawner,"Specialty Hospitals (Cancer, TB, etc)",0
Nagpur,2019,Sawner,Clinics,96
Nagpur,2019,Sawner,Maternity Wards,31
Nagpur,2019,Sawner,Number of Beds,278
Nagpur,2019,Parashivani,Hospitals,3
Nagpur,2019,Parashivani,"Specialty Hospitals (Cancer, TB, etc)",0
Nagpur,2019,Parashivani,Clinics,24
Nagpur,2019,Parashivani,Maternity Wards,0
Nagpur,2019,Parashivani,Number of Beds,32
Nagpur,2019,Ramtech,Hospitals,11
Nagpur,2019,Ramtech,"Specialty Hospitals (Cancer, TB, etc)",0
Nagpur,2019,Ramtech,Clinics,44
Nagpur,2019,Ramtech,Maternity Wards,6
Nagpur,2019,Ramtech,Number of Beds,163
Nagpur,2019,Mauda,Hospitals,3
Nagpur,2019,Mauda,"Specialty Hospitals (Cancer, TB, etc)",0
Nagpur,2019,Mauda,Clinics,5
Nagpur,2019,Mauda,Maternity Wards,3
Nagpur,2019,Mauda,Number of Beds,11
Nagpur,2019,Kamathi,Hospitals,21
Nagpur,2019,Kamathi,"Specialty Hospitals (Cancer, TB, etc)",0
Nagpur,2019,Kamathi,Clinics,72
Nagpur,2019,Kamathi,Maternity Wards,24
Nagpur,2019,Kamathi,Number of Beds,476
Nagpur,2019,Nagpur (Gra),Hospitals,4
Nagpur,2019,Nagpur (Gra),"Specialty Hospitals (Cancer, TB, etc)",0
Nagpur,2019,Nagpur (Gra),Clinics,43
Nagpur,2019,Nagpur (Gra),Maternity Wards,9
Nagpur,2019,Nagpur (Gra),Number of Beds,90
Nagpur,2019,Nagpur (Sh),Hospitals,634
Nagpur,2019,Nagpur (Sh),"Specialty Hospitals (Cancer, TB, etc)",6
Nagpur,2019,Nagpur (Sh),Clinics,280
Nagpur,2019,Nagpur (Sh),Maternity Wards,348
Nagpur,2019,Nagpur (Sh),Number of Beds,10625
Nagpur,2019,Hingana,Hospitals,14
Nagpur,2019,Hingana,"Specialty Hospitals (Cancer, TB, etc)",0
Nagpur,2019,Hingana,Clinics,107
Nagpur,2019,Hingana,Maternity Wards,10
Nagpur,2019,Hingana,Number of Beds,328
Nagpur,2019,Umred,Hospitals,29
Nagpur,2019,Umred,"Specialty Hospitals (Cancer, TB, etc)",0
Nagpur,2019,Umred,Clinics,128
Nagpur,2019,Umred,Maternity Wards,16
Nagpur,2019,Umred,Number of Beds,263
Nagpur,2019,Kuhi,Hospitals,1
Nagpur,2019,Kuhi,"Specialty Hospitals (Cancer, TB, etc)",0
Nagpur,2019,Kuhi,Clinics,55
Nagpur,2019,Kuhi,Maternity Wards,0
Nagpur,2019,Kuhi,Number of Beds,5
Nagpur,2019,Bhiwapur,Hospitals,2
Nagpur,2019,Bhiwapur,"Specialty Hospitals (Cancer, TB, etc)",0
Nagpur,2019,Bhiwapur,Clinics,27
Nagpur,2019,Bhiwapur,Maternity Wards,1
Nagpur,2019,Bhiwapur,Number of Beds,5
Nagpur,2020,Narkhed,Hospitals,4
Nagpur,2020,Narkhed,"Specialty Hospitals (Cancer, TB, etc)",0
Nagpur,2020,Narkhed,Clinics,18
Nagpur,2020,Narkhed,Maternity Wards,4
Nagpur,2020,Narkhed,Number of Beds,33
Nagpur,2020,Katol,Hospitals,22
Nagpur,2020,Katol,"Specialty Hospitals (Cancer, TB, etc)",0
Nagpur,2020,Katol,Clinics,89
Nagpur,2020,Katol,Maternity Wards,18
Nagpur,2020,Katol,Number of Beds,212
Nagpur,2020,Kalameshwar,Hospitals,8
Nagpur,2020,Kalameshwar,"Specialty Hospitals (Cancer, TB, etc)",0
Nagpur,2020,Kalameshwar,Clinics,30
Nagpur,2020,Kalameshwar,Maternity Wards,9
Nagpur,2020,Kalameshwar,Number of Beds,126
Nagpur,2020,Sawner,Hospitals,38
Nagpur,2020,Sawner,"Specialty Hospitals (Cancer, TB, etc)",0
Nagpur,2020,Sawner,Clinics,96
Nagpur,2020,Sawner,Maternity Wards,31
Nagpur,2020,Sawner,Number of Beds,278
Nagpur,2020,Parashivani,Hospitals,3
Nagpur,2020,Parashivani,"Specialty Hospitals (Cancer, TB, etc)",0
Nagpur,2020,Parashivani,Clinics,24
Nagpur,2020,Parashivani,Maternity Wards,0
Nagpur,2020,Parashivani,Number of Beds,32
Nagpur,2020,Ramtech,Hospitals,11
Nagpur,2020,Ramtech,"Specialty Hospitals (Cancer, TB, etc)",0
Nagpur,2020,Ramtech,Clinics,44
Nagpur,2020,Ramtech,Maternity Wards,6
Nagpur,2020,Ramtech,Number of Beds,163
Nagpur,2020,Mauda,Hospitals,3
Nagpur,2020,Mauda,"Specialty Hospitals (Cancer, TB, etc)",0
Nagpur,2020,Mauda,Clinics,5
Nagpur,2020,Mauda,Maternity Wards,3
Nagpur,2020,Mauda,Number of Beds,11
Nagpur,2020,Kamathi,Hospitals,21
Nagpur,2020,Kamathi,"Specialty Hospitals (Cancer, TB, etc)",0
Nagpur,2020,Kamathi,Clinics,72
Nagpur,2020,Kamathi,Maternity Wards,24
Nagpur,2020,Kamathi,Number of Beds,476
Nagpur,2020,Nagpur (Gra),Hospitals,4
Nagpur,2020,Nagpur (Gra),"Specialty Hospitals (Cancer, TB, etc)",0
Nagpur,2020,Nagpur (Gra),Clinics,43
Nagpur,2020,Nagpur (Gra),Maternity Wards,9
Nagpur,2020,Nagpur (Gra),Number of Beds,90
Nagpur,2020,Nagpur (Sh),Hospitals,642
Nagpur,2020,Nagpur (Sh),"Specialty Hospitals (Cancer, TB, etc)",14
Nagpur,2020,Nagpur (Sh),Clinics,280
Nagpur,2020,Nagpur (Sh),Maternity Wards,360
Nagpur,2020,Nagpur (Sh),Number of Beds,11516
Nagpur,2020,Hingana,Hospitals,14
Nagpur,2020,Hingana,"Specialty Hospitals (Cancer, TB, etc)",0
Nagpur,2020,Hingana,Clinics,107
Nagpur,2020,Hingana,Maternity Wards,10
Nagpur,2020,Hingana,Number of Beds,328
Nagpur,2020,Umred,Hospitals,29
Nagpur,2020,Umred,"Specialty Hospitals (Cancer, TB, etc)",0
Nagpur,2020,Umred,Clinics,128
Nagpur,2020,Umred,Maternity Wards,16
Nagpur,2020,Umred,Number of Beds,263
Nagpur,2020,Kuhi,Hospitals,1
Nagpur,2020,Kuhi,"Specialty Hospitals (Cancer, TB, etc)",0
Nagpur,2020,Kuhi,Clinics,55
Nagpur,2020,Kuhi,Maternity Wards,0
Nagpur,2020,Kuhi,Number of Beds,5
Nagpur,2020,Bhiwapur,Hospitals,2
Nagpur,2020,Bhiwapur,"Specialty Hospitals (Cancer, TB, etc)",0
Nagpur,2020,Bhiwapur,Clinics,27
Nagpur,2020,Bhiwapur,Maternity Wards,1
Nagpur,2020,Bhiwapur,Number of Beds,5
Nagpur,2021,Narkhed,Hospitals,4
Nagpur,2021,Narkhed,"Specialty Hospitals (Cancer, TB, etc)",0
Nagpur,2021,Narkhed,Clinics,18
Nagpur,2021,Narkhed,Maternity Wards,4
Nagpur,2021,Narkhed,Number of Beds,33
Nagpur,2021,Katol,Hospitals,22
Nagpur,2021,Katol,"Specialty Hospitals (Cancer, TB, etc)",0
Nagpur,2021,Katol,Clinics,89
Nagpur,2021,Katol,Maternity Wards,18
Nagpur,2021,Katol,Number of Beds,212
Nagpur,2021,Kalameshwar,Hospitals,8
Nagpur,2021,Kalameshwar,"Specialty Hospitals (Cancer, TB, etc)",0
Nagpur,2021,Kalameshwar,Clinics,30
Nagpur,2021,Kalameshwar,Maternity Wards,9
Nagpur,2021,Kalameshwar,Number of Beds,126
Nagpur,2021,Sawner,Hospitals,38
Nagpur,2021,Sawner,"Specialty Hospitals (Cancer, TB, etc)",0
Nagpur,2021,Sawner,Clinics,96
Nagpur,2021,Sawner,Maternity Wards,31
Nagpur,2021,Sawner,Number of Beds,278
Nagpur,2021,Parashivani,Hospitals,3
Nagpur,2021,Parashivani,"Specialty Hospitals (Cancer, TB, etc)",0
Nagpur,2021,Parashivani,Clinics,24
Nagpur,2021,Parashivani,Maternity Wards,0
Nagpur,2021,Parashivani,Number of Beds,32
Nagpur,2021,Ramtech,Hospitals,11
Nagpur,2021,Ramtech,"Specialty Hospitals (Cancer, TB, etc)",0
Nagpur,2021,Ramtech,Clinics,44
Nagpur,2021,Ramtech,Maternity Wards,6
Nagpur,2021,Ramtech,Number of Beds,163
Nagpur,2021,Mauda,Hospitals,3
Nagpur,2021,Mauda,"Specialty Hospitals (Cancer, TB, etc)",0
Nagpur,2021,Mauda,Clinics,5
Nagpur,2021,Mauda,Maternity Wards,3
Nagpur,2021,Mauda,Number of Beds,11
Nagpur,2021,Kamathi,Hospitals,21
Nagpur,2021,Kamathi,"Specialty Hospitals (Cancer, TB, etc)",0
Nagpur,2021,Kamathi,Clinics,72
Nagpur,2021,Kamathi,Maternity Wards,24
Nagpur,2021,Kamathi,Number of Beds,476
Nagpur,2021,Nagpur (Gra),Hospitals,4
Nagpur,2021,Nagpur (Gra),"Specialty Hospitals (Cancer, TB, etc)",0
Nagpur,2021,Nagpur (Gra),Clinics,43
Nagpur,2021,Nagpur (Gra),Maternity Wards,9
Nagpur,2021,Nagpur (Gra),Number of Beds,90
Nagpur,2021,Nagpur (Sh),Hospitals,642
Nagpur,2021,Nagpur (Sh),"Specialty Hospitals (Cancer, TB, etc)",14
Nagpur,2021,Nagpur (Sh),Clinics,280
Nagpur,2021,Nagpur (Sh),Maternity Wards,363
Nagpur,2021,Nagpur (Sh),Number of Beds,11943
Nagpur,2021,Hingana,Hospitals,14
Nagpur,2021,Hingana,"Specialty Hospitals (Cancer, TB, etc)",0
Nagpur,2021,Hingana,Clinics,107
Nagpur,2021,Hingana,Maternity Wards,10
Nagpur,2021,Hingana,Number of Beds,328
Nagpur,2021,Umred,Hospitals,29
Nagpur,2021,Umred,"Specialty Hospitals (Cancer, TB, etc)",0
Nagpur,2021,Umred,Clinics,128
Nagpur,2021,Umred,Maternity Wards,16
Nagpur,2021,Umred,Number of Beds,263
Nagpur,2021,Kuhi,Hospitals,1
Nagpur,2021,Kuhi,"Specialty Hospitals (Cancer, TB, etc)",0
Nagpur,2021,Kuhi,Clinics,55
Nagpur,2021,Kuhi,Maternity Wards,0
Nagpur,2021,Kuhi,Number of Beds,5
Nagpur,2021,Bhiwapur,Hospitals,2
Nagpur,2021,Bhiwapur,"Specialty Hospitals (Cancer, TB, etc)",0
Nagpur,2021,Bhiwapur,Clinics,27
Nagpur,2021,Bhiwapur,Maternity Wards,1
Nagpur,2021,Bhiwapur,Number of Beds,5
Nanded,2014,Mahur,Hospitals,8
Nanded,2014,Mahur,Clinics,8
Nanded,2014,Mahur,Maternity Wards,2
Nanded,2014,Mahur,Number of Beds,13
Nanded,2014,Kinvat,Hospitals,15
Nanded,2014,Kinvat,Clinics,15
Nanded,2014,Kinvat,Maternity Wards,19
Nanded,2014,Kinvat,Number of Beds,68
Nanded,2014,Himalay Nagar,Hospitals,6
Nanded,2014,Himalay Nagar,Clinics,6
Nanded,2014,Himalay Nagar,Maternity Wards,15
Nanded,2014,Himalay Nagar,Number of Beds,9
Nanded,2014,Hadgaon,Hospitals,7
Nanded,2014,Hadgaon,Clinics,7
Nanded,2014,Hadgaon,Maternity Wards,34
Nanded,2014,Hadgaon,Number of Beds,98
Nanded,2014,Andhrapur,Hospitals,1
Nanded,2014,Andhrapur,Clinics,1
Nanded,2014,Andhrapur,Maternity Wards,3
Nanded,2014,Andhrapur,Number of Beds,2
Nanded,2014,Nanded,Hospitals,51
Nanded,2014,Nanded,Clinics,51
Nanded,2014,Nanded,Maternity Wards,126
Nanded,2014,Nanded,Number of Beds,510
Nanded,2014,Mudkhed,Hospitals,4
Nanded,2014,Mudkhed,Clinics,4
Nanded,2014,Mudkhed,Maternity Wards,10
Nanded,2014,Mudkhed,Number of Beds,9
Nanded,2014,Bhokar,Hospitals,19
Nanded,2014,Bhokar,Clinics,19
Nanded,2014,Bhokar,Maternity Wards,10
Nanded,2014,Bhokar,Number of Beds,43
Nanded,2014,Umari,Hospitals,18
Nanded,2014,Umari,Clinics,18
Nanded,2014,Umari,Maternity Wards,4
Nanded,2014,Umari,Number of Beds,27
Nanded,2014,Dharmabad,Hospitals,23
Nanded,2014,Dharmabad,Clinics,23
Nanded,2014,Dharmabad,Maternity Wards,15
Nanded,2014,Dharmabad,Number of Beds,32
Nanded,2014,Biloli,Hospitals,10
Nanded,2014,Biloli,Clinics,10
Nanded,2014,Biloli,Maternity Wards,7
Nanded,2014,Biloli,Number of Beds,11
Nanded,2014,Naygaon,Hospitals,18
Nanded,2014,Naygaon,Clinics,18
Nanded,2014,Naygaon,Maternity Wards,10
Nanded,2014,Naygaon,Number of Beds,63
Nanded,2014,Loha,Hospitals,13
Nanded,2014,Loha,Clinics,13
Nanded,2014,Loha,Maternity Wards,11
Nanded,2014,Loha,Number of Beds,9
Nanded,2014,Kandhar,Hospitals,8
Nanded,2014,Kandhar,Clinics,8
Nanded,2014,Kandhar,Maternity Wards,26
Nanded,2014,Kandhar,Number of Beds,34
Nanded,2014,Mukhed,Hospitals,8
Nanded,2014,Mukhed,Clinics,8
Nanded,2014,Mukhed,Maternity Wards,52
Nanded,2014,Mukhed,Number of Beds,54
Nanded,2014,Deglur,Hospitals,64
Nanded,2014,Deglur,Clinics,64
Nanded,2014,Deglur,Maternity Wards,123
Nanded,2014,Deglur,Number of Beds,197
Nanded,2015,Mahur,Hospitals,8
Nanded,2015,Mahur,Clinics,8
Nanded,2015,Mahur,Maternity Wards,2
Nanded,2015,Mahur,Number of Beds,13
Nanded,2015,Kinvat,Hospitals,15
Nanded,2015,Kinvat,Clinics,15
Nanded,2015,Kinvat,Maternity Wards,19
Nanded,2015,Kinvat,Number of Beds,68
Nanded,2015,Himalay Nagar,Hospitals,6
Nanded,2015,Himalay Nagar,Clinics,6
Nanded,2015,Himalay Nagar,Maternity Wards,15
Nanded,2015,Himalay Nagar,Number of Beds,9
Nanded,2015,Hadgaon,Hospitals,7
Nanded,2015,Hadgaon,Clinics,7
Nanded,2015,Hadgaon,Maternity Wards,15
Nanded,2015,Hadgaon,Number of Beds,98
Nanded,2015,Andhrapur,Hospitals,1
Nanded,2015,Andhrapur,Clinics,1
Nanded,2015,Andhrapur,Maternity Wards,3
Nanded,2015,Andhrapur,Number of Beds,2
Nanded,2015,Nanded,Hospitals,51
Nanded,2015,Nanded,"Specialty Hospitals (Cancer, TB, etc)",4
Nanded,2015,Nanded,Clinics,51
Nanded,2015,Nanded,Maternity Wards,126
Nanded,2015,Nanded,Number of Beds,510
Nanded,2015,Mudkhed,Hospitals,4
Nanded,2015,Mudkhed,Clinics,4
Nanded,2015,Mudkhed,Maternity Wards,10
Nanded,2015,Mudkhed,Number of Beds,9
Nanded,2015,Bhokar,Hospitals,19
Nanded,2015,Bhokar,Clinics,19
Nanded,2015,Bhokar,Maternity Wards,10
Nanded,2015,Bhokar,Number of Beds,43
Nanded,2015,Umari,Hospitals,18
Nanded,2015,Umari,Clinics,18
Nanded,2015,Umari,Maternity Wards,4
Nanded,2015,Umari,Number of Beds,27
Nanded,2015,Dharmabad,Hospitals,23
Nanded,2015,Dharmabad,Clinics,23
Nanded,2015,Dharmabad,Maternity Wards,15
Nanded,2015,Dharmabad,Number of Beds,32
Nanded,2015,Biloli,Hospitals,10
Nanded,2015,Biloli,Clinics,10
Nanded,2015,Biloli,Maternity Wards,7
Nanded,2015,Biloli,Number of Beds,11
Nanded,2015,Naygaon,Hospitals,18
Nanded,2015,Naygaon,Clinics,18
Nanded,2015,Naygaon,Maternity Wards,10
Nanded,2015,Naygaon,Number of Beds,63
Nanded,2015,Loha,Hospitals,13
Nanded,2015,Loha,Clinics,13
Nanded,2015,Loha,Maternity Wards,11
Nanded,2015,Loha,Number of Beds,9
Nanded,2015,Kandhar,Hospitals,8
Nanded,2015,Kandhar,Clinics,8
Nanded,2015,Kandhar,Maternity Wards,23
Nanded,2015,Kandhar,Number of Beds,34
Nanded,2015,Mukhed,Hospitals,8
Nanded,2015,Mukhed,Clinics,8
Nanded,2015,Mukhed,Maternity Wards,52
Nanded,2015,Mukhed,Number of Beds,54
Nanded,2015,Deglur,Hospitals,64
Nanded,2015,Deglur,Clinics,64
Nanded,2015,Deglur,Maternity Wards,123
Nanded,2015,Deglur,Number of Beds,197
Nanded,2016,Mahur,Hospitals,8
Nanded,2016,Mahur,Clinics,8
Nanded,2016,Mahur,Maternity Wards,2
Nanded,2016,Mahur,Number of Beds,13
Nanded,2016,Kinvat,Hospitals,13
Nanded,2016,Kinvat,Clinics,13
Nanded,2016,Kinvat,Maternity Wards,19
Nanded,2016,Kinvat,Number of Beds,68
Nanded,2016,Himalay Nagar,Hospitals,6
Nanded,2016,Himalay Nagar,Clinics,6
Nanded,2016,Himalay Nagar,Maternity Wards,9
Nanded,2016,Himalay Nagar,Number of Beds,15
Nanded,2016,Hadgaon,Hospitals,7
Nanded,2016,Hadgaon,Clinics,7
Nanded,2016,Hadgaon,Maternity Wards,9
Nanded,2016,Hadgaon,Number of Beds,15
Nanded,2016,Andhrapur,Hospitals,1
Nanded,2016,Andhrapur,Clinics,1
Nanded,2016,Andhrapur,Maternity Wards,3
Nanded,2016,Andhrapur,Number of Beds,2
Nanded,2016,Nanded,Hospitals,51
Nanded,2016,Nanded,"Specialty Hospitals (Cancer, TB, etc)",4
Nanded,2016,Nanded,Clinics,51
Nanded,2016,Nanded,Maternity Wards,126
Nanded,2016,Nanded,Number of Beds,510
Nanded,2016,Mudkhed,Hospitals,4
Nanded,2016,Mudkhed,Clinics,4
Nanded,2016,Mudkhed,Maternity Wards,9
Nanded,2016,Mudkhed,Number of Beds,10
Nanded,2016,Bhokar,Hospitals,19
Nanded,2016,Bhokar,Clinics,19
Nanded,2016,Bhokar,Maternity Wards,10
Nanded,2016,Bhokar,Number of Beds,43
Nanded,2016,Umari,Hospitals,18
Nanded,2016,Umari,Clinics,18
Nanded,2016,Umari,Maternity Wards,4
Nanded,2016,Umari,Number of Beds,27
Nanded,2016,Dharmabad,Hospitals,23
Nanded,2016,Dharmabad,Clinics,23
Nanded,2016,Dharmabad,Maternity Wards,15
Nanded,2016,Dharmabad,Number of Beds,32
Nanded,2016,Biloli,Hospitals,10
Nanded,2016,Biloli,Clinics,10
Nanded,2016,Biloli,Maternity Wards,7
Nanded,2016,Biloli,Number of Beds,11
Nanded,2016,Naygaon,Hospitals,18
Nanded,2016,Naygaon,Clinics,18
Nanded,2016,Naygaon,Maternity Wards,10
Nanded,2016,Naygaon,Number of Beds,63
Nanded,2016,Loha,Hospitals,13
Nanded,2016,Loha,Clinics,13
Nanded,2016,Loha,Maternity Wards,11
Nanded,2016,Loha,Number of Beds,29
Nanded,2016,Kandhar,Hospitals,7
Nanded,2016,Kandhar,Clinics,7
Nanded,2016,Kandhar,Maternity Wards,23
Nanded,2016,Kandhar,Number of Beds,29
Nanded,2016,Mukhed,Hospitals,8
Nanded,2016,Mukhed,Clinics,8
Nanded,2016,Mukhed,Maternity Wards,52
Nanded,2016,Mukhed,Number of Beds,54
Nanded,2016,Deglur,Hospitals,66
Nanded,2016,Deglur,Clinics,66
Nanded,2016,Deglur,Maternity Wards,139
Nanded,2016,Deglur,Number of Beds,207
Nanded,2017,Mahur,Hospitals,9
Nanded,2017,Mahur,Clinics,7
Nanded,2017,Mahur,Maternity Wards,2
Nanded,2017,Mahur,Number of Beds,22
Nanded,2017,Kinvat,Hospitals,24
Nanded,2017,Kinvat,Clinics,16
Nanded,2017,Kinvat,Maternity Wards,8
Nanded,2017,Kinvat,Number of Beds,136
Nanded,2017,Himalay Nagar,Hospitals,16
Nanded,2017,Himalay Nagar,Clinics,8
Nanded,2017,Himalay Nagar,Maternity Wards,8
Nanded,2017,Himalay Nagar,Number of Beds,53
Nanded,2017,Hadgaon,Hospitals,18
Nanded,2017,Hadgaon,Clinics,8
Nanded,2017,Hadgaon,Maternity Wards,10
Nanded,2017,Hadgaon,Number of Beds,79
Nanded,2017,Andhrapur,Hospitals,5
Nanded,2017,Andhrapur,Clinics,4
Nanded,2017,Andhrapur,Maternity Wards,1
Nanded,2017,Andhrapur,Number of Beds,21
Nanded,2017,Nanded,Hospitals,51
Nanded,2017,Nanded,"Specialty Hospitals (Cancer, TB, etc)",4
Nanded,2017,Nanded,Clinics,51
Nanded,2017,Nanded,Maternity Wards,51
Nanded,2017,Nanded,Number of Beds,500
Nanded,2017,Mudkhed,Hospitals,7
Nanded,2017,Mudkhed,Clinics,2
Nanded,2017,Mudkhed,Maternity Wards,5
Nanded,2017,Mudkhed,Number of Beds,46
Nanded,2017,Bhokar,Hospitals,34
Nanded,2017,Bhokar,Clinics,21
Nanded,2017,Bhokar,Maternity Wards,13
Nanded,2017,Bhokar,Number of Beds,42
Nanded,2017,Umari,Hospitals,21
Nanded,2017,Umari,Clinics,19
Nanded,2017,Umari,Maternity Wards,3
Nanded,2017,Umari,Number of Beds,36
Nanded,2017,Dharmabad,Hospitals,24
Nanded,2017,Dharmabad,Clinics,19
Nanded,2017,Dharmabad,Maternity Wards,5
Nanded,2017,Dharmabad,Number of Beds,54
Nanded,2017,Biloli,Hospitals,15
Nanded,2017,Biloli,Clinics,13
Nanded,2017,Biloli,Maternity Wards,2
Nanded,2017,Biloli,Number of Beds,35
Nanded,2017,Naygaon,Hospitals,21
Nanded,2017,Naygaon,Clinics,16
Nanded,2017,Naygaon,Maternity Wards,5
Nanded,2017,Naygaon,Number of Beds,82
Nanded,2017,Loha,Hospitals,15
Nanded,2017,Loha,Clinics,10
Nanded,2017,Loha,Maternity Wards,5
Nanded,2017,Loha,Number of Beds,86
Nanded,2017,Kandhar,Hospitals,15
Nanded,2017,Kandhar,Clinics,6
Nanded,2017,Kandhar,Maternity Wards,9
Nanded,2017,Kandhar,Number of Beds,92
Nanded,2017,Mukhed,Hospitals,11
Nanded,2017,Mukhed,Clinics,3
Nanded,2017,Mukhed,Maternity Wards,8
Nanded,2017,Mukhed,Number of Beds,130
Nanded,2017,Deglur,Hospitals,71
Nanded,2017,Deglur,Clinics,41
Nanded,2017,Deglur,Maternity Wards,29
Nanded,2017,Deglur,Number of Beds,207
Nanded,2018,Mahur,Hospitals,10
Nanded,2018,Mahur,"Specialty Hospitals (Cancer, TB, etc)",0
Nanded,2018,Mahur,Clinics,8
Nanded,2018,Mahur,Maternity Wards,2
Nanded,2018,Mahur,Number of Beds,27
Nanded,2018,Kinvat,Hospitals,20
Nanded,2018,Kinvat,"Specialty Hospitals (Cancer, TB, etc)",0
Nanded,2018,Kinvat,Clinics,15
Nanded,2018,Kinvat,Maternity Wards,5
Nanded,2018,Kinvat,Number of Beds,124
Nanded,2018,Himalay Nagar,Hospitals,18
Nanded,2018,Himalay Nagar,"Specialty Hospitals (Cancer, TB, etc)",0
Nanded,2018,Himalay Nagar,Clinics,12
Nanded,2018,Himalay Nagar,Maternity Wards,6
Nanded,2018,Himalay Nagar,Number of Beds,68
Nanded,2018,Hadgaon,Hospitals,18
Nanded,2018,Hadgaon,"Specialty Hospitals (Cancer, TB, etc)",0
Nanded,2018,Hadgaon,Clinics,15
Nanded,2018,Hadgaon,Maternity Wards,3
Nanded,2018,Hadgaon,Number of Beds,82
Nanded,2018,Andhrapur,Hospitals,6
Nanded,2018,Andhrapur,"Specialty Hospitals (Cancer, TB, etc)",0
Nanded,2018,Andhrapur,Clinics,4
Nanded,2018,Andhrapur,Maternity Wards,2
Nanded,2018,Andhrapur,Number of Beds,26
Nanded,2018,Nanded,Hospitals,81
Nanded,2018,Nanded,"Specialty Hospitals (Cancer, TB, etc)",4
Nanded,2018,Nanded,Clinics,175
Nanded,2018,Nanded,Maternity Wards,28
Nanded,2018,Nanded,Number of Beds,850
Nanded,2018,Mudkhed,Hospitals,9
Nanded,2018,Mudkhed,"Specialty Hospitals (Cancer, TB, etc)",0
Nanded,2018,Mudkhed,Clinics,6
Nanded,2018,Mudkhed,Maternity Wards,3
Nanded,2018,Mudkhed,Number of Beds,66
Nanded,2018,Bhokar,Hospitals,35
Nanded,2018,Bhokar,"Specialty Hospitals (Cancer, TB, etc)",0
Nanded,2018,Bhokar,Clinics,18
Nanded,2018,Bhokar,Maternity Wards,17
Nanded,2018,Bhokar,Number of Beds,160
Nanded,2018,Umari,Hospitals,22
Nanded,2018,Umari,"Specialty Hospitals (Cancer, TB, etc)",0
Nanded,2018,Umari,Clinics,19
Nanded,2018,Umari,Maternity Wards,3
Nanded,2018,Umari,Number of Beds,51
Nanded,2018,Dharmabad,Hospitals,14
Nanded,2018,Dharmabad,"Specialty Hospitals (Cancer, TB, etc)",0
Nanded,2018,Dharmabad,Clinics,9
Nanded,2018,Dharmabad,Maternity Wards,5
Nanded,2018,Dharmabad,Number of Beds,40
Nanded,2018,Biloli,Hospitals,13
Nanded,2018,Biloli,"Specialty Hospitals (Cancer, TB, etc)",0
Nanded,2018,Biloli,Clinics,11
Nanded,2018,Biloli,Maternity Wards,2
Nanded,2018,Biloli,Number of Beds,37
Nanded,2018,Naygaon,Hospitals,21
Nanded,2018,Naygaon,"Specialty Hospitals (Cancer, TB, etc)",0
Nanded,2018,Naygaon,Clinics,13
Nanded,2018,Naygaon,Maternity Wards,8
Nanded,2018,Naygaon,Number of Beds,101
Nanded,2018,Loha,Hospitals,19
Nanded,2018,Loha,"Specialty Hospitals (Cancer, TB, etc)",0
Nanded,2018,Loha,Clinics,8
Nanded,2018,Loha,Maternity Wards,11
Nanded,2018,Loha,Number of Beds,141
Nanded,2018,Kandhar,Hospitals,16
Nanded,2018,Kandhar,"Specialty Hospitals (Cancer, TB, etc)",0
Nanded,2018,Kandhar,Clinics,5
Nanded,2018,Kandhar,Maternity Wards,11
Nanded,2018,Kandhar,Number of Beds,99
Nanded,2018,Mukhed,Hospitals,17
Nanded,2018,Mukhed,"Specialty Hospitals (Cancer, TB, etc)",0
Nanded,2018,Mukhed,Clinics,9
Nanded,2018,Mukhed,Maternity Wards,8
Nanded,2018,Mukhed,Number of Beds,149
Nanded,2018,Deglur,Hospitals,67
Nanded,2018,Deglur,"Specialty Hospitals (Cancer, TB, etc)",0
Nanded,2018,Deglur,Clinics,33
Nanded,2018,Deglur,Maternity Wards,34
Nanded,2018,Deglur,Number of Beds,364
Nanded,2019,Mahur,Hospitals,10
Nanded,2019,Mahur,"Specialty Hospitals (Cancer, TB, etc)",0
Nanded,2019,Mahur,Clinics,8
Nanded,2019,Mahur,Maternity Wards,2
Nanded,2019,Mahur,Number of Beds,27
Nanded,2019,Kinvat,Hospitals,20
Nanded,2019,Kinvat,"Specialty Hospitals (Cancer, TB, etc)",0
Nanded,2019,Kinvat,Clinics,15
Nanded,2019,Kinvat,Maternity Wards,5
Nanded,2019,Kinvat,Number of Beds,125
Nanded,2019,Himalay Nagar,Hospitals,18
Nanded,2019,Himalay Nagar,"Specialty Hospitals (Cancer, TB, etc)",0
Nanded,2019,Himalay Nagar,Clinics,12
Nanded,2019,Himalay Nagar,Maternity Wards,6
Nanded,2019,Himalay Nagar,Number of Beds,68
Nanded,2019,Hadgaon,Hospitals,18
Nanded,2019,Hadgaon,"Specialty Hospitals (Cancer, TB, etc)",0
Nanded,2019,Hadgaon,Clinics,15
Nanded,2019,Hadgaon,Maternity Wards,3
Nanded,2019,Hadgaon,Number of Beds,90
Nanded,2019,Andhrapur,Hospitals,6
Nanded,2019,Andhrapur,"Specialty Hospitals (Cancer, TB, etc)",0
Nanded,2019,Andhrapur,Clinics,4
Nanded,2019,Andhrapur,Maternity Wards,2
Nanded,2019,Andhrapur,Number of Beds,26
Nanded,2019,Nanded,Hospitals,81
Nanded,2019,Nanded,"Specialty Hospitals (Cancer, TB, etc)",4
Nanded,2019,Nanded,Clinics,175
Nanded,2019,Nanded,Maternity Wards,39
Nanded,2019,Nanded,Number of Beds,850
Nanded,2019,Mudkhed,Hospitals,9
Nanded,2019,Mudkhed,"Specialty Hospitals (Cancer, TB, etc)",0
Nanded,2019,Mudkhed,Clinics,6
Nanded,2019,Mudkhed,Maternity Wards,3
Nanded,2019,Mudkhed,Number of Beds,66
Nanded,2019,Bhokar,Hospitals,35
Nanded,2019,Bhokar,"Specialty Hospitals (Cancer, TB, etc)",0
Nanded,2019,Bhokar,Clinics,18
Nanded,2019,Bhokar,Maternity Wards,17
Nanded,2019,Bhokar,Number of Beds,60
Nanded,2019,Umari,Hospitals,22
Nanded,2019,Umari,"Specialty Hospitals (Cancer, TB, etc)",0
Nanded,2019,Umari,Clinics,19
Nanded,2019,Umari,Maternity Wards,4
Nanded,2019,Umari,Number of Beds,51
Nanded,2019,Dharmabad,Hospitals,14
Nanded,2019,Dharmabad,"Specialty Hospitals (Cancer, TB, etc)",0
Nanded,2019,Dharmabad,Clinics,9
Nanded,2019,Dharmabad,Maternity Wards,8
Nanded,2019,Dharmabad,Number of Beds,40
Nanded,2019,Biloli,Hospitals,13
Nanded,2019,Biloli,"Specialty Hospitals (Cancer, TB, etc)",0
Nanded,2019,Biloli,Clinics,11
Nanded,2019,Biloli,Maternity Wards,2
Nanded,2019,Biloli,Number of Beds,37
Nanded,2019,Naygaon,Hospitals,21
Nanded,2019,Naygaon,"Specialty Hospitals (Cancer, TB, etc)",0
Nanded,2019,Naygaon,Clinics,13
Nanded,2019,Naygaon,Maternity Wards,9
Nanded,2019,Naygaon,Number of Beds,101
Nanded,2019,Loha,Hospitals,19
Nanded,2019,Loha,"Specialty Hospitals (Cancer, TB, etc)",0
Nanded,2019,Loha,Clinics,8
Nanded,2019,Loha,Maternity Wards,14
Nanded,2019,Loha,Number of Beds,141
Nanded,2019,Kandhar,Hospitals,16
Nanded,2019,Kandhar,"Specialty Hospitals (Cancer, TB, etc)",0
Nanded,2019,Kandhar,Clinics,5
Nanded,2019,Kandhar,Maternity Wards,15
Nanded,2019,Kandhar,Number of Beds,99
Nanded,2019,Mukhed,Hospitals,17
Nanded,2019,Mukhed,"Specialty Hospitals (Cancer, TB, etc)",0
Nanded,2019,Mukhed,Clinics,9
Nanded,2019,Mukhed,Maternity Wards,10
Nanded,2019,Mukhed,Number of Beds,149
Nanded,2019,Deglur,Hospitals,67
Nanded,2019,Deglur,"Specialty Hospitals (Cancer, TB, etc)",0
Nanded,2019,Deglur,Clinics,33
Nanded,2019,Deglur,Maternity Wards,34
Nanded,2019,Deglur,Number of Beds,364
Nanded,2020,Mahur,Hospitals,10
Nanded,2020,Mahur,"Specialty Hospitals (Cancer, TB, etc)",0
Nanded,2020,Mahur,Clinics,8
Nanded,2020,Mahur,Maternity Wards,2
Nanded,2020,Mahur,Number of Beds,27
Nanded,2020,Kinvat,Hospitals,20
Nanded,2020,Kinvat,"Specialty Hospitals (Cancer, TB, etc)",0
Nanded,2020,Kinvat,Clinics,15
Nanded,2020,Kinvat,Maternity Wards,5
Nanded,2020,Kinvat,Number of Beds,125
Nanded,2020,Himalay Nagar,Hospitals,18
Nanded,2020,Himalay Nagar,"Specialty Hospitals (Cancer, TB, etc)",0
Nanded,2020,Himalay Nagar,Clinics,12
Nanded,2020,Himalay Nagar,Maternity Wards,6
Nanded,2020,Himalay Nagar,Number of Beds,68
Nanded,2020,Hadgaon,Hospitals,18
Nanded,2020,Hadgaon,"Specialty Hospitals (Cancer, TB, etc)",0
Nanded,2020,Hadgaon,Clinics,15
Nanded,2020,Hadgaon,Maternity Wards,3
Nanded,2020,Hadgaon,Number of Beds,90
Nanded,2020,Andhrapur,Hospitals,6
Nanded,2020,Andhrapur,"Specialty Hospitals (Cancer, TB, etc)",0
Nanded,2020,Andhrapur,Clinics,4
Nanded,2020,Andhrapur,Maternity Wards,2
Nanded,2020,Andhrapur,Number of Beds,26
Nanded,2020,Nanded,Hospitals,367
Nanded,2020,Nanded,"Specialty Hospitals (Cancer, TB, etc)",4
Nanded,2020,Nanded,Clinics,175
Nanded,2020,Nanded,Maternity Wards,150
Nanded,2020,Nanded,Number of Beds,4772
Nanded,2020,Mudkhed,Hospitals,9
Nanded,2020,Mudkhed,"Specialty Hospitals (Cancer, TB, etc)",0
Nanded,2020,Mudkhed,Clinics,6
Nanded,2020,Mudkhed,Maternity Wards,3
Nanded,2020,Mudkhed,Number of Beds,66
Nanded,2020,Bhokar,Hospitals,35
Nanded,2020,Bhokar,"Specialty Hospitals (Cancer, TB, etc)",0
Nanded,2020,Bhokar,Clinics,18
Nanded,2020,Bhokar,Maternity Wards,17
Nanded,2020,Bhokar,Number of Beds,60
Nanded,2020,Umari,Hospitals,22
Nanded,2020,Umari,"Specialty Hospitals (Cancer, TB, etc)",0
Nanded,2020,Umari,Clinics,19
Nanded,2020,Umari,Maternity Wards,4
Nanded,2020,Umari,Number of Beds,51
Nanded,2020,Dharmabad,Hospitals,14
Nanded,2020,Dharmabad,"Specialty Hospitals (Cancer, TB, etc)",0
Nanded,2020,Dharmabad,Clinics,9
Nanded,2020,Dharmabad,Maternity Wards,8
Nanded,2020,Dharmabad,Number of Beds,40
Nanded,2020,Biloli,Hospitals,13
Nanded,2020,Biloli,"Specialty Hospitals (Cancer, TB, etc)",0
Nanded,2020,Biloli,Clinics,11
Nanded,2020,Biloli,Maternity Wards,2
Nanded,2020,Biloli,Number of Beds,37
Nanded,2020,Naygaon,Hospitals,21
Nanded,2020,Naygaon,"Specialty Hospitals (Cancer, TB, etc)",0
Nanded,2020,Naygaon,Clinics,13
Nanded,2020,Naygaon,Maternity Wards,9
Nanded,2020,Naygaon,Number of Beds,101
Nanded,2020,Loha,Hospitals,19
Nanded,2020,Loha,"Specialty Hospitals (Cancer, TB, etc)",0
Nanded,2020,Loha,Clinics,8
Nanded,2020,Loha,Maternity Wards,14
Nanded,2020,Loha,Number of Beds,141
Nanded,2020,Kandhar,Hospitals,16
Nanded,2020,Kandhar,"Specialty Hospitals (Cancer, TB, etc)",0
Nanded,2020,Kandhar,Clinics,5
Nanded,2020,Kandhar,Maternity Wards,15
Nanded,2020,Kandhar,Number of Beds,99
Nanded,2020,Mukhed,Hospitals,17
Nanded,2020,Mukhed,"Specialty Hospitals (Cancer, TB, etc)",0
Nanded,2020,Mukhed,Clinics,9
Nanded,2020,Mukhed,Maternity Wards,10
Nanded,2020,Mukhed,Number of Beds,149
Nanded,2020,Deglur,Hospitals,67
Nanded,2020,Deglur,"Specialty Hospitals (Cancer, TB, etc)",0
Nanded,2020,Deglur,Clinics,33
Nanded,2020,Deglur,Maternity Wards,34
Nanded,2020,Deglur,Number of Beds,364
Nanded,2021,Mahur,Hospitals,12
Nanded,2021,Mahur,"Specialty Hospitals (Cancer, TB, etc)",0
Nanded,2021,Mahur,Clinics,10
Nanded,2021,Mahur,Maternity Wards,2
Nanded,2021,Mahur,Number of Beds,30
Nanded,2021,Kinvat,Hospitals,22
Nanded,2021,Kinvat,"Specialty Hospitals (Cancer, TB, etc)",0
Nanded,2021,Kinvat,Clinics,14
Nanded,2021,Kinvat,Maternity Wards,8
Nanded,2021,Kinvat,Number of Beds,167
Nanded,2021,Himalay Nagar,Hospitals,19
Nanded,2021,Himalay Nagar,"Specialty Hospitals (Cancer, TB, etc)",0
Nanded,2021,Himalay Nagar,Clinics,10
Nanded,2021,Himalay Nagar,Maternity Wards,9
Nanded,2021,Himalay Nagar,Number of Beds,98
Nanded,2021,Hadgaon,Hospitals,19
Nanded,2021,Hadgaon,"Specialty Hospitals (Cancer, TB, etc)",0
Nanded,2021,Hadgaon,Clinics,8
Nanded,2021,Hadgaon,Maternity Wards,11
Nanded,2021,Hadgaon,Number of Beds,192
Nanded,2021,Andhrapur,Hospitals,5
Nanded,2021,Andhrapur,"Specialty Hospitals (Cancer, TB, etc)",0
Nanded,2021,Andhrapur,Clinics,3
Nanded,2021,Andhrapur,Maternity Wards,2
Nanded,2021,Andhrapur,Number of Beds,26
Nanded,2021,Nanded,Hospitals,367
Nanded,2021,Nanded,"Specialty Hospitals (Cancer, TB, etc)",4
Nanded,2021,Nanded,Clinics,175
Nanded,2021,Nanded,Maternity Wards,150
Nanded,2021,Nanded,Number of Beds,4772
Nanded,2021,Mudkhed,Hospitals,10
Nanded,2021,Mudkhed,"Specialty Hospitals (Cancer, TB, etc)",0
Nanded,2021,Mudkhed,Clinics,3
Nanded,2021,Mudkhed,Maternity Wards,7
Nanded,2021,Mudkhed,Number of Beds,76
Nanded,2021,Bhokar,Hospitals,22
Nanded,2021,Bhokar,"Specialty Hospitals (Cancer, TB, etc)",0
Nanded,2021,Bhokar,Clinics,14
Nanded,2021,Bhokar,Maternity Wards,8
Nanded,2021,Bhokar,Number of Beds,176
Nanded,2021,Umari,Hospitals,22
Nanded,2021,Umari,"Specialty Hospitals (Cancer, TB, etc)",0
Nanded,2021,Umari,Clinics,19
Nanded,2021,Umari,Maternity Wards,3
Nanded,2021,Umari,Number of Beds,43
Nanded,2021,Dharmabad,Hospitals,7
Nanded,2021,Dharmabad,"Specialty Hospitals (Cancer, TB, etc)",0
Nanded,2021,Dharmabad,Clinics,4
Nanded,2021,Dharmabad,Maternity Wards,3
Nanded,2021,Dharmabad,Number of Beds,26
Nanded,2021,Biloli,Hospitals,13
Nanded,2021,Biloli,"Specialty Hospitals (Cancer, TB, etc)",0
Nanded,2021,Biloli,Clinics,12
Nanded,2021,Biloli,Maternity Wards,1
Nanded,2021,Biloli,Number of Beds,30
Nanded,2021,Naygaon,Hospitals,21
Nanded,2021,Naygaon,"Specialty Hospitals (Cancer, TB, etc)",0
Nanded,2021,Naygaon,Clinics,6
Nanded,2021,Naygaon,Maternity Wards,15
Nanded,2021,Naygaon,Number of Beds,111
Nanded,2021,Loha,Hospitals,20
Nanded,2021,Loha,"Specialty Hospitals (Cancer, TB, etc)",0
Nanded,2021,Loha,Clinics,13
Nanded,2021,Loha,Maternity Wards,7
Nanded,2021,Loha,Number of Beds,147
Nanded,2021,Kandhar,Hospitals,16
Nanded,2021,Kandhar,"Specialty Hospitals (Cancer, TB, etc)",0
Nanded,2021,Kandhar,Clinics,6
Nanded,2021,Kandhar,Maternity Wards,10
Nanded,2021,Kandhar,Number of Beds,104
Nanded,2021,Mukhed,Hospitals,20
Nanded,2021,Mukhed,"Specialty Hospitals (Cancer, TB, etc)",0
Nanded,2021,Mukhed,Clinics,9
Nanded,2021,Mukhed,Maternity Wards,11
Nanded,2021,Mukhed,Number of Beds,290
Nanded,2021,Deglur,Hospitals,79
Nanded,2021,Deglur,"Specialty Hospitals (Cancer, TB, etc)",0
Nanded,2021,Deglur,Clinics,49
Nanded,2021,Deglur,Maternity Wards,30
Nanded,2021,Deglur,Number of Beds,404
Nandurbar,2012,Akkalkuva,Hospitals,1
Nandurbar,2012,Akkalkuva,"Specialty Hospitals (Cancer, TB, etc)",0
Nandurbar,2012,Akkalkuva,Clinics,0
Nandurbar,2012,Akkalkuva,Maternity Wards,0
Nandurbar,2012,Akkalkuva,Number of Beds,10
Nandurbar,2012,Akrani,Hospitals,0
Nandurbar,2012,Akrani,"Specialty Hospitals (Cancer, TB, etc)",0
Nandurbar,2012,Akrani,Clinics,0
Nandurbar,2012,Akrani,Maternity Wards,0
Nandurbar,2012,Akrani,Number of Beds,0
Nandurbar,2012,Taloda,Hospitals,0
Nandurbar,2012,Taloda,"Specialty Hospitals (Cancer, TB, etc)",0
Nandurbar,2012,Taloda,Clinics,0
Nandurbar,2012,Taloda,Maternity Wards,0
Nandurbar,2012,Taloda,Number of Beds,0
Nandurbar,2012,Shahada,Hospitals,29
Nandurbar,2012,Shahada,"Specialty Hospitals (Cancer, TB, etc)",0
Nandurbar,2012,Shahada,Clinics,14
Nandurbar,2012,Shahada,Maternity Wards,14
Nandurbar,2012,Shahada,Number of Beds,114
Nandurbar,2012,Nandurbar,Hospitals,43
Nandurbar,2012,Nandurbar,"Specialty Hospitals (Cancer, TB, etc)",0
Nandurbar,2012,Nandurbar,Clinics,29
Nandurbar,2012,Nandurbar,Maternity Wards,14
Nandurbar,2012,Nandurbar,Number of Beds,193
Nandurbar,2012,Navapur,Hospitals,10
Nandurbar,2012,Navapur,"Specialty Hospitals (Cancer, TB, etc)",0
Nandurbar,2012,Navapur,Clinics,3
Nandurbar,2012,Navapur,Maternity Wards,4
Nandurbar,2012,Navapur,Number of Beds,55
Nandurbar,2013,Akkalkuva,Hospitals,0
Nandurbar,2013,Akkalkuva,"Specialty Hospitals (Cancer, TB, etc)",0
Nandurbar,2013,Akkalkuva,Clinics,0
Nandurbar,2013,Akkalkuva,Maternity Wards,0
Nandurbar,2013,Akkalkuva,Number of Beds,0
Nandurbar,2013,Akrani,Hospitals,0
Nandurbar,2013,Akrani,"Specialty Hospitals (Cancer, TB, etc)",0
Nandurbar,2013,Akrani,Clinics,0
Nandurbar,2013,Akrani,Maternity Wards,0
Nandurbar,2013,Akrani,Number of Beds,0
Nandurbar,2013,Taloda,Hospitals,0
Nandurbar,2013,Taloda,"Specialty Hospitals (Cancer, TB, etc)",0
Nandurbar,2013,Taloda,Clinics,0
Nandurbar,2013,Taloda,Maternity Wards,0
Nandurbar,2013,Taloda,Number of Beds,0
Nandurbar,2013,Shahada,Hospitals,31
Nandurbar,2013,Shahada,"Specialty Hospitals (Cancer, TB, etc)",0
Nandurbar,2013,Shahada,Clinics,21
Nandurbar,2013,Shahada,Maternity Wards,10
Nandurbar,2013,Shahada,Number of Beds,300
Nandurbar,2013,Nandurbar,Hospitals,43
Nandurbar,2013,Nandurbar,"Specialty Hospitals (Cancer, TB, etc)",0
Nandurbar,2013,Nandurbar,Clinics,30
Nandurbar,2013,Nandurbar,Maternity Wards,13
Nandurbar,2013,Nandurbar,Number of Beds,424
Nandurbar,2013,Navapur,Hospitals,6
Nandurbar,2013,Navapur,"Specialty Hospitals (Cancer, TB, etc)",0
Nandurbar,2013,Navapur,Clinics,3
Nandurbar,2013,Navapur,Maternity Wards,3
Nandurbar,2013,Navapur,Number of Beds,50
Nandurbar,2014,Akkalkuva,Hospitals,0
Nandurbar,2014,Akkalkuva,"Specialty Hospitals (Cancer, TB, etc)",0
Nandurbar,2014,Akkalkuva,Clinics,0
Nandurbar,2014,Akkalkuva,Maternity Wards,0
Nandurbar,2014,Akkalkuva,Number of Beds,0
Nandurbar,2014,Akrani,Hospitals,0
Nandurbar,2014,Akrani,"Specialty Hospitals (Cancer, TB, etc)",0
Nandurbar,2014,Akrani,Clinics,0
Nandurbar,2014,Akrani,Maternity Wards,0
Nandurbar,2014,Akrani,Number of Beds,0
Nandurbar,2014,Taloda,Hospitals,0
Nandurbar,2014,Taloda,"Specialty Hospitals (Cancer, TB, etc)",0
Nandurbar,2014,Taloda,Clinics,0
Nandurbar,2014,Taloda,Maternity Wards,0
Nandurbar,2014,Taloda,Number of Beds,0
Nandurbar,2014,Shahada,Hospitals,28
Nandurbar,2014,Shahada,"Specialty Hospitals (Cancer, TB, etc)",0
Nandurbar,2014,Shahada,Clinics,14
Nandurbar,2014,Shahada,Maternity Wards,14
Nandurbar,2014,Shahada,Number of Beds,283
Nandurbar,2014,Nandurbar,Hospitals,43
Nandurbar,2014,Nandurbar,"Specialty Hospitals (Cancer, TB, etc)",0
Nandurbar,2014,Nandurbar,Clinics,29
Nandurbar,2014,Nandurbar,Maternity Wards,14
Nandurbar,2014,Nandurbar,Number of Beds,424
Nandurbar,2014,Navapur,Hospitals,7
Nandurbar,2014,Navapur,"Specialty Hospitals (Cancer, TB, etc)",0
Nandurbar,2014,Navapur,Clinics,3
Nandurbar,2014,Navapur,Maternity Wards,4
Nandurbar,2014,Navapur,Number of Beds,54
Nandurbar,2015,Akkalkuva,Hospitals,0
Nandurbar,2015,Akkalkuva,"Specialty Hospitals (Cancer, TB, etc)",0
Nandurbar,2015,Akkalkuva,Clinics,0
Nandurbar,2015,Akkalkuva,Maternity Wards,0
Nandurbar,2015,Akkalkuva,Number of Beds,0
Nandurbar,2015,Akrani,Hospitals,0
Nandurbar,2015,Akrani,"Specialty Hospitals (Cancer, TB, etc)",0
Nandurbar,2015,Akrani,Clinics,0
Nandurbar,2015,Akrani,Maternity Wards,0
Nandurbar,2015,Akrani,Number of Beds,0
Nandurbar,2015,Taloda,Hospitals,0
Nandurbar,2015,Taloda,"Specialty Hospitals (Cancer, TB, etc)",0
Nandurbar,2015,Taloda,Clinics,0
Nandurbar,2015,Taloda,Maternity Wards,0
Nandurbar,2015,Taloda,Number of Beds,0
Nandurbar,2015,Shahada,Hospitals,28
Nandurbar,2015,Shahada,"Specialty Hospitals (Cancer, TB, etc)",0
Nandurbar,2015,Shahada,Clinics,14
Nandurbar,2015,Shahada,Maternity Wards,14
Nandurbar,2015,Shahada,Number of Beds,283
Nandurbar,2015,Nandurbar,Hospitals,43
Nandurbar,2015,Nandurbar,"Specialty Hospitals (Cancer, TB, etc)",0
Nandurbar,2015,Nandurbar,Clinics,29
Nandurbar,2015,Nandurbar,Maternity Wards,14
Nandurbar,2015,Nandurbar,Number of Beds,424
Nandurbar,2015,Navapur,Hospitals,7
Nandurbar,2015,Navapur,"Specialty Hospitals (Cancer, TB, etc)",0
Nandurbar,2015,Navapur,Clinics,3
Nandurbar,2015,Navapur,Maternity Wards,4
Nandurbar,2015,Navapur,Number of Beds,54
Nandurbar,2016,Akkalkuva,Hospitals,0
Nandurbar,2016,Akkalkuva,"Specialty Hospitals (Cancer, TB, etc)",0
Nandurbar,2016,Akkalkuva,Clinics,0
Nandurbar,2016,Akkalkuva,Maternity Wards,0
Nandurbar,2016,Akkalkuva,Number of Beds,0
Nandurbar,2016,Akrani,Hospitals,0
Nandurbar,2016,Akrani,"Specialty Hospitals (Cancer, TB, etc)",0
Nandurbar,2016,Akrani,Clinics,0
Nandurbar,2016,Akrani,Maternity Wards,0
Nandurbar,2016,Akrani,Number of Beds,0
Nandurbar,2016,Taloda,Hospitals,3
Nandurbar,2016,Taloda,"Specialty Hospitals (Cancer, TB, etc)",0
Nandurbar,2016,Taloda,Clinics,13
Nandurbar,2016,Taloda,Maternity Wards,2
Nandurbar,2016,Taloda,Number of Beds,20
Nandurbar,2016,Shahada,Hospitals,31
Nandurbar,2016,Shahada,"Specialty Hospitals (Cancer, TB, etc)",0
Nandurbar,2016,Shahada,Clinics,33
Nandurbar,2016,Shahada,Maternity Wards,10
Nandurbar,2016,Shahada,Number of Beds,334
Nandurbar,2016,Nandurbar,Hospitals,46
Nandurbar,2016,Nandurbar,"Specialty Hospitals (Cancer, TB, etc)",0
Nandurbar,2016,Nandurbar,Clinics,60
Nandurbar,2016,Nandurbar,Maternity Wards,17
Nandurbar,2016,Nandurbar,Number of Beds,428
Nandurbar,2016,Navapur,Hospitals,8
Nandurbar,2016,Navapur,"Specialty Hospitals (Cancer, TB, etc)",0
Nandurbar,2016,Navapur,Clinics,30
Nandurbar,2016,Navapur,Maternity Wards,4
Nandurbar,2016,Navapur,Number of Beds,66
Nandurbar,2017,Akkalkuva,Hospitals,0
Nandurbar,2017,Akkalkuva,"Specialty Hospitals (Cancer, TB, etc)",0
Nandurbar,2017,Akkalkuva,Clinics,0
Nandurbar,2017,Akkalkuva,Maternity Wards,0
Nandurbar,2017,Akkalkuva,Number of Beds,0
Nandurbar,2017,Akrani,Hospitals,0
Nandurbar,2017,Akrani,"Specialty Hospitals (Cancer, TB, etc)",0
Nandurbar,2017,Akrani,Clinics,0
Nandurbar,2017,Akrani,Maternity Wards,0
Nandurbar,2017,Akrani,Number of Beds,0
Nandurbar,2017,Taloda,Hospitals,8
Nandurbar,2017,Taloda,"Specialty Hospitals (Cancer, TB, etc)",0
Nandurbar,2017,Taloda,Clinics,25
Nandurbar,2017,Taloda,Maternity Wards,2
Nandurbar,2017,Taloda,Number of Beds,40
Nandurbar,2017,Shahada,Hospitals,50
Nandurbar,2017,Shahada,"Specialty Hospitals (Cancer, TB, etc)",2
Nandurbar,2017,Shahada,Clinics,44
Nandurbar,2017,Shahada,Maternity Wards,15
Nandurbar,2017,Shahada,Number of Beds,425
Nandurbar,2017,Nandurbar,Hospitals,45
Nandurbar,2017,Nandurbar,"Specialty Hospitals (Cancer, TB, etc)",0
Nandurbar,2017,Nandurbar,Clinics,64
Nandurbar,2017,Nandurbar,Maternity Wards,17
Nandurbar,2017,Nandurbar,Number of Beds,480
Nandurbar,2017,Navapur,Hospitals,17
Nandurbar,2017,Navapur,"Specialty Hospitals (Cancer, TB, etc)",0
Nandurbar,2017,Navapur,Clinics,28
Nandurbar,2017,Navapur,Maternity Wards,4
Nandurbar,2017,Navapur,Number of Beds,124
Nandurbar,2018,Akkalkuva,Hospitals,0
Nandurbar,2018,Akkalkuva,"Specialty Hospitals (Cancer, TB, etc)",0
Nandurbar,2018,Akkalkuva,Clinics,14
Nandurbar,2018,Akkalkuva,Maternity Wards,0
Nandurbar,2018,Akkalkuva,Number of Beds,0
Nandurbar,2018,Akrani,Hospitals,0
Nandurbar,2018,Akrani,"Specialty Hospitals (Cancer, TB, etc)",0
Nandurbar,2018,Akrani,Clinics,0
Nandurbar,2018,Akrani,Maternity Wards,0
Nandurbar,2018,Akrani,Number of Beds,0
Nandurbar,2018,Taloda,Hospitals,6
Nandurbar,2018,Taloda,"Specialty Hospitals (Cancer, TB, etc)",0
Nandurbar,2018,Taloda,Clinics,7
Nandurbar,2018,Taloda,Maternity Wards,2
Nandurbar,2018,Taloda,Number of Beds,56
Nandurbar,2018,Shahada,Hospitals,48
Nandurbar,2018,Shahada,"Specialty Hospitals (Cancer, TB, etc)",0
Nandurbar,2018,Shahada,Clinics,48
Nandurbar,2018,Shahada,Maternity Wards,15
Nandurbar,2018,Shahada,Number of Beds,418
Nandurbar,2018,Nandurbar,Hospitals,76
Nandurbar,2018,Nandurbar,"Specialty Hospitals (Cancer, TB, etc)",1
Nandurbar,2018,Nandurbar,Clinics,68
Nandurbar,2018,Nandurbar,Maternity Wards,17
Nandurbar,2018,Nandurbar,Number of Beds,538
Nandurbar,2018,Navapur,Hospitals,15
Nandurbar,2018,Navapur,"Specialty Hospitals (Cancer, TB, etc)",0
Nandurbar,2018,Navapur,Clinics,23
Nandurbar,2018,Navapur,Maternity Wards,4
Nandurbar,2018,Navapur,Number of Beds,118
Nandurbar,2019,Akkalkuva,Hospitals,0
Nandurbar,2019,Akkalkuva,"Specialty Hospitals (Cancer, TB, etc)",0
Nandurbar,2019,Akkalkuva,Clinics,13
Nandurbar,2019,Akkalkuva,Maternity Wards,0
Nandurbar,2019,Akkalkuva,Number of Beds,65
Nandurbar,2019,Akrani,Hospitals,0
Nandurbar,2019,Akrani,"Specialty Hospitals (Cancer, TB, etc)",0
Nandurbar,2019,Akrani,Clinics,6
Nandurbar,2019,Akrani,Maternity Wards,0
Nandurbar,2019,Akrani,Number of Beds,30
Nandurbar,2019,Taloda,Hospitals,6
Nandurbar,2019,Taloda,"Specialty Hospitals (Cancer, TB, etc)",0
Nandurbar,2019,Taloda,Clinics,9
Nandurbar,2019,Taloda,Maternity Wards,2
Nandurbar,2019,Taloda,Number of Beds,56
Nandurbar,2019,Shahada,Hospitals,48
Nandurbar,2019,Shahada,"Specialty Hospitals (Cancer, TB, etc)",0
Nandurbar,2019,Shahada,Clinics,53
Nandurbar,2019,Shahada,Maternity Wards,15
Nandurbar,2019,Shahada,Number of Beds,418
Nandurbar,2019,Nandurbar,Hospitals,76
Nandurbar,2019,Nandurbar,"Specialty Hospitals (Cancer, TB, etc)",1
Nandurbar,2019,Nandurbar,Clinics,64
Nandurbar,2019,Nandurbar,Maternity Wards,17
Nandurbar,2019,Nandurbar,Number of Beds,538
Nandurbar,2019,Navapur,Hospitals,15
Nandurbar,2019,Navapur,"Specialty Hospitals (Cancer, TB, etc)",0
Nandurbar,2019,Navapur,Clinics,38
Nandurbar,2019,Navapur,Maternity Wards,4
Nandurbar,2019,Navapur,Number of Beds,118
Nandurbar,2020,Akkalkuva,Hospitals,0
Nandurbar,2020,Akkalkuva,"Specialty Hospitals (Cancer, TB, etc)",0
Nandurbar,2020,Akkalkuva,Clinics,13
Nandurbar,2020,Akkalkuva,Maternity Wards,0
Nandurbar,2020,Akkalkuva,Number of Beds,65
Nandurbar,2020,Akrani,Hospitals,0
Nandurbar,2020,Akrani,"Specialty Hospitals (Cancer, TB, etc)",0
Nandurbar,2020,Akrani,Clinics,6
Nandurbar,2020,Akrani,Maternity Wards,0
Nandurbar,2020,Akrani,Number of Beds,30
Nandurbar,2020,Taloda,Hospitals,6
Nandurbar,2020,Taloda,"Specialty Hospitals (Cancer, TB, etc)",0
Nandurbar,2020,Taloda,Clinics,9
Nandurbar,2020,Taloda,Maternity Wards,1
Nandurbar,2020,Taloda,Number of Beds,45
Nandurbar,2020,Shahada,Hospitals,48
Nandurbar,2020,Shahada,"Specialty Hospitals (Cancer, TB, etc)",0
Nandurbar,2020,Shahada,Clinics,53
Nandurbar,2020,Shahada,Maternity Wards,5
Nandurbar,2020,Shahada,Number of Beds,265
Nandurbar,2020,Nandurbar,Hospitals,76
Nandurbar,2020,Nandurbar,"Specialty Hospitals (Cancer, TB, etc)",0
Nandurbar,2020,Nandurbar,Clinics,64
Nandurbar,2020,Nandurbar,Maternity Wards,10
Nandurbar,2020,Nandurbar,Number of Beds,320
Nandurbar,2020,Navapur,Hospitals,15
Nandurbar,2020,Navapur,"Specialty Hospitals (Cancer, TB, etc)",0
Nandurbar,2020,Navapur,Clinics,38
Nandurbar,2020,Navapur,Maternity Wards,2
Nandurbar,2020,Navapur,Number of Beds,152
Nandurbar,2021,Akkalkuva,Hospitals,0
Nandurbar,2021,Akkalkuva,"Specialty Hospitals (Cancer, TB, etc)",0
Nandurbar,2021,Akkalkuva,Clinics,13
Nandurbar,2021,Akkalkuva,Maternity Wards,0
Nandurbar,2021,Akkalkuva,Number of Beds,282
Nandurbar,2021,Akrani,Hospitals,0
Nandurbar,2021,Akrani,"Specialty Hospitals (Cancer, TB, etc)",0
Nandurbar,2021,Akrani,Clinics,6
Nandurbar,2021,Akrani,Maternity Wards,0
Nandurbar,2021,Akrani,Number of Beds,0
Nandurbar,2021,Taloda,Hospitals,7
Nandurbar,2021,Taloda,"Specialty Hospitals (Cancer, TB, etc)",0
Nandurbar,2021,Taloda,Clinics,9
Nandurbar,2021,Taloda,Maternity Wards,1
Nandurbar,2021,Taloda,Number of Beds,49
Nandurbar,2021,Shahada,Hospitals,50
Nandurbar,2021,Shahada,"Specialty Hospitals (Cancer, TB, etc)",0
Nandurbar,2021,Shahada,Clinics,53
Nandurbar,2021,Shahada,Maternity Wards,9
Nandurbar,2021,Shahada,Number of Beds,567
Nandurbar,2021,Nandurbar,Hospitals,83
Nandurbar,2021,Nandurbar,"Specialty Hospitals (Cancer, TB, etc)",0
Nandurbar,2021,Nandurbar,Clinics,64
Nandurbar,2021,Nandurbar,Maternity Wards,13
Nandurbar,2021,Nandurbar,Number of Beds,1461
Nandurbar,2021,Navapur,Hospitals,17
Nandurbar,2021,Navapur,"Specialty Hospitals (Cancer, TB, etc)",0
Nandurbar,2021,Navapur,Clinics,38
Nandurbar,2021,Navapur,Maternity Wards,3
Nandurbar,2021,Navapur,Number of Beds,378
Nashik,2012,Surgana,Hospitals,2
Nashik,2012,Surgana,"Specialty Hospitals (Cancer, TB, etc)",0
Nashik,2012,Surgana,Clinics,45
Nashik,2012,Surgana,Maternity Wards,10
Nashik,2012,Surgana,Number of Beds,40
Nashik,2012,Kalwan,Hospitals,7
Nashik,2012,Kalwan,"Specialty Hospitals (Cancer, TB, etc)",0
Nashik,2012,Kalwan,Clinics,60
Nashik,2012,Kalwan,Maternity Wards,15
Nashik,2012,Kalwan,Number of Beds,60
Nashik,2012,Devala,Hospitals,5
Nashik,2012,Devala,"Specialty Hospitals (Cancer, TB, etc)",0
Nashik,2012,Devala,Clinics,45
Nashik,2012,Devala,Maternity Wards,8
Nashik,2012,Devala,Number of Beds,32
Nashik,2012,Baglan,Hospitals,35
Nashik,2012,Baglan,"Specialty Hospitals (Cancer, TB, etc)",0
Nashik,2012,Baglan,Clinics,55
Nashik,2012,Baglan,Maternity Wards,20
Nashik,2012,Baglan,Number of Beds,80
Nashik,2012,Malegaon,Hospitals,109
Nashik,2012,Malegaon,"Specialty Hospitals (Cancer, TB, etc)",9
Nashik,2012,Malegaon,Clinics,300
Nashik,2012,Malegaon,Maternity Wards,94
Nashik,2012,Malegaon,Number of Beds,1076
Nashik,2012,Nandgaon,Hospitals,38
Nashik,2012,Nandgaon,"Specialty Hospitals (Cancer, TB, etc)",1
Nashik,2012,Nandgaon,Clinics,41
Nashik,2012,Nandgaon,Maternity Wards,10
Nashik,2012,Nandgaon,Number of Beds,341
Nashik,2012,Chandwad,Hospitals,8
Nashik,2012,Chandwad,"Specialty Hospitals (Cancer, TB, etc)",0
Nashik,2012,Chandwad,Clinics,45
Nashik,2012,Chandwad,Maternity Wards,24
Nashik,2012,Chandwad,Number of Beds,94
Nashik,2012,Dindori,Hospitals,10
Nashik,2012,Dindori,"Specialty Hospitals (Cancer, TB, etc)",0
Nashik,2012,Dindori,Clinics,74
Nashik,2012,Dindori,Maternity Wards,31
Nashik,2012,Dindori,Number of Beds,120
Nashik,2012,Peth,Hospitals,2
Nashik,2012,Peth,"Specialty Hospitals (Cancer, TB, etc)",0
Nashik,2012,Peth,Clinics,36
Nashik,2012,Peth,Maternity Wards,10
Nashik,2012,Peth,Number of Beds,38
Nashik,2012,Trimbak,Hospitals,5
Nashik,2012,Trimbak,"Specialty Hospitals (Cancer, TB, etc)",0
Nashik,2012,Trimbak,Clinics,40
Nashik,2012,Trimbak,Maternity Wards,10
Nashik,2012,Trimbak,Number of Beds,32
Nashik,2012,Nashik,Hospitals,752
Nashik,2012,Nashik,"Specialty Hospitals (Cancer, TB, etc)",4
Nashik,2012,Nashik,Clinics,639
Nashik,2012,Nashik,Maternity Wards,157
Nashik,2012,Nashik,Number of Beds,7316
Nashik,2012,Igatpuri,Hospitals,10
Nashik,2012,Igatpuri,"Specialty Hospitals (Cancer, TB, etc)",0
Nashik,2012,Igatpuri,Clinics,64
Nashik,2012,Igatpuri,Maternity Wards,18
Nashik,2012,Igatpuri,Number of Beds,54
Nashik,2012,Sinner,Hospitals,40
Nashik,2012,Sinner,"Specialty Hospitals (Cancer, TB, etc)",0
Nashik,2012,Sinner,Clinics,41
Nashik,2012,Sinner,Maternity Wards,28
Nashik,2012,Sinner,Number of Beds,596
Nashik,2012,Nifad,Hospitals,21
Nashik,2012,Nifad,"Specialty Hospitals (Cancer, TB, etc)",0
Nashik,2012,Nifad,Clinics,95
Nashik,2012,Nifad,Maternity Wards,35
Nashik,2012,Nifad,Number of Beds,122
Nashik,2012,Yewala,Hospitals,20
Nashik,2012,Yewala,"Specialty Hospitals (Cancer, TB, etc)",0
Nashik,2012,Yewala,Clinics,24
Nashik,2012,Yewala,Maternity Wards,21
Nashik,2012,Yewala,Number of Beds,342
Nashik,2013,Surgana,Hospitals,2
Nashik,2013,Surgana,"Specialty Hospitals (Cancer, TB, etc)",0
Nashik,2013,Surgana,Clinics,50
Nashik,2013,Surgana,Maternity Wards,11
Nashik,2013,Surgana,Number of Beds,44
Nashik,2013,Kalwan,Hospitals,8
Nashik,2013,Kalwan,"Specialty Hospitals (Cancer, TB, etc)",0
Nashik,2013,Kalwan,Clinics,66
Nashik,2013,Kalwan,Maternity Wards,17
Nashik,2013,Kalwan,Number of Beds,66
Nashik,2013,Devala,Hospitals,6
Nashik,2013,Devala,"Specialty Hospitals (Cancer, TB, etc)",0
Nashik,2013,Devala,Clinics,50
Nashik,2013,Devala,Maternity Wards,9
Nashik,2013,Devala,Number of Beds,35
Nashik,2013,Baglan,Hospitals,39
Nashik,2013,Baglan,"Specialty Hospitals (Cancer, TB, etc)",0
Nashik,2013,Baglan,Clinics,61
Nashik,2013,Baglan,Maternity Wards,22
Nashik,2013,Baglan,Number of Beds,88
Nashik,2013,Malegaon,Hospitals,120
Nashik,2013,Malegaon,"Specialty Hospitals (Cancer, TB, etc)",9
Nashik,2013,Malegaon,Clinics,330
Nashik,2013,Malegaon,Maternity Wards,103
Nashik,2013,Malegaon,Number of Beds,1184
Nashik,2013,Nandgaon,Hospitals,42
Nashik,2013,Nandgaon,"Specialty Hospitals (Cancer, TB, etc)",1
Nashik,2013,Nandgaon,Clinics,45
Nashik,2013,Nandgaon,Maternity Wards,11
Nashik,2013,Nandgaon,Number of Beds,375
Nashik,2013,Chandwad,Hospitals,9
Nashik,2013,Chandwad,"Specialty Hospitals (Cancer, TB, etc)",0
Nashik,2013,Chandwad,Clinics,50
Nashik,2013,Chandwad,Maternity Wards,26
Nashik,2013,Chandwad,Number of Beds,103
Nashik,2013,Dindori,Hospitals,11
Nashik,2013,Dindori,"Specialty Hospitals (Cancer, TB, etc)",0
Nashik,2013,Dindori,Clinics,81
Nashik,2013,Dindori,Maternity Wards,34
Nashik,2013,Dindori,Number of Beds,132
Nashik,2013,Peth,Hospitals,2
Nashik,2013,Peth,"Specialty Hospitals (Cancer, TB, etc)",0
Nashik,2013,Peth,Clinics,40
Nashik,2013,Peth,Maternity Wards,11
Nashik,2013,Peth,Number of Beds,42
Nashik,2013,Trimbak,Hospitals,6
Nashik,2013,Trimbak,"Specialty Hospitals (Cancer, TB, etc)",0
Nashik,2013,Trimbak,Clinics,44
Nashik,2013,Trimbak,Maternity Wards,11
Nashik,2013,Trimbak,Number of Beds,35
Nashik,2013,Nashik,Hospitals,827
Nashik,2013,Nashik,"Specialty Hospitals (Cancer, TB, etc)",4
Nashik,2013,Nashik,Clinics,703
Nashik,2013,Nashik,Maternity Wards,173
Nashik,2013,Nashik,Number of Beds,8048
Nashik,2013,Igatpuri,Hospitals,11
Nashik,2013,Igatpuri,"Specialty Hospitals (Cancer, TB, etc)",0
Nashik,2013,Igatpuri,Clinics,70
Nashik,2013,Igatpuri,Maternity Wards,20
Nashik,2013,Igatpuri,Number of Beds,59
Nashik,2013,Sinner,Hospitals,44
Nashik,2013,Sinner,"Specialty Hospitals (Cancer, TB, etc)",0
Nashik,2013,Sinner,Clinics,45
Nashik,2013,Sinner,Maternity Wards,31
Nashik,2013,Sinner,Number of Beds,656
Nashik,2013,Nifad,Hospitals,23
Nashik,2013,Nifad,"Specialty Hospitals (Cancer, TB, etc)",0
Nashik,2013,Nifad,Clinics,105
Nashik,2013,Nifad,Maternity Wards,39
Nashik,2013,Nifad,Number of Beds,134
Nashik,2013,Yewala,Hospitals,22
Nashik,2013,Yewala,"Specialty Hospitals (Cancer, TB, etc)",0
Nashik,2013,Yewala,Clinics,26
Nashik,2013,Yewala,Maternity Wards,23
Nashik,2013,Yewala,Number of Beds,376
Nashik,2014,Surgana,Hospitals,2
Nashik,2014,Surgana,"Specialty Hospitals (Cancer, TB, etc)",0
Nashik,2014,Surgana,Clinics,54
Nashik,2014,Surgana,Maternity Wards,12
Nashik,2014,Surgana,Number of Beds,48
Nashik,2014,Kalwan,Hospitals,8
Nashik,2014,Kalwan,"Specialty Hospitals (Cancer, TB, etc)",0
Nashik,2014,Kalwan,Clinics,73
Nashik,2014,Kalwan,Maternity Wards,18
Nashik,2014,Kalwan,Number of Beds,73
Nashik,2014,Devala,Hospitals,6
Nashik,2014,Devala,"Specialty Hospitals (Cancer, TB, etc)",0
Nashik,2014,Devala,Clinics,54
Nashik,2014,Devala,Maternity Wards,10
Nashik,2014,Devala,Number of Beds,39
Nashik,2014,Baglan,Hospitals,42
Nashik,2014,Baglan,"Specialty Hospitals (Cancer, TB, etc)",0
Nashik,2014,Baglan,Clinics,67
Nashik,2014,Baglan,Maternity Wards,24
Nashik,2014,Baglan,Number of Beds,97
Nashik,2014,Malegaon,Hospitals,132
Nashik,2014,Malegaon,"Specialty Hospitals (Cancer, TB, etc)",9
Nashik,2014,Malegaon,Clinics,363
Nashik,2014,Malegaon,Maternity Wards,114
Nashik,2014,Malegaon,Number of Beds,1302
Nashik,2014,Nandgaon,Hospitals,46
Nashik,2014,Nandgaon,"Specialty Hospitals (Cancer, TB, etc)",1
Nashik,2014,Nandgaon,Clinics,50
Nashik,2014,Nandgaon,Maternity Wards,12
Nashik,2014,Nandgaon,Number of Beds,413
Nashik,2014,Chandwad,Hospitals,10
Nashik,2014,Chandwad,"Specialty Hospitals (Cancer, TB, etc)",0
Nashik,2014,Chandwad,Clinics,54
Nashik,2014,Chandwad,Maternity Wards,29
Nashik,2014,Chandwad,Number of Beds,114
Nashik,2014,Dindori,Hospitals,12
Nashik,2014,Dindori,"Specialty Hospitals (Cancer, TB, etc)",0
Nashik,2014,Dindori,Clinics,90
Nashik,2014,Dindori,Maternity Wards,38
Nashik,2014,Dindori,Number of Beds,145
Nashik,2014,Peth,Hospitals,2
Nashik,2014,Peth,"Specialty Hospitals (Cancer, TB, etc)",0
Nashik,2014,Peth,Clinics,44
Nashik,2014,Peth,Maternity Wards,12
Nashik,2014,Peth,Number of Beds,46
Nashik,2014,Trimbak,Hospitals,6
Nashik,2014,Trimbak,"Specialty Hospitals (Cancer, TB, etc)",0
Nashik,2014,Trimbak,Clinics,48
Nashik,2014,Trimbak,Maternity Wards,12
Nashik,2014,Trimbak,Number of Beds,39
Nashik,2014,Nashik,Hospitals,910
Nashik,2014,Nashik,"Specialty Hospitals (Cancer, TB, etc)",4
Nashik,2014,Nashik,Clinics,773
Nashik,2014,Nashik,Maternity Wards,190
Nashik,2014,Nashik,Number of Beds,8852
Nashik,2014,Igatpuri,Hospitals,12
Nashik,2014,Igatpuri,"Specialty Hospitals (Cancer, TB, etc)",0
Nashik,2014,Igatpuri,Clinics,77
Nashik,2014,Igatpuri,Maternity Wards,22
Nashik,2014,Igatpuri,Number of Beds,65
Nashik,2014,Sinner,Hospitals,48
Nashik,2014,Sinner,"Specialty Hospitals (Cancer, TB, etc)",0
Nashik,2014,Sinner,Clinics,50
Nashik,2014,Sinner,Maternity Wards,34
Nashik,2014,Sinner,Number of Beds,721
Nashik,2014,Nifad,Hospitals,25
Nashik,2014,Nifad,"Specialty Hospitals (Cancer, TB, etc)",0
Nashik,2014,Nifad,Clinics,115
Nashik,2014,Nifad,Maternity Wards,42
Nashik,2014,Nifad,Number of Beds,148
Nashik,2014,Yewala,Hospitals,24
Nashik,2014,Yewala,"Specialty Hospitals (Cancer, TB, etc)",0
Nashik,2014,Yewala,Clinics,29
Nashik,2014,Yewala,Maternity Wards,25
Nashik,2014,Yewala,Number of Beds,414
Nashik,2015,Surgana,Hospitals,2
Nashik,2015,Surgana,"Specialty Hospitals (Cancer, TB, etc)",0
Nashik,2015,Surgana,Clinics,54
Nashik,2015,Surgana,Maternity Wards,12
Nashik,2015,Surgana,Number of Beds,48
Nashik,2015,Kalwan,Hospitals,8
Nashik,2015,Kalwan,"Specialty Hospitals (Cancer, TB, etc)",0
Nashik,2015,Kalwan,Clinics,73
Nashik,2015,Kalwan,Maternity Wards,18
Nashik,2015,Kalwan,Number of Beds,73
Nashik,2015,Devala,Hospitals,6
Nashik,2015,Devala,"Specialty Hospitals (Cancer, TB, etc)",0
Nashik,2015,Devala,Clinics,54
Nashik,2015,Devala,Maternity Wards,10
Nashik,2015,Devala,Number of Beds,39
Nashik,2015,Baglan,Hospitals,42
Nashik,2015,Baglan,"Specialty Hospitals (Cancer, TB, etc)",0
Nashik,2015,Baglan,Clinics,67
Nashik,2015,Baglan,Maternity Wards,24
Nashik,2015,Baglan,Number of Beds,97
Nashik,2015,Malegaon,Hospitals,132
Nashik,2015,Malegaon,"Specialty Hospitals (Cancer, TB, etc)",4
Nashik,2015,Malegaon,Clinics,367
Nashik,2015,Malegaon,Maternity Wards,123
Nashik,2015,Malegaon,Number of Beds,1367
Nashik,2015,Nandgaon,Hospitals,46
Nashik,2015,Nandgaon,"Specialty Hospitals (Cancer, TB, etc)",0
Nashik,2015,Nandgaon,Clinics,50
Nashik,2015,Nandgaon,Maternity Wards,12
Nashik,2015,Nandgaon,Number of Beds,413
Nashik,2015,Chandwad,Hospitals,10
Nashik,2015,Chandwad,"Specialty Hospitals (Cancer, TB, etc)",0
Nashik,2015,Chandwad,Clinics,54
Nashik,2015,Chandwad,Maternity Wards,29
Nashik,2015,Chandwad,Number of Beds,114
Nashik,2015,Dindori,Hospitals,12
Nashik,2015,Dindori,"Specialty Hospitals (Cancer, TB, etc)",1
Nashik,2015,Dindori,Clinics,90
Nashik,2015,Dindori,Maternity Wards,38
Nashik,2015,Dindori,Number of Beds,145
Nashik,2015,Peth,Hospitals,2
Nashik,2015,Peth,"Specialty Hospitals (Cancer, TB, etc)",0
Nashik,2015,Peth,Clinics,44
Nashik,2015,Peth,Maternity Wards,12
Nashik,2015,Peth,Number of Beds,46
Nashik,2015,Trimbak,Hospitals,6
Nashik,2015,Trimbak,"Specialty Hospitals (Cancer, TB, etc)",0
Nashik,2015,Trimbak,Clinics,48
Nashik,2015,Trimbak,Maternity Wards,12
Nashik,2015,Trimbak,Number of Beds,39
Nashik,2015,Nashik,Hospitals,1299
Nashik,2015,Nashik,"Specialty Hospitals (Cancer, TB, etc)",21
Nashik,2015,Nashik,Clinics,806
Nashik,2015,Nashik,Maternity Wards,372
Nashik,2015,Nashik,Number of Beds,8996
Nashik,2015,Igatpuri,Hospitals,12
Nashik,2015,Igatpuri,"Specialty Hospitals (Cancer, TB, etc)",1
Nashik,2015,Igatpuri,Clinics,77
Nashik,2015,Igatpuri,Maternity Wards,22
Nashik,2015,Igatpuri,Number of Beds,65
Nashik,2015,Sinner,Hospitals,48
Nashik,2015,Sinner,"Specialty Hospitals (Cancer, TB, etc)",0
Nashik,2015,Sinner,Clinics,50
Nashik,2015,Sinner,Maternity Wards,34
Nashik,2015,Sinner,Number of Beds,721
Nashik,2015,Nifad,Hospitals,25
Nashik,2015,Nifad,"Specialty Hospitals (Cancer, TB, etc)",2
Nashik,2015,Nifad,Clinics,115
Nashik,2015,Nifad,Maternity Wards,42
Nashik,2015,Nifad,Number of Beds,148
Nashik,2015,Yewala,Hospitals,24
Nashik,2015,Yewala,"Specialty Hospitals (Cancer, TB, etc)",1
Nashik,2015,Yewala,Clinics,29
Nashik,2015,Yewala,Maternity Wards,25
Nashik,2015,Yewala,Number of Beds,414
Nashik,2016,Surgana,Hospitals,2
Nashik,2016,Surgana,"Specialty Hospitals (Cancer, TB, etc)",0
Nashik,2016,Surgana,Clinics,54
Nashik,2016,Surgana,Maternity Wards,12
Nashik,2016,Surgana,Number of Beds,48
Nashik,2016,Kalwan,Hospitals,8
Nashik,2016,Kalwan,"Specialty Hospitals (Cancer, TB, etc)",0
Nashik,2016,Kalwan,Clinics,73
Nashik,2016,Kalwan,Maternity Wards,18
Nashik,2016,Kalwan,Number of Beds,73
Nashik,2016,Devala,Hospitals,6
Nashik,2016,Devala,"Specialty Hospitals (Cancer, TB, etc)",0
Nashik,2016,Devala,Clinics,54
Nashik,2016,Devala,Maternity Wards,10
Nashik,2016,Devala,Number of Beds,39
Nashik,2016,Baglan,Hospitals,42
Nashik,2016,Baglan,"Specialty Hospitals (Cancer, TB, etc)",0
Nashik,2016,Baglan,Clinics,67
Nashik,2016,Baglan,Maternity Wards,24
Nashik,2016,Baglan,Number of Beds,97
Nashik,2016,Malegaon,Hospitals,132
Nashik,2016,Malegaon,"Specialty Hospitals (Cancer, TB, etc)",4
Nashik,2016,Malegaon,Clinics,367
Nashik,2016,Malegaon,Maternity Wards,123
Nashik,2016,Malegaon,Number of Beds,1367
Nashik,2016,Nandgaon,Hospitals,46
Nashik,2016,Nandgaon,"Specialty Hospitals (Cancer, TB, etc)",0
Nashik,2016,Nandgaon,Clinics,50
Nashik,2016,Nandgaon,Maternity Wards,12
Nashik,2016,Nandgaon,Number of Beds,413
Nashik,2016,Chandwad,Hospitals,10
Nashik,2016,Chandwad,"Specialty Hospitals (Cancer, TB, etc)",0
Nashik,2016,Chandwad,Clinics,54
Nashik,2016,Chandwad,Maternity Wards,29
Nashik,2016,Chandwad,Number of Beds,114
Nashik,2016,Dindori,Hospitals,12
Nashik,2016,Dindori,"Specialty Hospitals (Cancer, TB, etc)",1
Nashik,2016,Dindori,Clinics,90
Nashik,2016,Dindori,Maternity Wards,38
Nashik,2016,Dindori,Number of Beds,145
Nashik,2016,Peth,Hospitals,2
Nashik,2016,Peth,"Specialty Hospitals (Cancer, TB, etc)",0
Nashik,2016,Peth,Clinics,44
Nashik,2016,Peth,Maternity Wards,12
Nashik,2016,Peth,Number of Beds,46
Nashik,2016,Trimbak,Hospitals,6
Nashik,2016,Trimbak,"Specialty Hospitals (Cancer, TB, etc)",0
Nashik,2016,Trimbak,Clinics,48
Nashik,2016,Trimbak,Maternity Wards,12
Nashik,2016,Trimbak,Number of Beds,39
Nashik,2016,Nashik,Hospitals,1299
Nashik,2016,Nashik,"Specialty Hospitals (Cancer, TB, etc)",21
Nashik,2016,Nashik,Clinics,806
Nashik,2016,Nashik,Maternity Wards,372
Nashik,2016,Nashik,Number of Beds,8996
Nashik,2016,Igatpuri,Hospitals,12
Nashik,2016,Igatpuri,"Specialty Hospitals (Cancer, TB, etc)",1
Nashik,2016,Igatpuri,Clinics,77
Nashik,2016,Igatpuri,Maternity Wards,22
Nashik,2016,Igatpuri,Number of Beds,65
Nashik,2016,Sinner,Hospitals,48
Nashik,2016,Sinner,"Specialty Hospitals (Cancer, TB, etc)",0
Nashik,2016,Sinner,Clinics,50
Nashik,2016,Sinner,Maternity Wards,34
Nashik,2016,Sinner,Number of Beds,721
Nashik,2016,Nifad,Hospitals,25
Nashik,2016,Nifad,"Specialty Hospitals (Cancer, TB, etc)",2
Nashik,2016,Nifad,Clinics,115
Nashik,2016,Nifad,Maternity Wards,42
Nashik,2016,Nifad,Number of Beds,148
Nashik,2016,Yewala,Hospitals,24
Nashik,2016,Yewala,"Specialty Hospitals (Cancer, TB, etc)",1
Nashik,2016,Yewala,Clinics,29
Nashik,2016,Yewala,Maternity Wards,25
Nashik,2016,Yewala,Number of Beds,414
Nashik,2017,Surgana,Hospitals,2
Nashik,2017,Surgana,"Specialty Hospitals (Cancer, TB, etc)",0
Nashik,2017,Surgana,Clinics,54
Nashik,2017,Surgana,Maternity Wards,12
Nashik,2017,Surgana,Number of Beds,48
Nashik,2017,Kalwan,Hospitals,8
Nashik,2017,Kalwan,"Specialty Hospitals (Cancer, TB, etc)",0
Nashik,2017,Kalwan,Clinics,73
Nashik,2017,Kalwan,Maternity Wards,18
Nashik,2017,Kalwan,Number of Beds,73
Nashik,2017,Devala,Hospitals,6
Nashik,2017,Devala,"Specialty Hospitals (Cancer, TB, etc)",0
Nashik,2017,Devala,Clinics,54
Nashik,2017,Devala,Maternity Wards,10
Nashik,2017,Devala,Number of Beds,39
Nashik,2017,Baglan,Hospitals,42
Nashik,2017,Baglan,"Specialty Hospitals (Cancer, TB, etc)",0
Nashik,2017,Baglan,Clinics,67
Nashik,2017,Baglan,Maternity Wards,24
Nashik,2017,Baglan,Number of Beds,97
Nashik,2017,Malegaon,Hospitals,132
Nashik,2017,Malegaon,"Specialty Hospitals (Cancer, TB, etc)",4
Nashik,2017,Malegaon,Clinics,367
Nashik,2017,Malegaon,Maternity Wards,123
Nashik,2017,Malegaon,Number of Beds,1367
Nashik,2017,Nandgaon,Hospitals,46
Nashik,2017,Nandgaon,"Specialty Hospitals (Cancer, TB, etc)",0
Nashik,2017,Nandgaon,Clinics,50
Nashik,2017,Nandgaon,Maternity Wards,12
Nashik,2017,Nandgaon,Number of Beds,413
Nashik,2017,Chandwad,Hospitals,10
Nashik,2017,Chandwad,"Specialty Hospitals (Cancer, TB, etc)",0
Nashik,2017,Chandwad,Clinics,54
Nashik,2017,Chandwad,Maternity Wards,29
Nashik,2017,Chandwad,Number of Beds,114
Nashik,2017,Dindori,Hospitals,12
Nashik,2017,Dindori,"Specialty Hospitals (Cancer, TB, etc)",1
Nashik,2017,Dindori,Clinics,90
Nashik,2017,Dindori,Maternity Wards,38
Nashik,2017,Dindori,Number of Beds,145
Nashik,2017,Peth,Hospitals,2
Nashik,2017,Peth,"Specialty Hospitals (Cancer, TB, etc)",0
Nashik,2017,Peth,Clinics,44
Nashik,2017,Peth,Maternity Wards,12
Nashik,2017,Peth,Number of Beds,46
Nashik,2017,Trimbak,Hospitals,6
Nashik,2017,Trimbak,"Specialty Hospitals (Cancer, TB, etc)",0
Nashik,2017,Trimbak,Clinics,48
Nashik,2017,Trimbak,Maternity Wards,12
Nashik,2017,Trimbak,Number of Beds,39
Nashik,2017,Nashik,Hospitals,1299
Nashik,2017,Nashik,"Specialty Hospitals (Cancer, TB, etc)",21
Nashik,2017,Nashik,Clinics,806
Nashik,2017,Nashik,Maternity Wards,372
Nashik,2017,Nashik,Number of Beds,8996
Nashik,2017,Igatpuri,Hospitals,12
Nashik,2017,Igatpuri,"Specialty Hospitals (Cancer, TB, etc)",1
Nashik,2017,Igatpuri,Clinics,77
Nashik,2017,Igatpuri,Maternity Wards,22
Nashik,2017,Igatpuri,Number of Beds,65
Nashik,2017,Sinner,Hospitals,48
Nashik,2017,Sinner,"Specialty Hospitals (Cancer, TB, etc)",0
Nashik,2017,Sinner,Clinics,50
Nashik,2017,Sinner,Maternity Wards,34
Nashik,2017,Sinner,Number of Beds,721
Nashik,2017,Nifad,Hospitals,25
Nashik,2017,Nifad,"Specialty Hospitals (Cancer, TB, etc)",2
Nashik,2017,Nifad,Clinics,115
Nashik,2017,Nifad,Maternity Wards,42
Nashik,2017,Nifad,Number of Beds,148
Nashik,2017,Yewala,Hospitals,24
Nashik,2017,Yewala,"Specialty Hospitals (Cancer, TB, etc)",1
Nashik,2017,Yewala,Clinics,29
Nashik,2017,Yewala,Maternity Wards,25
Nashik,2017,Yewala,Number of Beds,414
Nashik,2018,Surgana,Hospitals,4
Nashik,2018,Surgana,"Specialty Hospitals (Cancer, TB, etc)",0
Nashik,2018,Surgana,Clinics,54
Nashik,2018,Surgana,Maternity Wards,12
Nashik,2018,Surgana,Number of Beds,48
Nashik,2018,Kalwan,Hospitals,46
Nashik,2018,Kalwan,"Specialty Hospitals (Cancer, TB, etc)",0
Nashik,2018,Kalwan,Clinics,82
Nashik,2018,Kalwan,Maternity Wards,18
Nashik,2018,Kalwan,Number of Beds,230
Nashik,2018,Devala,Hospitals,17
Nashik,2018,Devala,"Specialty Hospitals (Cancer, TB, etc)",0
Nashik,2018,Devala,Clinics,54
Nashik,2018,Devala,Maternity Wards,10
Nashik,2018,Devala,Number of Beds,84
Nashik,2018,Baglan,Hospitals,42
Nashik,2018,Baglan,"Specialty Hospitals (Cancer, TB, etc)",0
Nashik,2018,Baglan,Clinics,67
Nashik,2018,Baglan,Maternity Wards,24
Nashik,2018,Baglan,Number of Beds,97
Nashik,2018,Malegaon,Hospitals,132
Nashik,2018,Malegaon,"Specialty Hospitals (Cancer, TB, etc)",4
Nashik,2018,Malegaon,Clinics,367
Nashik,2018,Malegaon,Maternity Wards,123
Nashik,2018,Malegaon,Number of Beds,1367
Nashik,2018,Nandgaon,Hospitals,46
Nashik,2018,Nandgaon,"Specialty Hospitals (Cancer, TB, etc)",0
Nashik,2018,Nandgaon,Clinics,50
Nashik,2018,Nandgaon,Maternity Wards,12
Nashik,2018,Nandgaon,Number of Beds,64
Nashik,2018,Chandwad,Hospitals,12
Nashik,2018,Chandwad,"Specialty Hospitals (Cancer, TB, etc)",0
Nashik,2018,Chandwad,Clinics,82
Nashik,2018,Chandwad,Maternity Wards,29
Nashik,2018,Chandwad,Number of Beds,114
Nashik,2018,Dindori,Hospitals,28
Nashik,2018,Dindori,"Specialty Hospitals (Cancer, TB, etc)",1
Nashik,2018,Dindori,Clinics,90
Nashik,2018,Dindori,Maternity Wards,38
Nashik,2018,Dindori,Number of Beds,145
Nashik,2018,Peth,Hospitals,3
Nashik,2018,Peth,"Specialty Hospitals (Cancer, TB, etc)",0
Nashik,2018,Peth,Clinics,18
Nashik,2018,Peth,Maternity Wards,12
Nashik,2018,Peth,Number of Beds,26
Nashik,2018,Trimbak,Hospitals,6
Nashik,2018,Trimbak,"Specialty Hospitals (Cancer, TB, etc)",0
Nashik,2018,Trimbak,Clinics,22
Nashik,2018,Trimbak,Maternity Wards,12
Nashik,2018,Trimbak,Number of Beds,39
Nashik,2018,Nashik,Hospitals,1299
Nashik,2018,Nashik,"Specialty Hospitals (Cancer, TB, etc)",21
Nashik,2018,Nashik,Clinics,806
Nashik,2018,Nashik,Maternity Wards,372
Nashik,2018,Nashik,Number of Beds,8996
Nashik,2018,Igatpuri,Hospitals,22
Nashik,2018,Igatpuri,"Specialty Hospitals (Cancer, TB, etc)",1
Nashik,2018,Igatpuri,Clinics,77
Nashik,2018,Igatpuri,Maternity Wards,22
Nashik,2018,Igatpuri,Number of Beds,380
Nashik,2018,Sinner,Hospitals,48
Nashik,2018,Sinner,"Specialty Hospitals (Cancer, TB, etc)",0
Nashik,2018,Sinner,Clinics,50
Nashik,2018,Sinner,Maternity Wards,34
Nashik,2018,Sinner,Number of Beds,721
Nashik,2018,Nifad,Hospitals,25
Nashik,2018,Nifad,"Specialty Hospitals (Cancer, TB, etc)",2
Nashik,2018,Nifad,Clinics,115
Nashik,2018,Nifad,Maternity Wards,42
Nashik,2018,Nifad,Number of Beds,148
Nashik,2018,Yewala,Hospitals,24
Nashik,2018,Yewala,"Specialty Hospitals (Cancer, TB, etc)",1
Nashik,2018,Yewala,Clinics,29
Nashik,2018,Yewala,Maternity Wards,25
Nashik,2018,Yewala,Number of Beds,414
Nashik,2019,Surgana,Hospitals,4
Nashik,2019,Surgana,"Specialty Hospitals (Cancer, TB, etc)",0
Nashik,2019,Surgana,Clinics,22
Nashik,2019,Surgana,Maternity Wards,12
Nashik,2019,Surgana,Number of Beds,48
Nashik,2019,Kalwan,Hospitals,46
Nashik,2019,Kalwan,"Specialty Hospitals (Cancer, TB, etc)",0
Nashik,2019,Kalwan,Clinics,34
Nashik,2019,Kalwan,Maternity Wards,18
Nashik,2019,Kalwan,Number of Beds,230
Nashik,2019,Devala,Hospitals,17
Nashik,2019,Devala,"Specialty Hospitals (Cancer, TB, etc)",0
Nashik,2019,Devala,Clinics,32
Nashik,2019,Devala,Maternity Wards,10
Nashik,2019,Devala,Number of Beds,84
Nashik,2019,Baglan,Hospitals,42
Nashik,2019,Baglan,"Specialty Hospitals (Cancer, TB, etc)",0
Nashik,2019,Baglan,Clinics,41
Nashik,2019,Baglan,Maternity Wards,24
Nashik,2019,Baglan,Number of Beds,97
Nashik,2019,Malegaon,Hospitals,132
Nashik,2019,Malegaon,"Specialty Hospitals (Cancer, TB, etc)",4
Nashik,2019,Malegaon,Clinics,91
Nashik,2019,Malegaon,Maternity Wards,123
Nashik,2019,Malegaon,Number of Beds,1367
Nashik,2019,Nandgaon,Hospitals,46
Nashik,2019,Nandgaon,"Specialty Hospitals (Cancer, TB, etc)",0
Nashik,2019,Nandgaon,Clinics,38
Nashik,2019,Nandgaon,Maternity Wards,12
Nashik,2019,Nandgaon,Number of Beds,64
Nashik,2019,Chandwad,Hospitals,12
Nashik,2019,Chandwad,"Specialty Hospitals (Cancer, TB, etc)",0
Nashik,2019,Chandwad,Clinics,34
Nashik,2019,Chandwad,Maternity Wards,29
Nashik,2019,Chandwad,Number of Beds,114
Nashik,2019,Dindori,Hospitals,28
Nashik,2019,Dindori,"Specialty Hospitals (Cancer, TB, etc)",1
Nashik,2019,Dindori,Clinics,52
Nashik,2019,Dindori,Maternity Wards,38
Nashik,2019,Dindori,Number of Beds,145
Nashik,2019,Peth,Hospitals,3
Nashik,2019,Peth,"Specialty Hospitals (Cancer, TB, etc)",0
Nashik,2019,Peth,Clinics,24
Nashik,2019,Peth,Maternity Wards,12
Nashik,2019,Peth,Number of Beds,26
Nashik,2019,Trimbak,Hospitals,6
Nashik,2019,Trimbak,"Specialty Hospitals (Cancer, TB, etc)",0
Nashik,2019,Trimbak,Clinics,28
Nashik,2019,Trimbak,Maternity Wards,12
Nashik,2019,Trimbak,Number of Beds,39
Nashik,2019,Nashik,Hospitals,1299
Nashik,2019,Nashik,"Specialty Hospitals (Cancer, TB, etc)",21
Nashik,2019,Nashik,Clinics,1646
Nashik,2019,Nashik,Maternity Wards,372
Nashik,2019,Nashik,Number of Beds,8996
Nashik,2019,Igatpuri,Hospitals,22
Nashik,2019,Igatpuri,"Specialty Hospitals (Cancer, TB, etc)",1
Nashik,2019,Igatpuri,Clinics,54
Nashik,2019,Igatpuri,Maternity Wards,22
Nashik,2019,Igatpuri,Number of Beds,380
Nashik,2019,Sinner,Hospitals,48
Nashik,2019,Sinner,"Specialty Hospitals (Cancer, TB, etc)",0
Nashik,2019,Sinner,Clinics,51
Nashik,2019,Sinner,Maternity Wards,34
Nashik,2019,Sinner,Number of Beds,721
Nashik,2019,Nifad,Hospitals,25
Nashik,2019,Nifad,"Specialty Hospitals (Cancer, TB, etc)",2
Nashik,2019,Nifad,Clinics,172
Nashik,2019,Nifad,Maternity Wards,42
Nashik,2019,Nifad,Number of Beds,148
Nashik,2019,Yewala,Hospitals,24
Nashik,2019,Yewala,"Specialty Hospitals (Cancer, TB, etc)",1
Nashik,2019,Yewala,Clinics,38
Nashik,2019,Yewala,Maternity Wards,25
Nashik,2019,Yewala,Number of Beds,414
Nashik,2020,Surgana,Hospitals,10
Nashik,2020,Surgana,"Specialty Hospitals (Cancer, TB, etc)",0
Nashik,2020,Surgana,Clinics,24
Nashik,2020,Surgana,Maternity Wards,2
Nashik,2020,Surgana,Number of Beds,108
Nashik,2020,Kalwan,Hospitals,34
Nashik,2020,Kalwan,"Specialty Hospitals (Cancer, TB, etc)",0
Nashik,2020,Kalwan,Clinics,54
Nashik,2020,Kalwan,Maternity Wards,13
Nashik,2020,Kalwan,Number of Beds,490
Nashik,2020,Devala,Hospitals,25
Nashik,2020,Devala,"Specialty Hospitals (Cancer, TB, etc)",0
Nashik,2020,Devala,Clinics,52
Nashik,2020,Devala,Maternity Wards,6
Nashik,2020,Devala,Number of Beds,166
Nashik,2020,Baglan,Hospitals,41
Nashik,2020,Baglan,"Specialty Hospitals (Cancer, TB, etc)",0
Nashik,2020,Baglan,Clinics,50
Nashik,2020,Baglan,Maternity Wards,11
Nashik,2020,Baglan,Number of Beds,476
Nashik,2020,Malegaon,Hospitals,109
Nashik,2020,Malegaon,"Specialty Hospitals (Cancer, TB, etc)",0
Nashik,2020,Malegaon,Clinics,92
Nashik,2020,Malegaon,Maternity Wards,31
Nashik,2020,Malegaon,Number of Beds,1920
Nashik,2020,Nandgaon,Hospitals,14
Nashik,2020,Nandgaon,"Specialty Hospitals (Cancer, TB, etc)",0
Nashik,2020,Nandgaon,Clinics,38
Nashik,2020,Nandgaon,Maternity Wards,4
Nashik,2020,Nandgaon,Number of Beds,144
Nashik,2020,Chandwad,Hospitals,15
Nashik,2020,Chandwad,"Specialty Hospitals (Cancer, TB, etc)",0
Nashik,2020,Chandwad,Clinics,82
Nashik,2020,Chandwad,Maternity Wards,6
Nashik,2020,Chandwad,Number of Beds,163
Nashik,2020,Dindori,Hospitals,30
Nashik,2020,Dindori,"Specialty Hospitals (Cancer, TB, etc)",0
Nashik,2020,Dindori,Clinics,78
Nashik,2020,Dindori,Maternity Wards,14
Nashik,2020,Dindori,Number of Beds,312
Nashik,2020,Peth,Hospitals,4
Nashik,2020,Peth,"Specialty Hospitals (Cancer, TB, etc)",0
Nashik,2020,Peth,Clinics,18
Nashik,2020,Peth,Maternity Wards,1
Nashik,2020,Peth,Number of Beds,56
Nashik,2020,Trimbak,Hospitals,4
Nashik,2020,Trimbak,"Specialty Hospitals (Cancer, TB, etc)",0
Nashik,2020,Trimbak,Clinics,22
Nashik,2020,Trimbak,Maternity Wards,2
Nashik,2020,Trimbak,Number of Beds,90
Nashik,2020,Nashik,Hospitals,462
Nashik,2020,Nashik,"Specialty Hospitals (Cancer, TB, etc)",4
Nashik,2020,Nashik,Clinics,2104
Nashik,2020,Nashik,Maternity Wards,151
Nashik,2020,Nashik,Number of Beds,9378
Nashik,2020,Igatpuri,Hospitals,24
Nashik,2020,Igatpuri,"Specialty Hospitals (Cancer, TB, etc)",0
Nashik,2020,Igatpuri,Clinics,28
Nashik,2020,Igatpuri,Maternity Wards,10
Nashik,2020,Igatpuri,Number of Beds,440
Nashik,2020,Sinner,Hospitals,18
Nashik,2020,Sinner,"Specialty Hospitals (Cancer, TB, etc)",0
Nashik,2020,Sinner,Clinics,55
Nashik,2020,Sinner,Maternity Wards,9
Nashik,2020,Sinner,Number of Beds,244
Nashik,2020,Nifad,Hospitals,74
Nashik,2020,Nifad,"Specialty Hospitals (Cancer, TB, etc)",0
Nashik,2020,Nifad,Clinics,375
Nashik,2020,Nifad,Maternity Wards,36
Nashik,2020,Nifad,Number of Beds,720
Nashik,2020,Yewala,Hospitals,20
Nashik,2020,Yewala,"Specialty Hospitals (Cancer, TB, etc)",0
Nashik,2020,Yewala,Clinics,38
Nashik,2020,Yewala,Maternity Wards,9
Nashik,2020,Yewala,Number of Beds,327
Nashik,2021,Surgana,Hospitals,8
Nashik,2021,Surgana,"Specialty Hospitals (Cancer, TB, etc)",0
Nashik,2021,Surgana,Clinics,24
Nashik,2021,Surgana,Maternity Wards,0
Nashik,2021,Surgana,Number of Beds,48
Nashik,2021,Kalwan,Hospitals,32
Nashik,2021,Kalwan,"Specialty Hospitals (Cancer, TB, etc)",0
Nashik,2021,Kalwan,Clinics,42
Nashik,2021,Kalwan,Maternity Wards,8
Nashik,2021,Kalwan,Number of Beds,230
Nashik,2021,Devala,Hospitals,23
Nashik,2021,Devala,"Specialty Hospitals (Cancer, TB, etc)",0
Nashik,2021,Devala,Clinics,52
Nashik,2021,Devala,Maternity Wards,4
Nashik,2021,Devala,Number of Beds,106
Nashik,2021,Baglan,Hospitals,38
Nashik,2021,Baglan,"Specialty Hospitals (Cancer, TB, etc)",0
Nashik,2021,Baglan,Clinics,32
Nashik,2021,Baglan,Maternity Wards,9
Nashik,2021,Baglan,Number of Beds,236
Nashik,2021,Malegaon,Hospitals,126
Nashik,2021,Malegaon,"Specialty Hospitals (Cancer, TB, etc)",0
Nashik,2021,Malegaon,Clinics,69
Nashik,2021,Malegaon,Maternity Wards,28
Nashik,2021,Malegaon,Number of Beds,1532
Nashik,2021,Nandgaon,Hospitals,12
Nashik,2021,Nandgaon,"Specialty Hospitals (Cancer, TB, etc)",0
Nashik,2021,Nandgaon,Clinics,38
Nashik,2021,Nandgaon,Maternity Wards,2
Nashik,2021,Nandgaon,Number of Beds,64
Nashik,2021,Chandwad,Hospitals,14
Nashik,2021,Chandwad,"Specialty Hospitals (Cancer, TB, etc)",0
Nashik,2021,Chandwad,Clinics,82
Nashik,2021,Chandwad,Maternity Wards,5
Nashik,2021,Chandwad,Number of Beds,113
Nashik,2021,Dindori,Hospitals,28
Nashik,2021,Dindori,"Specialty Hospitals (Cancer, TB, etc)",0
Nashik,2021,Dindori,Clinics,78
Nashik,2021,Dindori,Maternity Wards,12
Nashik,2021,Dindori,Number of Beds,252
Nashik,2021,Peth,Hospitals,3
Nashik,2021,Peth,"Specialty Hospitals (Cancer, TB, etc)",0
Nashik,2021,Peth,Clinics,18
Nashik,2021,Peth,Maternity Wards,0
Nashik,2021,Peth,Number of Beds,26
Nashik,2021,Trimbak,Hospitals,2
Nashik,2021,Trimbak,"Specialty Hospitals (Cancer, TB, etc)",0
Nashik,2021,Trimbak,Clinics,22
Nashik,2021,Trimbak,Maternity Wards,0
Nashik,2021,Trimbak,Number of Beds,10
Nashik,2021,Nashik,Hospitals,170
Nashik,2021,Nashik,"Specialty Hospitals (Cancer, TB, etc)",4
Nashik,2021,Nashik,Clinics,910
Nashik,2021,Nashik,Maternity Wards,495
Nashik,2021,Nashik,Number of Beds,12322
Nashik,2021,Igatpuri,Hospitals,22
Nashik,2021,Igatpuri,"Specialty Hospitals (Cancer, TB, etc)",0
Nashik,2021,Igatpuri,Clinics,28
Nashik,2021,Igatpuri,Maternity Wards,8
Nashik,2021,Igatpuri,Number of Beds,380
Nashik,2021,Sinner,Hospitals,16
Nashik,2021,Sinner,"Specialty Hospitals (Cancer, TB, etc)",0
Nashik,2021,Sinner,Clinics,42
Nashik,2021,Sinner,Maternity Wards,4
Nashik,2021,Sinner,Number of Beds,64
Nashik,2021,Nifad,Hospitals,72
Nashik,2021,Nifad,"Specialty Hospitals (Cancer, TB, etc)",0
Nashik,2021,Nifad,Clinics,375
Nashik,2021,Nifad,Maternity Wards,34
Nashik,2021,Nifad,Number of Beds,640
Nashik,2021,Yewala,Hospitals,18
Nashik,2021,Yewala,"Specialty Hospitals (Cancer, TB, etc)",0
Nashik,2021,Yewala,Clinics,28
Nashik,2021,Yewala,Maternity Wards,4
Nashik,2021,Yewala,Number of Beds,110
Dharashiv,2013,Paranda,Hospitals,2
Dharashiv,2013,Paranda,"Specialty Hospitals (Cancer, TB, etc)",0
Dharashiv,2013,Paranda,Clinics,58
Dharashiv,2013,Paranda,Maternity Wards,2
Dharashiv,2013,Paranda,Number of Beds,27
Dharashiv,2013,Bhum,Hospitals,2
Dharashiv,2013,Bhum,"Specialty Hospitals (Cancer, TB, etc)",0
Dharashiv,2013,Bhum,Clinics,46
Dharashiv,2013,Bhum,Maternity Wards,2
Dharashiv,2013,Bhum,Number of Beds,35
Dharashiv,2013,Washi,Hospitals,3
Dharashiv,2013,Washi,"Specialty Hospitals (Cancer, TB, etc)",0
Dharashiv,2013,Washi,Clinics,36
Dharashiv,2013,Washi,Maternity Wards,4
Dharashiv,2013,Washi,Number of Beds,25
Dharashiv,2013,Kalamb,Hospitals,2
Dharashiv,2013,Kalamb,"Specialty Hospitals (Cancer, TB, etc)",0
Dharashiv,2013,Kalamb,Clinics,71
Dharashiv,2013,Kalamb,Maternity Wards,3
Dharashiv,2013,Kalamb,Number of Beds,45
Dharashiv,2013,Dharashiv,Hospitals,6
Dharashiv,2013,Dharashiv,"Specialty Hospitals (Cancer, TB, etc)",1
Dharashiv,2013,Dharashiv,Clinics,90
Dharashiv,2013,Dharashiv,Maternity Wards,18
Dharashiv,2013,Dharashiv,Number of Beds,90
Dharashiv,2013,Tuljapur,Hospitals,4
Dharashiv,2013,Tuljapur,"Specialty Hospitals (Cancer, TB, etc)",0
Dharashiv,2013,Tuljapur,Clinics,66
Dharashiv,2013,Tuljapur,Maternity Wards,12
Dharashiv,2013,Tuljapur,Number of Beds,60
Dharashiv,2013,Lohara,Hospitals,3
Dharashiv,2013,Lohara,"Specialty Hospitals (Cancer, TB, etc)",0
Dharashiv,2013,Lohara,Clinics,54
Dharashiv,2013,Lohara,Maternity Wards,4
Dharashiv,2013,Lohara,Number of Beds,40
Dharashiv,2013,Umaraga,Hospitals,5
Dharashiv,2013,Umaraga,"Specialty Hospitals (Cancer, TB, etc)",0
Dharashiv,2013,Umaraga,Clinics,88
Dharashiv,2013,Umaraga,Maternity Wards,17
Dharashiv,2013,Umaraga,Number of Beds,70
Dharashiv,2014,Paranda,Hospitals,2
Dharashiv,2014,Paranda,"Specialty Hospitals (Cancer, TB, etc)",0
Dharashiv,2014,Paranda,Clinics,58
Dharashiv,2014,Paranda,Maternity Wards,2
Dharashiv,2014,Paranda,Number of Beds,27
Dharashiv,2014,Bhum,Hospitals,2
Dharashiv,2014,Bhum,"Specialty Hospitals (Cancer, TB, etc)",0
Dharashiv,2014,Bhum,Clinics,46
Dharashiv,2014,Bhum,Maternity Wards,2
Dharashiv,2014,Bhum,Number of Beds,35
Dharashiv,2014,Washi,Hospitals,3
Dharashiv,2014,Washi,"Specialty Hospitals (Cancer, TB, etc)",0
Dharashiv,2014,Washi,Clinics,36
Dharashiv,2014,Washi,Maternity Wards,4
Dharashiv,2014,Washi,Number of Beds,25
Dharashiv,2014,Kalamb,Hospitals,2
Dharashiv,2014,Kalamb,"Specialty Hospitals (Cancer, TB, etc)",0
Dharashiv,2014,Kalamb,Clinics,71
Dharashiv,2014,Kalamb,Maternity Wards,3
Dharashiv,2014,Kalamb,Number of Beds,45
Dharashiv,2014,Dharashiv,Hospitals,6
Dharashiv,2014,Dharashiv,"Specialty Hospitals (Cancer, TB, etc)",1
Dharashiv,2014,Dharashiv,Clinics,90
Dharashiv,2014,Dharashiv,Maternity Wards,18
Dharashiv,2014,Dharashiv,Number of Beds,90
Dharashiv,2014,Tuljapur,Hospitals,4
Dharashiv,2014,Tuljapur,"Specialty Hospitals (Cancer, TB, etc)",0
Dharashiv,2014,Tuljapur,Clinics,66
Dharashiv,2014,Tuljapur,Maternity Wards,12
Dharashiv,2014,Tuljapur,Number of Beds,60
Dharashiv,2014,Lohara,Hospitals,3
Dharashiv,2014,Lohara,"Specialty Hospitals (Cancer, TB, etc)",0
Dharashiv,2014,Lohara,Clinics,54
Dharashiv,2014,Lohara,Maternity Wards,4
Dharashiv,2014,Lohara,Number of Beds,40
Dharashiv,2014,Umaraga,Hospitals,5
Dharashiv,2014,Umaraga,"Specialty Hospitals (Cancer, TB, etc)",0
Dharashiv,2014,Umaraga,Clinics,88
Dharashiv,2014,Umaraga,Maternity Wards,17
Dharashiv,2014,Umaraga,Number of Beds,70
Dharashiv,2015,Paranda,Hospitals,1
Dharashiv,2015,Paranda,"Specialty Hospitals (Cancer, TB, etc)",0
Dharashiv,2015,Paranda,Clinics,58
Dharashiv,2015,Paranda,Maternity Wards,2
Dharashiv,2015,Paranda,Number of Beds,27
Dharashiv,2015,Bhum,Hospitals,1
Dharashiv,2015,Bhum,"Specialty Hospitals (Cancer, TB, etc)",0
Dharashiv,2015,Bhum,Clinics,46
Dharashiv,2015,Bhum,Maternity Wards,2
Dharashiv,2015,Bhum,Number of Beds,35
Dharashiv,2015,Washi,Hospitals,1
Dharashiv,2015,Washi,"Specialty Hospitals (Cancer, TB, etc)",0
Dharashiv,2015,Washi,Clinics,36
Dharashiv,2015,Washi,Maternity Wards,4
Dharashiv,2015,Washi,Number of Beds,25
Dharashiv,2015,Kalamb,Hospitals,1
Dharashiv,2015,Kalamb,"Specialty Hospitals (Cancer, TB, etc)",0
Dharashiv,2015,Kalamb,Clinics,71
Dharashiv,2015,Kalamb,Maternity Wards,3
Dharashiv,2015,Kalamb,Number of Beds,45
Dharashiv,2015,Dharashiv,Hospitals,3
Dharashiv,2015,Dharashiv,"Specialty Hospitals (Cancer, TB, etc)",1
Dharashiv,2015,Dharashiv,Clinics,90
Dharashiv,2015,Dharashiv,Maternity Wards,18
Dharashiv,2015,Dharashiv,Number of Beds,90
Dharashiv,2015,Tuljapur,Hospitals,1
Dharashiv,2015,Tuljapur,"Specialty Hospitals (Cancer, TB, etc)",0
Dharashiv,2015,Tuljapur,Clinics,66
Dharashiv,2015,Tuljapur,Maternity Wards,12
Dharashiv,2015,Tuljapur,Number of Beds,60
Dharashiv,2015,Lohara,Hospitals,2
Dharashiv,2015,Lohara,"Specialty Hospitals (Cancer, TB, etc)",0
Dharashiv,2015,Lohara,Clinics,54
Dharashiv,2015,Lohara,Maternity Wards,4
Dharashiv,2015,Lohara,Number of Beds,40
Dharashiv,2015,Umaraga,Hospitals,2
Dharashiv,2015,Umaraga,"Specialty Hospitals (Cancer, TB, etc)",0
Dharashiv,2015,Umaraga,Clinics,88
Dharashiv,2015,Umaraga,Maternity Wards,17
Dharashiv,2015,Umaraga,Number of Beds,70
Dharashiv,2016,Paranda,Hospitals,1
Dharashiv,2016,Paranda,"Specialty Hospitals (Cancer, TB, etc)",0
Dharashiv,2016,Paranda,Clinics,29
Dharashiv,2016,Paranda,Maternity Wards,2
Dharashiv,2016,Paranda,Number of Beds,140
Dharashiv,2016,Bhum,Hospitals,1
Dharashiv,2016,Bhum,"Specialty Hospitals (Cancer, TB, etc)",0
Dharashiv,2016,Bhum,Clinics,33
Dharashiv,2016,Bhum,Maternity Wards,2
Dharashiv,2016,Bhum,Number of Beds,172
Dharashiv,2016,Washi,Hospitals,1
Dharashiv,2016,Washi,"Specialty Hospitals (Cancer, TB, etc)",0
Dharashiv,2016,Washi,Clinics,13
Dharashiv,2016,Washi,Maternity Wards,4
Dharashiv,2016,Washi,Number of Beds,83
Dharashiv,2016,Kalamb,Hospitals,1
Dharashiv,2016,Kalamb,"Specialty Hospitals (Cancer, TB, etc)",0
Dharashiv,2016,Kalamb,Clinics,43
Dharashiv,2016,Kalamb,Maternity Wards,3
Dharashiv,2016,Kalamb,Number of Beds,347
Dharashiv,2016,Dharashiv,Hospitals,3
Dharashiv,2016,Dharashiv,"Specialty Hospitals (Cancer, TB, etc)",0
Dharashiv,2016,Dharashiv,Clinics,70
Dharashiv,2016,Dharashiv,Maternity Wards,18
Dharashiv,2016,Dharashiv,Number of Beds,1049
Dharashiv,2016,Tuljapur,Hospitals,1
Dharashiv,2016,Tuljapur,"Specialty Hospitals (Cancer, TB, etc)",0
Dharashiv,2016,Tuljapur,Clinics,40
Dharashiv,2016,Tuljapur,Maternity Wards,12
Dharashiv,2016,Tuljapur,Number of Beds,393
Dharashiv,2016,Lohara,Hospitals,1
Dharashiv,2016,Lohara,"Specialty Hospitals (Cancer, TB, etc)",0
Dharashiv,2016,Lohara,Clinics,15
Dharashiv,2016,Lohara,Maternity Wards,4
Dharashiv,2016,Lohara,Number of Beds,62
Dharashiv,2016,Umaraga,Hospitals,2
Dharashiv,2016,Umaraga,"Specialty Hospitals (Cancer, TB, etc)",0
Dharashiv,2016,Umaraga,Clinics,64
Dharashiv,2016,Umaraga,Maternity Wards,17
Dharashiv,2016,Umaraga,Number of Beds,964
Dharashiv,2017,Paranda,Hospitals,19
Dharashiv,2017,Paranda,"Specialty Hospitals (Cancer, TB, etc)",0
Dharashiv,2017,Paranda,Clinics,56
Dharashiv,2017,Paranda,Maternity Wards,6
Dharashiv,2017,Paranda,Number of Beds,179
Dharashiv,2017,Bhum,Hospitals,13
Dharashiv,2017,Bhum,"Specialty Hospitals (Cancer, TB, etc)",0
Dharashiv,2017,Bhum,Clinics,38
Dharashiv,2017,Bhum,Maternity Wards,4
Dharashiv,2017,Bhum,Number of Beds,195
Dharashiv,2017,Washi,Hospitals,9
Dharashiv,2017,Washi,"Specialty Hospitals (Cancer, TB, etc)",0
Dharashiv,2017,Washi,Clinics,19
Dharashiv,2017,Washi,Maternity Wards,1
Dharashiv,2017,Washi,Number of Beds,76
Dharashiv,2017,Kalamb,Hospitals,31
Dharashiv,2017,Kalamb,"Specialty Hospitals (Cancer, TB, etc)",0
Dharashiv,2017,Kalamb,Clinics,55
Dharashiv,2017,Kalamb,Maternity Wards,7
Dharashiv,2017,Kalamb,Number of Beds,261
Dharashiv,2017,Dharashiv,Hospitals,57
Dharashiv,2017,Dharashiv,"Specialty Hospitals (Cancer, TB, etc)",0
Dharashiv,2017,Dharashiv,Clinics,87
Dharashiv,2017,Dharashiv,Maternity Wards,27
Dharashiv,2017,Dharashiv,Number of Beds,1062
Dharashiv,2017,Tuljapur,Hospitals,21
Dharashiv,2017,Tuljapur,"Specialty Hospitals (Cancer, TB, etc)",0
Dharashiv,2017,Tuljapur,Clinics,41
Dharashiv,2017,Tuljapur,Maternity Wards,9
Dharashiv,2017,Tuljapur,Number of Beds,370
Dharashiv,2017,Lohara,Hospitals,0
Dharashiv,2017,Lohara,"Specialty Hospitals (Cancer, TB, etc)",0
Dharashiv,2017,Lohara,Clinics,9
Dharashiv,2017,Lohara,Maternity Wards,0
Dharashiv,2017,Lohara,Number of Beds,41
Dharashiv,2017,Umaraga,Hospitals,53
Dharashiv,2017,Umaraga,"Specialty Hospitals (Cancer, TB, etc)",0
Dharashiv,2017,Umaraga,Clinics,89
Dharashiv,2017,Umaraga,Maternity Wards,29
Dharashiv,2017,Umaraga,Number of Beds,1021
Dharashiv,2018,Paranda,Hospitals,19
Dharashiv,2018,Paranda,"Specialty Hospitals (Cancer, TB, etc)",0
Dharashiv,2018,Paranda,Clinics,56
Dharashiv,2018,Paranda,Maternity Wards,6
Dharashiv,2018,Paranda,Number of Beds,179
Dharashiv,2018,Bhum,Hospitals,13
Dharashiv,2018,Bhum,"Specialty Hospitals (Cancer, TB, etc)",0
Dharashiv,2018,Bhum,Clinics,38
Dharashiv,2018,Bhum,Maternity Wards,4
Dharashiv,2018,Bhum,Number of Beds,195
Dharashiv,2018,Washi,Hospitals,9
Dharashiv,2018,Washi,"Specialty Hospitals (Cancer, TB, etc)",0
Dharashiv,2018,Washi,Clinics,19
Dharashiv,2018,Washi,Maternity Wards,1
Dharashiv,2018,Washi,Number of Beds,76
Dharashiv,2018,Kalamb,Hospitals,31
Dharashiv,2018,Kalamb,"Specialty Hospitals (Cancer, TB, etc)",0
Dharashiv,2018,Kalamb,Clinics,55
Dharashiv,2018,Kalamb,Maternity Wards,7
Dharashiv,2018,Kalamb,Number of Beds,261
Dharashiv,2018,Dharashiv,Hospitals,57
Dharashiv,2018,Dharashiv,"Specialty Hospitals (Cancer, TB, etc)",0
Dharashiv,2018,Dharashiv,Clinics,87
Dharashiv,2018,Dharashiv,Maternity Wards,27
Dharashiv,2018,Dharashiv,Number of Beds,1062
Dharashiv,2018,Tuljapur,Hospitals,21
Dharashiv,2018,Tuljapur,"Specialty Hospitals (Cancer, TB, etc)",0
Dharashiv,2018,Tuljapur,Clinics,41
Dharashiv,2018,Tuljapur,Maternity Wards,9
Dharashiv,2018,Tuljapur,Number of Beds,370
Dharashiv,2018,Lohara,Hospitals,0
Dharashiv,2018,Lohara,"Specialty Hospitals (Cancer, TB, etc)",0
Dharashiv,2018,Lohara,Clinics,9
Dharashiv,2018,Lohara,Maternity Wards,0
Dharashiv,2018,Lohara,Number of Beds,41
Dharashiv,2018,Umaraga,Hospitals,53
Dharashiv,2018,Umaraga,"Specialty Hospitals (Cancer, TB, etc)",0
Dharashiv,2018,Umaraga,Clinics,89
Dharashiv,2018,Umaraga,Maternity Wards,29
Dharashiv,2018,Umaraga,Number of Beds,1021
Dharashiv,2019,Paranda,Hospitals,19
Dharashiv,2019,Paranda,"Specialty Hospitals (Cancer, TB, etc)",0
Dharashiv,2019,Paranda,Clinics,56
Dharashiv,2019,Paranda,Maternity Wards,6
Dharashiv,2019,Paranda,Number of Beds,179
Dharashiv,2019,Bhum,Hospitals,13
Dharashiv,2019,Bhum,"Specialty Hospitals (Cancer, TB, etc)",0
Dharashiv,2019,Bhum,Clinics,38
Dharashiv,2019,Bhum,Maternity Wards,4
Dharashiv,2019,Bhum,Number of Beds,195
Dharashiv,2019,Washi,Hospitals,9
Dharashiv,2019,Washi,"Specialty Hospitals (Cancer, TB, etc)",0
Dharashiv,2019,Washi,Clinics,19
Dharashiv,2019,Washi,Maternity Wards,1
Dharashiv,2019,Washi,Number of Beds,76
Dharashiv,2019,Kalamb,Hospitals,31
Dharashiv,2019,Kalamb,"Specialty Hospitals (Cancer, TB, etc)",0
Dharashiv,2019,Kalamb,Clinics,55
Dharashiv,2019,Kalamb,Maternity Wards,7
Dharashiv,2019,Kalamb,Number of Beds,261
Dharashiv,2019,Dharashiv,Hospitals,57
Dharashiv,2019,Dharashiv,"Specialty Hospitals (Cancer, TB, etc)",0
Dharashiv,2019,Dharashiv,Clinics,87
Dharashiv,2019,Dharashiv,Maternity Wards,27
Dharashiv,2019,Dharashiv,Number of Beds,1062
Dharashiv,2019,Tuljapur,Hospitals,21
Dharashiv,2019,Tuljapur,"Specialty Hospitals (Cancer, TB, etc)",0
Dharashiv,2019,Tuljapur,Clinics,41
Dharashiv,2019,Tuljapur,Maternity Wards,9
Dharashiv,2019,Tuljapur,Number of Beds,370
Dharashiv,2019,Lohara,Hospitals,0
Dharashiv,2019,Lohara,"Specialty Hospitals (Cancer, TB, etc)",0
Dharashiv,2019,Lohara,Clinics,9
Dharashiv,2019,Lohara,Maternity Wards,0
Dharashiv,2019,Lohara,Number of Beds,41
Dharashiv,2019,Umaraga,Hospitals,53
Dharashiv,2019,Umaraga,"Specialty Hospitals (Cancer, TB, etc)",0
Dharashiv,2019,Umaraga,Clinics,89
Dharashiv,2019,Umaraga,Maternity Wards,29
Dharashiv,2019,Umaraga,Number of Beds,1021
Dharashiv,2020,Paranda,Hospitals,19
Dharashiv,2020,Paranda,"Specialty Hospitals (Cancer, TB, etc)",0
Dharashiv,2020,Paranda,Clinics,56
Dharashiv,2020,Paranda,Maternity Wards,6
Dharashiv,2020,Paranda,Number of Beds,179
Dharashiv,2020,Bhum,Hospitals,13
Dharashiv,2020,Bhum,"Specialty Hospitals (Cancer, TB, etc)",0
Dharashiv,2020,Bhum,Clinics,38
Dharashiv,2020,Bhum,Maternity Wards,4
Dharashiv,2020,Bhum,Number of Beds,195
Dharashiv,2020,Washi,Hospitals,9
Dharashiv,2020,Washi,"Specialty Hospitals (Cancer, TB, etc)",0
Dharashiv,2020,Washi,Clinics,19
Dharashiv,2020,Washi,Maternity Wards,1
Dharashiv,2020,Washi,Number of Beds,76
Dharashiv,2020,Kalamb,Hospitals,31
Dharashiv,2020,Kalamb,"Specialty Hospitals (Cancer, TB, etc)",0
Dharashiv,2020,Kalamb,Clinics,55
Dharashiv,2020,Kalamb,Maternity Wards,7
Dharashiv,2020,Kalamb,Number of Beds,261
Dharashiv,2020,Dharashiv,Hospitals,57
Dharashiv,2020,Dharashiv,"Specialty Hospitals (Cancer, TB, etc)",0
Dharashiv,2020,Dharashiv,Clinics,87
Dharashiv,2020,Dharashiv,Maternity Wards,27
Dharashiv,2020,Dharashiv,Number of Beds,1062
Dharashiv,2020,Tuljapur,Hospitals,21
Dharashiv,2020,Tuljapur,"Specialty Hospitals (Cancer, TB, etc)",0
Dharashiv,2020,Tuljapur,Clinics,41
Dharashiv,2020,Tuljapur,Maternity Wards,9
Dharashiv,2020,Tuljapur,Number of Beds,370
Dharashiv,2020,Lohara,Hospitals,0
Dharashiv,2020,Lohara,"Specialty Hospitals (Cancer, TB, etc)",0
Dharashiv,2020,Lohara,Clinics,9
Dharashiv,2020,Lohara,Maternity Wards,0
Dharashiv,2020,Lohara,Number of Beds,41
Dharashiv,2020,Umaraga,Hospitals,53
Dharashiv,2020,Umaraga,"Specialty Hospitals (Cancer, TB, etc)",0
Dharashiv,2020,Umaraga,Clinics,89
Dharashiv,2020,Umaraga,Maternity Wards,29
Dharashiv,2020,Umaraga,Number of Beds,1021
Dharashiv,2021,Paranda,Hospitals,19
Dharashiv,2021,Paranda,"Specialty Hospitals (Cancer, TB, etc)",0
Dharashiv,2021,Paranda,Clinics,56
Dharashiv,2021,Paranda,Maternity Wards,6
Dharashiv,2021,Paranda,Number of Beds,179
Dharashiv,2021,Bhum,Hospitals,14
Dharashiv,2021,Bhum,"Specialty Hospitals (Cancer, TB, etc)",0
Dharashiv,2021,Bhum,Clinics,39
Dharashiv,2021,Bhum,Maternity Wards,4
Dharashiv,2021,Bhum,Number of Beds,195
Dharashiv,2021,Washi,Hospitals,9
Dharashiv,2021,Washi,"Specialty Hospitals (Cancer, TB, etc)",0
Dharashiv,2021,Washi,Clinics,19
Dharashiv,2021,Washi,Maternity Wards,1
Dharashiv,2021,Washi,Number of Beds,76
Dharashiv,2021,Kalamb,Hospitals,34
Dharashiv,2021,Kalamb,"Specialty Hospitals (Cancer, TB, etc)",0
Dharashiv,2021,Kalamb,Clinics,55
Dharashiv,2021,Kalamb,Maternity Wards,7
Dharashiv,2021,Kalamb,Number of Beds,261
Dharashiv,2021,Dharashiv,Hospitals,55
Dharashiv,2021,Dharashiv,"Specialty Hospitals (Cancer, TB, etc)",0
Dharashiv,2021,Dharashiv,Clinics,89
Dharashiv,2021,Dharashiv,Maternity Wards,27
Dharashiv,2021,Dharashiv,Number of Beds,1062
Dharashiv,2021,Tuljapur,Hospitals,21
Dharashiv,2021,Tuljapur,"Specialty Hospitals (Cancer, TB, etc)",0
Dharashiv,2021,Tuljapur,Clinics,41
Dharashiv,2021,Tuljapur,Maternity Wards,9
Dharashiv,2021,Tuljapur,Number of Beds,370
Dharashiv,2021,Lohara,Hospitals,0
Dharashiv,2021,Lohara,"Specialty Hospitals (Cancer, TB, etc)",0
Dharashiv,2021,Lohara,Clinics,9
Dharashiv,2021,Lohara,Maternity Wards,0
Dharashiv,2021,Lohara,Number of Beds,41
Dharashiv,2021,Umaraga,Hospitals,53
Dharashiv,2021,Umaraga,"Specialty Hospitals (Cancer, TB, etc)",0
Dharashiv,2021,Umaraga,Clinics,93
Dharashiv,2021,Umaraga,Maternity Wards,29
Dharashiv,2021,Umaraga,Number of Beds,1021
Palghar,2014,Talasari,Hospitals,8
Palghar,2014,Talasari,"Specialty Hospitals (Cancer, TB, etc)",0
Palghar,2014,Talasari,Clinics,31
Palghar,2014,Talasari,Maternity Wards,8
Palghar,2014,Talasari,Number of Beds,563
Palghar,2014,Dahanu,Hospitals,227
Palghar,2014,Dahanu,"Specialty Hospitals (Cancer, TB, etc)",0
Palghar,2014,Dahanu,Clinics,32
Palghar,2014,Dahanu,Maternity Wards,24
Palghar,2014,Dahanu,Number of Beds,3028
Palghar,2014,Vikramgad,Hospitals,0
Palghar,2014,Vikramgad,"Specialty Hospitals (Cancer, TB, etc)",0
Palghar,2014,Vikramgad,Clinics,17
Palghar,2014,Vikramgad,Maternity Wards,0
Palghar,2014,Vikramgad,Number of Beds,201
Palghar,2014,Javhar,Hospitals,1
Palghar,2014,Javhar,"Specialty Hospitals (Cancer, TB, etc)",0
Palghar,2014,Javhar,Clinics,0
Palghar,2014,Javhar,Maternity Wards,1
Palghar,2014,Javhar,Number of Beds,10
Palghar,2014,Mokhada,Hospitals,1
Palghar,2014,Mokhada,"Specialty Hospitals (Cancer, TB, etc)",0
Palghar,2014,Mokhada,Clinics,3
Palghar,2014,Mokhada,Maternity Wards,1
Palghar,2014,Mokhada,Number of Beds,130
Palghar,2014,Wada,Hospitals,0
Palghar,2014,Wada,"Specialty Hospitals (Cancer, TB, etc)",0
Palghar,2014,Wada,Clinics,0
Palghar,2014,Wada,Maternity Wards,0
Palghar,2014,Wada,Number of Beds,0
Palghar,2014,Palghar,Hospitals,0
Palghar,2014,Palghar,"Specialty Hospitals (Cancer, TB, etc)",0
Palghar,2014,Palghar,Clinics,0
Palghar,2014,Palghar,Maternity Wards,3
Palghar,2014,Palghar,Number of Beds,30
Palghar,2014,Vasai,Hospitals,6
Palghar,2014,Vasai,"Specialty Hospitals (Cancer, TB, etc)",0
Palghar,2014,Vasai,Clinics,0
Palghar,2014,Vasai,Maternity Wards,2
Palghar,2014,Vasai,Number of Beds,97
Palghar,2015,Talasari,Hospitals,8
Palghar,2015,Talasari,"Specialty Hospitals (Cancer, TB, etc)",0
Palghar,2015,Talasari,Clinics,31
Palghar,2015,Talasari,Maternity Wards,8
Palghar,2015,Talasari,Number of Beds,563
Palghar,2015,Dahanu,Hospitals,227
Palghar,2015,Dahanu,"Specialty Hospitals (Cancer, TB, etc)",0
Palghar,2015,Dahanu,Clinics,32
Palghar,2015,Dahanu,Maternity Wards,24
Palghar,2015,Dahanu,Number of Beds,3028
Palghar,2015,Vikramgad,Hospitals,0
Palghar,2015,Vikramgad,"Specialty Hospitals (Cancer, TB, etc)",0
Palghar,2015,Vikramgad,Clinics,17
Palghar,2015,Vikramgad,Maternity Wards,0
Palghar,2015,Vikramgad,Number of Beds,201
Palghar,2015,Javhar,Hospitals,1
Palghar,2015,Javhar,"Specialty Hospitals (Cancer, TB, etc)",0
Palghar,2015,Javhar,Clinics,3
Palghar,2015,Javhar,Maternity Wards,1
Palghar,2015,Javhar,Number of Beds,130
Palghar,2015,Mokhada,Hospitals,1
Palghar,2015,Mokhada,"Specialty Hospitals (Cancer, TB, etc)",0
Palghar,2015,Mokhada,Clinics,0
Palghar,2015,Mokhada,Maternity Wards,1
Palghar,2015,Mokhada,Number of Beds,10
Palghar,2015,Wada,Hospitals,0
Palghar,2015,Wada,"Specialty Hospitals (Cancer, TB, etc)",0
Palghar,2015,Wada,Clinics,0
Palghar,2015,Wada,Maternity Wards,0
Palghar,2015,Wada,Number of Beds,0
Palghar,2015,Palghar,Hospitals,0
Palghar,2015,Palghar,"Specialty Hospitals (Cancer, TB, etc)",0
Palghar,2015,Palghar,Clinics,0
Palghar,2015,Palghar,Maternity Wards,3
Palghar,2015,Palghar,Number of Beds,30
Palghar,2015,Vasai,Hospitals,6
Palghar,2015,Vasai,"Specialty Hospitals (Cancer, TB, etc)",0
Palghar,2015,Vasai,Clinics,0
Palghar,2015,Vasai,Maternity Wards,2
Palghar,2015,Vasai,Number of Beds,97
Palghar,2016,Talasari,Hospitals,1
Palghar,2016,Talasari,"Specialty Hospitals (Cancer, TB, etc)",0
Palghar,2016,Talasari,Clinics,3
Palghar,2016,Talasari,Maternity Wards,1
Palghar,2016,Talasari,Number of Beds,130
Palghar,2016,Dahanu,Hospitals,0
Palghar,2016,Dahanu,"Specialty Hospitals (Cancer, TB, etc)",0
Palghar,2016,Dahanu,Clinics,17
Palghar,2016,Dahanu,Maternity Wards,0
Palghar,2016,Dahanu,Number of Beds,201
Palghar,2016,Vikramgad,Hospitals,0
Palghar,2016,Vikramgad,"Specialty Hospitals (Cancer, TB, etc)",0
Palghar,2016,Vikramgad,Clinics,0
Palghar,2016,Vikramgad,Maternity Wards,3
Palghar,2016,Vikramgad,Number of Beds,30
Palghar,2016,Javhar,Hospitals,1
Palghar,2016,Javhar,"Specialty Hospitals (Cancer, TB, etc)",0
Palghar,2016,Javhar,Clinics,0
Palghar,2016,Javhar,Maternity Wards,1
Palghar,2016,Javhar,Number of Beds,10
Palghar,2016,Mokhada,Hospitals,0
Palghar,2016,Mokhada,"Specialty Hospitals (Cancer, TB, etc)",0
Palghar,2016,Mokhada,Clinics,0
Palghar,2016,Mokhada,Maternity Wards,0
Palghar,2016,Mokhada,Number of Beds,0
Palghar,2016,Wada,Hospitals,6
Palghar,2016,Wada,"Specialty Hospitals (Cancer, TB, etc)",0
Palghar,2016,Wada,Clinics,0
Palghar,2016,Wada,Maternity Wards,2
Palghar,2016,Wada,Number of Beds,97
Palghar,2016,Palghar,Hospitals,8
Palghar,2016,Palghar,"Specialty Hospitals (Cancer, TB, etc)",0
Palghar,2016,Palghar,Clinics,31
Palghar,2016,Palghar,Maternity Wards,8
Palghar,2016,Palghar,Number of Beds,563
Palghar,2016,Vasai,Hospitals,227
Palghar,2016,Vasai,"Specialty Hospitals (Cancer, TB, etc)",0
Palghar,2016,Vasai,Clinics,32
Palghar,2016,Vasai,Maternity Wards,24
Palghar,2016,Vasai,Number of Beds,3028
Palghar,2017,Talasari,Hospitals,1
Palghar,2017,Talasari,"Specialty Hospitals (Cancer, TB, etc)",0
Palghar,2017,Talasari,Clinics,3
Palghar,2017,Talasari,Maternity Wards,1
Palghar,2017,Talasari,Number of Beds,130
Palghar,2017,Dahanu,Hospitals,0
Palghar,2017,Dahanu,"Specialty Hospitals (Cancer, TB, etc)",0
Palghar,2017,Dahanu,Clinics,17
Palghar,2017,Dahanu,Maternity Wards,0
Palghar,2017,Dahanu,Number of Beds,201
Palghar,2017,Vikramgad,Hospitals,0
Palghar,2017,Vikramgad,"Specialty Hospitals (Cancer, TB, etc)",0
Palghar,2017,Vikramgad,Clinics,0
Palghar,2017,Vikramgad,Maternity Wards,3
Palghar,2017,Vikramgad,Number of Beds,30
Palghar,2017,Javhar,Hospitals,1
Palghar,2017,Javhar,"Specialty Hospitals (Cancer, TB, etc)",0
Palghar,2017,Javhar,Clinics,0
Palghar,2017,Javhar,Maternity Wards,1
Palghar,2017,Javhar,Number of Beds,10
Palghar,2017,Mokhada,Hospitals,0
Palghar,2017,Mokhada,"Specialty Hospitals (Cancer, TB, etc)",0
Palghar,2017,Mokhada,Clinics,0
Palghar,2017,Mokhada,Maternity Wards,0
Palghar,2017,Mokhada,Number of Beds,0
Palghar,2017,Wada,Hospitals,6
Palghar,2017,Wada,"Specialty Hospitals (Cancer, TB, etc)",0
Palghar,2017,Wada,Clinics,0
Palghar,2017,Wada,Maternity Wards,2
Palghar,2017,Wada,Number of Beds,97
Palghar,2017,Palghar,Hospitals,8
Palghar,2017,Palghar,"Specialty Hospitals (Cancer, TB, etc)",0
Palghar,2017,Palghar,Clinics,31
Palghar,2017,Palghar,Maternity Wards,8
Palghar,2017,Palghar,Number of Beds,563
Palghar,2017,Vasai,Hospitals,227
Palghar,2017,Vasai,"Specialty Hospitals (Cancer, TB, etc)",0
Palghar,2017,Vasai,Clinics,32
Palghar,2017,Vasai,Maternity Wards,24
Palghar,2017,Vasai,Number of Beds,3028
Palghar,2018,Talasari,Hospitals,1
Palghar,2018,Talasari,"Specialty Hospitals (Cancer, TB, etc)",0
Palghar,2018,Talasari,Clinics,3
Palghar,2018,Talasari,Maternity Wards,1
Palghar,2018,Talasari,Number of Beds,130
Palghar,2018,Dahanu,Hospitals,0
Palghar,2018,Dahanu,"Specialty Hospitals (Cancer, TB, etc)",0
Palghar,2018,Dahanu,Clinics,17
Palghar,2018,Dahanu,Maternity Wards,0
Palghar,2018,Dahanu,Number of Beds,201
Palghar,2018,Vikramgad,Hospitals,0
Palghar,2018,Vikramgad,"Specialty Hospitals (Cancer, TB, etc)",0
Palghar,2018,Vikramgad,Clinics,0
Palghar,2018,Vikramgad,Maternity Wards,3
Palghar,2018,Vikramgad,Number of Beds,30
Palghar,2018,Javhar,Hospitals,1
Palghar,2018,Javhar,"Specialty Hospitals (Cancer, TB, etc)",0
Palghar,2018,Javhar,Clinics,0
Palghar,2018,Javhar,Maternity Wards,1
Palghar,2018,Javhar,Number of Beds,10
Palghar,2018,Mokhada,Hospitals,0
Palghar,2018,Mokhada,"Specialty Hospitals (Cancer, TB, etc)",0
Palghar,2018,Mokhada,Clinics,0
Palghar,2018,Mokhada,Maternity Wards,0
Palghar,2018,Mokhada,Number of Beds,0
Palghar,2018,Wada,Hospitals,6
Palghar,2018,Wada,"Specialty Hospitals (Cancer, TB, etc)",0
Palghar,2018,Wada,Clinics,0
Palghar,2018,Wada,Maternity Wards,2
Palghar,2018,Wada,Number of Beds,97
Palghar,2018,Palghar,Hospitals,8
Palghar,2018,Palghar,"Specialty Hospitals (Cancer, TB, etc)",0
Palghar,2018,Palghar,Clinics,31
Palghar,2018,Palghar,Maternity Wards,8
Palghar,2018,Palghar,Number of Beds,563
Palghar,2018,Vasai,Hospitals,227
Palghar,2018,Vasai,"Specialty Hospitals (Cancer, TB, etc)",0
Palghar,2018,Vasai,Clinics,32
Palghar,2018,Vasai,Maternity Wards,24
Palghar,2018,Vasai,Number of Beds,3028
Palghar,2019,Talasari,Hospitals,1
Palghar,2019,Talasari,"Specialty Hospitals (Cancer, TB, etc)",0
Palghar,2019,Talasari,Clinics,3
Palghar,2019,Talasari,Maternity Wards,1
Palghar,2019,Talasari,Number of Beds,130
Palghar,2019,Dahanu,Hospitals,0
Palghar,2019,Dahanu,"Specialty Hospitals (Cancer, TB, etc)",0
Palghar,2019,Dahanu,Clinics,17
Palghar,2019,Dahanu,Maternity Wards,0
Palghar,2019,Dahanu,Number of Beds,201
Palghar,2019,Vikramgad,Hospitals,0
Palghar,2019,Vikramgad,"Specialty Hospitals (Cancer, TB, etc)",0
Palghar,2019,Vikramgad,Clinics,0
Palghar,2019,Vikramgad,Maternity Wards,3
Palghar,2019,Vikramgad,Number of Beds,30
Palghar,2019,Javhar,Hospitals,1
Palghar,2019,Javhar,"Specialty Hospitals (Cancer, TB, etc)",0
Palghar,2019,Javhar,Clinics,0
Palghar,2019,Javhar,Maternity Wards,1
Palghar,2019,Javhar,Number of Beds,10
Palghar,2019,Mokhada,Hospitals,0
Palghar,2019,Mokhada,"Specialty Hospitals (Cancer, TB, etc)",0
Palghar,2019,Mokhada,Clinics,0
Palghar,2019,Mokhada,Maternity Wards,0
Palghar,2019,Mokhada,Number of Beds,0
Palghar,2019,Wada,Hospitals,6
Palghar,2019,Wada,"Specialty Hospitals (Cancer, TB, etc)",0
Palghar,2019,Wada,Clinics,0
Palghar,2019,Wada,Maternity Wards,2
Palghar,2019,Wada,Number of Beds,97
Palghar,2019,Palghar,Hospitals,8
Palghar,2019,Palghar,"Specialty Hospitals (Cancer, TB, etc)",0
Palghar,2019,Palghar,Clinics,31
Palghar,2019,Palghar,Maternity Wards,8
Palghar,2019,Palghar,Number of Beds,563
Palghar,2019,Vasai,Hospitals,227
Palghar,2019,Vasai,"Specialty Hospitals (Cancer, TB, etc)",0
Palghar,2019,Vasai,Clinics,32
Palghar,2019,Vasai,Maternity Wards,24
Palghar,2019,Vasai,Number of Beds,3028
Palghar,2020,Talasari,Hospitals,1
Palghar,2020,Talasari,"Specialty Hospitals (Cancer, TB, etc)",0
Palghar,2020,Talasari,Clinics,3
Palghar,2020,Talasari,Maternity Wards,1
Palghar,2020,Talasari,Number of Beds,130
Palghar,2020,Dahanu,Hospitals,0
Palghar,2020,Dahanu,"Specialty Hospitals (Cancer, TB, etc)",0
Palghar,2020,Dahanu,Clinics,17
Palghar,2020,Dahanu,Maternity Wards,0
Palghar,2020,Dahanu,Number of Beds,201
Palghar,2020,Vikramgad,Hospitals,0
Palghar,2020,Vikramgad,"Specialty Hospitals (Cancer, TB, etc)",0
Palghar,2020,Vikramgad,Clinics,0
Palghar,2020,Vikramgad,Maternity Wards,3
Palghar,2020,Vikramgad,Number of Beds,30
Palghar,2020,Javhar,Hospitals,1
Palghar,2020,Javhar,"Specialty Hospitals (Cancer, TB, etc)",0
Palghar,2020,Javhar,Clinics,0
Palghar,2020,Javhar,Maternity Wards,1
Palghar,2020,Javhar,Number of Beds,10
Palghar,2020,Mokhada,Hospitals,0
Palghar,2020,Mokhada,"Specialty Hospitals (Cancer, TB, etc)",0
Palghar,2020,Mokhada,Clinics,0
Palghar,2020,Mokhada,Maternity Wards,0
Palghar,2020,Mokhada,Number of Beds,0
Palghar,2020,Wada,Hospitals,6
Palghar,2020,Wada,"Specialty Hospitals (Cancer, TB, etc)",0
Palghar,2020,Wada,Clinics,0
Palghar,2020,Wada,Maternity Wards,2
Palghar,2020,Wada,Number of Beds,97
Palghar,2020,Palghar,Hospitals,8
Palghar,2020,Palghar,"Specialty Hospitals (Cancer, TB, etc)",0
Palghar,2020,Palghar,Clinics,31
Palghar,2020,Palghar,Maternity Wards,8
Palghar,2020,Palghar,Number of Beds,563
Palghar,2020,Vasai,Hospitals,227
Palghar,2020,Vasai,"Specialty Hospitals (Cancer, TB, etc)",0
Palghar,2020,Vasai,Clinics,32
Palghar,2020,Vasai,Maternity Wards,24
Palghar,2020,Vasai,Number of Beds,3028
Palghar,2021,Talasari,Hospitals,1
Palghar,2021,Talasari,"Specialty Hospitals (Cancer, TB, etc)",0
Palghar,2021,Talasari,Clinics,3
Palghar,2021,Talasari,Maternity Wards,1
Palghar,2021,Talasari,Number of Beds,130
Palghar,2021,Dahanu,Hospitals,0
Palghar,2021,Dahanu,"Specialty Hospitals (Cancer, TB, etc)",0
Palghar,2021,Dahanu,Clinics,17
Palghar,2021,Dahanu,Maternity Wards,0
Palghar,2021,Dahanu,Number of Beds,201
Palghar,2021,Vikramgad,Hospitals,0
Palghar,2021,Vikramgad,"Specialty Hospitals (Cancer, TB, etc)",0
Palghar,2021,Vikramgad,Clinics,0
Palghar,2021,Vikramgad,Maternity Wards,3
Palghar,2021,Vikramgad,Number of Beds,30
Palghar,2021,Javhar,Hospitals,1
Palghar,2021,Javhar,"Specialty Hospitals (Cancer, TB, etc)",0
Palghar,2021,Javhar,Clinics,0
Palghar,2021,Javhar,Maternity Wards,1
Palghar,2021,Javhar,Number of Beds,10
Palghar,2021,Mokhada,Hospitals,0
Palghar,2021,Mokhada,"Specialty Hospitals (Cancer, TB, etc)",0
Palghar,2021,Mokhada,Clinics,0
Palghar,2021,Mokhada,Maternity Wards,0
Palghar,2021,Mokhada,Number of Beds,0
Palghar,2021,Wada,Hospitals,6
Palghar,2021,Wada,"Specialty Hospitals (Cancer, TB, etc)",0
Palghar,2021,Wada,Clinics,0
Palghar,2021,Wada,Maternity Wards,2
Palghar,2021,Wada,Number of Beds,97
Palghar,2021,Palghar,Hospitals,8
Palghar,2021,Palghar,"Specialty Hospitals (Cancer, TB, etc)",0
Palghar,2021,Palghar,Clinics,31
Palghar,2021,Palghar,Maternity Wards,8
Palghar,2021,Palghar,Number of Beds,563
Palghar,2021,Vasai,Hospitals,227
Palghar,2021,Vasai,"Specialty Hospitals (Cancer, TB, etc)",0
Palghar,2021,Vasai,Clinics,32
Palghar,2021,Vasai,Maternity Wards,24
Palghar,2021,Vasai,Number of Beds,3028
Parbhani,2013,Selu,Hospitals,1
Parbhani,2013,Selu,Clinics,6
Parbhani,2013,Selu,Number of Beds,45
Parbhani,2013,Jintur,Hospitals,1
Parbhani,2013,Jintur,Clinics,3
Parbhani,2013,Jintur,Number of Beds,20
Parbhani,2013,Parbhani,Hospitals,11
Parbhani,2013,Parbhani,Clinics,74
Parbhani,2013,Parbhani,Number of Beds,850
Parbhani,2013,Manvat,Hospitals,1
Parbhani,2013,Manvat,Clinics,1
Parbhani,2013,Manvat,Number of Beds,8
Parbhani,2013,Pathari,Hospitals,1
Parbhani,2013,Pathari,Clinics,4
Parbhani,2013,Pathari,Number of Beds,26
Parbhani,2013,Sonpeth,Hospitals,0
Parbhani,2013,Sonpeth,Clinics,0
Parbhani,2013,Gangakhed,Hospitals,2
Parbhani,2013,Gangakhed,Clinics,6
Parbhani,2013,Gangakhed,Number of Beds,45
Parbhani,2013,Palam,Hospitals,2
Parbhani,2013,Palam,Clinics,5
Parbhani,2013,Palam,Number of Beds,32
Parbhani,2013,Purna,Hospitals,1
Parbhani,2013,Purna,Clinics,23
Parbhani,2013,Purna,Number of Beds,161
Parbhani,2014,Selu,Hospitals,1
Parbhani,2014,Selu,Clinics,6
Parbhani,2014,Selu,Number of Beds,45
Parbhani,2014,Jintur,Hospitals,1
Parbhani,2014,Jintur,Clinics,3
Parbhani,2014,Jintur,Number of Beds,20
Parbhani,2014,Parbhani,Hospitals,11
Parbhani,2014,Parbhani,Clinics,74
Parbhani,2014,Parbhani,Number of Beds,850
Parbhani,2014,Manvat,Hospitals,1
Parbhani,2014,Manvat,Clinics,1
Parbhani,2014,Manvat,Number of Beds,8
Parbhani,2014,Pathari,Hospitals,1
Parbhani,2014,Pathari,Clinics,4
Parbhani,2014,Pathari,Number of Beds,26
Parbhani,2014,Sonpeth,Hospitals,0
Parbhani,2014,Sonpeth,Clinics,0
Parbhani,2014,Gangakhed,Hospitals,2
Parbhani,2014,Gangakhed,Clinics,6
Parbhani,2014,Gangakhed,Number of Beds,45
Parbhani,2014,Palam,Hospitals,2
Parbhani,2014,Palam,Clinics,5
Parbhani,2014,Palam,Number of Beds,32
Parbhani,2014,Purna,Hospitals,1
Parbhani,2014,Purna,Clinics,23
Parbhani,2014,Purna,Number of Beds,161
Parbhani,2015,Selu,Hospitals,1
Parbhani,2015,Selu,Clinics,6
Parbhani,2015,Selu,Number of Beds,45
Parbhani,2015,Jintur,Hospitals,1
Parbhani,2015,Jintur,Clinics,3
Parbhani,2015,Jintur,Number of Beds,20
Parbhani,2015,Parbhani,Hospitals,11
Parbhani,2015,Parbhani,Clinics,74
Parbhani,2015,Parbhani,Number of Beds,850
Parbhani,2015,Manvat,Hospitals,1
Parbhani,2015,Manvat,Clinics,1
Parbhani,2015,Manvat,Number of Beds,8
Parbhani,2015,Pathari,Hospitals,1
Parbhani,2015,Pathari,Clinics,4
Parbhani,2015,Pathari,Number of Beds,26
Parbhani,2015,Sonpeth,Hospitals,0
Parbhani,2015,Sonpeth,Clinics,0
Parbhani,2015,Gangakhed,Hospitals,2
Parbhani,2015,Gangakhed,Clinics,6
Parbhani,2015,Gangakhed,Number of Beds,45
Parbhani,2015,Palam,Hospitals,2
Parbhani,2015,Palam,Clinics,5
Parbhani,2015,Palam,Number of Beds,32
Parbhani,2015,Purna,Hospitals,1
Parbhani,2015,Purna,Clinics,23
Parbhani,2015,Purna,Number of Beds,161
Parbhani,2016,Selu,Hospitals,1
Parbhani,2016,Selu,Clinics,12
Parbhani,2016,Selu,Maternity Wards,7
Parbhani,2016,Selu,Number of Beds,167
Parbhani,2016,Jintur,Hospitals,1
Parbhani,2016,Jintur,Clinics,8
Parbhani,2016,Jintur,Maternity Wards,3
Parbhani,2016,Jintur,Number of Beds,54
Parbhani,2016,Parbhani,Hospitals,11
Parbhani,2016,Parbhani,Clinics,156
Parbhani,2016,Parbhani,Maternity Wards,46
Parbhani,2016,Parbhani,Number of Beds,1859
Parbhani,2016,Manvat,Hospitals,1
Parbhani,2016,Manvat,Clinics,2
Parbhani,2016,Manvat,Maternity Wards,1
Parbhani,2016,Manvat,Number of Beds,36
Parbhani,2016,Pathari,Hospitals,1
Parbhani,2016,Pathari,Clinics,6
Parbhani,2016,Pathari,Maternity Wards,4
Parbhani,2016,Pathari,Number of Beds,40
Parbhani,2016,Sonpeth,Hospitals,0
Parbhani,2016,Sonpeth,Clinics,1
Parbhani,2016,Sonpeth,Maternity Wards,0
Parbhani,2016,Sonpeth,Number of Beds,30
Parbhani,2016,Gangakhed,Hospitals,2
Parbhani,2016,Gangakhed,Clinics,18
Parbhani,2016,Gangakhed,Maternity Wards,7
Parbhani,2016,Gangakhed,Number of Beds,223
Parbhani,2016,Palam,Hospitals,2
Parbhani,2016,Palam,Clinics,1
Parbhani,2016,Palam,Maternity Wards,0
Parbhani,2016,Palam,Number of Beds,30
Parbhani,2016,Purna,Hospitals,1
Parbhani,2016,Purna,Clinics,18
Parbhani,2016,Purna,Maternity Wards,4
Parbhani,2016,Purna,Number of Beds,89
Parbhani,2017,Selu,Hospitals,1
Parbhani,2017,Selu,Clinics,12
Parbhani,2017,Selu,Maternity Wards,7
Parbhani,2017,Selu,Number of Beds,167
Parbhani,2017,Jintur,Hospitals,1
Parbhani,2017,Jintur,Clinics,8
Parbhani,2017,Jintur,Maternity Wards,3
Parbhani,2017,Jintur,Number of Beds,54
Parbhani,2017,Parbhani,Hospitals,11
Parbhani,2017,Parbhani,Clinics,156
Parbhani,2017,Parbhani,Maternity Wards,46
Parbhani,2017,Parbhani,Number of Beds,1859
Parbhani,2017,Manvat,Hospitals,1
Parbhani,2017,Manvat,Clinics,2
Parbhani,2017,Manvat,Maternity Wards,1
Parbhani,2017,Manvat,Number of Beds,36
Parbhani,2017,Pathari,Hospitals,1
Parbhani,2017,Pathari,Clinics,6
Parbhani,2017,Pathari,Maternity Wards,4
Parbhani,2017,Pathari,Number of Beds,40
Parbhani,2017,Sonpeth,Hospitals,0
Parbhani,2017,Sonpeth,Clinics,1
Parbhani,2017,Sonpeth,Maternity Wards,0
Parbhani,2017,Sonpeth,Number of Beds,30
Parbhani,2017,Gangakhed,Hospitals,2
Parbhani,2017,Gangakhed,Clinics,18
Parbhani,2017,Gangakhed,Maternity Wards,7
Parbhani,2017,Gangakhed,Number of Beds,223
Parbhani,2017,Palam,Hospitals,2
Parbhani,2017,Palam,Clinics,1
Parbhani,2017,Palam,Maternity Wards,0
Parbhani,2017,Palam,Number of Beds,30
Parbhani,2017,Purna,Hospitals,1
Parbhani,2017,Purna,Clinics,18
Parbhani,2017,Purna,Maternity Wards,4
Parbhani,2017,Purna,Number of Beds,89
Parbhani,2018,Selu,Hospitals,1
Parbhani,2018,Selu,"Specialty Hospitals (Cancer, TB, etc)",0
Parbhani,2018,Selu,Clinics,37
Parbhani,2018,Selu,Maternity Wards,12
Parbhani,2018,Selu,Number of Beds,369
Parbhani,2018,Jintur,Hospitals,1
Parbhani,2018,Jintur,"Specialty Hospitals (Cancer, TB, etc)",0
Parbhani,2018,Jintur,Clinics,23
Parbhani,2018,Jintur,Maternity Wards,7
Parbhani,2018,Jintur,Number of Beds,145
Parbhani,2018,Parbhani,Hospitals,11
Parbhani,2018,Parbhani,"Specialty Hospitals (Cancer, TB, etc)",0
Parbhani,2018,Parbhani,Clinics,156
Parbhani,2018,Parbhani,Maternity Wards,46
Parbhani,2018,Parbhani,Number of Beds,1859
Parbhani,2018,Manvat,Hospitals,1
Parbhani,2018,Manvat,"Specialty Hospitals (Cancer, TB, etc)",0
Parbhani,2018,Manvat,Clinics,28
Parbhani,2018,Manvat,Maternity Wards,2
Parbhani,2018,Manvat,Number of Beds,197
Parbhani,2018,Pathari,Hospitals,1
Parbhani,2018,Pathari,"Specialty Hospitals (Cancer, TB, etc)",0
Parbhani,2018,Pathari,Clinics,15
Parbhani,2018,Pathari,Maternity Wards,9
Parbhani,2018,Pathari,Number of Beds,103
Parbhani,2018,Sonpeth,Hospitals,0
Parbhani,2018,Sonpeth,"Specialty Hospitals (Cancer, TB, etc)",0
Parbhani,2018,Sonpeth,Clinics,11
Parbhani,2018,Sonpeth,Maternity Wards,0
Parbhani,2018,Sonpeth,Number of Beds,59
Parbhani,2018,Gangakhed,Hospitals,2
Parbhani,2018,Gangakhed,"Specialty Hospitals (Cancer, TB, etc)",0
Parbhani,2018,Gangakhed,Clinics,38
Parbhani,2018,Gangakhed,Maternity Wards,14
Parbhani,2018,Gangakhed,Number of Beds,471
Parbhani,2018,Palam,Hospitals,2
Parbhani,2018,Palam,"Specialty Hospitals (Cancer, TB, etc)",0
Parbhani,2018,Palam,Clinics,13
Parbhani,2018,Palam,Maternity Wards,0
Parbhani,2018,Palam,Number of Beds,103
Parbhani,2018,Purna,Hospitals,1
Parbhani,2018,Purna,"Specialty Hospitals (Cancer, TB, etc)",0
Parbhani,2018,Purna,Clinics,41
Parbhani,2018,Purna,Maternity Wards,5
Parbhani,2018,Purna,Number of Beds,160
Parbhani,2019,Selu,Hospitals,1
Parbhani,2019,Selu,"Specialty Hospitals (Cancer, TB, etc)",0
Parbhani,2019,Selu,Clinics,37
Parbhani,2019,Selu,Maternity Wards,12
Parbhani,2019,Selu,Number of Beds,369
Parbhani,2019,Jintur,Hospitals,1
Parbhani,2019,Jintur,"Specialty Hospitals (Cancer, TB, etc)",0
Parbhani,2019,Jintur,Clinics,23
Parbhani,2019,Jintur,Maternity Wards,7
Parbhani,2019,Jintur,Number of Beds,145
Parbhani,2019,Parbhani,Hospitals,11
Parbhani,2019,Parbhani,"Specialty Hospitals (Cancer, TB, etc)",0
Parbhani,2019,Parbhani,Clinics,156
Parbhani,2019,Parbhani,Maternity Wards,46
Parbhani,2019,Parbhani,Number of Beds,1859
Parbhani,2019,Manvat,Hospitals,1
Parbhani,2019,Manvat,"Specialty Hospitals (Cancer, TB, etc)",0
Parbhani,2019,Manvat,Clinics,28
Parbhani,2019,Manvat,Maternity Wards,2
Parbhani,2019,Manvat,Number of Beds,197
Parbhani,2019,Pathari,Hospitals,1
Parbhani,2019,Pathari,"Specialty Hospitals (Cancer, TB, etc)",0
Parbhani,2019,Pathari,Clinics,15
Parbhani,2019,Pathari,Maternity Wards,9
Parbhani,2019,Pathari,Number of Beds,103
Parbhani,2019,Sonpeth,Hospitals,0
Parbhani,2019,Sonpeth,"Specialty Hospitals (Cancer, TB, etc)",0
Parbhani,2019,Sonpeth,Clinics,11
Parbhani,2019,Sonpeth,Maternity Wards,0
Parbhani,2019,Sonpeth,Number of Beds,59
Parbhani,2019,Gangakhed,Hospitals,2
Parbhani,2019,Gangakhed,"Specialty Hospitals (Cancer, TB, etc)",0
Parbhani,2019,Gangakhed,Clinics,38
Parbhani,2019,Gangakhed,Maternity Wards,14
Parbhani,2019,Gangakhed,Number of Beds,471
Parbhani,2019,Palam,Hospitals,2
Parbhani,2019,Palam,"Specialty Hospitals (Cancer, TB, etc)",0
Parbhani,2019,Palam,Clinics,13
Parbhani,2019,Palam,Maternity Wards,0
Parbhani,2019,Palam,Number of Beds,103
Parbhani,2019,Purna,Hospitals,1
Parbhani,2019,Purna,"Specialty Hospitals (Cancer, TB, etc)",0
Parbhani,2019,Purna,Clinics,41
Parbhani,2019,Purna,Maternity Wards,5
Parbhani,2019,Purna,Number of Beds,160
Parbhani,2020,Selu,Hospitals,1
Parbhani,2020,Selu,"Specialty Hospitals (Cancer, TB, etc)",0
Parbhani,2020,Selu,Clinics,37
Parbhani,2020,Selu,Maternity Wards,12
Parbhani,2020,Selu,Number of Beds,369
Parbhani,2020,Jintur,Hospitals,1
Parbhani,2020,Jintur,"Specialty Hospitals (Cancer, TB, etc)",0
Parbhani,2020,Jintur,Clinics,23
Parbhani,2020,Jintur,Maternity Wards,7
Parbhani,2020,Jintur,Number of Beds,145
Parbhani,2020,Parbhani,Hospitals,11
Parbhani,2020,Parbhani,"Specialty Hospitals (Cancer, TB, etc)",0
Parbhani,2020,Parbhani,Clinics,156
Parbhani,2020,Parbhani,Maternity Wards,46
Parbhani,2020,Parbhani,Number of Beds,1859
Parbhani,2020,Manvat,Hospitals,1
Parbhani,2020,Manvat,"Specialty Hospitals (Cancer, TB, etc)",0
Parbhani,2020,Manvat,Clinics,28
Parbhani,2020,Manvat,Maternity Wards,2
Parbhani,2020,Manvat,Number of Beds,197
Parbhani,2020,Pathari,Hospitals,1
Parbhani,2020,Pathari,"Specialty Hospitals (Cancer, TB, etc)",0
Parbhani,2020,Pathari,Clinics,15
Parbhani,2020,Pathari,Maternity Wards,9
Parbhani,2020,Pathari,Number of Beds,103
Parbhani,2020,Sonpeth,Hospitals,0
Parbhani,2020,Sonpeth,"Specialty Hospitals (Cancer, TB, etc)",0
Parbhani,2020,Sonpeth,Clinics,11
Parbhani,2020,Sonpeth,Maternity Wards,0
Parbhani,2020,Sonpeth,Number of Beds,59
Parbhani,2020,Gangakhed,Hospitals,2
Parbhani,2020,Gangakhed,"Specialty Hospitals (Cancer, TB, etc)",0
Parbhani,2020,Gangakhed,Clinics,38
Parbhani,2020,Gangakhed,Maternity Wards,14
Parbhani,2020,Gangakhed,Number of Beds,471
Parbhani,2020,Palam,Hospitals,2
Parbhani,2020,Palam,"Specialty Hospitals (Cancer, TB, etc)",0
Parbhani,2020,Palam,Clinics,13
Parbhani,2020,Palam,Maternity Wards,0
Parbhani,2020,Palam,Number of Beds,103
Parbhani,2020,Purna,Hospitals,1
Parbhani,2020,Purna,"Specialty Hospitals (Cancer, TB, etc)",0
Parbhani,2020,Purna,Clinics,41
Parbhani,2020,Purna,Maternity Wards,5
Parbhani,2020,Purna,Number of Beds,160
Parbhani,2021,Selu,Hospitals,2
Parbhani,2021,Selu,"Specialty Hospitals (Cancer, TB, etc)",0
Parbhani,2021,Selu,Clinics,37
Parbhani,2021,Selu,Maternity Wards,12
Parbhani,2021,Selu,Number of Beds,369
Parbhani,2021,Jintur,Hospitals,1
Parbhani,2021,Jintur,"Specialty Hospitals (Cancer, TB, etc)",0
Parbhani,2021,Jintur,Clinics,24
Parbhani,2021,Jintur,Maternity Wards,8
Parbhani,2021,Jintur,Number of Beds,197
Parbhani,2021,Parbhani,Hospitals,12
Parbhani,2021,Parbhani,"Specialty Hospitals (Cancer, TB, etc)",0
Parbhani,2021,Parbhani,Clinics,156
Parbhani,2021,Parbhani,Maternity Wards,46
Parbhani,2021,Parbhani,Number of Beds,1859
Parbhani,2021,Manvat,Hospitals,1
Parbhani,2021,Manvat,"Specialty Hospitals (Cancer, TB, etc)",0
Parbhani,2021,Manvat,Clinics,34
Parbhani,2021,Manvat,Maternity Wards,5
Parbhani,2021,Manvat,Number of Beds,285
Parbhani,2021,Pathari,Hospitals,1
Parbhani,2021,Pathari,"Specialty Hospitals (Cancer, TB, etc)",0
Parbhani,2021,Pathari,Clinics,20
Parbhani,2021,Pathari,Maternity Wards,9
Parbhani,2021,Pathari,Number of Beds,172
Parbhani,2021,Sonpeth,Hospitals,1
Parbhani,2021,Sonpeth,"Specialty Hospitals (Cancer, TB, etc)",0
Parbhani,2021,Sonpeth,Clinics,13
Parbhani,2021,Sonpeth,Maternity Wards,1
Parbhani,2021,Sonpeth,Number of Beds,59
Parbhani,2021,Gangakhed,Hospitals,2
Parbhani,2021,Gangakhed,"Specialty Hospitals (Cancer, TB, etc)",0
Parbhani,2021,Gangakhed,Clinics,59
Parbhani,2021,Gangakhed,Maternity Wards,17
Parbhani,2021,Gangakhed,Number of Beds,544
Parbhani,2021,Palam,Hospitals,1
Parbhani,2021,Palam,"Specialty Hospitals (Cancer, TB, etc)",0
Parbhani,2021,Palam,Clinics,24
Parbhani,2021,Palam,Maternity Wards,3
Parbhani,2021,Palam,Number of Beds,132
Parbhani,2021,Purna,Hospitals,1
Parbhani,2021,Purna,"Specialty Hospitals (Cancer, TB, etc)",0
Parbhani,2021,Purna,Clinics,41
Parbhani,2021,Purna,Maternity Wards,7
Parbhani,2021,Purna,Number of Beds,160
Pune,2012,Junnar,Hospitals,2
Pune,2012,Junnar,"Specialty Hospitals (Cancer, TB, etc)",1
Pune,2012,Junnar,Clinics,31
Pune,2012,Junnar,Maternity Wards,6
Pune,2012,Junnar,Number of Beds,90
Pune,2012,Aambegaon,Hospitals,0
Pune,2012,Aambegaon,"Specialty Hospitals (Cancer, TB, etc)",0
Pune,2012,Aambegaon,Clinics,80
Pune,2012,Aambegaon,Maternity Wards,10
Pune,2012,Aambegaon,Number of Beds,230
Pune,2012,Shirur,Hospitals,55
Pune,2012,Shirur,"Specialty Hospitals (Cancer, TB, etc)",0
Pune,2012,Shirur,Clinics,95
Pune,2012,Shirur,Maternity Wards,33
Pune,2012,Shirur,Number of Beds,450
Pune,2012,Khed,Hospitals,52
Pune,2012,Khed,"Specialty Hospitals (Cancer, TB, etc)",1
Pune,2012,Khed,Clinics,182
Pune,2012,Khed,Maternity Wards,9
Pune,2012,Khed,Number of Beds,65
Pune,2012,Maval,Hospitals,5
Pune,2012,Maval,"Specialty Hospitals (Cancer, TB, etc)",0
Pune,2012,Maval,Clinics,2
Pune,2012,Maval,Maternity Wards,5
Pune,2012,Maval,Number of Beds,10
Pune,2012,Mulashi,Hospitals,0
Pune,2012,Mulashi,"Specialty Hospitals (Cancer, TB, etc)",0
Pune,2012,Mulashi,Clinics,0
Pune,2012,Mulashi,Maternity Wards,0
Pune,2012,Mulashi,Number of Beds,0
Pune,2012,Daund,Hospitals,1
Pune,2012,Daund,"Specialty Hospitals (Cancer, TB, etc)",0
Pune,2012,Daund,Clinics,14
Pune,2012,Daund,Maternity Wards,8
Pune,2012,Daund,Number of Beds,50
Pune,2012,Purandar,Hospitals,6
Pune,2012,Purandar,"Specialty Hospitals (Cancer, TB, etc)",2
Pune,2012,Purandar,Clinics,12
Pune,2012,Purandar,Maternity Wards,7
Pune,2012,Purandar,Number of Beds,165
Pune,2012,Welhe,Hospitals,0
Pune,2012,Welhe,"Specialty Hospitals (Cancer, TB, etc)",0
Pune,2012,Welhe,Clinics,4
Pune,2012,Welhe,Maternity Wards,1
Pune,2012,Welhe,Number of Beds,3
Pune,2012,Bhor,Hospitals,14
Pune,2012,Bhor,"Specialty Hospitals (Cancer, TB, etc)",0
Pune,2012,Bhor,Clinics,9
Pune,2012,Bhor,Maternity Wards,7
Pune,2012,Bhor,Number of Beds,120
Pune,2012,Baramati,Hospitals,0
Pune,2012,Baramati,"Specialty Hospitals (Cancer, TB, etc)",0
Pune,2012,Baramati,Clinics,7
Pune,2012,Baramati,Maternity Wards,4
Pune,2012,Baramati,Number of Beds,44
Pune,2012,Indapur,Hospitals,10
Pune,2012,Indapur,"Specialty Hospitals (Cancer, TB, etc)",0
Pune,2012,Indapur,Clinics,1
Pune,2012,Indapur,Maternity Wards,0
Pune,2012,Indapur,Number of Beds,10
Pune,2013,Junnar,Hospitals,2
Pune,2013,Junnar,"Specialty Hospitals (Cancer, TB, etc)",1
Pune,2013,Junnar,Clinics,35
Pune,2013,Junnar,Maternity Wards,6
Pune,2013,Junnar,Number of Beds,110
Pune,2013,Aambegaon,Hospitals,1
Pune,2013,Aambegaon,"Specialty Hospitals (Cancer, TB, etc)",0
Pune,2013,Aambegaon,Clinics,70
Pune,2013,Aambegaon,Maternity Wards,10
Pune,2013,Aambegaon,Number of Beds,210
Pune,2013,Shirur,Hospitals,55
Pune,2013,Shirur,"Specialty Hospitals (Cancer, TB, etc)",0
Pune,2013,Shirur,Clinics,96
Pune,2013,Shirur,Maternity Wards,33
Pune,2013,Shirur,Number of Beds,455
Pune,2013,Khed,Hospitals,53
Pune,2013,Khed,"Specialty Hospitals (Cancer, TB, etc)",1
Pune,2013,Khed,Clinics,182
Pune,2013,Khed,Maternity Wards,35
Pune,2013,Khed,Number of Beds,250
Pune,2013,Maval,Hospitals,5
Pune,2013,Maval,"Specialty Hospitals (Cancer, TB, etc)",0
Pune,2013,Maval,Clinics,2
Pune,2013,Maval,Maternity Wards,5
Pune,2013,Maval,Number of Beds,10
Pune,2013,Mulashi,Hospitals,0
Pune,2013,Mulashi,"Specialty Hospitals (Cancer, TB, etc)",0
Pune,2013,Mulashi,Clinics,0
Pune,2013,Mulashi,Maternity Wards,0
Pune,2013,Mulashi,Number of Beds,0
Pune,2013,Pune City,Hospitals,611
Pune,2013,Pune City,Number of Beds,12470
Pune,2013,Daund,Hospitals,10
Pune,2013,Daund,"Specialty Hospitals (Cancer, TB, etc)",0
Pune,2013,Daund,Clinics,24
Pune,2013,Daund,Maternity Wards,16
Pune,2013,Daund,Number of Beds,161
Pune,2013,Purandar,Hospitals,8
Pune,2013,Purandar,"Specialty Hospitals (Cancer, TB, etc)",2
Pune,2013,Purandar,Clinics,11
Pune,2013,Purandar,Maternity Wards,8
Pune,2013,Purandar,Number of Beds,165
Pune,2013,Welhe,Hospitals,0
Pune,2013,Welhe,"Specialty Hospitals (Cancer, TB, etc)",0
Pune,2013,Welhe,Clinics,4
Pune,2013,Welhe,Maternity Wards,1
Pune,2013,Welhe,Number of Beds,5
Pune,2013,Bhor,Hospitals,15
Pune,2013,Bhor,"Specialty Hospitals (Cancer, TB, etc)",0
Pune,2013,Bhor,Clinics,10
Pune,2013,Bhor,Maternity Wards,7
Pune,2013,Bhor,Number of Beds,120
Pune,2013,Baramati,Hospitals,6
Pune,2013,Baramati,"Specialty Hospitals (Cancer, TB, etc)",0
Pune,2013,Baramati,Clinics,25
Pune,2013,Baramati,Maternity Wards,20
Pune,2013,Baramati,Number of Beds,126
Pune,2013,Indapur,Hospitals,10
Pune,2013,Indapur,"Specialty Hospitals (Cancer, TB, etc)",0
Pune,2013,Indapur,Clinics,1
Pune,2013,Indapur,Maternity Wards,4
Pune,2013,Indapur,Number of Beds,25
Pune,2014,Junnar,Hospitals,2
Pune,2014,Junnar,"Specialty Hospitals (Cancer, TB, etc)",1
Pune,2014,Junnar,Clinics,35
Pune,2014,Junnar,Maternity Wards,10
Pune,2014,Junnar,Number of Beds,110
Pune,2014,Aambegaon,Hospitals,1
Pune,2014,Aambegaon,"Specialty Hospitals (Cancer, TB, etc)",0
Pune,2014,Aambegaon,Clinics,70
Pune,2014,Aambegaon,Maternity Wards,10
Pune,2014,Aambegaon,Number of Beds,210
Pune,2014,Shirur,Hospitals,55
Pune,2014,Shirur,"Specialty Hospitals (Cancer, TB, etc)",0
Pune,2014,Shirur,Clinics,96
Pune,2014,Shirur,Maternity Wards,33
Pune,2014,Shirur,Number of Beds,457
Pune,2014,Khed,Hospitals,66
Pune,2014,Khed,"Specialty Hospitals (Cancer, TB, etc)",1
Pune,2014,Khed,Clinics,193
Pune,2014,Khed,Maternity Wards,29
Pune,2014,Khed,Number of Beds,495
Pune,2014,Maval,Hospitals,5
Pune,2014,Maval,"Specialty Hospitals (Cancer, TB, etc)",0
Pune,2014,Maval,Clinics,2
Pune,2014,Maval,Maternity Wards,5
Pune,2014,Maval,Number of Beds,10
Pune,2014,Mulashi,Hospitals,0
Pune,2014,Mulashi,"Specialty Hospitals (Cancer, TB, etc)",0
Pune,2014,Mulashi,Clinics,0
Pune,2014,Mulashi,Maternity Wards,0
Pune,2014,Mulashi,Number of Beds,0
Pune,2014,Haveli,Hospitals,0
Pune,2014,Haveli,"Specialty Hospitals (Cancer, TB, etc)",0
Pune,2014,Haveli,Clinics,0
Pune,2014,Haveli,Maternity Wards,0
Pune,2014,Haveli,Number of Beds,0
Pune,2014,Daund,Hospitals,10
Pune,2014,Daund,"Specialty Hospitals (Cancer, TB, etc)",0
Pune,2014,Daund,Clinics,24
Pune,2014,Daund,Maternity Wards,16
Pune,2014,Daund,Number of Beds,166
Pune,2014,Purandar,Hospitals,10
Pune,2014,Purandar,"Specialty Hospitals (Cancer, TB, etc)",2
Pune,2014,Purandar,Clinics,11
Pune,2014,Purandar,Maternity Wards,8
Pune,2014,Purandar,Number of Beds,170
Pune,2014,Welhe,Hospitals,0
Pune,2014,Welhe,"Specialty Hospitals (Cancer, TB, etc)",0
Pune,2014,Welhe,Clinics,4
Pune,2014,Welhe,Maternity Wards,1
Pune,2014,Welhe,Number of Beds,5
Pune,2014,Bhor,Hospitals,11
Pune,2014,Bhor,"Specialty Hospitals (Cancer, TB, etc)",0
Pune,2014,Bhor,Clinics,4
Pune,2014,Bhor,Maternity Wards,7
Pune,2014,Bhor,Number of Beds,118
Pune,2014,Baramati,Hospitals,10
Pune,2014,Baramati,"Specialty Hospitals (Cancer, TB, etc)",0
Pune,2014,Baramati,Clinics,25
Pune,2014,Baramati,Maternity Wards,17
Pune,2014,Baramati,Number of Beds,146
Pune,2014,Indapur,Hospitals,10
Pune,2014,Indapur,"Specialty Hospitals (Cancer, TB, etc)",0
Pune,2014,Indapur,Clinics,1
Pune,2014,Indapur,Maternity Wards,4
Pune,2014,Indapur,Number of Beds,25
Pune,2015,Junnar,Hospitals,2
Pune,2015,Junnar,"Specialty Hospitals (Cancer, TB, etc)",1
Pune,2015,Junnar,Clinics,35
Pune,2015,Junnar,Maternity Wards,10
Pune,2015,Junnar,Number of Beds,110
Pune,2015,Aambegaon,Hospitals,1
Pune,2015,Aambegaon,"Specialty Hospitals (Cancer, TB, etc)",0
Pune,2015,Aambegaon,Clinics,70
Pune,2015,Aambegaon,Maternity Wards,10
Pune,2015,Aambegaon,Number of Beds,210
Pune,2015,Shirur,Hospitals,55
Pune,2015,Shirur,"Specialty Hospitals (Cancer, TB, etc)",0
Pune,2015,Shirur,Clinics,96
Pune,2015,Shirur,Maternity Wards,33
Pune,2015,Shirur,Number of Beds,457
Pune,2015,Khed,Hospitals,66
Pune,2015,Khed,"Specialty Hospitals (Cancer, TB, etc)",1
Pune,2015,Khed,Clinics,193
Pune,2015,Khed,Maternity Wards,29
Pune,2015,Khed,Number of Beds,495
Pune,2015,Maval,Hospitals,5
Pune,2015,Maval,"Specialty Hospitals (Cancer, TB, etc)",0
Pune,2015,Maval,Clinics,2
Pune,2015,Maval,Maternity Wards,5
Pune,2015,Maval,Number of Beds,10
Pune,2015,Mulashi,Hospitals,0
Pune,2015,Mulashi,"Specialty Hospitals (Cancer, TB, etc)",0
Pune,2015,Mulashi,Clinics,0
Pune,2015,Mulashi,Maternity Wards,0
Pune,2015,Mulashi,Number of Beds,0
Pune,2015,Haveli,Hospitals,411
Pune,2015,Haveli,"Specialty Hospitals (Cancer, TB, etc)",0
Pune,2015,Haveli,Clinics,1574
Pune,2015,Haveli,Maternity Wards,0
Pune,2015,Haveli,Number of Beds,8317
Pune,2015,Pune City,Hospitals,602
Pune,2015,Pune City,"Specialty Hospitals (Cancer, TB, etc)",30
Pune,2015,Pune City,Clinics,2781
Pune,2015,Pune City,Maternity Wards,336
Pune,2015,Pune City,Number of Beds,13494
Pune,2015,Daund,Hospitals,10
Pune,2015,Daund,"Specialty Hospitals (Cancer, TB, etc)",0
Pune,2015,Daund,Clinics,24
Pune,2015,Daund,Maternity Wards,16
Pune,2015,Daund,Number of Beds,166
Pune,2015,Purandar,Hospitals,10
Pune,2015,Purandar,"Specialty Hospitals (Cancer, TB, etc)",2
Pune,2015,Purandar,Clinics,11
Pune,2015,Purandar,Maternity Wards,8
Pune,2015,Purandar,Number of Beds,170
Pune,2015,Welhe,Hospitals,0
Pune,2015,Welhe,"Specialty Hospitals (Cancer, TB, etc)",0
Pune,2015,Welhe,Clinics,4
Pune,2015,Welhe,Maternity Wards,1
Pune,2015,Welhe,Number of Beds,5
Pune,2015,Bhor,Hospitals,11
Pune,2015,Bhor,"Specialty Hospitals (Cancer, TB, etc)",0
Pune,2015,Bhor,Clinics,4
Pune,2015,Bhor,Maternity Wards,7
Pune,2015,Bhor,Number of Beds,118
Pune,2015,Baramati,Hospitals,10
Pune,2015,Baramati,"Specialty Hospitals (Cancer, TB, etc)",0
Pune,2015,Baramati,Clinics,25
Pune,2015,Baramati,Maternity Wards,17
Pune,2015,Baramati,Number of Beds,146
Pune,2015,Indapur,Hospitals,10
Pune,2015,Indapur,"Specialty Hospitals (Cancer, TB, etc)",0
Pune,2015,Indapur,Clinics,1
Pune,2015,Indapur,Maternity Wards,4
Pune,2015,Indapur,Number of Beds,25
Pune,2016,Junnar,Hospitals,7
Pune,2016,Junnar,"Specialty Hospitals (Cancer, TB, etc)",1
Pune,2016,Junnar,Clinics,35
Pune,2016,Junnar,Maternity Wards,10
Pune,2016,Junnar,Number of Beds,160
Pune,2016,Aambegaon,Hospitals,1
Pune,2016,Aambegaon,"Specialty Hospitals (Cancer, TB, etc)",0
Pune,2016,Aambegaon,Clinics,70
Pune,2016,Aambegaon,Maternity Wards,10
Pune,2016,Aambegaon,Number of Beds,210
Pune,2016,Shirur,Hospitals,57
Pune,2016,Shirur,"Specialty Hospitals (Cancer, TB, etc)",0
Pune,2016,Shirur,Clinics,59
Pune,2016,Shirur,Maternity Wards,33
Pune,2016,Shirur,Number of Beds,670
Pune,2016,Khed,Hospitals,66
Pune,2016,Khed,"Specialty Hospitals (Cancer, TB, etc)",1
Pune,2016,Khed,Clinics,193
Pune,2016,Khed,Maternity Wards,29
Pune,2016,Khed,Number of Beds,515
Pune,2016,Maval,Hospitals,5
Pune,2016,Maval,"Specialty Hospitals (Cancer, TB, etc)",0
Pune,2016,Maval,Clinics,2
Pune,2016,Maval,Maternity Wards,5
Pune,2016,Maval,Number of Beds,10
Pune,2016,Mulashi,Hospitals,0
Pune,2016,Mulashi,"Specialty Hospitals (Cancer, TB, etc)",0
Pune,2016,Mulashi,Clinics,0
Pune,2016,Mulashi,Maternity Wards,0
Pune,2016,Mulashi,Number of Beds,0
Pune,2016,Haveli,Hospitals,415
Pune,2016,Haveli,"Specialty Hospitals (Cancer, TB, etc)",0
Pune,2016,Haveli,Clinics,1574
Pune,2016,Haveli,Maternity Wards,2
Pune,2016,Haveli,Number of Beds,8394
Pune,2016,Pune City,Hospitals,666
Pune,2016,Pune City,"Specialty Hospitals (Cancer, TB, etc)",30
Pune,2016,Pune City,Clinics,3303
Pune,2016,Pune City,Maternity Wards,371
Pune,2016,Pune City,Number of Beds,14716
Pune,2016,Daund,Hospitals,15
Pune,2016,Daund,"Specialty Hospitals (Cancer, TB, etc)",0
Pune,2016,Daund,Clinics,24
Pune,2016,Daund,Maternity Wards,14
Pune,2016,Daund,Number of Beds,218
Pune,2016,Purandar,Hospitals,10
Pune,2016,Purandar,"Specialty Hospitals (Cancer, TB, etc)",2
Pune,2016,Purandar,Clinics,11
Pune,2016,Purandar,Maternity Wards,8
Pune,2016,Purandar,Number of Beds,190
Pune,2016,Welhe,Hospitals,0
Pune,2016,Welhe,"Specialty Hospitals (Cancer, TB, etc)",0
Pune,2016,Welhe,Clinics,4
Pune,2016,Welhe,Maternity Wards,1
Pune,2016,Welhe,Number of Beds,5
Pune,2016,Bhor,Hospitals,11
Pune,2016,Bhor,"Specialty Hospitals (Cancer, TB, etc)",0
Pune,2016,Bhor,Clinics,4
Pune,2016,Bhor,Maternity Wards,7
Pune,2016,Bhor,Number of Beds,118
Pune,2016,Baramati,Hospitals,14
Pune,2016,Baramati,"Specialty Hospitals (Cancer, TB, etc)",0
Pune,2016,Baramati,Clinics,25
Pune,2016,Baramati,Maternity Wards,17
Pune,2016,Baramati,Number of Beds,161
Pune,2016,Indapur,Hospitals,10
Pune,2016,Indapur,"Specialty Hospitals (Cancer, TB, etc)",0
Pune,2016,Indapur,Clinics,1
Pune,2016,Indapur,Maternity Wards,4
Pune,2016,Indapur,Number of Beds,105
Pune,2017,Junnar,Hospitals,10
Pune,2017,Junnar,"Specialty Hospitals (Cancer, TB, etc)",1
Pune,2017,Junnar,Clinics,29
Pune,2017,Junnar,Maternity Wards,12
Pune,2017,Junnar,Number of Beds,240
Pune,2017,Aambegaon,Hospitals,1
Pune,2017,Aambegaon,"Specialty Hospitals (Cancer, TB, etc)",0
Pune,2017,Aambegaon,Clinics,70
Pune,2017,Aambegaon,Maternity Wards,10
Pune,2017,Aambegaon,Number of Beds,210
Pune,2017,Shirur,Hospitals,16
Pune,2017,Shirur,"Specialty Hospitals (Cancer, TB, etc)",1
Pune,2017,Shirur,Clinics,66
Pune,2017,Shirur,Maternity Wards,36
Pune,2017,Shirur,Number of Beds,699
Pune,2017,Khed,Hospitals,94
Pune,2017,Khed,"Specialty Hospitals (Cancer, TB, etc)",1
Pune,2017,Khed,Clinics,193
Pune,2017,Khed,Maternity Wards,29
Pune,2017,Khed,Number of Beds,1021
Pune,2017,Maval,Hospitals,10
Pune,2017,Maval,"Specialty Hospitals (Cancer, TB, etc)",0
Pune,2017,Maval,Clinics,2
Pune,2017,Maval,Maternity Wards,5
Pune,2017,Maval,Number of Beds,199
Pune,2017,Mulashi,Hospitals,0
Pune,2017,Mulashi,"Specialty Hospitals (Cancer, TB, etc)",0
Pune,2017,Mulashi,Clinics,0
Pune,2017,Mulashi,Maternity Wards,0
Pune,2017,Mulashi,Number of Beds,0
Pune,2017,Haveli,Hospitals,415
Pune,2017,Haveli,"Specialty Hospitals (Cancer, TB, etc)",0
Pune,2017,Haveli,Clinics,1574
Pune,2017,Haveli,Maternity Wards,2
Pune,2017,Haveli,Number of Beds,8394
Pune,2017,Pune City,Hospitals,686
Pune,2017,Pune City,"Specialty Hospitals (Cancer, TB, etc)",34
Pune,2017,Pune City,Clinics,4058
Pune,2017,Pune City,Maternity Wards,380
Pune,2017,Pune City,Number of Beds,14880
Pune,2017,Daund,Hospitals,19
Pune,2017,Daund,"Specialty Hospitals (Cancer, TB, etc)",0
Pune,2017,Daund,Clinics,24
Pune,2017,Daund,Maternity Wards,14
Pune,2017,Daund,Number of Beds,274
Pune,2017,Purandar,Hospitals,14
Pune,2017,Purandar,"Specialty Hospitals (Cancer, TB, etc)",2
Pune,2017,Purandar,Clinics,11
Pune,2017,Purandar,Maternity Wards,8
Pune,2017,Purandar,Number of Beds,230
Pune,2017,Welhe,Hospitals,0
Pune,2017,Welhe,"Specialty Hospitals (Cancer, TB, etc)",0
Pune,2017,Welhe,Clinics,4
Pune,2017,Welhe,Maternity Wards,1
Pune,2017,Welhe,Number of Beds,5
Pune,2017,Bhor,Hospitals,12
Pune,2017,Bhor,"Specialty Hospitals (Cancer, TB, etc)",0
Pune,2017,Bhor,Clinics,4
Pune,2017,Bhor,Maternity Wards,7
Pune,2017,Bhor,Number of Beds,122
Pune,2017,Baramati,Hospitals,22
Pune,2017,Baramati,"Specialty Hospitals (Cancer, TB, etc)",0
Pune,2017,Baramati,Clinics,25
Pune,2017,Baramati,Maternity Wards,17
Pune,2017,Baramati,Number of Beds,284
Pune,2017,Indapur,Hospitals,16
Pune,2017,Indapur,"Specialty Hospitals (Cancer, TB, etc)",0
Pune,2017,Indapur,Clinics,1
Pune,2017,Indapur,Maternity Wards,4
Pune,2017,Indapur,Number of Beds,146
Pune,2018,Junnar,Hospitals,9
Pune,2018,Junnar,"Specialty Hospitals (Cancer, TB, etc)",1
Pune,2018,Junnar,Clinics,29
Pune,2018,Junnar,Maternity Wards,12
Pune,2018,Junnar,Number of Beds,199
Pune,2018,Aambegaon,Hospitals,1
Pune,2018,Aambegaon,"Specialty Hospitals (Cancer, TB, etc)",0
Pune,2018,Aambegaon,Clinics,70
Pune,2018,Aambegaon,Maternity Wards,10
Pune,2018,Aambegaon,Number of Beds,210
Pune,2018,Shirur,Hospitals,21
Pune,2018,Shirur,"Specialty Hospitals (Cancer, TB, etc)",1
Pune,2018,Shirur,Clinics,66
Pune,2018,Shirur,Maternity Wards,36
Pune,2018,Shirur,Number of Beds,786
Pune,2018,Khed,Hospitals,82
Pune,2018,Khed,"Specialty Hospitals (Cancer, TB, etc)",1
Pune,2018,Khed,Clinics,193
Pune,2018,Khed,Maternity Wards,29
Pune,2018,Khed,Number of Beds,692
Pune,2018,Maval,Hospitals,8
Pune,2018,Maval,"Specialty Hospitals (Cancer, TB, etc)",0
Pune,2018,Maval,Clinics,2
Pune,2018,Maval,Maternity Wards,5
Pune,2018,Maval,Number of Beds,43
Pune,2018,Mulashi,Hospitals,0
Pune,2018,Mulashi,"Specialty Hospitals (Cancer, TB, etc)",0
Pune,2018,Mulashi,Clinics,0
Pune,2018,Mulashi,Maternity Wards,0
Pune,2018,Mulashi,Number of Beds,0
Pune,2018,Haveli,Hospitals,411
Pune,2018,Haveli,"Specialty Hospitals (Cancer, TB, etc)",0
Pune,2018,Haveli,Clinics,1574
Pune,2018,Haveli,Maternity Wards,0
Pune,2018,Haveli,Number of Beds,8317
Pune,2018,Pune City,Hospitals,692
Pune,2018,Pune City,"Specialty Hospitals (Cancer, TB, etc)",34
Pune,2018,Pune City,Clinics,3848
Pune,2018,Pune City,Maternity Wards,368
Pune,2018,Pune City,Number of Beds,15482
Pune,2018,Daund,Hospitals,19
Pune,2018,Daund,"Specialty Hospitals (Cancer, TB, etc)",0
Pune,2018,Daund,Clinics,24
Pune,2018,Daund,Maternity Wards,14
Pune,2018,Daund,Number of Beds,323
Pune,2018,Purandar,Hospitals,12
Pune,2018,Purandar,"Specialty Hospitals (Cancer, TB, etc)",2
Pune,2018,Purandar,Clinics,11
Pune,2018,Purandar,Maternity Wards,8
Pune,2018,Purandar,Number of Beds,231
Pune,2018,Welhe,Hospitals,0
Pune,2018,Welhe,"Specialty Hospitals (Cancer, TB, etc)",0
Pune,2018,Welhe,Clinics,4
Pune,2018,Welhe,Maternity Wards,1
Pune,2018,Welhe,Number of Beds,5
Pune,2018,Bhor,Hospitals,12
Pune,2018,Bhor,"Specialty Hospitals (Cancer, TB, etc)",0
Pune,2018,Bhor,Clinics,4
Pune,2018,Bhor,Maternity Wards,7
Pune,2018,Bhor,Number of Beds,123
Pune,2018,Baramati,Hospitals,21
Pune,2018,Baramati,"Specialty Hospitals (Cancer, TB, etc)",0
Pune,2018,Baramati,Clinics,25
Pune,2018,Baramati,Maternity Wards,17
Pune,2018,Baramati,Number of Beds,342
Pune,2018,Indapur,Hospitals,15
Pune,2018,Indapur,"Specialty Hospitals (Cancer, TB, etc)",0
Pune,2018,Indapur,Clinics,1
Pune,2018,Indapur,Maternity Wards,6
Pune,2018,Indapur,Number of Beds,205
Pune,2019,Junnar,Hospitals,9
Pune,2019,Junnar,"Specialty Hospitals (Cancer, TB, etc)",1
Pune,2019,Junnar,Clinics,30
Pune,2019,Junnar,Maternity Wards,12
Pune,2019,Junnar,Number of Beds,209
Pune,2019,Aambegaon,Hospitals,1
Pune,2019,Aambegaon,"Specialty Hospitals (Cancer, TB, etc)",0
Pune,2019,Aambegaon,Clinics,70
Pune,2019,Aambegaon,Maternity Wards,10
Pune,2019,Aambegaon,Number of Beds,210
Pune,2019,Shirur,Hospitals,22
Pune,2019,Shirur,"Specialty Hospitals (Cancer, TB, etc)",1
Pune,2019,Shirur,Clinics,69
Pune,2019,Shirur,Maternity Wards,36
Pune,2019,Shirur,Number of Beds,806
Pune,2019,Khed,Hospitals,87
Pune,2019,Khed,"Specialty Hospitals (Cancer, TB, etc)",1
Pune,2019,Khed,Clinics,203
Pune,2019,Khed,Maternity Wards,31
Pune,2019,Khed,Number of Beds,1039
Pune,2019,Maval,Hospitals,9
Pune,2019,Maval,"Specialty Hospitals (Cancer, TB, etc)",0
Pune,2019,Maval,Clinics,3
Pune,2019,Maval,Maternity Wards,5
Pune,2019,Maval,Number of Beds,102
Pune,2019,Mulashi,Hospitals,0
Pune,2019,Mulashi,"Specialty Hospitals (Cancer, TB, etc)",0
Pune,2019,Mulashi,Clinics,0
Pune,2019,Mulashi,Maternity Wards,0
Pune,2019,Mulashi,Number of Beds,0
Pune,2019,Haveli,Hospitals,492
Pune,2019,Haveli,"Specialty Hospitals (Cancer, TB, etc)",0
Pune,2019,Haveli,Clinics,1985
Pune,2019,Haveli,Maternity Wards,5
Pune,2019,Haveli,Number of Beds,12517
Pune,2019,Pune City,Hospitals,728
Pune,2019,Pune City,"Specialty Hospitals (Cancer, TB, etc)",38
Pune,2019,Pune City,Clinics,4101
Pune,2019,Pune City,Maternity Wards,388
Pune,2019,Pune City,Number of Beds,16186
Pune,2019,Daund,Hospitals,19
Pune,2019,Daund,"Specialty Hospitals (Cancer, TB, etc)",0
Pune,2019,Daund,Clinics,27
Pune,2019,Daund,Maternity Wards,14
Pune,2019,Daund,Number of Beds,343
Pune,2019,Purandar,Hospitals,12
Pune,2019,Purandar,"Specialty Hospitals (Cancer, TB, etc)",2
Pune,2019,Purandar,Clinics,17
Pune,2019,Purandar,Maternity Wards,8
Pune,2019,Purandar,Number of Beds,251
Pune,2019,Welhe,Hospitals,0
Pune,2019,Welhe,"Specialty Hospitals (Cancer, TB, etc)",0
Pune,2019,Welhe,Clinics,4
Pune,2019,Welhe,Maternity Wards,1
Pune,2019,Welhe,Number of Beds,5
Pune,2019,Bhor,Hospitals,12
Pune,2019,Bhor,"Specialty Hospitals (Cancer, TB, etc)",0
Pune,2019,Bhor,Clinics,5
Pune,2019,Bhor,Maternity Wards,7
Pune,2019,Bhor,Number of Beds,128
Pune,2019,Baramati,Hospitals,23
Pune,2019,Baramati,"Specialty Hospitals (Cancer, TB, etc)",0
Pune,2019,Baramati,Clinics,27
Pune,2019,Baramati,Maternity Wards,17
Pune,2019,Baramati,Number of Beds,517
Pune,2019,Indapur,Hospitals,15
Pune,2019,Indapur,"Specialty Hospitals (Cancer, TB, etc)",0
Pune,2019,Indapur,Clinics,6
Pune,2019,Indapur,Maternity Wards,6
Pune,2019,Indapur,Number of Beds,246
Pune,2020,Junnar,Hospitals,49
Pune,2020,Junnar,"Specialty Hospitals (Cancer, TB, etc)",0
Pune,2020,Junnar,Clinics,0
Pune,2020,Junnar,Maternity Wards,13
Pune,2020,Junnar,Number of Beds,535
Pune,2020,Aambegaon,Hospitals,8
Pune,2020,Aambegaon,"Specialty Hospitals (Cancer, TB, etc)",0
Pune,2020,Aambegaon,Clinics,0
Pune,2020,Aambegaon,Maternity Wards,4
Pune,2020,Aambegaon,Number of Beds,182
Pune,2020,Shirur,Hospitals,20
Pune,2020,Shirur,"Specialty Hospitals (Cancer, TB, etc)",0
Pune,2020,Shirur,Clinics,0
Pune,2020,Shirur,Maternity Wards,10
Pune,2020,Shirur,Number of Beds,245
Pune,2020,Khed,Hospitals,17
Pune,2020,Khed,"Specialty Hospitals (Cancer, TB, etc)",0
Pune,2020,Khed,Clinics,0
Pune,2020,Khed,Maternity Wards,10
Pune,2020,Khed,Number of Beds,280
Pune,2020,Maval,Hospitals,16
Pune,2020,Maval,"Specialty Hospitals (Cancer, TB, etc)",0
Pune,2020,Maval,Clinics,0
Pune,2020,Maval,Maternity Wards,7
Pune,2020,Maval,Number of Beds,170
Pune,2020,Mulashi,Hospitals,16
Pune,2020,Mulashi,"Specialty Hospitals (Cancer, TB, etc)",0
Pune,2020,Mulashi,Clinics,0
Pune,2020,Mulashi,Maternity Wards,10
Pune,2020,Mulashi,Number of Beds,298
Pune,2020,Haveli,Hospitals,642
Pune,2020,Haveli,"Specialty Hospitals (Cancer, TB, etc)",0
Pune,2020,Haveli,Clinics,2552
Pune,2020,Haveli,Maternity Wards,235
Pune,2020,Haveli,Number of Beds,13294
Pune,2020,Pune City,Hospitals,733
Pune,2020,Pune City,"Specialty Hospitals (Cancer, TB, etc)",40
Pune,2020,Pune City,Clinics,4166
Pune,2020,Pune City,Maternity Wards,404
Pune,2020,Pune City,Number of Beds,16986
Pune,2020,Daund,Hospitals,37
Pune,2020,Daund,"Specialty Hospitals (Cancer, TB, etc)",0
Pune,2020,Daund,Clinics,0
Pune,2020,Daund,Maternity Wards,17
Pune,2020,Daund,Number of Beds,362
Pune,2020,Purandar,Hospitals,3
Pune,2020,Purandar,"Specialty Hospitals (Cancer, TB, etc)",0
Pune,2020,Purandar,Clinics,0
Pune,2020,Purandar,Maternity Wards,1
Pune,2020,Purandar,Number of Beds,22
Pune,2020,Welhe,Hospitals,0
Pune,2020,Welhe,"Specialty Hospitals (Cancer, TB, etc)",0
Pune,2020,Welhe,Clinics,0
Pune,2020,Welhe,Maternity Wards,0
Pune,2020,Welhe,Number of Beds,0
Pune,2020,Bhor,Hospitals,2
Pune,2020,Bhor,"Specialty Hospitals (Cancer, TB, etc)",0
Pune,2020,Bhor,Clinics,0
Pune,2020,Bhor,Maternity Wards,0
Pune,2020,Bhor,Number of Beds,8
Pune,2020,Baramati,Hospitals,18
Pune,2020,Baramati,"Specialty Hospitals (Cancer, TB, etc)",0
Pune,2020,Baramati,Clinics,0
Pune,2020,Baramati,Maternity Wards,6
Pune,2020,Baramati,Number of Beds,142
Pune,2020,Indapur,Hospitals,23
Pune,2020,Indapur,"Specialty Hospitals (Cancer, TB, etc)",0
Pune,2020,Indapur,Clinics,0
Pune,2020,Indapur,Maternity Wards,9
Pune,2020,Indapur,Number of Beds,209
Pune,2021,Junnar,Hospitals,49
Pune,2021,Junnar,"Specialty Hospitals (Cancer, TB, etc)",0
Pune,2021,Junnar,Clinics,0
Pune,2021,Junnar,Maternity Wards,13
Pune,2021,Junnar,Number of Beds,535
Pune,2021,Aambegaon,Hospitals,8
Pune,2021,Aambegaon,"Specialty Hospitals (Cancer, TB, etc)",0
Pune,2021,Aambegaon,Clinics,0
Pune,2021,Aambegaon,Maternity Wards,4
Pune,2021,Aambegaon,Number of Beds,182
Pune,2021,Shirur,Hospitals,20
Pune,2021,Shirur,"Specialty Hospitals (Cancer, TB, etc)",0
Pune,2021,Shirur,Clinics,0
Pune,2021,Shirur,Maternity Wards,10
Pune,2021,Shirur,Number of Beds,245
Pune,2021,Khed,Hospitals,17
Pune,2021,Khed,"Specialty Hospitals (Cancer, TB, etc)",0
Pune,2021,Khed,Clinics,0
Pune,2021,Khed,Maternity Wards,10
Pune,2021,Khed,Number of Beds,280
Pune,2021,Maval,Hospitals,16
Pune,2021,Maval,"Specialty Hospitals (Cancer, TB, etc)",0
Pune,2021,Maval,Clinics,0
Pune,2021,Maval,Maternity Wards,7
Pune,2021,Maval,Number of Beds,170
Pune,2021,Mulashi,Hospitals,16
Pune,2021,Mulashi,"Specialty Hospitals (Cancer, TB, etc)",0
Pune,2021,Mulashi,Clinics,0
Pune,2021,Mulashi,Maternity Wards,10
Pune,2021,Mulashi,Number of Beds,298
Pune,2021,Haveli,Hospitals,622
Pune,2021,Haveli,"Specialty Hospitals (Cancer, TB, etc)",5
Pune,2021,Haveli,Clinics,1934
Pune,2021,Haveli,Maternity Wards,295
Pune,2021,Haveli,Number of Beds,9392
Pune,2021,Pune City,Hospitals,733
Pune,2021,Pune City,"Specialty Hospitals (Cancer, TB, etc)",40
Pune,2021,Pune City,Clinics,4166
Pune,2021,Pune City,Maternity Wards,404
Pune,2021,Pune City,Number of Beds,16986
Pune,2021,Daund,Hospitals,37
Pune,2021,Daund,"Specialty Hospitals (Cancer, TB, etc)",0
Pune,2021,Daund,Clinics,0
Pune,2021,Daund,Maternity Wards,17
Pune,2021,Daund,Number of Beds,362
Pune,2021,Purandar,Hospitals,3
Pune,2021,Purandar,"Specialty Hospitals (Cancer, TB, etc)",0
Pune,2021,Purandar,Clinics,0
Pune,2021,Purandar,Maternity Wards,1
Pune,2021,Purandar,Number of Beds,22
Pune,2021,Welhe,Hospitals,0
Pune,2021,Welhe,"Specialty Hospitals (Cancer, TB, etc)",0
Pune,2021,Welhe,Clinics,0
Pune,2021,Welhe,Maternity Wards,0
Pune,2021,Welhe,Number of Beds,0
Pune,2021,Bhor,Hospitals,2
Pune,2021,Bhor,"Specialty Hospitals (Cancer, TB, etc)",0
Pune,2021,Bhor,Clinics,0
Pune,2021,Bhor,Maternity Wards,0
Pune,2021,Bhor,Number of Beds,8
Pune,2021,Baramati,Hospitals,18
Pune,2021,Baramati,"Specialty Hospitals (Cancer, TB, etc)",0
Pune,2021,Baramati,Clinics,0
Pune,2021,Baramati,Maternity Wards,6
Pune,2021,Baramati,Number of Beds,142
Pune,2021,Indapur,Hospitals,23
Pune,2021,Indapur,"Specialty Hospitals (Cancer, TB, etc)",0
Pune,2021,Indapur,Clinics,0
Pune,2021,Indapur,Maternity Wards,9
Pune,2021,Indapur,Number of Beds,209
Raigad,2012,Uran,Hospitals,15
Raigad,2012,Uran,"Specialty Hospitals (Cancer, TB, etc)",3
Raigad,2012,Uran,Clinics,21
Raigad,2012,Uran,Maternity Wards,2
Raigad,2012,Uran,Number of Beds,209
Raigad,2012,Panwel,Hospitals,30
Raigad,2012,Panwel,"Specialty Hospitals (Cancer, TB, etc)",0
Raigad,2012,Panwel,Clinics,0
Raigad,2012,Panwel,Maternity Wards,6
Raigad,2012,Panwel,Number of Beds,598
Raigad,2012,Karjat,Hospitals,8
Raigad,2012,Karjat,"Specialty Hospitals (Cancer, TB, etc)",1
Raigad,2012,Karjat,Clinics,12
Raigad,2012,Karjat,Maternity Wards,2
Raigad,2012,Karjat,Number of Beds,104
Raigad,2012,Khalapur,Hospitals,18
Raigad,2012,Khalapur,"Specialty Hospitals (Cancer, TB, etc)",3
Raigad,2012,Khalapur,Clinics,0
Raigad,2012,Khalapur,Maternity Wards,4
Raigad,2012,Khalapur,Number of Beds,318
Raigad,2012,Pen,Hospitals,8
Raigad,2012,Pen,"Specialty Hospitals (Cancer, TB, etc)",3
Raigad,2012,Pen,Clinics,2
Raigad,2012,Pen,Maternity Wards,1
Raigad,2012,Pen,Number of Beds,188
Raigad,2012,Alibag,Hospitals,7
Raigad,2012,Alibag,"Specialty Hospitals (Cancer, TB, etc)",4
Raigad,2012,Alibag,Clinics,29
Raigad,2012,Alibag,Maternity Wards,4
Raigad,2012,Alibag,Number of Beds,202
Raigad,2012,Murud,Hospitals,8
Raigad,2012,Murud,"Specialty Hospitals (Cancer, TB, etc)",0
Raigad,2012,Murud,Clinics,1
Raigad,2012,Murud,Maternity Wards,1
Raigad,2012,Murud,Number of Beds,72
Raigad,2012,Roha,Hospitals,3
Raigad,2012,Roha,"Specialty Hospitals (Cancer, TB, etc)",0
Raigad,2012,Roha,Clinics,16
Raigad,2012,Roha,Maternity Wards,3
Raigad,2012,Roha,Number of Beds,126
Raigad,2012,Sudhagad,Hospitals,2
Raigad,2012,Sudhagad,"Specialty Hospitals (Cancer, TB, etc)",0
Raigad,2012,Sudhagad,Clinics,12
Raigad,2012,Sudhagad,Maternity Wards,0
Raigad,2012,Sudhagad,Number of Beds,8
Raigad,2012,Mangaon,Hospitals,14
Raigad,2012,Mangaon,"Specialty Hospitals (Cancer, TB, etc)",0
Raigad,2012,Mangaon,Clinics,43
Raigad,2012,Mangaon,Maternity Wards,0
Raigad,2012,Mangaon,Number of Beds,206
Raigad,2012,Tala,Hospitals,0
Raigad,2012,Tala,"Specialty Hospitals (Cancer, TB, etc)",0
Raigad,2012,Tala,Clinics,7
Raigad,2012,Tala,Maternity Wards,0
Raigad,2012,Tala,Number of Beds,0
Raigad,2012,Shreevardhan,Hospitals,4
Raigad,2012,Shreevardhan,"Specialty Hospitals (Cancer, TB, etc)",1
Raigad,2012,Shreevardhan,Clinics,6
Raigad,2012,Shreevardhan,Maternity Wards,0
Raigad,2012,Shreevardhan,Number of Beds,40
Raigad,2012,Mhasala,Hospitals,2
Raigad,2012,Mhasala,"Specialty Hospitals (Cancer, TB, etc)",0
Raigad,2012,Mhasala,Clinics,14
Raigad,2012,Mhasala,Maternity Wards,0
Raigad,2012,Mhasala,Number of Beds,13
Raigad,2012,Mahad,Hospitals,14
Raigad,2012,Mahad,"Specialty Hospitals (Cancer, TB, etc)",1
Raigad,2012,Mahad,Clinics,4
Raigad,2012,Mahad,Maternity Wards,0
Raigad,2012,Mahad,Number of Beds,213
Raigad,2012,Poladpur,Hospitals,1
Raigad,2012,Poladpur,"Specialty Hospitals (Cancer, TB, etc)",0
Raigad,2012,Poladpur,Clinics,10
Raigad,2012,Poladpur,Maternity Wards,0
Raigad,2012,Poladpur,Number of Beds,6
Raigad,2013,Uran,Hospitals,15
Raigad,2013,Uran,"Specialty Hospitals (Cancer, TB, etc)",3
Raigad,2013,Uran,Clinics,21
Raigad,2013,Uran,Maternity Wards,2
Raigad,2013,Uran,Number of Beds,209
Raigad,2013,Panwel,Hospitals,30
Raigad,2013,Panwel,"Specialty Hospitals (Cancer, TB, etc)",0
Raigad,2013,Panwel,Clinics,0
Raigad,2013,Panwel,Maternity Wards,6
Raigad,2013,Panwel,Number of Beds,598
Raigad,2013,Karjat,Hospitals,8
Raigad,2013,Karjat,"Specialty Hospitals (Cancer, TB, etc)",1
Raigad,2013,Karjat,Clinics,12
Raigad,2013,Karjat,Maternity Wards,2
Raigad,2013,Karjat,Number of Beds,104
Raigad,2013,Khalapur,Hospitals,18
Raigad,2013,Khalapur,"Specialty Hospitals (Cancer, TB, etc)",3
Raigad,2013,Khalapur,Clinics,0
Raigad,2013,Khalapur,Maternity Wards,4
Raigad,2013,Khalapur,Number of Beds,318
Raigad,2013,Pen,Hospitals,8
Raigad,2013,Pen,"Specialty Hospitals (Cancer, TB, etc)",3
Raigad,2013,Pen,Clinics,2
Raigad,2013,Pen,Maternity Wards,1
Raigad,2013,Pen,Number of Beds,188
Raigad,2013,Alibag,Hospitals,7
Raigad,2013,Alibag,"Specialty Hospitals (Cancer, TB, etc)",4
Raigad,2013,Alibag,Clinics,29
Raigad,2013,Alibag,Maternity Wards,4
Raigad,2013,Alibag,Number of Beds,202
Raigad,2013,Murud,Hospitals,8
Raigad,2013,Murud,"Specialty Hospitals (Cancer, TB, etc)",0
Raigad,2013,Murud,Clinics,1
Raigad,2013,Murud,Maternity Wards,1
Raigad,2013,Murud,Number of Beds,72
Raigad,2013,Roha,Hospitals,3
Raigad,2013,Roha,"Specialty Hospitals (Cancer, TB, etc)",0
Raigad,2013,Roha,Clinics,16
Raigad,2013,Roha,Maternity Wards,3
Raigad,2013,Roha,Number of Beds,126
Raigad,2013,Sudhagad,Hospitals,2
Raigad,2013,Sudhagad,"Specialty Hospitals (Cancer, TB, etc)",0
Raigad,2013,Sudhagad,Clinics,12
Raigad,2013,Sudhagad,Maternity Wards,0
Raigad,2013,Sudhagad,Number of Beds,8
Raigad,2013,Mangaon,Hospitals,14
Raigad,2013,Mangaon,"Specialty Hospitals (Cancer, TB, etc)",0
Raigad,2013,Mangaon,Clinics,43
Raigad,2013,Mangaon,Maternity Wards,0
Raigad,2013,Mangaon,Number of Beds,206
Raigad,2013,Tala,Hospitals,0
Raigad,2013,Tala,"Specialty Hospitals (Cancer, TB, etc)",0
Raigad,2013,Tala,Clinics,7
Raigad,2013,Tala,Maternity Wards,0
Raigad,2013,Tala,Number of Beds,0
Raigad,2013,Shreevardhan,Hospitals,4
Raigad,2013,Shreevardhan,"Specialty Hospitals (Cancer, TB, etc)",1
Raigad,2013,Shreevardhan,Clinics,6
Raigad,2013,Shreevardhan,Maternity Wards,0
Raigad,2013,Shreevardhan,Number of Beds,40
Raigad,2013,Mhasala,Hospitals,2
Raigad,2013,Mhasala,"Specialty Hospitals (Cancer, TB, etc)",0
Raigad,2013,Mhasala,Clinics,14
Raigad,2013,Mhasala,Maternity Wards,0
Raigad,2013,Mhasala,Number of Beds,13
Raigad,2013,Mahad,Hospitals,14
Raigad,2013,Mahad,"Specialty Hospitals (Cancer, TB, etc)",1
Raigad,2013,Mahad,Clinics,4
Raigad,2013,Mahad,Maternity Wards,0
Raigad,2013,Mahad,Number of Beds,213
Raigad,2013,Poladpur,Hospitals,1
Raigad,2013,Poladpur,"Specialty Hospitals (Cancer, TB, etc)",0
Raigad,2013,Poladpur,Clinics,10
Raigad,2013,Poladpur,Maternity Wards,0
Raigad,2013,Poladpur,Number of Beds,6
Raigad,2014,Uran,Hospitals,15
Raigad,2014,Uran,"Specialty Hospitals (Cancer, TB, etc)",3
Raigad,2014,Uran,Clinics,21
Raigad,2014,Uran,Maternity Wards,2
Raigad,2014,Uran,Number of Beds,209
Raigad,2014,Panwel,Hospitals,30
Raigad,2014,Panwel,"Specialty Hospitals (Cancer, TB, etc)",0
Raigad,2014,Panwel,Clinics,0
Raigad,2014,Panwel,Maternity Wards,6
Raigad,2014,Panwel,Number of Beds,598
Raigad,2014,Karjat,Hospitals,8
Raigad,2014,Karjat,"Specialty Hospitals (Cancer, TB, etc)",1
Raigad,2014,Karjat,Clinics,12
Raigad,2014,Karjat,Maternity Wards,2
Raigad,2014,Karjat,Number of Beds,104
Raigad,2014,Khalapur,Hospitals,18
Raigad,2014,Khalapur,"Specialty Hospitals (Cancer, TB, etc)",3
Raigad,2014,Khalapur,Clinics,0
Raigad,2014,Khalapur,Maternity Wards,4
Raigad,2014,Khalapur,Number of Beds,318
Raigad,2014,Pen,Hospitals,8
Raigad,2014,Pen,"Specialty Hospitals (Cancer, TB, etc)",3
Raigad,2014,Pen,Clinics,2
Raigad,2014,Pen,Maternity Wards,1
Raigad,2014,Pen,Number of Beds,188
Raigad,2014,Alibag,Hospitals,7
Raigad,2014,Alibag,"Specialty Hospitals (Cancer, TB, etc)",4
Raigad,2014,Alibag,Clinics,29
Raigad,2014,Alibag,Maternity Wards,4
Raigad,2014,Alibag,Number of Beds,202
Raigad,2014,Murud,Hospitals,8
Raigad,2014,Murud,"Specialty Hospitals (Cancer, TB, etc)",0
Raigad,2014,Murud,Clinics,1
Raigad,2014,Murud,Maternity Wards,1
Raigad,2014,Murud,Number of Beds,72
Raigad,2014,Roha,Hospitals,3
Raigad,2014,Roha,"Specialty Hospitals (Cancer, TB, etc)",0
Raigad,2014,Roha,Clinics,16
Raigad,2014,Roha,Maternity Wards,3
Raigad,2014,Roha,Number of Beds,126
Raigad,2014,Sudhagad,Hospitals,2
Raigad,2014,Sudhagad,"Specialty Hospitals (Cancer, TB, etc)",0
Raigad,2014,Sudhagad,Clinics,12
Raigad,2014,Sudhagad,Maternity Wards,0
Raigad,2014,Sudhagad,Number of Beds,8
Raigad,2014,Mangaon,Hospitals,14
Raigad,2014,Mangaon,"Specialty Hospitals (Cancer, TB, etc)",0
Raigad,2014,Mangaon,Clinics,43
Raigad,2014,Mangaon,Maternity Wards,0
Raigad,2014,Mangaon,Number of Beds,206
Raigad,2014,Tala,Hospitals,0
Raigad,2014,Tala,"Specialty Hospitals (Cancer, TB, etc)",0
Raigad,2014,Tala,Clinics,7
Raigad,2014,Tala,Maternity Wards,0
Raigad,2014,Tala,Number of Beds,0
Raigad,2014,Shreevardhan,Hospitals,4
Raigad,2014,Shreevardhan,"Specialty Hospitals (Cancer, TB, etc)",1
Raigad,2014,Shreevardhan,Clinics,6
Raigad,2014,Shreevardhan,Maternity Wards,0
Raigad,2014,Shreevardhan,Number of Beds,40
Raigad,2014,Mhasala,Hospitals,2
Raigad,2014,Mhasala,"Specialty Hospitals (Cancer, TB, etc)",0
Raigad,2014,Mhasala,Clinics,14
Raigad,2014,Mhasala,Maternity Wards,0
Raigad,2014,Mhasala,Number of Beds,13
Raigad,2014,Mahad,Hospitals,14
Raigad,2014,Mahad,"Specialty Hospitals (Cancer, TB, etc)",1
Raigad,2014,Mahad,Clinics,4
Raigad,2014,Mahad,Maternity Wards,0
Raigad,2014,Mahad,Number of Beds,213
Raigad,2014,Poladpur,Hospitals,1
Raigad,2014,Poladpur,"Specialty Hospitals (Cancer, TB, etc)",0
Raigad,2014,Poladpur,Clinics,10
Raigad,2014,Poladpur,Maternity Wards,0
Raigad,2014,Poladpur,Number of Beds,6
Raigad,2015,Uran,Hospitals,2
Raigad,2015,Uran,"Specialty Hospitals (Cancer, TB, etc)",0
Raigad,2015,Uran,Clinics,66
Raigad,2015,Uran,Maternity Wards,0
Raigad,2015,Uran,Number of Beds,20
Raigad,2015,Panwel,Hospitals,96
Raigad,2015,Panwel,"Specialty Hospitals (Cancer, TB, etc)",0
Raigad,2015,Panwel,Clinics,85
Raigad,2015,Panwel,Maternity Wards,20
Raigad,2015,Panwel,Number of Beds,3354
Raigad,2015,Karjat,Hospitals,7
Raigad,2015,Karjat,"Specialty Hospitals (Cancer, TB, etc)",0
Raigad,2015,Karjat,Clinics,42
Raigad,2015,Karjat,Maternity Wards,5
Raigad,2015,Karjat,Number of Beds,512
Raigad,2015,Khalapur,Hospitals,20
Raigad,2015,Khalapur,"Specialty Hospitals (Cancer, TB, etc)",0
Raigad,2015,Khalapur,Clinics,23
Raigad,2015,Khalapur,Maternity Wards,1
Raigad,2015,Khalapur,Number of Beds,367
Raigad,2015,Pen,Hospitals,6
Raigad,2015,Pen,"Specialty Hospitals (Cancer, TB, etc)",0
Raigad,2015,Pen,Clinics,16
Raigad,2015,Pen,Maternity Wards,1
Raigad,2015,Pen,Number of Beds,101
Raigad,2015,Alibag,Hospitals,15
Raigad,2015,Alibag,"Specialty Hospitals (Cancer, TB, etc)",0
Raigad,2015,Alibag,Clinics,62
Raigad,2015,Alibag,Maternity Wards,9
Raigad,2015,Alibag,Number of Beds,320
Raigad,2015,Murud,Hospitals,1
Raigad,2015,Murud,"Specialty Hospitals (Cancer, TB, etc)",0
Raigad,2015,Murud,Clinics,23
Raigad,2015,Murud,Maternity Wards,0
Raigad,2015,Murud,Number of Beds,12
Raigad,2015,Roha,Hospitals,3
Raigad,2015,Roha,"Specialty Hospitals (Cancer, TB, etc)",0
Raigad,2015,Roha,Clinics,35
Raigad,2015,Roha,Maternity Wards,9
Raigad,2015,Roha,Number of Beds,123
Raigad,2015,Sudhagad,Hospitals,3
Raigad,2015,Sudhagad,"Specialty Hospitals (Cancer, TB, etc)",0
Raigad,2015,Sudhagad,Clinics,16
Raigad,2015,Sudhagad,Maternity Wards,1
Raigad,2015,Sudhagad,Number of Beds,30
Raigad,2015,Mangaon,Hospitals,27
Raigad,2015,Mangaon,"Specialty Hospitals (Cancer, TB, etc)",0
Raigad,2015,Mangaon,Clinics,13
Raigad,2015,Mangaon,Maternity Wards,3
Raigad,2015,Mangaon,Number of Beds,298
Raigad,2015,Tala,Hospitals,1
Raigad,2015,Tala,"Specialty Hospitals (Cancer, TB, etc)",0
Raigad,2015,Tala,Clinics,10
Raigad,2015,Tala,Maternity Wards,0
Raigad,2015,Tala,Number of Beds,5
Raigad,2015,Shreevardhan,Hospitals,0
Raigad,2015,Shreevardhan,"Specialty Hospitals (Cancer, TB, etc)",0
Raigad,2015,Shreevardhan,Clinics,12
Raigad,2015,Shreevardhan,Maternity Wards,2
Raigad,2015,Shreevardhan,Number of Beds,14
Raigad,2015,Mhasala,Hospitals,3
Raigad,2015,Mhasala,"Specialty Hospitals (Cancer, TB, etc)",0
Raigad,2015,Mhasala,Clinics,7
Raigad,2015,Mhasala,Maternity Wards,0
Raigad,2015,Mhasala,Number of Beds,31
Raigad,2015,Mahad,Hospitals,9
Raigad,2015,Mahad,"Specialty Hospitals (Cancer, TB, etc)",0
Raigad,2015,Mahad,Clinics,48
Raigad,2015,Mahad,Maternity Wards,0
Raigad,2015,Mahad,Number of Beds,37
Raigad,2015,Poladpur,Hospitals,1
Raigad,2015,Poladpur,"Specialty Hospitals (Cancer, TB, etc)",0
Raigad,2015,Poladpur,Clinics,3
Raigad,2015,Poladpur,Maternity Wards,0
Raigad,2015,Poladpur,Number of Beds,16
Raigad,2016,Uran,Hospitals,2
Raigad,2016,Uran,"Specialty Hospitals (Cancer, TB, etc)",0
Raigad,2016,Uran,Clinics,66
Raigad,2016,Uran,Maternity Wards,0
Raigad,2016,Uran,Number of Beds,20
Raigad,2016,Panwel,Hospitals,100
Raigad,2016,Panwel,"Specialty Hospitals (Cancer, TB, etc)",0
Raigad,2016,Panwel,Clinics,85
Raigad,2016,Panwel,Maternity Wards,20
Raigad,2016,Panwel,Number of Beds,3354
Raigad,2016,Karjat,Hospitals,10
Raigad,2016,Karjat,"Specialty Hospitals (Cancer, TB, etc)",0
Raigad,2016,Karjat,Clinics,42
Raigad,2016,Karjat,Maternity Wards,5
Raigad,2016,Karjat,Number of Beds,512
Raigad,2016,Khalapur,Hospitals,25
Raigad,2016,Khalapur,"Specialty Hospitals (Cancer, TB, etc)",0
Raigad,2016,Khalapur,Clinics,28
Raigad,2016,Khalapur,Maternity Wards,1
Raigad,2016,Khalapur,Number of Beds,367
Raigad,2016,Pen,Hospitals,6
Raigad,2016,Pen,"Specialty Hospitals (Cancer, TB, etc)",0
Raigad,2016,Pen,Clinics,16
Raigad,2016,Pen,Maternity Wards,1
Raigad,2016,Pen,Number of Beds,101
Raigad,2016,Alibag,Hospitals,15
Raigad,2016,Alibag,"Specialty Hospitals (Cancer, TB, etc)",0
Raigad,2016,Alibag,Clinics,62
Raigad,2016,Alibag,Maternity Wards,9
Raigad,2016,Alibag,Number of Beds,320
Raigad,2016,Murud,Hospitals,1
Raigad,2016,Murud,"Specialty Hospitals (Cancer, TB, etc)",0
Raigad,2016,Murud,Clinics,23
Raigad,2016,Murud,Maternity Wards,0
Raigad,2016,Murud,Number of Beds,12
Raigad,2016,Roha,Hospitals,3
Raigad,2016,Roha,"Specialty Hospitals (Cancer, TB, etc)",0
Raigad,2016,Roha,Clinics,35
Raigad,2016,Roha,Maternity Wards,9
Raigad,2016,Roha,Number of Beds,123
Raigad,2016,Sudhagad,Hospitals,3
Raigad,2016,Sudhagad,"Specialty Hospitals (Cancer, TB, etc)",0
Raigad,2016,Sudhagad,Clinics,16
Raigad,2016,Sudhagad,Maternity Wards,1
Raigad,2016,Sudhagad,Number of Beds,30
Raigad,2016,Mangaon,Hospitals,27
Raigad,2016,Mangaon,"Specialty Hospitals (Cancer, TB, etc)",0
Raigad,2016,Mangaon,Clinics,13
Raigad,2016,Mangaon,Maternity Wards,3
Raigad,2016,Mangaon,Number of Beds,298
Raigad,2016,Tala,Hospitals,1
Raigad,2016,Tala,"Specialty Hospitals (Cancer, TB, etc)",0
Raigad,2016,Tala,Clinics,10
Raigad,2016,Tala,Maternity Wards,0
Raigad,2016,Tala,Number of Beds,5
Raigad,2016,Shreevardhan,Hospitals,0
Raigad,2016,Shreevardhan,"Specialty Hospitals (Cancer, TB, etc)",0
Raigad,2016,Shreevardhan,Clinics,12
Raigad,2016,Shreevardhan,Maternity Wards,2
Raigad,2016,Shreevardhan,Number of Beds,14
Raigad,2016,Mhasala,Hospitals,3
Raigad,2016,Mhasala,"Specialty Hospitals (Cancer, TB, etc)",0
Raigad,2016,Mhasala,Clinics,7
Raigad,2016,Mhasala,Maternity Wards,0
Raigad,2016,Mhasala,Number of Beds,31
Raigad,2016,Mahad,Hospitals,11
Raigad,2016,Mahad,"Specialty Hospitals (Cancer, TB, etc)",0
Raigad,2016,Mahad,Clinics,48
Raigad,2016,Mahad,Maternity Wards,0
Raigad,2016,Mahad,Number of Beds,37
Raigad,2016,Poladpur,Hospitals,1
Raigad,2016,Poladpur,"Specialty Hospitals (Cancer, TB, etc)",0
Raigad,2016,Poladpur,Clinics,3
Raigad,2016,Poladpur,Maternity Wards,0
Raigad,2016,Poladpur,Number of Beds,16
Raigad,2017,Uran,Hospitals,3
Raigad,2017,Uran,"Specialty Hospitals (Cancer, TB, etc)",0
Raigad,2017,Uran,Clinics,70
Raigad,2017,Uran,Maternity Wards,1
Raigad,2017,Uran,Number of Beds,80
Raigad,2017,Panwel,Hospitals,107
Raigad,2017,Panwel,"Specialty Hospitals (Cancer, TB, etc)",0
Raigad,2017,Panwel,Clinics,95
Raigad,2017,Panwel,Maternity Wards,22
Raigad,2017,Panwel,Number of Beds,3951
Raigad,2017,Karjat,Hospitals,9
Raigad,2017,Karjat,"Specialty Hospitals (Cancer, TB, etc)",0
Raigad,2017,Karjat,Clinics,50
Raigad,2017,Karjat,Maternity Wards,6
Raigad,2017,Karjat,Number of Beds,523
Raigad,2017,Khalapur,Hospitals,37
Raigad,2017,Khalapur,"Specialty Hospitals (Cancer, TB, etc)",0
Raigad,2017,Khalapur,Clinics,32
Raigad,2017,Khalapur,Maternity Wards,6
Raigad,2017,Khalapur,Number of Beds,294
Raigad,2017,Pen,Hospitals,8
Raigad,2017,Pen,"Specialty Hospitals (Cancer, TB, etc)",0
Raigad,2017,Pen,Clinics,20
Raigad,2017,Pen,Maternity Wards,2
Raigad,2017,Pen,Number of Beds,122
Raigad,2017,Alibag,Hospitals,15
Raigad,2017,Alibag,"Specialty Hospitals (Cancer, TB, etc)",0
Raigad,2017,Alibag,Clinics,66
Raigad,2017,Alibag,Maternity Wards,9
Raigad,2017,Alibag,Number of Beds,320
Raigad,2017,Murud,Hospitals,1
Raigad,2017,Murud,"Specialty Hospitals (Cancer, TB, etc)",0
Raigad,2017,Murud,Clinics,25
Raigad,2017,Murud,Maternity Wards,0
Raigad,2017,Murud,Number of Beds,12
Raigad,2017,Roha,Hospitals,4
Raigad,2017,Roha,"Specialty Hospitals (Cancer, TB, etc)",0
Raigad,2017,Roha,Clinics,40
Raigad,2017,Roha,Maternity Wards,9
Raigad,2017,Roha,Number of Beds,128
Raigad,2017,Sudhagad,Hospitals,3
Raigad,2017,Sudhagad,"Specialty Hospitals (Cancer, TB, etc)",0
Raigad,2017,Sudhagad,Clinics,20
Raigad,2017,Sudhagad,Maternity Wards,2
Raigad,2017,Sudhagad,Number of Beds,32
Raigad,2017,Mangaon,Hospitals,24
Raigad,2017,Mangaon,"Specialty Hospitals (Cancer, TB, etc)",0
Raigad,2017,Mangaon,Clinics,15
Raigad,2017,Mangaon,Maternity Wards,7
Raigad,2017,Mangaon,Number of Beds,308
Raigad,2017,Tala,Hospitals,1
Raigad,2017,Tala,"Specialty Hospitals (Cancer, TB, etc)",0
Raigad,2017,Tala,Clinics,10
Raigad,2017,Tala,Maternity Wards,0
Raigad,2017,Tala,Number of Beds,5
Raigad,2017,Shreevardhan,Hospitals,2
Raigad,2017,Shreevardhan,"Specialty Hospitals (Cancer, TB, etc)",0
Raigad,2017,Shreevardhan,Clinics,18
Raigad,2017,Shreevardhan,Maternity Wards,2
Raigad,2017,Shreevardhan,Number of Beds,27
Raigad,2017,Mhasala,Hospitals,3
Raigad,2017,Mhasala,"Specialty Hospitals (Cancer, TB, etc)",0
Raigad,2017,Mhasala,Clinics,10
Raigad,2017,Mhasala,Maternity Wards,0
Raigad,2017,Mhasala,Number of Beds,31
Raigad,2017,Mahad,Hospitals,6
Raigad,2017,Mahad,"Specialty Hospitals (Cancer, TB, etc)",0
Raigad,2017,Mahad,Clinics,50
Raigad,2017,Mahad,Maternity Wards,4
Raigad,2017,Mahad,Number of Beds,42
Raigad,2017,Poladpur,Hospitals,1
Raigad,2017,Poladpur,"Specialty Hospitals (Cancer, TB, etc)",0
Raigad,2017,Poladpur,Clinics,5
Raigad,2017,Poladpur,Maternity Wards,0
Raigad,2017,Poladpur,Number of Beds,16
Raigad,2018,Uran,Hospitals,23
Raigad,2018,Uran,"Specialty Hospitals (Cancer, TB, etc)",0
Raigad,2018,Uran,Clinics,70
Raigad,2018,Uran,Maternity Wards,3
Raigad,2018,Uran,Number of Beds,508
Raigad,2018,Panwel,Hospitals,3
Raigad,2018,Panwel,"Specialty Hospitals (Cancer, TB, etc)",0
Raigad,2018,Panwel,Clinics,95
Raigad,2018,Panwel,Maternity Wards,22
Raigad,2018,Panwel,Number of Beds,3951
Raigad,2018,Karjat,Hospitals,120
Raigad,2018,Karjat,"Specialty Hospitals (Cancer, TB, etc)",0
Raigad,2018,Karjat,Clinics,50
Raigad,2018,Karjat,Maternity Wards,8
Raigad,2018,Karjat,Number of Beds,942
Raigad,2018,Khalapur,Hospitals,28
Raigad,2018,Khalapur,"Specialty Hospitals (Cancer, TB, etc)",0
Raigad,2018,Khalapur,Clinics,32
Raigad,2018,Khalapur,Maternity Wards,13
Raigad,2018,Khalapur,Number of Beds,599
Raigad,2018,Pen,Hospitals,60
Raigad,2018,Pen,"Specialty Hospitals (Cancer, TB, etc)",0
Raigad,2018,Pen,Clinics,20
Raigad,2018,Pen,Maternity Wards,4
Raigad,2018,Pen,Number of Beds,413
Raigad,2018,Alibag,Hospitals,30
Raigad,2018,Alibag,"Specialty Hospitals (Cancer, TB, etc)",0
Raigad,2018,Alibag,Clinics,66
Raigad,2018,Alibag,Maternity Wards,15
Raigad,2018,Alibag,Number of Beds,590
Raigad,2018,Murud,Hospitals,21
Raigad,2018,Murud,"Specialty Hospitals (Cancer, TB, etc)",0
Raigad,2018,Murud,Clinics,25
Raigad,2018,Murud,Maternity Wards,0
Raigad,2018,Murud,Number of Beds,61
Raigad,2018,Roha,Hospitals,1
Raigad,2018,Roha,"Specialty Hospitals (Cancer, TB, etc)",0
Raigad,2018,Roha,Clinics,40
Raigad,2018,Roha,Maternity Wards,9
Raigad,2018,Roha,Number of Beds,128
Raigad,2018,Sudhagad,Hospitals,4
Raigad,2018,Sudhagad,"Specialty Hospitals (Cancer, TB, etc)",0
Raigad,2018,Sudhagad,Clinics,20
Raigad,2018,Sudhagad,Maternity Wards,2
Raigad,2018,Sudhagad,Number of Beds,32
Raigad,2018,Mangaon,Hospitals,19
Raigad,2018,Mangaon,"Specialty Hospitals (Cancer, TB, etc)",0
Raigad,2018,Mangaon,Clinics,15
Raigad,2018,Mangaon,Maternity Wards,10
Raigad,2018,Mangaon,Number of Beds,518
Raigad,2018,Tala,Hospitals,24
Raigad,2018,Tala,"Specialty Hospitals (Cancer, TB, etc)",0
Raigad,2018,Tala,Clinics,10
Raigad,2018,Tala,Maternity Wards,0
Raigad,2018,Tala,Number of Beds,5
Raigad,2018,Shreevardhan,Hospitals,5
Raigad,2018,Shreevardhan,"Specialty Hospitals (Cancer, TB, etc)",0
Raigad,2018,Shreevardhan,Clinics,18
Raigad,2018,Shreevardhan,Maternity Wards,5
Raigad,2018,Shreevardhan,Number of Beds,71
Raigad,2018,Mhasala,Hospitals,2
Raigad,2018,Mhasala,"Specialty Hospitals (Cancer, TB, etc)",0
Raigad,2018,Mhasala,Clinics,10
Raigad,2018,Mhasala,Maternity Wards,0
Raigad,2018,Mhasala,Number of Beds,31
Raigad,2018,Mahad,Hospitals,26
Raigad,2018,Mahad,"Specialty Hospitals (Cancer, TB, etc)",0
Raigad,2018,Mahad,Clinics,50
Raigad,2018,Mahad,Maternity Wards,11
Raigad,2018,Mahad,Number of Beds,282
Raigad,2018,Poladpur,Hospitals,7
Raigad,2018,Poladpur,"Specialty Hospitals (Cancer, TB, etc)",0
Raigad,2018,Poladpur,Clinics,5
Raigad,2018,Poladpur,Maternity Wards,0
Raigad,2018,Poladpur,Number of Beds,26
Raigad,2019,Uran,Hospitals,3
Raigad,2019,Uran,"Specialty Hospitals (Cancer, TB, etc)",0
Raigad,2019,Uran,Clinics,70
Raigad,2019,Uran,Maternity Wards,1
Raigad,2019,Uran,Number of Beds,80
Raigad,2019,Panwel,Hospitals,107
Raigad,2019,Panwel,"Specialty Hospitals (Cancer, TB, etc)",0
Raigad,2019,Panwel,Clinics,95
Raigad,2019,Panwel,Maternity Wards,22
Raigad,2019,Panwel,Number of Beds,3951
Raigad,2019,Karjat,Hospitals,9
Raigad,2019,Karjat,"Specialty Hospitals (Cancer, TB, etc)",0
Raigad,2019,Karjat,Clinics,50
Raigad,2019,Karjat,Maternity Wards,6
Raigad,2019,Karjat,Number of Beds,523
Raigad,2019,Khalapur,Hospitals,37
Raigad,2019,Khalapur,"Specialty Hospitals (Cancer, TB, etc)",0
Raigad,2019,Khalapur,Clinics,32
Raigad,2019,Khalapur,Maternity Wards,6
Raigad,2019,Khalapur,Number of Beds,294
Raigad,2019,Pen,Hospitals,8
Raigad,2019,Pen,"Specialty Hospitals (Cancer, TB, etc)",0
Raigad,2019,Pen,Clinics,20
Raigad,2019,Pen,Maternity Wards,2
Raigad,2019,Pen,Number of Beds,122
Raigad,2019,Alibag,Hospitals,15
Raigad,2019,Alibag,"Specialty Hospitals (Cancer, TB, etc)",0
Raigad,2019,Alibag,Clinics,66
Raigad,2019,Alibag,Maternity Wards,9
Raigad,2019,Alibag,Number of Beds,320
Raigad,2019,Murud,Hospitals,1
Raigad,2019,Murud,"Specialty Hospitals (Cancer, TB, etc)",0
Raigad,2019,Murud,Clinics,25
Raigad,2019,Murud,Maternity Wards,0
Raigad,2019,Murud,Number of Beds,12
Raigad,2019,Roha,Hospitals,4
Raigad,2019,Roha,"Specialty Hospitals (Cancer, TB, etc)",0
Raigad,2019,Roha,Clinics,40
Raigad,2019,Roha,Maternity Wards,9
Raigad,2019,Roha,Number of Beds,128
Raigad,2019,Sudhagad,Hospitals,3
Raigad,2019,Sudhagad,"Specialty Hospitals (Cancer, TB, etc)",0
Raigad,2019,Sudhagad,Clinics,20
Raigad,2019,Sudhagad,Maternity Wards,2
Raigad,2019,Sudhagad,Number of Beds,32
Raigad,2019,Mangaon,Hospitals,24
Raigad,2019,Mangaon,"Specialty Hospitals (Cancer, TB, etc)",0
Raigad,2019,Mangaon,Clinics,15
Raigad,2019,Mangaon,Maternity Wards,7
Raigad,2019,Mangaon,Number of Beds,308
Raigad,2019,Tala,Hospitals,1
Raigad,2019,Tala,"Specialty Hospitals (Cancer, TB, etc)",0
Raigad,2019,Tala,Clinics,10
Raigad,2019,Tala,Maternity Wards,0
Raigad,2019,Tala,Number of Beds,5
Raigad,2019,Shreevardhan,Hospitals,2
Raigad,2019,Shreevardhan,"Specialty Hospitals (Cancer, TB, etc)",0
Raigad,2019,Shreevardhan,Clinics,18
Raigad,2019,Shreevardhan,Maternity Wards,2
Raigad,2019,Shreevardhan,Number of Beds,27
Raigad,2019,Mhasala,Hospitals,3
Raigad,2019,Mhasala,"Specialty Hospitals (Cancer, TB, etc)",0
Raigad,2019,Mhasala,Clinics,10
Raigad,2019,Mhasala,Maternity Wards,0
Raigad,2019,Mhasala,Number of Beds,31
Raigad,2019,Mahad,Hospitals,6
Raigad,2019,Mahad,"Specialty Hospitals (Cancer, TB, etc)",0
Raigad,2019,Mahad,Clinics,50
Raigad,2019,Mahad,Maternity Wards,4
Raigad,2019,Mahad,Number of Beds,42
Raigad,2019,Poladpur,Hospitals,1
Raigad,2019,Poladpur,"Specialty Hospitals (Cancer, TB, etc)",0
Raigad,2019,Poladpur,Clinics,5
Raigad,2019,Poladpur,Maternity Wards,0
Raigad,2019,Poladpur,Number of Beds,16
Raigad,2020,Uran,Hospitals,5
Raigad,2020,Uran,"Specialty Hospitals (Cancer, TB, etc)",0
Raigad,2020,Uran,Clinics,70
Raigad,2020,Uran,Maternity Wards,1
Raigad,2020,Uran,Number of Beds,95
Raigad,2020,Panwel,Hospitals,117
Raigad,2020,Panwel,"Specialty Hospitals (Cancer, TB, etc)",0
Raigad,2020,Panwel,Clinics,97
Raigad,2020,Panwel,Maternity Wards,23
Raigad,2020,Panwel,Number of Beds,4168
Raigad,2020,Karjat,Hospitals,11
Raigad,2020,Karjat,"Specialty Hospitals (Cancer, TB, etc)",0
Raigad,2020,Karjat,Clinics,51
Raigad,2020,Karjat,Maternity Wards,6
Raigad,2020,Karjat,Number of Beds,539
Raigad,2020,Khalapur,Hospitals,40
Raigad,2020,Khalapur,"Specialty Hospitals (Cancer, TB, etc)",0
Raigad,2020,Khalapur,Clinics,33
Raigad,2020,Khalapur,Maternity Wards,6
Raigad,2020,Khalapur,Number of Beds,361
Raigad,2020,Pen,Hospitals,8
Raigad,2020,Pen,"Specialty Hospitals (Cancer, TB, etc)",0
Raigad,2020,Pen,Clinics,20
Raigad,2020,Pen,Maternity Wards,2
Raigad,2020,Pen,Number of Beds,122
Raigad,2020,Alibag,Hospitals,15
Raigad,2020,Alibag,"Specialty Hospitals (Cancer, TB, etc)",0
Raigad,2020,Alibag,Clinics,67
Raigad,2020,Alibag,Maternity Wards,9
Raigad,2020,Alibag,Number of Beds,325
Raigad,2020,Murud,Hospitals,1
Raigad,2020,Murud,"Specialty Hospitals (Cancer, TB, etc)",0
Raigad,2020,Murud,Clinics,25
Raigad,2020,Murud,Maternity Wards,0
Raigad,2020,Murud,Number of Beds,12
Raigad,2020,Roha,Hospitals,4
Raigad,2020,Roha,"Specialty Hospitals (Cancer, TB, etc)",0
Raigad,2020,Roha,Clinics,40
Raigad,2020,Roha,Maternity Wards,10
Raigad,2020,Roha,Number of Beds,132
Raigad,2020,Sudhagad,Hospitals,3
Raigad,2020,Sudhagad,"Specialty Hospitals (Cancer, TB, etc)",0
Raigad,2020,Sudhagad,Clinics,20
Raigad,2020,Sudhagad,Maternity Wards,2
Raigad,2020,Sudhagad,Number of Beds,32
Raigad,2020,Mangaon,Hospitals,24
Raigad,2020,Mangaon,"Specialty Hospitals (Cancer, TB, etc)",0
Raigad,2020,Mangaon,Clinics,15
Raigad,2020,Mangaon,Maternity Wards,8
Raigad,2020,Mangaon,Number of Beds,318
Raigad,2020,Tala,Hospitals,1
Raigad,2020,Tala,"Specialty Hospitals (Cancer, TB, etc)",0
Raigad,2020,Tala,Clinics,10
Raigad,2020,Tala,Maternity Wards,0
Raigad,2020,Tala,Number of Beds,5
Raigad,2020,Shreevardhan,Hospitals,2
Raigad,2020,Shreevardhan,"Specialty Hospitals (Cancer, TB, etc)",0
Raigad,2020,Shreevardhan,Clinics,18
Raigad,2020,Shreevardhan,Maternity Wards,3
Raigad,2020,Shreevardhan,Number of Beds,34
Raigad,2020,Mhasala,Hospitals,3
Raigad,2020,Mhasala,"Specialty Hospitals (Cancer, TB, etc)",0
Raigad,2020,Mhasala,Clinics,10
Raigad,2020,Mhasala,Maternity Wards,0
Raigad,2020,Mhasala,Number of Beds,31
Raigad,2020,Mahad,Hospitals,6
Raigad,2020,Mahad,"Specialty Hospitals (Cancer, TB, etc)",0
Raigad,2020,Mahad,Clinics,51
Raigad,2020,Mahad,Maternity Wards,5
Raigad,2020,Mahad,Number of Beds,44
Raigad,2020,Poladpur,Hospitals,1
Raigad,2020,Poladpur,"Specialty Hospitals (Cancer, TB, etc)",0
Raigad,2020,Poladpur,Clinics,5
Raigad,2020,Poladpur,Maternity Wards,0
Raigad,2020,Poladpur,Number of Beds,16
Raigad,2021,Uran,Hospitals,5
Raigad,2021,Uran,"Specialty Hospitals (Cancer, TB, etc)",0
Raigad,2021,Uran,Clinics,70
Raigad,2021,Uran,Maternity Wards,1
Raigad,2021,Uran,Number of Beds,95
Raigad,2021,Panwel,Hospitals,120
Raigad,2021,Panwel,"Specialty Hospitals (Cancer, TB, etc)",0
Raigad,2021,Panwel,Clinics,105
Raigad,2021,Panwel,Maternity Wards,25
Raigad,2021,Panwel,Number of Beds,4649
Raigad,2021,Karjat,Hospitals,15
Raigad,2021,Karjat,"Specialty Hospitals (Cancer, TB, etc)",0
Raigad,2021,Karjat,Clinics,54
Raigad,2021,Karjat,Maternity Wards,6
Raigad,2021,Karjat,Number of Beds,620
Raigad,2021,Khalapur,Hospitals,40
Raigad,2021,Khalapur,"Specialty Hospitals (Cancer, TB, etc)",0
Raigad,2021,Khalapur,Clinics,37
Raigad,2021,Khalapur,Maternity Wards,6
Raigad,2021,Khalapur,Number of Beds,410
Raigad,2021,Pen,Hospitals,8
Raigad,2021,Pen,"Specialty Hospitals (Cancer, TB, etc)",0
Raigad,2021,Pen,Clinics,22
Raigad,2021,Pen,Maternity Wards,2
Raigad,2021,Pen,Number of Beds,253
Raigad,2021,Alibag,Hospitals,15
Raigad,2021,Alibag,"Specialty Hospitals (Cancer, TB, etc)",0
Raigad,2021,Alibag,Clinics,71
Raigad,2021,Alibag,Maternity Wards,10
Raigad,2021,Alibag,Number of Beds,343
Raigad,2021,Murud,Hospitals,1
Raigad,2021,Murud,"Specialty Hospitals (Cancer, TB, etc)",0
Raigad,2021,Murud,Clinics,25
Raigad,2021,Murud,Maternity Wards,0
Raigad,2021,Murud,Number of Beds,12
Raigad,2021,Roha,Hospitals,4
Raigad,2021,Roha,"Specialty Hospitals (Cancer, TB, etc)",0
Raigad,2021,Roha,Clinics,41
Raigad,2021,Roha,Maternity Wards,11
Raigad,2021,Roha,Number of Beds,237
Raigad,2021,Sudhagad,Hospitals,3
Raigad,2021,Sudhagad,"Specialty Hospitals (Cancer, TB, etc)",0
Raigad,2021,Sudhagad,Clinics,20
Raigad,2021,Sudhagad,Maternity Wards,2
Raigad,2021,Sudhagad,Number of Beds,32
Raigad,2021,Mangaon,Hospitals,24
Raigad,2021,Mangaon,"Specialty Hospitals (Cancer, TB, etc)",0
Raigad,2021,Mangaon,Clinics,15
Raigad,2021,Mangaon,Maternity Wards,8
Raigad,2021,Mangaon,Number of Beds,318
Raigad,2021,Tala,Hospitals,1
Raigad,2021,Tala,"Specialty Hospitals (Cancer, TB, etc)",0
Raigad,2021,Tala,Clinics,10
Raigad,2021,Tala,Maternity Wards,0
Raigad,2021,Tala,Number of Beds,5
Raigad,2021,Shreevardhan,Hospitals,2
Raigad,2021,Shreevardhan,"Specialty Hospitals (Cancer, TB, etc)",0
Raigad,2021,Shreevardhan,Clinics,18
Raigad,2021,Shreevardhan,Maternity Wards,3
Raigad,2021,Shreevardhan,Number of Beds,34
Raigad,2021,Mhasala,Hospitals,3
Raigad,2021,Mhasala,"Specialty Hospitals (Cancer, TB, etc)",0
Raigad,2021,Mhasala,Clinics,10
Raigad,2021,Mhasala,Maternity Wards,0
Raigad,2021,Mhasala,Number of Beds,31
Raigad,2021,Mahad,Hospitals,6
Raigad,2021,Mahad,"Specialty Hospitals (Cancer, TB, etc)",0
Raigad,2021,Mahad,Clinics,51
Raigad,2021,Mahad,Maternity Wards,5
Raigad,2021,Mahad,Number of Beds,44
Raigad,2021,Poladpur,Hospitals,1
Raigad,2021,Poladpur,"Specialty Hospitals (Cancer, TB, etc)",0
Raigad,2021,Poladpur,Clinics,5
Raigad,2021,Poladpur,Maternity Wards,0
Raigad,2021,Poladpur,Number of Beds,16
Ratnagiri,2012,Mandangad,Hospitals,0
Ratnagiri,2012,Mandangad,"Specialty Hospitals (Cancer, TB, etc)",0
Ratnagiri,2012,Mandangad,Clinics,25
Ratnagiri,2012,Mandangad,Maternity Wards,3
Ratnagiri,2012,Mandangad,Number of Beds,20
Ratnagiri,2012,Dapoli,Hospitals,7
Ratnagiri,2012,Dapoli,"Specialty Hospitals (Cancer, TB, etc)",2
Ratnagiri,2012,Dapoli,Clinics,87
Ratnagiri,2012,Dapoli,Maternity Wards,7
Ratnagiri,2012,Dapoli,Number of Beds,120
Ratnagiri,2012,Khed,Hospitals,8
Ratnagiri,2012,Khed,"Specialty Hospitals (Cancer, TB, etc)",1
Ratnagiri,2012,Khed,Clinics,51
Ratnagiri,2012,Khed,Maternity Wards,8
Ratnagiri,2012,Khed,Number of Beds,229
Ratnagiri,2012,Chiplun,Hospitals,7
Ratnagiri,2012,Chiplun,"Specialty Hospitals (Cancer, TB, etc)",4
Ratnagiri,2012,Chiplun,Clinics,95
Ratnagiri,2012,Chiplun,Maternity Wards,18
Ratnagiri,2012,Chiplun,Number of Beds,251
Ratnagiri,2012,Guhagar,Hospitals,0
Ratnagiri,2012,Guhagar,"Specialty Hospitals (Cancer, TB, etc)",0
Ratnagiri,2012,Guhagar,Clinics,69
Ratnagiri,2012,Guhagar,Maternity Wards,8
Ratnagiri,2012,Guhagar,Number of Beds,40
Ratnagiri,2012,Ratnagiri,Hospitals,10
Ratnagiri,2012,Ratnagiri,"Specialty Hospitals (Cancer, TB, etc)",10
Ratnagiri,2012,Ratnagiri,Clinics,124
Ratnagiri,2012,Ratnagiri,Maternity Wards,26
Ratnagiri,2012,Ratnagiri,Number of Beds,765
Ratnagiri,2012,Sangameshwar,Hospitals,5
Ratnagiri,2012,Sangameshwar,"Specialty Hospitals (Cancer, TB, etc)",0
Ratnagiri,2012,Sangameshwar,Clinics,79
Ratnagiri,2012,Sangameshwar,Maternity Wards,12
Ratnagiri,2012,Sangameshwar,Number of Beds,128
Ratnagiri,2012,Lanja,Hospitals,3
Ratnagiri,2012,Lanja,"Specialty Hospitals (Cancer, TB, etc)",0
Ratnagiri,2012,Lanja,Clinics,48
Ratnagiri,2012,Lanja,Maternity Wards,2
Ratnagiri,2012,Lanja,Number of Beds,30
Ratnagiri,2012,Rajapur,Hospitals,0
Ratnagiri,2012,Rajapur,"Specialty Hospitals (Cancer, TB, etc)",0
Ratnagiri,2012,Rajapur,Clinics,56
Ratnagiri,2012,Rajapur,Maternity Wards,3
Ratnagiri,2012,Rajapur,Number of Beds,25
Ratnagiri,2013,Mandangad,Hospitals,0
Ratnagiri,2013,Mandangad,"Specialty Hospitals (Cancer, TB, etc)",0
Ratnagiri,2013,Mandangad,Clinics,25
Ratnagiri,2013,Mandangad,Maternity Wards,3
Ratnagiri,2013,Mandangad,Number of Beds,20
Ratnagiri,2013,Dapoli,Hospitals,7
Ratnagiri,2013,Dapoli,"Specialty Hospitals (Cancer, TB, etc)",2
Ratnagiri,2013,Dapoli,Clinics,87
Ratnagiri,2013,Dapoli,Maternity Wards,7
Ratnagiri,2013,Dapoli,Number of Beds,120
Ratnagiri,2013,Khed,Hospitals,8
Ratnagiri,2013,Khed,"Specialty Hospitals (Cancer, TB, etc)",1
Ratnagiri,2013,Khed,Clinics,51
Ratnagiri,2013,Khed,Maternity Wards,8
Ratnagiri,2013,Khed,Number of Beds,229
Ratnagiri,2013,Chiplun,Hospitals,7
Ratnagiri,2013,Chiplun,"Specialty Hospitals (Cancer, TB, etc)",4
Ratnagiri,2013,Chiplun,Clinics,95
Ratnagiri,2013,Chiplun,Maternity Wards,18
Ratnagiri,2013,Chiplun,Number of Beds,251
Ratnagiri,2013,Guhagar,Hospitals,0
Ratnagiri,2013,Guhagar,"Specialty Hospitals (Cancer, TB, etc)",0
Ratnagiri,2013,Guhagar,Clinics,69
Ratnagiri,2013,Guhagar,Maternity Wards,8
Ratnagiri,2013,Guhagar,Number of Beds,40
Ratnagiri,2013,Ratnagiri,Hospitals,10
Ratnagiri,2013,Ratnagiri,"Specialty Hospitals (Cancer, TB, etc)",10
Ratnagiri,2013,Ratnagiri,Clinics,124
Ratnagiri,2013,Ratnagiri,Maternity Wards,26
Ratnagiri,2013,Ratnagiri,Number of Beds,765
Ratnagiri,2013,Sangameshwar,Hospitals,5
Ratnagiri,2013,Sangameshwar,"Specialty Hospitals (Cancer, TB, etc)",0
Ratnagiri,2013,Sangameshwar,Clinics,79
Ratnagiri,2013,Sangameshwar,Maternity Wards,12
Ratnagiri,2013,Sangameshwar,Number of Beds,128
Ratnagiri,2013,Lanja,Hospitals,3
Ratnagiri,2013,Lanja,"Specialty Hospitals (Cancer, TB, etc)",0
Ratnagiri,2013,Lanja,Clinics,48
Ratnagiri,2013,Lanja,Maternity Wards,2
Ratnagiri,2013,Lanja,Number of Beds,30
Ratnagiri,2013,Rajapur,Hospitals,0
Ratnagiri,2013,Rajapur,"Specialty Hospitals (Cancer, TB, etc)",0
Ratnagiri,2013,Rajapur,Clinics,56
Ratnagiri,2013,Rajapur,Maternity Wards,3
Ratnagiri,2013,Rajapur,Number of Beds,25
Ratnagiri,2014,Mandangad,Hospitals,0
Ratnagiri,2014,Mandangad,"Specialty Hospitals (Cancer, TB, etc)",0
Ratnagiri,2014,Mandangad,Clinics,25
Ratnagiri,2014,Mandangad,Maternity Wards,3
Ratnagiri,2014,Mandangad,Number of Beds,20
Ratnagiri,2014,Dapoli,Hospitals,7
Ratnagiri,2014,Dapoli,"Specialty Hospitals (Cancer, TB, etc)",2
Ratnagiri,2014,Dapoli,Clinics,87
Ratnagiri,2014,Dapoli,Maternity Wards,7
Ratnagiri,2014,Dapoli,Number of Beds,120
Ratnagiri,2014,Khed,Hospitals,8
Ratnagiri,2014,Khed,"Specialty Hospitals (Cancer, TB, etc)",1
Ratnagiri,2014,Khed,Clinics,51
Ratnagiri,2014,Khed,Maternity Wards,8
Ratnagiri,2014,Khed,Number of Beds,229
Ratnagiri,2014,Chiplun,Hospitals,7
Ratnagiri,2014,Chiplun,"Specialty Hospitals (Cancer, TB, etc)",4
Ratnagiri,2014,Chiplun,Clinics,95
Ratnagiri,2014,Chiplun,Maternity Wards,18
Ratnagiri,2014,Chiplun,Number of Beds,251
Ratnagiri,2014,Guhagar,Hospitals,0
Ratnagiri,2014,Guhagar,"Specialty Hospitals (Cancer, TB, etc)",0
Ratnagiri,2014,Guhagar,Clinics,69
Ratnagiri,2014,Guhagar,Maternity Wards,8
Ratnagiri,2014,Guhagar,Number of Beds,40
Ratnagiri,2014,Ratnagiri,Hospitals,10
Ratnagiri,2014,Ratnagiri,"Specialty Hospitals (Cancer, TB, etc)",10
Ratnagiri,2014,Ratnagiri,Clinics,124
Ratnagiri,2014,Ratnagiri,Maternity Wards,26
Ratnagiri,2014,Ratnagiri,Number of Beds,765
Ratnagiri,2014,Sangameshwar,Hospitals,5
Ratnagiri,2014,Sangameshwar,"Specialty Hospitals (Cancer, TB, etc)",0
Ratnagiri,2014,Sangameshwar,Clinics,79
Ratnagiri,2014,Sangameshwar,Maternity Wards,12
Ratnagiri,2014,Sangameshwar,Number of Beds,128
Ratnagiri,2014,Lanja,Hospitals,3
Ratnagiri,2014,Lanja,"Specialty Hospitals (Cancer, TB, etc)",0
Ratnagiri,2014,Lanja,Clinics,48
Ratnagiri,2014,Lanja,Maternity Wards,2
Ratnagiri,2014,Lanja,Number of Beds,30
Ratnagiri,2014,Rajapur,Hospitals,0
Ratnagiri,2014,Rajapur,"Specialty Hospitals (Cancer, TB, etc)",0
Ratnagiri,2014,Rajapur,Clinics,56
Ratnagiri,2014,Rajapur,Maternity Wards,3
Ratnagiri,2014,Rajapur,Number of Beds,25
Ratnagiri,2015,Mandangad,Hospitals,0
Ratnagiri,2015,Mandangad,"Specialty Hospitals (Cancer, TB, etc)",0
Ratnagiri,2015,Mandangad,Clinics,25
Ratnagiri,2015,Mandangad,Maternity Wards,3
Ratnagiri,2015,Mandangad,Number of Beds,20
Ratnagiri,2015,Dapoli,Hospitals,7
Ratnagiri,2015,Dapoli,"Specialty Hospitals (Cancer, TB, etc)",2
Ratnagiri,2015,Dapoli,Clinics,87
Ratnagiri,2015,Dapoli,Maternity Wards,7
Ratnagiri,2015,Dapoli,Number of Beds,120
Ratnagiri,2015,Khed,Hospitals,8
Ratnagiri,2015,Khed,"Specialty Hospitals (Cancer, TB, etc)",1
Ratnagiri,2015,Khed,Clinics,51
Ratnagiri,2015,Khed,Maternity Wards,8
Ratnagiri,2015,Khed,Number of Beds,229
Ratnagiri,2015,Chiplun,Hospitals,7
Ratnagiri,2015,Chiplun,"Specialty Hospitals (Cancer, TB, etc)",4
Ratnagiri,2015,Chiplun,Clinics,95
Ratnagiri,2015,Chiplun,Maternity Wards,18
Ratnagiri,2015,Chiplun,Number of Beds,251
Ratnagiri,2015,Guhagar,Hospitals,0
Ratnagiri,2015,Guhagar,"Specialty Hospitals (Cancer, TB, etc)",0
Ratnagiri,2015,Guhagar,Clinics,69
Ratnagiri,2015,Guhagar,Maternity Wards,8
Ratnagiri,2015,Guhagar,Number of Beds,40
Ratnagiri,2015,Ratnagiri,Hospitals,10
Ratnagiri,2015,Ratnagiri,"Specialty Hospitals (Cancer, TB, etc)",10
Ratnagiri,2015,Ratnagiri,Clinics,124
Ratnagiri,2015,Ratnagiri,Maternity Wards,26
Ratnagiri,2015,Ratnagiri,Number of Beds,765
Ratnagiri,2015,Sangameshwar,Hospitals,5
Ratnagiri,2015,Sangameshwar,"Specialty Hospitals (Cancer, TB, etc)",0
Ratnagiri,2015,Sangameshwar,Clinics,79
Ratnagiri,2015,Sangameshwar,Maternity Wards,12
Ratnagiri,2015,Sangameshwar,Number of Beds,128
Ratnagiri,2015,Lanja,Hospitals,3
Ratnagiri,2015,Lanja,"Specialty Hospitals (Cancer, TB, etc)",0
Ratnagiri,2015,Lanja,Clinics,48
Ratnagiri,2015,Lanja,Maternity Wards,2
Ratnagiri,2015,Lanja,Number of Beds,30
Ratnagiri,2015,Rajapur,Hospitals,0
Ratnagiri,2015,Rajapur,"Specialty Hospitals (Cancer, TB, etc)",0
Ratnagiri,2015,Rajapur,Clinics,56
Ratnagiri,2015,Rajapur,Maternity Wards,3
Ratnagiri,2015,Rajapur,Number of Beds,25
Ratnagiri,2016,Mandangad,Hospitals,0
Ratnagiri,2016,Mandangad,"Specialty Hospitals (Cancer, TB, etc)",0
Ratnagiri,2016,Mandangad,Clinics,25
Ratnagiri,2016,Mandangad,Maternity Wards,3
Ratnagiri,2016,Mandangad,Number of Beds,20
Ratnagiri,2016,Dapoli,Hospitals,7
Ratnagiri,2016,Dapoli,"Specialty Hospitals (Cancer, TB, etc)",2
Ratnagiri,2016,Dapoli,Clinics,87
Ratnagiri,2016,Dapoli,Maternity Wards,7
Ratnagiri,2016,Dapoli,Number of Beds,120
Ratnagiri,2016,Khed,Hospitals,8
Ratnagiri,2016,Khed,"Specialty Hospitals (Cancer, TB, etc)",1
Ratnagiri,2016,Khed,Clinics,51
Ratnagiri,2016,Khed,Maternity Wards,8
Ratnagiri,2016,Khed,Number of Beds,229
Ratnagiri,2016,Chiplun,Hospitals,7
Ratnagiri,2016,Chiplun,"Specialty Hospitals (Cancer, TB, etc)",4
Ratnagiri,2016,Chiplun,Clinics,95
Ratnagiri,2016,Chiplun,Maternity Wards,18
Ratnagiri,2016,Chiplun,Number of Beds,251
Ratnagiri,2016,Guhagar,Hospitals,0
Ratnagiri,2016,Guhagar,"Specialty Hospitals (Cancer, TB, etc)",0
Ratnagiri,2016,Guhagar,Clinics,69
Ratnagiri,2016,Guhagar,Maternity Wards,8
Ratnagiri,2016,Guhagar,Number of Beds,40
Ratnagiri,2016,Ratnagiri,Hospitals,10
Ratnagiri,2016,Ratnagiri,"Specialty Hospitals (Cancer, TB, etc)",10
Ratnagiri,2016,Ratnagiri,Clinics,124
Ratnagiri,2016,Ratnagiri,Maternity Wards,26
Ratnagiri,2016,Ratnagiri,Number of Beds,765
Ratnagiri,2016,Sangameshwar,Hospitals,5
Ratnagiri,2016,Sangameshwar,"Specialty Hospitals (Cancer, TB, etc)",0
Ratnagiri,2016,Sangameshwar,Clinics,79
Ratnagiri,2016,Sangameshwar,Maternity Wards,12
Ratnagiri,2016,Sangameshwar,Number of Beds,128
Ratnagiri,2016,Lanja,Hospitals,3
Ratnagiri,2016,Lanja,"Specialty Hospitals (Cancer, TB, etc)",0
Ratnagiri,2016,Lanja,Clinics,48
Ratnagiri,2016,Lanja,Maternity Wards,2
Ratnagiri,2016,Lanja,Number of Beds,30
Ratnagiri,2016,Rajapur,Hospitals,0
Ratnagiri,2016,Rajapur,"Specialty Hospitals (Cancer, TB, etc)",0
Ratnagiri,2016,Rajapur,Clinics,56
Ratnagiri,2016,Rajapur,Maternity Wards,3
Ratnagiri,2016,Rajapur,Number of Beds,25
Ratnagiri,2017,Mandangad,Hospitals,0
Ratnagiri,2017,Mandangad,"Specialty Hospitals (Cancer, TB, etc)",0
Ratnagiri,2017,Mandangad,Clinics,27
Ratnagiri,2017,Mandangad,Maternity Wards,3
Ratnagiri,2017,Mandangad,Number of Beds,21
Ratnagiri,2017,Dapoli,Hospitals,7
Ratnagiri,2017,Dapoli,"Specialty Hospitals (Cancer, TB, etc)",2
Ratnagiri,2017,Dapoli,Clinics,91
Ratnagiri,2017,Dapoli,Maternity Wards,8
Ratnagiri,2017,Dapoli,Number of Beds,127
Ratnagiri,2017,Khed,Hospitals,8
Ratnagiri,2017,Khed,"Specialty Hospitals (Cancer, TB, etc)",1
Ratnagiri,2017,Khed,Clinics,53
Ratnagiri,2017,Khed,Maternity Wards,9
Ratnagiri,2017,Khed,Number of Beds,241
Ratnagiri,2017,Chiplun,Hospitals,7
Ratnagiri,2017,Chiplun,"Specialty Hospitals (Cancer, TB, etc)",4
Ratnagiri,2017,Chiplun,Clinics,101
Ratnagiri,2017,Chiplun,Maternity Wards,19
Ratnagiri,2017,Chiplun,Number of Beds,270
Ratnagiri,2017,Guhagar,Hospitals,0
Ratnagiri,2017,Guhagar,"Specialty Hospitals (Cancer, TB, etc)",0
Ratnagiri,2017,Guhagar,Clinics,70
Ratnagiri,2017,Guhagar,Maternity Wards,9
Ratnagiri,2017,Guhagar,Number of Beds,43
Ratnagiri,2017,Ratnagiri,Hospitals,10
Ratnagiri,2017,Ratnagiri,"Specialty Hospitals (Cancer, TB, etc)",10
Ratnagiri,2017,Ratnagiri,Clinics,132
Ratnagiri,2017,Ratnagiri,Maternity Wards,28
Ratnagiri,2017,Ratnagiri,Number of Beds,801
Ratnagiri,2017,Sangameshwar,Hospitals,4
Ratnagiri,2017,Sangameshwar,"Specialty Hospitals (Cancer, TB, etc)",1
Ratnagiri,2017,Sangameshwar,Clinics,81
Ratnagiri,2017,Sangameshwar,Maternity Wards,11
Ratnagiri,2017,Sangameshwar,Number of Beds,132
Ratnagiri,2017,Lanja,Hospitals,3
Ratnagiri,2017,Lanja,"Specialty Hospitals (Cancer, TB, etc)",0
Ratnagiri,2017,Lanja,Clinics,51
Ratnagiri,2017,Lanja,Maternity Wards,3
Ratnagiri,2017,Lanja,Number of Beds,31
Ratnagiri,2017,Rajapur,Hospitals,0
Ratnagiri,2017,Rajapur,"Specialty Hospitals (Cancer, TB, etc)",0
Ratnagiri,2017,Rajapur,Clinics,58
Ratnagiri,2017,Rajapur,Maternity Wards,3
Ratnagiri,2017,Rajapur,Number of Beds,24
Ratnagiri,2018,Mandangad,Hospitals,4
Ratnagiri,2018,Mandangad,"Specialty Hospitals (Cancer, TB, etc)",0
Ratnagiri,2018,Mandangad,Clinics,27
Ratnagiri,2018,Mandangad,Maternity Wards,4
Ratnagiri,2018,Mandangad,Number of Beds,24
Ratnagiri,2018,Dapoli,Hospitals,18
Ratnagiri,2018,Dapoli,"Specialty Hospitals (Cancer, TB, etc)",2
Ratnagiri,2018,Dapoli,Clinics,91
Ratnagiri,2018,Dapoli,Maternity Wards,13
Ratnagiri,2018,Dapoli,Number of Beds,204
Ratnagiri,2018,Khed,Hospitals,16
Ratnagiri,2018,Khed,"Specialty Hospitals (Cancer, TB, etc)",1
Ratnagiri,2018,Khed,Clinics,53
Ratnagiri,2018,Khed,Maternity Wards,11
Ratnagiri,2018,Khed,Number of Beds,385
Ratnagiri,2018,Chiplun,Hospitals,44
Ratnagiri,2018,Chiplun,"Specialty Hospitals (Cancer, TB, etc)",0
Ratnagiri,2018,Chiplun,Clinics,101
Ratnagiri,2018,Chiplun,Maternity Wards,34
Ratnagiri,2018,Chiplun,Number of Beds,1394
Ratnagiri,2018,Guhagar,Hospitals,7
Ratnagiri,2018,Guhagar,"Specialty Hospitals (Cancer, TB, etc)",4
Ratnagiri,2018,Guhagar,Clinics,70
Ratnagiri,2018,Guhagar,Maternity Wards,7
Ratnagiri,2018,Guhagar,Number of Beds,45
Ratnagiri,2018,Ratnagiri,Hospitals,39
Ratnagiri,2018,Ratnagiri,"Specialty Hospitals (Cancer, TB, etc)",1
Ratnagiri,2018,Ratnagiri,Clinics,132
Ratnagiri,2018,Ratnagiri,Maternity Wards,26
Ratnagiri,2018,Ratnagiri,Number of Beds,724
Ratnagiri,2018,Sangameshwar,Hospitals,10
Ratnagiri,2018,Sangameshwar,"Specialty Hospitals (Cancer, TB, etc)",10
Ratnagiri,2018,Sangameshwar,Clinics,81
Ratnagiri,2018,Sangameshwar,Maternity Wards,8
Ratnagiri,2018,Sangameshwar,Number of Beds,116
Ratnagiri,2018,Lanja,Hospitals,14
Ratnagiri,2018,Lanja,"Specialty Hospitals (Cancer, TB, etc)",0
Ratnagiri,2018,Lanja,Clinics,51
Ratnagiri,2018,Lanja,Maternity Wards,11
Ratnagiri,2018,Lanja,Number of Beds,199
Ratnagiri,2018,Rajapur,Hospitals,4
Ratnagiri,2018,Rajapur,"Specialty Hospitals (Cancer, TB, etc)",0
Ratnagiri,2018,Rajapur,Clinics,58
Ratnagiri,2018,Rajapur,Maternity Wards,3
Ratnagiri,2018,Rajapur,Number of Beds,27
Ratnagiri,2019,Mandangad,Hospitals,5
Ratnagiri,2019,Mandangad,"Specialty Hospitals (Cancer, TB, etc)",0
Ratnagiri,2019,Mandangad,Clinics,24
Ratnagiri,2019,Mandangad,Maternity Wards,5
Ratnagiri,2019,Mandangad,Number of Beds,34
Ratnagiri,2019,Dapoli,Hospitals,19
Ratnagiri,2019,Dapoli,"Specialty Hospitals (Cancer, TB, etc)",1
Ratnagiri,2019,Dapoli,Clinics,61
Ratnagiri,2019,Dapoli,Maternity Wards,13
Ratnagiri,2019,Dapoli,Number of Beds,204
Ratnagiri,2019,Khed,Hospitals,15
Ratnagiri,2019,Khed,"Specialty Hospitals (Cancer, TB, etc)",1
Ratnagiri,2019,Khed,Clinics,64
Ratnagiri,2019,Khed,Maternity Wards,10
Ratnagiri,2019,Khed,Number of Beds,368
Ratnagiri,2019,Chiplun,Hospitals,45
Ratnagiri,2019,Chiplun,"Specialty Hospitals (Cancer, TB, etc)",2
Ratnagiri,2019,Chiplun,Clinics,102
Ratnagiri,2019,Chiplun,Maternity Wards,35
Ratnagiri,2019,Chiplun,Number of Beds,1285
Ratnagiri,2019,Guhagar,Hospitals,6
Ratnagiri,2019,Guhagar,"Specialty Hospitals (Cancer, TB, etc)",0
Ratnagiri,2019,Guhagar,Clinics,59
Ratnagiri,2019,Guhagar,Maternity Wards,6
Ratnagiri,2019,Guhagar,Number of Beds,45
Ratnagiri,2019,Ratnagiri,Hospitals,51
Ratnagiri,2019,Ratnagiri,"Specialty Hospitals (Cancer, TB, etc)",2
Ratnagiri,2019,Ratnagiri,Clinics,156
Ratnagiri,2019,Ratnagiri,Maternity Wards,27
Ratnagiri,2019,Ratnagiri,Number of Beds,779
Ratnagiri,2019,Sangameshwar,Hospitals,11
Ratnagiri,2019,Sangameshwar,"Specialty Hospitals (Cancer, TB, etc)",0
Ratnagiri,2019,Sangameshwar,Clinics,71
Ratnagiri,2019,Sangameshwar,Maternity Wards,8
Ratnagiri,2019,Sangameshwar,Number of Beds,116
Ratnagiri,2019,Lanja,Hospitals,12
Ratnagiri,2019,Lanja,"Specialty Hospitals (Cancer, TB, etc)",0
Ratnagiri,2019,Lanja,Clinics,35
Ratnagiri,2019,Lanja,Maternity Wards,9
Ratnagiri,2019,Lanja,Number of Beds,174
Ratnagiri,2019,Rajapur,Hospitals,3
Ratnagiri,2019,Rajapur,"Specialty Hospitals (Cancer, TB, etc)",0
Ratnagiri,2019,Rajapur,Clinics,59
Ratnagiri,2019,Rajapur,Maternity Wards,1
Ratnagiri,2019,Rajapur,Number of Beds,18
Ratnagiri,2021,Mandangad,Hospitals,6
Ratnagiri,2021,Mandangad,"Specialty Hospitals (Cancer, TB, etc)",0
Ratnagiri,2021,Mandangad,Clinics,24
Ratnagiri,2021,Mandangad,Maternity Wards,5
Ratnagiri,2021,Mandangad,Number of Beds,40
Ratnagiri,2021,Dapoli,Hospitals,19
Ratnagiri,2021,Dapoli,"Specialty Hospitals (Cancer, TB, etc)",0
Ratnagiri,2021,Dapoli,Clinics,61
Ratnagiri,2021,Dapoli,Maternity Wards,13
Ratnagiri,2021,Dapoli,Number of Beds,204
Ratnagiri,2021,Khed,Hospitals,16
Ratnagiri,2021,Khed,"Specialty Hospitals (Cancer, TB, etc)",1
Ratnagiri,2021,Khed,Clinics,64
Ratnagiri,2021,Khed,Maternity Wards,11
Ratnagiri,2021,Khed,Number of Beds,380
Ratnagiri,2021,Chiplun,Hospitals,46
Ratnagiri,2021,Chiplun,"Specialty Hospitals (Cancer, TB, etc)",2
Ratnagiri,2021,Chiplun,Clinics,102
Ratnagiri,2021,Chiplun,Maternity Wards,34
Ratnagiri,2021,Chiplun,Number of Beds,1330
Ratnagiri,2021,Guhagar,Hospitals,6
Ratnagiri,2021,Guhagar,"Specialty Hospitals (Cancer, TB, etc)",0
Ratnagiri,2021,Guhagar,Clinics,59
Ratnagiri,2021,Guhagar,Maternity Wards,6
Ratnagiri,2021,Guhagar,Number of Beds,45
Ratnagiri,2021,Ratnagiri,Hospitals,49
Ratnagiri,2021,Ratnagiri,"Specialty Hospitals (Cancer, TB, etc)",2
Ratnagiri,2021,Ratnagiri,Clinics,156
Ratnagiri,2021,Ratnagiri,Maternity Wards,26
Ratnagiri,2021,Ratnagiri,Number of Beds,759
Ratnagiri,2021,Sangameshwar,Hospitals,11
Ratnagiri,2021,Sangameshwar,"Specialty Hospitals (Cancer, TB, etc)",0
Ratnagiri,2021,Sangameshwar,Clinics,71
Ratnagiri,2021,Sangameshwar,Maternity Wards,8
Ratnagiri,2021,Sangameshwar,Number of Beds,116
Ratnagiri,2021,Lanja,Hospitals,14
Ratnagiri,2021,Lanja,"Specialty Hospitals (Cancer, TB, etc)",0
Ratnagiri,2021,Lanja,Clinics,35
Ratnagiri,2021,Lanja,Maternity Wards,9
Ratnagiri,2021,Lanja,Number of Beds,189
Ratnagiri,2021,Rajapur,Hospitals,3
Ratnagiri,2021,Rajapur,"Specialty Hospitals (Cancer, TB, etc)",0
Ratnagiri,2021,Rajapur,Clinics,58
Ratnagiri,2021,Rajapur,Maternity Wards,1
Ratnagiri,2021,Rajapur,Number of Beds,18
Sangli,2015,Valava,Hospitals,80
Sangli,2015,Valava,Number of Beds,1519
Sangli,2015,Khanapur,Hospitals,48
Sangli,2015,Khanapur,Number of Beds,246
Sangli,2015,Tasgaon,Hospitals,40
Sangli,2015,Tasgaon,Number of Beds,366
Sangli,2015,Miraj,Hospitals,167
Sangli,2015,Miraj,"Specialty Hospitals (Cancer, TB, etc)",3
Sangli,2015,Miraj,Clinics,496
Sangli,2015,Miraj,Maternity Wards,89
Sangli,2015,Miraj,Number of Beds,2664
Sangli,2016,Valava,Hospitals,90
Sangli,2016,Valava,Number of Beds,1585
Sangli,2016,Khanapur,Hospitals,58
Sangli,2016,Khanapur,Number of Beds,340
Sangli,2016,Tasgaon,Hospitals,45
Sangli,2016,Tasgaon,Number of Beds,390
Sangli,2016,Miraj,Hospitals,167
Sangli,2016,Miraj,"Specialty Hospitals (Cancer, TB, etc)",3
Sangli,2016,Miraj,Clinics,496
Sangli,2016,Miraj,Maternity Wards,89
Sangli,2016,Miraj,Number of Beds,2664
Sangli,2017,Valava,Hospitals,96
Sangli,2017,Valava,Number of Beds,1620
Sangli,2017,Khanapur,Hospitals,62
Sangli,2017,Khanapur,Number of Beds,352
Sangli,2017,Tasgaon,Hospitals,48
Sangli,2017,Tasgaon,Number of Beds,410
Sangli,2017,Miraj,Hospitals,297
Sangli,2017,Miraj,"Specialty Hospitals (Cancer, TB, etc)",4
Sangli,2017,Miraj,Clinics,212
Sangli,2017,Miraj,Maternity Wards,85
Sangli,2017,Miraj,Number of Beds,6276
Sangli,2018,Valava,Hospitals,96
Sangli,2018,Valava,Number of Beds,1620
Sangli,2018,Khanapur,Hospitals,62
Sangli,2018,Khanapur,Number of Beds,352
Sangli,2018,Tasgaon,Hospitals,48
Sangli,2018,Tasgaon,Number of Beds,410
Sangli,2018,Miraj,Hospitals,297
Sangli,2018,Miraj,"Specialty Hospitals (Cancer, TB, etc)",4
Sangli,2018,Miraj,Clinics,212
Sangli,2018,Miraj,Maternity Wards,85
Sangli,2018,Miraj,Number of Beds,6276
Sangli,2019,Shirala,Hospitals,20
Sangli,2019,Shirala,"Specialty Hospitals (Cancer, TB, etc)",0
Sangli,2019,Shirala,Clinics,64
Sangli,2019,Shirala,Maternity Wards,5
Sangli,2019,Shirala,Number of Beds,76
Sangli,2019,Valava,Hospitals,32
Sangli,2019,Valava,"Specialty Hospitals (Cancer, TB, etc)",0
Sangli,2019,Valava,Clinics,148
Sangli,2019,Valava,Maternity Wards,15
Sangli,2019,Valava,Number of Beds,278
Sangli,2019,Palus,Hospitals,15
Sangli,2019,Palus,"Specialty Hospitals (Cancer, TB, etc)",0
Sangli,2019,Palus,Clinics,93
Sangli,2019,Palus,Maternity Wards,8
Sangli,2019,Palus,Number of Beds,71
Sangli,2019,Kadegaon,Hospitals,12
Sangli,2019,Kadegaon,"Specialty Hospitals (Cancer, TB, etc)",0
Sangli,2019,Kadegaon,Clinics,42
Sangli,2019,Kadegaon,Maternity Wards,4
Sangli,2019,Kadegaon,Number of Beds,85
Sangli,2019,Khanapur,Hospitals,28
Sangli,2019,Khanapur,"Specialty Hospitals (Cancer, TB, etc)",0
Sangli,2019,Khanapur,Clinics,127
Sangli,2019,Khanapur,Maternity Wards,7
Sangli,2019,Khanapur,Number of Beds,120
Sangli,2019,Aatpadi,Hospitals,14
Sangli,2019,Aatpadi,"Specialty Hospitals (Cancer, TB, etc)",0
Sangli,2019,Aatpadi,Clinics,107
Sangli,2019,Aatpadi,Maternity Wards,4
Sangli,2019,Aatpadi,Number of Beds,122
Sangli,2019,Tasgaon,Hospitals,16
Sangli,2019,Tasgaon,"Specialty Hospitals (Cancer, TB, etc)",0
Sangli,2019,Tasgaon,Clinics,105
Sangli,2019,Tasgaon,Maternity Wards,3
Sangli,2019,Tasgaon,Number of Beds,130
Sangli,2019,Miraj,Hospitals,102
Sangli,2019,Miraj,"Specialty Hospitals (Cancer, TB, etc)",0
Sangli,2019,Miraj,Clinics,207
Sangli,2019,Miraj,Maternity Wards,14
Sangli,2019,Miraj,Number of Beds,745
Sangli,2019,Ku. Mahakal,Hospitals,20
Sangli,2019,Ku. Mahakal,"Specialty Hospitals (Cancer, TB, etc)",0
Sangli,2019,Ku. Mahakal,Clinics,64
Sangli,2019,Ku. Mahakal,Maternity Wards,5
Sangli,2019,Ku. Mahakal,Number of Beds,76
Sangli,2019,Jat,Hospitals,22
Sangli,2019,Jat,"Specialty Hospitals (Cancer, TB, etc)",0
Sangli,2019,Jat,Clinics,134
Sangli,2019,Jat,Maternity Wards,5
Sangli,2019,Jat,Number of Beds,130
Sangli,2020,Shirala,Hospitals,38
Sangli,2020,Shirala,"Specialty Hospitals (Cancer, TB, etc)",0
Sangli,2020,Shirala,Clinics,64
Sangli,2020,Shirala,Maternity Wards,5
Sangli,2020,Shirala,Number of Beds,243
Sangli,2020,Valava,Hospitals,58
Sangli,2020,Valava,"Specialty Hospitals (Cancer, TB, etc)",0
Sangli,2020,Valava,Clinics,314
Sangli,2020,Valava,Maternity Wards,20
Sangli,2020,Valava,Number of Beds,432
Sangli,2020,Palus,Hospitals,30
Sangli,2020,Palus,"Specialty Hospitals (Cancer, TB, etc)",0
Sangli,2020,Palus,Clinics,96
Sangli,2020,Palus,Maternity Wards,8
Sangli,2020,Palus,Number of Beds,301
Sangli,2020,Kadegaon,Hospitals,18
Sangli,2020,Kadegaon,"Specialty Hospitals (Cancer, TB, etc)",0
Sangli,2020,Kadegaon,Clinics,44
Sangli,2020,Kadegaon,Maternity Wards,4
Sangli,2020,Kadegaon,Number of Beds,114
Sangli,2020,Khanapur,Hospitals,8
Sangli,2020,Khanapur,"Specialty Hospitals (Cancer, TB, etc)",0
Sangli,2020,Khanapur,Clinics,127
Sangli,2020,Khanapur,Maternity Wards,7
Sangli,2020,Khanapur,Number of Beds,39
Sangli,2020,Aatpadi,Hospitals,38
Sangli,2020,Aatpadi,"Specialty Hospitals (Cancer, TB, etc)",0
Sangli,2020,Aatpadi,Clinics,109
Sangli,2020,Aatpadi,Maternity Wards,4
Sangli,2020,Aatpadi,Number of Beds,268
Sangli,2020,Tasgaon,Hospitals,13
Sangli,2020,Tasgaon,"Specialty Hospitals (Cancer, TB, etc)",0
Sangli,2020,Tasgaon,Clinics,107
Sangli,2020,Tasgaon,Maternity Wards,3
Sangli,2020,Tasgaon,Number of Beds,101
Sangli,2020,Miraj,Hospitals,105
Sangli,2020,Miraj,"Specialty Hospitals (Cancer, TB, etc)",0
Sangli,2020,Miraj,Clinics,210
Sangli,2020,Miraj,Maternity Wards,14
Sangli,2020,Miraj,Number of Beds,770
Sangli,2020,Ku. Mahakal,Hospitals,17
Sangli,2020,Ku. Mahakal,"Specialty Hospitals (Cancer, TB, etc)",0
Sangli,2020,Ku. Mahakal,Clinics,66
Sangli,2020,Ku. Mahakal,Maternity Wards,5
Sangli,2020,Ku. Mahakal,Number of Beds,182
Sangli,2020,Jat,Hospitals,38
Sangli,2020,Jat,"Specialty Hospitals (Cancer, TB, etc)",0
Sangli,2020,Jat,Clinics,137
Sangli,2020,Jat,Maternity Wards,5
Sangli,2020,Jat,Number of Beds,609
Sangli,2021,Shirala,Hospitals,38
Sangli,2021,Shirala,"Specialty Hospitals (Cancer, TB, etc)",0
Sangli,2021,Shirala,Clinics,64
Sangli,2021,Shirala,Maternity Wards,5
Sangli,2021,Shirala,Number of Beds,243
Sangli,2021,Valava,Hospitals,58
Sangli,2021,Valava,"Specialty Hospitals (Cancer, TB, etc)",0
Sangli,2021,Valava,Clinics,314
Sangli,2021,Valava,Maternity Wards,20
Sangli,2021,Valava,Number of Beds,525
Sangli,2021,Palus,Hospitals,30
Sangli,2021,Palus,"Specialty Hospitals (Cancer, TB, etc)",0
Sangli,2021,Palus,Clinics,96
Sangli,2021,Palus,Maternity Wards,8
Sangli,2021,Palus,Number of Beds,301
Sangli,2021,Kadegaon,Hospitals,18
Sangli,2021,Kadegaon,"Specialty Hospitals (Cancer, TB, etc)",0
Sangli,2021,Kadegaon,Clinics,44
Sangli,2021,Kadegaon,Maternity Wards,4
Sangli,2021,Kadegaon,Number of Beds,114
Sangli,2021,Khanapur,Hospitals,8
Sangli,2021,Khanapur,"Specialty Hospitals (Cancer, TB, etc)",0
Sangli,2021,Khanapur,Clinics,127
Sangli,2021,Khanapur,Maternity Wards,7
Sangli,2021,Khanapur,Number of Beds,39
Sangli,2021,Aatpadi,Hospitals,38
Sangli,2021,Aatpadi,"Specialty Hospitals (Cancer, TB, etc)",0
Sangli,2021,Aatpadi,Clinics,109
Sangli,2021,Aatpadi,Maternity Wards,4
Sangli,2021,Aatpadi,Number of Beds,268
Sangli,2021,Tasgaon,Hospitals,13
Sangli,2021,Tasgaon,"Specialty Hospitals (Cancer, TB, etc)",0
Sangli,2021,Tasgaon,Clinics,107
Sangli,2021,Tasgaon,Maternity Wards,3
Sangli,2021,Tasgaon,Number of Beds,101
Sangli,2021,Miraj,Hospitals,321
Sangli,2021,Miraj,"Specialty Hospitals (Cancer, TB, etc)",5
Sangli,2021,Miraj,Clinics,897
Sangli,2021,Miraj,Maternity Wards,78
Sangli,2021,Miraj,Number of Beds,8038
Sangli,2021,Ku. Mahakal,Hospitals,23
Sangli,2021,Ku. Mahakal,"Specialty Hospitals (Cancer, TB, etc)",0
Sangli,2021,Ku. Mahakal,Clinics,115
Sangli,2021,Ku. Mahakal,Maternity Wards,5
Sangli,2021,Ku. Mahakal,Number of Beds,190
Sangli,2021,Jat,Hospitals,38
Sangli,2021,Jat,"Specialty Hospitals (Cancer, TB, etc)",0
Sangli,2021,Jat,Clinics,137
Sangli,2021,Jat,Maternity Wards,5
Sangli,2021,Jat,Number of Beds,609
Satara,2014,Mahableshwar,Hospitals,1
Satara,2014,Mahableshwar,"Specialty Hospitals (Cancer, TB, etc)",1
Satara,2014,Mahableshwar,Clinics,12
Satara,2014,Mahableshwar,Maternity Wards,1
Satara,2014,Mahableshwar,Number of Beds,49
Satara,2014,Vai,Hospitals,15
Satara,2014,Vai,"Specialty Hospitals (Cancer, TB, etc)",0
Satara,2014,Vai,Clinics,28
Satara,2014,Vai,Maternity Wards,13
Satara,2014,Vai,Number of Beds,474
Satara,2014,Khandala,Hospitals,0
Satara,2014,Khandala,"Specialty Hospitals (Cancer, TB, etc)",0
Satara,2014,Khandala,Clinics,12
Satara,2014,Khandala,Maternity Wards,0
Satara,2014,Khandala,Number of Beds,40
Satara,2014,Faltan,Hospitals,50
Satara,2014,Faltan,"Specialty Hospitals (Cancer, TB, etc)",0
Satara,2014,Faltan,Clinics,130
Satara,2014,Faltan,Maternity Wards,15
Satara,2014,Faltan,Number of Beds,534
Satara,2014,Man,Hospitals,0
Satara,2014,Man,"Specialty Hospitals (Cancer, TB, etc)",0
Satara,2014,Man,Clinics,11
Satara,2014,Man,Maternity Wards,0
Satara,2014,Man,Number of Beds,41
Satara,2014,Khatav,Hospitals,0
Satara,2014,Khatav,"Specialty Hospitals (Cancer, TB, etc)",0
Satara,2014,Khatav,Clinics,7
Satara,2014,Khatav,Maternity Wards,0
Satara,2014,Khatav,Number of Beds,31
Satara,2014,Koregaon,Hospitals,0
Satara,2014,Koregaon,"Specialty Hospitals (Cancer, TB, etc)",0
Satara,2014,Koregaon,Clinics,17
Satara,2014,Koregaon,Maternity Wards,0
Satara,2014,Koregaon,Number of Beds,65
Satara,2014,Satara,Hospitals,107
Satara,2014,Satara,"Specialty Hospitals (Cancer, TB, etc)",0
Satara,2014,Satara,Clinics,127
Satara,2014,Satara,Maternity Wards,24
Satara,2014,Satara,Number of Beds,1204
Satara,2014,Javali,Hospitals,0
Satara,2014,Javali,"Specialty Hospitals (Cancer, TB, etc)",0
Satara,2014,Javali,Clinics,3
Satara,2014,Javali,Maternity Wards,0
Satara,2014,Javali,Number of Beds,13
Satara,2014,Patan,Hospitals,0
Satara,2014,Patan,"Specialty Hospitals (Cancer, TB, etc)",0
Satara,2014,Patan,Clinics,5
Satara,2014,Patan,Maternity Wards,0
Satara,2014,Patan,Number of Beds,21
Satara,2014,Karad,Hospitals,88
Satara,2014,Karad,"Specialty Hospitals (Cancer, TB, etc)",0
Satara,2014,Karad,Clinics,103
Satara,2014,Karad,Maternity Wards,30
Satara,2014,Karad,Number of Beds,1039
Satara,2015,Mahableshwar,Hospitals,1
Satara,2015,Mahableshwar,"Specialty Hospitals (Cancer, TB, etc)",1
Satara,2015,Mahableshwar,Clinics,7
Satara,2015,Mahableshwar,Maternity Wards,1
Satara,2015,Mahableshwar,Number of Beds,30
Satara,2015,Vai,Hospitals,15
Satara,2015,Vai,"Specialty Hospitals (Cancer, TB, etc)",0
Satara,2015,Vai,Clinics,25
Satara,2015,Vai,Maternity Wards,13
Satara,2015,Vai,Number of Beds,465
Satara,2015,Khandala,Hospitals,0
Satara,2015,Khandala,"Specialty Hospitals (Cancer, TB, etc)",0
Satara,2015,Khandala,Clinics,12
Satara,2015,Khandala,Maternity Wards,0
Satara,2015,Khandala,Number of Beds,40
Satara,2015,Faltan,Hospitals,50
Satara,2015,Faltan,"Specialty Hospitals (Cancer, TB, etc)",0
Satara,2015,Faltan,Clinics,124
Satara,2015,Faltan,Maternity Wards,15
Satara,2015,Faltan,Number of Beds,510
Satara,2015,Man,Hospitals,0
Satara,2015,Man,"Specialty Hospitals (Cancer, TB, etc)",0
Satara,2015,Man,Clinics,11
Satara,2015,Man,Maternity Wards,0
Satara,2015,Man,Number of Beds,41
Satara,2015,Khatav,Hospitals,0
Satara,2015,Khatav,"Specialty Hospitals (Cancer, TB, etc)",0
Satara,2015,Khatav,Clinics,7
Satara,2015,Khatav,Maternity Wards,0
Satara,2015,Khatav,Number of Beds,31
Satara,2015,Koregaon,Hospitals,0
Satara,2015,Koregaon,"Specialty Hospitals (Cancer, TB, etc)",0
Satara,2015,Koregaon,Clinics,17
Satara,2015,Koregaon,Maternity Wards,0
Satara,2015,Koregaon,Number of Beds,65
Satara,2015,Satara,Hospitals,107
Satara,2015,Satara,"Specialty Hospitals (Cancer, TB, etc)",0
Satara,2015,Satara,Clinics,109
Satara,2015,Satara,Maternity Wards,24
Satara,2015,Satara,Number of Beds,1130
Satara,2015,Javali,Hospitals,0
Satara,2015,Javali,"Specialty Hospitals (Cancer, TB, etc)",0
Satara,2015,Javali,Clinics,3
Satara,2015,Javali,Maternity Wards,0
Satara,2015,Javali,Number of Beds,13
Satara,2015,Patan,Hospitals,0
Satara,2015,Patan,"Specialty Hospitals (Cancer, TB, etc)",0
Satara,2015,Patan,Clinics,5
Satara,2015,Patan,Maternity Wards,0
Satara,2015,Patan,Number of Beds,21
Satara,2015,Karad,Hospitals,88
Satara,2015,Karad,"Specialty Hospitals (Cancer, TB, etc)",0
Satara,2015,Karad,Clinics,81
Satara,2015,Karad,Maternity Wards,30
Satara,2015,Karad,Number of Beds,969
Satara,2016,Mahableshwar,Hospitals,1
Satara,2016,Mahableshwar,"Specialty Hospitals (Cancer, TB, etc)",1
Satara,2016,Mahableshwar,Clinics,12
Satara,2016,Mahableshwar,Maternity Wards,1
Satara,2016,Mahableshwar,Number of Beds,49
Satara,2016,Vai,Hospitals,28
Satara,2016,Vai,"Specialty Hospitals (Cancer, TB, etc)",0
Satara,2016,Vai,Clinics,28
Satara,2016,Vai,Maternity Wards,13
Satara,2016,Vai,Number of Beds,474
Satara,2016,Khandala,Hospitals,0
Satara,2016,Khandala,"Specialty Hospitals (Cancer, TB, etc)",0
Satara,2016,Khandala,Clinics,12
Satara,2016,Khandala,Maternity Wards,0
Satara,2016,Khandala,Number of Beds,40
Satara,2016,Faltan,Hospitals,52
Satara,2016,Faltan,"Specialty Hospitals (Cancer, TB, etc)",0
Satara,2016,Faltan,Clinics,130
Satara,2016,Faltan,Maternity Wards,15
Satara,2016,Faltan,Number of Beds,534
Satara,2016,Man,Hospitals,0
Satara,2016,Man,"Specialty Hospitals (Cancer, TB, etc)",0
Satara,2016,Man,Clinics,11
Satara,2016,Man,Maternity Wards,0
Satara,2016,Man,Number of Beds,41
Satara,2016,Khatav,Hospitals,0
Satara,2016,Khatav,"Specialty Hospitals (Cancer, TB, etc)",0
Satara,2016,Khatav,Clinics,7
Satara,2016,Khatav,Maternity Wards,0
Satara,2016,Khatav,Number of Beds,31
Satara,2016,Koregaon,Hospitals,0
Satara,2016,Koregaon,"Specialty Hospitals (Cancer, TB, etc)",0
Satara,2016,Koregaon,Clinics,17
Satara,2016,Koregaon,Maternity Wards,0
Satara,2016,Koregaon,Number of Beds,65
Satara,2016,Satara,Hospitals,119
Satara,2016,Satara,"Specialty Hospitals (Cancer, TB, etc)",0
Satara,2016,Satara,Clinics,127
Satara,2016,Satara,Maternity Wards,24
Satara,2016,Satara,Number of Beds,1204
Satara,2016,Javali,Hospitals,0
Satara,2016,Javali,"Specialty Hospitals (Cancer, TB, etc)",0
Satara,2016,Javali,Clinics,3
Satara,2016,Javali,Maternity Wards,0
Satara,2016,Javali,Number of Beds,13
Satara,2016,Patan,Hospitals,0
Satara,2016,Patan,"Specialty Hospitals (Cancer, TB, etc)",0
Satara,2016,Patan,Clinics,5
Satara,2016,Patan,Maternity Wards,0
Satara,2016,Patan,Number of Beds,21
Satara,2016,Karad,Hospitals,102
Satara,2016,Karad,"Specialty Hospitals (Cancer, TB, etc)",0
Satara,2016,Karad,Clinics,103
Satara,2016,Karad,Maternity Wards,30
Satara,2016,Karad,Number of Beds,1039
Satara,2017,Mahableshwar,Hospitals,1
Satara,2017,Mahableshwar,"Specialty Hospitals (Cancer, TB, etc)",1
Satara,2017,Mahableshwar,Clinics,23
Satara,2017,Mahableshwar,Maternity Wards,2
Satara,2017,Mahableshwar,Number of Beds,278
Satara,2017,Vai,Hospitals,29
Satara,2017,Vai,"Specialty Hospitals (Cancer, TB, etc)",0
Satara,2017,Vai,Clinics,102
Satara,2017,Vai,Maternity Wards,6
Satara,2017,Vai,Number of Beds,494
Satara,2017,Khandala,Hospitals,0
Satara,2017,Khandala,"Specialty Hospitals (Cancer, TB, etc)",0
Satara,2017,Khandala,Clinics,87
Satara,2017,Khandala,Maternity Wards,0
Satara,2017,Khandala,Number of Beds,228
Satara,2017,Faltan,Hospitals,52
Satara,2017,Faltan,"Specialty Hospitals (Cancer, TB, etc)",0
Satara,2017,Faltan,Clinics,131
Satara,2017,Faltan,Maternity Wards,18
Satara,2017,Faltan,Number of Beds,852
Satara,2017,Man,Hospitals,0
Satara,2017,Man,"Specialty Hospitals (Cancer, TB, etc)",0
Satara,2017,Man,Clinics,29
Satara,2017,Man,Maternity Wards,0
Satara,2017,Man,Number of Beds,129
Satara,2017,Khatav,Hospitals,0
Satara,2017,Khatav,"Specialty Hospitals (Cancer, TB, etc)",0
Satara,2017,Khatav,Clinics,97
Satara,2017,Khatav,Maternity Wards,0
Satara,2017,Khatav,Number of Beds,317
Satara,2017,Koregaon,Hospitals,0
Satara,2017,Koregaon,"Specialty Hospitals (Cancer, TB, etc)",0
Satara,2017,Koregaon,Clinics,70
Satara,2017,Koregaon,Maternity Wards,0
Satara,2017,Koregaon,Number of Beds,261
Satara,2017,Satara,Hospitals,120
Satara,2017,Satara,"Specialty Hospitals (Cancer, TB, etc)",0
Satara,2017,Satara,Clinics,240
Satara,2017,Satara,Maternity Wards,27
Satara,2017,Satara,Number of Beds,1300
Satara,2017,Javali,Hospitals,0
Satara,2017,Javali,"Specialty Hospitals (Cancer, TB, etc)",0
Satara,2017,Javali,Clinics,22
Satara,2017,Javali,Maternity Wards,0
Satara,2017,Javali,Number of Beds,394
Satara,2017,Patan,Hospitals,0
Satara,2017,Patan,"Specialty Hospitals (Cancer, TB, etc)",0
Satara,2017,Patan,Clinics,72
Satara,2017,Patan,Maternity Wards,0
Satara,2017,Patan,Number of Beds,180
Satara,2017,Karad,Hospitals,101
Satara,2017,Karad,"Specialty Hospitals (Cancer, TB, etc)",0
Satara,2017,Karad,Clinics,303
Satara,2017,Karad,Maternity Wards,32
Satara,2017,Karad,Number of Beds,2850
Satara,2018,Mahableshwar,Hospitals,2
Satara,2018,Mahableshwar,"Specialty Hospitals (Cancer, TB, etc)",1
Satara,2018,Mahableshwar,Clinics,23
Satara,2018,Mahableshwar,Maternity Wards,2
Satara,2018,Mahableshwar,Number of Beds,308
Satara,2018,Vai,Hospitals,12
Satara,2018,Vai,"Specialty Hospitals (Cancer, TB, etc)",0
Satara,2018,Vai,Clinics,110
Satara,2018,Vai,Maternity Wards,6
Satara,2018,Vai,Number of Beds,539
Satara,2018,Khandala,Hospitals,37
Satara,2018,Khandala,"Specialty Hospitals (Cancer, TB, etc)",0
Satara,2018,Khandala,Clinics,98
Satara,2018,Khandala,Maternity Wards,2
Satara,2018,Khandala,Number of Beds,273
Satara,2018,Faltan,Hospitals,3
Satara,2018,Faltan,"Specialty Hospitals (Cancer, TB, etc)",0
Satara,2018,Faltan,Clinics,132
Satara,2018,Faltan,Maternity Wards,17
Satara,2018,Faltan,Number of Beds,917
Satara,2018,Man,Hospitals,46
Satara,2018,Man,"Specialty Hospitals (Cancer, TB, etc)",0
Satara,2018,Man,Clinics,38
Satara,2018,Man,Maternity Wards,2
Satara,2018,Man,Number of Beds,189
Satara,2018,Khatav,Hospitals,47
Satara,2018,Khatav,"Specialty Hospitals (Cancer, TB, etc)",0
Satara,2018,Khatav,Clinics,130
Satara,2018,Khatav,Maternity Wards,2
Satara,2018,Khatav,Number of Beds,407
Satara,2018,Koregaon,Hospitals,35
Satara,2018,Koregaon,"Specialty Hospitals (Cancer, TB, etc)",0
Satara,2018,Koregaon,Clinics,108
Satara,2018,Koregaon,Maternity Wards,12
Satara,2018,Koregaon,Number of Beds,311
Satara,2018,Satara,Hospitals,69
Satara,2018,Satara,"Specialty Hospitals (Cancer, TB, etc)",1
Satara,2018,Satara,Clinics,288
Satara,2018,Satara,Maternity Wards,20
Satara,2018,Satara,Number of Beds,1552
Satara,2018,Javali,Hospitals,7
Satara,2018,Javali,"Specialty Hospitals (Cancer, TB, etc)",0
Satara,2018,Javali,Clinics,35
Satara,2018,Javali,Maternity Wards,4
Satara,2018,Javali,Number of Beds,436
Satara,2018,Patan,Hospitals,38
Satara,2018,Patan,"Specialty Hospitals (Cancer, TB, etc)",0
Satara,2018,Patan,Clinics,92
Satara,2018,Patan,Maternity Wards,8
Satara,2018,Patan,Number of Beds,216
Satara,2018,Karad,Hospitals,43
Satara,2018,Karad,"Specialty Hospitals (Cancer, TB, etc)",0
Satara,2018,Karad,Clinics,337
Satara,2018,Karad,Maternity Wards,17
Satara,2018,Karad,Number of Beds,3070
Satara,2019,Mahableshwar,Hospitals,2
Satara,2019,Mahableshwar,"Specialty Hospitals (Cancer, TB, etc)",1
Satara,2019,Mahableshwar,Clinics,0
Satara,2019,Mahableshwar,Maternity Wards,1
Satara,2019,Mahableshwar,Number of Beds,220
Satara,2019,Vai,Hospitals,9
Satara,2019,Vai,"Specialty Hospitals (Cancer, TB, etc)",0
Satara,2019,Vai,Clinics,11
Satara,2019,Vai,Maternity Wards,0
Satara,2019,Vai,Number of Beds,95
Satara,2019,Khandala,Hospitals,7
Satara,2019,Khandala,"Specialty Hospitals (Cancer, TB, etc)",0
Satara,2019,Khandala,Clinics,66
Satara,2019,Khandala,Maternity Wards,7
Satara,2019,Khandala,Number of Beds,754
Satara,2019,Faltan,Hospitals,1
Satara,2019,Faltan,"Specialty Hospitals (Cancer, TB, etc)",0
Satara,2019,Faltan,Clinics,3
Satara,2019,Faltan,Maternity Wards,2
Satara,2019,Faltan,Number of Beds,29
Satara,2019,Man,Hospitals,9
Satara,2019,Man,"Specialty Hospitals (Cancer, TB, etc)",0
Satara,2019,Man,Clinics,59
Satara,2019,Man,Maternity Wards,6
Satara,2019,Man,Number of Beds,358
Satara,2019,Khatav,Hospitals,41
Satara,2019,Khatav,"Specialty Hospitals (Cancer, TB, etc)",0
Satara,2019,Khatav,Clinics,34
Satara,2019,Khatav,Maternity Wards,25
Satara,2019,Khatav,Number of Beds,461
Satara,2019,Koregaon,Hospitals,38
Satara,2019,Koregaon,"Specialty Hospitals (Cancer, TB, etc)",0
Satara,2019,Koregaon,Clinics,35
Satara,2019,Koregaon,Maternity Wards,17
Satara,2019,Koregaon,Number of Beds,432
Satara,2019,Satara,Hospitals,50
Satara,2019,Satara,"Specialty Hospitals (Cancer, TB, etc)",1
Satara,2019,Satara,Clinics,38
Satara,2019,Satara,Maternity Wards,11
Satara,2019,Satara,Number of Beds,588
Satara,2019,Javali,Hospitals,13
Satara,2019,Javali,"Specialty Hospitals (Cancer, TB, etc)",0
Satara,2019,Javali,Clinics,7
Satara,2019,Javali,Maternity Wards,4
Satara,2019,Javali,Number of Beds,168
Satara,2019,Patan,Hospitals,24
Satara,2019,Patan,"Specialty Hospitals (Cancer, TB, etc)",0
Satara,2019,Patan,Clinics,20
Satara,2019,Patan,Maternity Wards,22
Satara,2019,Patan,Number of Beds,203
Satara,2019,Karad,Hospitals,34
Satara,2019,Karad,"Specialty Hospitals (Cancer, TB, etc)",2
Satara,2019,Karad,Clinics,33
Satara,2019,Karad,Maternity Wards,8
Satara,2019,Karad,Number of Beds,225
Satara,2020,Mahableshwar,Hospitals,3
Satara,2020,Mahableshwar,"Specialty Hospitals (Cancer, TB, etc)",1
Satara,2020,Mahableshwar,Clinics,1
Satara,2020,Mahableshwar,Maternity Wards,1
Satara,2020,Mahableshwar,Number of Beds,224
Satara,2020,Vai,Hospitals,10
Satara,2020,Vai,"Specialty Hospitals (Cancer, TB, etc)",0
Satara,2020,Vai,Clinics,11
Satara,2020,Vai,Maternity Wards,0
Satara,2020,Vai,Number of Beds,143
Satara,2020,Khandala,Hospitals,8
Satara,2020,Khandala,"Specialty Hospitals (Cancer, TB, etc)",0
Satara,2020,Khandala,Clinics,73
Satara,2020,Khandala,Maternity Wards,7
Satara,2020,Khandala,Number of Beds,594
Satara,2020,Faltan,Hospitals,2
Satara,2020,Faltan,"Specialty Hospitals (Cancer, TB, etc)",0
Satara,2020,Faltan,Clinics,5
Satara,2020,Faltan,Maternity Wards,2
Satara,2020,Faltan,Number of Beds,149
Satara,2020,Man,Hospitals,11
Satara,2020,Man,"Specialty Hospitals (Cancer, TB, etc)",0
Satara,2020,Man,Clinics,65
Satara,2020,Man,Maternity Wards,6
Satara,2020,Man,Number of Beds,381
Satara,2020,Khatav,Hospitals,45
Satara,2020,Khatav,"Specialty Hospitals (Cancer, TB, etc)",0
Satara,2020,Khatav,Clinics,59
Satara,2020,Khatav,Maternity Wards,25
Satara,2020,Khatav,Number of Beds,514
Satara,2020,Koregaon,Hospitals,40
Satara,2020,Koregaon,"Specialty Hospitals (Cancer, TB, etc)",0
Satara,2020,Koregaon,Clinics,52
Satara,2020,Koregaon,Maternity Wards,17
Satara,2020,Koregaon,Number of Beds,452
Satara,2020,Satara,Hospitals,52
Satara,2020,Satara,"Specialty Hospitals (Cancer, TB, etc)",1
Satara,2020,Satara,Clinics,49
Satara,2020,Satara,Maternity Wards,11
Satara,2020,Satara,Number of Beds,972
Satara,2020,Javali,Hospitals,15
Satara,2020,Javali,"Specialty Hospitals (Cancer, TB, etc)",0
Satara,2020,Javali,Clinics,11
Satara,2020,Javali,Maternity Wards,4
Satara,2020,Javali,Number of Beds,245
Satara,2020,Patan,Hospitals,26
Satara,2020,Patan,"Specialty Hospitals (Cancer, TB, etc)",0
Satara,2020,Patan,Clinics,42
Satara,2020,Patan,Maternity Wards,22
Satara,2020,Patan,Number of Beds,350
Satara,2020,Karad,Hospitals,38
Satara,2020,Karad,"Specialty Hospitals (Cancer, TB, etc)",2
Satara,2020,Karad,Clinics,41
Satara,2020,Karad,Maternity Wards,8
Satara,2020,Karad,Number of Beds,404
Satara,2021,Mahableshwar,Hospitals,3
Satara,2021,Mahableshwar,"Specialty Hospitals (Cancer, TB, etc)",1
Satara,2021,Mahableshwar,Clinics,1
Satara,2021,Mahableshwar,Maternity Wards,1
Satara,2021,Mahableshwar,Number of Beds,226
Satara,2021,Vai,Hospitals,10
Satara,2021,Vai,"Specialty Hospitals (Cancer, TB, etc)",0
Satara,2021,Vai,Clinics,11
Satara,2021,Vai,Maternity Wards,0
Satara,2021,Vai,Number of Beds,145
Satara,2021,Khandala,Hospitals,8
Satara,2021,Khandala,"Specialty Hospitals (Cancer, TB, etc)",0
Satara,2021,Khandala,Clinics,73
Satara,2021,Khandala,Maternity Wards,7
Satara,2021,Khandala,Number of Beds,603
Satara,2021,Faltan,Hospitals,2
Satara,2021,Faltan,"Specialty Hospitals (Cancer, TB, etc)",0
Satara,2021,Faltan,Clinics,5
Satara,2021,Faltan,Maternity Wards,2
Satara,2021,Faltan,Number of Beds,156
Satara,2021,Man,Hospitals,11
Satara,2021,Man,"Specialty Hospitals (Cancer, TB, etc)",0
Satara,2021,Man,Clinics,65
Satara,2021,Man,Maternity Wards,6
Satara,2021,Man,Number of Beds,395
Satara,2021,Khatav,Hospitals,45
Satara,2021,Khatav,"Specialty Hospitals (Cancer, TB, etc)",0
Satara,2021,Khatav,Clinics,59
Satara,2021,Khatav,Maternity Wards,25
Satara,2021,Khatav,Number of Beds,520
Satara,2021,Koregaon,Hospitals,40
Satara,2021,Koregaon,"Specialty Hospitals (Cancer, TB, etc)",0
Satara,2021,Koregaon,Clinics,52
Satara,2021,Koregaon,Maternity Wards,17
Satara,2021,Koregaon,Number of Beds,459
Satara,2021,Satara,Hospitals,52
Satara,2021,Satara,"Specialty Hospitals (Cancer, TB, etc)",1
Satara,2021,Satara,Clinics,49
Satara,2021,Satara,Maternity Wards,11
Satara,2021,Satara,Number of Beds,981
Satara,2021,Javali,Hospitals,15
Satara,2021,Javali,"Specialty Hospitals (Cancer, TB, etc)",0
Satara,2021,Javali,Clinics,11
Satara,2021,Javali,Maternity Wards,4
Satara,2021,Javali,Number of Beds,251
Satara,2021,Patan,Hospitals,26
Satara,2021,Patan,"Specialty Hospitals (Cancer, TB, etc)",0
Satara,2021,Patan,Clinics,42
Satara,2021,Patan,Maternity Wards,22
Satara,2021,Patan,Number of Beds,366
Satara,2021,Karad,Hospitals,38
Satara,2021,Karad,"Specialty Hospitals (Cancer, TB, etc)",2
Satara,2021,Karad,Clinics,41
Satara,2021,Karad,Maternity Wards,8
Satara,2021,Karad,Number of Beds,459
Sindhudurg,2012,Devgad,Hospitals,8
Sindhudurg,2012,Devgad,"Specialty Hospitals (Cancer, TB, etc)",0
Sindhudurg,2012,Devgad,Clinics,80
Sindhudurg,2012,Devgad,Maternity Wards,6
Sindhudurg,2012,Devgad,Number of Beds,55
Sindhudurg,2012,Vaibhavwadi,Hospitals,2
Sindhudurg,2012,Vaibhavwadi,"Specialty Hospitals (Cancer, TB, etc)",0
Sindhudurg,2012,Vaibhavwadi,Clinics,36
Sindhudurg,2012,Vaibhavwadi,Maternity Wards,1
Sindhudurg,2012,Vaibhavwadi,Number of Beds,10
Sindhudurg,2012,Kankavali,Hospitals,17
Sindhudurg,2012,Kankavali,"Specialty Hospitals (Cancer, TB, etc)",0
Sindhudurg,2012,Kankavali,Clinics,137
Sindhudurg,2012,Kankavali,Maternity Wards,9
Sindhudurg,2012,Kankavali,Number of Beds,139
Sindhudurg,2012,Malvan,Hospitals,12
Sindhudurg,2012,Malvan,"Specialty Hospitals (Cancer, TB, etc)",0
Sindhudurg,2012,Malvan,Clinics,67
Sindhudurg,2012,Malvan,Maternity Wards,5
Sindhudurg,2012,Malvan,Number of Beds,40
Sindhudurg,2012,Vengurla,Hospitals,10
Sindhudurg,2012,Vengurla,"Specialty Hospitals (Cancer, TB, etc)",0
Sindhudurg,2012,Vengurla,Clinics,50
Sindhudurg,2012,Vengurla,Maternity Wards,6
Sindhudurg,2012,Vengurla,Number of Beds,165
Sindhudurg,2012,Kudal,Hospitals,21
Sindhudurg,2012,Kudal,"Specialty Hospitals (Cancer, TB, etc)",0
Sindhudurg,2012,Kudal,Clinics,130
Sindhudurg,2012,Kudal,Maternity Wards,11
Sindhudurg,2012,Kudal,Number of Beds,241
Sindhudurg,2012,Sawantwadi,Hospitals,14
Sindhudurg,2012,Sawantwadi,"Specialty Hospitals (Cancer, TB, etc)",0
Sindhudurg,2012,Sawantwadi,Clinics,79
Sindhudurg,2012,Sawantwadi,Maternity Wards,8
Sindhudurg,2012,Sawantwadi,Number of Beds,106
Sindhudurg,2012,Dodamarg,Hospitals,1
Sindhudurg,2012,Dodamarg,"Specialty Hospitals (Cancer, TB, etc)",0
Sindhudurg,2012,Dodamarg,Clinics,33
Sindhudurg,2012,Dodamarg,Maternity Wards,0
Sindhudurg,2012,Dodamarg,Number of Beds,5
Sindhudurg,2013,Devgad,Hospitals,2
Sindhudurg,2013,Devgad,"Specialty Hospitals (Cancer, TB, etc)",0
Sindhudurg,2013,Devgad,Clinics,81
Sindhudurg,2013,Devgad,Maternity Wards,6
Sindhudurg,2013,Devgad,Number of Beds,52
Sindhudurg,2013,Vaibhavwadi,Hospitals,1
Sindhudurg,2013,Vaibhavwadi,"Specialty Hospitals (Cancer, TB, etc)",0
Sindhudurg,2013,Vaibhavwadi,Clinics,14
Sindhudurg,2013,Vaibhavwadi,Maternity Wards,1
Sindhudurg,2013,Vaibhavwadi,Number of Beds,10
Sindhudurg,2013,Kankavali,Hospitals,2
Sindhudurg,2013,Kankavali,"Specialty Hospitals (Cancer, TB, etc)",0
Sindhudurg,2013,Kankavali,Clinics,91
Sindhudurg,2013,Kankavali,Maternity Wards,5
Sindhudurg,2013,Kankavali,Number of Beds,102
Sindhudurg,2013,Malvan,Hospitals,0
Sindhudurg,2013,Malvan,"Specialty Hospitals (Cancer, TB, etc)",0
Sindhudurg,2013,Malvan,Clinics,82
Sindhudurg,2013,Malvan,Maternity Wards,2
Sindhudurg,2013,Malvan,Number of Beds,14
Sindhudurg,2013,Vengurla,Hospitals,3
Sindhudurg,2013,Vengurla,"Specialty Hospitals (Cancer, TB, etc)",0
Sindhudurg,2013,Vengurla,Clinics,44
Sindhudurg,2013,Vengurla,Maternity Wards,3
Sindhudurg,2013,Vengurla,Number of Beds,86
Sindhudurg,2013,Kudal,Hospitals,9
Sindhudurg,2013,Kudal,"Specialty Hospitals (Cancer, TB, etc)",0
Sindhudurg,2013,Kudal,Clinics,152
Sindhudurg,2013,Kudal,Maternity Wards,11
Sindhudurg,2013,Kudal,Number of Beds,237
Sindhudurg,2013,Sawantwadi,Hospitals,3
Sindhudurg,2013,Sawantwadi,"Specialty Hospitals (Cancer, TB, etc)",0
Sindhudurg,2013,Sawantwadi,Clinics,59
Sindhudurg,2013,Sawantwadi,Maternity Wards,4
Sindhudurg,2013,Sawantwadi,Number of Beds,40
Sindhudurg,2013,Dodamarg,Hospitals,1
Sindhudurg,2013,Dodamarg,"Specialty Hospitals (Cancer, TB, etc)",0
Sindhudurg,2013,Dodamarg,Clinics,29
Sindhudurg,2013,Dodamarg,Maternity Wards,0
Sindhudurg,2013,Dodamarg,Number of Beds,5
Sindhudurg,2014,Devgad,Hospitals,2
Sindhudurg,2014,Devgad,"Specialty Hospitals (Cancer, TB, etc)",0
Sindhudurg,2014,Devgad,Clinics,81
Sindhudurg,2014,Devgad,Maternity Wards,6
Sindhudurg,2014,Devgad,Number of Beds,52
Sindhudurg,2014,Vaibhavwadi,Hospitals,1
Sindhudurg,2014,Vaibhavwadi,"Specialty Hospitals (Cancer, TB, etc)",0
Sindhudurg,2014,Vaibhavwadi,Clinics,14
Sindhudurg,2014,Vaibhavwadi,Maternity Wards,1
Sindhudurg,2014,Vaibhavwadi,Number of Beds,10
Sindhudurg,2014,Kankavali,Hospitals,2
Sindhudurg,2014,Kankavali,"Specialty Hospitals (Cancer, TB, etc)",0
Sindhudurg,2014,Kankavali,Clinics,119
Sindhudurg,2014,Kankavali,Maternity Wards,8
Sindhudurg,2014,Kankavali,Number of Beds,318
Sindhudurg,2014,Malvan,Hospitals,0
Sindhudurg,2014,Malvan,"Specialty Hospitals (Cancer, TB, etc)",0
Sindhudurg,2014,Malvan,Clinics,89
Sindhudurg,2014,Malvan,Maternity Wards,6
Sindhudurg,2014,Malvan,Number of Beds,89
Sindhudurg,2014,Vengurla,Hospitals,3
Sindhudurg,2014,Vengurla,"Specialty Hospitals (Cancer, TB, etc)",0
Sindhudurg,2014,Vengurla,Clinics,56
Sindhudurg,2014,Vengurla,Maternity Wards,4
Sindhudurg,2014,Vengurla,Number of Beds,116
Sindhudurg,2014,Kudal,Hospitals,9
Sindhudurg,2014,Kudal,"Specialty Hospitals (Cancer, TB, etc)",0
Sindhudurg,2014,Kudal,Clinics,152
Sindhudurg,2014,Kudal,Maternity Wards,11
Sindhudurg,2014,Kudal,Number of Beds,237
Sindhudurg,2014,Sawantwadi,Hospitals,3
Sindhudurg,2014,Sawantwadi,"Specialty Hospitals (Cancer, TB, etc)",0
Sindhudurg,2014,Sawantwadi,Clinics,76
Sindhudurg,2014,Sawantwadi,Maternity Wards,9
Sindhudurg,2014,Sawantwadi,Number of Beds,278
Sindhudurg,2014,Dodamarg,Hospitals,1
Sindhudurg,2014,Dodamarg,"Specialty Hospitals (Cancer, TB, etc)",0
Sindhudurg,2014,Dodamarg,Clinics,29
Sindhudurg,2014,Dodamarg,Maternity Wards,0
Sindhudurg,2014,Dodamarg,Number of Beds,5
Sindhudurg,2015,Devgad,Hospitals,4
Sindhudurg,2015,Devgad,"Specialty Hospitals (Cancer, TB, etc)",0
Sindhudurg,2015,Devgad,Clinics,70
Sindhudurg,2015,Devgad,Maternity Wards,2
Sindhudurg,2015,Devgad,Number of Beds,9
Sindhudurg,2015,Vaibhavwadi,Hospitals,2
Sindhudurg,2015,Vaibhavwadi,"Specialty Hospitals (Cancer, TB, etc)",0
Sindhudurg,2015,Vaibhavwadi,Clinics,38
Sindhudurg,2015,Vaibhavwadi,Maternity Wards,1
Sindhudurg,2015,Vaibhavwadi,Number of Beds,105
Sindhudurg,2015,Kankavali,Hospitals,18
Sindhudurg,2015,Kankavali,"Specialty Hospitals (Cancer, TB, etc)",0
Sindhudurg,2015,Kankavali,Clinics,153
Sindhudurg,2015,Kankavali,Maternity Wards,6
Sindhudurg,2015,Kankavali,Number of Beds,393
Sindhudurg,2015,Malvan,Hospitals,2
Sindhudurg,2015,Malvan,"Specialty Hospitals (Cancer, TB, etc)",0
Sindhudurg,2015,Malvan,Clinics,65
Sindhudurg,2015,Malvan,Maternity Wards,5
Sindhudurg,2015,Malvan,Number of Beds,89
Sindhudurg,2015,Vengurla,Hospitals,5
Sindhudurg,2015,Vengurla,"Specialty Hospitals (Cancer, TB, etc)",0
Sindhudurg,2015,Vengurla,Clinics,52
Sindhudurg,2015,Vengurla,Maternity Wards,3
Sindhudurg,2015,Vengurla,Number of Beds,123
Sindhudurg,2015,Kudal,Hospitals,10
Sindhudurg,2015,Kudal,"Specialty Hospitals (Cancer, TB, etc)",0
Sindhudurg,2015,Kudal,Clinics,143
Sindhudurg,2015,Kudal,Maternity Wards,3
Sindhudurg,2015,Kudal,Number of Beds,276
Sindhudurg,2015,Sawantwadi,Hospitals,11
Sindhudurg,2015,Sawantwadi,"Specialty Hospitals (Cancer, TB, etc)",0
Sindhudurg,2015,Sawantwadi,Clinics,74
Sindhudurg,2015,Sawantwadi,Maternity Wards,6
Sindhudurg,2015,Sawantwadi,Number of Beds,287
Sindhudurg,2015,Dodamarg,Hospitals,0
Sindhudurg,2015,Dodamarg,"Specialty Hospitals (Cancer, TB, etc)",0
Sindhudurg,2015,Dodamarg,Clinics,25
Sindhudurg,2015,Dodamarg,Maternity Wards,0
Sindhudurg,2015,Dodamarg,Number of Beds,0
Sindhudurg,2016,Devgad,Hospitals,4
Sindhudurg,2016,Devgad,"Specialty Hospitals (Cancer, TB, etc)",0
Sindhudurg,2016,Devgad,Clinics,71
Sindhudurg,2016,Devgad,Maternity Wards,6
Sindhudurg,2016,Devgad,Number of Beds,40
Sindhudurg,2016,Vaibhavwadi,Hospitals,2
Sindhudurg,2016,Vaibhavwadi,"Specialty Hospitals (Cancer, TB, etc)",0
Sindhudurg,2016,Vaibhavwadi,Clinics,36
Sindhudurg,2016,Vaibhavwadi,Maternity Wards,1
Sindhudurg,2016,Vaibhavwadi,Number of Beds,105
Sindhudurg,2016,Kankavali,Hospitals,18
Sindhudurg,2016,Kankavali,"Specialty Hospitals (Cancer, TB, etc)",0
Sindhudurg,2016,Kankavali,Clinics,97
Sindhudurg,2016,Kankavali,Maternity Wards,10
Sindhudurg,2016,Kankavali,Number of Beds,302
Sindhudurg,2016,Malvan,Hospitals,2
Sindhudurg,2016,Malvan,"Specialty Hospitals (Cancer, TB, etc)",0
Sindhudurg,2016,Malvan,Clinics,58
Sindhudurg,2016,Malvan,Maternity Wards,5
Sindhudurg,2016,Malvan,Number of Beds,89
Sindhudurg,2016,Vengurla,Hospitals,1
Sindhudurg,2016,Vengurla,"Specialty Hospitals (Cancer, TB, etc)",0
Sindhudurg,2016,Vengurla,Clinics,45
Sindhudurg,2016,Vengurla,Maternity Wards,5
Sindhudurg,2016,Vengurla,Number of Beds,151
Sindhudurg,2016,Kudal,Hospitals,10
Sindhudurg,2016,Kudal,"Specialty Hospitals (Cancer, TB, etc)",0
Sindhudurg,2016,Kudal,Clinics,131
Sindhudurg,2016,Kudal,Maternity Wards,10
Sindhudurg,2016,Kudal,Number of Beds,372
Sindhudurg,2016,Sawantwadi,Hospitals,14
Sindhudurg,2016,Sawantwadi,"Specialty Hospitals (Cancer, TB, etc)",0
Sindhudurg,2016,Sawantwadi,Clinics,39
Sindhudurg,2016,Sawantwadi,Maternity Wards,5
Sindhudurg,2016,Sawantwadi,Number of Beds,200
Sindhudurg,2016,Dodamarg,Hospitals,0
Sindhudurg,2016,Dodamarg,"Specialty Hospitals (Cancer, TB, etc)",0
Sindhudurg,2016,Dodamarg,Clinics,25
Sindhudurg,2016,Dodamarg,Maternity Wards,0
Sindhudurg,2016,Dodamarg,Number of Beds,0
Sindhudurg,2017,Devgad,Hospitals,0
Sindhudurg,2017,Devgad,"Specialty Hospitals (Cancer, TB, etc)",0
Sindhudurg,2017,Devgad,Clinics,76
Sindhudurg,2017,Devgad,Maternity Wards,4
Sindhudurg,2017,Devgad,Number of Beds,0
Sindhudurg,2017,Vaibhavwadi,Hospitals,2
Sindhudurg,2017,Vaibhavwadi,"Specialty Hospitals (Cancer, TB, etc)",0
Sindhudurg,2017,Vaibhavwadi,Clinics,26
Sindhudurg,2017,Vaibhavwadi,Maternity Wards,4
Sindhudurg,2017,Vaibhavwadi,Number of Beds,105
Sindhudurg,2017,Kankavali,Hospitals,23
Sindhudurg,2017,Kankavali,"Specialty Hospitals (Cancer, TB, etc)",0
Sindhudurg,2017,Kankavali,Clinics,128
Sindhudurg,2017,Kankavali,Maternity Wards,10
Sindhudurg,2017,Kankavali,Number of Beds,428
Sindhudurg,2017,Malvan,Hospitals,8
Sindhudurg,2017,Malvan,"Specialty Hospitals (Cancer, TB, etc)",0
Sindhudurg,2017,Malvan,Clinics,52
Sindhudurg,2017,Malvan,Maternity Wards,5
Sindhudurg,2017,Malvan,Number of Beds,82
Sindhudurg,2017,Vengurla,Hospitals,7
Sindhudurg,2017,Vengurla,"Specialty Hospitals (Cancer, TB, etc)",0
Sindhudurg,2017,Vengurla,Clinics,74
Sindhudurg,2017,Vengurla,Maternity Wards,2
Sindhudurg,2017,Vengurla,Number of Beds,96
Sindhudurg,2017,Kudal,Hospitals,4
Sindhudurg,2017,Kudal,"Specialty Hospitals (Cancer, TB, etc)",0
Sindhudurg,2017,Kudal,Clinics,156
Sindhudurg,2017,Kudal,Maternity Wards,10
Sindhudurg,2017,Kudal,Number of Beds,372
Sindhudurg,2017,Sawantwadi,Hospitals,19
Sindhudurg,2017,Sawantwadi,"Specialty Hospitals (Cancer, TB, etc)",0
Sindhudurg,2017,Sawantwadi,Clinics,84
Sindhudurg,2017,Sawantwadi,Maternity Wards,7
Sindhudurg,2017,Sawantwadi,Number of Beds,278
Sindhudurg,2017,Dodamarg,Hospitals,0
Sindhudurg,2017,Dodamarg,"Specialty Hospitals (Cancer, TB, etc)",0
Sindhudurg,2017,Dodamarg,Clinics,33
Sindhudurg,2017,Dodamarg,Maternity Wards,0
Sindhudurg,2017,Dodamarg,Number of Beds,0
Sindhudurg,2018,Devgad,Hospitals,0
Sindhudurg,2018,Devgad,"Specialty Hospitals (Cancer, TB, etc)",0
Sindhudurg,2018,Devgad,Clinics,76
Sindhudurg,2018,Devgad,Maternity Wards,4
Sindhudurg,2018,Devgad,Number of Beds,0
Sindhudurg,2018,Vaibhavwadi,Hospitals,2
Sindhudurg,2018,Vaibhavwadi,"Specialty Hospitals (Cancer, TB, etc)",0
Sindhudurg,2018,Vaibhavwadi,Clinics,26
Sindhudurg,2018,Vaibhavwadi,Maternity Wards,4
Sindhudurg,2018,Vaibhavwadi,Number of Beds,105
Sindhudurg,2018,Kankavali,Hospitals,23
Sindhudurg,2018,Kankavali,"Specialty Hospitals (Cancer, TB, etc)",0
Sindhudurg,2018,Kankavali,Clinics,128
Sindhudurg,2018,Kankavali,Maternity Wards,10
Sindhudurg,2018,Kankavali,Number of Beds,428
Sindhudurg,2018,Malvan,Hospitals,8
Sindhudurg,2018,Malvan,"Specialty Hospitals (Cancer, TB, etc)",0
Sindhudurg,2018,Malvan,Clinics,52
Sindhudurg,2018,Malvan,Maternity Wards,5
Sindhudurg,2018,Malvan,Number of Beds,82
Sindhudurg,2018,Vengurla,Hospitals,7
Sindhudurg,2018,Vengurla,"Specialty Hospitals (Cancer, TB, etc)",0
Sindhudurg,2018,Vengurla,Clinics,74
Sindhudurg,2018,Vengurla,Maternity Wards,2
Sindhudurg,2018,Vengurla,Number of Beds,96
Sindhudurg,2018,Kudal,Hospitals,4
Sindhudurg,2018,Kudal,"Specialty Hospitals (Cancer, TB, etc)",0
Sindhudurg,2018,Kudal,Clinics,156
Sindhudurg,2018,Kudal,Maternity Wards,10
Sindhudurg,2018,Kudal,Number of Beds,372
Sindhudurg,2018,Sawantwadi,Hospitals,19
Sindhudurg,2018,Sawantwadi,"Specialty Hospitals (Cancer, TB, etc)",0
Sindhudurg,2018,Sawantwadi,Clinics,84
Sindhudurg,2018,Sawantwadi,Maternity Wards,7
Sindhudurg,2018,Sawantwadi,Number of Beds,278
Sindhudurg,2018,Dodamarg,Hospitals,0
Sindhudurg,2018,Dodamarg,"Specialty Hospitals (Cancer, TB, etc)",0
Sindhudurg,2018,Dodamarg,Clinics,33
Sindhudurg,2018,Dodamarg,Maternity Wards,0
Sindhudurg,2018,Dodamarg,Number of Beds,0
Sindhudurg,2019,Devgad,Hospitals,0
Sindhudurg,2019,Devgad,"Specialty Hospitals (Cancer, TB, etc)",0
Sindhudurg,2019,Devgad,Clinics,76
Sindhudurg,2019,Devgad,Maternity Wards,2
Sindhudurg,2019,Devgad,Number of Beds,6
Sindhudurg,2019,Vaibhavwadi,Hospitals,2
Sindhudurg,2019,Vaibhavwadi,"Specialty Hospitals (Cancer, TB, etc)",0
Sindhudurg,2019,Vaibhavwadi,Clinics,26
Sindhudurg,2019,Vaibhavwadi,Maternity Wards,2
Sindhudurg,2019,Vaibhavwadi,Number of Beds,88
Sindhudurg,2019,Kankawali,Hospitals,23
Sindhudurg,2019,Kankawali,"Specialty Hospitals (Cancer, TB, etc)",0
Sindhudurg,2019,Kankawali,Clinics,128
Sindhudurg,2019,Kankawali,Maternity Wards,10
Sindhudurg,2019,Kankawali,Number of Beds,428
Sindhudurg,2019,Malwan,Hospitals,8
Sindhudurg,2019,Malwan,"Specialty Hospitals (Cancer, TB, etc)",0
Sindhudurg,2019,Malwan,Clinics,52
Sindhudurg,2019,Malwan,Maternity Wards,5
Sindhudurg,2019,Malwan,Number of Beds,82
Sindhudurg,2019,Vengurla,Hospitals,7
Sindhudurg,2019,Vengurla,"Specialty Hospitals (Cancer, TB, etc)",0
Sindhudurg,2019,Vengurla,Clinics,74
Sindhudurg,2019,Vengurla,Maternity Wards,2
Sindhudurg,2019,Vengurla,Number of Beds,96
Sindhudurg,2019,Kudal,Hospitals,4
Sindhudurg,2019,Kudal,"Specialty Hospitals (Cancer, TB, etc)",0
Sindhudurg,2019,Kudal,Clinics,156
Sindhudurg,2019,Kudal,Maternity Wards,10
Sindhudurg,2019,Kudal,Number of Beds,372
Sindhudurg,2019,Savantwadi,Hospitals,19
Sindhudurg,2019,Savantwadi,"Specialty Hospitals (Cancer, TB, etc)",0
Sindhudurg,2019,Savantwadi,Clinics,84
Sindhudurg,2019,Savantwadi,Maternity Wards,7
Sindhudurg,2019,Savantwadi,Number of Beds,278
Sindhudurg,2019,Dodamarg,Hospitals,0
Sindhudurg,2019,Dodamarg,"Specialty Hospitals (Cancer, TB, etc)",0
Sindhudurg,2019,Dodamarg,Clinics,33
Sindhudurg,2019,Dodamarg,Maternity Wards,0
Sindhudurg,2019,Dodamarg,Number of Beds,0
Sindhudurg,2020,Devgad,Hospitals,0
Sindhudurg,2020,Devgad,"Specialty Hospitals (Cancer, TB, etc)",0
Sindhudurg,2020,Devgad,Clinics,76
Sindhudurg,2020,Devgad,Maternity Wards,2
Sindhudurg,2020,Devgad,Number of Beds,6
Sindhudurg,2020,Vaibhavwadi,Hospitals,2
Sindhudurg,2020,Vaibhavwadi,"Specialty Hospitals (Cancer, TB, etc)",0
Sindhudurg,2020,Vaibhavwadi,Clinics,26
Sindhudurg,2020,Vaibhavwadi,Maternity Wards,2
Sindhudurg,2020,Vaibhavwadi,Number of Beds,88
Sindhudurg,2020,Kankawali,Hospitals,23
Sindhudurg,2020,Kankawali,"Specialty Hospitals (Cancer, TB, etc)",0
Sindhudurg,2020,Kankawali,Clinics,128
Sindhudurg,2020,Kankawali,Maternity Wards,10
Sindhudurg,2020,Kankawali,Number of Beds,428
Sindhudurg,2020,Malwan,Hospitals,8
Sindhudurg,2020,Malwan,"Specialty Hospitals (Cancer, TB, etc)",0
Sindhudurg,2020,Malwan,Clinics,52
Sindhudurg,2020,Malwan,Maternity Wards,5
Sindhudurg,2020,Malwan,Number of Beds,82
Sindhudurg,2020,Vengurla,Hospitals,7
Sindhudurg,2020,Vengurla,"Specialty Hospitals (Cancer, TB, etc)",0
Sindhudurg,2020,Vengurla,Clinics,74
Sindhudurg,2020,Vengurla,Maternity Wards,2
Sindhudurg,2020,Vengurla,Number of Beds,96
Sindhudurg,2020,Kudal,Hospitals,4
Sindhudurg,2020,Kudal,"Specialty Hospitals (Cancer, TB, etc)",0
Sindhudurg,2020,Kudal,Clinics,156
Sindhudurg,2020,Kudal,Maternity Wards,10
Sindhudurg,2020,Kudal,Number of Beds,372
Sindhudurg,2020,Savantwadi,Hospitals,19
Sindhudurg,2020,Savantwadi,"Specialty Hospitals (Cancer, TB, etc)",0
Sindhudurg,2020,Savantwadi,Clinics,84
Sindhudurg,2020,Savantwadi,Maternity Wards,7
Sindhudurg,2020,Savantwadi,Number of Beds,278
Sindhudurg,2020,Dodamarg,Hospitals,0
Sindhudurg,2020,Dodamarg,"Specialty Hospitals (Cancer, TB, etc)",0
Sindhudurg,2020,Dodamarg,Clinics,33
Sindhudurg,2020,Dodamarg,Maternity Wards,0
Sindhudurg,2020,Dodamarg,Number of Beds,0
Sindhudurg,2021,Devgad,Hospitals,0
Sindhudurg,2021,Devgad,"Specialty Hospitals (Cancer, TB, etc)",0
Sindhudurg,2021,Devgad,Clinics,76
Sindhudurg,2021,Devgad,Maternity Wards,2
Sindhudurg,2021,Devgad,Number of Beds,6
Sindhudurg,2021,Vaibhavwadi,Hospitals,2
Sindhudurg,2021,Vaibhavwadi,"Specialty Hospitals (Cancer, TB, etc)",0
Sindhudurg,2021,Vaibhavwadi,Clinics,26
Sindhudurg,2021,Vaibhavwadi,Maternity Wards,2
Sindhudurg,2021,Vaibhavwadi,Number of Beds,88
Sindhudurg,2021,Kankawali,Hospitals,23
Sindhudurg,2021,Kankawali,"Specialty Hospitals (Cancer, TB, etc)",0
Sindhudurg,2021,Kankawali,Clinics,128
Sindhudurg,2021,Kankawali,Maternity Wards,10
Sindhudurg,2021,Kankawali,Number of Beds,428
Sindhudurg,2021,Malwan,Hospitals,8
Sindhudurg,2021,Malwan,"Specialty Hospitals (Cancer, TB, etc)",0
Sindhudurg,2021,Malwan,Clinics,52
Sindhudurg,2021,Malwan,Maternity Wards,5
Sindhudurg,2021,Malwan,Number of Beds,82
Sindhudurg,2021,Vengurla,Hospitals,7
Sindhudurg,2021,Vengurla,"Specialty Hospitals (Cancer, TB, etc)",0
Sindhudurg,2021,Vengurla,Clinics,74
Sindhudurg,2021,Vengurla,Maternity Wards,2
Sindhudurg,2021,Vengurla,Number of Beds,96
Sindhudurg,2021,Kudal,Hospitals,4
Sindhudurg,2021,Kudal,"Specialty Hospitals (Cancer, TB, etc)",0
Sindhudurg,2021,Kudal,Clinics,156
Sindhudurg,2021,Kudal,Maternity Wards,10
Sindhudurg,2021,Kudal,Number of Beds,372
Sindhudurg,2021,Savantwadi,Hospitals,19
Sindhudurg,2021,Savantwadi,"Specialty Hospitals (Cancer, TB, etc)",0
Sindhudurg,2021,Savantwadi,Clinics,84
Sindhudurg,2021,Savantwadi,Maternity Wards,7
Sindhudurg,2021,Savantwadi,Number of Beds,278
Sindhudurg,2021,Dodamarg,Hospitals,0
Sindhudurg,2021,Dodamarg,"Specialty Hospitals (Cancer, TB, etc)",0
Sindhudurg,2021,Dodamarg,Clinics,33
Sindhudurg,2021,Dodamarg,Maternity Wards,0
Sindhudurg,2021,Dodamarg,Number of Beds,0
Thane,2012,Thane,Hospitals,530
Thane,2012,Thane,"Specialty Hospitals (Cancer, TB, etc)",0
Thane,2012,Thane,Clinics,2165
Thane,2012,Thane,Maternity Wards,185
Thane,2012,Thane,Number of Beds,7946
Thane,2012,Bhivandi,Hospitals,105
Thane,2012,Bhivandi,"Specialty Hospitals (Cancer, TB, etc)",1
Thane,2012,Bhivandi,Clinics,435
Thane,2012,Bhivandi,Maternity Wards,37
Thane,2012,Bhivandi,Number of Beds,399
Thane,2012,Shahapur,Hospitals,12
Thane,2012,Shahapur,"Specialty Hospitals (Cancer, TB, etc)",0
Thane,2012,Shahapur,Clinics,0
Thane,2012,Shahapur,Maternity Wards,0
Thane,2012,Shahapur,Number of Beds,163
Thane,2012,Kalyan,Hospitals,236
Thane,2012,Kalyan,"Specialty Hospitals (Cancer, TB, etc)",3
Thane,2012,Kalyan,Clinics,267
Thane,2012,Kalyan,Maternity Wards,15
Thane,2012,Kalyan,Number of Beds,3147
Thane,2012,Ulhasnagar,Hospitals,69
Thane,2012,Ulhasnagar,"Specialty Hospitals (Cancer, TB, etc)",0
Thane,2012,Ulhasnagar,Clinics,545
Thane,2012,Ulhasnagar,Maternity Wards,10
Thane,2012,Ulhasnagar,Number of Beds,992
Thane,2012,Ambarnath,Hospitals,64
Thane,2012,Ambarnath,"Specialty Hospitals (Cancer, TB, etc)",0
Thane,2012,Ambarnath,Clinics,162
Thane,2012,Ambarnath,Maternity Wards,17
Thane,2012,Ambarnath,Number of Beds,765
Thane,2012,Murbad,Hospitals,2
Thane,2012,Murbad,"Specialty Hospitals (Cancer, TB, etc)",0
Thane,2012,Murbad,Clinics,0
Thane,2012,Murbad,Maternity Wards,0
Thane,2012,Murbad,Number of Beds,20
Thane,2013,Thane,Hospitals,534
Thane,2013,Thane,"Specialty Hospitals (Cancer, TB, etc)",0
Thane,2013,Thane,Clinics,2168
Thane,2013,Thane,Maternity Wards,185
Thane,2013,Thane,Number of Beds,7962
Thane,2013,Bhivandi,Hospitals,109
Thane,2013,Bhivandi,"Specialty Hospitals (Cancer, TB, etc)",1
Thane,2013,Bhivandi,Clinics,442
Thane,2013,Bhivandi,Maternity Wards,37
Thane,2013,Bhivandi,Number of Beds,418
Thane,2013,Shahapur,Hospitals,15
Thane,2013,Shahapur,"Specialty Hospitals (Cancer, TB, etc)",0
Thane,2013,Shahapur,Clinics,0
Thane,2013,Shahapur,Maternity Wards,0
Thane,2013,Shahapur,Number of Beds,166
Thane,2013,Kalyan,Hospitals,236
Thane,2013,Kalyan,"Specialty Hospitals (Cancer, TB, etc)",3
Thane,2013,Kalyan,Clinics,271
Thane,2013,Kalyan,Maternity Wards,15
Thane,2013,Kalyan,Number of Beds,3158
Thane,2013,Ulhasnagar,Hospitals,69
Thane,2013,Ulhasnagar,"Specialty Hospitals (Cancer, TB, etc)",0
Thane,2013,Ulhasnagar,Clinics,545
Thane,2013,Ulhasnagar,Maternity Wards,10
Thane,2013,Ulhasnagar,Number of Beds,992
Thane,2013,Ambarnath,Hospitals,71
Thane,2013,Ambarnath,"Specialty Hospitals (Cancer, TB, etc)",0
Thane,2013,Ambarnath,Clinics,169
Thane,2013,Ambarnath,Maternity Wards,17
Thane,2013,Ambarnath,Number of Beds,772
Thane,2013,Murbad,Hospitals,3
Thane,2013,Murbad,"Specialty Hospitals (Cancer, TB, etc)",0
Thane,2013,Murbad,Clinics,0
Thane,2013,Murbad,Maternity Wards,0
Thane,2013,Murbad,Number of Beds,26
Thane,2014,Thane,Hospitals,534
Thane,2014,Thane,"Specialty Hospitals (Cancer, TB, etc)",0
Thane,2014,Thane,Clinics,2168
Thane,2014,Thane,Maternity Wards,185
Thane,2014,Thane,Number of Beds,7962
Thane,2014,Bhivandi,Hospitals,109
Thane,2014,Bhivandi,"Specialty Hospitals (Cancer, TB, etc)",1
Thane,2014,Bhivandi,Clinics,442
Thane,2014,Bhivandi,Maternity Wards,37
Thane,2014,Bhivandi,Number of Beds,1153
Thane,2014,Shahapur,Hospitals,16
Thane,2014,Shahapur,"Specialty Hospitals (Cancer, TB, etc)",0
Thane,2014,Shahapur,Clinics,0
Thane,2014,Shahapur,Maternity Wards,0
Thane,2014,Shahapur,Number of Beds,291
Thane,2014,Kalyan,Hospitals,236
Thane,2014,Kalyan,"Specialty Hospitals (Cancer, TB, etc)",3
Thane,2014,Kalyan,Clinics,271
Thane,2014,Kalyan,Maternity Wards,15
Thane,2014,Kalyan,Number of Beds,3158
Thane,2014,Ulhasnagar,Hospitals,69
Thane,2014,Ulhasnagar,"Specialty Hospitals (Cancer, TB, etc)",0
Thane,2014,Ulhasnagar,Clinics,545
Thane,2014,Ulhasnagar,Maternity Wards,10
Thane,2014,Ulhasnagar,Number of Beds,992
Thane,2014,Ambarnath,Hospitals,71
Thane,2014,Ambarnath,"Specialty Hospitals (Cancer, TB, etc)",0
Thane,2014,Ambarnath,Clinics,169
Thane,2014,Ambarnath,Maternity Wards,17
Thane,2014,Ambarnath,Number of Beds,772
Thane,2014,Murbad,Hospitals,3
Thane,2014,Murbad,"Specialty Hospitals (Cancer, TB, etc)",0
Thane,2014,Murbad,Clinics,0
Thane,2014,Murbad,Maternity Wards,0
Thane,2014,Murbad,Number of Beds,26
Thane,2015,Thane,Hospitals,534
Thane,2015,Thane,"Specialty Hospitals (Cancer, TB, etc)",0
Thane,2015,Thane,Clinics,2168
Thane,2015,Thane,Maternity Wards,185
Thane,2015,Thane,Number of Beds,7962
Thane,2015,Bhivandi,Hospitals,109
Thane,2015,Bhivandi,"Specialty Hospitals (Cancer, TB, etc)",1
Thane,2015,Bhivandi,Clinics,442
Thane,2015,Bhivandi,Maternity Wards,37
Thane,2015,Bhivandi,Number of Beds,1153
Thane,2015,Shahapur,Hospitals,16
Thane,2015,Shahapur,"Specialty Hospitals (Cancer, TB, etc)",0
Thane,2015,Shahapur,Clinics,0
Thane,2015,Shahapur,Maternity Wards,0
Thane,2015,Shahapur,Number of Beds,291
Thane,2015,Kalyan,Hospitals,236
Thane,2015,Kalyan,"Specialty Hospitals (Cancer, TB, etc)",3
Thane,2015,Kalyan,Clinics,271
Thane,2015,Kalyan,Maternity Wards,15
Thane,2015,Kalyan,Number of Beds,3158
Thane,2015,Ulhasnagar,Hospitals,69
Thane,2015,Ulhasnagar,"Specialty Hospitals (Cancer, TB, etc)",0
Thane,2015,Ulhasnagar,Clinics,545
Thane,2015,Ulhasnagar,Maternity Wards,10
Thane,2015,Ulhasnagar,Number of Beds,992
Thane,2015,Ambarnath,Hospitals,71
Thane,2015,Ambarnath,"Specialty Hospitals (Cancer, TB, etc)",0
Thane,2015,Ambarnath,Clinics,169
Thane,2015,Ambarnath,Maternity Wards,17
Thane,2015,Ambarnath,Number of Beds,772
Thane,2015,Murbad,Hospitals,3
Thane,2015,Murbad,"Specialty Hospitals (Cancer, TB, etc)",0
Thane,2015,Murbad,Clinics,0
Thane,2015,Murbad,Maternity Wards,0
Thane,2015,Murbad,Number of Beds,26
Thane,2016,Thane,Hospitals,534
Thane,2016,Thane,"Specialty Hospitals (Cancer, TB, etc)",0
Thane,2016,Thane,Clinics,2168
Thane,2016,Thane,Maternity Wards,185
Thane,2016,Thane,Number of Beds,7962
Thane,2016,Bhivandi,Hospitals,109
Thane,2016,Bhivandi,"Specialty Hospitals (Cancer, TB, etc)",1
Thane,2016,Bhivandi,Clinics,442
Thane,2016,Bhivandi,Maternity Wards,37
Thane,2016,Bhivandi,Number of Beds,1153
Thane,2016,Shahapur,Hospitals,16
Thane,2016,Shahapur,"Specialty Hospitals (Cancer, TB, etc)",0
Thane,2016,Shahapur,Clinics,0
Thane,2016,Shahapur,Maternity Wards,0
Thane,2016,Shahapur,Number of Beds,291
Thane,2016,Kalyan,Hospitals,236
Thane,2016,Kalyan,"Specialty Hospitals (Cancer, TB, etc)",3
Thane,2016,Kalyan,Clinics,271
Thane,2016,Kalyan,Maternity Wards,15
Thane,2016,Kalyan,Number of Beds,3158
Thane,2016,Ulhasnagar,Hospitals,69
Thane,2016,Ulhasnagar,"Specialty Hospitals (Cancer, TB, etc)",0
Thane,2016,Ulhasnagar,Clinics,545
Thane,2016,Ulhasnagar,Maternity Wards,10
Thane,2016,Ulhasnagar,Number of Beds,992
Thane,2016,Ambarnath,Hospitals,71
Thane,2016,Ambarnath,"Specialty Hospitals (Cancer, TB, etc)",0
Thane,2016,Ambarnath,Clinics,169
Thane,2016,Ambarnath,Maternity Wards,17
Thane,2016,Ambarnath,Number of Beds,772
Thane,2016,Murbad,Hospitals,3
Thane,2016,Murbad,"Specialty Hospitals (Cancer, TB, etc)",0
Thane,2016,Murbad,Clinics,0
Thane,2016,Murbad,Maternity Wards,0
Thane,2016,Murbad,Number of Beds,26
Thane,2017,Thane,Hospitals,534
Thane,2017,Thane,"Specialty Hospitals (Cancer, TB, etc)",0
Thane,2017,Thane,Clinics,2168
Thane,2017,Thane,Maternity Wards,185
Thane,2017,Thane,Number of Beds,7962
Thane,2017,Bhivandi,Hospitals,109
Thane,2017,Bhivandi,"Specialty Hospitals (Cancer, TB, etc)",1
Thane,2017,Bhivandi,Clinics,442
Thane,2017,Bhivandi,Maternity Wards,37
Thane,2017,Bhivandi,Number of Beds,1153
Thane,2017,Shahapur,Hospitals,16
Thane,2017,Shahapur,"Specialty Hospitals (Cancer, TB, etc)",0
Thane,2017,Shahapur,Clinics,0
Thane,2017,Shahapur,Maternity Wards,0
Thane,2017,Shahapur,Number of Beds,291
Thane,2017,Kalyan,Hospitals,236
Thane,2017,Kalyan,"Specialty Hospitals (Cancer, TB, etc)",3
Thane,2017,Kalyan,Clinics,271
Thane,2017,Kalyan,Maternity Wards,15
Thane,2017,Kalyan,Number of Beds,3158
Thane,2017,Ulhasnagar,Hospitals,69
Thane,2017,Ulhasnagar,"Specialty Hospitals (Cancer, TB, etc)",0
Thane,2017,Ulhasnagar,Clinics,545
Thane,2017,Ulhasnagar,Maternity Wards,10
Thane,2017,Ulhasnagar,Number of Beds,992
Thane,2017,Ambarnath,Hospitals,71
Thane,2017,Ambarnath,"Specialty Hospitals (Cancer, TB, etc)",0
Thane,2017,Ambarnath,Clinics,169
Thane,2017,Ambarnath,Maternity Wards,17
Thane,2017,Ambarnath,Number of Beds,772
Thane,2017,Murbad,Hospitals,3
Thane,2017,Murbad,"Specialty Hospitals (Cancer, TB, etc)",0
Thane,2017,Murbad,Clinics,0
Thane,2017,Murbad,Maternity Wards,0
Thane,2017,Murbad,Number of Beds,26
Thane,2018,Thane,Hospitals,534
Thane,2018,Thane,"Specialty Hospitals (Cancer, TB, etc)",0
Thane,2018,Thane,Clinics,2168
Thane,2018,Thane,Maternity Wards,185
Thane,2018,Thane,Number of Beds,7962
Thane,2018,Bhivandi,Hospitals,109
Thane,2018,Bhivandi,"Specialty Hospitals (Cancer, TB, etc)",0
Thane,2018,Bhivandi,Clinics,442
Thane,2018,Bhivandi,Maternity Wards,37
Thane,2018,Bhivandi,Number of Beds,1153
Thane,2018,Shahapur,Hospitals,16
Thane,2018,Shahapur,"Specialty Hospitals (Cancer, TB, etc)",0
Thane,2018,Shahapur,Clinics,81
Thane,2018,Shahapur,Maternity Wards,4
Thane,2018,Shahapur,Number of Beds,291
Thane,2018,Kalyan,Hospitals,1
Thane,2018,Kalyan,"Specialty Hospitals (Cancer, TB, etc)",0
Thane,2018,Kalyan,Clinics,60
Thane,2018,Kalyan,Maternity Wards,1
Thane,2018,Kalyan,Number of Beds,10
Thane,2018,Ulhasnagar,Hospitals,69
Thane,2018,Ulhasnagar,"Specialty Hospitals (Cancer, TB, etc)",0
Thane,2018,Ulhasnagar,Clinics,545
Thane,2018,Ulhasnagar,Maternity Wards,10
Thane,2018,Ulhasnagar,Number of Beds,992
Thane,2018,Ambarnath,Hospitals,71
Thane,2018,Ambarnath,"Specialty Hospitals (Cancer, TB, etc)",0
Thane,2018,Ambarnath,Clinics,169
Thane,2018,Ambarnath,Maternity Wards,17
Thane,2018,Ambarnath,Number of Beds,772
Thane,2018,Murbad,Hospitals,6
Thane,2018,Murbad,"Specialty Hospitals (Cancer, TB, etc)",0
Thane,2018,Murbad,Clinics,112
Thane,2018,Murbad,Maternity Wards,1
Thane,2018,Murbad,Number of Beds,68
Thane,2019,Thane,Hospitals,534
Thane,2019,Thane,"Specialty Hospitals (Cancer, TB, etc)",0
Thane,2019,Thane,Clinics,2168
Thane,2019,Thane,Maternity Wards,185
Thane,2019,Thane,Number of Beds,7962
Thane,2019,Bhivandi,Hospitals,113
Thane,2019,Bhivandi,"Specialty Hospitals (Cancer, TB, etc)",0
Thane,2019,Bhivandi,Clinics,442
Thane,2019,Bhivandi,Maternity Wards,37
Thane,2019,Bhivandi,Number of Beds,1197
Thane,2019,Shahapur,Hospitals,18
Thane,2019,Shahapur,"Specialty Hospitals (Cancer, TB, etc)",0
Thane,2019,Shahapur,Clinics,81
Thane,2019,Shahapur,Maternity Wards,4
Thane,2019,Shahapur,Number of Beds,317
Thane,2019,Kalyan,Hospitals,1
Thane,2019,Kalyan,"Specialty Hospitals (Cancer, TB, etc)",0
Thane,2019,Kalyan,Clinics,60
Thane,2019,Kalyan,Maternity Wards,1
Thane,2019,Kalyan,Number of Beds,10
Thane,2019,Ulhasnagar,Hospitals,69
Thane,2019,Ulhasnagar,"Specialty Hospitals (Cancer, TB, etc)",0
Thane,2019,Ulhasnagar,Clinics,545
Thane,2019,Ulhasnagar,Maternity Wards,10
Thane,2019,Ulhasnagar,Number of Beds,992
Thane,2019,Ambarnath,Hospitals,71
Thane,2019,Ambarnath,"Specialty Hospitals (Cancer, TB, etc)",0
Thane,2019,Ambarnath,Clinics,169
Thane,2019,Ambarnath,Maternity Wards,17
Thane,2019,Ambarnath,Number of Beds,772
Thane,2019,Murbad,Hospitals,7
Thane,2019,Murbad,"Specialty Hospitals (Cancer, TB, etc)",0
Thane,2019,Murbad,Clinics,112
Thane,2019,Murbad,Maternity Wards,1
Thane,2019,Murbad,Number of Beds,79
Thane,2020,Thane,Hospitals,534
Thane,2020,Thane,"Specialty Hospitals (Cancer, TB, etc)",0
Thane,2020,Thane,Clinics,2168
Thane,2020,Thane,Maternity Wards,185
Thane,2020,Thane,Number of Beds,7962
Thane,2020,Bhivandi,Hospitals,113
Thane,2020,Bhivandi,"Specialty Hospitals (Cancer, TB, etc)",0
Thane,2020,Bhivandi,Clinics,442
Thane,2020,Bhivandi,Maternity Wards,37
Thane,2020,Bhivandi,Number of Beds,1197
Thane,2020,Shahapur,Hospitals,18
Thane,2020,Shahapur,"Specialty Hospitals (Cancer, TB, etc)",0
Thane,2020,Shahapur,Clinics,81
Thane,2020,Shahapur,Maternity Wards,4
Thane,2020,Shahapur,Number of Beds,317
Thane,2020,Kalyan,Hospitals,1
Thane,2020,Kalyan,"Specialty Hospitals (Cancer, TB, etc)",0
Thane,2020,Kalyan,Clinics,60
Thane,2020,Kalyan,Maternity Wards,1
Thane,2020,Kalyan,Number of Beds,10
Thane,2020,Ulhasnagar,Hospitals,69
Thane,2020,Ulhasnagar,"Specialty Hospitals (Cancer, TB, etc)",0
Thane,2020,Ulhasnagar,Clinics,545
Thane,2020,Ulhasnagar,Maternity Wards,10
Thane,2020,Ulhasnagar,Number of Beds,992
Thane,2020,Ambarnath,Hospitals,71
Thane,2020,Ambarnath,"Specialty Hospitals (Cancer, TB, etc)",0
Thane,2020,Ambarnath,Clinics,169
Thane,2020,Ambarnath,Maternity Wards,17
Thane,2020,Ambarnath,Number of Beds,772
Thane,2020,Murbad,Hospitals,7
Thane,2020,Murbad,"Specialty Hospitals (Cancer, TB, etc)",0
Thane,2020,Murbad,Clinics,112
Thane,2020,Murbad,Maternity Wards,1
Thane,2020,Murbad,Number of Beds,79
Thane,2021,Thane,Hospitals,553
Thane,2021,Thane,"Specialty Hospitals (Cancer, TB, etc)",0
Thane,2021,Thane,Clinics,1524
Thane,2021,Thane,Maternity Wards,61
Thane,2021,Thane,Number of Beds,15943
Thane,2021,Bhivandi,Hospitals,164
Thane,2021,Bhivandi,"Specialty Hospitals (Cancer, TB, etc)",1
Thane,2021,Bhivandi,Clinics,415
Thane,2021,Bhivandi,Maternity Wards,15
Thane,2021,Bhivandi,Number of Beds,3387
Thane,2021,Shahapur,Hospitals,46
Thane,2021,Shahapur,"Specialty Hospitals (Cancer, TB, etc)",0
Thane,2021,Shahapur,Clinics,81
Thane,2021,Shahapur,Maternity Wards,4
Thane,2021,Shahapur,Number of Beds,877
Thane,2021,Kalyan,Hospitals,425
Thane,2021,Kalyan,"Specialty Hospitals (Cancer, TB, etc)",0
Thane,2021,Kalyan,Clinics,1323
Thane,2021,Kalyan,Maternity Wards,70
Thane,2021,Kalyan,Number of Beds,9220
Thane,2021,Ulhasnagar,Hospitals,69
Thane,2021,Ulhasnagar,"Specialty Hospitals (Cancer, TB, etc)",0
Thane,2021,Ulhasnagar,Clinics,545
Thane,2021,Ulhasnagar,Maternity Wards,10
Thane,2021,Ulhasnagar,Number of Beds,992
Thane,2021,Ambarnath,Hospitals,87
Thane,2021,Ambarnath,"Specialty Hospitals (Cancer, TB, etc)",0
Thane,2021,Ambarnath,Clinics,0
Thane,2021,Ambarnath,Maternity Wards,17
Thane,2021,Ambarnath,Number of Beds,488
Thane,2021,Murbad,Hospitals,25
Thane,2021,Murbad,"Specialty Hospitals (Cancer, TB, etc)",0
Thane,2021,Murbad,Clinics,112
Thane,2021,Murbad,Maternity Wards,1
Thane,2021,Murbad,Number of Beds,284
Wardha,2012,Ashti,Hospitals,0
Wardha,2012,Ashti,"Specialty Hospitals (Cancer, TB, etc)",0
Wardha,2012,Ashti,Clinics,39
Wardha,2012,Ashti,Maternity Wards,0
Wardha,2012,Ashti,Number of Beds,0
Wardha,2012,Karanja,Hospitals,2
Wardha,2012,Karanja,"Specialty Hospitals (Cancer, TB, etc)",0
Wardha,2012,Karanja,Clinics,19
Wardha,2012,Karanja,Maternity Wards,2
Wardha,2012,Karanja,Number of Beds,6
Wardha,2012,Aarvi,Hospitals,4
Wardha,2012,Aarvi,"Specialty Hospitals (Cancer, TB, etc)",0
Wardha,2012,Aarvi,Clinics,60
Wardha,2012,Aarvi,Maternity Wards,4
Wardha,2012,Aarvi,Number of Beds,73
Wardha,2012,Selu,Hospitals,1
Wardha,2012,Selu,"Specialty Hospitals (Cancer, TB, etc)",0
Wardha,2012,Selu,Clinics,57
Wardha,2012,Selu,Maternity Wards,0
Wardha,2012,Selu,Number of Beds,2
Wardha,2012,Wardha,Hospitals,35
Wardha,2012,Wardha,"Specialty Hospitals (Cancer, TB, etc)",0
Wardha,2012,Wardha,Clinics,129
Wardha,2012,Wardha,Maternity Wards,20
Wardha,2012,Wardha,Number of Beds,564
Wardha,2012,Devali,Hospitals,4
Wardha,2012,Devali,"Specialty Hospitals (Cancer, TB, etc)",0
Wardha,2012,Devali,Clinics,57
Wardha,2012,Devali,Maternity Wards,4
Wardha,2012,Devali,Number of Beds,40
Wardha,2012,Hinganghat,Hospitals,22
Wardha,2012,Hinganghat,"Specialty Hospitals (Cancer, TB, etc)",0
Wardha,2012,Hinganghat,Clinics,99
Wardha,2012,Hinganghat,Maternity Wards,14
Wardha,2012,Hinganghat,Number of Beds,157
Wardha,2012,Samudrapur,Hospitals,0
Wardha,2012,Samudrapur,"Specialty Hospitals (Cancer, TB, etc)",0
Wardha,2012,Samudrapur,Clinics,29
Wardha,2012,Samudrapur,Maternity Wards,0
Wardha,2012,Samudrapur,Number of Beds,0
Wardha,2013,Ashti,Hospitals,0
Wardha,2013,Ashti,"Specialty Hospitals (Cancer, TB, etc)",0
Wardha,2013,Ashti,Clinics,39
Wardha,2013,Ashti,Maternity Wards,0
Wardha,2013,Ashti,Number of Beds,0
Wardha,2013,Karanja,Hospitals,0
Wardha,2013,Karanja,"Specialty Hospitals (Cancer, TB, etc)",0
Wardha,2013,Karanja,Clinics,19
Wardha,2013,Karanja,Maternity Wards,2
Wardha,2013,Karanja,Number of Beds,6
Wardha,2013,Aarvi,Hospitals,0
Wardha,2013,Aarvi,"Specialty Hospitals (Cancer, TB, etc)",0
Wardha,2013,Aarvi,Clinics,20
Wardha,2013,Aarvi,Maternity Wards,4
Wardha,2013,Aarvi,Number of Beds,78
Wardha,2013,Selu,Hospitals,0
Wardha,2013,Selu,"Specialty Hospitals (Cancer, TB, etc)",0
Wardha,2013,Selu,Clinics,57
Wardha,2013,Selu,Maternity Wards,0
Wardha,2013,Selu,Number of Beds,2
Wardha,2013,Wardha,Hospitals,2
Wardha,2013,Wardha,"Specialty Hospitals (Cancer, TB, etc)",1
Wardha,2013,Wardha,Clinics,79
Wardha,2013,Wardha,Maternity Wards,15
Wardha,2013,Wardha,Number of Beds,531
Wardha,2013,Devali,Hospitals,0
Wardha,2013,Devali,"Specialty Hospitals (Cancer, TB, etc)",0
Wardha,2013,Devali,Clinics,27
Wardha,2013,Devali,Maternity Wards,1
Wardha,2013,Devali,Number of Beds,42
Wardha,2013,Hinganghat,Hospitals,0
Wardha,2013,Hinganghat,"Specialty Hospitals (Cancer, TB, etc)",0
Wardha,2013,Hinganghat,Clinics,39
Wardha,2013,Hinganghat,Maternity Wards,13
Wardha,2013,Hinganghat,Number of Beds,142
Wardha,2013,Samudrapur,Hospitals,0
Wardha,2013,Samudrapur,"Specialty Hospitals (Cancer, TB, etc)",0
Wardha,2013,Samudrapur,Clinics,29
Wardha,2013,Samudrapur,Maternity Wards,0
Wardha,2013,Samudrapur,Number of Beds,0
Wardha,2014,Ashti,Hospitals,0
Wardha,2014,Ashti,"Specialty Hospitals (Cancer, TB, etc)",0
Wardha,2014,Ashti,Clinics,12
Wardha,2014,Ashti,Maternity Wards,0
Wardha,2014,Ashti,Number of Beds,0
Wardha,2014,Karanja,Hospitals,0
Wardha,2014,Karanja,"Specialty Hospitals (Cancer, TB, etc)",0
Wardha,2014,Karanja,Clinics,19
Wardha,2014,Karanja,Maternity Wards,0
Wardha,2014,Karanja,Number of Beds,0
Wardha,2014,Aarvi,Hospitals,0
Wardha,2014,Aarvi,"Specialty Hospitals (Cancer, TB, etc)",0
Wardha,2014,Aarvi,Clinics,20
Wardha,2014,Aarvi,Maternity Wards,3
Wardha,2014,Aarvi,Number of Beds,10
Wardha,2014,Selu,Hospitals,0
Wardha,2014,Selu,"Specialty Hospitals (Cancer, TB, etc)",0
Wardha,2014,Selu,Clinics,20
Wardha,2014,Selu,Maternity Wards,0
Wardha,2014,Selu,Number of Beds,0
Wardha,2014,Wardha,Hospitals,1
Wardha,2014,Wardha,"Specialty Hospitals (Cancer, TB, etc)",1
Wardha,2014,Wardha,Clinics,82
Wardha,2014,Wardha,Maternity Wards,13
Wardha,2014,Wardha,Number of Beds,1402
Wardha,2014,Devali,Hospitals,0
Wardha,2014,Devali,"Specialty Hospitals (Cancer, TB, etc)",0
Wardha,2014,Devali,Clinics,21
Wardha,2014,Devali,Maternity Wards,2
Wardha,2014,Devali,Number of Beds,10
Wardha,2014,Hinganghat,Hospitals,0
Wardha,2014,Hinganghat,"Specialty Hospitals (Cancer, TB, etc)",1
Wardha,2014,Hinganghat,Clinics,37
Wardha,2014,Hinganghat,Maternity Wards,13
Wardha,2014,Hinganghat,Number of Beds,147
Wardha,2014,Samudrapur,Hospitals,0
Wardha,2014,Samudrapur,"Specialty Hospitals (Cancer, TB, etc)",0
Wardha,2014,Samudrapur,Clinics,14
Wardha,2014,Samudrapur,Maternity Wards,0
Wardha,2014,Samudrapur,Number of Beds,0
Wardha,2015,Ashti,Hospitals,0
Wardha,2015,Ashti,"Specialty Hospitals (Cancer, TB, etc)",0
Wardha,2015,Ashti,Clinics,12
Wardha,2015,Ashti,Maternity Wards,0
Wardha,2015,Ashti,Number of Beds,0
Wardha,2015,Karanja,Hospitals,0
Wardha,2015,Karanja,"Specialty Hospitals (Cancer, TB, etc)",0
Wardha,2015,Karanja,Clinics,19
Wardha,2015,Karanja,Maternity Wards,0
Wardha,2015,Karanja,Number of Beds,0
Wardha,2015,Aarvi,Hospitals,0
Wardha,2015,Aarvi,"Specialty Hospitals (Cancer, TB, etc)",0
Wardha,2015,Aarvi,Clinics,27
Wardha,2015,Aarvi,Maternity Wards,3
Wardha,2015,Aarvi,Number of Beds,10
Wardha,2015,Selu,Hospitals,0
Wardha,2015,Selu,"Specialty Hospitals (Cancer, TB, etc)",0
Wardha,2015,Selu,Clinics,20
Wardha,2015,Selu,Maternity Wards,0
Wardha,2015,Selu,Number of Beds,0
Wardha,2015,Wardha,Hospitals,1
Wardha,2015,Wardha,"Specialty Hospitals (Cancer, TB, etc)",1
Wardha,2015,Wardha,Clinics,118
Wardha,2015,Wardha,Maternity Wards,13
Wardha,2015,Wardha,Number of Beds,1402
Wardha,2015,Devali,Hospitals,0
Wardha,2015,Devali,"Specialty Hospitals (Cancer, TB, etc)",0
Wardha,2015,Devali,Clinics,29
Wardha,2015,Devali,Maternity Wards,2
Wardha,2015,Devali,Number of Beds,10
Wardha,2015,Hinganghat,Hospitals,0
Wardha,2015,Hinganghat,"Specialty Hospitals (Cancer, TB, etc)",1
Wardha,2015,Hinganghat,Clinics,67
Wardha,2015,Hinganghat,Maternity Wards,13
Wardha,2015,Hinganghat,Number of Beds,147
Wardha,2015,Samudrapur,Hospitals,0
Wardha,2015,Samudrapur,"Specialty Hospitals (Cancer, TB, etc)",0
Wardha,2015,Samudrapur,Clinics,14
Wardha,2015,Samudrapur,Maternity Wards,0
Wardha,2015,Samudrapur,Number of Beds,0
Wardha,2016,Ashti,Hospitals,0
Wardha,2016,Ashti,"Specialty Hospitals (Cancer, TB, etc)",0
Wardha,2016,Ashti,Clinics,12
Wardha,2016,Ashti,Maternity Wards,0
Wardha,2016,Ashti,Number of Beds,0
Wardha,2016,Karanja,Hospitals,0
Wardha,2016,Karanja,"Specialty Hospitals (Cancer, TB, etc)",0
Wardha,2016,Karanja,Clinics,19
Wardha,2016,Karanja,Maternity Wards,0
Wardha,2016,Karanja,Number of Beds,0
Wardha,2016,Aarvi,Hospitals,5
Wardha,2016,Aarvi,"Specialty Hospitals (Cancer, TB, etc)",0
Wardha,2016,Aarvi,Clinics,23
Wardha,2016,Aarvi,Maternity Wards,4
Wardha,2016,Aarvi,Number of Beds,30
Wardha,2016,Selu,Hospitals,0
Wardha,2016,Selu,"Specialty Hospitals (Cancer, TB, etc)",0
Wardha,2016,Selu,Clinics,23
Wardha,2016,Selu,Maternity Wards,1
Wardha,2016,Selu,Number of Beds,12
Wardha,2016,Wardha,Hospitals,40
Wardha,2016,Wardha,"Specialty Hospitals (Cancer, TB, etc)",1
Wardha,2016,Wardha,Clinics,78
Wardha,2016,Wardha,Maternity Wards,17
Wardha,2016,Wardha,Number of Beds,1482
Wardha,2016,Devali,Hospitals,6
Wardha,2016,Devali,"Specialty Hospitals (Cancer, TB, etc)",0
Wardha,2016,Devali,Clinics,49
Wardha,2016,Devali,Maternity Wards,6
Wardha,2016,Devali,Number of Beds,28
Wardha,2016,Hinganghat,Hospitals,26
Wardha,2016,Hinganghat,"Specialty Hospitals (Cancer, TB, etc)",0
Wardha,2016,Hinganghat,Clinics,42
Wardha,2016,Hinganghat,Maternity Wards,15
Wardha,2016,Hinganghat,Number of Beds,155
Wardha,2016,Samudrapur,Hospitals,0
Wardha,2016,Samudrapur,"Specialty Hospitals (Cancer, TB, etc)",0
Wardha,2016,Samudrapur,Clinics,14
Wardha,2016,Samudrapur,Maternity Wards,0
Wardha,2016,Samudrapur,Number of Beds,0
Wardha,2017,Ashti,Hospitals,0
Wardha,2017,Ashti,"Specialty Hospitals (Cancer, TB, etc)",0
Wardha,2017,Ashti,Clinics,12
Wardha,2017,Ashti,Maternity Wards,0
Wardha,2017,Ashti,Number of Beds,0
Wardha,2017,Karanja,Hospitals,0
Wardha,2017,Karanja,"Specialty Hospitals (Cancer, TB, etc)",0
Wardha,2017,Karanja,Clinics,19
Wardha,2017,Karanja,Maternity Wards,0
Wardha,2017,Karanja,Number of Beds,0
Wardha,2017,Aarvi,Hospitals,6
Wardha,2017,Aarvi,"Specialty Hospitals (Cancer, TB, etc)",0
Wardha,2017,Aarvi,Clinics,23
Wardha,2017,Aarvi,Maternity Wards,4
Wardha,2017,Aarvi,Number of Beds,78
Wardha,2017,Selu,Hospitals,0
Wardha,2017,Selu,"Specialty Hospitals (Cancer, TB, etc)",0
Wardha,2017,Selu,Clinics,23
Wardha,2017,Selu,Maternity Wards,1
Wardha,2017,Selu,Number of Beds,12
Wardha,2017,Wardha,Hospitals,43
Wardha,2017,Wardha,"Specialty Hospitals (Cancer, TB, etc)",1
Wardha,2017,Wardha,Clinics,78
Wardha,2017,Wardha,Maternity Wards,17
Wardha,2017,Wardha,Number of Beds,1482
Wardha,2017,Devali,Hospitals,5
Wardha,2017,Devali,"Specialty Hospitals (Cancer, TB, etc)",0
Wardha,2017,Devali,Clinics,49
Wardha,2017,Devali,Maternity Wards,6
Wardha,2017,Devali,Number of Beds,50
Wardha,2017,Hinganghat,Hospitals,26
Wardha,2017,Hinganghat,"Specialty Hospitals (Cancer, TB, etc)",0
Wardha,2017,Hinganghat,Clinics,42
Wardha,2017,Hinganghat,Maternity Wards,15
Wardha,2017,Hinganghat,Number of Beds,155
Wardha,2017,Samudrapur,Hospitals,0
Wardha,2017,Samudrapur,"Specialty Hospitals (Cancer, TB, etc)",0
Wardha,2017,Samudrapur,Clinics,14
Wardha,2017,Samudrapur,Maternity Wards,0
Wardha,2017,Samudrapur,Number of Beds,0
Wardha,2018,Ashti,Hospitals,0
Wardha,2018,Ashti,"Specialty Hospitals (Cancer, TB, etc)",0
Wardha,2018,Ashti,Clinics,14
Wardha,2018,Ashti,Maternity Wards,0
Wardha,2018,Ashti,Number of Beds,0
Wardha,2018,Karanja,Hospitals,0
Wardha,2018,Karanja,"Specialty Hospitals (Cancer, TB, etc)",0
Wardha,2018,Karanja,Clinics,23
Wardha,2018,Karanja,Maternity Wards,0
Wardha,2018,Karanja,Number of Beds,0
Wardha,2018,Aarvi,Hospitals,6
Wardha,2018,Aarvi,"Specialty Hospitals (Cancer, TB, etc)",0
Wardha,2018,Aarvi,Clinics,45
Wardha,2018,Aarvi,Maternity Wards,4
Wardha,2018,Aarvi,Number of Beds,78
Wardha,2018,Selu,Hospitals,0
Wardha,2018,Selu,"Specialty Hospitals (Cancer, TB, etc)",0
Wardha,2018,Selu,Clinics,26
Wardha,2018,Selu,Maternity Wards,1
Wardha,2018,Selu,Number of Beds,13
Wardha,2018,Wardha,Hospitals,45
Wardha,2018,Wardha,"Specialty Hospitals (Cancer, TB, etc)",1
Wardha,2018,Wardha,Clinics,85
Wardha,2018,Wardha,Maternity Wards,18
Wardha,2018,Wardha,Number of Beds,1488
Wardha,2018,Devali,Hospitals,5
Wardha,2018,Devali,"Specialty Hospitals (Cancer, TB, etc)",0
Wardha,2018,Devali,Clinics,65
Wardha,2018,Devali,Maternity Wards,6
Wardha,2018,Devali,Number of Beds,50
Wardha,2018,Hinganghat,Hospitals,27
Wardha,2018,Hinganghat,"Specialty Hospitals (Cancer, TB, etc)",0
Wardha,2018,Hinganghat,Clinics,55
Wardha,2018,Hinganghat,Maternity Wards,15
Wardha,2018,Hinganghat,Number of Beds,155
Wardha,2018,Samudrapur,Hospitals,0
Wardha,2018,Samudrapur,"Specialty Hospitals (Cancer, TB, etc)",0
Wardha,2018,Samudrapur,Clinics,14
Wardha,2018,Samudrapur,Maternity Wards,0
Wardha,2018,Samudrapur,Number of Beds,0
Wardha,2019,Ashti,Hospitals,0
Wardha,2019,Ashti,"Specialty Hospitals (Cancer, TB, etc)",0
Wardha,2019,Ashti,Clinics,14
Wardha,2019,Ashti,Maternity Wards,0
Wardha,2019,Ashti,Number of Beds,0
Wardha,2019,Karanja,Hospitals,0
Wardha,2019,Karanja,"Specialty Hospitals (Cancer, TB, etc)",0
Wardha,2019,Karanja,Clinics,24
Wardha,2019,Karanja,Maternity Wards,0
Wardha,2019,Karanja,Number of Beds,0
Wardha,2019,Aarvi,Hospitals,6
Wardha,2019,Aarvi,"Specialty Hospitals (Cancer, TB, etc)",0
Wardha,2019,Aarvi,Clinics,46
Wardha,2019,Aarvi,Maternity Wards,4
Wardha,2019,Aarvi,Number of Beds,78
Wardha,2019,Selu,Hospitals,0
Wardha,2019,Selu,"Specialty Hospitals (Cancer, TB, etc)",0
Wardha,2019,Selu,Clinics,26
Wardha,2019,Selu,Maternity Wards,1
Wardha,2019,Selu,Number of Beds,13
Wardha,2019,Wardha,Hospitals,45
Wardha,2019,Wardha,"Specialty Hospitals (Cancer, TB, etc)",1
Wardha,2019,Wardha,Clinics,101
Wardha,2019,Wardha,Maternity Wards,18
Wardha,2019,Wardha,Number of Beds,1488
Wardha,2019,Devali,Hospitals,5
Wardha,2019,Devali,"Specialty Hospitals (Cancer, TB, etc)",0
Wardha,2019,Devali,Clinics,75
Wardha,2019,Devali,Maternity Wards,11
Wardha,2019,Devali,Number of Beds,65
Wardha,2019,Hinganghat,Hospitals,27
Wardha,2019,Hinganghat,"Specialty Hospitals (Cancer, TB, etc)",0
Wardha,2019,Hinganghat,Clinics,67
Wardha,2019,Hinganghat,Maternity Wards,15
Wardha,2019,Hinganghat,Number of Beds,155
Wardha,2019,Samudrapur,Hospitals,0
Wardha,2019,Samudrapur,"Specialty Hospitals (Cancer, TB, etc)",0
Wardha,2019,Samudrapur,Clinics,14
Wardha,2019,Samudrapur,Maternity Wards,0
Wardha,2019,Samudrapur,Number of Beds,0
Wardha,2020,Ashti,Hospitals,0
Wardha,2020,Ashti,"Specialty Hospitals (Cancer, TB, etc)",0
Wardha,2020,Ashti,Clinics,15
Wardha,2020,Ashti,Maternity Wards,0
Wardha,2020,Ashti,Number of Beds,0
Wardha,2020,Karanja,Hospitals,0
Wardha,2020,Karanja,"Specialty Hospitals (Cancer, TB, etc)",0
Wardha,2020,Karanja,Clinics,24
Wardha,2020,Karanja,Maternity Wards,0
Wardha,2020,Karanja,Number of Beds,0
Wardha,2020,Aarvi,Hospitals,7
Wardha,2020,Aarvi,"Specialty Hospitals (Cancer, TB, etc)",0
Wardha,2020,Aarvi,Clinics,46
Wardha,2020,Aarvi,Maternity Wards,4
Wardha,2020,Aarvi,Number of Beds,75
Wardha,2020,Selu,Hospitals,0
Wardha,2020,Selu,"Specialty Hospitals (Cancer, TB, etc)",0
Wardha,2020,Selu,Clinics,26
Wardha,2020,Selu,Maternity Wards,1
Wardha,2020,Selu,Number of Beds,13
Wardha,2020,Wardha,Hospitals,45
Wardha,2020,Wardha,"Specialty Hospitals (Cancer, TB, etc)",1
Wardha,2020,Wardha,Clinics,101
Wardha,2020,Wardha,Maternity Wards,18
Wardha,2020,Wardha,Number of Beds,1488
Wardha,2020,Devali,Hospitals,5
Wardha,2020,Devali,"Specialty Hospitals (Cancer, TB, etc)",0
Wardha,2020,Devali,Clinics,75
Wardha,2020,Devali,Maternity Wards,11
Wardha,2020,Devali,Number of Beds,42
Wardha,2020,Hinganghat,Hospitals,27
Wardha,2020,Hinganghat,"Specialty Hospitals (Cancer, TB, etc)",0
Wardha,2020,Hinganghat,Clinics,67
Wardha,2020,Hinganghat,Maternity Wards,15
Wardha,2020,Hinganghat,Number of Beds,206
Wardha,2020,Samudrapur,Hospitals,0
Wardha,2020,Samudrapur,"Specialty Hospitals (Cancer, TB, etc)",0
Wardha,2020,Samudrapur,Clinics,16
Wardha,2020,Samudrapur,Maternity Wards,0
Wardha,2020,Samudrapur,Number of Beds,0
Wardha,2021,Ashti,Hospitals,0
Wardha,2021,Ashti,"Specialty Hospitals (Cancer, TB, etc)",0
Wardha,2021,Ashti,Clinics,15
Wardha,2021,Ashti,Maternity Wards,0
Wardha,2021,Ashti,Number of Beds,0
Wardha,2021,Karanja,Hospitals,0
Wardha,2021,Karanja,"Specialty Hospitals (Cancer, TB, etc)",0
Wardha,2021,Karanja,Clinics,25
Wardha,2021,Karanja,Maternity Wards,0
Wardha,2021,Karanja,Number of Beds,0
Wardha,2021,Aarvi,Hospitals,7
Wardha,2021,Aarvi,"Specialty Hospitals (Cancer, TB, etc)",0
Wardha,2021,Aarvi,Clinics,44
Wardha,2021,Aarvi,Maternity Wards,4
Wardha,2021,Aarvi,Number of Beds,75
Wardha,2021,Selu,Hospitals,0
Wardha,2021,Selu,"Specialty Hospitals (Cancer, TB, etc)",0
Wardha,2021,Selu,Clinics,26
Wardha,2021,Selu,Maternity Wards,1
Wardha,2021,Selu,Number of Beds,13
Wardha,2021,Wardha,Hospitals,45
Wardha,2021,Wardha,"Specialty Hospitals (Cancer, TB, etc)",1
Wardha,2021,Wardha,Clinics,105
Wardha,2021,Wardha,Maternity Wards,18
Wardha,2021,Wardha,Number of Beds,1488
Wardha,2021,Devali,Hospitals,5
Wardha,2021,Devali,"Specialty Hospitals (Cancer, TB, etc)",0
Wardha,2021,Devali,Clinics,73
Wardha,2021,Devali,Maternity Wards,11
Wardha,2021,Devali,Number of Beds,42
Wardha,2021,Hinganghat,Hospitals,27
Wardha,2021,Hinganghat,"Specialty Hospitals (Cancer, TB, etc)",0
Wardha,2021,Hinganghat,Clinics,68
Wardha,2021,Hinganghat,Maternity Wards,15
Wardha,2021,Hinganghat,Number of Beds,206
Wardha,2021,Samudrapur,Hospitals,0
Wardha,2021,Samudrapur,"Specialty Hospitals (Cancer, TB, etc)",0
Wardha,2021,Samudrapur,Clinics,16
Wardha,2021,Samudrapur,Maternity Wards,0
Wardha,2021,Samudrapur,Number of Beds,0
Washim,2012,Malegaon,Hospitals,10
Washim,2012,Malegaon,"Specialty Hospitals (Cancer, TB, etc)",2
Washim,2012,Malegaon,Clinics,5
Washim,2012,Malegaon,Maternity Wards,3
Washim,2012,Malegaon,Number of Beds,50
Washim,2012,Mangrulpir,Hospitals,6
Washim,2012,Mangrulpir,"Specialty Hospitals (Cancer, TB, etc)",1
Washim,2012,Mangrulpir,Clinics,20
Washim,2012,Mangrulpir,Maternity Wards,5
Washim,2012,Mangrulpir,Number of Beds,40
Washim,2012,Karanja,Hospitals,9
Washim,2012,Karanja,"Specialty Hospitals (Cancer, TB, etc)",0
Washim,2012,Karanja,Clinics,5
Washim,2012,Karanja,Maternity Wards,3
Washim,2012,Karanja,Number of Beds,25
Washim,2012,Manora,Hospitals,1
Washim,2012,Manora,"Specialty Hospitals (Cancer, TB, etc)",0
Washim,2012,Manora,Clinics,7
Washim,2012,Manora,Maternity Wards,3
Washim,2012,Manora,Number of Beds,10
Washim,2012,Washim,Hospitals,8
Washim,2012,Washim,"Specialty Hospitals (Cancer, TB, etc)",32
Washim,2012,Washim,Clinics,15
Washim,2012,Washim,Maternity Wards,12
Washim,2012,Washim,Number of Beds,380
Washim,2012,Resod,Hospitals,3
Washim,2012,Resod,"Specialty Hospitals (Cancer, TB, etc)",0
Washim,2012,Resod,Clinics,5
Washim,2012,Resod,Maternity Wards,3
Washim,2012,Resod,Number of Beds,8
Washim,2013,Malegaon,Hospitals,9
Washim,2013,Malegaon,"Specialty Hospitals (Cancer, TB, etc)",2
Washim,2013,Malegaon,Clinics,2
Washim,2013,Malegaon,Maternity Wards,0
Washim,2013,Malegaon,Number of Beds,42
Washim,2013,Mangrulpir,Hospitals,5
Washim,2013,Mangrulpir,"Specialty Hospitals (Cancer, TB, etc)",1
Washim,2013,Mangrulpir,Clinics,28
Washim,2013,Mangrulpir,Maternity Wards,4
Washim,2013,Mangrulpir,Number of Beds,30
Washim,2013,Karanja,Hospitals,7
Washim,2013,Karanja,"Specialty Hospitals (Cancer, TB, etc)",0
Washim,2013,Karanja,Clinics,4
Washim,2013,Karanja,Maternity Wards,2
Washim,2013,Karanja,Number of Beds,18
Washim,2013,Manora,Hospitals,0
Washim,2013,Manora,"Specialty Hospitals (Cancer, TB, etc)",0
Washim,2013,Manora,Clinics,2
Washim,2013,Manora,Maternity Wards,0
Washim,2013,Manora,Number of Beds,0
Washim,2013,Washim,Hospitals,6
Washim,2013,Washim,"Specialty Hospitals (Cancer, TB, etc)",32
Washim,2013,Washim,Clinics,13
Washim,2013,Washim,Maternity Wards,11
Washim,2013,Washim,Number of Beds,354
Washim,2013,Resod,Hospitals,2
Washim,2013,Resod,"Specialty Hospitals (Cancer, TB, etc)",0
Washim,2013,Resod,Clinics,2
Washim,2013,Resod,Maternity Wards,0
Washim,2013,Resod,Number of Beds,4
Washim,2014,Malegaon,Hospitals,1
Washim,2014,Malegaon,"Specialty Hospitals (Cancer, TB, etc)",0
Washim,2014,Malegaon,Clinics,6
Washim,2014,Malegaon,Maternity Wards,3
Washim,2014,Malegaon,Number of Beds,14
Washim,2014,Mangrulpir,Hospitals,1
Washim,2014,Mangrulpir,"Specialty Hospitals (Cancer, TB, etc)",0
Washim,2014,Mangrulpir,Clinics,18
Washim,2014,Mangrulpir,Maternity Wards,5
Washim,2014,Mangrulpir,Number of Beds,20
Washim,2014,Karanja,Hospitals,2
Washim,2014,Karanja,"Specialty Hospitals (Cancer, TB, etc)",0
Washim,2014,Karanja,Clinics,32
Washim,2014,Karanja,Maternity Wards,7
Washim,2014,Karanja,Number of Beds,86
Washim,2014,Manora,Hospitals,1
Washim,2014,Manora,"Specialty Hospitals (Cancer, TB, etc)",0
Washim,2014,Manora,Clinics,5
Washim,2014,Manora,Maternity Wards,3
Washim,2014,Manora,Number of Beds,12
Washim,2014,Washim,Hospitals,2
Washim,2014,Washim,"Specialty Hospitals (Cancer, TB, etc)",0
Washim,2014,Washim,Clinics,35
Washim,2014,Washim,Maternity Wards,13
Washim,2014,Washim,Number of Beds,380
Washim,2014,Resod,Hospitals,1
Washim,2014,Resod,"Specialty Hospitals (Cancer, TB, etc)",0
Washim,2014,Resod,Clinics,11
Washim,2014,Resod,Maternity Wards,3
Washim,2014,Resod,Number of Beds,15
Washim,2015,Malegaon,Clinics,6
Washim,2015,Malegaon,Maternity Wards,3
Washim,2015,Malegaon,Number of Beds,11
Washim,2015,Mangrulpir,Clinics,2
Washim,2015,Mangrulpir,Maternity Wards,3
Washim,2015,Mangrulpir,Number of Beds,12
Washim,2015,Karanja,Clinics,10
Washim,2015,Karanja,Maternity Wards,2
Washim,2015,Karanja,Number of Beds,9
Washim,2015,Manora,Clinics,0
Washim,2015,Manora,Maternity Wards,2
Washim,2015,Manora,Number of Beds,10
Washim,2015,Washim,Clinics,23
Washim,2015,Washim,Maternity Wards,12
Washim,2015,Washim,Number of Beds,50
Washim,2015,Resod,Clinics,17
Washim,2015,Resod,Maternity Wards,2
Washim,2015,Resod,Number of Beds,11
Washim,2016,Malegaon,Hospitals,1
Washim,2016,Malegaon,"Specialty Hospitals (Cancer, TB, etc)",0
Washim,2016,Malegaon,Clinics,6
Washim,2016,Malegaon,Maternity Wards,3
Washim,2016,Malegaon,Number of Beds,42
Washim,2016,Mangrulpir,Hospitals,1
Washim,2016,Mangrulpir,"Specialty Hospitals (Cancer, TB, etc)",0
Washim,2016,Mangrulpir,Clinics,2
Washim,2016,Mangrulpir,Maternity Wards,3
Washim,2016,Mangrulpir,Number of Beds,36
Washim,2016,Karanja,Hospitals,2
Washim,2016,Karanja,"Specialty Hospitals (Cancer, TB, etc)",0
Washim,2016,Karanja,Clinics,10
Washim,2016,Karanja,Maternity Wards,2
Washim,2016,Karanja,Number of Beds,94
Washim,2016,Manora,Hospitals,1
Washim,2016,Manora,"Specialty Hospitals (Cancer, TB, etc)",0
Washim,2016,Manora,Clinics,0
Washim,2016,Manora,Maternity Wards,2
Washim,2016,Manora,Number of Beds,15
Washim,2016,Washim,Hospitals,2
Washim,2016,Washim,"Specialty Hospitals (Cancer, TB, etc)",0
Washim,2016,Washim,Clinics,23
Washim,2016,Washim,Maternity Wards,12
Washim,2016,Washim,Number of Beds,576
Washim,2016,Resod,Hospitals,1
Washim,2016,Resod,"Specialty Hospitals (Cancer, TB, etc)",0
Washim,2016,Resod,Clinics,17
Washim,2016,Resod,Maternity Wards,2
Washim,2016,Resod,Number of Beds,111
Washim,2017,Malegaon,Hospitals,1
Washim,2017,Malegaon,"Specialty Hospitals (Cancer, TB, etc)",0
Washim,2017,Malegaon,Clinics,9
Washim,2017,Malegaon,Maternity Wards,6
Washim,2017,Malegaon,Number of Beds,26
Washim,2017,Mangrulpir,Hospitals,1
Washim,2017,Mangrulpir,"Specialty Hospitals (Cancer, TB, etc)",0
Washim,2017,Mangrulpir,Clinics,18
Washim,2017,Mangrulpir,Maternity Wards,5
Washim,2017,Mangrulpir,Number of Beds,20
Washim,2017,Karanja,Hospitals,2
Washim,2017,Karanja,"Specialty Hospitals (Cancer, TB, etc)",0
Washim,2017,Karanja,Clinics,34
Washim,2017,Karanja,Maternity Wards,11
Washim,2017,Karanja,Number of Beds,106
Washim,2017,Manora,Hospitals,1
Washim,2017,Manora,"Specialty Hospitals (Cancer, TB, etc)",0
Washim,2017,Manora,Clinics,5
Washim,2017,Manora,Maternity Wards,3
Washim,2017,Manora,Number of Beds,12
Washim,2017,Washim,Hospitals,2
Washim,2017,Washim,"Specialty Hospitals (Cancer, TB, etc)",0
Washim,2017,Washim,Clinics,42
Washim,2017,Washim,Maternity Wards,22
Washim,2017,Washim,Number of Beds,445
Washim,2017,Resod,Hospitals,1
Washim,2017,Resod,"Specialty Hospitals (Cancer, TB, etc)",0
Washim,2017,Resod,Clinics,11
Washim,2017,Resod,Maternity Wards,3
Washim,2017,Resod,Number of Beds,15
Washim,2018,Malegaon,Hospitals,1
Washim,2018,Malegaon,"Specialty Hospitals (Cancer, TB, etc)",0
Washim,2018,Malegaon,Clinics,13
Washim,2018,Malegaon,Maternity Wards,6
Washim,2018,Malegaon,Number of Beds,24
Washim,2018,Mangrulpir,Hospitals,1
Washim,2018,Mangrulpir,"Specialty Hospitals (Cancer, TB, etc)",0
Washim,2018,Mangrulpir,Clinics,18
Washim,2018,Mangrulpir,Maternity Wards,5
Washim,2018,Mangrulpir,Number of Beds,20
Washim,2018,Karanja,Hospitals,2
Washim,2018,Karanja,"Specialty Hospitals (Cancer, TB, etc)",0
Washim,2018,Karanja,Clinics,34
Washim,2018,Karanja,Maternity Wards,11
Washim,2018,Karanja,Number of Beds,113
Washim,2018,Manora,Hospitals,1
Washim,2018,Manora,"Specialty Hospitals (Cancer, TB, etc)",0
Washim,2018,Manora,Clinics,7
Washim,2018,Manora,Maternity Wards,5
Washim,2018,Manora,Number of Beds,27
Washim,2018,Washim,Hospitals,2
Washim,2018,Washim,"Specialty Hospitals (Cancer, TB, etc)",0
Washim,2018,Washim,Clinics,42
Washim,2018,Washim,Maternity Wards,22
Washim,2018,Washim,Number of Beds,442
Washim,2018,Resod,Hospitals,1
Washim,2018,Resod,"Specialty Hospitals (Cancer, TB, etc)",0
Washim,2018,Resod,Clinics,11
Washim,2018,Resod,Maternity Wards,3
Washim,2018,Resod,Number of Beds,15
Washim,2019,Malegaon,Hospitals,8
Washim,2019,Malegaon,"Specialty Hospitals (Cancer, TB, etc)",0
Washim,2019,Malegaon,Clinics,125
Washim,2019,Malegaon,Maternity Wards,52
Washim,2019,Malegaon,Number of Beds,641
Washim,2019,Mangrulpir,Hospitals,1
Washim,2019,Mangrulpir,"Specialty Hospitals (Cancer, TB, etc)",0
Washim,2019,Mangrulpir,Clinics,18
Washim,2019,Mangrulpir,Maternity Wards,5
Washim,2019,Mangrulpir,Number of Beds,20
Washim,2019,Karanja,Hospitals,2
Washim,2019,Karanja,"Specialty Hospitals (Cancer, TB, etc)",0
Washim,2019,Karanja,Clinics,34
Washim,2019,Karanja,Maternity Wards,11
Washim,2019,Karanja,Number of Beds,113
Washim,2019,Manora,Hospitals,1
Washim,2019,Manora,"Specialty Hospitals (Cancer, TB, etc)",0
Washim,2019,Manora,Clinics,7
Washim,2019,Manora,Maternity Wards,5
Washim,2019,Manora,Number of Beds,27
Washim,2019,Washim,Hospitals,2
Washim,2019,Washim,"Specialty Hospitals (Cancer, TB, etc)",0
Washim,2019,Washim,Clinics,44
Washim,2019,Washim,Maternity Wards,22
Washim,2019,Washim,Number of Beds,467
Washim,2019,Resod,Hospitals,1
Washim,2019,Resod,"Specialty Hospitals (Cancer, TB, etc)",0
Washim,2019,Resod,Clinics,11
Washim,2019,Resod,Maternity Wards,3
Washim,2019,Resod,Number of Beds,15
Washim,2020,Malegaon,Hospitals,0
Washim,2020,Malegaon,"Specialty Hospitals (Cancer, TB, etc)",0
Washim,2020,Malegaon,Clinics,13
Washim,2020,Malegaon,Maternity Wards,6
Washim,2020,Malegaon,Number of Beds,29
Washim,2020,Mangrulpir,Hospitals,0
Washim,2020,Mangrulpir,"Specialty Hospitals (Cancer, TB, etc)",0
Washim,2020,Mangrulpir,Clinics,0
Washim,2020,Mangrulpir,Maternity Wards,0
Washim,2020,Mangrulpir,Number of Beds,25
Washim,2020,Karanja,Hospitals,0
Washim,2020,Karanja,"Specialty Hospitals (Cancer, TB, etc)",0
Washim,2020,Karanja,Clinics,34
Washim,2020,Karanja,Maternity Wards,11
Washim,2020,Karanja,Number of Beds,113
Washim,2020,Manora,Hospitals,0
Washim,2020,Manora,"Specialty Hospitals (Cancer, TB, etc)",0
Washim,2020,Manora,Clinics,7
Washim,2020,Manora,Maternity Wards,5
Washim,2020,Manora,Number of Beds,32
Washim,2020,Washim,Hospitals,0
Washim,2020,Washim,"Specialty Hospitals (Cancer, TB, etc)",0
Washim,2020,Washim,Clinics,44
Washim,2020,Washim,Maternity Wards,22
Washim,2020,Washim,Number of Beds,472
Washim,2020,Resod,Hospitals,0
Washim,2020,Resod,"Specialty Hospitals (Cancer, TB, etc)",0
Washim,2020,Resod,Clinics,0
Washim,2020,Resod,Maternity Wards,0
Washim,2020,Resod,Number of Beds,20
Washim,2021,Malegaon,Hospitals,1
Washim,2021,Malegaon,"Specialty Hospitals (Cancer, TB, etc)",0
Washim,2021,Malegaon,Clinics,13
Washim,2021,Malegaon,Maternity Wards,6
Washim,2021,Malegaon,Number of Beds,29
Washim,2021,Mangrulpir,Hospitals,1
Washim,2021,Mangrulpir,"Specialty Hospitals (Cancer, TB, etc)",0
Washim,2021,Mangrulpir,Clinics,18
Washim,2021,Mangrulpir,Maternity Wards,5
Washim,2021,Mangrulpir,Number of Beds,25
Washim,2021,Karanja,Hospitals,2
Washim,2021,Karanja,"Specialty Hospitals (Cancer, TB, etc)",0
Washim,2021,Karanja,Clinics,34
Washim,2021,Karanja,Maternity Wards,11
Washim,2021,Karanja,Number of Beds,113
Washim,2021,Manora,Hospitals,1
Washim,2021,Manora,"Specialty Hospitals (Cancer, TB, etc)",0
Washim,2021,Manora,Clinics,7
Washim,2021,Manora,Maternity Wards,5
Washim,2021,Manora,Number of Beds,32
Washim,2021,Washim,Hospitals,2
Washim,2021,Washim,"Specialty Hospitals (Cancer, TB, etc)",0
Washim,2021,Washim,Clinics,44
Washim,2021,Washim,Maternity Wards,22
Washim,2021,Washim,Number of Beds,580
Washim,2021,Resod,Hospitals,1
Washim,2021,Resod,"Specialty Hospitals (Cancer, TB, etc)",0
Washim,2021,Resod,Clinics,11
Washim,2021,Resod,Maternity Wards,3
Washim,2021,Resod,Number of Beds,20
Yavatmal,2012,Yavatmal,Clinics,101
Yavatmal,2012,Yavatmal,Maternity Wards,34
Yavatmal,2012,Yavatmal,Number of Beds,981
Yavatmal,2012,Digras,Clinics,16
Yavatmal,2012,Digras,Maternity Wards,7
Yavatmal,2012,Digras,Number of Beds,88
Yavatmal,2012,Pusad,Clinics,35
Yavatmal,2012,Pusad,Maternity Wards,19
Yavatmal,2012,Pusad,Number of Beds,359
Yavatmal,2012,Umarkhed,Clinics,3
Yavatmal,2012,Umarkhed,Maternity Wards,2
Yavatmal,2012,Umarkhed,Number of Beds,42
Yavatmal,2012,Aarni,Clinics,1
Yavatmal,2012,Aarni,Number of Beds,12
Yavatmal,2012,Kelapur,Clinics,4
Yavatmal,2012,Kelapur,Maternity Wards,1
Yavatmal,2012,Kelapur,Number of Beds,12
Yavatmal,2012,Ralegaon,Clinics,1
Yavatmal,2012,Ralegaon,Number of Beds,5
Yavatmal,2012,Vani,Clinics,6
Yavatmal,2012,Vani,Maternity Wards,4
Yavatmal,2012,Vani,Number of Beds,189
Yavatmal,2013,Yavatmal,Clinics,84
Yavatmal,2013,Yavatmal,Maternity Wards,22
Yavatmal,2013,Yavatmal,Number of Beds,1095
Yavatmal,2013,Darvha,Clinics,1
Yavatmal,2013,Darvha,Maternity Wards,1
Yavatmal,2013,Darvha,Number of Beds,10
Yavatmal,2013,Digras,Clinics,16
Yavatmal,2013,Digras,Maternity Wards,8
Yavatmal,2013,Digras,Number of Beds,103
Yavatmal,2013,Pusad,Clinics,39
Yavatmal,2013,Pusad,Maternity Wards,25
Yavatmal,2013,Pusad,Number of Beds,391
Yavatmal,2013,Umarkhed,Clinics,1
Yavatmal,2013,Umarkhed,Number of Beds,30
Yavatmal,2013,Aarni,Clinics,2
Yavatmal,2013,Aarni,Number of Beds,22
Yavatmal,2013,Kelapur,Clinics,3
Yavatmal,2013,Kelapur,Maternity Wards,1
Yavatmal,2013,Kelapur,Number of Beds,11
Yavatmal,2013,Ralegaon,Clinics,1
Yavatmal,2013,Ralegaon,Maternity Wards,1
Yavatmal,2013,Ralegaon,Number of Beds,5
Yavatmal,2013,Vani,Clinics,9
Yavatmal,2013,Vani,Maternity Wards,7
Yavatmal,2013,Vani,Number of Beds,219
Yavatmal,2014,Ner,Clinics,0
Yavatmal,2014,Ner,Maternity Wards,0
Yavatmal,2014,Ner,Number of Beds,0
Yavatmal,2014,Babhulgaon,Clinics,0
Yavatmal,2014,Babhulgaon,Maternity Wards,0
Yavatmal,2014,Babhulgaon,Number of Beds,0
Yavatmal,2014,Kalamb,Clinics,0
Yavatmal,2014,Kalamb,Maternity Wards,0
Yavatmal,2014,Kalamb,Number of Beds,0
Yavatmal,2014,Yavatmal,Clinics,101
Yavatmal,2014,Yavatmal,Maternity Wards,34
Yavatmal,2014,Yavatmal,Number of Beds,1164
Yavatmal,2014,Darvha,Clinics,1
Yavatmal,2014,Darvha,Maternity Wards,1
Yavatmal,2014,Darvha,Number of Beds,10
Yavatmal,2014,Digras,Clinics,16
Yavatmal,2014,Digras,Maternity Wards,8
Yavatmal,2014,Digras,Number of Beds,103
Yavatmal,2014,Pusad,Clinics,42
Yavatmal,2014,Pusad,Maternity Wards,34
Yavatmal,2014,Pusad,Number of Beds,426
Yavatmal,2014,Umarkhed,Clinics,1
Yavatmal,2014,Umarkhed,Maternity Wards,0
Yavatmal,2014,Umarkhed,Number of Beds,30
Yavatmal,2014,Mahagaon,Clinics,0
Yavatmal,2014,Mahagaon,Maternity Wards,0
Yavatmal,2014,Mahagaon,Number of Beds,0
Yavatmal,2014,Aarni,Clinics,2
Yavatmal,2014,Aarni,Maternity Wards,0
Yavatmal,2014,Aarni,Number of Beds,22
Yavatmal,2014,Ghantaji,Clinics,0
Yavatmal,2014,Ghantaji,Maternity Wards,0
Yavatmal,2014,Ghantaji,Number of Beds,0
Yavatmal,2014,Kelapur,Clinics,4
Yavatmal,2014,Kelapur,Maternity Wards,1
Yavatmal,2014,Kelapur,Number of Beds,11
Yavatmal,2014,Ralegaon,Clinics,1
Yavatmal,2014,Ralegaon,Maternity Wards,1
Yavatmal,2014,Ralegaon,Number of Beds,5
Yavatmal,2014,Maregaon,Clinics,0
Yavatmal,2014,Maregaon,Maternity Wards,0
Yavatmal,2014,Maregaon,Number of Beds,0
Yavatmal,2014,Zari Jamani,Clinics,0
Yavatmal,2014,Zari Jamani,Maternity Wards,0
Yavatmal,2014,Zari Jamani,Number of Beds,0
Yavatmal,2014,Vani,Clinics,9
Yavatmal,2014,Vani,Maternity Wards,7
Yavatmal,2014,Vani,Number of Beds,219
Yavatmal,2015,Ner,Clinics,0
Yavatmal,2015,Ner,Maternity Wards,0
Yavatmal,2015,Ner,Number of Beds,0
Yavatmal,2015,Babhulgaon,Clinics,0
Yavatmal,2015,Babhulgaon,Maternity Wards,0
Yavatmal,2015,Babhulgaon,Number of Beds,0
Yavatmal,2015,Kalamb,Clinics,0
Yavatmal,2015,Kalamb,Maternity Wards,0
Yavatmal,2015,Kalamb,Number of Beds,0
Yavatmal,2015,Yavatmal,Clinics,103
Yavatmal,2015,Yavatmal,Maternity Wards,26
Yavatmal,2015,Yavatmal,Number of Beds,1125
Yavatmal,2015,Darvha,Clinics,2
Yavatmal,2015,Darvha,Maternity Wards,2
Yavatmal,2015,Darvha,Number of Beds,4
Yavatmal,2015,Digras,Clinics,16
Yavatmal,2015,Digras,Maternity Wards,5
Yavatmal,2015,Digras,Number of Beds,60
Yavatmal,2015,Pusad,Clinics,44
Yavatmal,2015,Pusad,Maternity Wards,15
Yavatmal,2015,Pusad,Number of Beds,803
Yavatmal,2015,Umarkhed,Clinics,4
Yavatmal,2015,Umarkhed,Maternity Wards,4
Yavatmal,2015,Umarkhed,Number of Beds,53
Yavatmal,2015,Mahagaon,Clinics,0
Yavatmal,2015,Mahagaon,Maternity Wards,0
Yavatmal,2015,Mahagaon,Number of Beds,0
Yavatmal,2015,Aarni,Clinics,6
Yavatmal,2015,Aarni,Maternity Wards,1
Yavatmal,2015,Aarni,Number of Beds,53
Yavatmal,2015,Ghantaji,Clinics,0
Yavatmal,2015,Ghantaji,Maternity Wards,0
Yavatmal,2015,Ghantaji,Number of Beds,0
Yavatmal,2015,Kelapur,Clinics,5
Yavatmal,2015,Kelapur,Maternity Wards,2
Yavatmal,2015,Kelapur,Number of Beds,71
Yavatmal,2015,Ralegaon,Clinics,1
Yavatmal,2015,Ralegaon,Maternity Wards,0
Yavatmal,2015,Ralegaon,Number of Beds,4
Yavatmal,2015,Maregaon,Clinics,0
Yavatmal,2015,Maregaon,Maternity Wards,0
Yavatmal,2015,Maregaon,Number of Beds,0
Yavatmal,2015,Zari Jamani,Clinics,0
Yavatmal,2015,Zari Jamani,Maternity Wards,0
Yavatmal,2015,Zari Jamani,Number of Beds,0
Yavatmal,2015,Vani,Clinics,9
Yavatmal,2015,Vani,Maternity Wards,4
Yavatmal,2015,Vani,Number of Beds,322
Yavatmal,2016,Ner,Clinics,0
Yavatmal,2016,Ner,Maternity Wards,0
Yavatmal,2016,Ner,Number of Beds,0
Yavatmal,2016,Babhulgaon,Clinics,0
Yavatmal,2016,Babhulgaon,Maternity Wards,0
Yavatmal,2016,Babhulgaon,Number of Beds,0
Yavatmal,2016,Kalamb,Clinics,0
Yavatmal,2016,Kalamb,Maternity Wards,0
Yavatmal,2016,Kalamb,Number of Beds,0
Yavatmal,2016,Yavatmal,Clinics,103
Yavatmal,2016,Yavatmal,Maternity Wards,26
Yavatmal,2016,Yavatmal,Number of Beds,1125
Yavatmal,2016,Darvha,Clinics,2
Yavatmal,2016,Darvha,Maternity Wards,2
Yavatmal,2016,Darvha,Number of Beds,4
Yavatmal,2016,Digras,Clinics,16
Yavatmal,2016,Digras,Maternity Wards,5
Yavatmal,2016,Digras,Number of Beds,60
Yavatmal,2016,Pusad,Clinics,44
Yavatmal,2016,Pusad,Maternity Wards,15
Yavatmal,2016,Pusad,Number of Beds,803
Yavatmal,2016,Umarkhed,Clinics,4
Yavatmal,2016,Umarkhed,Maternity Wards,4
Yavatmal,2016,Umarkhed,Number of Beds,53
Yavatmal,2016,Mahagaon,Clinics,0
Yavatmal,2016,Mahagaon,Maternity Wards,0
Yavatmal,2016,Mahagaon,Number of Beds,0
Yavatmal,2016,Aarni,Clinics,6
Yavatmal,2016,Aarni,Maternity Wards,1
Yavatmal,2016,Aarni,Number of Beds,53
Yavatmal,2016,Ghantaji,Clinics,0
Yavatmal,2016,Ghantaji,Maternity Wards,0
Yavatmal,2016,Ghantaji,Number of Beds,0
Yavatmal,2016,Kelapur,Clinics,5
Yavatmal,2016,Kelapur,Maternity Wards,2
Yavatmal,2016,Kelapur,Number of Beds,71
Yavatmal,2016,Ralegaon,Clinics,1
Yavatmal,2016,Ralegaon,Maternity Wards,0
Yavatmal,2016,Ralegaon,Number of Beds,4
Yavatmal,2016,Maregaon,Clinics,0
Yavatmal,2016,Maregaon,Maternity Wards,0
Yavatmal,2016,Maregaon,Number of Beds,0
Yavatmal,2016,Zari Jamani,Clinics,0
Yavatmal,2016,Zari Jamani,Maternity Wards,0
Yavatmal,2016,Zari Jamani,Number of Beds,0
Yavatmal,2016,Vani,Clinics,9
Yavatmal,2016,Vani,Maternity Wards,4
Yavatmal,2016,Vani,Number of Beds,322
Yavatmal,2017,Ner,Hospitals,0
Yavatmal,2017,Ner,Maternity Wards,0
Yavatmal,2017,Ner,Number of Beds,0
Yavatmal,2017,Babhulgaon,Hospitals,0
Yavatmal,2017,Babhulgaon,Maternity Wards,0
Yavatmal,2017,Babhulgaon,Number of Beds,0
Yavatmal,2017,Kalamb,Hospitals,0
Yavatmal,2017,Kalamb,Maternity Wards,0
Yavatmal,2017,Kalamb,Number of Beds,0
Yavatmal,2017,Yavatmal,Hospitals,108
Yavatmal,2017,Yavatmal,Maternity Wards,31
Yavatmal,2017,Yavatmal,Number of Beds,1158
Yavatmal,2017,Darvha,Hospitals,4
Yavatmal,2017,Darvha,Maternity Wards,2
Yavatmal,2017,Darvha,Number of Beds,12
Yavatmal,2017,Digras,Hospitals,25
Yavatmal,2017,Digras,Maternity Wards,9
Yavatmal,2017,Digras,Number of Beds,224
Yavatmal,2017,Pusad,Hospitals,53
Yavatmal,2017,Pusad,Maternity Wards,23
Yavatmal,2017,Pusad,Number of Beds,584
Yavatmal,2017,Umarkhed,Hospitals,11
Yavatmal,2017,Umarkhed,Maternity Wards,3
Yavatmal,2017,Umarkhed,Number of Beds,84
Yavatmal,2017,Mahagaon,Hospitals,13
Yavatmal,2017,Mahagaon,Maternity Wards,0
Yavatmal,2017,Mahagaon,Number of Beds,36
Yavatmal,2017,Aarni,Hospitals,9
Yavatmal,2017,Aarni,Maternity Wards,1
Yavatmal,2017,Aarni,Number of Beds,67
Yavatmal,2017,Ghantaji,Hospitals,0
Yavatmal,2017,Ghantaji,Maternity Wards,0
Yavatmal,2017,Ghantaji,Number of Beds,0
Yavatmal,2017,Kelapur,Hospitals,6
Yavatmal,2017,Kelapur,Maternity Wards,2
Yavatmal,2017,Kelapur,Number of Beds,91
Yavatmal,2017,Ralegaon,Hospitals,1
Yavatmal,2017,Ralegaon,Maternity Wards,0
Yavatmal,2017,Ralegaon,Number of Beds,0
Yavatmal,2017,Maregaon,Hospitals,0
Yavatmal,2017,Maregaon,Maternity Wards,0
Yavatmal,2017,Maregaon,Number of Beds,0
Yavatmal,2017,Zari Jamani,Hospitals,0
Yavatmal,2017,Zari Jamani,Maternity Wards,0
Yavatmal,2017,Zari Jamani,Number of Beds,0
Yavatmal,2017,Vani,Hospitals,17
Yavatmal,2017,Vani,Maternity Wards,6
Yavatmal,2017,Vani,Number of Beds,282
Yavatmal,2018,Ner,Hospitals,0
Yavatmal,2018,Ner,Maternity Wards,0
Yavatmal,2018,Ner,Number of Beds,0
Yavatmal,2018,Babhulgaon,Hospitals,0
Yavatmal,2018,Babhulgaon,Maternity Wards,0
Yavatmal,2018,Babhulgaon,Number of Beds,0
Yavatmal,2018,Kalamb,Hospitals,0
Yavatmal,2018,Kalamb,Maternity Wards,0
Yavatmal,2018,Kalamb,Number of Beds,0
Yavatmal,2018,Yavatmal,Hospitals,108
Yavatmal,2018,Yavatmal,Maternity Wards,31
Yavatmal,2018,Yavatmal,Number of Beds,1158
Yavatmal,2018,Darvha,Hospitals,4
Yavatmal,2018,Darvha,Maternity Wards,2
Yavatmal,2018,Darvha,Number of Beds,12
Yavatmal,2018,Digras,Hospitals,25
Yavatmal,2018,Digras,Maternity Wards,9
Yavatmal,2018,Digras,Number of Beds,224
Yavatmal,2018,Pusad,Hospitals,53
Yavatmal,2018,Pusad,Maternity Wards,23
Yavatmal,2018,Pusad,Number of Beds,584
Yavatmal,2018,Umarkhed,Hospitals,11
Yavatmal,2018,Umarkhed,Maternity Wards,3
Yavatmal,2018,Umarkhed,Number of Beds,84
Yavatmal,2018,Mahagaon,Hospitals,13
Yavatmal,2018,Mahagaon,Maternity Wards,0
Yavatmal,2018,Mahagaon,Number of Beds,36
Yavatmal,2018,Aarni,Hospitals,9
Yavatmal,2018,Aarni,Maternity Wards,1
Yavatmal,2018,Aarni,Number of Beds,67
Yavatmal,2018,Ghantaji,Hospitals,0
Yavatmal,2018,Ghantaji,Maternity Wards,0
Yavatmal,2018,Ghantaji,Number of Beds,0
Yavatmal,2018,Kelapur,Hospitals,6
Yavatmal,2018,Kelapur,Maternity Wards,2
Yavatmal,2018,Kelapur,Number of Beds,91
Yavatmal,2018,Ralegaon,Hospitals,1
Yavatmal,2018,Ralegaon,Maternity Wards,0
Yavatmal,2018,Ralegaon,Number of Beds,0
Yavatmal,2018,Maregaon,Hospitals,0
Yavatmal,2018,Maregaon,Maternity Wards,0
Yavatmal,2018,Maregaon,Number of Beds,0
Yavatmal,2018,Zari Jamani,Hospitals,0
Yavatmal,2018,Zari Jamani,Maternity Wards,0
Yavatmal,2018,Zari Jamani,Number of Beds,0
Yavatmal,2018,Vani,Hospitals,17
Yavatmal,2018,Vani,Maternity Wards,6
Yavatmal,2018,Vani,Number of Beds,282
Yavatmal,2019,Ner,Hospitals,0
Yavatmal,2019,Ner,"Specialty Hospitals (Cancer, TB, etc)",0
Yavatmal,2019,Ner,Clinics,0
Yavatmal,2019,Ner,Maternity Wards,0
Yavatmal,2019,Ner,Number of Beds,0
Yavatmal,2019,Babhulgaon,Hospitals,0
Yavatmal,2019,Babhulgaon,"Specialty Hospitals (Cancer, TB, etc)",0
Yavatmal,2019,Babhulgaon,Clinics,0
Yavatmal,2019,Babhulgaon,Maternity Wards,0
Yavatmal,2019,Babhulgaon,Number of Beds,0
Yavatmal,2019,Kalamb,Hospitals,0
Yavatmal,2019,Kalamb,"Specialty Hospitals (Cancer, TB, etc)",0
Yavatmal,2019,Kalamb,Clinics,0
Yavatmal,2019,Kalamb,Maternity Wards,0
Yavatmal,2019,Kalamb,Number of Beds,0
Yavatmal,2019,Yavatmal,Hospitals,86
Yavatmal,2019,Yavatmal,"Specialty Hospitals (Cancer, TB, etc)",0
Yavatmal,2019,Yavatmal,Clinics,0
Yavatmal,2019,Yavatmal,Maternity Wards,27
Yavatmal,2019,Yavatmal,Number of Beds,1400
Yavatmal,2019,Darvha,Hospitals,2
Yavatmal,2019,Darvha,"Specialty Hospitals (Cancer, TB, etc)",0
Yavatmal,2019,Darvha,Clinics,0
Yavatmal,2019,Darvha,Maternity Wards,2
Yavatmal,2019,Darvha,Number of Beds,23
Yavatmal,2019,Digras,Hospitals,26
Yavatmal,2019,Digras,"Specialty Hospitals (Cancer, TB, etc)",0
Yavatmal,2019,Digras,Clinics,0
Yavatmal,2019,Digras,Maternity Wards,12
Yavatmal,2019,Digras,Number of Beds,298
Yavatmal,2019,Pusad,Hospitals,55
Yavatmal,2019,Pusad,"Specialty Hospitals (Cancer, TB, etc)",0
Yavatmal,2019,Pusad,Clinics,0
Yavatmal,2019,Pusad,Maternity Wards,24
Yavatmal,2019,Pusad,Number of Beds,1043
Yavatmal,2019,Umarkhed,Hospitals,13
Yavatmal,2019,Umarkhed,"Specialty Hospitals (Cancer, TB, etc)",0
Yavatmal,2019,Umarkhed,Clinics,0
Yavatmal,2019,Umarkhed,Maternity Wards,5
Yavatmal,2019,Umarkhed,Number of Beds,139
Yavatmal,2019,Mahagaon,Hospitals,17
Yavatmal,2019,Mahagaon,"Specialty Hospitals (Cancer, TB, etc)",0
Yavatmal,2019,Mahagaon,Clinics,0
Yavatmal,2019,Mahagaon,Maternity Wards,0
Yavatmal,2019,Mahagaon,Number of Beds,55
Yavatmal,2019,Aarni,Hospitals,8
Yavatmal,2019,Aarni,"Specialty Hospitals (Cancer, TB, etc)",0
Yavatmal,2019,Aarni,Clinics,0
Yavatmal,2019,Aarni,Maternity Wards,1
Yavatmal,2019,Aarni,Number of Beds,67
Yavatmal,2019,Ghantaji,Hospitals,0
Yavatmal,2019,Ghantaji,"Specialty Hospitals (Cancer, TB, etc)",0
Yavatmal,2019,Ghantaji,Clinics,0
Yavatmal,2019,Ghantaji,Maternity Wards,0
Yavatmal,2019,Ghantaji,Number of Beds,0
Yavatmal,2019,Kelapur,Hospitals,5
Yavatmal,2019,Kelapur,"Specialty Hospitals (Cancer, TB, etc)",0
Yavatmal,2019,Kelapur,Clinics,0
Yavatmal,2019,Kelapur,Maternity Wards,0
Yavatmal,2019,Kelapur,Number of Beds,136
Yavatmal,2019,Ralegaon,Hospitals,0
Yavatmal,2019,Ralegaon,"Specialty Hospitals (Cancer, TB, etc)",0
Yavatmal,2019,Ralegaon,Clinics,0
Yavatmal,2019,Ralegaon,Maternity Wards,0
Yavatmal,2019,Ralegaon,Number of Beds,0
Yavatmal,2019,Maregaon,Hospitals,0
Yavatmal,2019,Maregaon,"Specialty Hospitals (Cancer, TB, etc)",0
Yavatmal,2019,Maregaon,Clinics,0
Yavatmal,2019,Maregaon,Maternity Wards,0
Yavatmal,2019,Maregaon,Number of Beds,0
Yavatmal,2019,Zari Jamani,Hospitals,0
Yavatmal,2019,Zari Jamani,"Specialty Hospitals (Cancer, TB, etc)",0
Yavatmal,2019,Zari Jamani,Clinics,0
Yavatmal,2019,Zari Jamani,Maternity Wards,0
Yavatmal,2019,Zari Jamani,Number of Beds,0
Yavatmal,2019,Vani,Hospitals,14
Yavatmal,2019,Vani,"Specialty Hospitals (Cancer, TB, etc)",0
Yavatmal,2019,Vani,Clinics,0
Yavatmal,2019,Vani,Maternity Wards,8
Yavatmal,2019,Vani,Number of Beds,258
Yavatmal,2020,Ner,Hospitals,0
Yavatmal,2020,Ner,"Specialty Hospitals (Cancer, TB, etc)",0
Yavatmal,2020,Ner,Clinics,0
Yavatmal,2020,Ner,Maternity Wards,0
Yavatmal,2020,Ner,Number of Beds,0
Yavatmal,2020,Babhulgaon,Hospitals,0
Yavatmal,2020,Babhulgaon,"Specialty Hospitals (Cancer, TB, etc)",0
Yavatmal,2020,Babhulgaon,Clinics,0
Yavatmal,2020,Babhulgaon,Maternity Wards,0
Yavatmal,2020,Babhulgaon,Number of Beds,0
Yavatmal,2020,Kalamb,Hospitals,0
Yavatmal,2020,Kalamb,"Specialty Hospitals (Cancer, TB, etc)",0
Yavatmal,2020,Kalamb,Clinics,0
Yavatmal,2020,Kalamb,Maternity Wards,0
Yavatmal,2020,Kalamb,Number of Beds,0
Yavatmal,2020,Yavatmal,Hospitals,109
Yavatmal,2020,Yavatmal,"Specialty Hospitals (Cancer, TB, etc)",0
Yavatmal,2020,Yavatmal,Clinics,0
Yavatmal,2020,Yavatmal,Maternity Wards,31
Yavatmal,2020,Yavatmal,Number of Beds,3164
Yavatmal,2020,Darvha,Hospitals,4
Yavatmal,2020,Darvha,"Specialty Hospitals (Cancer, TB, etc)",0
Yavatmal,2020,Darvha,Clinics,0
Yavatmal,2020,Darvha,Maternity Wards,4
Yavatmal,2020,Darvha,Number of Beds,30
Yavatmal,2020,Digras,Hospitals,25
Yavatmal,2020,Digras,"Specialty Hospitals (Cancer, TB, etc)",0
Yavatmal,2020,Digras,Clinics,0
Yavatmal,2020,Digras,Maternity Wards,9
Yavatmal,2020,Digras,Number of Beds,224
Yavatmal,2020,Pusad,Hospitals,53
Yavatmal,2020,Pusad,"Specialty Hospitals (Cancer, TB, etc)",0
Yavatmal,2020,Pusad,Clinics,0
Yavatmal,2020,Pusad,Maternity Wards,23
Yavatmal,2020,Pusad,Number of Beds,619
Yavatmal,2020,Umarkhed,Hospitals,11
Yavatmal,2020,Umarkhed,"Specialty Hospitals (Cancer, TB, etc)",0
Yavatmal,2020,Umarkhed,Clinics,0
Yavatmal,2020,Umarkhed,Maternity Wards,3
Yavatmal,2020,Umarkhed,Number of Beds,179
Yavatmal,2020,Mahagaon,Hospitals,13
Yavatmal,2020,Mahagaon,"Specialty Hospitals (Cancer, TB, etc)",0
Yavatmal,2020,Mahagaon,Clinics,0
Yavatmal,2020,Mahagaon,Maternity Wards,0
Yavatmal,2020,Mahagaon,Number of Beds,60
Yavatmal,2020,Aarni,Hospitals,9
Yavatmal,2020,Aarni,"Specialty Hospitals (Cancer, TB, etc)",0
Yavatmal,2020,Aarni,Clinics,0
Yavatmal,2020,Aarni,Maternity Wards,1
Yavatmal,2020,Aarni,Number of Beds,67
Yavatmal,2020,Ghantaji,Hospitals,0
Yavatmal,2020,Ghantaji,"Specialty Hospitals (Cancer, TB, etc)",0
Yavatmal,2020,Ghantaji,Clinics,0
Yavatmal,2020,Ghantaji,Maternity Wards,0
Yavatmal,2020,Ghantaji,Number of Beds,0
Yavatmal,2020,Kelapur,Hospitals,6
Yavatmal,2020,Kelapur,"Specialty Hospitals (Cancer, TB, etc)",0
Yavatmal,2020,Kelapur,Clinics,0
Yavatmal,2020,Kelapur,Maternity Wards,2
Yavatmal,2020,Kelapur,Number of Beds,141
Yavatmal,2020,Ralegaon,Hospitals,1
Yavatmal,2020,Ralegaon,"Specialty Hospitals (Cancer, TB, etc)",0
Yavatmal,2020,Ralegaon,Clinics,0
Yavatmal,2020,Ralegaon,Maternity Wards,0
Yavatmal,2020,Ralegaon,Number of Beds,0
Yavatmal,2020,Maregaon,Hospitals,0
Yavatmal,2020,Maregaon,"Specialty Hospitals (Cancer, TB, etc)",0
Yavatmal,2020,Maregaon,Clinics,0
Yavatmal,2020,Maregaon,Maternity Wards,0
Yavatmal,2020,Maregaon,Number of Beds,0
Yavatmal,2020,Zari Jamani,Hospitals,0
Yavatmal,2020,Zari Jamani,"Specialty Hospitals (Cancer, TB, etc)",0
Yavatmal,2020,Zari Jamani,Clinics,0
Yavatmal,2020,Zari Jamani,Maternity Wards,0
Yavatmal,2020,Zari Jamani,Number of Beds,0
Yavatmal,2020,Vani,Hospitals,17
Yavatmal,2020,Vani,"Specialty Hospitals (Cancer, TB, etc)",0
Yavatmal,2020,Vani,Clinics,0
Yavatmal,2020,Vani,Maternity Wards,6
Yavatmal,2020,Vani,Number of Beds,282
Yavatmal,2021,Ner,Hospitals,0
Yavatmal,2021,Ner,"Specialty Hospitals (Cancer, TB, etc)",0
Yavatmal,2021,Ner,Clinics,0
Yavatmal,2021,Ner,Maternity Wards,0
Yavatmal,2021,Ner,Number of Beds,0
Yavatmal,2021,Babhulgaon,Hospitals,0
Yavatmal,2021,Babhulgaon,"Specialty Hospitals (Cancer, TB, etc)",0
Yavatmal,2021,Babhulgaon,Clinics,0
Yavatmal,2021,Babhulgaon,Maternity Wards,0
Yavatmal,2021,Babhulgaon,Number of Beds,0
Yavatmal,2021,Kalamb,Hospitals,0
Yavatmal,2021,Kalamb,"Specialty Hospitals (Cancer, TB, etc)",0
Yavatmal,2021,Kalamb,Clinics,0
Yavatmal,2021,Kalamb,Maternity Wards,0
Yavatmal,2021,Kalamb,Number of Beds,0
Yavatmal,2021,Yavatmal,Hospitals,108
Yavatmal,2021,Yavatmal,"Specialty Hospitals (Cancer, TB, etc)",2
Yavatmal,2021,Yavatmal,Clinics,0
Yavatmal,2021,Yavatmal,Maternity Wards,31
Yavatmal,2021,Yavatmal,Number of Beds,1158
Yavatmal,2021,Darvha,Hospitals,4
Yavatmal,2021,Darvha,"Specialty Hospitals (Cancer, TB, etc)",0
Yavatmal,2021,Darvha,Clinics,0
Yavatmal,2021,Darvha,Maternity Wards,2
Yavatmal,2021,Darvha,Number of Beds,12
Yavatmal,2021,Digras,Hospitals,25
Yavatmal,2021,Digras,"Specialty Hospitals (Cancer, TB, etc)",0
Yavatmal,2021,Digras,Clinics,0
Yavatmal,2021,Digras,Maternity Wards,9
Yavatmal,2021,Digras,Number of Beds,224
Yavatmal,2021,Pusad,Hospitals,53
Yavatmal,2021,Pusad,"Specialty Hospitals (Cancer, TB, etc)",0
Yavatmal,2021,Pusad,Clinics,0
Yavatmal,2021,Pusad,Maternity Wards,23
Yavatmal,2021,Pusad,Number of Beds,584
Yavatmal,2021,Umarkhed,Hospitals,11
Yavatmal,2021,Umarkhed,"Specialty Hospitals (Cancer, TB, etc)",0
Yavatmal,2021,Umarkhed,Clinics,0
Yavatmal,2021,Umarkhed,Maternity Wards,3
Yavatmal,2021,Umarkhed,Number of Beds,84
Yavatmal,2021,Mahagaon,Hospitals,13
Yavatmal,2021,Mahagaon,"Specialty Hospitals (Cancer, TB, etc)",0
Yavatmal,2021,Mahagaon,Clinics,0
Yavatmal,2021,Mahagaon,Maternity Wards,0
Yavatmal,2021,Mahagaon,Number of Beds,36
Yavatmal,2021,Aarni,Hospitals,9
Yavatmal,2021,Aarni,"Specialty Hospitals (Cancer, TB, etc)",0
Yavatmal,2021,Aarni,Clinics,0
Yavatmal,2021,Aarni,Maternity Wards,1
Yavatmal,2021,Aarni,Number of Beds,67
Yavatmal,2021,Ghantaji,Hospitals,0
Yavatmal,2021,Ghantaji,"Specialty Hospitals (Cancer, TB, etc)",0
Yavatmal,2021,Ghantaji,Clinics,0
Yavatmal,2021,Ghantaji,Maternity Wards,0
Yavatmal,2021,Ghantaji,Number of Beds,0
Yavatmal,2021,Kelapur,Hospitals,6
Yavatmal,2021,Kelapur,"Specialty Hospitals (Cancer, TB, etc)",0
Yavatmal,2021,Kelapur,Clinics,0
Yavatmal,2021,Kelapur,Maternity Wards,2
Yavatmal,2021,Kelapur,Number of Beds,91
Yavatmal,2021,Ralegaon,Hospitals,1
Yavatmal,2021,Ralegaon,"Specialty Hospitals (Cancer, TB, etc)",0
Yavatmal,2021,Ralegaon,Clinics,0
Yavatmal,2021,Ralegaon,Maternity Wards,0
Yavatmal,2021,Ralegaon,Number of Beds,0
Yavatmal,2021,Maregaon,Hospitals,0
Yavatmal,2021,Maregaon,"Specialty Hospitals (Cancer, TB, etc)",0
Yavatmal,2021,Maregaon,Clinics,0
Yavatmal,2021,Maregaon,Maternity Wards,0
Yavatmal,2021,Maregaon,Number of Beds,0
Yavatmal,2021,Zari Jamani,Hospitals,0
Yavatmal,2021,Zari Jamani,"Specialty Hospitals (Cancer, TB, etc)",0
Yavatmal,2021,Zari Jamani,Clinics,0
Yavatmal,2021,Zari Jamani,Maternity Wards,0
Yavatmal,2021,Zari Jamani,Number of Beds,0
Yavatmal,2021,Vani,Hospitals,17
Yavatmal,2021,Vani,"Specialty Hospitals (Cancer, TB, etc)",0
Yavatmal,2021,Vani,Clinics,0
Yavatmal,2021,Vani,Maternity Wards,6
Yavatmal,2021,Vani,Number of Beds,282
