District,Year,Taluka,Rural/Urban,DPT,Polio,BCG,Measles,D.T,Tetanus 10 years,Tetanus 16 years,Tetanus Pregnant Women,Pentavalent-3
Ahilyanagar,2012,Akole,Rural,4993,4993,4800,4946,4609,5767,5411,4938,
Ahilyanagar,2012,Akole,Urban,,,,,,,,,
Ahilyanagar,2012,Akole,Total,5136,5136,5390,5121,4609,5767,5411,5099,
Ahilyanagar,2012,Sangamner,Rural,7126,7126,6745,7283,6326,7131,7425,7187,
Ahilyanagar,2012,Sangamner,Urban,,,,,,,,,
Ahilyanagar,2012,Sangamner,Total,8454,8454,8383,8481,7329,8145,8383,8009,
Ahilyanagar,2012,Kopargaon,Rural,4611,4611,4180,4445,4617,4723,5014,4421,
Ahilyanagar,2012,Kopargaon,Urban,,,,,,,,,
Ahilyanagar,2012,Kopargaon,Total,5714,5714,5969,5695,5544,5060,5906,8278,
Ahilyanagar,2012,Rahata,Rural,4531,4531,4509,4504,4520,4925,5466,4877,
Ahilyanagar,2012,Rahata,Urban,,,,,,,,,
Ahilyanagar,2012,Rahata,Total,5629,5629,5697,5739,5159,6153,6278,5798,
Ahilyanagar,2012,Srirampur,Rural,3628,3628,3494,3513,3236,3864,3702,3440,
Ahilyanagar,2012,Srirampur,Urban,,,,,,,,,
Ahilyanagar,2012,Srirampur,Total,5683,5683,5199,5354,4361,4949,4635,4559,
Ahilyanagar,2012,Nevasa,Rural,6341,6341,5527,6382,4548,5906,5610,5672,
Ahilyanagar,2012,Nevasa,Urban,,,,,,,,,
Ahilyanagar,2012,Nevasa,Total,6406,6406,5608,6454,4548,5906,5610,6137,
Ahilyanagar,2012,Shevgaon,Rural,4281,4281,4259,4251,4305,4843,4680,4250,
Ahilyanagar,2012,Shevgaon,Urban,,,,,,,,,
Ahilyanagar,2012,Shevgaon,Total,4281,4281,4259,4251,4305,4843,4680,4382,
Ahilyanagar,2012,Pathardi,Rural,4058,4058,3646,3881,4034,4476,3849,3835,
Ahilyanagar,2012,Pathardi,Urban,,,,,,,,,
Ahilyanagar,2012,Pathardi,Total,4658,4638,4467,4396,4034,4999,4183,4270,
Ahilyanagar,2012,Nagar,Rural,5671,5671,5440,5539,4897,5700,5360,5516,
Ahilyanagar,2012,Nagar,Urban,,,,,,,,,
Ahilyanagar,2012,Nagar,Total,6717,6717,7854,7328,5433,6073,5509,6324,
Ahilyanagar,2012,Rahuri,Rural,4897,5003,4664,4811,4373,4984,3982,5017,
Ahilyanagar,2012,Rahuri,Urban,,,,,,,,,
Ahilyanagar,2012,Rahuri,Total,5083,5083,4861,4990,4451,5256,4563,5761,
Ahilyanagar,2012,Parner,Rural,4327,4327,4063,4332,3904,4220,4448,4520,
Ahilyanagar,2012,Parner,Urban,,,,,,,,,
Ahilyanagar,2012,Parner,Total,4327,4327,4109,4332,3904,4220,4448,4678,
Ahilyanagar,2012,Srigonda,Rural,5114,5114,4928,5062,4608,5319,5174,5231,
Ahilyanagar,2012,Srigonda,Urban,,,,,,,,,
Ahilyanagar,2012,Srigonda,Total,5541,5541,5432,5635,4863,5557,5404,5754,
Ahilyanagar,2012,Karjat,Rural,3865,3865,3651,3859,3998,4525,4281,3699,
Ahilyanagar,2012,Karjat,Urban,,,,,,,,,
Ahilyanagar,2012,Karjat,Total,4074,4074,3948,4045,3998,4525,4281,3845,
Ahilyanagar,2012,Jamkhed,Rural,2637,2637,2523,2504,2249,2574,2435,2448,
Ahilyanagar,2012,Jamkhed,Urban,,,,,,,,,
Ahilyanagar,2012,Jamkhed,Total,2637,2637,2523,2504,2249,2574,2435,2448,
Ahilyanagar,2013,Akole,Rural,5378,5292,6092,5336,4609,5810,6041,4493,
Ahilyanagar,2013,Akole,Urban,,,,,,,,,
Ahilyanagar,2013,Akole,Total,5545,5459,6728,5518,4609,5810,6041,4607,
Ahilyanagar,2013,Sangamner,Rural,8143,8125,7857,8083,6326,7530,7756,7357,
Ahilyanagar,2013,Sangamner,Urban,,,,,,,,,
Ahilyanagar,2013,Sangamner,Total,8724,8706,8784,8667,6961,8229,8319,8208,
Ahilyanagar,2013,Kopargaon,Rural,5485,5489,5677,5302,4617,5467,5863,5322,
Ahilyanagar,2013,Kopargaon,Urban,,,,,,,,,
Ahilyanagar,2013,Kopargaon,Total,6425,6429,6975,6275,5158,5960,6351,6929,
Ahilyanagar,2013,Rahata,Rural,6022,6008,6078,6042,4520,5339,5650,5748,
Ahilyanagar,2013,Rahata,Urban,,,,,,,,,
Ahilyanagar,2013,Rahata,Total,7067,7054,7190,7103,5095,5996,6177,6688,
Ahilyanagar,2013,Srirampur,Rural,4993,4997,5019,5125,3236,4661,3917,3841,
Ahilyanagar,2013,Srirampur,Urban,,,,,,,,,
Ahilyanagar,2013,Srirampur,Total,6321,6325,6480,6676,4363,5650,4794,4507,
Ahilyanagar,2013,Nevasa,Rural,6634,6650,7028,6710,4548,5865,4523,5526,
Ahilyanagar,2013,Nevasa,Urban,,,,,,,,,
Ahilyanagar,2013,Nevasa,Total,6970,6986,7240,6842,4548,5885,4536,6514,
Ahilyanagar,2013,Shevgaon,Rural,5333,5340,5049,5249,4305,4718,5006,4360,
Ahilyanagar,2013,Shevgaon,Urban,,,,,,,,,
Ahilyanagar,2013,Shevgaon,Total,5333,5340,5049,5249,4305,4718,5006,4524,
Ahilyanagar,2013,Pathardi,Rural,5073,5091,5125,5215,4034,4512,4410,3141,
Ahilyanagar,2013,Pathardi,Urban,,,,,,,,,
Ahilyanagar,2013,Pathardi,Total,5564,5582,5757,5742,4529,5104,4650,3358,
Ahilyanagar,2013,Nagar,Rural,6592,6553,8297,6447,4897,5061,5387,5561,
Ahilyanagar,2013,Nagar,Urban,,,,,,,,,
Ahilyanagar,2013,Nagar,Total,7346,7307,10827,7139,5208,5169,5488,6411,
Ahilyanagar,2013,Rahuri,Rural,5689,5653,5946,5499,3973,4998,4325,5276,
Ahilyanagar,2013,Rahuri,Urban,,,,,,,,,
Ahilyanagar,2013,Rahuri,Total,6370,6334,6660,6083,4437,5690,4790,6352,
Ahilyanagar,2013,Parner,Rural,4439,4393,4361,4556,3904,3530,3197,4094,
Ahilyanagar,2013,Parner,Urban,,,,,,,,,
Ahilyanagar,2013,Parner,Total,4439,4393,4361,4556,3904,3530,3197,4202,
Ahilyanagar,2013,Srigonda,Rural,5922,5923,5534,5903,4608,5491,5598,5167,
Ahilyanagar,2013,Srigonda,Urban,,,,,,,,,
Ahilyanagar,2013,Srigonda,Total,6369,6370,5989,6563,4746,5580,5676,5542,
Ahilyanagar,2013,Karjat,Rural,4035,4049,3781,3963,3998,3928,3958,3409,
Ahilyanagar,2013,Karjat,Urban,,,,,,,,,
Ahilyanagar,2013,Karjat,Total,4136,4150,3893,4061,3998,3928,3958,3584,
Ahilyanagar,2013,Jamkhed,Rural,2851,2850,2766,2963,2249,2837,2821,2572,
Ahilyanagar,2013,Jamkhed,Urban,,,,,,,,,
Ahilyanagar,2013,Jamkhed,Total,2851,2850,2766,2963,2249,2837,2821,3242,
Ahilyanagar,2014,Akole,Rural,14017,16958,5091,9442,4709,4631,5610,7645,
Ahilyanagar,2014,Akole,Urban,,,,,,,,,
Ahilyanagar,2014,Akole,Total,14044,16985,5143,9471,4714,4646,5624,7728,
Ahilyanagar,2014,Sangamner,Rural,25832,30703,6421,16450,7750,8382,8559,13373,
Ahilyanagar,2014,Sangamner,Urban,,,,,,,,,
Ahilyanagar,2014,Sangamner,Total,27401,32164,7800,18238,8883,10011,10116,14866,
Ahilyanagar,2014,Kopargaon,Rural,16055,18761,5552,10254,4998,4809,4902,7829,
Ahilyanagar,2014,Kopargaon,Urban,,,,,,,,,
Ahilyanagar,2014,Kopargaon,Total,17121,19796,7090,10411,5778,5523,5619,8826,
Ahilyanagar,2014,Rahata,Rural,18048,22731,6005,11889,5873,5969,6492,10010,
Ahilyanagar,2014,Rahata,Urban,,,,,,,,,
Ahilyanagar,2014,Rahata,Total,19231,23807,7314,13107,6963,7131,8317,11452,
Ahilyanagar,2014,Srirampur,Rural,17198,19477,4832,11055,5504,4427,4611,6385,
Ahilyanagar,2014,Srirampur,Urban,,,,,,,,,
Ahilyanagar,2014,Srirampur,Total,19216,21495,6438,13179,6960,5603,5868,7055,
Ahilyanagar,2014,Nevasa,Rural,19800,22016,5571,11884,5825,4876,3584,9733,
Ahilyanagar,2014,Nevasa,Urban,,,,,,,,,
Ahilyanagar,2014,Nevasa,Total,20075,22291,6087,11992,5897,4891,3597,10195,
Ahilyanagar,2014,Shevgaon,Rural,15899,19097,4465,9444,4802,4649,5965,7707,
Ahilyanagar,2014,Shevgaon,Urban,,,,,,,,,
Ahilyanagar,2014,Shevgaon,Total,15899,19097,4465,9444,4802,4649,5965,7707,
Ahilyanagar,2014,Pathardi,Rural,13889,16942,4561,8460,4281,4094,3977,5644,
Ahilyanagar,2014,Pathardi,Urban,,,,,,,,,
Ahilyanagar,2014,Pathardi,Total,14357,17418,5397,8898,4782,4670,4571,5936,
Ahilyanagar,2014,Nagar,Rural,19127,24079,8508,12142,5916,5273,5699,9276,
Ahilyanagar,2014,Nagar,Urban,,,,,,,,,
Ahilyanagar,2014,Nagar,Total,20028,24972,12192,12894,6167,5330,5758,10964,
Ahilyanagar,2014,Rahuri,Rural,17438,19990,5105,11287,5383,6273,5490,9819,
Ahilyanagar,2014,Rahuri,Urban,,,,,,,,,
Ahilyanagar,2014,Rahuri,Total,18319,20871,6056,12197,6505,7284,6727,10750,
Ahilyanagar,2014,Parner,Rural,13905,16989,4366,8880,4418,3912,4004,7436,
Ahilyanagar,2014,Parner,Urban,,,,,,,,,
Ahilyanagar,2014,Parner,Total,13905,16989,4366,8880,4418,3912,4004,7813,
Ahilyanagar,2014,Srigonda,Rural,17039,18975,5313,11096,5430,4742,4489,8551,
Ahilyanagar,2014,Srigonda,Urban,,,,,,,,,
Ahilyanagar,2014,Srigonda,Total,17491,19452,5714,11736,5513,4908,4629,8901,
Ahilyanagar,2014,Karjat,Rural,12334,14910,2919,7501,3665,3833,3258,5892,
Ahilyanagar,2014,Karjat,Urban,,,,,,,,,
Ahilyanagar,2014,Karjat,Total,12406,14982,3031,7585,3665,3833,3258,6242,
Ahilyanagar,2014,Jamkhed,Rural,8352,9880,2250,4663,2591,2262,1896,4301,
Ahilyanagar,2014,Jamkhed,Urban,,,,,,,,,
Ahilyanagar,2014,Jamkhed,Total,8352,9880,2250,4663,2591,2262,1896,4672,
Ahilyanagar,2015,Akole,Rural,14467,17225,4925,9376,4757,5150,5724,7748,
Ahilyanagar,2015,Akole,Urban,,,,,,,,,
Ahilyanagar,2015,Akole,Total,14467,17225,4925,9376,4757,5150,5724,7748,
Ahilyanagar,2015,Sangamner,Rural,25901,29224,7331,17782,8981,8107,8698,14000,
Ahilyanagar,2015,Sangamner,Urban,,,,,,,,,
Ahilyanagar,2015,Sangamner,Total,27571,30894,8488,19704,10831,9785,10505,17151,
Ahilyanagar,2015,Kopargaon,Rural,16681,18712,5184,10399,5164,4586,4490,7333,
Ahilyanagar,2015,Kopargaon,Urban,,,,,,,,,
Ahilyanagar,2015,Kopargaon,Total,17616,19856,6584,11574,5819,5143,5019,8837,
Ahilyanagar,2015,Rahata,Rural,18804,22724,5706,12254,6065,6195,6332,9864,
Ahilyanagar,2015,Rahata,Urban,,,,,,,,,
Ahilyanagar,2015,Rahata,Total,20060,24107,6957,13680,7413,7632,7791,11978,
Ahilyanagar,2015,Srirampur,Rural,16684,17678,4760,11226,5638,5459,5045,6191,
Ahilyanagar,2015,Srirampur,Urban,,,,,,,,,
Ahilyanagar,2015,Srirampur,Total,18340,19408,6382,13301,7332,7003,6384,6988,
Ahilyanagar,2015,Nevasa,Rural,19929,22321,5896,11983,5890,6075,5655,9734,
Ahilyanagar,2015,Nevasa,Urban,,,,,,,,,
Ahilyanagar,2015,Nevasa,Total,19929,22321,5896,11983,5890,6075,5655,9734,
Ahilyanagar,2015,Shevgaon,Rural,14089,17350,4409,8880,4322,4171,4798,6237,
Ahilyanagar,2015,Shevgaon,Urban,,,,,,,,,
Ahilyanagar,2015,Shevgaon,Total,14089,17350,4409,8880,4322,4171,4798,6237,
Ahilyanagar,2015,Pathardi,Rural,14251,17028,4475,8800,4293,4760,5009,6082,
Ahilyanagar,2015,Pathardi,Urban,,,,,,,,,
Ahilyanagar,2015,Pathardi,Total,14679,17592,5313,9499,4555,5063,5777,6522,
Ahilyanagar,2015,Nagar,Rural,18927,25269,9749,12159,6010,5451,5516,9293,
Ahilyanagar,2015,Nagar,Urban,,,,,,,,,
Ahilyanagar,2015,Nagar,Total,18927,25269,9749,12159,6010,5451,5516,9293,
Ahilyanagar,2015,Rahuri,Rural,19179,21495,5921,12413,6116,6081,5735,9792,
Ahilyanagar,2015,Rahuri,Urban,,,,,,,,,
Ahilyanagar,2015,Rahuri,Total,20297,22668,6994,13604,7450,7023,6674,11628,
Ahilyanagar,2015,Parner,Rural,14855,18025,4579,9058,4388,4191,4082,7767,
Ahilyanagar,2015,Parner,Urban,,,,,,,,,
Ahilyanagar,2015,Parner,Total,14855,18025,4579,9058,4388,4191,4082,7767,
Ahilyanagar,2015,Srigonda,Rural,17006,18282,4943,10876,5375,4707,4680,7980,
Ahilyanagar,2015,Srigonda,Urban,,,,,,,,,
Ahilyanagar,2015,Srigonda,Total,17460,18736,5440,11466,5753,5046,6224,8866,
Ahilyanagar,2015,Karjat,Rural,13836,16616,3876,8529,4120,4580,4215,5959,
Ahilyanagar,2015,Karjat,Urban,,,,,,,,,
Ahilyanagar,2015,Karjat,Total,13836,16616,3876,8529,4120,4580,4215,5959,
Ahilyanagar,2015,Jamkhed,Rural,9195,10000,2675,5600,2747,2644,2742,4209,
Ahilyanagar,2015,Jamkhed,Urban,,,,,,,,,
Ahilyanagar,2015,Jamkhed,Total,9195,10000,2675,5600,2747,2644,2742,4209,
Ahilyanagar,2016,Akole,Rural,14396,14460,4834,9029,4587,5829,5940,7327,
Ahilyanagar,2016,Akole,Urban,,,,,,,,,
Ahilyanagar,2016,Akole,Total,14396,14460,4834,9029,4587,5829,5940,7327,
Ahilyanagar,2016,Sangamner,Rural,25128,23853,7568,15742,7769,9058,9101,12839,
Ahilyanagar,2016,Sangamner,Urban,,,,,,,,,
Ahilyanagar,2016,Sangamner,Total,26463,25188,9043,17037,8994,10322,10041,15122,
Ahilyanagar,2016,Kopargaon,Rural,15497,15037,4993,10051,5246,5381,5363,7263,
Ahilyanagar,2016,Kopargaon,Urban,,,,,,,,,
Ahilyanagar,2016,Kopargaon,Total,16646,16186,6155,11218,6706,6353,6395,8718,
Ahilyanagar,2016,Rahata,Rural,19451,19318,5920,12822,6247,7632,6799,9886,
Ahilyanagar,2016,Rahata,Urban,,,,,,,,,
Ahilyanagar,2016,Rahata,Total,21263,21130,7726,14584,7886,9436,8114,12532,
Ahilyanagar,2016,Srirampur,Rural,15305,15388,4656,9812,4651,5447,5204,6027,
Ahilyanagar,2016,Srirampur,Urban,,,,,,,,,
Ahilyanagar,2016,Srirampur,Total,17249,17332,6337,11802,6051,7083,6761,6940,
Ahilyanagar,2016,Nevasa,Rural,18637,18589,5513,12083,4745,6334,5728,9050,
Ahilyanagar,2016,Nevasa,Urban,,,,,,,,,
Ahilyanagar,2016,Nevasa,Total,18637,18589,5513,12083,4745,6334,5728,9050,
Ahilyanagar,2016,Shevgaon,Rural,12780,12803,4044,8142,4200,4647,3267,6258,
Ahilyanagar,2016,Shevgaon,Urban,,,,,,,,,
Ahilyanagar,2016,Shevgaon,Total,12780,12803,4044,8142,4200,4647,3267,6258,
Ahilyanagar,2016,Pathardi,Rural,13862,13940,3891,8709,4930,5283,5473,6131,
Ahilyanagar,2016,Pathardi,Urban,,,,,,,,,
Ahilyanagar,2016,Pathardi,Total,14421,14499,4553,9263,5845,5899,5897,6596,
Ahilyanagar,2016,Nagar,Rural,18877,18835,10122,11901,4912,5602,4899,8591,
Ahilyanagar,2016,Nagar,Urban,,,,,,,,,
Ahilyanagar,2016,Nagar,Total,26264,25790,20214,19095,8130,8240,7314,15913,
Ahilyanagar,2016,Rahuri,Rural,17662,17282,5391,11487,5410,7164,6747,9002,
Ahilyanagar,2016,Rahuri,Urban,,,,,,,,,
Ahilyanagar,2016,Rahuri,Total,18570,18190,6309,12405,6659,8617,8218,10414,
Ahilyanagar,2016,Parner,Rural,13730,13857,4146,8939,3792,4538,5134,7275,
Ahilyanagar,2016,Parner,Urban,,,,,,,,,
Ahilyanagar,2016,Parner,Total,13730,13857,4146,8939,3792,4538,5134,7275,
Ahilyanagar,2016,Srigonda,Rural,15760,15711,4568,10070,4235,4712,4983,7690,
Ahilyanagar,2016,Srigonda,Urban,,,,,,,,,
Ahilyanagar,2016,Srigonda,Total,16362,16313,4874,10670,4415,5061,5211,8408,
Ahilyanagar,2016,Karjat,Rural,12026,12022,3661,7924,3896,4545,4264,5841,
Ahilyanagar,2016,Karjat,Urban,,,,,,,,,
Ahilyanagar,2016,Karjat,Total,12026,12022,3661,7924,3896,4545,4264,5841,
Ahilyanagar,2016,Jamkhed,Rural,7719,7621,2421,5271,2943,3188,3410,4333,
Ahilyanagar,2016,Jamkhed,Urban,,,,,,,,,
Ahilyanagar,2016,Jamkhed,Total,7719,7621,2421,5271,2943,3188,3410,4333,
Ahilyanagar,2017,Akole,Rural,,,,,,,,,
Ahilyanagar,2017,Akole,Urban,,,,,,,,,
Ahilyanagar,2017,Akole,Total,,,,,,,,,
Ahilyanagar,2017,Sangamner,Rural,,,,,,,,,
Ahilyanagar,2017,Sangamner,Urban,,,,,,,,,
Ahilyanagar,2017,Sangamner,Total,,,,,,,,,
Ahilyanagar,2017,Kopargaon,Rural,,,,,,,,,
Ahilyanagar,2017,Kopargaon,Urban,,,,,,,,,
Ahilyanagar,2017,Kopargaon,Total,,,,,,,,,
Ahilyanagar,2017,Rahata,Rural,,,,,,,,,
Ahilyanagar,2017,Rahata,Urban,,,,,,,,,
Ahilyanagar,2017,Rahata,Total,,,,,,,,,
Ahilyanagar,2017,Srirampur,Rural,,,,,,,,,
Ahilyanagar,2017,Srirampur,Urban,,,,,,,,,
Ahilyanagar,2017,Srirampur,Total,,,,,,,,,
Ahilyanagar,2017,Nevasa,Rural,,,,,,,,,
Ahilyanagar,2017,Nevasa,Urban,,,,,,,,,
Ahilyanagar,2017,Nevasa,Total,,,,,,,,,
Ahilyanagar,2017,Shevgaon,Rural,,,,,,,,,
Ahilyanagar,2017,Shevgaon,Urban,,,,,,,,,
Ahilyanagar,2017,Shevgaon,Total,,,,,,,,,
Ahilyanagar,2017,Pathardi,Rural,,,,,,,,,
Ahilyanagar,2017,Pathardi,Urban,,,,,,,,,
Ahilyanagar,2017,Pathardi,Total,,,,,,,,,
Ahilyanagar,2017,Nagar,Rural,,,,,,,,,
Ahilyanagar,2017,Nagar,Urban,,,,,,,,,
Ahilyanagar,2017,Nagar,Total,,,,,,,,,
Ahilyanagar,2017,Rahuri,Rural,,,,,,,,,
Ahilyanagar,2017,Rahuri,Urban,,,,,,,,,
Ahilyanagar,2017,Rahuri,Total,,,,,,,,,
Ahilyanagar,2017,Parner,Rural,,,,,,,,,
Ahilyanagar,2017,Parner,Urban,,,,,,,,,
Ahilyanagar,2017,Parner,Total,,,,,,,,,
Ahilyanagar,2017,Srigonda,Rural,,,,,,,,,
Ahilyanagar,2017,Srigonda,Urban,,,,,,,,,
Ahilyanagar,2017,Srigonda,Total,,,,,,,,,
Ahilyanagar,2017,Karjat,Rural,,,,,,,,,
Ahilyanagar,2017,Karjat,Urban,,,,,,,,,
Ahilyanagar,2017,Karjat,Total,,,,,,,,,
Ahilyanagar,2017,Jamkhed,Rural,,,,,,,,,
Ahilyanagar,2017,Jamkhed,Urban,,,,,,,,,
Ahilyanagar,2017,Jamkhed,Total,,,,,,,,,
Ahilyanagar,2018,Akole,Rural,0,13457,4366,8619,4434,5109,5815,8211,13464
Ahilyanagar,2018,Akole,Urban,0,0,0,0,0,0,0,0,0
Ahilyanagar,2018,Akole,Total,0,13457,4366,8619,4434,5109,5815,8211,13464
Ahilyanagar,2018,Sangamner,Rural,0,19191,6271,11693,6271,4089,4005,11207,19200
Ahilyanagar,2018,Sangamner,Urban,0,1216,1299,935,370,332,474,1427,1216
Ahilyanagar,2018,Sangamner,Total,0,20407,7570,12628,6641,4421,4479,12634,20416
Ahilyanagar,2018,Kopargaon,Rural,0,11460,3510,5980,3605,2119,1747,6175,11459
Ahilyanagar,2018,Kopargaon,Urban,0,983,1467,575,616,758,749,845,983
Ahilyanagar,2018,Kopargaon,Total,0,12443,4977,6555,4221,2877,2496,7020,12442
Ahilyanagar,2018,Rahata,Rural,0,12435,4004,7990,4363,3826,4207,6861,12435
Ahilyanagar,2018,Rahata,Urban,0,1174,2005,822,351,259,271,1567,1174
Ahilyanagar,2018,Rahata,Total,0,13609,6009,8812,4714,4085,4478,8428,13609
Ahilyanagar,2018,Srirampur,Rural,0,9782,3161,5644,3140,2175,3094,5274,9777
Ahilyanagar,2018,Srirampur,Urban,0,2287,1740,1167,732,643,544,1161,2251
Ahilyanagar,2018,Srirampur,Total,0,12069,4901,6811,3872,2818,3638,6435,12028
Ahilyanagar,2018,Nevasa,Rural,0,17047,5278,8999,5345,3165,3135,9826,17023
Ahilyanagar,2018,Nevasa,Urban,0,0,0,0,0,0,0,0,0
Ahilyanagar,2018,Nevasa,Total,0,17047,5278,8999,5345,3165,3135,9826,17023
Ahilyanagar,2018,Shevgaon,Rural,0,12191,3960,7737,3851,2264,2235,6889,12191
Ahilyanagar,2018,Shevgaon,Urban,0,0,0,0,0,0,0,0,0
Ahilyanagar,2018,Shevgaon,Total,0,12191,3960,7737,3851,2264,2235,6889,12191
Ahilyanagar,2018,Pathardi,Rural,0,11701,3819,7529,3792,3608,3332,6477,11701
Ahilyanagar,2018,Pathardi,Urban,0,511,760,354,141,86,0,247,519
Ahilyanagar,2018,Pathardi,Total,0,12212,4579,7883,3933,3694,3332,6724,12220
Ahilyanagar,2018,Nagar,Rural,0,16031,4911,9023,5192,3154,3849,9016,16027
Ahilyanagar,2018,Nagar,Urban,0,6992,6782,4449,1944,1977,1729,9328,5959
Ahilyanagar,2018,Nagar,Total,0,23023,11693,13472,7136,5131,5578,18344,21986
Ahilyanagar,2018,Rahuri,Rural,0,14154,4550,7898,4604,3660,3735,7983,14172
Ahilyanagar,2018,Rahuri,Urban,0,868,1100,430,702,446,466,799,868
Ahilyanagar,2018,Rahuri,Total,0,15022,5650,8328,5306,4106,4201,8782,15040
Ahilyanagar,2018,Parner,Rural,0,11632,4268,7673,4084,3532,3379,7580,11635
Ahilyanagar,2018,Parner,Urban,0,0,0,0,0,0,0,0,0
Ahilyanagar,2018,Parner,Total,0,11632,4268,7673,4084,3532,3379,7580,11635
Ahilyanagar,2018,Srigonda,Rural,0,13705,4364,7884,4506,3040,2862,7896,13705
Ahilyanagar,2018,Srigonda,Urban,0,525,436,527,0,119,10,531,525
Ahilyanagar,2018,Srigonda,Total,0,14230,4800,8411,4506,3159,2872,8427,14230
Ahilyanagar,2018,Karjat,Rural,0,11024,3708,7004,3901,4179,3484,6434,11013
Ahilyanagar,2018,Karjat,Urban,0,0,0,0,0,0,0,0,0
Ahilyanagar,2018,Karjat,Total,0,11024,3708,7004,3901,4179,3484,6434,11013
Ahilyanagar,2018,Jamkhed,Rural,0,8071,2539,5064,2593,1238,1186,4361,8071
Ahilyanagar,2018,Jamkhed,Urban,0,0,0,0,0,0,0,0,0
Ahilyanagar,2018,Jamkhed,Total,0,8071,2539,5064,2593,1238,1186,4361,8071
Ahilyanagar,2019,Akole,Rural,8506,23479,4287,9363,0,4995,5341,8160,14505
Ahilyanagar,2019,Akole,Urban,0,0,0,0,0,0,0,0,0
Ahilyanagar,2019,Akole,Total,8506,23479,4287,9363,0,4995,5341,8160,14505
Ahilyanagar,2019,Sangamner,Rural,11826,31866,6356,12481,0,7675,7136,11567,19350
Ahilyanagar,2019,Sangamner,Urban,0,0,0,0,0,0,0,0,0
Ahilyanagar,2019,Sangamner,Total,11826,31866,6356,12481,0,7675,7136,11567,19350
Ahilyanagar,2019,Kopargaon,Rural,6382,18594,3335,7424,0,4259,3859,6351,11535
Ahilyanagar,2019,Kopargaon,Urban,0,0,0,0,0,0,0,0,0
Ahilyanagar,2019,Kopargaon,Total,6382,18594,3335,7424,0,4259,3859,6351,11535
Ahilyanagar,2019,Rahata,Rural,7276,20106,4065,8062,0,4613,4519,6464,12056
Ahilyanagar,2019,Rahata,Urban,1103,1462,2300,1329,107,0,0,892,1285
Ahilyanagar,2019,Rahata,Total,8379,21568,6365,9391,107,4613,4519,7356,13341
Ahilyanagar,2019,Srirampur,Rural,5822,15396,2702,6455,0,2988,2761,5287,9458
Ahilyanagar,2019,Srirampur,Urban,0,0,0,0,0,0,0,0,0
Ahilyanagar,2019,Srirampur,Total,5822,15396,2702,6455,0,2988,2761,5287,9458
Ahilyanagar,2019,Nevasa,Rural,8446,28264,4290,11719,0,4006,3637,10119,17985
Ahilyanagar,2019,Nevasa,Urban,0,0,0,0,0,0,0,0,0
Ahilyanagar,2019,Nevasa,Total,8446,28264,4290,11719,0,4006,3637,10119,17985
Ahilyanagar,2019,Shevgaon,Rural,7035,21158,3959,8518,0,3207,3408,7070,12904
Ahilyanagar,2019,Shevgaon,Urban,0,0,0,0,0,0,0,0,0
Ahilyanagar,2019,Shevgaon,Total,7035,21158,3959,8518,0,3207,3408,7070,12904
Ahilyanagar,2019,Pathardi,Rural,6660,19154,3752,7669,0,4106,3651,6623,11565
Ahilyanagar,2019,Pathardi,Urban,315,685,743,518,98,30,25,256,341
Ahilyanagar,2019,Pathardi,Total,6975,19839,4495,8187,98,4136,3676,6879,11906
Ahilyanagar,2019,Nagar,Rural,8785,25187,4492,10274,0,4677,3958,9270,15548
Ahilyanagar,2019,Nagar,Urban,0,1365,131,552,81,167,202,191,281
Ahilyanagar,2019,Nagar,Total,8785,26552,4623,10826,81,4844,4160,9461,15829
Ahilyanagar,2019,Rahuri,Rural,8241,22990,4382,9215,0,5120,5694,7725,13991
Ahilyanagar,2019,Rahuri,Urban,656,697,1100,796,573,1446,885,1206,632
Ahilyanagar,2019,Rahuri,Total,8897,23687,5482,10011,573,6566,6579,8931,14623
Ahilyanagar,2019,Parner,Rural,7590,19842,3840,7901,0,4136,4122,7770,12055
Ahilyanagar,2019,Parner,Urban,0,0,0,0,0,0,0,0,0
Ahilyanagar,2019,Parner,Total,7590,19842,3840,7901,0,4136,4122,7770,12055
Ahilyanagar,2019,Srigonda,Rural,8017,22166,3884,9088,0,5165,4189,7747,13739
Ahilyanagar,2019,Srigonda,Urban,615,864,482,669,270,349,722,511,617
Ahilyanagar,2019,Srigonda,Total,8632,23030,4366,9757,270,5514,4911,8258,14356
Ahilyanagar,2019,Karjat,Rural,6989,18975,3213,7670,0,4252,3838,6544,11929
Ahilyanagar,2019,Karjat,Urban,0,0,0,0,0,0,0,0,0
Ahilyanagar,2019,Karjat,Total,6989,18975,3213,7670,0,4252,3838,6544,11929
Ahilyanagar,2019,Jamkhed,Rural,4036,13145,2241,5141,0,2267,1877,4536,8218
Ahilyanagar,2019,Jamkhed,Urban,0,0,0,0,0,0,0,0,0
Ahilyanagar,2019,Jamkhed,Total,4036,13145,2241,5141,0,2267,1877,4536,8218
Ahilyanagar,2020,Akole,Rural,4658,4805,4329,4742,0,2754,2887,5022,4802
Ahilyanagar,2020,Akole,Urban,0,0,0,0,0,0,0,0,0
Ahilyanagar,2020,Akole,Total,4658,4805,4329,4742,0,2754,2887,5022,4802
Ahilyanagar,2020,Sangamner,Rural,5127,5239,5414,5374,0,2235,2398,6212,5235
Ahilyanagar,2020,Sangamner,Urban,0,0,0,0,0,0,0,0,0
Ahilyanagar,2020,Sangamner,Total,5127,5239,5414,5374,0,2235,2398,6212,5235
Ahilyanagar,2020,Kopargaon,Rural,3585,3665,3612,3622,0,1580,1676,4049,3665
Ahilyanagar,2020,Kopargaon,Urban,0,0,0,0,0,0,0,0,0
Ahilyanagar,2020,Kopargaon,Total,3585,3665,3612,3622,0,1580,1676,4049,3665
Ahilyanagar,2020,Rahata,Rural,3934,3974,3691,3936,0,2347,2636,4476,3974
Ahilyanagar,2020,Rahata,Urban,1061,988,906,1175,0,0,0,1126,1108
Ahilyanagar,2020,Rahata,Total,4995,4962,4597,5111,0,2347,2636,5602,5082
Ahilyanagar,2020,Srirampur,Rural,3064,3099,2878,3039,0,1725,1990,3458,3100
Ahilyanagar,2020,Srirampur,Urban,0,0,0,0,0,0,0,0,0
Ahilyanagar,2020,Srirampur,Total,3064,3099,2878,3039,0,1725,1990,3458,3100
Ahilyanagar,2020,Nevasa,Rural,5839,5904,5528,5850,0,1343,1455,6390,5911
Ahilyanagar,2020,Nevasa,Urban,0,0,0,0,0,0,0,0,0
Ahilyanagar,2020,Nevasa,Total,5839,5904,5528,5850,0,1343,1455,6390,5911
Ahilyanagar,2020,Shevgaon,Rural,4191,4395,3930,4310,0,154,260,4655,4397
Ahilyanagar,2020,Shevgaon,Urban,0,0,0,0,0,0,0,0,0
Ahilyanagar,2020,Shevgaon,Total,4191,4395,3930,4310,0,154,260,4655,4397
Ahilyanagar,2020,Pathardi,Rural,3868,3896,3709,3845,0,3467,3003,4267,3896
Ahilyanagar,2020,Pathardi,Urban,594,594,590,541,237,233,190,565,528
Ahilyanagar,2020,Pathardi,Total,4462,4490,4299,4386,237,3700,3193,4832,4424
Ahilyanagar,2020,Nagar,Rural,5006,5051,5168,5161,0,849,1358,5626,5059
Ahilyanagar,2020,Nagar,Urban,514,5680,6621,4922,2520,605,409,7198,4982
Ahilyanagar,2020,Nagar,Total,5520,10731,11789,10083,2520,1454,1767,12824,10041
Ahilyanagar,2020,Rahuri,Rural,4572,4581,4487,4625,0,2324,2255,5068,4590
Ahilyanagar,2020,Rahuri,Urban,506,506,569,505,26,0,0,385,529
Ahilyanagar,2020,Rahuri,Total,5078,5087,5056,5130,26,2324,2255,5453,5119
Ahilyanagar,2020,Parner,Rural,4177,4235,4346,4201,0,1574,1771,4765,4236
Ahilyanagar,2020,Parner,Urban,0,0,0,0,0,0,0,0,0
Ahilyanagar,2020,Parner,Total,4177,4235,4346,4201,0,1574,1771,4765,4236
Ahilyanagar,2020,Srigonda,Rural,4289,4556,4313,4432,0,498,2002,4826,4556
Ahilyanagar,2020,Srigonda,Urban,544,544,366,524,10,6,8,315,395
Ahilyanagar,2020,Srigonda,Total,4833,5100,4679,4956,10,504,2010,5141,4951
Ahilyanagar,2020,Karjat,Rural,3850,4087,3691,3974,0,335,872,4120,4091
Ahilyanagar,2020,Karjat,Urban,0,0,0,0,0,0,0,0,0
Ahilyanagar,2020,Karjat,Total,3850,4087,3691,3974,0,335,872,4120,4091
Ahilyanagar,2020,Jamkhed,Rural,2499,2714,2583,2611,0,34,21,2880,2717
Ahilyanagar,2020,Jamkhed,Urban,0,0,0,0,0,0,0,0,0
Ahilyanagar,2020,Jamkhed,Total,2499,2714,2583,2611,0,34,21,2880,2717
Ahilyanagar,2021,Akole,Rural,0,4708,4728,4696,0,3680,3760,5084,4708
Ahilyanagar,2021,Akole,Urban,0,,,,0,,,,
Ahilyanagar,2021,Akole,Total,0,4708,4728,4696,0,3680,3760,5084,4708
Ahilyanagar,2021,Sangamner,Rural,0,8162,8204,8164,0,7220,7199,7269,8162
Ahilyanagar,2021,Sangamner,Urban,0,,,,0,,,,
Ahilyanagar,2021,Sangamner,Total,0,8162,8204,8164,0,7220,7199,7269,8162
Ahilyanagar,2021,Kopargaon,Rural,0,5300,5354,5413,0,4422,4312,4082,5300
Ahilyanagar,2021,Kopargaon,Urban,0,,,,0,,,,
Ahilyanagar,2021,Kopargaon,Total,0,5300,5354,5413,0,4422,4312,4082,5300
Ahilyanagar,2021,Rahata,Rural,0,4028,4091,4067,0,4032,4486,4438,4028
Ahilyanagar,2021,Rahata,Urban,0,1262,1445,1435,39,26,26,1328,1262
Ahilyanagar,2021,Rahata,Total,0,5290,5536,5502,39,4058,4512,5766,5290
Ahilyanagar,2021,Srirampur,Rural,0,4920,4635,4992,0,2659,2917,3397,4920
Ahilyanagar,2021,Srirampur,Urban,0,,,,0,,,,
Ahilyanagar,2021,Srirampur,Total,0,4920,4635,4992,0,2659,2917,3397,4920
Ahilyanagar,2021,Nevasa,Rural,0,5619,5558,5548,0,2722,2272,6068,5619
Ahilyanagar,2021,Nevasa,Urban,0,,,,0,,,,
Ahilyanagar,2021,Nevasa,Total,0,5619,5558,5548,0,2722,2272,6068,5619
Ahilyanagar,2021,Shevgaon,Rural,0,4449,4241,4406,0,1204,937,4596,4449
Ahilyanagar,2021,Shevgaon,Urban,0,,,,0,,,,
Ahilyanagar,2021,Shevgaon,Total,0,4449,4241,4406,0,1204,937,4596,4449
Ahilyanagar,2021,Pathardi,Rural,0,3921,3993,3930,0,3786,3697,4208,3921
Ahilyanagar,2021,Pathardi,Urban,0,533,513,519,26,25,17,501,533
Ahilyanagar,2021,Pathardi,Total,0,4454,4506,4449,26,3811,3714,4709,4454
Ahilyanagar,2021,Nagar,Rural,0,5329,5155,5226,0,2737,2243,5664,5329
Ahilyanagar,2021,Nagar,Urban,0,6935,6228,6386,3692,1715,805,6019,6935
Ahilyanagar,2021,Nagar,Total,0,12264,11383,11612,3692,4452,3048,11683,12264
Ahilyanagar,2021,Rahuri,Rural,0,4761,4706,4663,0,2781,2757,4913,4761
Ahilyanagar,2021,Rahuri,Urban,0,640,690,667,32,0,0,912,640
Ahilyanagar,2021,Rahuri,Total,0,5401,5396,5330,32,2781,2757,5825,5401
Ahilyanagar,2021,Parner,Rural,0,4356,4344,4345,0,1956,1525,4738,4356
Ahilyanagar,2021,Parner,Urban,0,,,,,,,,
Ahilyanagar,2021,Parner,Total,0,4356,4344,4345,0,1956,1525,4738,4356
Ahilyanagar,2021,Srigonda,Rural,0,4688,4669,4641,0,1161,1107,4926,4688
Ahilyanagar,2021,Srigonda,Urban,0,595,455,579,49,0,0,401,595
Ahilyanagar,2021,Srigonda,Total,0,5283,5124,5220,49,1161,1107,5327,5283
Ahilyanagar,2021,Karjat,Rural,0,3800,3816,3846,0,2212,1808,4034,3800
Ahilyanagar,2021,Karjat,Urban,0,,,,,,,,
Ahilyanagar,2021,Karjat,Total,0,3800,3816,3846,0,2212,1808,4034,3800
Ahilyanagar,2021,Jamkhed,Rural,0,2658,2690,2638,0,1463,1572,2811,2658
Ahilyanagar,2021,Jamkhed,Urban,0,,,,,,,,
Ahilyanagar,2021,Jamkhed,Total,0,2658,2690,2638,0,1463,1572,2811,2658
Akola,2019,Telhara,Rural,0,2587,1580,1238,2251,2343,2045,2021,1524
Akola,2019,Telhara,Urban,0,901,238,261,25,68,70,421,512
Akola,2019,Telhara,Total,0,3488,1818,1499,2276,2411,2115,2442,2036
Akola,2019,Akot,Rural,0,2845,1275,2824,2542,2712,2016,3014,2841
Akola,2019,Akot,Urban,0,1142,1045,712,598,522,542,1423,2542
Akola,2019,Akot,Total,0,3987,2320,3536,3140,3234,2558,4437,5383
Akola,2019,Balapur,Rural,0,2375,1896,2147,2145,2905,2641,2316,2145
Akola,2019,Balapur,Urban,0,1382,512,686,1105,423,712,623,2014
Akola,2019,Balapur,Total,0,3757,2408,2833,3250,3328,3353,2939,4159
Akola,2019,Akola,Rural,0,4512,3835,4652,4056,5523,5231,4525,4275
Akola,2019,Akola,Urban,0,14873,15371,2009,3912,4561,5426,2419,854
Akola,2019,Akola,Total,0,19385,19206,6661,7968,10084,10657,6944,5129
Akola,2019,Murtijapur,Rural,0,2025,1521,1364,2143,2463,2841,2147,1845
Akola,2019,Murtijapur,Urban,0,3285,535,1654,745,1548,1347,895,524
Akola,2019,Murtijapur,Total,0,5310,2056,3018,2888,4011,4188,3042,2369
Akola,2019,Patur,Rural,0,2241,1723,1342,1948,2512,2246,1942,1847
Akola,2019,Patur,Urban,0,183,224,180,162,147,160,149,0
Akola,2019,Patur,Total,0,2424,1947,1522,2110,2659,2406,2091,1847
Akola,2019,Barshitakali,Rural,0,2127,1642,2214,2345,2145,2501,2475,1864
Akola,2019,Barshitakali,Urban,0,230,521,163,120,162,122,112,384
Akola,2019,Barshitakali,Total,0,2357,2163,2377,2465,2307,2623,2587,2248
Akola,2020,Telhara,Rural,2513,2513,1394,2369,1915,1993,1949,2307,2473
Akola,2020,Telhara,Urban,662,662,186,376,17,80,98,275,189
Akola,2020,Telhara,Total,3175,3175,1580,2745,1932,2073,2047,2582,2662
Akola,2020,Akot,Rural,2792,2792,1163,2622,2471,2213,2048,264,2797
Akola,2020,Akot,Urban,2449,2449,2591,2259,2242,1858,1796,1574,1510
Akola,2020,Akot,Total,5241,5241,3754,4881,4713,4071,3844,1838,4307
Akola,2020,Balapur,Rural,2237,2237,840,227,1967,2067,2166,2270,2252
Akola,2020,Balapur,Urban,882,882,841,861,423,638,6109,1074,882
Akola,2020,Balapur,Total,3119,3119,1681,1088,2390,2705,8275,3344,3134
Akola,2020,Akola,Rural,4172,4172,1382,4380,4250,5193,4921,4426,4240
Akola,2020,Akola,Urban,13961,13961,14273,633,480,12,20,633,718
Akola,2020,Akola,Total,18133,18133,15655,5013,4730,5205,4941,5059,4958
Akola,2020,Murtijapur,Rural,1667,1667,981,1653,1811,1730,1628,1883,1679
Akola,2020,Murtijapur,Urban,678,678,580,494,94,27,19,405,727
Akola,2020,Murtijapur,Total,2345,2345,1561,2147,1905,1757,1647,2288,2406
Akola,2020,Patur,Rural,2723,2723,1474,2045,1875,1502,1521,2783,2143
Akola,2020,Patur,Urban,36,36,36,0,10,0,0,41,2
Akola,2020,Patur,Total,2759,2759,1510,2045,1885,1502,1521,2824,2145
Akola,2020,Barshitakali,Rural,2229,2229,1027,2297,2249,2216,2339,2526,230
Akola,2020,Barshitakali,Urban,87,87,432,249,134,89,174,0,129
Akola,2020,Barshitakali,Total,2316,2316,1459,2546,2383,2305,2513,2526,359
Akola,2021,Telhara,Rural,2400,931,1216,2412,2500,2746,2849,812,2499
Akola,2021,Telhara,Urban,261,249,233,278,155,205,201,437,243
Akola,2021,Telhara,Total,2661,1180,1449,2690,2655,2951,3050,1249,2742
Akola,2021,Akot,Rural,2751,819,984,2820,2923,3261,3229,862,2904
Akola,2021,Akot,Urban,1606,2084,2084,1620,1370,1214,1404,2588,1606
Akola,2021,Akot,Total,4357,2903,3068,4440,4293,4475,4633,3450,4510
Akola,2021,Balapur,Rural,2228,373,642,2244,2391,2652,2615,539,2277
Akola,2021,Balapur,Urban,232,303,34,975,934,934,836,1589,694
Akola,2021,Balapur,Total,2460,676,676,3219,3325,3586,3451,2128,2971
Akola,2021,Akola,Rural,4467,615,1177,4418,4731,5882,5491,1116,4425
Akola,2021,Akola,Urban,813,19192,15243,1077,38,24,4,3215,3141
Akola,2021,Akola,Total,5280,19807,16420,5495,4769,5906,5495,4331,7566
Akola,2021,Murtijapur,Rural,1836,919,1150,1829,2110,2336,2329,427,1905
Akola,2021,Murtijapur,Urban,820,755,755,630,50,50,44,889,814
Akola,2021,Murtijapur,Total,2656,1674,1905,2459,2160,2386,2373,1316,2719
Akola,2021,Patur,Rural,1836,858,1276,2209,2181,2249,2120,625,2316
Akola,2021,Patur,Urban,0,24,24,0,0,0,0,54,1
Akola,2021,Patur,Total,1836,882,1300,2209,2181,2249,2120,679,2317
Akola,2021,Barshitakali,Rural,2297,85,631,2356,2722,2528,2639,660,2395
Akola,2021,Barshitakali,Urban,195,605,473,62,56,0,0,107,195
Akola,2021,Barshitakali,Total,2492,690,1104,2418,2778,2528,2639,767,2590
Amravati,2012,Dharani,Rural,3791,3791,4036,4028,0,,,,
Amravati,2012,Dharani,Urban,,,,,,,,,
Amravati,2012,Dharani,Total,3791,3791,4036,4028,0,,,,
Amravati,2012,Chikhraldara,Rural,2266,2266,2248,2373,0,,,,
Amravati,2012,Chikhraldara,Urban,,,,,,,,,
Amravati,2012,Chikhraldara,Total,2317,2317,2314,2437,97,,,,
Amravati,2012,Anjangaon Su,Rural,1428,1428,1427,1440,0,,,,
Amravati,2012,Anjangaon Su,Urban,,,,,,,,,
Amravati,2012,Anjangaon Su,Total,2332,2332,2354,2158,375,,,,
Amravati,2012,Achalpur,Rural,2287,2287,2089,2231,0,,,,
Amravati,2012,Achalpur,Urban,,,,,,,,,
Amravati,2012,Achalpur,Total,4093,4093,4264,3992,1803,,,,
Amravati,2012,Chandurbazar,Rural,2366,2366,2151,2490,0,,,,
Amravati,2012,Chandurbazar,Urban,,,,,,,,,
Amravati,2012,Chandurbazar,Total,2720,2720,2702,2901,259,,,,
Amravati,2012,Morshi,Rural,1995,1995,1854,2015,0,,,,
Amravati,2012,Morshi,Urban,,,,,,,,,
Amravati,2012,Morshi,Total,2581,2581,2744,2677,815,,,,
Amravati,2012,Warud,Rural,2085,2085,1835,2057,0,,,,
Amravati,2012,Warud,Urban,,,,,,,,,
Amravati,2012,Warud,Total,2838,2838,3375,2780,797,,,,
Amravati,2012,Tivas,Rural,1634,1634,1507,1617,0,,,,
Amravati,2012,Tivas,Urban,,,,,,,,,
Amravati,2012,Tivas,Total,1634,1634,1507,1617,0,,,,
Amravati,2012,Amravati,Rural,1816,1816,1551,1803,0,,,,
Amravati,2012,Amravati,Urban,,,,,,,,,
Amravati,2012,Amravati,Total,11329,17823,18798,12313,8275,,,,
Amravati,2012,Bhatkuli,Rural,1541,1541,1454,1530,0,,,,
Amravati,2012,Bhatkuli,Urban,,,,,,,,,
Amravati,2012,Bhatkuli,Total,1541,1541,1454,1530,0,,,,
Amravati,2012,Daryapur,Rural,1881,1881,1576,1889,0,,,,
Amravati,2012,Daryapur,Urban,,,,,,,,,
Amravati,2012,Daryapur,Total,2462,2462,2526,2540,93,,,,
Amravati,2012,Nandgaon Kh,Rural,1765,1765,1651,1701,0,,,,
Amravati,2012,Nandgaon Kh,Urban,,,,,,,,,
Amravati,2012,Nandgaon Kh,Total,1765,1765,1651,1701,0,,,,
Amravati,2012,Chandur Railway,Rural,959,959,893,976,0,,,,
Amravati,2012,Chandur Railway,Urban,,,,,,,,,
Amravati,2012,Chandur Railway,Total,1245,1245,1180,1288,298,,,,
Amravati,2012,Dhamangaon Re,Rural,1480,1480,1382,1423,0,,,,
Amravati,2012,Dhamangaon Re,Urban,,,,,,,,,
Amravati,2012,Dhamangaon Re,Total,1722,1722,1728,1659,44,,,,
Amravati,2013,Dharani,Rural,3649,3630,4118,3484,3493,,,,
Amravati,2013,Dharani,Urban,,,,,,,,,
Amravati,2013,Dharani,Total,3649,3630,4118,3484,3493,,,,
Amravati,2013,Chikhraldara,Rural,2442,2441,2467,2476,2354,,,,
Amravati,2013,Chikhraldara,Urban,,,,,,,,,
Amravati,2013,Chikhraldara,Total,2525,2524,2541,2528,2437,,,,
Amravati,2013,Anjangaon Su,Rural,1692,1700,1571,1671,1812,,,,
Amravati,2013,Anjangaon Su,Urban,,,,,,,,,
Amravati,2013,Anjangaon Su,Total,2935,2943,3232,2246,2324,,,,
Amravati,2013,Achalpur,Rural,2253,2230,2058,2312,2602,,,,
Amravati,2013,Achalpur,Urban,,,,,,,,,
Amravati,2013,Achalpur,Total,4135,4112,4899,3920,4465,,,,
Amravati,2013,Chandurbazar,Rural,2559,2567,2113,2498,2730,,,,
Amravati,2013,Chandurbazar,Urban,,,,,,,,,
Amravati,2013,Chandurbazar,Total,2868,2876,2467,2736,2869,,,,
Amravati,2013,Morshi,Rural,2015,2016,1539,1999,2130,,,,
Amravati,2013,Morshi,Urban,,,,,,,,,
Amravati,2013,Morshi,Total,2554,2555,2230,2509,2631,,,,
Amravati,2013,Warud,Rural,2445,2449,2090,2395,2381,,,,
Amravati,2013,Warud,Urban,,,,,,,,,
Amravati,2013,Warud,Total,3285,3289,3814,2895,3224,,,,
Amravati,2013,Tivas,Rural,1615,1779,1434,1563,2397,,,,
Amravati,2013,Tivas,Urban,,,,,,,,,
Amravati,2013,Tivas,Total,1615,1779,1434,1563,2397,,,,
Amravati,2013,Amravati,Rural,1876,1880,1345,1801,1540,,,,
Amravati,2013,Amravati,Urban,,,,,,,,,
Amravati,2013,Amravati,Total,12262,16041,25562,12134,11478,,,,
Amravati,2013,Bhatkuli,Rural,1645,1640,1297,1601,2237,,,,
Amravati,2013,Bhatkuli,Urban,,,,,,,,,
Amravati,2013,Bhatkuli,Total,1645,1640,1297,1601,2237,,,,
Amravati,2013,Daryapur,Rural,1859,1855,1576,1801,1955,,,,
Amravati,2013,Daryapur,Urban,,,,,,,,,
Amravati,2013,Daryapur,Total,2490,2473,2382,2337,2255,,,,
Amravati,2013,Nandgaon Kh,Rural,1814,1805,1607,1757,2100,,,,
Amravati,2013,Nandgaon Kh,Urban,,,,,,,,,
Amravati,2013,Nandgaon Kh,Total,1814,1805,1607,1757,2100,,,,
Amravati,2013,Chandur Railway,Rural,981,983,890,937,1220,,,,
Amravati,2013,Chandur Railway,Urban,,,,,,,,,
Amravati,2013,Chandur Railway,Total,1231,1233,1250,1068,1466,,,,
Amravati,2013,Dhamangaon Re,Rural,1607,1608,1367,1533,1773,,,,
Amravati,2013,Dhamangaon Re,Urban,,,,,,,,,
Amravati,2013,Dhamangaon Re,Total,1881,1882,1605,1677,1796,,,,
Amravati,2014,Dharani,Rural,3627,3627,3481,3549,3624,,,,
Amravati,2014,Dharani,Urban,,,,,,,,,
Amravati,2014,Dharani,Total,3627,3627,3481,3549,3624,,,,
Amravati,2014,Chikhraldara,Rural,2338,2338,2028,2194,2295,,,,
Amravati,2014,Chikhraldara,Urban,,,,,,,,,
Amravati,2014,Chikhraldara,Total,2409,2409,2096,2271,2368,,,,
Amravati,2014,Anjangaon Su,Rural,1427,1427,1188,1441,1226,,,,
Amravati,2014,Anjangaon Su,Urban,,,,,,,,,
Amravati,2014,Anjangaon Su,Total,2738,2738,2346,2653,2016,,,,
Amravati,2014,Achalpur,Rural,2424,2396,2146,2415,2304,,,,
Amravati,2014,Achalpur,Urban,,,,,,,,,
Amravati,2014,Achalpur,Total,4593,4565,5115,4629,4609,,,,
Amravati,2014,Chandurbazar,Rural,2568,2568,2083,2598,2876,,,,
Amravati,2014,Chandurbazar,Urban,,,,,,,,,
Amravati,2014,Chandurbazar,Total,2987,2987,2481,3008,3247,,,,
Amravati,2014,Morshi,Rural,1970,1970,1599,1918,1913,,,,
Amravati,2014,Morshi,Urban,,,,,,,,,
Amravati,2014,Morshi,Total,2717,2717,2331,2583,2669,,,,
Amravati,2014,Warud,Rural,2517,2517,1721,2461,2267,,,,
Amravati,2014,Warud,Urban,,,,,,,,,
Amravati,2014,Warud,Total,3475,3475,3459,3378,3120,,,,
Amravati,2014,Tivas,Rural,1605,1605,1337,1597,1780,,,,
Amravati,2014,Tivas,Urban,,,,,,,,,
Amravati,2014,Tivas,Total,1605,1605,1337,1597,1780,,,,
Amravati,2014,Amravati,Rural,1823,1823,1053,1808,1974,,,,
Amravati,2014,Amravati,Urban,,,,,,,,,
Amravati,2014,Amravati,Total,12325,20400,18679,12234,11961,,,,
Amravati,2014,Bhatkuli,Rural,1498,1498,1161,1500,1647,,,,
Amravati,2014,Bhatkuli,Urban,,,,,,,,,
Amravati,2014,Bhatkuli,Total,1498,1498,1161,1500,1647,,,,
Amravati,2014,Daryapur,Rural,1941,1941,1514,1852,1616,,,,
Amravati,2014,Daryapur,Urban,,,,,,,,,
Amravati,2014,Daryapur,Total,2671,2671,2158,2541,2166,,,,
Amravati,2014,Nandgaon Kh,Rural,1745,1745,1545,1704,1813,,,,
Amravati,2014,Nandgaon Kh,Urban,,,,,,,,,
Amravati,2014,Nandgaon Kh,Total,1745,1745,1545,1704,1813,,,,
Amravati,2014,Chandur Railway,Rural,981,981,709,995,997,,,,
Amravati,2014,Chandur Railway,Urban,,,,,,,,,
Amravati,2014,Chandur Railway,Total,1277,1277,1124,1207,1297,,,,
Amravati,2014,Dhamangaon Re,Rural,1577,1577,1257,1547,1762,,,,
Amravati,2014,Dhamangaon Re,Urban,,,,,,,,,
Amravati,2014,Dhamangaon Re,Total,1822,1822,1573,1798,2013,,,,
Amravati,2015,Dharani,Rural,3943,4141,4727,4201,3910,,,,
Amravati,2015,Dharani,Urban,,,,,,,,,
Amravati,2015,Dharani,Total,3943,4141,4727,4201,3910,,,,
Amravati,2015,Chikhraldara,Rural,2071,2319,2039,2386,2428,,,,
Amravati,2015,Chikhraldara,Urban,,,,,,,,,
Amravati,2015,Chikhraldara,Total,2142,2390,2107,2463,2501,,,,
Amravati,2015,Anjangaon Su,Rural,1218,1366,1301,1356,1494,,,,
Amravati,2015,Anjangaon Su,Urban,,,,,,,,,
Amravati,2015,Anjangaon Su,Total,2529,2677,2459,2568,2284,,,,
Amravati,2015,Achalpur,Rural,2202,2204,2394,2514,2682,,,,
Amravati,2015,Achalpur,Urban,,,,,,,,,
Amravati,2015,Achalpur,Total,4371,4373,5363,4728,4987,,,,
Amravati,2015,Chandurbazar,Rural,2306,2715,2027,2682,3018,,,,
Amravati,2015,Chandurbazar,Urban,,,,,,,,,
Amravati,2015,Chandurbazar,Total,2725,3134,2425,3092,3389,,,,
Amravati,2015,Morshi,Rural,1723,2009,1344,2009,2097,,,,
Amravati,2015,Morshi,Urban,,,,,,,,,
Amravati,2015,Morshi,Total,2470,2756,2076,2674,2853,,,,
Amravati,2015,Warud,Rural,2013,2392,1469,2475,2225,,,,
Amravati,2015,Warud,Urban,,,,,,,,,
Amravati,2015,Warud,Total,2971,3350,3207,3392,3078,,,,
Amravati,2015,Tivas,Rural,1406,1630,1466,1511,1686,,,,
Amravati,2015,Tivas,Urban,,,,,,,,,
Amravati,2015,Tivas,Total,1406,1630,1466,1511,1686,,,,
Amravati,2015,Amravati,Rural,1628,1830,978,1915,2080,,,,
Amravati,2015,Amravati,Urban,,,,,,,,,
Amravati,2015,Amravati,Total,11345,11547,10492,11640,11403,,,,
Amravati,2015,Bhatkuli,Rural,1275,1295,1009,1499,1792,,,,
Amravati,2015,Bhatkuli,Urban,,,,,,,,,
Amravati,2015,Bhatkuli,Total,1275,1295,1009,1499,1792,,,,
Amravati,2015,Daryapur,Rural,1598,1867,1470,1775,1856,,,,
Amravati,2015,Daryapur,Urban,,,,,,,,,
Amravati,2015,Daryapur,Total,2328,2597,2114,2464,2406,,,,
Amravati,2015,Nandgaon Kh,Rural,1518,1647,1742,1699,1701,,,,
Amravati,2015,Nandgaon Kh,Urban,,,,,,,,,
Amravati,2015,Nandgaon Kh,Total,1518,1647,1742,1699,1701,,,,
Amravati,2015,Chandur Railway,Rural,813,934,577,896,1080,,,,
Amravati,2015,Chandur Railway,Urban,,,,,,,,,
Amravati,2015,Chandur Railway,Total,1109,1230,992,1108,1380,,,,
Amravati,2015,Dhamangaon Re,Rural,1370,1433,985,1515,1844,,,,
Amravati,2015,Dhamangaon Re,Urban,,,,,,,,,
Amravati,2015,Dhamangaon Re,Total,1615,1678,1301,1766,2095,,,,
Amravati,2016,Dharani,Rural,3950,4155,4524,4175,3823,,,,
Amravati,2016,Dharani,Urban,,,,,,,,,
Amravati,2016,Dharani,Total,3950,4155,4524,4175,3823,,,,
Amravati,2016,Chikhraldara,Rural,2435,2421,2491,2284,2047,,,,
Amravati,2016,Chikhraldara,Urban,,,,,,,,,
Amravati,2016,Chikhraldara,Total,2661,2844,2596,2461,2141,,,,
Amravati,2016,Anjangaon Su,Rural,1374,1374,1257,1287,1477,,,,
Amravati,2016,Anjangaon Su,Urban,,,,,,,,,
Amravati,2016,Anjangaon Su,Total,4941,6772,2496,3312,2639,,,,
Amravati,2016,Achalpur,Rural,2384,2366,2207,2393,2745,,,,
Amravati,2016,Achalpur,Urban,,,,,,,,,
Amravati,2016,Achalpur,Total,7879,12068,4561,6062,4136,,,,
Amravati,2016,Chandurbazar,Rural,2617,2617,1961,2594,2821,,,,
Amravati,2016,Chandurbazar,Urban,,,,,,,,,
Amravati,2016,Chandurbazar,Total,3802,4499,2333,3407,2904,,,,
Amravati,2016,Morshi,Rural,1870,1855,1345,1947,1983,,,,
Amravati,2016,Morshi,Urban,,,,,,,,,
Amravati,2016,Morshi,Total,3992,5224,2204,3312,2327,,,,
Amravati,2016,Warud,Rural,2370,2366,1535,2288,2447,,,,
Amravati,2016,Warud,Urban,,,,,,,,,
Amravati,2016,Warud,Total,5289,7952,3397,3887,2975,,,,
Amravati,2016,Tivas,Rural,1499,1500,1220,1563,1535,,,,
Amravati,2016,Tivas,Urban,,,,,,,,,
Amravati,2016,Tivas,Total,1499,1500,1220,1563,1535,,,,
Amravati,2016,Amravati,Rural,1822,1786,1315,1756,2019,,,,
Amravati,2016,Amravati,Urban,,,,,,,,,
Amravati,2016,Amravati,Total,10987,10951,10986,12115,10653,,,,
Amravati,2016,Bhatkuli,Rural,1535,1482,933,1528,1623,,,,
Amravati,2016,Bhatkuli,Urban,,,,,,,,,
Amravati,2016,Bhatkuli,Total,1535,1482,933,1528,1623,,,,
Amravati,2016,Daryapur,Rural,1795,1791,1403,1670,2082,,,,
Amravati,2016,Daryapur,Urban,,,,,,,,,
Amravati,2016,Daryapur,Total,4035,5192,2225,2994,2424,,,,
Amravati,2016,Nandgaon Kh,Rural,1673,1673,1566,1597,1992,,,,
Amravati,2016,Nandgaon Kh,Urban,,,,,,,,,
Amravati,2016,Nandgaon Kh,Total,1673,1673,1566,1597,1992,,,,
Amravati,2016,Chandur Railway,Rural,859,859,435,934,1192,,,,
Amravati,2016,Chandur Railway,Urban,,,,,,,,,
Amravati,2016,Chandur Railway,Total,1780,2339,751,1438,1333,,,,
Amravati,2016,Dhamangaon Re,Rural,1298,1272,667,1432,1474,,,,
Amravati,2016,Dhamangaon Re,Urban,,,,,,,,,
Amravati,2016,Dhamangaon Re,Total,2360,2874,930,1973,1658,,,,
Amravati,2017,Dharani,Rural,3907,3902,4257,3793,3402,,,,
Amravati,2017,Dharani,Urban,,,,,,,,,
Amravati,2017,Dharani,Total,3907,3902,4257,3793,3402,,,,
Amravati,2017,Chikhraldara,Rural,2364,2361,2804,2305,2222,,,,
Amravati,2017,Chikhraldara,Urban,,,,,,,,,
Amravati,2017,Chikhraldara,Total,2591,2755,2896,2450,2403,,,,
Amravati,2017,Anjangaon Su,Rural,1310,1310,1047,1272,1413,,,,
Amravati,2017,Anjangaon Su,Urban,,,,,,,,,
Amravati,2017,Anjangaon Su,Total,5024,6776,2572,3531,2140,,,,
Amravati,2017,Achalpur,Rural,2483,2483,2384,2367,2421,,,,
Amravati,2017,Achalpur,Urban,,,,,,,,,
Amravati,2017,Achalpur,Total,7706,11785,4789,6005,5580,,,,
Amravati,2017,Chandurbazar,Rural,2549,2549,2093,2478,2326,,,,
Amravati,2017,Chandurbazar,Urban,,,,,,,,,
Amravati,2017,Chandurbazar,Total,3918,4667,2467,3328,2904,,,,
Amravati,2017,Morshi,Rural,1912,1912,1249,1799,2014,,,,
Amravati,2017,Morshi,Urban,,,,,,,,,
Amravati,2017,Morshi,Total,4158,5475,2030,3292,3183,,,,
Amravati,2017,Warud,Rural,2300,2300,1532,2309,2461,,,,
Amravati,2017,Warud,Urban,,,,,,,,,
Amravati,2017,Warud,Total,5018,7877,3566,3989,3840,,,,
Amravati,2017,Tivas,Rural,1507,1507,1139,1466,1802,,,,
Amravati,2017,Tivas,Urban,,,,,,,,,
Amravati,2017,Tivas,Total,1507,1507,1139,1466,1802,,,,
Amravati,2017,Amravati,Rural,1809,1816,1081,1734,1958,,,,
Amravati,2017,Amravati,Urban,,,,,,,,,
Amravati,2017,Amravati,Total,11621,11628,10679,2774,8423,,,,
Amravati,2017,Bhatkuli,Rural,1485,1485,1177,1409,1633,,,,
Amravati,2017,Bhatkuli,Urban,,,,,,,,,
Amravati,2017,Bhatkuli,Total,1485,1485,1177,1409,1633,,,,
Amravati,2017,Daryapur,Rural,1719,1723,1406,1649,1739,,,,
Amravati,2017,Daryapur,Urban,,,,,,,,,
Amravati,2017,Daryapur,Total,3726,5021,2271,2844,2652,,,,
Amravati,2017,Nandgaon Kh,Rural,1670,1670,1485,1662,1874,,,,
Amravati,2017,Nandgaon Kh,Urban,,,,,,,,,
Amravati,2017,Nandgaon Kh,Total,1670,1670,1485,1662,1874,,,,
Amravati,2017,Chandur Railway,Rural,790,790,526,773,798,,,,
Amravati,2017,Chandur Railway,Urban,,,,,,,,,
Amravati,2017,Chandur Railway,Total,1691,2189,819,1316,1324,,,,
Amravati,2017,Dhamangaon Re,Rural,1381,1381,862,1323,1637,,,,
Amravati,2017,Dhamangaon Re,Urban,,,,,,,,,
Amravati,2017,Dhamangaon Re,Total,2753,3392,1264,2163,2405,,,,
Amravati,2018,Dharani,Rural,,1866,4525,4043,3564,,,,
Amravati,2018,Dharani,Urban,,0,0,0,0,,,,
Amravati,2018,Dharani,Total,,1866,4525,4043,3564,,,,
Amravati,2018,Chikhraldara,Rural,,1374,2602,2200,2161,,,,
Amravati,2018,Chikhraldara,Urban,,342,72,116,87,,,,
Amravati,2018,Chikhraldara,Total,,1716,2674,2316,2248,,,,
Amravati,2018,Anjangaon Su,Rural,,342,905,1719,1017,,,,
Amravati,2018,Anjangaon Su,Urban,,4717,1108,2012,1695,,,,
Amravati,2018,Anjangaon Su,Total,,5059,2013,3731,2712,,,,
Amravati,2018,Achalpur,Rural,,429,2303,2556,2642,,,,
Amravati,2018,Achalpur,Urban,,8528,2330,2303,2378,,,,
Amravati,2018,Achalpur,Total,,8957,4633,4859,5020,,,,
Amravati,2018,Chandurbazar,Rural,,389,1894,2775,2172,,,,
Amravati,2018,Chandurbazar,Urban,,1943,450,623,437,,,,
Amravati,2018,Chandurbazar,Total,,2332,2344,3398,2609,,,,
Amravati,2018,Morshi,Rural,,384,1264,2115,1970,,,,
Amravati,2018,Morshi,Urban,,3265,698,1210,734,,,,
Amravati,2018,Morshi,Total,,3649,1962,3325,2704,,,,
Amravati,2018,Warud,Rural,,495,1364,2229,1976,,,,
Amravati,2018,Warud,Urban,,5713,1880,1193,783,,,,
Amravati,2018,Warud,Total,,6208,3244,3422,2759,,,,
Amravati,2018,Tivas,Rural,,291,980,1718,1819,,,,
Amravati,2018,Tivas,Urban,,0,0,0,0,,,,
Amravati,2018,Tivas,Total,,291,980,1718,1819,,,,
Amravati,2018,Amravati,Rural,,230,1152,2106,1713,,,,
Amravati,2018,Amravati,Urban,,8608,9774,9492,5342,,,,
Amravati,2018,Amravati,Total,,8838,10926,11598,7055,,,,
Amravati,2018,Bhatkuli,Rural,,349,1166,1476,1336,,,,
Amravati,2018,Bhatkuli,Urban,,0,0,0,0,,,,
Amravati,2018,Bhatkuli,Total,,349,1166,1476,1336,,,,
Amravati,2018,Daryapur,Rural,,539,1192,1760,1503,,,,
Amravati,2018,Daryapur,Urban,,3297,1005,856,759,,,,
Amravati,2018,Daryapur,Total,,3836,2197,2616,2262,,,,
Amravati,2018,Nandgaon Kh,Rural,,376,1396,1856,1723,,,,
Amravati,2018,Nandgaon Kh,Urban,,0,0,0,0,,,,
Amravati,2018,Nandgaon Kh,Total,,376,1396,1856,1723,,,,
Amravati,2018,Chandur Railway,Rural,,59,538,748,784,,,,
Amravati,2018,Chandur Railway,Urban,,1440,242,522,477,,,,
Amravati,2018,Chandur Railway,Total,,1499,780,1270,1261,,,,
Amravati,2018,Dhamangaon Re,Rural,,253,955,1707,1357,,,,
Amravati,2018,Dhamangaon Re,Urban,,1698,333,508,397,,,,
Amravati,2018,Dhamangaon Re,Total,,1951,1288,2215,1754,,,,
Amravati,2019,Dharani,Rural,4171,1757,4276,4742,0,,,,
Amravati,2019,Dharani,Urban,0,1458,1444,157,0,,,,
Amravati,2019,Dharani,Total,4171,3215,5720,4899,0,,,,
Amravati,2019,Chikhraldara,Rural,2423,1456,2794,2399,0,,,,
Amravati,2019,Chikhraldara,Urban,0,240,247,100,0,,,,
Amravati,2019,Chikhraldara,Total,2423,1696,3041,2499,0,,,,
Amravati,2019,Anjangaon Su,Rural,1206,417,943,1201,0,,,,
Amravati,2019,Anjangaon Su,Urban,0,536,1677,1308,0,,,,
Amravati,2019,Anjangaon Su,Total,1206,953,2620,2509,0,,,,
Amravati,2019,Achalpur,Rural,2574,239,2427,2612,0,,,,
Amravati,2019,Achalpur,Urban,0,3121,3435,1772,0,,,,
Amravati,2019,Achalpur,Total,2574,3360,5862,4384,0,,,,
Amravati,2019,Chandurbazar,Rural,2600,347,1756,2452,0,,,,
Amravati,2019,Chandurbazar,Urban,0,351,572,473,0,,,,
Amravati,2019,Chandurbazar,Total,2600,698,2328,2925,0,,,,
Amravati,2019,Morshi,Rural,1825,495,1575,1773,0,,,,
Amravati,2019,Morshi,Urban,0,626,764,727,0,,,,
Amravati,2019,Morshi,Total,1825,1121,2339,2500,0,,,,
Amravati,2019,Warud,Rural,2376,709,1440,2295,0,,,,
Amravati,2019,Warud,Urban,0,2382,2219,763,0,,,,
Amravati,2019,Warud,Total,2376,3091,3659,3058,0,,,,
Amravati,2019,Tivas,Rural,1491,308,883,1396,0,,,,
Amravati,2019,Tivas,Urban,0,95,103,25,0,,,,
Amravati,2019,Tivas,Total,1491,403,986,1421,0,,,,
Amravati,2019,Amravati,Rural,1797,452,1244,1871,0,,,,
Amravati,2019,Amravati,Urban,9175,17101,18860,10982,8575,,,,
Amravati,2019,Amravati,Total,10972,17553,20104,12853,8575,,,,
Amravati,2019,Bhatkuli,Rural,1418,393,1330,1367,0,,,,
Amravati,2019,Bhatkuli,Urban,0,98,109,15,0,,,,
Amravati,2019,Bhatkuli,Total,1418,491,1439,1382,0,,,,
Amravati,2019,Daryapur,Rural,1726,798,1445,1705,0,,,,
Amravati,2019,Daryapur,Urban,0,627,831,780,0,,,,
Amravati,2019,Daryapur,Total,1726,1425,2276,2485,0,,,,
Amravati,2019,Nandgaon Kh,Rural,1845,367,1724,1848,0,,,,
Amravati,2019,Nandgaon Kh,Urban,0,213,239,126,0,,,,
Amravati,2019,Nandgaon Kh,Total,1845,580,1963,1974,0,,,,
Amravati,2019,Chandur Railway,Rural,853,51,664,824,0,,,,
Amravati,2019,Chandur Railway,Urban,0,296,303,272,0,,,,
Amravati,2019,Chandur Railway,Total,853,347,967,1096,0,,,,
Amravati,2019,Dhamangaon Re,Rural,1338,210,1058,1278,0,,,,
Amravati,2019,Dhamangaon Re,Urban,0,178,310,267,0,,,,
Amravati,2019,Dhamangaon Re,Total,1338,388,1368,1545,0,,,,
Amravati,2020,Dharani,Rural,,2479,3777,4134,0,,,,
Amravati,2020,Dharani,Urban,0,1106,1181,106,0,,,,
Amravati,2020,Dharani,Total,0,3585,4958,4240,0,,,,
Amravati,2020,Chikhraldara,Rural,,1216,2477,2296,0,,,,
Amravati,2020,Chikhraldara,Urban,0,251,231,77,0,,,,
Amravati,2020,Chikhraldara,Total,0,1467,2708,2373,0,,,,
Amravati,2020,Anjangaon Su,Rural,,426,1032,1079,0,,,,
Amravati,2020,Anjangaon Su,Urban,0,442,1033,1106,0,,,,
Amravati,2020,Anjangaon Su,Total,0,868,2065,2185,0,,,,
Amravati,2020,Achalpur,Rural,,252,1785,2285,0,,,,
Amravati,2020,Achalpur,Urban,0,3968,4631,1746,0,,,,
Amravati,2020,Achalpur,Total,0,4220,6416,4031,0,,,,
Amravati,2020,Chandurbazar,Rural,,1669,1971,2301,0,,,,
Amravati,2020,Chandurbazar,Urban,0,242,417,378,0,,,,
Amravati,2020,Chandurbazar,Total,0,1911,2388,2679,0,,,,
Amravati,2020,Morshi,Rural,,398,1551,1722,0,,,,
Amravati,2020,Morshi,Urban,0,697,897,731,0,,,,
Amravati,2020,Morshi,Total,0,1095,2448,2453,0,,,,
Amravati,2020,Warud,Rural,,594,1110,1923,0,,,,
Amravati,2020,Warud,Urban,0,2217,2373,636,0,,,,
Amravati,2020,Warud,Total,0,2811,3483,2559,0,,,,
Amravati,2020,Tivas,Rural,,301,925,1337,0,,,,
Amravati,2020,Tivas,Urban,0,111,116,2,0,,,,
Amravati,2020,Tivas,Total,0,412,1041,1339,0,,,,
Amravati,2020,Amravati,Rural,,617,1276,1766,0,,,,
Amravati,2020,Amravati,Urban,9971,17778,14954,10461,9698,,,,
Amravati,2020,Amravati,Total,9971,18395,16230,12227,9698,,,,
Amravati,2020,Bhatkuli,Rural,,800,1207,1338,0,,,,
Amravati,2020,Bhatkuli,Urban,0,76,76,0,0,,,,
Amravati,2020,Bhatkuli,Total,0,876,1283,1338,0,,,,
Amravati,2020,Daryapur,Rural,,792,1184,1567,0,,,,
Amravati,2020,Daryapur,Urban,0,575,628,620,0,,,,
Amravati,2020,Daryapur,Total,0,1367,1812,2187,0,,,,
Amravati,2020,Nandgaon Kh,Rural,,351,1434,1672,0,,,,
Amravati,2020,Nandgaon Kh,Urban,0,219,259,70,0,,,,
Amravati,2020,Nandgaon Kh,Total,0,570,1693,1742,0,,,,
Amravati,2020,Chandur Railway,Rural,,47,617,732,0,,,,
Amravati,2020,Chandur Railway,Urban,0,159,170,239,0,,,,
Amravati,2020,Chandur Railway,Total,0,206,787,971,0,,,,
Amravati,2020,Dhamangaon Re,Rural,,266,1032,1187,0,,,,
Amravati,2020,Dhamangaon Re,Urban,0,139,221,236,0,,,,
Amravati,2020,Dhamangaon Re,Total,0,405,1253,1423,0,,,,
Amravati,2021,Dharani,Rural,,5022,3513,4361,0,,,,
Amravati,2021,Dharani,Urban,0,1413,955,132,0,,,,
Amravati,2021,Dharani,Total,0,6435,4468,4493,0,,,,
Amravati,2021,Chikhraldara,Rural,,2716,2497,2426,0,,,,
Amravati,2021,Chikhraldara,Urban,0,270,248,63,0,,,,
Amravati,2021,Chikhraldara,Total,0,2986,2745,2489,0,,,,
Amravati,2021,Anjangaon Su,Rural,,1135,1110,1083,0,,,,
Amravati,2021,Anjangaon Su,Urban,0,420,1323,1135,0,,,,
Amravati,2021,Anjangaon Su,Total,0,1555,2433,2218,0,,,,
Amravati,2021,Achalpur,Rural,,2538,1001,2468,0,,,,
Amravati,2021,Achalpur,Urban,0,3958,3400,1633,0,,,,
Amravati,2021,Achalpur,Total,0,6496,4401,4101,0,,,,
Amravati,2021,Chandurbazar,Rural,,2351,598,2254,0,,,,
Amravati,2021,Chandurbazar,Urban,0,257,346,284,0,,,,
Amravati,2021,Chandurbazar,Total,0,2608,944,2538,0,,,,
Amravati,2021,Morshi,Rural,,1645,1313,1639,0,,,,
Amravati,2021,Morshi,Urban,0,653,653,732,0,,,,
Amravati,2021,Morshi,Total,0,2298,1966,2371,0,,,,
Amravati,2021,Warud,Rural,,2013,1065,1864,0,,,,
Amravati,2021,Warud,Urban,0,2658,2318,818,0,,,,
Amravati,2021,Warud,Total,0,4671,3383,2682,0,,,,
Amravati,2021,Tivas,Rural,,1658,752,1528,0,,,,
Amravati,2021,Tivas,Urban,0,58,71,5,0,,,,
Amravati,2021,Tivas,Total,0,1716,823,1533,0,,,,
Amravati,2021,Amravati,Rural,,1894,1271,1888,0,,,,
Amravati,2021,Amravati,Urban,0,19794,19245,10745,11257,,,,
Amravati,2021,Amravati,Total,0,21688,20516,12633,11257,,,,
Amravati,2021,Bhatkuli,Rural,,1368,926,1284,0,,,,
Amravati,2021,Bhatkuli,Urban,0,68,91,2,0,,,,
Amravati,2021,Bhatkuli,Total,0,1436,1017,1286,0,,,,
Amravati,2021,Daryapur,Rural,,1696,764,1526,0,,,,
Amravati,2021,Daryapur,Urban,0,571,560,635,0,,,,
Amravati,2021,Daryapur,Total,0,2267,1324,2161,0,,,,
Amravati,2021,Nandgaon Kh,Rural,,1952,1575,1830,0,,,,
Amravati,2021,Nandgaon Kh,Urban,0,170,159,39,0,,,,
Amravati,2021,Nandgaon Kh,Total,0,2122,1734,1869,0,,,,
Amravati,2021,Chandur Railway,Rural,,914,722,869,0,,,,
Amravati,2021,Chandur Railway,Urban,0,128,140,214,0,,,,
Amravati,2021,Chandur Railway,Total,0,1042,862,1083,0,,,,
Amravati,2021,Dhamangaon Re,Rural,,1359,1194,1184,0,,,,
Amravati,2021,Dhamangaon Re,Urban,0,147,278,281,0,,,,
Amravati,2021,Dhamangaon Re,Total,0,1506,1472,1465,0,,,,
Beed,2013,Ashti,Rural,4364,4364,3979,4254,0,4638,4895,4209,
Beed,2013,Ashti,Urban,724,724,222,376,0,153,139,122,
Beed,2013,Ashti,Total,5088,5088,4201,4630,0,4791,5034,4331,
Beed,2013,Patoda,Rural,2558,2558,2223,2179,0,2005,2198,2189,
Beed,2013,Patoda,Urban,0,0,0,0,0,0,0,0,
Beed,2013,Patoda,Total,2558,2558,2223,2179,0,2005,2198,2189,
Beed,2013,Shirur Kasar,Rural,2308,2308,2148,2089,0,2286,2270,2285,
Beed,2013,Shirur Kasar,Urban,0,0,0,0,0,0,0,89,
Beed,2013,Shirur Kasar,Total,2308,2308,2148,2089,0,2286,2270,2374,
Beed,2013,Gevrai,Rural,5745,5745,5617,5386,0,5467,5857,5816,
Beed,2013,Gevrai,Urban,3586,3586,1337,1960,0,783,837,1799,
Beed,2013,Gevrai,Total,9331,9331,6954,7346,0,6250,6694,7615,
Beed,2013,Majalgaon,Rural,3489,3489,3378,3368,0,3269,3390,3582,
Beed,2013,Majalgaon,Urban,2159,2159,1060,196,0,328,422,543,
Beed,2013,Majalgaon,Total,5648,5648,4438,3564,0,3597,3812,4125,
Beed,2013,Wadwani,Rural,1572,1572,1436,1532,0,1453,1307,1632,
Beed,2013,Wadwani,Urban,6,6,0,0,0,0,0,347,
Beed,2013,Wadwani,Total,1578,1578,1436,1532,0,1453,1307,1979,
Beed,2013,Beed,Rural,5749,5749,5589,5435,0,6530,6700,5781,
Beed,2013,Beed,Urban,16154,16154,11964,7086,0,2988,2738,10662,
Beed,2013,Beed,Total,21903,21903,17553,12521,0,9518,9438,16443,
Beed,2013,Cage,Rural,3844,3844,3456,3631,0,4223,4110,3798,
Beed,2013,Cage,Urban,2063,2063,528,0,0,0,0,859,
Beed,2013,Cage,Total,5907,5907,3984,3631,0,4223,4110,4657,
Beed,2013,Dharur,Rural,2164,2164,1975,2015,0,2309,2471,2102,
Beed,2013,Dharur,Urban,787,787,1016,662,0,660,669,630,
Beed,2013,Dharur,Total,2951,2951,2991,2677,0,2969,3140,2732,
Beed,2013,Parli,Rural,3557,3557,3070,3121,0,3324,3509,3291,
Beed,2013,Parli,Urban,10555,10555,4863,4820,0,3529,4538,5230,
Beed,2013,Parli,Total,14112,14112,7933,7941,0,6853,8047,8521,
Beed,2013,Ambajogai,Rural,3489,3489,3244,3293,0,4253,4185,3627,
Beed,2013,Ambajogai,Urban,128,128,101,102,0,116,130,133,
Beed,2013,Ambajogai,Total,3617,3617,3345,3395,0,4369,4315,3760,
Beed,2014,Ashti,Rural,3913,3913,2421,3811,0,4970,5066,4283,
Beed,2014,Ashti,Urban,104,104,107,32,0,132,122,62,
Beed,2014,Ashti,Total,4017,4017,2528,3843,0,5102,5188,4345,
Beed,2014,Patoda,Rural,1892,1892,2249,2016,0,1873,1957,2043,
Beed,2014,Patoda,Urban,0,0,0,0,0,0,0,0,
Beed,2014,Patoda,Total,1892,1892,2249,2016,0,1873,1957,2043,
Beed,2014,Shirur Kasar,Rural,2111,2111,2303,2189,0,2310,2277,2352,
Beed,2014,Shirur Kasar,Urban,59,59,74,40,0,39,36,52,
Beed,2014,Shirur Kasar,Total,2170,2170,2377,2229,0,2349,2313,2404,
Beed,2014,Gevrai,Rural,5411,5411,4527,5323,0,5095,5025,5511,
Beed,2014,Gevrai,Urban,1035,1035,1152,890,0,657,617,951,
Beed,2014,Gevrai,Total,6446,6446,5679,6213,0,5752,5642,6462,
Beed,2014,Majalgaon,Rural,3494,3494,3860,3570,0,4534,4526,3368,
Beed,2014,Majalgaon,Urban,700,700,1068,588,0,633,655,277,
Beed,2014,Majalgaon,Total,4194,4194,4928,4158,0,5167,5181,3645,
Beed,2014,Wadwani,Rural,1550,1550,1375,1411,0,1243,1257,1405,
Beed,2014,Wadwani,Urban,1,1,0,0,0,0,0,150,
Beed,2014,Wadwani,Total,1551,1551,1375,1411,0,1243,1257,1555,
Beed,2014,Beed,Rural,5346,5346,4887,5497,0,6532,6223,5389,
Beed,2014,Beed,Urban,4446,4446,9654,4437,0,1656,1370,4002,
Beed,2014,Beed,Total,9792,9792,14541,9934,0,8188,7593,9391,
Beed,2014,Cage,Rural,3297,3297,2882,3404,0,4160,4015,3609,
Beed,2014,Cage,Urban,444,444,1028,458,0,0,0,263,
Beed,2014,Cage,Total,3741,3741,3910,3862,0,4160,4015,3872,
Beed,2014,Dharur,Rural,1799,1799,1997,1881,0,2357,2480,1993,
Beed,2014,Dharur,Urban,362,362,432,358,0,244,304,277,
Beed,2014,Dharur,Total,2161,2161,2429,2239,0,2601,2784,2270,
Beed,2014,Parli,Rural,2885,2885,1534,2715,0,3471,3887,3078,
Beed,2014,Parli,Urban,3000,3000,1600,2682,0,2891,2845,2168,
Beed,2014,Parli,Total,5885,5885,3134,5397,0,6362,6732,5246,
Beed,2014,Ambajogai,Rural,3182,3182,2740,3196,0,4368,4781,3425,
Beed,2014,Ambajogai,Urban,21,21,15,17,0,0,0,42,
Beed,2014,Ambajogai,Total,3203,3203,2755,3213,0,4368,4781,3467,
Beed,2015,Ashti,Rural,4230,4233,4233,4347,0,4658,5033,4326,
Beed,2015,Ashti,Urban,132,132,132,108,0,122,134,95,
Beed,2015,Ashti,Total,4362,4365,4365,4455,0,4780,5167,4421,
Beed,2015,Patoda,Rural,1966,1956,1956,1991,0,1815,2150,1883,
Beed,2015,Patoda,Urban,2,2,2,3,0,60,62,73,
Beed,2015,Patoda,Total,1968,1958,1958,1994,0,1875,2212,1956,
Beed,2015,Shirur Kasar,Rural,1943,1947,1947,2000,0,2050,1992,2088,
Beed,2015,Shirur Kasar,Urban,0,0,0,0,0,0,0,7,
Beed,2015,Shirur Kasar,Total,1943,1947,1947,2000,0,2050,1992,2095,
Beed,2015,Gevrai,Rural,5111,5080,5080,5252,0,4750,4783,5192,
Beed,2015,Gevrai,Urban,899,1011,1011,1126,0,799,823,1025,
Beed,2015,Gevrai,Total,6010,6091,6091,6378,0,5549,5606,6217,
Beed,2015,Majalgaon,Rural,2990,2994,2994,3100,0,3818,3777,3566,
Beed,2015,Majalgaon,Urban,930,992,992,938,0,473,457,482,
Beed,2015,Majalgaon,Total,3920,3986,3986,4038,0,4291,4234,4048,
Beed,2015,Wadwani,Rural,1584,1583,1583,1588,0,1503,1332,1554,
Beed,2015,Wadwani,Urban,11,12,12,18,0,0,0,54,
Beed,2015,Wadwani,Total,1595,1595,1595,1606,0,1503,1332,1608,
Beed,2015,Beed,Rural,5226,5270,5270,5119,0,5909,6178,5392,
Beed,2015,Beed,Urban,4599,5451,5451,5429,0,1688,1473,3189,
Beed,2015,Beed,Total,9825,10721,10721,10548,0,7597,7651,8581,
Beed,2015,Cage,Rural,3634,3669,3669,3490,0,4117,4184,3403,
Beed,2015,Cage,Urban,430,430,430,433,0,360,473,415,
Beed,2015,Cage,Total,4064,4099,4099,3923,0,4477,4657,3818,
Beed,2015,Dharur,Rural,1785,1776,1776,1848,0,2090,2225,1838,
Beed,2015,Dharur,Urban,289,344,344,332,0,363,327,271,
Beed,2015,Dharur,Total,2074,2120,2120,2180,0,2453,2552,2109,
Beed,2015,Parli,Rural,2727,2714,2714,2782,0,3306,3523,2940,
Beed,2015,Parli,Urban,2293,2688,2688,2450,0,2078,2984,1376,
Beed,2015,Parli,Total,5020,5402,5402,5232,0,5384,6507,4316,
Beed,2015,Ambajogai,Rural,3410,3427,3427,3291,0,3894,4734,3312,
Beed,2015,Ambajogai,Urban,28,28,28,40,0,62,74,25,
Beed,2015,Ambajogai,Total,3438,3455,3455,3331,0,3956,4808,3337,
Beed,2016,Ashti,Rural,12343,14394,2857,3785,0,4606,4555,3358,
Beed,2016,Ashti,Urban,0,263,201,43,0,3,5,85,
Beed,2016,Ashti,Total,12343,14657,3058,3828,0,4609,4560,3443,
Beed,2016,Patoda,Rural,5933,7433,1334,1868,0,2410,2675,1726,
Beed,2016,Patoda,Urban,4,276,221,26,0,127,184,109,
Beed,2016,Patoda,Total,5937,7709,1555,1894,0,2537,2859,1835,
Beed,2016,Shirur Kasar,Rural,6433,7758,800,2051,0,2230,2219,2106,
Beed,2016,Shirur Kasar,Urban,0,181,135,0,0,0,0,14,
Beed,2016,Shirur Kasar,Total,6433,7939,935,2051,0,2230,2219,2120,
Beed,2016,Gevrai,Rural,15658,18557,2556,5297,0,6294,6089,5123,
Beed,2016,Gevrai,Urban,83,4289,1892,1560,0,427,400,1465,
Beed,2016,Gevrai,Total,15741,22846,4448,6857,0,6721,6489,6588,
Beed,2016,Majalgaon,Rural,10208,12708,2384,3470,0,4190,4270,3479,
Beed,2016,Majalgaon,Urban,0,4198,1954,1543,0,1590,1258,2815,
Beed,2016,Majalgaon,Total,10208,16906,4338,5013,0,5780,5528,6294,
Beed,2016,Wadwani,Rural,5118,6035,615,1474,0,1588,1579,1168,
Beed,2016,Wadwani,Urban,3,223,154,64,0,0,0,53,
Beed,2016,Wadwani,Total,5121,6258,769,1538,0,1588,1579,1221,
Beed,2016,Beed,Rural,15310,19499,3875,4975,0,6387,6259,5431,
Beed,2016,Beed,Urban,16,25146,12100,9415,0,2680,2475,5138,
Beed,2016,Beed,Total,15326,44645,15975,14390,0,9067,8734,10569,
Beed,2016,Cage,Rural,10435,12316,1604,3485,0,4067,3943,2891,
Beed,2016,Cage,Urban,22,3341,2222,1214,0,234,166,701,
Beed,2016,Cage,Total,10457,15657,3826,4699,0,4301,4109,3592,
Beed,2016,Dharur,Rural,6030,7331,1132,1931,0,2561,2545,1821,
Beed,2016,Dharur,Urban,10,1192,373,594,0,22,0,365,
Beed,2016,Dharur,Total,6040,8523,1505,2525,0,2583,2545,2186,
Beed,2016,Parli,Rural,10204,12407,1793,2863,0,3841,3889,2406,
Beed,2016,Parli,Urban,0,8864,1873,4281,0,1677,1641,1818,
Beed,2016,Parli,Total,10204,21271,3666,7144,0,5518,5530,4224,
Beed,2016,Ambajogai,Rural,13102,16917,2735,3884,0,5922,6009,3917,
Beed,2016,Ambajogai,Urban,58,1495,1455,380,0,177,209,1069,
Beed,2016,Ambajogai,Total,13160,18412,4190,4264,0,6099,6218,4986,
Beed,2017,Ashti,Rural,4060,3201,3908,3722,0,5012,4920,4331,
Beed,2017,Ashti,Urban,0,274,77,18,0,0,0,72,
Beed,2017,Ashti,Total,4060,3475,3985,3740,0,5012,4920,4403,
Beed,2017,Patoda,Rural,2122,1728,1885,1842,0,2399,2149,2047,
Beed,2017,Patoda,Urban,12,338,226,36,0,24,32,328,
Beed,2017,Patoda,Total,2134,2066,2111,1878,0,2423,2181,2375,
Beed,2017,Shirur Kasar,Rural,2138,1788,1923,2007,0,1949,1843,2234,
Beed,2017,Shirur Kasar,Urban,0,130,129,0,0,0,0,165,
Beed,2017,Shirur Kasar,Total,2138,1918,2052,2007,0,1949,1843,2399,
Beed,2017,Gevrai,Rural,5498,2840,4546,5000,0,5498,5196,5495,
Beed,2017,Gevrai,Urban,1026,5822,1644,2453,0,199,138,2942,
Beed,2017,Gevrai,Total,6524,8662,6190,7453,0,5697,5334,8437,
Beed,2017,Majalgaon,Rural,3639,3340,3051,3488,0,4010,3702,3752,
Beed,2017,Majalgaon,Urban,515,4771,1385,1297,0,1340,1196,1475,
Beed,2017,Majalgaon,Total,4154,8111,4436,4785,0,5350,4898,5227,
Beed,2017,Wadwani,Rural,1883,1383,1475,1578,0,1648,1483,1549,
Beed,2017,Wadwani,Urban,26,288,98,44,0,0,0,31,
Beed,2017,Wadwani,Total,1909,1671,1573,1622,0,1648,1483,1580,
Beed,2017,Beed,Rural,5412,4307,4111,4914,0,6093,6284,5665,
Beed,2017,Beed,Urban,3306,30048,12244,8017,0,1566,1459,7629,
Beed,2017,Beed,Total,8718,34355,16355,12931,0,7659,7743,13294,
Beed,2017,Cage,Rural,3992,1764,3032,3384,0,4396,4253,3612,
Beed,2017,Cage,Urban,563,5103,2480,1178,0,280,244,904,
Beed,2017,Cage,Total,4555,6867,5512,4562,0,4676,4497,4516,
Beed,2017,Dharur,Rural,1873,729,1226,1796,0,2183,2326,1913,
Beed,2017,Dharur,Urban,275,1654,229,543,0,0,0,377,
Beed,2017,Dharur,Total,2148,2383,1455,2339,0,2183,2326,2290,
Beed,2017,Parli,Rural,3200,2014,1946,2978,0,4661,5222,3104,
Beed,2017,Parli,Urban,1681,10600,1710,3898,0,1399,1715,1910,
Beed,2017,Parli,Total,4881,12614,3656,6876,0,6060,6937,5014,
Beed,2017,Ambajogai,Rural,3842,2434,2402,3549,0,4201,4696,3521,
Beed,2017,Ambajogai,Urban,19,154,48,58,0,165,177,66,
Beed,2017,Ambajogai,Total,3861,2588,2450,3607,0,4366,4873,3587,
Beed,2018,Ashti,Rural,3500,4432,3711,3187,0,4096,4195,4036,4000
Beed,2018,Ashti,Urban,0,38,110,36,0,0,0,69,19
Beed,2018,Ashti,Total,3500,4470,3821,3223,0,4096,4195,4105,4019
Beed,2018,Patoda,Rural,1858,2153,1720,1700,0,1914,2121,1893,1806
Beed,2018,Patoda,Urban,17,37,178,19,0,0,0,44,28
Beed,2018,Patoda,Total,1875,2190,1898,1719,0,1914,2121,1937,1834
Beed,2018,Shirur Kasar,Rural,1688,1870,1305,1607,0,1681,1543,2855,1838
Beed,2018,Shirur Kasar,Urban,0,0,103,0,0,0,0,195,0
Beed,2018,Shirur Kasar,Total,1688,1870,1408,1607,0,1681,1543,3050,1838
Beed,2018,Gevrai,Rural,4614,5076,3718,4047,0,5336,4850,4984,5097
Beed,2018,Gevrai,Urban,1588,6279,4152,2031,0,1130,972,4286,1980
Beed,2018,Gevrai,Total,6202,11355,7870,6078,0,6466,5822,9270,7077
Beed,2018,Majalgaon,Rural,3124,3596,2945,3061,0,3988,3898,3334,3380
Beed,2018,Majalgaon,Urban,1587,6812,3577,1976,0,1746,1880,1708,1785
Beed,2018,Majalgaon,Total,4711,10408,6522,5037,0,5734,5778,5042,5165
Beed,2018,Wadwani,Rural,1273,1714,1445,1128,0,1170,1186,1584,1603
Beed,2018,Wadwani,Urban,10,11,47,9,0,0,0,82,10
Beed,2018,Wadwani,Total,1283,1725,1492,1137,0,1170,1186,1666,1613
Beed,2018,Beed,Rural,4993,6744,4104,4347,0,5967,5812,5510,4372
Beed,2018,Beed,Urban,5264,18690,17412,12535,0,1015,878,9903,5820
Beed,2018,Beed,Total,10257,25434,21516,16882,0,6982,6690,15413,10192
Beed,2018,Cage,Rural,3212,3656,2290,2775,0,3530,3578,3435,3706
Beed,2018,Cage,Urban,776,3460,3990,1129,0,416,498,1940,948
Beed,2018,Cage,Total,3988,7116,6280,3904,0,3946,4076,5375,4654
Beed,2018,Dharur,Rural,1899,1904,1156,1751,0,1778,1973,1842,1842
Beed,2018,Dharur,Urban,448,2344,758,573,0,292,242,229,664
Beed,2018,Dharur,Total,2347,4248,1914,2324,0,2070,2215,2071,2506
Beed,2018,Parli,Rural,2838,2923,2136,2448,0,4271,4350,2990,2938
Beed,2018,Parli,Urban,1599,8113,5878,1903,0,3842,4349,3954,2770
Beed,2018,Parli,Total,4437,11036,8014,4351,0,8113,8699,6944,5708
Beed,2018,Ambajogai,Rural,3410,3920,3403,3142,0,5331,5598,3366,3912
Beed,2018,Ambajogai,Urban,781,1772,740,617,0,426,455,909,634
Beed,2018,Ambajogai,Total,4191,5692,4143,3759,0,5757,6053,4275,4546
Beed,2019,Ashti,Rural,0,2246,3340,3722,3529,4213,4242,4005,3880
Beed,2019,Ashti,Urban,0,1095,658,75,0,0,11,108,52
Beed,2019,Ashti,Total,0,3341,3998,3797,3529,4213,4253,4113,3932
Beed,2019,Patoda,Rural,0,1216,1366,1738,1760,1667,2057,1758,1722
Beed,2019,Patoda,Urban,31,606,468,63,8,0,0,80,54
Beed,2019,Patoda,Total,31,1822,1834,1801,1768,1667,2057,1838,1776
Beed,2019,Shirur Kasar,Rural,0,727,915,1774,1859,2122,2227,2147,1794
Beed,2019,Shirur Kasar,Urban,0,232,186,0,9,0,0,320,3
Beed,2019,Shirur Kasar,Total,0,959,1101,1774,1868,2122,2227,2467,1797
Beed,2019,Gevrai,Rural,0,2370,3714,4925,4493,4934,4340,4857,5146
Beed,2019,Gevrai,Urban,0,6471,4026,1237,154,354,350,1192,1246
Beed,2019,Gevrai,Total,0,8841,7740,6162,4647,5288,4690,6049,6392
Beed,2019,Majalgaon,Rural,0,3257,3264,3711,3085,4062,3743,3573,3843
Beed,2019,Majalgaon,Urban,622,6200,2962,1840,35,662,954,902,1656
Beed,2019,Majalgaon,Total,622,9457,6226,5551,3120,4724,4697,4475,5499
Beed,2019,Wadwani,Rural,0,825,961,1368,1484,1853,1260,1531,1527
Beed,2019,Wadwani,Urban,2,147,118,2,0,266,290,37,6
Beed,2019,Wadwani,Total,2,972,1079,1370,1484,2119,1550,1568,1533
Beed,2019,Beed,Rural,0,2626,2867,4727,5040,6181,6310,4986,4903
Beed,2019,Beed,Urban,1222,23059,18290,8200,2009,1000,945,4158,7135
Beed,2019,Beed,Total,1222,25685,21157,12927,7049,7181,7255,9144,12038
Beed,2019,Cage,Rural,0,1399,2030,3405,3535,3932,3852,3400,3653
Beed,2019,Cage,Urban,0,6297,3692,1274,160,492,452,1158,918
Beed,2019,Cage,Total,0,7696,5722,4679,3695,4424,4304,4558,4571
Beed,2019,Dharur,Rural,0,869,1357,2033,1439,1510,1536,1909,2059
Beed,2019,Dharur,Urban,387,2034,1102,814,3208,350,342,570,604
Beed,2019,Dharur,Total,387,2903,2459,2847,4647,1860,1878,2479,2663
Beed,2019,Parli,Rural,0,1259,2278,2754,2684,3315,3510,2920,2904
Beed,2019,Parli,Urban,569,8439,5737,3185,1139,2505,1988,2829,2763
Beed,2019,Parli,Total,569,9698,8015,5939,3823,5820,5498,5749,5667
Beed,2019,Ambajogai,Rural,0,2659,2921,3267,3474,3714,4209,3194,3880
Beed,2019,Ambajogai,Urban,812,9173,3838,1081,852,1342,1419,9642,2155
Beed,2019,Ambajogai,Total,812,11832,6759,4348,4326,5056,5628,12836,6035
Beed,2020,Ashti,Rural,0,4031,2576,3645,3664,2405,2482,4123,4185
Beed,2020,Ashti,Urban,5,797,682,47,8,182,244,178,158
Beed,2020,Ashti,Total,5,4828,3258,3692,3672,2587,2726,4301,4343
Beed,2020,Patoda,Rural,0,1878,1198,1733,1169,1386,1415,1875,1870
Beed,2020,Patoda,Urban,16,424,636,72,30,0,0,68,116
Beed,2020,Patoda,Total,16,2302,1834,1805,1199,1386,1415,1943,1986
Beed,2020,Shirur Kasar,Rural,0,1990,828,1910,1190,1369,1514,2024,1947
Beed,2020,Shirur Kasar,Urban,0,155,292,0,0,0,0,156,0
Beed,2020,Shirur Kasar,Total,0,2145,1120,1910,1190,1369,1514,2180,1947
Beed,2020,Gevrai,Rural,0,5311,3147,5073,4960,4273,4259,5128,5415
Beed,2020,Gevrai,Urban,184,4162,3557,1706,658,316,290,1062,2587
Beed,2020,Gevrai,Total,184,9473,6704,6779,5618,4589,4549,6190,8002
Beed,2020,Majalgaon,Rural,0,3489,2526,3481,3476,3373,3217,3586,3496
Beed,2020,Majalgaon,Urban,769,2661,2816,2615,824,1162,1864,674,3996
Beed,2020,Majalgaon,Total,769,6150,5342,6096,4300,4535,5081,4260,7492
Beed,2020,Wadwani,Rural,0,1512,719,1367,1238,1041,1010,1514,1526
Beed,2020,Wadwani,Urban,0,34,68,0,0,306,361,102,0
Beed,2020,Wadwani,Total,0,1546,787,1367,1238,1347,1371,1616,1526
Beed,2020,Beed,Rural,0,8031,3442,7950,6952,5560,5321,8557,7930
Beed,2020,Beed,Urban,118,10039,15038,2125,703,255,208,766,2740
Beed,2020,Beed,Total,118,18070,18480,10075,7655,5815,5529,9323,10670
Beed,2020,Cage,Rural,0,3362,1430,3269,3203,3335,3298,3446,3416
Beed,2020,Cage,Urban,248,4320,3646,1491,623,508,422,1371,2193
Beed,2020,Cage,Total,248,7682,5076,4760,3826,3843,3720,4817,5609
Beed,2020,Dharur,Rural,0,2001,914,1914,1825,1754,1754,2115,2100
Beed,2020,Dharur,Urban,333,2148,758,1066,448,328,410,664,1790
Beed,2020,Dharur,Total,333,4149,1672,2980,2273,2082,2164,2779,3890
Beed,2020,Parli,Rural,0,4263,2556,4334,3811,3542,3453,4491,4415
Beed,2020,Parli,Urban,87,4211,3776,1132,364,524,480,736,2036
Beed,2020,Parli,Total,87,8474,6332,5466,4175,4066,3933,5227,6451
Beed,2020,Ambajogai,Rural,0,4742,2148,4719,4346,5271,5192,4437,4526
Beed,2020,Ambajogai,Urban,9,8710,13348,853,270,354,382,9864,1639
Beed,2020,Ambajogai,Total,9,13452,15496,5572,4616,5625,5574,14301,6165
Beed,2021,Ashti,Rural,0,4189,2564,3949,3620,3649,3651,4226,4038
Beed,2021,Ashti,Urban,0,398,396,94,18,24,38,112,92
Beed,2021,Ashti,Total,0,4587,2960,4043,3638,3673,3689,4338,4130
Beed,2021,Patoda,Rural,0,1797,1315,1738,1893,1719,1772,1870,1742
Beed,2021,Patoda,Urban,0,213,345,32,14,22,50,104,56
Beed,2021,Patoda,Total,0,2010,1660,1770,1907,1741,1822,1974,1798
Beed,2021,Shirur Kasar,Rural,0,2082,825,1945,2055,1776,1812,2071,1987
Beed,2021,Shirur Kasar,Urban,0,99,196,0,0,0,0,114,0
Beed,2021,Shirur Kasar,Total,0,2181,1021,1945,2055,1776,1812,2185,1987
Beed,2021,Gevrai,Rural,0,5421,2660,5102,4647,4794,5060,5357,5317
Beed,2021,Gevrai,Urban,0,2147,2560,1152,762,3008,6087,1178,1128
Beed,2021,Gevrai,Total,0,7568,5220,6254,5409,7802,11147,6535,6445
Beed,2021,Majalgaon,Rural,0,3448,2125,3452,3494,3401,3433,3649,3319
Beed,2021,Majalgaon,Urban,0,2246,2200,1729,1037,2117,2624,1635,1676
Beed,2021,Majalgaon,Total,0,5694,4325,5181,4531,5518,6057,5284,4995
Beed,2021,Wadwani,Rural,0,1610,735,1437,1251,1102,1105,1647,1610
Beed,2021,Wadwani,Urban,0,37,74,0,4,112,126,154,0
Beed,2021,Wadwani,Total,0,1647,809,1437,1255,1214,1231,1801,1610
Beed,2021,Beed,Rural,0,8463,3577,8289,7472,7154,6745,9041,8357
Beed,2021,Beed,Urban,0,9323,15854,1247,664,408,280,616,1563
Beed,2021,Beed,Total,0,17786,19431,9536,8136,7562,7025,9657,9920
Beed,2021,Cage,Rural,0,3570,1354,3417,3375,3457,3549,3588,3589
Beed,2021,Cage,Urban,0,1986,2859,854,558,757,736,1166,854
Beed,2021,Cage,Total,0,5556,4213,4271,3933,4214,4285,4754,4443
Beed,2021,Dharur,Rural,0,2127,835,1976,1707,1796,1832,2092,2018
Beed,2021,Dharur,Urban,0,886,645,904,680,664,732,752,1082
Beed,2021,Dharur,Total,0,3013,1480,2880,2387,2460,2564,2844,3100
Beed,2021,Parli,Rural,0,4803,1958,4772,4083,3850,3766,5140,4718
Beed,2021,Parli,Urban,0,2587,3543,660,388,1012,396,630,785
Beed,2021,Parli,Total,0,7390,5501,5432,4471,4862,4162,5770,5503
Beed,2021,Ambajogai,Rural,0,4441,2027,4571,4455,5202,5392,4753,4586
Beed,2021,Ambajogai,Urban,0,10694,18394,1062,89,258,320,2297,2456
Beed,2021,Ambajogai,Total,0,15135,20421,5633,4544,5460,5712,7050,7042
Bhandara,2012,Tumsar,Rural,2849,2849,2040,2827,2648,,,,
Bhandara,2012,Tumsar,Urban,,,,,,,,,
Bhandara,2012,Tumsar,Total,3430,3430,3385,3321,2914,,,,
Bhandara,2012,Mohadi,Rural,2356,2356,1791,2385,2192,,,,
Bhandara,2012,Mohadi,Urban,,,,,,,,,
Bhandara,2012,Mohadi,Total,2356,2356,1791,2385,2192,,,,
Bhandara,2012,Bhandara,Rural,2863,2863,1521,2937,2645,,,,
Bhandara,2012,Bhandara,Urban,,,,,,,,,
Bhandara,2012,Bhandara,Total,4648,4648,7299,4610,4074,,,,
Bhandara,2012,Sakoli,Rural,2150,2150,1910,2135,2221,,,,
Bhandara,2012,Sakoli,Urban,,,,,,,,,
Bhandara,2012,Sakoli,Total,2150,2150,1910,2135,2221,,,,
Bhandara,2012,Lakhani,Rural,1952,1952,1216,1904,1777,,,,
Bhandara,2012,Lakhani,Urban,,,,,,,,,
Bhandara,2012,Lakhani,Total,1952,1952,1216,1904,1777,,,,
Bhandara,2012,Pavani,Rural,1867,1867,1278,1968,2035,,,,
Bhandara,2012,Pavani,Urban,,,,,,,,,
Bhandara,2012,Pavani,Total,2225,2225,1717,2340,2438,,,,
Bhandara,2012,Lakhandur,Rural,1990,1990,1604,1957,1782,,,,
Bhandara,2012,Lakhandur,Urban,,,,,,,,,
Bhandara,2012,Lakhandur,Total,2052,2052,1948,1981,1974,,,,
Bhandara,2013,Tumsar,Rural,2745,2745,1723,2666,2812,,,,
Bhandara,2013,Tumsar,Urban,,,,,,,,,
Bhandara,2013,Tumsar,Total,3354,3354,3385,3183,3140,,,,
Bhandara,2013,Mohadi,Rural,2380,2380,1507,2353,2242,,,,
Bhandara,2013,Mohadi,Urban,,,,,,,,,
Bhandara,2013,Mohadi,Total,2380,2380,1507,2353,2242,,,,
Bhandara,2013,Bhandara,Rural,2906,2906,1540,2807,2508,,,,
Bhandara,2013,Bhandara,Urban,,,,,,,,,
Bhandara,2013,Bhandara,Total,4534,4534,3714,4396,4133,,,,
Bhandara,2013,Sakoli,Rural,2049,2049,1945,1991,2111,,,,
Bhandara,2013,Sakoli,Urban,,,,,,,,,
Bhandara,2013,Sakoli,Total,2264,2264,2388,2241,2297,,,,
Bhandara,2013,Lakhani,Rural,1885,1885,1175,1901,1963,,,,
Bhandara,2013,Lakhani,Urban,,,,,,,,,
Bhandara,2013,Lakhani,Total,1885,1885,1175,1901,1963,,,,
Bhandara,2013,Pavani,Rural,1911,1911,1335,1772,1907,,,,
Bhandara,2013,Pavani,Urban,,,,,,,,,
Bhandara,2013,Pavani,Total,2257,2257,1897,2144,2334,,,,
Bhandara,2013,Lakhandur,Rural,1940,1940,1643,1900,1887,,,,
Bhandara,2013,Lakhandur,Urban,,,,,,,,,
Bhandara,2013,Lakhandur,Total,1940,1940,1643,1900,1887,,,,
Bhandara,2014,Tumsar,Rural,2730,2730,1500,2568,2672,,,,
Bhandara,2014,Tumsar,Urban,,,,,,,,,
Bhandara,2014,Tumsar,Total,3743,3743,3217,3382,3645,,,,
Bhandara,2014,Mohadi,Rural,2339,2339,1323,2322,2331,,,,
Bhandara,2014,Mohadi,Urban,,,,,,,,,
Bhandara,2014,Mohadi,Total,2339,2339,1323,2322,2331,,,,
Bhandara,2014,Bhandara,Rural,2842,2842,1192,2728,2674,,,,
Bhandara,2014,Bhandara,Urban,,,,,,,,,
Bhandara,2014,Bhandara,Total,5041,4997,8604,4908,4623,,,,
Bhandara,2014,Sakoli,Rural,2135,2135,1860,2121,2086,,,,
Bhandara,2014,Sakoli,Urban,,,,,,,,,
Bhandara,2014,Sakoli,Total,2135,2135,1860,2121,2086,,,,
Bhandara,2014,Lakhani,Rural,1908,1908,951,1742,1829,,,,
Bhandara,2014,Lakhani,Urban,,,,,,,,,
Bhandara,2014,Lakhani,Total,1908,1908,951,1742,1829,,,,
Bhandara,2014,Pavani,Rural,1931,1931,1275,1825,1868,,,,
Bhandara,2014,Pavani,Urban,,,,,,,,,
Bhandara,2014,Pavani,Total,2388,2388,1920,2244,2333,,,,
Bhandara,2014,Lakhandur,Rural,1918,1918,1359,1880,1941,,,,
Bhandara,2014,Lakhandur,Urban,,,,,,,,,
Bhandara,2014,Lakhandur,Total,1918,1918,1359,1880,1941,,,,
Bhandara,2015,Tumsar,Rural,2060,2060,1288,2656,2728,,,,
Bhandara,2015,Tumsar,Urban,,,,,,,,,
Bhandara,2015,Tumsar,Total,2880,2880,2936,4118,3511,,,,
Bhandara,2015,Mohadi,Rural,2491,2491,1324,2404,2328,,,,
Bhandara,2015,Mohadi,Urban,,,,,,,,,
Bhandara,2015,Mohadi,Total,2491,2491,1324,2404,2328,,,,
Bhandara,2015,Bhandara,Rural,2389,2389,1132,2908,2894,,,,
Bhandara,2015,Bhandara,Urban,,,,,,,,,
Bhandara,2015,Bhandara,Total,4227,4227,9540,6346,5385,,,,
Bhandara,2015,Sakoli,Rural,2152,2152,1879,2124,2116,,,,
Bhandara,2015,Sakoli,Urban,,,,,,,,,
Bhandara,2015,Sakoli,Total,2152,2152,1879,2124,2116,,,,
Bhandara,2015,Lakhani,Rural,1741,1741,787,1853,1847,,,,
Bhandara,2015,Lakhani,Urban,,,,,,,,,
Bhandara,2015,Lakhani,Total,1741,1741,787,1853,1847,,,,
Bhandara,2015,Pavani,Rural,1514,1514,1092,1860,1695,,,,
Bhandara,2015,Pavani,Urban,,,,,,,,,
Bhandara,2015,Pavani,Total,2075,2075,1666,2988,2342,,,,
Bhandara,2015,Lakhandur,Rural,1860,1860,1322,1834,1887,,,,
Bhandara,2015,Lakhandur,Urban,,,,,,,,,
Bhandara,2015,Lakhandur,Total,1860,1860,1322,1834,1887,,,,
Bhandara,2016,Tumsar,Rural,2756,2756,1230,2723,2942,,,,
Bhandara,2016,Tumsar,Urban,,,,,,,,,
Bhandara,2016,Tumsar,Total,3562,3562,2784,3505,3592,,,,
Bhandara,2016,Mohadi,Rural,2242,2242,932,2372,2397,,,,
Bhandara,2016,Mohadi,Urban,,,,,,,,,
Bhandara,2016,Mohadi,Total,2242,2242,932,2372,2397,,,,
Bhandara,2016,Bhandara,Rural,2729,2729,971,2865,2922,,,,
Bhandara,2016,Bhandara,Urban,,,,,,,,,
Bhandara,2016,Bhandara,Total,4122,4122,8596,4407,4683,,,,
Bhandara,2016,Sakoli,Rural,2078,2078,2014,2124,2033,,,,
Bhandara,2016,Sakoli,Urban,,,,,,,,,
Bhandara,2016,Sakoli,Total,2078,2078,2014,2124,2033,,,,
Bhandara,2016,Lakhani,Rural,1694,1694,861,1669,1838,,,,
Bhandara,2016,Lakhani,Urban,,,,,,,,,
Bhandara,2016,Lakhani,Total,1694,1694,861,1669,1838,,,,
Bhandara,2016,Pavani,Rural,1799,1799,919,1761,1888,,,,
Bhandara,2016,Pavani,Urban,,,,,,,,,
Bhandara,2016,Pavani,Total,2191,2191,1428,2134,2428,,,,
Bhandara,2016,Lakhandur,Rural,1821,1821,1216,1830,1924,,,,
Bhandara,2016,Lakhandur,Urban,,,,,,,,,
Bhandara,2016,Lakhandur,Total,1821,1821,1216,1830,1924,,,,
Bhandara,2017,Tumsar,Rural,3149,3149,2492,2942,3085,,,,
Bhandara,2017,Tumsar,Urban,,,,,,,,,
Bhandara,2017,Tumsar,Total,3744,3685,3227,3500,3531,,,,
Bhandara,2017,Mohadi,Rural,2139,2140,929,2039,2187,,,,
Bhandara,2017,Mohadi,Urban,,,,,,,,,
Bhandara,2017,Mohadi,Total,2139,2140,929,2039,2187,,,,
Bhandara,2017,Bhandara,Rural,4056,4088,9304,4016,4272,,,,
Bhandara,2017,Bhandara,Urban,,,,,,,,,
Bhandara,2017,Bhandara,Total,5614,5719,17518,5561,6176,,,,
Bhandara,2017,Sakoli,Rural,190,1896,1690,1872,2041,,,,
Bhandara,2017,Sakoli,Urban,,,,,,,,,
Bhandara,2017,Sakoli,Total,190,1896,1690,1872,2041,,,,
Bhandara,2017,Lakhani,Rural,1634,1634,755,1469,1650,,,,
Bhandara,2017,Lakhani,Urban,,,,,,,,,
Bhandara,2017,Lakhani,Total,1634,1634,755,1469,1650,,,,
Bhandara,2017,Pavani,Rural,2024,2024,1394,2055,2079,,,,
Bhandara,2017,Pavani,Urban,,,,,,,,,
Bhandara,2017,Pavani,Total,2452,2491,1880,2457,2387,,,,
Bhandara,2017,Lakhandur,Rural,1798,1798,1070,1603,1737,,,,
Bhandara,2017,Lakhandur,Urban,,,,,,,,,
Bhandara,2017,Lakhandur,Total,1798,1798,1070,1603,1737,,,,
Bhandara,2018,Tumsar,Rural,0,2579,922,2350,2759,,,,
Bhandara,2018,Tumsar,Urban,0,1342,3358,840,1212,,,,
Bhandara,2018,Tumsar,Total,0,3921,4280,3190,3971,,,,
Bhandara,2018,Mohadi,Rural,0,2173,731,2179,2270,,,,
Bhandara,2018,Mohadi,Urban,,,,,,,,,
Bhandara,2018,Mohadi,Total,0,2173,731,2179,2270,,,,
Bhandara,2018,Bhandara,Rural,0,2552,680,2500,2846,,,,
Bhandara,2018,Bhandara,Urban,0,2648,15480,2280,2422,,,,
Bhandara,2018,Bhandara,Total,0,5200,16160,4780,5268,,,,
Bhandara,2018,Sakoli,Rural,0,1943,1713,1868,1992,,,,
Bhandara,2018,Sakoli,Urban,,,,,,,,,
Bhandara,2018,Sakoli,Total,0,1943,1713,1868,1992,,,,
Bhandara,2018,Lakhani,Rural,0,1504,687,1600,1631,,,,
Bhandara,2018,Lakhani,Urban,,,,,,,,,
Bhandara,2018,Lakhani,Total,0,1504,687,1600,1631,,,,
Bhandara,2018,Pavani,Rural,0,1775,772,1679,1887,,,,
Bhandara,2018,Pavani,Urban,0,615,691,443,862,,,,
Bhandara,2018,Pavani,Total,0,2390,1463,2122,2749,,,,
Bhandara,2018,Lakhandur,Rural,0,1719,909,1645,2188,,,,
Bhandara,2018,Lakhandur,Urban,,,,,,,,,
Bhandara,2018,Lakhandur,Total,0,1719,909,1645,2188,,,,
Bhandara,2019,Tumsar,Rural,0,2436,922,2350,2759,,,,
Bhandara,2019,Tumsar,Urban,0,2545,3434,1560,1749,,,,
Bhandara,2019,Tumsar,Total,0,4981,4356,3910,4508,,,,
Bhandara,2019,Mohadi,Rural,0,2157,687,2097,2318,,,,
Bhandara,2019,Mohadi,Urban,0,0,0,0,0,,,,
Bhandara,2019,Mohadi,Total,0,2157,687,2097,2318,,,,
Bhandara,2019,Bhandara,Rural,0,2408,500,2558,3368,,,,
Bhandara,2019,Bhandara,Urban,0,8158,16167,2210,1591,,,,
Bhandara,2019,Bhandara,Total,0,10566,16667,4768,4959,,,,
Bhandara,2019,Sakoli,Rural,0,1897,1382,1843,2096,,,,
Bhandara,2019,Sakoli,Urban,0,0,0,0,0,,,,
Bhandara,2019,Sakoli,Total,0,1897,1382,1843,2096,,,,
Bhandara,2019,Lakhani,Rural,0,1482,541,1491,1740,,,,
Bhandara,2019,Lakhani,Urban,0,0,0,0,0,,,,
Bhandara,2019,Lakhani,Total,0,1482,541,1491,1740,,,,
Bhandara,2019,Pavani,Rural,0,1588,536,1588,2140,,,,
Bhandara,2019,Pavani,Urban,0,763,782,631,1030,,,,
Bhandara,2019,Pavani,Total,0,2351,1318,2219,3170,,,,
Bhandara,2019,Lakhandur,Rural,0,1686,758,1568,1723,,,,
Bhandara,2019,Lakhandur,Urban,0,0,0,0,0,,,,
Bhandara,2019,Lakhandur,Total,0,1686,758,1568,1723,,,,
Bhandara,2020,Tumsar,Rural,,,,,,,,,
Bhandara,2020,Tumsar,Urban,,,,,,,,,
Bhandara,2020,Tumsar,Total,,,,,,,,,
Bhandara,2020,Mohadi,Rural,,,,,,,,,
Bhandara,2020,Mohadi,Urban,,,,,,,,,
Bhandara,2020,Mohadi,Total,,,,,,,,,
Bhandara,2020,Bhandara,Rural,,,,,,,,,
Bhandara,2020,Bhandara,Urban,,,,,,,,,
Bhandara,2020,Bhandara,Total,,,,,,,,,
Bhandara,2020,Sakoli,Rural,,,,,,,,,
Bhandara,2020,Sakoli,Urban,,,,,,,,,
Bhandara,2020,Sakoli,Total,,,,,,,,,
Bhandara,2020,Lakhani,Rural,,,,,,,,,
Bhandara,2020,Lakhani,Urban,,,,,,,,,
Bhandara,2020,Lakhani,Total,,,,,,,,,
Bhandara,2020,Pavani,Rural,,,,,,,,,
Bhandara,2020,Pavani,Urban,,,,,,,,,
Bhandara,2020,Pavani,Total,,,,,,,,,
Bhandara,2020,Lakhandur,Rural,,,,,,,,,
Bhandara,2020,Lakhandur,Urban,,,,,,,,,
Bhandara,2020,Lakhandur,Total,,,,,,,,,
Bhandara,2021,Tumsar,Rural,0,2822,878,2410,2667,,,,
Bhandara,2021,Tumsar,Urban,0,2958,3986,1443,686,,,,
Bhandara,2021,Tumsar,Total,0,5780,4864,3853,3353,,,,
Bhandara,2021,Mohadi,Rural,0,2416,793,1991,2087,,,,
Bhandara,2021,Mohadi,Urban,0,0,0,0,0,,,,
Bhandara,2021,Mohadi,Total,0,2416,793,1991,2087,,,,
Bhandara,2021,Bhandara,Rural,0,2587,475,2429,2704,,,,
Bhandara,2021,Bhandara,Urban,0,8159,17746,1279,2287,,,,
Bhandara,2021,Bhandara,Total,0,10746,18221,3708,4991,,,,
Bhandara,2021,Sakoli,Rural,0,1882,1338,1791,1915,,,,
Bhandara,2021,Sakoli,Urban,0,741,673,1,0,,,,
Bhandara,2021,Sakoli,Total,0,2623,2011,1792,1915,,,,
Bhandara,2021,Lakhani,Rural,0,1696,770,1462,1673,,,,
Bhandara,2021,Lakhani,Urban,0,59,51,0,0,,,,
Bhandara,2021,Lakhani,Total,0,1755,821,1462,1673,,,,
Bhandara,2021,Pavani,Rural,0,2077,928,1911,1705,,,,
Bhandara,2021,Pavani,Urban,0,427,512,330,400,,,,
Bhandara,2021,Pavani,Total,0,2504,1440,2241,2105,,,,
Bhandara,2021,Lakhandur,Rural,0,2052,1052,1492,1624,,,,
Bhandara,2021,Lakhandur,Urban,0,0,0,0,0,,,,
Bhandara,2021,Lakhandur,Total,0,2052,1052,1492,1624,,,,
Buldhana,2013,Jalgaon Jamod,Rural,2185,2185,2227,2206,2090,,,,
Buldhana,2013,Jalgaon Jamod,Urban,,,,,,,,,
Buldhana,2013,Jalgaon Jamod,Total,2185,2185,2666,2626,2090,,,,
Buldhana,2013,Sangrampur,Rural,2662,2662,2444,2609,1291,,,,
Buldhana,2013,Sangrampur,Urban,,,,,,,,,
Buldhana,2013,Sangrampur,Total,2662,2662,2444,2609,1291,,,,
Buldhana,2013,Shegaon,Rural,1631,1631,1551,1643,1298,,,,
Buldhana,2013,Shegaon,Urban,,,,,,,,,
Buldhana,2013,Shegaon,Total,1631,1631,5533,2671,1298,,,,
Buldhana,2013,Nandura,Rural,3474,3474,3408,3401,3174,,,,
Buldhana,2013,Nandura,Urban,,,,,,,,,
Buldhana,2013,Nandura,Total,3474,3474,3408,3401,3174,,,,
Buldhana,2013,Malkapur,Rural,1597,1597,1558,1624,1432,,,,
Buldhana,2013,Malkapur,Urban,,,,,,,,,
Buldhana,2013,Malkapur,Total,1597,1597,3274,2790,1432,,,,
Buldhana,2013,Motala,Rural,3149,3149,2874,3028,3071,,,,
Buldhana,2013,Motala,Urban,,,,,,,,,
Buldhana,2013,Motala,Total,3149,3149,2874,3028,3071,,,,
Buldhana,2013,Khamgaon,Rural,4285,4285,4229,4144,3833,,,,
Buldhana,2013,Khamgaon,Urban,,,,,,,,,
Buldhana,2013,Khamgaon,Total,4285,4285,6574,5856,3833,,,,
Buldhana,2013,Mehkar,Rural,4314,4314,4195,4307,4033,,,,
Buldhana,2013,Mehkar,Urban,,,,,,,,,
Buldhana,2013,Mehkar,Total,4314,4314,5044,5399,4033,,,,
Buldhana,2013,Chikhali,Rural,4261,4261,4114,4238,4023,,,,
Buldhana,2013,Chikhali,Urban,,,,,,,,,
Buldhana,2013,Chikhali,Total,4261,4261,5397,5306,4023,,,,
Buldhana,2013,Buldhana,Rural,3617,3617,4107,4029,3264,,,,
Buldhana,2013,Buldhana,Urban,,,,,,,,,
Buldhana,2013,Buldhana,Total,3617,3617,3668,3609,3264,,,,
Buldhana,2013,Deulgaon Raja,Rural,1767,1767,1641,1615,1709,,,,
Buldhana,2013,Deulgaon Raja,Urban,,,,,,,,,
Buldhana,2013,Deulgaon Raja,Total,1767,1767,2066,1985,1709,,,,
Buldhana,2013,Sindkhed Raja,Rural,3060,3060,3067,3152,2763,,,,
Buldhana,2013,Sindkhed Raja,Urban,,,,,,,,,
Buldhana,2013,Sindkhed Raja,Total,3060,3060,3525,3482,2763,,,,
Buldhana,2013,Lonar,Rural,2392,2392,2289,2315,1949,,,,
Buldhana,2013,Lonar,Urban,,,,,,,,,
Buldhana,2013,Lonar,Total,2392,2392,2653,2614,1949,,,,
Buldhana,2014,Jalgaon Jamod,Rural,2283,2283,2266,2237,2332,,,,
Buldhana,2014,Jalgaon Jamod,Urban,,,,,,,,,
Buldhana,2014,Jalgaon Jamod,Total,2283,2283,2266,2237,2332,,,,
Buldhana,2014,Sangrampur,Rural,2767,2767,2461,2547,2187,,,,
Buldhana,2014,Sangrampur,Urban,,,,,,,,,
Buldhana,2014,Sangrampur,Total,2767,2767,2461,2547,2187,,,,
Buldhana,2014,Shegaon,Rural,1642,1642,1565,1629,1365,,,,
Buldhana,2014,Shegaon,Urban,,,,,,,,,
Buldhana,2014,Shegaon,Total,1642,1642,1565,1629,1365,,,,
Buldhana,2014,Nandura,Rural,3791,3791,3743,3397,3058,,,,
Buldhana,2014,Nandura,Urban,,,,,,,,,
Buldhana,2014,Nandura,Total,3791,3791,3743,3397,3058,,,,
Buldhana,2014,Malkapur,Rural,1614,1614,1485,1508,1501,,,,
Buldhana,2014,Malkapur,Urban,,,,,,,,,
Buldhana,2014,Malkapur,Total,1614,1614,1485,1508,1501,,,,
Buldhana,2014,Motala,Rural,3201,3201,2877,3149,3149,,,,
Buldhana,2014,Motala,Urban,,,,,,,,,
Buldhana,2014,Motala,Total,3201,3201,2877,3149,3149,,,,
Buldhana,2014,Khamgaon,Rural,3768,3768,4011,3691,3691,,,,
Buldhana,2014,Khamgaon,Urban,,,,,,,,,
Buldhana,2014,Khamgaon,Total,3768,3768,4011,3691,369,,,,
Buldhana,2014,Mehkar,Rural,4374,4374,4258,4041,4041,,,,
Buldhana,2014,Mehkar,Urban,,,,,,,,,
Buldhana,2014,Mehkar,Total,4374,4374,4258,4041,4041,,,,
Buldhana,2014,Chikhali,Rural,4319,4319,4264,4404,4404,,,,
Buldhana,2014,Chikhali,Urban,,,,,,,,,
Buldhana,2014,Chikhali,Total,4319,4319,4264,4404,4404,,,,
Buldhana,2014,Buldhana,Rural,3907,3907,3845,3806,3806,,,,
Buldhana,2014,Buldhana,Urban,,,,,,,,,
Buldhana,2014,Buldhana,Total,3907,3907,3845,3806,3806,,,,
Buldhana,2014,Deulgaon Raja,Rural,1716,1716,1691,1508,1508,,,,
Buldhana,2014,Deulgaon Raja,Urban,,,,,,,,,
Buldhana,2014,Deulgaon Raja,Total,1716,1716,1691,1508,1508,,,,
Buldhana,2014,Sindkhed Raja,Rural,3376,3376,3133,2674,2674,,,,
Buldhana,2014,Sindkhed Raja,Urban,,,,,,,,,
Buldhana,2014,Sindkhed Raja,Total,3376,3376,3133,2674,2674,,,,
Buldhana,2014,Lonar,Rural,2493,2493,2304,1927,1927,,,,
Buldhana,2014,Lonar,Urban,,,,,,,,,
Buldhana,2014,Lonar,Total,2493,2493,2304,1927,1927,,,,
Buldhana,2015,Jalgaon Jamod,Rural,1863,2214,2195,2216,2266,,,,
Buldhana,2015,Jalgaon Jamod,Urban,,,,,,,,,
Buldhana,2015,Jalgaon Jamod,Total,1923,2479,2248,2325,2266,,,,
Buldhana,2015,Sangrampur,Rural,2061,2461,2275,2505,2644,,,,
Buldhana,2015,Sangrampur,Urban,,,,,,,,,
Buldhana,2015,Sangrampur,Total,2061,2475,2289,2506,2644,,,,
Buldhana,2015,Shegaon,Rural,1410,1641,1437,1577,1474,,,,
Buldhana,2015,Shegaon,Urban,,,,,,,,,
Buldhana,2015,Shegaon,Total,1570,2128,1577,1780,1841,,,,
Buldhana,2015,Nandura,Rural,3029,3528,3471,3493,2691,,,,
Buldhana,2015,Nandura,Urban,,,,,,,,,
Buldhana,2015,Nandura,Total,3029,3528,3471,3493,2691,,,,
Buldhana,2015,Malkapur,Rural,1168,1434,1364,1581,1627,,,,
Buldhana,2015,Malkapur,Urban,,,,,,,,,
Buldhana,2015,Malkapur,Total,1168,1764,1514,1761,2397,,,,
Buldhana,2015,Motala,Rural,2581,3033,2963,3134,3343,,,,
Buldhana,2015,Motala,Urban,,,,,,,,,
Buldhana,2015,Motala,Total,2606,3075,2977,3138,3343,,,,
Buldhana,2015,Khamgaon,Rural,3557,4153,3844,3896,4224,,,,
Buldhana,2015,Khamgaon,Urban,,,,,,,,,
Buldhana,2015,Khamgaon,Total,3811,5064,4202,4098,4315,,,,
Buldhana,2015,Mehkar,Rural,3568,4228,4159,4091,4577,,,,
Buldhana,2015,Mehkar,Urban,,,,,,,,,
Buldhana,2015,Mehkar,Total,3568,4228,4159,4091,4577,,,,
Buldhana,2015,Chikhali,Rural,3696,4415,4360,4404,4038,,,,
Buldhana,2015,Chikhali,Urban,,,,,,,,,
Buldhana,2015,Chikhali,Total,3725,4561,4477,4644,4038,,,,
Buldhana,2015,Buldhana,Rural,3444,3956,3764,3864,3728,,,,
Buldhana,2015,Buldhana,Urban,,,,,,,,,
Buldhana,2015,Buldhana,Total,3494,4622,4063,4594,4695,,,,
Buldhana,2015,Deulgaon Raja,Rural,1435,1723,1691,1802,1590,,,,
Buldhana,2015,Deulgaon Raja,Urban,,,,,,,,,
Buldhana,2015,Deulgaon Raja,Total,1452,1766,1717,1865,1590,,,,
Buldhana,2015,Sindkhed Raja,Rural,2838,3404,3207,3269,3541,,,,
Buldhana,2015,Sindkhed Raja,Urban,,,,,,,,,
Buldhana,2015,Sindkhed Raja,Total,2856,3537,3243,3328,3541,,,,
Buldhana,2015,Lonar,Rural,1888,2264,2079,2197,2082,,,,
Buldhana,2015,Lonar,Urban,,,,,,,,,
Buldhana,2015,Lonar,Total,1904,2377,2096,2251,2082,,,,
Buldhana,2016,Jalgaon Jamod,Rural,2040,2083,2046,2157,1721,,,,
Buldhana,2016,Jalgaon Jamod,Urban,0,90,90,62,0,,,,
Buldhana,2016,Jalgaon Jamod,Total,2040,2173,2136,2219,1721,,,,
Buldhana,2016,Sangrampur,Rural,2255,2354,2150,2370,1937,,,,
Buldhana,2016,Sangrampur,Urban,0,12,12,6,0,,,,
Buldhana,2016,Sangrampur,Total,2255,2366,2162,2376,1937,,,,
Buldhana,2016,Shegaon,Rural,1416,1420,1218,1417,1146,,,,
Buldhana,2016,Shegaon,Urban,0,107,107,34,2,,,,
Buldhana,2016,Shegaon,Total,1416,1527,1325,1451,1148,,,,
Buldhana,2016,Nandura,Rural,2933,3044,2976,3088,1878,,,,
Buldhana,2016,Nandura,Urban,0,0,0,0,0,,,,
Buldhana,2016,Nandura,Total,2933,3044,2976,3088,1878,,,,
Buldhana,2016,Malkapur,Rural,1511,1511,1293,1453,1479,,,,
Buldhana,2016,Malkapur,Urban,0,270,270,340,0,,,,
Buldhana,2016,Malkapur,Total,1511,1781,1563,1793,1479,,,,
Buldhana,2016,Motala,Rural,3002,3012,2667,3191,3034,,,,
Buldhana,2016,Motala,Urban,0,0,0,7,0,,,,
Buldhana,2016,Motala,Total,3002,3012,2667,3198,3034,,,,
Buldhana,2016,Khamgaon,Rural,3573,3796,3492,3838,4092,,,,
Buldhana,2016,Khamgaon,Urban,0,324,324,53,37,,,,
Buldhana,2016,Khamgaon,Total,3573,4120,3816,3891,4129,,,,
Buldhana,2016,Mehkar,Rural,3884,3904,3884,4063,3161,,,,
Buldhana,2016,Mehkar,Urban,0,180,180,175,330,,,,
Buldhana,2016,Mehkar,Total,3884,4084,4064,4238,3491,,,,
Buldhana,2016,Chikhali,Rural,4227,4183,3876,4149,4342,,,,
Buldhana,2016,Chikhali,Urban,0,138,138,206,0,,,,
Buldhana,2016,Chikhali,Total,4227,4321,4014,4355,4342,,,,
Buldhana,2016,Buldhana,Rural,3694,3751,3603,3785,3914,,,,
Buldhana,2016,Buldhana,Urban,0,347,347,112,44,,,,
Buldhana,2016,Buldhana,Total,3694,4098,3950,3897,3958,,,,
Buldhana,2016,Deulgaon Raja,Rural,1562,1543,1388,1534,1775,,,,
Buldhana,2016,Deulgaon Raja,Urban,0,50,50,28,5,,,,
Buldhana,2016,Deulgaon Raja,Total,1562,1593,1438,1562,1780,,,,
Buldhana,2016,Sindkhed Raja,Rural,3134,3144,2944,3039,3087,,,,
Buldhana,2016,Sindkhed Raja,Urban,0,37,37,15,0,,,,
Buldhana,2016,Sindkhed Raja,Total,3134,3181,2981,3054,3087,,,,
Buldhana,2016,Lonar,Rural,1942,1966,1805,1990,2596,,,,
Buldhana,2016,Lonar,Urban,0,46,46,47,37,,,,
Buldhana,2016,Lonar,Total,1942,2012,1851,2037,2633,,,,
Buldhana,2017,Jalgaon Jamod,Rural,2423,2404,1867,2434,1680,,,,
Buldhana,2017,Jalgaon Jamod,Urban,309,386,504,369,0,,,,
Buldhana,2017,Jalgaon Jamod,Total,2732,2790,2371,2803,1680,,,,
Buldhana,2017,Sangrampur,Rural,2540,2525,1909,2348,1159,,,,
Buldhana,2017,Sangrampur,Urban,24,63,67,58,74,,,,
Buldhana,2017,Sangrampur,Total,2564,2588,1976,2406,1233,,,,
Buldhana,2017,Shegaon,Rural,1243,1244,991,1219,1075,,,,
Buldhana,2017,Shegaon,Urban,1051,1632,1955,1100,855,,,,
Buldhana,2017,Shegaon,Total,2294,2876,2946,2319,1930,,,,
Buldhana,2017,Nandura,Rural,2917,2924,2435,2700,1764,,,,
Buldhana,2017,Nandura,Urban,0,0,0,0,0,,,,
Buldhana,2017,Nandura,Total,2917,2924,2435,2700,1764,,,,
Buldhana,2017,Malkapur,Rural,1345,1350,1217,1344,1169,,,,
Buldhana,2017,Malkapur,Urban,1265,1019,1242,1117,160,,,,
Buldhana,2017,Malkapur,Total,2610,2369,2459,2461,1329,,,,
Buldhana,2017,Motala,Rural,3100,3006,1955,3075,2124,,,,
Buldhana,2017,Motala,Urban,44,148,0,0,0,,,,
Buldhana,2017,Motala,Total,3144,3154,1955,3075,2124,,,,
Buldhana,2017,Khamgaon,Rural,3648,3626,2850,3483,2478,,,,
Buldhana,2017,Khamgaon,Urban,2407,5280,5422,2352,2115,,,,
Buldhana,2017,Khamgaon,Total,6055,8906,8272,5835,4593,,,,
Buldhana,2017,Mehkar,Rural,3852,3896,3655,3727,1991,,,,
Buldhana,2017,Mehkar,Urban,756,653,1143,693,22,,,,
Buldhana,2017,Mehkar,Total,4608,4549,4798,4420,2013,,,,
Buldhana,2017,Chikhali,Rural,3992,3723,3016,3390,1831,,,,
Buldhana,2017,Chikhali,Urban,1302,1010,1690,1279,201,,,,
Buldhana,2017,Chikhali,Total,5294,4733,4706,4669,2032,,,,
Buldhana,2017,Buldhana,Rural,3841,3855,3108,3706,2278,,,,
Buldhana,2017,Buldhana,Urban,1637,3585,4602,1621,420,,,,
Buldhana,2017,Buldhana,Total,5478,7440,7710,5327,2698,,,,
Buldhana,2017,Deulgaon Raja,Rural,1454,1454,1353,1448,1347,,,,
Buldhana,2017,Deulgaon Raja,Urban,412,292,614,357,55,,,,
Buldhana,2017,Deulgaon Raja,Total,1866,1746,1967,1805,1402,,,,
Buldhana,2017,Sindkhed Raja,Rural,2882,2870,2540,2688,1827,,,,
Buldhana,2017,Sindkhed Raja,Urban,261,0,249,245,0,,,,
Buldhana,2017,Sindkhed Raja,Total,3143,2870,2789,2933,1827,,,,
Buldhana,2017,Lonar,Rural,1958,1969,1729,1839,1281,,,,
Buldhana,2017,Lonar,Urban,410,202,672,500,0,,,,
Buldhana,2017,Lonar,Total,2368,2171,2401,2339,1281,,,,
Buldhana,2018,Jalgaon Jamod,Rural,2095,2043,1909,1981,856,,,,
Buldhana,2018,Jalgaon Jamod,Urban,311,308,713,337,0,,,,
Buldhana,2018,Jalgaon Jamod,Total,2406,2351,2622,2318,856,,,,
Buldhana,2018,Sangrampur,Rural,2231,2233,1920,2250,1005,,,,
Buldhana,2018,Sangrampur,Urban,67,67,94,58,66,,,,
Buldhana,2018,Sangrampur,Total,2298,2300,2014,2308,1071,,,,
Buldhana,2018,Shegaon,Rural,1378,1368,1009,1338,1023,,,,
Buldhana,2018,Shegaon,Urban,956,934,1832,917,378,,,,
Buldhana,2018,Shegaon,Total,2334,2962,2841,2255,1401,,,,
Buldhana,2018,Nandura,Rural,2977,2962,2518,2983,1383,,,,
Buldhana,2018,Nandura,Urban,0,0,0,16,0,,,,
Buldhana,2018,Nandura,Total,2977,2962,2518,2999,1383,,,,
Buldhana,2018,Malkapur,Rural,1269,1269,1218,1096,882,,,,
Buldhana,2018,Malkapur,Urban,963,963,2045,1148,115,,,,
Buldhana,2018,Malkapur,Total,2232,2232,3263,2244,997,,,,
Buldhana,2018,Motala,Rural,2863,2994,2128,2858,1552,,,,
Buldhana,2018,Motala,Urban,71,69,145,19,0,,,,
Buldhana,2018,Motala,Total,2934,3063,2273,2877,1552,,,,
Buldhana,2018,Khamgaon,Rural,4049,4100,3303,4058,2911,,,,
Buldhana,2018,Khamgaon,Urban,2243,2155,5781,1970,1242,,,,
Buldhana,2018,Khamgaon,Total,6292,6255,9084,6028,4153,,,,
Buldhana,2018,Mehkar,Rural,3954,3947,3229,3860,2178,,,,
Buldhana,2018,Mehkar,Urban,580,671,1124,668,0,,,,
Buldhana,2018,Mehkar,Total,4534,4618,4353,4528,2178,,,,
Buldhana,2018,Chikhali,Rural,3701,3722,3237,3573,2961,,,,
Buldhana,2018,Chikhali,Urban,1155,1184,1935,1349,0,,,,
Buldhana,2018,Chikhali,Total,4856,4906,5172,4922,2961,,,,
Buldhana,2018,Buldhana,Rural,3974,4004,3504,3583,2165,,,,
Buldhana,2018,Buldhana,Urban,4163,3959,4160,4444,644,,,,
Buldhana,2018,Buldhana,Total,8137,7963,7664,8027,2809,,,,
Buldhana,2018,Deulgaon Raja,Rural,1532,1528,1257,1498,458,,,,
Buldhana,2018,Deulgaon Raja,Urban,504,508,704,625,62,,,,
Buldhana,2018,Deulgaon Raja,Total,2036,2036,1961,2123,520,,,,
Buldhana,2018,Sindkhed Raja,Rural,2631,2631,2337,2704,1878,,,,
Buldhana,2018,Sindkhed Raja,Urban,218,218,283,280,0,,,,
Buldhana,2018,Sindkhed Raja,Total,2849,2849,2620,2984,1878,,,,
Buldhana,2018,Lonar,Rural,2158,2158,1818,2187,2182,,,,
Buldhana,2018,Lonar,Urban,330,334,541,584,10,,,,
Buldhana,2018,Lonar,Total,2488,2492,2359,2771,2192,,,,
Buldhana,2019,Jalgaon Jamod,Rural,0,1512,1991,2198,0,,,,
Buldhana,2019,Jalgaon Jamod,Urban,300,465,613,356,0,,,,
Buldhana,2019,Jalgaon Jamod,Total,300,1977,2604,2554,0,,,,
Buldhana,2019,Sangrampur,Rural,0,1790,1665,2480,0,,,,
Buldhana,2019,Sangrampur,Urban,40,92,45,67,0,,,,
Buldhana,2019,Sangrampur,Total,40,1882,1710,2547,0,,,,
Buldhana,2019,Shegaon,Rural,0,623,1087,1439,0,,,,
Buldhana,2019,Shegaon,Urban,1274,2089,2356,1365,0,,,,
Buldhana,2019,Shegaon,Total,1274,2712,3443,2804,0,,,,
Buldhana,2019,Nandura,Rural,0,2574,2774,3164,0,,,,
Buldhana,2019,Nandura,Urban,0,0,0,0,0,,,,
Buldhana,2019,Nandura,Total,0,2574,2774,3164,0,,,,
Buldhana,2019,Malkapur,Rural,0,940,1173,1425,0,,,,
Buldhana,2019,Malkapur,Urban,1315,1981,2384,1328,0,,,,
Buldhana,2019,Malkapur,Total,1315,2921,3557,2753,0,,,,
Buldhana,2019,Motala,Rural,0,2128,2475,3102,0,,,,
Buldhana,2019,Motala,Urban,51,94,131,28,0,,,,
Buldhana,2019,Motala,Total,51,2222,2606,3130,0,,,,
Buldhana,2019,Khamgaon,Rural,0,2383,3099,3935,0,,,,
Buldhana,2019,Khamgaon,Urban,2331,5758,5731,2292,0,,,,
Buldhana,2019,Khamgaon,Total,2331,8141,8830,6227,0,,,,
Buldhana,2019,Mehkar,Rural,0,1853,3114,3799,0,,,,
Buldhana,2019,Mehkar,Urban,722,414,744,734,0,,,,
Buldhana,2019,Mehkar,Total,722,2267,3858,4533,0,,,,
Buldhana,2019,Chikhali,Rural,0,1990,3188,4105,0,,,,
Buldhana,2019,Chikhali,Urban,1729,996,1248,2077,0,,,,
Buldhana,2019,Chikhali,Total,1729,2986,4436,6182,0,,,,
Buldhana,2019,Buldhana,Rural,0,2939,2906,3930,0,,,,
Buldhana,2019,Buldhana,Urban,1368,3551,3783,1341,0,,,,
Buldhana,2019,Buldhana,Total,1368,6490,6689,5271,0,,,,
Buldhana,2019,Deulgaon Raja,Rural,0,1236,1364,1466,0,,,,
Buldhana,2019,Deulgaon Raja,Urban,562,306,780,560,0,,,,
Buldhana,2019,Deulgaon Raja,Total,562,1542,2144,2026,0,,,,
Buldhana,2019,Sindkhed Raja,Rural,0,2020,2334,2752,0,,,,
Buldhana,2019,Sindkhed Raja,Urban,268,69,287,259,0,,,,
Buldhana,2019,Sindkhed Raja,Total,268,2089,2621,3011,0,,,,
Buldhana,2019,Lonar,Rural,0,1569,1785,2249,0,,,,
Buldhana,2019,Lonar,Urban,435,185,490,485,0,,,,
Buldhana,2019,Lonar,Total,435,1754,2275,2734,0,,,,
Buldhana,2020,Jalgaon Jamod,Rural,0,1721,1902,2145,,,,,
Buldhana,2020,Jalgaon Jamod,Urban,0,320,476,246,,,,,
Buldhana,2020,Jalgaon Jamod,Total,0,2041,2378,2391,0,,,,
Buldhana,2020,Sangrampur,Rural,0,1609,2044,2571,,,,,
Buldhana,2020,Sangrampur,Urban,0,36,36,35,,,,,
Buldhana,2020,Sangrampur,Total,0,1645,2080,2606,0,,,,
Buldhana,2020,Shegaon,Rural,0,797,1008,1323,,,,,
Buldhana,2020,Shegaon,Urban,0,977,1615,1244,,,,,
Buldhana,2020,Shegaon,Total,0,1774,2623,2567,0,,,,
Buldhana,2020,Nandura,Rural,0,2874,2974,3518,,,,,
Buldhana,2020,Nandura,Urban,0,0,0,0,,,,,
Buldhana,2020,Nandura,Total,0,2874,2974,3518,0,,,,
Buldhana,2020,Malkapur,Rural,0,1017,1232,1444,,,,,
Buldhana,2020,Malkapur,Urban,0,1081,1446,1131,,,,,
Buldhana,2020,Malkapur,Total,0,2098,2678,2575,0,,,,
Buldhana,2020,Motala,Rural,0,1658,2328,2966,,,,,
Buldhana,2020,Motala,Urban,0,89,171,58,,,,,
Buldhana,2020,Motala,Total,0,1747,2499,3024,0,,,,
Buldhana,2020,Khamgaon,Rural,0,1579,2585,3488,,,,,
Buldhana,2020,Khamgaon,Urban,0,1694,3848,2205,,,,,
Buldhana,2020,Khamgaon,Total,0,3273,6433,5693,0,,,,
Buldhana,2020,Mehkar,Rural,0,2033,3211,3651,,,,,
Buldhana,2020,Mehkar,Urban,0,712,678,567,,,,,
Buldhana,2020,Mehkar,Total,0,2745,3889,4218,0,,,,
Buldhana,2020,Chikhali,Rural,0,2395,3032,3951,,,,,
Buldhana,2020,Chikhali,Urban,0,1245,1816,1251,,,,,
Buldhana,2020,Chikhali,Total,0,3640,4848,5202,0,,,,
Buldhana,2020,Buldhana,Rural,0,2324,3316,3921,,,,,
Buldhana,2020,Buldhana,Urban,0,1165,3443,969,,,,,
Buldhana,2020,Buldhana,Total,0,3489,6759,4890,0,,,,
Buldhana,2020,Deulgaon Raja,Rural,0,1208,1277,1426,,,,,
Buldhana,2020,Deulgaon Raja,Urban,0,518,692,460,,,,,
Buldhana,2020,Deulgaon Raja,Total,0,1726,1969,1886,0,,,,
Buldhana,2020,Sindkhed Raja,Rural,0,1883,2457,2467,,,,,
Buldhana,2020,Sindkhed Raja,Urban,0,246,315,275,,,,,
Buldhana,2020,Sindkhed Raja,Total,0,2129,2772,2742,0,,,,
Buldhana,2020,Lonar,Rural,0,1636,1744,2049,,,,,
Buldhana,2020,Lonar,Urban,0,372,486,365,,,,,
Buldhana,2020,Lonar,Total,0,2008,2230,2414,0,,,,
Buldhana,2021,Jalgaon Jamod,Rural,0,1822,1749,1822,0,,,,
Buldhana,2021,Jalgaon Jamod,Urban,0,356,487,356,0,,,,
Buldhana,2021,Jalgaon Jamod,Total,0,2178,2236,2178,0,,,,
Buldhana,2021,Sangrampur,Rural,0,2290,1601,2290,0,,,,
Buldhana,2021,Sangrampur,Urban,0,9,43,9,0,,,,
Buldhana,2021,Sangrampur,Total,0,2299,1644,2299,0,,,,
Buldhana,2021,Shegaon,Rural,0,1432,1347,1432,0,,,,
Buldhana,2021,Shegaon,Urban,0,1632,1757,1632,0,,,,
Buldhana,2021,Shegaon,Total,0,3064,3104,3064,0,,,,
Buldhana,2021,Nandura,Rural,0,3080,2922,3080,0,,,,
Buldhana,2021,Nandura,Urban,0,0,0,0,0,,,,
Buldhana,2021,Nandura,Total,0,3080,2922,3080,0,,,,
Buldhana,2021,Malkapur,Rural,0,1611,1422,1611,0,,,,
Buldhana,2021,Malkapur,Urban,0,1328,1861,1328,0,,,,
Buldhana,2021,Malkapur,Total,0,2939,3283,2939,0,,,,
Buldhana,2021,Motala,Rural,0,2994,2110,2994,0,,,,
Buldhana,2021,Motala,Urban,0,50,161,50,0,,,,
Buldhana,2021,Motala,Total,0,3044,2271,3044,0,,,,
Buldhana,2021,Khamgaon,Rural,0,3614,2860,3614,0,,,,
Buldhana,2021,Khamgaon,Urban,0,2344,6299,2344,0,,,,
Buldhana,2021,Khamgaon,Total,0,5958,9159,5958,0,,,,
Buldhana,2021,Mehkar,Rural,0,3736,2750,3736,0,,,,
Buldhana,2021,Mehkar,Urban,0,615,567,615,0,,,,
Buldhana,2021,Mehkar,Total,0,4351,3317,4351,0,,,,
Buldhana,2021,Chikhali,Rural,0,4121,2878,4121,0,,,,
Buldhana,2021,Chikhali,Urban,0,1244,1785,1244,0,,,,
Buldhana,2021,Chikhali,Total,0,5365,4663,5365,0,,,,
Buldhana,2021,Buldhana,Rural,0,3704,2928,3704,0,,,,
Buldhana,2021,Buldhana,Urban,0,3144,4117,3144,0,,,,
Buldhana,2021,Buldhana,Total,0,6848,7045,6848,0,,,,
Buldhana,2021,Deulgaon Raja,Rural,0,1487,1232,1487,0,,,,
Buldhana,2021,Deulgaon Raja,Urban,0,341,643,341,0,,,,
Buldhana,2021,Deulgaon Raja,Total,0,1828,1875,1828,0,,,,
Buldhana,2021,Sindkhed Raja,Rural,0,2564,2418,2564,0,,,,
Buldhana,2021,Sindkhed Raja,Urban,0,391,349,391,0,,,,
Buldhana,2021,Sindkhed Raja,Total,0,2955,2767,2955,0,,,,
Buldhana,2021,Lonar,Rural,0,2141,1866,2141,0,,,,
Buldhana,2021,Lonar,Urban,0,491,531,491,0,,,,
Buldhana,2021,Lonar,Total,0,2632,2397,2632,0,,,,
Chandrapur,2012,Varora,Rural,1797,1797,1025,1844,1536,2000,1967,1814,
Chandrapur,2012,Varora,Urban,,,,,,,,,
Chandrapur,2012,Varora,Total,2652,2652,2022,2584,2317,2956,2890,2413,
Chandrapur,2012,Chimur,Rural,2267,2267,1617,2282,2464,2704,3064,2278,
Chandrapur,2012,Chimur,Urban,,,,,,,,,
Chandrapur,2012,Chimur,Total,2267,2267,1617,2282,2464,2704,3064,2278,
Chandrapur,2012,Nagbhid,Rural,1895,1895,1476,1926,1616,2220,2326,1837,
Chandrapur,2012,Nagbhid,Urban,,,,,,,,,
Chandrapur,2012,Nagbhid,Total,1895,1895,1476,1926,1616,2220,2326,1837,
Chandrapur,2012,Bramhapuri,Rural,2105,2105,1381,1983,1758,2321,2583,1914,
Chandrapur,2012,Bramhapuri,Urban,,,,,,,,,
Chandrapur,2012,Bramhapuri,Total,2614,2629,1798,2514,2236,2928,3701,2253,
Chandrapur,2012,Savali,Rural,1634,1656,1182,1498,1303,1918,1768,1416,
Chandrapur,2012,Savali,Urban,,,,,,,,,
Chandrapur,2012,Savali,Total,1634,1656,1182,1498,1303,1918,1768,1416,
Chandrapur,2012,Sindevahi,Rural,1702,1702,1228,1559,1528,1833,1906,1649,
Chandrapur,2012,Sindevahi,Urban,,,,,,,,,
Chandrapur,2012,Sindevahi,Total,1702,1702,1228,1559,1528,1833,1906,1649,
Chandrapur,2012,Bhadravati,Rural,1456,1456,867,1324,1371,2890,1649,1367,
Chandrapur,2012,Bhadravati,Urban,,,,,,,,,
Chandrapur,2012,Bhadravati,Total,2206,2206,1645,2105,1922,3976,2600,1790,
Chandrapur,2012,Chandrapur,Rural,1999,1999,1018,2021,1950,2051,2288,2162,
Chandrapur,2012,Chandrapur,Urban,,,,,,,,,
Chandrapur,2012,Chandrapur,Total,8720,8654,9945,7951,9075,8696,8703,7553,
Chandrapur,2012,Mul,Rural,1454,1454,1040,1290,1239,1518,1633,1342,
Chandrapur,2012,Mul,Urban,,,,,,,,,
Chandrapur,2012,Mul,Total,1740,1740,1312,1704,1609,2110,2288,1505,
Chandrapur,2012,Ponbhurna,Rural,797,797,549,728,632,837,916,674,
Chandrapur,2012,Ponbhurna,Urban,,,,,,,,,
Chandrapur,2012,Ponbhurna,Total,797,797,549,728,632,837,916,674,
Chandrapur,2012,Ballarpur,Rural,669,669,416,600,619,798,780,677,
Chandrapur,2012,Ballarpur,Urban,,,,,,,,,
Chandrapur,2012,Ballarpur,Total,2558,2622,1986,2324,2275,2609,2473,2017,
Chandrapur,2012,Korpana,Rural,1891,1891,1064,1998,1848,2496,2444,1973,
Chandrapur,2012,Korpana,Urban,,,,,,,,,
Chandrapur,2012,Korpana,Total,1891,1891,1064,1998,1848,2496,2444,1973,
Chandrapur,2012,Rajura,Rural,1616,1616,1022,1594,1616,1685,1649,1617,
Chandrapur,2012,Rajura,Urban,,,,,,,,,
Chandrapur,2012,Rajura,Total,2091,2091,1690,2156,2046,2138,1976,1986,
Chandrapur,2012,Gondpipari,Rural,1253,1253,764,1174,1321,1254,1312,1187,
Chandrapur,2012,Gondpipari,Urban,,,,,,,,,
Chandrapur,2012,Gondpipari,Total,1253,1253,764,1174,1321,1254,1312,1187,
Chandrapur,2012,Jivati,Rural,1221,1221,1111,1297,932,932,1144,1030,
Chandrapur,2012,Jivati,Urban,,,,,,,,,
Chandrapur,2012,Jivati,Total,1221,1221,1111,1297,932,932,1144,1030,
Chandrapur,2013,Varora,Rural,1954,1950,1067,1868,1518,1796,2115,1910,
Chandrapur,2013,Varora,Urban,,,,,,,,,
Chandrapur,2013,Varora,Total,2552,2551,2096,2311,2211,2491,2837,2321,
Chandrapur,2013,Chimur,Rural,2475,2464,2001,2244,2216,2763,2564,2418,
Chandrapur,2013,Chimur,Urban,,,,,,,,,
Chandrapur,2013,Chimur,Total,2475,2464,2001,2244,2216,2763,2564,2418,
Chandrapur,2013,Nagbhid,Rural,1849,1854,1615,1805,1745,2481,2281,2060,
Chandrapur,2013,Nagbhid,Urban,,,,,,,,,
Chandrapur,2013,Nagbhid,Total,1849,1854,1615,1805,1745,2481,2281,2060,
Chandrapur,2013,Bramhapuri,Rural,2016,2022,1778,1958,2082,2234,2580,2121,
Chandrapur,2013,Bramhapuri,Urban,,,,,,,,,
Chandrapur,2013,Bramhapuri,Total,2454,2460,2184,2475,2468,3008,3820,2446,
Chandrapur,2013,Savali,Rural,1576,1556,1332,1510,1335,1582,1576,1625,
Chandrapur,2013,Savali,Urban,,,,,,,,,
Chandrapur,2013,Savali,Total,1576,1556,1332,1510,1335,1582,1576,1625,
Chandrapur,2013,Sindevahi,Rural,1581,1577,1269,1548,1405,1589,1521,1660,
Chandrapur,2013,Sindevahi,Urban,,,,,,,,,
Chandrapur,2013,Sindevahi,Total,1581,1577,1269,1548,1405,1589,1521,1660,
Chandrapur,2013,Bhadravati,Rural,1463,1465,1119,1385,1296,1568,1508,1463,
Chandrapur,2013,Bhadravati,Urban,,,,,,,,,
Chandrapur,2013,Bhadravati,Total,3417,3417,1967,2204,1891,2467,2342,1881,
Chandrapur,2013,Chandrapur,Rural,1780,1780,1059,1929,1854,2287,2206,1965,
Chandrapur,2013,Chandrapur,Urban,,,,,,,,,
Chandrapur,2013,Chandrapur,Total,7785,7727,3417,4063,3926,4484,4560,4066,
Chandrapur,2013,Mul,Rural,1235,1238,973,1225,1173,1446,1782,1301,
Chandrapur,2013,Mul,Urban,,,,,,,,,
Chandrapur,2013,Mul,Total,1798,1721,1326,1689,1720,2015,2421,1712,
Chandrapur,2013,Ponbhurna,Rural,688,690,556,703,479,669,751,643,
Chandrapur,2013,Ponbhurna,Urban,,,,,,,,,
Chandrapur,2013,Ponbhurna,Total,688,690,556,703,479,669,751,643,
Chandrapur,2013,Ballarpur,Rural,663,617,417,636,614,801,859,561,
Chandrapur,2013,Ballarpur,Urban,,,,,,,,,
Chandrapur,2013,Ballarpur,Total,2809,2763,2142,2542,1941,2148,2945,1816,
Chandrapur,2013,Korpana,Rural,1745,1734,1343,1915,1641,1945,1967,2052,
Chandrapur,2013,Korpana,Urban,,,,,,,,,
Chandrapur,2013,Korpana,Total,1745,1734,1343,1915,1641,1945,1967,5052,
Chandrapur,2013,Rajura,Rural,1544,1540,1206,1686,1690,1689,1925,1642,
Chandrapur,2013,Rajura,Urban,,,,,,,,,
Chandrapur,2013,Rajura,Total,2778,2774,1605,2073,1924,2033,2112,1958,
Chandrapur,2013,Gondpipari,Rural,1119,1128,963,1147,1219,1196,1252,1157,
Chandrapur,2013,Gondpipari,Urban,,,,,,,,,
Chandrapur,2013,Gondpipari,Total,1119,1128,963,1147,1219,1196,1252,1157,
Chandrapur,2013,Jivati,Rural,1237,1227,1386,1245,1029,1222,1255,1482,
Chandrapur,2013,Jivati,Urban,,,,,,,,,
Chandrapur,2013,Jivati,Total,1237,1227,1386,1245,1029,1222,1255,1482,
Chandrapur,2014,Varora,Rural,1729,1729,706,1708,1497,1791,2205,1950,
Chandrapur,2014,Varora,Urban,,,,,,,,,
Chandrapur,2014,Varora,Total,2476,2476,1765,2431,2262,2587,2987,2254,
Chandrapur,2014,Chimur,Rural,2168,2168,1310,2162,2162,2512,2617,1819,
Chandrapur,2014,Chimur,Urban,,,,,,,,,
Chandrapur,2014,Chimur,Total,2168,2168,1310,2162,2162,2512,2617,2510,
Chandrapur,2014,Nagbhid,Rural,1859,1859,1544,1852,1727,2402,2234,2060,
Chandrapur,2014,Nagbhid,Urban,,,,,,,,,
Chandrapur,2014,Nagbhid,Total,1859,1859,1544,1852,1727,2402,2234,2060,
Chandrapur,2014,Bramhapuri,Rural,1857,1857,1666,1927,2082,2234,2580,2132,
Chandrapur,2014,Bramhapuri,Urban,,,,,,,,,
Chandrapur,2014,Bramhapuri,Total,2414,2414,2139,2492,2557,2962,3820,2472,
Chandrapur,2014,Savali,Rural,1484,1484,1331,1444,1249,1582,1620,1700,
Chandrapur,2014,Savali,Urban,,,,,,,,,
Chandrapur,2014,Savali,Total,1484,1484,1331,1444,1249,1582,1620,1700,
Chandrapur,2014,Sindevahi,Rural,1575,1575,1258,1541,1405,1721,1468,1745,
Chandrapur,2014,Sindevahi,Urban,,,,,,,,,
Chandrapur,2014,Sindevahi,Total,1575,1575,1258,1541,1405,1721,1468,1745,
Chandrapur,2014,Bhadravati,Rural,1427,1427,1352,1321,1822,1740,1530,1311,
Chandrapur,2014,Bhadravati,Urban,,,,,,,,,
Chandrapur,2014,Bhadravati,Total,4298,3417,2011,2502,1822,2142,2145,2135,
Chandrapur,2014,Chandrapur,Rural,1798,1798,1254,1845,1974,2287,2219,1980,
Chandrapur,2014,Chandrapur,Urban,,,,,,,,,
Chandrapur,2014,Chandrapur,Total,2662,2662,4512,2049,3926,4485,4560,4120,
Chandrapur,2014,Mul,Rural,1282,1238,930,1163,1162,1490,1754,1096,
Chandrapur,2014,Mul,Urban,,,,,,,,,
Chandrapur,2014,Mul,Total,1644,1721,1039,1581,1450,1999,2373,1441,
Chandrapur,2014,Ponbhurna,Rural,623,680,487,619,548,783,1004,592,
Chandrapur,2014,Ponbhurna,Urban,,,,,,,,,
Chandrapur,2014,Ponbhurna,Total,623,680,487,619,548,783,1004,592,
Chandrapur,2014,Ballarpur,Rural,591,617,294,591,1064,801,995,579,
Chandrapur,2014,Ballarpur,Urban,,,,,,,,,
Chandrapur,2014,Ballarpur,Total,2522,2522,2054,2367,1941,2610,2945,1825,
Chandrapur,2014,Korpana,Rural,1691,1691,788,1915,1619,1856,1756,3052,
Chandrapur,2014,Korpana,Urban,,,,,,,,,
Chandrapur,2014,Korpana,Total,1691,1691,788,1915,1619,1856,1756,4821,
Chandrapur,2014,Rajura,Rural,1534,1534,1002,1459,1798,1754,1347,1210,
Chandrapur,2014,Rajura,Urban,,,,,,,,,
Chandrapur,2014,Rajura,Total,2045,2045,1614,2151,1924,2033,1853,1648,
Chandrapur,2014,Gondpipari,Rural,1156,1128,963,1150,1226,1338,1251,1180,
Chandrapur,2014,Gondpipari,Urban,,,,,,,,,
Chandrapur,2014,Gondpipari,Total,1156,1128,963,1150,1226,1338,1251,1180,
Chandrapur,2014,Jivati,Rural,1202,1202,1386,1200,1017,951,1252,1482,
Chandrapur,2014,Jivati,Urban,,,,,,,,,
Chandrapur,2014,Jivati,Total,1202,1202,1150,1200,1017,951,1252,1482,
Chandrapur,2015,Varora,Rural,1540,1540,691,1683,1406,1602,1624,1730,
Chandrapur,2015,Varora,Urban,,,,,,,,,
Chandrapur,2015,Varora,Total,2591,2591,1742,2691,2301,2029,2031,2744,
Chandrapur,2015,Chimur,Rural,2165,2165,1840,2049,1967,2286,2264,2274,
Chandrapur,2015,Chimur,Urban,,,,,,,,,
Chandrapur,2015,Chimur,Total,2165,2165,1840,2049,1967,2286,2264,2274,
Chandrapur,2015,Nagbhid,Rural,1903,1903,1391,1843,1702,2067,2272,1916,
Chandrapur,2015,Nagbhid,Urban,,,,,,,,,
Chandrapur,2015,Nagbhid,Total,1903,1903,1391,1843,1702,2067,2272,1916,
Chandrapur,2015,Bramhapuri,Rural,1950,1950,1646,2041,1652,2100,1961,1983,
Chandrapur,2015,Bramhapuri,Urban,,,,,,,,,
Chandrapur,2015,Bramhapuri,Total,3007,3007,3033,3072,2601,3352,3421,2441,
Chandrapur,2015,Savali,Rural,1517,1517,1253,1447,1186,1627,1733,1574,
Chandrapur,2015,Savali,Urban,,,,,,,,,
Chandrapur,2015,Savali,Total,1517,1517,1253,1447,1186,1627,1733,1574,
Chandrapur,2015,Sindevahi,Rural,1504,1504,1237,1430,1423,1718,1616,1558,
Chandrapur,2015,Sindevahi,Urban,,,,,,,,,
Chandrapur,2015,Sindevahi,Total,1504,1504,1237,1430,1423,1718,1616,1558,
Chandrapur,2015,Bhadravati,Rural,1179,1179,825,1226,1108,1363,1451,1314,
Chandrapur,2015,Bhadravati,Urban,,,,,,,,,
Chandrapur,2015,Bhadravati,Total,4716,4716,1464,2289,1955,2046,2076,2244,
Chandrapur,2015,Chandrapur,Rural,1908,1908,510,1864,1674,2405,2733,2050,
Chandrapur,2015,Chandrapur,Urban,,,,,,,,,
Chandrapur,2015,Chandrapur,Total,2679,2679,7660,2587,2129,2925,3153,3035,
Chandrapur,2015,Mul,Rural,1160,1160,861,1237,996,1401,1584,1190,
Chandrapur,2015,Mul,Urban,,,,,,,,,
Chandrapur,2015,Mul,Total,1529,1529,1218,1684,1351,1781,1911,1542,
Chandrapur,2015,Ponbhurna,Rural,669,669,480,617,536,798,914,645,
Chandrapur,2015,Ponbhurna,Urban,,,,,,,,,
Chandrapur,2015,Ponbhurna,Total,669,669,480,617,536,798,914,645,
Chandrapur,2015,Ballarpur,Rural,641,641,282,553,551,708,823,590,
Chandrapur,2015,Ballarpur,Urban,,,,,,,,,
Chandrapur,2015,Ballarpur,Total,1942,1942,1197,1916,2508,2100,2260,1506,
Chandrapur,2015,Korpana,Rural,1580,1580,837,1746,1576,1527,1941,1793,
Chandrapur,2015,Korpana,Urban,,,,,,,,,
Chandrapur,2015,Korpana,Total,1580,1580,837,1746,1576,1527,1941,1793,
Chandrapur,2015,Rajura,Rural,1344,1344,920,1408,1204,1177,960,1439,
Chandrapur,2015,Rajura,Urban,,,,,,,,,
Chandrapur,2015,Rajura,Total,1796,1796,1613,2185,1677,1469,1178,1767,
Chandrapur,2015,Gondpipari,Rural,1136,1136,787,1147,1045,1272,1135,1078,
Chandrapur,2015,Gondpipari,Urban,,,,,,,,,
Chandrapur,2015,Gondpipari,Total,1136,1136,787,1147,1045,1272,1135,1078,
Chandrapur,2015,Jivati,Rural,1211,1211,979,1203,908,1066,998,1179,
Chandrapur,2015,Jivati,Urban,,,,,,,,,
Chandrapur,2015,Jivati,Total,1211,1211,979,1203,908,1066,998,1179,
Chandrapur,2016,Varora,Rural,0,1560,457,1615,1378,1926,1943,1434,
Chandrapur,2016,Varora,Urban,,,,,,,,,
Chandrapur,2016,Varora,Total,0,2904,1801,2605,2562,3295,3300,2307,
Chandrapur,2016,Chimur,Rural,0,2206,1627,2281,1948,2688,2623,2029,
Chandrapur,2016,Chimur,Urban,,,,,,,,,
Chandrapur,2016,Chimur,Total,0,2493,1914,2281,1948,2688,2623,2029,
Chandrapur,2016,Nagbhid,Rural,0,1776,1246,1988,1457,2067,2379,1595,
Chandrapur,2016,Nagbhid,Urban,,,,,,,,,
Chandrapur,2016,Nagbhid,Total,0,1904,1368,1988,1457,2067,2379,1595,
Chandrapur,2016,Bramhapuri,Rural,0,1789,1380,1891,1523,2104,2241,1812,
Chandrapur,2016,Bramhapuri,Urban,,,,,,,,,
Chandrapur,2016,Bramhapuri,Total,0,3335,2926,3101,2656,3506,3481,2897,
Chandrapur,2016,Savali,Rural,0,1421,916,1545,1095,1609,1599,1286,
Chandrapur,2016,Savali,Urban,,,,,,,,,
Chandrapur,2016,Savali,Total,0,1513,1019,1545,1095,1609,1599,1286,
Chandrapur,2016,Sindevahi,Rural,0,1504,1015,1584,1157,1579,1510,1401,
Chandrapur,2016,Sindevahi,Urban,,,,,,,,,
Chandrapur,2016,Sindevahi,Total,0,1981,1522,1584,1157,1579,1510,1401,
Chandrapur,2016,Bhadravati,Rural,0,1038,666,1101,966,1383,1446,1182,
Chandrapur,2016,Bhadravati,Urban,,,,,,,,,
Chandrapur,2016,Bhadravati,Total,0,1606,1202,2144,2183,2591,2621,2351,
Chandrapur,2016,Chandrapur,Rural,0,1970,609,1952,1617,2395,2326,1715,
Chandrapur,2016,Chandrapur,Urban,,,,,,,,,
Chandrapur,2016,Chandrapur,Total,0,8182,7343,2710,2220,2660,2515,3360,
Chandrapur,2016,Mul,Rural,0,1264,752,1218,994,1444,1482,1045,
Chandrapur,2016,Mul,Urban,,,,,,,,,
Chandrapur,2016,Mul,Total,0,1583,1071,1504,1250,1752,1896,1345,
Chandrapur,2016,Ponbhurna,Rural,0,613,349,684,567,843,793,579,
Chandrapur,2016,Ponbhurna,Urban,,,,,,,,,
Chandrapur,2016,Ponbhurna,Total,0,613,349,684,567,843,793,579,
Chandrapur,2016,Ballarpur,Rural,0,531,173,609,480,683,782,536,
Chandrapur,2016,Ballarpur,Urban,,,,,,,,,
Chandrapur,2016,Ballarpur,Total,0,1011,1207,2483,1847,1272,1860,1074,
Chandrapur,2016,Korpana,Rural,0,1593,887,1694,1517,1568,1945,1550,
Chandrapur,2016,Korpana,Urban,,,,,,,,,
Chandrapur,2016,Korpana,Total,0,2194,1486,1694,1517,1568,1945,1550,
Chandrapur,2016,Rajura,Rural,0,1376,778,1428,1153,1541,1181,1273,
Chandrapur,2016,Rajura,Urban,,,,,,,,,
Chandrapur,2016,Rajura,Total,0,1748,1352,2091,1845,2088,1439,1514,
Chandrapur,2016,Gondpipari,Rural,0,1010,440,1020,843,1152,1351,850,
Chandrapur,2016,Gondpipari,Urban,,,,,,,,,
Chandrapur,2016,Gondpipari,Total,0,1364,826,1021,843,1156,1354,850,
Chandrapur,2016,Jivati,Rural,0,1314,920,1289,1021,1289,1175,949,
Chandrapur,2016,Jivati,Urban,,,,,,,,,
Chandrapur,2016,Jivati,Total,0,1314,920,1289,1021,1289,1175,949,
Chandrapur,2017,Varora,Rural,0,2534,1551,2385,1532,2860,3680,2475,
Chandrapur,2017,Varora,Urban,,,,,,,,,
Chandrapur,2017,Varora,Total,0,3551,2704,3344,2356,3716,5012,3271,
Chandrapur,2017,Chimur,Rural,0,2664,913,1883,2064,2335,2261,2145,
Chandrapur,2017,Chimur,Urban,,,,,,,,,
Chandrapur,2017,Chimur,Total,0,2839,1088,1883,2064,2335,2261,2145,
Chandrapur,2017,Nagbhid,Rural,0,1675,1450,1573,1663,2056,2259,1959,
Chandrapur,2017,Nagbhid,Urban,,,,,,,,,
Chandrapur,2017,Nagbhid,Total,0,1821,1591,1573,1663,2056,2259,1959,
Chandrapur,2017,Bramhapuri,Rural,0,2669,1843,2754,1752,2951,3307,2984,
Chandrapur,2017,Bramhapuri,Urban,,,,,,,,,
Chandrapur,2017,Bramhapuri,Total,0,3301,2899,3715,2220,4181,4552,3934,
Chandrapur,2017,Savali,Rural,0,1304,1000,1250,1285,1991,2108,1601,
Chandrapur,2017,Savali,Urban,,,,,,,,,
Chandrapur,2017,Savali,Total,0,1431,1127,1250,1285,1991,2108,1601,
Chandrapur,2017,Sindevahi,Rural,0,1375,1127,1340,1375,1198,1388,1636,
Chandrapur,2017,Sindevahi,Urban,,,,,,,,,
Chandrapur,2017,Sindevahi,Total,0,1861,1613,1340,1375,1198,1388,1636,
Chandrapur,2017,Bhadravati,Rural,0,1900,638,1750,1057,2481,2582,2310,
Chandrapur,2017,Bhadravati,Urban,,,,,,,,,
Chandrapur,2017,Bhadravati,Total,0,2129,867,2528,1801,3423,3604,3485,
Chandrapur,2017,Chandrapur,Rural,0,3495,12555,2952,1677,2951,3307,1852,
Chandrapur,2017,Chandrapur,Urban,,,,,,,,,
Chandrapur,2017,Chandrapur,Total,0,11202,20262,3869,2575,3233,3511,2832,
Chandrapur,2017,Mul,Rural,0,1544,1066,1334,1215,1763,1742,1591,
Chandrapur,2017,Mul,Urban,,,,,,,,,
Chandrapur,2017,Mul,Total,0,2012,1534,1618,1492,2054,2068,1772,
Chandrapur,2017,Ponbhurna,Rural,0,590,302,512,590,685,638,680,
Chandrapur,2017,Ponbhurna,Urban,,,,,,,,,
Chandrapur,2017,Ponbhurna,Total,0,590,302,512,590,685,638,680,
Chandrapur,2017,Ballarpur,Rural,0,2398,536,2125,489,2063,2311,1843,
Chandrapur,2017,Ballarpur,Urban,,,,,,,,,
Chandrapur,2017,Ballarpur,Total,0,2794,931,3766,1468,3547,3855,2582,
Chandrapur,2017,Korpana,Rural,0,1537,1244,1511,1544,1763,1742,1633,
Chandrapur,2017,Korpana,Urban,,,,,,,,,
Chandrapur,2017,Korpana,Total,0,2174,1880,1511,1544,1773,1750,1633,
Chandrapur,2017,Rajura,Rural,0,1612,857,1699,1245,1991,2108,1868,
Chandrapur,2017,Rajura,Urban,,,,,,,,,
Chandrapur,2017,Rajura,Total,0,2021,1269,2179,1757,2643,2844,2029,
Chandrapur,2017,Gondpipari,Rural,0,1011,902,905,943,1173,1241,1099,
Chandrapur,2017,Gondpipari,Urban,,,,,,,,,
Chandrapur,2017,Gondpipari,Total,0,1491,1379,944,1013,1221,1271,1099,
Chandrapur,2017,Jivati,Rural,0,1083,923,970,1080,821,986,1345,
Chandrapur,2017,Jivati,Urban,,,,,,,,,
Chandrapur,2017,Jivati,Total,0,1083,923,970,1080,821,986,1345,
Chandrapur,2018,Varora,Rural,0,1680,304,1819,1539,1777,2051,1698,1680
Chandrapur,2018,Varora,Urban,0,811,898,533,643,398,370,605,811
Chandrapur,2018,Varora,Total,0,2491,1202,2352,2182,2175,2421,2303,2491
Chandrapur,2018,Chimur,Rural,0,2060,375,2043,2190,2481,2582,2032,2060
Chandrapur,2018,Chimur,Urban,0,329,17,0,0,0,0,0,0
Chandrapur,2018,Chimur,Total,0,2389,392,2043,2190,2481,2582,2032,2060
Chandrapur,2018,Nagbhid,Rural,0,1790,1112,1948,1758,2468,2427,1874,1790
Chandrapur,2018,Nagbhid,Urban,0,169,164,0,10,30,62,50,11
Chandrapur,2018,Nagbhid,Total,0,1959,1276,1948,1768,2498,2489,1924,1801
Chandrapur,2018,Bramhapuri,Rural,0,1699,789,1757,1809,1670,1360,1835,1699
Chandrapur,2018,Bramhapuri,Urban,0,696,697,520,770,883,958,493,636
Chandrapur,2018,Bramhapuri,Total,0,2395,1486,2277,2579,2553,2318,2328,2335
Chandrapur,2018,Savali,Rural,0,1476,723,1500,1274,1806,1554,1487,1476
Chandrapur,2018,Savali,Urban,0,124,124,53,8,0,0,17,1
Chandrapur,2018,Savali,Total,0,1600,847,1553,1282,1806,1554,1504,1477
Chandrapur,2018,Sindevahi,Rural,0,1404,1104,1612,1383,1514,1270,1489,1464
Chandrapur,2018,Sindevahi,Urban,0,550,550,0,0,0,0,0,0
Chandrapur,2018,Sindevahi,Total,0,1954,1654,1612,1383,1514,1270,1489,1464
Chandrapur,2018,Bhadravati,Rural,0,1216,355,1265,1009,1360,1400,1157,1215
Chandrapur,2018,Bhadravati,Urban,0,883,219,1040,1060,591,561,785,884
Chandrapur,2018,Bhadravati,Total,0,2099,574,2305,2069,1951,1961,1942,2099
Chandrapur,2018,Chandrapur,Rural,0,1699,371,1667,1689,1661,1641,1748,1669
Chandrapur,2018,Chandrapur,Urban,0,6661,8776,8776,5570,4435,4754,5557,6716
Chandrapur,2018,Chandrapur,Total,0,8360,9147,10443,7259,6096,6395,7305,8385
Chandrapur,2018,Mul,Rural,0,1167,496,1142,1111,1679,1526,1193,1167
Chandrapur,2018,Mul,Urban,0,612,606,434,354,325,326,559,353
Chandrapur,2018,Mul,Total,0,1779,1102,1576,1465,2004,1852,1752,1520
Chandrapur,2018,Ponbhurna,Rural,0,655,240,564,586,906,864,596,652
Chandrapur,2018,Ponbhurna,Urban,0,0,0,0,0,0,0,0,0
Chandrapur,2018,Ponbhurna,Total,0,655,240,564,586,906,864,596,652
Chandrapur,2018,Ballarpur,Rural,0,568,95,618,522,672,645,603,568
Chandrapur,2018,Ballarpur,Urban,0,1680,956,1173,1351,1270,1098,1199,1675
Chandrapur,2018,Ballarpur,Total,0,2248,1051,1791,1873,1942,1743,1802,2243
Chandrapur,2018,Korpana,Rural,0,1490,329,1523,1511,1980,2037,1508,1490
Chandrapur,2018,Korpana,Urban,0,224,224,0,0,0,0,0,0
Chandrapur,2018,Korpana,Total,0,1714,553,1523,1511,1980,2037,1508,1490
Chandrapur,2018,Rajura,Rural,0,1347,289,1379,1197,1444,1246,1419,1347
Chandrapur,2018,Rajura,Urban,0,334,486,320,314,634,741,145,334
Chandrapur,2018,Rajura,Total,0,1681,775,1699,1511,2078,1987,1564,1681
Chandrapur,2018,Gondpipari,Rural,0,1138,763,1161,1171,1352,1331,1030,1020
Chandrapur,2018,Gondpipari,Urban,0,485,485,0,126,0,0,0,146
Chandrapur,2018,Gondpipari,Total,0,1623,1248,1161,1297,1352,1331,1030,1166
Chandrapur,2018,Jivati,Rural,0,1079,908,962,1029,811,845,1221,1079
Chandrapur,2018,Jivati,Urban,0,0,0,0,0,0,0,0,0
Chandrapur,2018,Jivati,Total,0,1079,908,962,1029,811,845,1221,1079
Chandrapur,2019,Varora,Rural,0,1692,81,1544,1601,1826,2031,1764,1854
Chandrapur,2019,Varora,Urban,0,802,1116,711,711,732,757,1214,802
Chandrapur,2019,Varora,Total,0,2494,1197,2255,2312,2558,2788,2978,2656
Chandrapur,2019,Chimur,Rural,0,2027,325,1994,2074,2454,2393,2189,2103
Chandrapur,2019,Chimur,Urban,0,33,436,15,15,1,2,10,34
Chandrapur,2019,Chimur,Total,0,2060,761,2009,2089,2455,2395,10,2137
Chandrapur,2019,Nagbhid,Rural,0,1801,995,1790,1861,2468,2729,1956,1744
Chandrapur,2019,Nagbhid,Urban,0,0,235,0,0,0,0,180,0
Chandrapur,2019,Nagbhid,Total,0,1801,1230,1790,1861,2468,2729,2136,1744
Chandrapur,2019,Bramhapuri,Rural,0,1715,614,1704,1882,1703,1383,1746,1818
Chandrapur,2019,Bramhapuri,Urban,0,539,558,517,517,408,464,801,538
Chandrapur,2019,Bramhapuri,Total,0,2254,1172,2221,2399,2111,1847,2547,2356
Chandrapur,2019,Savali,Rural,0,1477,619,1368,1396,2076,1544,1521,1556
Chandrapur,2019,Savali,Urban,0,0,142,0,0,0,87,0,0
Chandrapur,2019,Savali,Total,0,1477,761,1368,1396,2076,1631,1521,1556
Chandrapur,2019,Sindevahi,Rural,0,1402,670,1431,1587,1634,1575,1366,1466
Chandrapur,2019,Sindevahi,Urban,0,2,527,0,0,68,258,0,2
Chandrapur,2019,Sindevahi,Total,0,1404,1197,1431,1587,1702,1833,1366,1468
Chandrapur,2019,Bhadravati,Rural,0,1416,269,1126,1154,1331,1326,1253,1209
Chandrapur,2019,Bhadravati,Urban,0,683,252,820,820,406,93,1779,766
Chandrapur,2019,Bhadravati,Total,0,2099,521,1946,1974,1737,1419,3032,1975
Chandrapur,2019,Chandrapur,Rural,0,3747,422,1667,3235,3085,2696,2431,2915
Chandrapur,2019,Chandrapur,Urban,0,0,25955,5267,10139,5100,0,0,5104
Chandrapur,2019,Chandrapur,Total,0,3747,26377,6934,13374,8185,2696,2431,8019
Chandrapur,2019,Mul,Rural,0,1061,380,1211,1155,1664,1578,1229,1244
Chandrapur,2019,Mul,Urban,0,418,552,396,396,716,0,439,413
Chandrapur,2019,Mul,Total,0,1479,932,1607,1551,2380,1578,1668,1657
Chandrapur,2019,Ponbhurna,Rural,0,655,259,610,640,895,857,659,714
Chandrapur,2019,Ponbhurna,Urban,0,0,0,0,0,0,624,0,0
Chandrapur,2019,Ponbhurna,Total,0,655,259,610,640,895,1481,659,714
Chandrapur,2019,Ballarpur,Rural,0,666,96,618,592,703,653,1027,593
Chandrapur,2019,Ballarpur,Urban,0,1862,913,1808,1808,540,3,2501,1808
Chandrapur,2019,Ballarpur,Total,0,2528,1009,2426,2400,1243,656,3528,2401
Chandrapur,2019,Korpana,Rural,0,1459,306,1523,1535,2428,2353,1631,1672
Chandrapur,2019,Korpana,Urban,0,6,167,6,6,3,200,29,12
Chandrapur,2019,Korpana,Total,0,1465,473,1529,1541,2431,2553,1660,1684
Chandrapur,2019,Rajura,Rural,0,1357,337,1379,1443,1444,1293,1430,1472
Chandrapur,2019,Rajura,Urban,0,324,505,344,344,248,0,680,324
Chandrapur,2019,Rajura,Total,0,1681,842,1723,1787,1692,1293,2110,1796
Chandrapur,2019,Gondpipari,Rural,0,894,414,1161,1071,1782,2027,1098,1354
Chandrapur,2019,Gondpipari,Urban,0,244,409,153,153,0,0,0,189
Chandrapur,2019,Gondpipari,Total,0,1138,823,1314,1224,1782,2027,1098,1543
Chandrapur,2019,Jivati,Rural,0,1079,930,962,1034,1369,1305,1158,1158
Chandrapur,2019,Jivati,Urban,0,0,0,0,0,0,0,0,0
Chandrapur,2019,Jivati,Total,0,1079,930,962,1034,1369,1305,1158,1158
Chandrapur,2020,Varora,Rural,0,1710,401,1619,1680,1807,1719,1663,1710
Chandrapur,2020,Varora,Urban,0,634,789,648,624,374,375,564,634
Chandrapur,2020,Varora,Total,0,2344,1190,2267,2304,2181,2094,2227,2344
Chandrapur,2020,Chimur,Rural,0,2111,382,1948,2042,2285,2467,2060,2111
Chandrapur,2020,Chimur,Urban,0,37,353,28,9,4,4,0,37
Chandrapur,2020,Chimur,Total,0,2148,735,1976,2051,2289,2471,10,2148
Chandrapur,2020,Nagbhid,Rural,0,1852,987,1719,1770,1909,2548,1862,1852
Chandrapur,2020,Nagbhid,Urban,0,6,167,4,9,14,10,105,6
Chandrapur,2020,Nagbhid,Total,0,1858,1154,1723,1779,1923,2558,1967,1858
Chandrapur,2020,Bramhapuri,Rural,0,1744,611,1615,1658,2018,1748,1748,1744
Chandrapur,2020,Bramhapuri,Urban,0,497,444,722,559,376,353,421,497
Chandrapur,2020,Bramhapuri,Total,0,2241,1055,2337,2217,2394,2101,2169,2241
Chandrapur,2020,Savali,Rural,0,1453,519,1387,1325,1466,1578,1573,1453
Chandrapur,2020,Savali,Urban,0,1,104,0,0,0,87,0,1
Chandrapur,2020,Savali,Total,0,1454,623,1387,1325,1466,1665,1573,1454
Chandrapur,2020,Sindevahi,Rural,0,1335,661,1316,1399,1456,910,1424,1335
Chandrapur,2020,Sindevahi,Urban,0,0,480,9,0,68,258,162,0
Chandrapur,2020,Sindevahi,Total,0,1335,1141,1325,1399,1524,1168,1586,1335
Chandrapur,2020,Bhadravati,Rural,0,1107,325,1037,991,1241,1290,1446,1111
Chandrapur,2020,Bhadravati,Urban,0,697,224,740,735,489,287,759,697
Chandrapur,2020,Bhadravati,Total,0,1804,549,1777,1726,1730,1577,2205,1808
Chandrapur,2020,Chandrapur,Rural,0,2034,337,2051,1984,2151,2457,1979,2034
Chandrapur,2020,Chandrapur,Urban,0,408,7446,295,333,225,195,303,408
Chandrapur,2020,Chandrapur,Total,0,2442,7783,2346,2317,2376,2652,2282,2442
Chandrapur,2020,Mul,Rural,0,1191,429,1177,1114,1773,1752,1237,1191
Chandrapur,2020,Mul,Urban,0,366,393,376,352,412,460,152,366
Chandrapur,2020,Mul,Total,0,1557,822,1553,1466,2185,2212,1389,1557
Chandrapur,2020,Ponbhurna,Rural,0,722,252,656,642,680,950,684,722
Chandrapur,2020,Ponbhurna,Urban,0,0,0,0,0,0,0,0,0
Chandrapur,2020,Ponbhurna,Total,0,722,252,656,642,680,950,684,722
Chandrapur,2020,Ballarpur,Rural,0,630,67,570,535,547,569,587,630
Chandrapur,2020,Ballarpur,Urban,0,1633,1137,1411,1267,427,419,980,0
Chandrapur,2020,Ballarpur,Total,0,2263,1204,1981,1802,974,988,1567,630
Chandrapur,2020,Korpana,Rural,0,1559,280,1434,1505,1555,1648,1555,1569
Chandrapur,2020,Korpana,Urban,0,13,171,5,1,4,0,9,13
Chandrapur,2020,Korpana,Total,0,1572,451,1439,1506,1559,1648,1564,1582
Chandrapur,2020,Rajura,Rural,0,1364,363,1339,1388,1368,1280,1354,1364
Chandrapur,2020,Rajura,Urban,0,344,450,334,360,100,31,378,344
Chandrapur,2020,Rajura,Total,0,1708,813,1673,1748,1468,1311,1732,1708
Chandrapur,2020,Gondpipari,Rural,0,1145,442,1092,1066,1624,1618,1131,1330
Chandrapur,2020,Gondpipari,Urban,0,185,326,313,141,0,0,0,185
Chandrapur,2020,Gondpipari,Total,0,1330,768,1405,1207,1624,1618,1131,1515
Chandrapur,2020,Jivati,Rural,0,1103,781,1021,1043,902,839,1146,1103
Chandrapur,2020,Jivati,Urban,0,0,0,0,0,0,0,0,0
Chandrapur,2020,Jivati,Total,0,1103,781,1021,1043,902,839,1146,1103
Chandrapur,2021,Varora,Rural,1732,1738,365,1570,1568,1945,2177,1791,1738
Chandrapur,2021,Varora,Urban,585,681,784,637,591,210,193,455,681
Chandrapur,2021,Varora,Total,2317,2419,1149,2207,2159,2155,2370,2246,2419
Chandrapur,2021,Chimur,Rural,2197,2220,620,2058,2048,2770,2250,2374,2220
Chandrapur,2021,Chimur,Urban,0,0,0,0,0,0,0,0,0
Chandrapur,2021,Chimur,Total,2197,2220,620,2058,2048,2770,2250,2374,2220
Chandrapur,2021,Nagbhid,Rural,1842,1843,894,1757,1720,2229,2297,2178,1843
Chandrapur,2021,Nagbhid,Urban,0,0,0,0,0,0,0,0,0
Chandrapur,2021,Nagbhid,Total,1842,1843,894,1757,1720,2229,2297,2178,1843
Chandrapur,2021,Bramhapuri,Rural,1583,1831,463,1687,1585,2526,2241,1890,1832
Chandrapur,2021,Bramhapuri,Urban,501,696,563,0,628,605,494,654,696
Chandrapur,2021,Bramhapuri,Total,2084,2527,1026,1687,2213,3131,2735,2544,2528
Chandrapur,2021,Savali,Rural,1232,1451,614,1388,1316,1633,1720,1654,1450
Chandrapur,2021,Savali,Urban,0,0,0,0,0,0,0,0,0
Chandrapur,2021,Savali,Total,1232,1451,614,1388,1316,1633,1720,1654,1450
Chandrapur,2021,Sindevahi,Rural,1426,1426,1094,1369,1314,1258,1060,1534,1426
Chandrapur,2021,Sindevahi,Urban,0,0,0,0,0,0,0,0,0
Chandrapur,2021,Sindevahi,Total,1426,1426,1094,1369,1314,1258,1060,1534,1426
Chandrapur,2021,Bhadravati,Rural,1173,1333,224,1228,1196,1195,1703,1413,1333
Chandrapur,2021,Bhadravati,Urban,627,704,155,695,675,417,229,962,704
Chandrapur,2021,Bhadravati,Total,1800,2037,379,1923,1871,1612,1932,2375,2037
Chandrapur,2021,Chandrapur,Rural,2045,2553,8951,2287,2240,3410,3216,2754,2585
Chandrapur,2021,Chandrapur,Urban,4674,6891,8057,7384,5767,5981,4945,6415,6818
Chandrapur,2021,Chandrapur,Total,6719,9444,17008,9671,8007,9391,8161,9169,9403
Chandrapur,2021,Mul,Rural,1261,1261,382,1220,1115,1933,1839,1327,1261
Chandrapur,2021,Mul,Urban,349,410,585,407,371,435,441,248,410
Chandrapur,2021,Mul,Total,1610,1671,967,1627,1486,2368,2280,1575,1671
Chandrapur,2021,Ponbhurna,Rural,771,771,276,705,682,1062,1028,759,771
Chandrapur,2021,Ponbhurna,Urban,0,0,0,0,0,0,0,0,0
Chandrapur,2021,Ponbhurna,Total,771,771,276,705,682,1062,1028,759,771
Chandrapur,2021,Ballarpur,Rural,405,629,48,578,551,693,603,1017,629
Chandrapur,2021,Ballarpur,Urban,1037,1385,380,1356,1234,451,562,1367,1385
Chandrapur,2021,Ballarpur,Total,1442,2014,428,1934,1785,1144,1165,2384,2014
Chandrapur,2021,Korpana,Rural,1054,1571,831,1511,1456,1929,1626,1825,1590
Chandrapur,2021,Korpana,Urban,0,0,0,0,0,0,0,0,0
Chandrapur,2021,Korpana,Total,1054,1571,831,1511,1456,1929,1626,1825,1590
Chandrapur,2021,Rajura,Rural,1151,1339,264,1325,1272,1342,1015,1464,1338
Chandrapur,2021,Rajura,Urban,238,320,507,296,240,58,14,300,320
Chandrapur,2021,Rajura,Total,1389,1659,771,1621,1512,1400,1029,1764,1658
Chandrapur,2021,Gondpipari,Rural,1228,1303,719,1415,1314,1497,1469,1227,1303
Chandrapur,2021,Gondpipari,Urban,0,0,0,0,0,0,0,0,0
Chandrapur,2021,Gondpipari,Total,1228,1303,719,1415,1314,1497,1469,1227,1303
Chandrapur,2021,Jivati,Rural,983,1048,635,1067,963,1187,973,1256,1038
Chandrapur,2021,Jivati,Urban,0,0,0,0,0,0,0,0,0
Chandrapur,2021,Jivati,Total,983,1048,635,1067,963,1187,973,1256,1038
Dhule,2011,Shirpur,Rural,9857,9857,10355,11968,7709,8119,7936,10978,
Dhule,2011,Shirpur,Urban,,,,,,,,,
Dhule,2011,Shirpur,Total,11057,11057,11775,13388,9134,9545,9288,12278,
Dhule,2011,Shindkheda,Rural,8297,8297,7861,7972,5228,6914,7076,8571,
Dhule,2011,Shindkheda,Urban,,,,,,,,,
Dhule,2011,Shindkheda,Total,9422,9422,9062,9225,6482,8172,8432,9729,
Dhule,2011,Sakri,Rural,11691,11691,11753,13283,9387,9967,8881,12596,
Dhule,2011,Sakri,Urban,,,,,,,,,
Dhule,2011,Sakri,Total,11691,11691,11753,13283,9387,9967,8881,12596,
Dhule,2011,Dhule,Rural,8281,8281,8341,8026,6635,8266,8139,9320,
Dhule,2011,Dhule,Urban,,,,,,,,,
Dhule,2011,Dhule,Total,17098,16398,17947,15784,13836,15333,14348,19748,
Dhule,2012,Shirpur,Rural,9857,9857,10355,11968,7709,8119,7936,10978,
Dhule,2012,Shirpur,Urban,,,,,,,,,
Dhule,2012,Shirpur,Total,11057,11057,11775,13388,9134,9545,9288,12278,
Dhule,2012,Shindkheda,Rural,8297,8297,7861,7972,5228,6914,7076,8571,
Dhule,2012,Shindkheda,Urban,,,,,,,,,
Dhule,2012,Shindkheda,Total,9422,9422,9062,9225,6482,8172,8432,9729,
Dhule,2012,Sakri,Rural,11691,11691,11753,13283,9387,9967,8881,12596,
Dhule,2012,Sakri,Urban,,,,,,,,,
Dhule,2012,Sakri,Total,11691,11691,11753,13283,9387,9967,8881,12596,
Dhule,2012,Dhule,Rural,8281,8281,8341,8026,6635,8266,8139,9320,
Dhule,2012,Dhule,Urban,,,,,,,,,
Dhule,2012,Dhule,Total,17098,16398,17947,15784,13836,15333,14348,19748,
Dhule,2013,Shirpur,Rural,10382,10390,9899,10400,8567,9605,8628,10339,
Dhule,2013,Shirpur,Urban,2013,2013,2013,2024,2168,2265,1979,1842,
Dhule,2013,Shirpur,Total,12395,12403,11912,12424,10735,11870,10607,12181,
Dhule,2013,Shindkheda,Rural,6279,6273,6222,6199,4986,5953,5595,6776,
Dhule,2013,Shindkheda,Urban,0,0,0,0,0,464,417,180,
Dhule,2013,Shindkheda,Total,6279,6273,6222,6199,4986,6417,6012,6956,
Dhule,2013,Sakri,Rural,10081,10096,11072,9804,5460,6582,5531,11849,
Dhule,2013,Sakri,Urban,0,0,0,0,0,0,0,0,
Dhule,2013,Sakri,Total,10081,10096,11072,9804,5460,6582,5531,11849,
Dhule,2013,Dhule,Rural,9271,9160,8989,9000,7407,7412,7309,9783,
Dhule,2013,Dhule,Urban,9151,9025,9005,8256,6518,6540,6835,8658,
Dhule,2013,Dhule,Total,18422,18185,17994,17256,13925,13952,14144,18441,
Dhule,2014,Shirpur,Rural,9576,9576,6477,9233,6551,7576,8220,8234,
Dhule,2014,Shirpur,Urban,1986,1986,2164,1948,2052,2167,2441,2277,
Dhule,2014,Shirpur,Total,11562,11562,8641,11181,8603,9743,10661,10511,
Dhule,2014,Shindkheda,Rural,7280,7280,5556,6987,6068,7261,6364,6621,
Dhule,2014,Shindkheda,Urban,984,984,986,978,985,910,920,1464,
Dhule,2014,Shindkheda,Total,8264,8264,6542,7965,7053,8171,7284,8085,
Dhule,2014,Sakri,Rural,9571,9571,8156,8879,6506,8611,7578,9490,
Dhule,2014,Sakri,Urban,0,0,0,0,0,0,0,0,
Dhule,2014,Sakri,Total,9571,9571,8156,8879,6506,8611,7578,9490,
Dhule,2014,Dhule,Rural,17441,17441,11828,9491,5545,6663,6028,10159,
Dhule,2014,Dhule,Urban,6789,6789,8866,5217,7310,4663,4748,5691,
Dhule,2014,Dhule,Total,24230,24230,20694,14708,12855,11326,10776,15850,
Dhule,2015,Shirpur,Rural,9617,9617,6477,9233,6551,7576,8220,8234,
Dhule,2015,Shirpur,Urban,1986,1986,2164,1948,2052,2167,2441,2277,
Dhule,2015,Shirpur,Total,11603,11603,8641,11181,8603,9743,10661,10511,
Dhule,2015,Shindkheda,Rural,7283,7283,5556,6987,6068,7261,6364,6621,
Dhule,2015,Shindkheda,Urban,984,984,986,978,985,910,920,1464,
Dhule,2015,Shindkheda,Total,8267,8267,6542,7965,7053,8171,7284,8085,
Dhule,2015,Sakri,Rural,9571,9571,8156,8879,6506,8611,7578,9490,
Dhule,2015,Sakri,Urban,0,0,0,0,0,0,0,0,
Dhule,2015,Sakri,Total,9571,9571,8156,8879,6506,8611,7578,9490,
Dhule,2015,Dhule,Rural,11902,17453,11828,9491,5545,6663,6028,10159,
Dhule,2015,Dhule,Urban,17243,17243,13528,6642,7310,4714,4848,8379,
Dhule,2015,Dhule,Total,29145,34696,25356,16133,12855,11377,10876,18538,
Dhule,2016,Shirpur,Rural,10066,10066,8143,9051,9366,7508,6018,9423,
Dhule,2016,Shirpur,Urban,1643,1643,2122,1872,1426,1683,1432,1665,
Dhule,2016,Shirpur,Total,11709,11709,10265,10923,10792,9191,7450,11088,
Dhule,2016,Shindkheda,Rural,7909,7909,9500,7403,6531,5928,5561,6068,
Dhule,2016,Shindkheda,Urban,1281,1281,3608,1504,472,390,344,1430,
Dhule,2016,Shindkheda,Total,9190,9190,13108,8907,7003,6318,5905,7498,
Dhule,2016,Sakri,Rural,10438,10438,8802,10442,12725,12790,11548,9672,
Dhule,2016,Sakri,Urban,0,0,0,0,0,0,0,0,
Dhule,2016,Sakri,Total,10438,10438,8802,10442,12725,12790,11548,9672,
Dhule,2016,Dhule,Rural,10276,10276,9456,8462,9842,10139,7251,9088,
Dhule,2016,Dhule,Urban,8686,14236,11341,5592,0,908,1097,9235,
Dhule,2016,Dhule,Total,18962,24512,20797,14054,9842,11047,8348,18323,
Dhule,2017,Shirpur,Rural,7952,7957,8010,7594,5194,6855,6083,8611,
Dhule,2017,Shirpur,Urban,2539,2539,2288,1511,1322,2468,2394,3311,
Dhule,2017,Shirpur,Total,10491,10496,10298,9105,6516,9323,8477,11922,
Dhule,2017,Shindkheda,Rural,5698,5703,5506,5380,2836,5395,5764,5264,
Dhule,2017,Shindkheda,Urban,1573,1573,1527,1417,1045,1626,1094,1797,
Dhule,2017,Shindkheda,Total,7271,7276,7033,6797,3881,7021,6858,7061,
Dhule,2017,Sakri,Rural,10337,10337,10870,9732,7626,9725,9005,10237,
Dhule,2017,Sakri,Urban,0,0,0,0,0,0,0,0,
Dhule,2017,Sakri,Total,10337,10337,10870,9732,7626,9725,9005,10237,
Dhule,2017,Dhule,Rural,16738,16722,21455,17140,9080,10070,8754,18315,
Dhule,2017,Dhule,Urban,2277,13222,10675,5201,0,880,728,6973,
Dhule,2017,Dhule,Total,19015,29944,32130,22341,9080,10950,9482,25288,
Dhule,2018,Shirpur,Rural,0,7889,7561,6682,5386,6351,5952,8160,7892
Dhule,2018,Shirpur,Urban,0,1859,1859,1554,1156,753,533,1527,1591
Dhule,2018,Shirpur,Total,0,9748,9420,8236,6542,7104,6485,9687,9483
Dhule,2018,Shindkheda,Rural,0,5364,5398,4910,4098,5252,5580,5353,5364
Dhule,2018,Shindkheda,Urban,0,1478,1478,1566,957,837,772,1472,1302
Dhule,2018,Shindkheda,Total,0,6842,6876,6476,5055,6089,6352,6825,6666
Dhule,2018,Sakri,Rural,0,9672,9176,9583,8389,9701,8796,9110,9677
Dhule,2018,Sakri,Urban,0,868,868,239,9,11,23,0,26
Dhule,2018,Sakri,Total,0,10540,10044,9822,8398,9712,8819,9110,9703
Dhule,2018,Dhule,Rural,0,8548,8651,8330,6281,8454,7651,8802,8548
Dhule,2018,Dhule,Urban,0,15889,11719,6253,0,1637,1298,6959,6277
Dhule,2018,Dhule,Total,0,24437,20370,14583,6281,10091,8949,15761,14825
Dhule,2019,Shirpur,Rural,0,8691,8130,8028,4500,7450,5572,8173,8683
Dhule,2019,Shirpur,Urban,0,1561,1748,1102,629,860,895,1483,1237
Dhule,2019,Shirpur,Total,0,10252,9878,9130,5129,8310,6467,9656,9920
Dhule,2019,Shindkheda,Rural,0,5379,5414,5124,4791,5854,6106,5299,5394
Dhule,2019,Shindkheda,Urban,0,1468,1635,1350,786,847,821,1568,1239
Dhule,2019,Shindkheda,Total,0,6847,7049,6474,5577,6701,6927,6867,6633
Dhule,2019,Sakri,Rural,0,9569,9111,5719,6616,12720,10266,9582,9596
Dhule,2019,Sakri,Urban,0,652,652,23,9,11,23,0,23
Dhule,2019,Sakri,Total,0,10221,9763,5742,6625,12731,10289,9582,9619
Dhule,2019,Dhule,Rural,0,9134,9249,8771,5887,9239,9007,9039,9134
Dhule,2019,Dhule,Urban,0,15102,12315,7208,0,1504,977,8211,7063
Dhule,2019,Dhule,Total,0,24236,21564,15979,5887,10743,9984,17250,16197
Dhule,2020,Shirpur,Rural,0,6543,6703,6703,6543,8002,7241,7374,6543
Dhule,2020,Shirpur,Urban,0,868,939,855,594,99,115,632,868
Dhule,2020,Shirpur,Total,0,7411,7642,7558,7137,8101,7356,8006,7411
Dhule,2020,Shindkheda,Rural,0,4858,4977,4977,4858,5942,5376,5475,4858
Dhule,2020,Shindkheda,Urban,0,442,518,486,307,433,428,1502,442
Dhule,2020,Shindkheda,Total,0,5300,5495,5463,5165,6375,5804,6977,5300
Dhule,2020,Sakri,Rural,0,8718,8933,8933,8718,10663,9649,9826,8718
Dhule,2020,Sakri,Urban,0,42,881,317,6,0,0,118,42
Dhule,2020,Sakri,Total,0,8760,9814,9250,8724,10663,9649,9944,8760
Dhule,2020,Dhule,Rural,0,7943,8139,8139,7943,9716,8792,9137,7943
Dhule,2020,Dhule,Urban,0,7169,8027,5859,2650,1502,1300,4766,7169
Dhule,2020,Dhule,Total,0,15112,16166,13998,10593,11218,10092,13903,15112
Dhule,2021,Shirpur,Rural,0,7934,8348,7905,7169,4213,3790,9090,7934
Dhule,2021,Shirpur,Urban,0,850,1298,888,594,40,115,1298,850
Dhule,2021,Shirpur,Total,0,8784,9646,8793,7763,4253,3905,10388,8784
Dhule,2021,Shindkheda,Rural,0,5458,4928,5317,5261,5357,5123,5352,5458
Dhule,2021,Shindkheda,Urban,0,877,979,938,307,169,428,979,877
Dhule,2021,Shindkheda,Total,0,6335,5907,6255,5568,5526,5551,6331,6335
Dhule,2021,Sakri,Rural,0,9789,9503,9714,9253,8627,8493,10856,9789
Dhule,2021,Sakri,Urban,0,42,881,317,6,0,0,118,42
Dhule,2021,Sakri,Total,0,9831,10384,10031,9259,8627,8493,10974,9831
Dhule,2021,Dhule,Rural,0,9133,7595,8985,8632,5202,5109,9446,9133
Dhule,2021,Dhule,Urban,0,6030,9150,5317,0,1242,956,5631,6030
Dhule,2021,Dhule,Total,0,15163,16745,14302,8632,6444,6065,15077,15163
Gadchiroli,2012,Desaiganj,Rural,1009,1009,902,923,795,1013,1024,987,
Gadchiroli,2012,Desaiganj,Urban,,,,,,,,,
Gadchiroli,2012,Desaiganj,Total,1575,1575,1429,1475,1294,1740,1597,1325,
Gadchiroli,2012,Aarmori,Rural,1591,1591,1191,1505,1514,1714,1598,1639,
Gadchiroli,2012,Aarmori,Urban,,,,,,,,,
Gadchiroli,2012,Aarmori,Total,1591,1591,1191,1505,1514,1714,1598,1639,
Gadchiroli,2012,Kurkheda,Rural,1446,1446,1312,1445,1330,1335,1790,1561,
Gadchiroli,2012,Kurkheda,Urban,,,,,,,,,
Gadchiroli,2012,Kurkheda,Total,1446,1446,1312,1445,1330,1335,1790,1561,
Gadchiroli,2012,Korachi,Rural,875,875,863,837,648,943,962,847,
Gadchiroli,2012,Korachi,Urban,,,,,,,,,
Gadchiroli,2012,Korachi,Total,875,875,863,837,648,943,962,847,
Gadchiroli,2012,Dhanora,Rural,1465,1465,1413,1443,1509,1663,1645,1593,
Gadchiroli,2012,Dhanora,Urban,,,,,,,,,
Gadchiroli,2012,Dhanora,Total,1465,1465,1413,1443,1509,1663,1645,1593,
Gadchiroli,2012,Gadchiroli,Rural,1611,1611,1785,1509,1366,1679,1720,1595,
Gadchiroli,2012,Gadchiroli,Urban,,,,,,,,,
Gadchiroli,2012,Gadchiroli,Total,2471,2471,5348,2351,2339,2874,3255,2092,
Gadchiroli,2012,Chomoshi,Rural,2852,2852,2421,2571,2469,2474,2774,2785,
Gadchiroli,2012,Chomoshi,Urban,,,,,,,,,
Gadchiroli,2012,Chomoshi,Total,2852,2852,2421,2571,2469,2474,2774,2785,
Gadchiroli,2012,Mulchera,Rural,1047,1047,998,952,650,1059,1119,1074,
Gadchiroli,2012,Mulchera,Urban,,,,,,,,,
Gadchiroli,2012,Mulchera,Total,1047,1047,998,952,650,1059,1119,1074,
Gadchiroli,2012,Etapalli,Rural,1359,1359,1338,1311,1385,1565,1418,1503,
Gadchiroli,2012,Etapalli,Urban,,,,,,,,,
Gadchiroli,2012,Etapalli,Total,1359,1359,1338,1311,1385,1565,1418,1503,
Gadchiroli,2012,Bhamragad,Rural,676,676,631,690,731,663,718,770,
Gadchiroli,2012,Bhamragad,Urban,,,,,,,,,
Gadchiroli,2012,Bhamragad,Total,676,676,631,690,731,663,718,770,
Gadchiroli,2012,Aheri,Rural,1823,1823,1810,1748,1585,1988,1957,2059,
Gadchiroli,2012,Aheri,Urban,,,,,,,,,
Gadchiroli,2012,Aheri,Total,1823,1823,1810,1748,1585,1988,1957,2059,
Gadchiroli,2012,Sironcha,Rural,1276,1276,1240,1248,1113,1348,1456,1436,
Gadchiroli,2012,Sironcha,Urban,,,,,,,,,
Gadchiroli,2012,Sironcha,Total,1276,1276,1240,1248,1113,1348,1456,1436,
Gadchiroli,2013,Desaiganj,Rural,1387,1388,1036,1103,1328,1540,1558,1322,
Gadchiroli,2013,Desaiganj,Urban,,,,,,,,,
Gadchiroli,2013,Desaiganj,Total,1935,1936,1419,1587,1862,2179,2249,1780,
Gadchiroli,2013,Aarmori,Rural,1555,1552,1075,1586,1433,1479,1626,1419,
Gadchiroli,2013,Aarmori,Urban,,,,,,,,,
Gadchiroli,2013,Aarmori,Total,1555,1552,1075,1586,1433,1479,1626,1419,
Gadchiroli,2013,Kurkheda,Rural,1277,1278,1050,1304,1193,1242,1513,1470,
Gadchiroli,2013,Kurkheda,Urban,,,,,,,,,
Gadchiroli,2013,Kurkheda,Total,1277,1278,1050,1304,1193,1242,1513,1470,
Gadchiroli,2013,Korachi,Rural,834,833,764,781,725,848,905,831,
Gadchiroli,2013,Korachi,Urban,,,,,,,,,
Gadchiroli,2013,Korachi,Total,834,833,764,781,725,848,905,831,
Gadchiroli,2013,Dhanora,Rural,1403,1407,1348,1375,1459,1674,1612,1622,
Gadchiroli,2013,Dhanora,Urban,,,,,,,,,
Gadchiroli,2013,Dhanora,Total,1403,1407,1348,1375,1459,1674,1612,1622,
Gadchiroli,2013,Gadchiroli,Rural,2811,2814,5204,2949,2501,3005,3641,2607,
Gadchiroli,2013,Gadchiroli,Urban,,,,,,,,,
Gadchiroli,2013,Gadchiroli,Total,3738,3741,9520,3889,3497,4183,5490,4402,
Gadchiroli,2013,Chomoshi,Rural,2706,2703,1398,2624,2757,2804,3253,2579,
Gadchiroli,2013,Chomoshi,Urban,,,,,,,,,
Gadchiroli,2013,Chomoshi,Total,2706,2703,1398,2624,2757,2804,3253,2579,
Gadchiroli,2013,Mulchera,Rural,893,894,906,860,727,840,647,819,
Gadchiroli,2013,Mulchera,Urban,,,,,,,,,
Gadchiroli,2013,Mulchera,Total,893,894,906,860,727,840,647,819,
Gadchiroli,2013,Etapalli,Rural,1485,1486,1435,1425,1457,1643,1416,1747,
Gadchiroli,2013,Etapalli,Urban,,,,,,,,,
Gadchiroli,2013,Etapalli,Total,1485,1486,1435,1425,1457,1643,1416,1747,
Gadchiroli,2013,Bhamragad,Rural,734,746,735,684,703,736,691,725,
Gadchiroli,2013,Bhamragad,Urban,,,,,,,,,
Gadchiroli,2013,Bhamragad,Total,734,746,735,684,703,736,691,725,
Gadchiroli,2013,Aheri,Rural,2273,2262,1924,2414,2250,2559,2546,1997,
Gadchiroli,2013,Aheri,Urban,,,,,,,,,
Gadchiroli,2013,Aheri,Total,2273,2262,1924,2414,2250,2559,2546,1997,
Gadchiroli,2013,Sironcha,Rural,1290,1284,1196,1298,1160,1701,1637,1192,
Gadchiroli,2013,Sironcha,Urban,,,,,,,,,
Gadchiroli,2013,Sironcha,Total,1290,1284,1196,1298,1160,1701,1637,1192,
Gadchiroli,2014,Desaiganj,Rural,1441,1441,708,1422,1151,1492,1493,1433,
Gadchiroli,2014,Desaiganj,Urban,,,,,,,,,
Gadchiroli,2014,Desaiganj,Total,1937,1937,1164,1896,1561,2074,1961,1923,
Gadchiroli,2014,Aarmori,Rural,1460,1464,1081,1419,1610,1667,2117,1813,
Gadchiroli,2014,Aarmori,Urban,,,,,,,,,
Gadchiroli,2014,Aarmori,Total,1460,1464,1081,1419,1610,1667,2117,1813,
Gadchiroli,2014,Kurkheda,Rural,1410,1410,865,1308,1251,1338,1263,1875,
Gadchiroli,2014,Kurkheda,Urban,,,,,,,,,
Gadchiroli,2014,Kurkheda,Total,1410,1410,865,1308,1251,1338,1263,1875,
Gadchiroli,2014,Korachi,Rural,936,936,519,790,763,724,692,982,
Gadchiroli,2014,Korachi,Urban,,,,,,,,,
Gadchiroli,2014,Korachi,Total,936,936,519,790,763,724,692,982,
Gadchiroli,2014,Dhanora,Rural,1433,1433,1220,1352,1415,1395,1633,1837,
Gadchiroli,2014,Dhanora,Urban,,,,,,,,,
Gadchiroli,2014,Dhanora,Total,1433,1433,1220,1352,1415,1395,1633,1837,
Gadchiroli,2014,Gadchiroli,Rural,2566,2565,4612,2424,2198,2693,2868,3201,
Gadchiroli,2014,Gadchiroli,Urban,,,,,,,,,
Gadchiroli,2014,Gadchiroli,Total,3555,3554,8411,3399,2954,3715,4106,4650,
Gadchiroli,2014,Chomoshi,Rural,2636,2641,1930,2523,2465,2244,2895,2974,
Gadchiroli,2014,Chomoshi,Urban,,,,,,,,,
Gadchiroli,2014,Chomoshi,Total,2636,2641,1930,2523,2465,2244,2895,2974,
Gadchiroli,2014,Mulchera,Rural,1005,1005,739,930,893,912,1001,1143,
Gadchiroli,2014,Mulchera,Urban,,,,,,,,,
Gadchiroli,2014,Mulchera,Total,1005,1005,739,930,893,912,1001,1143,
Gadchiroli,2014,Etapalli,Rural,1513,1513,1385,1647,1339,1564,1389,1685,
Gadchiroli,2014,Etapalli,Urban,,,,,,,,,
Gadchiroli,2014,Etapalli,Total,1513,1513,1385,1647,1339,1564,1389,1685,
Gadchiroli,2014,Bhamragad,Rural,732,723,559,876,768,1036,850,850,
Gadchiroli,2014,Bhamragad,Urban,,,,,,,,,
Gadchiroli,2014,Bhamragad,Total,732,723,559,876,768,1036,850,850,
Gadchiroli,2014,Aheri,Rural,1893,1882,1919,2432,2075,2373,2438,2492,
Gadchiroli,2014,Aheri,Urban,,,,,,,,,
Gadchiroli,2014,Aheri,Total,1893,1882,1919,2432,2075,2373,2438,2492,
Gadchiroli,2014,Sironcha,Rural,1211,1211,1030,1287,1045,1490,1305,1488,
Gadchiroli,2014,Sironcha,Urban,,,,,,,,,
Gadchiroli,2014,Sironcha,Total,1211,1211,1030,1287,1045,1490,1305,1488,
Gadchiroli,2015,Desaiganj,Rural,836,832,601,776,808,935,1050,994,
Gadchiroli,2015,Desaiganj,Urban,,,,,,,,,
Gadchiroli,2015,Desaiganj,Total,1746,1636,1090,1762,1864,2046,2202,1734,
Gadchiroli,2015,Aarmori,Rural,1461,1418,1139,1586,1316,1582,2137,1869,
Gadchiroli,2015,Aarmori,Urban,,,,,,,,,
Gadchiroli,2015,Aarmori,Total,1461,1418,1139,1586,1316,1582,2137,1869,
Gadchiroli,2015,Kurkheda,Rural,1288,1273,1329,1406,1202,1277,1400,1572,
Gadchiroli,2015,Kurkheda,Urban,,,,,,,,,
Gadchiroli,2015,Kurkheda,Total,1288,1273,1329,1406,1202,1277,1400,1572,
Gadchiroli,2015,Korachi,Rural,618,616,712,820,703,746,788,1012,
Gadchiroli,2015,Korachi,Urban,,,,,,,,,
Gadchiroli,2015,Korachi,Total,618,616,712,820,703,746,788,1012,
Gadchiroli,2015,Dhanora,Rural,1138,1134,1253,1437,1246,1264,1375,1865,
Gadchiroli,2015,Dhanora,Urban,,,,,,,,,
Gadchiroli,2015,Dhanora,Total,1138,1134,1253,1437,1246,1264,1375,1865,
Gadchiroli,2015,Gadchiroli,Rural,1460,1453,764,1516,1303,1492,1710,1657,
Gadchiroli,2015,Gadchiroli,Urban,,,,,,,,,
Gadchiroli,2015,Gadchiroli,Total,3157,3053,9384,3547,2765,2888,5152,3768,
Gadchiroli,2015,Chomoshi,Rural,2324,2323,2204,2387,1941,1963,2353,2696,
Gadchiroli,2015,Chomoshi,Urban,,,,,,,,,
Gadchiroli,2015,Chomoshi,Total,2324,2323,2204,2387,1941,1963,2353,2696,
Gadchiroli,2015,Mulchera,Rural,927,920,732,980,893,968,1157,1195,
Gadchiroli,2015,Mulchera,Urban,,,,,,,,,
Gadchiroli,2015,Mulchera,Total,927,920,732,980,893,968,1157,1195,
Gadchiroli,2015,Etapalli,Rural,1142,1100,1225,1432,1107,1337,966,1807,
Gadchiroli,2015,Etapalli,Urban,,,,,,,,,
Gadchiroli,2015,Etapalli,Total,1142,1100,1225,1432,1107,1337,966,1807,
Gadchiroli,2015,Bhamragad,Rural,492,462,584,633,791,728,697,845,
Gadchiroli,2015,Bhamragad,Urban,,,,,,,,,
Gadchiroli,2015,Bhamragad,Total,492,462,584,633,791,728,697,845,
Gadchiroli,2015,Aheri,Rural,1911,1848,2174,1997,2432,1961,1864,2603,
Gadchiroli,2015,Aheri,Urban,,,,,,,,,
Gadchiroli,2015,Aheri,Total,1911,1848,2174,1997,2432,1961,1864,2603,
Gadchiroli,2015,Sironcha,Rural,1135,1135,1119,1225,1055,1249,1288,1475,
Gadchiroli,2015,Sironcha,Urban,,,,,,,,,
Gadchiroli,2015,Sironcha,Total,1135,1135,1119,1225,1055,1249,1288,1475,
Gadchiroli,2016,Desaiganj,Rural,1327,1327,674,1263,1348,1546,1605,1278,
Gadchiroli,2016,Desaiganj,Urban,,,,,,,,,
Gadchiroli,2016,Desaiganj,Total,1738,1738,909,1761,1902,2095,2196,1774,
Gadchiroli,2016,Aarmori,Rural,1522,1522,1029,1436,1457,1515,1961,1663,
Gadchiroli,2016,Aarmori,Urban,,,,,,,,,
Gadchiroli,2016,Aarmori,Total,1522,1522,1029,1436,1457,1515,1961,1663,
Gadchiroli,2016,Kurkheda,Rural,1452,1452,1251,1416,1512,1479,1406,1349,
Gadchiroli,2016,Kurkheda,Urban,,,,,,,,,
Gadchiroli,2016,Kurkheda,Total,1452,1452,1251,1416,1512,1479,1406,1349,
Gadchiroli,2016,Korachi,Rural,745,745,740,772,825,887,906,840,
Gadchiroli,2016,Korachi,Urban,,,,,,,,,
Gadchiroli,2016,Korachi,Total,745,745,740,772,825,887,906,840,
Gadchiroli,2016,Dhanora,Rural,1458,1458,1317,1512,1298,1249,1318,1729,
Gadchiroli,2016,Dhanora,Urban,,,,,,,,,
Gadchiroli,2016,Dhanora,Total,1458,1458,1317,1512,1298,1249,1318,1729,
Gadchiroli,2016,Gadchiroli,Rural,2600,2600,5234,2569,3011,2486,2395,2594,
Gadchiroli,2016,Gadchiroli,Urban,,,,,,,,,
Gadchiroli,2016,Gadchiroli,Total,3654,3654,9806,3718,4675,3429,3057,3458,
Gadchiroli,2016,Chomoshi,Rural,2502,2502,1887,2612,2023,2246,2454,2509,
Gadchiroli,2016,Chomoshi,Urban,,,,,,,,,
Gadchiroli,2016,Chomoshi,Total,2502,2502,1887,2612,2023,2246,2454,2509,
Gadchiroli,2016,Mulchera,Rural,952,952,654,972,899,949,1051,948,
Gadchiroli,2016,Mulchera,Urban,,,,,,,,,
Gadchiroli,2016,Mulchera,Total,952,952,654,972,899,949,1051,948,
Gadchiroli,2016,Etapalli,Rural,1427,1427,1192,1468,1352,1401,1412,1781,
Gadchiroli,2016,Etapalli,Urban,,,,,,,,,
Gadchiroli,2016,Etapalli,Total,1427,1427,1192,1468,1352,1401,1412,1781,
Gadchiroli,2016,Bhamragad,Rural,713,713,571,703,717,763,709,858,
Gadchiroli,2016,Bhamragad,Urban,,,,,,,,,
Gadchiroli,2016,Bhamragad,Total,713,713,571,703,717,763,709,858,
Gadchiroli,2016,Aheri,Rural,2034,2034,1809,2188,2127,2015,1885,2206,
Gadchiroli,2016,Aheri,Urban,,,,,,,,,
Gadchiroli,2016,Aheri,Total,2034,2034,1809,2188,2127,2015,1885,2206,
Gadchiroli,2016,Sironcha,Rural,1235,1235,926,1220,1179,1214,1254,1289,
Gadchiroli,2016,Sironcha,Urban,,,,,,,,,
Gadchiroli,2016,Sironcha,Total,1235,1235,926,1220,1179,1214,1254,1289,
Gadchiroli,2017,Desaiganj,Rural,831,831,518,789,868,938,993,886,
Gadchiroli,2017,Desaiganj,Urban,,,,,,,,,
Gadchiroli,2017,Desaiganj,Total,1277,1277,676,1177,1360,1462,1556,1306,
Gadchiroli,2017,Aarmori,Rural,1426,1429,998,1305,1471,1285,1674,1586,
Gadchiroli,2017,Aarmori,Urban,,,,,,,,,
Gadchiroli,2017,Aarmori,Total,1426,1429,998,1305,1471,1285,1674,1586,
Gadchiroli,2017,Kurkheda,Rural,1209,1209,1328,1220,1326,1278,1364,1380,
Gadchiroli,2017,Kurkheda,Urban,,,,,,,,,
Gadchiroli,2017,Kurkheda,Total,1209,1209,1328,1220,1326,1278,1364,1380,
Gadchiroli,2017,Korachi,Rural,692,692,617,672,784,767,834,930,
Gadchiroli,2017,Korachi,Urban,,,,,,,,,
Gadchiroli,2017,Korachi,Total,692,692,617,672,784,767,834,930,
Gadchiroli,2017,Dhanora,Rural,1344,1345,1323,1263,1231,1308,1505,1632,
Gadchiroli,2017,Dhanora,Urban,,,,,,,,,
Gadchiroli,2017,Dhanora,Total,1344,1345,1323,1263,1231,1308,1505,1632,
Gadchiroli,2017,Gadchiroli,Rural,1365,1363,596,1295,1265,1464,1374,1528,
Gadchiroli,2017,Gadchiroli,Urban,,,,,,,,,
Gadchiroli,2017,Gadchiroli,Total,2574,2572,5312,2454,2310,2307,2146,2134,
Gadchiroli,2017,Chomoshi,Rural,2314,2314,1715,2193,2140,2448,2637,2327,
Gadchiroli,2017,Chomoshi,Urban,,,,,,,,,
Gadchiroli,2017,Chomoshi,Total,2314,2314,1715,2193,2140,2448,2637,2327,
Gadchiroli,2017,Mulchera,Rural,869,869,576,864,919,990,1232,969,
Gadchiroli,2017,Mulchera,Urban,,,,,,,,,
Gadchiroli,2017,Mulchera,Total,869,869,576,864,919,990,1232,969,
Gadchiroli,2017,Etapalli,Rural,1650,1650,1479,1471,1450,1308,1638,1713,
Gadchiroli,2017,Etapalli,Urban,,,,,,,,,
Gadchiroli,2017,Etapalli,Total,1650,1650,1479,1471,1450,1308,1638,1713,
Gadchiroli,2017,Bhamragad,Rural,687,687,743,615,589,703,876,863,
Gadchiroli,2017,Bhamragad,Urban,,,,,,,,,
Gadchiroli,2017,Bhamragad,Total,687,687,743,615,589,703,876,863,
Gadchiroli,2017,Aheri,Rural,1911,1911,1921,1960,1443,1812,1751,2232,
Gadchiroli,2017,Aheri,Urban,,,,,,,,,
Gadchiroli,2017,Aheri,Total,1911,1911,1921,1960,1443,1812,1751,2232,
Gadchiroli,2017,Sironcha,Rural,1130,1138,870,1062,985,1079,1117,1200,
Gadchiroli,2017,Sironcha,Urban,,,,,,,,,
Gadchiroli,2017,Sironcha,Total,1130,1138,870,1062,985,1079,1117,1200,
Gadchiroli,2018,Desaiganj,Rural,,1194,618,1227,1115,1254,1275,1231,1194
Gadchiroli,2018,Desaiganj,Urban,,137,144,278,0,371,376,335,303
Gadchiroli,2018,Desaiganj,Total,,1331,762,1505,1115,1625,1651,1566,1497
Gadchiroli,2018,Aarmori,Rural,,1493,1107,1391,1259,1446,1593,1553,1493
Gadchiroli,2018,Aarmori,Urban,,0,0,0,0,0,0,0,0
Gadchiroli,2018,Aarmori,Total,,1493,1107,1391,1259,1446,1593,1553,1493
Gadchiroli,2018,Kurkheda,Rural,,1348,1363,1265,1215,1089,1114,1501,1358
Gadchiroli,2018,Kurkheda,Urban,,0,0,0,0,0,0,0,0
Gadchiroli,2018,Kurkheda,Total,,1348,1363,1265,1215,1089,1114,1501,1358
Gadchiroli,2018,Korachi,Rural,,752,779,692,668,738,737,834,752
Gadchiroli,2018,Korachi,Urban,,0,0,0,0,0,0,0,0
Gadchiroli,2018,Korachi,Total,,752,779,692,668,738,737,834,752
Gadchiroli,2018,Dhanora,Rural,,1671,1182,1542,1238,1205,1095,1534,1671
Gadchiroli,2018,Dhanora,Urban,,0,0,0,0,0,0,0,0
Gadchiroli,2018,Dhanora,Total,,1671,1182,1542,1238,1205,1095,1534,1671
Gadchiroli,2018,Gadchiroli,Rural,,2905,5784,2784,2838,2837,2721,2554,2905
Gadchiroli,2018,Gadchiroli,Urban,,1270,1174,553,0,357,321,248,535
Gadchiroli,2018,Gadchiroli,Total,,4175,6958,3337,2838,3194,3042,2802,3440
Gadchiroli,2018,Chomoshi,Rural,,2357,1426,2206,2169,1975,2077,2408,2357
Gadchiroli,2018,Chomoshi,Urban,,0,0,0,0,0,0,0,0
Gadchiroli,2018,Chomoshi,Total,,2357,1426,2206,2169,1975,2077,2408,2357
Gadchiroli,2018,Mulchera,Rural,,776,580,862,890,1030,886,1010,976
Gadchiroli,2018,Mulchera,Urban,,0,0,0,0,0,0,0,0
Gadchiroli,2018,Mulchera,Total,,776,580,862,890,1030,886,1010,976
Gadchiroli,2018,Etapalli,Rural,,1448,1281,1502,1472,1407,1454,1666,1448
Gadchiroli,2018,Etapalli,Urban,,0,0,0,0,0,0,0,0
Gadchiroli,2018,Etapalli,Total,,1448,1281,1502,1472,1407,1454,1666,1448
Gadchiroli,2018,Bhamragad,Rural,,745,883,748,569,561,576,745,745
Gadchiroli,2018,Bhamragad,Urban,,0,0,0,0,0,0,0,0
Gadchiroli,2018,Bhamragad,Total,,745,883,748,569,561,576,745,745
Gadchiroli,2018,Aheri,Rural,,889,2118,1718,1515,1586,1197,2095,889
Gadchiroli,2018,Aheri,Urban,,0,0,0,0,0,0,0,0
Gadchiroli,2018,Aheri,Total,,889,2118,1718,1515,1586,1197,2095,889
Gadchiroli,2018,Sironcha,Rural,,1245,885,1160,1111,779,988,1227,1245
Gadchiroli,2018,Sironcha,Urban,,0,0,0,0,0,0,0,0
Gadchiroli,2018,Sironcha,Total,,1245,885,1160,1111,779,988,1227,1245
Gadchiroli,2019,Desaiganj,Rural,,2912,375,1724,418,299,311,908,859
Gadchiroli,2019,Desaiganj,Urban,,1305,118,962,867,1063,1039,429,402
Gadchiroli,2019,Desaiganj,Total,,4217,493,2686,1285,1362,1350,1337,1261
Gadchiroli,2019,Aarmori,Rural,,5143,1013,2898,1461,1347,2004,1519,1370
Gadchiroli,2019,Aarmori,Urban,,0,0,0,0,,0,0,0
Gadchiroli,2019,Aarmori,Total,,5143,1013,2898,1461,1347,2004,1519,1370
Gadchiroli,2019,Kurkheda,Rural,,5159,1001,2785,1444,1149,1136,1427,1427
Gadchiroli,2019,Kurkheda,Urban,,0,0,0,0,0,0,0,0
Gadchiroli,2019,Kurkheda,Total,,5159,1001,2785,1444,1149,1136,1427,1427
Gadchiroli,2019,Korachi,Rural,,2868,582,1661,783,915,819,913,813
Gadchiroli,2019,Korachi,Urban,,0,0,0,0,0,0,0,0
Gadchiroli,2019,Korachi,Total,,2868,582,1661,783,915,819,913,813
Gadchiroli,2019,Dhanora,Rural,,4774,1087,2936,1428,1264,1014,1319,1319
Gadchiroli,2019,Dhanora,Urban,,0,0,0,0,0,0,0,0
Gadchiroli,2019,Dhanora,Total,,4774,1087,2936,1428,1264,1014,1319,1319
Gadchiroli,2019,Gadchiroli,Rural,,4340,296,2833,1639,1680,1743,1559,1403
Gadchiroli,2019,Gadchiroli,Urban,,10098,6048,2700,1424,2148,1694,1092,1366
Gadchiroli,2019,Gadchiroli,Total,,14438,6344,5533,3063,3828,3437,2651,2769
Gadchiroli,2019,Chomoshi,Rural,,7905,1237,4453,2199,1996,1927,2344,2236
Gadchiroli,2019,Chomoshi,Urban,,0,0,0,0,0,0,0,0
Gadchiroli,2019,Chomoshi,Total,,7905,1237,4453,2199,1996,1927,2344,2236
Gadchiroli,2019,Mulchera,Rural,,3177,466,1890,1044,981,1116,989,916
Gadchiroli,2019,Mulchera,Urban,,0,0,0,0,0,0,0,0
Gadchiroli,2019,Mulchera,Total,,3177,466,1890,1044,981,1116,989,916
Gadchiroli,2019,Etapalli,Rural,,5687,1154,3129,1628,1634,1767,1818,1532
Gadchiroli,2019,Etapalli,Urban,,0,0,0,0,0,0,0,0
Gadchiroli,2019,Etapalli,Total,,5687,1154,3129,1628,1634,1767,1818,1532
Gadchiroli,2019,Bhamragad,Rural,,2646,702,1460,576,515,558,864,722
Gadchiroli,2019,Bhamragad,Urban,,0,0,0,0,0,0,0,0
Gadchiroli,2019,Bhamragad,Total,,2646,702,1460,576,515,558,864,722
Gadchiroli,2019,Aheri,Rural,,7710,2211,3947,2243,1852,1599,2188,2066
Gadchiroli,2019,Aheri,Urban,,0,0,0,0,0,0,0,0
Gadchiroli,2019,Aheri,Total,,7710,2211,3947,2243,1852,1599,2188,2066
Gadchiroli,2019,Sironcha,Rural,,4274,806,2469,1054,711,973,1240,1240
Gadchiroli,2019,Sironcha,Urban,,0,0,0,0,0,0,0,0
Gadchiroli,2019,Sironcha,Total,,4274,806,2469,1054,711,973,1240,1240
Gadchiroli,2020,Desaiganj,Rural,,4742,486,1659,888,892,806,944,864
Gadchiroli,2020,Desaiganj,Urban,,2916,70,812,477,313,275,461,398
Gadchiroli,2020,Desaiganj,Total,,7658,556,2471,1365,1205,1081,1405,1262
Gadchiroli,2020,Aarmori,Rural,,8154,911,2679,1458,1728,1646,1580,1501
Gadchiroli,2020,Aarmori,Urban,,0,0,0,0,,0,0,0
Gadchiroli,2020,Aarmori,Total,,8154,911,2679,1458,1728,1646,1580,1501
Gadchiroli,2020,Kurkheda,Rural,,7498,898,2691,1353,1587,1442,1515,1302
Gadchiroli,2020,Kurkheda,Urban,,0,0,0,0,0,0,0,0
Gadchiroli,2020,Kurkheda,Total,,7498,898,2691,1353,1587,1442,1515,1302
Gadchiroli,2020,Korachi,Rural,,4271,562,1495,732,930,939,958,813
Gadchiroli,2020,Korachi,Urban,,0,0,0,0,0,0,0,0
Gadchiroli,2020,Korachi,Total,,4271,562,1495,732,930,939,958,813
Gadchiroli,2020,Dhanora,Rural,,8208,1122,2721,1492,1362,1275,1663,1464
Gadchiroli,2020,Dhanora,Urban,,0,0,0,0,0,0,0,0
Gadchiroli,2020,Dhanora,Total,,8208,1122,2721,1492,1362,1275,1663,1464
Gadchiroli,2020,Gadchiroli,Rural,,7292,306,2766,1438,1374,1522,1565,1373
Gadchiroli,2020,Gadchiroli,Urban,,11744,6088,2476,1290,1140,1035,1088,1227
Gadchiroli,2020,Gadchiroli,Total,,19036,6394,5242,2728,2514,2557,2653,2600
Gadchiroli,2020,Chomoshi,Rural,,12630,1198,4193,2311,2432,2685,2557,2196
Gadchiroli,2020,Chomoshi,Urban,,0,0,0,0,0,0,0,0
Gadchiroli,2020,Chomoshi,Total,,12630,1198,4193,2311,2432,2685,2557,2196
Gadchiroli,2020,Mulchera,Rural,,4962,516,1802,927,767,974,985,923
Gadchiroli,2020,Mulchera,Urban,,0,0,0,0,0,0,0,0
Gadchiroli,2020,Mulchera,Total,,4962,516,1802,927,767,974,985,923
Gadchiroli,2020,Etapalli,Rural,,8858,1334,2942,1536,1652,1769,1847,1605
Gadchiroli,2020,Etapalli,Urban,,0,0,0,0,0,0,0,0
Gadchiroli,2020,Etapalli,Total,,8858,1334,2942,1536,1652,1769,1847,1605
Gadchiroli,2020,Bhamragad,Rural,,4263,760,1456,598,592,614,920,781
Gadchiroli,2020,Bhamragad,Urban,,0,0,0,0,0,0,0,0
Gadchiroli,2020,Bhamragad,Total,,4263,760,1456,598,592,614,920,781
Gadchiroli,2020,Aheri,Rural,,12121,2699,3755,1893,1550,1604,2200,1955
Gadchiroli,2020,Aheri,Urban,,0,0,0,0,0,0,0,0
Gadchiroli,2020,Aheri,Total,,12121,2699,3755,1893,1550,1604,2200,1955
Gadchiroli,2020,Sironcha,Rural,,6768,854,2564,1306,1383,1530,1292,1276
Gadchiroli,2020,Sironcha,Urban,,0,0,0,0,0,0,0,0
Gadchiroli,2020,Sironcha,Total,,6768,854,2564,1306,1383,1530,1292,1276
Gadchiroli,2021,Desaiganj,Rural,,3025,384,1603,1577,1013,983,2187,2692
Gadchiroli,2021,Desaiganj,Urban,,1413,80,963,1003,409,390,1420,1333
Gadchiroli,2021,Desaiganj,Total,,4438,464,2566,2580,1422,1373,3607,4025
Gadchiroli,2021,Aarmori,Rural,,7241,1190,2925,2936,1786,1732,2658,4624
Gadchiroli,2021,Aarmori,Urban,,0,0,0,0,,0,0,0
Gadchiroli,2021,Aarmori,Total,,7241,1190,2925,2936,1786,1732,2658,4624
Gadchiroli,2021,Kurkheda,Rural,,6381,1119,2511,2506,1465,1478,2645,4039
Gadchiroli,2021,Kurkheda,Urban,,0,0,0,0,0,0,0,0
Gadchiroli,2021,Kurkheda,Total,,6381,1119,2511,2506,1465,1478,2645,4039
Gadchiroli,2021,Korachi,Rural,,3865,674,1626,1578,905,1014,1707,2399
Gadchiroli,2021,Korachi,Urban,,0,0,0,0,0,0,0,0
Gadchiroli,2021,Korachi,Total,,3865,674,1626,1578,905,1014,1707,2399
Gadchiroli,2021,Dhanora,Rural,,6782,1143,2879,2898,1655,1634,2876,4270
Gadchiroli,2021,Dhanora,Urban,,0,0,0,0,0,0,0,0
Gadchiroli,2021,Dhanora,Total,,6782,1143,2879,2898,1655,1634,2876,4270
Gadchiroli,2021,Gadchiroli,Rural,,5911,264,2621,2685,1719,1650,2708,4357
Gadchiroli,2021,Gadchiroli,Urban,,12168,7318,2188,2318,1278,1164,2068,3709
Gadchiroli,2021,Gadchiroli,Total,,18079,7582,4809,5003,2997,2814,4776,8066
Gadchiroli,2021,Chomoshi,Rural,,10609,1357,4257,4343,2672,2550,4222,7200
Gadchiroli,2021,Chomoshi,Urban,,0,0,0,0,0,0,0,0
Gadchiroli,2021,Chomoshi,Total,,10609,1357,4257,4343,2672,2550,4222,7200
Gadchiroli,2021,Mulchera,Rural,,4282,483,1852,1855,1058,1128,1771,2928
Gadchiroli,2021,Mulchera,Urban,,0,0,0,0,0,0,0,0
Gadchiroli,2021,Mulchera,Total,,4282,483,1852,1855,1058,1128,1771,2928
Gadchiroli,2021,Etapalli,Rural,,7294,1283,3044,2948,1769,1830,2895,4536
Gadchiroli,2021,Etapalli,Urban,,0,0,0,0,0,0,0,0
Gadchiroli,2021,Etapalli,Total,,7294,1283,3044,2948,1769,1830,2895,4536
Gadchiroli,2021,Bhamragad,Rural,,3685,778,1533,1380,514,557,1409,2269
Gadchiroli,2021,Bhamragad,Urban,,0,0,0,0,0,0,0,0
Gadchiroli,2021,Bhamragad,Total,,3685,778,1533,1380,514,557,1409,2269
Gadchiroli,2021,Aheri,Rural,,10550,2831,3954,4094,2043,1961,3803,5971
Gadchiroli,2021,Aheri,Urban,,0,0,0,0,0,0,0,0
Gadchiroli,2021,Aheri,Total,,10550,2831,3954,4094,2043,1961,3803,5971
Gadchiroli,2021,Sironcha,Rural,,5391,729,2458,2407,1383,1382,2352,3611
Gadchiroli,2021,Sironcha,Urban,,0,0,0,0,0,0,0,0
Gadchiroli,2021,Sironcha,Total,,5391,729,2458,2407,1383,1382,2352,3611
Gondia,2012,Tiroda,Rural,2145,2145,1914,2299,2762,2808,2944,4607,
Gondia,2012,Tiroda,Urban,,,,,,,,,
Gondia,2012,Tiroda,Total,2481,2481,2169,2624,3226,3209,3176,4968,
Gondia,2012,Goregaon,Rural,1853,1853,1500,1899,2152,2800,2836,3074,
Gondia,2012,Goregaon,Urban,,,,,,,,,
Gondia,2012,Goregaon,Total,1853,1853,1500,1899,2152,2800,2836,3074,
Gondia,2012,Gondia,Rural,4149,4249,2965,4320,6101,5947,5865,10818,
Gondia,2012,Gondia,Urban,,,,,,,,,
Gondia,2012,Gondia,Total,8900,9000,8625,6480,7733,7125,7005,12730,
Gondia,2012,Aamgaon,Rural,1880,1880,1782,1980,2370,2338,2712,3463,
Gondia,2012,Aamgaon,Urban,,,,,,,,,
Gondia,2012,Aamgaon,Total,1880,1880,1782,1980,2370,2338,2712,3463,
Gondia,2012,Salekasa,Rural,1408,1408,1126,1434,1513,1493,1815,2509,
Gondia,2012,Salekasa,Urban,,,,,,,,,
Gondia,2012,Salekasa,Total,1408,1408,1126,1434,1513,1493,1815,2509,
Gondia,2012,Sadak Arjuni,Rural,1689,1689,1588,1792,1963,2029,2090,3148,
Gondia,2012,Sadak Arjuni,Urban,,,,,,,,,
Gondia,2012,Sadak Arjuni,Total,1689,1689,1588,1792,1963,2029,2090,3148,
Gondia,2012,Arjuni Morgaon,Rural,2093,2093,1810,2248,2513,2732,2745,3980,
Gondia,2012,Arjuni Morgaon,Urban,,,,,,,,,
Gondia,2012,Arjuni Morgaon,Total,2093,2093,1810,2248,2513,2732,2745,3980,
Gondia,2012,Devari,Rural,1854,1785,1157,1859,2013,2121,2132,1946,
Gondia,2012,Devari,Urban,,,,,,,,,
Gondia,2012,Devari,Total,1854,1785,1157,1859,2013,2121,2132,1946,
Gondia,2013,Tiroda,Rural,2887,2879,2090,2808,2869,3238,2800,2477,
Gondia,2013,Tiroda,Urban,,,,,,,,,
Gondia,2013,Tiroda,Total,3223,3215,2345,3133,3153,3629,3032,2838,
Gondia,2013,Goregaon,Rural,1828,1829,1389,1840,2120,2181,2438,1643,
Gondia,2013,Goregaon,Urban,,,,,,,,,
Gondia,2013,Goregaon,Total,1828,1829,1389,1840,2120,2181,2438,1643,
Gondia,2013,Gondia,Rural,7187,7143,9136,6839,7000,6709,6510,6047,
Gondia,2013,Gondia,Urban,,,,,,,,,
Gondia,2013,Gondia,Total,11938,11894,14716,8999,8632,7887,7650,7959,
Gondia,2013,Aamgaon,Rural,2450,2432,2087,2424,2827,3034,3483,1943,
Gondia,2013,Aamgaon,Urban,,,,,,,,,
Gondia,2013,Aamgaon,Total,2450,2432,2087,2424,2827,3034,3483,1943,
Gondia,2013,Salekasa,Rural,1285,1280,1073,1356,1327,1447,1756,1294,
Gondia,2013,Salekasa,Urban,,,,,,,,,
Gondia,2013,Salekasa,Total,1285,1280,1073,1356,1327,1447,1756,1294,
Gondia,2013,Sadak Arjuni,Rural,1833,1832,1573,1823,1875,1902,2347,1520,
Gondia,2013,Sadak Arjuni,Urban,,,,,,,,,
Gondia,2013,Sadak Arjuni,Total,1833,1832,1573,1823,1875,1902,2347,1520,
Gondia,2013,Arjuni Morgaon,Rural,2187,2194,1932,2173,2571,2484,3164,1977,
Gondia,2013,Arjuni Morgaon,Urban,,,,,,,,,
Gondia,2013,Arjuni Morgaon,Total,2187,2194,1932,2173,2571,2484,3164,1977,
Gondia,2013,Devari,Rural,1679,1662,1495,1787,2066,2128,3515,858,
Gondia,2013,Devari,Urban,,,,,,,,,
Gondia,2013,Devari,Total,1679,1662,1495,1787,2066,2128,3515,858,
Gondia,2014,Tiroda,Rural,2538,2507,1647,2588,2671,2666,2835,2805,
Gondia,2014,Tiroda,Urban,237,235,235,235,235,235,235,403,
Gondia,2014,Tiroda,Total,2775,2742,1882,2823,2906,2901,3070,3208,
Gondia,2014,Goregaon,Rural,1709,1707,1051,1864,1873,1942,2207,1992,
Gondia,2014,Goregaon,Urban,0,0,0,0,0,0,0,0,
Gondia,2014,Goregaon,Total,1709,1707,1051,1864,1873,1942,2207,1992,
Gondia,2014,Gondia,Rural,7332,7119,8835,6924,6581,6382,6519,7084,
Gondia,2014,Gondia,Urban,1749,1823,1240,1506,1538,1929,2079,1704,
Gondia,2014,Gondia,Total,9081,8942,10075,8430,8119,8311,8598,8788,
Gondia,2014,Aamgaon,Rural,1962,1942,1264,1945,2043,2288,2567,2120,
Gondia,2014,Aamgaon,Urban,0,0,0,0,0,0,0,0,
Gondia,2014,Aamgaon,Total,1962,1942,1264,1945,2043,2288,2567,2120,
Gondia,2014,Salekasa,Rural,1305,1311,792,1343,1463,1544,1858,1459,
Gondia,2014,Salekasa,Urban,0,0,0,0,0,0,0,0,
Gondia,2014,Salekasa,Total,1305,1311,792,1343,1463,1544,1858,1459,
Gondia,2014,Sadak Arjuni,Rural,1626,1620,1306,1649,1928,2208,2161,1823,
Gondia,2014,Sadak Arjuni,Urban,0,0,0,0,0,0,0,0,
Gondia,2014,Sadak Arjuni,Total,1626,1620,1306,1649,1928,2208,2161,1823,
Gondia,2014,Arjuni Morgaon,Rural,1954,1954,1471,2056,2109,2445,2422,2190,
Gondia,2014,Arjuni Morgaon,Urban,0,0,0,0,0,0,0,0,
Gondia,2014,Arjuni Morgaon,Total,1954,1954,1471,2056,2109,2445,2422,2190,
Gondia,2014,Devari,Rural,1768,1768,1768,1768,1855,2035,2055,1849,
Gondia,2014,Devari,Urban,0,0,0,0,0,0,0,0,
Gondia,2014,Devari,Total,1768,1768,1768,1768,1855,2035,2055,1849,
Gondia,2015,Tiroda,Rural,2156,2681,1796,2583,2507,2570,2438,2411,
Gondia,2015,Tiroda,Urban,1149,1392,963,1286,1214,1265,1102,1164,
Gondia,2015,Tiroda,Total,3305,4073,2759,3869,3721,3835,3540,3575,
Gondia,2015,Goregaon,Rural,1393,1797,1422,1719,1762,1794,2091,2005,
Gondia,2015,Goregaon,Urban,0,0,0,0,0,0,0,0,
Gondia,2015,Goregaon,Total,1393,1797,1422,1719,1762,1794,2091,2005,
Gondia,2015,Gondia,Rural,5983,7197,9582,6829,6303,5958,5640,6499,
Gondia,2015,Gondia,Urban,2546,3242,2753,2618,2546,2447,2398,2629,
Gondia,2015,Gondia,Total,8529,10439,12335,9447,8849,8405,8038,9128,
Gondia,2015,Aamgaon,Rural,1410,1823,1320,1872,1734,2035,2580,1639,
Gondia,2015,Aamgaon,Urban,0,0,0,0,0,0,0,0,
Gondia,2015,Aamgaon,Total,1410,1823,1320,1872,1734,2035,2580,1639,
Gondia,2015,Salekasa,Rural,1014,2266,866,1289,1368,1517,1677,1384,
Gondia,2015,Salekasa,Urban,0,0,0,0,0,0,0,0,
Gondia,2015,Salekasa,Total,1014,2266,866,1289,1368,1517,1677,1384,
Gondia,2015,Sadak Arjuni,Rural,1338,1704,1374,1649,1725,1789,1867,1679,
Gondia,2015,Sadak Arjuni,Urban,0,0,0,0,0,0,0,0,
Gondia,2015,Sadak Arjuni,Total,1338,1704,1374,1649,1725,1789,1867,1679,
Gondia,2015,Arjuni Morgaon,Rural,1501,1944,1844,1958,2244,2328,2620,2136,
Gondia,2015,Arjuni Morgaon,Urban,0,0,0,0,0,0,0,0,
Gondia,2015,Arjuni Morgaon,Total,1501,1944,1844,1958,2244,2328,2620,2136,
Gondia,2015,Devari,Rural,1388,1665,1920,1671,1753,1791,1818,1983,
Gondia,2015,Devari,Urban,0,0,0,0,0,0,0,0,
Gondia,2015,Devari,Total,1388,1665,1920,1671,1753,1791,1818,1983,
Gondia,2016,Tiroda,Rural,0,2070,1392,2267,2229,2558,2761,1975,
Gondia,2016,Tiroda,Urban,0,365,225,476,235,308,201,353,
Gondia,2016,Tiroda,Total,0,2435,1617,2743,2464,2866,2962,2328,
Gondia,2016,Goregaon,Rural,0,1745,1351,1853,1585,1585,2184,1811,
Gondia,2016,Goregaon,Urban,0,0,0,0,0,0,0,0,
Gondia,2016,Goregaon,Total,0,1745,1351,1853,1585,1585,2184,1811,
Gondia,2016,Gondia,Rural,0,4570,1301,4626,5742,6283,5936,4422,
Gondia,2016,Gondia,Urban,0,2044,8110,2130,304,76,61,1728,
Gondia,2016,Gondia,Total,0,6614,9411,6756,6046,6359,5997,6150,
Gondia,2016,Aamgaon,Rural,0,1826,1145,1942,1666,1866,2406,1849,
Gondia,2016,Aamgaon,Urban,0,0,0,0,0,0,0,0,
Gondia,2016,Aamgaon,Total,0,1826,1145,1942,1666,1866,2406,1849,
Gondia,2016,Salekasa,Rural,0,1281,770,1452,1519,1519,1857,1177,
Gondia,2016,Salekasa,Urban,0,0,0,0,0,0,0,0,
Gondia,2016,Salekasa,Total,0,1281,770,1452,1519,1519,1857,1177,
Gondia,2016,Sadak Arjuni,Rural,0,1686,1204,1806,1647,1647,1728,1615,
Gondia,2016,Sadak Arjuni,Urban,0,0,0,0,0,0,0,0,
Gondia,2016,Sadak Arjuni,Total,0,1686,1204,1806,1647,1647,1728,1615,
Gondia,2016,Arjuni Morgaon,Rural,0,2105,1922,2066,2318,2441,2388,1823,
Gondia,2016,Arjuni Morgaon,Urban,0,0,0,0,0,0,0,0,
Gondia,2016,Arjuni Morgaon,Total,0,2105,1922,2066,2318,2441,2388,1823,
Gondia,2016,Devari,Rural,0,1803,1689,1803,1678,1895,1917,1452,
Gondia,2016,Devari,Urban,0,0,0,0,0,0,0,0,
Gondia,2016,Devari,Total,0,1803,1689,1803,1678,1895,1917,1452,
Gondia,2017,Tiroda,Rural,0,2121,1513,1920,2084,2504,2742,2602,
Gondia,2017,Tiroda,Urban,0,432,328,209,187,183,162,377,
Gondia,2017,Tiroda,Total,0,2553,1841,2129,2271,2687,2904,2979,
Gondia,2017,Goregaon,Rural,0,1657,1035,1609,1720,2457,2689,1894,
Gondia,2017,Goregaon,Urban,0,0,0,0,0,0,0,0,
Gondia,2017,Goregaon,Total,0,1657,1035,1609,1720,2457,2689,1894,
Gondia,2017,Gondia,Rural,0,4217,2547,3999,3427,5004,5137,6655,
Gondia,2017,Gondia,Urban,0,2464,7724,2264,1689,1507,1315,2362,
Gondia,2017,Gondia,Total,0,6681,10271,6263,5116,6511,6452,9017,
Gondia,2017,Aamgaon,Rural,0,1818,1570,1786,967,1585,1742,2124,
Gondia,2017,Aamgaon,Urban,0,0,0,0,0,0,0,0,
Gondia,2017,Aamgaon,Total,0,1818,1570,1786,967,1585,1742,2124,
Gondia,2017,Salekasa,Rural,0,1299,890,1211,1008,919,1436,1483,
Gondia,2017,Salekasa,Urban,0,0,0,0,0,0,0,0,
Gondia,2017,Salekasa,Total,0,1299,890,1211,1008,919,1436,1483,
Gondia,2017,Sadak Arjuni,Rural,0,1657,1197,1483,1402,1900,2369,1691,
Gondia,2017,Sadak Arjuni,Urban,0,0,0,0,0,0,0,0,
Gondia,2017,Sadak Arjuni,Total,0,1657,1197,1483,1402,1900,2369,1691,
Gondia,2017,Arjuni Morgaon,Rural,0,1855,1110,1772,1964,2689,3081,1975,
Gondia,2017,Arjuni Morgaon,Urban,0,0,0,0,0,0,0,0,
Gondia,2017,Arjuni Morgaon,Total,0,1855,1110,1772,1964,2689,3081,1975,
Gondia,2017,Devari,Rural,0,1643,1529,1440,1470,2071,2347,1994,
Gondia,2017,Devari,Urban,0,0,0,0,0,0,0,0,
Gondia,2017,Devari,Total,0,1643,1529,1440,1470,2071,2347,1994,
Gondia,2018,Tiroda,Rural,,661,1333,1127,0,2142,1929,2131,2079
Gondia,2018,Tiroda,Urban,,520,519,107,0,195,264,373,389
Gondia,2018,Tiroda,Total,,1181,1852,1234,0,2337,2193,2504,2468
Gondia,2018,Goregaon,Rural,,634,894,850,0,1968,2236,1824,1728
Gondia,2018,Goregaon,Urban,,,,,,,,,
Gondia,2018,Goregaon,Total,,634,894,850,0,1968,2236,1824,1728
Gondia,2018,Gondia,Rural,,1368,2602,2610,0,6323,5814,6238,5718
Gondia,2018,Gondia,Urban,,7920,6819,161,0,339,212,232,958
Gondia,2018,Gondia,Total,,9288,9421,2771,0,6662,6026,6470,6676
Gondia,2018,Aamgaon,Rural,,972,1445,880,0,1903,2264,2018,1860
Gondia,2018,Aamgaon,Urban,,,,,,,,,
Gondia,2018,Aamgaon,Total,,972,1445,880,0,1903,2264,2018,1860
Gondia,2018,Salekasa,Rural,,916,1368,728,0,1160,1456,1433,1432
Gondia,2018,Salekasa,Urban,,,,,,,,,
Gondia,2018,Salekasa,Total,,916,1368,728,0,1160,1456,1433,1432
Gondia,2018,Sadak Arjuni,Rural,,595,1004,891,0,1667,1747,1696,1664
Gondia,2018,Sadak Arjuni,Urban,,,,,,,,,
Gondia,2018,Sadak Arjuni,Total,,595,1004,891,0,1667,1747,1696,1664
Gondia,2018,Arjuni Morgaon,Rural,,1121,1448,741,0,2349,2162,2025,1900
Gondia,2018,Arjuni Morgaon,Urban,,,,,,,,,
Gondia,2018,Arjuni Morgaon,Total,,1121,1448,741,0,2349,2162,2025,1900
Gondia,2018,Devari,Rural,,1326,1874,996,0,2401,1985,1846,1896
Gondia,2018,Devari,Urban,,,,,,,,,
Gondia,2018,Devari,Total,,1326,1874,996,0,2401,1985,1846,1896
Gondia,2019,Tiroda,Rural,,1971,763,2018,0,1916,1869,2074,1971
Gondia,2019,Tiroda,Urban,,373,497,354,0,166,216,275,373
Gondia,2019,Tiroda,Total,,2344,1260,2372,0,2082,2085,2349,2344
Gondia,2019,Goregaon,Rural,,1712,830,1740,0,2403,2161,1891,1719
Gondia,2019,Goregaon,Urban,,,,,,,,,
Gondia,2019,Goregaon,Total,,1712,830,1740,0,2403,2161,1891,1719
Gondia,2019,Gondia,Rural,,1009,2665,6262,0,7017,6589,6068,6009
Gondia,2019,Gondia,Urban,,5882,6927,790,0,392,74,1333,880
Gondia,2019,Gondia,Total,,6891,9592,7052,0,7409,6663,7401,6889
Gondia,2019,Aamgaon,Rural,,1778,975,1866,0,1713,1834,1914,1778
Gondia,2019,Aamgaon,Urban,,,,,,,,,
Gondia,2019,Aamgaon,Total,,1778,975,1866,0,1713,1834,1914,1778
Gondia,2019,Salekasa,Rural,,1282,1046,1311,0,1325,1288,1455,1282
Gondia,2019,Salekasa,Urban,,,,,,,,,
Gondia,2019,Salekasa,Total,,1282,1046,1311,0,1325,1288,1455,1282
Gondia,2019,Sadak Arjuni,Rural,,1548,825,1525,0,1894,1607,1589,1551
Gondia,2019,Sadak Arjuni,Urban,,,,,,,,,
Gondia,2019,Sadak Arjuni,Total,,1548,825,1525,0,1894,1607,1589,1551
Gondia,2019,Arjuni Morgaon,Rural,,1814,1303,1972,0,2651,2715,2005,1814
Gondia,2019,Arjuni Morgaon,Urban,,,,,,,,,
Gondia,2019,Arjuni Morgaon,Total,,1814,1303,1972,0,2651,2715,2005,1814
Gondia,2019,Devari,Rural,,1737,1679,1815,0,2009,2147,2062,1737
Gondia,2019,Devari,Urban,,,,,,,,,
Gondia,2019,Devari,Total,,1737,1679,1815,0,2009,2147,2062,1737
Gondia,2020,Tiroda,Rural,,1988,753,1853,1619,217,43,1343,1882
Gondia,2020,Tiroda,Urban,,381,503,334,569,102,30,354,487
Gondia,2020,Tiroda,Total,,2369,1256,2187,2188,319,73,1697,2369
Gondia,2020,Goregaon,Rural,,1686,739,1652,1652,818,923,1228,1686
Gondia,2020,Goregaon,Urban,,,,,,,,,
Gondia,2020,Goregaon,Total,,1686,739,1652,1652,818,923,1228,1686
Gondia,2020,Gondia,Rural,,1124,2758,6104,4399,501,490,3755,5738
Gondia,2020,Gondia,Urban,,5599,6696,902,2560,153,131,1412,985
Gondia,2020,Gondia,Total,,6723,9454,7006,6959,654,621,5167,6723
Gondia,2020,Aamgaon,Rural,,1699,975,1704,1713,1371,1285,1395,1699
Gondia,2020,Aamgaon,Urban,,,,,,,,,
Gondia,2020,Aamgaon,Total,,1699,975,1704,1713,1371,1285,1395,1699
Gondia,2020,Salekasa,Rural,,1377,990,1278,1278,120,140,912,1377
Gondia,2020,Salekasa,Urban,,,,,,,,,
Gondia,2020,Salekasa,Total,,1377,990,1278,1278,120,140,912,1377
Gondia,2020,Sadak Arjuni,Rural,,1591,807,1516,1517,916,876,1156,1591
Gondia,2020,Sadak Arjuni,Urban,,,,,,,,,
Gondia,2020,Sadak Arjuni,Total,,1591,807,1516,1517,916,876,1156,1591
Gondia,2020,Arjuni Morgaon,Rural,,1956,1074,1788,1789,1353,1376,1424,1956
Gondia,2020,Arjuni Morgaon,Urban,,,,,,,,,
Gondia,2020,Arjuni Morgaon,Total,,1956,1074,1788,1789,1353,1376,1424,1956
Gondia,2020,Devari,Rural,,1922,1594,1755,1755,1095,1005,1244,1922
Gondia,2020,Devari,Urban,,,,,,,,,
Gondia,2020,Devari,Total,,1922,1594,1755,1755,1095,1005,1244,1922
Gondia,2021,Tiroda,Rural,,2005,751,1931,1646,599,666,2291,1889
Gondia,2021,Tiroda,Urban,,461,389,361,631,307,221,405,578
Gondia,2021,Tiroda,Total,,2466,1140,2292,2277,906,887,2696,2467
Gondia,2021,Goregaon,Rural,,1839,785,1720,1745,623,499,2085,1838
Gondia,2021,Goregaon,Urban,,,,,,,,,
Gondia,2021,Goregaon,Total,,1839,785,1720,1745,623,499,2085,1838
Gondia,2021,Gondia,Rural,,7058,7180,6728,6556,2782,2043,6818,7068
Gondia,2021,Gondia,Urban,,2125,1271,2133,2103,1838,1550,2005,2135
Gondia,2021,Gondia,Total,,9183,8451,8861,8659,4620,3593,8823,9203
Gondia,2021,Aamgaon,Rural,,1858,967,1729,1741,934,825,2117,1868
Gondia,2021,Aamgaon,Urban,,,,,,,,,
Gondia,2021,Aamgaon,Total,,1858,967,1729,1741,934,825,2117,1868
Gondia,2021,Salekasa,Rural,,1281,899,1280,1253,974,1119,1569,1285
Gondia,2021,Salekasa,Urban,,,,,,,,,
Gondia,2021,Salekasa,Total,,1281,899,1280,1253,974,1119,1569,1285
Gondia,2021,Sadak Arjuni,Rural,,1654,777,1634,1584,623,916,1791,1657
Gondia,2021,Sadak Arjuni,Urban,,,,,,,,,
Gondia,2021,Sadak Arjuni,Total,,1654,777,1634,1584,623,916,1791,1657
Gondia,2021,Arjuni Morgaon,Rural,,1819,1178,1823,1858,620,391,2130,1819
Gondia,2021,Arjuni Morgaon,Urban,,,,,,,,,
Gondia,2021,Arjuni Morgaon,Total,,1819,1178,1823,1858,620,391,2130,1819
Gondia,2021,Devari,Rural,,1672,1528,1667,1847,907,776,2129,1672
Gondia,2021,Devari,Urban,,,,,,,,,
Gondia,2021,Devari,Total,,1672,1528,1667,1847,907,776,2129,1672
Hingoli,2012,Sengaon,Rural,3664,3616,3110,3737,2899,3884,3745,3309,
Hingoli,2012,Sengaon,Urban,,,,,,,,,
Hingoli,2012,Sengaon,Total,3664,3616,3110,3737,2899,3884,3745,3309,
Hingoli,2012,Hingoli,Rural,3235,3235,2831,3138,2793,3563,3166,3247,
Hingoli,2012,Hingoli,Urban,,,,,,,,,
Hingoli,2012,Hingoli,Total,4988,4988,5122,4599,4758,3929,4339,3876,
Hingoli,2012,Aundha Na,Rural,3196,3196,2689,3064,2706,3094,3055,2850,
Hingoli,2012,Aundha Na,Urban,,,,,,,,,
Hingoli,2012,Aundha Na,Total,3196,3196,2689,3064,2706,3094,3055,2850,
Hingoli,2012,Kalamanuri,Rural,3825,3775,3572,3797,3051,3774,3581,3952,
Hingoli,2012,Kalamanuri,Urban,,,,,,,,,
Hingoli,2012,Kalamanuri,Total,4209,4130,4357,3891,3592,4218,4156,4351,
Hingoli,2012,Vasamat,Rural,4318,4318,3703,4196,4364,4537,4402,3898,
Hingoli,2012,Vasamat,Urban,,,,,,,,,
Hingoli,2012,Vasamat,Total,5169,5169,5388,5189,4519,5290,5318,5247,
Hingoli,2013,Sengaon,Rural,,,,,,,,,
Hingoli,2013,Sengaon,Urban,,,,,,,,,
Hingoli,2013,Sengaon,Total,,,,,,,,,
Hingoli,2013,Hingoli,Rural,,,,,,,,,
Hingoli,2013,Hingoli,Urban,,,,,,,,,
Hingoli,2013,Hingoli,Total,,,,,,,,,
Hingoli,2013,Aundha Na,Rural,,,,,,,,,
Hingoli,2013,Aundha Na,Urban,,,,,,,,,
Hingoli,2013,Aundha Na,Total,,,,,,,,,
Hingoli,2013,Kalamanuri,Rural,,,,,,,,,
Hingoli,2013,Kalamanuri,Urban,,,,,,,,,
Hingoli,2013,Kalamanuri,Total,,,,,,,,,
Hingoli,2013,Vasamat,Rural,,,,,,,,,
Hingoli,2013,Vasamat,Urban,,,,,,,,,
Hingoli,2013,Vasamat,Total,,,,,,,,,
Hingoli,2014,Sengaon,Rural,3807,3937,3476,3540,3262,4393,4195,2784,
Hingoli,2014,Sengaon,Urban,132,280,261,170,13,44,96,319,
Hingoli,2014,Sengaon,Total,3939,4217,3737,3710,3275,4437,4291,3103,
Hingoli,2014,Hingoli,Rural,3609,3612,3458,3321,2968,3681,3858,3479,
Hingoli,2014,Hingoli,Urban,710,3623,3623,599,308,329,290,3676,
Hingoli,2014,Hingoli,Total,4319,7235,7081,3920,3276,4010,4148,7155,
Hingoli,2014,Aundha Na,Rural,3334,3328,2829,3053,2773,3204,3112,2834,
Hingoli,2014,Aundha Na,Urban,172,877,643,155,0,0,0,874,
Hingoli,2014,Aundha Na,Total,3506,4205,3472,3208,2773,3204,3112,3708,
Hingoli,2014,Kalamanuri,Rural,4027,4027,4265,4070,3506,4118,4237,3417,
Hingoli,2014,Kalamanuri,Urban,464,687,695,542,342,351,357,417,
Hingoli,2014,Kalamanuri,Total,4491,4714,4960,4612,3848,4469,4594,3834,
Hingoli,2014,Vasamat,Rural,4460,4461,4420,4200,4077,4472,4495,4122,
Hingoli,2014,Vasamat,Urban,1541,999,1251,1113,600,687,822,1083,
Hingoli,2014,Vasamat,Total,6001,5460,5671,5313,4677,5159,5317,5205,
Hingoli,2015,Sengaon,Rural,4101,4218,3225,4105,3938,4592,4383,3850,
Hingoli,2015,Sengaon,Urban,186,186,396,223,4,57,42,195,
Hingoli,2015,Sengaon,Total,4287,4404,3621,4328,3942,4649,4425,4045,
Hingoli,2015,Hingoli,Rural,3895,3967,4436,3834,3144,3690,3931,3766,
Hingoli,2015,Hingoli,Urban,1316,1289,3476,1444,711,583,647,1388,
Hingoli,2015,Hingoli,Total,5211,5256,7912,5278,3855,4273,4578,5154,
Hingoli,2015,Aundha Na,Rural,3561,3433,3153,3315,3292,3456,3382,3394,
Hingoli,2015,Aundha Na,Urban,307,261,1085,311,10,2,10,227,
Hingoli,2015,Aundha Na,Total,3868,3694,4238,3626,3302,3458,3392,3621,
Hingoli,2015,Kalamanuri,Rural,4030,4298,4603,4065,3729,4288,4514,4123,
Hingoli,2015,Kalamanuri,Urban,435,450,631,474,233,212,178,413,
Hingoli,2015,Kalamanuri,Total,4465,4748,5234,4539,3962,4500,4692,4536,
Hingoli,2015,Vasamat,Rural,3991,4288,3958,4157,4582,5320,5479,3782,
Hingoli,2015,Vasamat,Urban,1707,1690,2386,1686,965,704,678,1781,
Hingoli,2015,Vasamat,Total,5698,5978,6344,5843,5547,6024,6157,5563,
Hingoli,2016,Sengaon,Rural,,,,,,,,,
Hingoli,2016,Sengaon,Urban,,,,,,,,,
Hingoli,2016,Sengaon,Total,,,,,,,,,
Hingoli,2016,Hingoli,Rural,,,,,,,,,
Hingoli,2016,Hingoli,Urban,,,,,,,,,
Hingoli,2016,Hingoli,Total,,,,,,,,,
Hingoli,2016,Aundha Na,Rural,,,,,,,,,
Hingoli,2016,Aundha Na,Urban,,,,,,,,,
Hingoli,2016,Aundha Na,Total,,,,,,,,,
Hingoli,2016,Kalamanuri,Rural,,,,,,,,,
Hingoli,2016,Kalamanuri,Urban,,,,,,,,,
Hingoli,2016,Kalamanuri,Total,,,,,,,,,
Hingoli,2016,Vasamat,Rural,,,,,,,,,
Hingoli,2016,Vasamat,Urban,,,,,,,,,
Hingoli,2016,Vasamat,Total,,,,,,,,,
Hingoli,2017,Sengaon,Rural,3674,3659,1881,3432,2690,4036,4232,3646,
Hingoli,2017,Sengaon,Urban,155,522,348,329,94,150,170,171,
Hingoli,2017,Sengaon,Total,3829,4181,2229,3761,2784,4186,4402,3817,
Hingoli,2017,Hingoli,Rural,3839,3837,1709,3659,3378,4472,4041,3385,
Hingoli,2017,Hingoli,Urban,1235,5828,4898,2235,564,510,509,1356,
Hingoli,2017,Hingoli,Total,5074,9665,6607,5894,3942,4982,4550,4741,
Hingoli,2017,Aundha Na,Rural,3086,3068,1684,2937,2439,2999,3008,3356,
Hingoli,2017,Aundha Na,Urban,273,1420,1200,509,73,114,96,320,
Hingoli,2017,Aundha Na,Total,3359,4488,2884,3446,2512,3113,3104,3676,
Hingoli,2017,Kalamanuri,Rural,3864,3849,3050,3628,2901,3855,3980,4139,
Hingoli,2017,Kalamanuri,Urban,495,1125,659,993,311,490,487,492,
Hingoli,2017,Kalamanuri,Total,4359,4974,3709,4621,3212,4345,4467,4631,
Hingoli,2017,Vasamat,Rural,4079,4078,2156,3639,2778,5036,4542,4288,
Hingoli,2017,Vasamat,Urban,1389,4530,3183,2826,706,773,738,1226,
Hingoli,2017,Vasamat,Total,5468,8608,5339,6465,3484,5809,5280,5514,
Hingoli,2018,Sengaon,Rural,3731,853,1827,3010,3862,4473,4360,3789,11240
Hingoli,2018,Sengaon,Urban,320,608,590,371,240,252,222,149,585
Hingoli,2018,Sengaon,Total,4051,1461,2417,3381,4102,4725,4582,3938,11825
Hingoli,2018,Hingoli,Rural,3858,672,1620,6058,4018,4418,4471,3707,11508
Hingoli,2018,Hingoli,Urban,2639,7090,9752,1154,1708,1338,1278,1878,5015
Hingoli,2018,Hingoli,Total,6497,7762,11372,7212,5726,5756,5749,5585,16523
Hingoli,2018,Aundha Na,Rural,3209,1020,1739,2725,3190,3182,3219,3347,9681
Hingoli,2018,Aundha Na,Urban,559,1574,1954,756,317,258,302,257,1030
Hingoli,2018,Aundha Na,Total,3768,2594,3693,3481,3507,3440,3521,3604,10711
Hingoli,2018,Kalamanuri,Rural,4111,1929,3009,3677,4326,4823,4821,4240,12328
Hingoli,2018,Kalamanuri,Urban,887,1378,1110,1143,876,1026,988,506,1587
Hingoli,2018,Kalamanuri,Total,4998,3307,4119,4820,5202,5849,5809,4746,13915
Hingoli,2018,Vasamat,Rural,4182,964,1710,3835,4165,5214,5183,4350,12694
Hingoli,2018,Vasamat,Urban,2134,4308,6080,2883,1742,1554,1660,1264,3794
Hingoli,2018,Vasamat,Total,6316,5272,7790,6718,5907,6768,6843,5614,16488
Hingoli,2019,Sengaon,Rural,3706,1173,1934,3641,4024,4657,4316,3778,3782
Hingoli,2019,Sengaon,Urban,310,636,558,456,196,186,150,355,164
Hingoli,2019,Sengaon,Total,4016,1809,2492,4097,4220,4843,4466,4133,3946
Hingoli,2019,Hingoli,Rural,3967,521,1380,3830,4720,5009,4590,3737,3999
Hingoli,2019,Hingoli,Urban,3304,8150,9860,5101,2486,2022,2012,3705,2027
Hingoli,2019,Hingoli,Total,7271,8671,11240,8931,7206,7031,6602,7442,6026
Hingoli,2019,Aundha Na,Rural,3114,1114,2557,3162,3252,3240,3217,3295,3251
Hingoli,2019,Aundha Na,Urban,553,1848,1632,788,302,474,654,511,393
Hingoli,2019,Aundha Na,Total,3667,2962,4189,3950,3554,3714,3871,3806,3644
Hingoli,2019,Kalamanuri,Rural,4007,1663,2422,3967,4341,4674,4740,4039,4104
Hingoli,2019,Kalamanuri,Urban,1044,2100,2116,2834,947,960,1002,1005,601
Hingoli,2019,Kalamanuri,Total,5051,3763,4538,6801,5288,5634,5742,5044,4705
Hingoli,2019,Vasamat,Rural,4221,1045,1801,4216,4410,5226,4905,4325,4235
Hingoli,2019,Vasamat,Urban,2704,4811,5776,4050,1934,1260,1290,2801,1588
Hingoli,2019,Vasamat,Total,6925,5856,7577,8266,6344,6486,6195,7126,5823
Hingoli,2020,Sengaon,Rural,3647,3770,2410,3694,3816,4443,4214,3909,3770
Hingoli,2020,Sengaon,Urban,328,346,582,332,382,396,442,332,173
Hingoli,2020,Sengaon,Total,3975,4116,2992,4026,4198,4839,4656,4241,3943
Hingoli,2020,Hingoli,Rural,3908,3910,1261,3662,4076,4070,4096,3652,3918
Hingoli,2020,Hingoli,Urban,2889,3114,12922,2902,2202,1734,1572,3260,1557
Hingoli,2020,Hingoli,Total,6797,7024,14183,6564,6278,5804,5668,6912,5475
Hingoli,2020,Aundha Na,Rural,3128,3128,2441,3130,3097,3171,3094,3199,3123
Hingoli,2020,Aundha Na,Urban,425,434,1302,478,266,310,314,372,217
Hingoli,2020,Aundha Na,Total,3553,3562,3743,3608,3363,3481,3408,3571,3340
Hingoli,2020,Kalamanuri,Rural,3872,3945,2579,3900,4111,4370,4406,4040,3947
Hingoli,2020,Kalamanuri,Urban,877,908,1652,866,730,660,720,1041,454
Hingoli,2020,Kalamanuri,Total,4749,4853,4231,4766,4841,5030,5126,5081,4401
Hingoli,2020,Vasamat,Rural,4039,4273,1671,4028,4188,4359,3942,4272,4261
Hingoli,2020,Vasamat,Urban,2128,2278,6710,2488,1478,898,742,1948,1139
Hingoli,2020,Vasamat,Total,6167,6551,8381,6516,5666,5257,4684,6220,5400
Hingoli,2021,Sengaon,Rural,3042,3065,2732,3073,3182,3263,3254,3271,3065
Hingoli,2021,Sengaon,Urban,374,444,1078,410,235,313,321,504,260
Hingoli,2021,Sengaon,Total,3416,3509,3810,3483,3417,3576,3575,3775,3325
Hingoli,2021,Hingoli,Rural,3919,4128,1836,4010,4249,4363,4118,4416,4130
Hingoli,2021,Hingoli,Urban,2861,2957,8617,3056,2144,1397,1231,3337,1226
Hingoli,2021,Hingoli,Total,6780,7085,10453,7066,6393,5760,5349,7753,5356
Hingoli,2021,Aundha Na,Rural,3663,3800,1530,3646,3943,4224,4264,3940,3721
Hingoli,2021,Aundha Na,Urban,1942,1988,7030,1950,1477,1065,974,2258,1728
Hingoli,2021,Aundha Na,Total,5605,5788,8560,5596,5420,5289,5238,6198,5449
Hingoli,2021,Kalamanuri,Rural,3822,3892,2418,3874,3977,4116,4189,4118,3892
Hingoli,2021,Kalamanuri,Urban,944,950,1940,926,902,902,848,1036,475
Hingoli,2021,Kalamanuri,Total,4766,4842,4358,4800,4879,5018,5037,5154,4367
Hingoli,2021,Vasamat,Rural,3552,3666,2688,3606,3592,4207,3946,3864,3653
Hingoli,2021,Vasamat,Urban,1404,1410,2675,1514,902,645,578,1110,184
Hingoli,2021,Vasamat,Total,4956,5076,5363,5120,4494,4852,4524,4974,3837
Jalna,2013,Bhokardan,Rural,7529,7513,8147,7657,5400,6867,6197,7709,
Jalna,2013,Bhokardan,Urban,,,,,,,,,
Jalna,2013,Bhokardan,Total,7529,7513,8147,7657,5400,6867,6197,7709,
Jalna,2013,Jaffrabad,Rural,3139,3121,3105,3083,2460,2974,2678,3822,
Jalna,2013,Jaffrabad,Urban,,,,,,,,,
Jalna,2013,Jaffrabad,Total,3139,3121,3105,3083,2460,2974,2678,3822,
Jalna,2013,Jalna,Rural,10175,10188,12618,10003,5300,6584,6047,16367,
Jalna,2013,Jalna,Urban,,,,,,,,,
Jalna,2013,Jalna,Total,10175,10188,12618,10003,5300,6584,6047,16367,
Jalna,2013,Badnapur,Rural,3600,3590,3393,3599,2348,2944,2853,3867,
Jalna,2013,Badnapur,Urban,,,,,,,,,
Jalna,2013,Badnapur,Total,3600,3590,3393,3599,2348,2944,2853,3867,
Jalna,2013,Ambad,Rural,5663,5653,7913,5946,3713,4313,4086,5986,
Jalna,2013,Ambad,Urban,,,,,,,,,
Jalna,2013,Ambad,Total,5663,5653,7913,5946,3713,4313,4086,5986,
Jalna,2013,Ghansawangi,Rural,5461,5461,5631,5228,4086,4800,4899,5685,
Jalna,2013,Ghansawangi,Urban,,,,,,,,,
Jalna,2013,Ghansawangi,Total,5461,5461,5631,5228,4086,4800,4899,5685,
Jalna,2013,Partur,Rural,3670,3643,4036,3580,2559,3508,3624,3993,
Jalna,2013,Partur,Urban,,,,,,,,,
Jalna,2013,Partur,Total,3670,3643,4036,3580,2559,3508,3624,3993,
Jalna,2013,Mantha,Rural,3847,3823,4140,3871,3308,3726,3638,4334,
Jalna,2013,Mantha,Urban,,,,,,,,,
Jalna,2013,Mantha,Total,3847,3823,4140,3871,3308,3726,3638,4334,
Jalna,2014,Bhokardan,Rural,7279,7281,6448,6864,6303,7959,7162,7604,
Jalna,2014,Bhokardan,Urban,,,,,,,,,
Jalna,2014,Bhokardan,Total,7279,7281,6448,6864,6303,7959,7162,7604,
Jalna,2014,Jaffrabad,Rural,3372,3372,3661,3307,3508,3265,3210,4185,
Jalna,2014,Jaffrabad,Urban,,,,,,,,,
Jalna,2014,Jaffrabad,Total,3372,3372,3661,3307,3508,3265,3210,4185,
Jalna,2014,Jalna,Rural,10505,10505,15312,10091,6765,7428,6852,15618,
Jalna,2014,Jalna,Urban,,,,,,,,,
Jalna,2014,Jalna,Total,10505,10505,15312,10091,6765,7428,6852,15618,
Jalna,2014,Badnapur,Rural,3475,3475,3325,3604,3352,3579,3714,3872,
Jalna,2014,Badnapur,Urban,,,,,,,,,
Jalna,2014,Badnapur,Total,3475,3475,3325,3604,3352,3579,3714,3872,
Jalna,2014,Ambad,Rural,5641,5636,7392,5390,4245,4625,4288,5811,
Jalna,2014,Ambad,Urban,,,,,,,,,
Jalna,2014,Ambad,Total,5641,5636,7392,5390,4245,4625,4288,5811,
Jalna,2014,Ghansawangi,Rural,5111,5111,5077,4933,4153,4767,4655,5579,
Jalna,2014,Ghansawangi,Urban,,,,,,,,,
Jalna,2014,Ghansawangi,Total,5111,5111,5077,4933,4153,4767,4655,5579,
Jalna,2014,Partur,Rural,6762,6762,3606,3609,2964,3206,3329,4450,
Jalna,2014,Partur,Urban,,,,,,,,,
Jalna,2014,Partur,Total,6762,6762,3606,3609,2964,3206,3329,4450,
Jalna,2014,Mantha,Rural,3554,3554,3824,3540,3676,3678,3620,4146,
Jalna,2014,Mantha,Urban,,,,,,,,,
Jalna,2014,Mantha,Total,3554,3554,3824,3540,3676,3678,3620,4146,
Jalna,2015,Bhokardan,Rural,7607,7607,7329,7509,7116,8099,7269,6958,
Jalna,2015,Bhokardan,Urban,,,,,,,,,
Jalna,2015,Bhokardan,Total,10571,11430,8308,8760,7652,8743,7943,7846,
Jalna,2015,Jaffrabad,Rural,4806,5361,4209,4232,3348,3388,3818,4595,
Jalna,2015,Jaffrabad,Urban,,,,,,,,,
Jalna,2015,Jaffrabad,Total,4806,5361,4209,4232,3348,3388,3818,4595,
Jalna,2015,Jalna,Rural,10678,10686,19629,10088,7437,7638,7659,12314,
Jalna,2015,Jalna,Urban,,,,,,,,,
Jalna,2015,Jalna,Total,32773,46415,34685,20409,10607,10408,10468,28257,
Jalna,2015,Badnapur,Rural,3163,3444,3224,3454,3300,3360,3478,3230,
Jalna,2015,Badnapur,Urban,,,,,,,,,
Jalna,2015,Badnapur,Total,3163,3444,3224,3454,3300,3360,3478,3230,
Jalna,2015,Ambad,Rural,4967,5155,7342,5239,3484,3494,3436,5074,
Jalna,2015,Ambad,Urban,,,,,,,,,
Jalna,2015,Ambad,Total,7131,9902,10129,6290,3763,3760,3685,6068,
Jalna,2015,Ghansawangi,Rural,4928,5484,5581,4918,3624,3775,3765,5157,
Jalna,2015,Ghansawangi,Urban,,,,,,,,,
Jalna,2015,Ghansawangi,Total,4928,5484,5581,4918,3624,3775,3765,5157,
Jalna,2015,Partur,Rural,3448,3439,3575,3446,3167,3632,3683,3536,
Jalna,2015,Partur,Urban,,,,,,,,,
Jalna,2015,Partur,Total,5523,6070,4145,4444,3167,3632,3683,4476,
Jalna,2015,Mantha,Rural,4006,4827,4695,3388,3214,3065,3063,4106,
Jalna,2015,Mantha,Urban,,,,,,,,,
Jalna,2015,Mantha,Total,4006,4827,4695,3388,3214,3065,3063,4106,
Jalna,2016,Bhokardan,Rural,,,,,,,,,
Jalna,2016,Bhokardan,Urban,,,,,,,,,
Jalna,2016,Bhokardan,Total,,,,,,,,,
Jalna,2016,Jaffrabad,Rural,,,,,,,,,
Jalna,2016,Jaffrabad,Urban,,,,,,,,,
Jalna,2016,Jaffrabad,Total,,,,,,,,,
Jalna,2016,Jalna,Rural,,,,,,,,,
Jalna,2016,Jalna,Urban,,,,,,,,,
Jalna,2016,Jalna,Total,,,,,,,,,
Jalna,2016,Badnapur,Rural,,,,,,,,,
Jalna,2016,Badnapur,Urban,,,,,,,,,
Jalna,2016,Badnapur,Total,,,,,,,,,
Jalna,2016,Ambad,Rural,,,,,,,,,
Jalna,2016,Ambad,Urban,,,,,,,,,
Jalna,2016,Ambad,Total,,,,,,,,,
Jalna,2016,Ghansawangi,Rural,,,,,,,,,
Jalna,2016,Ghansawangi,Urban,,,,,,,,,
Jalna,2016,Ghansawangi,Total,,,,,,,,,
Jalna,2016,Partur,Rural,,,,,,,,,
Jalna,2016,Partur,Urban,,,,,,,,,
Jalna,2016,Partur,Total,,,,,,,,,
Jalna,2016,Mantha,Rural,,,,,,,,,
Jalna,2016,Mantha,Urban,,,,,,,,,
Jalna,2016,Mantha,Total,,,,,,,,,
Jalna,2017,Bhokardan,Rural,10437,45081,11729,13620,13600,11510,12203,0,
Jalna,2017,Bhokardan,Urban,311,2245,1053,656,1159,0,0,788,
Jalna,2017,Bhokardan,Total,10748,47326,12782,14276,14759,11510,12203,788,
Jalna,2017,Jaffrabad,Rural,4407,30651,4343,7364,7777,7636,7632,772,
Jalna,2017,Jaffrabad,Urban,0,0,0,0,0,0,0,0,
Jalna,2017,Jaffrabad,Total,4407,30651,4343,7364,7777,7636,7632,772,
Jalna,2017,Jalna,Rural,5514,24756,7545,9244,9240,7690,8168,0,
Jalna,2017,Jalna,Urban,7406,31839,9823,10434,17339,2505,4428,14124,
Jalna,2017,Jalna,Total,12920,56595,17368,19678,26579,10195,12596,14124,
Jalna,2017,Badnapur,Rural,3419,33379,6957,6956,6960,4682,7652,178,
Jalna,2017,Badnapur,Urban,0,0,0,0,0,0,0,0,
Jalna,2017,Badnapur,Total,3419,33379,6957,6956,6960,4682,7652,178,
Jalna,2017,Ambad,Rural,5663,21574,6387,9197,9100,6599,8117,0,
Jalna,2017,Ambad,Urban,724,5111,2592,1280,2114,196,202,1026,
Jalna,2017,Ambad,Total,6387,26685,8979,10477,11214,6795,8319,1026,
Jalna,2017,Ghansawangi,Rural,5958,22547,6259,8636,9019,9239,9239,234,
Jalna,2017,Ghansawangi,Urban,0,0,0,0,0,0,0,0,
Jalna,2017,Ghansawangi,Total,5958,22547,6259,8636,9019,9239,9239,234,
Jalna,2017,Partur,Rural,4349,13925,4570,6119,6120,6731,6731,0,
Jalna,2017,Partur,Urban,366,2540,520,781,1688,0,0,881,
Jalna,2017,Partur,Total,4715,16465,5090,6900,7808,6731,6731,881,
Jalna,2017,Mantha,Rural,3687,16191,8298,5531,5910,5916,5902,662,
Jalna,2017,Mantha,Urban,0,0,0,0,0,0,0,0,
Jalna,2017,Mantha,Total,3687,16191,8298,5531,5910,5916,5902,662,
Jalna,2018,Bhokardan,Rural,,,,,,,,,
Jalna,2018,Bhokardan,Urban,,,,,,,,,
Jalna,2018,Bhokardan,Total,,,,,,,,,
Jalna,2018,Jaffrabad,Rural,,,,,,,,,
Jalna,2018,Jaffrabad,Urban,,,,,,,,,
Jalna,2018,Jaffrabad,Total,,,,,,,,,
Jalna,2018,Jalna,Rural,,,,,,,,,
Jalna,2018,Jalna,Urban,,,,,,,,,
Jalna,2018,Jalna,Total,,,,,,,,,
Jalna,2018,Badnapur,Rural,,,,,,,,,
Jalna,2018,Badnapur,Urban,,,,,,,,,
Jalna,2018,Badnapur,Total,,,,,,,,,
Jalna,2018,Ambad,Rural,,,,,,,,,
Jalna,2018,Ambad,Urban,,,,,,,,,
Jalna,2018,Ambad,Total,,,,,,,,,
Jalna,2018,Ghansawangi,Rural,,,,,,,,,
Jalna,2018,Ghansawangi,Urban,,,,,,,,,
Jalna,2018,Ghansawangi,Total,,,,,,,,,
Jalna,2018,Partur,Rural,,,,,,,,,
Jalna,2018,Partur,Urban,,,,,,,,,
Jalna,2018,Partur,Total,,,,,,,,,
Jalna,2018,Mantha,Rural,,,,,,,,,
Jalna,2018,Mantha,Urban,,,,,,,,,
Jalna,2018,Mantha,Total,,,,,,,,,
Jalna,2019,Bhokardan,Rural,0,5917,5549,5736,5535,6513,5970,0,5918
Jalna,2019,Bhokardan,Urban,293,293,1015,434,328,118,112,562,420
Jalna,2019,Bhokardan,Total,293,6210,6564,6170,5863,6631,6082,562,6338
Jalna,2019,Jaffrabad,Rural,0,3189,3034,3197,3185,2254,3058,0,3289
Jalna,2019,Jaffrabad,Urban,91,100,200,94,197,38,54,99,200
Jalna,2019,Jaffrabad,Total,91,3289,3234,3291,3382,2292,3112,99,3489
Jalna,2019,Jalna,Rural,0,4834,4447,4833,4787,5571,5791,0,4833
Jalna,2019,Jalna,Urban,5126,8218,9174,4795,0,5391,4454,4261,5106
Jalna,2019,Jalna,Total,5126,13052,13621,9628,4787,10962,10245,4261,9939
Jalna,2019,Badnapur,Rural,0,3085,2664,2990,2947,3225,2751,0,3087
Jalna,2019,Badnapur,Urban,0,42,42,0,0,0,0,0,0
Jalna,2019,Badnapur,Total,0,3127,2706,2990,2947,3225,2751,0,3087
Jalna,2019,Ambad,Rural,0,4579,3991,4579,4273,6248,3950,0,4586
Jalna,2019,Ambad,Urban,820,4304,2270,1572,0,1107,1052,1144,752
Jalna,2019,Ambad,Total,820,8883,6261,6151,4273,7355,5002,1144,5338
Jalna,2019,Ghansawangi,Rural,0,4769,4470,0,4348,5304,4641,0,4769
Jalna,2019,Ghansawangi,Urban,78,627,605,86,0,0,0,48,67
Jalna,2019,Ghansawangi,Total,78,5396,5075,86,4348,5304,4641,48,4836
Jalna,2019,Partur,Rural,0,2685,2347,2507,2520,3733,3003,0,2685
Jalna,2019,Partur,Urban,570,570,720,750,454,123,116,763,551
Jalna,2019,Partur,Total,570,3255,3067,3257,2974,3856,3119,763,3236
Jalna,2019,Mantha,Rural,0,2887,2768,2839,2829,2859,2849,0,2887
Jalna,2019,Mantha,Urban,221,663,677,214,320,83,80,420,733
Jalna,2019,Mantha,Total,221,3550,3445,3053,3149,2942,2929,420,3620
Jalna,2020,Bhokardan,Rural,0,4453,5734,5381,4665,4807,4510,5741,5380
Jalna,2020,Bhokardan,Urban,270,2006,913,601,0,0,0,834,1079
Jalna,2020,Bhokardan,Total,270,6459,6647,5982,4665,4807,4510,6575,6459
Jalna,2020,Jaffrabad,Rural,0,2821,3076,2916,3319,3641,3612,3389,2991
Jalna,2020,Jaffrabad,Urban,106,6294,403,382,0,37,158,124,482
Jalna,2020,Jaffrabad,Total,106,9115,3479,3298,3319,3678,3770,3513,3473
Jalna,2020,Jalna,Rural,0,2189,6968,9150,8176,6787,6405,11150,8631
Jalna,2020,Jalna,Urban,468,8659,6049,935,0,35,27,978,2217
Jalna,2020,Jalna,Total,468,10848,13017,10085,8176,6822,6432,12128,10848
Jalna,2020,Badnapur,Rural,0,2931,2682,2807,2519,2649,2664,3043,2948
Jalna,2020,Badnapur,Urban,0,17,17,0,0,0,0,56,0
Jalna,2020,Badnapur,Total,0,2948,2699,2807,2519,2649,2664,3099,2948
Jalna,2020,Ambad,Rural,0,447,3386,3503,4092,3770,3719,4749,3302
Jalna,2020,Ambad,Urban,891,4803,2484,1611,0,171,218,773,1948
Jalna,2020,Ambad,Total,891,5250,5870,5114,4092,3941,3937,5522,5250
Jalna,2020,Ghansawangi,Rural,0,3775,4374,4444,4231,4213,4187,5007,4363
Jalna,2020,Ghansawangi,Urban,61,891,530,137,0,0,0,75,303
Jalna,2020,Ghansawangi,Total,61,4666,4904,4581,4231,4213,4187,5082,4666
Jalna,2020,Partur,Rural,0,267,2290,1142,2315,2192,2181,2079,1173
Jalna,2020,Partur,Urban,874,3012,984,2004,0,53,30,1201,2106
Jalna,2020,Partur,Total,874,3279,3274,3146,2315,2245,2211,3280,3279
Jalna,2020,Mantha,Rural,0,2248,2977,2797,2861,2849,2851,3016,2754
Jalna,2020,Mantha,Urban,92,904,579,186,0,60,67,201,397
Jalna,2020,Mantha,Total,92,3152,3556,2983,2861,2909,2918,3217,3151
Jalna,2021,Bhokardan,Rural,0,4403,5729,0,0,4825,4673,5891,6049
Jalna,2021,Bhokardan,Urban,0,669,857,0,0,16,24,597,382
Jalna,2021,Bhokardan,Total,0,5072,6586,0,0,4841,4697,6488,6431
Jalna,2021,Jaffrabad,Rural,0,2983,3688,0,0,4013,3811,3544,3597
Jalna,2021,Jaffrabad,Urban,0,0,0,0,0,0,0,0,0
Jalna,2021,Jaffrabad,Total,0,2983,3688,0,0,4013,3811,3544,3597
Jalna,2021,Jalna,Rural,0,4170,3882,0,0,4671,4783,5075,4816
Jalna,2021,Jalna,Urban,0,12301,12024,0,0,3530,3108,5747,6404
Jalna,2021,Jalna,Total,0,16471,15906,0,0,8201,7891,10822,11220
Jalna,2021,Badnapur,Rural,0,2389,2653,0,0,2740,2608,3218,2848
Jalna,2021,Badnapur,Urban,0,0,0,0,0,0,0,0,0
Jalna,2021,Badnapur,Total,0,2389,2653,0,0,2740,2608,3218,2848
Jalna,2021,Ambad,Rural,0,3210,3647,0,0,3730,3683,4650,4427
Jalna,2021,Ambad,Urban,0,1703,1783,0,0,175,178,695,653
Jalna,2021,Ambad,Total,0,4913,5430,0,0,3905,3861,5345,5080
Jalna,2021,Ghansawangi,Rural,0,3900,4331,0,0,3481,3450,4508,3990
Jalna,2021,Ghansawangi,Urban,0,0,0,0,0,0,0,0,0
Jalna,2021,Ghansawangi,Total,0,3900,4331,0,0,3481,3450,4508,3990
Jalna,2021,Partur,Rural,0,2603,2657,0,0,2242,2253,2630,2612
Jalna,2021,Partur,Urban,0,153,1026,0,0,63,47,790,586
Jalna,2021,Partur,Total,0,2756,3683,0,0,2305,2300,3420,3198
Jalna,2021,Mantha,Rural,0,3113,3265,0,0,2518,2536,3098,2873
Jalna,2021,Mantha,Urban,0,0,0,0,0,0,0,0,0
Jalna,2021,Mantha,Total,0,3113,3265,0,0,2518,2536,3098,2873
Kolhapur,2012,Shahuwadi,Rural,3096,3096,3148,3197,2884,3081,3385,3731,
Kolhapur,2012,Shahuwadi,Urban,,,,,,,,,
Kolhapur,2012,Shahuwadi,Total,3096,3096,3148,3197,2884,3081,3385,3731,
Kolhapur,2012,Panhala,Rural,3730,3730,3597,3995,3913,4166,4878,3790,
Kolhapur,2012,Panhala,Urban,,,,,,,,,
Kolhapur,2012,Panhala,Total,4021,4021,3999,4273,3969,4184,5204,4152,
Kolhapur,2012,Hatkanangale,Rural,13776,13776,12712,14109,10095,13778,15338,12476,
Kolhapur,2012,Hatkanangale,Urban,,,,,,,,,
Kolhapur,2012,Hatkanangale,Total,15029,15029,13969,15206,10107,14194,15955,13604,
Kolhapur,2012,Shirol,Rural,6266,6266,6541,6667,6229,7390,6808,5073,
Kolhapur,2012,Shirol,Urban,,,,,,,,,
Kolhapur,2012,Shirol,Total,6864,6864,7202,7234,6255,7414,6881,5619,
Kolhapur,2012,Karveer,Rural,7215,7215,5829,7717,7343,7899,8515,7276,
Kolhapur,2012,Karveer,Urban,,,,,,,,,
Kolhapur,2012,Karveer,Total,16792,16778,15479,17774,16281,17592,17681,18608,
Kolhapur,2012,Gaganbavada,Rural,611,611,535,643,627,612,633,612,
Kolhapur,2012,Gaganbavada,Urban,,,,,,,,,
Kolhapur,2012,Gaganbavada,Total,611,611,535,643,627,612,633,612,
Kolhapur,2012,Radhanagari,Rural,3252,3252,2925,3182,3075,3437,3873,3063,
Kolhapur,2012,Radhanagari,Urban,,,,,,,,,
Kolhapur,2012,Radhanagari,Total,3252,3252,2925,3182,3075,3437,3873,3063,
Kolhapur,2012,Kagal,Rural,4028,4028,3817,4149,3869,4051,4219,3711,
Kolhapur,2012,Kagal,Urban,,,,,,,,,
Kolhapur,2012,Kagal,Total,4466,4466,4211,4621,4546,4619,4454,4017,
Kolhapur,2012,Bhudargad,Rural,2327,2327,2130,2284,1782,1971,2744,2140,
Kolhapur,2012,Bhudargad,Urban,,,,,,,,,
Kolhapur,2012,Bhudargad,Total,2327,2327,2130,2284,1782,1971,2744,2140,
Kolhapur,2012,Ajara,Rural,1766,1766,1577,1779,1798,1782,2013,1541,
Kolhapur,2012,Ajara,Urban,,,,,,,,,
Kolhapur,2012,Ajara,Total,1766,1766,1577,1779,1798,1782,2013,1541,
Kolhapur,2012,Gadhinglaj,Rural,3204,3204,3559,3034,3327,3693,4579,2791,
Kolhapur,2012,Gadhinglaj,Urban,,,,,,,,,
Kolhapur,2012,Gadhinglaj,Total,3485,3485,3989,3374,3327,3785,4826,3139,
Kolhapur,2012,Chandgad,Rural,3250,3250,3276,3351,2847,3258,3503,2904,
Kolhapur,2012,Chandgad,Urban,,,,,,,,,
Kolhapur,2012,Chandgad,Total,3250,3250,3276,3351,2847,3258,3503,2904,
Kolhapur,2013,Shahuwadi,Rural,3285,3138,3105,3164,3106,3385,3628,3348,
Kolhapur,2013,Shahuwadi,Urban,,,,,,,,,
Kolhapur,2013,Shahuwadi,Total,3347,3200,3321,3223,3182,3385,3628,4081,
Kolhapur,2013,Panhala,Rural,4318,4335,4258,4234,4170,4588,5105,3271,
Kolhapur,2013,Panhala,Urban,,,,,,,,,
Kolhapur,2013,Panhala,Total,4515,4532,4655,4452,4219,4722,5345,4386,
Kolhapur,2013,Hatkanangale,Rural,15331,15335,13845,14577,12139,14286,13023,9635,
Kolhapur,2013,Hatkanangale,Urban,,,,,,,,,
Kolhapur,2013,Hatkanangale,Total,15333,15337,13845,14581,12139,14295,13040,9661,
Kolhapur,2013,Shirol,Rural,6550,6534,6862,6642,5549,6350,6385,5292,
Kolhapur,2013,Shirol,Urban,,,,,,,,,
Kolhapur,2013,Shirol,Total,6832,6816,7004,6951,5549,6350,6385,5292,
Kolhapur,2013,Karveer,Rural,7107,7100,5701,7516,5516,5848,5722,6273,
Kolhapur,2013,Karveer,Urban,,,,,,,,,
Kolhapur,2013,Karveer,Total,16746,16739,20445,17456,15149,16064,16045,18613,
Kolhapur,2013,Gaganbavada,Rural,608,608,585,597,717,654,633,498,
Kolhapur,2013,Gaganbavada,Urban,,,,,,,,,
Kolhapur,2013,Gaganbavada,Total,608,608,646,597,717,654,633,498,
Kolhapur,2013,Radhanagari,Rural,3510,3508,3633,3616,2941,3158,3394,3136,
Kolhapur,2013,Radhanagari,Urban,,,,,,,,,
Kolhapur,2013,Radhanagari,Total,3642,3640,3767,3769,3016,3158,3394,3136,
Kolhapur,2013,Kagal,Rural,4984,4984,4607,5095,4796,4909,5875,4358,
Kolhapur,2013,Kagal,Urban,,,,,,,,,
Kolhapur,2013,Kagal,Total,5162,5162,4794,5255,4831,4956,6042,4513,
Kolhapur,2013,Bhudargad,Rural,2497,2497,2764,2493,2508,2366,3230,2065,
Kolhapur,2013,Bhudargad,Urban,,,,,,,,,
Kolhapur,2013,Bhudargad,Total,2664,2664,3062,2663,2508,2366,3230,2330,
Kolhapur,2013,Ajara,Rural,1791,1789,1772,1776,1741,1977,1921,1581,
Kolhapur,2013,Ajara,Urban,,,,,,,,,
Kolhapur,2013,Ajara,Total,1805,1803,1791,1788,1741,1977,1921,1644,
Kolhapur,2013,Gadhinglaj,Rural,3530,3582,3881,3277,3425,3776,4186,3248,
Kolhapur,2013,Gadhinglaj,Urban,,,,,,,,,
Kolhapur,2013,Gadhinglaj,Total,3889,3941,4625,3596,3594,4280,4763,3748,
Kolhapur,2013,Chandgad,Rural,3365,3365,3576,3278,2277,2804,3030,2670,
Kolhapur,2013,Chandgad,Urban,,,,,,,,,
Kolhapur,2013,Chandgad,Total,3553,3553,3964,3490,2277,2951,3282,2944,
Kolhapur,2014,Shahuwadi,Rural,2782,2782,2602,2852,2686,3065,3657,2919,
Kolhapur,2014,Shahuwadi,Urban,,,,,,,,,
Kolhapur,2014,Shahuwadi,Total,2845,2845,2811,2918,2738,3133,3943,3198,
Kolhapur,2014,Panhala,Rural,4120,4120,3480,4126,3897,5265,5007,4171,
Kolhapur,2014,Panhala,Urban,,,,,,,,,
Kolhapur,2014,Panhala,Total,4264,4264,3764,4293,3927,5448,5223,4478,
Kolhapur,2014,Hatkanangale,Rural,14541,14541,13430,15027,14760,15735,16496,13561,
Kolhapur,2014,Hatkanangale,Urban,,,,,,,,,
Kolhapur,2014,Hatkanangale,Total,14571,14571,13443,15097,14760,15735,16496,13561,
Kolhapur,2014,Shirol,Rural,6387,6387,6764,6630,5683,6325,6632,6236,
Kolhapur,2014,Shirol,Urban,,,,,,,,,
Kolhapur,2014,Shirol,Total,6387,6387,6764,6630,5683,6325,6632,6236,
Kolhapur,2014,Karveer,Rural,6681,6681,5524,7177,6586,7016,7517,7345,
Kolhapur,2014,Karveer,Urban,,,,,,,,,
Kolhapur,2014,Karveer,Total,16530,16530,23995,17088,15890,16854,16608,19595,
Kolhapur,2014,Gaganbavada,Rural,541,541,492,555,663,631,511,589,
Kolhapur,2014,Gaganbavada,Urban,,,,,,,,,
Kolhapur,2014,Gaganbavada,Total,541,541,547,555,663,631,511,589,
Kolhapur,2014,Radhanagari,Rural,3125,3125,2760,3233,2268,2423,3128,3253,
Kolhapur,2014,Radhanagari,Urban,,,,,,,,,
Kolhapur,2014,Radhanagari,Total,3253,3253,2896,3354,2282,2423,3128,3384,
Kolhapur,2014,Kagal,Rural,4406,4406,2822,4416,4213,4448,5286,4699,
Kolhapur,2014,Kagal,Urban,,,,,,,,,
Kolhapur,2014,Kagal,Total,4639,4639,3091,4696,4213,4548,5456,5278,
Kolhapur,2014,Bhudargad,Rural,2586,2586,2595,2530,2462,2817,3299,2728,
Kolhapur,2014,Bhudargad,Urban,,,,,,,,,
Kolhapur,2014,Bhudargad,Total,2724,2724,2912,2697,2462,2817,3299,2998,
Kolhapur,2014,Ajara,Rural,1578,1578,1542,1651,1660,1932,2327,1672,
Kolhapur,2014,Ajara,Urban,,,,,,,,,
Kolhapur,2014,Ajara,Total,1590,1590,1565,1662,1660,1932,2327,1678,
Kolhapur,2014,Gadhinglaj,Rural,3462,3462,1792,3472,3716,4085,4809,3637,
Kolhapur,2014,Gadhinglaj,Urban,,,,,,,,,
Kolhapur,2014,Gadhinglaj,Total,3798,3798,2672,3811,4171,4530,5492,4329,
Kolhapur,2014,Chandgad,Rural,3325,3325,3143,3218,2570,2934,3530,3159,
Kolhapur,2014,Chandgad,Urban,,,,,,,,,
Kolhapur,2014,Chandgad,Total,3544,3544,3447,3453,2733,3141,3834,3497,
Kolhapur,2015,Shahuwadi,Rural,2422,2775,2265,2690,2872,2905,3261,2528,
Kolhapur,2015,Shahuwadi,Urban,,,,,,,,,
Kolhapur,2015,Shahuwadi,Total,2521,3089,2591,2777,2970,2985,3604,2632,
Kolhapur,2015,Panhala,Rural,3406,3912,3902,3984,4237,4600,5099,4171,
Kolhapur,2015,Panhala,Urban,,,,,,,,,
Kolhapur,2015,Panhala,Total,3457,3964,3953,4023,4237,4600,5099,4229,
Kolhapur,2015,Hatkanangale,Rural,13840,15155,14664,15104,10632,11034,10818,10512,
Kolhapur,2015,Hatkanangale,Urban,,,,,,,,,
Kolhapur,2015,Hatkanangale,Total,21226,22207,20888,21807,13768,13687,12646,25442,
Kolhapur,2015,Shirol,Rural,5509,6467,6714,6321,4970,5706,6072,6082,
Kolhapur,2015,Shirol,Urban,,,,,,,,,
Kolhapur,2015,Shirol,Total,7249,8157,8405,7954,6098,7093,7481,7335,
Kolhapur,2015,Karveer,Rural,5857,6871,5960,7266,6328,6515,6808,6661,
Kolhapur,2015,Karveer,Urban,,,,,,,,,
Kolhapur,2015,Karveer,Total,14371,15385,18913,17139,16015,16199,16407,18645,
Kolhapur,2015,Gaganbavada,Rural,495,562,568,543,601,575,653,562,
Kolhapur,2015,Gaganbavada,Urban,,,,,,,,,
Kolhapur,2015,Gaganbavada,Total,495,562,623,543,601,575,653,562,
Kolhapur,2015,Radhanagari,Rural,2592,3073,3204,3188,2766,2917,3312,3273,
Kolhapur,2015,Radhanagari,Urban,,,,,,,,,
Kolhapur,2015,Radhanagari,Total,2592,3073,3204,3188,2766,2917,3312,3273,
Kolhapur,2015,Kagal,Rural,3514,4138,3276,4172,4356,4633,5359,3923,
Kolhapur,2015,Kagal,Urban,,,,,,,,,
Kolhapur,2015,Kagal,Total,4127,4712,4008,4758,4835,5097,6135,4763,
Kolhapur,2015,Bhudargad,Rural,2135,2493,2716,2505,2343,2516,3158,2521,
Kolhapur,2015,Bhudargad,Urban,,,,,,,,,
Kolhapur,2015,Bhudargad,Total,2135,2493,2716,2505,2343,2516,3158,2521,
Kolhapur,2015,Ajara,Rural,1360,1551,1442,1580,1513,1699,2145,1558,
Kolhapur,2015,Ajara,Urban,,,,,,,,,
Kolhapur,2015,Ajara,Total,1360,1551,1442,1580,1513,1699,2145,1558,
Kolhapur,2015,Gadhinglaj,Rural,3127,3741,4494,3578,3720,4137,4662,4104,
Kolhapur,2015,Gadhinglaj,Urban,,,,,,,,,
Kolhapur,2015,Gadhinglaj,Total,3412,4084,5542,3826,4263,4642,5225,4577,
Kolhapur,2015,Chandgad,Rural,2700,3099,3285,3070,2864,3111,3819,2963,
Kolhapur,2015,Chandgad,Urban,,,,,,,,,
Kolhapur,2015,Chandgad,Total,2700,3099,3285,3070,2864,3111,3819,2963,
Kolhapur,2016,Shahuwadi,Rural,2846,2773,1920,2755,2776,2908,2936,2573,
Kolhapur,2016,Shahuwadi,Urban,,,,,,,,,
Kolhapur,2016,Shahuwadi,Total,2911,2833,2282,2824,2858,3069,3277,2684,
Kolhapur,2016,Panhala,Rural,4014,3993,2249,3946,4103,4403,4660,3904,
Kolhapur,2016,Panhala,Urban,,,,,,,,,
Kolhapur,2016,Panhala,Total,4043,4023,2270,3975,4158,4514,4788,3941,
Kolhapur,2016,Hatkanangale,Rural,8175,7964,4053,7918,6946,7957,8407,7425,
Kolhapur,2016,Hatkanangale,Urban,,,,,,,,,
Kolhapur,2016,Hatkanangale,Total,13670,12292,10132,13967,10337,15261,15476,9845,
Kolhapur,2016,Shirol,Rural,4808,4730,2184,4771,4218,4828,4864,4582,
Kolhapur,2016,Shirol,Urban,,,,,,,,,
Kolhapur,2016,Shirol,Total,6402,6355,3933,6299,5513,6746,6924,5495,
Kolhapur,2016,Karveer,Rural,7267,6967,2630,7196,6973,7079,7866,7111,
Kolhapur,2016,Karveer,Urban,,,,,,,,,
Kolhapur,2016,Karveer,Total,16193,24809,22672,16289,16043,16626,17080,19598,
Kolhapur,2016,Gaganbavada,Rural,547,548,541,551,600,620,632,528,
Kolhapur,2016,Gaganbavada,Urban,,,,,,,,,
Kolhapur,2016,Gaganbavada,Total,547,548,541,551,600,620,632,528,
Kolhapur,2016,Radhanagari,Rural,3098,2914,1642,3003,2974,3425,3673,2904,
Kolhapur,2016,Radhanagari,Urban,,,,,,,,,
Kolhapur,2016,Radhanagari,Total,3098,2914,1642,3003,2974,3425,3673,2904,
Kolhapur,2016,Kagal,Rural,3577,3490,2911,3544,3761,3793,4242,3350,
Kolhapur,2016,Kagal,Urban,,,,,,,,,
Kolhapur,2016,Kagal,Total,4465,4312,3779,4442,4729,4854,5335,3984,
Kolhapur,2016,Bhudargad,Rural,2408,2406,2395,2321,2173,2505,3035,2178,
Kolhapur,2016,Bhudargad,Urban,,,,,,,,,
Kolhapur,2016,Bhudargad,Total,2408,2406,2395,2321,2173,2505,3035,2178,
Kolhapur,2016,Ajara,Rural,1560,1574,875,1589,1812,1828,1958,1386,
Kolhapur,2016,Ajara,Urban,,,,,,,,,
Kolhapur,2016,Ajara,Total,1560,1574,875,1589,1812,1828,1958,1386,
Kolhapur,2016,Gadhinglaj,Rural,3099,3066,3412,3149,2975,3776,3572,3007,
Kolhapur,2016,Gadhinglaj,Urban,,,,,,,,,
Kolhapur,2016,Gadhinglaj,Total,3369,3444,4823,3482,3627,4321,4541,3381,
Kolhapur,2016,Chandgad,Rural,2875,3040,2774,2916,2429,2987,2922,2576,
Kolhapur,2016,Chandgad,Urban,,,,,,,,,
Kolhapur,2016,Chandgad,Total,2875,3040,2774,2916,2429,2987,2922,2576,
Kolhapur,2017,Shahuwadi,Rural,2933,2924,1828,2842,2803,2921,2642,2557,
Kolhapur,2017,Shahuwadi,Urban,,,,,,,,,
Kolhapur,2017,Shahuwadi,Total,3012,3002,2085,2914,2898,3011,2994,2644,
Kolhapur,2017,Panhala,Rural,3909,3909,3292,3792,3731,4170,4482,3518,
Kolhapur,2017,Panhala,Urban,,,,,,,,,
Kolhapur,2017,Panhala,Total,3933,3933,3307,3816,3754,4194,4587,3527,
Kolhapur,2017,Hatkanangale,Rural,7922,7926,7735,8047,8105,7974,8127,8125,
Kolhapur,2017,Hatkanangale,Urban,,,,,,,,,
Kolhapur,2017,Hatkanangale,Total,11652,11846,12178,11178,10353,13277,13732,10953,
Kolhapur,2017,Shirol,Rural,4816,4822,4604,4667,4602,4204,4225,4856,
Kolhapur,2017,Shirol,Urban,,,,,,,,,
Kolhapur,2017,Shirol,Total,5775,5785,5619,5601,5633,5670,5600,5928,
Kolhapur,2017,Karveer,Rural,7360,7362,4995,7310,7375,7470,7618,7269,
Kolhapur,2017,Karveer,Urban,,,,,,,,,
Kolhapur,2017,Karveer,Total,14947,24622,23730,16282,14997,18702,18231,17494,
Kolhapur,2017,Gaganbavada,Rural,561,549,304,549,518,735,672,514,
Kolhapur,2017,Gaganbavada,Urban,,,,,,,,,
Kolhapur,2017,Gaganbavada,Total,561,549,304,549,518,735,672,514,
Kolhapur,2017,Radhanagari,Rural,2918,2887,2262,2792,2809,2608,2929,2770,
Kolhapur,2017,Radhanagari,Urban,,,,,,,,,
Kolhapur,2017,Radhanagari,Total,2918,2887,2262,2792,2809,2608,2929,2770,
Kolhapur,2017,Kagal,Rural,3640,3635,2704,3458,3523,3288,3600,3579,
Kolhapur,2017,Kagal,Urban,,,,,,,,,
Kolhapur,2017,Kagal,Total,4405,4356,3642,4014,4052,5003,5333,4107,
Kolhapur,2017,Bhudargad,Rural,2344,2340,1837,2233,2278,1900,2460,2161,
Kolhapur,2017,Bhudargad,Urban,,,,,,,,,
Kolhapur,2017,Bhudargad,Total,2344,2340,1837,2233,2278,1900,2460,2161,
Kolhapur,2017,Ajara,Rural,1586,1586,1047,1506,1541,1691,2232,1357,
Kolhapur,2017,Ajara,Urban,,,,,,,,,
Kolhapur,2017,Ajara,Total,1586,1586,1047,1506,1541,1691,2232,1357,
Kolhapur,2017,Gadhinglaj,Rural,3069,3075,2961,2925,2958,2800,3167,2736,
Kolhapur,2017,Gadhinglaj,Urban,,,,,,,,,
Kolhapur,2017,Gadhinglaj,Total,3365,3371,4641,3203,3428,3395,4179,3102,
Kolhapur,2017,Chandgad,Rural,2931,2905,2547,2810,2720,3286,3601,1666,
Kolhapur,2017,Chandgad,Urban,,,,,,,,,
Kolhapur,2017,Chandgad,Total,2931,2905,2547,2810,2720,3286,3601,1666,
Kolhapur,2018,Shahuwadi,Rural,1486,1456,843,1359,,1558,1867,1231,1456
Kolhapur,2018,Shahuwadi,Urban,103,72,253,88,,97,276,57,84
Kolhapur,2018,Shahuwadi,Total,1589,1528,1096,1447,,1655,2143,1288,1540
Kolhapur,2018,Panhala,Rural,2090,2299,1424,2155,,2285,2645,2079,2311
Kolhapur,2018,Panhala,Urban,4,31,11,36,,29,96,43,31
Kolhapur,2018,Panhala,Total,2094,2330,1435,2191,,2314,2741,2122,2342
Kolhapur,2018,Hatkanangale,Rural,2614,2883,2361,2682,,3076,3935,2749,2894
Kolhapur,2018,Hatkanangale,Urban,4868,4835,3610,5258,,3332,2508,5746,4917
Kolhapur,2018,Hatkanangale,Total,7482,7718,5971,7940,,6408,6443,8495,7811
Kolhapur,2018,Shirol,Rural,2580,2877,2555,2809,,3174,3419,2720,2851
Kolhapur,2018,Shirol,Urban,1110,1226,1120,1103,,1204,888,1179,1226
Kolhapur,2018,Shirol,Total,3690,4103,3675,3912,,4378,4307,3899,4077
Kolhapur,2018,Karveer,Rural,608,7819,7002,519,,650,630,698,906
Kolhapur,2018,Karveer,Urban,9588,17665,17789,8474,,10177,9281,10880,9332
Kolhapur,2018,Karveer,Total,10196,25484,24791,8993,,10827,9911,11578,10238
Kolhapur,2018,Gaganbavada,Rural,7166,7629,6553,7746,,6922,8141,7394,7630
Kolhapur,2018,Gaganbavada,Urban,0,0,0,0,,0,0,0,0
Kolhapur,2018,Gaganbavada,Total,7166,7629,6553,7746,,6922,8141,7394,7630
Kolhapur,2018,Radhanagari,Rural,3463,3455,2127,3375,,3830,4100,3574,3464
Kolhapur,2018,Radhanagari,Urban,0,0,0,0,,0,0,0,0
Kolhapur,2018,Radhanagari,Total,3463,3455,2127,3375,,3830,4100,3574,3464
Kolhapur,2018,Kagal,Rural,7125,7030,3691,6544,,6886,6798,7028,6950
Kolhapur,2018,Kagal,Urban,600,333,288,280,,752,723,591,306
Kolhapur,2018,Kagal,Total,7725,7363,3979,6824,,7638,7521,7619,7256
Kolhapur,2018,Bhudargad,Rural,3943,3585,2735,3377,,4345,3926,3485,3592
Kolhapur,2018,Bhudargad,Urban,0,0,0,0,,0,0,0,0
Kolhapur,2018,Bhudargad,Total,3943,3585,2735,3377,,4345,3926,3485,3592
Kolhapur,2018,Ajara,Rural,2479,2813,1634,2769,,2760,3226,2834,2814
Kolhapur,2018,Ajara,Urban,0,0,0,0,,0,0,0,0
Kolhapur,2018,Ajara,Total,2479,2813,1634,2769,,2760,3226,2834,2814
Kolhapur,2018,Gadhinglaj,Rural,2682,2766,1515,2852,,2794,3097,2716,2721
Kolhapur,2018,Gadhinglaj,Urban,646,383,1818,376,,567,756,312,383
Kolhapur,2018,Gadhinglaj,Total,3328,3149,3333,3228,,3361,3853,3028,3104
Kolhapur,2018,Chandgad,Rural,4362,4831,4438,4558,,5298,4532,4753,4828
Kolhapur,2018,Chandgad,Urban,0,0,0,0,,0,0,0,0
Kolhapur,2018,Chandgad,Total,4362,4831,4438,4558,,5298,4532,4753,4828
Kolhapur,2019,Shahuwadi,Rural,0,2888,1451,2811,2671,2812,3058,2868,2882
Kolhapur,2019,Shahuwadi,Urban,0,97,265,115,139,106,340,91,97
Kolhapur,2019,Shahuwadi,Total,0,2985,1716,2926,2810,2918,3398,2959,2979
Kolhapur,2019,Panhala,Rural,0,3819,2589,3836,3862,4197,4415,3769,3819
Kolhapur,2019,Panhala,Urban,0,92,307,102,11,68,67,197,92
Kolhapur,2019,Panhala,Total,0,3911,2896,3938,3873,4265,4482,3966,3911
Kolhapur,2019,Hatkanangale,Rural,0,13476,11536,13674,15267,14482,15187,13280,13490
Kolhapur,2019,Hatkanangale,Urban,0,80,137,74,69,38,30,139,80
Kolhapur,2019,Hatkanangale,Total,0,13556,11673,13748,15336,14520,15217,13419,13570
Kolhapur,2019,Shirol,Rural,0,6005,5642,5941,6273,5687,5555,6073,6016
Kolhapur,2019,Shirol,Urban,0,357,181,396,0,0,0,400,357
Kolhapur,2019,Shirol,Total,0,6362,5823,6337,6273,5687,5555,6473,6373
Kolhapur,2019,Karveer,Rural,0,7593,4127,7584,9846,6917,7464,7517,7621
Kolhapur,2019,Karveer,Urban,0,24253,25012,9530,10939,10925,10905,8843,9096
Kolhapur,2019,Karveer,Total,0,31846,29139,17114,20785,17842,18369,16360,16717
Kolhapur,2019,Gaganbavada,Rural,0,544,257,548,672,606,644,613,544
Kolhapur,2019,Gaganbavada,Urban,0,0,0,0,0,0,0,0,0
Kolhapur,2019,Gaganbavada,Total,0,544,257,548,672,606,644,613,544
Kolhapur,2019,Radhanagari,Rural,0,3037,1634,3009,2675,3004,3507,2871,3042
Kolhapur,2019,Radhanagari,Urban,0,0,0,0,0,0,0,0,0
Kolhapur,2019,Radhanagari,Total,0,3037,1634,3009,2675,3004,3507,2871,3042
Kolhapur,2019,Kagal,Rural,0,3453,1769,3607,3569,3543,4415,3444,3441
Kolhapur,2019,Kagal,Urban,0,638,525,633,674,1019,1156,589,638
Kolhapur,2019,Kagal,Total,0,4091,2294,4240,4243,4562,5571,4033,4079
Kolhapur,2019,Bhudargad,Rural,0,2501,1925,2462,2245,2321,2664,2460,2502
Kolhapur,2019,Bhudargad,Urban,0,0,0,0,0,0,0,0,0
Kolhapur,2019,Bhudargad,Total,0,2501,1925,2462,2245,2321,2664,2460,2502
Kolhapur,2019,Ajara,Rural,0,1900,918,1872,1849,1575,1852,1545,1890
Kolhapur,2019,Ajara,Urban,0,0,0,0,0,0,0,0,0
Kolhapur,2019,Ajara,Total,0,1900,918,1872,1849,1575,1852,1545,1890
Kolhapur,2019,Gadhinglaj,Rural,0,3200,2891,3031,2895,3159,3396,2847,3195
Kolhapur,2019,Gadhinglaj,Urban,0,421,1984,361,713,662,953,364,421
Kolhapur,2019,Gadhinglaj,Total,0,3621,4875,3392,3608,3821,4349,3211,3616
Kolhapur,2019,Chandgad,Rural,0,3132,2707,3057,3354,2906,3319,3049,3131
Kolhapur,2019,Chandgad,Urban,0,0,0,0,0,0,0,0,0
Kolhapur,2019,Chandgad,Total,0,3132,2707,3057,3354,2906,3319,3049,3131
Kolhapur,2020,Shahuwadi,Rural,1720,1771,1217,1717,1569,1288,1423,1677,1775
Kolhapur,2020,Shahuwadi,Urban,0,0,0,0,0,0,0,0,0
Kolhapur,2020,Shahuwadi,Total,1720,1771,1217,1717,1569,1288,1423,1677,1775
Kolhapur,2020,Panhala,Rural,2124,2364,1607,2266,2130,1460,2057,2128,2364
Kolhapur,2020,Panhala,Urban,105,173,270,102,58,0,0,140,173
Kolhapur,2020,Panhala,Total,2229,2537,1877,2368,2188,1460,2057,2268,2537
Kolhapur,2020,Hatkanangale,Rural,2893,2984,2262,2974,2958,2790,2970,2657,2971
Kolhapur,2020,Hatkanangale,Urban,5367,5669,4645,5485,4623,3056,4590,5748,5669
Kolhapur,2020,Hatkanangale,Total,8260,8653,6907,8459,7581,5846,7560,8405,8640
Kolhapur,2020,Shirol,Rural,3236,3547,2955,3350,2874,2929,3025,3479,3546
Kolhapur,2020,Shirol,Urban,989,1054,1112,1023,315,441,495,1232,1054
Kolhapur,2020,Shirol,Total,4225,4601,4067,4373,3189,3370,3520,4711,4600
Kolhapur,2020,Karveer,Rural,592,675,2390,667,617,661,671,596,664
Kolhapur,2020,Karveer,Urban,9510,14344,15608,10062,185,11574,10712,10395,10038
Kolhapur,2020,Karveer,Total,10102,15019,17998,10729,802,12235,11383,10991,10702
Kolhapur,2020,Gaganbavada,Rural,7253,7406,5277,7436,6807,3094,6035,7676,7418
Kolhapur,2020,Gaganbavada,Urban,0,0,0,0,0,0,0,0,0
Kolhapur,2020,Gaganbavada,Total,7253,7406,5277,7436,6807,3094,6035,7676,7418
Kolhapur,2020,Radhanagari,Rural,3417,3500,1939,3486,3874,3038,3126,3651,3501
Kolhapur,2020,Radhanagari,Urban,0,0,0,0,0,0,0,0,0
Kolhapur,2020,Radhanagari,Total,3417,3500,1939,3486,3874,3038,3126,3651,3501
Kolhapur,2020,Kagal,Rural,7534,7853,4215,7761,6384,5501,6766,8161,7845
Kolhapur,2020,Kagal,Urban,0,0,0,0,0,0,0,0,0
Kolhapur,2020,Kagal,Total,7534,7853,4215,7761,6384,5501,6766,8161,7845
Kolhapur,2020,Bhudargad,Rural,3694,3806,3176,3716,3704,2696,2970,3510,3806
Kolhapur,2020,Bhudargad,Urban,0,0,0,0,0,0,0,0,0
Kolhapur,2020,Bhudargad,Total,3694,3806,3176,3716,3704,2696,2970,3510,3806
Kolhapur,2020,Ajara,Rural,2622,2770,1428,2861,2896,2705,3120,2849,2773
Kolhapur,2020,Ajara,Urban,0,0,0,0,0,0,0,0,0
Kolhapur,2020,Ajara,Total,2622,2770,1428,2861,2896,2705,3120,2849,2773
Kolhapur,2020,Gadhinglaj,Rural,2742,2980,2002,2932,2541,1966,2219,2842,2994
Kolhapur,2020,Gadhinglaj,Urban,301,296,1258,307,359,520,641,453,296
Kolhapur,2020,Gadhinglaj,Total,3043,3276,3260,3239,2900,2486,2860,3295,3290
Kolhapur,2020,Chandgad,Rural,4630,4855,4742,4833,3759,2832,3352,4674,4852
Kolhapur,2020,Chandgad,Urban,0,0,0,0,0,0,0,0,0
Kolhapur,2020,Chandgad,Total,4630,4855,4742,4833,3759,2832,3352,4674,4852
Kolhapur,2021,Shahuwadi,Rural,2681,2796,1686,2780,2322,2245,1878,2889,2796
Kolhapur,2021,Shahuwadi,Urban,89,106,579,90,96,136,114,87,106
Kolhapur,2021,Shahuwadi,Total,2770,2902,2265,2870,2418,2381,1992,2976,2902
Kolhapur,2021,Panhala,Rural,3599,3895,2672,3880,4295,3345,2410,3796,3895
Kolhapur,2021,Panhala,Urban,31,24,10,32,69,44,72,28,24
Kolhapur,2021,Panhala,Total,3630,3919,2682,3912,4364,3389,2482,3824,3919
Kolhapur,2021,Hatkanangale,Rural,7327,7359,5446,7498,7028,5757,5430,8198,7359
Kolhapur,2021,Hatkanangale,Urban,5248,5375,4930,5362,6032,5332,4975,5714,5375
Kolhapur,2021,Hatkanangale,Total,12575,12734,10376,12860,13060,11089,10405,13912,12734
Kolhapur,2021,Shirol,Rural,4608,4724,4605,4826,4735,4024,3707,4896,4724
Kolhapur,2021,Shirol,Urban,1187,1128,1104,1122,1156,1645,1443,772,1128
Kolhapur,2021,Shirol,Total,5795,5852,5709,5948,5891,5669,5150,5668,5852
Kolhapur,2021,Karveer,Rural,7209,7510,6404,7324,6676,6241,5433,8003,7510
Kolhapur,2021,Karveer,Urban,0,9754,15745,9835,9498,12444,11139,10278,9754
Kolhapur,2021,Karveer,Total,7209,17264,22149,17159,16174,18685,16572,18281,17264
Kolhapur,2021,Gaganbavada,Rural,554,569,332,565,613,676,743,549,569
Kolhapur,2021,Gaganbavada,Urban,0,0,0,0,0,0,0,0,0
Kolhapur,2021,Gaganbavada,Total,554,569,332,565,613,676,743,549,569
Kolhapur,2021,Radhanagari,Rural,3023,3027,1724,3029,3101,3569,3273,3075,3027
Kolhapur,2021,Radhanagari,Urban,0,0,0,0,0,0,0,0,0
Kolhapur,2021,Radhanagari,Total,3023,3027,1724,3029,3101,3569,3273,3075,3027
Kolhapur,2021,Kagal,Rural,3409,3538,1790,3815,3001,3354,3636,3597,3538
Kolhapur,2021,Kagal,Urban,725,760,504,741,900,1036,911,857,760
Kolhapur,2021,Kagal,Total,4134,4298,2294,4556,3901,4390,4547,4454,4298
Kolhapur,2021,Bhudargad,Rural,2234,2326,1846,2264,2122,1499,1499,2179,2326
Kolhapur,2021,Bhudargad,Urban,0,0,0,0,0,0,0,0,0
Kolhapur,2021,Bhudargad,Total,2234,2326,1846,2264,2122,1499,1499,2179,2326
Kolhapur,2021,Ajara,Rural,1649,1728,960,1692,1462,1501,1581,1666,1728
Kolhapur,2021,Ajara,Urban,0,0,0,0,0,0,0,0,0
Kolhapur,2021,Ajara,Total,1649,1728,960,1692,1462,1501,1581,1666,1728
Kolhapur,2021,Gadhinglaj,Rural,2951,3007,3615,2995,3021,3469,3547,3216,3007
Kolhapur,2021,Gadhinglaj,Urban,374,360,1147,381,392,626,770,449,360
Kolhapur,2021,Gadhinglaj,Total,3325,3367,4762,3376,3413,4095,4317,3665,3367
Kolhapur,2021,Chandgad,Rural,2880,3044,2666,2930,2817,2871,2989,2924,3044
Kolhapur,2021,Chandgad,Urban,0,0,0,0,0,0,0,0,0
Kolhapur,2021,Chandgad,Total,2880,3044,2666,2930,2817,2871,2989,2924,3044
Latur,2012,Latur,Rural,5411,5411,5113,5454,5275,5538,5592,6126,
Latur,2012,Latur,Urban,,,,,,,,,
Latur,2012,Latur,Total,9727,11776,15131,9412,6923,9308,8527,8109,
Latur,2012,Renapur,Rural,2498,2498,2480,2535,2604,2669,2675,2793,
Latur,2012,Renapur,Urban,,,,,,,,,
Latur,2012,Renapur,Total,2498,2498,2480,2535,2604,2669,2675,2793,
Latur,2012,Ahamadpur,Rural,3469,3469,3638,3416,3188,3551,4016,3643,
Latur,2012,Ahamadpur,Urban,,,,,,,,,
Latur,2012,Ahamadpur,Total,4154,3921,4280,4214,3745,4125,4560,3897,
Latur,2012,Jalkot,Rural,1501,1501,1551,1498,1296,1562,1525,1684,
Latur,2012,Jalkot,Urban,,,,,,,,,
Latur,2012,Jalkot,Total,1501,1501,1551,1498,1296,1562,1525,1684,
Latur,2012,Chakur,Rural,3246,3246,3258,3243,3101,3739,3552,3597,
Latur,2012,Chakur,Urban,,,,,,,,,
Latur,2012,Chakur,Total,3246,3246,3258,3243,3101,3739,3552,3597,
Latur,2012,Shirur-Anantpal,Rural,1490,1490,1484,1485,1364,1564,1556,1380,
Latur,2012,Shirur-Anantpal,Urban,,,,,,,,,
Latur,2012,Shirur-Anantpal,Total,1490,1490,1484,1485,1364,1564,1556,1380,
Latur,2012,Aosa,Rural,5252,5252,5306,5305,5209,5712,5529,5721,
Latur,2012,Aosa,Urban,,,,,,,,,
Latur,2012,Aosa,Total,5774,5591,5734,5701,5697,6179,5801,6135,
Latur,2012,Nilanga,Rural,4880,4880,5146,4836,4437,5194,5492,5728,
Latur,2012,Nilanga,Urban,,,,,,,,,
Latur,2012,Nilanga,Total,5482,5514,5817,5393,4683,5451,5689,6246,
Latur,2012,Devani,Rural,1814,1814,1699,1828,1958,2037,2064,1871,
Latur,2012,Devani,Urban,,,,,,,,,
Latur,2012,Devani,Total,1814,1814,1699,1828,1958,2037,2064,1871,
Latur,2012,Udgir,Rural,3729,3729,3761,3694,3720,3800,3831,3975,
Latur,2012,Udgir,Urban,,,,,,,,,
Latur,2012,Udgir,Total,6725,6817,7190,6018,5673,5488,5377,4649,
Latur,2013,Latur,Rural,6142,6142,5555,5849,5443,6719,6531,6205,
Latur,2013,Latur,Urban,,,,,,,,,
Latur,2013,Latur,Total,13200,13200,16357,12374,11400,10831,10432,16803,
Latur,2013,Renapur,Rural,2784,2784,2532,2557,2537,2865,2912,2685,
Latur,2013,Renapur,Urban,,,,,,,,,
Latur,2013,Renapur,Total,2784,2784,2532,2557,2537,2865,2912,2685,
Latur,2013,Ahamadpur,Rural,3417,3417,3449,3088,3491,3860,4046,3588,
Latur,2013,Ahamadpur,Urban,,,,,,,,,
Latur,2013,Ahamadpur,Total,4161,4161,4281,3892,4265,4298,4448,4470,
Latur,2013,Jalkot,Rural,1496,1496,1475,1451,1429,1649,1606,1710,
Latur,2013,Jalkot,Urban,,,,,,,,,
Latur,2013,Jalkot,Total,1496,1496,1475,1451,1429,1649,1606,1710,
Latur,2013,Chakur,Rural,3399,3399,3482,3281,3255,3974,4212,3703,
Latur,2013,Chakur,Urban,,,,,,,,,
Latur,2013,Chakur,Total,3399,3399,3482,3181,3255,3974,4212,3703,
Latur,2013,Shirur-Anantpal,Rural,1420,1420,1403,1344,1503,1622,1651,1503,
Latur,2013,Shirur-Anantpal,Urban,,,,,,,,,
Latur,2013,Shirur-Anantpal,Total,1420,1420,1403,1344,1503,1622,1651,1503,
Latur,2013,Aosa,Rural,5469,5469,5814,5122,4585,5655,5721,5993,
Latur,2013,Aosa,Urban,,,,,,,,,
Latur,2013,Aosa,Total,6131,6131,6637,5761,5105,5958,6002,7428,
Latur,2013,Nilanga,Rural,4857,4857,5183,4859,4656,5345,5434,5685,
Latur,2013,Nilanga,Urban,,,,,,,,,
Latur,2013,Nilanga,Total,5542,5542,5884,5507,5189,5889,5985,6322,
Latur,2013,Devani,Rural,1826,1826,1681,1653,1895,2104,2316,2012,
Latur,2013,Devani,Urban,,,,,,,,,
Latur,2013,Devani,Total,1826,1826,1681,1653,1895,2104,2316,2012,
Latur,2013,Udgir,Rural,3893,3893,3711,3622,3760,3787,3509,3726,
Latur,2013,Udgir,Urban,,,,,,,,,
Latur,2013,Udgir,Total,6766,6766,6269,7884,6261,5394,5060,5647,
Latur,2014,Latur,Rural,5505,5505,5519,5277,5166,5966,6020,5461,
Latur,2014,Latur,Urban,,,,,,,,,
Latur,2014,Latur,Total,13218,13218,17712,12618,5166,10876,10677,23041,
Latur,2014,Renapur,Rural,2693,2693,2383,2651,2709,2685,2575,2666,
Latur,2014,Renapur,Urban,,,,,,,,,
Latur,2014,Renapur,Total,2693,2693,2383,2651,2709,2685,2575,2666,
Latur,2014,Ahamadpur,Rural,3579,3579,3374,3347,3245,3717,3911,3663,
Latur,2014,Ahamadpur,Urban,,,,,,,,,
Latur,2014,Ahamadpur,Total,4462,4462,5340,4356,3245,4553,4809,4861,
Latur,2014,Jalkot,Rural,1596,1596,1644,1538,1465,1726,1682,1621,
Latur,2014,Jalkot,Urban,,,,,,,,,
Latur,2014,Jalkot,Total,1596,1596,1644,1538,1465,1726,1682,1621,
Latur,2014,Chakur,Rural,3337,3337,3323,3249,3053,3380,3356,3511,
Latur,2014,Chakur,Urban,,,,,,,,,
Latur,2014,Chakur,Total,3337,3337,3323,3249,3053,3380,3356,3511,
Latur,2014,Shirur-Anantpal,Rural,1469,1469,1460,1404,1440,1685,1703,1495,
Latur,2014,Shirur-Anantpal,Urban,,,,,,,,,
Latur,2014,Shirur-Anantpal,Total,1469,1469,1460,1404,1440,1685,1703,1495,
Latur,2014,Aosa,Rural,5407,5407,4630,5120,4673,5320,5412,5432,
Latur,2014,Aosa,Urban,,,,,,,,,
Latur,2014,Aosa,Total,6045,6045,5333,5740,4673,5659,5715,6613,
Latur,2014,Nilanga,Rural,873,873,2524,820,0,741,740,1096,
Latur,2014,Nilanga,Urban,,,,,,,,,
Latur,2014,Nilanga,Total,6080,6080,6257,5624,5403,6808,7371,6246,
Latur,2014,Devani,Rural,1870,1870,1694,1627,2080,2406,2398,2010,
Latur,2014,Devani,Urban,,,,,,,,,
Latur,2014,Devani,Total,1870,1870,1694,1627,2080,2406,2398,2010,
Latur,2014,Udgir,Rural,3812,3812,3572,3637,3576,3827,3805,3841,
Latur,2014,Udgir,Urban,,,,,,,,,
Latur,2014,Udgir,Total,6868,6868,7035,6401,3576,5538,5562,6400,
Latur,2015,Latur,Rural,5138,5138,6195,5503,5132,5298,5679,6880,
Latur,2015,Latur,Urban,,,,,,,,,
Latur,2015,Latur,Total,5666,5666,8932,6007,5491,5298,5679,8205,
Latur,2015,Renapur,Rural,2188,2188,2425,2776,2665,2906,2865,2415,
Latur,2015,Renapur,Urban,,,,,,,,,
Latur,2015,Renapur,Total,2188,2188,2425,2776,2665,2906,2865,2415,
Latur,2015,Ahamadpur,Rural,2795,2795,3283,3406,3846,4063,4407,3149,
Latur,2015,Ahamadpur,Urban,,,,,,,,,
Latur,2015,Ahamadpur,Total,3641,3641,4692,4352,4750,5061,5429,4572,
Latur,2015,Jalkot,Rural,1387,1387,1617,1540,1603,1759,1921,1620,
Latur,2015,Jalkot,Urban,,,,,,,,,
Latur,2015,Jalkot,Total,1387,1387,1617,1540,1603,1759,1921,1620,
Latur,2015,Chakur,Rural,3012,3012,3327,3221,3559,3597,3543,3480,
Latur,2015,Chakur,Urban,,,,,,,,,
Latur,2015,Chakur,Total,3012,3012,3327,3221,3559,3597,3543,3480,
Latur,2015,Shirur-Anantpal,Rural,1102,1102,1536,1332,1412,1557,1675,1373,
Latur,2015,Shirur-Anantpal,Urban,,,,,,,,,
Latur,2015,Shirur-Anantpal,Total,1102,1102,1536,1332,1412,1557,1675,1373,
Latur,2015,Aosa,Rural,4711,4711,5080,5350,5304,5657,5737,4375,
Latur,2015,Aosa,Urban,,,,,,,,,
Latur,2015,Aosa,Total,6045,6045,5333,5740,4673,5659,5715,6613,
Latur,2015,Nilanga,Rural,4315,4315,4826,5024,4918,5558,5753,4126,
Latur,2015,Nilanga,Urban,,,,,,,,,
Latur,2015,Nilanga,Total,4931,4931,6572,5683,5548,6215,6408,4899,
Latur,2015,Devani,Rural,1632,1632,1572,1645,1606,1710,1723,1372,
Latur,2015,Devani,Urban,,,,,,,,,
Latur,2015,Devani,Total,1632,1632,1572,1645,1606,1710,1723,1372,
Latur,2015,Udgir,Rural,3280,3280,3731,3770,3946,4170,4415,3852,
Latur,2015,Udgir,Urban,,,,,,,,,
Latur,2015,Udgir,Total,6055,6055,8595,6667,6792,6122,6306,5448,
Latur,2016,Latur,Rural,5025,3700,4868,5114,4606,5136,5117,5165,
Latur,2016,Latur,Urban,642,584,2205,432,432,0,0,553,
Latur,2016,Latur,Total,5667,4284,7073,5546,5038,5136,5117,5718,
Latur,2016,Renapur,Rural,2352,1868,2332,2472,2247,2828,2809,2089,
Latur,2016,Renapur,Urban,41,41,267,40,40,69,74,18,
Latur,2016,Renapur,Total,2393,1909,2599,2512,2287,2897,2883,2107,
Latur,2016,Ahamadpur,Rural,3560,2380,3091,3197,3564,3896,4175,3151,
Latur,2016,Ahamadpur,Urban,900,826,1730,744,719,833,862,873,
Latur,2016,Ahamadpur,Total,4460,3206,4821,3941,4283,4729,5037,4024,
Latur,2016,Jalkot,Rural,1538,1387,1499,1524,1242,1648,1734,1451,
Latur,2016,Jalkot,Urban,0,0,0,0,0,0,0,0,
Latur,2016,Jalkot,Total,1538,1387,1499,1524,1242,1648,1734,1451,
Latur,2016,Chakur,Rural,3056,3221,3199,2985,3192,3682,3501,3186,
Latur,2016,Chakur,Urban,0,0,300,0,0,0,0,0,
Latur,2016,Chakur,Total,3056,3221,3499,2985,3192,3682,3501,3186,
Latur,2016,Shirur-Anantpal,Rural,1297,1173,1303,1232,1087,1526,1473,860,
Latur,2016,Shirur-Anantpal,Urban,0,0,0,0,0,0,0,0,
Latur,2016,Shirur-Anantpal,Total,1297,1173,1303,1232,1087,1526,1473,860,
Latur,2016,Aosa,Rural,5089,3651,4658,4974,4801,5082,5374,4605,
Latur,2016,Aosa,Urban,654,654,945,697,697,344,300,915,
Latur,2016,Aosa,Total,5743,4305,5603,5671,5498,5426,5674,5520,
Latur,2016,Nilanga,Rural,4642,3387,4296,4545,4298,5417,5550,4020,
Latur,2016,Nilanga,Urban,862,775,2383,819,819,658,739,761,
Latur,2016,Nilanga,Total,5504,4162,6679,5364,5117,6075,6289,4781,
Latur,2016,Devani,Rural,1709,1310,1513,1642,1540,1916,1903,1846,
Latur,2016,Devani,Urban,0,0,53,0,0,0,0,0,
Latur,2016,Devani,Total,1709,1310,1566,1642,1540,1916,1903,1846,
Latur,2016,Udgir,Rural,3773,3249,3753,3685,3479,4027,3889,3466,
Latur,2016,Udgir,Urban,3331,3331,6787,2983,2983,2067,2086,1753,
Latur,2016,Udgir,Total,7104,6580,10540,6668,6462,6094,5975,5219,
Latur,2017,Latur,Rural,4244,2440,4388,5011,3588,5652,5441,5704,
Latur,2017,Latur,Urban,9992,22592,18634,7920,7264,4541,4300,5429,
Latur,2017,Latur,Total,14236,25032,23022,12931,10852,10193,9741,11133,
Latur,2017,Renapur,Rural,1998,1342,2046,2026,1484,2594,2765,2317,
Latur,2017,Renapur,Urban,0,0,292,0,0,0,0,0,
Latur,2017,Renapur,Total,1998,1342,2338,2026,1484,2594,2765,2317,
Latur,2017,Ahamadpur,Rural,2777,2578,3294,3141,1719,4120,2852,3298,
Latur,2017,Ahamadpur,Urban,944,980,2361,929,558,750,655,629,
Latur,2017,Ahamadpur,Total,3721,3558,5655,4070,2277,4870,3507,3927,
Latur,2017,Jalkot,Rural,1137,1405,1548,1488,798,2060,1877,1531,
Latur,2017,Jalkot,Urban,0,0,193,0,0,0,0,0,
Latur,2017,Jalkot,Total,1137,1405,1741,1488,798,2060,1877,1531,
Latur,2017,Chakur,Rural,2648,3531,3229,3137,1857,3318,3424,3287,
Latur,2017,Chakur,Urban,127,207,409,116,29,5,6,75,
Latur,2017,Chakur,Total,2775,3738,3638,3253,1886,3323,3430,3362,
Latur,2017,Shirur-Anantpal,Rural,1137,1049,1397,1176,976,1534,1580,1383,
Latur,2017,Shirur-Anantpal,Urban,0,0,0,0,0,0,0,0,
Latur,2017,Shirur-Anantpal,Total,1137,1049,1397,1176,976,1534,1580,1383,
Latur,2017,Aosa,Rural,3540,3486,4940,4880,2322,5351,5595,5004,
Latur,2017,Aosa,Urban,910,784,1387,976,803,373,347,640,
Latur,2017,Aosa,Total,4450,4270,6327,5856,3125,5724,5942,5644,
Latur,2017,Nilanga,Rural,3241,2423,4111,4143,2710,5247,5549,5243,
Latur,2017,Nilanga,Urban,843,634,2049,476,251,278,260,264,
Latur,2017,Nilanga,Total,4084,3057,6160,4619,2961,5525,5809,5507,
Latur,2017,Devani,Rural,1093,638,1613,1191,906,1238,1249,1924,
Latur,2017,Devani,Urban,0,0,358,0,0,0,0,0,
Latur,2017,Devani,Total,1093,638,1971,1191,906,1238,1249,1924,
Latur,2017,Udgir,Rural,3012,2548,3740,3470,2519,4093,3909,3914,
Latur,2017,Udgir,Urban,2229,2522,4397,1845,1594,1439,1425,672,
Latur,2017,Udgir,Total,5241,5070,8137,5315,4113,5532,5334,4586,
Latur,2018,Latur,Rural,4760,5340,3942,4479,4588,5297,5176,5270,5457
Latur,2018,Latur,Urban,1980,15714,16487,3560,261,4050,4316,6920,7887
Latur,2018,Latur,Total,6740,21054,20429,8039,4849,9347,9492,12190,13344
Latur,2018,Renapur,Rural,1920,2239,1456,2037,1687,2597,2843,1957,2246
Latur,2018,Renapur,Urban,51,51,262,39,0,0,0,120,0
Latur,2018,Renapur,Total,1971,2290,1718,2076,1687,2597,2843,2077,2246
Latur,2018,Ahamadpur,Rural,3259,3564,3291,3123,2955,4212,4260,3270,3564
Latur,2018,Ahamadpur,Urban,869,869,1697,683,478,739,963,605,869
Latur,2018,Ahamadpur,Total,4128,4433,4988,3806,3433,4951,5223,3875,4433
Latur,2018,Jalkot,Rural,1827,1595,1413,1486,1181,1662,1650,1460,1592
Latur,2018,Jalkot,Urban,0,0,196,0,0,0,0,29,0
Latur,2018,Jalkot,Total,1827,1595,1609,1486,1181,1662,1650,1489,1592
Latur,2018,Chakur,Rural,2822,3196,3032,2716,2342,3041,3220,2988,3224
Latur,2018,Chakur,Urban,89,89,322,80,50,53,56,117,0
Latur,2018,Chakur,Total,2911,3285,3354,2796,2392,3094,3276,3105,3224
Latur,2018,Shirur-Anantpal,Rural,788,1082,1151,795,900,1273,1176,1021,1088
Latur,2018,Shirur-Anantpal,Urban,0,0,0,0,0,0,0,0,0
Latur,2018,Shirur-Anantpal,Total,788,1082,1151,795,900,1273,1176,1021,1088
Latur,2018,Aosa,Rural,3760,4590,4220,3707,2697,4478,4501,4451,4654
Latur,2018,Aosa,Urban,1167,1105,1062,1032,716,1081,455,1896,1120
Latur,2018,Aosa,Total,4927,5695,5282,4739,3413,5559,4956,6347,5774
Latur,2018,Nilanga,Rural,2860,3882,3658,3217,2471,3931,4187,3646,3948
Latur,2018,Nilanga,Urban,759,759,2477,804,589,670,625,810,769
Latur,2018,Nilanga,Total,3619,4641,6135,4021,3060,4601,4812,4456,4717
Latur,2018,Devani,Rural,1487,1718,1703,1462,1168,2141,1516,1690,1727
Latur,2018,Devani,Urban,49,49,311,25,0,0,0,79,0
Latur,2018,Devani,Total,1536,1767,2014,1487,1168,2141,1516,1769,1727
Latur,2018,Udgir,Rural,3394,3858,3616,3539,3167,3960,3872,3856,3881
Latur,2018,Udgir,Urban,1121,1121,3689,853,344,31,25,449,1121
Latur,2018,Udgir,Total,4515,4979,7305,4392,3511,3991,3897,4305,5002
Latur,2019,Latur,Rural,5434,13728,9702,6502,5280,5891,5848,4331,6380
Latur,2019,Latur,Urban,946,6914,10115,2742,2025,3999,4397,7399,5506
Latur,2019,Latur,Total,6380,20642,19817,9244,7305,9890,10245,11730,11886
Latur,2019,Renapur,Rural,2341,2316,2025,2355,2236,3129,2864,2544,2280
Latur,2019,Renapur,Urban,80,80,219,102,100,26,26,137,0
Latur,2019,Renapur,Total,2421,2396,2244,2457,2336,3155,2890,2681,2280
Latur,2019,Ahamadpur,Rural,3439,3619,3389,3371,3339,3997,3891,3351,3619
Latur,2019,Ahamadpur,Urban,909,909,1325,865,581,662,811,1002,909
Latur,2019,Ahamadpur,Total,4348,4528,4714,4236,3920,4659,4702,4353,4528
Latur,2019,Jalkot,Rural,1423,1466,1614,1429,1483,2279,2076,1479,1522
Latur,2019,Jalkot,Urban,6,6,199,0,0,0,,42,0
Latur,2019,Jalkot,Total,1429,1472,1813,1429,1483,2279,2076,1521,1522
Latur,2019,Chakur,Rural,2946,3033,3169,3025,2632,2950,2989,3111,2884
Latur,2019,Chakur,Urban,165,165,321,238,184,0,0,291,0
Latur,2019,Chakur,Total,3111,3198,3490,3263,2816,2950,2989,3402,2884
Latur,2019,Shirur-Anantpal,Rural,1316,1476,1465,1361,1354,1724,1767,1487,1388
Latur,2019,Shirur-Anantpal,Urban,0,0,0,0,0,0,0,0,0
Latur,2019,Shirur-Anantpal,Total,1316,1476,1465,1361,1354,1724,1767,1487,1388
Latur,2019,Aosa,Rural,4479,4946,4670,4869,4015,4383,4367,5098,4764
Latur,2019,Aosa,Urban,817,810,1071,861,761,297,402,944,687
Latur,2019,Aosa,Total,5296,5756,5741,5730,4776,4680,4769,6042,5451
Latur,2019,Nilanga,Rural,4610,4969,4109,4543,4404,5320,5561,4621,4975
Latur,2019,Nilanga,Urban,824,822,1850,767,766,392,268,786,886
Latur,2019,Nilanga,Total,5434,5791,5959,5310,5170,5712,5829,5407,5861
Latur,2019,Devani,Rural,1562,1710,2111,1651,1448,1792,1750,1873,1588
Latur,2019,Devani,Urban,127,131,501,174,112,0,0,80,0
Latur,2019,Devani,Total,1689,1841,2612,1825,1560,1792,1750,1953,1588
Latur,2019,Udgir,Rural,3608,3749,3738,3553,3667,4266,3807,3488,3844
Latur,2019,Udgir,Urban,3274,3274,4528,2598,2723,1151,1107,1991,3274
Latur,2019,Udgir,Total,6882,7023,8266,6151,6390,5417,4914,5479,7118
Latur,2020,Latur,Rural,4759,5028,4257,4780,4879,3883,3691,5426,5022
Latur,2020,Latur,Urban,825,11312,15126,2282,2092,4274,4294,7372,6571
Latur,2020,Latur,Total,5584,16340,19383,7062,6971,8157,7985,12798,11593
Latur,2020,Renapur,Rural,2157,2337,1797,2158,2189,2858,2400,2399,2357
Latur,2020,Renapur,Urban,107,107,237,135,98,78,98,214,107
Latur,2020,Renapur,Total,2264,2444,2034,2293,2287,2936,2498,2613,2464
Latur,2020,Ahamadpur,Rural,3356,3450,3370,3320,2098,2654,2926,3523,3449
Latur,2020,Ahamadpur,Urban,864,864,1073,843,816,756,782,936,864
Latur,2020,Ahamadpur,Total,4220,4314,4443,4163,2914,3410,3708,4459,4313
Latur,2020,Jalkot,Rural,1507,1582,1441,1432,11565,1343,1360,1570,1586
Latur,2020,Jalkot,Urban,21,21,278,6,0,0,,49,0
Latur,2020,Jalkot,Total,1528,1603,1719,1438,11565,1343,1360,1619,1607
Latur,2020,Chakur,Rural,2816,3039,3079,2830,2491,2089,2098,3094,3036
Latur,2020,Chakur,Urban,114,114,327,140,89,32,39,139,114
Latur,2020,Chakur,Total,2930,3153,3406,2970,2580,2121,2137,3233,3150
Latur,2020,Shirur-Anantpal,Rural,1299,1354,1335,1276,1506,1506,1415,1506,1356
Latur,2020,Shirur-Anantpal,Urban,0,0,0,0,0,0,0,0,0
Latur,2020,Shirur-Anantpal,Total,1299,1354,1335,1276,1506,1506,1415,1506,1356
Latur,2020,Aosa,Rural,4800,4957,4700,4810,5259,4169,4138,4984,4972
Latur,2020,Aosa,Urban,796,796,1039,770,692,540,575,940,796
Latur,2020,Aosa,Total,5596,5753,5739,5580,5951,4709,4713,5924,5768
Latur,2020,Nilanga,Rural,4557,5261,3980,4654,4749,4263,4172,5174,5238
Latur,2020,Nilanga,Urban,774,774,1529,779,765,443,366,815,774
Latur,2020,Nilanga,Total,5331,6035,5509,5433,5514,4706,4538,5989,6012
Latur,2020,Devani,Rural,1531,1668,1620,1659,1467,1481,1338,1750,1679
Latur,2020,Devani,Urban,91,91,334,91,48,24,38,77,91
Latur,2020,Devani,Total,1622,1759,1954,1750,1515,1505,1376,1827,1770
Latur,2020,Udgir,Rural,3334,3904,3788,3384,4019,3705,3562,3940,3921
Latur,2020,Udgir,Urban,336,336,2732,234,181,0,0,169,336
Latur,2020,Udgir,Total,3670,4240,6520,3618,4200,3705,3562,4109,4257
Latur,2021,Latur,Rural,4743,3765,4413,4844,5353,5381,5193,5487,5040
Latur,2021,Latur,Urban,7850,16850,13917,7794,6659,5108,4742,7216,9493
Latur,2021,Latur,Total,12593,20615,18330,12638,12012,10489,9935,12703,14533
Latur,2021,Renapur,Rural,2156,1251,1704,2187,2286,2655,2610,2338,2294
Latur,2021,Renapur,Urban,49,49,178,42,31,111,84,187,49
Latur,2021,Renapur,Total,2205,1300,1882,2229,2317,2766,2694,2525,2343
Latur,2021,Ahamadpur,Rural,3376,3124,3333,3336,2555,3212,3124,3297,3700
Latur,2021,Ahamadpur,Urban,1049,1049,1295,979,910,614,608,958,1049
Latur,2021,Ahamadpur,Total,4425,4173,4628,4315,3465,3826,3732,4255,4749
Latur,2021,Jalkot,Rural,1616,1612,1545,1596,1539,1500,1557,1611,1673
Latur,2021,Jalkot,Urban,3,3,173,0,0,2,,11,0
Latur,2021,Jalkot,Total,1619,1615,1718,1596,1539,1502,1558,1622,1676
Latur,2021,Chakur,Rural,2802,3085,3096,2852,3166,3120,3206,3053,3015
Latur,2021,Chakur,Urban,136,136,268,79,80,75,66,81,136
Latur,2021,Chakur,Total,2938,3221,3364,2931,3246,3195,3272,3134,3151
Latur,2021,Shirur-Anantpal,Rural,1302,1499,1464,1429,1347,1459,1494,1519,1411
Latur,2021,Shirur-Anantpal,Urban,0,0,0,0,0,0,0,0,0
Latur,2021,Shirur-Anantpal,Total,1302,1499,1464,1429,1347,1459,1494,1519,1411
Latur,2021,Aosa,Rural,4676,4070,4795,4739,4407,4201,4244,5259,5088
Latur,2021,Aosa,Urban,835,826,764,795,777,469,399,849,835
Latur,2021,Aosa,Total,5511,4896,5559,5534,5184,4670,4643,6108,5923
Latur,2021,Nilanga,Rural,4647,3135,4438,4669,4470,4341,4017,5145,5337
Latur,2021,Nilanga,Urban,832,831,1660,778,808,86,91,850,832
Latur,2021,Nilanga,Total,5479,3966,6098,5447,5278,4427,4108,5995,6169
Latur,2021,Devani,Rural,1588,652,1732,1763,1343,1571,1497,1862,1815
Latur,2021,Devani,Urban,85,89,236,67,29,79,59,57,85
Latur,2021,Devani,Total,1673,741,1968,1830,1372,1650,1556,1919,1900
Latur,2021,Udgir,Rural,1578,3392,3698,3585,3945,4630,4363,3861,3707
Latur,2021,Udgir,Urban,2457,2450,5264,2395,2329,1905,1864,2540,2457
Latur,2021,Udgir,Total,4035,5842,8962,5980,6274,6535,6227,6401,6164
Mumbai Suburban,2016,Adheri,Rural,,,,,,,,,
Mumbai Suburban,2016,Adheri,Urban,35807,35842,38119,35831,31959,41246,37957,37275,
Mumbai Suburban,2016,Adheri,Total,,,,,,,,,
Mumbai Suburban,2016,Borivali,Rural,,,,,,,,,
Mumbai Suburban,2016,Borivali,Urban,43874,43800,37907,43435,40033,52950,61063,41084,
Mumbai Suburban,2016,Borivali,Total,,,,,,,,,
Mumbai Suburban,2016,Kurla,Rural,,,,,,,,,
Mumbai Suburban,2016,Kurla,Urban,61234,61484,52874,60888,57329,66707,68051,57691,
Mumbai Suburban,2016,Kurla,Total,,,,,,,,,
Mumbai Suburban,2017,Adheri,Rural,,,,,,,,,
Mumbai Suburban,2017,Adheri,Urban,36539,36575,36275,36503,37725,41965,39302,37875,
Mumbai Suburban,2017,Adheri,Total,,,,,,,,,
Mumbai Suburban,2017,Borivali,Rural,,,,,,,,,
Mumbai Suburban,2017,Borivali,Urban,45287,45309,37017,44357,49142,46353,50637,40904,
Mumbai Suburban,2017,Borivali,Total,,,,,,,,,
Mumbai Suburban,2017,Kurla,Rural,,,,,,,,,
Mumbai Suburban,2017,Kurla,Urban,61391,61314,49583,61926,66675,70983,63795,56289,
Mumbai Suburban,2017,Kurla,Total,,,,,,,,,
Mumbai Suburban,2018,Adheri,Rural,,,,,,,,,
Mumbai Suburban,2018,Adheri,Urban,25691,33563,33671,35547,32006,35015,32584,58577,36399
Mumbai Suburban,2018,Adheri,Total,,,,,,,,,
Mumbai Suburban,2018,Borivali,Rural,,,,,,,,,
Mumbai Suburban,2018,Borivali,Urban,32509,40525,35145,38648,41037,42698,56520,62957,42417
Mumbai Suburban,2018,Borivali,Total,,,,,,,,,
Mumbai Suburban,2018,Kurla,Rural,,,,,,,,,
Mumbai Suburban,2018,Kurla,Urban,44894,54862,46893,56942,54688,57285,54624,84705,56610
Mumbai Suburban,2018,Kurla,Total,,,,,,,,,
Mumbai Suburban,2019,Adheri,Rural,,,,,,,,,
Mumbai Suburban,2019,Adheri,Urban,34585,36059,34173,38676,33472,33056,29592,37397,36548
Mumbai Suburban,2019,Adheri,Total,34585,36059,34173,38676,33472,33056,29592,37397,36548
Mumbai Suburban,2019,Borivali,Rural,,,,,,,,,
Mumbai Suburban,2019,Borivali,Urban,45202,42715,34456,42209,40721,47709,49683,47276,42724
Mumbai Suburban,2019,Borivali,Total,45202,42715,34456,42209,40721,47709,49683,47276,42724
Mumbai Suburban,2019,Kurla,Rural,,,,,,,,,
Mumbai Suburban,2019,Kurla,Urban,57785,57215,44124,58426,52854,52688,43746,58200,57312
Mumbai Suburban,2019,Kurla,Total,57785,57215,44124,58426,52854,52688,43746,58200,57312
Mumbai Suburban,2020,Adheri,Rural,,,,,,,,,
Mumbai Suburban,2020,Adheri,Urban,0,30485,29055,31151,26893,27177,23636,25593,30428
Mumbai Suburban,2020,Adheri,Total,0,30485,29055,31151,26893,27177,23636,25593,30428
Mumbai Suburban,2020,Borivali,Rural,,,,,,,,,
Mumbai Suburban,2020,Borivali,Urban,0,44096,35984,43581,44240,51165,48937,42035,44106
Mumbai Suburban,2020,Borivali,Total,0,44096,35984,43581,44240,51165,48937,42035,44106
Mumbai Suburban,2020,Kurla,Rural,,,,,,,,,
Mumbai Suburban,2020,Kurla,Urban,0,54056,43648,54000,47495,40777,33170,52944,54197
Mumbai Suburban,2020,Kurla,Total,0,54056,43648,54000,47495,40777,33170,52944,54197
Mumbai Suburban,2021,Adheri,Rural,,,,,,,,,
Mumbai Suburban,2021,Adheri,Urban,0,22671,24384,21604,21924,21339,16689,22482,22681
Mumbai Suburban,2021,Adheri,Total,0,22671,24384,21604,21924,21339,16689,22482,22681
Mumbai Suburban,2021,Borivali,Rural,,,,,,,,,
Mumbai Suburban,2021,Borivali,Urban,0,33040,26123,32277,33104,40503,35867,28938,33172
Mumbai Suburban,2021,Borivali,Total,0,33040,26123,32277,33104,40503,35867,28938,33172
Mumbai Suburban,2021,Kurla,Rural,,,,,,,,,
Mumbai Suburban,2021,Kurla,Urban,0,41778,35690,41713,43049,38069,31251,35576,41568
Mumbai Suburban,2021,Kurla,Total,0,41778,35690,41713,43049,38069,31251,35576,41568
Mumbai City,2013,Mumbai City,Rural,0,0,0,0,0,0,0,0,
Mumbai City,2013,Mumbai City,Urban,50508,51238,54484,47309,0,57227,61588,44286,
Mumbai City,2013,Mumbai City,Total,50508,51238,54484,47309,0,57227,61588,44286,
Mumbai City,2014,Mumbai City,Rural,0,0,0,0,0,0,0,0,
Mumbai City,2014,Mumbai City,Urban,48381,49111,57698,45910,46258,56689,61135,42896,
Mumbai City,2014,Mumbai City,Total,48381,49111,57698,45910,46258,56689,61135,42896,
Mumbai City,2015,Mumbai City,Rural,0,0,0,0,0,0,0,0,
Mumbai City,2015,Mumbai City,Urban,46539,45256,51758,44792,44286,56932,60100,41681,
Mumbai City,2015,Mumbai City,Total,46539,45256,51758,44792,44286,56932,60100,41681,
Mumbai City,2016,Mumbai City,Rural,0,0,0,0,0,0,0,0,
Mumbai City,2016,Mumbai City,Urban,44125,44202,57221,42978,41548,49436,49323,43684,
Mumbai City,2016,Mumbai City,Total,44125,44202,57221,42978,41548,49436,49323,43684,
Mumbai City,2017,Mumbai City,Rural,0,0,0,0,0,0,0,0,
Mumbai City,2017,Mumbai City,Urban,44573,44473,56323,43414,41281,52086,53866,54095,
Mumbai City,2017,Mumbai City,Total,44573,44473,56323,43414,41281,52086,53866,54095,
Mumbai City,2018,Mumbai City,Rural,0,0,0,0,0,0,0,0,0
Mumbai City,2018,Mumbai City,Urban,37084,39167,50742,39754,50742,42672,45698,82793,39201
Mumbai City,2018,Mumbai City,Total,37084,39167,50742,39754,50742,42672,45698,82793,39201
Mumbai City,2019,Mumbai City,Rural,0,0,0,0,0,0,0,0,0
Mumbai City,2019,Mumbai City,Urban,40032,41989,52606,42035,39355,42860,37679,48374,42002
Mumbai City,2019,Mumbai City,Total,40032,41989,52606,42035,39355,42860,37679,48374,42002
Mumbai City,2020,Mumbai City,Rural,0,0,0,0,0,0,0,0,0
Mumbai City,2020,Mumbai City,Urban,37333,37351,41574,36974,36591,42732,40283,33779,37333
Mumbai City,2020,Mumbai City,Total,37333,37351,41574,36974,36591,42732,40283,33779,37333
Mumbai City,2021,Mumbai City,Rural,0,0,0,0,0,0,0,0,0
Mumbai City,2021,Mumbai City,Urban,0,33454,37928,31626,33715,58441,52874,27492,33441
Mumbai City,2021,Mumbai City,Total,0,33454,37928,31626,33715,58441,52874,27492,33441
Nagpur,2012,Narkhed,Rural,2181,1839,1675,1845,2181,2394,2821,2178,
Nagpur,2012,Narkhed,Urban,,,,,,,,,
Nagpur,2012,Narkhed,Total,2437,2095,1917,2034,2382,2774,3272,2507,
Nagpur,2012,Katol,Rural,1990,2108,1603,2083,1873,1988,1948,3026,
Nagpur,2012,Katol,Urban,,,,,,,,,
Nagpur,2012,Katol,Total,2413,2531,2026,2506,2296,2411,2371,3449,
Nagpur,2012,Kalameshwar,Rural,1936,1936,1240,2007,1452,2662,2791,2795,
Nagpur,2012,Kalameshwar,Urban,,,,,,,,,
Nagpur,2012,Kalameshwar,Total,2347,2416,1555,2402,1452,3800,4019,3763,
Nagpur,2012,Sawner,Rural,2380,2387,1679,2533,2162,2078,2444,2844,
Nagpur,2012,Sawner,Urban,,,,,,,,,
Nagpur,2012,Sawner,Total,2380,2387,1679,2533,2162,2078,2444,2844,
Nagpur,2012,Parashivani,Rural,1883,1883,1284,2011,1861,1952,2325,2539,
Nagpur,2012,Parashivani,Urban,,,,,,,,,
Nagpur,2012,Parashivani,Total,1923,1923,1378,2083,1861,1952,2325,2539,
Nagpur,2012,Ramtech,Rural,2387,2387,2051,2522,1902,2099,2424,2509,
Nagpur,2012,Ramtech,Urban,,,,,,,,,
Nagpur,2012,Ramtech,Total,2960,2960,2673,3176,2475,2595,3050,2855,
Nagpur,2012,Mauda,Rural,2047,2047,1340,2246,2199,2326,2511,2493,
Nagpur,2012,Mauda,Urban,,,,,,,,,
Nagpur,2012,Mauda,Total,2047,2047,1340,2246,2199,2326,2511,2493,
Nagpur,2012,Kamathi,Rural,3615,3507,2008,3827,3142,2755,2391,4001,
Nagpur,2012,Kamathi,Urban,,,,,,,,,
Nagpur,2012,Kamathi,Total,4954,4846,3076,5408,4205,3893,3619,5588,
Nagpur,2012,Nagpur (Gra),Rural,4750,4626,14684,6107,3546,2814,2777,21246,
Nagpur,2012,Nagpur (Gra),Urban,,,,,,,,,
Nagpur,2012,Nagpur (Gra),Total,4750,4626,14684,6107,3546,2814,2777,21246,
Nagpur,2012,Nagpur (Sh),Rural,0,0,0,0,0,0,0,0,
Nagpur,2012,Nagpur (Sh),Urban,,,,,,,,,
Nagpur,2012,Nagpur (Sh),Total,41643,41643,55281,38008,31606,32520,31932,34508,
Nagpur,2012,Hingana,Rural,3361,3361,3139,3739,4047,3768,3632,4522,
Nagpur,2012,Hingana,Urban,,,,,,,,,
Nagpur,2012,Hingana,Total,3361,3371,3139,3739,4047,3768,3632,4636,
Nagpur,2012,Umred,Rural,2778,2778,2233,2983,2492,2078,2444,3154,
Nagpur,2012,Umred,Urban,,,,,,,,,
Nagpur,2012,Umred,Total,3386,3386,2849,3777,2916,2617,3487,3780,
Nagpur,2012,Kuhi,Rural,1732,1801,1363,1877,1732,1723,1994,2040,
Nagpur,2012,Kuhi,Urban,,,,,,,,,
Nagpur,2012,Kuhi,Total,1916,1985,1664,2086,1937,1909,2254,2176,
Nagpur,2012,Bhiwapur,Rural,1143,1143,8875,1157,1266,1295,1314,1369,
Nagpur,2012,Bhiwapur,Urban,,,,,,,,,
Nagpur,2012,Bhiwapur,Total,1185,1185,9086,1224,1271,1355,1369,1483,
Nagpur,2013,Narkhed,Rural,1017,1019,964,983,217,1254,1877,2087,
Nagpur,2013,Narkhed,Urban,,,,,,,,,
Nagpur,2013,Narkhed,Total,1525,1448,1468,1465,470,2111,3048,2628,
Nagpur,2013,Katol,Rural,1235,1325,1040,1342,17,1069,1176,2898,
Nagpur,2013,Katol,Urban,,,,,,,,,
Nagpur,2013,Katol,Total,2413,2795,1800,2344,433,1975,2115,4718,
Nagpur,2013,Kalameshwar,Rural,1177,1178,869,1189,230,1448,1843,2475,
Nagpur,2013,Kalameshwar,Urban,,,,,,,,,
Nagpur,2013,Kalameshwar,Total,2244,1962,1619,2043,289,3116,3896,3658,
Nagpur,2013,Sawner,Rural,1830,1830,1635,2070,334,2051,2404,3001,
Nagpur,2013,Sawner,Urban,,,,,,,,,
Nagpur,2013,Sawner,Total,,,,,,,,,
Nagpur,2013,Parashivani,Rural,2128,2128,2335,2517,334,2759,2955,3256,
Nagpur,2013,Parashivani,Urban,,,,,,,,,
Nagpur,2013,Parashivani,Total,1541,1556,1143,1627,300,1683,2104,2781,
Nagpur,2013,Ramtech,Rural,1445,1449,1235,1511,149,1442,1652,2480,
Nagpur,2013,Ramtech,Urban,,,,,,,,,
Nagpur,2013,Ramtech,Total,2014,2659,1784,2007,149,1959,2301,3270,
Nagpur,2013,Mauda,Rural,1408,1407,804,1550,312,855,1311,2528,
Nagpur,2013,Mauda,Urban,,,,,,,,,
Nagpur,2013,Mauda,Total,1408,1407,804,1550,312,855,1311,2528,
Nagpur,2013,Kamathi,Rural,2468,2468,1633,2746,80,1507,1758,3584,
Nagpur,2013,Kamathi,Urban,,,,,,,,,
Nagpur,2013,Kamathi,Total,5597,4787,4173,5720,1033,2663,2882,6172,
Nagpur,2013,Nagpur (Gra),Rural,1155,1155,652,1373,64,870,946,3034,
Nagpur,2013,Nagpur (Gra),Urban,,,,,,,,,
Nagpur,2013,Nagpur (Gra),Total,1155,1155,652,1373,64,870,946,3034,
Nagpur,2013,Nagpur (Sh),Rural,0,0,0,0,0,0,0,0,
Nagpur,2013,Nagpur (Sh),Urban,,,,,,,,,
Nagpur,2013,Nagpur (Sh),Total,41614,41614,55977,39317,32689,32225,31523,65563,
Nagpur,2013,Hingana,Rural,1032,1032,863,1207,59,601,823,4595,
Nagpur,2013,Hingana,Urban,,,,,,,,,
Nagpur,2013,Hingana,Total,1032,1235,863,1207,59,605,838,4644,
Nagpur,2013,Umred,Rural,1572,1572,1208,1686,279,1509,1803,3066,
Nagpur,2013,Umred,Urban,,,,,,,,,
Nagpur,2013,Umred,Total,3158,3721,2310,3170,379,2807,3391,4073,
Nagpur,2013,Kuhi,Rural,962,963,880,1116,19,645,1367,2053,
Nagpur,2013,Kuhi,Urban,,,,,,,,,
Nagpur,2013,Kuhi,Total,1105,1203,1274,1274,31,665,1383,2249,
Nagpur,2013,Bhiwapur,Rural,303,303,280,251,50,219,195,1270,
Nagpur,2013,Bhiwapur,Urban,,,,,,,,,
Nagpur,2013,Bhiwapur,Total,303,542,280,251,50,219,195,1430,
Nagpur,2014,Narkhed,Rural,1108,1108,830,1097,163,814,916,1885,
Nagpur,2014,Narkhed,Urban,,,,,,,,,
Nagpur,2014,Narkhed,Total,1918,1918,1015,1357,380,1257,1610,2652,
Nagpur,2014,Katol,Rural,2525,2525,1211,1055,294,1165,1529,3537,
Nagpur,2014,Katol,Urban,,,,,,,,,
Nagpur,2014,Katol,Total,,,,,,,,,
Nagpur,2014,Kalameshwar,Rural,1160,1160,698,1098,149,1054,1576,2257,
Nagpur,2014,Kalameshwar,Urban,,,,,,,,,
Nagpur,2014,Kalameshwar,Total,2997,2997,1216,1859,220,1922,2642,3714,
Nagpur,2014,Sawner,Rural,1760,1760,1298,1827,255,1664,1974,3148,
Nagpur,2014,Sawner,Urban,,,,,,,,,
Nagpur,2014,Sawner,Total,2162,2162,1868,2322,255,2230,2363,3489,
Nagpur,2014,Parashivani,Rural,1443,1443,886,1541,456,1738,1870,2446,
Nagpur,2014,Parashivani,Urban,,,,,,,,,
Nagpur,2014,Parashivani,Total,1644,1644,1032,1599,464,1738,1870,2678,
Nagpur,2014,Ramtech,Rural,1316,1316,972,1099,16,1042,1181,2404,
Nagpur,2014,Ramtech,Urban,,,,,,,,,
Nagpur,2014,Ramtech,Total,3410,3410,1815,1901,425,2098,1927,3281,
Nagpur,2014,Mauda,Rural,1248,1248,816,1294,477,1419,1597,2473,
Nagpur,2014,Mauda,Urban,,,,,,,,,
Nagpur,2014,Mauda,Total,1248,1248,816,1294,477,1419,1597,2473,
Nagpur,2014,Kamathi,Rural,2350,2350,757,2393,149,1184,1674,3642,
Nagpur,2014,Kamathi,Urban,,,,,,,,,
Nagpur,2014,Kamathi,Total,8318,8318,1846,5287,1071,1790,2780,6706,
Nagpur,2014,Nagpur (Gra),Rural,1214,1214,534,1233,72,317,348,2955,
Nagpur,2014,Nagpur (Gra),Urban,,,,,,,,,
Nagpur,2014,Nagpur (Gra),Total,1214,1214,534,1233,72,317,348,2955,
Nagpur,2014,Nagpur (Sh),Rural,33962,33962,47432,33592,27753,27971,28207,32781,
Nagpur,2014,Nagpur (Sh),Urban,,,,,,,,,
Nagpur,2014,Nagpur (Sh),Total,,,,,,,,,
Nagpur,2014,Hingana,Rural,1159,1159,928,1226,186,465,458,3884,
Nagpur,2014,Hingana,Urban,,,,,,,,,
Nagpur,2014,Hingana,Total,1215,1215,982,1256,188,465,458,4127,
Nagpur,2014,Umred,Rural,1422,1422,866,1402,307,1401,2250,2732,
Nagpur,2014,Umred,Urban,,,,,,,,,
Nagpur,2014,Umred,Total,4051,4051,1711,2751,854,2733,4312,3880,
Nagpur,2014,Kuhi,Rural,987,987,725,1104,144,721,1517,1887,
Nagpur,2014,Kuhi,Urban,,,,,,,,,
Nagpur,2014,Kuhi,Total,1438,1438,1140,1326,150,727,1527,2136,
Nagpur,2014,Bhiwapur,Rural,394,394,485,372,78,346,309,1189,
Nagpur,2014,Bhiwapur,Urban,,,,,,,,,
Nagpur,2014,Bhiwapur,Total,689,689,823,468,93,426,363,1353,
Nagpur,2015,Narkhed,Rural,1017,1019,964,983,217,801,1232,1516,
Nagpur,2015,Narkhed,Urban,,,,,,,,,
Nagpur,2015,Narkhed,Total,1886,1958,1375,1486,398,1365,2498,1940,
Nagpur,2015,Katol,Rural,1325,1325,1040,1342,59,741,1027,1581,
Nagpur,2015,Katol,Urban,,,,,,,,,
Nagpur,2015,Katol,Total,2754,2744,1681,2190,309,1137,1336,2279,
Nagpur,2015,Kalameshwar,Rural,1177,1178,869,118,230,686,805,1434,
Nagpur,2015,Kalameshwar,Urban,,,,,,,,,
Nagpur,2015,Kalameshwar,Total,2712,2713,1566,2028,288,1298,1521,1962,
Nagpur,2015,Sawner,Rural,1830,1830,1635,2070,334,1390,1445,2189,
Nagpur,2015,Sawner,Urban,,,,,,,,,
Nagpur,2015,Sawner,Total,2128,2128,2335,2517,334,2115,1874,2511,
Nagpur,2015,Parashivani,Rural,1362,1370,982,1575,476,1371,1658,2501,
Nagpur,2015,Parashivani,Urban,,,,,,,,,
Nagpur,2015,Parashivani,Total,1445,1453,1106,1604,476,1371,1658,2568,
Nagpur,2015,Ramtech,Rural,1578,1592,1270,1576,151,693,836,1942,
Nagpur,2015,Ramtech,Urban,,,,,,,,,
Nagpur,2015,Ramtech,Total,3279,3624,2248,2662,403,1213,1340,2639,
Nagpur,2015,Mauda,Rural,1408,1407,804,1550,312,670,725,2496,
Nagpur,2015,Mauda,Urban,,,,,,,,,
Nagpur,2015,Mauda,Total,1408,1407,804,1550,312,670,725,2496,
Nagpur,2015,Kamathi,Rural,2468,2468,1633,2746,121,824,984,2074,
Nagpur,2015,Kamathi,Urban,,,,,,,,,
Nagpur,2015,Kamathi,Total,7274,8367,3646,5642,931,1702,2108,4632,
Nagpur,2015,Nagpur (Gra),Rural,1155,1155,652,1373,68,523,523,2598,
Nagpur,2015,Nagpur (Gra),Urban,,,,,,,,,
Nagpur,2015,Nagpur (Gra),Total,1155,1155,652,1373,68,523,523,2598,
Nagpur,2015,Nagpur (Sh),Rural,0,0,0,0,0,0,0,0,
Nagpur,2015,Nagpur (Sh),Urban,,,,,,,,,
Nagpur,2015,Nagpur (Sh),Total,34913,35564,48311,34769,31468,31728,33035,60554,
Nagpur,2015,Hingana,Rural,1184,1184,941,1267,177,667,830,4188,
Nagpur,2015,Hingana,Urban,,,,,,,,,
Nagpur,2015,Hingana,Total,1184,1184,941,1267,298,688,841,4261,
Nagpur,2015,Umred,Rural,1572,1572,1208,1686,279,830,1137,1564,
Nagpur,2015,Umred,Urban,,,,,,,,,
Nagpur,2015,Umred,Total,3819,3819,2170,3073,521,1518,1975,2164,
Nagpur,2015,Kuhi,Rural,1326,1414,1105,1259,91,613,1205,1775,
Nagpur,2015,Kuhi,Urban,,,,,,,,,
Nagpur,2015,Kuhi,Total,1337,1456,1302,1338,91,640,1205,1894,
Nagpur,2015,Bhiwapur,Rural,595,559,454,312,132,526,582,1141,
Nagpur,2015,Bhiwapur,Urban,,,,,,,,,
Nagpur,2015,Bhiwapur,Total,627,562,454,312,132,609,655,1207,
Nagpur,2016,Narkhed,Rural,230,1647,1178,1731,2074,1970,2374,1730,
Nagpur,2016,Narkhed,Urban,,,,,,,,,
Nagpur,2016,Narkhed,Total,230,1842,1354,2012,2365,2284,2790,1942,
Nagpur,2016,Katol,Rural,314,1914,1251,1868,2050,1808,2266,1851,
Nagpur,2016,Katol,Urban,,,,,,,,,
Nagpur,2016,Katol,Total,314,2147,1663,2187,2363,2028,2481,1999,
Nagpur,2016,Kalameshwar,Rural,470,1760,1093,2169,2501,2331,2641,1906,
Nagpur,2016,Kalameshwar,Urban,,,,,,,,,
Nagpur,2016,Kalameshwar,Total,470,2113,1458,2696,2756,2773,3126,2112,
Nagpur,2016,Sawner,Rural,0,2743,1158,2679,2763,2993,2897,2652,
Nagpur,2016,Sawner,Urban,,,,,,,,,
Nagpur,2016,Sawner,Total,0,3155,1600,3148,3032,3427,3500,2961,
Nagpur,2016,Parashivani,Rural,72,2038,967,2316,2168,2076,2756,2223,
Nagpur,2016,Parashivani,Urban,,,,,,,,,
Nagpur,2016,Parashivani,Total,72,2088,1071,2330,2178,2076,2756,2223,
Nagpur,2016,Ramtech,Rural,445,2312,1549,2462,2139,2007,2602,2243,
Nagpur,2016,Ramtech,Urban,,,,,,,,,
Nagpur,2016,Ramtech,Total,445,2644,2051,3001,2521,2187,2787,2576,
Nagpur,2016,Mauda,Rural,0,2121,995,2270,1645,1601,1907,2239,
Nagpur,2016,Mauda,Urban,,,,,,,,,
Nagpur,2016,Mauda,Total,0,2121,995,2270,1645,1601,1907,2239,
Nagpur,2016,Kamathi,Rural,1201,2869,1335,4051,3254,2982,3318,3581,
Nagpur,2016,Kamathi,Urban,,,,,,,,,
Nagpur,2016,Kamathi,Total,1201,4070,2078,5548,4277,3743,4349,4684,
Nagpur,2016,Nagpur (Gra),Rural,0,2802,1046,3402,2283,1794,1463,2853,
Nagpur,2016,Nagpur (Gra),Urban,,,,,,,,,
Nagpur,2016,Nagpur (Gra),Total,0,2802,1046,3402,2283,1794,1463,2853,
Nagpur,2016,Nagpur (Sh),Rural,0,0,0,0,0,0,0,0,
Nagpur,2016,Nagpur (Sh),Urban,,,,,,,,,
Nagpur,2016,Nagpur (Sh),Total,0,28784,39262,30306,28246,22914,26795,73213,
Nagpur,2016,Hingana,Rural,84,3798,3658,3669,3133,1914,1597,3989,
Nagpur,2016,Hingana,Urban,,,,,,,,,
Nagpur,2016,Hingana,Total,84,3884,3876,3763,3181,2019,1702,3992,
Nagpur,2016,Umred,Rural,561,2023,1431,2545,2639,2358,3464,2298,
Nagpur,2016,Umred,Urban,,,,,,,,,
Nagpur,2016,Umred,Total,561,2475,1786,3166,2901,2850,4662,2954,
Nagpur,2016,Kuhi,Rural,182,1878,867,1840,2000,2118,2583,1744,
Nagpur,2016,Kuhi,Urban,,,,,,,,,
Nagpur,2016,Kuhi,Total,182,2003,1169,2000,2047,2132,2594,1744,
Nagpur,2016,Bhiwapur,Rural,143,1178,694,1113,1251,1275,1176,1114,
Nagpur,2016,Bhiwapur,Urban,,,,,,,,,
Nagpur,2016,Bhiwapur,Total,143,1311,910,1224,1287,1376,1266,1135,
Nagpur,2017,Narkhed,Rural,1569,1569,958,1596,1471,1873,2026,1719,
Nagpur,2017,Narkhed,Urban,,,,,,,,,
Nagpur,2017,Narkhed,Total,1827,1827,1167,1887,1724,2239,2332,1934,
Nagpur,2017,Katol,Rural,1891,1891,1137,1906,1726,2115,2282,1967,
Nagpur,2017,Katol,Urban,,,,,,,,,
Nagpur,2017,Katol,Total,2223,2223,1474,2281,2164,2128,2284,2242,
Nagpur,2017,Kalameshwar,Rural,1745,1745,808,1944,1719,1974,2325,1840,
Nagpur,2017,Kalameshwar,Urban,,,,,,,,,
Nagpur,2017,Kalameshwar,Total,2233,2233,1136,2389,1976,2205,2586,2103,
Nagpur,2017,Sawner,Rural,2546,2546,974,2415,2200,2431,2875,2743,
Nagpur,2017,Sawner,Urban,,,,,,,,,
Nagpur,2017,Sawner,Total,2929,2929,1224,2750,2483,2989,3479,3056,
Nagpur,2017,Parashivani,Rural,2488,2488,991,2217,2086,2596,3038,2286,
Nagpur,2017,Parashivani,Urban,,,,,,,,,
Nagpur,2017,Parashivani,Total,2569,2569,1100,2222,2103,2596,3038,2286,
Nagpur,2017,Ramtech,Rural,2501,2501,1515,2339,1807,1986,2146,2259,
Nagpur,2017,Ramtech,Urban,,,,,,,,,
Nagpur,2017,Ramtech,Total,2981,2981,2174,2826,2084,2255,2409,2672,
Nagpur,2017,Mauda,Rural,2093,2093,807,2089,1406,1310,1616,2208,
Nagpur,2017,Mauda,Urban,,,,,,,,,
Nagpur,2017,Mauda,Total,2093,2093,807,2089,1406,1310,1616,2208,
Nagpur,2017,Kamathi,Rural,3836,3836,1697,4141,2643,3219,3300,32183,
Nagpur,2017,Kamathi,Urban,,,,,,,,,
Nagpur,2017,Kamathi,Total,5409,5409,2808,5533,3317,4146,4443,5246,
Nagpur,2017,Nagpur (Gra),Rural,3063,3063,949,3225,1228,1614,1568,3203,
Nagpur,2017,Nagpur (Gra),Urban,,,,,,,,,
Nagpur,2017,Nagpur (Gra),Total,3063,3063,949,3225,1228,1614,1568,3203,
Nagpur,2017,Nagpur (Sh),Rural,0,0,0,0,0,0,0,0,
Nagpur,2017,Nagpur (Sh),Urban,,,,,,,,,
Nagpur,2017,Nagpur (Sh),Total,31080,31080,43819,32166,30328,27806,28581,72858,
Nagpur,2017,Hingana,Rural,3954,3954,1615,3874,1913,1983,1684,3949,
Nagpur,2017,Hingana,Urban,,,,,,,,,
Nagpur,2017,Hingana,Total,4095,4095,1804,4010,1934,2132,1851,3949,
Nagpur,2017,Umred,Rural,2319,2319,1315,2666,1698,2690,2599,2387,
Nagpur,2017,Umred,Urban,,,,,,,,,
Nagpur,2017,Umred,Total,2987,2987,1768,3319,1805,3013,2852,3063,
Nagpur,2017,Kuhi,Rural,1805,1805,807,1639,1584,2144,2284,1705,
Nagpur,2017,Kuhi,Urban,,,,,,,,,
Nagpur,2017,Kuhi,Total,1929,1929,1006,1760,1589,2165,2304,1705,
Nagpur,2017,Bhiwapur,Rural,1098,1098,669,1001,778,1111,1291,1088,
Nagpur,2017,Bhiwapur,Urban,,,,,,,,,
Nagpur,2017,Bhiwapur,Total,1266,1266,925,1132,798,1337,1525,1088,
Nagpur,2018,Narkhed,Rural,0,1363,713,1258,1134,1152,1270,1263,1360
Nagpur,2018,Narkhed,Urban,0,265,108,243,222,170,136,132,287
Nagpur,2018,Narkhed,Total,0,1628,821,1501,1356,1322,1406,1395,1647
Nagpur,2018,Katol,Rural,0,1520,726,1067,1563,1280,1283,1456,1506
Nagpur,2018,Katol,Urban,0,352,244,801,273,494,225,273,352
Nagpur,2018,Katol,Total,0,1872,970,1868,1836,1774,1508,1729,1858
Nagpur,2018,Kalameshwar,Rural,0,1321,415,1354,1676,1301,1169,1441,1416
Nagpur,2018,Kalameshwar,Urban,0,511,347,469,284,196,195,319,580
Nagpur,2018,Kalameshwar,Total,0,1832,762,1823,1960,1497,1364,1760,1996
Nagpur,2018,Sawner,Rural,0,2573,914,2812,2573,2127,2049,2516,2573
Nagpur,2018,Sawner,Urban,0,368,195,264,274,217,216,276,368
Nagpur,2018,Sawner,Total,0,2941,1109,3076,2847,2344,2265,2792,2941
Nagpur,2018,Parashivani,Rural,0,2239,949,2179,2404,2406,2336,2244,2239
Nagpur,2018,Parashivani,Urban,0,98,78,5,18,0,0,74,98
Nagpur,2018,Parashivani,Total,0,2337,1027,2184,2422,2406,2336,2318,2337
Nagpur,2018,Ramtech,Rural,0,1876,701,1277,1466,1487,1616,1814,1896
Nagpur,2018,Ramtech,Urban,0,385,675,476,339,273,240,202,461
Nagpur,2018,Ramtech,Total,0,2261,1376,1753,1805,1760,1856,2016,2357
Nagpur,2018,Mauda,Rural,0,2007,600,2074,1729,1279,1396,1925,2007
Nagpur,2018,Mauda,Urban,0,0,0,0,0,0,0,0,0
Nagpur,2018,Mauda,Total,0,2007,600,2074,1729,1279,1396,1925,2007
Nagpur,2018,Kamathi,Rural,0,2556,460,2410,2315,2532,2155,2630,2556
Nagpur,2018,Kamathi,Urban,0,1400,1554,1453,1065,751,723,1069,1400
Nagpur,2018,Kamathi,Total,0,3956,2014,3863,3380,3283,2878,3699,3956
Nagpur,2018,Nagpur (Gra),Rural,0,2702,696,2613,2357,1318,831,2928,2702
Nagpur,2018,Nagpur (Gra),Urban,0,0,0,0,0,0,0,0,0
Nagpur,2018,Nagpur (Gra),Total,0,2702,696,2613,2357,1318,831,2928,2702
Nagpur,2018,Nagpur (Sh),Rural,0,0,0,0,0,0,0,0,0
Nagpur,2018,Nagpur (Sh),Urban,0,38141,56914,39981,27593,20163,21903,25646,38635
Nagpur,2018,Nagpur (Sh),Total,0,38141,56914,39981,27593,20163,21903,25646,38635
Nagpur,2018,Hingana,Rural,0,3444,1399,3434,3212,1623,1000,3361,3444
Nagpur,2018,Hingana,Urban,0,106,134,113,82,124,112,62,106
Nagpur,2018,Hingana,Total,0,3550,1533,3547,3294,1747,1112,3423,3550
Nagpur,2018,Umred,Rural,0,1894,863,1506,1670,1468,1506,1741,1894
Nagpur,2018,Umred,Urban,0,1031,404,1039,775,767,1999,426,1125
Nagpur,2018,Umred,Total,0,2925,1267,2545,2445,2235,3505,2167,3019
Nagpur,2018,Kuhi,Rural,0,1556,410,1516,1705,1764,1874,1496,1556
Nagpur,2018,Kuhi,Urban,0,177,213,204,33,44,2,46,177
Nagpur,2018,Kuhi,Total,0,1733,623,1720,1738,1808,1876,1542,1733
Nagpur,2018,Bhiwapur,Rural,0,950,343,1010,895,866,764,968,950
Nagpur,2018,Bhiwapur,Urban,0,193,197,182,42,206,202,44,193
Nagpur,2018,Bhiwapur,Total,0,1143,540,1192,937,1072,966,1012,1143
Nagpur,2019,Narkhed,Rural,0,1341,654,1343,0,1596,1596,1314,1341
Nagpur,2019,Narkhed,Urban,0,268,112,376,0,179,190,221,268
Nagpur,2019,Narkhed,Total,0,1609,766,1719,0,1775,1786,1535,1609
Nagpur,2019,Katol,Rural,0,1434,746,1422,0,1202,1283,1502,1445
Nagpur,2019,Katol,Urban,0,375,218,417,0,243,229,492,371
Nagpur,2019,Katol,Total,0,1809,964,1839,0,1445,1512,1994,1816
Nagpur,2019,Kalameshwar,Rural,0,1459,466,1336,0,1738,1620,1317,1461
Nagpur,2019,Kalameshwar,Urban,0,706,349,702,0,227,185,388,706
Nagpur,2019,Kalameshwar,Total,0,2165,815,2038,0,1965,1805,1705,2167
Nagpur,2019,Sawner,Rural,0,2663,903,2674,0,2437,2472,2548,2663
Nagpur,2019,Sawner,Urban,0,390,236,351,0,175,178,311,390
Nagpur,2019,Sawner,Total,0,3053,1139,3025,0,2612,2650,2859,3053
Nagpur,2019,Parashivani,Rural,0,2316,1137,2301,0,2309,2497,2239,2315
Nagpur,2019,Parashivani,Urban,0,0,0,0,0,0,0,0,0
Nagpur,2019,Parashivani,Total,0,2316,1137,2301,0,2309,2497,2239,2315
Nagpur,2019,Ramtech,Rural,0,1738,710,1802,0,1519,1445,1925,1738
Nagpur,2019,Ramtech,Urban,0,529,570,527,0,505,728,271,530
Nagpur,2019,Ramtech,Total,0,2267,1280,2329,0,2024,2173,2196,2268
Nagpur,2019,Mauda,Rural,0,2221,614,2294,0,1541,1077,2193,2221
Nagpur,2019,Mauda,Urban,0,0,0,0,0,0,0,0,0
Nagpur,2019,Mauda,Total,0,2221,614,2294,0,1541,1077,2193,2221
Nagpur,2019,Kamathi,Rural,0,2771,461,2911,0,3104,2754,2546,2771
Nagpur,2019,Kamathi,Urban,0,1598,1629,1849,0,558,436,1726,1598
Nagpur,2019,Kamathi,Total,0,4369,2090,4760,0,3662,3190,4272,4369
Nagpur,2019,Nagpur (Gra),Rural,0,2865,705,3407,0,1623,1425,2792,2865
Nagpur,2019,Nagpur (Gra),Urban,0,0,0,0,0,0,0,0,0
Nagpur,2019,Nagpur (Gra),Total,0,2865,705,3407,0,1623,1425,2792,2865
Nagpur,2019,Nagpur (Sh),Rural,0,0,0,0,0,0,0,0,0
Nagpur,2019,Nagpur (Sh),Urban,0,36901,55813,36681,0,15176,12927,42164,36897
Nagpur,2019,Nagpur (Sh),Total,0,36901,55813,36681,0,15176,12927,42164,36897
Nagpur,2019,Hingana,Rural,0,3779,1532,4019,0,2327,1889,4035,3779
Nagpur,2019,Hingana,Urban,0,92,97,85,0,109,104,66,92
Nagpur,2019,Hingana,Total,0,3871,1629,4104,0,2436,1993,4101,3871
Nagpur,2019,Umred,Rural,0,2065,1023,2185,0,1809,1530,2398,2064
Nagpur,2019,Umred,Urban,0,886,416,937,0,759,689,778,886
Nagpur,2019,Umred,Total,0,2951,1439,3122,0,2568,2219,3176,2950
Nagpur,2019,Kuhi,Rural,0,1577,607,1550,0,2797,2893,1595,1577
Nagpur,2019,Kuhi,Urban,0,140,172,121,0,51,42,108,140
Nagpur,2019,Kuhi,Total,0,1717,779,1671,0,2848,2935,1703,1717
Nagpur,2019,Bhiwapur,Rural,0,898,361,903,0,960,734,845,898
Nagpur,2019,Bhiwapur,Urban,0,194,150,142,0,164,177,100,194
Nagpur,2019,Bhiwapur,Total,0,1092,511,1045,0,1124,911,945,1092
Nagpur,2020,Narkhed,Rural,0,1295,617,1266,0,1157,971,1281,1298
Nagpur,2020,Narkhed,Urban,0,283,106,367,0,682,339,167,283
Nagpur,2020,Narkhed,Total,0,1578,723,1633,0,1839,1310,1448,1581
Nagpur,2020,Katol,Rural,0,1441,744,1437,0,1051,1039,1369,1450
Nagpur,2020,Katol,Urban,0,329,219,380,0,227,193,431,319
Nagpur,2020,Katol,Total,0,1770,963,1817,0,1278,1232,1800,1769
Nagpur,2020,Kalameshwar,Rural,0,1312,452,1320,0,1108,956,1171,1297
Nagpur,2020,Kalameshwar,Urban,0,691,343,715,0,270,213,200,691
Nagpur,2020,Kalameshwar,Total,0,2003,795,2035,0,1378,1169,1371,1988
Nagpur,2020,Sawner,Rural,0,2707,1037,2705,0,1922,1689,2690,2707
Nagpur,2020,Sawner,Urban,0,338,165,401,0,243,197,325,338
Nagpur,2020,Sawner,Total,0,3045,1202,3106,0,2165,1886,3015,3045
Nagpur,2020,Parashivani,Rural,0,2212,1204,2324,0,2253,2460,2198,2195
Nagpur,2020,Parashivani,Urban,0,0,0,0,0,0,0,0,50
Nagpur,2020,Parashivani,Total,0,2212,1204,2324,0,2253,2460,2198,2245
Nagpur,2020,Ramtech,Rural,0,1969,798,1953,0,1213,1097,1906,1970
Nagpur,2020,Ramtech,Urban,0,473,486,602,0,171,149,256,473
Nagpur,2020,Ramtech,Total,0,2442,1284,2555,0,1384,1246,2162,2443
Nagpur,2020,Mauda,Rural,0,2195,653,2160,0,870,679,2177,2195
Nagpur,2020,Mauda,Urban,0,0,0,0,0,0,0,0,0
Nagpur,2020,Mauda,Total,0,2195,653,2160,0,870,679,2177,2195
Nagpur,2020,Kamathi,Rural,0,2846,542,3072,0,2261,1890,2678,2847
Nagpur,2020,Kamathi,Urban,0,1336,1290,1497,0,575,459,1021,1336
Nagpur,2020,Kamathi,Total,0,4182,1832,4569,0,2836,2349,3699,4183
Nagpur,2020,Nagpur (Gra),Rural,0,2794,862,3103,0,1382,723,2946,2794
Nagpur,2020,Nagpur (Gra),Urban,0,0,0,0,0,0,0,0,0
Nagpur,2020,Nagpur (Gra),Total,0,2794,862,3103,0,1382,723,2946,2794
Nagpur,2020,Nagpur (Sh),Rural,0,0,0,0,0,0,0,0,0
Nagpur,2020,Nagpur (Sh),Urban,0,39220,57812,38548,0,14291,10672,52382,39215
Nagpur,2020,Nagpur (Sh),Total,0,39220,57812,38548,0,14291,10672,52382,39215
Nagpur,2020,Hingana,Rural,0,3588,989,3740,0,2809,2116,3942,3588
Nagpur,2020,Hingana,Urban,0,82,92,94,0,89,58,43,82
Nagpur,2020,Hingana,Total,0,3670,1081,3834,0,2898,2174,3985,3670
Nagpur,2020,Umred,Rural,0,2106,949,2302,0,1776,1378,2463,2107
Nagpur,2020,Umred,Urban,0,995,383,1010,0,130,135,726,995
Nagpur,2020,Umred,Total,0,3101,1332,3312,0,1906,1513,3189,3102
Nagpur,2020,Kuhi,Rural,0,1490,625,1566,0,1757,1651,1472,1484
Nagpur,2020,Kuhi,Urban,0,111,224,67,0,42,25,103,111
Nagpur,2020,Kuhi,Total,0,1601,849,1633,0,1799,1676,1575,1595
Nagpur,2020,Bhiwapur,Rural,0,868,322,898,0,425,359,797,868
Nagpur,2020,Bhiwapur,Urban,0,149,181,87,0,127,115,83,149
Nagpur,2020,Bhiwapur,Total,0,1017,503,985,0,552,474,880,1017
Nagpur,2021,Narkhed,Rural,0,1436,775,1319,0,1711,1877,1503,1436
Nagpur,2021,Narkhed,Urban,0,300,83,342,0,603,451,267,300
Nagpur,2021,Narkhed,Total,0,1736,858,1661,0,2314,2328,1770,1736
Nagpur,2021,Katol,Rural,0,1468,729,1388,0,1669,1604,1562,1468
Nagpur,2021,Katol,Urban,0,338,353,364,0,216,175,477,338
Nagpur,2021,Katol,Total,0,1806,1082,1752,0,1885,1779,2039,1806
Nagpur,2021,Kalameshwar,Rural,0,1295,474,1203,0,1408,1497,1353,1286
Nagpur,2021,Kalameshwar,Urban,0,694,315,695,0,729,548,280,694
Nagpur,2021,Kalameshwar,Total,0,1989,789,1898,0,2137,2045,1633,1980
Nagpur,2021,Sawner,Rural,0,2900,1172,2849,0,2798,2498,3073,2900
Nagpur,2021,Sawner,Urban,0,398,408,381,0,240,266,369,398
Nagpur,2021,Sawner,Total,0,3298,1580,3230,0,3038,2764,3442,3298
Nagpur,2021,Parashivani,Rural,0,2267,1179,2189,0,2853,3029,2475,2271
Nagpur,2021,Parashivani,Urban,0,80,75,20,0,32,21,55,80
Nagpur,2021,Parashivani,Total,0,2347,1254,2209,0,2885,3050,2530,2351
Nagpur,2021,Ramtech,Rural,0,2078,954,2024,0,1758,1774,2600,2078
Nagpur,2021,Ramtech,Urban,0,402,346,379,0,518,375,253,402
Nagpur,2021,Ramtech,Total,0,2480,1300,2403,0,2276,2149,2853,2480
Nagpur,2021,Mauda,Rural,0,2235,638,2198,0,1793,1108,2434,2235
Nagpur,2021,Mauda,Urban,0,0,65,0,0,160,170,2,0
Nagpur,2021,Mauda,Total,0,2235,703,2198,0,1953,1278,2436,2235
Nagpur,2021,Kamathi,Rural,0,2797,617,2806,0,3028,2887,3289,2805
Nagpur,2021,Kamathi,Urban,0,1644,1468,1628,0,699,526,1686,1644
Nagpur,2021,Kamathi,Total,0,4441,2085,4434,0,3727,3413,4975,4449
Nagpur,2021,Nagpur (Gra),Rural,0,3836,1001,3815,0,1885,1120,3850,3836
Nagpur,2021,Nagpur (Gra),Urban,0,0,0,0,0,0,0,0,0
Nagpur,2021,Nagpur (Gra),Total,0,3836,1001,3815,0,1885,1120,3850,3836
Nagpur,2021,Nagpur (Sh),Rural,0,0,0,0,0,0,0,0,0
Nagpur,2021,Nagpur (Sh),Urban,0,56195,51728,38038,0,20311,14677,47776,37330
Nagpur,2021,Nagpur (Sh),Total,0,56195,51728,38038,0,20311,14677,47776,37330
Nagpur,2021,Hingana,Rural,0,4204,825,4237,0,3397,2950,4565,4204
Nagpur,2021,Hingana,Urban,0,92,81,90,0,45,33,99,92
Nagpur,2021,Hingana,Total,0,4296,906,4327,0,3442,2983,4664,4296
Nagpur,2021,Umred,Rural,0,2240,942,2187,0,2253,2176,2518,2240
Nagpur,2021,Umred,Urban,0,1087,369,1129,0,2777,1820,979,1087
Nagpur,2021,Umred,Total,0,3327,1311,3316,0,5030,3996,3497,3327
Nagpur,2021,Kuhi,Rural,0,1658,607,1575,0,2565,2436,1611,1658
Nagpur,2021,Kuhi,Urban,0,153,146,116,0,41,21,69,153
Nagpur,2021,Kuhi,Total,0,1811,753,1691,0,2606,2457,1680,1811
Nagpur,2021,Bhiwapur,Rural,0,839,334,798,0,863,845,958,839
Nagpur,2021,Bhiwapur,Urban,0,138,219,107,0,84,88,31,138
Nagpur,2021,Bhiwapur,Total,0,977,553,905,0,947,933,989,977
Nanded,2014,Mahur,Rural,1851,1651,1651,2022,2022,2018,2266,2496,
Nanded,2014,Mahur,Urban,24,607,301,23,2,19,16,650,
Nanded,2014,Mahur,Total,1875,2258,1952,2045,2024,2037,2282,3146,
Nanded,2014,Kinvat,Rural,4191,4091,4091,4678,4678,5473,5717,5177,
Nanded,2014,Kinvat,Urban,35,400,300,21,250,105,11,422,
Nanded,2014,Kinvat,Total,4226,4491,4391,4699,4928,5578,5728,5599,
Nanded,2014,Himalay Nagar,Rural,1951,1651,1651,2251,2251,3160,3154,2652,
Nanded,2014,Himalay Nagar,Urban,250,300,500,200,102,65,35,530,
Nanded,2014,Himalay Nagar,Total,2201,1951,2151,2451,2353,3225,3189,3182,
Nanded,2014,Hadgaon,Rural,4156,3956,3956,4733,4733,5552,5354,5010,
Nanded,2014,Hadgaon,Urban,545,1574,892,506,520,556,567,1590,
Nanded,2014,Hadgaon,Total,4701,5530,4848,5239,5253,6108,5921,6600,
Nanded,2014,Andhrapur,Rural,1985,1985,1985,2101,2101,2174,2262,2192,
Nanded,2014,Andhrapur,Urban,0,0,0,0,0,0,0,0,
Nanded,2014,Andhrapur,Total,1985,1985,1985,2101,2101,2174,2262,2192,
Nanded,2014,Nanded,Rural,3566,3166,3166,4029,4029,3437,2930,4212,
Nanded,2014,Nanded,Urban,781,1899,1631,738,171,98,39,1910,
Nanded,2014,Nanded,Total,4347,5065,4797,4767,4200,3535,2969,6122,
Nanded,2014,Mudkhed,Rural,2069,1963,1963,2306,2306,2579,2242,2501,
Nanded,2014,Mudkhed,Urban,386,602,548,368,218,170,232,635,
Nanded,2014,Mudkhed,Total,2455,2565,2511,2674,2524,2749,2474,3136,
Nanded,2014,Bhokar,Rural,2250,2150,2150,2634,2634,2830,2715,2696,
Nanded,2014,Bhokar,Urban,681,992,603,666,749,983,987,1015,
Nanded,2014,Bhokar,Total,2931,3142,2753,3300,3383,3813,3702,3711,
Nanded,2014,Umari,Rural,1830,1830,1830,2047,2047,2525,2429,2142,
Nanded,2014,Umari,Urban,315,944,592,311,441,657,528,680,
Nanded,2014,Umari,Total,2145,2774,2422,2358,2488,3182,2957,2822,
Nanded,2014,Dharmabad,Rural,1578,1378,1378,1869,1869,2475,2567,2069,
Nanded,2014,Dharmabad,Urban,553,614,598,553,356,1500,1510,1550,
Nanded,2014,Dharmabad,Total,2131,1992,1976,2422,2225,3975,4077,3619,
Nanded,2014,Biloli,Rural,2838,2800,2800,3195,3195,3314,3560,3680,
Nanded,2014,Biloli,Urban,369,436,461,327,381,574,693,720,
Nanded,2014,Biloli,Total,3207,3236,3261,3522,3576,3888,4253,4400,
Nanded,2014,Naygaon,Rural,3148,3048,3048,3611,3611,3778,4326,3788,
Nanded,2014,Naygaon,Urban,340,1194,471,312,167,202,402,1205,
Nanded,2014,Naygaon,Total,3488,4242,3519,3923,3778,3980,4728,4993,
Nanded,2014,Loha,Rural,4227,3937,3937,4554,4554,4638,4796,5010,
Nanded,2014,Loha,Urban,489,525,466,503,505,548,584,603,
Nanded,2014,Loha,Total,4716,4462,4403,5057,5059,5186,5380,5613,
Nanded,2014,Kandhar,Rural,4217,4017,4017,5018,5018,4710,5075,5203,
Nanded,2014,Kandhar,Urban,567,664,638,588,366,320,365,675,
Nanded,2014,Kandhar,Total,4784,4681,4655,5606,5384,5030,5440,5878,
Nanded,2014,Mukhed,Rural,4880,4180,4180,5862,5862,6171,6310,6217,
Nanded,2014,Mukhed,Urban,617,1451,726,638,560,553,582,1470,
Nanded,2014,Mukhed,Total,5497,5631,4906,6500,6422,6724,6892,7687,
Nanded,2014,Deglur,Rural,3638,3638,3638,4110,4110,4485,4509,4508,
Nanded,2014,Deglur,Urban,1243,1255,1045,954,1414,1250,1513,1520,
Nanded,2014,Deglur,Total,4881,4893,4683,5064,5524,5735,6022,6028,
Nanded,2015,Mahur,Rural,1651,1651,1651,2022,2022,2018,2266,819,
Nanded,2015,Mahur,Urban,598,598,571,39,7,161,141,383,
Nanded,2015,Mahur,Total,2249,2249,2222,2061,2029,2179,2407,1202,
Nanded,2015,Kinvat,Rural,4091,4091,4091,4678,4678,5473,5717,3552,
Nanded,2015,Kinvat,Urban,761,761,617,144,369,470,522,1495,
Nanded,2015,Kinvat,Total,4852,4852,4708,4822,5047,5943,6239,5047,
Nanded,2015,Himalay Nagar,Rural,1651,1651,1651,2251,2251,3160,3154,1208,
Nanded,2015,Himalay Nagar,Urban,418,418,394,0,0,86,104,1423,
Nanded,2015,Himalay Nagar,Total,2069,2069,2045,2251,2251,3246,3258,2631,
Nanded,2015,Hadgaon,Rural,3956,3956,3956,4733,4733,5552,5354,2208,
Nanded,2015,Hadgaon,Urban,860,860,860,541,541,582,583,1924,
Nanded,2015,Hadgaon,Total,4816,4816,4816,5274,5274,6134,5937,4132,
Nanded,2015,Andhrapur,Rural,1985,1985,1985,2101,2101,2174,2262,1195,
Nanded,2015,Andhrapur,Urban,0,0,0,0,0,0,0,474,
Nanded,2015,Andhrapur,Total,1985,1985,1985,2101,2101,2174,2262,1669,
Nanded,2015,Nanded,Rural,3166,3166,3166,4029,4029,3437,2930,4241,
Nanded,2015,Nanded,Urban,2841,2841,2386,651,159,83,31,37769,
Nanded,2015,Nanded,Total,6007,6007,5552,4680,4188,3520,2961,42010,
Nanded,2015,Mudkhed,Rural,1963,1963,1963,2306,2306,2579,2242,1466,
Nanded,2015,Mudkhed,Urban,742,742,703,517,532,687,463,677,
Nanded,2015,Mudkhed,Total,2705,2705,2666,2823,2838,3266,2705,2143,
Nanded,2015,Bhokar,Rural,2150,2150,2150,2634,2634,2830,2715,1090,
Nanded,2015,Bhokar,Urban,898,898,656,731,807,824,840,1023,
Nanded,2015,Bhokar,Total,3048,3048,2806,3365,3441,3654,3555,2113,
Nanded,2015,Umari,Rural,1830,1830,1830,2047,2047,2525,2429,659,
Nanded,2015,Umari,Urban,834,834,674,379,442,773,725,1246,
Nanded,2015,Umari,Total,2664,2664,2504,2426,2489,3298,3154,1905,
Nanded,2015,Dharmabad,Rural,1378,1378,1378,1869,1869,2475,2567,746,
Nanded,2015,Dharmabad,Urban,665,665,631,696,846,1231,1341,993,
Nanded,2015,Dharmabad,Total,2043,2043,2009,2565,2715,3706,3908,1739,
Nanded,2015,Biloli,Rural,2800,2800,2800,3195,3195,3314,3560,2254,
Nanded,2015,Biloli,Urban,482,482,593,328,407,470,597,3401,
Nanded,2015,Biloli,Total,3282,3282,3393,3523,3602,3784,4157,5655,
Nanded,2015,Naygaon,Rural,3048,3048,3048,3611,3611,3778,4326,2506,
Nanded,2015,Naygaon,Urban,983,983,660,291,286,279,344,1208,
Nanded,2015,Naygaon,Total,4031,4031,3708,3902,3897,4057,4670,3714,
Nanded,2015,Loha,Rural,3937,3937,3937,4554,4554,4638,4796,2543,
Nanded,2015,Loha,Urban,543,543,410,465,406,332,319,736,
Nanded,2015,Loha,Total,4480,4480,4347,5019,4960,4970,5115,3279,
Nanded,2015,Kandhar,Rural,4017,4017,4017,5018,5018,4710,5075,3707,
Nanded,2015,Kandhar,Urban,697,697,610,619,468,608,783,890,
Nanded,2015,Kandhar,Total,4714,4714,4627,5637,5486,5318,5858,4597,
Nanded,2015,Mukhed,Rural,4180,4180,4180,5862,5862,6171,6310,3115,
Nanded,2015,Mukhed,Urban,1485,1485,1311,692,683,698,687,1968,
Nanded,2015,Mukhed,Total,5665,5665,5491,6554,6545,6869,6997,5083,
Nanded,2015,Deglur,Rural,3638,3638,3638,4110,4110,4485,4509,2087,
Nanded,2015,Deglur,Urban,1684,1684,1389,1128,1118,1083,1198,4179,
Nanded,2015,Deglur,Total,5322,5322,5027,5238,5228,5568,5707,6266,
Nanded,2016,Mahur,Rural,1998,1998,2047,1971,4018,604,759,2097,
Nanded,2016,Mahur,Urban,88,88,493,43,536,241,281,284,
Nanded,2016,Mahur,Total,2086,2086,2540,2014,4554,845,1040,2381,
Nanded,2016,Kinvat,Rural,4436,4436,4264,4203,5467,1975,2052,4539,
Nanded,2016,Kinvat,Urban,543,543,709,313,1022,392,398,345,
Nanded,2016,Kinvat,Total,4979,4979,4973,4516,6489,2367,2450,4884,
Nanded,2016,Himalay Nagar,Rural,1948,1948,1819,1885,3704,273,308,2028,
Nanded,2016,Himalay Nagar,Urban,598,598,341,243,584,621,631,374,
Nanded,2016,Himalay Nagar,Total,2546,2546,2160,2128,4288,894,939,2402,
Nanded,2016,Hadgaon,Rural,4397,4397,4236,4064,5300,297,282,4717,
Nanded,2016,Hadgaon,Urban,1072,1072,939,450,1389,490,633,619,
Nanded,2016,Hadgaon,Total,5469,5469,5175,4514,6689,787,915,5336,
Nanded,2016,Andhrapur,Rural,2123,2123,1712,2025,3737,550,713,2139,
Nanded,2016,Andhrapur,Urban,0,0,0,0,0,0,0,0,
Nanded,2016,Andhrapur,Total,2123,2123,1712,2025,3737,550,713,2139,
Nanded,2016,Nanded,Rural,3422,3422,3653,3119,6772,869,746,9532,
Nanded,2016,Nanded,Urban,1992,1992,1276,633,1909,38,11,671,
Nanded,2016,Nanded,Total,5414,5414,4929,3752,8681,907,757,10203,
Nanded,2016,Mudkhed,Rural,1757,1757,1935,1732,3667,0,0,1971,
Nanded,2016,Mudkhed,Urban,1159,1159,586,494,1080,458,471,402,
Nanded,2016,Mudkhed,Total,2916,2916,2521,2226,4747,458,471,2373,
Nanded,2016,Bhokar,Rural,2063,2063,1561,2101,3662,444,611,1975,
Nanded,2016,Bhokar,Urban,729,729,660,542,1202,870,822,1366,
Nanded,2016,Bhokar,Total,2792,2792,2221,2643,4864,1314,1433,3341,
Nanded,2016,Umari,Rural,1719,1719,1612,1665,3277,43,41,1830,
Nanded,2016,Umari,Urban,694,694,554,270,824,741,634,284,
Nanded,2016,Umari,Total,2413,2413,2166,1935,4101,784,675,2114,
Nanded,2016,Dharmabad,Rural,1211,1211,1092,1155,2247,156,163,1266,
Nanded,2016,Dharmabad,Urban,900,900,745,702,1447,1105,1068,780,
Nanded,2016,Dharmabad,Total,2111,2111,1837,1857,3694,1261,1231,2046,
Nanded,2016,Biloli,Rural,2862,2862,2649,2785,5434,1397,1199,3102,
Nanded,2016,Biloli,Urban,750,750,558,286,744,563,779,782,
Nanded,2016,Biloli,Total,3612,3612,3207,3071,6178,1960,1978,3884,
Nanded,2016,Naygaon,Rural,3019,3019,3157,2806,4861,1296,1278,3493,
Nanded,2016,Naygaon,Urban,682,682,650,241,891,286,320,275,
Nanded,2016,Naygaon,Total,3701,3701,3807,3047,5752,1582,1598,3768,
Nanded,2016,Loha,Rural,4207,4207,4198,3941,8139,2158,2250,4332,
Nanded,2016,Loha,Urban,1094,1094,406,411,817,502,522,484,
Nanded,2016,Loha,Total,5301,5301,4604,4352,8956,2660,2772,4816,
Nanded,2016,Kandhar,Rural,4564,4564,4023,3821,6544,1242,1190,4687,
Nanded,2016,Kandhar,Urban,544,544,426,527,953,413,506,530,
Nanded,2016,Kandhar,Total,5108,5108,4449,4348,7497,1655,1696,5217,
Nanded,2016,Mukhed,Rural,5334,5334,5429,5109,5380,1309,1959,5742,
Nanded,2016,Mukhed,Urban,1422,1422,1171,603,1774,648,650,626,
Nanded,2016,Mukhed,Total,6756,6756,6600,5712,7154,1957,2609,6368,
Nanded,2016,Deglur,Rural,3298,3298,3232,3084,6316,1017,933,3455,
Nanded,2016,Deglur,Urban,1906,1906,866,1535,2401,412,352,1131,
Nanded,2016,Deglur,Total,5204,5204,4098,4619,8717,1429,1285,4586,
Nanded,2017,Mahur,Rural,1941,1909,1969,1934,0,1804,1698,2064,
Nanded,2017,Mahur,Urban,58,58,481,59,70,231,202,206,
Nanded,2017,Mahur,Total,1999,1967,2450,1993,70,2035,1900,2270,
Nanded,2017,Kinvat,Rural,4273,4271,4662,4155,0,4559,4323,4720,
Nanded,2017,Kinvat,Urban,233,233,821,233,229,385,376,251,
Nanded,2017,Kinvat,Total,4506,4504,5483,4388,229,4944,4699,4971,
Nanded,2017,Himalay Nagar,Rural,2032,2001,2211,1999,0,1673,1702,2223,
Nanded,2017,Himalay Nagar,Urban,431,431,389,442,424,588,626,433,
Nanded,2017,Himalay Nagar,Total,2463,2432,2600,2441,424,2261,2328,2656,
Nanded,2017,Hadgaon,Rural,4175,4172,4778,4096,0,4823,4484,4212,
Nanded,2017,Hadgaon,Urban,598,598,868,441,399,657,589,576,
Nanded,2017,Hadgaon,Total,4773,4770,5646,4537,399,5480,5073,4788,
Nanded,2017,Andhrapur,Rural,2059,2048,2234,1907,0,2166,1946,1990,
Nanded,2017,Andhrapur,Urban,0,0,0,0,0,0,0,0,
Nanded,2017,Andhrapur,Total,2059,2048,2234,1907,0,2166,1946,1990,
Nanded,2017,Nanded,Rural,3337,3218,3093,3031,0,2757,2544,3706,
Nanded,2017,Nanded,Urban,1153,1153,2406,917,903,148,73,620,
Nanded,2017,Nanded,Total,4490,4371,5499,3948,903,2905,2617,4326,
Nanded,2017,Mudkhed,Rural,1815,1815,1823,1764,0,2136,1974,1894,
Nanded,2017,Mudkhed,Urban,474,474,400,481,471,393,439,425,
Nanded,2017,Mudkhed,Total,2289,2289,2223,2245,471,2529,2413,2319,
Nanded,2017,Bhokar,Rural,2013,1996,2063,1860,0,1592,1581,1966,
Nanded,2017,Bhokar,Urban,732,732,887,699,664,727,788,650,
Nanded,2017,Bhokar,Total,2745,2728,2950,2559,664,2319,2369,2616,
Nanded,2017,Umari,Rural,1760,1760,1775,1680,0,1751,1668,1732,
Nanded,2017,Umari,Urban,363,415,781,387,415,648,443,378,
Nanded,2017,Umari,Total,2123,2175,2556,2067,415,2399,2111,2110,
Nanded,2017,Dharmabad,Rural,1166,1166,1104,1176,0,1135,1087,1244,
Nanded,2017,Dharmabad,Urban,542,542,469,638,598,724,672,756,
Nanded,2017,Dharmabad,Total,1708,1708,1573,1814,598,1859,1759,2000,
Nanded,2017,Biloli,Rural,2760,2760,2644,2755,0,2744,2880,3014,
Nanded,2017,Biloli,Urban,380,380,530,326,357,825,423,388,
Nanded,2017,Biloli,Total,3140,3140,3174,3081,357,3569,3303,3402,
Nanded,2017,Naygaon,Rural,3115,3113,3152,2903,0,3371,3674,3300,
Nanded,2017,Naygaon,Urban,359,359,572,396,286,171,151,296,
Nanded,2017,Naygaon,Total,3474,3472,3724,3299,286,3542,3825,3596,
Nanded,2017,Loha,Rural,4122,4115,4685,4039,0,4342,3808,4361,
Nanded,2017,Loha,Urban,529,529,652,457,350,372,249,496,
Nanded,2017,Loha,Total,4651,4644,5337,4496,350,4714,4057,4857,
Nanded,2017,Kandhar,Rural,4196,4206,4486,3847,0,3858,3947,4121,
Nanded,2017,Kandhar,Urban,544,544,564,483,476,506,286,545,
Nanded,2017,Kandhar,Total,4740,4750,5050,4330,476,4364,4233,4666,
Nanded,2017,Mukhed,Rural,4866,4877,5101,5010,0,5648,5604,5411,
Nanded,2017,Mukhed,Urban,750,752,1751,587,548,599,593,658,
Nanded,2017,Mukhed,Total,5616,5629,6852,5597,548,6247,6197,6069,
Nanded,2017,Deglur,Rural,3314,3308,3680,3128,0,2416,2438,3539,
Nanded,2017,Deglur,Urban,1071,1071,1437,1273,1227,207,191,1593,
Nanded,2017,Deglur,Total,4385,4379,5117,4401,1227,2623,2629,5132,
Nanded,2018,Mahur,Rural,46944,46735,49460,45284,0,46775,45358,49497,
Nanded,2018,Mahur,Urban,8217,8271,13008,7819,7417,7181,6101,8271,
Nanded,2018,Mahur,Total,55161,55006,62468,53103,7417,53956,51459,57768,
Nanded,2018,Kinvat,Rural,4217,4217,4345,3784,3813,4375,4158,4496,0
Nanded,2018,Kinvat,Urban,213,213,793,118,1164,393,410,205,0
Nanded,2018,Kinvat,Total,4430,4430,5138,3902,4977,4768,4568,4701,0
Nanded,2018,Himalay Nagar,Rural,1754,1754,1785,1602,1710,1807,1760,1929,0
Nanded,2018,Himalay Nagar,Urban,326,326,433,324,346,258,272,335,0
Nanded,2018,Himalay Nagar,Total,2080,2080,2218,1926,2056,2065,2032,2264,0
Nanded,2018,Hadgaon,Rural,4332,4332,4240,4713,5426,4914,5022,4236,0
Nanded,2018,Hadgaon,Urban,656,656,1229,612,450,750,698,575,0
Nanded,2018,Hadgaon,Total,4988,4988,5469,5325,5876,5664,5720,4811,0
Nanded,2018,Andhrapur,Rural,2005,2005,1954,1889,1725,1971,1960,2064,0
Nanded,2018,Andhrapur,Urban,0,0,0,0,0,0,0,0,0
Nanded,2018,Andhrapur,Total,2005,2005,1954,1889,1725,1971,1960,2064,0
Nanded,2018,Nanded,Rural,3257,3257,3102,3199,3504,3538,3237,3664,0
Nanded,2018,Nanded,Urban,7984,7984,5887,8840,674,5757,5540,8698,0
Nanded,2018,Nanded,Total,11241,11241,8989,12039,4178,9295,8777,12362,0
Nanded,2018,Mudkhed,Rural,1615,1615,1511,1404,1624,1600,1685,1673,0
Nanded,2018,Mudkhed,Urban,626,626,636,952,647,843,909,531,0
Nanded,2018,Mudkhed,Total,2241,2241,2147,2356,2271,2443,2594,2204,0
Nanded,2018,Bhokar,Rural,2007,2007,2143,1794,1927,2282,2260,1913,0
Nanded,2018,Bhokar,Urban,347,347,380,245,175,550,584,488,0
Nanded,2018,Bhokar,Total,2354,2354,2523,2039,2102,2832,2844,2401,0
Nanded,2018,Umari,Rural,1792,1792,1726,1698,1429,1194,1076,1776,0
Nanded,2018,Umari,Urban,475,475,644,324,467,470,455,505,0
Nanded,2018,Umari,Total,2267,2267,2370,2022,1896,1664,1531,2281,0
Nanded,2018,Dharmabad,Rural,1063,1063,1184,1119,1028,1064,1136,1247,0
Nanded,2018,Dharmabad,Urban,315,315,451,667,404,464,564,703,0
Nanded,2018,Dharmabad,Total,1378,1378,1635,1786,1432,1528,1700,1950,0
Nanded,2018,Biloli,Rural,2629,2629,2658,2381,2740,2840,2543,2783,0
Nanded,2018,Biloli,Urban,409,409,609,334,300,266,203,524,0
Nanded,2018,Biloli,Total,3038,3038,3267,2715,3040,3106,2746,3307,0
Nanded,2018,Naygaon,Rural,2950,2950,2653,3028,3018,2717,1907,2991,0
Nanded,2018,Naygaon,Urban,413,413,880,363,374,431,458,300,0
Nanded,2018,Naygaon,Total,3363,3363,3533,3391,3392,3148,2365,3291,0
Nanded,2018,Loha,Rural,4000,4000,3968,3694,4542,4232,3608,4532,0
Nanded,2018,Loha,Urban,542,542,513,444,509,453,367,391,0
Nanded,2018,Loha,Total,4542,4542,4481,4138,5051,4685,3975,4923,0
Nanded,2018,Kandhar,Rural,3976,3976,3698,3475,3453,3589,3495,4420,0
Nanded,2018,Kandhar,Urban,517,517,640,405,421,339,324,413,0
Nanded,2018,Kandhar,Total,4493,4493,4338,3880,3874,3928,3819,4833,0
Nanded,2018,Mukhed,Rural,5014,5014,4758,6361,5216,7159,6738,6144,0
Nanded,2018,Mukhed,Urban,402,402,640,649,549,792,715,847,0
Nanded,2018,Mukhed,Total,5416,5416,5398,7010,5765,7951,7453,6991,0
Nanded,2018,Deglur,Rural,3223,3223,3444,3686,3281,1758,1790,3333,0
Nanded,2018,Deglur,Urban,913,913,713,917,972,393,333,1333,0
Nanded,2018,Deglur,Total,4136,4136,4157,4603,4253,2151,2123,4666,0
Nanded,2019,Mahur,Rural,2011,998,1880,1692,1814,1589,1306,2103,2015
Nanded,2019,Mahur,Urban,20,452,210,24,18,59,59,170,20
Nanded,2019,Mahur,Total,2031,2015,2090,1716,1832,1648,1365,2273,2035
Nanded,2019,Kinvat,Rural,4223,2527,4510,3824,3852,4544,4349,4562,4269
Nanded,2019,Kinvat,Urban,215,946,801,119,1166,397,414,207,215
Nanded,2019,Kinvat,Total,4438,4430,5311,3943,5018,4941,4763,4769,4484
Nanded,2019,Himalay Nagar,Rural,1781,1733,1682,1668,1759,1760,1422,1854,1781
Nanded,2019,Himalay Nagar,Urban,420,304,431,296,292,541,339,374,304
Nanded,2019,Himalay Nagar,Total,2201,2037,2113,1964,2051,2301,1761,2228,2085
Nanded,2019,Hadgaon,Rural,3565,1914,3731,3446,3504,3772,3090,5369,3555
Nanded,2019,Hadgaon,Urban,600,1259,650,493,493,185,220,554,600
Nanded,2019,Hadgaon,Total,4165,4988,4381,3939,3997,3957,3310,5923,4155
Nanded,2019,Andhrapur,Rural,1958,1661,1967,1863,1839,2067,2111,1996,1961
Nanded,2019,Andhrapur,Urban,0,0,0,0,0,0,0,0,0
Nanded,2019,Andhrapur,Total,1958,1661,1967,1863,1839,2067,2111,1996,1961
Nanded,2019,Nanded,Rural,3230,2653,3143,3231,3539,3573,3269,3650,3269
Nanded,2019,Nanded,Urban,8079,17855,5936,8928,6788,5815,5595,8785,8064
Nanded,2019,Nanded,Total,11309,20508,9079,12159,10327,9388,8864,12435,11333
Nanded,2019,Mudkhed,Rural,1631,1314,1587,1418,1640,1616,1672,1690,1631
Nanded,2019,Mudkhed,Urban,632,478,642,487,653,851,918,536,632
Nanded,2019,Mudkhed,Total,2263,1792,2229,1905,2293,2467,2590,2226,2263
Nanded,2019,Bhokar,Rural,1925,1728,2018,1913,1993,1979,1846,1814,1925
Nanded,2019,Bhokar,Urban,623,627,670,708,662,755,724,842,623
Nanded,2019,Bhokar,Total,2548,2355,2688,2621,2655,2734,2570,2656,2548
Nanded,2019,Umari,Rural,1812,1592,1743,1715,1443,1206,1087,1794,1810
Nanded,2019,Umari,Urban,480,616,650,327,472,475,460,510,480
Nanded,2019,Umari,Total,2292,2208,2393,2042,1915,1681,1547,2304,2290
Nanded,2019,Dharmabad,Rural,1203,1203,1073,1131,1074,1147,1148,1287,1268
Nanded,2019,Dharmabad,Urban,326,406,501,667,444,504,627,778,326
Nanded,2019,Dharmabad,Total,1529,1609,1574,1798,1518,1651,1775,2065,1594
Nanded,2019,Biloli,Rural,2634,2247,2685,2639,2578,2879,2456,2865,2634
Nanded,2019,Biloli,Urban,377,348,403,378,369,1681,1627,499,377
Nanded,2019,Biloli,Total,3011,2595,3088,3017,2947,4560,4083,3364,3011
Nanded,2019,Naygaon,Rural,2980,1624,2680,3048,2744,1820,1926,3021,2980
Nanded,2019,Naygaon,Urban,417,999,889,367,378,435,463,303,417
Nanded,2019,Naygaon,Total,3397,2623,3569,3415,3122,2255,2389,3324,3397
Nanded,2019,Loha,Rural,4046,3381,4008,3731,4587,4274,3644,4577,4040
Nanded,2019,Loha,Urban,547,599,518,448,514,458,371,395,547
Nanded,2019,Loha,Total,4593,3980,4526,4179,5101,4732,4015,4972,4587
Nanded,2019,Kandhar,Rural,3982,3909,4274,4015,3694,3701,3402,4277,3982
Nanded,2019,Kandhar,Urban,517,541,640,405,421,339,324,413,517
Nanded,2019,Kandhar,Total,4499,4450,4914,4420,4115,4040,3726,4690,4499
Nanded,2019,Mukhed,Rural,5076,2479,4806,6425,5300,7231,6805,6205,5064
Nanded,2019,Mukhed,Urban,406,1365,565,655,547,800,722,677,406
Nanded,2019,Mukhed,Total,5482,3844,5371,7080,5847,8031,7527,6882,5470
Nanded,2019,Deglur,Rural,3950,3276,3754,3844,3805,3325,3325,4726,3944
Nanded,2019,Deglur,Urban,739,1268,546,658,650,555,504,1077,739
Nanded,2019,Deglur,Total,4689,4544,4300,4502,4455,3880,3829,5803,4683
Nanded,2020,Mahur,Rural,1830,854,1671,1761,1805,1260,1319,1859,1829
Nanded,2020,Mahur,Urban,25,469,136,28,19,0,0,240,25
Nanded,2020,Mahur,Total,1855,1323,1807,1789,1824,1260,1319,2099,1854
Nanded,2020,Kinvat,Rural,3941,3645,3815,3772,3824,4145,4117,4052,3941
Nanded,2020,Kinvat,Urban,205,814,758,241,249,271,268,189,205
Nanded,2020,Kinvat,Total,4146,4459,4573,4013,4073,4416,4385,4241,4146
Nanded,2020,Himalay Nagar,Rural,1818,1503,1802,1722,1760,1834,1842,1775,1818
Nanded,2020,Himalay Nagar,Urban,380,444,395,308,315,162,174,295,380
Nanded,2020,Himalay Nagar,Total,2198,1947,2197,2030,2075,1996,2016,2070,2198
Nanded,2020,Hadgaon,Rural,3829,1794,3608,3641,3537,2745,2783,4047,3825
Nanded,2020,Hadgaon,Urban,708,999,1005,737,721,164,171,631,708
Nanded,2020,Hadgaon,Total,4537,2793,4613,4378,4258,2909,2954,4678,4533
Nanded,2020,Andhrapur,Rural,1749,1193,1549,1630,1708,1223,1187,1801,1749
Nanded,2020,Andhrapur,Urban,0,0,0,0,0,0,0,0,0
Nanded,2020,Andhrapur,Total,1749,1193,1549,1630,1708,1223,1187,1801,1749
Nanded,2020,Nanded,Rural,3360,13636,3789,3477,3664,2582,2567,3967,3359
Nanded,2020,Nanded,Urban,8413,4491,8254,7825,7739,6276,6092,10375,8416
Nanded,2020,Nanded,Total,11773,18127,12043,11302,11403,8858,8659,14342,11775
Nanded,2020,Mudkhed,Rural,1579,1492,1500,1558,1512,1718,1656,1626,1579
Nanded,2020,Mudkhed,Urban,409,296,332,370,346,348,410,533,409
Nanded,2020,Mudkhed,Total,1988,1788,1832,1928,1858,2066,2066,2159,1988
Nanded,2020,Bhokar,Rural,1989,1628,1833,1954,1988,1660,1683,1817,1995
Nanded,2020,Bhokar,Urban,560,378,379,472,467,178,182,690,560
Nanded,2020,Bhokar,Total,2549,2006,2212,2426,2455,1838,1865,2507,2555
Nanded,2020,Umari,Rural,1648,1520,1651,1615,1674,1932,1809,1748,1654
Nanded,2020,Umari,Urban,390,465,373,373,379,260,303,443,405
Nanded,2020,Umari,Total,2038,1985,2024,1988,2053,2192,2112,2191,2059
Nanded,2020,Dharmabad,Rural,1132,997,1001,1100,1091,1004,1164,1119,1132
Nanded,2020,Dharmabad,Urban,390,219,298,408,391,372,328,694,390
Nanded,2020,Dharmabad,Total,1522,1216,1299,1508,1482,1376,1492,1813,1522
Nanded,2020,Biloli,Rural,2639,2265,2670,2565,2507,1945,1949,2779,2639
Nanded,2020,Biloli,Urban,360,340,383,351,349,0,0,671,360
Nanded,2020,Biloli,Total,2999,2605,3053,2916,2856,1945,1949,3450,2999
Nanded,2020,Naygaon,Rural,3173,975,3068,560,3034,2669,2388,3221,3183
Nanded,2020,Naygaon,Urban,497,3006,469,3099,465,235,243,461,497
Nanded,2020,Naygaon,Total,3670,3981,3537,3659,3499,2904,2631,3682,3680
Nanded,2020,Loha,Rural,4085,3271,4021,3995,3819,3795,3718,4293,4087
Nanded,2020,Loha,Urban,508,571,380,428,448,178,218,520,508
Nanded,2020,Loha,Total,4593,3842,4401,4423,4267,3973,3936,4813,4595
Nanded,2020,Kandhar,Rural,3991,1869,4117,3827,3726,3007,3065,4447,3986
Nanded,2020,Kandhar,Urban,399,265,342,419,463,141,391,519,399
Nanded,2020,Kandhar,Total,4390,2134,4459,4246,4189,3148,3456,4966,4385
Nanded,2020,Mukhed,Rural,5019,4906,4782,4876,4833,5241,5287,5190,5037
Nanded,2020,Mukhed,Urban,619,1268,877,628,486,419,470,672,619
Nanded,2020,Mukhed,Total,5638,6174,5659,5504,5319,5660,5757,5862,5656
Nanded,2020,Deglur,Rural,3213,3384,3446,3098,3148,2991,3036,3487,3219
Nanded,2020,Deglur,Urban,861,867,767,774,793,724,802,11,861
Nanded,2020,Deglur,Total,4074,4251,4213,3872,3941,3715,3838,3498,4080
Nanded,2021,Mahur,Rural,1703,863,1681,1700,1687,1298,1382,1923,1703
Nanded,2021,Mahur,Urban,133,465,320,102,107,0,0,193,133
Nanded,2021,Mahur,Total,1836,1328,2001,1802,1794,1298,1382,2116,1836
Nanded,2021,Kinvat,Rural,3627,3090,3524,3503,3486,4457,4674,4101,3580
Nanded,2021,Kinvat,Urban,249,1071,982,244,255,449,518,112,249
Nanded,2021,Kinvat,Total,3876,4161,4506,3747,3741,4906,5192,4213,3829
Nanded,2021,Himalay Nagar,Rural,1802,1469,1816,1651,1825,1468,1481,1904,1809
Nanded,2021,Himalay Nagar,Urban,267,417,475,267,301,177,196,405,267
Nanded,2021,Himalay Nagar,Total,2069,1886,2291,1918,2126,1645,1677,2309,2076
Nanded,2021,Hadgaon,Rural,3439,1892,3572,3385,3417,5178,5690,4481,3442
Nanded,2021,Hadgaon,Urban,658,1060,752,559,731,186,201,634,658
Nanded,2021,Hadgaon,Total,4097,2952,4324,3944,4148,5364,5891,5115,4100
Nanded,2021,Andhrapur,Rural,1804,1382,1705,1706,1736,1739,1837,1867,1801
Nanded,2021,Andhrapur,Urban,0,0,0,0,0,0,0,0,0
Nanded,2021,Andhrapur,Total,1804,1382,1705,1706,1736,1739,1837,1867,1801
Nanded,2021,Nanded,Rural,2993,2491,3004,3182,3273,3119,3063,3547,3034
Nanded,2021,Nanded,Urban,690,1440,1038,578,558,130,127,310,690
Nanded,2021,Nanded,Total,3683,3931,4042,3760,3831,3249,3190,3857,3724
Nanded,2021,Mudkhed,Rural,1623,1487,1591,1654,1625,1732,1748,1721,1623
Nanded,2021,Mudkhed,Urban,492,326,583,396,351,230,255,713,492
Nanded,2021,Mudkhed,Total,2115,1813,2174,2050,1976,1962,2003,2434,2115
Nanded,2021,Bhokar,Rural,1925,1785,1904,1867,1894,1710,1623,1894,1928
Nanded,2021,Bhokar,Urban,774,455,442,644,656,430,394,745,774
Nanded,2021,Bhokar,Total,2699,2240,2346,2511,2550,2140,2017,2639,2702
Nanded,2021,Umari,Rural,1615,1464,1579,1560,1568,1986,1854,1733,1616
Nanded,2021,Umari,Urban,440,406,456,407,407,317,413,425,440
Nanded,2021,Umari,Total,2055,1870,2035,1967,1975,2303,2267,2158,2056
Nanded,2021,Dharmabad,Rural,1220,1146,1190,1177,1134,1161,1266,1265,1220
Nanded,2021,Dharmabad,Urban,782,223,686,714,716,418,489,996,782
Nanded,2021,Dharmabad,Total,2002,1369,1876,1891,1850,1579,1755,2261,2002
Nanded,2021,Biloli,Rural,2589,2298,2616,2635,2570,2659,2658,3015,2589
Nanded,2021,Biloli,Urban,374,311,524,383,384,463,414,777,374
Nanded,2021,Biloli,Total,2963,2609,3140,3018,2954,3122,3072,3792,2963
Nanded,2021,Naygaon,Rural,3452,3248,3197,3294,3262,3695,3485,3653,3467
Nanded,2021,Naygaon,Urban,454,795,669,521,742,377,336,477,454
Nanded,2021,Naygaon,Total,3906,4043,3866,3815,4004,4072,3821,4130,3921
Nanded,2021,Loha,Rural,4344,3782,3904,4091,3999,4202,3884,4365,4167
Nanded,2021,Loha,Urban,502,578,614,506,509,408,403,484,502
Nanded,2021,Loha,Total,4846,4360,4518,4597,4508,4610,4287,4849,4669
Nanded,2021,Kandhar,Rural,3831,2361,3972,3826,3680,4219,4309,4367,3835
Nanded,2021,Kandhar,Urban,529,364,673,518,533,342,339,495,529
Nanded,2021,Kandhar,Total,4360,2725,4645,4344,4213,4561,4648,4862,4364
Nanded,2021,Mukhed,Rural,4997,3643,4923,4838,4917,6143,6136,5390,5014
Nanded,2021,Mukhed,Urban,591,1411,908,546,551,918,850,658,591
Nanded,2021,Mukhed,Total,5588,5054,5831,5384,5468,7061,6986,6048,5605
Nanded,2021,Deglur,Rural,3203,2890,3056,3385,3365,3492,3849,3524,3207
Nanded,2021,Deglur,Urban,545,1060,660,449,638,144,144,201,545
Nanded,2021,Deglur,Total,3748,3950,3716,3834,4003,3636,3993,3725,3752
Nandurbar,2012,Akkalkuva,Rural,4893,4893,4877,4937,4804,4670,3909,5575,
Nandurbar,2012,Akkalkuva,Urban,,,,,,,,,
Nandurbar,2012,Akkalkuva,Total,4893,4893,4877,4937,4804,4670,3909,5575,
Nandurbar,2012,Akrani,Rural,3972,3972,3832,4240,4164,4013,3903,4483,
Nandurbar,2012,Akrani,Urban,,,,,,,,,
Nandurbar,2012,Akrani,Total,3972,3972,3832,4240,4164,4013,3903,4483,
Nandurbar,2012,Taloda,Rural,6892,6892,7555,6472,6472,4977,4765,7766,
Nandurbar,2012,Taloda,Urban,,,,,,,,,
Nandurbar,2012,Taloda,Total,7521,7521,8191,7109,7002,5509,10292,8300,
Nandurbar,2012,Shahada,Rural,5031,5031,5291,4925,4925,3688,3528,5921,
Nandurbar,2012,Shahada,Urban,,,,,,,,,
Nandurbar,2012,Shahada,Total,6823,6823,7306,6296,4925,3688,3528,7814,
Nandurbar,2012,Nandurbar,Rural,2597,2597,2698,2549,2549,1465,1559,3737,
Nandurbar,2012,Nandurbar,Urban,,,,,,,,,
Nandurbar,2012,Nandurbar,Total,4069,4069,6561,3774,3404,2246,2099,4693,
Nandurbar,2012,Navapur,Rural,5155,5155,5236,4344,4344,3860,4588,5986,
Nandurbar,2012,Navapur,Urban,,,,,,,,,
Nandurbar,2012,Navapur,Total,5670,5670,6026,4667,4667,4163,4814,6361,
Nandurbar,2013,Akkalkuva,Rural,5145,5640,5596,5170,4325,5380,5132,5085,
Nandurbar,2013,Akkalkuva,Urban,,,,,,,,,
Nandurbar,2013,Akkalkuva,Total,5145,5640,5596,5170,4325,5380,5132,5085,
Nandurbar,2013,Akrani,Rural,5328,5439,4837,4889,2875,4340,4176,5285,
Nandurbar,2013,Akrani,Urban,,,,,,,,,
Nandurbar,2013,Akrani,Total,5328,5439,4837,4889,2875,4340,4176,5285,
Nandurbar,2013,Taloda,Rural,2501,2501,2433,2361,2347,1748,1559,2947,
Nandurbar,2013,Taloda,Urban,,,,,,,,,
Nandurbar,2013,Taloda,Total,4260,3046,2811,2628,2919,2366,2163,3259,
Nandurbar,2013,Shahada,Rural,6236,6236,6374,6034,4880,5152,6305,6522,
Nandurbar,2013,Shahada,Urban,,,,,,,,,
Nandurbar,2013,Shahada,Total,8934,7171,7924,6394,4880,5232,6371,7143,
Nandurbar,2013,Nandurbar,Rural,6466,6466,4689,4448,4616,4933,4898,4698,
Nandurbar,2013,Nandurbar,Urban,,,,,,,,,
Nandurbar,2013,Nandurbar,Total,10912,8443,8744,5180,5738,6634,5631,5656,
Nandurbar,2013,Navapur,Rural,3941,3941,3939,3605,4485,5086,4782,4952,
Nandurbar,2013,Navapur,Urban,,,,,,,,,
Nandurbar,2013,Navapur,Total,5570,5707,5265,3858,4881,5447,5174,5300,
Nandurbar,2014,Akkalkuva,Rural,6362,7072,4722,6242,4194,5193,5033,6112,
Nandurbar,2014,Akkalkuva,Urban,,,,,,,,,
Nandurbar,2014,Akkalkuva,Total,6362,7072,4722,6242,4194,5193,5033,6112,
Nandurbar,2014,Akrani,Rural,6243,6440,5170,5342,4558,5102,4710,6198,
Nandurbar,2014,Akrani,Urban,,,,,,,,,
Nandurbar,2014,Akrani,Total,6243,6440,5170,5342,4558,5102,4710,6198,
Nandurbar,2014,Taloda,Rural,3397,3376,3164,3626,2374,2611,2307,2999,
Nandurbar,2014,Taloda,Urban,,,,,,,,,
Nandurbar,2014,Taloda,Total,5622,3807,3798,4712,2915,3105,2859,3428,
Nandurbar,2014,Shahada,Rural,7211,7128,7122,6880,5082,6288,6033,7004,
Nandurbar,2014,Shahada,Urban,,,,,,,,,
Nandurbar,2014,Shahada,Total,10594,8692,8582,8108,5082,6288,6033,7004,
Nandurbar,2014,Nandurbar,Rural,5679,5692,7226,5726,4986,5743,5073,5326,
Nandurbar,2014,Nandurbar,Urban,,,,,,,,,
Nandurbar,2014,Nandurbar,Total,10940,9690,11272,7796,5832,6802,5696,6526,
Nandurbar,2014,Navapur,Rural,4157,4134,3079,4237,4551,4522,4270,3482,
Nandurbar,2014,Navapur,Urban,,,,,,,,,
Nandurbar,2014,Navapur,Total,6420,6107,4585,5036,4851,5380,4487,3918,
Nandurbar,2015,Akkalkuva,Rural,21407,26545,5797,11320,492,5659,5363,10142,
Nandurbar,2015,Akkalkuva,Urban,,,,,,,,,
Nandurbar,2015,Akkalkuva,Total,21407,26545,5797,11320,492,5659,5363,10142,
Nandurbar,2015,Akrani,Rural,21935,28100,5932,10623,4678,4752,4469,8885,
Nandurbar,2015,Akrani,Urban,,,,,,,,,
Nandurbar,2015,Akrani,Total,21935,28100,5932,10623,4678,4752,4469,8885,
Nandurbar,2015,Taloda,Rural,11099,13909,3031,5555,2084,2234,2063,4958,
Nandurbar,2015,Taloda,Urban,,,,,,,,,
Nandurbar,2015,Taloda,Total,12145,15836,3695,6640,2590,2910,2488,5492,
Nandurbar,2015,Shahada,Rural,25005,33773,7480,12843,5399,6735,7214,12171,
Nandurbar,2015,Shahada,Urban,,,,,,,,,
Nandurbar,2015,Shahada,Total,27753,37721,8916,14801,5476,6735,7214,13292,
Nandurbar,2015,Nandurbar,Rural,21412,32274,9489,10593,4007,4617,3753,9553,
Nandurbar,2015,Nandurbar,Urban,,,,,,,,,
Nandurbar,2015,Nandurbar,Total,25124,41061,14002,13262,5347,5682,4302,11286,
Nandurbar,2015,Navapur,Rural,14772,19330,3348,7587,4035,4749,4326,6688,
Nandurbar,2015,Navapur,Urban,,,,,,,,,
Nandurbar,2015,Navapur,Total,16874,24106,5550,8936,4427,5058,4470,7395,
Nandurbar,2016,Akkalkuva,Rural,5950,7866,5433,6231,4705,5617,5091,5891,
Nandurbar,2016,Akkalkuva,Urban,,,,,,,,,
Nandurbar,2016,Akkalkuva,Total,5950,7866,5433,6231,4705,5617,5091,5891,
Nandurbar,2016,Akrani,Rural,5734,6210,5097,5557,4813,5420,4807,5423,
Nandurbar,2016,Akrani,Urban,,,,,,,,,
Nandurbar,2016,Akrani,Total,5734,6210,5097,5557,4813,5420,4807,5423,
Nandurbar,2016,Taloda,Rural,2395,1847,1828,2397,2028,2390,1759,2581,
Nandurbar,2016,Taloda,Urban,,,,,,,,,
Nandurbar,2016,Taloda,Total,2863,2318,2562,2945,2442,2956,2128,2911,
Nandurbar,2016,Shahada,Rural,6343,6219,5076,6231,4562,5860,5660,6371,
Nandurbar,2016,Shahada,Urban,,,,,,,,,
Nandurbar,2016,Shahada,Total,7302,7171,6500,7379,4665,5870,5665,7054,
Nandurbar,2016,Nandurbar,Rural,4383,4298,2535,4772,3037,3532,2814,4070,
Nandurbar,2016,Nandurbar,Urban,,,,,,,,,
Nandurbar,2016,Nandurbar,Total,6248,9167,7513,5925,4252,4867,3396,4905,
Nandurbar,2016,Navapur,Rural,6769,3769,1509,3709,3485,4629,4117,3815,
Nandurbar,2016,Navapur,Urban,,,,,,,,,
Nandurbar,2016,Navapur,Total,8372,5877,4087,4522,3952,5054,4448,3952,
Nandurbar,2017,Akkalkuva,Rural,6148,5976,8676,5630,91,6139,5635,6619,
Nandurbar,2017,Akkalkuva,Urban,,,,,,,,,
Nandurbar,2017,Akkalkuva,Total,6148,5976,8676,5630,91,6139,5635,6619,
Nandurbar,2017,Akrani,Rural,6067,5927,7260,5196,218,5100,4722,6827,
Nandurbar,2017,Akrani,Urban,,,,,,,,,
Nandurbar,2017,Akrani,Total,6067,5927,7260,5196,218,5100,4722,6827,
Nandurbar,2017,Taloda,Rural,3288,3310,3169,2876,658,3652,2898,3540,
Nandurbar,2017,Taloda,Urban,,,,,,,,,
Nandurbar,2017,Taloda,Total,3884,3906,3981,3442,1316,4300,3255,3939,
Nandurbar,2017,Shahada,Rural,7814,7795,8595,6948,1057,6000,5746,7800,
Nandurbar,2017,Shahada,Urban,,,,,,,,,
Nandurbar,2017,Shahada,Total,10142,10123,10907,9122,2440,6380,5975,9948,
Nandurbar,2017,Nandurbar,Rural,7033,6941,10211,6756,564,4208,848,7105,
Nandurbar,2017,Nandurbar,Urban,,,,,,,,,
Nandurbar,2017,Nandurbar,Total,11378,12456,11435,9249,1127,4571,1091,8520,
Nandurbar,2017,Navapur,Rural,4379,4060,3994,4301,209,4423,4513,4173,
Nandurbar,2017,Navapur,Urban,,,,,,,,,
Nandurbar,2017,Navapur,Total,8372,4716,6100,4927,418,4631,4719,4647,
Nandurbar,2018,Akkalkuva,Rural,16802,2098,4803,4711,0,4461,4091,6476,16802
Nandurbar,2018,Akkalkuva,Urban,359,1483,1550,92,0,192,207,718,359
Nandurbar,2018,Akkalkuva,Total,17161,3581,6353,4803,0,4653,4298,7194,17161
Nandurbar,2018,Akrani,Rural,18731,2564,4667,4393,0,4678,4546,5493,18731
Nandurbar,2018,Akrani,Urban,174,1105,1106,32,0,99,63,110,174
Nandurbar,2018,Akrani,Total,18905,3669,5773,4425,0,4777,4609,5603,18905
Nandurbar,2018,Taloda,Rural,8300,1546,2638,2628,0,2488,2262,3417,8300
Nandurbar,2018,Taloda,Urban,1675,739,729,610,0,460,388,287,1675
Nandurbar,2018,Taloda,Total,9975,2285,3367,3238,0,2948,2650,3704,9975
Nandurbar,2018,Shahada,Rural,22950,3894,7443,5692,0,6692,4667,8591,22950
Nandurbar,2018,Shahada,Urban,3451,693,1274,802,0,320,309,1060,3451
Nandurbar,2018,Shahada,Total,26401,4587,8717,6494,0,7012,4976,9651,26401
Nandurbar,2018,Nandurbar,Rural,15807,2239,4277,4654,0,4219,3586,6936,15807
Nandurbar,2018,Nandurbar,Urban,956,5245,5968,2016,0,697,1089,947,956
Nandurbar,2018,Nandurbar,Total,16763,7484,10245,6670,0,4916,4675,7883,16763
Nandurbar,2018,Navapur,Rural,10534,852,1099,3257,0,3478,3820,4624,10534
Nandurbar,2018,Navapur,Urban,1289,2751,1288,672,0,211,234,662,1289
Nandurbar,2018,Navapur,Total,11823,3603,2387,3929,0,3689,4054,5286,11823
Nandurbar,2019,Akkalkuva,Rural,0,2093,3887,5411,0,4978,4439,6708,5171
Nandurbar,2019,Akkalkuva,Urban,0,2009,2161,153,0,309,321,17,139
Nandurbar,2019,Akkalkuva,Total,0,4102,6048,5564,0,5287,4760,6725,5310
Nandurbar,2019,Akrani,Rural,0,3190,3822,5765,0,5048,5202,7326,5724
Nandurbar,2019,Akrani,Urban,0,1281,1281,34,0,143,171,2,69
Nandurbar,2019,Akrani,Total,0,4471,5103,5799,0,5191,5373,7328,5793
Nandurbar,2019,Taloda,Rural,0,1382,2966,3074,0,3038,2809,3212,2544
Nandurbar,2019,Taloda,Urban,0,1201,1455,1095,0,764,793,557,1196
Nandurbar,2019,Taloda,Total,0,2583,4421,4169,0,3802,3602,3769,3740
Nandurbar,2019,Shahada,Rural,0,4211,6366,6682,0,4428,4290,7882,6584
Nandurbar,2019,Shahada,Urban,0,715,521,7,0,273,273,9,2
Nandurbar,2019,Shahada,Total,0,4926,6887,6689,0,4701,4563,7891,6586
Nandurbar,2019,Nandurbar,Rural,0,2649,3355,5309,0,3938,3484,6948,5515
Nandurbar,2019,Nandurbar,Urban,0,7687,6830,666,0,864,959,970,734
Nandurbar,2019,Nandurbar,Total,0,10336,10185,5975,0,4802,4443,7918,6249
Nandurbar,2019,Navapur,Rural,0,598,601,3716,0,3634,3511,4049,3924
Nandurbar,2019,Navapur,Urban,0,2150,2152,702,0,534,647,539,712
Nandurbar,2019,Navapur,Total,0,2748,2753,4418,0,4168,4158,4588,4636
Nandurbar,2020,Akkalkuva,Rural,5012,2200,4014,5677,0,3903,3359,6622,6049
Nandurbar,2020,Akkalkuva,Urban,137,1685,1657,117,0,203,183,536,109
Nandurbar,2020,Akkalkuva,Total,5149,3885,5671,5794,0,4106,3542,7158,6158
Nandurbar,2020,Akrani,Rural,5506,4342,4569,6670,0,3142,3636,7450,6703
Nandurbar,2020,Akrani,Urban,21,1200,1008,43,0,61,11,465,49
Nandurbar,2020,Akrani,Total,5527,5542,5577,6713,0,3203,3647,7915,6752
Nandurbar,2020,Taloda,Rural,2399,1481,2231,2811,0,1817,1767,3183,4498
Nandurbar,2020,Taloda,Urban,1028,1382,1355,983,0,834,859,653,989
Nandurbar,2020,Taloda,Total,3427,2863,3586,3794,0,2651,2626,3836,5487
Nandurbar,2020,Shahada,Rural,6793,4798,6932,7536,0,3752,3645,8890,7107
Nandurbar,2020,Shahada,Urban,0,666,439,1,0,162,172,260,0
Nandurbar,2020,Shahada,Total,6793,5464,7371,7537,0,3914,3817,9150,7107
Nandurbar,2020,Nandurbar,Rural,5105,3101,4799,5733,0,1926,1833,6977,4097
Nandurbar,2020,Nandurbar,Urban,404,6677,4943,489,0,560,646,503,459
Nandurbar,2020,Nandurbar,Total,5509,9778,9742,6222,0,2486,2479,7480,4556
Nandurbar,2020,Navapur,Rural,3514,444,530,3690,0,2601,2493,3808,5427
Nandurbar,2020,Navapur,Urban,413,2078,2171,545,0,303,338,430,576
Nandurbar,2020,Navapur,Total,3927,2522,2701,4235,0,2904,2831,4238,6003
Nandurbar,2021,Akkalkuva,Rural,0,5653,4377,5462,4436,4236,3523,6584,5653
Nandurbar,2021,Akkalkuva,Urban,0,151,1741,156,80,168,175,0,151
Nandurbar,2021,Akkalkuva,Total,0,5804,6118,5618,4516,4404,3698,6584,5804
Nandurbar,2021,Akrani,Rural,0,6288,4916,6051,3285,3290,3374,7285,6288
Nandurbar,2021,Akrani,Urban,0,46,1262,32,1,35,49,0,46
Nandurbar,2021,Akrani,Total,0,6334,6178,6083,3286,3325,3423,7285,6334
Nandurbar,2021,Taloda,Rural,0,3307,1930,2871,1900,2026,1980,3276,3307
Nandurbar,2021,Taloda,Urban,0,801,1095,737,674,428,417,627,801
Nandurbar,2021,Taloda,Total,0,4108,3025,3608,2574,2454,2397,3903,4108
Nandurbar,2021,Shahada,Rural,0,8206,5954,7716,3992,4137,4155,9119,8206
Nandurbar,2021,Shahada,Urban,0,0,487,0,0,181,216,14,0
Nandurbar,2021,Shahada,Total,0,8206,6441,7716,3992,4318,4371,9133,8206
Nandurbar,2021,Nandurbar,Rural,0,5672,3987,5887,3348,2348,1895,7224,5672
Nandurbar,2021,Nandurbar,Urban,0,156,5420,112,57,85,101,0,156
Nandurbar,2021,Nandurbar,Total,0,5828,9407,5999,3405,2433,1996,7224,5828
Nandurbar,2021,Navapur,Rural,0,3542,1505,3470,3486,3224,3151,3713,3542
Nandurbar,2021,Navapur,Urban,0,512,2124,525,179,338,437,512,512
Nandurbar,2021,Navapur,Total,0,4054,3629,3995,3665,3562,3588,4225,4054
Nashik,2012,Surgana,Rural,3839,2055,3788,3904,2415,3364,3067,3807,
Nashik,2012,Surgana,Urban,,,,,,,,,
Nashik,2012,Surgana,Total,3839,2055,3788,3904,2415,3364,3067,3807,
Nashik,2012,Kalwan,Rural,4204,3857,4334,4227,3604,4017,3808,4330,
Nashik,2012,Kalwan,Urban,,,,,,,,,
Nashik,2012,Kalwan,Total,4204,3857,4334,4227,3604,4017,3808,4330,
Nashik,2012,Devala,Rural,2778,1613,2703,2700,2055,2646,3134,2854,
Nashik,2012,Devala,Urban,,,,,,,,,
Nashik,2012,Devala,Total,2778,1613,2703,2700,2055,2646,3134,2854,
Nashik,2012,Baglan,Rural,6223,3637,5349,6209,3552,4367,4767,6312,
Nashik,2012,Baglan,Urban,391,1305,1206,893,29,640,649,411,
Nashik,2012,Baglan,Total,6614,4942,6555,7094,3581,5007,5416,6723,
Nashik,2012,Malegaon,Rural,7137,3316,6123,6738,4498,6275,5724,6988,
Nashik,2012,Malegaon,Urban,7167,7167,12244,8832,4279,6882,6075,10968,
Nashik,2012,Malegaon,Total,14304,10483,18367,15570,8777,13157,11799,17956,
Nashik,2012,Nandgaon,Rural,3350,743,2889,3333,849,2319,1823,3102,
Nashik,2012,Nandgaon,Urban,1487,1082,1497,1614,0,487,485,902,
Nashik,2012,Nandgaon,Total,4837,1825,4386,4947,849,2806,2308,4004,
Nashik,2012,Chandwad,Rural,4005,2306,3800,3884,3827,4064,3808,4109,
Nashik,2012,Chandwad,Urban,,,,,,,,,
Nashik,2012,Chandwad,Total,4005,2306,3800,3884,3827,4064,3808,4109,
Nashik,2012,Dindori,Rural,6411,3805,5879,6888,5562,6498,6557,6502,
Nashik,2012,Dindori,Urban,,,,,,,,,
Nashik,2012,Dindori,Total,6411,3805,5879,6888,5562,6498,6557,6502,
Nashik,2012,Peth,Rural,2683,1217,2556,2658,2075,1761,1607,2706,
Nashik,2012,Peth,Urban,,,,,,,,,
Nashik,2012,Peth,Total,2683,1217,2556,2658,2075,1761,1607,2706,
Nashik,2012,Trimbak,Rural,3533,1573,3309,3593,3029,3325,3196,3525,
Nashik,2012,Trimbak,Urban,213,597,208,233,18,223,515,388,
Nashik,2012,Trimbak,Total,3746,2170,3517,3826,3047,3548,3711,3913,
Nashik,2012,Nashik,Rural,4092,1632,3574,4023,2049,3793,2581,3794,
Nashik,2012,Nashik,Urban,23797,23850,28984,23654,15146,19604,21140,25401,
Nashik,2012,Nashik,Total,27889,25482,32558,27677,17195,23397,23721,29195,
Nashik,2012,Igatpuri,Rural,4326,1640,4104,4625,4058,4594,4755,4670,
Nashik,2012,Igatpuri,Urban,871,673,671,853,348,518,595,944,
Nashik,2012,Igatpuri,Total,5197,2313,4775,5478,4406,5112,5350,5614,
Nashik,2012,Sinner,Rural,5539,1565,5109,5417,4218,4862,4414,5645,
Nashik,2012,Sinner,Urban,876,335,802,776,86,615,525,944,
Nashik,2012,Sinner,Total,6415,1900,5911,6193,4304,5477,4939,6589,
Nashik,2012,Nifad,Rural,8254,5804,7990,8229,8058,8485,8693,8413,
Nashik,2012,Nifad,Urban,,,,,,,,,
Nashik,2012,Nifad,Total,8254,5804,7990,8229,8058,8485,8693,8413,
Nashik,2012,Yewala,Rural,3940,1154,3594,3886,2031,2270,1989,3752,
Nashik,2012,Yewala,Urban,889,1108,718,790,0,773,822,513,
Nashik,2012,Yewala,Total,4829,2262,4312,4676,2031,3043,2811,4265,
Nashik,2013,Surgana,Rural,3911,3925,3921,3784,3087,3285,3254,3662,
Nashik,2013,Surgana,Urban,0,0,0,0,0,0,0,0,
Nashik,2013,Surgana,Total,3911,3925,3921,3784,3087,3285,3254,3662,
Nashik,2013,Kalwan,Rural,3878,3878,3984,3859,3227,3803,3831,3537,
Nashik,2013,Kalwan,Urban,0,0,0,0,0,0,0,0,
Nashik,2013,Kalwan,Total,3878,3878,3984,3859,3227,3803,3831,3537,
Nashik,2013,Devala,Rural,2521,2548,2742,2734,2141,2748,2807,3027,
Nashik,2013,Devala,Urban,0,0,0,0,0,0,0,0,
Nashik,2013,Devala,Total,2521,2548,2742,2734,2141,2748,2807,3027,
Nashik,2013,Baglan,Rural,6875,6870,6381,7056,4310,5638,4419,6741,
Nashik,2013,Baglan,Urban,623,623,971,644,0,625,644,152,
Nashik,2013,Baglan,Total,7498,7493,7352,7700,4310,6263,5063,6893,
Nashik,2013,Malegaon,Rural,6718,6684,7549,6593,3406,4793,5011,7401,
Nashik,2013,Malegaon,Urban,8756,8756,12599,13383,3847,4943,4270,9397,
Nashik,2013,Malegaon,Total,15474,15440,20148,19976,7253,9736,9281,16798,
Nashik,2013,Nandgaon,Rural,4893,4874,4600,4894,1080,2657,2444,3601,
Nashik,2013,Nandgaon,Urban,1659,1760,2053,1694,0,562,551,1486,
Nashik,2013,Nandgaon,Total,6552,6634,6653,6588,1080,3219,2995,5087,
Nashik,2013,Chandwad,Rural,3687,3663,4014,3655,2124,2803,3074,3262,
Nashik,2013,Chandwad,Urban,0,0,0,0,0,0,0,0,
Nashik,2013,Chandwad,Total,3687,3663,4014,3655,2124,2803,3074,3262,
Nashik,2013,Dindori,Rural,6316,6276,6048,6238,4905,5858,5005,5692,
Nashik,2013,Dindori,Urban,0,0,0,0,0,0,0,0,
Nashik,2013,Dindori,Total,6316,6276,6048,6238,4905,5858,5005,5692,
Nashik,2013,Peth,Rural,2761,2722,2774,2672,1752,2089,1874,2608,
Nashik,2013,Peth,Urban,0,0,0,0,0,0,0,0,
Nashik,2013,Peth,Total,2761,2722,2774,2672,1752,2089,1874,2608,
Nashik,2013,Trimbak,Rural,4073,4053,4145,4071,3020,3370,2799,4105,
Nashik,2013,Trimbak,Urban,199,199,200,198,204,212,349,207,
Nashik,2013,Trimbak,Total,4272,4252,4345,4269,3224,3582,3148,4312,
Nashik,2013,Nashik,Rural,5682,5676,8894,7976,2822,5344,3512,4541,
Nashik,2013,Nashik,Urban,26050,26047,27283,21261,21118,222744,23578,19273,
Nashik,2013,Nashik,Total,31732,31723,36177,29237,23940,228088,27090,23814,
Nashik,2013,Igatpuri,Rural,5024,5038,5071,5138,3882,4487,4670,4944,
Nashik,2013,Igatpuri,Urban,458,458,453,468,330,294,233,420,
Nashik,2013,Igatpuri,Total,5482,5496,5524,5606,4212,4781,4903,5364,
Nashik,2013,Sinner,Rural,5797,5821,5413,5982,4341,5159,5670,5098,
Nashik,2013,Sinner,Urban,816,816,670,738,184,462,462,521,
Nashik,2013,Sinner,Total,6613,6637,6083,6720,4525,5621,6132,5619,
Nashik,2013,Nifad,Rural,9046,9074,9086,8847,8266,9454,9352,7811,
Nashik,2013,Nifad,Urban,0,0,0,0,0,0,0,0,
Nashik,2013,Nifad,Total,9046,9074,9086,8847,8266,9454,9352,7811,
Nashik,2013,Yewala,Rural,4855,4840,4054,4496,2912,4223,4691,4670,
Nashik,2013,Yewala,Urban,945,949,762,739,2,835,845,1051,
Nashik,2013,Yewala,Total,5800,5789,4816,5235,2914,5058,5536,5721,
Nashik,2014,Surgana,Rural,3843,3784,3784,3722,2930,3228,2847,3884,
Nashik,2014,Surgana,Urban,0,0,0,0,0,0,0,0,
Nashik,2014,Surgana,Total,3843,3784,3784,3722,2930,3228,2847,3884,
Nashik,2014,Kalwan,Rural,3815,3794,363,3652,3540,4252,4593,3439,
Nashik,2014,Kalwan,Urban,0,0,0,0,0,0,0,0,
Nashik,2014,Kalwan,Total,3815,3794,363,3652,3540,4252,4593,3439,
Nashik,2014,Devala,Rural,2853,2854,3052,3722,2409,3037,3247,2740,
Nashik,2014,Devala,Urban,0,0,0,0,0,0,0,0,
Nashik,2014,Devala,Total,2853,2854,3052,3722,2409,3037,3247,2740,
Nashik,2014,Baglan,Rural,7263,7394,6463,7067,7293,7151,6127,6142,
Nashik,2014,Baglan,Urban,671,671,976,724,668,411,494,731,
Nashik,2014,Baglan,Total,7934,8065,7439,7791,7961,7562,6621,6873,
Nashik,2014,Malegaon,Rural,6858,6858,6569,6634,5678,6224,7047,6826,
Nashik,2014,Malegaon,Urban,8379,8455,14954,10368,3317,4205,2941,10644,
Nashik,2014,Malegaon,Total,15237,15313,21523,17002,8995,10429,9988,17470,
Nashik,2014,Nandgaon,Rural,4929,4732,4891,4834,3034,4032,4165,4043,
Nashik,2014,Nandgaon,Urban,1515,1515,1914,1514,18,383,396,1577,
Nashik,2014,Nandgaon,Total,6444,6247,6805,6348,3052,4415,4561,5620,
Nashik,2014,Chandwad,Rural,3788,3389,4128,3455,2759,3586,3208,3797,
Nashik,2014,Chandwad,Urban,0,0,0,0,0,0,0,0,
Nashik,2014,Chandwad,Total,3788,3389,4128,3455,2759,3586,3208,3797,
Nashik,2014,Dindori,Rural,5879,5740,5787,5723,4962,6064,6105,6091,
Nashik,2014,Dindori,Urban,0,0,0,0,0,0,0,0,
Nashik,2014,Dindori,Total,5879,5740,5787,5723,4962,6064,6105,6091,
Nashik,2014,Peth,Rural,2732,2713,2704,2572,2005,2211,2331,2657,
Nashik,2014,Peth,Urban,0,0,0,0,0,0,0,0,
Nashik,2014,Peth,Total,2732,2713,2704,2572,2005,2211,2331,2657,
Nashik,2014,Trimbak,Rural,4050,3977,4070,3875,3070,3557,3520,3938,
Nashik,2014,Trimbak,Urban,231,231,222,222,217,245,333,233,
Nashik,2014,Trimbak,Total,4281,4208,4292,4097,3287,3802,3853,4171,
Nashik,2014,Nashik,Rural,5288,5300,9064,3993,4072,3849,4725,5127,
Nashik,2014,Nashik,Urban,25739,25871,27173,21241,21513,222986,23989,19419,
Nashik,2014,Nashik,Total,31027,31171,36237,25234,25585,226835,28714,24546,
Nashik,2014,Igatpuri,Rural,4734,4624,4753,5052,4247,4871,4760,4713,
Nashik,2014,Igatpuri,Urban,1261,1261,359,431,312,199,167,785,
Nashik,2014,Igatpuri,Total,5995,5885,5112,5483,4559,5070,4927,5498,
Nashik,2014,Sinner,Rural,6181,6176,5649,5960,4599,5364,5302,6237,
Nashik,2014,Sinner,Urban,1231,1231,848,1047,508,720,789,1275,
Nashik,2014,Sinner,Total,7412,7407,6497,7007,5107,6084,6091,7512,
Nashik,2014,Nifad,Rural,8760,8032,9298,8481,7934,8849,9267,8881,
Nashik,2014,Nifad,Urban,0,0,0,0,0,0,0,0,
Nashik,2014,Nifad,Total,8760,8032,9298,8481,7934,8849,9267,8881,
Nashik,2014,Yewala,Rural,4861,4927,4530,4522,3637,4154,3852,4820,
Nashik,2014,Yewala,Urban,914,836,806,698,353,983,914,884,
Nashik,2014,Yewala,Total,5775,5763,5336,5220,3990,5137,4766,5704,
Nashik,2015,Surgana,Rural,3484,4047,3916,3771,3644,3744,3915,3961,
Nashik,2015,Surgana,Urban,0,0,0,0,0,0,0,0,
Nashik,2015,Surgana,Total,3484,4047,3916,3771,3644,3744,3915,3961,
Nashik,2015,Kalwan,Rural,2909,3327,3697,3108,2983,3289,2982,2733,
Nashik,2015,Kalwan,Urban,0,0,0,0,0,0,0,0,
Nashik,2015,Kalwan,Total,2909,3327,3697,3108,2983,3289,2982,2733,
Nashik,2015,Devala,Rural,2268,2703,2628,2663,2894,2686,2830,2609,
Nashik,2015,Devala,Urban,0,0,0,0,0,0,0,0,
Nashik,2015,Devala,Total,2268,2703,2628,2663,2894,2686,2830,2609,
Nashik,2015,Baglan,Rural,5551,6525,6188,6517,6186,7032,6608,6630,
Nashik,2015,Baglan,Urban,939,1177,1299,1071,971,932,1166,516,
Nashik,2015,Baglan,Total,6490,7702,7487,7588,7157,7964,7774,7146,
Nashik,2015,Malegaon,Rural,6300,7741,10364,7628,8100,7800,8056,7865,
Nashik,2015,Malegaon,Urban,9656,10521,14237,12637,0,6385,4263,10544,
Nashik,2015,Malegaon,Total,15956,18262,24601,20265,8100,14185,12319,18409,
Nashik,2015,Nandgaon,Rural,3146,3667,3066,3637,3892,4463,3694,2864,
Nashik,2015,Nandgaon,Urban,1349,1616,2119,1714,1325,2331,2345,1289,
Nashik,2015,Nandgaon,Total,4495,5283,5185,5351,5217,6794,6039,4153,
Nashik,2015,Chandwad,Rural,3287,3841,3927,3786,3729,4298,4304,3863,
Nashik,2015,Chandwad,Urban,0,0,0,0,0,0,0,0,
Nashik,2015,Chandwad,Total,3287,3841,3927,3786,3729,4298,4304,3863,
Nashik,2015,Dindori,Rural,5051,5865,6149,5897,5926,5830,7109,5762,
Nashik,2015,Dindori,Urban,0,0,0,0,0,0,0,0,
Nashik,2015,Dindori,Total,5051,5865,6149,5897,5926,5830,7109,5762,
Nashik,2015,Peth,Rural,2225,2623,2992,2740,2597,2434,2379,2692,
Nashik,2015,Peth,Urban,0,0,0,0,0,0,0,0,
Nashik,2015,Peth,Total,2225,2623,2992,2740,2597,2434,2379,2692,
Nashik,2015,Trimbak,Rural,2880,3268,2803,3296,2886,2930,2930,3387,
Nashik,2015,Trimbak,Urban,179,199,457,207,204,216,217,173,
Nashik,2015,Trimbak,Total,3059,3467,3260,3503,3090,3146,3147,3560,
Nashik,2015,Nashik,Rural,3781,4592,9534,4721,3534,4219,4904,4913,
Nashik,2015,Nashik,Urban,21387,21615,20583,19259,12572,12805,11919,17791,
Nashik,2015,Nashik,Total,25168,26207,30117,23980,16106,17024,16823,22704,
Nashik,2015,Igatpuri,Rural,4223,4994,5041,5260,5119,5835,5847,5029,
Nashik,2015,Igatpuri,Urban,547,578,561,603,635,487,401,298,
Nashik,2015,Igatpuri,Total,4770,5572,5602,5863,5754,6322,6248,5327,
Nashik,2015,Sinner,Rural,4239,5012,6136,5395,5737,6093,6624,5279,
Nashik,2015,Sinner,Urban,1241,1498,1618,1479,1128,1320,1411,1111,
Nashik,2015,Sinner,Total,5480,6510,7754,6874,6865,7413,8035,6390,
Nashik,2015,Nifad,Rural,7368,8673,8335,8631,8237,9069,9648,8799,
Nashik,2015,Nifad,Urban,0,0,0,0,0,0,0,0,
Nashik,2015,Nifad,Total,7368,8673,8335,8631,8237,9069,9648,8799,
Nashik,2015,Yewala,Rural,3503,3930,3379,3793,4006,4197,4407,3990,
Nashik,2015,Yewala,Urban,691,723,1031,649,329,996,1157,819,
Nashik,2015,Yewala,Total,4194,4653,4410,4442,4335,5193,5564,4809,
Nashik,2016,Surgana,Rural,4264,4112,3927,4094,3976,3409,3722,4016,
Nashik,2016,Surgana,Urban,0,0,0,0,0,0,0,0,
Nashik,2016,Surgana,Total,4264,4112,3927,4094,3976,3409,3722,4016,
Nashik,2016,Kalwan,Rural,4411,4311,4739,4187,3722,4014,3838,3705,
Nashik,2016,Kalwan,Urban,0,0,0,0,0,0,0,0,
Nashik,2016,Kalwan,Total,4411,4311,4739,4187,3722,4014,3838,3705,
Nashik,2016,Devala,Rural,2646,2682,2619,2653,2814,3217,3019,2490,
Nashik,2016,Devala,Urban,0,0,0,0,0,0,0,0,
Nashik,2016,Devala,Total,2646,2682,2619,2653,2814,3217,3019,2490,
Nashik,2016,Baglan,Rural,6093,6153,6096,6106,5629,5822,5444,5836,
Nashik,2016,Baglan,Urban,1478,1495,1253,1468,768,1155,678,805,
Nashik,2016,Baglan,Total,7571,7648,7349,7574,6397,6977,6122,6641,
Nashik,2016,Malegaon,Rural,3346,3356,3901,3303,2926,3215,3227,3326,
Nashik,2016,Malegaon,Urban,4996,5123,5718,4884,3812,4831,4024,4134,
Nashik,2016,Malegaon,Total,8342,8479,9619,8187,6738,8046,7251,7460,
Nashik,2016,Nandgaon,Rural,3241,3024,3208,3108,2317,3406,2952,2646,
Nashik,2016,Nandgaon,Urban,2237,2048,2289,2159,1625,2378,2011,1720,
Nashik,2016,Nandgaon,Total,5478,5072,5497,5267,3942,5784,4963,4366,
Nashik,2016,Chandwad,Rural,4556,4416,4427,4236,4136,4900,5169,4446,
Nashik,2016,Chandwad,Urban,0,0,0,0,0,0,0,0,
Nashik,2016,Chandwad,Total,4556,4416,4427,4236,4136,4900,5169,4446,
Nashik,2016,Dindori,Rural,6474,6454,6120,6476,6689,6466,7596,6411,
Nashik,2016,Dindori,Urban,0,0,0,0,0,0,0,0,
Nashik,2016,Dindori,Total,6474,6454,6120,6476,6689,6466,7596,6411,
Nashik,2016,Peth,Rural,2872,2900,3048,2756,2226,2772,2811,2608,
Nashik,2016,Peth,Urban,0,0,0,0,0,0,0,0,
Nashik,2016,Peth,Total,2872,2900,3048,2756,2226,2772,2811,2608,
Nashik,2016,Trimbak,Rural,3692,3632,3744,3628,3615,3742,4109,3456,
Nashik,2016,Trimbak,Urban,523,418,518,413,408,579,857,402,
Nashik,2016,Trimbak,Total,4215,4050,4262,4041,4023,4321,4966,3858,
Nashik,2016,Nashik,Rural,5198,6606,7176,7626,3011,1910,1904,5122,
Nashik,2016,Nashik,Urban,36752,36278,44871,37780,31723,32011,29889,33294,
Nashik,2016,Nashik,Total,41950,42884,52047,45406,34734,33921,31793,38416,
Nashik,2016,Igatpuri,Rural,4078,4158,4118,3902,4137,4046,4111,3712,
Nashik,2016,Igatpuri,Urban,1123,1292,864,1478,1277,1078,853,968,
Nashik,2016,Igatpuri,Total,5201,5450,4982,5380,5414,5124,4964,4680,
Nashik,2016,Sinner,Rural,5225,5375,4945,5233,5043,4959,5209,4693,
Nashik,2016,Sinner,Urban,1653,1683,1708,1698,1678,1702,1612,1551,
Nashik,2016,Sinner,Total,6878,7058,6653,6931,6721,6661,6821,6244,
Nashik,2016,Nifad,Rural,8347,8695,8033,8752,7247,9124,9818,8194,
Nashik,2016,Nifad,Urban,0,0,0,0,0,0,0,0,
Nashik,2016,Nifad,Total,8347,8695,8033,8752,7247,9124,9818,8194,
Nashik,2016,Yewala,Rural,4318,4337,4334,4165,3649,3742,3562,3758,
Nashik,2016,Yewala,Urban,889,823,978,946,753,806,707,787,
Nashik,2016,Yewala,Total,5207,5160,5312,5111,4402,4548,4269,4545,
Nashik,2017,Surgana,Rural,4180,4169,4394,3751,3096,3644,3858,4667,
Nashik,2017,Surgana,Urban,0,0,0,0,0,0,0,0,
Nashik,2017,Surgana,Total,4180,4169,4394,3751,3096,3644,3858,4667,
Nashik,2017,Kalwan,Rural,4246,4215,5145,3947,2526,3578,3973,4323,
Nashik,2017,Kalwan,Urban,0,0,0,0,0,0,0,0,
Nashik,2017,Kalwan,Total,4246,4215,5145,3947,2526,3578,3973,4323,
Nashik,2017,Devala,Rural,2814,2803,2343,2683,2657,3038,2962,2822,
Nashik,2017,Devala,Urban,0,0,0,0,0,0,0,0,
Nashik,2017,Devala,Total,2814,2803,2343,2683,2657,3038,2962,2822,
Nashik,2017,Baglan,Rural,6650,6273,6599,5830,3708,6069,5650,6893,
Nashik,2017,Baglan,Urban,886,886,1086,832,357,497,387,536,
Nashik,2017,Baglan,Total,7536,7159,7685,6662,4065,6566,6037,7429,
Nashik,2017,Malegaon,Rural,8148,8143,10575,6974,2795,5876,5778,7846,
Nashik,2017,Malegaon,Urban,13614,14378,13526,11784,6339,3114,2323,12876,
Nashik,2017,Malegaon,Total,21762,22521,24101,18758,9134,8990,8101,20722,
Nashik,2017,Nandgaon,Rural,3791,3625,3031,3135,1175,2777,2515,3554,
Nashik,2017,Nandgaon,Urban,1704,1704,2856,1493,935,1834,1817,1469,
Nashik,2017,Nandgaon,Total,5495,5329,5887,4628,2110,4611,4332,5023,
Nashik,2017,Chandwad,Rural,4291,4231,4204,3728,1661,3019,4117,4056,
Nashik,2017,Chandwad,Urban,0,0,0,0,0,0,0,0,
Nashik,2017,Chandwad,Total,4291,4231,4204,3728,1661,3019,4117,4056,
Nashik,2017,Dindori,Rural,6221,6179,6134,5236,2802,5562,6572,6196,
Nashik,2017,Dindori,Urban,0,0,0,0,0,0,0,0,
Nashik,2017,Dindori,Total,6221,6179,6134,5236,2802,5562,6572,6196,
Nashik,2017,Peth,Rural,2869,2865,2796,2691,2168,2629,2420,2945,
Nashik,2017,Peth,Urban,0,0,0,0,0,0,0,0,
Nashik,2017,Peth,Total,2869,2865,2796,2691,2168,2629,2420,2945,
Nashik,2017,Trimbak,Rural,3769,3764,3724,3511,3017,3443,3116,4147,
Nashik,2017,Trimbak,Urban,223,223,634,218,263,251,233,195,
Nashik,2017,Trimbak,Total,3992,3987,4358,3729,3280,3694,3349,4342,
Nashik,2017,Nashik,Rural,4518,4508,9180,4221,2463,4095,4774,3859,
Nashik,2017,Nashik,Urban,27169,27209,25706,26751,22497,25639,26873,25279,
Nashik,2017,Nashik,Total,31687,31717,34886,30972,24960,29734,31647,29138,
Nashik,2017,Igatpuri,Rural,4481,4476,4481,4050,3742,4317,4712,5013,
Nashik,2017,Igatpuri,Urban,494,494,441,468,321,330,332,416,
Nashik,2017,Igatpuri,Total,4975,4970,4922,4518,4063,4647,5044,5429,
Nashik,2017,Sinner,Rural,5424,5406,5016,4707,3157,5574,5862,5293,
Nashik,2017,Sinner,Urban,1369,1369,659,1130,594,919,863,1121,
Nashik,2017,Sinner,Total,6793,6775,5675,5837,3751,6493,6725,6414,
Nashik,2017,Nifad,Rural,8588,8510,8293,6757,3453,8290,8041,9233,
Nashik,2017,Nifad,Urban,0,0,0,0,0,0,0,0,
Nashik,2017,Nifad,Total,8588,8510,8293,6757,3453,8290,8041,9233,
Nashik,2017,Yewala,Rural,4276,4294,4107,3772,1758,3296,3227,4037,
Nashik,2017,Yewala,Urban,787,787,1267,720,193,754,828,414,
Nashik,2017,Yewala,Total,5063,5081,5374,4492,1951,4050,4052,4451,
Nashik,2018,Surgana,Rural,,4362,3710,4222,3427,4253,4453,5529,4384
Nashik,2018,Surgana,Urban,,0,0,0,0,0,0,0,0
Nashik,2018,Surgana,Total,,4362,3710,4222,3427,4253,4453,5529,4384
Nashik,2018,Kalwan,Rural,,4563,5185,4053,3072,5115,4839,5123,4570
Nashik,2018,Kalwan,Urban,,0,0,0,0,0,0,0,0
Nashik,2018,Kalwan,Total,,4563,5185,4053,3072,5115,4839,5123,4570
Nashik,2018,Devala,Rural,,2730,2270,2717,2654,3627,3212,3464,2720
Nashik,2018,Devala,Urban,,0,0,0,0,0,0,0,0
Nashik,2018,Devala,Total,,2730,2270,2717,2654,3627,3212,3464,2720
Nashik,2018,Baglan,Rural,,7620,6038,6891,4869,9342,8589,8006,7574
Nashik,2018,Baglan,Urban,,848,1184,554,226,191,171,701,879
Nashik,2018,Baglan,Total,,8468,7222,7445,5095,9533,8760,8707,8453
Nashik,2018,Malegaon,Rural,,8345,10501,7037,1954,8136,8758,8688,8353
Nashik,2018,Malegaon,Urban,,10507,13116,8807,5266,3094,2755,13519,10307
Nashik,2018,Malegaon,Total,,8345,10501,7037,1954,8136,8758,8688,8353
Nashik,2018,Nandgaon,Rural,,4082,3259,3889,1820,5370,3940,4471,3996
Nashik,2018,Nandgaon,Urban,,1693,2741,1585,512,1213,1107,1482,1708
Nashik,2018,Nandgaon,Total,,5775,6000,5474,2332,6583,5047,5953,5704
Nashik,2018,Chandwad,Rural,,4570,4159,4630,1061,3757,3785,5112,456
Nashik,2018,Chandwad,Urban,,0,0,0,0,0,0,0,0
Nashik,2018,Chandwad,Total,,4570,4159,4630,1061,3757,3785,5112,456
Nashik,2018,Dindori,Rural,,6712,6200,6200,3409,6533,7077,7077,6696
Nashik,2018,Dindori,Urban,,0,0,0,0,0,0,0,0
Nashik,2018,Dindori,Total,,6712,6200,6200,3409,6533,7077,7077,6696
Nashik,2018,Peth,Rural,,2973,3167,2860,2880,3311,3393,3716,2974
Nashik,2018,Peth,Urban,,0,0,0,0,0,0,0,0
Nashik,2018,Peth,Total,,2973,3167,2860,2880,3311,3393,3716,2974
Nashik,2018,Trimbak,Rural,,3981,3573,4006,3831,4236,4053,4346,3976
Nashik,2018,Trimbak,Urban,,225,669,215,267,275,241,252,225
Nashik,2018,Trimbak,Total,,4206,4242,4221,4098,4511,4294,4598,4201
Nashik,2018,Nashik,Rural,,5268,9577,5044,4037,5947,6321,6616,5279
Nashik,2018,Nashik,Urban,,21929,21972,23846,19566,17908,19222,19114,21929
Nashik,2018,Nashik,Total,,6147,10724,5845,4462,7191,7563,7475,6158
Nashik,2018,Igatpuri,Rural,,5107,4420,4717,2609,4752,5158,5180,5103
Nashik,2018,Igatpuri,Urban,,396,201,308,257,264,230,470,396
Nashik,2018,Igatpuri,Total,,5503,4621,5025,2866,5016,5388,5650,5499
Nashik,2018,Sinner,Rural,,5195,4608,4960,3219,5046,4783,5718,5160
Nashik,2018,Sinner,Urban,,1351,1234,1550,1215,1074,1171,2357,1351
Nashik,2018,Sinner,Total,,6546,5842,6510,4434,6120,5954,8075,6511
Nashik,2018,Nifad,Rural,,9251,8276,8524,3047,9909,10164,10079,9384
Nashik,2018,Nifad,Urban,,0,0,0,0,0,0,0,0
Nashik,2018,Nifad,Total,,9251,8276,8524,3047,9909,10164,10079,9384
Nashik,2018,Yewala,Rural,,4198,3325,4133,1075,4976,4289,4505,4202
Nashik,2018,Yewala,Urban,,663,1431,450,213,0,0,309,663
Nashik,2018,Yewala,Total,,4861,4756,4583,1288,4976,4289,4814,4865
Nashik,2019,Surgana,Rural,,4362,4154,4323,3067,3572,3619,4651,4373
Nashik,2019,Surgana,Urban,,0,0,0,0,0,0,0,0
Nashik,2019,Surgana,Total,,4362,4154,4323,3067,3572,3619,4651,4373
Nashik,2019,Kalwan,Rural,,4598,5872,4601,2724,3904,3872,4730,4597
Nashik,2019,Kalwan,Urban,,0,0,0,0,0,0,0,0
Nashik,2019,Kalwan,Total,,4598,5872,4601,2724,3904,3872,4730,4597
Nashik,2019,Devala,Rural,,2797,2323,2688,2013,2889,2731,3385,2794
Nashik,2019,Devala,Urban,,0,0,0,0,0,0,0,0
Nashik,2019,Devala,Total,,2797,2323,2688,2013,2889,2731,3385,2794
Nashik,2019,Baglan,Rural,,7332,6829,7253,4038,6318,5629,7891,7370
Nashik,2019,Baglan,Urban,,852,747,892,711,859,891,792,852
Nashik,2019,Baglan,Total,,8184,7576,8145,4749,7177,6520,8683,8222
Nashik,2019,Malegaon,Rural,,10476,14707,7968,1859,7639,9067,8172,8042
Nashik,2019,Malegaon,Urban,,12192,13855,9275,6761,2974,3075,13771,10036
Nashik,2019,Malegaon,Total,,22668,28562,17243,8620,10613,12142,21943,18078
Nashik,2019,Nandgaon,Rural,,3847,3707,3871,1179,2241,2334,4249,3851
Nashik,2019,Nandgaon,Urban,,1632,3018,1734,316,489,481,1012,1638
Nashik,2019,Nandgaon,Total,,5479,6725,5605,1495,2730,2815,5261,5489
Nashik,2019,Chandwad,Rural,,4815,4052,4715,410,2956,3083,4851,4813
Nashik,2019,Chandwad,Urban,,0,0,0,0,0,0,0,0
Nashik,2019,Chandwad,Total,,4815,4052,4715,410,2956,3083,4851,4813
Nashik,2019,Dindori,Rural,,6665,6288,6657,3333,5397,6299,6647,6674
Nashik,2019,Dindori,Urban,,0,0,0,0,0,0,0,0
Nashik,2019,Dindori,Total,,6665,6288,6657,3333,5397,6299,6647,6674
Nashik,2019,Peth,Rural,,2775,2772,2813,20,3627,3051,2972,2774
Nashik,2019,Peth,Urban,,0,0,0,0,0,0,0,0
Nashik,2019,Peth,Total,,2775,2772,2813,20,3627,3051,2972,2774
Nashik,2019,Trimbak,Rural,,3959,3661,4061,3243,3847,3284,4172,3964
Nashik,2019,Trimbak,Urban,,182,631,226,176,276,283,232,182
Nashik,2019,Trimbak,Total,,4141,4292,4287,3419,4123,3567,4404,4146
Nashik,2019,Nashik,Rural,,4614,4342,4684,3176,3734,3294,4934,4620
Nashik,2019,Nashik,Urban,,31010,39707,32598,27550,25318,25103,29341,31035
Nashik,2019,Nashik,Total,,35624,44049,37282,30726,29052,28397,34275,35655
Nashik,2019,Igatpuri,Rural,,4844,4398,4788,3292,4319,4599,5052,4845
Nashik,2019,Igatpuri,Urban,,325,161,316,158,129,167,383,315
Nashik,2019,Igatpuri,Total,,5169,4559,5104,3450,4448,4766,5435,5160
Nashik,2019,Sinner,Rural,,5198,4459,5212,2656,5140,5025,5362,5132
Nashik,2019,Sinner,Urban,,879,726,1272,517,520,450,830,938
Nashik,2019,Sinner,Total,,6077,5185,6484,3173,5660,5475,6192,6070
Nashik,2019,Nifad,Rural,,9152,8513,8585,3138,6986,7531,9052,9160
Nashik,2019,Nifad,Urban,,0,0,0,0,0,0,0,0
Nashik,2019,Nifad,Total,,9152,8513,8585,3138,6986,7531,9052,9160
Nashik,2019,Yewala,Rural,,4287,3593,4194,1145,3231,2995,4305,4282
Nashik,2019,Yewala,Urban,,684,1215,761,202,0,0,343,684
Nashik,2019,Yewala,Total,,4971,4808,4955,1347,3231,2995,4648,4966
Nashik,2020,Surgana,Rural,,4308,3891,4256,3337,2289,2177,4413,4327
Nashik,2020,Surgana,Urban,,0,0,0,0,0,0,0,0
Nashik,2020,Surgana,Total,,4308,3891,4256,3337,2289,2177,4413,4327
Nashik,2020,Kalwan,Rural,,4513,4780,4305,2371,2168,1974,4599,4527
Nashik,2020,Kalwan,Urban,,0,0,0,0,0,0,0,0
Nashik,2020,Kalwan,Total,,4513,4780,4305,2371,2168,1974,4599,4527
Nashik,2020,Devala,Rural,,2702,2596,2691,2099,624,644,3004,2697
Nashik,2020,Devala,Urban,,0,0,0,0,0,0,0,0
Nashik,2020,Devala,Total,,2702,2596,2691,2099,624,644,3004,2697
Nashik,2020,Baglan,Rural,,7475,6617,7125,3027,3546,3557,7836,7401
Nashik,2020,Baglan,Urban,,828,383,775,604,71,58,677,828
Nashik,2020,Baglan,Total,,8303,7000,7900,3631,3617,3615,8513,8229
Nashik,2020,Malegaon,Rural,,7275,7261,7249,1378,2224,1962,7807,7272
Nashik,2020,Malegaon,Urban,,11461,13116,11854,5871,1872,1218,12162,11449
Nashik,2020,Malegaon,Total,,18736,20377,19103,7249,4096,3180,19969,18721
Nashik,2020,Nandgaon,Rural,,3869,3720,3884,890,461,309,4120,3880
Nashik,2020,Nandgaon,Urban,,1351,1695,1293,236,457,383,934,1351
Nashik,2020,Nandgaon,Total,,5220,5415,5177,1126,918,692,5054,5231
Nashik,2020,Chandwad,Rural,,4147,4473,4418,34,186,306,4569,4276
Nashik,2020,Chandwad,Urban,,0,0,0,0,0,0,0,0
Nashik,2020,Chandwad,Total,,4147,4473,4418,34,186,306,4569,4276
Nashik,2020,Dindori,Rural,,6313,6308,6175,3368,3187,3797,6595,6389
Nashik,2020,Dindori,Urban,,0,0,0,0,0,0,0,0
Nashik,2020,Dindori,Total,,6313,6308,6175,3368,3187,3797,6595,6389
Nashik,2020,Peth,Rural,,2699,2920,2647,2447,2183,2108,2842,2696
Nashik,2020,Peth,Urban,,0,0,0,0,0,0,0,0
Nashik,2020,Peth,Total,,2699,2920,2647,2447,2183,2108,2842,2696
Nashik,2020,Trimbak,Rural,,4136,3951,4231,2145,1520,1593,4539,4132
Nashik,2020,Trimbak,Urban,,151,633,160,59,0,0,143,171
Nashik,2020,Trimbak,Total,,4287,4584,4391,2204,1520,1593,4682,4303
Nashik,2020,Nashik,Rural,,4761,8841,4700,3111,2337,2267,4828,4738
Nashik,2020,Nashik,Urban,,31808,32224,30821,17379,18357,17049,26838,30818
Nashik,2020,Nashik,Total,,36569,41065,35521,20490,20694,19316,31666,35556
Nashik,2020,Igatpuri,Rural,,4488,4246,4557,3377,2909,3123,4689,4524
Nashik,2020,Igatpuri,Urban,,363,87,366,254,210,199,312,363
Nashik,2020,Igatpuri,Total,,4851,4333,4923,3631,3119,3322,5001,4887
Nashik,2020,Sinner,Rural,,5163,4817,5067,3494,3128,3210,5462,5181
Nashik,2020,Sinner,Urban,,2675,2266,2639,1427,1564,1673,2389,2461
Nashik,2020,Sinner,Total,,7838,7083,7706,4921,4692,4883,7851,7642
Nashik,2020,Nifad,Rural,,8590,7784,8396,2871,2309,2207,9622,8624
Nashik,2020,Nifad,Urban,,0,0,0,0,0,0,0,0
Nashik,2020,Nifad,Total,,8590,7784,8396,2871,2309,2207,9622,8624
Nashik,2020,Yewala,Rural,,4036,3738,4056,393,91,113,4174,4109
Nashik,2020,Yewala,Urban,,269,758,539,66,0,0,309,449
Nashik,2020,Yewala,Total,,4305,4496,4595,459,91,113,4483,4558
Nashik,2021,Surgana,Rural,,4301,4342,4165,3838,2589,2351,4515,4202
Nashik,2021,Surgana,Urban,,0,0,0,0,0,0,0,0
Nashik,2021,Surgana,Total,,4301,4342,4165,3838,2589,2351,4515,4202
Nashik,2021,Kalwan,Rural,,4479,4979,4419,3280,2564,2323,4660,4438
Nashik,2021,Kalwan,Urban,,0,0,0,0,0,0,0,0
Nashik,2021,Kalwan,Total,,4479,4979,4419,3280,2564,2323,4660,4438
Nashik,2021,Devala,Rural,,2744,2700,2681,1960,679,1096,2920,2738
Nashik,2021,Devala,Urban,,0,0,0,0,0,0,0,0
Nashik,2021,Devala,Total,,2744,2700,2681,1960,679,1096,2920,2738
Nashik,2021,Baglan,Rural,,7453,7070,7063,3809,4169,4247,7599,7307
Nashik,2021,Baglan,Urban,,907,360,896,603,294,316,751,907
Nashik,2021,Baglan,Total,,8360,7430,7959,4412,4463,4563,8350,8214
Nashik,2021,Malegaon,Rural,,7312,8066,7205,3232,4094,4148,7991,7322
Nashik,2021,Malegaon,Urban,,12455,14319,12340,7409,3102,2392,13194,11404
Nashik,2021,Malegaon,Total,,19767,22385,19545,10641,7196,6540,21185,18726
Nashik,2021,Nandgaon,Rural,,3951,3138,3933,2034,1858,1779,4116,3935
Nashik,2021,Nandgaon,Urban,,1562,2396,1667,807,361,459,1473,1556
Nashik,2021,Nandgaon,Total,,5513,5534,5600,2841,2219,2238,5589,5491
Nashik,2021,Chandwad,Rural,,4837,4389,4599,1431,1511,1750,4701,4924
Nashik,2021,Chandwad,Urban,,0,0,0,0,0,0,0,0
Nashik,2021,Chandwad,Total,,4837,4389,4599,1431,1511,1750,4701,4924
Nashik,2021,Dindori,Rural,,6418,6249,6345,4536,4142,4430,6630,6351
Nashik,2021,Dindori,Urban,,0,0,0,0,0,0,0,0
Nashik,2021,Dindori,Total,,6418,6249,6345,4536,4142,4430,6630,6351
Nashik,2021,Peth,Rural,,2762,2888,2673,2700,2779,2790,3019,2762
Nashik,2021,Peth,Urban,,0,0,0,0,0,0,0,0
Nashik,2021,Peth,Total,,2762,2888,2673,2700,2779,2790,3019,2762
Nashik,2021,Trimbak,Rural,,4081,4325,3895,2864,2676,2782,4449,4070
Nashik,2021,Trimbak,Urban,,157,180,182,139,33,39,175,184
Nashik,2021,Trimbak,Total,,4238,4505,4077,3003,2709,2821,4624,4254
Nashik,2021,Nashik,Rural,,7146,11070,5274,3925,2791,2539,5768,6005
Nashik,2021,Nashik,Urban,,25819,27652,26988,28052,25508,24581,30778,25816
Nashik,2021,Nashik,Total,,32965,38722,32262,31977,28299,27120,36546,31821
Nashik,2021,Igatpuri,Rural,,4447,4481,4629,3792,3697,4041,5141,4434
Nashik,2021,Igatpuri,Urban,,294,153,343,213,137,114,250,328
Nashik,2021,Igatpuri,Total,,4741,4634,4972,4005,3834,4155,5391,4762
Nashik,2021,Sinner,Rural,,5047,4974,5067,5056,4976,4935,5595,4968
Nashik,2021,Sinner,Urban,,1393,1375,1399,758,797,837,2344,1393
Nashik,2021,Sinner,Total,,6440,6349,6466,5814,5773,5772,7939,6361
Nashik,2021,Nifad,Rural,,8833,8686,8437,5176,6360,6658,9177,8783
Nashik,2021,Nifad,Urban,,0,0,0,0,0,0,0,0
Nashik,2021,Nifad,Total,,8833,8686,8437,5176,6360,6658,9177,8783
Nashik,2021,Yewala,Rural,,4116,3870,4062,2104,1681,1417,4307,4053
Nashik,2021,Yewala,Urban,,477,793,406,202,170,143,283,477
Nashik,2021,Yewala,Total,,4593,4663,4468,2306,1851,1560,4590,4530
Dharashiv,2012,Paranda,Rural,1863,1863,1960,1814,1214,1748,1689,1919,
Dharashiv,2012,Paranda,Urban,,,,,,,,,
Dharashiv,2012,Paranda,Total,2281,2281,2621,2191,1538,2148,2027,2326,
Dharashiv,2012,Bhum,Rural,1890,1890,2089,1885,1550,1825,1853,2013,
Dharashiv,2012,Bhum,Urban,,,,,,,,,
Dharashiv,2012,Bhum,Total,2326,2326,2639,2299,2219,2209,2338,2373,
Dharashiv,2012,Washi,Rural,1182,1182,1174,1131,1018,1125,1110,1328,
Dharashiv,2012,Washi,Urban,,,,,,,,,
Dharashiv,2012,Washi,Total,1427,1427,1449,1380,1191,1163,1141,1629,
Dharashiv,2012,Kalamb,Rural,3113,3113,2778,2960,1679,3128,3198,3307,
Dharashiv,2012,Kalamb,Urban,,,,,,,,,
Dharashiv,2012,Kalamb,Total,3697,3697,3715,3500,2119,3620,3709,3777,
Dharashiv,2012,Dharashiv,Rural,5041,5041,4214,4979,4277,4701,5322,5207,
Dharashiv,2012,Dharashiv,Urban,,,,,,,,,
Dharashiv,2012,Dharashiv,Total,7139,7139,10040,7074,6006,6666,7315,8712,
Dharashiv,2012,Tuljapur,Rural,3970,3970,4029,3648,3012,4253,4003,4455,
Dharashiv,2012,Tuljapur,Urban,,,,,,,,,
Dharashiv,2012,Tuljapur,Total,4533,4533,4592,4197,4179,4643,4418,5004,
Dharashiv,2012,Lohara,Rural,2600,2600,2612,2346,1465,1691,2101,2608,
Dharashiv,2012,Lohara,Urban,,,,,,,,,
Dharashiv,2012,Lohara,Total,2777,2777,2844,2522,1538,1832,2229,2965,
Dharashiv,2012,Umaraga,Rural,3808,3808,3667,3403,3707,3908,3788,4053,
Dharashiv,2012,Umaraga,Urban,,,,,,,,,
Dharashiv,2012,Umaraga,Total,4833,4833,4902,4499,4732,5115,4907,5451,
Dharashiv,2013,Paranda,Rural,813,985,777,813,140,484,667,1553,
Dharashiv,2013,Paranda,Urban,,,,,,,,,
Dharashiv,2013,Paranda,Total,1228,1400,1584,1210,159,938,1003,1906,
Dharashiv,2013,Bhum,Rural,754,1158,740,803,63,755,737,1566,
Dharashiv,2013,Bhum,Urban,,,,,,,,,
Dharashiv,2013,Bhum,Total,1153,1557,1337,1184,456,1089,1218,1962,
Dharashiv,2013,Washi,Rural,943,699,1208,938,40,722,648,1457,
Dharashiv,2013,Washi,Urban,,,,,,,,,
Dharashiv,2013,Washi,Total,943,699,1208,938,40,722,648,1457,
Dharashiv,2013,Kalamb,Rural,1651,1319,1547,1638,306,1628,1754,2721,
Dharashiv,2013,Kalamb,Urban,,,,,,,,,
Dharashiv,2013,Kalamb,Total,2179,1847,2407,2166,789,2100,2250,3243,
Dharashiv,2013,Dharashiv,Rural,2617,2392,5219,2091,452,2118,2633,4607,
Dharashiv,2013,Dharashiv,Urban,,,,,,,,,
Dharashiv,2013,Dharashiv,Total,5010,4785,10438,4182,2409,4307,5343,7065,
Dharashiv,2013,Tuljapur,Rural,2781,2018,2716,2736,810,3043,3029,4260,
Dharashiv,2013,Tuljapur,Urban,,,,,,,,,
Dharashiv,2013,Tuljapur,Total,3380,2617,3474,3280,1264,3595,3562,4757,
Dharashiv,2013,Lohara,Rural,1039,685,863,987,72,1204,1107,2111,
Dharashiv,2013,Lohara,Urban,,,,,,,,,
Dharashiv,2013,Lohara,Total,1039,685,863,987,72,1204,1107,2111,
Dharashiv,2013,Umaraga,Rural,1856,2087,1614,1700,162,1468,1196,3301,
Dharashiv,2013,Umaraga,Urban,,,,,,,,,
Dharashiv,2013,Umaraga,Total,2568,2799,2908,2422,826,2196,1939,4095,
Dharashiv,2014,Paranda,Rural,1764,1764,1724,1766,286,776,1017,1635,
Dharashiv,2014,Paranda,Urban,,,,,,,,,
Dharashiv,2014,Paranda,Total,2561,2561,3294,3533,1677,1721,1907,2410,
Dharashiv,2014,Bhum,Rural,1967,1967,1614,1759,426,860,966,1518,
Dharashiv,2014,Bhum,Urban,,,,,,,,,
Dharashiv,2014,Bhum,Total,2731,2731,2812,2495,1680,1872,1598,2169,
Dharashiv,2014,Washi,Rural,1454,1454,1216,1423,316,800,793,1583,
Dharashiv,2014,Washi,Urban,,,,,,,,,
Dharashiv,2014,Washi,Total,1454,1454,1216,1423,316,800,793,1583,
Dharashiv,2014,Kalamb,Rural,2968,2968,2137,2754,910,1967,2063,2743,
Dharashiv,2014,Kalamb,Urban,,,,,,,,,
Dharashiv,2014,Kalamb,Total,4056,4056,3673,3845,2588,3065,3189,3752,
Dharashiv,2014,Dharashiv,Rural,5113,5113,3056,4751,1170,2802,2956,4893,
Dharashiv,2014,Dharashiv,Urban,,,,,,,,,
Dharashiv,2014,Dharashiv,Total,8966,8966,14938,7941,4998,5541,5527,10782,
Dharashiv,2014,Tuljapur,Rural,4324,4324,3321,4020,1346,2657,2694,4075,
Dharashiv,2014,Tuljapur,Urban,,,,,,,,,
Dharashiv,2014,Tuljapur,Total,5759,5759,4758,5387,3139,4393,4185,4882,
Dharashiv,2014,Lohara,Rural,2153,2153,2360,2067,429,1416,1707,2258,
Dharashiv,2014,Lohara,Urban,,,,,,,,,
Dharashiv,2014,Lohara,Total,2153,2153,2360,2067,429,1416,1707,2258,
Dharashiv,2014,Umaraga,Rural,3536,3536,2244,3339,954,1540,1653,3179,
Dharashiv,2014,Umaraga,Urban,,,,,,,,,
Dharashiv,2014,Umaraga,Total,5556,5556,6434,5400,2961,3243,3365,5041,
Dharashiv,2015,Paranda,Rural,1764,1764,1724,1766,286,776,1017,1635,
Dharashiv,2015,Paranda,Urban,,,,,,,,,
Dharashiv,2015,Paranda,Total,2546,2546,3287,2640,1841,1690,1904,2415,
Dharashiv,2015,Bhum,Rural,1967,1967,1614,1759,426,860,966,1518,
Dharashiv,2015,Bhum,Urban,,,,,,,,,
Dharashiv,2015,Bhum,Total,2644,2644,2724,2581,1844,1774,1727,2173,
Dharashiv,2015,Washi,Rural,1349,1349,904,1319,273,734,724,1274,
Dharashiv,2015,Washi,Urban,,,,,,,,,
Dharashiv,2015,Washi,Total,1484,1484,1360,1487,836,932,943,1479,
Dharashiv,2015,Kalamb,Rural,2968,2968,2137,2754,910,1967,2063,2743,
Dharashiv,2015,Kalamb,Urban,,,,,,,,,
Dharashiv,2015,Kalamb,Total,4025,4025,3583,3891,2586,3086,3236,3795,
Dharashiv,2015,Dharashiv,Rural,5113,5113,3056,4751,1170,2802,2956,4893,
Dharashiv,2015,Dharashiv,Urban,,,,,,,,,
Dharashiv,2015,Dharashiv,Total,9510,9510,15487,8705,5569,5993,5968,10082,
Dharashiv,2015,Tuljapur,Rural,4324,4324,3321,4020,1346,2657,2694,4075,
Dharashiv,2015,Tuljapur,Urban,,,,,,,,,
Dharashiv,2015,Tuljapur,Total,5601,5601,5035,5496,3175,4064,4132,4793,
Dharashiv,2015,Lohara,Rural,1992,1992,2132,1912,367,1244,1390,1846,
Dharashiv,2015,Lohara,Urban,,,,,,,,,
Dharashiv,2015,Lohara,Total,2149,2149,3426,2122,1095,1394,1594,2091,
Dharashiv,2015,Umaraga,Rural,3536,3536,2244,3339,954,1540,1653,3179,
Dharashiv,2015,Umaraga,Urban,,,,,,,,,
Dharashiv,2015,Umaraga,Total,5415,5415,6711,5327,2837,3132,3307,4795,
Dharashiv,2016,Paranda,Rural,1796,1796,1383,1678,1286,654,952,1669,
Dharashiv,2016,Paranda,Urban,506,461,787,353,503,457,446,418,
Dharashiv,2016,Paranda,Total,2302,2257,2170,2031,1789,1111,1398,2087,
Dharashiv,2016,Bhum,Rural,1968,1950,1685,1886,1826,853,946,1614,
Dharashiv,2016,Bhum,Urban,392,392,461,360,499,557,219,318,
Dharashiv,2016,Bhum,Total,2360,2342,2146,2246,2325,1410,1165,1932,
Dharashiv,2016,Washi,Rural,1276,1367,972,1387,1616,751,843,1061,
Dharashiv,2016,Washi,Urban,235,226,361,200,187,137,110,181,
Dharashiv,2016,Washi,Total,1511,1593,1333,1587,1803,888,953,1242,
Dharashiv,2016,Kalamb,Rural,2831,2802,1836,2687,2197,1432,1552,2747,
Dharashiv,2016,Kalamb,Urban,606,606,716,632,609,618,650,577,
Dharashiv,2016,Kalamb,Total,3437,3408,2552,3319,2806,2050,2202,3324,
Dharashiv,2016,Dharashiv,Rural,4928,4899,2991,4767,4604,3097,3476,4364,
Dharashiv,2016,Dharashiv,Urban,2647,2649,5960,2470,1867,1650,1612,2488,
Dharashiv,2016,Dharashiv,Total,7575,7548,8951,7237,6471,4747,5088,6852,
Dharashiv,2016,Tuljapur,Rural,4260,4197,3229,3975,3184,2274,2554,3564,
Dharashiv,2016,Tuljapur,Urban,666,666,1087,612,674,479,895,485,
Dharashiv,2016,Tuljapur,Total,4926,4863,4316,4587,3858,2753,3449,4049,
Dharashiv,2016,Lohara,Rural,2307,2184,1529,1967,1699,1259,1074,1915,
Dharashiv,2016,Lohara,Urban,191,164,1127,170,118,186,171,332,
Dharashiv,2016,Lohara,Total,2498,2348,2656,2137,1817,1445,1245,2247,
Dharashiv,2016,Umaraga,Rural,3691,3662,3046,3225,3116,2360,2488,3215,
Dharashiv,2016,Umaraga,Urban,1338,1254,2482,1208,1594,804,899,1321,
Dharashiv,2016,Umaraga,Total,5029,4916,5528,4433,4710,3164,3387,4536,
Dharashiv,2017,Paranda,Rural,1783,1552,1395,1641,1145,2220,2088,858,
Dharashiv,2017,Paranda,Urban,381,525,869,358,503,545,501,220,
Dharashiv,2017,Paranda,Total,2164,2077,2264,1999,1648,2765,2589,1078,
Dharashiv,2017,Bhum,Rural,1974,1846,1776,1847,1387,1579,1757,941,
Dharashiv,2017,Bhum,Urban,309,417,451,316,499,392,391,217,
Dharashiv,2017,Bhum,Total,2283,2263,2227,2163,1886,1971,2148,1158,
Dharashiv,2017,Washi,Rural,1163,1015,633,1075,808,1241,1121,559,
Dharashiv,2017,Washi,Urban,135,437,454,148,187,191,176,158,
Dharashiv,2017,Washi,Total,1298,1452,1087,1223,995,1432,1297,717,
Dharashiv,2017,Kalamb,Rural,2665,2491,1819,2542,1683,2971,2753,1328,
Dharashiv,2017,Kalamb,Urban,571,912,968,565,609,713,667,315,
Dharashiv,2017,Kalamb,Total,3236,3403,2787,3107,2292,3684,3420,1643,
Dharashiv,2017,Dharashiv,Rural,4595,4319,3096,4286,3575,5677,5718,2260,
Dharashiv,2017,Dharashiv,Urban,1851,5700,6382,2059,1978,1832,2575,2376,
Dharashiv,2017,Dharashiv,Total,6446,10019,9478,6345,5553,7509,8293,4636,
Dharashiv,2017,Tuljapur,Rural,4039,3928,3299,3109,3187,4634,4553,1986,
Dharashiv,2017,Tuljapur,Urban,497,1544,1456,626,674,497,627,434,
Dharashiv,2017,Tuljapur,Total,4536,5472,4755,3735,3861,5131,5180,2420,
Dharashiv,2017,Lohara,Rural,2078,1726,1402,1796,1177,2035,2060,1116,
Dharashiv,2017,Lohara,Urban,95,948,948,101,118,159,157,123,
Dharashiv,2017,Lohara,Total,2173,2674,2350,1897,1295,2194,2217,1239,
Dharashiv,2017,Umaraga,Rural,3533,3029,2654,3219,1790,3663,3599,1591,
Dharashiv,2017,Umaraga,Urban,945,2222,2464,1068,1187,1152,1084,607,
Dharashiv,2017,Umaraga,Total,4478,5251,5118,4287,2977,4815,4683,2198,
Dharashiv,2018,Paranda,Rural,1572,1572,1244,1366,972,1503,1306,887,1671
Dharashiv,2018,Paranda,Urban,373,513,827,373,420,538,548,369,391
Dharashiv,2018,Paranda,Total,1945,2085,2071,1739,1392,2041,1854,1256,2062
Dharashiv,2018,Bhum,Rural,1655,1655,1462,1730,1047,1326,1570,883,1849
Dharashiv,2018,Bhum,Urban,290,269,326,290,302,196,339,307,378
Dharashiv,2018,Bhum,Total,1945,1924,1788,2020,1349,1522,1909,1190,2227
Dharashiv,2018,Washi,Rural,1279,1279,712,1168,1194,1456,1417,515,1297
Dharashiv,2018,Washi,Urban,134,324,364,134,152,172,191,147,186
Dharashiv,2018,Washi,Total,1413,1603,1076,1302,1346,1628,1608,662,1483
Dharashiv,2018,Kalamb,Rural,2647,2647,1688,2457,2399,2798,2495,1382,2643
Dharashiv,2018,Kalamb,Urban,538,906,935,538,686,601,588,544,654
Dharashiv,2018,Kalamb,Total,3185,3553,2623,2995,3085,3399,3083,1926,3297
Dharashiv,2018,Dharashiv,Rural,4379,4379,2424,4027,4094,5461,5593,2128,4826
Dharashiv,2018,Dharashiv,Urban,1372,5948,6122,1372,280,408,1908,2897,2134
Dharashiv,2018,Dharashiv,Total,5751,"1032
7",8546,5399,4374,5869,7501,5025,6960
Dharashiv,2018,Tuljapur,Rural,3914,3914,3017,3486,3843,4477,4722,2092,4144
Dharashiv,2018,Tuljapur,Urban,1585,1585,1595,507,139,463,757,674,759
Dharashiv,2018,Tuljapur,Total,5499,5499,4612,3993,3982,4940,5479,2766,4903
Dharashiv,2018,Lohara,Rural,1703,1703,1264,1114,1488,1736,1527,807,1970
Dharashiv,2018,Lohara,Urban,1994,1994,1269,95,22,178,131,214,154
Dharashiv,2018,Lohara,Total,3697,3697,2533,1209,1510,1914,1658,1021,2124
Dharashiv,2018,Umaraga,Rural,4091,3024,2513,2839,1919,3129,3175,1661,3346
Dharashiv,2018,Umaraga,Urban,6988,1920,2214,454,1278,15,28,1069,1027
Dharashiv,2018,Umaraga,Total,11079,4944,4727,3293,3197,3144,3203,2730,4373
Dharashiv,2019,Paranda,Rural,1779,1902,1405,1830,1540,1652,1338,1848,1841
Dharashiv,2019,Paranda,Urban,399,470,786,399,413,649,799,352,406
Dharashiv,2019,Paranda,Total,2178,2372,2191,2229,1953,2301,2137,2200,2247
Dharashiv,2019,Bhum,Rural,1724,1850,1365,1869,1678,2479,2527,2023,1800
Dharashiv,2019,Bhum,Urban,311,382,317,331,42,319,154,286,352
Dharashiv,2019,Bhum,Total,2035,2232,1682,2200,1720,2798,2681,2309,2152
Dharashiv,2019,Washi,Rural,1256,1397,660,1269,1617,2742,2816,1053,1291
Dharashiv,2019,Washi,Urban,141,169,452,127,59,125,107,118,113
Dharashiv,2019,Washi,Total,1397,1566,1112,1396,1676,2867,2923,1171,1404
Dharashiv,2019,Kalamb,Rural,2776,2879,1909,2763,2567,3437,3358,3054,2771
Dharashiv,2019,Kalamb,Urban,687,628,940,671,670,635,583,520,626
Dharashiv,2019,Kalamb,Total,3463,3507,2849,3434,3237,4072,3941,3574,3397
Dharashiv,2019,Dharashiv,Rural,6593,6751,2087,6159,7142,9208,7884,4683,6726
Dharashiv,2019,Dharashiv,Urban,910,1802,7805,962,485,725,937,3962,1361
Dharashiv,2019,Dharashiv,Total,7503,8553,9892,7121,7627,9933,8821,8645,8087
Dharashiv,2019,Tuljapur,Rural,4109,4184,2977,4071,3678,6313,5929,4198,4132
Dharashiv,2019,Tuljapur,Urban,654,712,1446,648,190,199,319,684,753
Dharashiv,2019,Tuljapur,Total,4763,4896,4423,4719,3868,6512,6248,4882,4885
Dharashiv,2019,Lohara,Rural,1558,1893,915,1575,1235,2082,1730,1641,1739
Dharashiv,2019,Lohara,Urban,209,267,1379,222,60,100,98,413,219
Dharashiv,2019,Lohara,Total,1767,2160,2294,1797,1295,2182,1828,2054,1958
Dharashiv,2019,Umaraga,Rural,3199,3550,2449,3396,2468,3685,4315,3351,3311
Dharashiv,2019,Umaraga,Urban,1008,1317,2274,1110,797,10560,9814,1102,1146
Dharashiv,2019,Umaraga,Total,4207,4867,4723,4506,3265,14245,14129,4453,4457
Dharashiv,2020,Paranda,Rural,1714,1715,1735,1783,1249,900,545,1794,1908
Dharashiv,2020,Paranda,Urban,533,525,776,496,298,321,331,694,513
Dharashiv,2020,Paranda,Total,2247,2240,2511,2279,1547,1221,876,2488,2421
Dharashiv,2020,Bhum,Rural,1746,1773,1413,2032,830,1085,1032,1876,1974
Dharashiv,2020,Bhum,Urban,181,232,318,327,13,85,97,477,340
Dharashiv,2020,Bhum,Total,1927,2005,1731,2359,843,1170,1129,2353,2314
Dharashiv,2020,Washi,Rural,1273,1273,736,1321,1183,1251,1157,1113,1362
Dharashiv,2020,Washi,Urban,192,192,365,203,62,87,70,270,207
Dharashiv,2020,Washi,Total,1465,1465,1101,1524,1245,1338,1227,1383,1569
Dharashiv,2020,Kalamb,Rural,2775,2761,2110,2835,1973,1821,1810,2765,2950
Dharashiv,2020,Kalamb,Urban,649,638,435,748,627,549,549,923,623
Dharashiv,2020,Kalamb,Total,3424,3399,2545,3583,3085,2370,2359,3688,3573
Dharashiv,2020,Dharashiv,Rural,4443,4395,1948,4519,3876,3844,3870,4576,4522
Dharashiv,2020,Dharashiv,Urban,2989,2950,6262,2904,1818,1959,1904,3509,3742
Dharashiv,2020,Dharashiv,Total,7432,7345,8210,7423,5694,5803,5774,8085,8264
Dharashiv,2020,Tuljapur,Rural,3842,3830,3298,3837,3193,3104,3016,3832,4171
Dharashiv,2020,Tuljapur,Urban,563,555,924,641,155,36,11,1054,583
Dharashiv,2020,Tuljapur,Total,4405,4385,4222,"447
8",3348,3140,3027,4886,4754
Dharashiv,2020,Lohara,Rural,1602,1530,1089,1736,1681,1651,1633,1742,1816
Dharashiv,2020,Lohara,Urban,345,269,2823,410,107,165,185,713,408
Dharashiv,2020,Lohara,Total,1947,1799,3912,2146,1788,1816,1818,2455,2224
Dharashiv,2020,Umaraga,Rural,3143,3065,2455,3299,2560,2581,2742,3098,3460
Dharashiv,2020,Umaraga,Urban,1160,1202,1394,1089,697,479,792,1398,1116
Dharashiv,2020,Umaraga,Total,4303,4267,3849,4388,3257,3060,3534,4496,4576
Dharashiv,2021,Paranda,Rural,1882,1988,1968,1964,1610,1428,1366,2028,1978
Dharashiv,2021,Paranda,Urban,358,392,978,333,157,134,151,389,392
Dharashiv,2021,Paranda,Total,2240,2380,2946,2297,1767,1562,1517,2417,2370
Dharashiv,2021,Bhum,Rural,1751,1895,1478,1943,1440,1807,1920,1954,1899
Dharashiv,2021,Bhum,Urban,245,296,219,255,122,118,101,297,296
Dharashiv,2021,Bhum,Total,1996,2191,1697,2198,1562,1925,2021,2251,2195
Dharashiv,2021,Washi,Rural,1451,1565,952,1496,1505,1636,1592,1561,1580
Dharashiv,2021,Washi,Urban,71,111,383,117,35,81,89,210,111
Dharashiv,2021,Washi,Total,1522,1676,1335,1613,1540,1717,1681,1771,1691
Dharashiv,2021,Kalamb,Rural,3015,3332,2835,3291,2286,2002,1932,3447,3323
Dharashiv,2021,Kalamb,Urban,569,554,534,253,502,489,493,552,554
Dharashiv,2021,Kalamb,Total,3584,3886,3369,3544,2788,2491,2425,3999,3877
Dharashiv,2021,Dharashiv,Rural,4445,4455,2269,4563,4670,4659,4506,5359,4857
Dharashiv,2021,Dharashiv,Urban,3101,3101,7084,3162,2195,2171,2209,2868,4483
Dharashiv,2021,Dharashiv,Total,7546,7556,9353,7725,6865,6830,6715,8227,9340
Dharashiv,2021,Tuljapur,Rural,3789,3761,3284,3905,3434,3441,3268,4201,4090
Dharashiv,2021,Tuljapur,Urban,522,522,812,653,222,0,0,774,583
Dharashiv,2021,Tuljapur,Total,4311,4283,4096,4558,3656,3441,3268,4975,4673
Dharashiv,2021,Lohara,Rural,1521,1472,1180,1805,1639,1412,1352,1673,1771
Dharashiv,2021,Lohara,Urban,202,202,2559,239,79,152,165,502,263
Dharashiv,2021,Lohara,Total,1723,1674,3739,2044,1718,1564,1517,2175,2034
Dharashiv,2021,Umaraga,Rural,3412,3381,2999,3413,3058,3324,3449,3762,3535
Dharashiv,2021,Umaraga,Urban,785,785,1703,1030,786,438,466,1315,1157
Dharashiv,2021,Umaraga,Total,4197,4166,4702,4443,3844,3762,3915,5077,4692
Palghar,2014,Talasari,Rural,3215,3215,2895,3102,3112,3520,3278,3514,
Palghar,2014,Talasari,Urban,,,,,,,,,
Palghar,2014,Talasari,Total,3215,3215,2895,3102,3112,3520,3278,3514,
Palghar,2014,Dahanu,Rural,10125,10125,8815,8524,8245,8551,8314,10306,
Palghar,2014,Dahanu,Urban,,,,,,,,,
Palghar,2014,Dahanu,Total,10125,10125,8815,8524,8245,8551,8314,10306,
Palghar,2014,Vikramgad,Rural,2929,2929,2811,2812,2817,2826,2836,2878,
Palghar,2014,Vikramgad,Urban,,,,,,,,,
Palghar,2014,Vikramgad,Total,2929,2929,2811,2812,2817,2826,2836,2878,
Palghar,2014,Javhar,Rural,2945,2945,2875,2852,2850,2966,2810,3214,
Palghar,2014,Javhar,Urban,,,,,,,,,
Palghar,2014,Javhar,Total,2945,2945,2875,2852,2850,2966,2810,3214,
Palghar,2014,Mokhada,Rural,2012,2012,1514,1958,1856,1925,1925,3244,
Palghar,2014,Mokhada,Urban,,,,,,,,,
Palghar,2014,Mokhada,Total,2012,2012,1514,1958,1856,1925,1925,3244,
Palghar,2014,Wada,Rural,3336,3336,3120,3532,3118,3542,3355,35528,
Palghar,2014,Wada,Urban,,,,,,,,,
Palghar,2014,Wada,Total,3336,3336,3120,3532,3118,3542,3355,35528,
Palghar,2014,Palghar,Rural,7681,7681,6981,7724,7650,8856,7441,7941,
Palghar,2014,Palghar,Urban,,,,,,,,,
Palghar,2014,Palghar,Total,7681,7681,6981,7724,7650,8856,7441,7941,
Palghar,2014,Vasai,Rural,5356,5356,5205,5309,5510,5200,5118,5325,
Palghar,2014,Vasai,Urban,,,,,,,,,
Palghar,2014,Vasai,Total,5356,5356,5205,5309,5510,5200,5118,5325,
Palghar,2015,Talasari,Rural,3215,3160,3321,3123,3548,3870,3155,3285,
Palghar,2015,Talasari,Urban,,,,,,,,,
Palghar,2015,Talasari,Total,3215,3160,3321,3123,3548,3870,3155,3285,
Palghar,2015,Dahanu,Rural,8119,8131,7113,8085,7340,6899,6211,9226,
Palghar,2015,Dahanu,Urban,,,,,,,,,
Palghar,2015,Dahanu,Total,8781,8755,8592,8674,7822,7677,6921,9226,
Palghar,2015,Vikramgad,Rural,2884,2830,3060,2985,2309,2744,2672,3037,
Palghar,2015,Vikramgad,Urban,,,,,,,,,
Palghar,2015,Vikramgad,Total,2884,2830,3060,2985,2309,2744,2672,3037,
Palghar,2015,Javhar,Rural,2699,2560,1558,2707,2008,1946,1871,3055,
Palghar,2015,Javhar,Urban,,,,,,,,,
Palghar,2015,Javhar,Total,2851,2711,2794,2874,2008,2573,2999,3055,
Palghar,2015,Mokhada,Rural,1840,1755,872,1726,1823,2376,2170,2211,
Palghar,2015,Mokhada,Urban,,,,,,,,,
Palghar,2015,Mokhada,Total,1840,1755,872,1726,1823,2376,2170,2211,
Palghar,2015,Wada,Rural,3360,3215,3422,3423,2763,3753,3642,3509,
Palghar,2015,Wada,Urban,,,,,,,,,
Palghar,2015,Wada,Total,3360,3215,3422,3423,2763,3753,3642,3509,
Palghar,2015,Palghar,Rural,7046,6970,7158,7034,7634,6926,4674,8063,
Palghar,2015,Palghar,Urban,,,,,,,,,
Palghar,2015,Palghar,Total,7933,7798,7847,7925,7634,8224,7891,8063,
Palghar,2015,Vasai,Rural,3654,3596,2886,3762,4183,4102,3770,3492,
Palghar,2015,Vasai,Urban,,,,,,,,,
Palghar,2015,Vasai,Total,26613,26595,22498,26718,18694,13434,7518,3492,
Palghar,2016,Talasari,Rural,3174,3174,3521,3116,4064,3796,2838,3469,
Palghar,2016,Talasari,Urban,,,,,,,,,
Palghar,2016,Talasari,Total,3174,3174,3521,3116,4064,3796,2838,3469,
Palghar,2016,Dahanu,Rural,7917,7917,8186,7872,9990,8066,6575,8770,
Palghar,2016,Dahanu,Urban,,,,,,,,,
Palghar,2016,Dahanu,Total,8705,8705,9718,8769,10723,8788,7139,9393,
Palghar,2016,Vikramgad,Rural,2758,2758,3387,2808,2507,3075,2931,3251,
Palghar,2016,Vikramgad,Urban,,,,,,,,,
Palghar,2016,Vikramgad,Total,2758,2758,3387,2808,2507,3075,2931,3251,
Palghar,2016,Javhar,Rural,2442,2442,1767,2462,2411,2311,2277,2937,
Palghar,2016,Javhar,Urban,,,,,,,,,
Palghar,2016,Javhar,Total,2704,2704,3733,2818,3406,3282,3216,3132,
Palghar,2016,Mokhada,Rural,1586,1586,1034,1670,2024,2100,1715,1969,
Palghar,2016,Mokhada,Urban,,,,,,,,,
Palghar,2016,Mokhada,Total,1586,1586,1034,1670,2024,2100,1715,1969,
Palghar,2016,Wada,Rural,3195,3195,3522,3264,3193,3631,3768,3618,
Palghar,2016,Wada,Urban,,,,,,,,,
Palghar,2016,Wada,Total,3195,3195,3522,3264,3193,3631,3768,3618,
Palghar,2016,Palghar,Rural,7291,7291,7659,7643,7601,9287,7935,7507,
Palghar,2016,Palghar,Urban,,,,,,,,,
Palghar,2016,Palghar,Total,9081,9081,9553,9269,9065,11662,10127,9030,
Palghar,2016,Vasai,Rural,3361,3361,2688,3452,3985,4178,3767,3156,
Palghar,2016,Vasai,Urban,,,,,,,,,
Palghar,2016,Vasai,Total,25894,25938,24557,27870,19251,14374,4366,40007,
Palghar,2017,Talasari,Rural,3045,2997,3416,2981,2497,2253,1947,3691,
Palghar,2017,Talasari,Urban,0,0,0,0,0,0,0,0,
Palghar,2017,Talasari,Total,3045,2997,3416,2981,2497,2253,1947,3691,
Palghar,2017,Dahanu,Rural,7804,7801,7636,7602,6971,6914,6292,9097,
Palghar,2017,Dahanu,Urban,661,661,1811,649,668,592,556,502,
Palghar,2017,Dahanu,Total,8465,8462,9447,8251,7639,7506,6848,9599,
Palghar,2017,Vikramgad,Rural,2658,2701,2778,2475,2016,2590,3378,3005,
Palghar,2017,Vikramgad,Urban,0,0,0,0,0,0,0,0,
Palghar,2017,Vikramgad,Total,2658,2701,2778,2475,2016,2590,3378,3005,
Palghar,2017,Javhar,Rural,2459,2464,1774,2347,1912,1579,1515,2820,
Palghar,2017,Javhar,Urban,356,356,2030,401,284,1254,1344,221,
Palghar,2017,Javhar,Total,2815,2820,3804,2748,2196,2833,2859,3041,
Palghar,2017,Mokhada,Rural,1623,1623,1190,1519,1338,2036,1954,2141,
Palghar,2017,Mokhada,Urban,0,0,0,0,0,0,0,0,
Palghar,2017,Mokhada,Total,1623,1623,1190,1519,1338,2036,1954,2141,
Palghar,2017,Wada,Rural,3171,3090,3919,3164,2812,2606,3236,3497,
Palghar,2017,Wada,Urban,0,0,0,0,0,0,0,0,
Palghar,2017,Wada,Total,3171,3090,3919,3164,2812,2606,3236,3497,
Palghar,2017,Palghar,Rural,7309,7257,7259,7243,6439,7760,6821,8188,
Palghar,2017,Palghar,Urban,1796,1796,2488,1756,1296,2596,2136,1506,
Palghar,2017,Palghar,Total,9105,9053,9747,8999,7735,10356,8957,9694,
Palghar,2017,Vasai,Rural,3266,3246,2476,3479,3092,4122,4009,3699,
Palghar,2017,Vasai,Urban,23632,23622,17951,24444,17882,12993,8069,21743,
Palghar,2017,Vasai,Total,26898,26868,20427,27923,20974,17115,12078,25442,
Palghar,2018,Talasari,Rural,0,3277,2859,3010,1174,2507,1731,3283,3277
Palghar,2018,Talasari,Urban,0,0,797,0,1,408,362,0,0
Palghar,2018,Talasari,Total,0,3277,3656,3010,1175,2915,2093,3283,3277
Palghar,2018,Dahanu,Rural,0,7831,5849,7216,5328,7711,7587,8209,7838
Palghar,2018,Dahanu,Urban,0,608,1816,587,461,550,410,484,604
Palghar,2018,Dahanu,Total,0,8439,7665,7803,5789,8261,7997,8693,8442
Palghar,2018,Vikramgad,Rural,0,2569,1493,2280,1569,1898,1750,2829,2570
Palghar,2018,Vikramgad,Urban,0,46,862,48,14,499,452,152,44
Palghar,2018,Vikramgad,Total,0,2615,2355,2328,1583,2397,2202,2981,2614
Palghar,2018,Javhar,Rural,0,2561,1578,2205,1991,2085,1961,2679,2562
Palghar,2018,Javhar,Urban,0,346,1895,341,394,1108,1130,171,346
Palghar,2018,Javhar,Total,0,2907,3473,2546,2385,3193,3091,2850,2908
Palghar,2018,Mokhada,Rural,0,1702,721,1413,1673,2087,2116,1685,1702
Palghar,2018,Mokhada,Urban,0,9,442,8,1,214,219,561,9
Palghar,2018,Mokhada,Total,0,1711,1163,1421,1674,2301,2335,2246,1711
Palghar,2018,Wada,Rural,0,2965,2711,2669,2123,1991,2153,3236,2965
Palghar,2018,Wada,Urban,0,182,1066,204,106,887,963,251,223
Palghar,2018,Wada,Total,0,3147,3777,2873,2229,2878,3116,3487,3188
Palghar,2018,Palghar,Rural,0,7324,7218,6665,5127,7994,7534,8744,7339
Palghar,2018,Palghar,Urban,0,1437,2329,1152,811,1191,922,1657,1437
Palghar,2018,Palghar,Total,0,8761,9547,7817,5938,9185,8456,10401,8776
Palghar,2018,Vasai,Rural,0,3009,2065,2541,2492,2683,2299,2990,3009
Palghar,2018,Vasai,Urban,0,22430,18517,19829,16558,12587,7112,23561,22431
Palghar,2018,Vasai,Total,0,25439,20582,22370,19050,15270,9411,26551,25440
Palghar,2019,Talasari,Rural,0,3183,2857,3347,1172,2500,1737,3335,3178
Palghar,2019,Talasari,Urban,0,811,684,3,1,158,156,0,0
Palghar,2019,Talasari,Total,0,3994,3541,3350,1173,2658,1893,3335,3178
Palghar,2019,Dahanu,Rural,0,7494,4223,7963,5305,6571,6118,7889,7423
Palghar,2019,Dahanu,Urban,0,6461,3903,1151,895,751,496,1021,2275
Palghar,2019,Dahanu,Total,0,13955,8126,9114,6200,7322,6614,8910,9698
Palghar,2019,Vikramgad,Rural,0,2595,1550,2812,1569,1898,1750,2956,2592
Palghar,2019,Vikramgad,Urban,0,1297,1212,82,30,360,446,353,62
Palghar,2019,Vikramgad,Total,0,3892,2762,2894,1599,2258,2196,3309,2654
Palghar,2019,Javhar,Rural,0,2498,1010,2529,1991,2085,1961,2511,2580
Palghar,2019,Javhar,Urban,0,2821,1943,322,345,531,465,212,368
Palghar,2019,Javhar,Total,0,5319,2953,2851,2336,2616,2426,2723,2948
Palghar,2019,Mokhada,Rural,0,1671,1585,1722,1673,2087,2116,1755,1671
Palghar,2019,Mokhada,Urban,0,551,462,18,1,80,88,0,19
Palghar,2019,Mokhada,Total,0,2222,2047,1740,1674,2167,2204,1755,1690
Palghar,2019,Wada,Rural,0,3025,2810,3190,2123,1991,2153,3085,3038
Palghar,2019,Wada,Urban,0,1446,0,193,131,406,402,127,170
Palghar,2019,Wada,Total,0,4471,2810,3383,2254,2397,2555,3212,3208
Palghar,2019,Palghar,Rural,0,7783,6119,7958,4887,6837,6393,7832,7792
Palghar,2019,Palghar,Urban,0,6160,3542,1893,1314,2049,1065,3605,1816
Palghar,2019,Palghar,Total,0,13943,9661,9851,6201,8886,7458,11437,9608
Palghar,2019,Vasai,Rural,0,2595,1945,3594,2492,2683,2299,3143,3279
Palghar,2019,Vasai,Urban,0,446,190,187,159,681,638,327,148
Palghar,2019,Vasai,Total,0,3041,2135,3781,2651,3364,2937,3470,3427
Palghar,2020,Talasari,Rural,0,3204,2624,3178,2846,2223,2379,3324,3204
Palghar,2020,Talasari,Urban,0,0,969,0,0,4,2,3,0
Palghar,2020,Talasari,Total,0,3204,3593,3178,2846,2227,2381,3327,3204
Palghar,2020,Dahanu,Rural,0,8787,6227,6912,5906,4894,4649,8148,8787
Palghar,2020,Dahanu,Urban,0,1171,2415,1146,818,1088,868,669,1171
Palghar,2020,Dahanu,Total,0,9958,8642,8058,6724,5982,5517,8817,9958
Palghar,2020,Vikramgad,Rural,0,2908,1475,2952,1962,1048,1257,2931,2908
Palghar,2020,Vikramgad,Urban,0,0,1377,43,12,317,366,7,0
Palghar,2020,Vikramgad,Total,0,2908,2852,2995,1974,1365,1623,2938,2908
Palghar,2020,Javhar,Rural,0,2550,1873,2560,2258,1590,1528,2787,2550
Palghar,2020,Javhar,Urban,0,297,1973,301,314,461,424,173,297
Palghar,2020,Javhar,Total,0,2847,3846,2861,2572,2051,1952,2960,2847
Palghar,2020,Mokhada,Rural,0,1820,950,1827,1672,1368,1532,1846,1820
Palghar,2020,Mokhada,Urban,0,0,541,15,0,72,66,194,0
Palghar,2020,Mokhada,Total,0,1820,1491,1842,1672,1440,1598,2040,1820
Palghar,2020,Wada,Rural,0,3127,3020,3010,2440,1841,2072,3171,3127
Palghar,2020,Wada,Urban,0,0,863,75,42,340,481,55,0
Palghar,2020,Wada,Total,0,3127,3883,3085,2482,2181,2553,3226,3127
Palghar,2020,Palghar,Rural,0,8309,7703,8069,6819,6789,6033,8031,8309
Palghar,2020,Palghar,Urban,0,1416,1009,1563,1404,1089,1229,1294,1416
Palghar,2020,Palghar,Total,0,9725,8712,9632,8223,7878,7262,9325,9725
Palghar,2020,Vasai,Rural,0,3302,1993,3482,3450,2557,1955,2990,3302
Palghar,2020,Vasai,Urban,0,24127,23402,25248,15547,20796,10347,21712,24127
Palghar,2020,Vasai,Total,0,27429,25395,28730,18997,23353,12302,24702,27429
Palghar,2021,Talasari,Rural,0,3261,2653,3178,2829,2598,2538,3411,3261
Palghar,2021,Talasari,Urban,0,0,814,0,0,28,19,4,0
Palghar,2021,Talasari,Total,0,3261,3467,3178,2829,2626,2557,3415,3261
Palghar,2021,Dahanu,Rural,0,7724,6134,7655,5842,5472,4837,8393,7724
Palghar,2021,Dahanu,Urban,0,1646,2580,1472,1525,1965,1502,672,1646
Palghar,2021,Dahanu,Total,0,9370,8714,9127,7367,7437,6339,9065,9370
Palghar,2021,Vikramgad,Rural,0,2741,796,2640,2023,1482,1290,3197,2741
Palghar,2021,Vikramgad,Urban,0,102,1468,117,103,575,620,98,102
Palghar,2021,Vikramgad,Total,0,2843,2264,2757,2126,2057,1910,3295,2843
Palghar,2021,Javhar,Rural,0,2693,1880,2694,2608,2385,2273,2933,2693
Palghar,2021,Javhar,Urban,0,279,2015,365,202,303,159,224,279
Palghar,2021,Javhar,Total,0,2972,3895,3059,2810,2688,2432,3157,2972
Palghar,2021,Mokhada,Rural,0,1577,1301,1556,1553,1422,1362,2083,1577
Palghar,2021,Mokhada,Urban,0,13,473,9,0,49,30,144,13
Palghar,2021,Mokhada,Total,0,1590,1774,1565,1553,1471,1392,2227,1590
Palghar,2021,Wada,Rural,0,2958,2900,2969,2652,2496,2727,3637,2958
Palghar,2021,Wada,Urban,0,143,1020,149,162,344,406,91,143
Palghar,2021,Wada,Total,0,3101,3920,3118,2814,2840,3133,3728,3101
Palghar,2021,Palghar,Rural,0,7718,6841,7676,7427,6449,5585,8442,7718
Palghar,2021,Palghar,Urban,0,1004,961,1165,939,565,326,1025,1004
Palghar,2021,Palghar,Total,0,8722,7802,8841,8366,7014,5911,9467,8722
Palghar,2021,Vasai,Rural,0,3245,1864,3228,3622,2954,2327,3157,3245
Palghar,2021,Vasai,Urban,0,25922,24105,25028,24457,21681,16026,29213,25922
Palghar,2021,Vasai,Total,0,29167,25969,28256,28079,24635,18353,32370,29167
Parbhani,2013,Selu,Rural,2502,2577,2282,2347,1064,2004,2030,1689,
Parbhani,2013,Selu,Urban,,,,,,,,,
Parbhani,2013,Selu,Total,2502,2577,2282,2347,1064,2004,2030,1689,
Parbhani,2013,Jintur,Rural,5031,5169,4755,4841,3963,5018,5335,3113,
Parbhani,2013,Jintur,Urban,,,,,,,,,
Parbhani,2013,Jintur,Total,5031,5169,4755,4841,3963,5018,5335,3113,
Parbhani,2013,Parbhani,Rural,5046,5267,3805,4861,3228,4955,4868,3583,
Parbhani,2013,Parbhani,Urban,,,,,,,,,
Parbhani,2013,Parbhani,Total,5046,5267,3805,4861,3228,4955,4868,3583,
Parbhani,2013,Manvat,Rural,1479,1517,1248,1562,918,1128,877,1279,
Parbhani,2013,Manvat,Urban,,,,,,,,,
Parbhani,2013,Manvat,Total,1479,1517,1248,1562,918,1128,877,1279,
Parbhani,2013,Pathari,Rural,1941,2078,1864,1879,1793,1759,1531,1059,
Parbhani,2013,Pathari,Urban,,,,,,,,,
Parbhani,2013,Pathari,Total,1941,2078,1864,1879,1793,1759,1531,1059,
Parbhani,2013,Sonpeth,Rural,1548,1611,1312,1362,786,1629,1533,1071,
Parbhani,2013,Sonpeth,Urban,,,,,,,,,
Parbhani,2013,Sonpeth,Total,1548,1611,1312,1362,786,1629,1533,1071,
Parbhani,2013,Gangakhed,Rural,2990,3403,3051,2709,2110,3246,3552,2086,
Parbhani,2013,Gangakhed,Urban,,,,,,,,,
Parbhani,2013,Gangakhed,Total,2990,3403,3051,2709,2110,3246,3552,2086,
Parbhani,2013,Palam,Rural,2610,2613,2063,2277,1548,2221,2443,1660,
Parbhani,2013,Palam,Urban,,,,,,,,,
Parbhani,2013,Palam,Total,2610,2613,2063,2277,1548,2221,2443,1660,
Parbhani,2013,Purna,Rural,2820,2991,2397,2693,1074,2462,2257,1775,
Parbhani,2013,Purna,Urban,,,,,,,,,
Parbhani,2013,Purna,Total,2820,2991,2397,2693,1074,2462,2257,1775,
Parbhani,2014,Selu,Rural,2502,2502,2139,2566,1727,2269,2400,2241,
Parbhani,2014,Selu,Urban,,,,,,,,,
Parbhani,2014,Selu,Total,2502,2502,2139,2566,1727,2269,2400,2241,
Parbhani,2014,Jintur,Rural,5120,5120,3390,4696,4799,5240,5236,4800,
Parbhani,2014,Jintur,Urban,,,,,,,,,
Parbhani,2014,Jintur,Total,5120,5120,3390,4696,4799,5240,5236,4800,
Parbhani,2014,Parbhani,Rural,4720,4720,2430,4737,4398,5392,5122,4910,
Parbhani,2014,Parbhani,Urban,,,,,,,,,
Parbhani,2014,Parbhani,Total,4720,4720,2430,4737,4398,5392,5122,4910,
Parbhani,2014,Manvat,Rural,1587,1587,1154,1433,1021,1277,1168,1529,
Parbhani,2014,Manvat,Urban,,,,,,,,,
Parbhani,2014,Manvat,Total,1587,1587,1154,1433,1021,1277,1168,1529,
Parbhani,2014,Pathari,Rural,1757,1757,1638,1641,1477,1755,1632,1947,
Parbhani,2014,Pathari,Urban,,,,,,,,,
Parbhani,2014,Pathari,Total,1757,1757,1638,1641,1477,1755,1632,1947,
Parbhani,2014,Sonpeth,Rural,1490,1490,1817,1407,822,1340,1365,1622,
Parbhani,2014,Sonpeth,Urban,,,,,,,,,
Parbhani,2014,Sonpeth,Total,1490,1490,1817,1407,822,1340,1365,1622,
Parbhani,2014,Gangakhed,Rural,3299,3299,2892,2701,2325,3416,3529,2875,
Parbhani,2014,Gangakhed,Urban,,,,,,,,,
Parbhani,2014,Gangakhed,Total,3299,3299,2892,2701,2325,3416,3529,2875,
Parbhani,2014,Palam,Rural,2772,2772,1945,2527,1816,2579,2711,2087,
Parbhani,2014,Palam,Urban,,,,,,,,,
Parbhani,2014,Palam,Total,2772,2772,1945,2527,1816,2579,2711,2087,
Parbhani,2014,Purna,Rural,2774,2774,1444,2644,2151,3274,3143,3000,
Parbhani,2014,Purna,Urban,,,,,,,,,
Parbhani,2014,Purna,Total,2774,2774,1444,2644,2151,3274,3143,3000,
Parbhani,2015,Selu,Rural,2094,2094,1920,2242,2075,23412,2433,2006,
Parbhani,2015,Selu,Urban,218,218,620,213,88,15,15,49,
Parbhani,2015,Selu,Total,2312,2312,2540,2455,2163,23427,2448,2055,
Parbhani,2015,Jintur,Rural,4917,4917,4803,5016,4630,5143,5468,4259,
Parbhani,2015,Jintur,Urban,202,202,382,491,72,130,128,65,
Parbhani,2015,Jintur,Total,5119,5119,5185,5507,4702,5273,5596,4324,
Parbhani,2015,Parbhani,Rural,4788,4788,4264,5043,4856,5606,5518,5043,
Parbhani,2015,Parbhani,Urban,1524,1524,4054,1420,1668,1580,2017,841,
Parbhani,2015,Parbhani,Total,6312,6312,8318,6463,6524,7186,7535,5884,
Parbhani,2015,Manvat,Rural,1343,1343,1836,1477,1203,1219,1316,1601,
Parbhani,2015,Manvat,Urban,145,145,210,350,74,12,14,55,
Parbhani,2015,Manvat,Total,1488,1488,2046,1827,1277,1231,1330,1656,
Parbhani,2015,Pathari,Rural,1943,1943,2525,2214,1279,1468,1519,1842,
Parbhani,2015,Pathari,Urban,612,612,591,676,904,1098,865,611,
Parbhani,2015,Pathari,Total,2555,2555,3116,2890,2183,2566,2384,2453,
Parbhani,2015,Sonpeth,Rural,1340,1340,1560,1408,1048,1033,1013,1424,
Parbhani,2015,Sonpeth,Urban,104,104,180,210,14,45,20,38,
Parbhani,2015,Sonpeth,Total,1444,1444,1740,1618,1062,1078,1033,1462,
Parbhani,2015,Gangakhed,Rural,2965,2965,3133,2744,2597,3170,3425,2714,
Parbhani,2015,Gangakhed,Urban,125,125,172,128,129,145,208,138,
Parbhani,2015,Gangakhed,Total,3090,3090,3305,2872,2726,3315,3633,2852,
Parbhani,2015,Palam,Rural,2442,2442,2337,2282,1800,2170,2457,2134,
Parbhani,2015,Palam,Urban,0,0,0,0,0,0,0,0,
Parbhani,2015,Palam,Total,2442,2442,2337,2282,1800,2170,2457,2134,
Parbhani,2015,Purna,Rural,2535,2535,3378,2615,2413,2255,2421,2531,
Parbhani,2015,Purna,Urban,215,215,324,390,87,60,35,40,
Parbhani,2015,Purna,Total,2750,2750,3702,3005,2500,2315,2456,2571,
Parbhani,2016,Selu,Rural,1932,1913,841,1952,1958,2467,2658,2522,
Parbhani,2016,Selu,Urban,945,945,1370,765,124,143,134,747,
Parbhani,2016,Selu,Total,2877,2858,2211,2717,2082,2610,2792,3269,
Parbhani,2016,Jintur,Rural,4873,4759,3238,4546,4234,5283,5276,4959,
Parbhani,2016,Jintur,Urban,799,799,1504,583,326,264,366,366,
Parbhani,2016,Jintur,Total,5672,5558,4742,5129,4560,5547,5642,5325,
Parbhani,2016,Parbhani,Rural,4862,4874,1907,4771,4297,5249,5051,7031,
Parbhani,2016,Parbhani,Urban,1830,1830,6749,1541,256,11,0,443,
Parbhani,2016,Parbhani,Total,6692,6704,8656,6312,4553,5260,5051,7474,
Parbhani,2016,Manvat,Rural,1456,1439,765,1300,1213,1065,1058,1756,
Parbhani,2016,Manvat,Urban,581,581,672,480,78,1,0,443,
Parbhani,2016,Manvat,Total,2037,2020,1437,1780,1291,1066,1058,2199,
Parbhani,2016,Pathari,Rural,1854,1890,795,1777,1664,1920,1624,2280,
Parbhani,2016,Pathari,Urban,790,790,1349,719,97,41,48,711,
Parbhani,2016,Pathari,Total,2644,2680,2144,2496,1761,1961,1672,2991,
Parbhani,2016,Sonpeth,Rural,1560,1569,1299,1400,1299,1215,1273,1279,
Parbhani,2016,Sonpeth,Urban,104,104,180,210,14,45,20,38,
Parbhani,2016,Sonpeth,Total,1664,1673,1479,1610,1313,1260,1293,1317,
Parbhani,2016,Gangakhed,Rural,2713,2478,1734,2680,2465,3161,3253,3477,
Parbhani,2016,Gangakhed,Urban,945,945,1741,831,831,410,19,169,
Parbhani,2016,Gangakhed,Total,3658,3423,3475,3511,3296,3571,3272,3646,
Parbhani,2016,Palam,Rural,1944,1968,964,1639,1608,1864,1991,2192,
Parbhani,2016,Palam,Urban,251,251,244,225,29,30,19,217,
Parbhani,2016,Palam,Total,2195,2219,1208,1864,1637,1894,2010,2409,
Parbhani,2016,Purna,Rural,2832,2831,1031,2598,2524,2597,2563,2974,
Parbhani,2016,Purna,Urban,596,596,391,521,68,78,58,393,
Parbhani,2016,Purna,Total,3428,3427,1422,3119,2592,2675,2621,3367,
Parbhani,2017,Selu,Rural,2257,2815,2192,2114,2400,3342,3229,1995,
Parbhani,2017,Selu,Urban,703,1483,1510,703,614,192,181,819,
Parbhani,2017,Selu,Total,2960,4298,3702,2817,3014,3534,3410,2814,
Parbhani,2017,Jintur,Rural,5473,5285,4776,4959,5977,5134,5249,4615,
Parbhani,2017,Jintur,Urban,523,1193,1264,524,324,528,434,735,
Parbhani,2017,Jintur,Total,5996,6478,6040,5483,6301,5662,5683,5350,
Parbhani,2017,Parbhani,Rural,5091,5141,3316,4591,5591,5228,5201,4930,
Parbhani,2017,Parbhani,Urban,1735,7376,8680,1712,1211,0,0,1486,
Parbhani,2017,Parbhani,Total,6826,12517,11996,6303,6802,5228,5201,6416,
Parbhani,2017,Manvat,Rural,1631,1512,1964,1520,1742,1576,1456,1677,
Parbhani,2017,Manvat,Urban,475,484,500,430,418,118,67,445,
Parbhani,2017,Manvat,Total,2106,1996,2464,1950,2160,1694,1523,2122,
Parbhani,2017,Pathari,Rural,2076,1996,1938,1900,2252,2141,2074,2051,
Parbhani,2017,Pathari,Urban,591,952,952,561,571,194,184,812,
Parbhani,2017,Pathari,Total,2667,2948,2890,2461,2823,2335,2258,2863,
Parbhani,2017,Sonpeth,Rural,1601,1835,1853,1487,1710,1388,1380,1255,
Parbhani,2017,Sonpeth,Urban,0,0,0,0,0,0,0,0,
Parbhani,2017,Sonpeth,Total,1601,1835,1853,1487,1710,1388,1380,1255,
Parbhani,2017,Gangakhed,Rural,3258,3461,3439,2986,3530,2865,2833,2738,
Parbhani,2017,Gangakhed,Urban,870,1173,1672,845,786,312,207,610,
Parbhani,2017,Gangakhed,Total,4128,4634,5111,3831,4316,3177,3040,3348,
Parbhani,2017,Palam,Rural,2109,1871,2115,1936,2282,1881,2005,1662,
Parbhani,2017,Palam,Urban,218,201,201,233,146,0,0,218,
Parbhani,2017,Palam,Total,2327,2072,2316,2169,2428,1881,2005,1880,
Parbhani,2017,Purna,Rural,2921,2906,2908,2705,3137,2527,2710,2729,
Parbhani,2017,Purna,Urban,534,515,756,356,528,374,240,512,
Parbhani,2017,Purna,Total,3455,3421,3664,3061,3665,2901,2950,3241,
Parbhani,2018,Selu,Rural,0,2146,1317,1900,2010,2010,2165,2047,2146
Parbhani,2018,Selu,Urban,0,1109,1578,344,243,210,226,766,859
Parbhani,2018,Selu,Total,0,3255,2895,2244,2253,2220,2391,2813,3005
Parbhani,2018,Jintur,Rural,0,5077,4289,4312,5710,5710,5773,5001,5167
Parbhani,2018,Jintur,Urban,0,909,1483,348,403,528,559,923,861
Parbhani,2018,Jintur,Total,0,5986,5772,4660,6113,6238,6332,5924,6028
Parbhani,2018,Parbhani,Rural,0,5273,2055,4221,4497,4497,4405,4319,5273
Parbhani,2018,Parbhani,Urban,0,11074,9555,743,215,0,0,1330,2749
Parbhani,2018,Parbhani,Total,0,16347,11610,4964,4712,4497,4405,5649,8022
Parbhani,2018,Manvat,Rural,0,1533,1703,1406,2130,2130,1980,1592,1530
Parbhani,2018,Manvat,Urban,0,449,576,151,133,0,0,331,645
Parbhani,2018,Manvat,Total,0,1982,2279,1557,2263,2130,1980,1923,2175
Parbhani,2018,Pathari,Rural,0,1787,1492,1903,1551,1551,1559,2052,1791
Parbhani,2018,Pathari,Urban,0,1175,1108,391,175,195,177,762,878
Parbhani,2018,Pathari,Total,0,2962,2600,2294,1726,1746,1736,2814,2669
Parbhani,2018,Sonpeth,Rural,0,2143,1659,1484,1389,1389,1432,1558,2149
Parbhani,2018,Sonpeth,Urban,0,0,0,0,0,0,0,0,0
Parbhani,2018,Sonpeth,Total,0,2143,1659,1484,1389,1389,1432,1558,2149
Parbhani,2018,Gangakhed,Rural,0,2952,2604,2938,2536,2536,2533,3139,2962
Parbhani,2018,Gangakhed,Urban,0,1275,1940,532,151,63,54,492,1215
Parbhani,2018,Gangakhed,Total,0,4227,4544,3470,2687,2599,2587,3631,4177
Parbhani,2018,Palam,Rural,0,1947,1269,1721,1597,1597,1613,1844,1947
Parbhani,2018,Palam,Urban,0,214,188,158,95,84,84,143,306
Parbhani,2018,Palam,Total,0,2161,1457,1879,1692,1681,1697,1987,2253
Parbhani,2018,Purna,Rural,0,2548,2551,2202,2515,2515,2466,2734,2575
Parbhani,2018,Purna,Urban,0,475,690,221,131,135,115,554,596
Parbhani,2018,Purna,Total,0,3023,3241,2423,2646,2650,2581,3288,3171
Parbhani,2019,Selu,Rural,1766,599,1156,1808,1806,1886,2208,3207,1766
Parbhani,2019,Selu,Urban,747,871,1308,852,530,948,1094,844,747
Parbhani,2019,Selu,Total,2513,1470,2464,2660,2336,2834,3302,4051,2513
Parbhani,2019,Jintur,Rural,4817,1259,4017,4748,4895,4748,4624,7532,4832
Parbhani,2019,Jintur,Urban,722,1204,1740,627,297,361,236,1425,655
Parbhani,2019,Jintur,Total,5539,2463,5757,5375,5192,5109,4860,8957,5487
Parbhani,2019,Parbhani,Rural,4765,1196,2318,4508,3532,4221,3905,7562,4763
Parbhani,2019,Parbhani,Urban,1885,6895,8257,2268,382,179,119,2461,1885
Parbhani,2019,Parbhani,Total,6650,8091,10575,6776,3914,4400,4024,10023,6648
Parbhani,2019,Manvat,Rural,1398,1040,1254,1241,1253,1314,1609,2495,1398
Parbhani,2019,Manvat,Urban,449,437,440,472,103,15,0,568,449
Parbhani,2019,Manvat,Total,1847,1477,1694,1713,1356,1329,1609,3063,1847
Parbhani,2019,Pathari,Rural,1793,1042,1456,1846,1353,1417,1513,3158,1809
Parbhani,2019,Pathari,Urban,643,825,806,660,185,217,214,859,643
Parbhani,2019,Pathari,Total,2436,1867,2262,2506,1538,1634,1727,4017,2452
Parbhani,2019,Sonpeth,Rural,2093,1335,1819,1782,1322,1502,1192,2369,2101
Parbhani,2019,Sonpeth,Urban,0,0,0,0,0,0,0,0,0
Parbhani,2019,Sonpeth,Total,2093,1335,1819,1782,1322,1502,1192,2369,2101
Parbhani,2019,Gangakhed,Rural,3003,521,2756,2968,2380,2830,2488,5257,3003
Parbhani,2019,Gangakhed,Urban,957,945,1613,950,801,72,66,886,957
Parbhani,2019,Gangakhed,Total,3960,1466,4369,3918,3181,2902,2554,6143,3960
Parbhani,2019,Palam,Rural,1725,1220,1229,1722,1695,1703,1698,2950,1725
Parbhani,2019,Palam,Urban,254,180,176,190,111,60,56,88,254
Parbhani,2019,Palam,Total,1979,1400,1405,1912,1806,1763,1754,3038,1979
Parbhani,2019,Purna,Rural,2608,766,2358,2429,1839,2214,2048,4232,2606
Parbhani,2019,Purna,Urban,598,372,631,646,187,35,46,547,598
Parbhani,2019,Purna,Total,3206,1138,2989,3075,2026,2249,2094,4779,3204
Parbhani,2020,Selu,Rural,1920,724,1251,1743,1878,1737,1697,3322,1920
Parbhani,2020,Selu,Urban,721,751,1095,614,535,221,174,532,653
Parbhani,2020,Selu,Total,2641,1475,2346,2357,2413,1958,1871,3854,2573
Parbhani,2020,Jintur,Rural,4494,1547,4025,4453,4389,4278,4242,7041,4494
Parbhani,2020,Jintur,Urban,485,906,1177,405,273,336,278,319,549
Parbhani,2020,Jintur,Total,4979,2453,5202,4858,4662,4614,4520,7360,5043
Parbhani,2020,Parbhani,Rural,4763,1499,2402,4708,3967,2880,2697,7811,4760
Parbhani,2020,Parbhani,Urban,1371,6797,6797,1015,382,14,19,801,1163
Parbhani,2020,Parbhani,Total,6134,8296,9199,5723,4349,2894,2716,8612,5923
Parbhani,2020,Manvat,Rural,1429,1196,1297,1358,1211,992,1000,2434,1427
Parbhani,2020,Manvat,Urban,466,260,372,386,103,16,12,138,445
Parbhani,2020,Manvat,Total,1895,1456,1669,1744,1314,1008,1012,2572,1872
Parbhani,2020,Pathari,Rural,1726,1198,1540,1676,1413,1280,1215,3138,1732
Parbhani,2020,Pathari,Urban,591,697,703,449,185,198,171,365,515
Parbhani,2020,Pathari,Total,2317,1895,2243,2125,1598,1478,1386,3503,2247
Parbhani,2020,Sonpeth,Rural,1839,1542,1595,1632,1565,1368,1425,2205,1339
Parbhani,2020,Sonpeth,Urban,0,0,0,0,0,0,0,0,0
Parbhani,2020,Sonpeth,Total,1839,1542,1595,1632,1565,1368,1425,2205,1339
Parbhani,2020,Gangakhed,Rural,3090,476,2283,2394,2566,2654,2705,5013,3082
Parbhani,2020,Gangakhed,Urban,801,618,1367,984,211,61,66,351,874
Parbhani,2020,Gangakhed,Total,3891,1094,3650,3378,2777,2715,2771,5364,3956
Parbhani,2020,Palam,Rural,1738,1143,1365,1681,1629,1627,1677,2811,1738
Parbhani,2020,Palam,Urban,190,139,149,153,111,53,35,69,265
Parbhani,2020,Palam,Total,1928,1282,1514,1834,1740,1680,1712,2880,2003
Parbhani,2020,Purna,Rural,2503,854,2341,2422,2068,1375,1297,4267,2506
Parbhani,2020,Purna,Urban,549,248,307,397,187,37,2,312,499
Parbhani,2020,Purna,Total,3052,1102,2648,2819,2255,1412,1299,4579,3005
Parbhani,2021,Selu,Rural,1642,804,1229,1930,1742,1714,1596,1938,1890
Parbhani,2021,Selu,Urban,0,718,747,737,417,210,187,1044,762
Parbhani,2021,Selu,Total,1642,1522,1976,2667,2159,1924,1783,2982,2652
Parbhani,2021,Jintur,Rural,4410,1446,4176,4760,4452,4326,4400,4423,4800
Parbhani,2021,Jintur,Urban,0,947,979,397,295,347,301,1153,165
Parbhani,2021,Jintur,Total,4410,2393,5155,5157,4747,4673,4701,5576,4965
Parbhani,2021,Parbhani,Rural,4370,1322,3929,4604,4084,3838,3747,4540,4810
Parbhani,2021,Parbhani,Urban,0,7104,7852,1088,313,55,22,975,1497
Parbhani,2021,Parbhani,Total,4370,8426,11781,5692,4397,3893,3769,5515,6307
Parbhani,2021,Manvat,Rural,1259,956,1340,1370,1234,1129,948,1457,1398
Parbhani,2021,Manvat,Urban,0,250,374,269,146,39,27,723,269
Parbhani,2021,Manvat,Total,1259,1206,1714,1639,1380,1168,975,2180,1667
Parbhani,2021,Pathari,Rural,1672,1736,1964,2012,1255,1337,1329,2028,1997
Parbhani,2021,Pathari,Urban,0,766,836,516,179,232,167,788,507
Parbhani,2021,Pathari,Total,1672,2502,2800,2528,1434,1569,1496,2816,2504
Parbhani,2021,Sonpeth,Rural,1489,1322,1819,1495,1588,1208,1101,1322,1672
Parbhani,2021,Sonpeth,Urban,0,0,0,0,0,0,0,0,0
Parbhani,2021,Sonpeth,Total,1489,1322,1819,1495,1588,1208,1101,1322,1672
Parbhani,2021,Gangakhed,Rural,2854,408,3123,3136,2304,2277,2379,3169,3248
Parbhani,2021,Gangakhed,Urban,0,691,713,474,332,119,117,1111,474
Parbhani,2021,Gangakhed,Total,2854,1099,3836,3610,2636,2396,2496,4280,3722
Parbhani,2021,Palam,Rural,1946,1506,1739,2008,1813,1827,1852,1830,2048
Parbhani,2021,Palam,Urban,0,130,344,267,146,104,101,329,284
Parbhani,2021,Palam,Total,1946,1636,2083,2275,1959,1931,1953,2159,2332
Parbhani,2021,Purna,Rural,2564,944,2630,2722,2173,1662,1578,2708,2726
Parbhani,2021,Purna,Urban,0,375,555,528,150,46,23,587,560
Parbhani,2021,Purna,Total,2564,1319,3185,3250,2323,1708,1601,3295,3286
Pune,2011,Junnar,Rural,5409,5409,5047,5444,5235,6490,6733,5920,
Pune,2011,Junnar,Urban,,,,,,,,,
Pune,2011,Junnar,Total,5735,5735,5718,5770,5239,6608,6863,7184,
Pune,2011,Aambegaon,Rural,3318,3318,3145,3155,3493,3949,3973,3687,
Pune,2011,Aambegaon,Urban,,,,,,,,,
Pune,2011,Aambegaon,Total,3408,3408,3338,3237,3493,4119,4278,5194,
Pune,2011,Shirur,Rural,4913,4913,5004,5197,4441,5073,6035,5810,
Pune,2011,Shirur,Urban,,,,,,,,,
Pune,2011,Shirur,Total,5511,5511,5885,5730,4544,5289,6198,7196,
Pune,2011,Khed,Rural,5588,5588,5319,5500,6300,6565,6325,6204,
Pune,2011,Khed,Urban,,,,,,,,,
Pune,2011,Khed,Total,6164,6164,5884,6018,6750,7398,6910,7835,
Pune,2011,Maval,Rural,3716,3716,3588,3627,4643,4908,4457,4245,
Pune,2011,Maval,Urban,,,,,,,,,
Pune,2011,Maval,Total,4279,4279,4047,4224,4778,5016,4569,4810,
Pune,2011,Mulashi,Rural,2348,2348,2329,2315,2310,2425,2578,2560,
Pune,2011,Mulashi,Urban,,,,,,,,,
Pune,2011,Mulashi,Total,2351,2351,2389,2317,2310,2425,2578,2938,
Pune,2011,Haveli,Rural,8814,8814,8631,8750,8925,9581,10475,9932,
Pune,2011,Haveli,Urban,,,,,,,,,
Pune,2011,Haveli,Total,39572,40608,40206,37040,30188,31682,31299,40904,
Pune,2011,Pune City,Rural,0,0,0,0,0,0,0,0,
Pune,2011,Pune City,Urban,,,,,,,,,
Pune,2011,Pune City,Total,64603,70763,70355,61572,52293,49773,51101,33655,
Pune,2011,Daund,Rural,5235,5232,5122,5171,5748,6277,6794,5824,
Pune,2011,Daund,Urban,,,,,,,,,
Pune,2011,Daund,Total,5677,5677,5668,5745,5753,6277,6794,6701,
Pune,2011,Purandar,Rural,2918,2918,2744,2892,3067,3353,3542,3008,
Pune,2011,Purandar,Urban,,,,,,,,,
Pune,2011,Purandar,Total,3675,3700,3568,3698,3411,3685,3773,3862,
Pune,2011,Welhe,Rural,845,845,873,780,733,746,976,852,
Pune,2011,Welhe,Urban,,,,,,,,,
Pune,2011,Welhe,Total,845,845,964,780,733,746,976,1040,
Pune,2011,Bhor,Rural,2593,2593,2492,2511,3039,3208,2925,2811,
Pune,2011,Bhor,Urban,,,,,,,,,
Pune,2011,Bhor,Total,2743,2743,3573,2718,3039,3208,2925,3912,
Pune,2011,Baramati,Rural,5631,5631,5409,5547,5370,6254,6216,6093,
Pune,2011,Baramati,Urban,,,,,,,,,
Pune,2011,Baramati,Total,6819,6815,7251,6857,6168,7738,7565,7366,
Pune,2011,Indapur,Rural,5751,5751,5369,5491,5679,6221,5692,6273,
Pune,2011,Indapur,Urban,,,,,,,,,
Pune,2011,Indapur,Total,6436,6436,6159,6195,5679,6221,5692,7134,
Pune,2012,Junnar,Rural,5488,5488,5403,5657,5828,7022,6796,6107,
Pune,2012,Junnar,Urban,429,429,300,369,8,118,130,966,
Pune,2012,Junnar,Total,5917,5917,5703,6026,5836,7140,6926,7073,
Pune,2012,Aambegaon,Rural,3322,3322,3183,3296,3843,4506,4889,3871,
Pune,2012,Aambegaon,Urban,91,91,576,118,3,250,305,1448,
Pune,2012,Aambegaon,Total,3413,3413,3759,3414,3846,4756,5194,5319,
Pune,2012,Shirur,Rural,5933,5933,5710,6016,6203,6463,6498,6468,
Pune,2012,Shirur,Urban,867,867,704,719,142,216,163,1475,
Pune,2012,Shirur,Total,6800,6800,6414,6735,6345,6679,6661,7943,
Pune,2012,Khed,Rural,5960,5960,5814,5967,6417,6375,6980,6800,
Pune,2012,Khed,Urban,656,656,542,653,603,833,585,1621,
Pune,2012,Khed,Total,6616,6616,6356,6620,7020,7208,7565,8421,
Pune,2012,Maval,Rural,4007,4007,3872,3983,3948,4111,4501,4382,
Pune,2012,Maval,Urban,515,515,420,514,171,108,112,450,
Pune,2012,Maval,Total,4522,4522,4292,4497,4119,4219,4613,4832,
Pune,2012,Mulashi,Rural,2776,2776,2609,2769,3046,3481,3451,3015,
Pune,2012,Mulashi,Urban,20,20,127,20,0,0,0,512,
Pune,2012,Mulashi,Total,2796,2796,2736,2789,3046,3481,3451,3527,
Pune,2012,Haveli,Rural,10777,10777,12186,10937,10786,11251,11249,11737,
Pune,2012,Haveli,Urban,32806,32806,33570,28065,21874,22672,21434,36662,
Pune,2012,Haveli,Total,43583,43583,45756,39002,32660,33923,32683,48399,
Pune,2012,Pune City,Rural,0,0,0,0,0,0,0,0,
Pune,2012,Pune City,Urban,161892,161892,53863,161892,55465,56601,58295,66056,
Pune,2012,Pune City,Total,161892,161892,53863,161892,55465,56601,58295,66056,
Pune,2012,Daund,Rural,5565,5565,5531,5553,5854,6680,6384,6302,
Pune,2012,Daund,Urban,737,737,830,735,80,0,0,734,
Pune,2012,Daund,Total,6302,6302,6361,6288,5934,6680,6384,7036,
Pune,2012,Purandar,Rural,3178,3178,3099,3124,3793,3610,3862,3422,
Pune,2012,Purandar,Urban,623,623,711,1114,103,332,231,855,
Pune,2012,Purandar,Total,3801,3801,3810,4238,3896,3942,4093,4277,
Pune,2012,Welhe,Rural,841,841,809,907,888,1028,1128,828,
Pune,2012,Welhe,Urban,0,0,9,0,0,0,0,173,
Pune,2012,Welhe,Total,841,841,818,907,888,1028,1128,1001,
Pune,2012,Bhor,Rural,2802,2802,2749,2787,3125,3385,3724,3043,
Pune,2012,Bhor,Urban,154,154,846,221,0,0,0,652,
Pune,2012,Bhor,Total,2956,2956,3595,3008,3125,3385,3724,3695,
Pune,2012,Baramati,Rural,5984,5984,5681,5899,6335,6730,6628,6335,
Pune,2012,Baramati,Urban,1105,1105,1087,1482,929,1484,1349,1457,
Pune,2012,Baramati,Total,7089,7089,6768,7381,7264,8214,7977,7792,
Pune,2012,Indapur,Rural,6042,6042,5989,5966,6129,6687,6473,6866,
Pune,2012,Indapur,Urban,353,353,611,412,0,0,0,748,
Pune,2012,Indapur,Total,6395,6395,6600,6378,6129,6687,6473,7614,
Pune,2013,Junnar,Rural,31,146,146,7,85,84,156,,
Pune,2013,Junnar,Urban,242,242,227,228,0,95,90,103,
Pune,2013,Junnar,Total,273,388,373,235,0,180,174,259,
Pune,2013,Aambegaon,Rural,144,2174,1871,1680,0,198,240,510,
Pune,2013,Aambegaon,Urban,0,0,0,0,0,0,0,0,
Pune,2013,Aambegaon,Total,144,2174,1871,1680,0,198,240,510,
Pune,2013,Shirur,Rural,0,0,0,0,0,120,77,275,
Pune,2013,Shirur,Urban,2289,2384,580,1003,0,323,227,1738,
Pune,2013,Shirur,Total,2289,2384,580,1003,0,323,227,1738,
Pune,2013,Khed,Rural,0,388,162,0,0,351,305,918,
Pune,2013,Khed,Urban,556,556,558,437,0,385,440,397,
Pune,2013,Khed,Total,556,944,720,437,0,736,745,1315,
Pune,2013,Maval,Rural,0,69,0,0,0,61,32,31,
Pune,2013,Maval,Urban,525,525,336,522,0,0,0,212,
Pune,2013,Maval,Total,525,594,336,522,0,61,32,243,
Pune,2013,Mulashi,Rural,3,172,172,0,0,0,0,613,
Pune,2013,Mulashi,Urban,0,0,0,0,0,0,0,0,
Pune,2013,Mulashi,Total,3,172,172,0,0,0,0,613,
Pune,2013,Haveli,Rural,0,0,0,0,0,0,0,0,
Pune,2013,Haveli,Urban,434,1535,1507,435,0,94,171,1156,
Pune,2013,Haveli,Total,434,1535,1507,435,0,94,171,1156,
Pune,2013,Pune City,Rural,,,,,,,,,
Pune,2013,Pune City,Urban,,,,,,,,,
Pune,2013,Pune City,Total,,,,,,,,,
Pune,2013,Daund,Rural,0,361,0,0,0,0,0,32,
Pune,2013,Daund,Urban,710,2199,886,689,0,603,714,585,
Pune,2013,Daund,Total,710,2560,886,689,0,603,714,617,
Pune,2013,Purandar,Rural,0,0,0,0,0,0,0,0,
Pune,2013,Purandar,Urban,1275,1337,730,676,0,388,384,435,
Pune,2013,Purandar,Total,1275,1337,730,676,0,388,384,435,
Pune,2013,Welhe,Rural,4,4,4,4,0,28,28,93,
Pune,2013,Welhe,Urban,0,0,0,0,0,0,0,0,
Pune,2013,Welhe,Total,4,4,4,4,0,28,28,93,
Pune,2013,Bhor,Rural,0,0,0,0,0,0,0,0,
Pune,2013,Bhor,Urban,337,337,929,220,0,0,0,302,
Pune,2013,Bhor,Total,337,337,929,220,0,0,0,302,
Pune,2013,Baramati,Rural,266,300,235,306,0,489,444,501,
Pune,2013,Baramati,Urban,1133,1133,787,1106,0,992,989,953,
Pune,2013,Baramati,Total,1399,1433,1022,1412,0,1481,1433,1454,
Pune,2013,Indapur,Rural,0,34,32,0,0,0,0,100,
Pune,2013,Indapur,Urban,381,515,538,318,0,50,0,115,
Pune,2013,Indapur,Total,381,549,570,318,0,50,0,215,
Pune,2014,Junnar,Rural,6005,6068,4809,5938,4965,5590,6713,6519,
Pune,2014,Junnar,Urban,546,612,826,582,71,948,1038,811,
Pune,2014,Junnar,Total,6551,6680,5635,6520,5036,6538,7751,7330,
Pune,2014,Aambegaon,Rural,3217,5651,4879,3391,3446,3837,5459,4641,
Pune,2014,Aambegaon,Urban,0,0,2366,0,0,336,772,3378,
Pune,2014,Aambegaon,Total,3217,5651,7245,3391,3446,4173,6231,8019,
Pune,2014,Shirur,Rural,6297,6328,5193,6599,5275,6033,6551,8458,
Pune,2014,Shirur,Urban,1865,1909,1734,1758,358,787,688,2033,
Pune,2014,Shirur,Total,8162,8237,6927,8357,5633,6820,7239,10491,
Pune,2014,Khed,Rural,6386,6491,5406,6981,6128,7003,6736,7543,
Pune,2014,Khed,Urban,1058,970,936,1014,437,984,1481,1991,
Pune,2014,Khed,Total,7444,7461,6342,7995,6565,7987,8217,9534,
Pune,2014,Maval,Rural,4871,4956,3780,5067,4846,5294,5674,5252,
Pune,2014,Maval,Urban,988,1024,1000,994,168,43,5,1424,
Pune,2014,Maval,Total,5859,5980,4780,6061,5014,5337,5679,6676,
Pune,2014,Mulashi,Rural,3068,3246,3125,3176,2948,3101,3229,3705,
Pune,2014,Mulashi,Urban,0,0,152,0,0,10,15,464,
Pune,2014,Mulashi,Total,3068,3246,3277,3176,2948,3111,3244,4169,
Pune,2014,Haveli,Rural,15172,15172,16057,15512,11984,13102,13759,15471,
Pune,2014,Haveli,Urban,998,2285,3132,1186,75,298,338,2620,
Pune,2014,Haveli,Total,16170,17457,19189,16698,12059,13400,14097,18091,
Pune,2014,Pune City,Rural,784,784,7196,828,0,53,0,4382,
Pune,2014,Pune City,Urban,0,0,0,0,0,0,0,0,
Pune,2014,Pune City,Total,784,784,7196,828,0,53,0,4382,
Pune,2014,Daund,Rural,5922,6233,5347,5418,5031,5681,5724,6511,
Pune,2014,Daund,Urban,1476,1791,2394,1420,47,34,10,1116,
Pune,2014,Daund,Total,7398,8024,7741,6838,5078,5715,5734,7627,
Pune,2014,Purandar,Rural,3205,3205,3463,3189,3482,3641,3746,3578,
Pune,2014,Purandar,Urban,1307,961,1260,1324,154,770,766,824,
Pune,2014,Purandar,Total,4512,4166,4723,4513,3636,4411,4512,4402,
Pune,2014,Welhe,Rural,909,974,1053,909,838,1047,1457,1004,
Pune,2014,Welhe,Urban,0,0,0,0,0,39,29,144,
Pune,2014,Welhe,Total,909,974,1053,909,838,1086,1486,1148,
Pune,2014,Bhor,Rural,2922,2922,2995,2859,2772,2877,3044,3166,
Pune,2014,Bhor,Urban,464,522,1110,452,14,14,22,304,
Pune,2014,Bhor,Total,3386,3444,4105,3311,2786,2891,3066,3470,
Pune,2014,Baramati,Rural,6193,6146,5956,6005,7335,7855,8494,6976,
Pune,2014,Baramati,Urban,3027,3486,4172,4107,1814,2654,3184,2370,
Pune,2014,Baramati,Total,9220,9632,10128,10112,9149,10509,11678,9346,
Pune,2014,Indapur,Rural,6190,6388,6357,6099,6550,6414,6654,6756,
Pune,2014,Indapur,Urban,857,1355,1637,724,82,855,1116,327,
Pune,2014,Indapur,Total,7047,7743,7994,6823,6632,7269,7770,7083,
Pune,2015,Junnar,Rural,4989,5943,6598,6347,5972,6329,7256,6499,
Pune,2015,Junnar,Urban,596,632,963,722,56,341,298,874,
Pune,2015,Junnar,Total,5585,6575,7561,7069,6028,6670,7554,7373,
Pune,2015,Aambegaon,Rural,2798,3320,5501,3555,4219,4620,5275,6143,
Pune,2015,Aambegaon,Urban,25,75,2395,31,0,330,431,3329,
Pune,2015,Aambegaon,Total,2823,3395,7896,3586,4219,4950,5706,9472,
Pune,2015,Shirur,Rural,5831,6832,6206,7176,5619,6379,6395,7646,
Pune,2015,Shirur,Urban,2177,2571,2524,2737,429,582,380,2346,
Pune,2015,Shirur,Total,8008,9403,8730,9913,6048,6961,6775,9992,
Pune,2015,Khed,Rural,5982,6994,7334,7538,6190,6735,6828,7810,
Pune,2015,Khed,Urban,970,1065,1211,1265,298,898,213,2457,
Pune,2015,Khed,Total,6952,8059,8545,8803,6488,7633,7041,10267,
Pune,2015,Maval,Rural,4539,5081,4631,5220,5684,6389,6167,5608,
Pune,2015,Maval,Urban,901,961,1193,938,261,359,115,1119,
Pune,2015,Maval,Total,5440,6042,5824,6158,5945,6748,6282,6727,
Pune,2015,Mulashi,Rural,2523,2936,2953,3108,3054,3334,3655,3645,
Pune,2015,Mulashi,Urban,42,42,159,66,0,25,44,448,
Pune,2015,Mulashi,Total,2565,2978,3112,3174,3054,3359,3699,4093,
Pune,2015,Haveli,Rural,13681,14809,17396,15564,11740,12681,13718,15852,
Pune,2015,Haveli,Urban,26395,30596,33708,32299,22754,20934,21339,35601,
Pune,2015,Haveli,Total,40076,45405,51104,47863,34494,33615,35057,51453,
Pune,2015,Pune City,Rural,0,0,0,0,0,0,0,0,
Pune,2015,Pune City,Urban,34407,40018,47055,39871,24246,32080,46241,26095,
Pune,2015,Pune City,Total,34407,40018,47055,39871,24246,32080,46241,26095,
Pune,2015,Daund,Rural,4702,5629,5592,5627,7136,7524,7492,6455,
Pune,2015,Daund,Urban,1552,1720,2786,1554,332,446,330,1366,
Pune,2015,Daund,Total,6254,7349,8378,7181,7468,7970,7822,7821,
Pune,2015,Purandar,Rural,2695,3262,3059,3236,3145,3311,3437,3483,
Pune,2015,Purandar,Urban,1072,1218,1604,1542,312,767,787,916,
Pune,2015,Purandar,Total,3767,4480,4663,4778,3457,4078,4224,4399,
Pune,2015,Welhe,Rural,725,801,975,858,387,462,571,836,
Pune,2015,Welhe,Urban,30,30,30,22,0,5,4,99,
Pune,2015,Welhe,Total,755,831,1005,880,387,467,575,935,
Pune,2015,Bhor,Rural,2365,2777,2183,2735,2852,3080,3180,3089,
Pune,2015,Bhor,Urban,356,424,1066,498,51,57,47,339,
Pune,2015,Bhor,Total,2721,3201,3249,3233,2903,3137,3227,3428,
Pune,2015,Baramati,Rural,4944,5905,5624,6097,6656,7847,9481,6607,
Pune,2015,Baramati,Urban,3415,3659,7597,4875,1846,3897,3812,2904,
Pune,2015,Baramati,Total,8359,9564,13221,10972,8502,11744,13293,9511,
Pune,2015,Indapur,Rural,5005,6150,6420,6177,5622,6207,7084,6790,
Pune,2015,Indapur,Urban,570,676,1945,737,19,91,60,763,
Pune,2015,Indapur,Total,5575,6826,8365,6914,5641,6298,7144,7553,
Pune,2016,Junnar,Rural,0,5901,5939,5913,5413,5938,6747,5847,
Pune,2016,Junnar,Urban,0,363,611,358,0,896,1258,455,
Pune,2016,Junnar,Total,0,6264,6550,6271,5413,6834,8005,6302,
Pune,2016,Aambegaon,Rural,0,3317,3326,3417,4021,4141,4429,3506,
Pune,2016,Aambegaon,Urban,0,0,0,0,0,0,0,0,
Pune,2016,Aambegaon,Total,0,3317,3326,3417,4021,4141,4429,3506,
Pune,2016,Shirur,Rural,0,6471,5392,6465,5457,5537,6101,7072,
Pune,2016,Shirur,Urban,0,1203,1147,1425,0,1157,1027,923,
Pune,2016,Shirur,Total,0,7674,6539,7890,5457,6694,7128,7995,
Pune,2016,Khed,Rural,0,7305,6503,7632,4663,4310,4896,6347,
Pune,2016,Khed,Urban,0,463,367,446,0,410,928,623,
Pune,2016,Khed,Total,0,7768,6870,8078,4663,4720,5824,6970,
Pune,2016,Maval,Rural,0,5241,4218,5260,4320,4832,5462,5347,
Pune,2016,Maval,Urban,0,504,575,518,0,445,723,604,
Pune,2016,Maval,Total,0,5745,4793,5778,4320,5277,6185,5951,
Pune,2016,Mulashi,Rural,0,2898,2525,2771,2976,3208,3067,3219,
Pune,2016,Mulashi,Urban,0,0,0,0,0,0,0,0,
Pune,2016,Mulashi,Total,0,2898,2525,2771,2976,3208,3067,3219,
Pune,2016,Haveli,Rural,0,15438,16009,16578,11000,10887,10783,14858,
Pune,2016,Haveli,Urban,0,33864,32597,34641,0,22653,20983,37176,
Pune,2016,Haveli,Total,0,49302,48606,51219,11000,33540,31766,52034,
Pune,2016,Pune City,Rural,0,0,0,0,0,0,0,0,
Pune,2016,Pune City,Urban,7415,182552,55933,49102,38861,30354,50178,61724,
Pune,2016,Pune City,Total,7415,182552,55933,49102,38861,30354,50178,61724,
Pune,2016,Daund,Rural,0,5484,5465,5605,5745,5805,6267,6204,
Pune,2016,Daund,Urban,0,1116,1775,1173,0,1020,652,823,
Pune,2016,Daund,Total,0,6600,7240,6778,5745,6825,6919,7027,
Pune,2016,Purandar,Rural,0,2983,2960,3018,3360,3755,3818,3327,
Pune,2016,Purandar,Urban,0,1306,1222,1385,0,631,626,702,
Pune,2016,Purandar,Total,0,4289,4182,4403,3360,4386,4444,4029,
Pune,2016,Welhe,Rural,0,498,799,563,853,1144,1169,762,
Pune,2016,Welhe,Urban,0,0,0,0,0,0,0,0,
Pune,2016,Welhe,Total,0,498,799,563,853,1144,1169,762,
Pune,2016,Bhor,Rural,0,2587,2269,2595,2511,2900,3090,2791,
Pune,2016,Bhor,Urban,0,415,982,431,0,432,546,287,
Pune,2016,Bhor,Total,0,3002,3251,3026,2511,3332,3636,3078,
Pune,2016,Baramati,Rural,0,5607,5233,5580,4211,6082,6283,6207,
Pune,2016,Baramati,Urban,0,1527,5525,2168,0,1188,1126,1506,
Pune,2016,Baramati,Total,0,7134,10758,7748,4211,7270,7409,7713,
Pune,2016,Indapur,Rural,0,5818,5954,5866,6457,7272,9152,6386,
Pune,2016,Indapur,Urban,0,390,800,446,0,757,538,142,
Pune,2016,Indapur,Total,0,6208,6754,6312,6457,8029,9690,6528,
Pune,2017,Junnar,Rural,0,5738,4997,4999,3141,6273,6278,4941,
Pune,2017,Junnar,Urban,0,409,1119,395,0,624,519,336,
Pune,2017,Junnar,Total,0,6147,6116,5394,3141,6897,6797,5277,
Pune,2017,Aambegaon,Rural,0,3211,4099,2887,1161,3073,4030,4889,
Pune,2017,Aambegaon,Urban,0,0,0,0,0,0,0,0,
Pune,2017,Aambegaon,Total,0,3211,4099,2887,1161,3073,4030,4889,
Pune,2017,Shirur,Rural,0,7010,5552,6182,340,4693,5909,6661,
Pune,2017,Shirur,Urban,0,960,928,893,0,1485,1612,791,
Pune,2017,Shirur,Total,0,7970,6480,7075,340,6178,7521,7452,
Pune,2017,Khed,Rural,0,7291,6444,6935,1383,4788,3578,7013,
Pune,2017,Khed,Urban,0,461,450,494,0,95,0,356,
Pune,2017,Khed,Total,0,7752,6894,7429,1383,4883,3578,7369,
Pune,2017,Maval,Rural,0,5418,4031,4807,746,5102,4879,4560,
Pune,2017,Maval,Urban,0,464,632,471,0,54,27,659,
Pune,2017,Maval,Total,0,5882,4663,5278,746,5156,4906,5219,
Pune,2017,Mulashi,Rural,0,3394,2838,3247,296,2608,2915,3604,
Pune,2017,Mulashi,Urban,0,0,0,0,0,0,0,0,
Pune,2017,Mulashi,Total,0,3394,2838,3247,296,2608,2915,3604,
Pune,2017,Haveli,Rural,0,13424,10113,12425,2343,9637,10037,13571,
Pune,2017,Haveli,Urban,0,3008,34206,31369,1428,21684,18889,39839,
Pune,2017,Haveli,Total,0,16432,44319,43794,3771,31321,28926,53410,
Pune,2017,Pune City,Rural,0,0,0,0,0,0,0,0,
Pune,2017,Pune City,Urban,0,229932,60989,105739,50165,69441,64542,87374,
Pune,2017,Pune City,Total,0,229932,60989,105739,50165,69441,64542,87374,
Pune,2017,Daund,Rural,0,5712,5370,5352,155,5099,6032,5811,
Pune,2017,Daund,Urban,0,1045,2138,1117,0,246,165,509,
Pune,2017,Daund,Total,0,6757,7508,6469,155,5345,6197,6320,
Pune,2017,Purandar,Rural,0,3161,2607,2863,570,2771,3271,3146,
Pune,2017,Purandar,Urban,0,789,931,819,0,621,627,1173,
Pune,2017,Purandar,Total,0,3950,3538,3682,570,3392,3898,4319,
Pune,2017,Welhe,Rural,0,721,586,628,333,745,932,687,
Pune,2017,Welhe,Urban,0,0,0,0,0,0,0,0,
Pune,2017,Welhe,Total,0,721,586,628,333,745,932,687,
Pune,2017,Bhor,Rural,0,2346,2104,2033,800,2613,2916,2416,
Pune,2017,Bhor,Urban,0,363,825,316,0,307,289,173,
Pune,2017,Bhor,Total,0,2709,2929,2349,800,2920,3205,2589,
Pune,2017,Baramati,Rural,0,5030,4167,4512,421,4026,5678,4811,
Pune,2017,Baramati,Urban,0,1321,3336,1426,0,798,913,978,
Pune,2017,Baramati,Total,0,6351,7503,5938,421,4824,6591,5789,
Pune,2017,Indapur,Rural,0,5847,5280,5287,179,5164,5107,5856,
Pune,2017,Indapur,Urban,0,418,797,401,0,312,475,95,
Pune,2017,Indapur,Total,0,6265,6077,5688,179,5476,5582,5951,
Pune,2018,Junnar,Rural,0,386,1182,156,0,257,254,316,
Pune,2018,Junnar,Urban,0,5462,5451,4915,4052,4746,5392,5715,
Pune,2018,Junnar,Total,0,5848,6633,5071,4052,5003,5646,6031,
Pune,2018,Aambegaon,Rural,0,0,0,0,0,0,0,0,
Pune,2018,Aambegaon,Urban,0,3208,5849,3206,1831,2198,2348,4381,
Pune,2018,Aambegaon,Total,0,3208,5849,3206,1831,2198,2348,4381,
Pune,2018,Shirur,Rural,0,1102,843,505,0,898,872,889,
Pune,2018,Shirur,Urban,0,7235,6368,6904,1312,3793,4369,7329,
Pune,2018,Shirur,Total,0,8337,7211,7409,1312,4691,5241,8218,
Pune,2018,Khed,Rural,0,414,428,384,0,45,69,392,
Pune,2018,Khed,Urban,0,7810,7147,6600,1647,1772,1597,7352,
Pune,2018,Khed,Total,0,8224,7575,6984,1647,1817,1666,7744,
Pune,2018,Maval,Rural,0,406,443,311,0,105,0,389,
Pune,2018,Maval,Urban,0,5855,5608,5247,2790,4114,3799,5570,
Pune,2018,Maval,Total,0,6261,6051,5558,2790,4219,3799,5959,
Pune,2018,Mulashi,Rural,0,0,0,0,0,0,0,0,
Pune,2018,Mulashi,Urban,0,3967,3153,3294,1420,2888,2828,3888,
Pune,2018,Mulashi,Total,0,3967,3153,3294,1420,2888,2828,3888,
Pune,2018,Haveli,Rural,0,29700,33181,30009,0,23852,22813,41191,
Pune,2018,Haveli,Urban,0,16880,16493,15184,4918,7248,7107,15967,
Pune,2018,Haveli,Total,0,46580,49674,45193,4918,31100,29920,57158,
Pune,2018,Pune City,Rural,32155,47496,70327,45335,241,20035,33498,6923,
Pune,2018,Pune City,Urban,0,0,0,0,0,0,0,0,
Pune,2018,Pune City,Total,32155,47496,70327,45335,241,20035,33498,6923,
Pune,2018,Daund,Rural,0,300,1951,371,0,454,347,522,
Pune,2018,Daund,Urban,0,6236,6571,6138,1810,5764,4919,6403,
Pune,2018,Daund,Total,0,6536,8522,6509,1810,6218,5266,6925,
Pune,2018,Purandar,Rural,0,743,906,772,0,453,395,902,
Pune,2018,Purandar,Urban,0,2832,2881,2842,712,1490,1963,3164,
Pune,2018,Purandar,Total,0,3575,3787,3614,712,1943,2358,4066,
Pune,2018,Welhe,Rural,0,0,0,0,0,0,0,0,
Pune,2018,Welhe,Urban,0,690,527,668,1108,1393,998,775,
Pune,2018,Welhe,Total,0,690,527,668,1108,1393,998,775,
Pune,2018,Bhor,Rural,0,307,701,197,0,209,198,104,
Pune,2018,Bhor,Urban,0,2459,2233,2442,1754,1752,1757,2789,
Pune,2018,Bhor,Total,0,2766,2934,2639,1754,1961,1955,2893,
Pune,2018,Baramati,Rural,0,834,4054,755,0,993,1117,736,
Pune,2018,Baramati,Urban,0,5116,4827,4664,1313,2971,3541,5516,
Pune,2018,Baramati,Total,0,5950,8881,5419,1313,3964,4658,6252,
Pune,2018,Indapur,Rural,0,367,804,249,0,357,575,80,
Pune,2018,Indapur,Urban,0,5966,5685,5727,727,2043,1914,6527,
Pune,2018,Indapur,Total,0,6333,6489,5976,727,2400,2489,6607,
Pune,2019,Junnar,Rural,0,704,902,388,151,79,72,629,
Pune,2019,Junnar,Urban,0,5650,5968,5643,4487,4442,5015,5820,
Pune,2019,Junnar,Total,0,6354,6870,6031,4638,4521,5087,6449,
Pune,2019,Aambegaon,Rural,0,0,0,0,0,0,0,0,
Pune,2019,Aambegaon,Urban,0,3032,2653,2939,2505,2896,2769,3645,
Pune,2019,Aambegaon,Total,0,3032,2653,2939,2505,2896,2769,3645,
Pune,2019,Shirur,Rural,0,459,754,924,1323,709,614,821,
Pune,2019,Shirur,Urban,0,7182,6289,6866,1973,4447,3617,7260,
Pune,2019,Shirur,Total,0,7641,7043,7790,3296,5156,4231,8081,
Pune,2019,Khed,Rural,0,144,546,449,495,40,455,546,
Pune,2019,Khed,Urban,0,7553,6760,7106,2015,3046,3106,7277,
Pune,2019,Khed,Total,0,7697,7306,7555,2510,3086,3561,7823,
Pune,2019,Maval,Rural,0,3087,2937,1351,2113,1812,301,1076,
Pune,2019,Maval,Urban,0,4825,3801,5155,2281,3899,3557,5025,
Pune,2019,Maval,Total,0,7912,6738,6506,4394,5711,3858,6101,
Pune,2019,Mulashi,Rural,0,0,0,0,0,0,0,0,
Pune,2019,Mulashi,Urban,0,3628,2950,3714,757,2523,2172,3917,
Pune,2019,Mulashi,Total,0,3628,2950,3714,757,2523,2172,3917,
Pune,2019,Haveli,Rural,353,35469,32393,39523,1179,12143,15196,39300,
Pune,2019,Haveli,Urban,0,16774,15215,16361,4140,6722,6436,16369,
Pune,2019,Haveli,Total,353,52243,47608,55884,5319,18865,21632,55669,
Pune,2019,Pune City,Rural,49137,65460,72403,59550,531,18905,28512,5580,
Pune,2019,Pune City,Urban,0,0,0,0,0,0,0,0,
Pune,2019,Pune City,Total,49137,65460,72403,59550,531,18905,28512,5580,
Pune,2019,Daund,Rural,0,1851,2337,1480,1675,691,984,665,
Pune,2019,Daund,Urban,0,5752,5269,5731,2121,3683,3904,6258,
Pune,2019,Daund,Total,0,7603,7606,7211,3796,4374,4888,6923,
Pune,2019,Purandar,Rural,0,720,894,816,755,294,461,738,
Pune,2019,Purandar,Urban,0,2887,2973,2843,1146,2026,2061,3256,
Pune,2019,Purandar,Total,0,3607,3867,3659,1901,2320,2522,3994,
Pune,2019,Welhe,Rural,0,1984,2496,1850,962,803,159,1733,
Pune,2019,Welhe,Urban,0,645,765,648,433,577,556,735,
Pune,2019,Welhe,Total,0,2629,3261,2498,1395,1380,715,2468,
Pune,2019,Bhor,Rural,0,519,798,215,893,491,402,136,
Pune,2019,Bhor,Urban,0,2500,1445,2534,1705,2250,2347,2774,
Pune,2019,Bhor,Total,0,3019,2243,2749,2598,2741,2749,2910,
Pune,2019,Baramati,Rural,0,5473,5866,1741,1382,711,671,2427,
Pune,2019,Baramati,Urban,0,5027,4409,4956,2929,4813,4727,5462,
Pune,2019,Baramati,Total,0,10500,10275,6697,4311,5524,5398,7889,
Pune,2019,Indapur,Rural,0,927,1263,490,249,109,140,111,
Pune,2019,Indapur,Urban,0,5829,5274,5833,1656,4227,4119,6485,
Pune,2019,Indapur,Total,0,6756,6537,6323,1905,4336,4259,6596,
Pune,2020,Junnar,Rural,0,1257,,762,444,372,323,1469,
Pune,2020,Junnar,Urban,0,5552,,5765,5088,1424,1370,5377,
Pune,2020,Junnar,Total,0,6809,,6527,5532,1796,1693,6846,
Pune,2020,Aambegaon,Rural,0,90,,75,3,8,4,183,
Pune,2020,Aambegaon,Urban,0,4887,,3229,2498,1592,1548,4367,
Pune,2020,Aambegaon,Total,0,4977,,3304,2501,1600,1552,4550,
Pune,2020,Shirur,Rural,0,1371,,1994,2047,1887,1361,1494,
Pune,2020,Shirur,Urban,0,7130,,7283,4421,1353,1449,7582,
Pune,2020,Shirur,Total,0,8501,,9277,6468,3240,2810,9076,
Pune,2020,Khed,Rural,0,1166,,1633,316,515,512,1504,
Pune,2020,Khed,Urban,0,7694,,8107,3443,996,877,7865,
Pune,2020,Khed,Total,0,8860,,9740,3759,1511,1389,9369,
Pune,2020,Maval,Rural,0,1851,,2042,997,570,328,1696,
Pune,2020,Maval,Urban,0,4893,,4940,4033,3773,3344,4904,
Pune,2020,Maval,Total,0,6744,,6982,5030,4343,3672,6600,
Pune,2020,Mulashi,Rural,0,138,,140,65,122,97,112,
Pune,2020,Mulashi,Urban,,3287,,3443,1351,783,738,3420,
Pune,2020,Mulashi,Total,0,3425,,3583,1416,905,835,3532,
Pune,2020,Haveli,Rural,0,3121,,2093,1449,560,324,2295,
Pune,2020,Haveli,Urban,0,15755,,15864,7364,4761,4625,17010,
Pune,2020,Haveli,Total,0,18876,,17957,8813,5321,4949,19305,
Pune,2020,Pune City,Rural,1423,9295,,1482,33,75,6,2902,
Pune,2020,Pune City,Urban,0,0,,0,0,0,0,0,
Pune,2020,Pune City,Total,1423,9295,,1482,33,75,6,2902,
Pune,2020,Daund,Rural,0,2178,,2101,125,191,418,954,
Pune,2020,Daund,Urban,0,6063,,5626,1406,777,1088,6153,
Pune,2020,Daund,Total,0,8241,,7727,1531,968,1506,7107,
Pune,2020,Purandar,Rural,0,762,,1204,266,122,74,616,
Pune,2020,Purandar,Urban,,3045,,3180,2508,2488,2642,3312,
Pune,2020,Purandar,Total,0,3807,,4384,2774,2610,2716,3928,
Pune,2020,Welhe,Rural,0,2,,3,0,0,0,16,
Pune,2020,Welhe,Urban,0,682,,722,585,705,783,701,
Pune,2020,Welhe,Total,0,684,,725,585,705,783,717,
Pune,2020,Bhor,Rural,0,446,,286,60,30,20,232,
Pune,2020,Bhor,Urban,,2577,,2568,533,351,242,3747,
Pune,2020,Bhor,Total,0,3023,,2854,593,381,262,3979,
Pune,2020,Baramati,Rural,0,9329,,3011,1020,102,150,3566,
Pune,2020,Baramati,Urban,0,5099,,4974,1670,695,759,5416,
Pune,2020,Baramati,Total,0,14428,,7985,2690,797,909,8982,
Pune,2020,Indapur,Rural,0,1578,,742,428,3693,443,307,
Pune,2020,Indapur,Urban,0,5614,,5712,459,155,135,3242,
Pune,2020,Indapur,Total,0,7192,,6454,887,3848,578,3549,
Pune,2021,Junnar,Rural,0,1931,1089,459,854,409,445,967,
Pune,2021,Junnar,Urban,0,5450,5615,5581,7459,3103,3309,6003,
Pune,2021,Junnar,Total,0,7381,6704,6040,8313,3512,3754,6970,
Pune,2021,Aambegaon,Rural,0,0,0,0,0,0,0,0,
Pune,2021,Aambegaon,Urban,0,4971,4191,2484,2978,2694,2546,4510,
Pune,2021,Aambegaon,Total,0,4971,4191,2484,2978,2694,2546,4510,
Pune,2021,Shirur,Rural,0,1301,537,821,1602,827,775,541,
Pune,2021,Shirur,Urban,0,7033,6198,5923,4780,3669,2352,8187,
Pune,2021,Shirur,Total,0,8334,6735,6744,6382,4496,3127,8728,
Pune,2021,Khed,Rural,0,377,331,393,222,130,92,259,
Pune,2021,Khed,Urban,0,7895,6185,7002,4585,2520,2412,7895,
Pune,2021,Khed,Total,0,8272,6516,7395,4807,2650,2504,8154,
Pune,2021,Maval,Rural,0,0,0,0,0,0,0,0,
Pune,2021,Maval,Urban,0,5151,4029,3242,4522,4660,4633,5512,
Pune,2021,Maval,Total,0,5151,4029,3242,4522,4660,4633,5512,
Pune,2021,Mulashi,Rural,0,0,0,0,0,0,0,0,
Pune,2021,Mulashi,Urban,0,3399,2746,1669,1873,1374,909,3962,
Pune,2021,Mulashi,Total,0,3399,2746,1669,1873,1374,909,3962,
Pune,2021,Haveli,Rural,0,36051,34923,1418,25360,9682,4563,39691,
Pune,2021,Haveli,Urban,0,15706,13276,9800,9972,7007,6483,16466,
Pune,2021,Haveli,Total,0,51757,48199,11218,35332,16689,11046,56157,
Pune,2021,Pune City,Rural,41819,58722,58519,57484,161,17564,24399,846,
Pune,2021,Pune City,Urban,0,0,0,0,0,0,0,0,
Pune,2021,Pune City,Total,41819,58722,58519,57484,161,17564,24399,846,
Pune,2021,Daund,Rural,0,1787,1104,704,0,0,0,643,
Pune,2021,Daund,Urban,0,6235,5282,5098,3997,2400,2055,6720,
Pune,2021,Daund,Total,0,8022,6386,5802,3997,2400,2055,7363,
Pune,2021,Purandar,Rural,0,1241,494,515,36,22,14,164,
Pune,2021,Purandar,Urban,0,3093,3192,3196,2818,3018,3162,3482,
Pune,2021,Purandar,Total,0,4334,3686,3711,2854,3040,3176,3646,
Pune,2021,Welhe,Rural,0,0,0,0,0,0,0,0,
Pune,2021,Welhe,Urban,0,723,378,378,660,693,636,912,
Pune,2021,Welhe,Total,0,723,378,378,660,693,636,912,
Pune,2021,Bhor,Rural,0,262,272,173,30,0,30,138,
Pune,2021,Bhor,Urban,0,2653,2209,2053,2585,2438,2004,3077,
Pune,2021,Bhor,Total,0,2915,2481,2226,2615,2438,2034,3215,
Pune,2021,Baramati,Rural,0,8031,6797,478,9,9,0,1827,
Pune,2021,Baramati,Urban,0,5117,4668,4723,3951,3773,4062,5697,
Pune,2021,Baramati,Total,0,13148,11465,5201,3960,3782,4062,7524,
Pune,2021,Indapur,Rural,0,660,598,298,417,215,202,97,
Pune,2021,Indapur,Urban,0,5853,5438,5029,5433,5389,3600,6544,
Pune,2021,Indapur,Total,0,6513,6036,5327,5850,5604,3802,6641,
Raigad,2012,Uran,Rural,1969,1969,1887,1909,1992,2031,2244,2172,
Raigad,2012,Uran,Urban,,,,,,,,,
Raigad,2012,Uran,Total,2683,2683,2563,2543,2495,2678,2937,2818,
Raigad,2012,Panwel,Rural,6187,6187,5604,6340,4868,4573,5613,6975,
Raigad,2012,Panwel,Urban,,,,,,,,,
Raigad,2012,Panwel,Total,8647,8647,8758,8684,6355,6512,6886,8938,
Raigad,2012,Karjat,Rural,2918,2918,2466,2948,2357,2819,3419,3415,
Raigad,2012,Karjat,Urban,,,,,,,,,
Raigad,2012,Karjat,Total,3236,3236,2852,3333,2685,3218,3738,3717,
Raigad,2012,Khalapur,Rural,2203,2203,2128,2337,1837,1936,2207,2645,
Raigad,2012,Khalapur,Urban,,,,,,,,,
Raigad,2012,Khalapur,Total,3122,3122,3528,3082,2246,2254,2732,3248,
Raigad,2012,Pen,Rural,2111,2111,2282,2274,2275,2872,3502,2523,
Raigad,2012,Pen,Urban,,,,,,,,,
Raigad,2012,Pen,Total,2768,2768,3005,2951,2701,3567,4132,3113,
Raigad,2012,Alibag,Rural,2622,2622,2351,2847,2211,2896,3332,2836,
Raigad,2012,Alibag,Urban,,,,,,,,,
Raigad,2012,Alibag,Total,3039,3039,4211,3207,2423,3134,3518,3330,
Raigad,2012,Murud,Rural,841,841,829,833,664,977,936,905,
Raigad,2012,Murud,Urban,,,,,,,,,
Raigad,2012,Murud,Total,1046,1046,1073,1022,763,1185,1162,942,
Raigad,2012,Roha,Rural,2028,2028,2053,2175,1972,2117,2296,2293,
Raigad,2012,Roha,Urban,,,,,,,,,
Raigad,2012,Roha,Total,2322,2322,2531,2420,2145,2776,2774,2426,
Raigad,2012,Sudhagad,Rural,1066,1066,1118,1018,910,1148,1410,1247,
Raigad,2012,Sudhagad,Urban,,,,,,,,,
Raigad,2012,Sudhagad,Total,1066,1066,1118,1018,910,1148,1410,1247,
Raigad,2012,Mangaon,Rural,2212,2212,1860,2269,2343,2664,2847,2817,
Raigad,2012,Mangaon,Urban,,,,,,,,,
Raigad,2012,Mangaon,Total,2212,2212,1860,2269,2343,2664,2847,2817,
Raigad,2012,Tala,Rural,322,322,360,378,271,358,434,332,
Raigad,2012,Tala,Urban,,,,,,,,,
Raigad,2012,Tala,Total,322,322,360,378,271,358,434,332,
Raigad,2012,Shreevardhan,Rural,1047,1047,1035,1006,874,1049,987,1082,
Raigad,2012,Shreevardhan,Urban,,,,,,,,,
Raigad,2012,Shreevardhan,Total,1687,1687,1410,1322,1067,1409,1422,1224,
Raigad,2012,Mhasala,Rural,878,878,887,952,670,745,682,838,
Raigad,2012,Mhasala,Urban,,,,,,,,,
Raigad,2012,Mhasala,Total,878,878,887,952,670,745,682,838,
Raigad,2012,Mahad,Rural,1926,1926,1943,2085,1889,2268,2872,2149,
Raigad,2012,Mahad,Urban,,,,,,,,,
Raigad,2012,Mahad,Total,2697,2697,3264,2947,2564,4085,4853,2506,
Raigad,2012,Poladpur,Rural,654,654,576,655,708,1213,1229,623,
Raigad,2012,Poladpur,Urban,,,,,,,,,
Raigad,2012,Poladpur,Total,654,654,576,655,708,1213,1229,623,
Raigad,2013,Uran,Rural,2130,2130,1641,2168,2366,2214,2304,1801,
Raigad,2013,Uran,Urban,,,,,,,,,
Raigad,2013,Uran,Total,3507,3507,2961,3610,3656,3832,53219,2706,
Raigad,2013,Panwel,Rural,6947,6947,6292,7324,5115,4624,5642,5650,
Raigad,2013,Panwel,Urban,,,,,,,,,
Raigad,2013,Panwel,Total,9363,9363,7160,9764,6890,5847,6640,8293,
Raigad,2013,Karjat,Rural,3136,3136,2961,3153,2442,3003,3015,2830,
Raigad,2013,Karjat,Urban,,,,,,,,,
Raigad,2013,Karjat,Total,3802,3802,3877,3906,2816,4207,4117,4082,
Raigad,2013,Khalapur,Rural,2286,2286,2227,2416,1956,1922,2131,2027,
Raigad,2013,Khalapur,Urban,,,,,,,,,
Raigad,2013,Khalapur,Total,3855,3855,4690,4146,2966,2836,2978,4107,
Raigad,2013,Pen,Rural,2303,2303,1919,2358,2544,2728,3096,2386,
Raigad,2013,Pen,Urban,,,,,,,,,
Raigad,2013,Pen,Total,3452,3452,3450,3484,3601,4056,4399,3286,
Raigad,2013,Alibag,Rural,2727,2727,2218,2650,2358,3104,3443,2525,
Raigad,2013,Alibag,Urban,,,,,,,,,
Raigad,2013,Alibag,Total,3449,3449,6064,3718,2822,3480,3845,3545,
Raigad,2013,Murud,Rural,870,870,816,928,742,805,812,772,
Raigad,2013,Murud,Urban,,,,,,,,,
Raigad,2013,Murud,Total,1184,1184,1130,1186,863,1301,1273,1043,
Raigad,2013,Roha,Rural,2162,2162,2364,2292,2121,2873,2527,2088,
Raigad,2013,Roha,Urban,,,,,,,,,
Raigad,2013,Roha,Total,2612,2612,3077,2774,2315,3403,3795,2452,
Raigad,2013,Sudhagad,Rural,1034,1034,1111,948,968,1224,1101,1114,
Raigad,2013,Sudhagad,Urban,,,,,,,,,
Raigad,2013,Sudhagad,Total,1034,1034,1111,948,968,1224,1101,1114,
Raigad,2013,Mangaon,Rural,2459,2459,2047,2422,2606,2946,3316,2025,
Raigad,2013,Mangaon,Urban,,,,,,,,,
Raigad,2013,Mangaon,Total,2865,2865,3576,2782,2740,5940,6495,3802,
Raigad,2013,Tala,Rural,427,427,403,371,415,479,464,327,
Raigad,2013,Tala,Urban,,,,,,,,,
Raigad,2013,Tala,Total,427,427,403,371,415,479,464,327,
Raigad,2013,Shreevardhan,Rural,1070,1070,1079,1078,940,1196,1030,965,
Raigad,2013,Shreevardhan,Urban,,,,,,,,,
Raigad,2013,Shreevardhan,Total,2241,2241,2053,1821,1175,1845,1577,1613,
Raigad,2013,Mhasala,Rural,974,974,850,876,774,856,1025,816,
Raigad,2013,Mhasala,Urban,,,,,,,,,
Raigad,2013,Mhasala,Total,974,974,850,876,774,856,1025,816,
Raigad,2013,Mahad,Rural,2117,2117,1917,2137,2098,2547,3165,1868,
Raigad,2013,Mahad,Urban,,,,,,,,,
Raigad,2013,Mahad,Total,2507,2507,2922,2492,2221,6547,6678,2732,
Raigad,2013,Poladpur,Rural,694,694,589,675,937,2236,2176,723,
Raigad,2013,Poladpur,Urban,,,,,,,,,
Raigad,2013,Poladpur,Total,694,694,589,675,937,2236,2176,723,
Raigad,2014,Uran,Rural,2060,2060,1741,2168,3276,2911,3248,1998,
Raigad,2014,Uran,Urban,,,,,,,,,
Raigad,2014,Uran,Total,3545,3545,3081,3708,4569,4346,4689,2741,
Raigad,2014,Panwel,Rural,7291,7291,5844,7510,6248,6697,6145,6175,
Raigad,2014,Panwel,Urban,,,,,,,,,
Raigad,2014,Panwel,Total,10484,10484,9023,10569,8268,8699,7890,6622,
Raigad,2014,Karjat,Rural,2767,2767,2937,2973,2712,2717,2820,2711,
Raigad,2014,Karjat,Urban,,,,,,,,,
Raigad,2014,Karjat,Total,3472,3472,3921,3736,3271,4071,4112,3486,
Raigad,2014,Khalapur,Rural,2227,2227,2198,2236,2083,2355,2612,2083,
Raigad,2014,Khalapur,Urban,,,,,,,,,
Raigad,2014,Khalapur,Total,3628,3628,3851,3715,2726,2778,2943,3329,
Raigad,2014,Pen,Rural,2243,2243,1897,2318,2413,2948,3140,2175,
Raigad,2014,Pen,Urban,,,,,,,,,
Raigad,2014,Pen,Total,3411,3411,3140,3516,3720,4202,4441,2580,
Raigad,2014,Alibag,Rural,2785,2785,2453,2795,2515,2823,2880,2463,
Raigad,2014,Alibag,Urban,,,,,,,,,
Raigad,2014,Alibag,Total,3523,3523,7019,3446,3012,3250,3371,2909,
Raigad,2014,Murud,Rural,777,777,715,798,831,986,1152,706,
Raigad,2014,Murud,Urban,,,,,,,,,
Raigad,2014,Murud,Total,1019,1019,1130,1039,943,1311,1492,788,
Raigad,2014,Roha,Rural,1989,1989,2207,2111,2233,2444,3099,1616,
Raigad,2014,Roha,Urban,,,,,,,,,
Raigad,2014,Roha,Total,2611,2611,3023,2653,2418,3093,3525,1742,
Raigad,2014,Sudhagad,Rural,902,902,908,868,867,820,963,820,
Raigad,2014,Sudhagad,Urban,,,,,,,,,
Raigad,2014,Sudhagad,Total,902,902,908,868,867,820,963,820,
Raigad,2014,Mangaon,Rural,2413,2413,2055,2370,2679,3050,3508,1936,
Raigad,2014,Mangaon,Urban,,,,,,,,,
Raigad,2014,Mangaon,Total,3199,3199,4094,3034,3251,7390,7908,4842,
Raigad,2014,Tala,Rural,361,361,325,342,345,448,442,297,
Raigad,2014,Tala,Urban,,,,,,,,,
Raigad,2014,Tala,Total,361,361,325,342,345,448,442,297,
Raigad,2014,Shreevardhan,Rural,1011,1011,917,1077,1052,1233,1162,987,
Raigad,2014,Shreevardhan,Urban,,,,,,,,,
Raigad,2014,Shreevardhan,Total,1873,1873,1750,1801,1349,1791,1699,1461,
Raigad,2014,Mhasala,Rural,864,864,771,880,956,1274,1317,455,
Raigad,2014,Mhasala,Urban,,,,,,,,,
Raigad,2014,Mhasala,Total,864,864,771,880,956,1274,1317,455,
Raigad,2014,Mahad,Rural,1757,1757,1896,2011,2092,2535,3797,1912,
Raigad,2014,Mahad,Urban,,,,,,,,,
Raigad,2014,Mahad,Total,2330,2330,3427,2441,2312,2926,4305,2280,
Raigad,2014,Poladpur,Rural,690,690,570,739,797,1281,1437,356,
Raigad,2014,Poladpur,Urban,,,,,,,,,
Raigad,2014,Poladpur,Total,690,690,570,739,797,1281,1437,356,
Raigad,2015,Uran,Rural,1906,2042,1918,2094,2625,2608,2688,1797,
Raigad,2015,Uran,Urban,,,,,,,,,
Raigad,2015,Uran,Total,2587,2719,2749,2771,3206,3180,3289,2116,
Raigad,2015,Panwel,Rural,8053,8086,7100,7942,6418,6806,6723,6925,
Raigad,2015,Panwel,Urban,,,,,,,,,
Raigad,2015,Panwel,Total,10510,10639,10307,10532,7741,8119,7675,7270,
Raigad,2015,Karjat,Rural,2815,2791,2944,2915,2767,3332,3292,4143,
Raigad,2015,Karjat,Urban,,,,,,,,,
Raigad,2015,Karjat,Total,3097,3093,3436,3235,3021,3834,3808,4691,
Raigad,2015,Khalapur,Rural,2837,2961,3045,3070,2543,2470,2615,2621,
Raigad,2015,Khalapur,Urban,,,,,,,,,
Raigad,2015,Khalapur,Total,2837,2961,3061,3070,2543,2502,2637,2736,
Raigad,2015,Pen,Rural,2259,2153,1930,2241,2277,2904,3685,2136,
Raigad,2015,Pen,Urban,,,,,,,,,
Raigad,2015,Pen,Total,3026,2797,2608,3135,3180,3807,4483,2436,
Raigad,2015,Alibag,Rural,2639,2641,2403,2687,2812,3564,3630,2559,
Raigad,2015,Alibag,Urban,,,,,,,,,
Raigad,2015,Alibag,Total,3098,3361,5345,3079,3040,3776,3841,2743,
Raigad,2015,Murud,Rural,782,756,805,815,919,753,1008,680,
Raigad,2015,Murud,Urban,,,,,,,,,
Raigad,2015,Murud,Total,974,926,1139,1033,1006,865,1107,737,
Raigad,2015,Roha,Rural,2225,2221,2225,2233,2169,2394,2784,1996,
Raigad,2015,Roha,Urban,,,,,,,,,
Raigad,2015,Roha,Total,2998,2990,3107,2957,2509,3204,3630,2088,
Raigad,2015,Sudhagad,Rural,1026,990,1000,1013,1265,1176,1163,899,
Raigad,2015,Sudhagad,Urban,,,,,,,,,
Raigad,2015,Sudhagad,Total,1026,990,1000,1013,1265,1176,1163,899,
Raigad,2015,Mangaon,Rural,2188,2275,2004,2295,2440,2846,3398,1845,
Raigad,2015,Mangaon,Urban,,,,,,,,,
Raigad,2015,Mangaon,Total,2478,2565,3172,2612,2541,3594,4092,2810,
Raigad,2015,Tala,Rural,352,350,323,365,350,342,448,245,
Raigad,2015,Tala,Urban,,,,,,,,,
Raigad,2015,Tala,Total,352,350,323,365,350,342,448,245,
Raigad,2015,Shreevardhan,Rural,1007,1006,786,1012,843,1001,929,805,
Raigad,2015,Shreevardhan,Urban,,,,,,,,,
Raigad,2015,Shreevardhan,Total,1583,1540,1288,1375,1215,1550,1601,1120,
Raigad,2015,Mhasala,Rural,937,951,832,814,1089,1373,1931,475,
Raigad,2015,Mhasala,Urban,,,,,,,,,
Raigad,2015,Mhasala,Total,937,951,832,814,1089,1373,1931,475,
Raigad,2015,Mahad,Rural,1899,1873,2090,2115,2194,2373,2648,1930,
Raigad,2015,Mahad,Urban,,,,,,,,,
Raigad,2015,Mahad,Total,2328,2261,3882,2495,2364,2639,2950,2020,
Raigad,2015,Poladpur,Rural,566,544,437,542,697,1270,1424,384,
Raigad,2015,Poladpur,Urban,,,,,,,,,
Raigad,2015,Poladpur,Total,621,592,520,605,697,1270,1424,412,
Raigad,2016,Uran,Rural,2243,2286,1789,2022,1719,2297,2140,2250,
Raigad,2016,Uran,Urban,,,,,,,,,
Raigad,2016,Uran,Total,2784,2827,2486,2808,2176,2659,2434,2812,
Raigad,2016,Panwel,Rural,8860,8860,8702,9351,5928,7005,6533,8539,
Raigad,2016,Panwel,Urban,,,,,,,,,
Raigad,2016,Panwel,Total,15019,15019,13198,14983,10041,10139,9370,12515,
Raigad,2016,Karjat,Rural,2924,2919,2644,2807,2384,3402,3517,4946,
Raigad,2016,Karjat,Urban,,,,,,,,,
Raigad,2016,Karjat,Total,3636,3639,3511,3443,2748,3981,4145,5394,
Raigad,2016,Khalapur,Rural,3079,3104,3356,3142,2833,3116,3363,3562,
Raigad,2016,Khalapur,Urban,,,,,,,,,
Raigad,2016,Khalapur,Total,3079,3104,3408,3142,2833,3212,3438,3625,
Raigad,2016,Pen,Rural,2166,2166,1784,2148,2166,2451,2398,2389,
Raigad,2016,Pen,Urban,,,,,,,,,
Raigad,2016,Pen,Total,2970,2972,3161,3050,2841,2942,2848,3181,
Raigad,2016,Alibag,Rural,2620,2643,2390,2636,2526,3551,3804,3161,
Raigad,2016,Alibag,Urban,,,,,,,,,
Raigad,2016,Alibag,Total,3141,3167,5734,3133,2728,3763,4054,3514,
Raigad,2016,Murud,Rural,774,774,687,806,661,621,904,836,
Raigad,2016,Murud,Urban,,,,,,,,,
Raigad,2016,Murud,Total,930,933,1093,973,747,795,1174,973,
Raigad,2016,Roha,Rural,1956,1971,1882,2041,2130,2251,2272,1939,
Raigad,2016,Roha,Urban,,,,,,,,,
Raigad,2016,Roha,Total,2574,2627,2779,2693,2501,2840,2848,2196,
Raigad,2016,Sudhagad,Rural,872,872,803,937,909,911,867,975,
Raigad,2016,Sudhagad,Urban,,,,,,,,,
Raigad,2016,Sudhagad,Total,872,872,803,937,909,911,867,975,
Raigad,2016,Mangaon,Rural,1967,1986,1731,1954,2207,2561,3122,2255,
Raigad,2016,Mangaon,Urban,,,,,,,,,
Raigad,2016,Mangaon,Total,2261,2292,2980,2229,2312,3171,3758,2469,
Raigad,2016,Tala,Rural,328,328,315,278,231,342,272,270,
Raigad,2016,Tala,Urban,,,,,,,,,
Raigad,2016,Tala,Total,328,328,315,278,231,342,272,270,
Raigad,2016,Shreevardhan,Rural,949,949,736,985,925,800,892,928,
Raigad,2016,Shreevardhan,Urban,,,,,,,,,
Raigad,2016,Shreevardhan,Total,1244,1244,1524,1278,1118,1285,1355,1187,
Raigad,2016,Mhasala,Rural,830,829,644,818,1209,1458,1520,712,
Raigad,2016,Mhasala,Urban,,,,,,,,,
Raigad,2016,Mhasala,Total,830,829,644,818,1209,1458,1520,712,
Raigad,2016,Mahad,Rural,2029,2029,1944,1966,2114,2241,2771,2141,
Raigad,2016,Mahad,Urban,,,,,,,,,
Raigad,2016,Mahad,Total,2571,2571,3890,2495,2276,2427,2955,2615,
Raigad,2016,Poladpur,Rural,414,418,374,395,464,987,1154,376,
Raigad,2016,Poladpur,Urban,,,,,,,,,
Raigad,2016,Poladpur,Total,496,508,481,476,478,987,1154,520,
Raigad,2017,Uran,Rural,2164,2164,1909,1970,832,1684,1948,2108,
Raigad,2017,Uran,Urban,,,,,,,,,
Raigad,2017,Uran,Total,2462,2462,2009,2354,1182,2022,2230,2588,
Raigad,2017,Panwel,Rural,8934,8934,7465,9325,2503,7311,6701,8039,
Raigad,2017,Panwel,Urban,,,,,,,,,
Raigad,2017,Panwel,Total,10295,10312,8306,10876,3075,8275,6982,13683,
Raigad,2017,Karjat,Rural,3160,3160,2807,2803,1848,3533,3199,3285,
Raigad,2017,Karjat,Urban,,,,,,,,,
Raigad,2017,Karjat,Total,3578,3572,3353,3371,2228,3793,3572,4111,
Raigad,2017,Khalapur,Rural,2131,2131,2152,2157,989,2475,2412,2496,
Raigad,2017,Khalapur,Urban,,,,,,,,,
Raigad,2017,Khalapur,Total,3046,3046,2859,3089,1532,2989,3118,3326,
Raigad,2017,Pen,Rural,2191,2191,1855,2575,1659,2696,3087,2232,
Raigad,2017,Pen,Urban,,,,,,,,,
Raigad,2017,Pen,Total,2745,2749,2537,2693,1659,3364,3381,2982,
Raigad,2017,Alibag,Rural,2435,2435,2066,2615,1904,3136,2909,2698,
Raigad,2017,Alibag,Urban,,,,,,,,,
Raigad,2017,Alibag,Total,8144,8144,4572,7203,4630,4483,3785,2982,
Raigad,2017,Murud,Rural,746,746,778,717,281,884,998,860,
Raigad,2017,Murud,Urban,,,,,,,,,
Raigad,2017,Murud,Total,874,869,796,900,281,884,1002,1156,
Raigad,2017,Roha,Rural,1987,1987,1698,1811,1239,2227,2430,942,
Raigad,2017,Roha,Urban,,,,,,,,,
Raigad,2017,Roha,Total,2283,2283,1816,2096,1420,2475,2604,1299,
Raigad,2017,Sudhagad,Rural,867,867,787,878,734,922,1013,957,
Raigad,2017,Sudhagad,Urban,,,,,,,,,
Raigad,2017,Sudhagad,Total,942,942,787,907,734,934,1013,993,
Raigad,2017,Mangaon,Rural,1944,1970,1682,1849,1448,2546,2507,2174,
Raigad,2017,Mangaon,Urban,,,,,,,,,
Raigad,2017,Mangaon,Total,2233,2235,2621,2092,1630,2939,2853,2321,
Raigad,2017,Tala,Rural,305,305,267,245,261,364,374,293,
Raigad,2017,Tala,Urban,,,,,,,,,
Raigad,2017,Tala,Total,399,399,269,245,261,380,374,293,
Raigad,2017,Shreevardhan,Rural,1093,1013,890,910,339,889,1232,1024,
Raigad,2017,Shreevardhan,Urban,,,,,,,,,
Raigad,2017,Shreevardhan,Total,1297,1294,1571,1296,514,1531,1802,1293,
Raigad,2017,Mhasala,Rural,860,860,695,689,533,1069,1552,818,
Raigad,2017,Mhasala,Urban,,,,,,,,,
Raigad,2017,Mhasala,Total,860,860,695,689,533,1069,1552,818,
Raigad,2017,Mahad,Rural,1940,1940,1929,1856,1654,2552,2577,2186,
Raigad,2017,Mahad,Urban,,,,,,,,,
Raigad,2017,Mahad,Total,2271,2268,2667,2172,1850,2658,3255,2720,
Raigad,2017,Poladpur,Rural,378,377,390,430,527,714,732,386,
Raigad,2017,Poladpur,Urban,,,,,,,,,
Raigad,2017,Poladpur,Total,433,433,515,430,569,830,854,434,
Raigad,2018,Uran,Rural,0,1677,864,985,939,1724,1831,1945,1677
Raigad,2018,Uran,Urban,0,258,333,418,504,198,189,634,480
Raigad,2018,Uran,Total,0,1935,1197,1403,1443,1922,2020,2579,2157
Raigad,2018,Panwel,Rural,0,7734,8094,6885,6000,7213,6944,7703,7734
Raigad,2018,Panwel,Urban,0,642,308,307,432,300,287,227,430
Raigad,2018,Panwel,Total,0,8376,8402,7192,6432,7513,7231,7930,8164
Raigad,2018,Karjat,Rural,0,2835,2453,2461,2698,3337,3098,3136,2835
Raigad,2018,Karjat,Urban,0,865,809,245,358,731,751,727,443
Raigad,2018,Karjat,Total,0,3700,3262,2706,3056,4068,3849,3863,3278
Raigad,2018,Khalapur,Rural,0,1968,1958,1557,1626,2275,2171,2447,1989
Raigad,2018,Khalapur,Urban,0,403,740,442,458,397,1249,808,819
Raigad,2018,Khalapur,Total,0,2371,2698,1999,2084,2672,3420,3255,2808
Raigad,2018,Pen,Rural,0,2147,1788,1495,1996,2332,2696,2273,2147
Raigad,2018,Pen,Urban,0,1056,1068,523,558,1202,1301,1463,681
Raigad,2018,Pen,Total,0,3203,2856,2018,2554,3534,3997,3736,2828
Raigad,2018,Alibag,Rural,0,2277,1951,1944,2185,2992,3261,2646,2305
Raigad,2018,Alibag,Urban,0,3138,3109,306,332,198,201,258,403
Raigad,2018,Alibag,Total,0,5415,5060,2250,2517,3190,3462,2904,2708
Raigad,2018,Murud,Rural,0,718,731,559,676,823,991,871,718
Raigad,2018,Murud,Urban,0,269,218,133,117,117,103,90,182
Raigad,2018,Murud,Total,0,987,949,692,793,940,1094,961,900
Raigad,2018,Roha,Rural,0,1624,1481,1114,1362,1535,1700,1897,1614
Raigad,2018,Roha,Urban,0,161,282,284,166,693,478,217,439
Raigad,2018,Roha,Total,0,1785,1763,1398,1528,2228,2178,2114,2053
Raigad,2018,Sudhagad,Rural,0,803,879,668,735,1029,943,993,803
Raigad,2018,Sudhagad,Urban,0,0,0,0,0,0,0,0,0
Raigad,2018,Sudhagad,Total,0,803,879,668,735,1029,943,993,803
Raigad,2018,Mangaon,Rural,0,1880,1773,1881,1652,2175,2652,2089,1880
Raigad,2018,Mangaon,Urban,0,1043,1036,584,290,1054,473,91,475
Raigad,2018,Mangaon,Total,0,2923,2809,2465,1942,3229,3125,2180,2355
Raigad,2018,Tala,Rural,0,238,220,168,216,327,356,249,255
Raigad,2018,Tala,Urban,0,0,0,0,0,0,0,0,0
Raigad,2018,Tala,Total,0,238,220,168,216,327,356,249,255
Raigad,2018,Shreevardhan,Rural,0,874,805,612,768,844,1012,841,874
Raigad,2018,Shreevardhan,Urban,0,460,564,136,97,345,351,369,241
Raigad,2018,Shreevardhan,Total,0,1334,1369,748,865,1189,1363,1210,1115
Raigad,2018,Mhasala,Rural,0,556,572,389,621,280,909,861,556
Raigad,2018,Mhasala,Urban,0,0,0,0,0,0,0,0,0
Raigad,2018,Mhasala,Total,0,556,572,389,621,280,909,861,556
Raigad,2018,Mahad,Rural,0,1910,1798,1691,1799,2370,3032,2039,1910
Raigad,2018,Mahad,Urban,0,906,827,823,248,146,207,211,367
Raigad,2018,Mahad,Total,0,2816,2625,2514,2047,2516,3239,2250,2277
Raigad,2018,Poladpur,Rural,0,320,326,249,320,740,793,387,320
Raigad,2018,Poladpur,Urban,0,267,112,116,59,45,99,86,81
Raigad,2018,Poladpur,Total,0,587,438,365,379,785,892,473,401
Raigad,2019,Uran,Rural,0,1576,873,1664,0,2410,1917,4,1715
Raigad,2019,Uran,Urban,0,194,262,515,0,396,335,533,557
Raigad,2019,Uran,Total,0,1770,1135,2179,0,2806,2252,537,2272
Raigad,2019,Panwel,Rural,0,8779,7951,14454,0,8056,6642,10490,11819
Raigad,2019,Panwel,Urban,0,2494,5394,335,0,72,34,307,2852
Raigad,2019,Panwel,Total,0,11273,13345,14789,0,8128,6676,10797,14671
Raigad,2019,Karjat,Rural,0,2870,2569,2633,0,2116,2329,3161,2910
Raigad,2019,Karjat,Urban,0,920,928,787,0,639,660,270,428
Raigad,2019,Karjat,Total,0,3790,3497,3420,0,2755,2989,0,3338
Raigad,2019,Khalapur,Rural,0,2142,2173,2284,0,2779,2399,2498,2240
Raigad,2019,Khalapur,Urban,0,351,807,975,0,490,650,501,878
Raigad,2019,Khalapur,Total,0,2493,2980,3259,0,3269,3049,2999,3118
Raigad,2019,Pen,Rural,0,2124,1802,2199,0,2569,2314,2183,2080
Raigad,2019,Pen,Urban,0,844,827,718,0,2034,1790,874,618
Raigad,2019,Pen,Total,0,2968,2629,2917,0,4603,4104,3057,2698
Raigad,2019,Alibag,Rural,0,2640,1977,2581,0,2470,2485,2229,2545
Raigad,2019,Alibag,Urban,0,3394,3317,424,0,367,603,122,407
Raigad,2019,Alibag,Total,0,6034,5294,3005,0,2837,3088,2351,2952
Raigad,2019,Murud,Rural,0,774,735,728,0,761,654,802,824
Raigad,2019,Murud,Urban,0,41,109,178,0,245,304,64,178
Raigad,2019,Murud,Total,0,815,844,906,0,1006,958,866,1002
Raigad,2019,Roha,Rural,0,1699,1508,1728,0,1403,1780,1791,1680
Raigad,2019,Roha,Urban,0,198,261,360,0,667,519,268,301
Raigad,2019,Roha,Total,0,1897,1769,2088,0,2070,2299,2059,1981
Raigad,2019,Sudhagad,Rural,0,824,790,852,0,1045,948,831,58
Raigad,2019,Sudhagad,Urban,0,0,0,0,0,0,0,0,0
Raigad,2019,Sudhagad,Total,0,824,790,852,0,1045,948,0,58
Raigad,2019,Mangaon,Rural,0,2049,1776,1989,0,3965,3802,2177,2171
Raigad,2019,Mangaon,Urban,0,1251,1230,272,0,144,135,95,350
Raigad,2019,Mangaon,Total,0,3300,3006,2261,0,4109,3937,2272,2521
Raigad,2019,Tala,Rural,0,200,202,179,0,189,268,181,201
Raigad,2019,Tala,Urban,0,0,0,0,0,0,0,0,0
Raigad,2019,Tala,Total,0,200,202,179,0,189,268,0,201
Raigad,2019,Shreevardhan,Rural,0,926,811,946,0,561,454,866,952
Raigad,2019,Shreevardhan,Urban,0,553,613,247,0,428,288,207,239
Raigad,2019,Shreevardhan,Total,0,1479,1424,1193,0,989,742,1073,1191
Raigad,2019,Mhasala,Rural,0,554,517,606,0,781,611,636,668
Raigad,2019,Mhasala,Urban,0,0,0,0,0,0,0,0,0
Raigad,2019,Mhasala,Total,0,554,517,606,0,781,611,0,668
Raigad,2019,Mahad,Rural,0,1988,1840,1916,0,2627,2819,1962,2014
Raigad,2019,Mahad,Urban,0,506,504,350,0,112,104,472,401
Raigad,2019,Mahad,Total,0,2494,2344,2266,0,2739,2923,2434,2415
Raigad,2019,Poladpur,Rural,0,377,360,399,0,487,423,332,383
Raigad,2019,Poladpur,Urban,0,111,120,85,0,61,74,80,92
Raigad,2019,Poladpur,Total,0,488,480,484,0,548,497,412,475
Raigad,2020,Uran,Rural,0,1655,711,1642,0,1155,1066,1386,1506
Raigad,2020,Uran,Urban,0,279,323,368,0,135,109,294,335
Raigad,2020,Uran,Total,0,1934,1034,2010,0,1290,1175,1680,1841
Raigad,2020,Panwel,Rural,0,10733,8609,13519,0,10450,9252,12121,10207
Raigad,2020,Panwel,Urban,0,3163,4606,815,0,2401,2550,7035,3877
Raigad,2020,Panwel,Total,0,13896,13215,14334,0,12851,11802,19156,14084
Raigad,2020,Karjat,Rural,0,2919,2126,2914,0,2529,2283,2415,2801
Raigad,2020,Karjat,Urban,0,272,682,523,0,284,290,375,284
Raigad,2020,Karjat,Total,0,3191,2808,3437,0,2813,2573,0,3085
Raigad,2020,Khalapur,Rural,0,2164,2037,2309,0,1632,1423,1758,2185
Raigad,2020,Khalapur,Urban,0,428,621,794,0,319,329,540,645
Raigad,2020,Khalapur,Total,0,2592,2658,3103,0,1951,1752,2298,2830
Raigad,2020,Pen,Rural,0,2066,1635,2104,0,1864,1834,1754,2062
Raigad,2020,Pen,Urban,0,395,432,624,0,173,284,780,466
Raigad,2020,Pen,Total,0,2461,2067,2728,0,2037,2118,2534,2528
Raigad,2020,Alibag,Rural,0,2382,1627,2471,0,2170,2297,2013,2405
Raigad,2020,Alibag,Urban,0,174,2981,354,0,125,90,180,217
Raigad,2020,Alibag,Total,0,2556,4608,2825,0,2295,2387,2193,2622
Raigad,2020,Murud,Rural,0,797,636,822,0,715,836,633,803
Raigad,2020,Murud,Urban,0,89,83,154,0,25,1,81,194
Raigad,2020,Murud,Total,0,886,719,976,0,740,837,714,997
Raigad,2020,Roha,Rural,0,1833,1213,1776,0,1118,1092,1350,1719
Raigad,2020,Roha,Urban,0,147,127,134,0,72,214,78,160
Raigad,2020,Roha,Total,0,1980,1340,1910,0,1190,1306,1428,1879
Raigad,2020,Sudhagad,Rural,0,834,797,927,0,754,1151,712,994
Raigad,2020,Sudhagad,Urban,0,0,0,0,0,0,0,0,0
Raigad,2020,Sudhagad,Total,0,834,797,927,0,754,1151,0,994
Raigad,2020,Mangaon,Rural,0,2269,2227,2135,0,2102,2235,1867,2327
Raigad,2020,Mangaon,Urban,0,70,280,99,0,35,24,117,141
Raigad,2020,Mangaon,Total,0,2339,2507,2234,0,2137,2259,1984,2468
Raigad,2020,Tala,Rural,0,214,221,222,0,166,211,180,256
Raigad,2020,Tala,Urban,0,0,0,0,0,0,0,0,0
Raigad,2020,Tala,Total,0,214,221,222,0,166,211,0,256
Raigad,2020,Shreevardhan,Rural,0,1068,880,1072,0,571,464,694,1136
Raigad,2020,Shreevardhan,Urban,0,103,663,163,0,137,127,138,172
Raigad,2020,Shreevardhan,Total,0,1171,1543,1235,0,708,591,832,1308
Raigad,2020,Mhasala,Rural,0,910,855,851,0,1027,1175,750,1061
Raigad,2020,Mhasala,Urban,0,10,162,37,0,1,0,46,41
Raigad,2020,Mhasala,Total,0,920,1017,888,0,1028,1175,0,1102
Raigad,2020,Mahad,Rural,0,2182,1976,2089,0,2818,3018,1574,2150
Raigad,2020,Mahad,Urban,0,209,872,353,0,163,152,542,369
Raigad,2020,Mahad,Total,0,2391,2848,2442,0,2981,3170,2116,2519
Raigad,2020,Poladpur,Rural,0,412,390,437,0,499,591,313,389
Raigad,2020,Poladpur,Urban,0,55,107,75,0,45,42,85,90
Raigad,2020,Poladpur,Total,0,467,497,512,0,544,633,398,479
Raigad,2021,Uran,Rural,0,1424,747,1513,1614,1556,1504,1756,1424
Raigad,2021,Uran,Urban,0,481,382,582,288,301,205,528,481
Raigad,2021,Uran,Total,0,1905,1129,2095,1902,1857,1709,2284,1905
Raigad,2021,Panwel,Rural,0,3941,2878,4252,4081,4128,3284,4851,3941
Raigad,2021,Panwel,Urban,0,18238,18440,18854,17294,19064,17952,21883,18238
Raigad,2021,Panwel,Total,0,22179,21318,23106,21375,23192,21236,26734,22179
Raigad,2021,Karjat,Rural,0,2555,2011,2487,2388,2216,2270,2949,2555
Raigad,2021,Karjat,Urban,0,305,933,365,272,143,149,329,305
Raigad,2021,Karjat,Total,0,2860,2944,2852,2660,2359,2419,3278,2860
Raigad,2021,Khalapur,Rural,0,1839,1931,2036,2061,1695,1240,2318,1839
Raigad,2021,Khalapur,Urban,0,941,1080,995,625,328,317,969,941
Raigad,2021,Khalapur,Total,0,2780,3011,3031,2686,2023,1557,3287,2780
Raigad,2021,Pen,Rural,0,1767,1546,1805,2066,1816,1483,2093,1767
Raigad,2021,Pen,Urban,0,556,476,521,507,159,213,895,556
Raigad,2021,Pen,Total,0,2323,2022,2326,2573,1975,1696,2988,2323
Raigad,2021,Alibag,Rural,0,2043,1466,2135,2345,2276,2010,2014,2043
Raigad,2021,Alibag,Urban,0,3988,3046,452,693,412,212,2654,3988
Raigad,2021,Alibag,Total,0,6031,4512,2587,3038,2688,2222,4668,6031
Raigad,2021,Murud,Rural,0,665,620,669,698,640,585,677,665
Raigad,2021,Murud,Urban,0,117,195,158,92,82,36,71,117
Raigad,2021,Murud,Total,0,782,815,827,790,722,621,748,782
Raigad,2021,Roha,Rural,0,1487,1242,1602,1754,1559,1505,1777,1487
Raigad,2021,Roha,Urban,0,214,201,216,136,39,95,182,214
Raigad,2021,Roha,Total,0,1701,1443,1818,1890,1598,1600,1959,1701
Raigad,2021,Sudhagad,Rural,0,641,624,742,849,727,691,1008,641
Raigad,2021,Sudhagad,Urban,0,0,0,0,0,0,0,0,0
Raigad,2021,Sudhagad,Total,0,641,624,742,849,727,691,1008,641
Raigad,2021,Mangaon,Rural,0,1825,1785,1826,1947,2359,2336,1968,1826
Raigad,2021,Mangaon,Urban,0,185,428,107,85,80,51,261,185
Raigad,2021,Mangaon,Total,0,2010,2213,1933,2032,2439,2387,2229,2011
Raigad,2021,Tala,Rural,0,243,202,193,201,258,186,183,243
Raigad,2021,Tala,Urban,0,0,0,0,0,0,0,0,0
Raigad,2021,Tala,Total,0,243,202,193,201,258,186,183,243
Raigad,2021,Shreevardhan,Rural,0,910,806,990,840,946,883,886,910
Raigad,2021,Shreevardhan,Urban,0,257,673,2115,110,242,260,396,2057
Raigad,2021,Shreevardhan,Total,0,1167,1479,3105,950,1188,1143,1282,2967
Raigad,2021,Mhasala,Rural,0,840,620,822,763,875,811,782,840
Raigad,2021,Mhasala,Urban,0,37,130,40,47,9,3,58,37
Raigad,2021,Mhasala,Total,0,877,750,862,810,884,814,840,877
Raigad,2021,Mahad,Rural,0,1741,1624,1732,2059,2030,2328,2013,1744
Raigad,2021,Mahad,Urban,0,362,543,440,296,298,349,500,362
Raigad,2021,Mahad,Total,0,2103,2167,2172,2355,2328,2677,2513,2106
Raigad,2021,Poladpur,Rural,0,328,247,310,420,511,557,310,328
Raigad,2021,Poladpur,Urban,0,86,107,77,83,74,63,95,86
Raigad,2021,Poladpur,Total,0,414,354,387,503,585,620,405,414
Ratnagiri,2012,Mandangad,Rural,688,688,634,720,1039,1010,1245,664,
Ratnagiri,2012,Mandangad,Urban,0,0,0,0,0,0,0,0,
Ratnagiri,2012,Mandangad,Total,688,688,634,720,1039,1010,1245,664,
Ratnagiri,2012,Dapoli,Rural,2023,2033,1889,2046,1815,2219,2910,1949,
Ratnagiri,2012,Dapoli,Urban,218,218,620,213,88,15,15,49,
Ratnagiri,2012,Dapoli,Total,2241,2251,2509,2259,1903,2234,2925,1998,
Ratnagiri,2012,Khed,Rural,2019,2019,1837,2040,2154,2289,2853,1877,
Ratnagiri,2012,Khed,Urban,202,202,382,491,72,130,128,65,
Ratnagiri,2012,Khed,Total,2221,2221,2219,2531,2226,2419,2981,1942,
Ratnagiri,2012,Chiplun,Rural,1641,1641,1567,1680,1797,2047,2226,1668,
Ratnagiri,2012,Chiplun,Urban,0,0,0,0,0,0,0,0,
Ratnagiri,2012,Chiplun,Total,1641,1641,1567,1680,1797,2047,2226,1668,
Ratnagiri,2012,Guhagar,Rural,2778,2759,2665,2769,3309,3951,4613,2789,
Ratnagiri,2012,Guhagar,Urban,612,612,591,676,904,1098,865,611,
Ratnagiri,2012,Guhagar,Total,3390,3371,3256,3445,4213,5049,5478,3400,
Ratnagiri,2012,Ratnagiri,Rural,2444,2444,2395,2403,2572,2820,3521,2272,
Ratnagiri,2012,Ratnagiri,Urban,0,0,0,0,0,0,0,0,
Ratnagiri,2012,Ratnagiri,Total,2444,2444,2395,2403,2572,2820,3521,2272,
Ratnagiri,2012,Sangameshwar,Rural,2964,2954,2529,2921,3163,3520,4443,3065,
Ratnagiri,2012,Sangameshwar,Urban,1524,1524,4054,1420,1668,1580,2017,841,
Ratnagiri,2012,Sangameshwar,Total,4488,4478,6583,4341,4831,5100,6460,3906,
Ratnagiri,2012,Lanja,Rural,1322,1327,1115,1351,1286,1615,1873,1183,
Ratnagiri,2012,Lanja,Urban,0,0,0,0,0,0,0,0,
Ratnagiri,2012,Lanja,Total,1322,1327,1115,1351,1286,1615,1873,1183,
Ratnagiri,2012,Rajapur,Rural,1848,1848,1588,1937,1800,2299,3067,1693,
Ratnagiri,2012,Rajapur,Urban,125,125,172,128,129,145,208,138,
Ratnagiri,2012,Rajapur,Total,1973,1973,1760,2065,1929,2444,3275,1831,
Ratnagiri,2013,Mandangad,Rural,714,748,680,748,773,942,1157,543,
Ratnagiri,2013,Mandangad,Urban,0,0,0,0,0,0,0,76,
Ratnagiri,2013,Mandangad,Total,714,748,680,748,773,942,1157,619,
Ratnagiri,2013,Dapoli,Rural,2285,2458,2043,2227,2016,2559,3024,1639,
Ratnagiri,2013,Dapoli,Urban,210,230,567,227,126,81,63,103,
Ratnagiri,2013,Dapoli,Total,2495,2688,2610,2454,2142,2640,3087,1742,
Ratnagiri,2013,Khed,Rural,2135,2168,2084,1814,2299,1969,2745,1771,
Ratnagiri,2013,Khed,Urban,223,201,486,201,85,216,204,145,
Ratnagiri,2013,Khed,Total,2358,2369,2570,2015,2384,2185,2949,1916,
Ratnagiri,2013,Chiplun,Rural,1486,1544,1373,1466,1336,1628,1829,1289,
Ratnagiri,2013,Chiplun,Urban,26,42,50,40,29,3,2,22,
Ratnagiri,2013,Chiplun,Total,1512,1586,1423,1506,1365,1631,1831,1311,
Ratnagiri,2013,Guhagar,Rural,2666,2711,2497,2526,2504,2714,3329,2567,
Ratnagiri,2013,Guhagar,Urban,782,0,919,496,879,1129,1148,785,
Ratnagiri,2013,Guhagar,Total,3448,2711,3416,3022,3383,3843,4477,3352,
Ratnagiri,2013,Ratnagiri,Rural,2133,2194,1716,1997,2048,2664,3157,1723,
Ratnagiri,2013,Ratnagiri,Urban,229,207,495,184,288,204,515,189,
Ratnagiri,2013,Ratnagiri,Total,2362,2401,2211,2181,2336,2868,3672,1912,
Ratnagiri,2013,Sangameshwar,Rural,3064,3123,1672,2932,3103,3386,4448,2585,
Ratnagiri,2013,Sangameshwar,Urban,1723,1505,4492,1235,1901,1875,2021,951,
Ratnagiri,2013,Sangameshwar,Total,4787,4628,6164,4167,5004,5261,6469,3536,
Ratnagiri,2013,Lanja,Rural,1226,1178,921,1053,1100,1457,1583,1062,
Ratnagiri,2013,Lanja,Urban,136,123,135,122,88,19,3,71,
Ratnagiri,2013,Lanja,Total,1362,1301,1056,1175,1188,1476,1586,1133,
Ratnagiri,2013,Rajapur,Rural,1809,1831,1201,1777,1767,2123,2820,1409,
Ratnagiri,2013,Rajapur,Urban,149,122,196,65,148,308,237,128,
Ratnagiri,2013,Rajapur,Total,1958,1953,1397,1842,1915,2431,3057,1537,
Ratnagiri,2014,Mandangad,Rural,721,699,642,710,691,831,1029,678,
Ratnagiri,2014,Mandangad,Urban,0,0,0,0,0,0,0,0,
Ratnagiri,2014,Mandangad,Total,721,699,642,710,691,831,1029,678,
Ratnagiri,2014,Dapoli,Rural,1793,1841,1343,1758,1475,1879,2309,1884,
Ratnagiri,2014,Dapoli,Urban,297,226,574,260,175,138,99,221,
Ratnagiri,2014,Dapoli,Total,2090,2067,1917,2018,1650,2017,2408,2105,
Ratnagiri,2014,Khed,Rural,2306,2086,2167,2354,1984,2259,2956,2034,
Ratnagiri,2014,Khed,Urban,222,222,344,197,0,232,216,202,
Ratnagiri,2014,Khed,Total,2528,2308,2511,2551,1984,2491,3172,2236,
Ratnagiri,2014,Chiplun,Rural,1429,1524,1198,1482,1204,1523,2178,1542,
Ratnagiri,2014,Chiplun,Urban,31,37,61,33,35,8,0,31,
Ratnagiri,2014,Chiplun,Total,1460,1561,1259,1515,1239,1531,2178,1573,
Ratnagiri,2014,Guhagar,Rural,2554,2522,2370,2572,2266,3031,3820,3326,
Ratnagiri,2014,Guhagar,Urban,642,477,68,738,674,557,574,0,
Ratnagiri,2014,Guhagar,Total,3196,2999,2438,3310,2940,3588,4394,3326,
Ratnagiri,2014,Ratnagiri,Rural,2229,2270,1825,2082,2047,2282,3186,2197,
Ratnagiri,2014,Ratnagiri,Urban,53,53,317,53,0,360,181,126,
Ratnagiri,2014,Ratnagiri,Total,2282,2323,2142,2135,2047,2642,3367,2323,
Ratnagiri,2014,Sangameshwar,Rural,2921,2979,1299,2992,2777,3257,3801,3449,
Ratnagiri,2014,Sangameshwar,Urban,1384,1187,4428,1276,961,1147,2110,1058,
Ratnagiri,2014,Sangameshwar,Total,4305,4166,5727,4268,3738,4404,5911,4507,
Ratnagiri,2014,Lanja,Rural,1136,1060,856,1074,1077,1288,1599,1326,
Ratnagiri,2014,Lanja,Urban,137,102,78,138,89,12,0,0,
Ratnagiri,2014,Lanja,Total,1273,1162,934,1212,1166,1300,1599,1326,
Ratnagiri,2014,Rajapur,Rural,1624,1663,1125,1529,1651,1944,2984,1737,
Ratnagiri,2014,Rajapur,Urban,160,143,202,177,137,134,247,117,
Ratnagiri,2014,Rajapur,Total,1784,1806,1327,1706,1788,2078,3231,1854,
Ratnagiri,2015,Mandangad,Rural,678,269,633,658,785,762,1880,769,
Ratnagiri,2015,Mandangad,Urban,0,0,0,0,0,0,0,0,
Ratnagiri,2015,Mandangad,Total,678,269,633,658,785,762,1880,769,
Ratnagiri,2015,Dapoli,Rural,1793,717,1518,1768,1483,1724,4145,1849,
Ratnagiri,2015,Dapoli,Urban,355,1023,689,306,191,239,520,240,
Ratnagiri,2015,Dapoli,Total,2148,1740,2207,2074,1674,1963,4665,2089,
Ratnagiri,2015,Khed,Rural,1875,1708,1914,1816,1651,1964,5045,2055,
Ratnagiri,2015,Khed,Urban,196,45,275,175,102,178,363,200,
Ratnagiri,2015,Khed,Total,2071,1753,2189,1991,1753,2142,5408,2255,
Ratnagiri,2015,Chiplun,Rural,1460,1006,1156,1452,1254,1662,3566,1571,
Ratnagiri,2015,Chiplun,Urban,112,45,76,42,52,10,0,29,
Ratnagiri,2015,Chiplun,Total,1572,1051,1232,1494,1306,1672,3566,1600,
Ratnagiri,2015,Guhagar,Rural,2468,1927,2335,2532,2254,2847,6432,2775,
Ratnagiri,2015,Guhagar,Urban,639,540,684,643,663,867,2376,768,
Ratnagiri,2015,Guhagar,Total,3107,2467,3019,3175,2917,3714,8808,3543,
Ratnagiri,2015,Ratnagiri,Rural,2220,1323,1652,2069,2316,2146,5153,1928,
Ratnagiri,2015,Ratnagiri,Urban,47,56,211,61,0,342,197,123,
Ratnagiri,2015,Ratnagiri,Total,2267,1379,1863,2130,2316,2488,5350,2051,
Ratnagiri,2015,Sangameshwar,Rural,2935,1747,2102,3066,2836,3235,8108,3356,
Ratnagiri,2015,Sangameshwar,Urban,1126,4036,4376,1078,893,729,2041,1010,
Ratnagiri,2015,Sangameshwar,Total,4061,5783,6478,4144,3729,3964,10149,4366,
Ratnagiri,2015,Lanja,Rural,25,516,906,1076,1008,1157,2625,1175,
Ratnagiri,2015,Lanja,Urban,7,52,67,110,75,6,0,0,
Ratnagiri,2015,Lanja,Total,32,568,973,1186,1083,1163,2625,1175,
Ratnagiri,2015,Rajapur,Rural,1696,647,1130,1519,1596,2021,4468,1636,
Ratnagiri,2015,Rajapur,Urban,136,307,248,154,118,93,406,140,
Ratnagiri,2015,Rajapur,Total,1832,954,1378,1673,1714,2114,4874,1776,
Ratnagiri,2016,Mandangad,Rural,605,609,486,652,664,804,1115,742,
Ratnagiri,2016,Mandangad,Urban,0,0,0,0,0,0,0,0,
Ratnagiri,2016,Mandangad,Total,605,609,486,652,664,804,1115,742,
Ratnagiri,2016,Dapoli,Rural,1512,1515,1055,1538,1521,1740,2162,1540,
Ratnagiri,2016,Dapoli,Urban,354,354,1314,359,343,556,573,201,
Ratnagiri,2016,Dapoli,Total,1866,1869,2369,1897,1864,2296,2735,1741,
Ratnagiri,2016,Khed,Rural,1671,1686,1622,1760,1622,2051,2792,1901,
Ratnagiri,2016,Khed,Urban,190,190,199,125,176,268,245,209,
Ratnagiri,2016,Khed,Total,1861,1876,1821,1885,1798,2319,3037,2110,
Ratnagiri,2016,Chiplun,Rural,1250,1300,1124,1367,1283,1976,2129,1378,
Ratnagiri,2016,Chiplun,Urban,120,52,80,50,48,20,0,32,
Ratnagiri,2016,Chiplun,Total,1370,1352,1204,1417,1331,1996,2129,1410,
Ratnagiri,2016,Guhagar,Rural,2330,2299,2175,2372,2305,2502,4157,2474,
Ratnagiri,2016,Guhagar,Urban,727,739,788,704,688,693,1113,736,
Ratnagiri,2016,Guhagar,Total,3057,3038,2963,3076,2993,3195,5270,3210,
Ratnagiri,2016,Ratnagiri,Rural,1803,1818,1391,1854,1960,1761,2636,1712,
Ratnagiri,2016,Ratnagiri,Urban,78,68,287,54,0,211,205,131,
Ratnagiri,2016,Ratnagiri,Total,1881,1886,1678,1908,1960,1972,2841,1843,
Ratnagiri,2016,Sangameshwar,Rural,2688,2725,1567,2910,2918,3472,4454,3338,
Ratnagiri,2016,Sangameshwar,Urban,1391,1361,4766,1259,1375,699,213,984,
Ratnagiri,2016,Sangameshwar,Total,4079,4086,6333,4169,4293,4171,4667,4322,
Ratnagiri,2016,Lanja,Rural,1109,1128,907,1085,1116,1350,1615,1102,
Ratnagiri,2016,Lanja,Urban,65,52,67,98,80,12,18,20,
Ratnagiri,2016,Lanja,Total,1174,1180,974,1183,1196,1362,1633,1122,
Ratnagiri,2016,Rajapur,Rural,1414,1417,898,1454,1508,1852,2473,1429,
Ratnagiri,2016,Rajapur,Urban,173,167,148,136,128,148,271,115,
Ratnagiri,2016,Rajapur,Total,1587,1584,1046,1590,1636,2000,2744,1544,
Ratnagiri,2017,Mandangad,Rural,620,620,452,579,560,645,1123,593,
Ratnagiri,2017,Mandangad,Urban,0,0,0,0,0,0,0,0,
Ratnagiri,2017,Mandangad,Total,620,620,452,579,560,645,1123,593,
Ratnagiri,2017,Dapoli,Rural,1518,1518,851,1360,1366,1316,1736,1420,
Ratnagiri,2017,Dapoli,Urban,311,311,1221,268,211,627,525,302,
Ratnagiri,2017,Dapoli,Total,1829,1829,2072,1628,1577,1943,2261,1722,
Ratnagiri,2017,Khed,Rural,1751,1751,1521,1614,1482,1645,2175,1663,
Ratnagiri,2017,Khed,Urban,178,178,137,155,145,117,262,92,
Ratnagiri,2017,Khed,Total,1929,1929,1658,1769,1627,1762,2437,1755,
Ratnagiri,2017,Chiplun,Rural,1363,1363,1115,1586,1230,1530,1870,1183,
Ratnagiri,2017,Chiplun,Urban,0,0,0,0,0,0,0,0,
Ratnagiri,2017,Chiplun,Total,1363,1363,1115,1586,1230,1530,1870,1183,
Ratnagiri,2017,Guhagar,Rural,2317,2317,2135,2245,1766,2140,3204,2068,
Ratnagiri,2017,Guhagar,Urban,578,578,356,563,277,164,565,550,
Ratnagiri,2017,Guhagar,Total,2895,2895,2491,2808,2043,2304,3769,2618,
Ratnagiri,2017,Ratnagiri,Rural,1829,1829,1555,1671,1644,1791,3375,1686,
Ratnagiri,2017,Ratnagiri,Urban,0,0,0,0,0,0,0,0,
Ratnagiri,2017,Ratnagiri,Total,1829,1829,1555,1671,1644,1791,3375,1686,
Ratnagiri,2017,Sangameshwar,Rural,3465,3465,2074,3203,2802,3570,3537,4400,
Ratnagiri,2017,Sangameshwar,Urban,1168,1168,4880,1176,957,668,1342,609,
Ratnagiri,2017,Sangameshwar,Total,4633,4633,6954,4379,3759,4238,4879,5009,
Ratnagiri,2017,Lanja,Rural,1119,1119,819,1057,1240,1288,1659,925,
Ratnagiri,2017,Lanja,Urban,0,0,0,0,0,0,0,0,
Ratnagiri,2017,Lanja,Total,1119,1119,819,1057,1240,1288,1659,925,
Ratnagiri,2017,Rajapur,Rural,1386,1386,803,1241,1283,1430,2478,1178,
Ratnagiri,2017,Rajapur,Urban,164,164,161,133,105,128,261,115,
Ratnagiri,2017,Rajapur,Total,1550,1550,964,1374,1388,1558,2739,1293,
Ratnagiri,2018,Mandangad,Rural,493,493,392,429,475,598,912,548,0
Ratnagiri,2018,Mandangad,Urban,39,39,50,43,42,202,196,40,0
Ratnagiri,2018,Mandangad,Total,532,532,442,472,517,800,1108,588,0
Ratnagiri,2018,Dapoli,Rural,1460,1460,682,1503,1281,1355,1587,1387,0
Ratnagiri,2018,Dapoli,Urban,257,257,1003,224,200,406,322,202,0
Ratnagiri,2018,Dapoli,Total,1717,1717,1685,1727,1481,1761,1909,1589,0
Ratnagiri,2018,Khed,Rural,1642,1642,1288,1386,1613,1501,2218,1501,0
Ratnagiri,2018,Khed,Urban,199,199,402,142,165,189,404,216,0
Ratnagiri,2018,Khed,Total,1841,1841,1690,1528,1778,1690,2622,1717,0
Ratnagiri,2018,Chiplun,Rural,2070,2070,1652,2411,1683,1831,2664,2023,0
Ratnagiri,2018,Chiplun,Urban,680,680,817,650,372,331,154,590,0
Ratnagiri,2018,Chiplun,Total,2750,2750,2469,3061,2055,2162,2818,2613,0
Ratnagiri,2018,Guhagar,Rural,1271,1271,740,1146,1325,1393,1581,1152,0
Ratnagiri,2018,Guhagar,Urban,38,38,179,32,26,3,2,36,0
Ratnagiri,2018,Guhagar,Total,1309,1309,919,1178,1351,1396,1583,1188,0
Ratnagiri,2018,Ratnagiri,Rural,1538,1538,1017,1285,1498,1445,2322,1348,0
Ratnagiri,2018,Ratnagiri,Urban,177,177,386,188,137,129,4,147,0
Ratnagiri,2018,Ratnagiri,Total,1715,1715,1403,1473,1635,1574,2326,1495,0
Ratnagiri,2018,Sangameshwar,Rural,3146,3146,1630,2828,3084,3811,4365,3319,0
Ratnagiri,2018,Sangameshwar,Urban,1375,1375,5508,1346,890,590,635,3156,0
Ratnagiri,2018,Sangameshwar,Total,4521,4521,7138,4174,3974,4401,5000,6475,0
Ratnagiri,2018,Lanja,Rural,972,972,629,765,961,1037,1795,833,0
Ratnagiri,2018,Lanja,Urban,104,104,308,100,101,17,4,180,0
Ratnagiri,2018,Lanja,Total,1076,1076,937,865,1062,1054,1799,1013,0
Ratnagiri,2018,Rajapur,Rural,1204,1204,474,1197,1299,1475,1872,1184,0
Ratnagiri,2018,Rajapur,Urban,145,145,168,122,108,119,261,100,0
Ratnagiri,2018,Rajapur,Total,1349,1349,642,1319,1407,1594,2133,1284,0
Ratnagiri,2019,Mandangad,Rural,665,610,483,627,574,1546,1751,571,610
Ratnagiri,2019,Mandangad,Urban,0,0,0,0,0,0,0,0,0
Ratnagiri,2019,Mandangad,Total,665,610,483,627,574,1546,1751,571,610
Ratnagiri,2019,Dapoli,Rural,1373,1377,827,1344,1241,1375,1706,1242,1374
Ratnagiri,2019,Dapoli,Urban,263,318,608,301,192,391,300,355,318
Ratnagiri,2019,Dapoli,Total,1636,1695,1435,1645,1433,1766,2006,1597,1692
Ratnagiri,2019,Khed,Rural,1462,1513,1476,1461,1807,1549,2344,1485,1525
Ratnagiri,2019,Khed,Urban,170,220,385,207,244,129,150,67,222
Ratnagiri,2019,Khed,Total,1632,1733,1861,1668,2051,1678,2494,1552,1747
Ratnagiri,2019,Chiplun,Rural,2016,2030,1709,2049,1991,1800,2482,1835,2038
Ratnagiri,2019,Chiplun,Urban,651,681,732,693,499,235,129,578,681
Ratnagiri,2019,Chiplun,Total,2667,2711,2441,2742,2490,2035,2611,2413,2719
Ratnagiri,2019,Guhagar,Rural,1028,1051,899,1017,1107,1188,1398,1123,1055
Ratnagiri,2019,Guhagar,Urban,0,0,0,0,0,0,0,0,0
Ratnagiri,2019,Guhagar,Total,1028,1051,899,1017,1107,1188,1398,1123,1055
Ratnagiri,2019,Ratnagiri,Rural,3575,3435,5901,3722,3437,3606,4041,4539,3432
Ratnagiri,2019,Ratnagiri,Urban,691,598,1299,663,515,793,958,568,596
Ratnagiri,2019,Ratnagiri,Total,4266,4033,7200,4385,3952,4399,4999,5107,4028
Ratnagiri,2019,Sangameshwar,Rural,1707,1728,1417,1637,1790,1618,2732,1405,1726
Ratnagiri,2019,Sangameshwar,Urban,0,0,0,0,0,0,0,0,0
Ratnagiri,2019,Sangameshwar,Total,1707,1728,1417,1637,1790,1618,2732,1405,1726
Ratnagiri,2019,Lanja,Rural,1011,1111,958,1145,1050,1023,1059,869,1112
Ratnagiri,2019,Lanja,Urban,0,0,0,0,0,0,0,0,0
Ratnagiri,2019,Lanja,Total,1011,1111,958,1145,1050,1023,1059,869,1112
Ratnagiri,2019,Rajapur,Rural,1156,1235,362,1142,1321,1216,1921,951,1235
Ratnagiri,2019,Rajapur,Urban,114,127,224,128,111,110,247,118,127
Ratnagiri,2019,Rajapur,Total,1270,1362,586,1270,1432,1326,2168,1069,1362
Ratnagiri,2020,Mandangad,Rural,,,,,,,,,
Ratnagiri,2020,Mandangad,Urban,,,,,,,,,
Ratnagiri,2020,Mandangad,Total,,,,,,,,,
Ratnagiri,2020,Dapoli,Rural,,,,,,,,,
Ratnagiri,2020,Dapoli,Urban,,,,,,,,,
Ratnagiri,2020,Dapoli,Total,,,,,,,,,
Ratnagiri,2020,Khed,Rural,,,,,,,,,
Ratnagiri,2020,Khed,Urban,,,,,,,,,
Ratnagiri,2020,Khed,Total,,,,,,,,,
Ratnagiri,2020,Chiplun,Rural,,,,,,,,,
Ratnagiri,2020,Chiplun,Urban,,,,,,,,,
Ratnagiri,2020,Chiplun,Total,,,,,,,,,
Ratnagiri,2020,Guhagar,Rural,,,,,,,,,
Ratnagiri,2020,Guhagar,Urban,,,,,,,,,
Ratnagiri,2020,Guhagar,Total,,,,,,,,,
Ratnagiri,2020,Ratnagiri,Rural,,,,,,,,,
Ratnagiri,2020,Ratnagiri,Urban,,,,,,,,,
Ratnagiri,2020,Ratnagiri,Total,,,,,,,,,
Ratnagiri,2020,Sangameshwar,Rural,,,,,,,,,
Ratnagiri,2020,Sangameshwar,Urban,,,,,,,,,
Ratnagiri,2020,Sangameshwar,Total,,,,,,,,,
Ratnagiri,2020,Lanja,Rural,,,,,,,,,
Ratnagiri,2020,Lanja,Urban,,,,,,,,,
Ratnagiri,2020,Lanja,Total,,,,,,,,,
Ratnagiri,2020,Rajapur,Rural,,,,,,,,,
Ratnagiri,2020,Rajapur,Urban,,,,,,,,,
Ratnagiri,2020,Rajapur,Total,,,,,,,,,
Ratnagiri,2021,Mandangad,Rural,665,602,543,669,593,931,925,558,602
Ratnagiri,2021,Mandangad,Urban,0,0,0,0,0,0,0,0,
Ratnagiri,2021,Mandangad,Total,665,602,543,669,593,931,925,558,602
Ratnagiri,2021,Dapoli,Rural,1233,1242,1142,1197,1367,1241,1112,1311,1246
Ratnagiri,2021,Dapoli,Urban,203,214,258,187,131,127,127,214,214
Ratnagiri,2021,Dapoli,Total,1436,1456,1400,1384,1498,1368,1239,1525,1460
Ratnagiri,2021,Khed,Rural,1608,1514,1331,1494,1568,1125,1369,1560,1513
Ratnagiri,2021,Khed,Urban,151,144,222,131,155,206,231,201,144
Ratnagiri,2021,Khed,Total,1759,1658,1553,1625,1723,1331,1600,1761,1657
Ratnagiri,2021,Chiplun,Rural,2183,2294,2032,2119,2341,1693,1960,2336,2357
Ratnagiri,2021,Chiplun,Urban,624,628,600,617,485,230,97,599,628
Ratnagiri,2021,Chiplun,Total,2807,2922,2632,2736,2826,1923,2057,2935,2985
Ratnagiri,2021,Guhagar,Rural,1041,1001,904,1012,1282,1546,1758,957,1002
Ratnagiri,2021,Guhagar,Urban,0,0,0,0,0,0,0,0,0
Ratnagiri,2021,Guhagar,Total,1041,1001,904,1012,1282,1546,1758,957,1002
Ratnagiri,2021,Ratnagiri,Rural,2896,3139,4024,3050,3035,3425,4076,4265,3141
Ratnagiri,2021,Ratnagiri,Urban,855,675,645,719,464,200,111,713,675
Ratnagiri,2021,Ratnagiri,Total,3751,3814,4669,3769,3499,3625,4187,4978,3816
Ratnagiri,2021,Sangameshwar,Rural,1407,1496,1404,1435,1715,1555,1870,1367,1496
Ratnagiri,2021,Sangameshwar,Urban,0,0,0,0,0,0,0,0,0
Ratnagiri,2021,Sangameshwar,Total,1407,1496,1404,1435,1715,1555,1870,1367,1496
Ratnagiri,2021,Lanja,Rural,952,989,995,909,990,942,1079,904,990
Ratnagiri,2021,Lanja,Urban,0,0,0,0,0,0,0,0,0
Ratnagiri,2021,Lanja,Total,952,989,995,909,990,942,1079,904,990
Ratnagiri,2021,Rajapur,Rural,1116,1059,691,1067,1239,1037,1069,1036,1059
Ratnagiri,2021,Rajapur,Urban,103,101,134,78,82,30,249,92,101
Ratnagiri,2021,Rajapur,Total,1219,1160,825,1145,1321,1067,1318,1128,1160
Sangli,2012,Shirala,Rural,2786,2786,2478,2818,2527,2762,3186,2488,
Sangli,2012,Shirala,Urban,,,,,,,,,
Sangli,2012,Shirala,Total,2786,2786,2478,2818,2527,2762,3186,2488,
Sangli,2012,Valava,Rural,5835,5835,5682,5821,5772,6065,6844,5639,
Sangli,2012,Valava,Urban,,,,,,,,,
Sangli,2012,Valava,Total,7567,7567,7879,7432,7578,7988,8915,6501,
Sangli,2012,Palus,Rural,2637,2637,2665,2624,2340,2953,3101,2697,
Sangli,2012,Palus,Urban,,,,,,,,,
Sangli,2012,Palus,Total,2637,2637,2665,2624,2340,2953,3101,2697,
Sangli,2012,Kadegaon,Rural,2336,2336,2050,2321,2200,2361,2478,2378,
Sangli,2012,Kadegaon,Urban,,,,,,,,,
Sangli,2012,Kadegaon,Total,2336,2336,2050,2321,2200,2361,2478,2378,
Sangli,2012,Khanapur,Rural,1874,1874,1754,1920,2174,2334,2371,1937,
Sangli,2012,Khanapur,Urban,,,,,,,,,
Sangli,2012,Khanapur,Total,2617,2617,3238,2661,3094,3317,3422,2272,
Sangli,2012,Aatpadi,Rural,2275,2275,2523,2369,2310,2593,2663,2246,
Sangli,2012,Aatpadi,Urban,,,,,,,,,
Sangli,2012,Aatpadi,Total,2275,2275,2523,2369,2310,2593,2663,2246,
Sangli,2012,Tasgaon,Rural,3404,3404,3015,3474,3226,3720,3769,3106,
Sangli,2012,Tasgaon,Urban,,,,,,,,,
Sangli,2012,Tasgaon,Total,3897,3897,3765,4014,3627,4175,4694,3339,
Sangli,2012,Miraj,Rural,5926,5926,5556,6094,5724,6182,6256,6143,
Sangli,2012,Miraj,Urban,,,,,,,,,
Sangli,2012,Miraj,Total,15315,15315,17931,15319,14955,15698,16028,16882,
Sangli,2012,Ku. Mahakal,Rural,2857,2857,2708,2897,2924,2724,2849,2470,
Sangli,2012,Ku. Mahakal,Urban,,,,,,,,,
Sangli,2012,Ku. Mahakal,Total,2857,2857,2708,2897,2924,2724,2849,2470,
Sangli,2012,Jat,Rural,5745,5710,5885,5535,5521,5782,5818,5313,
Sangli,2012,Jat,Urban,,,,,,,,,
Sangli,2012,Jat,Total,5745,5710,5885,5535,5521,5782,5818,5313,
Sangli,2013,Shirala,Rural,3080,3082,2746,3065,2975,2839,3305,2342,
Sangli,2013,Shirala,Urban,,,,,,,,,
Sangli,2013,Shirala,Total,3080,3082,2746,3065,2975,2839,3305,2342,
Sangli,2013,Valava,Rural,7628,7629,7911,7441,6757,7111,8926,5943,
Sangli,2013,Valava,Urban,,,,,,,,,
Sangli,2013,Valava,Total,9225,9226,9846,8181,8812,8244,10713,6721,
Sangli,2013,Palus,Rural,2567,2561,2550,2667,2463,2425,2718,2533,
Sangli,2013,Palus,Urban,,,,,,,,,
Sangli,2013,Palus,Total,2567,2561,2550,2667,2463,2425,2718,2533,
Sangli,2013,Kadegaon,Rural,2575,2575,1994,2408,1740,1752,2290,1955,
Sangli,2013,Kadegaon,Urban,,,,,,,,,
Sangli,2013,Kadegaon,Total,2575,2575,1994,2408,1740,1752,2290,1955,
Sangli,2013,Khanapur,Rural,2798,2798,2096,2840,2746,2446,3130,2471,
Sangli,2013,Khanapur,Urban,,,,,,,,,
Sangli,2013,Khanapur,Total,3619,3619,2313,3679,3436,2946,3920,3084,
Sangli,2013,Aatpadi,Rural,2481,2481,2540,2376,2806,2419,2651,2476,
Sangli,2013,Aatpadi,Urban,,,,,,,,,
Sangli,2013,Aatpadi,Total,2481,2481,2540,2376,2806,2419,2651,2476,
Sangli,2013,Tasgaon,Rural,3990,3991,4147,4049,2763,3512,3370,3385,
Sangli,2013,Tasgaon,Urban,,,,,,,,,
Sangli,2013,Tasgaon,Total,4509,4510,4979,4623,3142,3970,3512,3697,
Sangli,2013,Miraj,Rural,5989,5981,5449,6142,5420,5628,5889,5814,
Sangli,2013,Miraj,Urban,,,,,,,,,
Sangli,2013,Miraj,Total,15991,20498,19656,15401,5420,14984,15609,15250,
Sangli,2013,Ku. Mahakal,Rural,2854,2841,2865,2817,1992,2252,2535,2458,
Sangli,2013,Ku. Mahakal,Urban,,,,,,,,,
Sangli,2013,Ku. Mahakal,Total,2854,2841,2865,2817,1992,2252,2535,2458,
Sangli,2013,Jat,Rural,6460,6475,6392,6359,5093,5149,5218,5507,
Sangli,2013,Jat,Urban,,,,,,,,,
Sangli,2013,Jat,Total,6460,6475,6392,6359,5093,5149,5218,5507,
Sangli,2014,Shirala,Rural,2608,2612,2307,2597,2606,2947,3200,2592,
Sangli,2014,Shirala,Urban,,,,,,,,,
Sangli,2014,Shirala,Total,2608,2612,2307,2597,2606,2947,3200,2592,
Sangli,2014,Valava,Rural,5788,5788,5472,5655,5499,6814,7915,5723,
Sangli,2014,Valava,Urban,,,,,,,,,
Sangli,2014,Valava,Total,7408,7405,7026,7106,7299,8506,10187,7298,
Sangli,2014,Palus,Rural,2650,2650,2668,2548,2396,2617,2911,2627,
Sangli,2014,Palus,Urban,,,,,,,,,
Sangli,2014,Palus,Total,2650,2650,2668,2548,2396,2617,2911,2627,
Sangli,2014,Kadegaon,Rural,2417,2417,2089,2414,1839,1859,2498,2432,
Sangli,2014,Kadegaon,Urban,,,,,,,,,
Sangli,2014,Kadegaon,Total,2417,2417,2089,2414,1839,1859,2498,2432,
Sangli,2014,Khanapur,Rural,2049,2049,2023,2077,1657,1698,1927,2265,
Sangli,2014,Khanapur,Urban,,,,,,,,,
Sangli,2014,Khanapur,Total,3107,3047,3507,3094,2537,2778,2964,3092,
Sangli,2014,Aatpadi,Rural,2662,2662,2781,2449,2565,2513,2519,2631,
Sangli,2014,Aatpadi,Urban,,,,,,,,,
Sangli,2014,Aatpadi,Total,2662,2662,2781,2449,2565,2513,2519,2631,
Sangli,2014,Tasgaon,Rural,3290,3290,3023,3439,2528,3454,4363,3513,
Sangli,2014,Tasgaon,Urban,,,,,,,,,
Sangli,2014,Tasgaon,Total,4280,3916,3692,4126,3037,4078,5414,4000,
Sangli,2014,Miraj,Rural,5932,5932,5383,6022,4702,5550,6057,6206,
Sangli,2014,Miraj,Urban,,,,,,,,,
Sangli,2014,Miraj,Total,15707,20703,20297,15430,4702,14793,15529,15782,
Sangli,2014,Ku. Mahakal,Rural,3144,3144,2980,2968,2321,3497,3559,3049,
Sangli,2014,Ku. Mahakal,Urban,,,,,,,,,
Sangli,2014,Ku. Mahakal,Total,3144,3144,2980,2968,2321,3497,3559,3049,
Sangli,2014,Jat,Rural,6059,6053,6077,5932,4873,5508,7154,6297,
Sangli,2014,Jat,Urban,,,,,,,,,
Sangli,2014,Jat,Total,6059,6053,6077,5932,4873,5508,7154,6297,
Sangli,2015,Shirala,Rural,2167,2614,2412,2425,189,2611,3195,2235,
Sangli,2015,Shirala,Urban,,,,,,,,,
Sangli,2015,Shirala,Total,2167,2614,2412,2425,189,2611,3195,2235,
Sangli,2015,Valava,Rural,4950,6002,5811,5732,1073,5829,7309,5809,
Sangli,2015,Valava,Urban,,,,,,,,,
Sangli,2015,Valava,Total,6195,7451,7685,7119,1073,6702,8424,6944,
Sangli,2015,Palus,Rural,2074,2527,2667,2619,0,2516,2950,2623,
Sangli,2015,Palus,Urban,,,,,,,,,
Sangli,2015,Palus,Total,2074,2527,2667,2619,0,2516,2950,2623,
Sangli,2015,Kadegaon,Rural,2024,2510,2409,2380,0,2084,2500,2299,
Sangli,2015,Kadegaon,Urban,,,,,,,,,
Sangli,2015,Kadegaon,Total,2024,2510,2409,2380,0,2084,2500,2299,
Sangli,2015,Khanapur,Rural,1751,2152,2065,2104,60,1847,1952,2099,
Sangli,2015,Khanapur,Urban,,,,,,,,,
Sangli,2015,Khanapur,Total,2706,3283,3438,3255,60,2827,3018,2861,
Sangli,2015,Aatpadi,Rural,2285,2705,2797,2640,0,2370,2661,2776,
Sangli,2015,Aatpadi,Urban,,,,,,,,,
Sangli,2015,Aatpadi,Total,2285,2705,2797,2640,0,2370,2661,2776,
Sangli,2015,Tasgaon,Rural,2789,3375,3137,3477,82,2843,3129,3368,
Sangli,2015,Tasgaon,Urban,,,,,,,,,
Sangli,2015,Tasgaon,Total,3346,3958,3804,4163,82,3298,4020,3810,
Sangli,2015,Miraj,Rural,4886,6009,5872,6145,580,5789,6197,6360,
Sangli,2015,Miraj,Urban,,,,,,,,,
Sangli,2015,Miraj,Total,14704,22068,21945,15779,580,15267,15788,15975,
Sangli,2015,Ku. Mahakal,Rural,2580,3100,3327,2964,138,2747,2688,3091,
Sangli,2015,Ku. Mahakal,Urban,,,,,,,,,
Sangli,2015,Ku. Mahakal,Total,2580,3100,3327,2964,138,2747,2688,3091,
Sangli,2015,Jat,Rural,5395,6364,6933,6572,574,5576,5813,6110,
Sangli,2015,Jat,Urban,,,,,,,,,
Sangli,2015,Jat,Total,5395,6364,6933,6572,574,5576,5813,6110,
Sangli,2016,Shirala,Rural,2378,2379,2121,2332,74,946,1339,1550,
Sangli,2016,Shirala,Urban,,,,,,,,,
Sangli,2016,Shirala,Total,2378,2379,2121,2332,74,946,1339,1550,
Sangli,2016,Valava,Rural,6098,6158,5823,5758,550,3359,3993,5079,
Sangli,2016,Valava,Urban,,,,,,,,,
Sangli,2016,Valava,Total,7436,7497,7247,7081,550,3901,4666,6032,
Sangli,2016,Palus,Rural,2607,2615,2439,2620,6,7,1,1906,
Sangli,2016,Palus,Urban,,,,,,,,,
Sangli,2016,Palus,Total,2607,2615,2439,2620,6,7,1,1906,
Sangli,2016,Kadegaon,Rural,2337,2353,2202,2322,0,1779,2317,1577,
Sangli,2016,Kadegaon,Urban,,,,,,,,,
Sangli,2016,Kadegaon,Total,2337,2353,2202,2322,0,1779,2317,1577,
Sangli,2016,Khanapur,Rural,2079,2858,2011,2834,60,1334,1407,2195,
Sangli,2016,Khanapur,Urban,,,,,,,,,
Sangli,2016,Khanapur,Total,3115,3894,3165,3845,60,2093,2485,2886,
Sangli,2016,Aatpadi,Rural,2757,2756,2630,2676,0,1924,1902,2433,
Sangli,2016,Aatpadi,Urban,,,,,,,,,
Sangli,2016,Aatpadi,Total,2757,2756,2630,2676,0,1924,1902,2433,
Sangli,2016,Tasgaon,Rural,3209,2379,3101,2332,120,1504,2257,2585,
Sangli,2016,Tasgaon,Urban,,,,,,,,,
Sangli,2016,Tasgaon,Total,3951,3071,3801,2990,120,1911,3289,3000,
Sangli,2016,Miraj,Rural,6131,6136,5712,6119,813,5943,6038,5156,
Sangli,2016,Miraj,Urban,,,,,,,,,
Sangli,2016,Miraj,Total,15677,15682,21610,15661,9804,16801,16213,14478,
Sangli,2016,Ku. Mahakal,Rural,2859,2858,2741,2834,399,2084,2517,2940,
Sangli,2016,Ku. Mahakal,Urban,,,,,,,,,
Sangli,2016,Ku. Mahakal,Total,2859,2858,2741,2834,399,2116,2567,2940,
Sangli,2016,Jat,Rural,6615,6609,6725,6730,1007,2964,3099,6383,
Sangli,2016,Jat,Urban,,,,,,,,,
Sangli,2016,Jat,Total,6615,6609,6725,6730,1007,3554,3900,6383,
Sangli,2017,Shirala,Rural,2232,2232,1882,2166,1696,1905,2306,2189,
Sangli,2017,Shirala,Urban,,,,,,,,,
Sangli,2017,Shirala,Total,2232,2232,1882,2166,1696,1905,2306,2189,
Sangli,2017,Valava,Rural,5717,5717,5375,5552,4157,6304,4893,5595,
Sangli,2017,Valava,Urban,,,,,,,,,
Sangli,2017,Valava,Total,7100,7100,6756,6912,5823,8049,7397,7031,
Sangli,2017,Palus,Rural,2580,2580,2360,2532,1549,1442,1462,2577,
Sangli,2017,Palus,Urban,,,,,,,,,
Sangli,2017,Palus,Total,2580,2580,2360,2532,1549,1442,1462,2577,
Sangli,2017,Kadegaon,Rural,2374,2374,2340,2688,1111,1485,1852,2361,
Sangli,2017,Kadegaon,Urban,,,,,,,,,
Sangli,2017,Kadegaon,Total,2374,2374,2340,2688,1111,1485,1852,2361,
Sangli,2017,Khanapur,Rural,1910,1910,1686,1819,1038,2258,1435,2034,
Sangli,2017,Khanapur,Urban,,,,,,,,,
Sangli,2017,Khanapur,Total,2826,2826,2922,2776,1708,2795,2591,2832,
Sangli,2017,Aatpadi,Rural,2809,2809,3063,2572,2017,2352,2556,2612,
Sangli,2017,Aatpadi,Urban,,,,,,,,,
Sangli,2017,Aatpadi,Total,2809,2809,3063,2572,2017,2352,2556,2612,
Sangli,2017,Tasgaon,Rural,3762,3762,3795,3694,3393,4754,3527,3732,
Sangli,2017,Tasgaon,Urban,,,,,,,,,
Sangli,2017,Tasgaon,Total,4146,4146,4235,4105,3564,5333,4486,4248,
Sangli,2017,Miraj,Rural,5781,5781,5155,5849,4184,5334,5369,6080,
Sangli,2017,Miraj,Urban,,,,,,,,,
Sangli,2017,Miraj,Total,15849,23986,22369,16093,13130,15938,15198,18360,
Sangli,2017,Ku. Mahakal,Rural,2860,2860,3014,2701,2029,2250,1862,2754,
Sangli,2017,Ku. Mahakal,Urban,,,,,,,,,
Sangli,2017,Ku. Mahakal,Total,2860,2860,3014,2701,2029,2250,1862,2754,
Sangli,2017,Jat,Rural,6470,6470,6783,6072,2185,3210,3061,6762,
Sangli,2017,Jat,Urban,,,,,,,,,
Sangli,2017,Jat,Total,6470,6470,6783,6072,2185,3210,3061,6762,
Sangli,2018,Shirala,Rural,2232,2232,1882,2166,1696,1905,2306,2189,
Sangli,2018,Shirala,Urban,,,,,,,,,
Sangli,2018,Shirala,Total,2232,2232,1882,2166,1696,1905,2306,2189,
Sangli,2018,Valava,Rural,5717,5717,5375,5552,4157,6304,4893,5595,
Sangli,2018,Valava,Urban,,,,,,,,,
Sangli,2018,Valava,Total,7100,7100,6756,6912,5823,8049,7397,7031,
Sangli,2018,Palus,Rural,2580,2580,2360,2532,1549,1442,1462,2577,
Sangli,2018,Palus,Urban,,,,,,,,,
Sangli,2018,Palus,Total,2580,2580,2360,2532,1549,1442,1462,2577,
Sangli,2018,Kadegaon,Rural,2374,2374,2340,2688,1111,1485,1852,2361,
Sangli,2018,Kadegaon,Urban,,,,,,,,,
Sangli,2018,Kadegaon,Total,2374,2374,2340,2688,1111,1485,1852,2361,
Sangli,2018,Khanapur,Rural,1910,1910,1686,1819,1038,2258,1435,2034,
Sangli,2018,Khanapur,Urban,,,,,,,,,
Sangli,2018,Khanapur,Total,2826,2826,2922,2776,1708,2795,2591,2832,
Sangli,2018,Aatpadi,Rural,2809,2809,3063,2572,2017,2352,2556,2612,
Sangli,2018,Aatpadi,Urban,,,,,,,,,
Sangli,2018,Aatpadi,Total,2809,2809,3063,2572,2017,2352,2556,2612,
Sangli,2018,Tasgaon,Rural,3762,3762,3795,3694,3393,4754,3527,3732,
Sangli,2018,Tasgaon,Urban,,,,,,,,,
Sangli,2018,Tasgaon,Total,4146,4146,4235,4105,3564,5333,4486,4248,
Sangli,2018,Miraj,Rural,5781,5781,5155,5849,4184,5334,5369,6080,
Sangli,2018,Miraj,Urban,,,,,,,,,
Sangli,2018,Miraj,Total,15849,23986,22369,16093,13130,15938,15198,18360,
Sangli,2018,Ku. Mahakal,Rural,2860,2860,3014,2701,2029,2250,1862,2754,
Sangli,2018,Ku. Mahakal,Urban,,,,,,,,,
Sangli,2018,Ku. Mahakal,Total,2860,2860,3014,2701,2029,2250,1862,2754,
Sangli,2018,Jat,Rural,6470,6470,6783,6072,2185,3210,3061,6762,
Sangli,2018,Jat,Urban,,,,,,,,,
Sangli,2018,Jat,Total,6470,6470,6783,6072,2185,3210,3061,6762,
Sangli,2019,Shirala,Rural,2078,1963,2493,2150,0,1946,2593,2048,2278
Sangli,2019,Shirala,Urban,0,0,0,0,0,0,0,0,0
Sangli,2019,Shirala,Total,2078,1963,2493,2150,0,1946,2593,2048,2278
Sangli,2019,Valava,Rural,5844,6050,5992,5742,0,5863,5811,5521,6049
Sangli,2019,Valava,Urban,1631,1087,1959,1662,0,2573,2759,1718,1736
Sangli,2019,Valava,Total,7475,7137,7951,7404,0,8436,8570,7239,7785
Sangli,2019,Palus,Rural,3399,2695,3389,3533,0,2206,2825,3360,3514
Sangli,2019,Palus,Urban,0,0,0,0,0,0,0,0,0
Sangli,2019,Palus,Total,3399,2695,3389,3533,0,2206,2825,3360,3514
Sangli,2019,Kadegaon,Rural,2504,1705,2870,2659,0,1601,2053,2890,2791
Sangli,2019,Kadegaon,Urban,0,0,0,0,0,0,0,0,0
Sangli,2019,Kadegaon,Total,2504,1705,2870,2659,0,1601,2053,2890,2791
Sangli,2019,Khanapur,Rural,2013,1420,2080,2068,0,2372,2294,2302,2055
Sangli,2019,Khanapur,Urban,874,647,950,902,0,671,673,996,877
Sangli,2019,Khanapur,Total,2887,2067,3030,2970,0,3043,2967,3298,2932
Sangli,2019,Aatpadi,Rural,2803,2663,3101,2903,0,2038,2092,2820,2891
Sangli,2019,Aatpadi,Urban,0,0,0,0,0,0,0,0,0
Sangli,2019,Aatpadi,Total,2803,2663,3101,2903,0,2038,2092,2820,2891
Sangli,2019,Tasgaon,Rural,4015,2556,3941,4082,0,3187,3426,3929,4032
Sangli,2019,Tasgaon,Urban,381,426,713,360,0,801,787,795,354
Sangli,2019,Tasgaon,Total,4396,2982,4654,4442,0,3988,4213,4724,4386
Sangli,2019,Miraj,Rural,6151,4913,5731,6206,0,5278,4674,6250,6124
Sangli,2019,Miraj,Urban,9554,15841,18362,10282,0,8115,8068,11938,9237
Sangli,2019,Miraj,Total,15705,20754,24093,16488,0,13393,12742,18188,15361
Sangli,2019,Ku. Mahakal,Rural,2889,3457,3762,3097,0,2485,2151,3194,3181
Sangli,2019,Ku. Mahakal,Urban,0,0,0,0,0,0,0,0,0
Sangli,2019,Ku. Mahakal,Total,2889,3457,3762,3097,0,2485,2151,3194,3181
Sangli,2019,Jat,Rural,6429,6537,7289,6690,0,5576,5963,6779,6889
Sangli,2019,Jat,Urban,0,0,0,0,0,0,0,0,0
Sangli,2019,Jat,Total,6429,6537,7289,6690,0,5576,5963,6779,6889
Sangli,2020,Shirala,Rural,1943,1849,2124,2006,0,1366,1596,1985,2126
Sangli,2020,Shirala,Urban,0,0,0,0,0,0,0,0,0
Sangli,2020,Shirala,Total,1943,1849,2124,2006,0,1366,1596,1985,2126
Sangli,2020,Valava,Rural,5747,5678,5643,5853,0,4931,5033,5483,6235
Sangli,2020,Valava,Urban,1807,1756,1750,1758,0,150,130,1835,1815
Sangli,2020,Valava,Total,7554,7434,7393,7611,0,5081,5163,7318,8050
Sangli,2020,Palus,Rural,3144,2385,2885,3256,0,1622,1717,3108,3645
Sangli,2020,Palus,Urban,0,0,0,0,0,0,0,0,0
Sangli,2020,Palus,Total,3144,2385,2885,3256,0,1622,1717,3108,3645
Sangli,2020,Kadegaon,Rural,2513,1844,2263,2536,0,507,443,2703,2624
Sangli,2020,Kadegaon,Urban,0,0,0,0,0,0,0,0,0
Sangli,2020,Kadegaon,Total,2513,1844,2263,2536,0,507,443,2703,2624
Sangli,2020,Khanapur,Rural,2019,1784,2035,2004,0,1470,1654,2191,2057
Sangli,2020,Khanapur,Urban,917,1191,889,900,0,0,0,1301,878
Sangli,2020,Khanapur,Total,2936,2975,2924,2904,0,1470,1654,3492,2935
Sangli,2020,Aatpadi,Rural,2905,2695,2640,2643,0,259,157,2771,2898
Sangli,2020,Aatpadi,Urban,0,0,0,0,0,0,0,0,0
Sangli,2020,Aatpadi,Total,2905,2695,2640,2643,0,259,157,2771,2898
Sangli,2020,Tasgaon,Rural,3825,2399,3509,3870,0,2082,2646,3678,3897
Sangli,2020,Tasgaon,Urban,561,810,752,499,0,463,482,1090,573
Sangli,2020,Tasgaon,Total,4386,3209,4261,4369,0,2545,3128,4768,4470
Sangli,2020,Miraj,Rural,5574,3189,5133,5672,0,2630,2168,5940,5791
Sangli,2020,Miraj,Urban,8674,8902,10613,8843,0,8318,7854,11154,8029
Sangli,2020,Miraj,Total,14248,12091,15746,14515,0,10948,10022,17094,13820
Sangli,2020,Ku. Mahakal,Rural,2784,3288,3239,2890,0,690,772,2932,2981
Sangli,2020,Ku. Mahakal,Urban,0,0,0,0,0,0,0,0,0
Sangli,2020,Ku. Mahakal,Total,2784,3288,3239,2890,0,690,772,2932,2981
Sangli,2020,Jat,Rural,6185,6036,7002,6617,0,240,673,7169,6620
Sangli,2020,Jat,Urban,0,0,0,0,0,0,0,0,0
Sangli,2020,Jat,Total,6185,6036,7002,6617,0,240,673,7169,6620
Sangli,2021,Shirala,Rural,2121,2543,2544,2259,0,1849,2222,2631,2543
Sangli,2021,Shirala,Urban,0,0,0,0,0,0,0,0,0
Sangli,2021,Shirala,Total,2121,2543,2544,2259,0,1849,2222,2631,2543
Sangli,2021,Valava,Rural,5798,6115,6286,5924,0,6432,6163,6202,6118
Sangli,2021,Valava,Urban,2158,2241,2282,2184,0,1624,1653,1428,2229
Sangli,2021,Valava,Total,7956,8356,8568,8108,0,8056,7816,7630,8347
Sangli,2021,Palus,Rural,3286,3435,2691,3286,0,2072,2094,3408,3434
Sangli,2021,Palus,Urban,0,0,0,0,0,0,0,0,0
Sangli,2021,Palus,Total,3286,3435,2691,3286,0,2072,2094,3408,3434
Sangli,2021,Kadegaon,Rural,2568,2627,2450,2641,0,899,1005,2683,2627
Sangli,2021,Kadegaon,Urban,0,0,0,0,0,0,0,0,0
Sangli,2021,Kadegaon,Total,2568,2627,2450,2641,0,899,1005,2683,2627
Sangli,2021,Khanapur,Rural,1942,1966,1873,1964,0,1539,1655,2221,1982
Sangli,2021,Khanapur,Urban,870,866,849,880,0,0,0,826,866
Sangli,2021,Khanapur,Total,2812,2832,2722,2844,0,1539,1655,3047,2848
Sangli,2021,Aatpadi,Rural,2836,2965,2464,2860,0,2496,1833,2686,2965
Sangli,2021,Aatpadi,Urban,0,0,0,0,0,0,0,0,0
Sangli,2021,Aatpadi,Total,2836,2965,2464,2860,0,2496,1833,2686,2965
Sangli,2021,Tasgaon,Rural,3585,3646,3493,3561,0,3209,3218,3734,3646
Sangli,2021,Tasgaon,Urban,692,624,872,688,0,196,185,639,624
Sangli,2021,Tasgaon,Total,4277,4270,4365,4249,0,3405,3403,4373,4270
Sangli,2021,Miraj,Rural,5992,5996,5768,5918,0,4801,4129,6335,6007
Sangli,2021,Miraj,Urban,9605,9730,11367,9401,0,11485,10463,8730,9732
Sangli,2021,Miraj,Total,15597,15726,17135,15319,0,16286,14592,15065,15739
Sangli,2021,Ku. Mahakal,Rural,2618,2832,2874,2704,0,1722,1454,2844,2832
Sangli,2021,Ku. Mahakal,Urban,0,0,0,0,0,0,0,0,0
Sangli,2021,Ku. Mahakal,Total,2618,2832,2874,2704,0,1722,1454,2844,2832
Sangli,2021,Jat,Rural,5948,6458,6195,6307,0,1071,959,6741,6480
Sangli,2021,Jat,Urban,0,0,0,0,0,0,0,0,0
Sangli,2021,Jat,Total,5948,6458,6195,6307,0,1071,959,6741,6480
Satara,2012,Mahableshwar,Rural,860,860,844,889,1048,1121,1365,843,
Satara,2012,Mahableshwar,Urban,,,,,,,,,
Satara,2012,Mahableshwar,Total,1076,1076,1061,1104,1324,1530,1870,905,
Satara,2012,Vai,Rural,2550,2550,2302,2658,2497,3019,3074,2597,
Satara,2012,Vai,Urban,,,,,,,,,
Satara,2012,Vai,Total,3226,3226,3719,3279,3510,3787,3959,3197,
Satara,2012,Khandala,Rural,2204,2204,2480,2462,2217,2825,3189,2374,
Satara,2012,Khandala,Urban,,,,,,,,,
Satara,2012,Khandala,Total,2204,2204,2480,2462,2217,2825,3189,2374,
Satara,2012,Faltan,Rural,4771,4771,4585,4688,4895,5301,5560,4933,
Satara,2012,Faltan,Urban,,,,,,,,,
Satara,2012,Faltan,Total,5424,5424,6929,5459,6176,6153,6651,5568,
Satara,2012,Man,Rural,3813,3813,3794,3816,3718,3979,3998,3437,
Satara,2012,Man,Urban,,,,,,,,,
Satara,2012,Man,Total,3813,3813,3794,3816,3718,3979,3998,3437,
Satara,2012,Khatav,Rural,4999,4999,4941,4899,4988,5226,5401,5105,
Satara,2012,Khatav,Urban,,,,,,,,,
Satara,2012,Khatav,Total,4999,4999,4941,4899,4988,5226,5401,5105,
Satara,2012,Koregaon,Rural,4075,4071,3944,4075,4188,4760,4885,4152,
Satara,2012,Koregaon,Urban,,,,,,,,,
Satara,2012,Koregaon,Total,4075,4071,3944,4075,4188,4760,4885,4152,
Satara,2012,Satara,Rural,5817,5817,5375,5779,6092,6419,6694,5906,
Satara,2012,Satara,Urban,,,,,,,,,
Satara,2012,Satara,Total,7663,7663,11096,7708,7595,7682,8589,7175,
Satara,2012,Javali,Rural,1782,1782,1711,1793,1950,1977,2266,2096,
Satara,2012,Javali,Urban,,,,,,,,,
Satara,2012,Javali,Total,1782,1782,1711,1793,1950,1977,2266,2096,
Satara,2012,Patan,Rural,5369,5369,4674,5165,6222,6485,7550,5140,
Satara,2012,Patan,Urban,,,,,,,,,
Satara,2012,Patan,Total,5369,5369,4674,5165,6222,6485,7550,5140,
Satara,2012,Karad,Rural,8692,8692,10841,8586,8558,9234,9713,8229,
Satara,2012,Karad,Urban,,,,,,,,,
Satara,2012,Karad,Total,9899,9899,12745,9852,9957,10748,11224,9012,
Satara,2013,Mahableshwar,Rural,881,881,783,766,1287,1347,1583,452,
Satara,2013,Mahableshwar,Urban,,,,,,,,,
Satara,2013,Mahableshwar,Total,1075,1075,1009,957,1468,1791,1975,634,
Satara,2013,Vai,Rural,2573,2565,1989,2487,2121,2443,2596,1634,
Satara,2013,Vai,Urban,,,,,,,,,
Satara,2013,Vai,Total,3242,3234,3369,3149,2755,3158,3361,2150,
Satara,2013,Khandala,Rural,2225,2214,2266,2402,2116,2455,2429,1919,
Satara,2013,Khandala,Urban,,,,,,,,,
Satara,2013,Khandala,Total,2225,2214,2266,2402,2116,2455,2429,1919,
Satara,2013,Faltan,Rural,5142,5144,3947,5296,5453,5335,5966,4665,
Satara,2013,Faltan,Urban,,,,,,,,,
Satara,2013,Faltan,Total,5921,5923,6454,6096,6153,6400,6943,5651,
Satara,2013,Man,Rural,3936,3930,3763,3826,3736,4054,3978,2031,
Satara,2013,Man,Urban,,,,,,,,,
Satara,2013,Man,Total,3936,3930,3763,3826,3736,4054,3978,2031,
Satara,2013,Khatav,Rural,4827,4850,4561,4735,4591,5262,5564,3219,
Satara,2013,Khatav,Urban,,,,,,,,,
Satara,2013,Khatav,Total,4827,4850,4561,4735,4591,5262,5564,3219,
Satara,2013,Koregaon,Rural,4187,4177,3943,4223,3861,4201,4605,3680,
Satara,2013,Koregaon,Urban,,,,,,,,,
Satara,2013,Koregaon,Total,4187,4177,3943,4223,3861,4201,4605,3680,
Satara,2013,Satara,Rural,5808,2655,2588,5741,5685,6298,6583,4256,
Satara,2013,Satara,Urban,,,,,,,,,
Satara,2013,Satara,Total,7436,7432,7365,7404,7322,8051,8048,6141,
Satara,2013,Javali,Rural,1776,1757,1449,1748,1652,1887,2302,1445,
Satara,2013,Javali,Urban,,,,,,,,,
Satara,2013,Javali,Total,1776,1757,1449,1748,1652,1887,2302,1445,
Satara,2013,Patan,Rural,6025,6008,4855,5871,5936,6127,7538,3726,
Satara,2013,Patan,Urban,,,,,,,,,
Satara,2013,Patan,Total,6025,6008,4855,5871,5936,6127,7538,3726,
Satara,2013,Karad,Rural,8422,8468,10863,8306,8785,8587,9347,5435,
Satara,2013,Karad,Urban,,,,,,,,,
Satara,2013,Karad,Total,9603,9649,12993,9471,10002,9989,10840,6785,
Satara,2014,Mahableshwar,Rural,908,907,595,872,793,934,1104,955,
Satara,2014,Mahableshwar,Urban,,,,,,,,,
Satara,2014,Mahableshwar,Total,1098,1097,796,1071,1226,1418,1554,1174,
Satara,2014,Vai,Rural,2418,2412,2060,2415,2128,2481,2864,2160,
Satara,2014,Vai,Urban,,,,,,,,,
Satara,2014,Vai,Total,3023,3017,3456,3134,2980,3483,3811,2727,
Satara,2014,Khandala,Rural,2180,2151,2542,2253,2148,2113,2317,2335,
Satara,2014,Khandala,Urban,,,,,,,,,
Satara,2014,Khandala,Total,2180,2151,2542,2253,2148,2113,2317,2335,
Satara,2014,Faltan,Rural,4584,4604,4288,4731,4398,4668,4965,4290,
Satara,2014,Faltan,Urban,,,,,,,,,
Satara,2014,Faltan,Total,5378,5398,5114,5460,5779,5846,6036,5320,
Satara,2014,Man,Rural,3844,3821,3448,3521,2873,3411,3428,3358,
Satara,2014,Man,Urban,,,,,,,,,
Satara,2014,Man,Total,3844,3821,344,3521,2873,3411,3428,3358,
Satara,2014,Khatav,Rural,4700,4713,5085,4499,3862,4111,4347,4737,
Satara,2014,Khatav,Urban,,,,,,,,,
Satara,2014,Khatav,Total,4700,4713,5085,4499,3862,4111,4347,4737,
Satara,2014,Koregaon,Rural,3984,4029,3731,3967,1992,3720,4103,3946,
Satara,2014,Koregaon,Urban,,,,,,,,,
Satara,2014,Koregaon,Total,3984,4029,3731,3967,1992,3720,4103,3946,
Satara,2014,Satara,Rural,5398,5423,4421,5489,5611,5888,7203,5953,
Satara,2014,Satara,Urban,,,,,,,,,
Satara,2014,Satara,Total,7038,7063,10469,7452,6918,7342,8723,7335,
Satara,2014,Javali,Rural,1658,1655,1470,1737,1648,1874,2167,2080,
Satara,2014,Javali,Urban,,,,,,,,,
Satara,2014,Javali,Total,1658,1655,1470,1737,1648,1874,2167,2080,
Satara,2014,Patan,Rural,5058,5044,3601,4829,4133,4752,5031,4430,
Satara,2014,Patan,Urban,,,,,,,,,
Satara,2014,Patan,Total,5058,5044,3601,4829,4133,4752,5031,4430,
Satara,2014,Karad,Rural,7654,7733,10276,7864,6860,8221,7618,5902,
Satara,2014,Karad,Urban,,,,,,,,,
Satara,2014,Karad,Total,8851,8930,12961,9126,8401,9759,9667,8549,
Satara,2015,Mahableshwar,Rural,742,862,647,886,685,846,992,761,
Satara,2015,Mahableshwar,Urban,,,,,,,,,
Satara,2015,Mahableshwar,Total,965,1085,855,1117,1087,1247,1363,984,
Satara,2015,Vai,Rural,1892,2296,2023,2460,2439,2408,2865,2489,
Satara,2015,Vai,Urban,,,,,,,,,
Satara,2015,Vai,Total,2569,2973,3475,3215,3135,3545,3665,3136,
Satara,2015,Khandala,Rural,1887,2199,3185,2399,1831,2177,2121,2373,
Satara,2015,Khandala,Urban,,,,,,,,,
Satara,2015,Khandala,Total,1887,2199,3185,2399,1831,2177,2121,2373,
Satara,2015,Faltan,Rural,3988,4714,4559,4899,4125,4227,4511,4538,
Satara,2015,Faltan,Urban,,,,,,,,,
Satara,2015,Faltan,Total,5046,5772,7422,5888,5534,5445,5675,5649,
Satara,2015,Man,Rural,3128,3798,3619,3617,3194,3405,3481,3736,
Satara,2015,Man,Urban,,,,,,,,,
Satara,2015,Man,Total,3128,3798,3619,3617,3194,3405,3481,3736,
Satara,2015,Khatav,Rural,3952,4768,5283,4648,3945,3856,4412,4657,
Satara,2015,Khatav,Urban,,,,,,,,,
Satara,2015,Khatav,Total,3952,4768,5283,4648,3945,3856,4412,4657,
Satara,2015,Koregaon,Rural,3576,4230,4074,4185,3804,3718,3702,4097,
Satara,2015,Koregaon,Urban,,,,,,,,,
Satara,2015,Koregaon,Total,3576,4230,4074,4185,3804,3718,3702,4097,
Satara,2015,Satara,Rural,4724,5680,4707,5721,5818,5446,5923,5950,
Satara,2015,Satara,Urban,,,,,,,,,
Satara,2015,Satara,Total,7655,8611,12971,8361,8768,8152,8998,8478,
Satara,2015,Javali,Rural,1347,1638,1564,1663,1519,1684,2047,2196,
Satara,2015,Javali,Urban,,,,,,,,,
Satara,2015,Javali,Total,1347,1638,1564,1663,1519,1684,2047,2196,
Satara,2015,Patan,Rural,4195,4934,4579,4786,3903,4665,4416,4426,
Satara,2015,Patan,Urban,,,,,,,,,
Satara,2015,Patan,Total,4195,4934,4579,4786,3903,4665,4416,4426,
Satara,2015,Karad,Rural,6394,7837,10057,7820,7262,7515,8049,7737,
Satara,2015,Karad,Urban,,,,,,,,,
Satara,2015,Karad,Total,8005,9448,13548,9509,8679,8700,9793,9785,
Satara,2016,Mahableshwar,Rural,594,1033,520,660,933,1058,1393,503,
Satara,2016,Mahableshwar,Urban,,,,,,,,,
Satara,2016,Mahableshwar,Total,1053,1309,743,1071,1222,1401,1727,932,
Satara,2016,Vai,Rural,1825,3238,848,1641,1843,2569,3005,1692,
Satara,2016,Vai,Urban,,,,,,,,,
Satara,2016,Vai,Total,3240,3910,2158,3133,2527,3600,3859,3052,
Satara,2016,Khandala,Rural,2235,2237,2399,2295,1976,2571,2470,2307,
Satara,2016,Khandala,Urban,,,,,,,,,
Satara,2016,Khandala,Total,2235,2237,2399,2295,1976,2571,2470,2307,
Satara,2016,Faltan,Rural,4063,6024,2281,3837,3616,4394,3944,3659,
Satara,2016,Faltan,Urban,,,,,,,,,
Satara,2016,Faltan,Total,6037,7423,4901,5885,4691,5681,5288,5402,
Satara,2016,Man,Rural,3853,3795,2227,3562,3174,3276,3843,3723,
Satara,2016,Man,Urban,,,,,,,,,
Satara,2016,Man,Total,3853,3795,2227,3562,3174,3276,3843,3723,
Satara,2016,Khatav,Rural,4777,4741,4079,4512,4092,5386,6061,4567,
Satara,2016,Khatav,Urban,,,,,,,,,
Satara,2016,Khatav,Total,4777,4741,4079,4512,4092,5386,6061,4567,
Satara,2016,Koregaon,Rural,4374,4452,3723,4142,2503,4518,4908,4234,
Satara,2016,Koregaon,Urban,,,,,,,,,
Satara,2016,Koregaon,Total,4374,4452,3723,4142,2503,4518,4908,4234,
Satara,2016,Satara,Rural,3873,8416,1812,3282,2750,5917,6418,3757,
Satara,2016,Satara,Urban,,,,,,,,,
Satara,2016,Satara,Total,8743,11862,9444,8280,5239,8477,9951,7858,
Satara,2016,Javali,Rural,1639,1638,1162,1706,1640,1789,2030,1901,
Satara,2016,Javali,Urban,,,,,,,,,
Satara,2016,Javali,Total,1639,1638,1162,1706,1640,1789,2030,1901,
Satara,2016,Patan,Rural,4826,4802,4378,4736,3836,4323,5072,4372,
Satara,2016,Patan,Urban,,,,,,,,,
Satara,2016,Patan,Total,4826,4802,4378,4736,3836,4323,5072,4372,
Satara,2016,Karad,Rural,6804,9607,7786,6765,6205,7843,9291,5469,
Satara,2016,Karad,Urban,,,,,,,,,
Satara,2016,Karad,Total,9639,11900,11967,9328,7910,9445,10808,8504,
Satara,2017,Mahableshwar,Rural,271,965,493,515,679,1271,1379,493,
Satara,2017,Mahableshwar,Urban,,,,,,,,,
Satara,2017,Mahableshwar,Total,976,1208,776,944,968,1640,1744,913,
Satara,2017,Vai,Rural,964,3028,1835,1666,585,3034,2642,1898,
Satara,2017,Vai,Urban,,,,,,,,,
Satara,2017,Vai,Total,3028,3984,3153,2822,1324,3660,3785,2953,
Satara,2017,Khandala,Rural,2342,2342,2483,2249,445,2836,2844,2356,
Satara,2017,Khandala,Urban,,,,,,,,,
Satara,2017,Khandala,Total,2342,2342,2483,2249,445,2836,2844,2356,
Satara,2017,Faltan,Rural,2434,5223,1104,3271,865,4066,3905,3260,
Satara,2017,Faltan,Urban,,,,,,,,,
Satara,2017,Faltan,Total,5291,6209,3353,4804,2459,5193,5192,5555,
Satara,2017,Man,Rural,3463,3422,3335,3274,111,3039,3212,3848,
Satara,2017,Man,Urban,,,,,,,,,
Satara,2017,Man,Total,3463,3422,3335,3274,111,3039,3212,3848,
Satara,2017,Khatav,Rural,4848,4801,4786,4529,1015,3300,3960,4720,
Satara,2017,Khatav,Urban,,,,,,,,,
Satara,2017,Khatav,Total,4848,4801,4786,4529,1015,3300,3960,4720,
Satara,2017,Koregaon,Rural,4181,4175,3637,3832,257,3557,3754,3901,
Satara,2017,Koregaon,Urban,,,,,,,,,
Satara,2017,Koregaon,Total,4181,4175,3637,3832,257,3557,3754,3901,
Satara,2017,Satara,Rural,3421,8999,4775,3785,3229,6029,6302,4594,
Satara,2017,Satara,Urban,,,,,,,,,
Satara,2017,Satara,Total,9085,13507,10946,6955,6419,7347,7797,7792,
Satara,2017,Javali,Rural,1741,1687,1033,1537,1174,2154,2046,1654,
Satara,2017,Javali,Urban,,,,,,,,,
Satara,2017,Javali,Total,1741,1687,1033,1537,1174,2154,2046,1654,
Satara,2017,Patan,Rural,5020,4938,4255,4762,2990,4296,4666,4637,
Satara,2017,Patan,Urban,,,,,,,,,
Satara,2017,Patan,Total,5020,4938,4255,4762,2990,4296,4666,4637,
Satara,2017,Karad,Rural,6738,7712,6848,6354,2360,7287,8153,7113,
Satara,2017,Karad,Urban,,,,,,,,,
Satara,2017,Karad,Total,9139,9121,11158,8339,3896,9215,10254,8760,
Satara,2018,Mahableshwar,Rural,0,385,557,560,0,1288,1708,480,625
Satara,2018,Mahableshwar,Urban,0,184,217,284,0,0,0,0,0
Satara,2018,Mahableshwar,Total,0,569,774,844,0,1288,1708,480,625
Satara,2018,Vai,Rural,0,929,1536,1697,0,1985,2637,1420,1909
Satara,2018,Vai,Urban,0,1261,699,874,0,0,0,0,0
Satara,2018,Vai,Total,0,2190,2235,2571,0,1985,2637,1420,1909
Satara,2018,Khandala,Rural,0,2191,2357,2048,0,2163,1797,1114,1678
Satara,2018,Khandala,Urban,0,0,0,0,0,0,0,0,0
Satara,2018,Khandala,Total,0,2191,2357,2048,0,2163,1797,1114,1678
Satara,2018,Faltan,Rural,0,1796,2303,3438,0,3250,3602,2614,3552
Satara,2018,Faltan,Urban,0,2343,2298,479,0,40,441,0,40
Satara,2018,Faltan,Total,0,4139,4601,3917,0,3290,4043,2614,3592
Satara,2018,Man,Rural,0,1721,2364,2675,0,1803,2459,1404,2382
Satara,2018,Man,Urban,0,0,0,0,0,0,0,0,0
Satara,2018,Man,Total,0,1721,2364,2675,0,1803,2459,1404,2382
Satara,2018,Khatav,Rural,0,2649,4414,4080,0,3869,3949,2263,3480
Satara,2018,Khatav,Urban,0,0,0,0,0,0,0,0,0
Satara,2018,Khatav,Total,0,2649,4414,4080,0,3869,3949,2263,3480
Satara,2018,Koregaon,Rural,0,2791,3485,3295,0,3201,3896,2856,2802
Satara,2018,Koregaon,Urban,0,0,0,0,0,0,0,0,0
Satara,2018,Koregaon,Total,0,2791,3485,3295,0,3201,3896,2856,2802
Satara,2018,Satara,Rural,0,2211,2705,4656,0,3754,4303,7295,5103
Satara,2018,Satara,Urban,0,7024,4604,5608,0,576,885,1075,709
Satara,2018,Satara,Total,0,9235,7309,10264,0,4330,5188,8370,5812
Satara,2018,Javali,Rural,0,743,1198,1528,0,1690,1715,1029,1110
Satara,2018,Javali,Urban,0,0,0,0,0,0,0,0,0
Satara,2018,Javali,Total,0,743,1198,1528,0,1690,1715,1029,1110
Satara,2018,Patan,Rural,0,1918,4004,4222,0,4651,4954,2714,3488
Satara,2018,Patan,Urban,0,0,0,0,0,0,0,0,0
Satara,2018,Patan,Total,0,1918,4004,4222,0,4651,4954,2714,3488
Satara,2018,Karad,Rural,0,5879,7509,7264,0,8263,9132,4255,5554
Satara,2018,Karad,Urban,0,4785,4777,1172,0,346,1058,438,1019
Satara,2018,Karad,Total,0,10664,12286,8436,0,8609,10190,4693,6573
Satara,2019,Mahableshwar,Rural,0,838,956,947,0,1094,1210,986,980
Satara,2019,Mahableshwar,Urban,0,166,202,255,0,49,111,126,255
Satara,2019,Mahableshwar,Total,0,1004,1158,1202,0,1143,1321,1112,1235
Satara,2019,Vai,Rural,0,1393,1723,2352,0,2671,3039,2275,2321
Satara,2019,Vai,Urban,0,1406,1412,584,0,762,1069,620,584
Satara,2019,Vai,Total,0,2799,3135,2936,0,3433,4108,2895,2905
Satara,2019,Khandala,Rural,0,2315,2460,2420,0,2197,2105,2364,2349
Satara,2019,Khandala,Urban,0,0,0,0,0,0,0,0,0
Satara,2019,Khandala,Total,0,2315,2460,2420,0,2197,2105,2364,2349
Satara,2019,Faltan,Rural,0,2183,2501,4206,0,4300,3944,3980,4196
Satara,2019,Faltan,Urban,0,2099,2160,766,0,625,1311,2285,766
Satara,2019,Faltan,Total,0,4282,4661,4972,0,4925,5255,6265,4962
Satara,2019,Man,Rural,0,2162,2199,3515,0,2999,3392,3384,3602
Satara,2019,Man,Urban,0,0,0,0,0,0,0,0,0
Satara,2019,Man,Total,0,2162,2199,3515,0,2999,3392,3384,3602
Satara,2019,Khatav,Rural,0,3669,4303,4399,0,4279,4513,4673,4446
Satara,2019,Khatav,Urban,0,0,0,0,0,0,0,0,0
Satara,2019,Khatav,Total,0,3669,4303,4399,0,4279,4513,4673,4446
Satara,2019,Koregaon,Rural,0,3700,3888,3903,0,4175,4268,4261,3998
Satara,2019,Koregaon,Urban,0,0,0,0,0,0,0,0,0
Satara,2019,Koregaon,Total,0,3700,3888,3903,0,4175,4268,4261,3998
Satara,2019,Satara,Rural,0,2299,5880,5891,0,5265,5290,4476,5788
Satara,2019,Satara,Urban,0,11376,8147,5117,0,3629,3495,9363,5092
Satara,2019,Satara,Total,0,13675,14027,11008,0,8894,8785,13839,10880
Satara,2019,Javali,Rural,0,858,1224,1494,0,1842,1844,1566,1551
Satara,2019,Javali,Urban,0,0,0,0,0,0,0,0,0
Satara,2019,Javali,Total,0,858,1224,1494,0,1842,1844,1566,1551
Satara,2019,Patan,Rural,0,2315,4567,4878,0,4894,5239,4468,5013
Satara,2019,Patan,Urban,0,0,0,0,0,0,0,0,0
Satara,2019,Patan,Total,0,2315,4567,4878,0,4894,5239,4468,5013
Satara,2019,Karad,Rural,0,6888,8360,7583,0,8264,8892,7533,7926
Satara,2019,Karad,Urban,0,4435,4111,987,0,844,1064,1070,987
Satara,2019,Karad,Total,0,11323,12471,8570,0,9108,9956,8603,8913
Satara,2020,Mahableshwar,Rural,0,659,745,895,0,696,918,835,812
Satara,2020,Mahableshwar,Urban,0,188,228,118,0,65,122,162,202
Satara,2020,Mahableshwar,Total,0,847,973,1013,0,761,1040,997,1014
Satara,2020,Vai,Rural,0,1749,1543,1472,0,2675,2034,846,2351
Satara,2020,Vai,Urban,0,684,1288,1510,0,695,1289,1913,532
Satara,2020,Vai,Total,0,2433,2831,2982,0,3370,3323,2759,2883
Satara,2020,Khandala,Rural,0,2180,2230,2311,0,1851,2172,2248,2124
Satara,2020,Khandala,Urban,0,0,0,0,0,0,0,0,0
Satara,2020,Khandala,Total,0,2180,2230,2311,0,1851,2172,2248,2124
Satara,2020,Faltan,Rural,0,1456,2956,4152,0,2496,3542,4258,4010
Satara,2020,Faltan,Urban,0,1369,705,711,0,636,795,1852,733
Satara,2020,Faltan,Total,0,2825,3661,4863,0,3132,4337,6110,4743
Satara,2020,Man,Rural,0,2247,3002,3540,0,946,1305,3290,3553
Satara,2020,Man,Urban,0,0,0,0,0,0,0,0,0
Satara,2020,Man,Total,0,2247,3002,3540,0,946,1305,3290,3553
Satara,2020,Khatav,Rural,0,3756,4110,4657,0,1734,2022,4511,4432
Satara,2020,Khatav,Urban,0,0,0,0,0,0,0,0,0
Satara,2020,Khatav,Total,0,3756,4110,4657,0,1734,2022,4511,4432
Satara,2020,Koregaon,Rural,0,3556,3687,3675,0,2476,3047,3869,3814
Satara,2020,Koregaon,Urban,0,0,0,0,0,0,0,0,0
Satara,2020,Koregaon,Total,0,3556,3687,3675,0,2476,3047,3869,3814
Satara,2020,Satara,Rural,0,2756,4226,4137,0,3606,4115,4976,4571
Satara,2020,Satara,Urban,0,7956,7260,4716,0,2365,1704,6325,4590
Satara,2020,Satara,Total,0,10712,11486,8853,0,5971,5819,11301,9161
Satara,2020,Javali,Rural,0,1002,1162,1515,0,1574,1647,1531,1549
Satara,2020,Javali,Urban,0,0,0,0,0,0,0,0,0
Satara,2020,Javali,Total,0,1002,1162,1515,0,1574,1647,1531,1549
Satara,2020,Patan,Rural,0,3642,4630,4804,0,3705,4060,4506,4828
Satara,2020,Patan,Urban,0,0,0,0,0,0,0,0,0
Satara,2020,Patan,Total,0,3642,4630,4804,0,3705,4060,4506,4828
Satara,2020,Karad,Rural,0,7008,8641,5996,0,1548,235,4628,5827
Satara,2020,Karad,Urban,0,1764,1899,2410,0,1506,4251,3291,2500
Satara,2020,Karad,Total,0,8772,10540,8406,0,3054,4486,7919,8327
Satara,2021,Mahableshwar,Rural,856,740,701,903,851,695,1078,923,788
Satara,2021,Mahableshwar,Urban,140,199,241,123,214,70,134,178,241
Satara,2021,Mahableshwar,Total,996,939,942,1026,1065,765,1212,1101,1029
Satara,2021,Vai,Rural,2290,1980,746,1102,2900,2588,2288,707,1624
Satara,2021,Vai,Urban,706,711,1309,1498,628,713,1275,2024,941
Satara,2021,Vai,Total,2996,2691,2055,2600,3528,3301,3563,2731,2565
Satara,2021,Khandala,Rural,2267,2535,2544,2210,2236,2816,2805,2443,2129
Satara,2021,Khandala,Urban,0,0,0,0,0,0,0,0,0
Satara,2021,Khandala,Total,2267,2535,2544,2210,2236,2816,2805,2443,2129
Satara,2021,Faltan,Rural,4228,2156,3581,4449,4589,3348,2960,4260,4155
Satara,2021,Faltan,Urban,814,1422,798,768,674,711,829,1806,846
Satara,2021,Faltan,Total,5042,3578,4379,5217,5263,4059,3789,6066,5001
Satara,2021,Man,Rural,3135,2518,3335,3504,1621,1613,1473,3770,3509
Satara,2021,Man,Urban,0,0,0,0,0,0,0,0,0
Satara,2021,Man,Total,3135,2518,3335,3504,1621,1613,1473,3770,3509
Satara,2021,Khatav,Rural,4270,3846,4232,4295,3379,3785,3497,4805,4428
Satara,2021,Khatav,Urban,0,0,0,0,0,0,0,0,0
Satara,2021,Khatav,Total,4270,3846,4232,4295,3379,3785,3497,4805,4428
Satara,2021,Koregaon,Rural,3645,3485,3442,3743,3669,4323,4523,3702,3822
Satara,2021,Koregaon,Urban,0,0,0,0,0,0,0,0,0
Satara,2021,Koregaon,Total,3645,3485,3442,3743,3669,4323,4523,3702,3822
Satara,2021,Satara,Rural,4689,2844,4924,4134,4023,5770,6075,3658,4852
Satara,2021,Satara,Urban,4553,8112,4801,4501,4108,3112,1832,5856,4379
Satara,2021,Satara,Total,9242,10956,9725,8635,8131,8882,7907,9514,9231
Satara,2021,Javali,Rural,1050,1262,1611,998,1512,1659,1495,1612,1412
Satara,2021,Javali,Urban,0,0,0,0,0,0,0,0,0
Satara,2021,Javali,Total,1050,1262,1611,998,1512,1659,1495,1612,1412
Satara,2021,Patan,Rural,4757,3375,4484,4910,4455,5145,5205,4624,4838
Satara,2021,Patan,Urban,0,0,0,0,0,0,0,0,0
Satara,2021,Patan,Total,4757,3375,4484,4910,4455,5145,5205,4624,4838
Satara,2021,Karad,Rural,6619,6744,6025,5478,5263,4830,1881,5160,4620
Satara,2021,Karad,Urban,1723,1785,1547,2419,2535,2449,5149,3309,3546
Satara,2021,Karad,Total,8342,8529,7572,7897,7798,7279,7030,8469,8166
Sindhudurg,2012,Devgad,Rural,1252,1252,1105,1375,1207,1773,2073,1328,
Sindhudurg,2012,Devgad,Urban,,,,,,,,,
Sindhudurg,2012,Devgad,Total,1252,1252,1105,1375,1207,1773,2073,1328,
Sindhudurg,2012,Vaibhavwadi,Rural,415,415,346,497,323,771,908,443,
Sindhudurg,2012,Vaibhavwadi,Urban,,,,,,,,,
Sindhudurg,2012,Vaibhavwadi,Total,415,415,346,497,323,771,908,443,
Sindhudurg,2012,Kankawali,Rural,1233,1233,766,1334,991,1844,2019,1486,
Sindhudurg,2012,Kankawali,Urban,,,,,,,,,
Sindhudurg,2012,Kankawali,Total,1233,1233,766,1334,991,1844,2019,1486,
Sindhudurg,2012,Malwan,Rural,818,818,480,808,801,1365,1348,802,
Sindhudurg,2012,Malwan,Urban,,,,,,,,,
Sindhudurg,2012,Malwan,Total,818,818,480,808,801,1365,1348,802,
Sindhudurg,2012,Vengurla,Rural,703,703,448,710,686,927,1233,877,
Sindhudurg,2012,Vengurla,Urban,,,,,,,,,
Sindhudurg,2012,Vengurla,Total,703,703,448,710,686,927,1233,877,
Sindhudurg,2012,Kudal,Rural,1676,1676,1985,1788,1196,2430,2781,1669,
Sindhudurg,2012,Kudal,Urban,,,,,,,,,
Sindhudurg,2012,Kudal,Total,1676,1676,1985,1788,1196,2430,2781,1669,
Sindhudurg,2012,Savantwadi,Rural,1212,1212,303,1294,943,1504,1900,1342,
Sindhudurg,2012,Savantwadi,Urban,,,,,,,,,
Sindhudurg,2012,Savantwadi,Total,1212,1212,303,1294,943,1504,1900,1342,
Sindhudurg,2012,Dodamarg,Rural,638,638,262,686,595,838,1054,666,
Sindhudurg,2012,Dodamarg,Urban,,,,,,,,,
Sindhudurg,2012,Dodamarg,Total,638,638,262,686,595,838,1054,666,
Sindhudurg,2013,Devgad,Rural,1233,1233,990,1195,1305,1682,2232,1037,
Sindhudurg,2013,Devgad,Urban,,,,,,,,,
Sindhudurg,2013,Devgad,Total,1233,1233,990,1195,1305,1682,2232,1037,
Sindhudurg,2013,Vaibhavwadi,Rural,435,435,248,438,423,586,864,373,
Sindhudurg,2013,Vaibhavwadi,Urban,,,,,,,,,
Sindhudurg,2013,Vaibhavwadi,Total,435,435,248,438,423,586,864,373,
Sindhudurg,2013,Kankawali,Rural,1427,1427,618,1238,1189,1706,1917,1067,
Sindhudurg,2013,Kankawali,Urban,,,,,,,,,
Sindhudurg,2013,Kankawali,Total,1621,1621,2152,1411,1335,1976,2395,1331,
Sindhudurg,2013,Malwan,Rural,726,726,467,691,811,1315,1655,786,
Sindhudurg,2013,Malwan,Urban,,,,,,,,,
Sindhudurg,2013,Malwan,Total,812,812,564,808,884,1352,1855,859,
Sindhudurg,2013,Vengurla,Rural,758,758,535,760,717,926,1069,625,
Sindhudurg,2013,Vengurla,Urban,,,,,,,,,
Sindhudurg,2013,Vengurla,Total,880,880,691,876,818,1236,1720,755,
Sindhudurg,2013,Kudal,Rural,1667,1667,1941,1715,1591,2488,2929,1425,
Sindhudurg,2013,Kudal,Urban,,,,,,,,,
Sindhudurg,2013,Kudal,Total,1667,1667,1941,1715,1591,2488,2929,1425,
Sindhudurg,2013,Savantwadi,Rural,1210,1210,339,1171,1120,1561,2035,1113,
Sindhudurg,2013,Savantwadi,Urban,,,,,,,,,
Sindhudurg,2013,Savantwadi,Total,1568,1568,2325,1551,1351,1879,2435,1414,
Sindhudurg,2013,Dodamarg,Rural,588,588,268,626,609,613,808,516,
Sindhudurg,2013,Dodamarg,Urban,,,,,,,,,
Sindhudurg,2013,Dodamarg,Total,588,588,268,626,609,613,808,516,
Sindhudurg,2014,Devgad,Rural,1217,1217,1135,1183,1323,1666,2054,1015,
Sindhudurg,2014,Devgad,Urban,0,0,0,0,0,0,0,0,
Sindhudurg,2014,Devgad,Total,1217,1217,1135,1183,1323,1666,2054,1015,
Sindhudurg,2014,Vaibhavwadi,Rural,434,434,270,383,462,624,719,395,
Sindhudurg,2014,Vaibhavwadi,Urban,0,0,0,0,0,0,0,0,
Sindhudurg,2014,Vaibhavwadi,Total,434,434,270,383,462,624,719,395,
Sindhudurg,2014,Kankawali,Rural,1248,1248,705,1203,1207,1632,1738,975,
Sindhudurg,2014,Kankawali,Urban,360,360,2395,362,268,370,1217,419,
Sindhudurg,2014,Kankawali,Total,1608,1608,3100,1565,1475,2002,2955,1394,
Sindhudurg,2014,Malwan,Rural,777,777,472,749,774,1332,1596,730,
Sindhudurg,2014,Malwan,Urban,342,342,218,354,190,172,0,287,
Sindhudurg,2014,Malwan,Total,1119,1119,690,1103,964,1504,1596,1017,
Sindhudurg,2014,Vengurla,Rural,729,729,603,692,696,1017,1394,647,
Sindhudurg,2014,Vengurla,Urban,192,192,296,195,212,378,1064,293,
Sindhudurg,2014,Vengurla,Total,921,921,899,887,908,1395,2458,940,
Sindhudurg,2014,Kudal,Rural,1788,1788,2603,1817,1635,2204,2602,1515,
Sindhudurg,2014,Kudal,Urban,0,0,0,0,0,0,0,0,
Sindhudurg,2014,Kudal,Total,1788,1788,2603,1817,1635,2204,2602,1515,
Sindhudurg,2014,Savantwadi,Rural,1155,1155,420,1174,1191,1420,1869,1078,
Sindhudurg,2014,Savantwadi,Urban,662,662,4058,562,429,740,1166,603,
Sindhudurg,2014,Savantwadi,Total,1817,1817,4478,1736,1620,2160,3035,1681,
Sindhudurg,2014,Dodamarg,Rural,643,643,202,546,541,711,946,524,
Sindhudurg,2014,Dodamarg,Urban,0,0,0,0,0,0,0,0,
Sindhudurg,2014,Dodamarg,Total,643,643,202,546,541,711,946,524,
Sindhudurg,2015,Devgad,Rural,937,937,890,1118,1188,1690,2244,1036,
Sindhudurg,2015,Devgad,Urban,0,0,0,0,0,0,0,0,
Sindhudurg,2015,Devgad,Total,937,937,890,1118,1188,1690,2244,1036,
Sindhudurg,2015,Vaibhavwadi,Rural,381,381,219,411,368,636,914,345,
Sindhudurg,2015,Vaibhavwadi,Urban,0,0,0,0,0,0,0,0,
Sindhudurg,2015,Vaibhavwadi,Total,381,381,219,411,368,636,914,345,
Sindhudurg,2015,Kankawali,Rural,967,967,740,1111,1142,1481,1546,1089,
Sindhudurg,2015,Kankawali,Urban,133,133,1003,152,144,244,579,204,
Sindhudurg,2015,Kankawali,Total,1100,1100,1743,1263,1286,1725,2125,1293,
Sindhudurg,2015,Malwan,Rural,617,617,314,761,799,1022,1490,701,
Sindhudurg,2015,Malwan,Urban,160,160,141,249,107,45,1,81,
Sindhudurg,2015,Malwan,Total,777,777,455,1010,906,1067,1491,782,
Sindhudurg,2015,Vengurla,Rural,564,564,338,694,659,794,1142,599,
Sindhudurg,2015,Vengurla,Urban,95,95,123,110,105,362,422,153,
Sindhudurg,2015,Vengurla,Total,659,659,461,804,764,1156,1564,752,
Sindhudurg,2015,Kudal,Rural,1344,1344,1973,1595,1460,2116,2993,1466,
Sindhudurg,2015,Kudal,Urban,0,0,0,0,0,0,0,0,
Sindhudurg,2015,Kudal,Total,1344,932,1973,1595,1460,2116,2993,1466,
Sindhudurg,2015,Savantwadi,Rural,932,932,277,1125,1173,1369,1783,1189,
Sindhudurg,2015,Savantwadi,Urban,231,231,2350,271,220,549,456,253,
Sindhudurg,2015,Savantwadi,Total,1163,1163,2627,1396,1393,1918,2239,1442,
Sindhudurg,2015,Dodamarg,Rural,500,500,161,603,551,618,820,512,
Sindhudurg,2015,Dodamarg,Urban,0,0,0,0,0,0,0,0,
Sindhudurg,2015,Dodamarg,Total,500,500,161,603,551,618,820,512,
Sindhudurg,2016,Devgad,Rural,1067,1032,930,1068,1213,1499,2081,1218,
Sindhudurg,2016,Devgad,Urban,0,0,0,0,0,0,0,0,
Sindhudurg,2016,Devgad,Total,1067,1032,930,1068,1213,1499,2081,1218,
Sindhudurg,2016,Vaibhavwadi,Rural,375,375,416,354,390,489,818,388,
Sindhudurg,2016,Vaibhavwadi,Urban,0,0,0,0,0,0,0,0,
Sindhudurg,2016,Vaibhavwadi,Total,375,375,416,354,390,489,818,388,
Sindhudurg,2016,Kankawali,Rural,1166,1163,664,1121,1218,1449,1652,1184,
Sindhudurg,2016,Kankawali,Urban,206,211,878,186,144,219,536,172,
Sindhudurg,2016,Kankawali,Total,1372,1374,1542,1307,1362,1668,2188,1356,
Sindhudurg,2016,Malwan,Rural,874,795,355,714,770,911,1159,786,
Sindhudurg,2016,Malwan,Urban,223,227,113,199,152,47,5,201,
Sindhudurg,2016,Malwan,Total,1097,1022,468,913,922,958,1164,987,
Sindhudurg,2016,Vengurla,Rural,654,661,264,612,698,812,932,699,
Sindhudurg,2016,Vengurla,Urban,115,114,152,135,166,228,417,167,
Sindhudurg,2016,Vengurla,Total,769,775,416,747,864,1040,1349,866,
Sindhudurg,2016,Kudal,Rural,1561,1558,1920,1533,1519,1717,2550,1551,
Sindhudurg,2016,Kudal,Urban,0,0,0,0,0,0,0,0,
Sindhudurg,2016,Kudal,Total,1561,1558,1920,1533,1519,1717,2550,1551,
Sindhudurg,2016,Savantwadi,Rural,1108,1110,274,1106,1203,1430,1820,1266,
Sindhudurg,2016,Savantwadi,Urban,431,432,2268,399,374,660,698,361,
Sindhudurg,2016,Savantwadi,Total,1539,1542,2542,1505,1577,2090,2518,1627,
Sindhudurg,2016,Dodamarg,Rural,642,642,208,595,642,535,664,648,
Sindhudurg,2016,Dodamarg,Urban,0,0,0,0,0,0,0,0,
Sindhudurg,2016,Dodamarg,Total,642,642,208,595,642,535,664,648,
Sindhudurg,2017,Devgad,Rural,1018,1003,921,984,1133,1535,1886,1093,
Sindhudurg,2017,Devgad,Urban,0,0,0,0,0,0,0,0,
Sindhudurg,2017,Devgad,Total,1018,1003,921,984,1133,1535,1886,1093,
Sindhudurg,2017,Vaibhavwadi,Rural,416,417,229,321,376,487,751,341,
Sindhudurg,2017,Vaibhavwadi,Urban,0,0,0,0,0,0,0,0,
Sindhudurg,2017,Vaibhavwadi,Total,416,417,229,321,376,487,751,341,
Sindhudurg,2017,Kankawali,Rural,1054,1058,632,1033,1097,1455,1667,1025,
Sindhudurg,2017,Kankawali,Urban,195,191,455,166,172,197,453,292,
Sindhudurg,2017,Kankawali,Total,1249,1249,1087,1199,1269,1652,2120,1317,
Sindhudurg,2017,Malwan,Rural,702,700,298,687,655,866,1204,692,
Sindhudurg,2017,Malwan,Urban,96,100,63,107,100,180,76,335,
Sindhudurg,2017,Malwan,Total,798,800,361,794,755,1046,1280,1027,
Sindhudurg,2017,Vengurla,Rural,607,632,254,593,699,698,884,579,
Sindhudurg,2017,Vengurla,Urban,146,131,156,137,126,221,690,304,
Sindhudurg,2017,Vengurla,Total,753,763,410,730,825,919,1574,883,
Sindhudurg,2017,Kudal,Rural,1805,1804,3068,1564,1541,1924,2445,1501,
Sindhudurg,2017,Kudal,Urban,0,0,0,0,0,0,0,0,
Sindhudurg,2017,Kudal,Total,1805,1804,3068,1564,1541,1924,2445,1501,
Sindhudurg,2017,Savantwadi,Rural,1049,1086,234,1047,1162,1260,1753,974,
Sindhudurg,2017,Savantwadi,Urban,335,298,2273,317,296,781,777,643,
Sindhudurg,2017,Savantwadi,Total,1384,1384,2507,1364,1458,2041,2530,1617,
Sindhudurg,2017,Dodamarg,Rural,558,561,217,524,604,522,493,654,
Sindhudurg,2017,Dodamarg,Urban,0,0,0,0,0,0,0,0,
Sindhudurg,2017,Dodamarg,Total,558,561,217,524,604,522,493,654,
Sindhudurg,2018,Devgad,Rural,0,585,748,950,999,1212,1575,1027,956
Sindhudurg,2018,Devgad,Urban,0,0,0,0,0,0,0,0,0
Sindhudurg,2018,Devgad,Total,0,585,748,950,999,1212,1575,1027,956
Sindhudurg,2018,Vaibhavwadi,Rural,0,60,172,342,361,459,611,320,356
Sindhudurg,2018,Vaibhavwadi,Urban,0,0,0,0,0,0,0,0,0
Sindhudurg,2018,Vaibhavwadi,Total,0,60,172,342,361,459,611,320,356
Sindhudurg,2018,Kankawali,Rural,0,539,1016,1106,1265,1458,1885,1275,1146
Sindhudurg,2018,Kankawali,Urban,0,180,464,189,157,238,413,125,0
Sindhudurg,2018,Kankawali,Total,0,539,1016,1106,1265,1458,1885,1275,1146
Sindhudurg,2018,Malwan,Rural,0,75,187,671,664,888,1189,675,681
Sindhudurg,2018,Malwan,Urban,0,40,54,109,85,283,354,253,113
Sindhudurg,2018,Malwan,Total,0,115,241,780,749,1171,1543,928,794
Sindhudurg,2018,Vengurla,Rural,0,90,149,572,662,654,764,635,631
Sindhudurg,2018,Vengurla,Urban,0,88,92,107,109,197,367,174,131
Sindhudurg,2018,Vengurla,Total,0,178,241,679,771,851,1131,809,762
Sindhudurg,2018,Kudal,Rural,0,3160,2622,1613,1533,2031,2316,1500,1618
Sindhudurg,2018,Kudal,Urban,0,0,0,0,0,0,0,0,0
Sindhudurg,2018,Kudal,Total,0,3160,2622,1613,1533,2031,2316,1500,1618
Sindhudurg,2018,Savantwadi,Rural,0,60,158,1110,1119,1262,1651,1167,1123
Sindhudurg,2018,Savantwadi,Urban,0,2334,2223,289,334,807,752,369,402
Sindhudurg,2018,Savantwadi,Total,0,2394,2381,1399,1453,2069,2403,1536,1525
Sindhudurg,2018,Dodamarg,Rural,0,199,247,540,561,435,452,619,587
Sindhudurg,2018,Dodamarg,Urban,0,0,0,0,0,0,0,0,0
Sindhudurg,2018,Dodamarg,Total,0,199,247,540,561,435,452,619,587
Sindhudurg,2019,Devgad,Rural,0,856,242,786,950,1250,1495,874,854
Sindhudurg,2019,Devgad,Urban,0,100,409,98,70,16,8,0,100
Sindhudurg,2019,Devgad,Total,0,956,651,884,1020,1266,1503,874,954
Sindhudurg,2019,Vaibhavwadi,Rural,0,292,81,290,332,406,605,232,292
Sindhudurg,2019,Vaibhavwadi,Urban,0,33,43,32,13,2,7,0,33
Sindhudurg,2019,Vaibhavwadi,Total,0,325,124,322,345,408,612,232,325
Sindhudurg,2019,Kankawali,Rural,0,1014,430,952,1013,1242,1454,744,1014
Sindhudurg,2019,Kankawali,Urban,0,220,557,222,142,253,419,228,219
Sindhudurg,2019,Kankawali,Total,0,1234,987,1174,1155,1495,1873,972,1233
Sindhudurg,2019,Malwan,Rural,0,650,122,622,706,817,1105,589,655
Sindhudurg,2019,Malwan,Urban,0,145,58,134,102,79,133,218,145
Sindhudurg,2019,Malwan,Total,0,795,180,756,808,896,1238,807,800
Sindhudurg,2019,Vengurla,Rural,0,560,101,532,654,740,775,523,560
Sindhudurg,2019,Vengurla,Urban,0,125,106,129,97,213,494,172,125
Sindhudurg,2019,Vengurla,Total,0,685,207,661,751,953,1269,695,685
Sindhudurg,2019,Kudal,Rural,0,1538,1717,1686,1521,1574,1983,1293,1539
Sindhudurg,2019,Kudal,Urban,0,55,1108,26,26,34,36,0,52
Sindhudurg,2019,Kudal,Total,0,1593,2825,1712,1547,1608,2019,1293,1591
Sindhudurg,2019,Savantwadi,Rural,0,1083,117,1091,1158,1136,1366,932,1083
Sindhudurg,2019,Savantwadi,Urban,0,336,2202,303,319,757,813,391,328
Sindhudurg,2019,Savantwadi,Total,0,1419,2319,1394,1477,1893,2179,1323,1411
Sindhudurg,2019,Dodamarg,Rural,0,522,42,511,542,437,577,471,522
Sindhudurg,2019,Dodamarg,Urban,0,35,133,33,9,1,0,0,35
Sindhudurg,2019,Dodamarg,Total,0,557,175,544,551,438,577,471,557
Sindhudurg,2020,Devgad,Rural,0,1110,691,0,0,1048,1270,950,1106
Sindhudurg,2020,Devgad,Urban,0,0,0,0,0,0,0,0,0
Sindhudurg,2020,Devgad,Total,0,1110,691,0,0,1048,1270,950,1106
Sindhudurg,2020,Vaibhavwadi,Rural,0,465,175,0,0,180,198,343,464
Sindhudurg,2020,Vaibhavwadi,Urban,0,0,0,0,0,0,0,0,0
Sindhudurg,2020,Vaibhavwadi,Total,0,465,175,0,0,180,198,343,464
Sindhudurg,2020,Kankawali,Rural,0,1149,453,0,0,801,716,857,1149
Sindhudurg,2020,Kankawali,Urban,0,179,778,0,0,34,5,169,179
Sindhudurg,2020,Kankawali,Total,0,1328,1231,0,0,835,721,1026,1328
Sindhudurg,2020,Malwan,Rural,0,784,139,0,0,895,1117,668,777
Sindhudurg,2020,Malwan,Urban,0,114,24,0,0,113,102,133,114
Sindhudurg,2020,Malwan,Total,0,898,163,0,0,1008,1219,801,891
Sindhudurg,2020,Vengurla,Rural,0,616,88,0,0,698,834,548,616
Sindhudurg,2020,Vengurla,Urban,0,124,80,0,0,22,14,125,124
Sindhudurg,2020,Vengurla,Total,0,740,168,0,0,720,848,673,740
Sindhudurg,2020,Kudal,Rural,0,1555,2394,0,0,1162,1503,1242,1560
Sindhudurg,2020,Kudal,Urban,0,0,169,0,0,26,11,23,0
Sindhudurg,2020,Kudal,Total,0,1555,2563,0,0,1188,1514,1265,1560
Sindhudurg,2020,Savantwadi,Rural,0,1157,122,0,0,1035,999,899,1157
Sindhudurg,2020,Savantwadi,Urban,0,285,1959,0,0,554,396,332,285
Sindhudurg,2020,Savantwadi,Total,0,1442,2081,0,0,1589,1395,1231,1442
Sindhudurg,2020,Dodamarg,Rural,0,547,237,0,0,478,497,498,547
Sindhudurg,2020,Dodamarg,Urban,0,0,0,0,0,0,0,0,0
Sindhudurg,2020,Dodamarg,Total,0,547,237,0,0,478,497,498,547
Sindhudurg,2021,Devgad,Rural,0,796,204,0,0,1036,791,862,796
Sindhudurg,2021,Devgad,Urban,0,76,417,0,0,25,12,48,76
Sindhudurg,2021,Devgad,Total,0,872,621,0,0,1061,803,910,872
Sindhudurg,2021,Vaibhavwadi,Rural,0,262,110,0,0,388,285,290,262
Sindhudurg,2021,Vaibhavwadi,Urban,0,33,24,0,0,7,3,10,32
Sindhudurg,2021,Vaibhavwadi,Total,0,295,134,0,0,395,288,300,294
Sindhudurg,2021,Kankawali,Rural,0,812,465,0,0,1145,722,892,812
Sindhudurg,2021,Kankawali,Urban,0,152,451,0,0,33,8,151,152
Sindhudurg,2021,Kankawali,Total,0,964,916,0,0,1178,730,1043,964
Sindhudurg,2021,Malwan,Rural,0,626,115,0,0,722,911,703,626
Sindhudurg,2021,Malwan,Urban,0,93,26,0,0,232,241,200,93
Sindhudurg,2021,Malwan,Total,0,719,141,0,0,954,1152,903,719
Sindhudurg,2021,Vengurla,Rural,0,482,88,0,0,673,732,608,482
Sindhudurg,2021,Vengurla,Urban,0,85,71,0,0,137,245,169,87
Sindhudurg,2021,Vengurla,Total,0,567,159,0,0,810,977,777,569
Sindhudurg,2021,Kudal,Rural,0,1218,956,0,0,1521,1378,1600,1219
Sindhudurg,2021,Kudal,Urban,0,94,1166,0,0,58,42,369,94
Sindhudurg,2021,Kudal,Total,0,1312,2122,0,0,1579,1420,1969,1313
Sindhudurg,2021,Savantwadi,Rural,0,892,111,0,0,1083,814,1025,891
Sindhudurg,2021,Savantwadi,Urban,0,338,1998,0,0,276,134,360,338
Sindhudurg,2021,Savantwadi,Total,0,1230,2109,0,0,1359,948,1385,1229
Sindhudurg,2021,Dodamarg,Rural,0,428,34,0,0,426,373,428,428
Sindhudurg,2021,Dodamarg,Urban,0,36,97,0,0,14,1,64,36
Sindhudurg,2021,Dodamarg,Total,0,464,131,0,0,440,374,492,464
Thane,2012,Thane,Rural,0,0,0,0,0,0,0,0,
Thane,2012,Thane,Urban,,,,,,,,,
Thane,2012,Thane,Total,63546,63546,63416,67527,56312,57229,56147,68891,
Thane,2012,Bhivandi,Rural,7339,7339,8272,7547,6876,8117,8090,9974,
Thane,2012,Bhivandi,Urban,,,,,,,,,
Thane,2012,Bhivandi,Total,25068,25068,18506,12504,10972,12717,12979,19325,
Thane,2012,Shahapur,Rural,6096,6096,7386,6870,5073,5310,5408,7076,
Thane,2012,Shahapur,Urban,,,,,,,,,
Thane,2012,Shahapur,Total,6096,6096,7386,6870,5073,5310,5408,7076,
Thane,2012,Kalyan,Rural,5049,5049,4883,5063,4767,4815,4969,5282,
Thane,2012,Kalyan,Urban,,,,,,,,,
Thane,2012,Kalyan,Total,22607,22607,21558,22435,20753,21609,18986,24261,
Thane,2012,Ulhasnagar,Rural,0,0,0,0,0,0,0,0,
Thane,2012,Ulhasnagar,Urban,,,,,,,,,
Thane,2012,Ulhasnagar,Total,6481,6481,7142,6787,5727,7263,6219,4970,
Thane,2012,Ambarnath,Rural,,,,,,,,,
Thane,2012,Ambarnath,Urban,,,,,,,,,
Thane,2012,Ambarnath,Total,9228,9228,7183,8554,6687,6006,6294,5483,
Thane,2012,Murbad,Rural,3339,3339,3248,3552,2772,3273,3486,3823,
Thane,2012,Murbad,Urban,,,,,,,,,
Thane,2012,Murbad,Total,3339,3339,3248,3552,2772,3273,3486,3823,
Thane,2013,Thane,Rural,0,0,0,0,0,0,0,0,
Thane,2013,Thane,Urban,,,,,,,,,
Thane,2013,Thane,Total,60495,60495,56452,68581,53367,56977,57557,61472,
Thane,2013,Bhivandi,Rural,8679,8679,11824,8724,7385,6928,8073,9120,
Thane,2013,Bhivandi,Urban,,,,,,,,,
Thane,2013,Bhivandi,Total,26117,26117,19366,13714,11327,12925,13175,21728,
Thane,2013,Shahapur,Rural,7175,7175,7708,7090,6523,5527,5273,7647,
Thane,2013,Shahapur,Urban,,,,,,,,,
Thane,2013,Shahapur,Total,7175,7175,7708,7090,6523,5527,5273,7647,
Thane,2013,Kalyan,Rural,9904,9904,9255,13055,9142,7825,7075,6998,
Thane,2013,Kalyan,Urban,,,,,,,,,
Thane,2013,Kalyan,Total,23715,23715,23168,24317,20969,21136,20744,25312,
Thane,2013,Ulhasnagar,Rural,0,0,0,0,0,0,0,0,
Thane,2013,Ulhasnagar,Urban,,,,,,,,,
Thane,2013,Ulhasnagar,Total,6394,6394,7082,6808,5818,7035,6024,7053,
Thane,2013,Ambarnath,Rural,2208,2208,1914,2432,1996,1839,1802,2256,
Thane,2013,Ambarnath,Urban,,,,,,,,,
Thane,2013,Ambarnath,Total,9612,9612,6946,9374,8254,7157,7114,6664,
Thane,2013,Murbad,Rural,3922,3922,3818,4153,3764,3042,3265,3853,
Thane,2013,Murbad,Urban,,,,,,,,,
Thane,2013,Murbad,Total,3922,3922,3818,4153,3764,3042,3265,3853,
Thane,2014,Thane,Rural,0,0,0,0,0,0,0,0,
Thane,2014,Thane,Urban,,,,,,,,,
Thane,2014,Thane,Total,65096,65096,58445,64564,55749,63610,59731,132002,
Thane,2014,Bhivandi,Rural,8323,8323,9894,2282,7070,8218,7469,8685,
Thane,2014,Bhivandi,Urban,,,,,,,,,
Thane,2014,Bhivandi,Total,20047,20047,24095,13514,16901,18660,17850,17883,
Thane,2014,Shahapur,Rural,6088,6088,5602,6196,5838,6085,5638,5851,
Thane,2014,Shahapur,Urban,,,,,,,,,
Thane,2014,Shahapur,Total,6088,6088,5602,6136,5838,6085,5638,5851,
Thane,2014,Kalyan,Rural,6716,6716,4634,7186,6027,5825,5496,5250,
Thane,2014,Kalyan,Urban,,,,,,,,,
Thane,2014,Kalyan,Total,26466,26466,24432,26710,27238,27524,23656,25186,
Thane,2014,Ulhasnagar,Rural,0,0,0,0,0,0,0,0,
Thane,2014,Ulhasnagar,Urban,,,,,,,,,
Thane,2014,Ulhasnagar,Total,7741,7741,13655,7206,6830,8532,7824,4691,
Thane,2014,Ambarnath,Rural,10244,10244,6973,10486,9058,7570,7664,5929,
Thane,2014,Ambarnath,Urban,,,,,,,,,
Thane,2014,Ambarnath,Total,16698,16698,11188,17006,14507,11650,12074,8683,
Thane,2014,Murbad,Rural,3297,3297,3087,3361,3156,3261,3109,3698,
Thane,2014,Murbad,Urban,,,,,,,,,
Thane,2014,Murbad,Total,3297,3297,3087,3361,3177,3261,3109,3698,
Thane,2015,Thane,Rural,0,0,0,0,0,0,0,0,
Thane,2015,Thane,Urban,,,,,,,,,
Thane,2015,Thane,Total,68256,70295,60003,68922,57933,62508,59354,58752,
Thane,2015,Bhivandi,Rural,8743,8952,13353,9320,8786,11039,10622,9417,
Thane,2015,Bhivandi,Urban,,,,,,,,,
Thane,2015,Bhivandi,Total,20215,22630,26828,22601,17292,20099,19552,18373,
Thane,2015,Shahapur,Rural,6105,5885,6446,6313,6422,7614,7127,6515,
Thane,2015,Shahapur,Urban,,,,,,,,,
Thane,2015,Shahapur,Total,6105,5885,6446,6313,6422,7614,7127,6515,
Thane,2015,Kalyan,Rural,6253,5956,5479,6706,5972,5958,5590,5413,
Thane,2015,Kalyan,Urban,,,,,,,,,
Thane,2015,Kalyan,Total,29615,28098,26060,29302,26020,25570,23199,25709,
Thane,2015,Ulhasnagar,Rural,0,0,0,0,0,0,0,0,
Thane,2015,Ulhasnagar,Urban,,,,,,,,,
Thane,2015,Ulhasnagar,Total,8377,8641,17255,9061,5726,8630,6570,6276,
Thane,2015,Ambarnath,Rural,2691,2468,2216,3594,2538,2460,2235,3177,
Thane,2015,Ambarnath,Urban,,,,,,,,,
Thane,2015,Ambarnath,Total,10798,10252,7736,11956,9918,10016,9239,5184,
Thane,2015,Murbad,Rural,3625,3441,3246,3590,3831,4260,4163,3637,
Thane,2015,Murbad,Urban,,,,,,,,,
Thane,2015,Murbad,Total,3625,3441,3246,3590,3831,4260,4163,3637,
Thane,2016,Thane,Rural,0,0,0,0,0,0,0,0,
Thane,2016,Thane,Urban,,,,,,,,,
Thane,2016,Thane,Total,72021,71669,62759,72731,63885,67967,63751,68241,
Thane,2016,Bhivandi,Rural,7952,8018,10045,8171,8234,10420,9557,9263,
Thane,2016,Bhivandi,Urban,,,,,,,,,
Thane,2016,Bhivandi,Total,17714,17902,23156,19783,17160,19341,17701,18100,
Thane,2016,Shahapur,Rural,5692,5692,6099,5994,6576,7808,7572,7485,
Thane,2016,Shahapur,Urban,,,,,,,,,
Thane,2016,Shahapur,Total,5692,5692,6099,5994,6576,7808,7572,7485,
Thane,2016,Kalyan,Rural,6385,6389,5425,6610,6045,5708,5193,5867,
Thane,2016,Kalyan,Urban,,,,,,,,,
Thane,2016,Kalyan,Total,30019,30019,27534,29672,26132,26674,26436,31435,
Thane,2016,Ulhasnagar,Rural,0,0,0,0,0,0,0,0,
Thane,2016,Ulhasnagar,Urban,,,,,,,,,
Thane,2016,Ulhasnagar,Total,8688,9301,12841,8559,5502,6742,7742,8003,
Thane,2016,Ambarnath,Rural,2663,2795,8906,2166,3428,4261,4159,7662,
Thane,2016,Ambarnath,Urban,,,,,,,,,
Thane,2016,Ambarnath,Total,12703,12703,12703,12703,12703,12703,12703,12703,
Thane,2016,Murbad,Rural,3189,3189,3232,3339,3640,3972,3862,4737,
Thane,2016,Murbad,Urban,,,,,,,,,
Thane,2016,Murbad,Total,3189,3189,3232,3339,3640,3972,3862,4737,
Thane,2017,Thane,Rural,0,0,0,0,0,0,0,0,
Thane,2017,Thane,Urban,,,,,,,,,
Thane,2017,Thane,Total,75831,59456,89530,89273,54345,64211,58029,96667,
Thane,2017,Bhivandi,Rural,8487,6232,9881,8390,5797,10622,10266,11255,
Thane,2017,Bhivandi,Urban,,,,,,,,,
Thane,2017,Bhivandi,Total,21350,11794,22425,20319,11719,20166,19020,22813,
Thane,2017,Shahapur,Rural,6396,3994,7337,6884,5439,7686,7840,6149,
Thane,2017,Shahapur,Urban,,,,,,,,,
Thane,2017,Shahapur,Total,6396,3994,7337,6884,5439,7686,7840,6149,
Thane,2017,Kalyan,Rural,6339,1111,4877,6450,4100,5849,5485,6803,
Thane,2017,Kalyan,Urban,,,,,,,,,
Thane,2017,Kalyan,Total,20877,4955,17126,20384,18871,14978,13696,24239,
Thane,2017,Ulhasnagar,Rural,0,0,0,0,0,0,0,0,
Thane,2017,Ulhasnagar,Urban,,,,,,,,,
Thane,2017,Ulhasnagar,Total,7335,7440,9060,1633,3749,3764,3314,6969,
Thane,2017,Ambarnath,Rural,2896,1006,2621,10898,2390,3378,3166,4115,
Thane,2017,Ambarnath,Urban,,,,,,,,,
Thane,2017,Ambarnath,Total,10383,2051,5062,11479,7413,8100,8761,8732,
Thane,2017,Murbad,Rural,3851,1789,3141,3835,3303,4001,4074,3174,
Thane,2017,Murbad,Urban,,,,,,,,,
Thane,2017,Murbad,Total,3851,1789,3141,3835,3303,4001,4074,3174,
Thane,2018,Thane,Rural,0,0,0,0,0,0,0,0,0
Thane,2018,Thane,Urban,0,89549,95302,94764,59871,64266,58998,118706,81600
Thane,2018,Thane,Total,0,89549,95302,94764,59871,64266,58998,118706,81600
Thane,2018,Bhivandi,Rural,0,5932,10186,7819,5497,10581,10696,12312,7991
Thane,2018,Bhivandi,Urban,0,3202,9696,8237,7209,7446,6923,12206,9862
Thane,2018,Bhivandi,Total,0,9134,19882,16056,12706,18027,17619,24518,17853
Thane,2018,Shahapur,Rural,0,3218,7501,5743,5144,6536,6557,6158,6149
Thane,2018,Shahapur,Urban,0,0,0,0,0,0,0,0,0
Thane,2018,Shahapur,Total,0,3218,7501,5743,5144,6536,6557,6158,6149
Thane,2018,Kalyan,Rural,0,1376,4763,5951,4398,6620,6137,6571,6098
Thane,2018,Kalyan,Urban,0,6305,11357,16450,11999,11447,10566,21915,14703
Thane,2018,Kalyan,Total,0,7681,16120,22401,16397,18067,16703,28486,20801
Thane,2018,Ulhasnagar,Rural,0,0,0,0,0,0,0,0,0
Thane,2018,Ulhasnagar,Urban,0,6763,8245,5529,3532,2299,1575,6302,5652
Thane,2018,Ulhasnagar,Total,0,6763,8245,5529,3532,2299,1575,6302,5652
Thane,2018,Ambarnath,Rural,0,915,2508,2780,2088,2808,2781,3332,2802
Thane,2018,Ambarnath,Urban,0,1746,3002,7658,4900,3973,4644,7714,7005
Thane,2018,Ambarnath,Total,0,2661,5510,10438,6988,6781,7425,11046,9807
Thane,2018,Murbad,Rural,0,1457,3186,3578,2779,3028,6536,3060,3948
Thane,2018,Murbad,Urban,0,0,0,0,0,0,0,0,0
Thane,2018,Murbad,Total,0,1457,3186,3578,2779,3028,6536,3060,3948
Thane,2019,Thane,Rural,0,0,0,0,0,0,0,0,0
Thane,2019,Thane,Urban,0,69648,65172,71991,61720,66733,56418,25481,70405
Thane,2019,Thane,Total,0,69648,65172,71991,61720,66733,56418,25481,70405
Thane,2019,Bhivandi,Rural,0,6466,6212,6465,6521,6927,5358,8020,6456
Thane,2019,Bhivandi,Urban,0,16449,20364,15523,11531,12530,11564,18890,16706
Thane,2019,Bhivandi,Total,0,22915,26576,21988,18052,19457,16922,26910,23162
Thane,2019,Shahapur,Rural,0,5338,5145,5211,5926,6898,6330,6063,5340
Thane,2019,Shahapur,Urban,0,293,2241,281,288,162,130,257,293
Thane,2019,Shahapur,Total,0,5631,7386,5492,6214,7060,6460,6320,5633
Thane,2019,Kalyan,Rural,0,2585,3163,2652,3993,3582,2876,4408,2608
Thane,2019,Kalyan,Urban,0,25115,21132,23235,17273,12423,9011,24173,5752
Thane,2019,Kalyan,Total,0,27700,24295,25887,21266,16005,11887,28581,8360
Thane,2019,Ulhasnagar,Rural,0,0,0,0,0,0,0,0,0
Thane,2019,Ulhasnagar,Urban,0,10331,7684,9265,7068,4970,3866,11093,10556
Thane,2019,Ulhasnagar,Total,0,10331,7684,9265,7068,4970,3866,11093,10556
Thane,2019,Ambarnath,Rural,0,4921,3110,5608,4786,5383,4414,4679,5100
Thane,2019,Ambarnath,Urban,0,6945,6800,7888,2244,1194,856,3455,6945
Thane,2019,Ambarnath,Total,0,11866,9910,13496,7030,6577,5270,8134,12045
Thane,2019,Murbad,Rural,0,3095,2823,2943,3540,4262,3580,3603,3094
Thane,2019,Murbad,Urban,0,158,399,179,94,146,134,86,170
Thane,2019,Murbad,Total,0,3253,3222,3122,3634,4408,3714,3689,3264
Thane,2020,Thane,Rural,1991,5543,6468,4373,1582,1628,1447,9894,5502
Thane,2020,Thane,Urban,58627,71984,63209,71548,53221,47476,40868,115172,72050
Thane,2020,Thane,Total,60618,77527,69677,75921,54803,49104,42315,125066,77552
Thane,2020,Bhivandi,Rural,6975,7510,8164,7334,6636,6164,5627,13026,7518
Thane,2020,Bhivandi,Urban,12651,12194,18624,12112,11279,9651,8771,31718,12183
Thane,2020,Bhivandi,Total,19626,19704,26788,19446,17915,15815,14398,44744,19701
Thane,2020,Shahapur,Rural,5288,5558,6661,5579,4951,4724,4514,10604,5545
Thane,2020,Shahapur,Urban,0,0,0,0,0,0,0,0,0
Thane,2020,Shahapur,Total,5288,5558,6661,5579,4951,4724,4514,10604,5545
Thane,2020,Kalyan,Rural,3479,3615,2958,3677,3606,3580,3338,6275,3615
Thane,2020,Kalyan,Urban,20179,22796,25052,24159,18119,15918,13443,46007,22731
Thane,2020,Kalyan,Total,23658,26411,28010,27836,21725,19498,16781,52282,26346
Thane,2020,Ulhasnagar,Rural,0,0,0,0,0,0,0,0,0
Thane,2020,Ulhasnagar,Urban,6962,9302,10552,8992,5753,4268,3299,15209,9359
Thane,2020,Ulhasnagar,Total,6962,9302,10552,8992,5753,4268,3299,15209,9359
Thane,2020,Ambarnath,Rural,3630,3832,3397,3821,3649,3636,3293,7806,3832
Thane,2020,Ambarnath,Urban,5999,6711,3814,7570,3637,2434,2008,9182,6711
Thane,2020,Ambarnath,Total,9629,10543,7211,11391,7286,6070,5301,16988,10543
Thane,2020,Murbad,Rural,2945,3036,3228,2916,3057,2534,2333,5461,3035
Thane,2020,Murbad,Urban,0,0,0,0,0,0,0,0,0
Thane,2020,Murbad,Total,2945,3036,3228,2916,3057,2534,2333,5461,3035
Thane,2021,Thane,Rural,4426,7309,4160,7322,4001,4540,3816,11610,7309
Thane,2021,Thane,Urban,66727,62862,56647,63004,68154,66775,56317,124313,62862
Thane,2021,Thane,Total,71153,70171,60807,70326,72155,71315,60133,135923,70171
Thane,2021,Bhivandi,Rural,7646,7472,9941,7541,7961,6328,5391,16535,7472
Thane,2021,Bhivandi,Urban,12141,13188,13580,12089,11176,9152,8488,26790,13188
Thane,2021,Bhivandi,Total,19787,20660,23521,19630,19137,15480,13879,43325,20660
Thane,2021,Shahapur,Rural,5448,5598,7761,5443,6068,5931,5873,10805,5598
Thane,2021,Shahapur,Urban,0,0,0,0,0,0,0,0,0
Thane,2021,Shahapur,Total,5448,5598,7761,5443,6068,5931,5873,10805,5598
Thane,2021,Kalyan,Rural,4243,3951,3822,3938,4167,3947,3869,6791,3951
Thane,2021,Kalyan,Urban,25814,27551,40632,27589,27806,26700,25250,58068,27551
Thane,2021,Kalyan,Total,30057,31502,44454,31527,31973,30647,29119,64859,31502
Thane,2021,Ulhasnagar,Rural,0,0,0,0,0,0,0,0,0
Thane,2021,Ulhasnagar,Urban,7930,7995,8112,7953,6550,5657,4954,16434,7995
Thane,2021,Ulhasnagar,Total,7930,7995,8112,7953,6550,5657,4954,16434,7995
Thane,2021,Ambarnath,Rural,4194,4900,3487,4728,3715,4139,3931,8375,4900
Thane,2021,Ambarnath,Urban,9814,9677,6323,10557,7352,4591,3723,18909,9677
Thane,2021,Ambarnath,Total,14008,14577,9810,15285,11067,8730,7654,27284,14577
Thane,2021,Murbad,Rural,2785,2872,3026,2695,3176,3167,3116,5386,2872
Thane,2021,Murbad,Urban,0,0,0,0,0,0,0,0,0
Thane,2021,Murbad,Total,2785,2872,3026,2695,3176,3167,3116,5386,2872
Wardha,2012,Ashti,Rural,1056,1056,1038,1050,1262,1322,1423,1160,
Wardha,2012,Ashti,Urban,,,,,,,,,
Wardha,2012,Ashti,Total,1056,1056,1038,1050,1262,1322,1423,1160,
Wardha,2012,Karanja,Rural,1191,1191,1329,1200,1443,1525,1642,1665,
Wardha,2012,Karanja,Urban,,,,,,,,,
Wardha,2012,Karanja,Total,1191,1191,1329,1200,1443,1525,1642,1665,
Wardha,2012,Aarvi,Rural,1339,1339,1400,1417,1641,1747,1896,1589,
Wardha,2012,Aarvi,Urban,,,,,,,,,
Wardha,2012,Aarvi,Total,1936,1936,2024,2042,2267,2400,2544,2275,
Wardha,2012,Selu,Rural,1956,1956,1963,1944,2301,2417,2462,2208,
Wardha,2012,Selu,Urban,,,,,,,,,
Wardha,2012,Selu,Total,1956,1956,1963,1944,2301,2417,2462,2208,
Wardha,2012,Wardha,Rural,3490,3490,3379,3497,4042,4168,4342,3964,
Wardha,2012,Wardha,Urban,,,,,,,,,
Wardha,2012,Wardha,Total,5343,5343,5249,5347,6342,6520,6607,6031,
Wardha,2012,Devali,Rural,1739,1739,1781,1735,2083,2162,2238,2027,
Wardha,2012,Devali,Urban,,,,,,,,,
Wardha,2012,Devali,Total,2261,2261,2213,2253,2608,2749,2878,2588,
Wardha,2012,Hinganghat,Rural,1719,1719,1657,1705,2137,2202,2272,2028,
Wardha,2012,Hinganghat,Urban,,,,,,,,,
Wardha,2012,Hinganghat,Total,3362,3362,3226,3111,3562,3600,3983,3926,
Wardha,2012,Samudrapur,Rural,1792,1792,1758,1703,2015,2095,2285,2027,
Wardha,2012,Samudrapur,Urban,,,,,,,,,
Wardha,2012,Samudrapur,Total,1792,1792,1758,1703,2015,2095,2285,2027,
Wardha,2013,Ashti,Rural,998,998,769,1009,884,968,1202,1110,
Wardha,2013,Ashti,Urban,,,,,,,,,
Wardha,2013,Ashti,Total,998,998,769,1009,884,968,1202,1110,
Wardha,2013,Karanja,Rural,1158,1158,893,1179,1399,1348,1405,1297,
Wardha,2013,Karanja,Urban,,,,,,,,,
Wardha,2013,Karanja,Total,1158,1158,893,1179,1399,1348,1405,1297,
Wardha,2013,Aarvi,Rural,1431,1431,1073,1420,1629,1693,1868,1617,
Wardha,2013,Aarvi,Urban,,,,,,,,,
Wardha,2013,Aarvi,Total,2030,2030,1911,2037,2313,2344,2530,2266,
Wardha,2013,Selu,Rural,1849,1849,990,1835,1963,2514,2636,2074,
Wardha,2013,Selu,Urban,,,,,,,,,
Wardha,2013,Selu,Total,1849,1849,990,1835,1963,2514,2636,2074,
Wardha,2013,Wardha,Rural,3944,3944,6400,3702,3400,3526,4140,3873,
Wardha,2013,Wardha,Urban,,,,,,,,,
Wardha,2013,Wardha,Total,5936,5936,9624,5572,5579,5904,6369,5917,
Wardha,2013,Devali,Rural,1622,1622,1048,1782,1819,1792,1919,1950,
Wardha,2013,Devali,Urban,,,,,,,,,
Wardha,2013,Devali,Total,2166,2166,1535,2377,2376,2368,2535,2493,
Wardha,2013,Hinganghat,Rural,1668,1668,915,1683,1620,1870,1974,1938,
Wardha,2013,Hinganghat,Urban,,,,,,,,,
Wardha,2013,Hinganghat,Total,3708,3708,3101,3647,3668,3963,4086,3932,
Wardha,2013,Samudrapur,Rural,1648,1648,1170,1743,1881,1982,2203,1970,
Wardha,2013,Samudrapur,Urban,,,,,,,,,
Wardha,2013,Samudrapur,Total,1648,1648,1170,1743,1881,1982,2203,1970,
Wardha,2014,Ashti,Rural,975,975,652,1040,1016,1060,1120,1081,
Wardha,2014,Ashti,Urban,,,,,,,,,
Wardha,2014,Ashti,Total,975,975,652,1040,1016,1060,1120,1081,
Wardha,2014,Karanja,Rural,1195,1195,1095,1125,1148,1381,1134,1145,
Wardha,2014,Karanja,Urban,,,,,,,,,
Wardha,2014,Karanja,Total,1195,1195,1095,1125,1148,1381,1134,1145,
Wardha,2014,Aarvi,Rural,1411,1411,1230,1457,1639,1786,1959,1366,
Wardha,2014,Aarvi,Urban,,,,,,,,,
Wardha,2014,Aarvi,Total,2109,2109,2300,2153,2326,2571,2776,2106,
Wardha,2014,Selu,Rural,1746,1746,1009,1837,1917,2319,2335,1903,
Wardha,2014,Selu,Urban,,,,,,,,,
Wardha,2014,Selu,Total,1746,1746,1009,1837,1917,2319,2335,1903,
Wardha,2014,Wardha,Rural,4098,4098,6056,4002,3811,3929,4039,2971,
Wardha,2014,Wardha,Urban,,,,,,,,,
Wardha,2014,Wardha,Total,6408,6408,9746,6282,5870,6600,6680,5053,
Wardha,2014,Devali,Rural,1642,1642,779,1713,1734,1980,2189,1564,
Wardha,2014,Devali,Urban,,,,,,,,,
Wardha,2014,Devali,Total,2214,2214,1409,2380,2346,2579,2850,2120,
Wardha,2014,Hinganghat,Rural,1501,1501,790,1640,1667,1878,2101,1424,
Wardha,2014,Hinganghat,Urban,,,,,,,,,
Wardha,2014,Hinganghat,Total,3567,3567,2781,3600,4085,4386,4473,3380,
Wardha,2014,Samudrapur,Rural,1620,1620,1060,1646,1670,1947,2158,1528,
Wardha,2014,Samudrapur,Urban,,,,,,,,,
Wardha,2014,Samudrapur,Total,1620,1620,1060,1646,1670,1947,2158,1528,
Wardha,2015,Ashti,Rural,954,954,347,1021,924,946,1263,1074,
Wardha,2015,Ashti,Urban,,,,,,,,,
Wardha,2015,Ashti,Total,954,954,347,1021,924,946,1263,1074,
Wardha,2015,Karanja,Rural,1168,1168,765,1136,1110,1076,1037,1323,
Wardha,2015,Karanja,Urban,,,,,,,,,
Wardha,2015,Karanja,Total,1168,1168,765,1136,1110,1076,1037,1323,
Wardha,2015,Aarvi,Rural,1315,1315,445,1351,1584,1683,1944,1443,
Wardha,2015,Aarvi,Urban,,,,,,,,,
Wardha,2015,Aarvi,Total,1913,1913,1225,2026,2238,2299,2560,2201,
Wardha,2015,Selu,Rural,1744,1744,728,1795,1763,2157,2204,1923,
Wardha,2015,Selu,Urban,,,,,,,,,
Wardha,2015,Selu,Total,1744,1744,728,1795,1763,2157,2204,1923,
Wardha,2015,Wardha,Rural,4022,4022,6717,3682,3876,4384,4145,3863,
Wardha,2015,Wardha,Urban,,,,,,,,,
Wardha,2015,Wardha,Total,6431,6431,11345,6024,5949,6874,6343,5890,
Wardha,2015,Devali,Rural,1681,1681,551,1594,1959,2152,2031,1764,
Wardha,2015,Devali,Urban,,,,,,,,,
Wardha,2015,Devali,Total,2287,2287,1086,2230,2500,2729,2627,2319,
Wardha,2015,Hinganghat,Rural,1482,1482,519,1655,1745,1886,1975,1968,
Wardha,2015,Hinganghat,Urban,,,,,,,,,
Wardha,2015,Hinganghat,Total,3667,3667,2594,3583,3778,4144,4367,3759,
Wardha,2015,Samudrapur,Rural,1598,1598,855,1692,1802,1904,2005,1846,
Wardha,2015,Samudrapur,Urban,,,,,,,,,
Wardha,2015,Samudrapur,Total,1598,1598,855,1692,1802,1904,2005,1846,
Wardha,2016,Ashti,Rural,0,977,467,939,935,1015,1207,980,
Wardha,2016,Ashti,Urban,,,,,,,,,
Wardha,2016,Ashti,Total,0,977,467,939,935,1015,1207,980,
Wardha,2016,Karanja,Rural,0,1113,755,1077,1085,1176,1214,1194,
Wardha,2016,Karanja,Urban,,,,,,,,,
Wardha,2016,Karanja,Total,0,1113,755,1077,1085,1176,1214,1194,
Wardha,2016,Aarvi,Rural,0,1303,417,1300,1203,1506,1630,1404,
Wardha,2016,Aarvi,Urban,,,,,,,,,
Wardha,2016,Aarvi,Total,0,1964,1474,1999,2057,3123,3181,2158,
Wardha,2016,Selu,Rural,0,1651,418,1630,1847,2139,2132,1825,
Wardha,2016,Selu,Urban,,,,,,,,,
Wardha,2016,Selu,Total,0,1651,418,1630,1847,2139,2132,1825,
Wardha,2016,Wardha,Rural,0,3814,7298,3691,3264,4011,4250,3783,
Wardha,2016,Wardha,Urban,,,,,,,,,
Wardha,2016,Wardha,Total,0,5738,11656,5614,5454,7356,7415,5870,
Wardha,2016,Devali,Rural,0,1555,325,1577,1464,1870,2142,1678,
Wardha,2016,Devali,Urban,,,,,,,,,
Wardha,2016,Devali,Total,0,2072,803,2099,2138,3071,3138,2253,
Wardha,2016,Hinganghat,Rural,0,1715,309,1780,1514,1948,2443,1894,
Wardha,2016,Hinganghat,Urban,,,,,,,,,
Wardha,2016,Hinganghat,Total,0,3481,2472,3548,3806,5435,6242,3608,
Wardha,2016,Samudrapur,Rural,0,1535,477,1616,1599,1900,1723,1728,
Wardha,2016,Samudrapur,Urban,,,,,,,,,
Wardha,2016,Samudrapur,Total,0,1535,477,1616,1599,1900,1723,1728,
Wardha,2017,Ashti,Rural,873,873,276,924,774,1057,1196,1030,
Wardha,2017,Ashti,Urban,,,,,,,,,
Wardha,2017,Ashti,Total,873,873,276,924,774,1057,1196,1030,
Wardha,2017,Karanja,Rural,1076,1076,255,1063,808,1154,1119,1037,
Wardha,2017,Karanja,Urban,,,,,,,,,
Wardha,2017,Karanja,Total,1076,1076,255,1063,808,1154,1119,1037,
Wardha,2017,Aarvi,Rural,1216,1216,191,1255,1003,1593,1555,1340,
Wardha,2017,Aarvi,Urban,,,,,,,,,
Wardha,2017,Aarvi,Total,1860,1860,1041,1921,1602,2623,2534,1963,
Wardha,2017,Selu,Rural,1464,1464,272,1615,1178,1650,1402,1702,
Wardha,2017,Selu,Urban,,,,,,,,,
Wardha,2017,Selu,Total,1464,1464,272,1615,1178,1650,1402,1702,
Wardha,2017,Wardha,Rural,5170,5170,10729,4399,3415,4549,5040,4031,
Wardha,2017,Wardha,Urban,,,,,,,,,
Wardha,2017,Wardha,Total,7093,7093,13939,6225,5618,6931,7424,6036,
Wardha,2017,Devali,Rural,1527,1527,203,1556,1257,1720,1685,1682,
Wardha,2017,Devali,Urban,,,,,,,,,
Wardha,2017,Devali,Total,2072,2072,658,2140,1766,2847,2726,2241,
Wardha,2017,Hinganghat,Rural,1514,1514,123,1541,872,1138,1129,1799,
Wardha,2017,Hinganghat,Urban,,,,,,,,,
Wardha,2017,Hinganghat,Total,2612,2612,843,2659,1745,2765,2860,3417,
Wardha,2017,Samudrapur,Rural,1513,1513,318,1526,1298,1719,1720,1639,
Wardha,2017,Samudrapur,Urban,,,,,,,,,
Wardha,2017,Samudrapur,Total,1513,1513,318,1526,1298,1719,1720,1639,
Wardha,2018,Ashti,Rural,930,928,260,888,0,982,1062,988,928
Wardha,2018,Ashti,Urban,0,0,0,0,0,0,0,0,0
Wardha,2018,Ashti,Total,930,928,260,888,0,982,1062,988,928
Wardha,2018,Karanja,Rural,983,1077,497,963,0,865,1140,1109,1077
Wardha,2018,Karanja,Urban,0,0,0,0,0,0,0,0,0
Wardha,2018,Karanja,Total,983,1077,497,963,0,865,1140,1109,1077
Wardha,2018,Aarvi,Rural,1240,1219,81,1244,0,1965,1748,1307,1219
Wardha,2018,Aarvi,Urban,685,746,1582,795,0,829,786,652,746
Wardha,2018,Aarvi,Total,1925,1965,1663,2039,0,2794,2534,1959,1965
Wardha,2018,Selu,Rural,1514,1471,231,1500,0,2286,2296,1738,1471
Wardha,2018,Selu,Urban,0,0,0,0,0,0,0,0,0
Wardha,2018,Selu,Total,1514,1471,231,1500,0,2286,2296,1738,1471
Wardha,2018,Wardha,Rural,4342,4484,10008,4192,0,6410,6346,4143,4484
Wardha,2018,Wardha,Urban,2010,2107,3167,1902,0,1561,1280,2014,2107
Wardha,2018,Wardha,Total,6352,6591,13175,6094,0,7971,7626,6157,6591
Wardha,2018,Devali,Rural,1423,1492,167,1496,0,1971,2034,1483,1492
Wardha,2018,Devali,Urban,617,660,471,783,0,645,680,601,660
Wardha,2018,Devali,Total,2040,2152,638,2279,0,2616,2714,2084,2152
Wardha,2018,Hinganghat,Rural,1519,1548,192,1472,0,1630,1543,1824,1548
Wardha,2018,Hinganghat,Urban,1249,1515,814,1432,0,1437,1985,1584,1515
Wardha,2018,Hinganghat,Total,2768,3063,1006,2904,0,3067,3528,3408,3063
Wardha,2018,Samudrapur,Rural,1598,1539,330,1671,0,2046,1821,1612,1539
Wardha,2018,Samudrapur,Urban,0,0,0,0,0,0,0,0,0
Wardha,2018,Samudrapur,Total,1598,1539,330,1671,0,2046,1821,1612,1539
Wardha,2019,Ashti,Rural,947,970,296,990,0,1621,1604,926,970
Wardha,2019,Ashti,Urban,0,0,0,0,0,0,0,0,0
Wardha,2019,Ashti,Total,947,970,296,990,0,1621,1604,926,970
Wardha,2019,Karanja,Rural,1025,1075,640,1091,0,2087,2234,1092,1075
Wardha,2019,Karanja,Urban,0,0,0,0,0,0,0,0,0
Wardha,2019,Karanja,Total,1025,1075,640,1091,0,2087,2234,1092,1075
Wardha,2019,Aarvi,Rural,1260,1289,74,1286,0,2267,2471,1306,1289
Wardha,2019,Aarvi,Urban,930,830,1615,969,0,1376,1156,730,830
Wardha,2019,Aarvi,Total,2190,2119,1689,2255,0,3643,3627,2036,2119
Wardha,2019,Selu,Rural,1538,1623,207,1561,0,3253,2905,1519,1623
Wardha,2019,Selu,Urban,0,0,0,0,0,0,0,0,0
Wardha,2019,Selu,Total,1538,1623,207,1561,0,3253,2905,1519,1623
Wardha,2019,Wardha,Rural,3846,4264,9321,3862,0,5373,5534,3997,4264
Wardha,2019,Wardha,Urban,2058,1707,2742,1913,0,4052,5008,2078,1707
Wardha,2019,Wardha,Total,5904,5971,12063,5775,0,9425,10542,6075,5971
Wardha,2019,Devali,Rural,1493,1570,210,1492,0,2754,2775,1579,1570
Wardha,2019,Devali,Urban,543,606,510,607,0,1355,1383,600,606
Wardha,2019,Devali,Total,2036,2176,720,2099,0,4109,4158,2179,2176
Wardha,2019,Hinganghat,Rural,1586,1567,248,1688,0,3081,2690,1598,1567
Wardha,2019,Hinganghat,Urban,1423,1484,1328,1534,0,1307,1443,1742,1484
Wardha,2019,Hinganghat,Total,3009,3051,1576,3222,0,4388,4133,3340,3051
Wardha,2019,Samudrapur,Rural,1500,1522,340,1511,0,2334,2014,1509,1522
Wardha,2019,Samudrapur,Urban,0,0,0,0,0,0,0,0,0
Wardha,2019,Samudrapur,Total,1500,1522,340,1511,0,2334,2014,1509,1522
Wardha,2020,Ashti,Rural,0,856,240,820,0,89,132,921,856
Wardha,2020,Ashti,Urban,0,0,0,0,0,0,0,0,0
Wardha,2020,Ashti,Total,0,856,240,820,0,89,132,921,856
Wardha,2020,Karanja,Rural,0,975,601,965,0,110,2,1064,975
Wardha,2020,Karanja,Urban,0,0,0,0,0,0,0,0,0
Wardha,2020,Karanja,Total,0,975,601,965,0,110,2,1064,975
Wardha,2020,Aarvi,Rural,0,1246,111,1183,0,77,53,1309,1246
Wardha,2020,Aarvi,Urban,0,616,1552,606,0,238,223,652,616
Wardha,2020,Aarvi,Total,0,1862,1663,1789,0,315,276,1961,1862
Wardha,2020,Selu,Rural,0,1551,254,1437,0,37,28,1558,1343
Wardha,2020,Selu,Urban,0,0,0,0,0,0,0,0,0
Wardha,2020,Selu,Total,0,1551,254,1437,0,37,28,1558,1343
Wardha,2020,Wardha,Rural,0,3619,4770,3335,0,2417,2494,3859,3819
Wardha,2020,Wardha,Urban,0,3327,6334,2693,0,1413,1262,1916,3726
Wardha,2020,Wardha,Total,0,6946,11104,6028,0,3830,3756,5775,7545
Wardha,2020,Devali,Rural,0,1508,164,1533,0,734,534,1491,1508
Wardha,2020,Devali,Urban,0,502,463,0,0,544,555,522,502
Wardha,2020,Devali,Total,0,2010,627,1533,0,1278,1089,2013,2010
Wardha,2020,Hinganghat,Rural,0,1459,224,1440,0,654,564,1695,1459
Wardha,2020,Hinganghat,Urban,0,1195,821,1050,0,431,349,1656,1195
Wardha,2020,Hinganghat,Total,0,2654,1045,2490,0,1085,913,3351,2654
Wardha,2020,Samudrapur,Rural,0,1360,266,1339,0,812,751,1490,969
Wardha,2020,Samudrapur,Urban,0,0,0,0,0,0,0,0,0
Wardha,2020,Samudrapur,Total,0,1360,266,1339,0,812,751,1490,969
Wardha,2021,Ashti,Rural,833,863,230,835,0,273,186,955,863
Wardha,2021,Ashti,Urban,0,0,0,0,0,0,0,0,0
Wardha,2021,Ashti,Total,833,863,230,835,0,273,186,955,863
Wardha,2021,Karanja,Rural,1014,1111,454,1044,0,541,351,1150,1111
Wardha,2021,Karanja,Urban,0,0,0,0,0,0,0,0,0
Wardha,2021,Karanja,Total,1014,1111,454,1044,0,541,351,1150,1111
Wardha,2021,Aarvi,Rural,1170,1188,86,1213,0,750,646,1378,1188
Wardha,2021,Aarvi,Urban,684,723,1768,671,0,439,402,623,723
Wardha,2021,Aarvi,Total,1854,1911,1854,1884,0,1189,1048,2001,1911
Wardha,2021,Selu,Rural,1466,1588,189,1483,0,711,620,1677,1588
Wardha,2021,Selu,Urban,0,0,0,0,0,0,0,0,0
Wardha,2021,Selu,Total,1466,1588,189,1483,0,711,620,1677,1588
Wardha,2021,Wardha,Rural,3449,3649,5843,3440,0,1830,1694,4087,3649
Wardha,2021,Wardha,Urban,2355,2628,7179,3103,0,1331,1368,1841,2628
Wardha,2021,Wardha,Total,5804,6277,13022,6543,0,3161,3062,5928,6277
Wardha,2021,Devali,Rural,1432,1436,147,1390,0,871,633,1573,1436
Wardha,2021,Devali,Urban,482,491,363,469,0,556,605,498,491
Wardha,2021,Devali,Total,1914,1927,510,1859,0,1427,1238,2071,1927
Wardha,2021,Hinganghat,Rural,1446,1533,200,1498,0,768,447,1752,1533
Wardha,2021,Hinganghat,Urban,1431,1622,847,1484,0,764,712,1534,1622
Wardha,2021,Hinganghat,Total,2877,3155,1047,2982,0,1532,1159,3286,3155
Wardha,2021,Samudrapur,Rural,1454,1476,266,1404,0,1394,1149,1638,1476
Wardha,2021,Samudrapur,Urban,0,0,0,0,0,0,0,0,0
Wardha,2021,Samudrapur,Total,1454,1476,266,1404,0,1394,1149,1638,1476
Washim,2012,Malegaon,Rural,3302,3302,3199,3284,2810,3747,3504,3516,
Washim,2012,Malegaon,Urban,,,,,,,,,
Washim,2012,Malegaon,Total,3302,3302,3199,3284,2810,3747,3504,3516,
Washim,2012,Mangrulpir,Rural,2467,2467,2389,2401,0,2817,2861,2721,
Washim,2012,Mangrulpir,Urban,,,,,,,,,
Washim,2012,Mangrulpir,Total,3100,3100,3208,3078,6632,3201,3527,3322,
Washim,2012,Karanja,Rural,3386,3386,2246,2327,6632,2731,2707,2635,
Washim,2012,Karanja,Urban,,,,,,,,,
Washim,2012,Karanja,Total,4646,4646,3692,3281,8178,3646,3823,3635,
Washim,2012,Manora,Rural,2823,2823,2646,2653,0,3137,3137,3015,
Washim,2012,Manora,Urban,,,,,,,,,
Washim,2012,Manora,Total,2897,2897,2878,2878,3,3137,3137,3044,
Washim,2012,Washim,Rural,3645,3645,3251,3576,0,4374,4123,3547,
Washim,2012,Washim,Urban,,,,,,,,,
Washim,2012,Washim,Total,4644,4644,4586,4372,1109,5622,5211,5277,
Washim,2012,Resod,Rural,3105,3105,2943,2858,0,2841,3043,3214,
Washim,2012,Resod,Urban,,,,,,,,,
Washim,2012,Resod,Total,3700,3700,3541,3453,647,3503,3743,3801,
Washim,2013,Malegaon,Rural,3364,3364,3220,3231,2929,3684,3712,2390,
Washim,2013,Malegaon,Urban,0,0,0,0,0,0,0,0,
Washim,2013,Malegaon,Total,3364,3364,3220,3231,2929,3684,3712,2390,
Washim,2013,Mangrulpir,Rural,2462,2462,2486,2379,2516,2683,2931,1862,
Washim,2013,Mangrulpir,Urban,788,788,693,687,268,484,211,362,
Washim,2013,Mangrulpir,Total,3250,3250,3179,3066,2784,3167,3142,2224,
Washim,2013,Karanja,Rural,2288,2288,2202,2273,2476,2693,2696,1579,
Washim,2013,Karanja,Urban,1404,1404,1529,927,1107,1440,570,187,
Washim,2013,Karanja,Total,3692,3692,3731,3200,3583,4133,3266,1766,
Washim,2013,Manora,Rural,2812,2812,2789,2713,2673,3147,3305,1779,
Washim,2013,Manora,Urban,0,0,0,0,0,0,0,0,
Washim,2013,Manora,Total,2812,2812,2789,2713,2673,3147,3305,1779,
Washim,2013,Washim,Rural,3431,3431,3126,3298,2879,3748,4156,2398,
Washim,2013,Washim,Urban,1000,1000,1507,887,1049,756,163,687,
Washim,2013,Washim,Total,4431,4431,4633,4185,3928,4504,4319,3085,
Washim,2013,Resod,Rural,3088,3088,2898,2885,3192,3544,3724,2487,
Washim,2013,Resod,Urban,624,624,641,625,694,478,439,64,
Washim,2013,Resod,Total,3712,3712,3539,3510,3886,4022,4163,2551,
Washim,2014,Malegaon,Rural,3542,3530,2051,2710,0,2931,3300,3396,
Washim,2014,Malegaon,Urban,0,0,0,0,0,0,0,0,
Washim,2014,Malegaon,Total,3542,3530,2051,2710,0,2931,3300,3396,
Washim,2014,Mangrulpir,Rural,2461,2463,2209,2403,0,2693,2769,2495,
Washim,2014,Mangrulpir,Urban,663,1408,952,585,732,210,204,312,
Washim,2014,Mangrulpir,Total,3124,3871,3161,2988,732,2903,2973,2807,
Washim,2014,Karanja,Rural,2255,2234,2119,2193,0,2437,2794,2485,
Washim,2014,Karanja,Urban,1183,1636,1636,1152,1302,1195,1240,692,
Washim,2014,Karanja,Total,3438,3870,3755,3345,1302,3632,4034,3177,
Washim,2014,Manora,Rural,2781,2781,2606,2888,0,3425,3299,2966,
Washim,2014,Manora,Urban,0,0,0,0,0,0,0,0,
Washim,2014,Manora,Total,2781,2781,2606,2888,0,3425,3299,2966,
Washim,2014,Washim,Rural,3262,3253,3061,3268,0,3436,3912,3426,
Washim,2014,Washim,Urban,1014,2371,2383,921,980,186,452,675,
Washim,2014,Washim,Total,4276,5624,5444,4189,980,3622,4364,4101,
Washim,2014,Resod,Rural,3092,3094,3033,2893,0,3145,3257,3595,
Washim,2014,Resod,Urban,633,575,638,596,633,693,719,414,
Washim,2014,Resod,Total,3725,3669,3671,3489,633,3838,3976,4009,
Washim,2015,Malegaon,Rural,2919,3397,3224,3350,0,3903,4155,2972,
Washim,2015,Malegaon,Urban,0,0,0,0,0,0,0,0,
Washim,2015,Malegaon,Total,2919,3397,3224,3350,0,3903,4155,2972,
Washim,2015,Mangrulpir,Rural,2245,2668,2454,2561,0,2798,3032,2515,
Washim,2015,Mangrulpir,Urban,611,1129,1160,615,597,257,267,343,
Washim,2015,Mangrulpir,Total,2856,3797,3614,3176,597,3055,3299,2858,
Washim,2015,Karanja,Rural,1911,2301,2127,2239,0,2478,2641,2377,
Washim,2015,Karanja,Urban,1050,569,569,1114,1082,1269,1422,580,
Washim,2015,Karanja,Total,2961,2870,2696,3353,1082,3747,4063,2957,
Washim,2015,Manora,Rural,2378,2816,2773,2802,0,3030,3289,2228,
Washim,2015,Manora,Urban,0,0,0,0,0,0,0,0,
Washim,2015,Manora,Total,2378,2816,2773,2802,0,3030,3289,2228,
Washim,2015,Washim,Rural,2709,3343,2995,3265,0,3716,4898,2779,
Washim,2015,Washim,Urban,996,3269,3269,1077,1005,143,57,751,
Washim,2015,Washim,Total,3705,6612,6264,4342,1005,3859,4955,3530,
Washim,2015,Resod,Rural,2545,2923,2565,2821,0,3214,3641,2782,
Washim,2015,Resod,Urban,587,394,394,732,556,764,693,443,
Washim,2015,Resod,Total,3132,3317,2959,3553,556,3978,4334,3225,
Washim,2016,Malegaon,Rural,3022,3015,2605,3177,3275,3370,3142,3268,
Washim,2016,Malegaon,Urban,0,0,0,0,0,0,0,0,
Washim,2016,Malegaon,Total,3542,3530,2051,3177,3275,3370,3142,3268,
Washim,2016,Mangrulpir,Rural,2467,2482,1788,2391,2286,2673,2896,2496,
Washim,2016,Mangrulpir,Urban,455,567,580,438,0,204,202,537,
Washim,2016,Mangrulpir,Total,2922,3049,2368,2829,2286,2877,3098,3033,
Washim,2016,Karanja,Rural,2157,2157,1708,2081,2131,2393,2462,2296,
Washim,2016,Karanja,Urban,805,460,510,469,0,753,658,1163,
Washim,2016,Karanja,Total,2962,2617,2218,2550,2131,3146,3120,3459,
Washim,2016,Manora,Rural,2612,2635,2153,2611,2636,2786,2970,2839,
Washim,2016,Manora,Urban,65,284,189,0,0,0,0,23,
Washim,2016,Manora,Total,2677,2919,2342,2611,2636,2786,2970,2862,
Washim,2016,Washim,Rural,3238,3238,2548,3241,3381,3656,3884,3228,
Washim,2016,Washim,Urban,1000,2921,2909,1140,0,111,101,1145,
Washim,2016,Washim,Total,4238,6159,5457,4381,3381,3767,3985,4373,
Washim,2016,Resod,Rural,2767,2784,2385,2881,2831,3097,3204,2994,
Washim,2016,Resod,Urban,599,337,370,242,0,689,800,586,
Washim,2016,Resod,Total,3366,3121,2755,3123,2831,3786,4004,3580,
Washim,2017,Malegaon,Rural,3048,3051,1868,2962,2994,3876,3663,2979,
Washim,2017,Malegaon,Urban,0,318,254,0,0,0,0,0,
Washim,2017,Malegaon,Total,3048,3369,2122,2962,2994,3876,3663,2979,
Washim,2017,Mangrulpir,Rural,2366,2364,1869,2282,2148,2592,2653,2239,
Washim,2017,Mangrulpir,Urban,625,683,628,577,208,176,154,563,
Washim,2017,Mangrulpir,Total,2991,3047,2497,2859,2356,2768,2807,2802,
Washim,2017,Karanja,Rural,2008,2007,1601,1989,2010,2770,2571,2097,
Washim,2017,Karanja,Urban,959,943,1049,962,365,1100,1508,981,
Washim,2017,Karanja,Total,2967,2950,2650,2951,2375,3870,4079,3078,
Washim,2017,Manora,Rural,2582,2516,1918,2569,1773,3127,3439,2614,
Washim,2017,Manora,Urban,181,298,228,197,0,0,0,87,
Washim,2017,Manora,Total,2763,2814,2146,2766,1773,3127,3439,2701,
Washim,2017,Washim,Rural,2956,2953,2159,2869,3156,4094,4409,3012,
Washim,2017,Washim,Urban,1139,3058,2974,1152,372,115,82,977,
Washim,2017,Washim,Total,4095,6011,5133,4021,3528,4209,4491,3989,
Washim,2017,Resod,Rural,2899,2876,2455,2679,2587,3358,3458,2935,
Washim,2017,Resod,Urban,721,354,352,350,735,863,684,550,
Washim,2017,Resod,Total,3620,3230,2807,3029,3322,4221,4142,3485,
Washim,2018,Malegaon,Rural,2958,2950,1413,1538,2533,2767,2855,3048,
Washim,2018,Malegaon,Urban,0,308,201,0,0,0,0,0,
Washim,2018,Malegaon,Total,2958,3258,1614,1538,2533,2767,2855,3048,
Washim,2018,Mangrulpir,Rural,2311,2300,1595,1234,1661,2071,1958,2244,
Washim,2018,Mangrulpir,Urban,598,484,587,411,605,634,487,548,
Washim,2018,Mangrulpir,Total,2909,2784,2182,1645,2266,2705,2445,2792,
Washim,2018,Karanja,Rural,1966,1915,1557,1058,2388,2653,2747,2162,
Washim,2018,Karanja,Urban,838,1124,1231,745,696,946,1230,1123,
Washim,2018,Karanja,Total,2804,3039,2788,1803,3084,3599,3977,3285,
Washim,2018,Manora,Rural,2604,2496,1806,1223,1905,2695,2853,2490,
Washim,2018,Manora,Urban,115,249,221,86,105,0,0,0,
Washim,2018,Manora,Total,2719,2745,2027,1309,2010,2695,2853,2490,
Washim,2018,Washim,Rural,3051,2913,1919,1392,3287,3784,3800,2923,
Washim,2018,Washim,Urban,1203,2852,3038,1009,1030,1052,1756,1308,
Washim,2018,Washim,Total,4254,5765,4957,2401,4317,4836,5556,4231,
Washim,2018,Resod,Rural,2960,3008,2519,1280,3150,3652,4336,2867,
Washim,2018,Resod,Urban,480,357,580,436,445,354,193,597,
Washim,2018,Resod,Total,3440,3365,3099,1716,3595,4006,4529,3464,
Washim,2019,Malegaon,Rural,3005,2996,987,2952,3361,3288,2978,2862,3005
Washim,2019,Malegaon,Urban,82,216,211,66,68,1,0,0,82
Washim,2019,Malegaon,Total,3087,3212,1198,3018,3429,3289,2978,2862,3087
Washim,2019,Mangrulpir,Rural,2253,2246,1620,2238,1895,2237,2184,2178,2253
Washim,2019,Mangrulpir,Urban,712,569,574,528,564,700,664,534,712
Washim,2019,Mangrulpir,Total,2965,2815,2194,2766,2459,2937,2848,2712,2965
Washim,2019,Karanja,Rural,2032,2030,329,1911,2235,2473,2388,1829,2032
Washim,2019,Karanja,Urban,1322,1326,1388,1221,1061,900,991,1203,1222
Washim,2019,Karanja,Total,3354,3356,1717,3132,3296,3373,3379,3032,3254
Washim,2019,Manora,Rural,2471,2461,2026,2445,2512,3283,3209,2555,2471
Washim,2019,Manora,Urban,148,286,278,144,92,2,0,0,148
Washim,2019,Manora,Total,2619,2747,2304,2589,2604,3285,3209,2555,2619
Washim,2019,Washim,Rural,3405,3407,1674,3252,3605,6348,6769,3765,2949
Washim,2019,Washim,Urban,786,3524,3367,766,594,90,35,366,786
Washim,2019,Washim,Total,4191,6931,5041,4018,4199,6438,6804,4131,3735
Washim,2019,Resod,Rural,2930,2908,2645,2867,2953,4585,5507,2806,2930
Washim,2019,Resod,Urban,615,461,525,607,539,815,717,605,615
Washim,2019,Resod,Total,3545,3369,3170,3474,3492,5400,6224,3411,3545
Washim,2020,Malegaon,Rural,0,2931,1649,2803,2518,2191,2146,2990,2931
Washim,2020,Malegaon,Urban,92,155,180,102,67,0,0,6,92
Washim,2020,Malegaon,Total,92,3086,1829,2905,2585,2191,2146,2996,3023
Washim,2020,Mangrulpir,Rural,0,2114,1329,2025,1452,1148,1160,2168,2114
Washim,2020,Mangrulpir,Urban,623,520,524,592,540,139,138,659,623
Washim,2020,Mangrulpir,Total,623,2634,1853,2617,1992,1287,1298,2827,2737
Washim,2020,Karanja,Rural,0,1888,385,1859,2033,907,769,2032,1888
Washim,2020,Karanja,Urban,624,575,878,584,537,0,0,540,624
Washim,2020,Karanja,Total,624,2463,1263,2443,2570,907,769,2572,2512
Washim,2020,Manora,Rural,0,2614,2027,2547,2611,2383,2287,2533,2614
Washim,2020,Manora,Urban,106,309,290,98,52,0,0,0,106
Washim,2020,Manora,Total,106,2923,2317,2645,2663,2383,2287,2533,2720
Washim,2020,Washim,Rural,0,2955,1486,2827,2583,3255,3756,2922,2955
Washim,2020,Washim,Urban,226,3015,2686,236,197,2,0,125,226
Washim,2020,Washim,Total,226,5970,4172,3063,2780,3257,3756,3047,3181
Washim,2020,Resod,Rural,0,2772,2265,2587,2431,1158,1036,2765,2772
Washim,2020,Resod,Urban,638,215,500,569,518,233,223,636,638
Washim,2020,Resod,Total,638,2987,2765,3156,2949,1391,1259,3401,3410
Washim,2021,Malegaon,Rural,2608,2795,2795,2490,2413,2437,3388,3265,2795
Washim,2021,Malegaon,Urban,140,229,182,103,132,30,22,29,140
Washim,2021,Malegaon,Total,2748,3024,2977,2593,2545,2467,3410,3294,2935
Washim,2021,Mangrulpir,Rural,2057,2151,1188,1911,1838,1618,1448,2443,2153
Washim,2021,Mangrulpir,Urban,809,532,533,745,682,375,441,878,809
Washim,2021,Mangrulpir,Total,2866,2683,1721,2656,2520,1993,1889,3321,2962
Washim,2021,Karanja,Rural,1826,1914,1602,1742,2004,1649,1753,2149,1914
Washim,2021,Karanja,Urban,485,649,680,404,343,77,45,0,485
Washim,2021,Karanja,Total,2311,2563,2282,2146,2347,1726,1798,2149,485
Washim,2021,Manora,Rural,2546,2482,2030,2405,2415,2511,2721,2706,2482
Washim,2021,Manora,Urban,149,285,269,108,66,0,0,0,149
Washim,2021,Manora,Total,2695,2767,2299,2513,2481,2511,2721,2706,2482
Washim,2021,Washim,Rural,3255,3104,1531,2613,3255,3864,3918,3247,3101
Washim,2021,Washim,Urban,320,3363,3179,274,234,7,1,202,3421
Washim,2021,Washim,Total,3575,6467,4710,2887,3489,3871,3919,3449,3421
Washim,2021,Resod,Rural,2697,3019,2167,2678,3013,2174,2241,2973,3084
Washim,2021,Resod,Urban,636,290,211,589,574,260,213,902,636
Washim,2021,Resod,Total,3333,3309,2378,3267,3587,2434,2454,3875,3720
Yavatmal,2012,Ner,Rural,1372,1372,175,1402,1547,1528,1655,1576,
Yavatmal,2012,Ner,Urban,,,,,,,,,
Yavatmal,2012,Ner,Total,2983,3434,623,1867,1904,1972,2010,1998,
Yavatmal,2012,Babhulgaon,Rural,1322,1322,1727,1327,1375,1509,1570,1585,
Yavatmal,2012,Babhulgaon,Urban,,,,,,,,,
Yavatmal,2012,Babhulgaon,Total,1322,1322,1727,1327,1375,1509,1570,1585,
Yavatmal,2012,Kalamb,Rural,1669,1669,1671,1637,1510,1682,1993,1717,
Yavatmal,2012,Kalamb,Urban,,,,,,,,,
Yavatmal,2012,Kalamb,Total,1669,1669,1671,1637,1510,1682,1993,1717,
Yavatmal,2012,Yavatmal,Rural,4056,4056,3852,3864,4412,4257,4367,4252,
Yavatmal,2012,Yavatmal,Urban,,,,,,,,,
Yavatmal,2012,Yavatmal,Total,16191,19237,6971,9325,6077,6870,6527,7526,
Yavatmal,2012,Darvha,Rural,2661,2661,2558,2586,1940,2537,2360,2572,
Yavatmal,2012,Darvha,Urban,,,,,,,,,
Yavatmal,2012,Darvha,Total,5713,6605,3415,3688,2872,3444,3122,3013,
Yavatmal,2012,Digras,Rural,1490,1490,1536,1518,1277,1565,1359,1783,
Yavatmal,2012,Digras,Urban,,,,,,,,,
Yavatmal,2012,Digras,Total,5296,6930,2604,2972,2115,2522,2184,2536,
Yavatmal,2012,Pusad,Rural,4343,4343,3592,4398,4374,4649,4822,4855,
Yavatmal,2012,Pusad,Urban,,,,,,,,,
Yavatmal,2012,Pusad,Total,9031,10782,5277,5846,4653,5181,5270,6311,
Yavatmal,2012,Umarkhed,Rural,3873,3873,4005,3795,3858,3990,3983,4321,
Yavatmal,2012,Umarkhed,Urban,,,,,,,,,
Yavatmal,2012,Umarkhed,Total,8281,9216,5022,5144,4672,4732,5024,5393,
Yavatmal,2012,Mahagaon,Rural,3477,3477,3494,3240,2947,3557,3373,3901,
Yavatmal,2012,Mahagaon,Urban,,,,,,,,,
Yavatmal,2012,Mahagaon,Total,3477,3477,3494,3240,2947,3557,3373,3901,
Yavatmal,2012,Aarni,Rural,2590,2590,2573,2452,2420,2594,2683,2908,
Yavatmal,2012,Aarni,Urban,,,,,,,,,
Yavatmal,2012,Aarni,Total,4507,5335,3314,3068,2444,2594,2683,3317,
Yavatmal,2012,Ghantaji,Rural,2082,2082,2123,2089,2198,2369,2306,2415,
Yavatmal,2012,Ghantaji,Urban,,,,,,,,,
Yavatmal,2012,Ghantaji,Total,3739,4141,2540,2827,2484,2731,2656,2748,
Yavatmal,2012,Kelapur,Rural,2243,2243,2221,2217,2166,2376,2444,2406,
Yavatmal,2012,Kelapur,Urban,,,,,,,,,
Yavatmal,2012,Kelapur,Total,4760,5534,2948,3497,2798,2987,3090,3177,
Yavatmal,2012,Ralegaon,Rural,1695,1695,2092,1627,2029,1961,2261,1952,
Yavatmal,2012,Ralegaon,Urban,,,,,,,,,
Yavatmal,2012,Ralegaon,Total,1695,1695,2092,1627,2029,1961,2261,1952,
Yavatmal,2012,Maregaon,Rural,973,973,1078,963,931,1176,1224,1086,
Yavatmal,2012,Maregaon,Urban,,,,,,,,,
Yavatmal,2012,Maregaon,Total,973,973,1078,963,931,1176,1224,1086,
Yavatmal,2012,Zari Jamani,Rural,1208,1208,1220,1247,1311,1381,1288,1414,
Yavatmal,2012,Zari Jamani,Urban,,,,,,,,,
Yavatmal,2012,Zari Jamani,Total,1208,1208,1220,1247,1311,1381,1288,1414,
Yavatmal,2012,Vani,Rural,2187,2187,2369,2182,2508,2529,2816,2325,
Yavatmal,2012,Vani,Urban,,,,,,,,,
Yavatmal,2012,Vani,Total,7463,8891,3730,3897,3007,3772,4090,2720,
Yavatmal,2013,Ner,Rural,1375,1372,1326,1343,660,1640,1657,1435,
Yavatmal,2013,Ner,Urban,,,,,,,,,
Yavatmal,2013,Ner,Total,1688,1685,1667,2007,938,1900,1953,1824,
Yavatmal,2013,Babhulgaon,Rural,1333,1329,1303,1296,1385,1488,1717,1468,
Yavatmal,2013,Babhulgaon,Urban,,,,,,,,,
Yavatmal,2013,Babhulgaon,Total,1333,1329,1303,1296,1385,1488,1717,1468,
Yavatmal,2013,Kalamb,Rural,1661,1649,1398,1786,1192,1524,1261,1599,
Yavatmal,2013,Kalamb,Urban,,,,,,,,,
Yavatmal,2013,Kalamb,Total,1661,1649,1398,1786,1192,1524,1261,1599,
Yavatmal,2013,Yavatmal,Rural,3700,3679,3480,3581,3381,4125,4125,4000,
Yavatmal,2013,Yavatmal,Urban,,,,,,,,,
Yavatmal,2013,Yavatmal,Total,6765,6744,11486,8793,3691,6574,7312,6680,
Yavatmal,2013,Darvha,Rural,2516,2518,2286,2370,2153,3000,2862,2725,
Yavatmal,2013,Darvha,Urban,,,,,,,,,
Yavatmal,2013,Darvha,Total,3064,3066,3094,3589,2775,3795,3946,3331,
Yavatmal,2013,Digras,Rural,1554,1544,1466,1535,1353,1472,1378,1715,
Yavatmal,2013,Digras,Urban,,,,,,,,,
Yavatmal,2013,Digras,Total,2480,2470,2786,3151,1767,2289,2051,2388,
Yavatmal,2013,Pusad,Rural,5601,5620,5269,5520,4063,5649,5406,5615,
Yavatmal,2013,Pusad,Urban,,,,,,,,,
Yavatmal,2013,Pusad,Total,6760,6679,7115,7620,4659,6597,6120,7380,
Yavatmal,2013,Umarkhed,Rural,3854,3848,3316,4371,2733,4784,4599,4461,
Yavatmal,2013,Umarkhed,Urban,,,,,,,,,
Yavatmal,2013,Umarkhed,Total,4909,4903,4566,6396,3599,5705,5609,5349,
Yavatmal,2013,Mahagaon,Rural,3494,3443,3080,3522,2643,3034,2688,3769,
Yavatmal,2013,Mahagaon,Urban,,,,,,,,,
Yavatmal,2013,Mahagaon,Total,3494,3443,3080,3522,2643,3034,2688,3769,
Yavatmal,2013,Aarni,Rural,2734,2706,2480,2658,2076,2886,2731,2717,
Yavatmal,2013,Aarni,Urban,,,,,,,,,
Yavatmal,2013,Aarni,Total,3074,3046,2982,3637,2123,2989,2872,3248,
Yavatmal,2013,Ghantaji,Rural,2149,2153,1868,2088,1868,2282,2233,2215,
Yavatmal,2013,Ghantaji,Urban,,,,,,,,,
Yavatmal,2013,Ghantaji,Total,2444,2448,2203,2680,1966,2383,2301,2345,
Yavatmal,2013,Kelapur,Rural,2163,2187,2195,2243,1791,2401,2462,2328,
Yavatmal,2013,Kelapur,Urban,,,,,,,,,
Yavatmal,2013,Kelapur,Total,2911,2935,2839,3044,2184,2736,2699,2598,
Yavatmal,2013,Ralegaon,Rural,1748,1741,1447,1756,1343,1938,2077,175,
Yavatmal,2013,Ralegaon,Urban,,,,,,,,,
Yavatmal,2013,Ralegaon,Total,1748,1741,1447,1756,1343,1938,2077,175,
Yavatmal,2013,Maregaon,Rural,1012,1010,962,943,786,991,923,956,
Yavatmal,2013,Maregaon,Urban,,,,,,,,,
Yavatmal,2013,Maregaon,Total,1012,1010,962,943,786,991,923,956,
Yavatmal,2013,Zari Jamani,Rural,1196,1284,1196,1269,1042,1535,1641,1339,
Yavatmal,2013,Zari Jamani,Urban,,,,,,,,,
Yavatmal,2013,Zari Jamani,Total,1196,1284,1196,1269,1042,1535,1641,1339,
Yavatmal,2013,Vani,Rural,2023,2027,1852,2149,1697,2514,2591,2122,
Yavatmal,2013,Vani,Urban,,,,,,,,,
Yavatmal,2013,Vani,Total,2995,2999,3116,4248,2288,4034,4639,2820,
Yavatmal,2014,Ner,Rural,1359,1359,548,1381,1253,1474,1541,430,
Yavatmal,2014,Ner,Urban,,,,,,,,,
Yavatmal,2014,Ner,Total,1887,1887,1020,1699,1748,2008,1922,893,
Yavatmal,2014,Babhulgaon,Rural,1312,1312,895,1281,1237,1339,1551,1359,
Yavatmal,2014,Babhulgaon,Urban,,,,,,,,,
Yavatmal,2014,Babhulgaon,Total,1312,1312,895,1281,1237,1339,1551,1359,
Yavatmal,2014,Kalamb,Rural,1514,1514,936,1602,1248,1350,1618,1443,
Yavatmal,2014,Kalamb,Urban,,,,,,,,,
Yavatmal,2014,Kalamb,Total,1514,1514,936,1602,1248,1350,1618,1443,
Yavatmal,2014,Yavatmal,Rural,3723,3723,2609,3729,3744,4257,4234,4141,
Yavatmal,2014,Yavatmal,Urban,,,,,,,,,
Yavatmal,2014,Yavatmal,Total,6323,6323,10741,5723,6141,6428,5547,11821,
Yavatmal,2014,Darvha,Rural,2739,2739,1867,2529,2848,2750,2917,2361,
Yavatmal,2014,Darvha,Urban,,,,,,,,,
Yavatmal,2014,Darvha,Total,3385,3385,2774,3027,3663,3342,3535,2929,
Yavatmal,2014,Digras,Rural,1434,1434,1219,1326,1146,1332,1305,1356,
Yavatmal,2014,Digras,Urban,,,,,,,,,
Yavatmal,2014,Digras,Total,2451,2451,2660,2149,1622,1877,1878,1984,
Yavatmal,2014,Pusad,Rural,4896,4896,1919,4824,4998,5003,5798,2510,
Yavatmal,2014,Pusad,Urban,,,,,,,,,
Yavatmal,2014,Pusad,Total,6206,6206,3643,5758,5840,5938,6202,3741,
Yavatmal,2014,Umarkhed,Rural,3530,3530,2894,3724,3396,3794,3596,2306,
Yavatmal,2014,Umarkhed,Urban,,,,,,,,,
Yavatmal,2014,Umarkhed,Total,4638,4638,4122,4283,3964,4755,4433,3182,
Yavatmal,2014,Mahagaon,Rural,3227,3227,2429,2894,2867,3183,2871,2339,
Yavatmal,2014,Mahagaon,Urban,,,,,,,,,
Yavatmal,2014,Mahagaon,Total,3227,3227,2429,2894,2867,3183,2871,2339,
Yavatmal,2014,Aarni,Rural,2745,2745,624,2399,2255,2316,2512,1968,
Yavatmal,2014,Aarni,Urban,,,,,,,,,
Yavatmal,2014,Aarni,Total,3214,3214,1142,2764,2341,2471,2762,2575,
Yavatmal,2014,Ghantaji,Rural,1980,1980,1157,2066,2199,2205,2345,1689,
Yavatmal,2014,Ghantaji,Urban,,,,,,,,,
Yavatmal,2014,Ghantaji,Total,2295,2295,1379,2303,2420,2497,2613,1946,
Yavatmal,2014,Kelapur,Rural,1988,1988,855,2028,1822,1865,2180,1260,
Yavatmal,2014,Kelapur,Urban,,,,,,,,,
Yavatmal,2014,Kelapur,Total,2617,2617,1770,2574,2473,2341,2618,1714,
Yavatmal,2014,Ralegaon,Rural,1769,1769,1598,1646,1735,1910,1982,1309,
Yavatmal,2014,Ralegaon,Urban,,,,,,,,,
Yavatmal,2014,Ralegaon,Total,1769,1769,1598,1646,1735,1910,1982,1309,
Yavatmal,2014,Maregaon,Rural,946,946,627,947,971,1016,1025,785,
Yavatmal,2014,Maregaon,Urban,,,,,,,,,
Yavatmal,2014,Maregaon,Total,946,946,627,947,971,1016,1025,785,
Yavatmal,2014,Zari Jamani,Rural,1162,1162,660,1156,1395,1307,1378,952,
Yavatmal,2014,Zari Jamani,Urban,,,,,,,,,
Yavatmal,2014,Zari Jamani,Total,1162,1162,660,1156,1395,1307,1378,952,
Yavatmal,2014,Vani,Rural,2007,2007,1889,2028,2117,2476,2438,1935,
Yavatmal,2014,Vani,Urban,,,,,,,,,
Yavatmal,2014,Vani,Total,3076,3076,3046,2765,2906,3309,3084,2983,
Yavatmal,2015,Ner,Rural,1065,1261,1264,1320,1394,1429,1551,1390,
Yavatmal,2015,Ner,Urban,,,,,,,,,
Yavatmal,2015,Ner,Total,1499,1633,1661,1756,1541,1823,2017,1801,
Yavatmal,2015,Babhulgaon,Rural,1020,1272,1165,1247,1201,1219,1650,1321,
Yavatmal,2015,Babhulgaon,Urban,,,,,,,,,
Yavatmal,2015,Babhulgaon,Total,1020,1272,1165,1247,1201,1219,1650,1321,
Yavatmal,2015,Kalamb,Rural,1125,1383,1235,1457,1955,1485,1912,1522,
Yavatmal,2015,Kalamb,Urban,,,,,,,,,
Yavatmal,2015,Kalamb,Total,1125,1383,1235,1457,1955,1485,1912,1522,
Yavatmal,2015,Yavatmal,Rural,3267,3642,3250,3755,3895,3832,3886,3941,
Yavatmal,2015,Yavatmal,Urban,,,,,,,,,
Yavatmal,2015,Yavatmal,Total,5130,15403,12187,8619,6003,6060,6188,11385,
Yavatmal,2015,Darvha,Rural,2076,2346,1944,2485,2449,2460,2455,2418,
Yavatmal,2015,Darvha,Urban,,,,,,,,,
Yavatmal,2015,Darvha,Total,2732,3334,2943,3106,2831,3140,2995,2930,
Yavatmal,2015,Digras,Rural,1153,1289,1195,1399,1216,1343,1328,1583,
Yavatmal,2015,Digras,Urban,,,,,,,,,
Yavatmal,2015,Digras,Total,2040,3112,2901,2188,1600,1627,1753,2208,
Yavatmal,2015,Pusad,Rural,3862,4054,1818,4614,4850,4648,4563,5077,
Yavatmal,2015,Pusad,Urban,,,,,,,,,
Yavatmal,2015,Pusad,Total,5195,6432,4060,5999,6360,5834,5920,6719,
Yavatmal,2015,Umarkhed,Rural,3047,3326,3398,3481,3540,3713,3881,3864,
Yavatmal,2015,Umarkhed,Urban,,,,,,,,,
Yavatmal,2015,Umarkhed,Total,3858,4596,4669,4383,4140,4652,4793,4670,
Yavatmal,2015,Mahagaon,Rural,2484,2633,1649,3132,2320,2651,2531,3363,
Yavatmal,2015,Mahagaon,Urban,,,,,,,,,
Yavatmal,2015,Mahagaon,Total,2484,2633,1649,3132,2320,2651,2531,3363,
Yavatmal,2015,Aarni,Rural,2005,2121,577,2387,2622,2635,2718,2437,
Yavatmal,2015,Aarni,Urban,,,,,,,,,
Yavatmal,2015,Aarni,Total,2474,2590,1095,2752,2708,2790,2968,3044,
Yavatmal,2015,Ghantaji,Rural,1419,1746,1208,1841,1961,2052,2080,1957,
Yavatmal,2015,Ghantaji,Urban,,,,,,,,,
Yavatmal,2015,Ghantaji,Total,1702,1968,1425,2112,2143,2219,2295,2175,
Yavatmal,2015,Kelapur,Rural,1634,1895,1201,1957,1983,2298,2437,2034,
Yavatmal,2015,Kelapur,Urban,,,,,,,,,
Yavatmal,2015,Kelapur,Total,2188,2670,2033,2604,2475,2645,2787,2446,
Yavatmal,2015,Ralegaon,Rural,1313,1491,1330,1544,1808,1808,2031,1694,
Yavatmal,2015,Ralegaon,Urban,,,,,,,,,
Yavatmal,2015,Ralegaon,Total,1313,1491,1330,1544,1808,1808,2031,1694,
Yavatmal,2015,Maregaon,Rural,714,949,873,1022,1114,1244,1310,975,
Yavatmal,2015,Maregaon,Urban,,,,,,,,,
Yavatmal,2015,Maregaon,Total,714,949,873,1022,1114,1244,1310,975,
Yavatmal,2015,Zari Jamani,Rural,849,1027,457,1115,1202,1287,1374,1141,
Yavatmal,2015,Zari Jamani,Urban,,,,,,,,,
Yavatmal,2015,Zari Jamani,Total,849,1027,457,1115,1202,1287,1374,1141,
Yavatmal,2015,Vani,Rural,1603,1902,1366,2008,2286,2529,2490,2138,
Yavatmal,2015,Vani,Urban,,,,,,,,,
Yavatmal,2015,Vani,Total,2203,3101,2283,2896,3128,3774,3415,3317,
Yavatmal,2016,Ner,Rural,0,1071,1006,1104,1314,1529,1340,1124,
Yavatmal,2016,Ner,Urban,,,,,,,,,
Yavatmal,2016,Ner,Total,0,1443,1403,1540,1461,1923,1806,1362,
Yavatmal,2016,Babhulgaon,Rural,0,1221,1116,1185,1222,1448,1605,1360,
Yavatmal,2016,Babhulgaon,Urban,,,,,,,,,
Yavatmal,2016,Babhulgaon,Total,0,1221,1116,1185,1222,1448,1605,1360,
Yavatmal,2016,Kalamb,Rural,0,1278,1171,1253,1449,1529,1622,1442,
Yavatmal,2016,Kalamb,Urban,,,,,,,,,
Yavatmal,2016,Kalamb,Total,0,1278,1171,1253,1449,18529,1622,1442,
Yavatmal,2016,Yavatmal,Rural,0,3886,3452,3771,4417,5063,4519,4114,
Yavatmal,2016,Yavatmal,Urban,,,,,,,,,
Yavatmal,2016,Yavatmal,Total,0,13269,12405,6142,6881,7724,7136,7349,
Yavatmal,2016,Darvha,Rural,0,2312,1843,2383,2649,3022,3121,2417,
Yavatmal,2016,Darvha,Urban,,,,,,,,,
Yavatmal,2016,Darvha,Total,0,3300,2842,3004,3031,3702,3661,2637,
Yavatmal,2016,Digras,Rural,0,1482,1327,1366,1232,1499,1421,1521,
Yavatmal,2016,Digras,Urban,,,,,,,,,
Yavatmal,2016,Digras,Total,0,3305,3033,2155,1616,1783,1846,2149,
Yavatmal,2016,Pusad,Rural,2,4125,2086,4289,4363,4393,4585,5069,
Yavatmal,2016,Pusad,Urban,,,,,,,,,
Yavatmal,2016,Pusad,Total,2,6503,4328,5674,5873,5579,5942,6135,
Yavatmal,2016,Umarkhed,Rural,5,3388,3576,3388,3131,3397,3407,3885,
Yavatmal,2016,Umarkhed,Urban,,,,,,,,,
Yavatmal,2016,Umarkhed,Total,5,4658,4847,4290,3731,4336,4319,4370,
Yavatmal,2016,Mahagaon,Rural,0,2723,2496,2898,2947,3165,3155,3327,
Yavatmal,2016,Mahagaon,Urban,,,,,,,,,
Yavatmal,2016,Mahagaon,Total,0,2723,2496,2898,2947,3165,3155,3327,
Yavatmal,2016,Aarni,Rural,2,1914,1216,2185,2329,2417,2478,2325,
Yavatmal,2016,Aarni,Urban,,,,,,,,,
Yavatmal,2016,Aarni,Total,2,2383,1734,2550,2415,2572,2728,2885,
Yavatmal,2016,Ghantaji,Rural,0,1809,1452,1750,2108,2342,2303,1903,
Yavatmal,2016,Ghantaji,Urban,,,,,,,,,
Yavatmal,2016,Ghantaji,Total,0,2031,1669,2021,2290,2509,2518,1991,
Yavatmal,2016,Kelapur,Rural,0,1844,1366,1967,2090,2168,2499,1973,
Yavatmal,2016,Kelapur,Urban,,,,,,,,,
Yavatmal,2016,Kelapur,Total,0,2619,2198,2614,2582,2515,2849,2262,
Yavatmal,2016,Ralegaon,Rural,0,1528,1319,1591,1626,1805,1856,1695,
Yavatmal,2016,Ralegaon,Urban,,,,,,,,,
Yavatmal,2016,Ralegaon,Total,0,1528,1319,1591,1626,1805,1856,1695,
Yavatmal,2016,Maregaon,Rural,0,792,482,919,976,1161,1093,859,
Yavatmal,2016,Maregaon,Urban,,,,,,,,,
Yavatmal,2016,Maregaon,Total,0,792,482,919,976,1161,1093,859,
Yavatmal,2016,Zari Jamani,Rural,1,1053,659,1032,1391,1559,1535,1091,
Yavatmal,2016,Zari Jamani,Urban,,,,,,,,,
Yavatmal,2016,Zari Jamani,Total,1,1053,659,1032,1391,1559,1535,1091,
Yavatmal,2016,Vani,Rural,0,2072,1659,1949,2195,2543,2445,2112,
Yavatmal,2016,Vani,Urban,,,,,,,,,
Yavatmal,2016,Vani,Total,0,3271,2576,2837,3037,3788,3370,2898,
Yavatmal,2017,Ner,Rural,0,174,1063,1083,0,1573,1247,1157,
Yavatmal,2017,Ner,Urban,,,,,,,,,
Yavatmal,2017,Ner,Total,0,303,1245,1467,0,1925,1615,1523,
Yavatmal,2017,Babhulgaon,Rural,0,768,1150,1180,0,1444,1287,1237,
Yavatmal,2017,Babhulgaon,Urban,,,,,,,,,
Yavatmal,2017,Babhulgaon,Total,0,935,1317,1261,0,1560,1431,1322,
Yavatmal,2017,Kalamb,Rural,0,614,1342,1283,0,1613,2182,1502,
Yavatmal,2017,Kalamb,Urban,,,,,,,,,
Yavatmal,2017,Kalamb,Total,0,770,1554,1390,0,1624,2191,1616,
Yavatmal,2017,Yavatmal,Rural,0,1570,2604,3702,0,4089,4264,3886,
Yavatmal,2017,Yavatmal,Urban,,,,,,,,,
Yavatmal,2017,Yavatmal,Total,0,20663,7228,8484,0,6673,6826,9238,
Yavatmal,2017,Darvha,Rural,0,388,2018,2377,0,3224,3202,2385,
Yavatmal,2017,Darvha,Urban,,,,,,,,,
Yavatmal,2017,Darvha,Total,0,1519,3228,3128,0,3800,3674,2823,
Yavatmal,2017,Digras,Rural,0,380,1350,1375,0,1259,1248,1515,
Yavatmal,2017,Digras,Urban,,,,,,,,,
Yavatmal,2017,Digras,Total,0,1474,2494,2211,0,1672,1536,2047,
Yavatmal,2017,Pusad,Rural,0,3017,4996,4507,0,4682,4529,4857,
Yavatmal,2017,Pusad,Urban,,,,,,,,,
Yavatmal,2017,Pusad,Total,0,5848,8124,5917,0,5452,5277,5612,
Yavatmal,2017,Umarkhed,Rural,0,1046,3341,3294,0,3258,3325,3795,
Yavatmal,2017,Umarkhed,Urban,,,,,,,,,
Yavatmal,2017,Umarkhed,Total,0,2324,4504,4057,0,3921,3911,4253,
Yavatmal,2017,Mahagaon,Rural,0,1365,3436,3062,0,2244,2122,3379,
Yavatmal,2017,Mahagaon,Urban,,,,,,,,,
Yavatmal,2017,Mahagaon,Total,0,1763,3819,3136,0,2244,2122,3453,
Yavatmal,2017,Aarni,Rural,0,830,2005,2237,0,2241,2387,2383,
Yavatmal,2017,Aarni,Urban,,,,,,,,,
Yavatmal,2017,Aarni,Total,0,1910,3087,2874,0,2744,3150,2836,
Yavatmal,2017,Ghantaji,Rural,0,700,1784,1697,0,2113,2192,1916,
Yavatmal,2017,Ghantaji,Urban,,,,,,,,,
Yavatmal,2017,Ghantaji,Total,0,974,2058,2062,0,2304,2367,2014,
Yavatmal,2017,Kelapur,Rural,0,693,1632,1733,0,2177,2273,1889,
Yavatmal,2017,Kelapur,Urban,,,,,,,,,
Yavatmal,2017,Kelapur,Total,0,1515,2536,2248,0,2454,2530,2134,
Yavatmal,2017,Ralegaon,Rural,0,456,1378,1520,0,1999,1976,1546,
Yavatmal,2017,Ralegaon,Urban,,,,,,,,,
Yavatmal,2017,Ralegaon,Total,0,755,1671,1542,0,2023,2011,1607,
Yavatmal,2017,Maregaon,Rural,0,114,572,794,0,1069,1059,756,
Yavatmal,2017,Maregaon,Urban,,,,,,,,,
Yavatmal,2017,Maregaon,Total,0,892,912,891,0,1069,1059,841,
Yavatmal,2017,Zari Jamani,Rural,0,288,972,1007,0,1451,1401,1110,
Yavatmal,2017,Zari Jamani,Urban,,,,,,,,,
Yavatmal,2017,Zari Jamani,Total,0,410,1100,1028,0,1485,1430,1110,
Yavatmal,2017,Vani,Rural,0,688,1113,1902,0,2205,2085,2021,
Yavatmal,2017,Vani,Urban,,,,,,,,,
Yavatmal,2017,Vani,Total,0,1495,2015,2946,0,3471,3310,2887,
Yavatmal,2018,Ner,Rural,0,188,972,281,1239,152,1152,1136,1064
Yavatmal,2018,Ner,Urban,0,132,355,1537,272,1370,379,442,491
Yavatmal,2018,Ner,Total,0,320,1327,1818,1511,1522,1531,1578,1555
Yavatmal,2018,Babhulgaon,Rural,0,381,809,596,1842,86,1039,1040,992
Yavatmal,2018,Babhulgaon,Urban,0,150,176,751,399,1065,122,107,97
Yavatmal,2018,Babhulgaon,Total,0,531,985,1347,2241,1151,1161,1147,1089
Yavatmal,2018,Kalamb,Rural,0,298,1192,294,1332,114,1527,1409,1295
Yavatmal,2018,Kalamb,Urban,0,119,138,958,0,1319,0,10,8
Yavatmal,2018,Kalamb,Total,0,417,1330,1252,1332,1433,1527,1419,1303
Yavatmal,2018,Yavatmal,Rural,0,788,2089,908,3297,268,3844,3903,3794
Yavatmal,2018,Yavatmal,Urban,0,26702,9785,12851,2581,6114,2314,4856,6222
Yavatmal,2018,Yavatmal,Total,0,27490,11874,13759,5878,6382,6158,8759,10016
Yavatmal,2018,Darvha,Rural,0,275,1920,353,2136,478,2506,2140,2224
Yavatmal,2018,Darvha,Urban,0,1045,1198,2556,365,2318,405,855,830
Yavatmal,2018,Darvha,Total,0,1320,3118,2909,2501,2796,2911,2995,3054
Yavatmal,2018,Digras,Rural,0,330,1167,337,1043,366,1302,1345,1295
Yavatmal,2018,Digras,Urban,0,994,1299,1601,467,1460,379,652,995
Yavatmal,2018,Digras,Total,0,1324,2466,1938,1510,1826,1681,1997,2290
Yavatmal,2018,Pusad,Rural,0,599,3720,495,3953,364,3892,4854,4071
Yavatmal,2018,Pusad,Urban,0,2867,3079,4524,634,4424,565,1409,1481
Yavatmal,2018,Pusad,Total,0,3466,6799,5019,4587,4788,4457,6263,5552
Yavatmal,2018,Umarkhed,Rural,0,455,3014,1007,2888,684,2935,3706,3168
Yavatmal,2018,Umarkhed,Urban,0,1128,1202,2915,382,2867,729,605,757
Yavatmal,2018,Umarkhed,Total,0,1583,4216,3922,3270,3551,3664,4311,3925
Yavatmal,2018,Mahagaon,Rural,0,881,3074,433,2309,504,2380,3167,2904
Yavatmal,2018,Mahagaon,Urban,0,376,308,2165,17,1939,51,86,107
Yavatmal,2018,Mahagaon,Total,0,1257,3382,2598,2326,2443,2431,3253,3011
Yavatmal,2018,Aarni,Rural,0,367,1752,249,1842,70,1991,2263,2153
Yavatmal,2018,Aarni,Urban,0,1060,1057,2109,399,2702,641,534,630
Yavatmal,2018,Aarni,Total,0,1427,2809,2358,2241,2772,2632,2797,2783
Yavatmal,2018,Ghantaji,Rural,0,541,1727,577,1825,104,2012,1788,1791
Yavatmal,2018,Ghantaji,Urban,0,307,272,1637,342,2122,261,248,463
Yavatmal,2018,Ghantaji,Total,0,848,1999,2214,2167,2226,2273,2036,2254
Yavatmal,2018,Kelapur,Rural,0,405,1434,181,2251,186,2920,1982,1958
Yavatmal,2018,Kelapur,Urban,0,766,995,2192,438,3023,413,385,669
Yavatmal,2018,Kelapur,Total,0,1171,2429,2373,2689,3209,3333,2367,2627
Yavatmal,2018,Ralegaon,Rural,0,311,1127,299,1632,150,1947,1633,1542
Yavatmal,2018,Ralegaon,Urban,0,220,207,1209,89,1863,91,32,93
Yavatmal,2018,Ralegaon,Total,0,531,1334,1508,1721,2013,2038,1665,1635
Yavatmal,2018,Maregaon,Rural,0,151,502,186,721,66,911,659,724
Yavatmal,2018,Maregaon,Urban,0,269,268,624,44,960,140,71,126
Yavatmal,2018,Maregaon,Total,0,420,770,810,765,1026,1051,730,850
Yavatmal,2018,Zari Jamani,Rural,0,302,780,298,1152,290,1216,1107,1096
Yavatmal,2018,Zari Jamani,Urban,0,111,111,679,0,1035,0,0,0
Yavatmal,2018,Zari Jamani,Total,0,413,891,977,1152,1325,1216,1107,1096
Yavatmal,2018,Vani,Rural,0,281,568,341,1800,510,2078,1652,1818
Yavatmal,2018,Vani,Urban,0,621,677,2419,663,2350,990,701,825
Yavatmal,2018,Vani,Total,0,902,1245,2760,2463,2860,3068,2353,2643
Yavatmal,2019,Ner,Rural,0,227,674,1055,335,1530,1618,1635,1109
Yavatmal,2019,Ner,Urban,0,154,479,533,135,449,492,762,587
Yavatmal,2019,Ner,Total,0,381,1153,1588,470,1979,2110,2397,1696
Yavatmal,2019,Babhulgaon,Rural,0,673,970,1069,216,1557,1470,1865,1122
Yavatmal,2019,Babhulgaon,Urban,0,156,179,10,1,0,0,7,10
Yavatmal,2019,Babhulgaon,Total,0,829,1149,1079,217,1557,1470,1872,1132
Yavatmal,2019,Kalamb,Rural,0,295,1180,1469,319,1377,1473,2152,1310
Yavatmal,2019,Kalamb,Urban,0,147,147,15,0,0,0,12,18
Yavatmal,2019,Kalamb,Total,0,442,1327,1484,319,1377,1473,2164,1328
Yavatmal,2019,Yavatmal,Rural,0,1994,2738,1544,891,5715,5771,9800,5563
Yavatmal,2019,Yavatmal,Urban,0,16111,8570,6981,1468,790,938,5648,2696
Yavatmal,2019,Yavatmal,Total,0,18105,11308,8525,2359,6505,6709,15448,8259
Yavatmal,2019,Darvha,Rural,0,246,1911,2236,760,2462,2518,3066,2289
Yavatmal,2019,Darvha,Urban,0,979,1004,694,164,487,396,1169,656
Yavatmal,2019,Darvha,Total,0,1225,2915,2930,924,2949,2914,4235,2945
Yavatmal,2019,Digras,Rural,0,421,1242,1348,516,1483,1488,1816,1393
Yavatmal,2019,Digras,Urban,0,1188,1194,898,121,734,563,1161,977
Yavatmal,2019,Digras,Total,0,1609,2436,2246,637,2217,2051,2977,2370
Yavatmal,2019,Pusad,Rural,0,1138,2572,4764,2826,4623,4251,5893,4752
Yavatmal,2019,Pusad,Urban,0,2446,2859,1370,393,1346,1020,1440,1096
Yavatmal,2019,Pusad,Total,0,3584,5431,6134,3219,5969,5271,7333,5848
Yavatmal,2019,Umarkhed,Rural,0,963,3245,3312,1122,4602,3952,4904,3365
Yavatmal,2019,Umarkhed,Urban,0,1120,1175,628,210,359,289,883,547
Yavatmal,2019,Umarkhed,Total,0,2083,4420,3940,1332,4961,4241,5787,3912
Yavatmal,2019,Mahagaon,Rural,0,1028,2866,2747,1298,2432,3137,3299,2970
Yavatmal,2019,Mahagaon,Urban,0,320,324,112,8,60,79,14,90
Yavatmal,2019,Mahagaon,Total,0,1348,3190,2859,1306,2492,3216,3313,3060
Yavatmal,2019,Aarni,Rural,0,292,2016,1970,760,2403,2455,2939,2137
Yavatmal,2019,Aarni,Urban,0,1134,1125,655,174,575,570,726,553
Yavatmal,2019,Aarni,Total,0,1426,3141,2625,934,2978,3025,3665,2690
Yavatmal,2019,Ghantaji,Rural,0,301,1583,1711,569,2536,2428,2560,1710
Yavatmal,2019,Ghantaji,Urban,0,359,341,409,120,194,165,496,429
Yavatmal,2019,Ghantaji,Total,0,660,1924,2120,689,2730,2593,3056,2139
Yavatmal,2019,Kelapur,Rural,0,280,1276,1913,513,3306,3457,2681,1988
Yavatmal,2019,Kelapur,Urban,0,779,788,552,137,525,517,1064,472
Yavatmal,2019,Kelapur,Total,0,1059,2064,2465,650,3831,3974,3745,2460
Yavatmal,2019,Ralegaon,Rural,0,127,1007,1507,342,1984,2045,2427,1640
Yavatmal,2019,Ralegaon,Urban,0,262,262,111,0,118,164,0,121
Yavatmal,2019,Ralegaon,Total,0,389,1269,1618,342,2102,2209,2427,1761
Yavatmal,2019,Maregaon,Rural,0,158,296,648,182,1227,978,932,706
Yavatmal,2019,Maregaon,Urban,0,309,339,132,9,131,136,18,143
Yavatmal,2019,Maregaon,Total,0,467,635,780,191,1358,1114,950,849
Yavatmal,2019,Zari Jamani,Rural,0,187,688,1045,288,2074,1630,1469,1129
Yavatmal,2019,Zari Jamani,Urban,0,136,140,25,0,0,0,0,26
Yavatmal,2019,Zari Jamani,Total,0,323,828,1070,288,2074,1630,1469,1155
Yavatmal,2019,Vani,Rural,0,158,653,2063,593,2706,2652,4027,2027
Yavatmal,2019,Vani,Urban,0,671,776,506,46,497,793,58,564
Yavatmal,2019,Vani,Total,0,829,1429,2569,639,3203,3445,4085,2591
Yavatmal,2020,Ner,Rural,0,218,772,1055,1220,1222,1346,1894,1038
Yavatmal,2020,Ner,Urban,0,170,170,462,298,280,291,428,473
Yavatmal,2020,Ner,Total,0,388,942,1517,1518,1502,1637,2322,1511
Yavatmal,2020,Babhulgaon,Rural,0,596,640,1005,1050,1451,1369,1767,1051
Yavatmal,2020,Babhulgaon,Urban,0,123,123,6,0,0,0,0,10
Yavatmal,2020,Babhulgaon,Total,0,719,763,1011,1050,1451,1369,1767,1061
Yavatmal,2020,Kalamb,Rural,0,225,1118,1284,1261,958,935,1943,1235
Yavatmal,2020,Kalamb,Urban,0,117,117,24,5,0,0,7,13
Yavatmal,2020,Kalamb,Total,0,342,1235,1308,1266,958,935,1950,1248
Yavatmal,2020,Yavatmal,Rural,0,14067,5384,6544,6006,5559,5180,15633,6612
Yavatmal,2020,Yavatmal,Urban,0,7378,7378,512,330,387,403,235,454
Yavatmal,2020,Yavatmal,Total,0,21445,12762,7056,6336,5946,5583,15868,7066
Yavatmal,2020,Darvha,Rural,0,407,1775,2190,2500,2275,2322,3772,2237
Yavatmal,2020,Darvha,Urban,0,785,785,610,283,302,309,600,585
Yavatmal,2020,Darvha,Total,0,1192,2560,2800,2783,2577,2631,4372,2822
Yavatmal,2020,Digras,Rural,0,585,1261,1357,1540,795,835,2112,1379
Yavatmal,2020,Digras,Urban,0,873,873,760,392,357,371,545,819
Yavatmal,2020,Digras,Total,0,1458,2134,2117,1932,1152,1206,2657,2198
Yavatmal,2020,Pusad,Rural,0,2920,4396,4983,5169,3408,3226,6811,4776
Yavatmal,2020,Pusad,Urban,0,2725,2725,955,468,442,387,295,753
Yavatmal,2020,Pusad,Total,0,5645,7121,5938,5637,3850,3613,7106,5529
Yavatmal,2020,Umarkhed,Rural,0,924,2977,3131,3419,2782,2756,5152,3120
Yavatmal,2020,Umarkhed,Urban,0,924,924,547,281,231,231,650,541
Yavatmal,2020,Umarkhed,Total,0,1848,3901,3678,3700,3013,2987,5802,3661
Yavatmal,2020,Mahagaon,Rural,0,859,2831,2773,2701,1792,1782,3709,2922
Yavatmal,2020,Mahagaon,Urban,0,389,389,185,136,170,151,49,200
Yavatmal,2020,Mahagaon,Total,0,1248,3220,2958,2837,1962,1933,3758,3122
Yavatmal,2020,Aarni,Rural,0,378,1434,2089,2227,1716,1786,3124,2198
Yavatmal,2020,Aarni,Urban,0,1110,1110,437,328,469,474,414,472
Yavatmal,2020,Aarni,Total,0,1488,2544,2526,2555,2185,2260,3538,2670
Yavatmal,2020,Ghantaji,Rural,0,842,1521,1619,1717,1530,1608,2691,1576
Yavatmal,2020,Ghantaji,Urban,0,264,264,434,376,208,227,329,456
Yavatmal,2020,Ghantaji,Total,0,1106,1785,2053,2093,1738,1835,3020,2032
Yavatmal,2020,Kelapur,Rural,0,329,1242,1597,1773,2290,2294,3025,1654
Yavatmal,2020,Kelapur,Urban,0,669,669,558,520,595,619,554,585
Yavatmal,2020,Kelapur,Total,0,998,1911,2155,2293,2885,2913,3579,2239
Yavatmal,2020,Ralegaon,Rural,0,882,1044,1442,1446,1577,1575,2491,1577
Yavatmal,2020,Ralegaon,Urban,0,230,230,30,16,81,108,15,19
Yavatmal,2020,Ralegaon,Total,0,1112,1274,1472,1462,1658,1683,2506,1596
Yavatmal,2020,Maregaon,Rural,0,65,507,927,961,848,861,1301,928
Yavatmal,2020,Maregaon,Urban,0,270,270,137,36,5,8,18,95
Yavatmal,2020,Maregaon,Total,0,335,777,1064,997,853,869,1319,1023
Yavatmal,2020,Zari Jamani,Rural,0,170,614,899,913,1065,1117,1273,886
Yavatmal,2020,Zari Jamani,Urban,0,119,119,8,5,5,0,0,16
Yavatmal,2020,Zari Jamani,Total,0,289,733,907,918,1070,1117,1273,902
Yavatmal,2020,Vani,Rural,0,141,519,2101,2154,2160,1893,3687,2003
Yavatmal,2020,Vani,Urban,0,558,558,189,134,143,201,130,254
Yavatmal,2020,Vani,Total,0,699,1077,2290,2288,2303,2094,3817,2257
Yavatmal,2021,Ner,Rural,0,632,1272,1593,0,1626,1607,3000,1613
Yavatmal,2021,Ner,Urban,187,451,481,494,396,165,144,400,460
Yavatmal,2021,Ner,Total,187,1083,1753,2087,396,1791,1751,3400,2073
Yavatmal,2021,Babhulgaon,Rural,0,858,976,990,0,1282,1286,2181,990
Yavatmal,2021,Babhulgaon,Urban,0,154,154,0,81,105,122,85,103
Yavatmal,2021,Babhulgaon,Total,0,1012,1130,990,81,1387,1408,2266,1093
Yavatmal,2021,Kalamb,Rural,0,430,1373,1533,0,938,920,2360,1490
Yavatmal,2021,Kalamb,Urban,0,146,138,8,6,0,0,0,28
Yavatmal,2021,Kalamb,Total,0,576,1511,1541,6,938,920,2360,1518
Yavatmal,2021,Yavatmal,Rural,0,7582,8589,3843,0,3862,3568,6861,3979
Yavatmal,2021,Yavatmal,Urban,144,8542,246,274,2625,184,164,2241,299
Yavatmal,2021,Yavatmal,Total,144,16124,8835,4117,2625,4046,3732,9102,4278
Yavatmal,2021,Darvha,Rural,0,690,2073,2253,0,2377,2573,3508,2329
Yavatmal,2021,Darvha,Urban,293,1498,692,736,614,296,308,765,725
Yavatmal,2021,Darvha,Total,293,2188,2765,2989,614,2673,2881,4273,3054
Yavatmal,2021,Digras,Rural,0,1450,1972,2293,0,1424,1400,3473,2289
Yavatmal,2021,Digras,Urban,422,1562,675,818,696,347,314,848,808
Yavatmal,2021,Digras,Total,422,3012,2647,3111,696,1771,1714,4321,3097
Yavatmal,2021,Pusad,Rural,0,2499,4009,4872,0,4494,4401,5631,4898
Yavatmal,2021,Pusad,Urban,200,3079,316,318,990,253,268,175,321
Yavatmal,2021,Pusad,Total,200,5578,4325,5190,990,4747,4669,5806,5219
Yavatmal,2021,Umarkhed,Rural,0,2097,4462,4037,0,3371,3286,6823,4046
Yavatmal,2021,Umarkhed,Urban,335,1202,686,822,518,237,199,853,788
Yavatmal,2021,Umarkhed,Total,335,3299,5148,4859,518,3608,3485,7676,4834
Yavatmal,2021,Mahagaon,Rural,0,1506,3018,3216,0,2670,2614,4526,3268
Yavatmal,2021,Mahagaon,Urban,38,325,86,103,64,17,23,60,95
Yavatmal,2021,Mahagaon,Total,38,1831,3104,3319,64,2687,2637,4586,3363
Yavatmal,2021,Aarni,Rural,0,1822,3235,2620,0,2603,2654,4353,2698
Yavatmal,2021,Aarni,Urban,395,1088,334,566,484,516,522,531,531
Yavatmal,2021,Aarni,Total,395,2910,3569,3186,484,3119,3176,4884,3229
Yavatmal,2021,Ghantaji,Rural,0,1319,2009,1981,0,2254,2348,3613,2013
Yavatmal,2021,Ghantaji,Urban,318,312,356,387,306,226,220,483,432
Yavatmal,2021,Ghantaji,Total,318,1631,2365,2368,306,2480,2568,4096,2445
Yavatmal,2021,Kelapur,Rural,0,1922,2379,2411,0,3198,3168,4096,2469
Yavatmal,2021,Kelapur,Urban,545,995,995,571,465,547,542,569,535
Yavatmal,2021,Kelapur,Total,545,2917,3374,2982,465,3745,3710,4665,3004
Yavatmal,2021,Ralegaon,Rural,0,712,1230,1565,0,1893,1842,2829,1650
Yavatmal,2021,Ralegaon,Urban,32,264,183,29,17,202,276,0,24
Yavatmal,2021,Ralegaon,Total,32,976,1413,1594,17,2095,2118,2829,1674
Yavatmal,2021,Maregaon,Rural,0,396,815,960,0,1271,1379,1669,973
Yavatmal,2021,Maregaon,Urban,58,321,268,5,100,105,101,19,123
Yavatmal,2021,Maregaon,Total,58,717,1083,965,100,1376,1480,1688,1096
Yavatmal,2021,Zari Jamani,Rural,0,399,936,886,0,950,874,1649,961
Yavatmal,2021,Zari Jamani,Urban,0,198,111,119,0,0,0,0,7
Yavatmal,2021,Zari Jamani,Total,0,597,1047,1005,0,950,874,1649,968
Yavatmal,2021,Vani,Rural,0,912,1251,1972,0,2471,2471,3246,2041
Yavatmal,2021,Vani,Urban,97,677,677,0,616,87,115,525,213
Yavatmal,2021,Vani,Total,97,1589,1928,1972,616,2558,2586,3771,2254
